# Relics-P04; model coordinates in block units; front faces -Z
mtllib mana_hive.mtl
v 0.5463956 0.5092287 0.2621841
v 0.5473045 0.5000000 0.2621841
v 0.5000000 0.5000000 0.2575250
v 0.5437037 0.5181027 0.2621841
v 0.5393323 0.5262810 0.2621841
v 0.5334494 0.5334494 0.2621841
v 0.5262810 0.5393323 0.2621841
v 0.5181027 0.5437037 0.2621841
v 0.5092287 0.5463956 0.2621841
v 0.5000000 0.5473045 0.2621841
v 0.4907713 0.5463956 0.2621841
v 0.4818973 0.5437037 0.2621841
v 0.4737190 0.5393323 0.2621841
v 0.4665506 0.5334494 0.2621841
v 0.4606677 0.5262810 0.2621841
v 0.4562963 0.5181027 0.2621841
v 0.4536044 0.5092287 0.2621841
v 0.4526955 0.5000000 0.2621841
v 0.4536044 0.4907713 0.2621841
v 0.4562963 0.4818973 0.2621841
v 0.4606677 0.4737190 0.2621841
v 0.4665506 0.4665506 0.2621841
v 0.4737190 0.4606677 0.2621841
v 0.4818973 0.4562963 0.2621841
v 0.4907713 0.4536044 0.2621841
v 0.5000000 0.4526955 0.2621841
v 0.5092287 0.4536044 0.2621841
v 0.5181027 0.4562963 0.2621841
v 0.5262810 0.4606677 0.2621841
v 0.5334494 0.4665506 0.2621841
v 0.5393323 0.4737190 0.2621841
v 0.5437037 0.4818973 0.2621841
v 0.5463956 0.4907713 0.2621841
v 0.5910082 0.5181027 0.2759823
v 0.5927912 0.5000000 0.2759823
v 0.5857279 0.5355096 0.2759823
v 0.5771530 0.5515520 0.2759823
v 0.5656133 0.5656133 0.2759823
v 0.5515520 0.5771530 0.2759823
v 0.5355096 0.5857279 0.2759823
v 0.5181027 0.5910082 0.2759823
v 0.5000000 0.5927912 0.2759823
v 0.4818973 0.5910082 0.2759823
v 0.4644904 0.5857279 0.2759823
v 0.4484480 0.5771530 0.2759823
v 0.4343867 0.5656133 0.2759823
v 0.4228470 0.5515520 0.2759823
v 0.4142721 0.5355096 0.2759823
v 0.4089918 0.5181027 0.2759823
v 0.4072088 0.5000000 0.2759823
v 0.4089918 0.4818973 0.2759823
v 0.4142721 0.4644904 0.2759823
v 0.4228470 0.4484480 0.2759823
v 0.4343867 0.4343867 0.2759823
v 0.4484480 0.4228470 0.2759823
v 0.4644904 0.4142721 0.2759823
v 0.4818973 0.4089918 0.2759823
v 0.5000000 0.4072088 0.2759823
v 0.5181027 0.4089918 0.2759823
v 0.5355096 0.4142721 0.2759823
v 0.5515520 0.4228470 0.2759823
v 0.5656133 0.4343867 0.2759823
v 0.5771530 0.4484480 0.2759823
v 0.5857279 0.4644904 0.2759823
v 0.5910082 0.4818973 0.2759823
v 0.6321234 0.5262810 0.2983894
v 0.6347119 0.5000000 0.2983894
v 0.6244576 0.5515520 0.2983894
v 0.6120088 0.5748419 0.2983894
v 0.5952557 0.5952557 0.2983894
v 0.5748419 0.6120088 0.2983894
v 0.5515520 0.6244576 0.2983894
v 0.5262810 0.6321234 0.2983894
v 0.5000000 0.6347119 0.2983894
v 0.4737190 0.6321234 0.2983894
v 0.4484480 0.6244576 0.2983894
v 0.4251581 0.6120088 0.2983894
v 0.4047443 0.5952557 0.2983894
v 0.3879912 0.5748419 0.2983894
v 0.3755424 0.5515520 0.2983894
v 0.3678766 0.5262810 0.2983894
v 0.3652881 0.5000000 0.2983894
v 0.3678766 0.4737190 0.2983894
v 0.3755424 0.4484480 0.2983894
v 0.3879912 0.4251581 0.2983894
v 0.4047443 0.4047443 0.2983894
v 0.4251581 0.3879912 0.2983894
v 0.4484480 0.3755424 0.2983894
v 0.4737190 0.3678766 0.2983894
v 0.5000000 0.3652881 0.2983894
v 0.5262810 0.3678766 0.2983894
v 0.5515520 0.3755424 0.2983894
v 0.5748419 0.3879912 0.2983894
v 0.5952557 0.4047443 0.2983894
v 0.6120088 0.4251581 0.2983894
v 0.6244576 0.4484480 0.2983894
v 0.6321234 0.4737190 0.2983894
v 0.6681612 0.5334494 0.3285443
v 0.6714557 0.5000000 0.3285443
v 0.6584044 0.5656133 0.3285443
v 0.6425602 0.5952557 0.3285443
v 0.6212375 0.6212375 0.3285443
v 0.5952557 0.6425602 0.3285443
v 0.5656133 0.6584044 0.3285443
v 0.5334494 0.6681612 0.3285443
v 0.5000000 0.6714557 0.3285443
v 0.4665506 0.6681612 0.3285443
v 0.4343867 0.6584044 0.3285443
v 0.4047443 0.6425602 0.3285443
v 0.3787625 0.6212375 0.3285443
v 0.3574398 0.5952557 0.3285443
v 0.3415956 0.5656133 0.3285443
v 0.3318388 0.5334494 0.3285443
v 0.3285443 0.5000000 0.3285443
v 0.3318388 0.4665506 0.3285443
v 0.3415956 0.4343867 0.3285443
v 0.3574398 0.4047443 0.3285443
v 0.3787625 0.3787625 0.3285443
v 0.4047443 0.3574398 0.3285443
v 0.4343867 0.3415956 0.3285443
v 0.4665506 0.3318388 0.3285443
v 0.5000000 0.3285443 0.3285443
v 0.5334494 0.3318388 0.3285443
v 0.5656133 0.3415956 0.3285443
v 0.5952557 0.3574398 0.3285443
v 0.6212375 0.3787625 0.3285443
v 0.6425602 0.4047443 0.3285443
v 0.6584044 0.4343867 0.3285443
v 0.6681612 0.4665506 0.3285443
v 0.6977367 0.5393323 0.3652881
v 0.7016106 0.5000000 0.3652881
v 0.6862639 0.5771530 0.3652881
v 0.6676331 0.6120088 0.3652881
v 0.6425602 0.6425602 0.3652881
v 0.6120088 0.6676331 0.3652881
v 0.5771530 0.6862639 0.3652881
v 0.5393323 0.6977367 0.3652881
v 0.5000000 0.7016106 0.3652881
v 0.4606677 0.6977367 0.3652881
v 0.4228470 0.6862639 0.3652881
v 0.3879912 0.6676331 0.3652881
v 0.3574398 0.6425602 0.3652881
v 0.3323669 0.6120088 0.3652881
v 0.3137361 0.5771530 0.3652881
v 0.3022633 0.5393323 0.3652881
v 0.2983894 0.5000000 0.3652881
v 0.3022633 0.4606677 0.3652881
v 0.3137361 0.4228470 0.3652881
v 0.3323669 0.3879912 0.3652881
v 0.3574398 0.3574398 0.3652881
v 0.3879912 0.3323669 0.3652881
v 0.4228470 0.3137361 0.3652881
v 0.4606677 0.3022633 0.3652881
v 0.5000000 0.2983894 0.3652881
v 0.5393323 0.3022633 0.3652881
v 0.5771530 0.3137361 0.3652881
v 0.6120088 0.3323669 0.3652881
v 0.6425602 0.3574398 0.3652881
v 0.6676331 0.3879912 0.3652881
v 0.6862639 0.4228470 0.3652881
v 0.6977367 0.4606677 0.3652881
v 0.7197133 0.5437037 0.4072088
v 0.7240177 0.5000000 0.4072088
v 0.7069654 0.5857279 0.4072088
v 0.6862639 0.6244576 0.4072088
v 0.6584044 0.6584044 0.4072088
v 0.6244576 0.6862639 0.4072088
v 0.5857279 0.7069654 0.4072088
v 0.5437037 0.7197133 0.4072088
v 0.5000000 0.7240177 0.4072088
v 0.4562963 0.7197133 0.4072088
v 0.4142721 0.7069654 0.4072088
v 0.3755424 0.6862639 0.4072088
v 0.3415956 0.6584044 0.4072088
v 0.3137361 0.6244576 0.4072088
v 0.2930346 0.5857279 0.4072088
v 0.2802867 0.5437037 0.4072088
v 0.2759823 0.5000000 0.4072088
v 0.2802867 0.4562963 0.4072088
v 0.2930346 0.4142721 0.4072088
v 0.3137361 0.3755424 0.4072088
v 0.3415956 0.3415956 0.4072088
v 0.3755424 0.3137361 0.4072088
v 0.4142721 0.2930346 0.4072088
v 0.4562963 0.2802867 0.4072088
v 0.5000000 0.2759823 0.4072088
v 0.5437037 0.2802867 0.4072088
v 0.5857279 0.2930346 0.4072088
v 0.6244576 0.3137361 0.4072088
v 0.6584044 0.3415956 0.4072088
v 0.6862639 0.3755424 0.4072088
v 0.7069654 0.4142721 0.4072088
v 0.7197133 0.4562963 0.4072088
v 0.7332463 0.5463956 0.4526955
v 0.7378159 0.5000000 0.4526955
v 0.7197133 0.5910082 0.4526955
v 0.6977367 0.6321234 0.4526955
v 0.6681612 0.6681612 0.4526955
v 0.6321234 0.6977367 0.4526955
v 0.5910082 0.7197133 0.4526955
v 0.5463956 0.7332463 0.4526955
v 0.5000000 0.7378159 0.4526955
v 0.4536044 0.7332463 0.4526955
v 0.4089918 0.7197133 0.4526955
v 0.3678766 0.6977367 0.4526955
v 0.3318388 0.6681612 0.4526955
v 0.3022633 0.6321234 0.4526955
v 0.2802867 0.5910082 0.4526955
v 0.2667537 0.5463956 0.4526955
v 0.2621841 0.5000000 0.4526955
v 0.2667537 0.4536044 0.4526955
v 0.2802867 0.4089918 0.4526955
v 0.3022633 0.3678766 0.4526955
v 0.3318388 0.3318388 0.4526955
v 0.3678766 0.3022633 0.4526955
v 0.4089918 0.2802867 0.4526955
v 0.4536044 0.2667537 0.4526955
v 0.5000000 0.2621841 0.4526955
v 0.5463956 0.2667537 0.4526955
v 0.5910082 0.2802867 0.4526955
v 0.6321234 0.3022633 0.4526955
v 0.6681612 0.3318388 0.4526955
v 0.6977367 0.3678766 0.4526955
v 0.7197133 0.4089918 0.4526955
v 0.7332463 0.4536044 0.4526955
v 0.7378159 0.5473045 0.5000000
v 0.7424750 0.5000000 0.5000000
v 0.7240177 0.5927912 0.5000000
v 0.7016106 0.6347119 0.5000000
v 0.6714557 0.6714557 0.5000000
v 0.6347119 0.7016106 0.5000000
v 0.5927912 0.7240177 0.5000000
v 0.5473045 0.7378159 0.5000000
v 0.5000000 0.7424750 0.5000000
v 0.4526955 0.7378159 0.5000000
v 0.4072088 0.7240177 0.5000000
v 0.3652881 0.7016106 0.5000000
v 0.3285443 0.6714557 0.5000000
v 0.2983894 0.6347119 0.5000000
v 0.2759823 0.5927912 0.5000000
v 0.2621841 0.5473045 0.5000000
v 0.2575250 0.5000000 0.5000000
v 0.2621841 0.4526955 0.5000000
v 0.2759823 0.4072088 0.5000000
v 0.2983894 0.3652881 0.5000000
v 0.3285443 0.3285443 0.5000000
v 0.3652881 0.2983894 0.5000000
v 0.4072088 0.2759823 0.5000000
v 0.4526955 0.2621841 0.5000000
v 0.5000000 0.2575250 0.5000000
v 0.5473045 0.2621841 0.5000000
v 0.5927912 0.2759823 0.5000000
v 0.6347119 0.2983894 0.5000000
v 0.6714557 0.3285443 0.5000000
v 0.7016106 0.3652881 0.5000000
v 0.7240177 0.4072088 0.5000000
v 0.7378159 0.4526955 0.5000000
v 0.7332463 0.5463956 0.5473045
v 0.7378159 0.5000000 0.5473045
v 0.7197133 0.5910082 0.5473045
v 0.6977367 0.6321234 0.5473045
v 0.6681612 0.6681612 0.5473045
v 0.6321234 0.6977367 0.5473045
v 0.5910082 0.7197133 0.5473045
v 0.5463956 0.7332463 0.5473045
v 0.5000000 0.7378159 0.5473045
v 0.4536044 0.7332463 0.5473045
v 0.4089918 0.7197133 0.5473045
v 0.3678766 0.6977367 0.5473045
v 0.3318388 0.6681612 0.5473045
v 0.3022633 0.6321234 0.5473045
v 0.2802867 0.5910082 0.5473045
v 0.2667537 0.5463956 0.5473045
v 0.2621841 0.5000000 0.5473045
v 0.2667537 0.4536044 0.5473045
v 0.2802867 0.4089918 0.5473045
v 0.3022633 0.3678766 0.5473045
v 0.3318388 0.3318388 0.5473045
v 0.3678766 0.3022633 0.5473045
v 0.4089918 0.2802867 0.5473045
v 0.4536044 0.2667537 0.5473045
v 0.5000000 0.2621841 0.5473045
v 0.5463956 0.2667537 0.5473045
v 0.5910082 0.2802867 0.5473045
v 0.6321234 0.3022633 0.5473045
v 0.6681612 0.3318388 0.5473045
v 0.6977367 0.3678766 0.5473045
v 0.7197133 0.4089918 0.5473045
v 0.7332463 0.4536044 0.5473045
v 0.7197133 0.5437037 0.5927912
v 0.7240177 0.5000000 0.5927912
v 0.7069654 0.5857279 0.5927912
v 0.6862639 0.6244576 0.5927912
v 0.6584044 0.6584044 0.5927912
v 0.6244576 0.6862639 0.5927912
v 0.5857279 0.7069654 0.5927912
v 0.5437037 0.7197133 0.5927912
v 0.5000000 0.7240177 0.5927912
v 0.4562963 0.7197133 0.5927912
v 0.4142721 0.7069654 0.5927912
v 0.3755424 0.6862639 0.5927912
v 0.3415956 0.6584044 0.5927912
v 0.3137361 0.6244576 0.5927912
v 0.2930346 0.5857279 0.5927912
v 0.2802867 0.5437037 0.5927912
v 0.2759823 0.5000000 0.5927912
v 0.2802867 0.4562963 0.5927912
v 0.2930346 0.4142721 0.5927912
v 0.3137361 0.3755424 0.5927912
v 0.3415956 0.3415956 0.5927912
v 0.3755424 0.3137361 0.5927912
v 0.4142721 0.2930346 0.5927912
v 0.4562963 0.2802867 0.5927912
v 0.5000000 0.2759823 0.5927912
v 0.5437037 0.2802867 0.5927912
v 0.5857279 0.2930346 0.5927912
v 0.6244576 0.3137361 0.5927912
v 0.6584044 0.3415956 0.5927912
v 0.6862639 0.3755424 0.5927912
v 0.7069654 0.4142721 0.5927912
v 0.7197133 0.4562963 0.5927912
v 0.6977367 0.5393323 0.6347119
v 0.7016106 0.5000000 0.6347119
v 0.6862639 0.5771530 0.6347119
v 0.6676331 0.6120088 0.6347119
v 0.6425602 0.6425602 0.6347119
v 0.6120088 0.6676331 0.6347119
v 0.5771530 0.6862639 0.6347119
v 0.5393323 0.6977367 0.6347119
v 0.5000000 0.7016106 0.6347119
v 0.4606677 0.6977367 0.6347119
v 0.4228470 0.6862639 0.6347119
v 0.3879912 0.6676331 0.6347119
v 0.3574398 0.6425602 0.6347119
v 0.3323669 0.6120088 0.6347119
v 0.3137361 0.5771530 0.6347119
v 0.3022633 0.5393323 0.6347119
v 0.2983894 0.5000000 0.6347119
v 0.3022633 0.4606677 0.6347119
v 0.3137361 0.4228470 0.6347119
v 0.3323669 0.3879912 0.6347119
v 0.3574398 0.3574398 0.6347119
v 0.3879912 0.3323669 0.6347119
v 0.4228470 0.3137361 0.6347119
v 0.4606677 0.3022633 0.6347119
v 0.5000000 0.2983894 0.6347119
v 0.5393323 0.3022633 0.6347119
v 0.5771530 0.3137361 0.6347119
v 0.6120088 0.3323669 0.6347119
v 0.6425602 0.3574398 0.6347119
v 0.6676331 0.3879912 0.6347119
v 0.6862639 0.4228470 0.6347119
v 0.6977367 0.4606677 0.6347119
v 0.6681612 0.5334494 0.6714557
v 0.6714557 0.5000000 0.6714557
v 0.6584044 0.5656133 0.6714557
v 0.6425602 0.5952557 0.6714557
v 0.6212375 0.6212375 0.6714557
v 0.5952557 0.6425602 0.6714557
v 0.5656133 0.6584044 0.6714557
v 0.5334494 0.6681612 0.6714557
v 0.5000000 0.6714557 0.6714557
v 0.4665506 0.6681612 0.6714557
v 0.4343867 0.6584044 0.6714557
v 0.4047443 0.6425602 0.6714557
v 0.3787625 0.6212375 0.6714557
v 0.3574398 0.5952557 0.6714557
v 0.3415956 0.5656133 0.6714557
v 0.3318388 0.5334494 0.6714557
v 0.3285443 0.5000000 0.6714557
v 0.3318388 0.4665506 0.6714557
v 0.3415956 0.4343867 0.6714557
v 0.3574398 0.4047443 0.6714557
v 0.3787625 0.3787625 0.6714557
v 0.4047443 0.3574398 0.6714557
v 0.4343867 0.3415956 0.6714557
v 0.4665506 0.3318388 0.6714557
v 0.5000000 0.3285443 0.6714557
v 0.5334494 0.3318388 0.6714557
v 0.5656133 0.3415956 0.6714557
v 0.5952557 0.3574398 0.6714557
v 0.6212375 0.3787625 0.6714557
v 0.6425602 0.4047443 0.6714557
v 0.6584044 0.4343867 0.6714557
v 0.6681612 0.4665506 0.6714557
v 0.6321234 0.5262810 0.7016106
v 0.6347119 0.5000000 0.7016106
v 0.6244576 0.5515520 0.7016106
v 0.6120088 0.5748419 0.7016106
v 0.5952557 0.5952557 0.7016106
v 0.5748419 0.6120088 0.7016106
v 0.5515520 0.6244576 0.7016106
v 0.5262810 0.6321234 0.7016106
v 0.5000000 0.6347119 0.7016106
v 0.4737190 0.6321234 0.7016106
v 0.4484480 0.6244576 0.7016106
v 0.4251581 0.6120088 0.7016106
v 0.4047443 0.5952557 0.7016106
v 0.3879912 0.5748419 0.7016106
v 0.3755424 0.5515520 0.7016106
v 0.3678766 0.5262810 0.7016106
v 0.3652881 0.5000000 0.7016106
v 0.3678766 0.4737190 0.7016106
v 0.3755424 0.4484480 0.7016106
v 0.3879912 0.4251581 0.7016106
v 0.4047443 0.4047443 0.7016106
v 0.4251581 0.3879912 0.7016106
v 0.4484480 0.3755424 0.7016106
v 0.4737190 0.3678766 0.7016106
v 0.5000000 0.3652881 0.7016106
v 0.5262810 0.3678766 0.7016106
v 0.5515520 0.3755424 0.7016106
v 0.5748419 0.3879912 0.7016106
v 0.5952557 0.4047443 0.7016106
v 0.6120088 0.4251581 0.7016106
v 0.6244576 0.4484480 0.7016106
v 0.6321234 0.4737190 0.7016106
v 0.5910082 0.5181027 0.7240177
v 0.5927912 0.5000000 0.7240177
v 0.5857279 0.5355096 0.7240177
v 0.5771530 0.5515520 0.7240177
v 0.5656133 0.5656133 0.7240177
v 0.5515520 0.5771530 0.7240177
v 0.5355096 0.5857279 0.7240177
v 0.5181027 0.5910082 0.7240177
v 0.5000000 0.5927912 0.7240177
v 0.4818973 0.5910082 0.7240177
v 0.4644904 0.5857279 0.7240177
v 0.4484480 0.5771530 0.7240177
v 0.4343867 0.5656133 0.7240177
v 0.4228470 0.5515520 0.7240177
v 0.4142721 0.5355096 0.7240177
v 0.4089918 0.5181027 0.7240177
v 0.4072088 0.5000000 0.7240177
v 0.4089918 0.4818973 0.7240177
v 0.4142721 0.4644904 0.7240177
v 0.4228470 0.4484480 0.7240177
v 0.4343867 0.4343867 0.7240177
v 0.4484480 0.4228470 0.7240177
v 0.4644904 0.4142721 0.7240177
v 0.4818973 0.4089918 0.7240177
v 0.5000000 0.4072088 0.7240177
v 0.5181027 0.4089918 0.7240177
v 0.5355096 0.4142721 0.7240177
v 0.5515520 0.4228470 0.7240177
v 0.5656133 0.4343867 0.7240177
v 0.5771530 0.4484480 0.7240177
v 0.5857279 0.4644904 0.7240177
v 0.5910082 0.4818973 0.7240177
v 0.5463956 0.5092287 0.7378159
v 0.5473045 0.5000000 0.7378159
v 0.5437037 0.5181027 0.7378159
v 0.5393323 0.5262810 0.7378159
v 0.5334494 0.5334494 0.7378159
v 0.5262810 0.5393323 0.7378159
v 0.5181027 0.5437037 0.7378159
v 0.5092287 0.5463956 0.7378159
v 0.5000000 0.5473045 0.7378159
v 0.4907713 0.5463956 0.7378159
v 0.4818973 0.5437037 0.7378159
v 0.4737190 0.5393323 0.7378159
v 0.4665506 0.5334494 0.7378159
v 0.4606677 0.5262810 0.7378159
v 0.4562963 0.5181027 0.7378159
v 0.4536044 0.5092287 0.7378159
v 0.4526955 0.5000000 0.7378159
v 0.4536044 0.4907713 0.7378159
v 0.4562963 0.4818973 0.7378159
v 0.4606677 0.4737190 0.7378159
v 0.4665506 0.4665506 0.7378159
v 0.4737190 0.4606677 0.7378159
v 0.4818973 0.4562963 0.7378159
v 0.4907713 0.4536044 0.7378159
v 0.5000000 0.4526955 0.7378159
v 0.5092287 0.4536044 0.7378159
v 0.5181027 0.4562963 0.7378159
v 0.5262810 0.4606677 0.7378159
v 0.5334494 0.4665506 0.7378159
v 0.5393323 0.4737190 0.7378159
v 0.5437037 0.4818973 0.7378159
v 0.5463956 0.4907713 0.7378159
v 0.5000000 0.5000000 0.7424750
v 0.7455250 0.5057187 0.5000000
v 0.7417949 0.5057187 0.5426350
v 0.7478023 0.5034312 0.5436942
v 0.7516250 0.5034312 0.5000000
v 0.7307180 0.5057187 0.5839745
v 0.7364502 0.5034312 0.5860608
v 0.7126309 0.5057187 0.6227625
v 0.7179136 0.5034312 0.6258125
v 0.6880831 0.5057187 0.6578204
v 0.6927559 0.5034312 0.6617414
v 0.6578204 0.5057187 0.6880831
v 0.6617414 0.5034312 0.6927559
v 0.6227625 0.5057187 0.7126309
v 0.6258125 0.5034312 0.7179136
v 0.5839745 0.5057187 0.7307180
v 0.5860608 0.5034312 0.7364502
v 0.5426350 0.5057187 0.7417949
v 0.5436942 0.5034312 0.7478023
v 0.5000000 0.5057187 0.7455250
v 0.5000000 0.5034312 0.7516250
v 0.4573650 0.5057187 0.7417949
v 0.4563058 0.5034312 0.7478023
v 0.4160255 0.5057187 0.7307180
v 0.4139392 0.5034312 0.7364502
v 0.3772375 0.5057187 0.7126309
v 0.3741875 0.5034312 0.7179136
v 0.3421796 0.5057187 0.6880831
v 0.3382586 0.5034312 0.6927559
v 0.3119169 0.5057187 0.6578204
v 0.3072441 0.5034312 0.6617414
v 0.2873691 0.5057187 0.6227625
v 0.2820864 0.5034312 0.6258125
v 0.2692820 0.5057187 0.5839745
v 0.2635498 0.5034312 0.5860608
v 0.2582051 0.5057187 0.5426350
v 0.2521977 0.5034312 0.5436942
v 0.2544750 0.5057187 0.5000000
v 0.2483750 0.5034312 0.5000000
v 0.2582051 0.5057187 0.4573650
v 0.2521977 0.5034312 0.4563058
v 0.2692820 0.5057187 0.4160255
v 0.2635498 0.5034312 0.4139392
v 0.2873691 0.5057187 0.3772375
v 0.2820864 0.5034312 0.3741875
v 0.3119169 0.5057187 0.3421796
v 0.3072441 0.5034312 0.3382586
v 0.3421796 0.5057187 0.3119169
v 0.3382586 0.5034312 0.3072441
v 0.3772375 0.5057187 0.2873691
v 0.3741875 0.5034312 0.2820864
v 0.4160255 0.5057187 0.2692820
v 0.4139392 0.5034312 0.2635498
v 0.4573650 0.5057187 0.2582051
v 0.4563058 0.5034312 0.2521977
v 0.5000000 0.5057187 0.2544750
v 0.5000000 0.5034312 0.2483750
v 0.5426350 0.5057187 0.2582051
v 0.5436942 0.5034312 0.2521977
v 0.5839745 0.5057187 0.2692820
v 0.5860608 0.5034312 0.2635498
v 0.6227625 0.5057187 0.2873691
v 0.6258125 0.5034312 0.2820864
v 0.6578204 0.5057187 0.3119169
v 0.6617414 0.5034312 0.3072441
v 0.6880831 0.5057187 0.3421796
v 0.6927559 0.5034312 0.3382586
v 0.7126309 0.5057187 0.3772375
v 0.7179136 0.5034312 0.3741875
v 0.7307180 0.5057187 0.4160255
v 0.7364502 0.5034312 0.4139392
v 0.7417949 0.5057187 0.4573650
v 0.7478023 0.5034312 0.4563058
v 0.7478023 0.4965688 0.5436942
v 0.7516250 0.4965688 0.5000000
v 0.7364502 0.4965688 0.5860608
v 0.7179136 0.4965688 0.6258125
v 0.6927559 0.4965688 0.6617414
v 0.6617414 0.4965688 0.6927559
v 0.6258125 0.4965688 0.7179136
v 0.5860608 0.4965688 0.7364502
v 0.5436942 0.4965688 0.7478023
v 0.5000000 0.4965688 0.7516250
v 0.4563058 0.4965688 0.7478023
v 0.4139392 0.4965688 0.7364502
v 0.3741875 0.4965688 0.7179136
v 0.3382586 0.4965688 0.6927559
v 0.3072441 0.4965688 0.6617414
v 0.2820864 0.4965688 0.6258125
v 0.2635498 0.4965688 0.5860608
v 0.2521977 0.4965688 0.5436942
v 0.2483750 0.4965688 0.5000000
v 0.2521977 0.4965688 0.4563058
v 0.2635498 0.4965688 0.4139392
v 0.2820864 0.4965688 0.3741875
v 0.3072441 0.4965688 0.3382586
v 0.3382586 0.4965688 0.3072441
v 0.3741875 0.4965688 0.2820864
v 0.4139392 0.4965688 0.2635498
v 0.4563058 0.4965688 0.2521977
v 0.5000000 0.4965688 0.2483750
v 0.5436942 0.4965688 0.2521977
v 0.5860608 0.4965688 0.2635498
v 0.6258125 0.4965688 0.2820864
v 0.6617414 0.4965688 0.3072441
v 0.6927559 0.4965688 0.3382586
v 0.7179136 0.4965688 0.3741875
v 0.7364502 0.4965688 0.4139392
v 0.7478023 0.4965688 0.4563058
v 0.7417949 0.4942813 0.5426350
v 0.7455250 0.4942813 0.5000000
v 0.7307180 0.4942813 0.5839745
v 0.7126309 0.4942813 0.6227625
v 0.6880831 0.4942813 0.6578204
v 0.6578204 0.4942813 0.6880831
v 0.6227625 0.4942813 0.7126309
v 0.5839745 0.4942813 0.7307180
v 0.5426350 0.4942813 0.7417949
v 0.5000000 0.4942813 0.7455250
v 0.4573650 0.4942813 0.7417949
v 0.4160255 0.4942813 0.7307180
v 0.3772375 0.4942813 0.7126309
v 0.3421796 0.4942813 0.6880831
v 0.3119169 0.4942813 0.6578204
v 0.2873691 0.4942813 0.6227625
v 0.2692820 0.4942813 0.5839745
v 0.2582051 0.4942813 0.5426350
v 0.2544750 0.4942813 0.5000000
v 0.2582051 0.4942813 0.4573650
v 0.2692820 0.4942813 0.4160255
v 0.2873691 0.4942813 0.3772375
v 0.3119169 0.4942813 0.3421796
v 0.3421796 0.4942813 0.3119169
v 0.3772375 0.4942813 0.2873691
v 0.4160255 0.4942813 0.2692820
v 0.4573650 0.4942813 0.2582051
v 0.5000000 0.4942813 0.2544750
v 0.5426350 0.4942813 0.2582051
v 0.5839745 0.4942813 0.2692820
v 0.6227625 0.4942813 0.2873691
v 0.6578204 0.4942813 0.3119169
v 0.6880831 0.4942813 0.3421796
v 0.7126309 0.4942813 0.3772375
v 0.7307180 0.4942813 0.4160255
v 0.7417949 0.4942813 0.4573650
v 0.7455250 0.5000000 0.4942813
v 0.7417949 0.5426350 0.4942813
v 0.7478023 0.5436942 0.4965688
v 0.7516250 0.5000000 0.4965688
v 0.7307180 0.5839745 0.4942813
v 0.7364502 0.5860608 0.4965688
v 0.7126309 0.6227625 0.4942813
v 0.7179136 0.6258125 0.4965688
v 0.6880831 0.6578204 0.4942813
v 0.6927559 0.6617414 0.4965688
v 0.6578204 0.6880831 0.4942813
v 0.6617414 0.6927559 0.4965688
v 0.6227625 0.7126309 0.4942813
v 0.6258125 0.7179136 0.4965688
v 0.5839745 0.7307180 0.4942813
v 0.5860608 0.7364502 0.4965688
v 0.5426350 0.7417949 0.4942813
v 0.5436942 0.7478023 0.4965688
v 0.5000000 0.7455250 0.4942813
v 0.5000000 0.7516250 0.4965688
v 0.4573650 0.7417949 0.4942813
v 0.4563058 0.7478023 0.4965688
v 0.4160255 0.7307180 0.4942813
v 0.4139392 0.7364502 0.4965688
v 0.3772375 0.7126309 0.4942813
v 0.3741875 0.7179136 0.4965688
v 0.3421796 0.6880831 0.4942813
v 0.3382586 0.6927559 0.4965688
v 0.3119169 0.6578204 0.4942813
v 0.3072441 0.6617414 0.4965688
v 0.2873691 0.6227625 0.4942813
v 0.2820864 0.6258125 0.4965688
v 0.2692820 0.5839745 0.4942813
v 0.2635498 0.5860608 0.4965688
v 0.2582051 0.5426350 0.4942813
v 0.2521977 0.5436942 0.4965688
v 0.2544750 0.5000000 0.4942813
v 0.2483750 0.5000000 0.4965688
v 0.2582051 0.4573650 0.4942813
v 0.2521977 0.4563058 0.4965688
v 0.2692820 0.4160255 0.4942813
v 0.2635498 0.4139392 0.4965688
v 0.2873691 0.3772375 0.4942813
v 0.2820864 0.3741875 0.4965688
v 0.3119169 0.3421796 0.4942813
v 0.3072441 0.3382586 0.4965688
v 0.3421796 0.3119169 0.4942813
v 0.3382586 0.3072441 0.4965688
v 0.3772375 0.2873691 0.4942813
v 0.3741875 0.2820864 0.4965688
v 0.4160255 0.2692820 0.4942813
v 0.4139392 0.2635498 0.4965688
v 0.4573650 0.2582051 0.4942813
v 0.4563058 0.2521977 0.4965688
v 0.5000000 0.2544750 0.4942813
v 0.5000000 0.2483750 0.4965688
v 0.5426350 0.2582051 0.4942813
v 0.5436942 0.2521977 0.4965688
v 0.5839745 0.2692820 0.4942813
v 0.5860608 0.2635498 0.4965688
v 0.6227625 0.2873691 0.4942813
v 0.6258125 0.2820864 0.4965688
v 0.6578204 0.3119169 0.4942813
v 0.6617414 0.3072441 0.4965688
v 0.6880831 0.3421796 0.4942813
v 0.6927559 0.3382586 0.4965688
v 0.7126309 0.3772375 0.4942813
v 0.7179136 0.3741875 0.4965688
v 0.7307180 0.4160255 0.4942813
v 0.7364502 0.4139392 0.4965688
v 0.7417949 0.4573650 0.4942813
v 0.7478023 0.4563058 0.4965688
v 0.7478023 0.5436942 0.5034312
v 0.7516250 0.5000000 0.5034312
v 0.7364502 0.5860608 0.5034312
v 0.7179136 0.6258125 0.5034312
v 0.6927559 0.6617414 0.5034312
v 0.6617414 0.6927559 0.5034312
v 0.6258125 0.7179136 0.5034312
v 0.5860608 0.7364502 0.5034312
v 0.5436942 0.7478023 0.5034312
v 0.5000000 0.7516250 0.5034312
v 0.4563058 0.7478023 0.5034312
v 0.4139392 0.7364502 0.5034312
v 0.3741875 0.7179136 0.5034312
v 0.3382586 0.6927559 0.5034312
v 0.3072441 0.6617414 0.5034312
v 0.2820864 0.6258125 0.5034312
v 0.2635498 0.5860608 0.5034312
v 0.2521977 0.5436942 0.5034312
v 0.2483750 0.5000000 0.5034312
v 0.2521977 0.4563058 0.5034312
v 0.2635498 0.4139392 0.5034312
v 0.2820864 0.3741875 0.5034312
v 0.3072441 0.3382586 0.5034312
v 0.3382586 0.3072441 0.5034312
v 0.3741875 0.2820864 0.5034312
v 0.4139392 0.2635498 0.5034312
v 0.4563058 0.2521977 0.5034312
v 0.5000000 0.2483750 0.5034312
v 0.5436942 0.2521977 0.5034312
v 0.5860608 0.2635498 0.5034312
v 0.6258125 0.2820864 0.5034312
v 0.6617414 0.3072441 0.5034312
v 0.6927559 0.3382586 0.5034312
v 0.7179136 0.3741875 0.5034312
v 0.7364502 0.4139392 0.5034312
v 0.7478023 0.4563058 0.5034312
v 0.7417949 0.5426350 0.5057187
v 0.7455250 0.5000000 0.5057187
v 0.7307180 0.5839745 0.5057187
v 0.7126309 0.6227625 0.5057187
v 0.6880831 0.6578204 0.5057187
v 0.6578204 0.6880831 0.5057187
v 0.6227625 0.7126309 0.5057187
v 0.5839745 0.7307180 0.5057187
v 0.5426350 0.7417949 0.5057187
v 0.5000000 0.7455250 0.5057187
v 0.4573650 0.7417949 0.5057187
v 0.4160255 0.7307180 0.5057187
v 0.3772375 0.7126309 0.5057187
v 0.3421796 0.6880831 0.5057187
v 0.3119169 0.6578204 0.5057187
v 0.2873691 0.6227625 0.5057187
v 0.2692820 0.5839745 0.5057187
v 0.2582051 0.5426350 0.5057187
v 0.2544750 0.5000000 0.5057187
v 0.2582051 0.4573650 0.5057187
v 0.2692820 0.4160255 0.5057187
v 0.2873691 0.3772375 0.5057187
v 0.3119169 0.3421796 0.5057187
v 0.3421796 0.3119169 0.5057187
v 0.3772375 0.2873691 0.5057187
v 0.4160255 0.2692820 0.5057187
v 0.4573650 0.2582051 0.5057187
v 0.5000000 0.2544750 0.5057187
v 0.5426350 0.2582051 0.5057187
v 0.5839745 0.2692820 0.5057187
v 0.6227625 0.2873691 0.5057187
v 0.6578204 0.3119169 0.5057187
v 0.6880831 0.3421796 0.5057187
v 0.7126309 0.3772375 0.5057187
v 0.7307180 0.4160255 0.5057187
v 0.7417949 0.4573650 0.5057187
v 0.6187187 0.6268063 0.3263876
v 0.6381712 0.6462587 0.3591726
v 0.6433220 0.6481745 0.3556738
v 0.6233862 0.6282388 0.3220743
v 0.6533025 0.6613900 0.3962367
v 0.6588292 0.6636817 0.3936587
v 0.6636529 0.6717405 0.4364535
v 0.6694368 0.6742893 0.4348747
v 0.6689080 0.6769955 0.4786011
v 0.6748224 0.6796749 0.4780694
v 0.6689080 0.6769955 0.5213989
v 0.6748224 0.6796749 0.5219306
v 0.6636529 0.6717405 0.5635465
v 0.6694368 0.6742893 0.5651253
v 0.6533025 0.6613900 0.6037633
v 0.6588292 0.6636817 0.6063413
v 0.6381712 0.6462587 0.6408274
v 0.6433220 0.6481745 0.6443262
v 0.6187187 0.6268063 0.6736124
v 0.6233862 0.6282388 0.6779257
v 0.5955362 0.6036237 0.7011223
v 0.5996278 0.6044803 0.7061191
v 0.5693280 0.5774155 0.7225212
v 0.5727684 0.5776209 0.7280497
v 0.5408904 0.5489780 0.7371589
v 0.5436243 0.5484768 0.7430511
v 0.5110876 0.5191751 0.7445907
v 0.5130810 0.5179335 0.7506675
v 0.4808249 0.4889124 0.7445907
v 0.4820665 0.4869190 0.7506675
v 0.4510220 0.4591096 0.7371589
v 0.4515232 0.4563757 0.7430511
v 0.4225845 0.4306720 0.7225212
v 0.4223791 0.4272316 0.7280497
v 0.3963763 0.4044638 0.7011223
v 0.3955197 0.4003722 0.7061191
v 0.3731937 0.3812813 0.6736124
v 0.3717612 0.3766138 0.6779257
v 0.3537413 0.3618288 0.6408274
v 0.3518255 0.3566780 0.6443262
v 0.3386100 0.3466975 0.6037633
v 0.3363183 0.3411708 0.6063413
v 0.3282595 0.3363471 0.5635465
v 0.3257107 0.3305632 0.5651253
v 0.3230045 0.3310920 0.5213989
v 0.3203251 0.3251776 0.5219306
v 0.3230045 0.3310920 0.4786011
v 0.3203251 0.3251776 0.4780694
v 0.3282595 0.3363471 0.4364535
v 0.3257107 0.3305632 0.4348747
v 0.3386100 0.3466975 0.3962367
v 0.3363183 0.3411708 0.3936587
v 0.3537413 0.3618288 0.3591726
v 0.3518255 0.3566780 0.3556738
v 0.3731937 0.3812813 0.3263876
v 0.3717612 0.3766138 0.3220743
v 0.3963763 0.4044638 0.2988777
v 0.3955197 0.4003722 0.2938809
v 0.4225845 0.4306720 0.2774788
v 0.4223791 0.4272316 0.2719503
v 0.4510220 0.4591096 0.2628411
v 0.4515232 0.4563757 0.2569489
v 0.4808249 0.4889124 0.2554093
v 0.4820665 0.4869190 0.2493325
v 0.5110876 0.5191751 0.2554093
v 0.5130810 0.5179335 0.2493325
v 0.5408904 0.5489780 0.2628411
v 0.5436243 0.5484768 0.2569489
v 0.5693280 0.5774155 0.2774788
v 0.5727684 0.5776209 0.2719503
v 0.5955362 0.6036237 0.2988777
v 0.5996278 0.6044803 0.2938809
v 0.6481745 0.6433220 0.3556738
v 0.6282388 0.6233862 0.3220743
v 0.6636817 0.6588292 0.3936587
v 0.6742893 0.6694368 0.4348747
v 0.6796749 0.6748224 0.4780694
v 0.6796749 0.6748224 0.5219306
v 0.6742893 0.6694368 0.5651253
v 0.6636817 0.6588292 0.6063413
v 0.6481745 0.6433220 0.6443262
v 0.6282388 0.6233862 0.6779257
v 0.6044803 0.5996278 0.7061191
v 0.5776209 0.5727684 0.7280497
v 0.5484768 0.5436243 0.7430511
v 0.5179335 0.5130810 0.7506675
v 0.4869190 0.4820665 0.7506675
v 0.4563757 0.4515232 0.7430511
v 0.4272316 0.4223791 0.7280497
v 0.4003722 0.3955197 0.7061191
v 0.3766138 0.3717612 0.6779257
v 0.3566780 0.3518255 0.6443262
v 0.3411708 0.3363183 0.6063413
v 0.3305632 0.3257107 0.5651253
v 0.3251776 0.3203251 0.5219306
v 0.3251776 0.3203251 0.4780694
v 0.3305632 0.3257107 0.4348747
v 0.3411708 0.3363183 0.3936587
v 0.3566780 0.3518255 0.3556738
v 0.3766138 0.3717612 0.3220743
v 0.4003722 0.3955197 0.2938809
v 0.4272316 0.4223791 0.2719503
v 0.4563757 0.4515232 0.2569489
v 0.4869190 0.4820665 0.2493325
v 0.5179335 0.5130810 0.2493325
v 0.5484768 0.5436243 0.2569489
v 0.5776209 0.5727684 0.2719503
v 0.6044803 0.5996278 0.2938809
v 0.6462587 0.6381712 0.3591726
v 0.6268063 0.6187187 0.3263876
v 0.6613900 0.6533025 0.3962367
v 0.6717405 0.6636529 0.4364535
v 0.6769955 0.6689080 0.4786011
v 0.6769955 0.6689080 0.5213989
v 0.6717405 0.6636529 0.5635465
v 0.6613900 0.6533025 0.6037633
v 0.6462587 0.6381712 0.6408274
v 0.6268063 0.6187187 0.6736124
v 0.6036237 0.5955362 0.7011223
v 0.5774155 0.5693280 0.7225212
v 0.5489780 0.5408904 0.7371589
v 0.5191751 0.5110876 0.7445907
v 0.4889124 0.4808249 0.7445907
v 0.4591096 0.4510220 0.7371589
v 0.4306720 0.4225845 0.7225212
v 0.4044638 0.3963763 0.7011223
v 0.3812813 0.3731937 0.6736124
v 0.3618288 0.3537413 0.6408274
v 0.3466975 0.3386100 0.6037633
v 0.3363471 0.3282595 0.5635465
v 0.3310920 0.3230045 0.5213989
v 0.3310920 0.3230045 0.4786011
v 0.3363471 0.3282595 0.4364535
v 0.3466975 0.3386100 0.3962367
v 0.3618288 0.3537413 0.3591726
v 0.3812813 0.3731937 0.3263876
v 0.4044638 0.3963763 0.2988777
v 0.4306720 0.4225845 0.2774788
v 0.4591096 0.4510220 0.2628411
v 0.4889124 0.4808249 0.2554093
v 0.5191751 0.5110876 0.2554093
v 0.5489780 0.5408904 0.2628411
v 0.5774155 0.5693280 0.2774788
v 0.6036237 0.5955362 0.2988777
v 0.7226500 0.5327875 0.5000000
v 0.7226500 0.5302917 0.5125472
v 0.7310375 0.5352229 0.5145898
v 0.7310375 0.5381250 0.5000000
v 0.7226500 0.5231843 0.5231843
v 0.7310375 0.5269584 0.5269584
v 0.7226500 0.5125472 0.5302917
v 0.7310375 0.5145898 0.5352229
v 0.7226500 0.5000000 0.5327875
v 0.7310375 0.5000000 0.5381250
v 0.7226500 0.4874528 0.5302917
v 0.7310375 0.4854102 0.5352229
v 0.7226500 0.4768157 0.5231843
v 0.7310375 0.4730416 0.5269584
v 0.7226500 0.4697083 0.5125472
v 0.7310375 0.4647771 0.5145898
v 0.7226500 0.4672125 0.5000000
v 0.7310375 0.4618750 0.5000000
v 0.7226500 0.4697083 0.4874528
v 0.7310375 0.4647771 0.4854102
v 0.7226500 0.4768157 0.4768157
v 0.7310375 0.4730416 0.4730416
v 0.7226500 0.4874528 0.4697083
v 0.7310375 0.4854102 0.4647771
v 0.7226500 0.5000000 0.4672125
v 0.7310375 0.5000000 0.4618750
v 0.7226500 0.5125472 0.4697083
v 0.7310375 0.5145898 0.4647771
v 0.7226500 0.5231843 0.4768157
v 0.7310375 0.5269584 0.4730416
v 0.7226500 0.5302917 0.4874528
v 0.7310375 0.5352229 0.4854102
v 0.7478125 0.5352229 0.5145898
v 0.7478125 0.5381250 0.5000000
v 0.7478125 0.5269584 0.5269584
v 0.7478125 0.5145898 0.5352229
v 0.7478125 0.5000000 0.5381250
v 0.7478125 0.4854102 0.5352229
v 0.7478125 0.4730416 0.5269584
v 0.7478125 0.4647771 0.5145898
v 0.7478125 0.4618750 0.5000000
v 0.7478125 0.4647771 0.4854102
v 0.7478125 0.4730416 0.4730416
v 0.7478125 0.4854102 0.4647771
v 0.7478125 0.5000000 0.4618750
v 0.7478125 0.5145898 0.4647771
v 0.7478125 0.5269584 0.4730416
v 0.7478125 0.5352229 0.4854102
v 0.7562000 0.5302917 0.5125472
v 0.7562000 0.5327875 0.5000000
v 0.7562000 0.5231843 0.5231843
v 0.7562000 0.5125472 0.5302917
v 0.7562000 0.5000000 0.5327875
v 0.7562000 0.4874528 0.5302917
v 0.7562000 0.4768157 0.5231843
v 0.7562000 0.4697083 0.5125472
v 0.7562000 0.4672125 0.5000000
v 0.7562000 0.4697083 0.4874528
v 0.7562000 0.4768157 0.4768157
v 0.7562000 0.4874528 0.4697083
v 0.7562000 0.5000000 0.4672125
v 0.7562000 0.5125472 0.4697083
v 0.7562000 0.5231843 0.4768157
v 0.7562000 0.5302917 0.4874528
v 0.7234125 0.5000000 0.5000000
v 0.7249375 0.5218382 0.5090457
v 0.7249375 0.5236375 0.5000000
v 0.7249375 0.5167142 0.5167142
v 0.7249375 0.5090457 0.5218382
v 0.7249375 0.5000000 0.5236375
v 0.7249375 0.4909543 0.5218382
v 0.7249375 0.4832858 0.5167142
v 0.7249375 0.4781618 0.5090457
v 0.7249375 0.4763625 0.5000000
v 0.7249375 0.4781618 0.4909543
v 0.7249375 0.4832858 0.4832858
v 0.7249375 0.4909543 0.4781618
v 0.7249375 0.5000000 0.4763625
v 0.7249375 0.5090457 0.4781618
v 0.7249375 0.5167142 0.4832858
v 0.7249375 0.5218382 0.4909543
v 0.7340875 0.5239516 0.5099211
v 0.7340875 0.5259250 0.5000000
v 0.7340875 0.5183317 0.5183317
v 0.7340875 0.5099211 0.5239516
v 0.7340875 0.5000000 0.5259250
v 0.7340875 0.4900789 0.5239516
v 0.7340875 0.4816683 0.5183317
v 0.7340875 0.4760484 0.5099211
v 0.7340875 0.4740750 0.5000000
v 0.7340875 0.4760484 0.4900789
v 0.7340875 0.4816683 0.4816683
v 0.7340875 0.4900789 0.4760484
v 0.7340875 0.5000000 0.4740750
v 0.7340875 0.5099211 0.4760484
v 0.7340875 0.5183317 0.4816683
v 0.7340875 0.5239516 0.4900789
v 0.6830000 0.5041937 0.4489125
v 0.6830000 0.5029654 0.4518779
v 0.7958500 0.5029654 0.4518779
v 0.7958500 0.5041937 0.4489125
v 0.6830000 0.5000000 0.4531062
v 0.7958500 0.5000000 0.4531062
v 0.6830000 0.4970346 0.4518779
v 0.7958500 0.4970346 0.4518779
v 0.6830000 0.4958063 0.4489125
v 0.7958500 0.4958063 0.4489125
v 0.6830000 0.4970346 0.4459471
v 0.7958500 0.4970346 0.4459471
v 0.6830000 0.5000000 0.4447187
v 0.7958500 0.5000000 0.4447187
v 0.6830000 0.5029654 0.4459471
v 0.7958500 0.5029654 0.4459471
v 0.6830000 0.5041937 0.5510875
v 0.6830000 0.5029654 0.5540529
v 0.7958500 0.5029654 0.5540529
v 0.7958500 0.5041937 0.5510875
v 0.6830000 0.5000000 0.5552812
v 0.7958500 0.5000000 0.5552812
v 0.6830000 0.4970346 0.5540529
v 0.7958500 0.4970346 0.5540529
v 0.6830000 0.4958063 0.5510875
v 0.7958500 0.4958063 0.5510875
v 0.6830000 0.4970346 0.5481221
v 0.7958500 0.4970346 0.5481221
v 0.6830000 0.5000000 0.5468937
v 0.7958500 0.5000000 0.5468937
v 0.6830000 0.5029654 0.5481221
v 0.7958500 0.5029654 0.5481221
v 0.5829302 0.7092143 0.5000000
v 0.5850916 0.7079664 0.5125472
v 0.5850148 0.7176958 0.5145898
v 0.5825015 0.7191468 0.5000000
v 0.5912468 0.7044127 0.5231843
v 0.5921721 0.7135636 0.5269584
v 0.6004588 0.6990942 0.5302917
v 0.6028836 0.7073792 0.5352229
v 0.6113250 0.6928206 0.5327875
v 0.6155188 0.7000843 0.5381250
v 0.6221912 0.6865469 0.5302917
v 0.6281539 0.6927894 0.5352229
v 0.6314032 0.6812284 0.5231843
v 0.6388654 0.6866051 0.5269584
v 0.6375584 0.6776747 0.5125472
v 0.6460227 0.6824729 0.5145898
v 0.6397198 0.6764268 0.5000000
v 0.6485360 0.6810218 0.5000000
v 0.6375584 0.6776747 0.4874528
v 0.6460227 0.6824729 0.4854102
v 0.6314032 0.6812284 0.4768157
v 0.6388654 0.6866051 0.4730416
v 0.6221912 0.6865469 0.4697083
v 0.6281539 0.6927894 0.4647771
v 0.6113250 0.6928206 0.4672125
v 0.6155188 0.7000843 0.4618750
v 0.6004588 0.6990942 0.4697083
v 0.6028836 0.7073792 0.4647771
v 0.5912468 0.7044127 0.4768157
v 0.5921721 0.7135636 0.4730416
v 0.5850916 0.7079664 0.4874528
v 0.5850148 0.7176958 0.4854102
v 0.5934023 0.7322234 0.5145898
v 0.5908890 0.7336744 0.5000000
v 0.6005596 0.7280911 0.5269584
v 0.6112711 0.7219068 0.5352229
v 0.6239062 0.7146119 0.5381250
v 0.6365414 0.7073170 0.5352229
v 0.6472529 0.7011327 0.5269584
v 0.6544102 0.6970005 0.5145898
v 0.6569235 0.6955494 0.5000000
v 0.6544102 0.6970005 0.4854102
v 0.6472529 0.7011327 0.4730416
v 0.6365414 0.7073170 0.4647771
v 0.6239063 0.7146119 0.4618750
v 0.6112711 0.7219068 0.4647771
v 0.6005596 0.7280911 0.4730416
v 0.5934023 0.7322234 0.4854102
v 0.6018666 0.7370216 0.5125472
v 0.5997052 0.7382695 0.5000000
v 0.6080218 0.7334678 0.5231843
v 0.6172338 0.7281493 0.5302917
v 0.6281000 0.7218757 0.5327875
v 0.6389662 0.7156021 0.5302917
v 0.6481782 0.7102836 0.5231843
v 0.6543334 0.7067299 0.5125472
v 0.6564948 0.7054820 0.5000000
v 0.6543334 0.7067299 0.4874528
v 0.6481782 0.7102836 0.4768157
v 0.6389662 0.7156021 0.4697083
v 0.6281000 0.7218757 0.4672125
v 0.6172338 0.7281493 0.4697083
v 0.6080218 0.7334678 0.4768157
v 0.6018666 0.7370216 0.4874528
v 0.6117063 0.6934809 0.5000000
v 0.5935563 0.7057207 0.5090457
v 0.5919981 0.7066203 0.5000000
v 0.5979938 0.7031587 0.5167142
v 0.6046350 0.6993244 0.5218382
v 0.6124688 0.6948016 0.5236375
v 0.6203025 0.6902787 0.5218382
v 0.6269437 0.6864445 0.5167142
v 0.6313812 0.6838825 0.5090457
v 0.6329394 0.6829828 0.5000000
v 0.6313812 0.6838825 0.4909543
v 0.6269437 0.6864445 0.4832858
v 0.6203025 0.6902787 0.4781618
v 0.6124688 0.6948016 0.4763625
v 0.6046350 0.6993244 0.4781618
v 0.5979938 0.7031587 0.4832858
v 0.5935563 0.7057207 0.4909543
v 0.5963011 0.7147015 0.5099211
v 0.5945920 0.7156882 0.5000000
v 0.6011680 0.7118916 0.5183317
v 0.6084519 0.7076863 0.5239516
v 0.6170438 0.7027257 0.5259250
v 0.6256356 0.6977652 0.5239516
v 0.6329195 0.6935599 0.5183317
v 0.6377864 0.6907499 0.5099211
v 0.6394955 0.6897632 0.5000000
v 0.6377864 0.6907499 0.4900789
v 0.6329195 0.6935599 0.4816683
v 0.6256356 0.6977652 0.4760484
v 0.6170438 0.7027257 0.4740750
v 0.6084519 0.7076863 0.4760484
v 0.6011680 0.7118916 0.4816683
v 0.5963011 0.7147015 0.4900789
v 0.5878681 0.6605795 0.4489125
v 0.5889319 0.6599654 0.4518779
v 0.6453569 0.7576963 0.4518779
v 0.6442931 0.7583105 0.4489125
v 0.5915000 0.6584826 0.4531062
v 0.6479250 0.7562136 0.4531062
v 0.5940681 0.6569999 0.4518779
v 0.6504931 0.7547309 0.4518779
v 0.5951319 0.6563858 0.4489125
v 0.6515569 0.7541167 0.4489125
v 0.5940681 0.6569999 0.4459471
v 0.6504931 0.7547309 0.4459471
v 0.5915000 0.6584826 0.4447187
v 0.6479250 0.7562136 0.4447187
v 0.5889319 0.6599654 0.4459471
v 0.6453569 0.7576963 0.4459471
v 0.5878681 0.6605795 0.5510875
v 0.5889319 0.6599654 0.5540529
v 0.6453569 0.7576963 0.5540529
v 0.6442931 0.7583105 0.5510875
v 0.5915000 0.6584826 0.5552812
v 0.6479250 0.7562136 0.5552812
v 0.5940681 0.6569999 0.5540529
v 0.6504931 0.7547309 0.5540529
v 0.5951319 0.6563858 0.5510875
v 0.6515569 0.7541167 0.5510875
v 0.5940681 0.6569999 0.5481221
v 0.6504931 0.7547309 0.5481221
v 0.5915000 0.6584826 0.5468937
v 0.6479250 0.7562136 0.5468937
v 0.5889319 0.6599654 0.5481221
v 0.6453569 0.7576963 0.5481221
v 0.3602802 0.6764268 0.5000000
v 0.3624416 0.6776747 0.5125472
v 0.3539773 0.6824729 0.5145898
v 0.3514640 0.6810218 0.5000000
v 0.3685968 0.6812284 0.5231843
v 0.3611346 0.6866051 0.5269584
v 0.3778088 0.6865469 0.5302917
v 0.3718461 0.6927894 0.5352229
v 0.3886750 0.6928206 0.5327875
v 0.3844813 0.7000843 0.5381250
v 0.3995412 0.6990942 0.5302917
v 0.3971164 0.7073792 0.5352229
v 0.4087532 0.7044127 0.5231843
v 0.4078279 0.7135636 0.5269584
v 0.4149084 0.7079664 0.5125472
v 0.4149852 0.7176958 0.5145898
v 0.4170698 0.7092143 0.5000000
v 0.4174985 0.7191468 0.5000000
v 0.4149084 0.7079664 0.4874528
v 0.4149852 0.7176958 0.4854102
v 0.4087532 0.7044127 0.4768157
v 0.4078279 0.7135636 0.4730416
v 0.3995412 0.6990942 0.4697083
v 0.3971164 0.7073792 0.4647771
v 0.3886750 0.6928206 0.4672125
v 0.3844813 0.7000843 0.4618750
v 0.3778088 0.6865469 0.4697083
v 0.3718461 0.6927894 0.4647771
v 0.3685968 0.6812284 0.4768157
v 0.3611346 0.6866051 0.4730416
v 0.3624416 0.6776747 0.4874528
v 0.3539773 0.6824729 0.4854102
v 0.3455898 0.6970005 0.5145898
v 0.3430765 0.6955494 0.5000000
v 0.3527471 0.7011327 0.5269584
v 0.3634586 0.7073170 0.5352229
v 0.3760938 0.7146119 0.5381250
v 0.3887289 0.7219068 0.5352229
v 0.3994404 0.7280911 0.5269584
v 0.4065977 0.7322234 0.5145898
v 0.4091110 0.7336744 0.5000000
v 0.4065977 0.7322234 0.4854102
v 0.3994404 0.7280911 0.4730416
v 0.3887289 0.7219068 0.4647771
v 0.3760938 0.7146119 0.4618750
v 0.3634586 0.7073170 0.4647771
v 0.3527471 0.7011327 0.4730416
v 0.3455898 0.6970005 0.4854102
v 0.3456666 0.7067299 0.5125472
v 0.3435052 0.7054820 0.5000000
v 0.3518218 0.7102836 0.5231843
v 0.3610338 0.7156021 0.5302917
v 0.3719000 0.7218757 0.5327875
v 0.3827662 0.7281493 0.5302917
v 0.3919782 0.7334678 0.5231843
v 0.3981334 0.7370216 0.5125472
v 0.4002948 0.7382695 0.5000000
v 0.3981334 0.7370216 0.4874528
v 0.3919782 0.7334678 0.4768157
v 0.3827662 0.7281493 0.4697083
v 0.3719000 0.7218757 0.4672125
v 0.3610338 0.7156021 0.4697083
v 0.3518218 0.7102836 0.4768157
v 0.3456666 0.7067299 0.4874528
v 0.3882938 0.6934809 0.5000000
v 0.3686188 0.6838825 0.5090457
v 0.3670606 0.6829828 0.5000000
v 0.3730563 0.6864445 0.5167142
v 0.3796975 0.6902787 0.5218382
v 0.3875313 0.6948016 0.5236375
v 0.3953650 0.6993244 0.5218382
v 0.4020062 0.7031587 0.5167142
v 0.4064437 0.7057207 0.5090457
v 0.4080019 0.7066203 0.5000000
v 0.4064437 0.7057207 0.4909543
v 0.4020062 0.7031587 0.4832858
v 0.3953650 0.6993244 0.4781618
v 0.3875313 0.6948016 0.4763625
v 0.3796975 0.6902787 0.4781618
v 0.3730563 0.6864445 0.4832858
v 0.3686188 0.6838825 0.4909543
v 0.3622136 0.6907499 0.5099211
v 0.3605045 0.6897632 0.5000000
v 0.3670805 0.6935599 0.5183317
v 0.3743644 0.6977652 0.5239516
v 0.3829563 0.7027257 0.5259250
v 0.3915481 0.7076863 0.5239516
v 0.3988320 0.7118916 0.5183317
v 0.4036989 0.7147015 0.5099211
v 0.4054080 0.7156882 0.5000000
v 0.4036989 0.7147015 0.4900789
v 0.3988320 0.7118916 0.4816683
v 0.3915481 0.7076863 0.4760484
v 0.3829563 0.7027257 0.4740750
v 0.3743644 0.6977652 0.4760484
v 0.3670805 0.6935599 0.4816683
v 0.3622136 0.6907499 0.4900789
v 0.4048681 0.6563858 0.4489125
v 0.4059319 0.6569999 0.4518779
v 0.3495069 0.7547309 0.4518779
v 0.3484431 0.7541167 0.4489125
v 0.4085000 0.6584826 0.4531062
v 0.3520750 0.7562136 0.4531062
v 0.4110681 0.6599654 0.4518779
v 0.3546431 0.7576963 0.4518779
v 0.4121319 0.6605795 0.4489125
v 0.3557069 0.7583105 0.4489125
v 0.4110681 0.6599654 0.4459471
v 0.3546431 0.7576963 0.4459471
v 0.4085000 0.6584826 0.4447187
v 0.3520750 0.7562136 0.4447187
v 0.4059319 0.6569999 0.4459471
v 0.3495069 0.7547309 0.4459471
v 0.4048681 0.6563858 0.5510875
v 0.4059319 0.6569999 0.5540529
v 0.3495069 0.7547309 0.5540529
v 0.3484431 0.7541167 0.5510875
v 0.4085000 0.6584826 0.5552812
v 0.3520750 0.7562136 0.5552812
v 0.4110681 0.6599654 0.5540529
v 0.3546431 0.7576963 0.5540529
v 0.4121319 0.6605795 0.5510875
v 0.3557069 0.7583105 0.5510875
v 0.4110681 0.6599654 0.5481221
v 0.3546431 0.7576963 0.5481221
v 0.4085000 0.6584826 0.5468937
v 0.3520750 0.7562136 0.5468937
v 0.4059319 0.6569999 0.5481221
v 0.3495069 0.7547309 0.5481221
v 0.2773500 0.4672125 0.5000000
v 0.2773500 0.4697083 0.5125472
v 0.2689625 0.4647771 0.5145898
v 0.2689625 0.4618750 0.5000000
v 0.2773500 0.4768157 0.5231843
v 0.2689625 0.4730416 0.5269584
v 0.2773500 0.4874528 0.5302917
v 0.2689625 0.4854102 0.5352229
v 0.2773500 0.5000000 0.5327875
v 0.2689625 0.5000000 0.5381250
v 0.2773500 0.5125472 0.5302917
v 0.2689625 0.5145898 0.5352229
v 0.2773500 0.5231843 0.5231843
v 0.2689625 0.5269584 0.5269584
v 0.2773500 0.5302917 0.5125472
v 0.2689625 0.5352229 0.5145898
v 0.2773500 0.5327875 0.5000000
v 0.2689625 0.5381250 0.5000000
v 0.2773500 0.5302917 0.4874528
v 0.2689625 0.5352229 0.4854102
v 0.2773500 0.5231843 0.4768157
v 0.2689625 0.5269584 0.4730416
v 0.2773500 0.5125472 0.4697083
v 0.2689625 0.5145898 0.4647771
v 0.2773500 0.5000000 0.4672125
v 0.2689625 0.5000000 0.4618750
v 0.2773500 0.4874528 0.4697083
v 0.2689625 0.4854102 0.4647771
v 0.2773500 0.4768157 0.4768157
v 0.2689625 0.4730416 0.4730416
v 0.2773500 0.4697083 0.4874528
v 0.2689625 0.4647771 0.4854102
v 0.2521875 0.4647771 0.5145898
v 0.2521875 0.4618750 0.5000000
v 0.2521875 0.4730416 0.5269584
v 0.2521875 0.4854102 0.5352229
v 0.2521875 0.5000000 0.5381250
v 0.2521875 0.5145898 0.5352229
v 0.2521875 0.5269584 0.5269584
v 0.2521875 0.5352229 0.5145898
v 0.2521875 0.5381250 0.5000000
v 0.2521875 0.5352229 0.4854102
v 0.2521875 0.5269584 0.4730416
v 0.2521875 0.5145898 0.4647771
v 0.2521875 0.5000000 0.4618750
v 0.2521875 0.4854102 0.4647771
v 0.2521875 0.4730416 0.4730416
v 0.2521875 0.4647771 0.4854102
v 0.2438000 0.4697083 0.5125472
v 0.2438000 0.4672125 0.5000000
v 0.2438000 0.4768157 0.5231843
v 0.2438000 0.4874528 0.5302917
v 0.2438000 0.5000000 0.5327875
v 0.2438000 0.5125472 0.5302917
v 0.2438000 0.5231843 0.5231843
v 0.2438000 0.5302917 0.5125472
v 0.2438000 0.5327875 0.5000000
v 0.2438000 0.5302917 0.4874528
v 0.2438000 0.5231843 0.4768157
v 0.2438000 0.5125472 0.4697083
v 0.2438000 0.5000000 0.4672125
v 0.2438000 0.4874528 0.4697083
v 0.2438000 0.4768157 0.4768157
v 0.2438000 0.4697083 0.4874528
v 0.2765875 0.5000000 0.5000000
v 0.2750625 0.4781618 0.5090457
v 0.2750625 0.4763625 0.5000000
v 0.2750625 0.4832858 0.5167142
v 0.2750625 0.4909543 0.5218382
v 0.2750625 0.5000000 0.5236375
v 0.2750625 0.5090457 0.5218382
v 0.2750625 0.5167142 0.5167142
v 0.2750625 0.5218382 0.5090457
v 0.2750625 0.5236375 0.5000000
v 0.2750625 0.5218382 0.4909543
v 0.2750625 0.5167142 0.4832858
v 0.2750625 0.5090457 0.4781618
v 0.2750625 0.5000000 0.4763625
v 0.2750625 0.4909543 0.4781618
v 0.2750625 0.4832858 0.4832858
v 0.2750625 0.4781618 0.4909543
v 0.2659125 0.4760484 0.5099211
v 0.2659125 0.4740750 0.5000000
v 0.2659125 0.4816683 0.5183317
v 0.2659125 0.4900789 0.5239516
v 0.2659125 0.5000000 0.5259250
v 0.2659125 0.5099211 0.5239516
v 0.2659125 0.5183317 0.5183317
v 0.2659125 0.5239516 0.5099211
v 0.2659125 0.5259250 0.5000000
v 0.2659125 0.5239516 0.4900789
v 0.2659125 0.5183317 0.4816683
v 0.2659125 0.5099211 0.4760484
v 0.2659125 0.5000000 0.4740750
v 0.2659125 0.4900789 0.4760484
v 0.2659125 0.4816683 0.4816683
v 0.2659125 0.4760484 0.4900789
v 0.3170000 0.4958063 0.4489125
v 0.3170000 0.4970346 0.4518779
v 0.2041500 0.4970346 0.4518779
v 0.2041500 0.4958063 0.4489125
v 0.3170000 0.5000000 0.4531062
v 0.2041500 0.5000000 0.4531062
v 0.3170000 0.5029654 0.4518779
v 0.2041500 0.5029654 0.4518779
v 0.3170000 0.5041937 0.4489125
v 0.2041500 0.5041937 0.4489125
v 0.3170000 0.5029654 0.4459471
v 0.2041500 0.5029654 0.4459471
v 0.3170000 0.5000000 0.4447187
v 0.2041500 0.5000000 0.4447187
v 0.3170000 0.4970346 0.4459471
v 0.2041500 0.4970346 0.4459471
v 0.3170000 0.4958063 0.5510875
v 0.3170000 0.4970346 0.5540529
v 0.2041500 0.4970346 0.5540529
v 0.2041500 0.4958063 0.5510875
v 0.3170000 0.5000000 0.5552812
v 0.2041500 0.5000000 0.5552812
v 0.3170000 0.5029654 0.5540529
v 0.2041500 0.5029654 0.5540529
v 0.3170000 0.5041937 0.5510875
v 0.2041500 0.5041937 0.5510875
v 0.3170000 0.5029654 0.5481221
v 0.2041500 0.5029654 0.5481221
v 0.3170000 0.5000000 0.5468937
v 0.2041500 0.5000000 0.5468937
v 0.3170000 0.4970346 0.5481221
v 0.2041500 0.4970346 0.5481221
v 0.4170698 0.2907857 0.5000000
v 0.4149084 0.2920336 0.5125472
v 0.4149852 0.2823042 0.5145898
v 0.4174985 0.2808532 0.5000000
v 0.4087532 0.2955873 0.5231843
v 0.4078279 0.2864364 0.5269584
v 0.3995412 0.3009058 0.5302917
v 0.3971164 0.2926208 0.5352229
v 0.3886750 0.3071794 0.5327875
v 0.3844812 0.2999157 0.5381250
v 0.3778088 0.3134531 0.5302917
v 0.3718461 0.3072106 0.5352229
v 0.3685968 0.3187716 0.5231843
v 0.3611346 0.3133949 0.5269584
v 0.3624416 0.3223253 0.5125472
v 0.3539773 0.3175271 0.5145898
v 0.3602802 0.3235732 0.5000000
v 0.3514640 0.3189782 0.5000000
v 0.3624416 0.3223253 0.4874528
v 0.3539773 0.3175271 0.4854102
v 0.3685968 0.3187716 0.4768157
v 0.3611346 0.3133949 0.4730416
v 0.3778088 0.3134531 0.4697083
v 0.3718461 0.3072106 0.4647771
v 0.3886750 0.3071794 0.4672125
v 0.3844812 0.2999157 0.4618750
v 0.3995412 0.3009058 0.4697083
v 0.3971164 0.2926208 0.4647771
v 0.4087532 0.2955873 0.4768157
v 0.4078279 0.2864364 0.4730416
v 0.4149084 0.2920336 0.4874528
v 0.4149852 0.2823042 0.4854102
v 0.4065977 0.2677766 0.5145898
v 0.4091110 0.2663256 0.5000000
v 0.3994404 0.2719089 0.5269584
v 0.3887289 0.2780932 0.5352229
v 0.3760937 0.2853881 0.5381250
v 0.3634586 0.2926830 0.5352229
v 0.3527471 0.2988673 0.5269584
v 0.3455898 0.3029995 0.5145898
v 0.3430765 0.3044506 0.5000000
v 0.3455898 0.3029995 0.4854102
v 0.3527471 0.2988673 0.4730416
v 0.3634586 0.2926830 0.4647771
v 0.3760937 0.2853881 0.4618750
v 0.3887289 0.2780932 0.4647771
v 0.3994404 0.2719089 0.4730416
v 0.4065977 0.2677766 0.4854102
v 0.3981334 0.2629784 0.5125472
v 0.4002948 0.2617305 0.5000000
v 0.3919782 0.2665322 0.5231843
v 0.3827662 0.2718507 0.5302917
v 0.3719000 0.2781243 0.5327875
v 0.3610338 0.2843979 0.5302917
v 0.3518218 0.2897164 0.5231843
v 0.3456666 0.2932701 0.5125472
v 0.3435052 0.2945180 0.5000000
v 0.3456666 0.2932701 0.4874528
v 0.3518218 0.2897164 0.4768157
v 0.3610338 0.2843979 0.4697083
v 0.3719000 0.2781243 0.4672125
v 0.3827662 0.2718507 0.4697083
v 0.3919782 0.2665322 0.4768157
v 0.3981334 0.2629784 0.4874528
v 0.3882937 0.3065191 0.5000000
v 0.4064437 0.2942793 0.5090457
v 0.4080019 0.2933797 0.5000000
v 0.4020062 0.2968413 0.5167142
v 0.3953650 0.3006756 0.5218382
v 0.3875312 0.3051984 0.5236375
v 0.3796975 0.3097213 0.5218382
v 0.3730563 0.3135555 0.5167142
v 0.3686188 0.3161175 0.5090457
v 0.3670606 0.3170172 0.5000000
v 0.3686188 0.3161175 0.4909543
v 0.3730563 0.3135555 0.4832858
v 0.3796975 0.3097213 0.4781618
v 0.3875312 0.3051984 0.4763625
v 0.3953650 0.3006756 0.4781618
v 0.4020062 0.2968413 0.4832858
v 0.4064437 0.2942793 0.4909543
v 0.4036989 0.2852985 0.5099211
v 0.4054080 0.2843118 0.5000000
v 0.3988320 0.2881084 0.5183317
v 0.3915481 0.2923137 0.5239516
v 0.3829562 0.2972743 0.5259250
v 0.3743644 0.3022348 0.5239516
v 0.3670805 0.3064401 0.5183317
v 0.3622136 0.3092501 0.5099211
v 0.3605045 0.3102368 0.5000000
v 0.3622136 0.3092501 0.4900789
v 0.3670805 0.3064401 0.4816683
v 0.3743644 0.3022348 0.4760484
v 0.3829562 0.2972743 0.4740750
v 0.3915481 0.2923137 0.4760484
v 0.3988320 0.2881084 0.4816683
v 0.4036989 0.2852985 0.4900789
v 0.4121319 0.3394205 0.4489125
v 0.4110681 0.3400346 0.4518779
v 0.3546431 0.2423037 0.4518779
v 0.3557069 0.2416895 0.4489125
v 0.4085000 0.3415174 0.4531062
v 0.3520750 0.2437864 0.4531062
v 0.4059319 0.3430001 0.4518779
v 0.3495069 0.2452691 0.4518779
v 0.4048681 0.3436142 0.4489125
v 0.3484431 0.2458833 0.4489125
v 0.4059319 0.3430001 0.4459471
v 0.3495069 0.2452691 0.4459471
v 0.4085000 0.3415174 0.4447187
v 0.3520750 0.2437864 0.4447187
v 0.4110681 0.3400346 0.4459471
v 0.3546431 0.2423037 0.4459471
v 0.4121319 0.3394205 0.5510875
v 0.4110681 0.3400346 0.5540529
v 0.3546431 0.2423037 0.5540529
v 0.3557069 0.2416895 0.5510875
v 0.4085000 0.3415174 0.5552812
v 0.3520750 0.2437864 0.5552812
v 0.4059319 0.3430001 0.5540529
v 0.3495069 0.2452691 0.5540529
v 0.4048681 0.3436142 0.5510875
v 0.3484431 0.2458833 0.5510875
v 0.4059319 0.3430001 0.5481221
v 0.3495069 0.2452691 0.5481221
v 0.4085000 0.3415174 0.5468937
v 0.3520750 0.2437864 0.5468937
v 0.4110681 0.3400346 0.5481221
v 0.3546431 0.2423037 0.5481221
v 0.6397198 0.3235732 0.5000000
v 0.6375584 0.3223253 0.5125472
v 0.6460227 0.3175271 0.5145898
v 0.6485360 0.3189782 0.5000000
v 0.6314032 0.3187716 0.5231843
v 0.6388654 0.3133949 0.5269584
v 0.6221912 0.3134531 0.5302917
v 0.6281539 0.3072106 0.5352229
v 0.6113250 0.3071794 0.5327875
v 0.6155187 0.2999157 0.5381250
v 0.6004588 0.3009058 0.5302917
v 0.6028836 0.2926208 0.5352229
v 0.5912468 0.2955873 0.5231843
v 0.5921721 0.2864364 0.5269584
v 0.5850916 0.2920336 0.5125472
v 0.5850148 0.2823042 0.5145898
v 0.5829302 0.2907857 0.5000000
v 0.5825015 0.2808532 0.5000000
v 0.5850916 0.2920336 0.4874528
v 0.5850148 0.2823042 0.4854102
v 0.5912468 0.2955873 0.4768157
v 0.5921721 0.2864364 0.4730416
v 0.6004588 0.3009058 0.4697083
v 0.6028836 0.2926208 0.4647771
v 0.6113250 0.3071794 0.4672125
v 0.6155187 0.2999157 0.4618750
v 0.6221912 0.3134531 0.4697083
v 0.6281539 0.3072106 0.4647771
v 0.6314032 0.3187716 0.4768157
v 0.6388654 0.3133949 0.4730416
v 0.6375584 0.3223253 0.4874528
v 0.6460227 0.3175271 0.4854102
v 0.6544102 0.3029995 0.5145898
v 0.6569235 0.3044506 0.5000000
v 0.6472529 0.2988673 0.5269584
v 0.6365414 0.2926830 0.5352229
v 0.6239062 0.2853881 0.5381250
v 0.6112711 0.2780932 0.5352229
v 0.6005596 0.2719089 0.5269584
v 0.5934023 0.2677766 0.5145898
v 0.5908890 0.2663256 0.5000000
v 0.5934023 0.2677766 0.4854102
v 0.6005596 0.2719089 0.4730416
v 0.6112711 0.2780932 0.4647771
v 0.6239062 0.2853881 0.4618750
v 0.6365414 0.2926830 0.4647771
v 0.6472529 0.2988673 0.4730416
v 0.6544102 0.3029995 0.4854102
v 0.6543334 0.2932701 0.5125472
v 0.6564948 0.2945180 0.5000000
v 0.6481782 0.2897164 0.5231843
v 0.6389662 0.2843979 0.5302917
v 0.6281000 0.2781243 0.5327875
v 0.6172338 0.2718507 0.5302917
v 0.6080218 0.2665322 0.5231843
v 0.6018666 0.2629784 0.5125472
v 0.5997052 0.2617305 0.5000000
v 0.6018666 0.2629784 0.4874528
v 0.6080218 0.2665322 0.4768157
v 0.6172338 0.2718507 0.4697083
v 0.6281000 0.2781243 0.4672125
v 0.6389662 0.2843979 0.4697083
v 0.6481782 0.2897164 0.4768157
v 0.6543334 0.2932701 0.4874528
v 0.6117062 0.3065191 0.5000000
v 0.6313812 0.3161175 0.5090457
v 0.6329394 0.3170172 0.5000000
v 0.6269437 0.3135555 0.5167142
v 0.6203025 0.3097213 0.5218382
v 0.6124687 0.3051984 0.5236375
v 0.6046350 0.3006756 0.5218382
v 0.5979938 0.2968413 0.5167142
v 0.5935563 0.2942793 0.5090457
v 0.5919981 0.2933797 0.5000000
v 0.5935563 0.2942793 0.4909543
v 0.5979938 0.2968413 0.4832858
v 0.6046350 0.3006756 0.4781618
v 0.6124687 0.3051984 0.4763625
v 0.6203025 0.3097213 0.4781618
v 0.6269437 0.3135555 0.4832858
v 0.6313812 0.3161175 0.4909543
v 0.6377864 0.3092501 0.5099211
v 0.6394955 0.3102368 0.5000000
v 0.6329195 0.3064401 0.5183317
v 0.6256356 0.3022348 0.5239516
v 0.6170437 0.2972743 0.5259250
v 0.6084519 0.2923137 0.5239516
v 0.6011680 0.2881084 0.5183317
v 0.5963011 0.2852985 0.5099211
v 0.5945920 0.2843118 0.5000000
v 0.5963011 0.2852985 0.4900789
v 0.6011680 0.2881084 0.4816683
v 0.6084519 0.2923137 0.4760484
v 0.6170437 0.2972743 0.4740750
v 0.6256356 0.3022348 0.4760484
v 0.6329195 0.3064401 0.4816683
v 0.6377864 0.3092501 0.4900789
v 0.5951319 0.3436142 0.4489125
v 0.5940681 0.3430001 0.4518779
v 0.6504931 0.2452691 0.4518779
v 0.6515569 0.2458833 0.4489125
v 0.5915000 0.3415174 0.4531062
v 0.6479250 0.2437864 0.4531062
v 0.5889319 0.3400346 0.4518779
v 0.6453569 0.2423037 0.4518779
v 0.5878681 0.3394205 0.4489125
v 0.6442931 0.2416895 0.4489125
v 0.5889319 0.3400346 0.4459471
v 0.6453569 0.2423037 0.4459471
v 0.5915000 0.3415174 0.4447187
v 0.6479250 0.2437864 0.4447187
v 0.5940681 0.3430001 0.4459471
v 0.6504931 0.2452691 0.4459471
v 0.5951319 0.3436142 0.5510875
v 0.5940681 0.3430001 0.5540529
v 0.6504931 0.2452691 0.5540529
v 0.6515569 0.2458833 0.5510875
v 0.5915000 0.3415174 0.5552812
v 0.6479250 0.2437864 0.5552812
v 0.5889319 0.3400346 0.5540529
v 0.6453569 0.2423037 0.5540529
v 0.5878681 0.3394205 0.5510875
v 0.6442931 0.2416895 0.5510875
v 0.5889319 0.3400346 0.5481221
v 0.6453569 0.2423037 0.5481221
v 0.5915000 0.3415174 0.5468937
v 0.6479250 0.2437864 0.5468937
v 0.5940681 0.3430001 0.5481221
v 0.6504931 0.2452691 0.5481221
v 0.5419375 0.5112371 0.3379659
v 0.5434169 0.5000000 0.3379659
v 0.5000000 0.5000000 0.3322500
v 0.5376001 0.5217084 0.3379659
v 0.5307004 0.5307004 0.3379659
v 0.5217084 0.5376001 0.3379659
v 0.5112371 0.5419375 0.3379659
v 0.5000000 0.5434169 0.3379659
v 0.4887629 0.5419375 0.3379659
v 0.4782916 0.5376001 0.3379659
v 0.4692996 0.5307004 0.3379659
v 0.4623999 0.5217084 0.3379659
v 0.4580625 0.5112371 0.3379659
v 0.4565831 0.5000000 0.3379659
v 0.4580625 0.4887629 0.3379659
v 0.4623999 0.4782916 0.3379659
v 0.4692996 0.4692996 0.3379659
v 0.4782916 0.4623999 0.3379659
v 0.4887629 0.4580625 0.3379659
v 0.5000000 0.4565831 0.3379659
v 0.5112371 0.4580625 0.3379659
v 0.5217084 0.4623999 0.3379659
v 0.5307004 0.4692996 0.3379659
v 0.5376001 0.4782916 0.3379659
v 0.5419375 0.4887629 0.3379659
v 0.5810170 0.5217084 0.3547242
v 0.5838750 0.5000000 0.3547242
v 0.5726379 0.5419375 0.3547242
v 0.5593086 0.5593086 0.3547242
v 0.5419375 0.5726379 0.3547242
v 0.5217084 0.5810170 0.3547242
v 0.5000000 0.5838750 0.3547242
v 0.4782916 0.5810170 0.3547242
v 0.4580625 0.5726379 0.3547242
v 0.4406914 0.5593086 0.3547242
v 0.4273621 0.5419375 0.3547242
v 0.4189830 0.5217084 0.3547242
v 0.4161250 0.5000000 0.3547242
v 0.4189830 0.4782916 0.3547242
v 0.4273621 0.4580625 0.3547242
v 0.4406914 0.4406914 0.3547242
v 0.4580625 0.4273621 0.3547242
v 0.4782916 0.4189830 0.3547242
v 0.5000000 0.4161250 0.3547242
v 0.5217084 0.4189830 0.3547242
v 0.5419375 0.4273621 0.3547242
v 0.5593086 0.4406914 0.3547242
v 0.5726379 0.4580625 0.3547242
v 0.5810170 0.4782916 0.3547242
v 0.6145754 0.5307004 0.3813828
v 0.6186172 0.5000000 0.3813828
v 0.6027255 0.5593086 0.3813828
v 0.5838750 0.5838750 0.3813828
v 0.5593086 0.6027255 0.3813828
v 0.5307004 0.6145754 0.3813828
v 0.5000000 0.6186172 0.3813828
v 0.4692996 0.6145754 0.3813828
v 0.4406914 0.6027255 0.3813828
v 0.4161250 0.5838750 0.3813828
v 0.3972745 0.5593086 0.3813828
v 0.3854246 0.5307004 0.3813828
v 0.3813828 0.5000000 0.3813828
v 0.3854246 0.4692996 0.3813828
v 0.3972745 0.4406914 0.3813828
v 0.4161250 0.4161250 0.3813828
v 0.4406914 0.3972745 0.3813828
v 0.4692996 0.3854246 0.3813828
v 0.5000000 0.3813828 0.3813828
v 0.5307004 0.3854246 0.3813828
v 0.5593086 0.3972745 0.3813828
v 0.5838750 0.4161250 0.3813828
v 0.6027255 0.4406914 0.3813828
v 0.6145754 0.4692996 0.3813828
v 0.6403256 0.5376001 0.4161250
v 0.6452758 0.5000000 0.4161250
v 0.6258125 0.5726379 0.4161250
v 0.6027255 0.6027255 0.4161250
v 0.5726379 0.6258125 0.4161250
v 0.5376001 0.6403256 0.4161250
v 0.5000000 0.6452758 0.4161250
v 0.4623999 0.6403256 0.4161250
v 0.4273621 0.6258125 0.4161250
v 0.3972745 0.6027255 0.4161250
v 0.3741875 0.5726379 0.4161250
v 0.3596744 0.5376001 0.4161250
v 0.3547242 0.5000000 0.4161250
v 0.3596744 0.4623999 0.4161250
v 0.3741875 0.4273621 0.4161250
v 0.3972745 0.3972745 0.4161250
v 0.4273621 0.3741875 0.4161250
v 0.4623999 0.3596744 0.4161250
v 0.5000000 0.3547242 0.4161250
v 0.5376001 0.3596744 0.4161250
v 0.5726379 0.3741875 0.4161250
v 0.6027255 0.3972745 0.4161250
v 0.6258125 0.4273621 0.4161250
v 0.6403256 0.4623999 0.4161250
v 0.6565129 0.5419375 0.4565831
v 0.6620341 0.5000000 0.4565831
v 0.6403256 0.5810170 0.4565831
v 0.6145754 0.6145754 0.4565831
v 0.5810170 0.6403256 0.4565831
v 0.5419375 0.6565129 0.4565831
v 0.5000000 0.6620341 0.4565831
v 0.4580625 0.6565129 0.4565831
v 0.4189830 0.6403256 0.4565831
v 0.3854246 0.6145754 0.4565831
v 0.3596744 0.5810170 0.4565831
v 0.3434871 0.5419375 0.4565831
v 0.3379659 0.5000000 0.4565831
v 0.3434871 0.4580625 0.4565831
v 0.3596744 0.4189830 0.4565831
v 0.3854246 0.3854246 0.4565831
v 0.4189830 0.3596744 0.4565831
v 0.4580625 0.3434871 0.4565831
v 0.5000000 0.3379659 0.4565831
v 0.5419375 0.3434871 0.4565831
v 0.5810170 0.3596744 0.4565831
v 0.6145754 0.3854246 0.4565831
v 0.6403256 0.4189830 0.4565831
v 0.6565129 0.4580625 0.4565831
v 0.6620341 0.5434169 0.5000000
v 0.6677500 0.5000000 0.5000000
v 0.6452758 0.5838750 0.5000000
v 0.6186172 0.6186172 0.5000000
v 0.5838750 0.6452758 0.5000000
v 0.5434169 0.6620341 0.5000000
v 0.5000000 0.6677500 0.5000000
v 0.4565831 0.6620341 0.5000000
v 0.4161250 0.6452758 0.5000000
v 0.3813828 0.6186172 0.5000000
v 0.3547242 0.5838750 0.5000000
v 0.3379659 0.5434169 0.5000000
v 0.3322500 0.5000000 0.5000000
v 0.3379659 0.4565831 0.5000000
v 0.3547242 0.4161250 0.5000000
v 0.3813828 0.3813828 0.5000000
v 0.4161250 0.3547242 0.5000000
v 0.4565831 0.3379659 0.5000000
v 0.5000000 0.3322500 0.5000000
v 0.5434169 0.3379659 0.5000000
v 0.5838750 0.3547242 0.5000000
v 0.6186172 0.3813828 0.5000000
v 0.6452758 0.4161250 0.5000000
v 0.6620341 0.4565831 0.5000000
v 0.6565129 0.5419375 0.5434169
v 0.6620341 0.5000000 0.5434169
v 0.6403256 0.5810170 0.5434169
v 0.6145754 0.6145754 0.5434169
v 0.5810170 0.6403256 0.5434169
v 0.5419375 0.6565129 0.5434169
v 0.5000000 0.6620341 0.5434169
v 0.4580625 0.6565129 0.5434169
v 0.4189830 0.6403256 0.5434169
v 0.3854246 0.6145754 0.5434169
v 0.3596744 0.5810170 0.5434169
v 0.3434871 0.5419375 0.5434169
v 0.3379659 0.5000000 0.5434169
v 0.3434871 0.4580625 0.5434169
v 0.3596744 0.4189830 0.5434169
v 0.3854246 0.3854246 0.5434169
v 0.4189830 0.3596744 0.5434169
v 0.4580625 0.3434871 0.5434169
v 0.5000000 0.3379659 0.5434169
v 0.5419375 0.3434871 0.5434169
v 0.5810170 0.3596744 0.5434169
v 0.6145754 0.3854246 0.5434169
v 0.6403256 0.4189830 0.5434169
v 0.6565129 0.4580625 0.5434169
v 0.6403256 0.5376001 0.5838750
v 0.6452758 0.5000000 0.5838750
v 0.6258125 0.5726379 0.5838750
v 0.6027255 0.6027255 0.5838750
v 0.5726379 0.6258125 0.5838750
v 0.5376001 0.6403256 0.5838750
v 0.5000000 0.6452758 0.5838750
v 0.4623999 0.6403256 0.5838750
v 0.4273621 0.6258125 0.5838750
v 0.3972745 0.6027255 0.5838750
v 0.3741875 0.5726379 0.5838750
v 0.3596744 0.5376001 0.5838750
v 0.3547242 0.5000000 0.5838750
v 0.3596744 0.4623999 0.5838750
v 0.3741875 0.4273621 0.5838750
v 0.3972745 0.3972745 0.5838750
v 0.4273621 0.3741875 0.5838750
v 0.4623999 0.3596744 0.5838750
v 0.5000000 0.3547242 0.5838750
v 0.5376001 0.3596744 0.5838750
v 0.5726379 0.3741875 0.5838750
v 0.6027255 0.3972745 0.5838750
v 0.6258125 0.4273621 0.5838750
v 0.6403256 0.4623999 0.5838750
v 0.6145754 0.5307004 0.6186172
v 0.6186172 0.5000000 0.6186172
v 0.6027255 0.5593086 0.6186172
v 0.5838750 0.5838750 0.6186172
v 0.5593086 0.6027255 0.6186172
v 0.5307004 0.6145754 0.6186172
v 0.5000000 0.6186172 0.6186172
v 0.4692996 0.6145754 0.6186172
v 0.4406914 0.6027255 0.6186172
v 0.4161250 0.5838750 0.6186172
v 0.3972745 0.5593086 0.6186172
v 0.3854246 0.5307004 0.6186172
v 0.3813828 0.5000000 0.6186172
v 0.3854246 0.4692996 0.6186172
v 0.3972745 0.4406914 0.6186172
v 0.4161250 0.4161250 0.6186172
v 0.4406914 0.3972745 0.6186172
v 0.4692996 0.3854246 0.6186172
v 0.5000000 0.3813828 0.6186172
v 0.5307004 0.3854246 0.6186172
v 0.5593086 0.3972745 0.6186172
v 0.5838750 0.4161250 0.6186172
v 0.6027255 0.4406914 0.6186172
v 0.6145754 0.4692996 0.6186172
v 0.5810170 0.5217084 0.6452758
v 0.5838750 0.5000000 0.6452758
v 0.5726379 0.5419375 0.6452758
v 0.5593086 0.5593086 0.6452758
v 0.5419375 0.5726379 0.6452758
v 0.5217084 0.5810170 0.6452758
v 0.5000000 0.5838750 0.6452758
v 0.4782916 0.5810170 0.6452758
v 0.4580625 0.5726379 0.6452758
v 0.4406914 0.5593086 0.6452758
v 0.4273621 0.5419375 0.6452758
v 0.4189830 0.5217084 0.6452758
v 0.4161250 0.5000000 0.6452758
v 0.4189830 0.4782916 0.6452758
v 0.4273621 0.4580625 0.6452758
v 0.4406914 0.4406914 0.6452758
v 0.4580625 0.4273621 0.6452758
v 0.4782916 0.4189830 0.6452758
v 0.5000000 0.4161250 0.6452758
v 0.5217084 0.4189830 0.6452758
v 0.5419375 0.4273621 0.6452758
v 0.5593086 0.4406914 0.6452758
v 0.5726379 0.4580625 0.6452758
v 0.5810170 0.4782916 0.6452758
v 0.5419375 0.5112371 0.6620341
v 0.5434169 0.5000000 0.6620341
v 0.5376001 0.5217084 0.6620341
v 0.5307004 0.5307004 0.6620341
v 0.5217084 0.5376001 0.6620341
v 0.5112371 0.5419375 0.6620341
v 0.5000000 0.5434169 0.6620341
v 0.4887629 0.5419375 0.6620341
v 0.4782916 0.5376001 0.6620341
v 0.4692996 0.5307004 0.6620341
v 0.4623999 0.5217084 0.6620341
v 0.4580625 0.5112371 0.6620341
v 0.4565831 0.5000000 0.6620341
v 0.4580625 0.4887629 0.6620341
v 0.4623999 0.4782916 0.6620341
v 0.4692996 0.4692996 0.6620341
v 0.4782916 0.4623999 0.6620341
v 0.4887629 0.4580625 0.6620341
v 0.5000000 0.4565831 0.6620341
v 0.5112371 0.4580625 0.6620341
v 0.5217084 0.4623999 0.6620341
v 0.5307004 0.4692996 0.6620341
v 0.5376001 0.4782916 0.6620341
v 0.5419375 0.4887629 0.6620341
v 0.5000000 0.5000000 0.6677500
v 0.5000000 0.5000000 0.2590500
v 0.5676124 0.4818833 0.2590500
v 0.5699975 0.5000000 0.2590500
v 0.5606196 0.4650013 0.2590500
v 0.5494957 0.4505043 0.2590500
v 0.5349987 0.4393804 0.2590500
v 0.5181167 0.4323876 0.2590500
v 0.5000000 0.4300025 0.2590500
v 0.4818833 0.4323876 0.2590500
v 0.4650013 0.4393804 0.2590500
v 0.4505043 0.4505043 0.2590500
v 0.4393804 0.4650013 0.2590500
v 0.4323876 0.4818833 0.2590500
v 0.4300025 0.5000000 0.2590500
v 0.4323876 0.5181167 0.2590500
v 0.4393804 0.5349987 0.2590500
v 0.4505043 0.5494957 0.2590500
v 0.4650012 0.5606196 0.2590500
v 0.4818833 0.5676124 0.2590500
v 0.5000000 0.5699975 0.2590500
v 0.5181167 0.5676124 0.2590500
v 0.5349987 0.5606196 0.2590500
v 0.5494957 0.5494957 0.2590500
v 0.5606196 0.5349988 0.2590500
v 0.5676124 0.5181167 0.2590500
v 0.5751249 0.4798703 0.2533313
v 0.5777750 0.5000000 0.2533313
v 0.5673551 0.4611125 0.2533313
v 0.5549952 0.4450048 0.2533313
v 0.5388875 0.4326449 0.2533313
v 0.5201297 0.4248751 0.2533313
v 0.5000000 0.4222250 0.2533313
v 0.4798703 0.4248751 0.2533313
v 0.4611125 0.4326449 0.2533313
v 0.4450048 0.4450048 0.2533313
v 0.4326449 0.4611125 0.2533313
v 0.4248751 0.4798703 0.2533313
v 0.4222250 0.5000000 0.2533313
v 0.4248751 0.5201297 0.2533313
v 0.4326449 0.5388875 0.2533313
v 0.4450048 0.5549952 0.2533313
v 0.4611125 0.5673551 0.2533313
v 0.4798703 0.5751249 0.2533313
v 0.5000000 0.5777750 0.2533313
v 0.5201297 0.5751249 0.2533313
v 0.5388875 0.5673551 0.2533313
v 0.5549952 0.5549952 0.2533313
v 0.5673551 0.5388875 0.2533313
v 0.5751249 0.5201297 0.2533313
v 0.5751249 0.4798703 0.2430375
v 0.5777750 0.5000000 0.2430375
v 0.5673551 0.4611125 0.2430375
v 0.5549952 0.4450048 0.2430375
v 0.5388875 0.4326449 0.2430375
v 0.5201297 0.4248751 0.2430375
v 0.5000000 0.4222250 0.2430375
v 0.4798703 0.4248751 0.2430375
v 0.4611125 0.4326449 0.2430375
v 0.4450048 0.4450048 0.2430375
v 0.4326449 0.4611125 0.2430375
v 0.4248751 0.4798703 0.2430375
v 0.4222250 0.5000000 0.2430375
v 0.4248751 0.5201297 0.2430375
v 0.4326449 0.5388875 0.2430375
v 0.4450048 0.5549952 0.2430375
v 0.4611125 0.5673551 0.2430375
v 0.4798703 0.5751249 0.2430375
v 0.5000000 0.5777750 0.2430375
v 0.5201297 0.5751249 0.2430375
v 0.5388875 0.5673551 0.2430375
v 0.5549952 0.5549952 0.2430375
v 0.5673551 0.5388875 0.2430375
v 0.5751249 0.5201297 0.2430375
v 0.5600999 0.4838963 0.2377000
v 0.5622200 0.5000000 0.2377000
v 0.5538841 0.4688900 0.2377000
v 0.5439962 0.4560038 0.2377000
v 0.5311100 0.4461159 0.2377000
v 0.5161037 0.4399001 0.2377000
v 0.5000000 0.4377800 0.2377000
v 0.4838963 0.4399001 0.2377000
v 0.4688900 0.4461159 0.2377000
v 0.4560038 0.4560038 0.2377000
v 0.4461159 0.4688900 0.2377000
v 0.4399001 0.4838963 0.2377000
v 0.4377800 0.5000000 0.2377000
v 0.4399001 0.5161037 0.2377000
v 0.4461159 0.5311100 0.2377000
v 0.4560038 0.5439962 0.2377000
v 0.4688900 0.5538841 0.2377000
v 0.4838963 0.5600999 0.2377000
v 0.5000000 0.5622200 0.2377000
v 0.5161037 0.5600999 0.2377000
v 0.5311100 0.5538841 0.2377000
v 0.5439962 0.5439962 0.2377000
v 0.5538841 0.5311100 0.2377000
v 0.5600999 0.5161037 0.2377000
v 0.5488312 0.4869157 0.2377000
v 0.5505537 0.5000000 0.2377000
v 0.5437808 0.4747231 0.2377000
v 0.5357469 0.4642531 0.2377000
v 0.5252769 0.4562192 0.2377000
v 0.5130843 0.4511688 0.2377000
v 0.5000000 0.4494462 0.2377000
v 0.4869157 0.4511688 0.2377000
v 0.4747231 0.4562192 0.2377000
v 0.4642531 0.4642531 0.2377000
v 0.4562192 0.4747231 0.2377000
v 0.4511688 0.4869157 0.2377000
v 0.4494462 0.5000000 0.2377000
v 0.4511688 0.5130843 0.2377000
v 0.4562192 0.5252769 0.2377000
v 0.4642531 0.5357469 0.2377000
v 0.4747231 0.5437808 0.2377000
v 0.4869157 0.5488312 0.2377000
v 0.5000000 0.5505537 0.2377000
v 0.5130843 0.5488312 0.2377000
v 0.5252769 0.5437808 0.2377000
v 0.5357469 0.5357469 0.2377000
v 0.5437808 0.5252769 0.2377000
v 0.5488312 0.5130843 0.2377000
v 0.5488312 0.4869157 0.2491375
v 0.5505537 0.5000000 0.2491375
v 0.5437808 0.4747231 0.2491375
v 0.5357469 0.4642531 0.2491375
v 0.5252769 0.4562192 0.2491375
v 0.5130843 0.4511688 0.2491375
v 0.5000000 0.4494462 0.2491375
v 0.4869157 0.4511688 0.2491375
v 0.4747231 0.4562192 0.2491375
v 0.4642531 0.4642531 0.2491375
v 0.4562192 0.4747231 0.2491375
v 0.4511688 0.4869157 0.2491375
v 0.4494462 0.5000000 0.2491375
v 0.4511688 0.5130843 0.2491375
v 0.4562192 0.5252769 0.2491375
v 0.4642531 0.5357469 0.2491375
v 0.4747231 0.5437808 0.2491375
v 0.4869157 0.5488312 0.2491375
v 0.5000000 0.5505537 0.2491375
v 0.5130843 0.5488312 0.2491375
v 0.5252769 0.5437808 0.2491375
v 0.5357469 0.5357469 0.2491375
v 0.5437808 0.5252769 0.2491375
v 0.5488312 0.5130843 0.2491375
v 0.5000000 0.5000000 0.2491375
v 0.5521092 0.5000000 0.2487562
v 0.5503337 0.4865131 0.2487562
v 0.5570949 0.4847015 0.2476125
v 0.5591090 0.5000000 0.2476125
v 0.5451279 0.4739454 0.2487562
v 0.5511899 0.4704455 0.2476125
v 0.5368468 0.4631532 0.2487562
v 0.5417964 0.4582036 0.2476125
v 0.5260546 0.4548721 0.2487562
v 0.5295545 0.4488101 0.2476125
v 0.5134869 0.4496663 0.2487562
v 0.5152985 0.4429051 0.2476125
v 0.5000000 0.4478908 0.2487562
v 0.5000000 0.4408910 0.2476125
v 0.4865131 0.4496663 0.2487562
v 0.4847015 0.4429051 0.2476125
v 0.4739454 0.4548721 0.2487562
v 0.4704455 0.4488101 0.2476125
v 0.4631532 0.4631532 0.2487562
v 0.4582036 0.4582036 0.2476125
v 0.4548721 0.4739454 0.2487562
v 0.4488101 0.4704455 0.2476125
v 0.4496663 0.4865131 0.2487562
v 0.4429051 0.4847015 0.2476125
v 0.4478908 0.5000000 0.2487562
v 0.4408910 0.5000000 0.2476125
v 0.4496663 0.5134869 0.2487562
v 0.4429051 0.5152985 0.2476125
v 0.4548721 0.5260546 0.2487562
v 0.4488101 0.5295545 0.2476125
v 0.4631532 0.5368468 0.2487562
v 0.4582036 0.5417964 0.2476125
v 0.4739454 0.5451279 0.2487562
v 0.4704455 0.5511899 0.2476125
v 0.4865131 0.5503337 0.2487562
v 0.4847015 0.5570949 0.2476125
v 0.5000000 0.5521092 0.2487562
v 0.5000000 0.5591090 0.2476125
v 0.5134869 0.5503337 0.2487562
v 0.5152985 0.5570949 0.2476125
v 0.5260546 0.5451279 0.2487562
v 0.5295545 0.5511899 0.2476125
v 0.5368468 0.5368468 0.2487562
v 0.5417964 0.5417964 0.2476125
v 0.5451279 0.5260546 0.2487562
v 0.5511899 0.5295545 0.2476125
v 0.5503337 0.5134869 0.2487562
v 0.5570949 0.5152985 0.2476125
v 0.5570949 0.4847015 0.2438000
v 0.5591090 0.5000000 0.2438000
v 0.5511899 0.4704455 0.2438000
v 0.5417964 0.4582036 0.2438000
v 0.5295545 0.4488101 0.2438000
v 0.5152985 0.4429051 0.2438000
v 0.5000000 0.4408910 0.2438000
v 0.4847015 0.4429051 0.2438000
v 0.4704455 0.4488101 0.2438000
v 0.4582036 0.4582036 0.2438000
v 0.4488101 0.4704455 0.2438000
v 0.4429051 0.4847015 0.2438000
v 0.4408910 0.5000000 0.2438000
v 0.4429051 0.5152985 0.2438000
v 0.4488101 0.5295545 0.2438000
v 0.4582036 0.5417964 0.2438000
v 0.4704455 0.5511899 0.2438000
v 0.4847015 0.5570949 0.2438000
v 0.5000000 0.5591090 0.2438000
v 0.5152985 0.5570949 0.2438000
v 0.5295545 0.5511899 0.2438000
v 0.5417964 0.5417964 0.2438000
v 0.5511899 0.5295545 0.2438000
v 0.5570949 0.5152985 0.2438000
v 0.5503337 0.4865131 0.2430375
v 0.5521092 0.5000000 0.2430375
v 0.5451279 0.4739454 0.2430375
v 0.5368468 0.4631532 0.2430375
v 0.5260546 0.4548721 0.2430375
v 0.5134869 0.4496663 0.2430375
v 0.5000000 0.4478908 0.2430375
v 0.4865131 0.4496663 0.2430375
v 0.4739454 0.4548721 0.2430375
v 0.4631532 0.4631532 0.2430375
v 0.4548721 0.4739454 0.2430375
v 0.4496663 0.4865131 0.2430375
v 0.4478908 0.5000000 0.2430375
v 0.4496663 0.5134869 0.2430375
v 0.4548721 0.5260546 0.2430375
v 0.4631532 0.5368468 0.2430375
v 0.4739454 0.5451279 0.2430375
v 0.4865131 0.5503337 0.2430375
v 0.5000000 0.5521092 0.2430375
v 0.5134869 0.5503337 0.2430375
v 0.5260546 0.5451279 0.2430375
v 0.5368468 0.5368468 0.2430375
v 0.5451279 0.5260546 0.2430375
v 0.5503337 0.5134869 0.2430375
v 0.5000000 0.5000000 0.2486800
v 0.5420699 0.4887274 0.2486800
v 0.5435540 0.5000000 0.2486800
v 0.5377189 0.4782230 0.2486800
v 0.5307973 0.4692027 0.2486800
v 0.5217770 0.4622811 0.2486800
v 0.5112726 0.4579301 0.2486800
v 0.5000000 0.4564460 0.2486800
v 0.4887274 0.4579301 0.2486800
v 0.4782230 0.4622811 0.2486800
v 0.4692027 0.4692027 0.2486800
v 0.4622811 0.4782230 0.2486800
v 0.4579301 0.4887274 0.2486800
v 0.4564460 0.5000000 0.2486800
v 0.4579301 0.5112726 0.2486800
v 0.4622811 0.5217770 0.2486800
v 0.4692027 0.5307973 0.2486800
v 0.4782230 0.5377189 0.2486800
v 0.4887274 0.5420699 0.2486800
v 0.5000000 0.5435540 0.2486800
v 0.5112726 0.5420699 0.2486800
v 0.5217770 0.5377189 0.2486800
v 0.5307973 0.5307973 0.2486800
v 0.5377189 0.5217770 0.2486800
v 0.5420699 0.5112726 0.2486800
v 0.5420699 0.4887274 0.2466975
v 0.5435540 0.5000000 0.2466975
v 0.5377189 0.4782230 0.2466975
v 0.5307973 0.4692027 0.2466975
v 0.5217770 0.4622811 0.2466975
v 0.5112726 0.4579301 0.2466975
v 0.5000000 0.4564460 0.2466975
v 0.4887274 0.4579301 0.2466975
v 0.4782230 0.4622811 0.2466975
v 0.4692027 0.4692027 0.2466975
v 0.4622811 0.4782230 0.2466975
v 0.4579301 0.4887274 0.2466975
v 0.4564460 0.5000000 0.2466975
v 0.4579301 0.5112726 0.2466975
v 0.4622811 0.5217770 0.2466975
v 0.4692027 0.5307973 0.2466975
v 0.4782230 0.5377189 0.2466975
v 0.4887274 0.5420699 0.2466975
v 0.5000000 0.5435540 0.2466975
v 0.5112726 0.5420699 0.2466975
v 0.5217770 0.5377189 0.2466975
v 0.5307973 0.5307973 0.2466975
v 0.5377189 0.5217770 0.2466975
v 0.5420699 0.5112726 0.2466975
v 0.5000000 0.5000000 0.2466975
v 0.5129401 0.5053599 0.2023610
v 0.5140062 0.5000000 0.2023610
v 0.5000000 0.5000000 0.1995750
v 0.5099039 0.5099039 0.2023610
v 0.5053599 0.5129401 0.2023610
v 0.5000000 0.5140062 0.2023610
v 0.4946401 0.5129401 0.2023610
v 0.4900961 0.5099039 0.2023610
v 0.4870599 0.5053599 0.2023610
v 0.4859938 0.5000000 0.2023610
v 0.4870599 0.4946401 0.2023610
v 0.4900961 0.4900961 0.2023610
v 0.4946401 0.4870599 0.2023610
v 0.5000000 0.4859938 0.2023610
v 0.5053599 0.4870599 0.2023610
v 0.5099039 0.4900961 0.2023610
v 0.5129401 0.4946401 0.2023610
v 0.5239101 0.5099039 0.2102949
v 0.5258801 0.5000000 0.2102949
v 0.5183000 0.5183000 0.2102949
v 0.5099039 0.5239101 0.2102949
v 0.5000000 0.5258801 0.2102949
v 0.4900961 0.5239101 0.2102949
v 0.4817000 0.5183000 0.2102949
v 0.4760899 0.5099039 0.2102949
v 0.4741199 0.5000000 0.2102949
v 0.4760899 0.4900961 0.2102949
v 0.4817000 0.4817000 0.2102949
v 0.4900961 0.4760899 0.2102949
v 0.5000000 0.4741199 0.2102949
v 0.5099039 0.4760899 0.2102949
v 0.5183000 0.4817000 0.2102949
v 0.5239101 0.4900961 0.2102949
v 0.5312401 0.5129401 0.2221688
v 0.5338140 0.5000000 0.2221688
v 0.5239101 0.5239101 0.2221688
v 0.5129401 0.5312401 0.2221688
v 0.5000000 0.5338140 0.2221688
v 0.4870599 0.5312401 0.2221688
v 0.4760899 0.5239101 0.2221688
v 0.4687599 0.5129401 0.2221688
v 0.4661860 0.5000000 0.2221688
v 0.4687599 0.4870599 0.2221688
v 0.4760899 0.4760899 0.2221688
v 0.4870599 0.4687599 0.2221688
v 0.5000000 0.4661860 0.2221688
v 0.5129401 0.4687599 0.2221688
v 0.5239101 0.4760899 0.2221688
v 0.5312401 0.4870599 0.2221688
v 0.5338140 0.5140062 0.2361750
v 0.5366000 0.5000000 0.2361750
v 0.5258801 0.5258801 0.2361750
v 0.5140062 0.5338140 0.2361750
v 0.5000000 0.5366000 0.2361750
v 0.4859938 0.5338140 0.2361750
v 0.4741199 0.5258801 0.2361750
v 0.4661860 0.5140062 0.2361750
v 0.4634000 0.5000000 0.2361750
v 0.4661860 0.4859938 0.2361750
v 0.4741199 0.4741199 0.2361750
v 0.4859938 0.4661860 0.2361750
v 0.5000000 0.4634000 0.2361750
v 0.5140062 0.4661860 0.2361750
v 0.5258801 0.4741199 0.2361750
v 0.5338140 0.4859938 0.2361750
v 0.5312401 0.5129401 0.2501812
v 0.5338140 0.5000000 0.2501812
v 0.5239101 0.5239101 0.2501812
v 0.5129401 0.5312401 0.2501812
v 0.5000000 0.5338140 0.2501812
v 0.4870599 0.5312401 0.2501812
v 0.4760899 0.5239101 0.2501812
v 0.4687599 0.5129401 0.2501812
v 0.4661860 0.5000000 0.2501812
v 0.4687599 0.4870599 0.2501812
v 0.4760899 0.4760899 0.2501812
v 0.4870599 0.4687599 0.2501812
v 0.5000000 0.4661860 0.2501812
v 0.5129401 0.4687599 0.2501812
v 0.5239101 0.4760899 0.2501812
v 0.5312401 0.4870599 0.2501812
v 0.5239101 0.5099039 0.2620551
v 0.5258801 0.5000000 0.2620551
v 0.5183000 0.5183000 0.2620551
v 0.5099039 0.5239101 0.2620551
v 0.5000000 0.5258801 0.2620551
v 0.4900961 0.5239101 0.2620551
v 0.4817000 0.5183000 0.2620551
v 0.4760899 0.5099039 0.2620551
v 0.4741199 0.5000000 0.2620551
v 0.4760899 0.4900961 0.2620551
v 0.4817000 0.4817000 0.2620551
v 0.4900961 0.4760899 0.2620551
v 0.5000000 0.4741199 0.2620551
v 0.5099039 0.4760899 0.2620551
v 0.5183000 0.4817000 0.2620551
v 0.5239101 0.4900961 0.2620551
v 0.5129401 0.5053599 0.2699890
v 0.5140062 0.5000000 0.2699890
v 0.5099039 0.5099039 0.2699890
v 0.5053599 0.5129401 0.2699890
v 0.5000000 0.5140062 0.2699890
v 0.4946401 0.5129401 0.2699890
v 0.4900961 0.5099039 0.2699890
v 0.4870599 0.5053599 0.2699890
v 0.4859938 0.5000000 0.2699890
v 0.4870599 0.4946401 0.2699890
v 0.4900961 0.4900961 0.2699890
v 0.4946401 0.4870599 0.2699890
v 0.5000000 0.4859938 0.2699890
v 0.5053599 0.4870599 0.2699890
v 0.5099039 0.4900961 0.2699890
v 0.5129401 0.4946401 0.2699890
v 0.5000000 0.5000000 0.2727750
v 0.5000000 0.5000000 0.7409500
v 0.5676124 0.5181167 0.7409500
v 0.5699975 0.5000000 0.7409500
v 0.5606196 0.5349987 0.7409500
v 0.5494957 0.5494957 0.7409500
v 0.5349987 0.5606196 0.7409500
v 0.5181167 0.5676124 0.7409500
v 0.5000000 0.5699975 0.7409500
v 0.4818833 0.5676124 0.7409500
v 0.4650013 0.5606196 0.7409500
v 0.4505043 0.5494957 0.7409500
v 0.4393804 0.5349987 0.7409500
v 0.4323876 0.5181167 0.7409500
v 0.4300025 0.5000000 0.7409500
v 0.4323876 0.4818833 0.7409500
v 0.4393804 0.4650013 0.7409500
v 0.4505043 0.4505043 0.7409500
v 0.4650012 0.4393804 0.7409500
v 0.4818833 0.4323876 0.7409500
v 0.5000000 0.4300025 0.7409500
v 0.5181167 0.4323876 0.7409500
v 0.5349987 0.4393804 0.7409500
v 0.5494957 0.4505043 0.7409500
v 0.5606196 0.4650012 0.7409500
v 0.5676124 0.4818833 0.7409500
v 0.5751249 0.5201297 0.7466687
v 0.5777750 0.5000000 0.7466687
v 0.5673551 0.5388875 0.7466687
v 0.5549952 0.5549952 0.7466687
v 0.5388875 0.5673551 0.7466687
v 0.5201297 0.5751249 0.7466687
v 0.5000000 0.5777750 0.7466687
v 0.4798703 0.5751249 0.7466687
v 0.4611125 0.5673551 0.7466687
v 0.4450048 0.5549952 0.7466687
v 0.4326449 0.5388875 0.7466687
v 0.4248751 0.5201297 0.7466687
v 0.4222250 0.5000000 0.7466687
v 0.4248751 0.4798703 0.7466687
v 0.4326449 0.4611125 0.7466687
v 0.4450048 0.4450048 0.7466687
v 0.4611125 0.4326449 0.7466687
v 0.4798703 0.4248751 0.7466687
v 0.5000000 0.4222250 0.7466687
v 0.5201297 0.4248751 0.7466687
v 0.5388875 0.4326449 0.7466687
v 0.5549952 0.4450048 0.7466687
v 0.5673551 0.4611125 0.7466687
v 0.5751249 0.4798703 0.7466687
v 0.5751249 0.5201297 0.7569625
v 0.5777750 0.5000000 0.7569625
v 0.5673551 0.5388875 0.7569625
v 0.5549952 0.5549952 0.7569625
v 0.5388875 0.5673551 0.7569625
v 0.5201297 0.5751249 0.7569625
v 0.5000000 0.5777750 0.7569625
v 0.4798703 0.5751249 0.7569625
v 0.4611125 0.5673551 0.7569625
v 0.4450048 0.5549952 0.7569625
v 0.4326449 0.5388875 0.7569625
v 0.4248751 0.5201297 0.7569625
v 0.4222250 0.5000000 0.7569625
v 0.4248751 0.4798703 0.7569625
v 0.4326449 0.4611125 0.7569625
v 0.4450048 0.4450048 0.7569625
v 0.4611125 0.4326449 0.7569625
v 0.4798703 0.4248751 0.7569625
v 0.5000000 0.4222250 0.7569625
v 0.5201297 0.4248751 0.7569625
v 0.5388875 0.4326449 0.7569625
v 0.5549952 0.4450048 0.7569625
v 0.5673551 0.4611125 0.7569625
v 0.5751249 0.4798703 0.7569625
v 0.5600999 0.5161037 0.7623000
v 0.5622200 0.5000000 0.7623000
v 0.5538841 0.5311100 0.7623000
v 0.5439962 0.5439962 0.7623000
v 0.5311100 0.5538841 0.7623000
v 0.5161037 0.5600999 0.7623000
v 0.5000000 0.5622200 0.7623000
v 0.4838963 0.5600999 0.7623000
v 0.4688900 0.5538841 0.7623000
v 0.4560038 0.5439962 0.7623000
v 0.4461159 0.5311100 0.7623000
v 0.4399001 0.5161037 0.7623000
v 0.4377800 0.5000000 0.7623000
v 0.4399001 0.4838963 0.7623000
v 0.4461159 0.4688900 0.7623000
v 0.4560038 0.4560038 0.7623000
v 0.4688900 0.4461159 0.7623000
v 0.4838963 0.4399001 0.7623000
v 0.5000000 0.4377800 0.7623000
v 0.5161037 0.4399001 0.7623000
v 0.5311100 0.4461159 0.7623000
v 0.5439962 0.4560038 0.7623000
v 0.5538841 0.4688900 0.7623000
v 0.5600999 0.4838963 0.7623000
v 0.5488312 0.5130843 0.7623000
v 0.5505537 0.5000000 0.7623000
v 0.5437808 0.5252769 0.7623000
v 0.5357469 0.5357469 0.7623000
v 0.5252769 0.5437808 0.7623000
v 0.5130843 0.5488312 0.7623000
v 0.5000000 0.5505537 0.7623000
v 0.4869157 0.5488312 0.7623000
v 0.4747231 0.5437808 0.7623000
v 0.4642531 0.5357469 0.7623000
v 0.4562192 0.5252769 0.7623000
v 0.4511688 0.5130843 0.7623000
v 0.4494462 0.5000000 0.7623000
v 0.4511688 0.4869157 0.7623000
v 0.4562192 0.4747231 0.7623000
v 0.4642531 0.4642531 0.7623000
v 0.4747231 0.4562192 0.7623000
v 0.4869157 0.4511688 0.7623000
v 0.5000000 0.4494462 0.7623000
v 0.5130843 0.4511688 0.7623000
v 0.5252769 0.4562192 0.7623000
v 0.5357469 0.4642531 0.7623000
v 0.5437808 0.4747231 0.7623000
v 0.5488312 0.4869157 0.7623000
v 0.5488312 0.5130843 0.7508625
v 0.5505537 0.5000000 0.7508625
v 0.5437808 0.5252769 0.7508625
v 0.5357469 0.5357469 0.7508625
v 0.5252769 0.5437808 0.7508625
v 0.5130843 0.5488312 0.7508625
v 0.5000000 0.5505537 0.7508625
v 0.4869157 0.5488312 0.7508625
v 0.4747231 0.5437808 0.7508625
v 0.4642531 0.5357469 0.7508625
v 0.4562192 0.5252769 0.7508625
v 0.4511688 0.5130843 0.7508625
v 0.4494462 0.5000000 0.7508625
v 0.4511688 0.4869157 0.7508625
v 0.4562192 0.4747231 0.7508625
v 0.4642531 0.4642531 0.7508625
v 0.4747231 0.4562192 0.7508625
v 0.4869157 0.4511688 0.7508625
v 0.5000000 0.4494462 0.7508625
v 0.5130843 0.4511688 0.7508625
v 0.5252769 0.4562192 0.7508625
v 0.5357469 0.4642531 0.7508625
v 0.5437808 0.4747231 0.7508625
v 0.5488312 0.4869157 0.7508625
v 0.5000000 0.5000000 0.7508625
v 0.5521092 0.5000000 0.7512437
v 0.5503337 0.5134869 0.7512437
v 0.5570949 0.5152985 0.7523875
v 0.5591090 0.5000000 0.7523875
v 0.5451279 0.5260546 0.7512437
v 0.5511899 0.5295545 0.7523875
v 0.5368468 0.5368468 0.7512437
v 0.5417964 0.5417964 0.7523875
v 0.5260546 0.5451279 0.7512437
v 0.5295545 0.5511899 0.7523875
v 0.5134869 0.5503337 0.7512437
v 0.5152985 0.5570949 0.7523875
v 0.5000000 0.5521092 0.7512437
v 0.5000000 0.5591090 0.7523875
v 0.4865131 0.5503337 0.7512437
v 0.4847015 0.5570949 0.7523875
v 0.4739454 0.5451279 0.7512437
v 0.4704455 0.5511899 0.7523875
v 0.4631532 0.5368468 0.7512437
v 0.4582036 0.5417964 0.7523875
v 0.4548721 0.5260546 0.7512437
v 0.4488101 0.5295545 0.7523875
v 0.4496663 0.5134869 0.7512437
v 0.4429051 0.5152985 0.7523875
v 0.4478908 0.5000000 0.7512437
v 0.4408910 0.5000000 0.7523875
v 0.4496663 0.4865131 0.7512437
v 0.4429051 0.4847015 0.7523875
v 0.4548721 0.4739454 0.7512437
v 0.4488101 0.4704455 0.7523875
v 0.4631532 0.4631532 0.7512437
v 0.4582036 0.4582036 0.7523875
v 0.4739454 0.4548721 0.7512437
v 0.4704455 0.4488101 0.7523875
v 0.4865131 0.4496663 0.7512437
v 0.4847015 0.4429051 0.7523875
v 0.5000000 0.4478908 0.7512437
v 0.5000000 0.4408910 0.7523875
v 0.5134869 0.4496663 0.7512437
v 0.5152985 0.4429051 0.7523875
v 0.5260546 0.4548721 0.7512437
v 0.5295545 0.4488101 0.7523875
v 0.5368468 0.4631532 0.7512437
v 0.5417964 0.4582036 0.7523875
v 0.5451279 0.4739454 0.7512437
v 0.5511899 0.4704455 0.7523875
v 0.5503337 0.4865131 0.7512437
v 0.5570949 0.4847015 0.7523875
v 0.5570949 0.5152985 0.7562000
v 0.5591090 0.5000000 0.7562000
v 0.5511899 0.5295545 0.7562000
v 0.5417964 0.5417964 0.7562000
v 0.5295545 0.5511899 0.7562000
v 0.5152985 0.5570949 0.7562000
v 0.5000000 0.5591090 0.7562000
v 0.4847015 0.5570949 0.7562000
v 0.4704455 0.5511899 0.7562000
v 0.4582036 0.5417964 0.7562000
v 0.4488101 0.5295545 0.7562000
v 0.4429051 0.5152985 0.7562000
v 0.4408910 0.5000000 0.7562000
v 0.4429051 0.4847015 0.7562000
v 0.4488101 0.4704455 0.7562000
v 0.4582036 0.4582036 0.7562000
v 0.4704455 0.4488101 0.7562000
v 0.4847015 0.4429051 0.7562000
v 0.5000000 0.4408910 0.7562000
v 0.5152985 0.4429051 0.7562000
v 0.5295545 0.4488101 0.7562000
v 0.5417964 0.4582036 0.7562000
v 0.5511899 0.4704455 0.7562000
v 0.5570949 0.4847015 0.7562000
v 0.5503337 0.5134869 0.7569625
v 0.5521092 0.5000000 0.7569625
v 0.5451279 0.5260546 0.7569625
v 0.5368468 0.5368468 0.7569625
v 0.5260546 0.5451279 0.7569625
v 0.5134869 0.5503337 0.7569625
v 0.5000000 0.5521092 0.7569625
v 0.4865131 0.5503337 0.7569625
v 0.4739454 0.5451279 0.7569625
v 0.4631532 0.5368468 0.7569625
v 0.4548721 0.5260546 0.7569625
v 0.4496663 0.5134869 0.7569625
v 0.4478908 0.5000000 0.7569625
v 0.4496663 0.4865131 0.7569625
v 0.4548721 0.4739454 0.7569625
v 0.4631532 0.4631532 0.7569625
v 0.4739454 0.4548721 0.7569625
v 0.4865131 0.4496663 0.7569625
v 0.5000000 0.4478908 0.7569625
v 0.5134869 0.4496663 0.7569625
v 0.5260546 0.4548721 0.7569625
v 0.5368468 0.4631532 0.7569625
v 0.5451279 0.4739454 0.7569625
v 0.5503337 0.4865131 0.7569625
v 0.5000000 0.5000000 0.7513200
v 0.5420699 0.5112726 0.7513200
v 0.5435540 0.5000000 0.7513200
v 0.5377189 0.5217770 0.7513200
v 0.5307973 0.5307973 0.7513200
v 0.5217770 0.5377189 0.7513200
v 0.5112726 0.5420699 0.7513200
v 0.5000000 0.5435540 0.7513200
v 0.4887274 0.5420699 0.7513200
v 0.4782230 0.5377189 0.7513200
v 0.4692027 0.5307973 0.7513200
v 0.4622811 0.5217770 0.7513200
v 0.4579301 0.5112726 0.7513200
v 0.4564460 0.5000000 0.7513200
v 0.4579301 0.4887274 0.7513200
v 0.4622811 0.4782230 0.7513200
v 0.4692027 0.4692027 0.7513200
v 0.4782230 0.4622811 0.7513200
v 0.4887274 0.4579301 0.7513200
v 0.5000000 0.4564460 0.7513200
v 0.5112726 0.4579301 0.7513200
v 0.5217770 0.4622811 0.7513200
v 0.5307973 0.4692027 0.7513200
v 0.5377189 0.4782230 0.7513200
v 0.5420699 0.4887274 0.7513200
v 0.5420699 0.5112726 0.7533025
v 0.5435540 0.5000000 0.7533025
v 0.5377189 0.5217770 0.7533025
v 0.5307973 0.5307973 0.7533025
v 0.5217770 0.5377189 0.7533025
v 0.5112726 0.5420699 0.7533025
v 0.5000000 0.5435540 0.7533025
v 0.4887274 0.5420699 0.7533025
v 0.4782230 0.5377189 0.7533025
v 0.4692027 0.5307973 0.7533025
v 0.4622811 0.5217770 0.7533025
v 0.4579301 0.5112726 0.7533025
v 0.4564460 0.5000000 0.7533025
v 0.4579301 0.4887274 0.7533025
v 0.4622811 0.4782230 0.7533025
v 0.4692027 0.4692027 0.7533025
v 0.4782230 0.4622811 0.7533025
v 0.4887274 0.4579301 0.7533025
v 0.5000000 0.4564460 0.7533025
v 0.5112726 0.4579301 0.7533025
v 0.5217770 0.4622811 0.7533025
v 0.5307973 0.4692027 0.7533025
v 0.5377189 0.4782230 0.7533025
v 0.5420699 0.4887274 0.7533025
v 0.5000000 0.5000000 0.7533025
v 0.5129401 0.5053599 0.7300110
v 0.5140062 0.5000000 0.7300110
v 0.5000000 0.5000000 0.7272250
v 0.5099039 0.5099039 0.7300110
v 0.5053599 0.5129401 0.7300110
v 0.5000000 0.5140062 0.7300110
v 0.4946401 0.5129401 0.7300110
v 0.4900961 0.5099039 0.7300110
v 0.4870599 0.5053599 0.7300110
v 0.4859938 0.5000000 0.7300110
v 0.4870599 0.4946401 0.7300110
v 0.4900961 0.4900961 0.7300110
v 0.4946401 0.4870599 0.7300110
v 0.5000000 0.4859938 0.7300110
v 0.5053599 0.4870599 0.7300110
v 0.5099039 0.4900961 0.7300110
v 0.5129401 0.4946401 0.7300110
v 0.5239101 0.5099039 0.7379449
v 0.5258801 0.5000000 0.7379449
v 0.5183000 0.5183000 0.7379449
v 0.5099039 0.5239101 0.7379449
v 0.5000000 0.5258801 0.7379449
v 0.4900961 0.5239101 0.7379449
v 0.4817000 0.5183000 0.7379449
v 0.4760899 0.5099039 0.7379449
v 0.4741199 0.5000000 0.7379449
v 0.4760899 0.4900961 0.7379449
v 0.4817000 0.4817000 0.7379449
v 0.4900961 0.4760899 0.7379449
v 0.5000000 0.4741199 0.7379449
v 0.5099039 0.4760899 0.7379449
v 0.5183000 0.4817000 0.7379449
v 0.5239101 0.4900961 0.7379449
v 0.5312401 0.5129401 0.7498188
v 0.5338140 0.5000000 0.7498188
v 0.5239101 0.5239101 0.7498188
v 0.5129401 0.5312401 0.7498188
v 0.5000000 0.5338140 0.7498188
v 0.4870599 0.5312401 0.7498188
v 0.4760899 0.5239101 0.7498188
v 0.4687599 0.5129401 0.7498188
v 0.4661860 0.5000000 0.7498188
v 0.4687599 0.4870599 0.7498188
v 0.4760899 0.4760899 0.7498188
v 0.4870599 0.4687599 0.7498188
v 0.5000000 0.4661860 0.7498188
v 0.5129401 0.4687599 0.7498188
v 0.5239101 0.4760899 0.7498188
v 0.5312401 0.4870599 0.7498188
v 0.5338140 0.5140062 0.7638250
v 0.5366000 0.5000000 0.7638250
v 0.5258801 0.5258801 0.7638250
v 0.5140062 0.5338140 0.7638250
v 0.5000000 0.5366000 0.7638250
v 0.4859938 0.5338140 0.7638250
v 0.4741199 0.5258801 0.7638250
v 0.4661860 0.5140062 0.7638250
v 0.4634000 0.5000000 0.7638250
v 0.4661860 0.4859938 0.7638250
v 0.4741199 0.4741199 0.7638250
v 0.4859938 0.4661860 0.7638250
v 0.5000000 0.4634000 0.7638250
v 0.5140062 0.4661860 0.7638250
v 0.5258801 0.4741199 0.7638250
v 0.5338140 0.4859938 0.7638250
v 0.5312401 0.5129401 0.7778312
v 0.5338140 0.5000000 0.7778312
v 0.5239101 0.5239101 0.7778312
v 0.5129401 0.5312401 0.7778312
v 0.5000000 0.5338140 0.7778312
v 0.4870599 0.5312401 0.7778312
v 0.4760899 0.5239101 0.7778312
v 0.4687599 0.5129401 0.7778312
v 0.4661860 0.5000000 0.7778312
v 0.4687599 0.4870599 0.7778312
v 0.4760899 0.4760899 0.7778312
v 0.4870599 0.4687599 0.7778312
v 0.5000000 0.4661860 0.7778312
v 0.5129401 0.4687599 0.7778312
v 0.5239101 0.4760899 0.7778312
v 0.5312401 0.4870599 0.7778312
v 0.5239101 0.5099039 0.7897051
v 0.5258801 0.5000000 0.7897051
v 0.5183000 0.5183000 0.7897051
v 0.5099039 0.5239101 0.7897051
v 0.5000000 0.5258801 0.7897051
v 0.4900961 0.5239101 0.7897051
v 0.4817000 0.5183000 0.7897051
v 0.4760899 0.5099039 0.7897051
v 0.4741199 0.5000000 0.7897051
v 0.4760899 0.4900961 0.7897051
v 0.4817000 0.4817000 0.7897051
v 0.4900961 0.4760899 0.7897051
v 0.5000000 0.4741199 0.7897051
v 0.5099039 0.4760899 0.7897051
v 0.5183000 0.4817000 0.7897051
v 0.5239101 0.4900961 0.7897051
v 0.5129401 0.5053599 0.7976390
v 0.5140062 0.5000000 0.7976390
v 0.5099039 0.5099039 0.7976390
v 0.5053599 0.5129401 0.7976390
v 0.5000000 0.5140062 0.7976390
v 0.4946401 0.5129401 0.7976390
v 0.4900961 0.5099039 0.7976390
v 0.4870599 0.5053599 0.7976390
v 0.4859938 0.5000000 0.7976390
v 0.4870599 0.4946401 0.7976390
v 0.4900961 0.4900961 0.7976390
v 0.4946401 0.4870599 0.7976390
v 0.5000000 0.4859938 0.7976390
v 0.5053599 0.4870599 0.7976390
v 0.5099039 0.4900961 0.7976390
v 0.5129401 0.4946401 0.7976390
v 0.5000000 0.5000000 0.8004250
v 0.6746125 0.5045750 0.5000000
v 0.6719597 0.5045750 0.5303211
v 0.6772162 0.5022875 0.5312480
v 0.6799500 0.5022875 0.5000000
v 0.6640821 0.5045750 0.5597210
v 0.6690977 0.5022875 0.5615465
v 0.6512189 0.5045750 0.5873063
v 0.6558413 0.5022875 0.5899750
v 0.6337609 0.5045750 0.6122388
v 0.6378497 0.5022875 0.6156696
v 0.6122388 0.5045750 0.6337609
v 0.6156696 0.5022875 0.6378497
v 0.5873063 0.5045750 0.6512189
v 0.5899750 0.5022875 0.6558413
v 0.5597210 0.5045750 0.6640821
v 0.5615465 0.5022875 0.6690977
v 0.5303211 0.5045750 0.6719597
v 0.5312480 0.5022875 0.6772162
v 0.5000000 0.5045750 0.6746125
v 0.5000000 0.5022875 0.6799500
v 0.4696789 0.5045750 0.6719597
v 0.4687520 0.5022875 0.6772162
v 0.4402790 0.5045750 0.6640821
v 0.4384535 0.5022875 0.6690977
v 0.4126938 0.5045750 0.6512189
v 0.4100250 0.5022875 0.6558413
v 0.3877612 0.5045750 0.6337609
v 0.3843304 0.5022875 0.6378497
v 0.3662391 0.5045750 0.6122388
v 0.3621503 0.5022875 0.6156696
v 0.3487811 0.5045750 0.5873063
v 0.3441587 0.5022875 0.5899750
v 0.3359179 0.5045750 0.5597210
v 0.3309023 0.5022875 0.5615465
v 0.3280403 0.5045750 0.5303211
v 0.3227838 0.5022875 0.5312480
v 0.3253875 0.5045750 0.5000000
v 0.3200500 0.5022875 0.5000000
v 0.3280403 0.5045750 0.4696789
v 0.3227838 0.5022875 0.4687520
v 0.3359179 0.5045750 0.4402790
v 0.3309023 0.5022875 0.4384535
v 0.3487811 0.5045750 0.4126937
v 0.3441587 0.5022875 0.4100250
v 0.3662391 0.5045750 0.3877612
v 0.3621503 0.5022875 0.3843304
v 0.3877612 0.5045750 0.3662391
v 0.3843304 0.5022875 0.3621503
v 0.4126937 0.5045750 0.3487811
v 0.4100250 0.5022875 0.3441587
v 0.4402790 0.5045750 0.3359179
v 0.4384535 0.5022875 0.3309023
v 0.4696789 0.5045750 0.3280403
v 0.4687520 0.5022875 0.3227838
v 0.5000000 0.5045750 0.3253875
v 0.5000000 0.5022875 0.3200500
v 0.5303211 0.5045750 0.3280403
v 0.5312480 0.5022875 0.3227838
v 0.5597210 0.5045750 0.3359179
v 0.5615465 0.5022875 0.3309023
v 0.5873062 0.5045750 0.3487811
v 0.5899750 0.5022875 0.3441587
v 0.6122388 0.5045750 0.3662391
v 0.6156696 0.5022875 0.3621503
v 0.6337609 0.5045750 0.3877612
v 0.6378497 0.5022875 0.3843304
v 0.6512189 0.5045750 0.4126938
v 0.6558413 0.5022875 0.4100250
v 0.6640821 0.5045750 0.4402790
v 0.6690977 0.5022875 0.4384535
v 0.6719597 0.5045750 0.4696789
v 0.6772162 0.5022875 0.4687520
v 0.6772162 0.4977125 0.5312480
v 0.6799500 0.4977125 0.5000000
v 0.6690977 0.4977125 0.5615465
v 0.6558413 0.4977125 0.5899750
v 0.6378497 0.4977125 0.6156696
v 0.6156696 0.4977125 0.6378497
v 0.5899750 0.4977125 0.6558413
v 0.5615465 0.4977125 0.6690977
v 0.5312480 0.4977125 0.6772162
v 0.5000000 0.4977125 0.6799500
v 0.4687520 0.4977125 0.6772162
v 0.4384535 0.4977125 0.6690977
v 0.4100250 0.4977125 0.6558413
v 0.3843304 0.4977125 0.6378497
v 0.3621503 0.4977125 0.6156696
v 0.3441587 0.4977125 0.5899750
v 0.3309023 0.4977125 0.5615465
v 0.3227838 0.4977125 0.5312480
v 0.3200500 0.4977125 0.5000000
v 0.3227838 0.4977125 0.4687520
v 0.3309023 0.4977125 0.4384535
v 0.3441587 0.4977125 0.4100250
v 0.3621503 0.4977125 0.3843304
v 0.3843304 0.4977125 0.3621503
v 0.4100250 0.4977125 0.3441587
v 0.4384535 0.4977125 0.3309023
v 0.4687520 0.4977125 0.3227838
v 0.5000000 0.4977125 0.3200500
v 0.5312480 0.4977125 0.3227838
v 0.5615465 0.4977125 0.3309023
v 0.5899750 0.4977125 0.3441587
v 0.6156696 0.4977125 0.3621503
v 0.6378497 0.4977125 0.3843304
v 0.6558413 0.4977125 0.4100250
v 0.6690977 0.4977125 0.4384535
v 0.6772162 0.4977125 0.4687520
v 0.6719597 0.4954250 0.5303211
v 0.6746125 0.4954250 0.5000000
v 0.6640821 0.4954250 0.5597210
v 0.6512189 0.4954250 0.5873063
v 0.6337609 0.4954250 0.6122388
v 0.6122388 0.4954250 0.6337609
v 0.5873063 0.4954250 0.6512189
v 0.5597210 0.4954250 0.6640821
v 0.5303211 0.4954250 0.6719597
v 0.5000000 0.4954250 0.6746125
v 0.4696789 0.4954250 0.6719597
v 0.4402790 0.4954250 0.6640821
v 0.4126938 0.4954250 0.6512189
v 0.3877612 0.4954250 0.6337609
v 0.3662391 0.4954250 0.6122388
v 0.3487811 0.4954250 0.5873063
v 0.3359179 0.4954250 0.5597210
v 0.3280403 0.4954250 0.5303211
v 0.3253875 0.4954250 0.5000000
v 0.3280403 0.4954250 0.4696789
v 0.3359179 0.4954250 0.4402790
v 0.3487811 0.4954250 0.4126937
v 0.3662391 0.4954250 0.3877612
v 0.3877612 0.4954250 0.3662391
v 0.4126937 0.4954250 0.3487811
v 0.4402790 0.4954250 0.3359179
v 0.4696789 0.4954250 0.3280403
v 0.5000000 0.4954250 0.3253875
v 0.5303211 0.4954250 0.3280403
v 0.5597210 0.4954250 0.3359179
v 0.5873062 0.4954250 0.3487811
v 0.6122388 0.4954250 0.3662391
v 0.6337609 0.4954250 0.3877612
v 0.6512189 0.4954250 0.4126938
v 0.6640821 0.4954250 0.4402790
v 0.6719597 0.4954250 0.4696789
v 0.6746125 0.5000000 0.4954250
v 0.6719597 0.5303211 0.4954250
v 0.6772162 0.5312480 0.4977125
v 0.6799500 0.5000000 0.4977125
v 0.6640821 0.5597210 0.4954250
v 0.6690977 0.5615465 0.4977125
v 0.6512189 0.5873063 0.4954250
v 0.6558413 0.5899750 0.4977125
v 0.6337609 0.6122388 0.4954250
v 0.6378497 0.6156696 0.4977125
v 0.6122388 0.6337609 0.4954250
v 0.6156696 0.6378497 0.4977125
v 0.5873063 0.6512189 0.4954250
v 0.5899750 0.6558413 0.4977125
v 0.5597210 0.6640821 0.4954250
v 0.5615465 0.6690977 0.4977125
v 0.5303211 0.6719597 0.4954250
v 0.5312480 0.6772162 0.4977125
v 0.5000000 0.6746125 0.4954250
v 0.5000000 0.6799500 0.4977125
v 0.4696789 0.6719597 0.4954250
v 0.4687520 0.6772162 0.4977125
v 0.4402790 0.6640821 0.4954250
v 0.4384535 0.6690977 0.4977125
v 0.4126938 0.6512189 0.4954250
v 0.4100250 0.6558413 0.4977125
v 0.3877612 0.6337609 0.4954250
v 0.3843304 0.6378497 0.4977125
v 0.3662391 0.6122388 0.4954250
v 0.3621503 0.6156696 0.4977125
v 0.3487811 0.5873063 0.4954250
v 0.3441587 0.5899750 0.4977125
v 0.3359179 0.5597210 0.4954250
v 0.3309023 0.5615465 0.4977125
v 0.3280403 0.5303211 0.4954250
v 0.3227838 0.5312480 0.4977125
v 0.3253875 0.5000000 0.4954250
v 0.3200500 0.5000000 0.4977125
v 0.3280403 0.4696789 0.4954250
v 0.3227838 0.4687520 0.4977125
v 0.3359179 0.4402790 0.4954250
v 0.3309023 0.4384535 0.4977125
v 0.3487811 0.4126937 0.4954250
v 0.3441587 0.4100250 0.4977125
v 0.3662391 0.3877612 0.4954250
v 0.3621503 0.3843304 0.4977125
v 0.3877612 0.3662391 0.4954250
v 0.3843304 0.3621503 0.4977125
v 0.4126937 0.3487811 0.4954250
v 0.4100250 0.3441587 0.4977125
v 0.4402790 0.3359179 0.4954250
v 0.4384535 0.3309023 0.4977125
v 0.4696789 0.3280403 0.4954250
v 0.4687520 0.3227838 0.4977125
v 0.5000000 0.3253875 0.4954250
v 0.5000000 0.3200500 0.4977125
v 0.5303211 0.3280403 0.4954250
v 0.5312480 0.3227838 0.4977125
v 0.5597210 0.3359179 0.4954250
v 0.5615465 0.3309023 0.4977125
v 0.5873062 0.3487811 0.4954250
v 0.5899750 0.3441587 0.4977125
v 0.6122388 0.3662391 0.4954250
v 0.6156696 0.3621503 0.4977125
v 0.6337609 0.3877612 0.4954250
v 0.6378497 0.3843304 0.4977125
v 0.6512189 0.4126938 0.4954250
v 0.6558413 0.4100250 0.4977125
v 0.6640821 0.4402790 0.4954250
v 0.6690977 0.4384535 0.4977125
v 0.6719597 0.4696789 0.4954250
v 0.6772162 0.4687520 0.4977125
v 0.6772162 0.5312480 0.5022875
v 0.6799500 0.5000000 0.5022875
v 0.6690977 0.5615465 0.5022875
v 0.6558413 0.5899750 0.5022875
v 0.6378497 0.6156696 0.5022875
v 0.6156696 0.6378497 0.5022875
v 0.5899750 0.6558413 0.5022875
v 0.5615465 0.6690977 0.5022875
v 0.5312480 0.6772162 0.5022875
v 0.5000000 0.6799500 0.5022875
v 0.4687520 0.6772162 0.5022875
v 0.4384535 0.6690977 0.5022875
v 0.4100250 0.6558413 0.5022875
v 0.3843304 0.6378497 0.5022875
v 0.3621503 0.6156696 0.5022875
v 0.3441587 0.5899750 0.5022875
v 0.3309023 0.5615465 0.5022875
v 0.3227838 0.5312480 0.5022875
v 0.3200500 0.5000000 0.5022875
v 0.3227838 0.4687520 0.5022875
v 0.3309023 0.4384535 0.5022875
v 0.3441587 0.4100250 0.5022875
v 0.3621503 0.3843304 0.5022875
v 0.3843304 0.3621503 0.5022875
v 0.4100250 0.3441587 0.5022875
v 0.4384535 0.3309023 0.5022875
v 0.4687520 0.3227838 0.5022875
v 0.5000000 0.3200500 0.5022875
v 0.5312480 0.3227838 0.5022875
v 0.5615465 0.3309023 0.5022875
v 0.5899750 0.3441587 0.5022875
v 0.6156696 0.3621503 0.5022875
v 0.6378497 0.3843304 0.5022875
v 0.6558413 0.4100250 0.5022875
v 0.6690977 0.4384535 0.5022875
v 0.6772162 0.4687520 0.5022875
v 0.6719597 0.5303211 0.5045750
v 0.6746125 0.5000000 0.5045750
v 0.6640821 0.5597210 0.5045750
v 0.6512189 0.5873063 0.5045750
v 0.6337609 0.6122388 0.5045750
v 0.6122388 0.6337609 0.5045750
v 0.5873063 0.6512189 0.5045750
v 0.5597210 0.6640821 0.5045750
v 0.5303211 0.6719597 0.5045750
v 0.5000000 0.6746125 0.5045750
v 0.4696789 0.6719597 0.5045750
v 0.4402790 0.6640821 0.5045750
v 0.4126938 0.6512189 0.5045750
v 0.3877612 0.6337609 0.5045750
v 0.3662391 0.6122388 0.5045750
v 0.3487811 0.5873063 0.5045750
v 0.3359179 0.5597210 0.5045750
v 0.3280403 0.5303211 0.5045750
v 0.3253875 0.5000000 0.5045750
v 0.3280403 0.4696789 0.5045750
v 0.3359179 0.4402790 0.5045750
v 0.3487811 0.4126937 0.5045750
v 0.3662391 0.3877612 0.5045750
v 0.3877612 0.3662391 0.5045750
v 0.4126937 0.3487811 0.5045750
v 0.4402790 0.3359179 0.5045750
v 0.4696789 0.3280403 0.5045750
v 0.5000000 0.3253875 0.5045750
v 0.5303211 0.3280403 0.5045750
v 0.5597210 0.3359179 0.5045750
v 0.5873062 0.3487811 0.5045750
v 0.6122388 0.3662391 0.5045750
v 0.6337609 0.3877612 0.5045750
v 0.6512189 0.4126938 0.5045750
v 0.6640821 0.4402790 0.5045750
v 0.6719597 0.4696789 0.5045750
v 0.6974875 0.5083875 0.4881383
v 0.7009617 0.5000000 0.4881383
v 0.6891000 0.5000000 0.4832250
v 0.6891000 0.5118617 0.4881383
v 0.6807125 0.5083875 0.4881383
v 0.6772383 0.5000000 0.4881383
v 0.6807125 0.4916125 0.4881383
v 0.6891000 0.4881383 0.4881383
v 0.6974875 0.4916125 0.4881383
v 0.7009617 0.5118617 0.5000000
v 0.7058750 0.5000000 0.5000000
v 0.6891000 0.5167750 0.5000000
v 0.6772383 0.5118617 0.5000000
v 0.6723250 0.5000000 0.5000000
v 0.6772383 0.4881383 0.5000000
v 0.6891000 0.4832250 0.5000000
v 0.7009617 0.4881383 0.5000000
v 0.6974875 0.5083875 0.5118617
v 0.7009617 0.5000000 0.5118617
v 0.6891000 0.5118617 0.5118617
v 0.6807125 0.5083875 0.5118617
v 0.6772383 0.5000000 0.5118617
v 0.6807125 0.4916125 0.5118617
v 0.6891000 0.4881383 0.5118617
v 0.6974875 0.4916125 0.5118617
v 0.6891000 0.5000000 0.5167750
v 0.6029375 0.6721529 0.5241667
v 0.6064117 0.6637654 0.5241667
v 0.5945500 0.6637654 0.5192534
v 0.5945500 0.6756271 0.5241667
v 0.5861625 0.6721529 0.5241667
v 0.5826883 0.6637654 0.5241667
v 0.5861625 0.6553779 0.5241667
v 0.5945500 0.6519037 0.5241667
v 0.6029375 0.6553779 0.5241667
v 0.6064117 0.6756271 0.5360284
v 0.6113250 0.6637654 0.5360284
v 0.5945500 0.6805404 0.5360284
v 0.5826883 0.6756271 0.5360284
v 0.5777750 0.6637654 0.5360284
v 0.5826883 0.6519037 0.5360284
v 0.5945500 0.6469904 0.5360284
v 0.6064117 0.6519037 0.5360284
v 0.6029375 0.6721529 0.5478901
v 0.6064117 0.6637654 0.5478901
v 0.5945500 0.6756271 0.5478901
v 0.5861625 0.6721529 0.5478901
v 0.5826883 0.6637654 0.5478901
v 0.5861625 0.6553779 0.5478901
v 0.5945500 0.6519037 0.5478901
v 0.6029375 0.6553779 0.5478901
v 0.5945500 0.6637654 0.5528034
v 0.4138375 0.6721529 0.4521099
v 0.4173117 0.6637654 0.4521099
v 0.4054500 0.6637654 0.4471966
v 0.4054500 0.6756271 0.4521099
v 0.3970625 0.6721529 0.4521099
v 0.3935883 0.6637654 0.4521099
v 0.3970625 0.6553779 0.4521099
v 0.4054500 0.6519037 0.4521099
v 0.4138375 0.6553779 0.4521099
v 0.4173117 0.6756271 0.4639716
v 0.4222250 0.6637654 0.4639716
v 0.4054500 0.6805404 0.4639716
v 0.3935883 0.6756271 0.4639716
v 0.3886750 0.6637654 0.4639716
v 0.3935883 0.6519037 0.4639716
v 0.4054500 0.6469904 0.4639716
v 0.4173117 0.6519037 0.4639716
v 0.4138375 0.6721529 0.4758333
v 0.4173117 0.6637654 0.4758333
v 0.4054500 0.6756271 0.4758333
v 0.3970625 0.6721529 0.4758333
v 0.3935883 0.6637654 0.4758333
v 0.3970625 0.6553779 0.4758333
v 0.4054500 0.6519037 0.4758333
v 0.4138375 0.6553779 0.4758333
v 0.4054500 0.6637654 0.4807466
v 0.3192875 0.5083875 0.4881383
v 0.3227617 0.5000000 0.4881383
v 0.3109000 0.5000000 0.4832250
v 0.3109000 0.5118617 0.4881383
v 0.3025125 0.5083875 0.4881383
v 0.2990383 0.5000000 0.4881383
v 0.3025125 0.4916125 0.4881383
v 0.3109000 0.4881383 0.4881383
v 0.3192875 0.4916125 0.4881383
v 0.3227617 0.5118617 0.5000000
v 0.3276750 0.5000000 0.5000000
v 0.3109000 0.5167750 0.5000000
v 0.2990383 0.5118617 0.5000000
v 0.2941250 0.5000000 0.5000000
v 0.2990383 0.4881383 0.5000000
v 0.3109000 0.4832250 0.5000000
v 0.3227617 0.4881383 0.5000000
v 0.3192875 0.5083875 0.5118617
v 0.3227617 0.5000000 0.5118617
v 0.3109000 0.5118617 0.5118617
v 0.3025125 0.5083875 0.5118617
v 0.2990383 0.5000000 0.5118617
v 0.3025125 0.4916125 0.5118617
v 0.3109000 0.4881383 0.5118617
v 0.3192875 0.4916125 0.5118617
v 0.3109000 0.5000000 0.5167750
v 0.4138375 0.3446221 0.5241667
v 0.4173117 0.3362346 0.5241667
v 0.4054500 0.3362346 0.5192534
v 0.4054500 0.3480963 0.5241667
v 0.3970625 0.3446221 0.5241667
v 0.3935883 0.3362346 0.5241667
v 0.3970625 0.3278471 0.5241667
v 0.4054500 0.3243729 0.5241667
v 0.4138375 0.3278471 0.5241667
v 0.4173117 0.3480963 0.5360284
v 0.4222250 0.3362346 0.5360284
v 0.4054500 0.3530096 0.5360284
v 0.3935883 0.3480963 0.5360284
v 0.3886750 0.3362346 0.5360284
v 0.3935883 0.3243729 0.5360284
v 0.4054500 0.3194596 0.5360284
v 0.4173117 0.3243729 0.5360284
v 0.4138375 0.3446221 0.5478901
v 0.4173117 0.3362346 0.5478901
v 0.4054500 0.3480963 0.5478901
v 0.3970625 0.3446221 0.5478901
v 0.3935883 0.3362346 0.5478901
v 0.3970625 0.3278471 0.5478901
v 0.4054500 0.3243729 0.5478901
v 0.4138375 0.3278471 0.5478901
v 0.4054500 0.3362346 0.5528034
v 0.6029375 0.3446221 0.4521099
v 0.6064117 0.3362346 0.4521099
v 0.5945500 0.3362346 0.4471966
v 0.5945500 0.3480963 0.4521099
v 0.5861625 0.3446221 0.4521099
v 0.5826883 0.3362346 0.4521099
v 0.5861625 0.3278471 0.4521099
v 0.5945500 0.3243729 0.4521099
v 0.6029375 0.3278471 0.4521099
v 0.6064117 0.3480963 0.4639716
v 0.6113250 0.3362346 0.4639716
v 0.5945500 0.3530096 0.4639716
v 0.5826883 0.3480963 0.4639716
v 0.5777750 0.3362346 0.4639716
v 0.5826883 0.3243729 0.4639716
v 0.5945500 0.3194596 0.4639716
v 0.6064117 0.3243729 0.4639716
v 0.6029375 0.3446221 0.4758333
v 0.6064117 0.3362346 0.4758333
v 0.5945500 0.3480963 0.4758333
v 0.5861625 0.3446221 0.4758333
v 0.5826883 0.3362346 0.4758333
v 0.5861625 0.3278471 0.4758333
v 0.5945500 0.3243729 0.4758333
v 0.6029375 0.3278471 0.4758333
v 0.5945500 0.3362346 0.4807466
v 0.5747465 0.4762919 0.2465015
v 0.6478157 0.4506581 0.2805598
v 0.6402489 0.4320708 0.2805598
v 0.5712777 0.4673105 0.2465015
v 0.5770885 0.4856307 0.2465015
v 0.6529312 0.4700637 0.2805598
v 0.5782684 0.4951860 0.2465015
v 0.6555102 0.4899657 0.2805598
v 0.5782684 0.5048140 0.2465015
v 0.6555102 0.5100343 0.2805598
v 0.5770885 0.5143693 0.2465015
v 0.6529312 0.5299363 0.2805598
v 0.5747465 0.5237081 0.2465015
v 0.6478157 0.5493419 0.2805598
v 0.5712777 0.5326895 0.2465015
v 0.6402489 0.5679292 0.2805598
v 0.7069637 0.4279697 0.3382681
v 0.6954882 0.4009713 0.3382681
v 0.7147302 0.4562589 0.3382681
v 0.7186485 0.4853320 0.3382681
v 0.7186485 0.5146680 0.3382681
v 0.7147302 0.5437411 0.3382681
v 0.7069637 0.5720303 0.3382681
v 0.6954882 0.5990287 0.3382681
v 0.7454941 0.4122089 0.4140930
v 0.7311588 0.3794171 0.4140930
v 0.7552036 0.4466548 0.4140930
v 0.7601046 0.4821059 0.4140930
v 0.7601046 0.5178941 0.4140930
v 0.7552036 0.5533452 0.4140930
v 0.7454941 0.5877911 0.4140930
v 0.7311588 0.6205829 0.4140930
v 0.7589094 0.4065372 0.4997808
v 0.7435178 0.3716704 0.4997808
v 0.7693375 0.4431958 0.4997808
v 0.7746020 0.4809435 0.4997808
v 0.7746020 0.5190565 0.4997808
v 0.7693375 0.5568042 0.4997808
v 0.7589094 0.5934628 0.4997808
v 0.7435178 0.6283296 0.4997808
v 0.7456226 0.4121629 0.5854916
v 0.7312798 0.3793540 0.5854916
v 0.7553372 0.4466269 0.5854916
v 0.7602408 0.4820965 0.5854916
v 0.7602408 0.5179035 0.5854916
v 0.7553372 0.5533731 0.5854916
v 0.7456226 0.5878371 0.5854916
v 0.7312798 0.6206460 0.5854916
v 0.7072067 0.4278851 0.6613827
v 0.6957177 0.4008550 0.6613827
v 0.7149823 0.4562075 0.6613827
v 0.7189052 0.4853148 0.6613827
v 0.7189052 0.5146852 0.6613827
v 0.7149823 0.5437925 0.6613827
v 0.7072067 0.5721149 0.6613827
v 0.6957177 0.5991450 0.6613827
v 0.6481471 0.4505475 0.7191918
v 0.6405632 0.4319185 0.7191918
v 0.6532739 0.4699966 0.7191918
v 0.6558588 0.4899433 0.7191918
v 0.6558588 0.5100567 0.7191918
v 0.6532739 0.5300034 0.7191918
v 0.6481471 0.5494525 0.7191918
v 0.6405632 0.5680815 0.7191918
v 0.5751313 0.4761699 0.7533733
v 0.5716446 0.4671423 0.7533733
v 0.5774853 0.4855567 0.7533733
v 0.5786713 0.4951612 0.7533733
v 0.5786713 0.5048388 0.7533733
v 0.5774853 0.5144433 0.7533733
v 0.5751313 0.5238301 0.7533733
v 0.5716446 0.5328577 0.7533733
v 0.5675909 0.4690014 0.2596135
v 0.6330969 0.4355348 0.2917501
v 0.6402779 0.4531743 0.2917501
v 0.5708803 0.4775182 0.2596135
v 0.6451324 0.4715903 0.2917501
v 0.5731012 0.4863739 0.2596135
v 0.6475800 0.4904774 0.2917501
v 0.5742200 0.4954350 0.2596135
v 0.6475800 0.5095226 0.2917501
v 0.5742200 0.5045650 0.2596135
v 0.6451324 0.5284097 0.2917501
v 0.5731012 0.5136261 0.2596135
v 0.6402779 0.5468257 0.2917501
v 0.5708803 0.5224818 0.2596135
v 0.6330969 0.5644652 0.2917501
v 0.5675909 0.5309986 0.2596135
v 0.6856370 0.4059616 0.3464182
v 0.6965341 0.4315995 0.3464182
v 0.7039093 0.4584631 0.3464182
v 0.7076302 0.4860712 0.3464182
v 0.7076302 0.5139288 0.3464182
v 0.7039093 0.5415369 0.3464182
v 0.6965341 0.5684005 0.3464182
v 0.6856370 0.5940384 0.3464182
v 0.7196012 0.3854461 0.4183883
v 0.7332197 0.4165983 0.4183883
v 0.7424438 0.4493220 0.4183883
v 0.7470998 0.4830006 0.4183883
v 0.7470998 0.5169994 0.4183883
v 0.7424438 0.5506780 0.4183883
v 0.7332197 0.5834017 0.4183883
v 0.7196012 0.6145539 0.4183883
v 0.7313756 0.3780691 0.4997917
v 0.7459998 0.4111974 0.4997917
v 0.7559079 0.4460282 0.4997917
v 0.7609099 0.4818937 0.4997917
v 0.7609099 0.5181063 0.4997917
v 0.7559079 0.5539718 0.4997917
v 0.7459998 0.5888026 0.4997917
v 0.7313756 0.6219309 0.4997917
v 0.7197161 0.3853861 0.5812172
v 0.7333418 0.4165547 0.5812172
v 0.7425708 0.4492955 0.5812172
v 0.7472291 0.4829917 0.5812172
v 0.7472291 0.5170083 0.5812172
v 0.7425708 0.5507045 0.5812172
v 0.7333418 0.5834453 0.5812172
v 0.7197161 0.6146139 0.5812172
v 0.6858549 0.4058512 0.6532501
v 0.6967649 0.4315192 0.6532501
v 0.7041487 0.4584144 0.6532501
v 0.7078739 0.4860548 0.6532501
v 0.7078739 0.5139452 0.6532501
v 0.7041487 0.5415856 0.6532501
v 0.6967649 0.5684808 0.6532501
v 0.6858549 0.5941488 0.6532501
v 0.6333952 0.4353903 0.7080141
v 0.6405923 0.4530693 0.7080141
v 0.6454577 0.4715266 0.7080141
v 0.6479108 0.4904561 0.7080141
v 0.6479108 0.5095439 0.7080141
v 0.6454577 0.5284734 0.7080141
v 0.6405923 0.5469307 0.7080141
v 0.6333952 0.5646097 0.7080141
v 0.5679389 0.4688418 0.7402678
v 0.5712452 0.4774025 0.7402678
v 0.5734774 0.4863038 0.7402678
v 0.5746021 0.4954115 0.7402678
v 0.5746021 0.5045885 0.7402678
v 0.5734774 0.5136962 0.7402678
v 0.5712452 0.5225975 0.7402678
v 0.5679389 0.5311582 0.7402678
v 0.7850201 0.5259250 0.5424612
v 0.7850201 0.4740750 0.5424612
v 0.7849485 0.4740750 0.4570612
v 0.7793013 0.5259250 0.5424660
v 0.7792297 0.4740750 0.4570660
v 0.7793013 0.4740750 0.5424660
v 0.7849485 0.5259250 0.4570612
v 0.7792297 0.5259250 0.4570660
v 0.7859193 0.5145180 0.5236724
v 0.7859193 0.4854820 0.5236724
v 0.7858792 0.4854820 0.4758484
v 0.7848899 0.5145180 0.5236733
v 0.7848499 0.4854820 0.4758493
v 0.7848899 0.4854820 0.5236733
v 0.7858792 0.5145180 0.4758484
v 0.7848499 0.5145180 0.4758493
v 0.7903024 0.5055281 0.4766373
v 0.7903071 0.5095750 0.4822192
v 0.7903135 0.5110562 0.4898442
v 0.7876383 0.5095750 0.4822215
v 0.7876337 0.5055281 0.4766396
v 0.7876447 0.5110562 0.4898465
v 0.7903007 0.5000000 0.4745942
v 0.7876319 0.5000000 0.4745965
v 0.7903024 0.4944719 0.4766373
v 0.7876337 0.4944719 0.4766396
v 0.7903071 0.4904250 0.4822192
v 0.7876383 0.4904250 0.4822215
v 0.7903135 0.4889438 0.4898442
v 0.7876447 0.4889438 0.4898465
v 0.7903365 0.4900875 0.5172942
v 0.7876677 0.4900875 0.5172965
v 0.7903365 0.5099125 0.5172942
v 0.7876677 0.5099125 0.5172965
v 0.7940199 0.4935188 0.4997536
v 0.7940116 0.5000000 0.4898411
v 0.7940199 0.5064812 0.4997536
v 0.7900549 0.4935188 0.4997570
v 0.7900549 0.5064812 0.4997570
v 0.7900466 0.5000000 0.4898445
v 0.7940282 0.5000000 0.5096661
v 0.7900632 0.5000000 0.5096694
v 0.7056536 0.5000000 0.3193379
v 0.7119944 0.5166407 0.3265558
v 0.7056536 0.5192150 0.3193379
v 0.7166362 0.5096075 0.3318397
v 0.7183352 0.5000000 0.3337737
v 0.7166362 0.4903925 0.3318397
v 0.7119944 0.4833593 0.3265558
v 0.7056536 0.4807850 0.3193379
v 0.6993128 0.4833593 0.3121199
v 0.6946711 0.4903925 0.3068360
v 0.6929720 0.5000000 0.3049020
v 0.6946711 0.5096075 0.3068360
v 0.6993128 0.5166407 0.3121199
v 0.7169953 0.5184896 0.3235835
v 0.7099500 0.5213500 0.3155636
v 0.7221529 0.5106750 0.3294545
v 0.7240406 0.5000000 0.3316034
v 0.7221529 0.4893250 0.3294545
v 0.7169953 0.4815104 0.3235835
v 0.7099500 0.4786500 0.3155636
v 0.7029047 0.4815104 0.3075437
v 0.6977472 0.4893250 0.3016727
v 0.6958594 0.5000000 0.2995237
v 0.6977472 0.5106750 0.3016727
v 0.7029047 0.5184896 0.3075437
v 0.7247288 0.5184896 0.3167898
v 0.7176835 0.5213500 0.3087699
v 0.7298863 0.5106750 0.3226608
v 0.7317741 0.5000000 0.3248097
v 0.7298863 0.4893250 0.3226608
v 0.7247288 0.4815104 0.3167898
v 0.7176835 0.4786500 0.3087699
v 0.7106382 0.4815104 0.3007500
v 0.7054806 0.4893250 0.2948790
v 0.7035929 0.5000000 0.2927300
v 0.7054806 0.5106750 0.2948790
v 0.7106382 0.5184896 0.3007500
v 0.7273297 0.5147917 0.3116632
v 0.7216935 0.5170800 0.3052472
v 0.7314557 0.5085400 0.3163599
v 0.7329660 0.5000000 0.3180791
v 0.7314557 0.4914600 0.3163599
v 0.7273297 0.4852083 0.3116632
v 0.7216935 0.4829200 0.3052472
v 0.7160572 0.4852083 0.2988313
v 0.7119312 0.4914600 0.2941345
v 0.7104209 0.5000000 0.2924154
v 0.7119312 0.5085400 0.2941345
v 0.7160572 0.5147917 0.2988313
v 0.7262729 0.5120183 0.3104602
v 0.7216935 0.5138775 0.3052472
v 0.7296253 0.5069387 0.3142763
v 0.7308524 0.5000000 0.3156731
v 0.7296253 0.4930613 0.3142763
v 0.7262729 0.4879817 0.3104602
v 0.7216935 0.4861225 0.3052472
v 0.7171140 0.4879817 0.3000343
v 0.7137616 0.4930613 0.2962181
v 0.7125345 0.5000000 0.2948213
v 0.7137616 0.5069387 0.2962181
v 0.7171140 0.5120183 0.3000343
v 0.7176801 0.5120183 0.3180087
v 0.7131007 0.5138775 0.3127958
v 0.7210325 0.5069387 0.3218249
v 0.7222596 0.5000000 0.3232217
v 0.7210325 0.4930613 0.3218249
v 0.7176801 0.4879817 0.3180087
v 0.7131007 0.4861225 0.3127958
v 0.7085212 0.4879817 0.3075828
v 0.7051688 0.4930613 0.3037667
v 0.7039418 0.5000000 0.3023699
v 0.7051688 0.5069387 0.3037667
v 0.7085212 0.5120183 0.3075828
v 0.7131007 0.5000000 0.3127958
v 0.7133871 0.5143045 0.3125442
v 0.7181075 0.5123881 0.3179175
v 0.7196008 0.5140521 0.3178844
v 0.7142464 0.5162260 0.3117893
v 0.7215630 0.5071522 0.3218511
v 0.7235206 0.5081130 0.3223464
v 0.7228278 0.5000000 0.3232909
v 0.7249553 0.5000000 0.3239796
v 0.7215630 0.4928478 0.3218511
v 0.7235206 0.4918870 0.3223464
v 0.7181075 0.4876119 0.3179175
v 0.7196008 0.4859479 0.3178844
v 0.7133871 0.4856955 0.3125442
v 0.7142464 0.4837740 0.3117893
v 0.7086667 0.4876119 0.3071708
v 0.7088919 0.4859479 0.3056942
v 0.7052112 0.4928477 0.3032373
v 0.7049722 0.4918870 0.3012322
v 0.7039464 0.5000000 0.3017975
v 0.7035375 0.5000000 0.2995990
v 0.7052112 0.5071522 0.3032373
v 0.7049722 0.5081130 0.3012322
v 0.7086667 0.5123881 0.3071708
v 0.7088919 0.5140521 0.3056942
v 0.7224651 0.5140521 0.3153683
v 0.7171106 0.5162260 0.3092731
v 0.7263848 0.5081130 0.3198302
v 0.7278195 0.5000000 0.3214634
v 0.7263848 0.4918870 0.3198302
v 0.7224651 0.4859479 0.3153683
v 0.7171106 0.4837740 0.3092731
v 0.7117562 0.4859479 0.3031780
v 0.7078365 0.4918870 0.2987160
v 0.7064018 0.5000000 0.2970828
v 0.7078365 0.5081130 0.2987160
v 0.7117562 0.5140521 0.3031780
v 0.7224039 0.5123881 0.3141432
v 0.7176835 0.5143045 0.3087699
v 0.7258594 0.5071522 0.3180768
v 0.7271242 0.5000000 0.3195166
v 0.7258594 0.4928478 0.3180768
v 0.7224039 0.4876119 0.3141432
v 0.7176835 0.4856955 0.3087699
v 0.7129631 0.4876119 0.3033965
v 0.7095076 0.4928477 0.2994630
v 0.7082428 0.5000000 0.2980232
v 0.7095076 0.5071522 0.2994630
v 0.7129631 0.5123881 0.3033965
v 0.7134444 0.5000000 0.3124938
v 0.7173898 0.5103542 0.3169850
v 0.7134444 0.5119560 0.3124938
v 0.7202780 0.5059780 0.3202727
v 0.7213352 0.5000000 0.3214761
v 0.7202780 0.4940220 0.3202727
v 0.7173898 0.4896458 0.3169850
v 0.7134444 0.4880440 0.3124938
v 0.7094990 0.4896458 0.3080027
v 0.7066108 0.4940220 0.3047149
v 0.7055536 0.5000000 0.3035115
v 0.7066108 0.5059780 0.3047149
v 0.7094990 0.5103542 0.3080027
v 0.7188792 0.5103542 0.3156766
v 0.7149338 0.5119560 0.3111854
v 0.7217674 0.5059780 0.3189643
v 0.7228246 0.5000000 0.3201677
v 0.7217674 0.4940220 0.3189643
v 0.7188792 0.4896458 0.3156766
v 0.7149338 0.4880440 0.3111854
v 0.7109884 0.4896458 0.3066943
v 0.7081002 0.4940220 0.3034065
v 0.7070431 0.5000000 0.3022031
v 0.7081002 0.5059780 0.3034065
v 0.7109884 0.5103542 0.3066943
v 0.7149338 0.5000000 0.3111854
v 0.7059411 0.5000000 0.6803344
v 0.6996118 0.5166407 0.6875624
v 0.7059411 0.5192150 0.6803344
v 0.6949784 0.5096075 0.6928537
v 0.6932825 0.5000000 0.6947904
v 0.6949784 0.4903925 0.6928537
v 0.6996118 0.4833593 0.6875624
v 0.7059411 0.4807850 0.6803344
v 0.7122704 0.4833593 0.6731064
v 0.7169037 0.4903925 0.6678151
v 0.7185997 0.5000000 0.6658783
v 0.7169037 0.5096075 0.6678151
v 0.7122704 0.5166407 0.6731064
v 0.7032109 0.5184896 0.6921329
v 0.7102435 0.5213500 0.6841018
v 0.6980628 0.5106750 0.6980121
v 0.6961784 0.5000000 0.7001641
v 0.6980628 0.4893250 0.6980121
v 0.7032109 0.4815104 0.6921329
v 0.7102435 0.4786500 0.6841018
v 0.7172760 0.4815104 0.6760707
v 0.7224242 0.4893250 0.6701915
v 0.7243086 0.5000000 0.6680395
v 0.7224242 0.5106750 0.6701915
v 0.7172760 0.5184896 0.6760707
v 0.7109552 0.5184896 0.6989143
v 0.7179878 0.5213500 0.6908832
v 0.7058071 0.5106750 0.7047935
v 0.7039227 0.5000000 0.7069454
v 0.7058071 0.4893250 0.7047935
v 0.7109552 0.4815104 0.6989143
v 0.7179878 0.4786500 0.6908832
v 0.7250203 0.4815104 0.6828521
v 0.7301685 0.4893250 0.6769729
v 0.7320529 0.5000000 0.6748209
v 0.7301685 0.5106750 0.6769729
v 0.7250203 0.5184896 0.6828521
v 0.7163773 0.5147917 0.7008244
v 0.7220033 0.5170800 0.6943994
v 0.7122588 0.5085400 0.7055277
v 0.7107513 0.5000000 0.7072493
v 0.7122588 0.4914600 0.7055277
v 0.7163773 0.4852083 0.7008244
v 0.7220033 0.4829200 0.6943994
v 0.7276294 0.4852083 0.6879745
v 0.7317479 0.4914600 0.6832712
v 0.7332554 0.5000000 0.6815496
v 0.7317479 0.5085400 0.6832712
v 0.7276294 0.5147917 0.6879745
v 0.7174322 0.5120183 0.6996197
v 0.7220033 0.5138775 0.6943994
v 0.7140859 0.5069387 0.7034412
v 0.7128610 0.5000000 0.7048399
v 0.7140859 0.4930613 0.7034412
v 0.7174322 0.4879817 0.6996197
v 0.7220033 0.4861225 0.6943994
v 0.7265745 0.4879817 0.6891792
v 0.7299208 0.4930613 0.6853577
v 0.7311456 0.5000000 0.6839590
v 0.7299208 0.5069387 0.6853577
v 0.7265745 0.5120183 0.6891792
v 0.7088274 0.5120183 0.6920848
v 0.7133986 0.5138775 0.6868646
v 0.7054811 0.5069387 0.6959063
v 0.7042563 0.5000000 0.6973051
v 0.7054811 0.4930613 0.6959063
v 0.7088274 0.4879817 0.6920848
v 0.7133986 0.4861225 0.6868646
v 0.7179697 0.4879817 0.6816444
v 0.7213160 0.4930613 0.6778229
v 0.7225409 0.5000000 0.6764241
v 0.7213160 0.5069387 0.6778229
v 0.7179697 0.5120183 0.6816444
v 0.7133986 0.5000000 0.6868646
v 0.7136854 0.5143045 0.6871157
v 0.7089736 0.5123881 0.6924966
v 0.7092011 0.5140521 0.6939729
v 0.7145459 0.5162260 0.6878692
v 0.7055243 0.5071522 0.6964357
v 0.7052885 0.5081130 0.6984411
v 0.7042618 0.5000000 0.6978775
v 0.7038564 0.5000000 0.7000766
v 0.7055243 0.4928478 0.6964357
v 0.7052885 0.4918870 0.6984411
v 0.7089736 0.4876119 0.6924966
v 0.7092011 0.4859479 0.6939729
v 0.7136854 0.4856955 0.6871157
v 0.7145459 0.4837740 0.6878692
v 0.7183972 0.4876119 0.6817349
v 0.7198906 0.4859479 0.6817656
v 0.7218465 0.4928477 0.6777958
v 0.7238032 0.4918870 0.6772974
v 0.7231090 0.5000000 0.6763540
v 0.7252353 0.5000000 0.6756619
v 0.7218465 0.5071522 0.6777958
v 0.7238032 0.5081130 0.6772974
v 0.7183972 0.5123881 0.6817349
v 0.7198906 0.5140521 0.6817656
v 0.7120694 0.5140521 0.6964845
v 0.7174141 0.5162260 0.6903809
v 0.7081568 0.5081130 0.7009527
v 0.7067247 0.5000000 0.7025882
v 0.7081568 0.4918870 0.7009527
v 0.7120694 0.4859479 0.6964845
v 0.7174141 0.4837740 0.6903809
v 0.7227589 0.4859479 0.6842772
v 0.7266715 0.4918870 0.6798090
v 0.7281036 0.5000000 0.6781735
v 0.7266715 0.5081130 0.6798090
v 0.7227589 0.5140521 0.6842772
v 0.7132760 0.5123881 0.6962640
v 0.7179878 0.5143045 0.6908832
v 0.7098267 0.5071522 0.7002031
v 0.7085642 0.5000000 0.7016449
v 0.7098267 0.4928478 0.7002031
v 0.7132760 0.4876119 0.6962640
v 0.7179878 0.4856955 0.6908832
v 0.7226996 0.4876119 0.6855023
v 0.7261489 0.4928477 0.6815633
v 0.7274114 0.5000000 0.6801215
v 0.7261489 0.5071522 0.6815633
v 0.7226996 0.5123881 0.6855023
v 0.7137428 0.5000000 0.6871660
v 0.7098045 0.5103542 0.6916634
v 0.7137428 0.5119560 0.6871660
v 0.7069216 0.5059780 0.6949558
v 0.7058663 0.5000000 0.6961608
v 0.7069216 0.4940220 0.6949558
v 0.7098045 0.4896458 0.6916634
v 0.7137428 0.4880440 0.6871660
v 0.7176810 0.4896458 0.6826685
v 0.7205640 0.4940220 0.6793762
v 0.7216192 0.5000000 0.6781711
v 0.7205640 0.5059780 0.6793762
v 0.7176810 0.5103542 0.6826685
v 0.7112960 0.5103542 0.6929695
v 0.7152343 0.5119560 0.6884720
v 0.7084131 0.5059780 0.6962618
v 0.7073578 0.5000000 0.6974669
v 0.7084131 0.4940220 0.6962618
v 0.7112960 0.4896458 0.6929695
v 0.7152343 0.4880440 0.6884720
v 0.7191725 0.4896458 0.6839746
v 0.7220555 0.4940220 0.6806822
v 0.7231107 0.5000000 0.6794772
v 0.7220555 0.5059780 0.6806822
v 0.7191725 0.5103542 0.6839746
v 0.7152343 0.5000000 0.6884720
v 0.7689896 0.4058494 0.4740750
v 0.7702250 0.4094562 0.4740750
v 0.7702250 0.4094562 0.5259250
v 0.7635794 0.4077025 0.4740750
v 0.7648148 0.4113093 0.5259250
v 0.7648148 0.4113093 0.4740750
v 0.7689896 0.4058494 0.5259250
v 0.7635794 0.4077025 0.5259250
v 0.7701270 0.4063464 0.4854820
v 0.7708188 0.4083662 0.4854820
v 0.7708188 0.4083662 0.5145180
v 0.7691532 0.4066800 0.4854820
v 0.7698450 0.4086998 0.5145180
v 0.7698450 0.4086998 0.4854820
v 0.7701270 0.4063464 0.5145180
v 0.7691532 0.4066800 0.5145180
v 0.7702250 0.5905438 0.4740750
v 0.7689896 0.5941506 0.4740750
v 0.7689896 0.5941506 0.5259250
v 0.7648148 0.5886907 0.4740750
v 0.7635794 0.5922975 0.5259250
v 0.7635794 0.5922975 0.4740750
v 0.7702250 0.5905438 0.5259250
v 0.7648148 0.5886907 0.5259250
v 0.7708188 0.5916338 0.4854820
v 0.7701270 0.5936536 0.4854820
v 0.7701270 0.5936536 0.5145180
v 0.7698450 0.5913002 0.4854820
v 0.7691532 0.5933200 0.5145180
v 0.7691532 0.5933200 0.4854820
v 0.7708188 0.5916338 0.5145180
v 0.7698450 0.5913002 0.5145180
v 0.5579051 0.5528783 0.2465015
v 0.6166392 0.6033412 0.2805598
v 0.6289529 0.5874945 0.2805598
v 0.5639488 0.5453836 0.2465015
v 0.5509885 0.5595759 0.2465015
v 0.6023912 0.6174741 0.2805598
v 0.5433032 0.5653754 0.2465015
v 0.5864450 0.6296587 0.2805598
v 0.5349652 0.5701894 0.2465015
v 0.5690652 0.6396929 0.2805598
v 0.5261000 0.5739453 0.2465015
v 0.5505399 0.6474104 0.2805598
v 0.5168414 0.5765864 0.2465015
v 0.5311765 0.6526832 0.2805598
v 0.5073290 0.5780730 0.2465015
v 0.5112960 0.6554237 0.2805598
v 0.6658619 0.6432206 0.3382681
v 0.6835055 0.6197834 0.3382681
v 0.6452460 0.6640912 0.3382681
v 0.6220271 0.6820212 0.3382681
v 0.5966214 0.6966892 0.3382681
v 0.5694842 0.7078323 0.3382681
v 0.5411017 0.7152509 0.3382681
v 0.5119827 0.7188121 0.3382681
v 0.6987764 0.6687085 0.4140930
v 0.7200072 0.6398980 0.4140930
v 0.6738001 0.6943402 0.4140930
v 0.6455491 0.7163101 0.4140930
v 0.6145555 0.7342043 0.4140930
v 0.5814035 0.7476854 0.4140930
v 0.5467177 0.7564996 0.4140930
v 0.5111516 0.7604808 0.4140930
v 0.7103959 0.6774908 0.4997808
v 0.7328956 0.6467277 0.4997808
v 0.6838626 0.7048510 0.4997808
v 0.6538044 0.7282840 0.4997808
v 0.6207976 0.7473405 0.4997808
v 0.5854749 0.7616552 0.4997808
v 0.5485136 0.7709536 0.4997808
v 0.5106222 0.7750574 0.4997808
v 0.6988804 0.6687969 0.5854916
v 0.7201224 0.6399712 0.5854916
v 0.6738911 0.6944420 0.5854916
v 0.6456253 0.7164234 0.5854916
v 0.6146155 0.7343269 0.5854916
v 0.5814461 0.7478151 0.5854916
v 0.5467421 0.7566339 0.5854916
v 0.5111574 0.7606172 0.5854916
v 0.6660567 0.6433888 0.6613827
v 0.6837209 0.6199240 0.6613827
v 0.6454165 0.6642839 0.6613827
v 0.6221704 0.6822349 0.6613827
v 0.5967349 0.6969201 0.6613827
v 0.5695658 0.7080763 0.6613827
v 0.5411500 0.7155037 0.6613827
v 0.5119968 0.7190690 0.6613827
v 0.6169007 0.6035729 0.7191918
v 0.6292419 0.5876906 0.7191918
v 0.6026207 0.6177374 0.7191918
v 0.5866388 0.6299493 0.7191918
v 0.5692200 0.6400061 0.7191918
v 0.5506532 0.6477408 0.7191918
v 0.5312464 0.6530254 0.7191918
v 0.5113213 0.6557721 0.7191918
v 0.5582031 0.5531505 0.7533733
v 0.5642779 0.5456172 0.7533733
v 0.5512509 0.5598826 0.7533733
v 0.5435261 0.5657119 0.7533733
v 0.5351451 0.5705507 0.7533733
v 0.5262344 0.5743259 0.7533733
v 0.5169281 0.5769806 0.7533733
v 0.5073667 0.5784749 0.7533733
v 0.5606411 0.5430362 0.2596135
v 0.6223769 0.5830327 0.2917501
v 0.6106912 0.5980713 0.2917501
v 0.5549100 0.5501432 0.2596135
v 0.5971698 0.6114835 0.2917501
v 0.5483511 0.5564944 0.2596135
v 0.5820368 0.6230467 0.2917501
v 0.5410634 0.5619939 0.2596135
v 0.5655432 0.6325693 0.2917501
v 0.5331566 0.5665589 0.2596135
v 0.5479627 0.6398932 0.2917501
v 0.5247500 0.5701205 0.2596135
v 0.5295867 0.6448971 0.2917501
v 0.5159703 0.5726251 0.2596135
v 0.5107200 0.6474978 0.2917501
v 0.5069499 0.5740348 0.2596135
v 0.6742581 0.6137471 0.3464182
v 0.6575036 0.6360033 0.3464182
v 0.6379266 0.6558222 0.3464182
v 0.6158778 0.6728486 0.3464182
v 0.5917524 0.6867774 0.3464182
v 0.5659827 0.6973590 0.3464182
v 0.5390305 0.7044038 0.3464182
v 0.5113789 0.7077855 0.3464182
v 0.7090072 0.6329033 0.4183883
v 0.6888378 0.6602733 0.4183883
v 0.6651104 0.6846235 0.4183883
v 0.6382718 0.7054950 0.4183883
v 0.6088279 0.7224944 0.4183883
v 0.5773335 0.7353015 0.4183883
v 0.5443819 0.7436750 0.4183883
v 0.5105940 0.7474571 0.4183883
v 0.7212831 0.6394117 0.4997917
v 0.6999052 0.6686408 0.4997917
v 0.6746949 0.6946369 0.4997917
v 0.6461355 0.7169015 0.4997917
v 0.6147744 0.7350078 0.4997917
v 0.5812130 0.7486087 0.4997917
v 0.5460946 0.7574434 0.4997917
v 0.5100925 0.7613426 0.4997917
v 0.7091166 0.6329728 0.5812172
v 0.6889367 0.6603573 0.5812172
v 0.6651968 0.6847202 0.5812172
v 0.6383442 0.7056025 0.5812172
v 0.6088849 0.7226109 0.5812172
v 0.5773740 0.7354247 0.5812172
v 0.5444051 0.7438026 0.5812172
v 0.5105996 0.7475867 0.5812172
v 0.6744627 0.6138807 0.6532501
v 0.6576886 0.6361630 0.6532501
v 0.6380885 0.6560051 0.6532501
v 0.6160138 0.6730515 0.6532501
v 0.5918601 0.6869967 0.6532501
v 0.5660601 0.6975907 0.6532501
v 0.5390763 0.7046438 0.6532501
v 0.5113922 0.7080295 0.6532501
v 0.6226512 0.5832188 0.7080141
v 0.6109393 0.5982911 0.7080141
v 0.5973876 0.6117334 0.7080141
v 0.5822206 0.6233225 0.7080141
v 0.5656901 0.6328664 0.7080141
v 0.5480702 0.6402068 0.7080141
v 0.5296530 0.6452218 0.7080141
v 0.5107440 0.6478284 0.7080141
v 0.5609532 0.5432577 0.7402678
v 0.5551926 0.5504013 0.7402678
v 0.5486000 0.5567852 0.7402678
v 0.5412748 0.5623130 0.7402678
v 0.5333273 0.5669015 0.7402678
v 0.5248774 0.5704814 0.7402678
v 0.5160525 0.5729989 0.7402678
v 0.5069856 0.5744159 0.7402678
v 0.6200583 0.7597971 0.5424612
v 0.6649617 0.7338721 0.5424612
v 0.6649260 0.7338101 0.4570612
v 0.6171989 0.7548445 0.5424660
v 0.6620666 0.7288576 0.4570660
v 0.6621024 0.7289195 0.5424660
v 0.6200225 0.7597351 0.4570612
v 0.6171632 0.7547826 0.4570660
v 0.6303867 0.7548724 0.5236724
v 0.6555326 0.7403544 0.5236724
v 0.6555126 0.7403197 0.4758484
v 0.6298720 0.7539809 0.5236733
v 0.6549979 0.7394282 0.4758493
v 0.6550179 0.7394629 0.5236733
v 0.6303667 0.7548377 0.4758484
v 0.6298520 0.7539462 0.4758493
v 0.6403637 0.7541733 0.4766373
v 0.6368614 0.7562008 0.4822192
v 0.6355817 0.7569470 0.4898442
v 0.6355270 0.7538896 0.4822215
v 0.6390293 0.7518621 0.4766396
v 0.6342474 0.7546358 0.4898465
v 0.6451503 0.7514078 0.4745942
v 0.6438160 0.7490966 0.4745965
v 0.6499387 0.7486452 0.4766373
v 0.6486043 0.7463340 0.4766396
v 0.6534457 0.7466258 0.4822192
v 0.6521114 0.7443146 0.4822215
v 0.6547317 0.7458907 0.4898442
v 0.6533974 0.7435795 0.4898465
v 0.6537527 0.7464825 0.5172942
v 0.6524183 0.7441713 0.5172965
v 0.6365838 0.7563950 0.5172942
v 0.6352494 0.7540838 0.5172965
v 0.6526229 0.7513881 0.4997536
v 0.6470058 0.7546215 0.4898411
v 0.6413970 0.7578693 0.4997536
v 0.6506404 0.7479543 0.4997570
v 0.6394145 0.7544355 0.4997570
v 0.6450233 0.7511877 0.4898445
v 0.6470141 0.7546359 0.5096661
v 0.6450316 0.7512021 0.5096694
v 0.6028268 0.6781013 0.3193379
v 0.5915860 0.6919129 0.3265558
v 0.5861861 0.6877088 0.3193379
v 0.5999978 0.6924162 0.3318397
v 0.6091676 0.6890838 0.3337737
v 0.6166384 0.6828087 0.3318397
v 0.6204085 0.6752722 0.3265558
v 0.6194675 0.6684938 0.3193379
v 0.6140677 0.6642896 0.3121199
v 0.6056559 0.6637863 0.3068360
v 0.5964860 0.6671187 0.3049020
v 0.5890152 0.6733938 0.3068360
v 0.5852452 0.6809303 0.3121199
v 0.5924852 0.6971683 0.3235835
v 0.5864854 0.6924970 0.3155636
v 0.6018316 0.6977275 0.3294545
v 0.6120203 0.6940249 0.3316034
v 0.6203212 0.6870525 0.3294545
v 0.6245102 0.6786786 0.3235835
v 0.6234646 0.6711470 0.3155636
v 0.6174648 0.6664758 0.3075437
v 0.6081184 0.6659166 0.3016727
v 0.5979297 0.6696192 0.2995237
v 0.5896288 0.6765916 0.3016727
v 0.5854398 0.6849654 0.3075437
v 0.5963519 0.7038657 0.3167898
v 0.5903521 0.6991944 0.3087699
v 0.6056984 0.7044249 0.3226608
v 0.6158871 0.7007223 0.3248097
v 0.6241880 0.6937499 0.3226608
v 0.6283769 0.6853760 0.3167898
v 0.6273314 0.6778444 0.3087699
v 0.6213316 0.6731732 0.3007500
v 0.6119851 0.6726140 0.2948790
v 0.6017964 0.6763166 0.2927300
v 0.5934955 0.6832890 0.2948790
v 0.5893066 0.6916628 0.3007500
v 0.6008549 0.7042692 0.3116632
v 0.5960550 0.7005322 0.3052472
v 0.6083320 0.7047165 0.3163599
v 0.6164830 0.7017544 0.3180791
v 0.6231237 0.6961765 0.3163599
v 0.6264749 0.6894774 0.3116632
v 0.6256384 0.6834522 0.3052472
v 0.6208386 0.6797152 0.2988313
v 0.6133614 0.6792678 0.2941345
v 0.6052105 0.6822299 0.2924154
v 0.5985697 0.6878078 0.2941345
v 0.5952186 0.6945069 0.2988313
v 0.6027283 0.7019672 0.3104602
v 0.5988285 0.6989309 0.3052472
v 0.6088035 0.7023307 0.3142763
v 0.6154262 0.6999240 0.3156731
v 0.6208218 0.6953920 0.3142763
v 0.6235446 0.6899490 0.3104602
v 0.6228650 0.6850534 0.3052472
v 0.6189651 0.6820171 0.3000343
v 0.6128899 0.6816536 0.2962181
v 0.6062673 0.6840603 0.2948213
v 0.6008717 0.6885924 0.2962181
v 0.5981489 0.6940354 0.3000343
v 0.5984319 0.6945257 0.3180087
v 0.5945321 0.6914894 0.3127958
v 0.6045071 0.6948892 0.3218249
v 0.6111298 0.6924825 0.3232217
v 0.6165254 0.6879504 0.3218249
v 0.6192482 0.6825074 0.3180087
v 0.6185686 0.6776119 0.3127958
v 0.6146687 0.6745755 0.3075828
v 0.6085936 0.6742120 0.3037667
v 0.6019709 0.6766188 0.3023699
v 0.5965753 0.6811508 0.3037667
v 0.5938525 0.6865938 0.3075828
v 0.6065503 0.6845506 0.3127958
v 0.5943055 0.6919509 0.3125442
v 0.5983254 0.6950806 0.3179175
v 0.5976309 0.6972060 0.3178844
v 0.5930711 0.6936558 0.3117893
v 0.6045875 0.6954553 0.3218511
v 0.6047342 0.6976310 0.3223464
v 0.6114139 0.6929746 0.3232909
v 0.6124776 0.6948170 0.3239796
v 0.6169755 0.6883031 0.3218511
v 0.6187863 0.6895180 0.3223464
v 0.6197821 0.6826926 0.3179175
v 0.6219699 0.6831538 0.3178844
v 0.6190816 0.6776464 0.3125442
v 0.6211753 0.6774298 0.3117893
v 0.6150617 0.6745167 0.3071708
v 0.6166155 0.6738797 0.3056942
v 0.6087996 0.6741420 0.3032373
v 0.6095122 0.6734547 0.3012322
v 0.6019732 0.6766227 0.3017975
v 0.6017688 0.6762686 0.2995990
v 0.5964116 0.6812942 0.3032373
v 0.5954600 0.6815677 0.3012322
v 0.5936050 0.6869047 0.3071708
v 0.5922765 0.6879318 0.3056942
v 0.5990630 0.6996865 0.3153683
v 0.5945032 0.6961363 0.3092731
v 0.6061663 0.7001115 0.3198302
v 0.6139098 0.6972975 0.3214634
v 0.6202185 0.6919985 0.3198302
v 0.6234020 0.6856344 0.3153683
v 0.6226075 0.6799103 0.3092731
v 0.6180476 0.6763602 0.3031780
v 0.6109443 0.6759352 0.2987160
v 0.6032009 0.6787492 0.2970828
v 0.5968922 0.6840482 0.2987160
v 0.5937086 0.6904123 0.3031780
v 0.6004736 0.6988014 0.3141432
v 0.5964537 0.6956717 0.3087699
v 0.6067357 0.6991761 0.3180768
v 0.6135621 0.6966953 0.3195166
v 0.6191237 0.6920239 0.3180768
v 0.6219303 0.6864134 0.3141432
v 0.6212298 0.6813672 0.3087699
v 0.6172099 0.6782375 0.3033965
v 0.6109478 0.6778628 0.2994630
v 0.6041214 0.6803435 0.2980232
v 0.5985598 0.6850150 0.2994630
v 0.5957532 0.6906255 0.3033965
v 0.6067222 0.6848483 0.3124938
v 0.5997279 0.6934422 0.3169850
v 0.5963680 0.6908263 0.3124938
v 0.6049619 0.6937553 0.3202727
v 0.6106676 0.6916819 0.3214761
v 0.6153161 0.6877773 0.3202727
v 0.6176619 0.6830880 0.3169850
v 0.6170764 0.6788703 0.3124938
v 0.6137165 0.6762544 0.3080027
v 0.6084825 0.6759412 0.3047149
v 0.6027768 0.6780147 0.3035115
v 0.5981283 0.6819192 0.3047149
v 0.5957825 0.6866086 0.3080027
v 0.6004726 0.6947320 0.3156766
v 0.5971127 0.6921161 0.3111854
v 0.6057066 0.6950452 0.3189643
v 0.6114123 0.6929717 0.3201677
v 0.6160608 0.6890672 0.3189643
v 0.6184066 0.6843778 0.3156766
v 0.6178211 0.6801601 0.3111854
v 0.6144612 0.6775442 0.3066943
v 0.6092272 0.6772311 0.3034065
v 0.6035215 0.6793045 0.3022031
v 0.5988730 0.6832091 0.3034065
v 0.5965272 0.6878984 0.3066943
v 0.6074669 0.6861381 0.3111854
v 0.6029705 0.6783502 0.6803344
v 0.5853947 0.6811892 0.6875624
v 0.5863299 0.6879577 0.6803344
v 0.5891689 0.6736600 0.6928537
v 0.5966413 0.6673876 0.6947904
v 0.6058096 0.6640525 0.6928537
v 0.6142172 0.6645486 0.6875624
v 0.6196112 0.6687427 0.6803344
v 0.6205464 0.6755112 0.6731064
v 0.6167722 0.6830404 0.6678151
v 0.6092998 0.6893129 0.6658783
v 0.6001315 0.6926479 0.6678151
v 0.5917239 0.6921519 0.6731064
v 0.5855930 0.6852307 0.6921329
v 0.5866321 0.6927512 0.6841018
v 0.5897866 0.6768649 0.6980121
v 0.5980892 0.6698955 0.7001641
v 0.6082762 0.6661899 0.6980121
v 0.6176180 0.6667410 0.6921329
v 0.6236114 0.6714012 0.6841018
v 0.6246505 0.6789217 0.6760707
v 0.6204569 0.6872875 0.6701915
v 0.6121543 0.6942569 0.6680395
v 0.6019673 0.6979625 0.6701915
v 0.5926255 0.6974114 0.6760707
v 0.5894651 0.6919374 0.6989143
v 0.5905042 0.6994580 0.6908832
v 0.5936587 0.6835717 0.7047935
v 0.6019614 0.6766022 0.7069454
v 0.6121484 0.6728967 0.7047935
v 0.6214901 0.6734478 0.6989143
v 0.6274835 0.6781080 0.6908832
v 0.6285227 0.6856285 0.6828521
v 0.6243291 0.6939943 0.6769729
v 0.6160264 0.7009637 0.6748209
v 0.6058394 0.7046693 0.6769729
v 0.5964977 0.7041181 0.6828521
v 0.5953787 0.6947841 0.7008244
v 0.5962100 0.7008005 0.6943994
v 0.5987335 0.6880915 0.7055277
v 0.6053756 0.6825160 0.7072493
v 0.6135252 0.6795515 0.7055277
v 0.6209987 0.6799924 0.7008244
v 0.6257934 0.6837205 0.6943994
v 0.6266247 0.6897370 0.6879745
v 0.6232698 0.6964296 0.6832712
v 0.6166277 0.7020051 0.6815496
v 0.6084781 0.7049696 0.6832712
v 0.6010047 0.7045287 0.6879745
v 0.5983080 0.6943109 0.6996197
v 0.5989834 0.6991993 0.6943994
v 0.6010338 0.6888732 0.7034412
v 0.6064305 0.6843431 0.7048399
v 0.6130521 0.6819344 0.7034412
v 0.6191242 0.6822927 0.6996197
v 0.6230199 0.6853218 0.6943994
v 0.6236954 0.6902101 0.6891792
v 0.6209695 0.6956479 0.6853577
v 0.6155728 0.7001780 0.6839590
v 0.6089513 0.7025866 0.6853577
v 0.6028791 0.7022284 0.6891792
v 0.5940056 0.6868590 0.6920848
v 0.5946810 0.6917473 0.6868646
v 0.5967314 0.6814212 0.6959063
v 0.6021281 0.6768911 0.6973051
v 0.6087497 0.6744825 0.6959063
v 0.6148218 0.6748407 0.6920848
v 0.6187176 0.6778698 0.6868646
v 0.6193930 0.6827582 0.6816444
v 0.6166671 0.6881959 0.6778229
v 0.6112704 0.6927260 0.6764241
v 0.6046489 0.6951347 0.6778229
v 0.5985767 0.6947764 0.6816444
v 0.6066993 0.6848086 0.6868646
v 0.5944546 0.6922092 0.6871157
v 0.5937584 0.6871705 0.6924966
v 0.5924311 0.6881996 0.6939729
v 0.5932208 0.6939152 0.6878692
v 0.5965681 0.6815654 0.6964357
v 0.5956182 0.6818416 0.6984411
v 0.6021309 0.6768959 0.6978775
v 0.6019282 0.6765448 0.7000766
v 0.6089562 0.6744132 0.6964357
v 0.6096703 0.6737286 0.6984411
v 0.6152152 0.6747824 0.6924966
v 0.6167701 0.6741474 0.6939729
v 0.6192308 0.6779047 0.6871157
v 0.6213251 0.6776892 0.6878692
v 0.6199270 0.6829435 0.6817349
v 0.6221148 0.6834048 0.6817656
v 0.6171173 0.6885486 0.6777958
v 0.6189277 0.6897628 0.6772974
v 0.6115545 0.6932181 0.6763540
v 0.6126177 0.6950595 0.6756619
v 0.6047292 0.6957008 0.6777958
v 0.6048755 0.6978758 0.6772974
v 0.5984702 0.6953315 0.6817349
v 0.5977758 0.6974569 0.6817656
v 0.5938652 0.6906836 0.6964845
v 0.5946549 0.6963992 0.6903809
v 0.5970523 0.6843256 0.7009527
v 0.6033623 0.6790288 0.7025882
v 0.6111045 0.6762126 0.7009527
v 0.6182042 0.6766314 0.6964845
v 0.6227592 0.6801732 0.6903809
v 0.6235489 0.6858888 0.6842772
v 0.6203618 0.6922468 0.6798090
v 0.6140518 0.6975435 0.6781735
v 0.6063097 0.7003598 0.6798090
v 0.5992099 0.6999409 0.6842772
v 0.5959096 0.6908965 0.6962640
v 0.5966058 0.6959352 0.6908832
v 0.5987193 0.6852914 0.7002031
v 0.6042821 0.6806219 0.7016449
v 0.6111074 0.6781391 0.7002031
v 0.6173664 0.6785084 0.6962640
v 0.6213820 0.6816307 0.6908832
v 0.6220782 0.6866695 0.6855023
v 0.6192685 0.6922745 0.6815633
v 0.6137057 0.6969440 0.6801215
v 0.6068804 0.6994268 0.6815633
v 0.6006214 0.6990575 0.6855023
v 0.6068714 0.6851067 0.6871660
v 0.5959353 0.6868732 0.6916634
v 0.5965172 0.6910847 0.6871660
v 0.5982837 0.6821883 0.6949558
v 0.6029332 0.6782855 0.6961608
v 0.6086379 0.6762103 0.6949558
v 0.6138693 0.6765190 0.6916634
v 0.6172256 0.6791287 0.6871660
v 0.6178075 0.6833402 0.6826685
v 0.6154591 0.6880250 0.6793762
v 0.6108096 0.6919279 0.6781711
v 0.6051049 0.6940030 0.6793762
v 0.5998735 0.6936944 0.6826685
v 0.5966810 0.6881648 0.6929695
v 0.5972629 0.6923763 0.6884720
v 0.5990294 0.6834800 0.6962618
v 0.6036789 0.6795771 0.6974669
v 0.6093836 0.6775020 0.6962618
v 0.6146150 0.6778106 0.6929695
v 0.6179713 0.6804203 0.6884720
v 0.6185532 0.6846318 0.6839746
v 0.6162048 0.6893167 0.6806822
v 0.6115553 0.6932195 0.6794772
v 0.6058506 0.6952947 0.6806822
v 0.6006192 0.6949860 0.6839746
v 0.6076171 0.6863983 0.6884720
v 0.7160316 0.6858765 0.4740750
v 0.7135257 0.6887498 0.4740750
v 0.7135257 0.6887498 0.5259250
v 0.7117217 0.6821177 0.4740750
v 0.7092158 0.6849910 0.5259250
v 0.7092158 0.6849910 0.4740750
v 0.7160316 0.6858765 0.5259250
v 0.7117217 0.6821177 0.5259250
v 0.7161699 0.6871100 0.4854820
v 0.7147666 0.6887191 0.4854820
v 0.7147666 0.6887191 0.5145180
v 0.7153941 0.6864335 0.4854820
v 0.7139908 0.6880425 0.5145180
v 0.7139908 0.6880425 0.4854820
v 0.7161699 0.6871100 0.5145180
v 0.7153941 0.6864335 0.5145180
v 0.5566993 0.7792936 0.4740750
v 0.5529580 0.7800271 0.4740750
v 0.5529580 0.7800271 0.5259250
v 0.5555990 0.7736817 0.4740750
v 0.5518577 0.7744152 0.5259250
v 0.5518577 0.7744152 0.4740750
v 0.5566993 0.7792936 0.5259250
v 0.5555990 0.7736817 0.5259250
v 0.5560522 0.7803529 0.4854820
v 0.5539571 0.7807636 0.4854820
v 0.5539571 0.7807636 0.5145180
v 0.5558542 0.7793427 0.4854820
v 0.5537591 0.7797535 0.5145180
v 0.5537591 0.7797535 0.4854820
v 0.5560522 0.7803529 0.5145180
v 0.5558542 0.7793427 0.5145180
v 0.4831586 0.5765864 0.2465015
v 0.4688235 0.6526832 0.2805598
v 0.4887040 0.6554237 0.2805598
v 0.4926710 0.5780730 0.2465015
v 0.4739000 0.5739453 0.2465015
v 0.4494601 0.6474104 0.2805598
v 0.4650348 0.5701894 0.2465015
v 0.4309348 0.6396929 0.2805598
v 0.4566968 0.5653754 0.2465015
v 0.4135550 0.6296587 0.2805598
v 0.4490115 0.5595759 0.2465015
v 0.3976088 0.6174741 0.2805598
v 0.4420949 0.5528783 0.2465015
v 0.3833608 0.6033412 0.2805598
v 0.4360512 0.5453836 0.2465015
v 0.3710471 0.5874945 0.2805598
v 0.4588983 0.7152509 0.3382681
v 0.4880173 0.7188121 0.3382681
v 0.4305158 0.7078323 0.3382681
v 0.4033786 0.6966892 0.3382681
v 0.3779729 0.6820212 0.3382681
v 0.3547540 0.6640912 0.3382681
v 0.3341381 0.6432206 0.3382681
v 0.3164945 0.6197834 0.3382681
v 0.4532823 0.7564996 0.4140930
v 0.4888484 0.7604808 0.4140930
v 0.4185965 0.7476854 0.4140930
v 0.3854445 0.7342043 0.4140930
v 0.3544509 0.7163101 0.4140930
v 0.3261999 0.6943402 0.4140930
v 0.3012236 0.6687085 0.4140930
v 0.2799928 0.6398980 0.4140930
v 0.4514864 0.7709536 0.4997808
v 0.4893778 0.7750574 0.4997808
v 0.4145251 0.7616552 0.4997808
v 0.3792024 0.7473405 0.4997808
v 0.3461956 0.7282840 0.4997808
v 0.3161374 0.7048510 0.4997808
v 0.2896041 0.6774908 0.4997808
v 0.2671044 0.6467277 0.4997808
v 0.4532579 0.7566339 0.5854916
v 0.4888426 0.7606172 0.5854916
v 0.4185539 0.7478151 0.5854916
v 0.3853845 0.7343269 0.5854916
v 0.3543747 0.7164234 0.5854916
v 0.3261089 0.6944420 0.5854916
v 0.3011196 0.6687969 0.5854916
v 0.2798776 0.6399712 0.5854916
v 0.4588500 0.7155037 0.6613827
v 0.4880032 0.7190690 0.6613827
v 0.4304342 0.7080763 0.6613827
v 0.4032651 0.6969201 0.6613827
v 0.3778296 0.6822349 0.6613827
v 0.3545835 0.6642839 0.6613827
v 0.3339433 0.6433888 0.6613827
v 0.3162791 0.6199240 0.6613827
v 0.4687536 0.6530254 0.7191918
v 0.4886787 0.6557721 0.7191918
v 0.4493468 0.6477408 0.7191918
v 0.4307800 0.6400061 0.7191918
v 0.4133612 0.6299493 0.7191918
v 0.3973793 0.6177374 0.7191918
v 0.3830993 0.6035729 0.7191918
v 0.3707581 0.5876906 0.7191918
v 0.4830719 0.5769806 0.7533733
v 0.4926333 0.5784749 0.7533733
v 0.4737656 0.5743259 0.7533733
v 0.4648549 0.5705507 0.7533733
v 0.4564739 0.5657119 0.7533733
v 0.4487491 0.5598826 0.7533733
v 0.4417969 0.5531505 0.7533733
v 0.4357221 0.5456172 0.7533733
v 0.4930501 0.5740348 0.2596135
v 0.4892800 0.6474978 0.2917501
v 0.4704133 0.6448971 0.2917501
v 0.4840297 0.5726251 0.2596135
v 0.4520373 0.6398932 0.2917501
v 0.4752500 0.5701205 0.2596135
v 0.4344568 0.6325693 0.2917501
v 0.4668434 0.5665589 0.2596135
v 0.4179632 0.6230467 0.2917501
v 0.4589366 0.5619939 0.2596135
v 0.4028302 0.6114835 0.2917501
v 0.4516489 0.5564944 0.2596135
v 0.3893088 0.5980713 0.2917501
v 0.4450900 0.5501432 0.2596135
v 0.3776231 0.5830327 0.2917501
v 0.4393589 0.5430362 0.2596135
v 0.4886211 0.7077855 0.3464182
v 0.4609695 0.7044038 0.3464182
v 0.4340173 0.6973590 0.3464182
v 0.4082476 0.6867774 0.3464182
v 0.3841222 0.6728486 0.3464182
v 0.3620734 0.6558222 0.3464182
v 0.3424964 0.6360033 0.3464182
v 0.3257419 0.6137471 0.3464182
v 0.4894060 0.7474571 0.4183883
v 0.4556181 0.7436750 0.4183883
v 0.4226665 0.7353015 0.4183883
v 0.3911721 0.7224944 0.4183883
v 0.3617282 0.7054950 0.4183883
v 0.3348896 0.6846235 0.4183883
v 0.3111622 0.6602733 0.4183883
v 0.2909928 0.6329033 0.4183883
v 0.4899075 0.7613426 0.4997917
v 0.4539054 0.7574434 0.4997917
v 0.4187870 0.7486087 0.4997917
v 0.3852256 0.7350078 0.4997917
v 0.3538645 0.7169015 0.4997917
v 0.3253051 0.6946369 0.4997917
v 0.3000948 0.6686408 0.4997917
v 0.2787169 0.6394117 0.4997917
v 0.4894004 0.7475867 0.5812172
v 0.4555949 0.7438026 0.5812172
v 0.4226260 0.7354247 0.5812172
v 0.3911151 0.7226109 0.5812172
v 0.3616558 0.7056025 0.5812172
v 0.3348032 0.6847202 0.5812172
v 0.3110633 0.6603573 0.5812172
v 0.2908834 0.6329728 0.5812172
v 0.4886078 0.7080295 0.6532501
v 0.4609237 0.7046438 0.6532501
v 0.4339399 0.6975907 0.6532501
v 0.4081399 0.6869967 0.6532501
v 0.3839862 0.6730515 0.6532501
v 0.3619115 0.6560051 0.6532501
v 0.3423114 0.6361630 0.6532501
v 0.3255373 0.6138807 0.6532501
v 0.4892560 0.6478284 0.7080141
v 0.4703470 0.6452218 0.7080141
v 0.4519298 0.6402068 0.7080141
v 0.4343099 0.6328664 0.7080141
v 0.4177794 0.6233225 0.7080141
v 0.4026124 0.6117334 0.7080141
v 0.3890607 0.5982911 0.7080141
v 0.3773488 0.5832188 0.7080141
v 0.4930144 0.5744159 0.7402678
v 0.4839475 0.5729989 0.7402678
v 0.4751226 0.5704814 0.7402678
v 0.4666727 0.5669015 0.7402678
v 0.4587252 0.5623130 0.7402678
v 0.4514000 0.5567852 0.7402678
v 0.4448074 0.5504013 0.7402678
v 0.4390468 0.5432577 0.7402678
v 0.3350383 0.7338721 0.5424612
v 0.3799417 0.7597971 0.5424612
v 0.3799775 0.7597351 0.4570612
v 0.3378976 0.7289195 0.5424660
v 0.3828368 0.7547826 0.4570660
v 0.3828011 0.7548445 0.5424660
v 0.3350740 0.7338101 0.4570612
v 0.3379334 0.7288576 0.4570660
v 0.3444674 0.7403544 0.5236724
v 0.3696133 0.7548724 0.5236724
v 0.3696333 0.7548377 0.4758484
v 0.3449821 0.7394629 0.5236733
v 0.3701480 0.7539462 0.4758493
v 0.3701280 0.7539809 0.5236733
v 0.3444874 0.7403197 0.4758484
v 0.3450021 0.7394282 0.4758493
v 0.3500613 0.7486452 0.4766373
v 0.3465543 0.7466258 0.4822192
v 0.3452683 0.7458907 0.4898442
v 0.3478886 0.7443146 0.4822215
v 0.3513957 0.7463340 0.4766396
v 0.3466026 0.7435795 0.4898465
v 0.3548497 0.7514078 0.4745942
v 0.3561840 0.7490966 0.4745965
v 0.3596363 0.7541733 0.4766373
v 0.3609707 0.7518621 0.4766396
v 0.3631386 0.7562008 0.4822192
v 0.3644730 0.7538896 0.4822215
v 0.3644183 0.7569470 0.4898442
v 0.3657526 0.7546358 0.4898465
v 0.3634162 0.7563950 0.5172942
v 0.3647506 0.7540838 0.5172965
v 0.3462473 0.7464825 0.5172942
v 0.3475817 0.7441713 0.5172965
v 0.3586030 0.7578693 0.4997536
v 0.3529942 0.7546215 0.4898411
v 0.3473771 0.7513881 0.4997536
v 0.3605855 0.7544355 0.4997570
v 0.3493596 0.7479543 0.4997570
v 0.3549767 0.7511877 0.4898445
v 0.3529859 0.7546359 0.5096661
v 0.3549684 0.7512021 0.5096694
v 0.3971732 0.6781013 0.3193379
v 0.3795915 0.6752722 0.3265558
v 0.3805325 0.6684938 0.3193379
v 0.3833616 0.6828087 0.3318397
v 0.3908324 0.6890838 0.3337737
v 0.4000022 0.6924162 0.3318397
v 0.4084140 0.6919129 0.3265558
v 0.4138139 0.6877088 0.3193379
v 0.4147548 0.6809303 0.3121199
v 0.4109848 0.6733938 0.3068360
v 0.4035140 0.6671187 0.3049020
v 0.3943441 0.6637863 0.3068360
v 0.3859323 0.6642896 0.3121199
v 0.3754898 0.6786786 0.3235835
v 0.3765354 0.6711470 0.3155636
v 0.3796788 0.6870525 0.3294545
v 0.3879797 0.6940249 0.3316034
v 0.3981684 0.6977275 0.3294545
v 0.4075148 0.6971683 0.3235835
v 0.4135146 0.6924970 0.3155636
v 0.4145602 0.6849654 0.3075437
v 0.4103712 0.6765916 0.3016727
v 0.4020703 0.6696192 0.2995237
v 0.3918816 0.6659166 0.3016727
v 0.3825352 0.6664758 0.3075437
v 0.3716231 0.6853760 0.3167898
v 0.3726686 0.6778444 0.3087699
v 0.3758120 0.6937499 0.3226608
v 0.3841129 0.7007223 0.3248097
v 0.3943016 0.7044249 0.3226608
v 0.4036481 0.7038657 0.3167898
v 0.4096479 0.6991944 0.3087699
v 0.4106934 0.6916628 0.3007500
v 0.4065045 0.6832890 0.2948790
v 0.3982036 0.6763166 0.2927300
v 0.3880149 0.6726140 0.2948790
v 0.3786684 0.6731732 0.3007500
v 0.3735251 0.6894774 0.3116632
v 0.3743616 0.6834522 0.3052472
v 0.3768763 0.6961765 0.3163599
v 0.3835170 0.7017544 0.3180791
v 0.3916680 0.7047165 0.3163599
v 0.3991451 0.7042692 0.3116632
v 0.4039450 0.7005322 0.3052472
v 0.4047814 0.6945069 0.2988313
v 0.4014303 0.6878078 0.2941345
v 0.3947895 0.6822299 0.2924154
v 0.3866386 0.6792678 0.2941345
v 0.3791614 0.6797152 0.2988313
v 0.3764554 0.6899490 0.3104602
v 0.3771350 0.6850534 0.3052472
v 0.3791782 0.6953920 0.3142763
v 0.3845738 0.6999240 0.3156731
v 0.3911965 0.7023307 0.3142763
v 0.3972717 0.7019672 0.3104602
v 0.4011715 0.6989309 0.3052472
v 0.4018511 0.6940354 0.3000343
v 0.3991283 0.6885924 0.2962181
v 0.3937327 0.6840603 0.2948213
v 0.3871101 0.6816536 0.2962181
v 0.3810349 0.6820171 0.3000343
v 0.3807518 0.6825074 0.3180087
v 0.3814314 0.6776119 0.3127958
v 0.3834746 0.6879504 0.3218249
v 0.3888702 0.6924825 0.3232217
v 0.3954929 0.6948892 0.3218249
v 0.4015681 0.6945257 0.3180087
v 0.4054679 0.6914894 0.3127958
v 0.4061475 0.6865938 0.3075828
v 0.4034247 0.6811508 0.3037667
v 0.3980291 0.6766188 0.3023699
v 0.3914064 0.6742120 0.3037667
v 0.3853313 0.6745755 0.3075828
v 0.3934497 0.6845506 0.3127958
v 0.3809184 0.6776464 0.3125442
v 0.3802179 0.6826926 0.3179175
v 0.3780301 0.6831538 0.3178844
v 0.3788247 0.6774298 0.3117893
v 0.3830245 0.6883031 0.3218511
v 0.3812137 0.6895180 0.3223464
v 0.3885861 0.6929746 0.3232909
v 0.3875224 0.6948170 0.3239796
v 0.3954125 0.6954553 0.3218511
v 0.3952658 0.6976310 0.3223464
v 0.4016746 0.6950806 0.3179175
v 0.4023691 0.6972060 0.3178844
v 0.4056945 0.6919509 0.3125442
v 0.4069289 0.6936558 0.3117893
v 0.4063950 0.6869047 0.3071708
v 0.4077235 0.6879318 0.3056942
v 0.4035884 0.6812942 0.3032373
v 0.4045400 0.6815677 0.3012322
v 0.3980268 0.6766227 0.3017975
v 0.3982312 0.6762686 0.2995990
v 0.3912004 0.6741420 0.3032373
v 0.3904878 0.6734547 0.3012322
v 0.3849383 0.6745167 0.3071708
v 0.3833845 0.6738797 0.3056942
v 0.3765980 0.6856344 0.3153683
v 0.3773925 0.6799103 0.3092731
v 0.3797815 0.6919985 0.3198302
v 0.3860902 0.6972975 0.3214634
v 0.3938337 0.7001115 0.3198302
v 0.4009370 0.6996865 0.3153683
v 0.4054968 0.6961363 0.3092731
v 0.4062914 0.6904123 0.3031780
v 0.4031078 0.6840482 0.2987160
v 0.3967991 0.6787492 0.2970828
v 0.3890557 0.6759352 0.2987160
v 0.3819524 0.6763602 0.3031780
v 0.3780697 0.6864134 0.3141432
v 0.3787702 0.6813672 0.3087699
v 0.3808763 0.6920239 0.3180768
v 0.3864379 0.6966953 0.3195166
v 0.3932643 0.6991761 0.3180768
v 0.3995264 0.6988014 0.3141432
v 0.4035463 0.6956717 0.3087699
v 0.4042468 0.6906255 0.3033965
v 0.4014402 0.6850150 0.2994630
v 0.3958786 0.6803435 0.2980232
v 0.3890522 0.6778628 0.2994630
v 0.3827901 0.6782375 0.3033965
v 0.3932778 0.6848483 0.3124938
v 0.3823381 0.6830880 0.3169850
v 0.3829236 0.6788703 0.3124938
v 0.3846839 0.6877773 0.3202727
v 0.3893324 0.6916819 0.3214761
v 0.3950381 0.6937553 0.3202727
v 0.4002721 0.6934422 0.3169850
v 0.4036320 0.6908263 0.3124938
v 0.4042175 0.6866086 0.3080027
v 0.4018717 0.6819192 0.3047149
v 0.3972232 0.6780147 0.3035115
v 0.3915175 0.6759412 0.3047149
v 0.3862835 0.6762544 0.3080027
v 0.3815934 0.6843778 0.3156766
v 0.3821789 0.6801601 0.3111854
v 0.3839392 0.6890672 0.3189643
v 0.3885877 0.6929717 0.3201677
v 0.3942934 0.6950452 0.3189643
v 0.3995274 0.6947320 0.3156766
v 0.4028873 0.6921161 0.3111854
v 0.4034728 0.6878984 0.3066943
v 0.4011270 0.6832091 0.3034065
v 0.3964785 0.6793045 0.3022031
v 0.3907728 0.6772311 0.3034065
v 0.3855388 0.6775442 0.3066943
v 0.3925331 0.6861381 0.3111854
v 0.3970295 0.6783502 0.6803344
v 0.3857828 0.6645486 0.6875624
v 0.3803888 0.6687427 0.6803344
v 0.3941904 0.6640525 0.6928537
v 0.4033587 0.6673876 0.6947904
v 0.4108311 0.6736600 0.6928537
v 0.4146053 0.6811892 0.6875624
v 0.4136701 0.6879577 0.6803344
v 0.4082761 0.6921519 0.6731064
v 0.3998685 0.6926479 0.6678151
v 0.3907002 0.6893129 0.6658783
v 0.3832278 0.6830404 0.6678151
v 0.3794536 0.6755112 0.6731064
v 0.3823820 0.6667410 0.6921329
v 0.3763886 0.6714012 0.6841018
v 0.3917238 0.6661899 0.6980121
v 0.4019108 0.6698955 0.7001641
v 0.4102134 0.6768649 0.6980121
v 0.4144070 0.6852307 0.6921329
v 0.4133679 0.6927512 0.6841018
v 0.4073745 0.6974114 0.6760707
v 0.3980327 0.6979625 0.6701915
v 0.3878457 0.6942569 0.6680395
v 0.3795431 0.6872875 0.6701915
v 0.3753495 0.6789217 0.6760707
v 0.3785099 0.6734478 0.6989143
v 0.3725165 0.6781080 0.6908832
v 0.3878516 0.6728967 0.7047935
v 0.3980386 0.6766022 0.7069454
v 0.4063413 0.6835717 0.7047935
v 0.4105349 0.6919374 0.6989143
v 0.4094958 0.6994580 0.6908832
v 0.4035023 0.7041181 0.6828521
v 0.3941606 0.7046693 0.6769729
v 0.3839736 0.7009637 0.6748209
v 0.3756709 0.6939943 0.6769729
v 0.3714773 0.6856285 0.6828521
v 0.3790013 0.6799924 0.7008244
v 0.3742066 0.6837205 0.6943994
v 0.3864748 0.6795515 0.7055277
v 0.3946244 0.6825160 0.7072493
v 0.4012665 0.6880915 0.7055277
v 0.4046213 0.6947841 0.7008244
v 0.4037900 0.7008005 0.6943994
v 0.3989953 0.7045287 0.6879745
v 0.3915219 0.7049696 0.6832712
v 0.3833723 0.7020051 0.6815496
v 0.3767302 0.6964296 0.6832712
v 0.3733753 0.6897370 0.6879745
v 0.3808758 0.6822927 0.6996197
v 0.3769801 0.6853218 0.6943994
v 0.3869479 0.6819344 0.7034412
v 0.3935695 0.6843431 0.7048399
v 0.3989662 0.6888732 0.7034412
v 0.4016920 0.6943109 0.6996197
v 0.4010166 0.6991993 0.6943994
v 0.3971209 0.7022284 0.6891792
v 0.3910487 0.7025866 0.6853577
v 0.3844272 0.7001780 0.6839590
v 0.3790305 0.6956479 0.6853577
v 0.3763046 0.6902101 0.6891792
v 0.3851782 0.6748407 0.6920848
v 0.3812824 0.6778698 0.6868646
v 0.3912503 0.6744825 0.6959063
v 0.3978719 0.6768911 0.6973051
v 0.4032686 0.6814212 0.6959063
v 0.4059944 0.6868590 0.6920848
v 0.4053190 0.6917473 0.6868646
v 0.4014233 0.6947764 0.6816444
v 0.3953511 0.6951347 0.6778229
v 0.3887296 0.6927260 0.6764241
v 0.3833329 0.6881959 0.6778229
v 0.3806070 0.6827582 0.6816444
v 0.3933007 0.6848086 0.6868646
v 0.3807692 0.6779047 0.6871157
v 0.3847848 0.6747824 0.6924966
v 0.3832299 0.6741474 0.6939729
v 0.3786749 0.6776892 0.6878692
v 0.3910438 0.6744132 0.6964357
v 0.3903297 0.6737286 0.6984411
v 0.3978691 0.6768959 0.6978775
v 0.3980718 0.6765448 0.7000766
v 0.4034319 0.6815654 0.6964357
v 0.4043818 0.6818416 0.6984411
v 0.4062416 0.6871705 0.6924966
v 0.4075689 0.6881996 0.6939729
v 0.4055454 0.6922092 0.6871157
v 0.4067792 0.6939152 0.6878692
v 0.4015298 0.6953315 0.6817349
v 0.4022242 0.6974569 0.6817656
v 0.3952708 0.6957008 0.6777958
v 0.3951245 0.6978758 0.6772974
v 0.3884455 0.6932181 0.6763540
v 0.3873823 0.6950595 0.6756619
v 0.3828827 0.6885486 0.6777958
v 0.3810723 0.6897628 0.6772974
v 0.3800730 0.6829435 0.6817349
v 0.3778852 0.6834048 0.6817656
v 0.3817958 0.6766314 0.6964845
v 0.3772408 0.6801732 0.6903809
v 0.3888955 0.6762126 0.7009527
v 0.3966377 0.6790288 0.7025882
v 0.4029477 0.6843256 0.7009527
v 0.4061348 0.6906836 0.6964845
v 0.4053451 0.6963992 0.6903809
v 0.4007901 0.6999409 0.6842772
v 0.3936903 0.7003598 0.6798090
v 0.3859482 0.6975435 0.6781735
v 0.3796382 0.6922468 0.6798090
v 0.3764511 0.6858888 0.6842772
v 0.3826336 0.6785084 0.6962640
v 0.3786180 0.6816307 0.6908832
v 0.3888926 0.6781391 0.7002031
v 0.3957179 0.6806219 0.7016449
v 0.4012807 0.6852914 0.7002031
v 0.4040904 0.6908965 0.6962640
v 0.4033942 0.6959352 0.6908832
v 0.3993786 0.6990575 0.6855023
v 0.3931196 0.6994268 0.6815633
v 0.3862943 0.6969440 0.6801215
v 0.3807315 0.6922745 0.6815633
v 0.3779218 0.6866695 0.6855023
v 0.3931286 0.6851067 0.6871660
v 0.3861307 0.6765190 0.6916634
v 0.3827744 0.6791287 0.6871660
v 0.3913621 0.6762103 0.6949558
v 0.3970668 0.6782855 0.6961608
v 0.4017163 0.6821883 0.6949558
v 0.4040647 0.6868732 0.6916634
v 0.4034828 0.6910847 0.6871660
v 0.4001265 0.6936944 0.6826685
v 0.3948951 0.6940030 0.6793762
v 0.3891904 0.6919279 0.6781711
v 0.3845409 0.6880250 0.6793762
v 0.3821925 0.6833402 0.6826685
v 0.3853850 0.6778106 0.6929695
v 0.3820287 0.6804203 0.6884720
v 0.3906164 0.6775020 0.6962618
v 0.3963211 0.6795771 0.6974669
v 0.4009706 0.6834800 0.6962618
v 0.4033190 0.6881648 0.6929695
v 0.4027371 0.6923763 0.6884720
v 0.3993808 0.6949860 0.6839746
v 0.3941494 0.6952947 0.6806822
v 0.3884447 0.6932195 0.6794772
v 0.3837952 0.6893167 0.6806822
v 0.3814468 0.6846318 0.6839746
v 0.3923829 0.6863983 0.6884720
v 0.4470420 0.7800271 0.4740750
v 0.4433007 0.7792936 0.4740750
v 0.4433007 0.7792936 0.5259250
v 0.4481423 0.7744152 0.4740750
v 0.4444010 0.7736817 0.5259250
v 0.4444010 0.7736817 0.4740750
v 0.4470420 0.7800271 0.5259250
v 0.4481423 0.7744152 0.5259250
v 0.4460429 0.7807636 0.4854820
v 0.4439478 0.7803529 0.4854820
v 0.4439478 0.7803529 0.5145180
v 0.4462409 0.7797535 0.4854820
v 0.4441458 0.7793427 0.5145180
v 0.4441458 0.7793427 0.4854820
v 0.4460429 0.7807636 0.5145180
v 0.4462409 0.7797535 0.5145180
v 0.2864743 0.6887498 0.4740750
v 0.2839684 0.6858765 0.4740750
v 0.2839684 0.6858765 0.5259250
v 0.2907842 0.6849910 0.4740750
v 0.2882783 0.6821177 0.5259250
v 0.2882783 0.6821177 0.4740750
v 0.2864743 0.6887498 0.5259250
v 0.2907842 0.6849910 0.5259250
v 0.2852334 0.6887191 0.4854820
v 0.2838301 0.6871100 0.4854820
v 0.2838301 0.6871100 0.5145180
v 0.2860092 0.6880425 0.4854820
v 0.2846059 0.6864335 0.5145180
v 0.2846059 0.6864335 0.4854820
v 0.2852334 0.6887191 0.5145180
v 0.2860092 0.6880425 0.5145180
v 0.4252535 0.5237081 0.2465015
v 0.3521843 0.5493419 0.2805598
v 0.3597511 0.5679292 0.2805598
v 0.4287223 0.5326895 0.2465015
v 0.4229115 0.5143693 0.2465015
v 0.3470688 0.5299363 0.2805598
v 0.4217316 0.5048140 0.2465015
v 0.3444898 0.5100343 0.2805598
v 0.4217316 0.4951860 0.2465015
v 0.3444898 0.4899657 0.2805598
v 0.4229115 0.4856307 0.2465015
v 0.3470688 0.4700637 0.2805598
v 0.4252535 0.4762919 0.2465015
v 0.3521843 0.4506581 0.2805598
v 0.4287223 0.4673105 0.2465015
v 0.3597511 0.4320708 0.2805598
v 0.2930363 0.5720303 0.3382681
v 0.3045118 0.5990287 0.3382681
v 0.2852698 0.5437411 0.3382681
v 0.2813515 0.5146680 0.3382681
v 0.2813515 0.4853320 0.3382681
v 0.2852698 0.4562589 0.3382681
v 0.2930363 0.4279697 0.3382681
v 0.3045118 0.4009713 0.3382681
v 0.2545059 0.5877911 0.4140930
v 0.2688412 0.6205829 0.4140930
v 0.2447964 0.5533452 0.4140930
v 0.2398954 0.5178941 0.4140930
v 0.2398954 0.4821059 0.4140930
v 0.2447964 0.4466548 0.4140930
v 0.2545059 0.4122089 0.4140930
v 0.2688412 0.3794171 0.4140930
v 0.2410906 0.5934628 0.4997808
v 0.2564822 0.6283296 0.4997808
v 0.2306625 0.5568042 0.4997808
v 0.2253980 0.5190565 0.4997808
v 0.2253980 0.4809435 0.4997808
v 0.2306625 0.4431958 0.4997808
v 0.2410906 0.4065372 0.4997808
v 0.2564822 0.3716704 0.4997808
v 0.2543774 0.5878371 0.5854916
v 0.2687202 0.6206460 0.5854916
v 0.2446628 0.5533731 0.5854916
v 0.2397592 0.5179035 0.5854916
v 0.2397592 0.4820965 0.5854916
v 0.2446628 0.4466269 0.5854916
v 0.2543774 0.4121629 0.5854916
v 0.2687202 0.3793540 0.5854916
v 0.2927933 0.5721149 0.6613827
v 0.3042823 0.5991450 0.6613827
v 0.2850177 0.5437925 0.6613827
v 0.2810948 0.5146852 0.6613827
v 0.2810948 0.4853148 0.6613827
v 0.2850177 0.4562075 0.6613827
v 0.2927933 0.4278851 0.6613827
v 0.3042823 0.4008550 0.6613827
v 0.3518529 0.5494525 0.7191918
v 0.3594368 0.5680815 0.7191918
v 0.3467261 0.5300034 0.7191918
v 0.3441412 0.5100567 0.7191918
v 0.3441412 0.4899433 0.7191918
v 0.3467261 0.4699966 0.7191918
v 0.3518529 0.4505475 0.7191918
v 0.3594368 0.4319185 0.7191918
v 0.4248687 0.5238301 0.7533733
v 0.4283554 0.5328577 0.7533733
v 0.4225147 0.5144433 0.7533733
v 0.4213287 0.5048388 0.7533733
v 0.4213287 0.4951612 0.7533733
v 0.4225147 0.4855567 0.7533733
v 0.4248687 0.4761699 0.7533733
v 0.4283554 0.4671423 0.7533733
v 0.4324091 0.5309986 0.2596135
v 0.3669031 0.5644652 0.2917501
v 0.3597221 0.5468257 0.2917501
v 0.4291197 0.5224818 0.2596135
v 0.3548676 0.5284097 0.2917501
v 0.4268988 0.5136261 0.2596135
v 0.3524200 0.5095226 0.2917501
v 0.4257800 0.5045650 0.2596135
v 0.3524200 0.4904774 0.2917501
v 0.4257800 0.4954350 0.2596135
v 0.3548676 0.4715903 0.2917501
v 0.4268988 0.4863739 0.2596135
v 0.3597221 0.4531743 0.2917501
v 0.4291197 0.4775182 0.2596135
v 0.3669031 0.4355348 0.2917501
v 0.4324091 0.4690014 0.2596135
v 0.3143630 0.5940384 0.3464182
v 0.3034659 0.5684005 0.3464182
v 0.2960907 0.5415369 0.3464182
v 0.2923698 0.5139288 0.3464182
v 0.2923698 0.4860712 0.3464182
v 0.2960907 0.4584631 0.3464182
v 0.3034659 0.4315995 0.3464182
v 0.3143630 0.4059616 0.3464182
v 0.2803988 0.6145539 0.4183883
v 0.2667803 0.5834017 0.4183883
v 0.2575562 0.5506780 0.4183883
v 0.2529002 0.5169994 0.4183883
v 0.2529002 0.4830006 0.4183883
v 0.2575562 0.4493220 0.4183883
v 0.2667803 0.4165983 0.4183883
v 0.2803988 0.3854461 0.4183883
v 0.2686244 0.6219309 0.4997917
v 0.2540002 0.5888026 0.4997917
v 0.2440921 0.5539718 0.4997917
v 0.2390901 0.5181063 0.4997917
v 0.2390901 0.4818937 0.4997917
v 0.2440921 0.4460282 0.4997917
v 0.2540002 0.4111974 0.4997917
v 0.2686244 0.3780691 0.4997917
v 0.2802839 0.6146139 0.5812172
v 0.2666582 0.5834453 0.5812172
v 0.2574292 0.5507045 0.5812172
v 0.2527709 0.5170083 0.5812172
v 0.2527709 0.4829917 0.5812172
v 0.2574292 0.4492955 0.5812172
v 0.2666582 0.4165547 0.5812172
v 0.2802839 0.3853861 0.5812172
v 0.3141451 0.5941488 0.6532501
v 0.3032351 0.5684808 0.6532501
v 0.2958513 0.5415856 0.6532501
v 0.2921261 0.5139452 0.6532501
v 0.2921261 0.4860548 0.6532501
v 0.2958513 0.4584144 0.6532501
v 0.3032351 0.4315192 0.6532501
v 0.3141451 0.4058512 0.6532501
v 0.3666048 0.5646097 0.7080141
v 0.3594077 0.5469307 0.7080141
v 0.3545423 0.5284734 0.7080141
v 0.3520892 0.5095439 0.7080141
v 0.3520892 0.4904561 0.7080141
v 0.3545423 0.4715266 0.7080141
v 0.3594077 0.4530693 0.7080141
v 0.3666048 0.4353903 0.7080141
v 0.4320611 0.5311582 0.7402678
v 0.4287548 0.5225975 0.7402678
v 0.4265226 0.5136962 0.7402678
v 0.4253979 0.5045885 0.7402678
v 0.4253979 0.4954115 0.7402678
v 0.4265226 0.4863038 0.7402678
v 0.4287548 0.4774025 0.7402678
v 0.4320611 0.4688418 0.7402678
v 0.2149799 0.4740750 0.5424612
v 0.2149799 0.5259250 0.5424612
v 0.2150515 0.5259250 0.4570612
v 0.2206987 0.4740750 0.5424660
v 0.2207703 0.5259250 0.4570660
v 0.2206987 0.5259250 0.5424660
v 0.2150515 0.4740750 0.4570612
v 0.2207703 0.4740750 0.4570660
v 0.2140807 0.4854820 0.5236724
v 0.2140807 0.5145180 0.5236724
v 0.2141208 0.5145180 0.4758484
v 0.2151101 0.4854820 0.5236733
v 0.2151501 0.5145180 0.4758493
v 0.2151101 0.5145180 0.5236733
v 0.2141208 0.4854820 0.4758484
v 0.2151501 0.4854820 0.4758493
v 0.2096976 0.4944719 0.4766373
v 0.2096929 0.4904250 0.4822192
v 0.2096865 0.4889438 0.4898442
v 0.2123617 0.4904250 0.4822215
v 0.2123663 0.4944719 0.4766396
v 0.2123553 0.4889438 0.4898465
v 0.2096993 0.5000000 0.4745942
v 0.2123681 0.5000000 0.4745965
v 0.2096976 0.5055281 0.4766373
v 0.2123663 0.5055281 0.4766396
v 0.2096929 0.5095750 0.4822192
v 0.2123617 0.5095750 0.4822215
v 0.2096865 0.5110562 0.4898442
v 0.2123553 0.5110562 0.4898465
v 0.2096635 0.5099125 0.5172942
v 0.2123323 0.5099125 0.5172965
v 0.2096635 0.4900875 0.5172942
v 0.2123323 0.4900875 0.5172965
v 0.2059801 0.5064812 0.4997536
v 0.2059884 0.5000000 0.4898411
v 0.2059801 0.4935188 0.4997536
v 0.2099451 0.5064812 0.4997570
v 0.2099451 0.4935188 0.4997570
v 0.2099534 0.5000000 0.4898445
v 0.2059718 0.5000000 0.5096661
v 0.2099368 0.5000000 0.5096694
v 0.2943464 0.5000000 0.3193379
v 0.2880056 0.4833593 0.3265558
v 0.2943464 0.4807850 0.3193379
v 0.2833638 0.4903925 0.3318397
v 0.2816648 0.5000000 0.3337737
v 0.2833638 0.5096075 0.3318397
v 0.2880056 0.5166407 0.3265558
v 0.2943464 0.5192150 0.3193379
v 0.3006872 0.5166407 0.3121199
v 0.3053289 0.5096075 0.3068360
v 0.3070280 0.5000000 0.3049020
v 0.3053289 0.4903925 0.3068360
v 0.3006872 0.4833593 0.3121199
v 0.2830047 0.4815104 0.3235835
v 0.2900500 0.4786500 0.3155636
v 0.2778471 0.4893250 0.3294545
v 0.2759594 0.5000000 0.3316034
v 0.2778471 0.5106750 0.3294545
v 0.2830047 0.5184896 0.3235835
v 0.2900500 0.5213500 0.3155636
v 0.2970953 0.5184896 0.3075437
v 0.3022528 0.5106750 0.3016727
v 0.3041406 0.5000000 0.2995237
v 0.3022528 0.4893250 0.3016727
v 0.2970953 0.4815104 0.3075437
v 0.2752712 0.4815104 0.3167898
v 0.2823165 0.4786500 0.3087699
v 0.2701137 0.4893250 0.3226608
v 0.2682259 0.5000000 0.3248097
v 0.2701137 0.5106750 0.3226608
v 0.2752712 0.5184896 0.3167898
v 0.2823165 0.5213500 0.3087699
v 0.2893618 0.5184896 0.3007500
v 0.2945194 0.5106750 0.2948790
v 0.2964071 0.5000000 0.2927300
v 0.2945194 0.4893250 0.2948790
v 0.2893618 0.4815104 0.3007500
v 0.2726703 0.4852083 0.3116632
v 0.2783065 0.4829200 0.3052472
v 0.2685443 0.4914600 0.3163599
v 0.2670340 0.5000000 0.3180791
v 0.2685443 0.5085400 0.3163599
v 0.2726703 0.5147917 0.3116632
v 0.2783065 0.5170800 0.3052472
v 0.2839428 0.5147917 0.2988313
v 0.2880688 0.5085400 0.2941345
v 0.2895791 0.5000000 0.2924154
v 0.2880688 0.4914600 0.2941345
v 0.2839428 0.4852083 0.2988313
v 0.2737271 0.4879817 0.3104602
v 0.2783065 0.4861225 0.3052472
v 0.2703747 0.4930613 0.3142763
v 0.2691476 0.5000000 0.3156731
v 0.2703747 0.5069387 0.3142763
v 0.2737271 0.5120183 0.3104602
v 0.2783065 0.5138775 0.3052472
v 0.2828860 0.5120183 0.3000343
v 0.2862384 0.5069387 0.2962181
v 0.2874655 0.5000000 0.2948213
v 0.2862384 0.4930613 0.2962181
v 0.2828860 0.4879817 0.3000343
v 0.2823199 0.4879817 0.3180087
v 0.2868993 0.4861225 0.3127958
v 0.2789675 0.4930613 0.3218249
v 0.2777404 0.5000000 0.3232217
v 0.2789675 0.5069387 0.3218249
v 0.2823199 0.5120183 0.3180087
v 0.2868993 0.5138775 0.3127958
v 0.2914788 0.5120183 0.3075828
v 0.2948312 0.5069387 0.3037667
v 0.2960582 0.5000000 0.3023699
v 0.2948312 0.4930613 0.3037667
v 0.2914788 0.4879817 0.3075828
v 0.2868993 0.5000000 0.3127958
v 0.2866129 0.4856955 0.3125442
v 0.2818925 0.4876119 0.3179175
v 0.2803992 0.4859479 0.3178844
v 0.2857536 0.4837740 0.3117893
v 0.2784370 0.4928478 0.3218511
v 0.2764794 0.4918870 0.3223464
v 0.2771722 0.5000000 0.3232909
v 0.2750447 0.5000000 0.3239796
v 0.2784370 0.5071522 0.3218511
v 0.2764794 0.5081130 0.3223464
v 0.2818925 0.5123881 0.3179175
v 0.2803992 0.5140521 0.3178844
v 0.2866129 0.5143045 0.3125442
v 0.2857536 0.5162260 0.3117893
v 0.2913333 0.5123881 0.3071708
v 0.2911081 0.5140521 0.3056942
v 0.2947888 0.5071523 0.3032373
v 0.2950278 0.5081130 0.3012322
v 0.2960536 0.5000000 0.3017975
v 0.2964625 0.5000000 0.2995990
v 0.2947888 0.4928478 0.3032373
v 0.2950278 0.4918870 0.3012322
v 0.2913333 0.4876119 0.3071708
v 0.2911081 0.4859479 0.3056942
v 0.2775349 0.4859479 0.3153683
v 0.2828894 0.4837740 0.3092731
v 0.2736152 0.4918870 0.3198302
v 0.2721805 0.5000000 0.3214634
v 0.2736152 0.5081130 0.3198302
v 0.2775349 0.5140521 0.3153683
v 0.2828894 0.5162260 0.3092731
v 0.2882438 0.5140521 0.3031780
v 0.2921635 0.5081130 0.2987160
v 0.2935982 0.5000000 0.2970828
v 0.2921635 0.4918870 0.2987160
v 0.2882438 0.4859479 0.3031780
v 0.2775961 0.4876119 0.3141432
v 0.2823165 0.4856955 0.3087699
v 0.2741406 0.4928478 0.3180768
v 0.2728758 0.5000000 0.3195166
v 0.2741406 0.5071522 0.3180768
v 0.2775961 0.5123881 0.3141432
v 0.2823165 0.5143045 0.3087699
v 0.2870369 0.5123881 0.3033965
v 0.2904924 0.5071523 0.2994630
v 0.2917572 0.5000000 0.2980232
v 0.2904924 0.4928478 0.2994630
v 0.2870369 0.4876119 0.3033965
v 0.2865556 0.5000000 0.3124938
v 0.2826102 0.4896458 0.3169850
v 0.2865556 0.4880440 0.3124938
v 0.2797220 0.4940220 0.3202727
v 0.2786648 0.5000000 0.3214761
v 0.2797220 0.5059780 0.3202727
v 0.2826102 0.5103542 0.3169850
v 0.2865556 0.5119560 0.3124938
v 0.2905010 0.5103542 0.3080027
v 0.2933892 0.5059780 0.3047149
v 0.2944464 0.5000000 0.3035115
v 0.2933892 0.4940220 0.3047149
v 0.2905010 0.4896458 0.3080027
v 0.2811208 0.4896458 0.3156766
v 0.2850662 0.4880440 0.3111854
v 0.2782326 0.4940220 0.3189643
v 0.2771754 0.5000000 0.3201677
v 0.2782326 0.5059780 0.3189643
v 0.2811208 0.5103542 0.3156766
v 0.2850662 0.5119560 0.3111854
v 0.2890116 0.5103542 0.3066943
v 0.2918998 0.5059780 0.3034065
v 0.2929569 0.5000000 0.3022031
v 0.2918998 0.4940220 0.3034065
v 0.2890116 0.4896458 0.3066943
v 0.2850662 0.5000000 0.3111854
v 0.2940589 0.5000000 0.6803344
v 0.3003882 0.4833593 0.6875624
v 0.2940589 0.4807850 0.6803344
v 0.3050216 0.4903925 0.6928537
v 0.3067175 0.5000000 0.6947904
v 0.3050216 0.5096075 0.6928537
v 0.3003882 0.5166407 0.6875624
v 0.2940589 0.5192150 0.6803344
v 0.2877296 0.5166407 0.6731064
v 0.2830963 0.5096075 0.6678151
v 0.2814003 0.5000000 0.6658783
v 0.2830963 0.4903925 0.6678151
v 0.2877296 0.4833593 0.6731064
v 0.2967891 0.4815104 0.6921329
v 0.2897565 0.4786500 0.6841018
v 0.3019372 0.4893250 0.6980121
v 0.3038216 0.5000000 0.7001641
v 0.3019372 0.5106750 0.6980121
v 0.2967891 0.5184896 0.6921329
v 0.2897565 0.5213500 0.6841018
v 0.2827240 0.5184896 0.6760707
v 0.2775758 0.5106750 0.6701915
v 0.2756914 0.5000000 0.6680395
v 0.2775758 0.4893250 0.6701915
v 0.2827240 0.4815104 0.6760707
v 0.2890448 0.4815104 0.6989143
v 0.2820122 0.4786500 0.6908832
v 0.2941929 0.4893250 0.7047935
v 0.2960773 0.5000000 0.7069454
v 0.2941929 0.5106750 0.7047935
v 0.2890448 0.5184896 0.6989143
v 0.2820122 0.5213500 0.6908832
v 0.2749797 0.5184896 0.6828521
v 0.2698315 0.5106750 0.6769729
v 0.2679471 0.5000000 0.6748209
v 0.2698315 0.4893250 0.6769729
v 0.2749797 0.4815104 0.6828521
v 0.2836227 0.4852083 0.7008244
v 0.2779967 0.4829200 0.6943994
v 0.2877412 0.4914600 0.7055277
v 0.2892487 0.5000000 0.7072493
v 0.2877412 0.5085400 0.7055277
v 0.2836227 0.5147917 0.7008244
v 0.2779967 0.5170800 0.6943994
v 0.2723706 0.5147917 0.6879745
v 0.2682521 0.5085400 0.6832712
v 0.2667446 0.5000000 0.6815496
v 0.2682521 0.4914600 0.6832712
v 0.2723706 0.4852083 0.6879745
v 0.2825678 0.4879817 0.6996197
v 0.2779967 0.4861225 0.6943994
v 0.2859141 0.4930613 0.7034412
v 0.2871390 0.5000000 0.7048399
v 0.2859141 0.5069387 0.7034412
v 0.2825678 0.5120183 0.6996197
v 0.2779967 0.5138775 0.6943994
v 0.2734255 0.5120183 0.6891792
v 0.2700792 0.5069387 0.6853577
v 0.2688544 0.5000000 0.6839590
v 0.2700792 0.4930613 0.6853577
v 0.2734255 0.4879817 0.6891792
v 0.2911726 0.4879817 0.6920848
v 0.2866014 0.4861225 0.6868646
v 0.2945189 0.4930613 0.6959063
v 0.2957437 0.5000000 0.6973051
v 0.2945189 0.5069387 0.6959063
v 0.2911726 0.5120183 0.6920848
v 0.2866014 0.5138775 0.6868646
v 0.2820303 0.5120183 0.6816444
v 0.2786840 0.5069387 0.6778229
v 0.2774591 0.5000000 0.6764241
v 0.2786840 0.4930613 0.6778229
v 0.2820303 0.4879817 0.6816444
v 0.2866014 0.5000000 0.6868646
v 0.2863146 0.4856955 0.6871157
v 0.2910264 0.4876119 0.6924966
v 0.2907989 0.4859479 0.6939729
v 0.2854541 0.4837740 0.6878692
v 0.2944757 0.4928478 0.6964357
v 0.2947115 0.4918870 0.6984411
v 0.2957382 0.5000000 0.6978775
v 0.2961436 0.5000000 0.7000766
v 0.2944757 0.5071522 0.6964357
v 0.2947115 0.5081130 0.6984411
v 0.2910264 0.5123881 0.6924966
v 0.2907989 0.5140521 0.6939729
v 0.2863146 0.5143045 0.6871157
v 0.2854541 0.5162260 0.6878692
v 0.2816028 0.5123881 0.6817349
v 0.2801094 0.5140521 0.6817656
v 0.2781535 0.5071523 0.6777958
v 0.2761968 0.5081130 0.6772974
v 0.2768910 0.5000000 0.6763540
v 0.2747647 0.5000000 0.6756619
v 0.2781535 0.4928478 0.6777958
v 0.2761968 0.4918870 0.6772974
v 0.2816028 0.4876119 0.6817349
v 0.2801094 0.4859479 0.6817656
v 0.2879306 0.4859479 0.6964845
v 0.2825859 0.4837740 0.6903809
v 0.2918432 0.4918870 0.7009527
v 0.2932753 0.5000000 0.7025882
v 0.2918432 0.5081130 0.7009527
v 0.2879306 0.5140521 0.6964845
v 0.2825859 0.5162260 0.6903809
v 0.2772411 0.5140521 0.6842772
v 0.2733285 0.5081130 0.6798090
v 0.2718964 0.5000000 0.6781735
v 0.2733285 0.4918870 0.6798090
v 0.2772411 0.4859479 0.6842772
v 0.2867240 0.4876119 0.6962640
v 0.2820122 0.4856955 0.6908832
v 0.2901733 0.4928478 0.7002031
v 0.2914358 0.5000000 0.7016449
v 0.2901733 0.5071522 0.7002031
v 0.2867240 0.5123881 0.6962640
v 0.2820122 0.5143045 0.6908832
v 0.2773004 0.5123881 0.6855023
v 0.2738511 0.5071523 0.6815633
v 0.2725886 0.5000000 0.6801215
v 0.2738511 0.4928478 0.6815633
v 0.2773004 0.4876119 0.6855023
v 0.2862572 0.5000000 0.6871660
v 0.2901955 0.4896458 0.6916634
v 0.2862572 0.4880440 0.6871660
v 0.2930784 0.4940220 0.6949558
v 0.2941337 0.5000000 0.6961608
v 0.2930784 0.5059780 0.6949558
v 0.2901955 0.5103542 0.6916634
v 0.2862572 0.5119560 0.6871660
v 0.2823190 0.5103542 0.6826685
v 0.2794360 0.5059780 0.6793762
v 0.2783808 0.5000000 0.6781711
v 0.2794360 0.4940220 0.6793762
v 0.2823190 0.4896458 0.6826685
v 0.2887040 0.4896458 0.6929695
v 0.2847657 0.4880440 0.6884720
v 0.2915869 0.4940220 0.6962618
v 0.2926422 0.5000000 0.6974669
v 0.2915869 0.5059780 0.6962618
v 0.2887040 0.5103542 0.6929695
v 0.2847657 0.5119560 0.6884720
v 0.2808275 0.5103542 0.6839746
v 0.2779445 0.5059780 0.6806822
v 0.2768893 0.5000000 0.6794772
v 0.2779445 0.4940220 0.6806822
v 0.2808275 0.4896458 0.6839746
v 0.2847657 0.5000000 0.6884720
v 0.2310104 0.5941506 0.4740750
v 0.2297750 0.5905438 0.4740750
v 0.2297750 0.5905438 0.5259250
v 0.2364206 0.5922975 0.4740750
v 0.2351852 0.5886907 0.5259250
v 0.2351852 0.5886907 0.4740750
v 0.2310104 0.5941506 0.5259250
v 0.2364206 0.5922975 0.5259250
v 0.2298730 0.5936536 0.4854820
v 0.2291812 0.5916338 0.4854820
v 0.2291812 0.5916338 0.5145180
v 0.2308468 0.5933200 0.4854820
v 0.2301550 0.5913002 0.5145180
v 0.2301550 0.5913002 0.4854820
v 0.2298730 0.5936536 0.5145180
v 0.2308468 0.5933200 0.5145180
v 0.2297750 0.4094562 0.4740750
v 0.2310104 0.4058494 0.4740750
v 0.2310104 0.4058494 0.5259250
v 0.2351852 0.4113093 0.4740750
v 0.2364206 0.4077025 0.5259250
v 0.2364206 0.4077025 0.4740750
v 0.2297750 0.4094562 0.5259250
v 0.2351852 0.4113093 0.5259250
v 0.2291812 0.4083662 0.4854820
v 0.2298730 0.4063464 0.4854820
v 0.2298730 0.4063464 0.5145180
v 0.2301550 0.4086998 0.4854820
v 0.2308468 0.4066800 0.5145180
v 0.2308468 0.4066800 0.4854820
v 0.2291812 0.4083662 0.5145180
v 0.2301550 0.4086998 0.5145180
v 0.4420949 0.4471217 0.2465015
v 0.3833608 0.3966588 0.2805598
v 0.3710471 0.4125055 0.2805598
v 0.4360512 0.4546164 0.2465015
v 0.4490115 0.4404241 0.2465015
v 0.3976088 0.3825259 0.2805598
v 0.4566968 0.4346246 0.2465015
v 0.4135550 0.3703413 0.2805598
v 0.4650348 0.4298106 0.2465015
v 0.4309348 0.3603071 0.2805598
v 0.4739000 0.4260547 0.2465015
v 0.4494601 0.3525896 0.2805598
v 0.4831586 0.4234136 0.2465015
v 0.4688235 0.3473168 0.2805598
v 0.4926710 0.4219270 0.2465015
v 0.4887040 0.3445763 0.2805598
v 0.3341381 0.3567794 0.3382681
v 0.3164945 0.3802166 0.3382681
v 0.3547540 0.3359088 0.3382681
v 0.3779729 0.3179788 0.3382681
v 0.4033786 0.3033108 0.3382681
v 0.4305158 0.2921677 0.3382681
v 0.4588983 0.2847491 0.3382681
v 0.4880173 0.2811879 0.3382681
v 0.3012236 0.3312915 0.4140930
v 0.2799928 0.3601020 0.4140930
v 0.3261999 0.3056598 0.4140930
v 0.3544509 0.2836899 0.4140930
v 0.3854445 0.2657957 0.4140930
v 0.4185965 0.2523146 0.4140930
v 0.4532823 0.2435004 0.4140930
v 0.4888484 0.2395192 0.4140930
v 0.2896041 0.3225092 0.4997808
v 0.2671044 0.3532723 0.4997808
v 0.3161374 0.2951490 0.4997808
v 0.3461956 0.2717160 0.4997808
v 0.3792024 0.2526595 0.4997808
v 0.4145251 0.2383448 0.4997808
v 0.4514864 0.2290464 0.4997808
v 0.4893778 0.2249426 0.4997808
v 0.3011196 0.3312031 0.5854916
v 0.2798776 0.3600288 0.5854916
v 0.3261089 0.3055580 0.5854916
v 0.3543747 0.2835766 0.5854916
v 0.3853845 0.2656731 0.5854916
v 0.4185539 0.2521849 0.5854916
v 0.4532579 0.2433661 0.5854916
v 0.4888426 0.2393828 0.5854916
v 0.3339433 0.3566112 0.6613827
v 0.3162791 0.3800760 0.6613827
v 0.3545835 0.3357161 0.6613827
v 0.3778296 0.3177651 0.6613827
v 0.4032651 0.3030799 0.6613827
v 0.4304342 0.2919237 0.6613827
v 0.4588500 0.2844963 0.6613827
v 0.4880032 0.2809310 0.6613827
v 0.3830993 0.3964271 0.7191918
v 0.3707581 0.4123094 0.7191918
v 0.3973793 0.3822626 0.7191918
v 0.4133612 0.3700507 0.7191918
v 0.4307800 0.3599939 0.7191918
v 0.4493468 0.3522592 0.7191918
v 0.4687536 0.3469746 0.7191918
v 0.4886787 0.3442279 0.7191918
v 0.4417969 0.4468495 0.7533733
v 0.4357221 0.4543828 0.7533733
v 0.4487491 0.4401174 0.7533733
v 0.4564739 0.4342881 0.7533733
v 0.4648549 0.4294493 0.7533733
v 0.4737656 0.4256741 0.7533733
v 0.4830719 0.4230194 0.7533733
v 0.4926333 0.4215251 0.7533733
v 0.4393589 0.4569638 0.2596135
v 0.3776231 0.4169673 0.2917501
v 0.3893088 0.4019287 0.2917501
v 0.4450900 0.4498568 0.2596135
v 0.4028302 0.3885165 0.2917501
v 0.4516489 0.4435056 0.2596135
v 0.4179632 0.3769533 0.2917501
v 0.4589366 0.4380061 0.2596135
v 0.4344568 0.3674307 0.2917501
v 0.4668434 0.4334411 0.2596135
v 0.4520373 0.3601068 0.2917501
v 0.4752500 0.4298795 0.2596135
v 0.4704133 0.3551029 0.2917501
v 0.4840297 0.4273749 0.2596135
v 0.4892800 0.3525022 0.2917501
v 0.4930501 0.4259652 0.2596135
v 0.3257419 0.3862529 0.3464182
v 0.3424964 0.3639967 0.3464182
v 0.3620734 0.3441778 0.3464182
v 0.3841222 0.3271514 0.3464182
v 0.4082476 0.3132226 0.3464182
v 0.4340173 0.3026410 0.3464182
v 0.4609695 0.2955962 0.3464182
v 0.4886211 0.2922145 0.3464182
v 0.2909928 0.3670967 0.4183883
v 0.3111622 0.3397267 0.4183883
v 0.3348896 0.3153765 0.4183883
v 0.3617282 0.2945050 0.4183883
v 0.3911721 0.2775056 0.4183883
v 0.4226665 0.2646985 0.4183883
v 0.4556181 0.2563250 0.4183883
v 0.4894060 0.2525429 0.4183883
v 0.2787169 0.3605883 0.4997917
v 0.3000948 0.3313592 0.4997917
v 0.3253051 0.3053631 0.4997917
v 0.3538645 0.2830985 0.4997917
v 0.3852256 0.2649922 0.4997917
v 0.4187870 0.2513913 0.4997917
v 0.4539054 0.2425566 0.4997917
v 0.4899075 0.2386574 0.4997917
v 0.2908834 0.3670272 0.5812172
v 0.3110633 0.3396427 0.5812172
v 0.3348032 0.3152798 0.5812172
v 0.3616558 0.2943975 0.5812172
v 0.3911151 0.2773891 0.5812172
v 0.4226260 0.2645753 0.5812172
v 0.4555949 0.2561974 0.5812172
v 0.4894004 0.2524133 0.5812172
v 0.3255373 0.3861193 0.6532501
v 0.3423114 0.3638370 0.6532501
v 0.3619115 0.3439949 0.6532501
v 0.3839862 0.3269485 0.6532501
v 0.4081399 0.3130033 0.6532501
v 0.4339399 0.3024093 0.6532501
v 0.4609237 0.2953562 0.6532501
v 0.4886078 0.2919705 0.6532501
v 0.3773488 0.4167812 0.7080141
v 0.3890607 0.4017089 0.7080141
v 0.4026124 0.3882666 0.7080141
v 0.4177794 0.3766775 0.7080141
v 0.4343099 0.3671336 0.7080141
v 0.4519298 0.3597932 0.7080141
v 0.4703470 0.3547782 0.7080141
v 0.4892560 0.3521716 0.7080141
v 0.4390468 0.4567423 0.7402678
v 0.4448074 0.4495987 0.7402678
v 0.4514000 0.4432148 0.7402678
v 0.4587252 0.4376870 0.7402678
v 0.4666727 0.4330985 0.7402678
v 0.4751226 0.4295186 0.7402678
v 0.4839475 0.4270011 0.7402678
v 0.4930144 0.4255841 0.7402678
v 0.3799417 0.2402029 0.5424612
v 0.3350383 0.2661279 0.5424612
v 0.3350740 0.2661899 0.4570612
v 0.3828011 0.2451555 0.5424660
v 0.3379334 0.2711424 0.4570660
v 0.3378976 0.2710805 0.5424660
v 0.3799775 0.2402649 0.4570612
v 0.3828368 0.2452174 0.4570660
v 0.3696133 0.2451276 0.5236724
v 0.3444674 0.2596456 0.5236724
v 0.3444874 0.2596803 0.4758484
v 0.3701280 0.2460191 0.5236733
v 0.3450021 0.2605718 0.4758493
v 0.3449821 0.2605371 0.5236733
v 0.3696333 0.2451623 0.4758484
v 0.3701480 0.2460538 0.4758493
v 0.3596363 0.2458267 0.4766373
v 0.3631386 0.2437992 0.4822192
v 0.3644183 0.2430530 0.4898442
v 0.3644730 0.2461104 0.4822215
v 0.3609707 0.2481379 0.4766396
v 0.3657526 0.2453642 0.4898465
v 0.3548497 0.2485922 0.4745942
v 0.3561840 0.2509034 0.4745965
v 0.3500613 0.2513548 0.4766373
v 0.3513957 0.2536660 0.4766396
v 0.3465543 0.2533742 0.4822192
v 0.3478886 0.2556854 0.4822215
v 0.3452683 0.2541093 0.4898442
v 0.3466026 0.2564205 0.4898465
v 0.3462473 0.2535175 0.5172942
v 0.3475817 0.2558287 0.5172965
v 0.3634162 0.2436050 0.5172942
v 0.3647506 0.2459162 0.5172965
v 0.3473771 0.2486119 0.4997536
v 0.3529942 0.2453785 0.4898411
v 0.3586030 0.2421307 0.4997536
v 0.3493596 0.2520457 0.4997570
v 0.3605855 0.2455645 0.4997570
v 0.3549767 0.2488123 0.4898445
v 0.3529859 0.2453641 0.5096661
v 0.3549684 0.2487979 0.5096694
v 0.3971732 0.3218987 0.3193379
v 0.4084140 0.3080871 0.3265558
v 0.4138139 0.3122912 0.3193379
v 0.4000022 0.3075838 0.3318397
v 0.3908324 0.3109162 0.3337737
v 0.3833616 0.3171913 0.3318397
v 0.3795915 0.3247278 0.3265558
v 0.3805325 0.3315062 0.3193379
v 0.3859323 0.3357104 0.3121199
v 0.3943441 0.3362137 0.3068360
v 0.4035140 0.3328813 0.3049020
v 0.4109848 0.3266062 0.3068360
v 0.4147548 0.3190697 0.3121199
v 0.4075148 0.3028317 0.3235835
v 0.4135146 0.3075030 0.3155636
v 0.3981684 0.3022725 0.3294545
v 0.3879797 0.3059751 0.3316034
v 0.3796788 0.3129475 0.3294545
v 0.3754898 0.3213214 0.3235835
v 0.3765354 0.3288530 0.3155636
v 0.3825352 0.3335242 0.3075437
v 0.3918816 0.3340834 0.3016727
v 0.4020703 0.3303808 0.2995237
v 0.4103712 0.3234084 0.3016727
v 0.4145602 0.3150346 0.3075437
v 0.4036481 0.2961343 0.3167898
v 0.4096479 0.3008056 0.3087699
v 0.3943016 0.2955751 0.3226608
v 0.3841129 0.2992777 0.3248097
v 0.3758120 0.3062501 0.3226608
v 0.3716231 0.3146240 0.3167898
v 0.3726686 0.3221556 0.3087699
v 0.3786684 0.3268268 0.3007500
v 0.3880149 0.3273860 0.2948790
v 0.3982036 0.3236834 0.2927300
v 0.4065045 0.3167110 0.2948790
v 0.4106934 0.3083372 0.3007500
v 0.3991451 0.2957308 0.3116632
v 0.4039450 0.2994678 0.3052472
v 0.3916680 0.2952835 0.3163599
v 0.3835170 0.2982456 0.3180791
v 0.3768763 0.3038235 0.3163599
v 0.3735251 0.3105226 0.3116632
v 0.3743616 0.3165478 0.3052472
v 0.3791614 0.3202848 0.2988313
v 0.3866386 0.3207322 0.2941345
v 0.3947895 0.3177701 0.2924154
v 0.4014303 0.3121922 0.2941345
v 0.4047814 0.3054931 0.2988313
v 0.3972717 0.2980328 0.3104602
v 0.4011715 0.3010691 0.3052472
v 0.3911965 0.2976693 0.3142763
v 0.3845738 0.3000760 0.3156731
v 0.3791782 0.3046080 0.3142763
v 0.3764554 0.3100510 0.3104602
v 0.3771350 0.3149466 0.3052472
v 0.3810349 0.3179829 0.3000343
v 0.3871101 0.3183464 0.2962181
v 0.3937327 0.3159397 0.2948213
v 0.3991283 0.3114076 0.2962181
v 0.4018511 0.3059646 0.3000343
v 0.4015681 0.3054743 0.3180087
v 0.4054679 0.3085106 0.3127958
v 0.3954929 0.3051108 0.3218249
v 0.3888702 0.3075175 0.3232217
v 0.3834746 0.3120496 0.3218249
v 0.3807518 0.3174926 0.3180087
v 0.3814314 0.3223881 0.3127958
v 0.3853313 0.3254245 0.3075828
v 0.3914064 0.3257880 0.3037667
v 0.3980291 0.3233812 0.3023699
v 0.4034247 0.3188492 0.3037667
v 0.4061475 0.3134062 0.3075828
v 0.3934497 0.3154494 0.3127958
v 0.4056945 0.3080491 0.3125442
v 0.4016746 0.3049194 0.3179175
v 0.4023691 0.3027940 0.3178844
v 0.4069289 0.3063442 0.3117893
v 0.3954125 0.3045447 0.3218511
v 0.3952658 0.3023690 0.3223464
v 0.3885861 0.3070254 0.3232909
v 0.3875224 0.3051830 0.3239796
v 0.3830245 0.3116969 0.3218511
v 0.3812137 0.3104820 0.3223464
v 0.3802179 0.3173074 0.3179175
v 0.3780301 0.3168462 0.3178844
v 0.3809184 0.3223536 0.3125442
v 0.3788247 0.3225702 0.3117893
v 0.3849383 0.3254833 0.3071708
v 0.3833845 0.3261203 0.3056942
v 0.3912004 0.3258580 0.3032373
v 0.3904878 0.3265453 0.3012322
v 0.3980268 0.3233773 0.3017975
v 0.3982312 0.3237314 0.2995990
v 0.4035884 0.3187058 0.3032373
v 0.4045400 0.3184323 0.3012322
v 0.4063950 0.3130953 0.3071708
v 0.4077235 0.3120682 0.3056942
v 0.4009370 0.3003135 0.3153683
v 0.4054968 0.3038637 0.3092731
v 0.3938337 0.2998885 0.3198302
v 0.3860902 0.3027025 0.3214634
v 0.3797815 0.3080015 0.3198302
v 0.3765980 0.3143656 0.3153683
v 0.3773925 0.3200897 0.3092731
v 0.3819524 0.3236398 0.3031780
v 0.3890557 0.3240648 0.2987160
v 0.3967991 0.3212508 0.2970828
v 0.4031078 0.3159518 0.2987160
v 0.4062914 0.3095877 0.3031780
v 0.3995264 0.3011986 0.3141432
v 0.4035463 0.3043283 0.3087699
v 0.3932643 0.3008239 0.3180768
v 0.3864379 0.3033047 0.3195166
v 0.3808763 0.3079761 0.3180768
v 0.3780697 0.3135866 0.3141432
v 0.3787702 0.3186328 0.3087699
v 0.3827901 0.3217625 0.3033965
v 0.3890522 0.3221372 0.2994630
v 0.3958786 0.3196565 0.2980232
v 0.4014402 0.3149850 0.2994630
v 0.4042468 0.3093745 0.3033965
v 0.3932778 0.3151517 0.3124938
v 0.4002721 0.3065578 0.3169850
v 0.4036320 0.3091737 0.3124938
v 0.3950381 0.3062447 0.3202727
v 0.3893324 0.3083181 0.3214761
v 0.3846839 0.3122227 0.3202727
v 0.3823381 0.3169120 0.3169850
v 0.3829236 0.3211297 0.3124938
v 0.3862835 0.3237456 0.3080027
v 0.3915175 0.3240588 0.3047149
v 0.3972232 0.3219853 0.3035115
v 0.4018717 0.3180808 0.3047149
v 0.4042175 0.3133914 0.3080027
v 0.3995274 0.3052680 0.3156766
v 0.4028873 0.3078839 0.3111854
v 0.3942934 0.3049548 0.3189643
v 0.3885877 0.3070283 0.3201677
v 0.3839392 0.3109328 0.3189643
v 0.3815934 0.3156222 0.3156766
v 0.3821789 0.3198399 0.3111854
v 0.3855388 0.3224558 0.3066943
v 0.3907728 0.3227689 0.3034065
v 0.3964785 0.3206955 0.3022031
v 0.4011270 0.3167909 0.3034065
v 0.4034728 0.3121016 0.3066943
v 0.3925331 0.3138619 0.3111854
v 0.3970295 0.3216498 0.6803344
v 0.4146053 0.3188108 0.6875624
v 0.4136701 0.3120423 0.6803344
v 0.4108311 0.3263400 0.6928537
v 0.4033587 0.3326124 0.6947904
v 0.3941904 0.3359475 0.6928537
v 0.3857828 0.3354514 0.6875624
v 0.3803888 0.3312573 0.6803344
v 0.3794536 0.3244888 0.6731064
v 0.3832278 0.3169596 0.6678151
v 0.3907002 0.3106871 0.6658783
v 0.3998685 0.3073521 0.6678151
v 0.4082761 0.3078481 0.6731064
v 0.4144070 0.3147693 0.6921329
v 0.4133679 0.3072488 0.6841018
v 0.4102134 0.3231351 0.6980121
v 0.4019108 0.3301045 0.7001641
v 0.3917238 0.3338101 0.6980121
v 0.3823820 0.3332590 0.6921329
v 0.3763886 0.3285988 0.6841018
v 0.3753495 0.3210783 0.6760707
v 0.3795431 0.3127125 0.6701915
v 0.3878457 0.3057431 0.6680395
v 0.3980327 0.3020375 0.6701915
v 0.4073745 0.3025886 0.6760707
v 0.4105349 0.3080626 0.6989143
v 0.4094958 0.3005420 0.6908832
v 0.4063413 0.3164283 0.7047935
v 0.3980386 0.3233978 0.7069454
v 0.3878516 0.3271033 0.7047935
v 0.3785099 0.3265522 0.6989143
v 0.3725165 0.3218920 0.6908832
v 0.3714773 0.3143715 0.6828521
v 0.3756709 0.3060057 0.6769729
v 0.3839736 0.2990363 0.6748209
v 0.3941606 0.2953307 0.6769729
v 0.4035023 0.2958819 0.6828521
v 0.4046213 0.3052159 0.7008244
v 0.4037900 0.2991995 0.6943994
v 0.4012665 0.3119085 0.7055277
v 0.3946244 0.3174840 0.7072493
v 0.3864748 0.3204485 0.7055277
v 0.3790013 0.3200076 0.7008244
v 0.3742066 0.3162795 0.6943994
v 0.3733753 0.3102630 0.6879745
v 0.3767302 0.3035704 0.6832712
v 0.3833723 0.2979949 0.6815496
v 0.3915219 0.2950304 0.6832712
v 0.3989953 0.2954713 0.6879745
v 0.4016920 0.3056891 0.6996197
v 0.4010166 0.3008007 0.6943994
v 0.3989662 0.3111268 0.7034412
v 0.3935695 0.3156569 0.7048399
v 0.3869479 0.3180656 0.7034412
v 0.3808758 0.3177073 0.6996197
v 0.3769801 0.3146782 0.6943994
v 0.3763046 0.3097899 0.6891792
v 0.3790305 0.3043521 0.6853577
v 0.3844272 0.2998220 0.6839590
v 0.3910487 0.2974134 0.6853577
v 0.3971209 0.2977716 0.6891792
v 0.4059944 0.3131410 0.6920848
v 0.4053190 0.3082527 0.6868646
v 0.4032686 0.3185788 0.6959063
v 0.3978719 0.3231089 0.6973051
v 0.3912503 0.3255175 0.6959063
v 0.3851782 0.3251593 0.6920848
v 0.3812824 0.3221302 0.6868646
v 0.3806070 0.3172418 0.6816444
v 0.3833329 0.3118041 0.6778229
v 0.3887296 0.3072740 0.6764241
v 0.3953511 0.3048653 0.6778229
v 0.4014233 0.3052236 0.6816444
v 0.3933007 0.3151914 0.6868646
v 0.4055454 0.3077908 0.6871157
v 0.4062416 0.3128295 0.6924966
v 0.4075689 0.3118004 0.6939729
v 0.4067792 0.3060848 0.6878692
v 0.4034319 0.3184346 0.6964357
v 0.4043818 0.3181584 0.6984411
v 0.3978691 0.3231041 0.6978775
v 0.3980718 0.3234552 0.7000766
v 0.3910438 0.3255868 0.6964357
v 0.3903297 0.3262714 0.6984411
v 0.3847848 0.3252176 0.6924966
v 0.3832299 0.3258526 0.6939729
v 0.3807692 0.3220953 0.6871157
v 0.3786749 0.3223108 0.6878692
v 0.3800730 0.3170565 0.6817349
v 0.3778852 0.3165952 0.6817656
v 0.3828827 0.3114514 0.6777958
v 0.3810723 0.3102372 0.6772974
v 0.3884455 0.3067819 0.6763540
v 0.3873823 0.3049405 0.6756619
v 0.3952708 0.3042992 0.6777958
v 0.3951245 0.3021242 0.6772974
v 0.4015298 0.3046685 0.6817349
v 0.4022242 0.3025431 0.6817656
v 0.4061348 0.3093164 0.6964845
v 0.4053451 0.3036008 0.6903809
v 0.4029477 0.3156744 0.7009527
v 0.3966377 0.3209712 0.7025882
v 0.3888955 0.3237874 0.7009527
v 0.3817958 0.3233686 0.6964845
v 0.3772408 0.3198268 0.6903809
v 0.3764511 0.3141112 0.6842772
v 0.3796382 0.3077532 0.6798090
v 0.3859482 0.3024565 0.6781735
v 0.3936903 0.2996402 0.6798090
v 0.4007901 0.3000591 0.6842772
v 0.4040904 0.3091035 0.6962640
v 0.4033942 0.3040648 0.6908832
v 0.4012807 0.3147086 0.7002031
v 0.3957179 0.3193781 0.7016449
v 0.3888926 0.3218609 0.7002031
v 0.3826336 0.3214916 0.6962640
v 0.3786180 0.3183693 0.6908832
v 0.3779218 0.3133305 0.6855023
v 0.3807315 0.3077255 0.6815633
v 0.3862943 0.3030560 0.6801215
v 0.3931196 0.3005732 0.6815633
v 0.3993786 0.3009425 0.6855023
v 0.3931286 0.3148933 0.6871660
v 0.4040647 0.3131268 0.6916634
v 0.4034828 0.3089153 0.6871660
v 0.4017163 0.3178117 0.6949558
v 0.3970668 0.3217145 0.6961608
v 0.3913621 0.3237897 0.6949558
v 0.3861307 0.3234810 0.6916634
v 0.3827744 0.3208713 0.6871660
v 0.3821925 0.3166598 0.6826685
v 0.3845409 0.3119750 0.6793762
v 0.3891904 0.3080721 0.6781711
v 0.3948951 0.3059970 0.6793762
v 0.4001265 0.3063056 0.6826685
v 0.4033190 0.3118352 0.6929695
v 0.4027371 0.3076237 0.6884720
v 0.4009706 0.3165200 0.6962618
v 0.3963211 0.3204229 0.6974669
v 0.3906164 0.3224980 0.6962618
v 0.3853850 0.3221894 0.6929695
v 0.3820287 0.3195797 0.6884720
v 0.3814468 0.3153682 0.6839746
v 0.3837952 0.3106833 0.6806822
v 0.3884447 0.3067805 0.6794772
v 0.3941494 0.3047053 0.6806822
v 0.3993808 0.3050140 0.6839746
v 0.3923829 0.3136017 0.6884720
v 0.2839684 0.3141235 0.4740750
v 0.2864743 0.3112502 0.4740750
v 0.2864743 0.3112502 0.5259250
v 0.2882783 0.3178823 0.4740750
v 0.2907842 0.3150090 0.5259250
v 0.2907842 0.3150090 0.4740750
v 0.2839684 0.3141235 0.5259250
v 0.2882783 0.3178823 0.5259250
v 0.2838301 0.3128900 0.4854820
v 0.2852334 0.3112809 0.4854820
v 0.2852334 0.3112809 0.5145180
v 0.2846059 0.3135665 0.4854820
v 0.2860092 0.3119575 0.5145180
v 0.2860092 0.3119575 0.4854820
v 0.2838301 0.3128900 0.5145180
v 0.2846059 0.3135665 0.5145180
v 0.4433007 0.2207064 0.4740750
v 0.4470420 0.2199729 0.4740750
v 0.4470420 0.2199729 0.5259250
v 0.4444010 0.2263183 0.4740750
v 0.4481423 0.2255848 0.5259250
v 0.4481423 0.2255848 0.4740750
v 0.4433007 0.2207064 0.5259250
v 0.4444010 0.2263183 0.5259250
v 0.4439478 0.2196471 0.4854820
v 0.4460429 0.2192364 0.4854820
v 0.4460429 0.2192364 0.5145180
v 0.4441458 0.2206573 0.4854820
v 0.4462409 0.2202465 0.5145180
v 0.4462409 0.2202465 0.4854820
v 0.4439478 0.2196471 0.5145180
v 0.4441458 0.2206573 0.5145180
v 0.5168414 0.4234136 0.2465015
v 0.5311765 0.3473168 0.2805598
v 0.5112960 0.3445763 0.2805598
v 0.5073290 0.4219270 0.2465015
v 0.5261000 0.4260547 0.2465015
v 0.5505399 0.3525896 0.2805598
v 0.5349652 0.4298106 0.2465015
v 0.5690652 0.3603071 0.2805598
v 0.5433032 0.4346246 0.2465015
v 0.5864450 0.3703413 0.2805598
v 0.5509885 0.4404241 0.2465015
v 0.6023912 0.3825259 0.2805598
v 0.5579051 0.4471217 0.2465015
v 0.6166392 0.3966588 0.2805598
v 0.5639488 0.4546164 0.2465015
v 0.6289529 0.4125055 0.2805598
v 0.5411017 0.2847491 0.3382681
v 0.5119827 0.2811879 0.3382681
v 0.5694842 0.2921677 0.3382681
v 0.5966214 0.3033108 0.3382681
v 0.6220271 0.3179788 0.3382681
v 0.6452460 0.3359088 0.3382681
v 0.6658619 0.3567794 0.3382681
v 0.6835055 0.3802166 0.3382681
v 0.5467177 0.2435004 0.4140930
v 0.5111516 0.2395192 0.4140930
v 0.5814035 0.2523146 0.4140930
v 0.6145555 0.2657957 0.4140930
v 0.6455491 0.2836899 0.4140930
v 0.6738001 0.3056598 0.4140930
v 0.6987764 0.3312915 0.4140930
v 0.7200072 0.3601020 0.4140930
v 0.5485136 0.2290464 0.4997808
v 0.5106222 0.2249426 0.4997808
v 0.5854749 0.2383448 0.4997808
v 0.6207976 0.2526595 0.4997808
v 0.6538044 0.2717160 0.4997808
v 0.6838626 0.2951490 0.4997808
v 0.7103959 0.3225092 0.4997808
v 0.7328956 0.3532723 0.4997808
v 0.5467421 0.2433661 0.5854916
v 0.5111574 0.2393828 0.5854916
v 0.5814461 0.2521849 0.5854916
v 0.6146155 0.2656731 0.5854916
v 0.6456253 0.2835766 0.5854916
v 0.6738911 0.3055580 0.5854916
v 0.6988804 0.3312031 0.5854916
v 0.7201224 0.3600288 0.5854916
v 0.5411500 0.2844963 0.6613827
v 0.5119968 0.2809310 0.6613827
v 0.5695658 0.2919237 0.6613827
v 0.5967349 0.3030799 0.6613827
v 0.6221704 0.3177651 0.6613827
v 0.6454165 0.3357161 0.6613827
v 0.6660567 0.3566112 0.6613827
v 0.6837209 0.3800760 0.6613827
v 0.5312464 0.3469746 0.7191918
v 0.5113213 0.3442279 0.7191918
v 0.5506532 0.3522592 0.7191918
v 0.5692200 0.3599939 0.7191918
v 0.5866388 0.3700507 0.7191918
v 0.6026207 0.3822626 0.7191918
v 0.6169007 0.3964271 0.7191918
v 0.6292419 0.4123094 0.7191918
v 0.5169281 0.4230194 0.7533733
v 0.5073667 0.4215251 0.7533733
v 0.5262344 0.4256741 0.7533733
v 0.5351451 0.4294493 0.7533733
v 0.5435261 0.4342881 0.7533733
v 0.5512509 0.4401174 0.7533733
v 0.5582031 0.4468495 0.7533733
v 0.5642779 0.4543828 0.7533733
v 0.5069499 0.4259652 0.2596135
v 0.5107200 0.3525022 0.2917501
v 0.5295867 0.3551029 0.2917501
v 0.5159703 0.4273749 0.2596135
v 0.5479627 0.3601068 0.2917501
v 0.5247500 0.4298795 0.2596135
v 0.5655432 0.3674307 0.2917501
v 0.5331566 0.4334411 0.2596135
v 0.5820368 0.3769533 0.2917501
v 0.5410634 0.4380061 0.2596135
v 0.5971698 0.3885165 0.2917501
v 0.5483511 0.4435056 0.2596135
v 0.6106912 0.4019287 0.2917501
v 0.5549100 0.4498568 0.2596135
v 0.6223769 0.4169673 0.2917501
v 0.5606411 0.4569638 0.2596135
v 0.5113789 0.2922145 0.3464182
v 0.5390305 0.2955962 0.3464182
v 0.5659827 0.3026410 0.3464182
v 0.5917524 0.3132226 0.3464182
v 0.6158778 0.3271514 0.3464182
v 0.6379266 0.3441778 0.3464182
v 0.6575036 0.3639967 0.3464182
v 0.6742581 0.3862529 0.3464182
v 0.5105940 0.2525429 0.4183883
v 0.5443819 0.2563250 0.4183883
v 0.5773335 0.2646985 0.4183883
v 0.6088279 0.2775056 0.4183883
v 0.6382718 0.2945050 0.4183883
v 0.6651104 0.3153765 0.4183883
v 0.6888378 0.3397267 0.4183883
v 0.7090072 0.3670967 0.4183883
v 0.5100925 0.2386574 0.4997917
v 0.5460946 0.2425566 0.4997917
v 0.5812130 0.2513913 0.4997917
v 0.6147744 0.2649922 0.4997917
v 0.6461355 0.2830985 0.4997917
v 0.6746949 0.3053631 0.4997917
v 0.6999052 0.3313592 0.4997917
v 0.7212831 0.3605883 0.4997917
v 0.5105996 0.2524133 0.5812172
v 0.5444051 0.2561974 0.5812172
v 0.5773740 0.2645753 0.5812172
v 0.6088849 0.2773891 0.5812172
v 0.6383442 0.2943975 0.5812172
v 0.6651968 0.3152798 0.5812172
v 0.6889367 0.3396427 0.5812172
v 0.7091166 0.3670272 0.5812172
v 0.5113922 0.2919705 0.6532501
v 0.5390763 0.2953562 0.6532501
v 0.5660601 0.3024093 0.6532501
v 0.5918601 0.3130033 0.6532501
v 0.6160138 0.3269485 0.6532501
v 0.6380885 0.3439949 0.6532501
v 0.6576886 0.3638370 0.6532501
v 0.6744627 0.3861193 0.6532501
v 0.5107440 0.3521716 0.7080141
v 0.5296530 0.3547782 0.7080141
v 0.5480702 0.3597932 0.7080141
v 0.5656901 0.3671336 0.7080141
v 0.5822206 0.3766775 0.7080141
v 0.5973876 0.3882666 0.7080141
v 0.6109393 0.4017089 0.7080141
v 0.6226512 0.4167812 0.7080141
v 0.5069856 0.4255841 0.7402678
v 0.5160525 0.4270011 0.7402678
v 0.5248774 0.4295186 0.7402678
v 0.5333273 0.4330985 0.7402678
v 0.5412748 0.4376870 0.7402678
v 0.5486000 0.4432148 0.7402678
v 0.5551926 0.4495987 0.7402678
v 0.5609532 0.4567423 0.7402678
v 0.6649617 0.2661279 0.5424612
v 0.6200583 0.2402029 0.5424612
v 0.6200225 0.2402649 0.4570612
v 0.6621024 0.2710805 0.5424660
v 0.6171632 0.2452174 0.4570660
v 0.6171989 0.2451555 0.5424660
v 0.6649260 0.2661899 0.4570612
v 0.6620666 0.2711424 0.4570660
v 0.6555326 0.2596456 0.5236724
v 0.6303867 0.2451276 0.5236724
v 0.6303667 0.2451623 0.4758484
v 0.6550179 0.2605371 0.5236733
v 0.6298520 0.2460538 0.4758493
v 0.6298720 0.2460191 0.5236733
v 0.6555126 0.2596803 0.4758484
v 0.6549979 0.2605718 0.4758493
v 0.6499387 0.2513548 0.4766373
v 0.6534457 0.2533742 0.4822192
v 0.6547317 0.2541093 0.4898442
v 0.6521114 0.2556854 0.4822215
v 0.6486043 0.2536660 0.4766396
v 0.6533974 0.2564205 0.4898465
v 0.6451503 0.2485922 0.4745942
v 0.6438160 0.2509034 0.4745965
v 0.6403637 0.2458267 0.4766373
v 0.6390293 0.2481379 0.4766396
v 0.6368614 0.2437992 0.4822192
v 0.6355270 0.2461104 0.4822215
v 0.6355817 0.2430530 0.4898442
v 0.6342474 0.2453642 0.4898465
v 0.6365838 0.2436050 0.5172942
v 0.6352494 0.2459162 0.5172965
v 0.6537527 0.2535175 0.5172942
v 0.6524183 0.2558287 0.5172965
v 0.6413970 0.2421307 0.4997536
v 0.6470058 0.2453785 0.4898411
v 0.6526229 0.2486119 0.4997536
v 0.6394145 0.2455645 0.4997570
v 0.6506404 0.2520457 0.4997570
v 0.6450233 0.2488123 0.4898445
v 0.6470141 0.2453641 0.5096661
v 0.6450316 0.2487979 0.5096694
v 0.6028268 0.3218987 0.3193379
v 0.6204085 0.3247278 0.3265558
v 0.6194675 0.3315062 0.3193379
v 0.6166384 0.3171913 0.3318397
v 0.6091676 0.3109162 0.3337737
v 0.5999978 0.3075838 0.3318397
v 0.5915860 0.3080871 0.3265558
v 0.5861861 0.3122912 0.3193379
v 0.5852452 0.3190697 0.3121199
v 0.5890152 0.3266062 0.3068360
v 0.5964860 0.3328813 0.3049020
v 0.6056559 0.3362137 0.3068360
v 0.6140677 0.3357104 0.3121199
v 0.6245102 0.3213214 0.3235835
v 0.6234646 0.3288530 0.3155636
v 0.6203212 0.3129475 0.3294545
v 0.6120203 0.3059751 0.3316034
v 0.6018316 0.3022725 0.3294545
v 0.5924852 0.3028317 0.3235835
v 0.5864854 0.3075030 0.3155636
v 0.5854398 0.3150346 0.3075437
v 0.5896288 0.3234084 0.3016727
v 0.5979297 0.3303808 0.2995237
v 0.6081184 0.3340834 0.3016727
v 0.6174648 0.3335242 0.3075437
v 0.6283769 0.3146240 0.3167898
v 0.6273314 0.3221556 0.3087699
v 0.6241880 0.3062501 0.3226608
v 0.6158871 0.2992777 0.3248097
v 0.6056984 0.2955751 0.3226608
v 0.5963519 0.2961343 0.3167898
v 0.5903521 0.3008056 0.3087699
v 0.5893066 0.3083372 0.3007500
v 0.5934955 0.3167110 0.2948790
v 0.6017964 0.3236834 0.2927300
v 0.6119851 0.3273860 0.2948790
v 0.6213316 0.3268268 0.3007500
v 0.6264749 0.3105226 0.3116632
v 0.6256384 0.3165478 0.3052472
v 0.6231237 0.3038235 0.3163599
v 0.6164830 0.2982456 0.3180791
v 0.6083320 0.2952835 0.3163599
v 0.6008549 0.2957308 0.3116632
v 0.5960550 0.2994678 0.3052472
v 0.5952186 0.3054931 0.2988313
v 0.5985697 0.3121922 0.2941345
v 0.6052105 0.3177701 0.2924154
v 0.6133614 0.3207322 0.2941345
v 0.6208386 0.3202848 0.2988313
v 0.6235446 0.3100510 0.3104602
v 0.6228650 0.3149466 0.3052472
v 0.6208218 0.3046080 0.3142763
v 0.6154262 0.3000760 0.3156731
v 0.6088035 0.2976693 0.3142763
v 0.6027283 0.2980328 0.3104602
v 0.5988285 0.3010691 0.3052472
v 0.5981489 0.3059646 0.3000343
v 0.6008717 0.3114076 0.2962181
v 0.6062673 0.3159397 0.2948213
v 0.6128899 0.3183464 0.2962181
v 0.6189651 0.3179829 0.3000343
v 0.6192482 0.3174926 0.3180087
v 0.6185686 0.3223881 0.3127958
v 0.6165254 0.3120496 0.3218249
v 0.6111298 0.3075175 0.3232217
v 0.6045071 0.3051108 0.3218249
v 0.5984319 0.3054743 0.3180087
v 0.5945321 0.3085106 0.3127958
v 0.5938525 0.3134062 0.3075828
v 0.5965753 0.3188492 0.3037667
v 0.6019709 0.3233812 0.3023699
v 0.6085936 0.3257880 0.3037667
v 0.6146687 0.3254245 0.3075828
v 0.6065503 0.3154494 0.3127958
v 0.6190816 0.3223536 0.3125442
v 0.6197821 0.3173074 0.3179175
v 0.6219699 0.3168462 0.3178844
v 0.6211753 0.3225702 0.3117893
v 0.6169755 0.3116969 0.3218511
v 0.6187863 0.3104820 0.3223464
v 0.6114139 0.3070254 0.3232909
v 0.6124776 0.3051830 0.3239796
v 0.6045875 0.3045447 0.3218511
v 0.6047342 0.3023690 0.3223464
v 0.5983254 0.3049194 0.3179175
v 0.5976309 0.3027940 0.3178844
v 0.5943055 0.3080491 0.3125442
v 0.5930711 0.3063442 0.3117893
v 0.5936050 0.3130953 0.3071708
v 0.5922765 0.3120682 0.3056942
v 0.5964116 0.3187058 0.3032373
v 0.5954600 0.3184323 0.3012322
v 0.6019732 0.3233773 0.3017975
v 0.6017688 0.3237314 0.2995990
v 0.6087996 0.3258580 0.3032373
v 0.6095122 0.3265453 0.3012322
v 0.6150617 0.3254833 0.3071708
v 0.6166155 0.3261203 0.3056942
v 0.6234020 0.3143656 0.3153683
v 0.6226075 0.3200897 0.3092731
v 0.6202185 0.3080015 0.3198302
v 0.6139098 0.3027025 0.3214634
v 0.6061663 0.2998885 0.3198302
v 0.5990630 0.3003135 0.3153683
v 0.5945032 0.3038637 0.3092731
v 0.5937086 0.3095877 0.3031780
v 0.5968922 0.3159518 0.2987160
v 0.6032009 0.3212508 0.2970828
v 0.6109443 0.3240648 0.2987160
v 0.6180476 0.3236398 0.3031780
v 0.6219303 0.3135866 0.3141432
v 0.6212298 0.3186328 0.3087699
v 0.6191237 0.3079761 0.3180768
v 0.6135621 0.3033047 0.3195166
v 0.6067357 0.3008239 0.3180768
v 0.6004736 0.3011986 0.3141432
v 0.5964537 0.3043283 0.3087699
v 0.5957532 0.3093745 0.3033965
v 0.5985598 0.3149850 0.2994630
v 0.6041214 0.3196565 0.2980232
v 0.6109478 0.3221372 0.2994630
v 0.6172099 0.3217625 0.3033965
v 0.6067222 0.3151517 0.3124938
v 0.6176619 0.3169120 0.3169850
v 0.6170764 0.3211297 0.3124938
v 0.6153161 0.3122227 0.3202727
v 0.6106676 0.3083181 0.3214761
v 0.6049619 0.3062447 0.3202727
v 0.5997279 0.3065578 0.3169850
v 0.5963680 0.3091737 0.3124938
v 0.5957825 0.3133914 0.3080027
v 0.5981283 0.3180808 0.3047149
v 0.6027768 0.3219853 0.3035115
v 0.6084825 0.3240588 0.3047149
v 0.6137165 0.3237456 0.3080027
v 0.6184066 0.3156222 0.3156766
v 0.6178211 0.3198399 0.3111854
v 0.6160608 0.3109328 0.3189643
v 0.6114123 0.3070283 0.3201677
v 0.6057066 0.3049548 0.3189643
v 0.6004726 0.3052680 0.3156766
v 0.5971127 0.3078839 0.3111854
v 0.5965272 0.3121016 0.3066943
v 0.5988730 0.3167909 0.3034065
v 0.6035215 0.3206955 0.3022031
v 0.6092272 0.3227689 0.3034065
v 0.6144612 0.3224558 0.3066943
v 0.6074669 0.3138619 0.3111854
v 0.6029705 0.3216498 0.6803344
v 0.6142172 0.3354514 0.6875624
v 0.6196112 0.3312573 0.6803344
v 0.6058096 0.3359475 0.6928537
v 0.5966413 0.3326124 0.6947904
v 0.5891689 0.3263400 0.6928537
v 0.5853947 0.3188108 0.6875624
v 0.5863299 0.3120423 0.6803344
v 0.5917239 0.3078481 0.6731064
v 0.6001315 0.3073521 0.6678151
v 0.6092998 0.3106871 0.6658783
v 0.6167722 0.3169596 0.6678151
v 0.6205464 0.3244888 0.6731064
v 0.6176180 0.3332590 0.6921329
v 0.6236114 0.3285988 0.6841018
v 0.6082762 0.3338101 0.6980121
v 0.5980892 0.3301045 0.7001641
v 0.5897866 0.3231351 0.6980121
v 0.5855930 0.3147693 0.6921329
v 0.5866321 0.3072488 0.6841018
v 0.5926255 0.3025886 0.6760707
v 0.6019673 0.3020375 0.6701915
v 0.6121543 0.3057431 0.6680395
v 0.6204569 0.3127125 0.6701915
v 0.6246505 0.3210783 0.6760707
v 0.6214901 0.3265522 0.6989143
v 0.6274835 0.3218920 0.6908832
v 0.6121484 0.3271033 0.7047935
v 0.6019614 0.3233978 0.7069454
v 0.5936587 0.3164283 0.7047935
v 0.5894651 0.3080626 0.6989143
v 0.5905042 0.3005420 0.6908832
v 0.5964977 0.2958819 0.6828521
v 0.6058394 0.2953307 0.6769729
v 0.6160264 0.2990363 0.6748209
v 0.6243291 0.3060057 0.6769729
v 0.6285227 0.3143715 0.6828521
v 0.6209987 0.3200076 0.7008244
v 0.6257934 0.3162795 0.6943994
v 0.6135252 0.3204485 0.7055277
v 0.6053756 0.3174840 0.7072493
v 0.5987335 0.3119085 0.7055277
v 0.5953787 0.3052159 0.7008244
v 0.5962100 0.2991995 0.6943994
v 0.6010047 0.2954713 0.6879745
v 0.6084781 0.2950304 0.6832712
v 0.6166277 0.2979949 0.6815496
v 0.6232698 0.3035704 0.6832712
v 0.6266247 0.3102630 0.6879745
v 0.6191242 0.3177073 0.6996197
v 0.6230199 0.3146782 0.6943994
v 0.6130521 0.3180656 0.7034412
v 0.6064305 0.3156569 0.7048399
v 0.6010338 0.3111268 0.7034412
v 0.5983080 0.3056891 0.6996197
v 0.5989834 0.3008007 0.6943994
v 0.6028791 0.2977716 0.6891792
v 0.6089513 0.2974134 0.6853577
v 0.6155728 0.2998220 0.6839590
v 0.6209695 0.3043521 0.6853577
v 0.6236954 0.3097899 0.6891792
v 0.6148218 0.3251593 0.6920848
v 0.6187176 0.3221302 0.6868646
v 0.6087497 0.3255175 0.6959063
v 0.6021281 0.3231089 0.6973051
v 0.5967314 0.3185788 0.6959063
v 0.5940056 0.3131410 0.6920848
v 0.5946810 0.3082527 0.6868646
v 0.5985767 0.3052236 0.6816444
v 0.6046489 0.3048653 0.6778229
v 0.6112704 0.3072740 0.6764241
v 0.6166671 0.3118041 0.6778229
v 0.6193930 0.3172418 0.6816444
v 0.6066993 0.3151914 0.6868646
v 0.6192308 0.3220953 0.6871157
v 0.6152152 0.3252176 0.6924966
v 0.6167701 0.3258526 0.6939729
v 0.6213251 0.3223108 0.6878692
v 0.6089562 0.3255868 0.6964357
v 0.6096703 0.3262714 0.6984411
v 0.6021309 0.3231041 0.6978775
v 0.6019282 0.3234552 0.7000766
v 0.5965681 0.3184346 0.6964357
v 0.5956182 0.3181584 0.6984411
v 0.5937584 0.3128295 0.6924966
v 0.5924311 0.3118004 0.6939729
v 0.5944546 0.3077908 0.6871157
v 0.5932208 0.3060848 0.6878692
v 0.5984702 0.3046685 0.6817349
v 0.5977758 0.3025431 0.6817656
v 0.6047292 0.3042992 0.6777958
v 0.6048755 0.3021242 0.6772974
v 0.6115545 0.3067819 0.6763540
v 0.6126177 0.3049405 0.6756619
v 0.6171173 0.3114514 0.6777958
v 0.6189277 0.3102372 0.6772974
v 0.6199270 0.3170565 0.6817349
v 0.6221148 0.3165952 0.6817656
v 0.6182042 0.3233686 0.6964845
v 0.6227592 0.3198268 0.6903809
v 0.6111045 0.3237874 0.7009527
v 0.6033623 0.3209712 0.7025882
v 0.5970523 0.3156744 0.7009527
v 0.5938652 0.3093164 0.6964845
v 0.5946549 0.3036008 0.6903809
v 0.5992099 0.3000591 0.6842772
v 0.6063097 0.2996402 0.6798090
v 0.6140518 0.3024565 0.6781735
v 0.6203618 0.3077532 0.6798090
v 0.6235489 0.3141112 0.6842772
v 0.6173664 0.3214916 0.6962640
v 0.6213820 0.3183693 0.6908832
v 0.6111074 0.3218609 0.7002031
v 0.6042821 0.3193781 0.7016449
v 0.5987193 0.3147086 0.7002031
v 0.5959096 0.3091035 0.6962640
v 0.5966058 0.3040648 0.6908832
v 0.6006214 0.3009425 0.6855023
v 0.6068804 0.3005732 0.6815633
v 0.6137057 0.3030560 0.6801215
v 0.6192685 0.3077255 0.6815633
v 0.6220782 0.3133305 0.6855023
v 0.6068714 0.3148933 0.6871660
v 0.6138693 0.3234810 0.6916634
v 0.6172256 0.3208713 0.6871660
v 0.6086379 0.3237897 0.6949558
v 0.6029332 0.3217145 0.6961608
v 0.5982837 0.3178117 0.6949558
v 0.5959353 0.3131268 0.6916634
v 0.5965172 0.3089153 0.6871660
v 0.5998735 0.3063056 0.6826685
v 0.6051049 0.3059970 0.6793762
v 0.6108096 0.3080721 0.6781711
v 0.6154591 0.3119750 0.6793762
v 0.6178075 0.3166598 0.6826685
v 0.6146150 0.3221894 0.6929695
v 0.6179713 0.3195797 0.6884720
v 0.6093836 0.3224980 0.6962618
v 0.6036789 0.3204229 0.6974669
v 0.5990294 0.3165200 0.6962618
v 0.5966810 0.3118352 0.6929695
v 0.5972629 0.3076237 0.6884720
v 0.6006192 0.3050140 0.6839746
v 0.6058506 0.3047053 0.6806822
v 0.6115553 0.3067805 0.6794772
v 0.6162048 0.3106833 0.6806822
v 0.6185532 0.3153682 0.6839746
v 0.6076171 0.3136017 0.6884720
v 0.5529580 0.2199729 0.4740750
v 0.5566993 0.2207064 0.4740750
v 0.5566993 0.2207064 0.5259250
v 0.5518577 0.2255848 0.4740750
v 0.5555990 0.2263183 0.5259250
v 0.5555990 0.2263183 0.4740750
v 0.5529580 0.2199729 0.5259250
v 0.5518577 0.2255848 0.5259250
v 0.5539571 0.2192364 0.4854820
v 0.5560522 0.2196471 0.4854820
v 0.5560522 0.2196471 0.5145180
v 0.5537591 0.2202465 0.4854820
v 0.5558542 0.2206573 0.5145180
v 0.5558542 0.2206573 0.4854820
v 0.5539571 0.2192364 0.5145180
v 0.5537591 0.2202465 0.5145180
v 0.7135257 0.3112502 0.4740750
v 0.7160316 0.3141235 0.4740750
v 0.7160316 0.3141235 0.5259250
v 0.7092158 0.3150090 0.4740750
v 0.7117217 0.3178823 0.5259250
v 0.7117217 0.3178823 0.4740750
v 0.7135257 0.3112502 0.5259250
v 0.7092158 0.3150090 0.5259250
v 0.7147666 0.3112809 0.4854820
v 0.7161699 0.3128900 0.4854820
v 0.7161699 0.3128900 0.5145180
v 0.7139908 0.3119575 0.4854820
v 0.7153941 0.3135665 0.5145180
v 0.7153941 0.3135665 0.4854820
v 0.7147666 0.3112809 0.5145180
v 0.7139908 0.3119575 0.5145180
vt 0.5 0.5
vn 0.1913417 0.0380602 -0.9807853
vn 0.1950903 0.0000000 -0.9807853
vn 0.0000000 0.0000000 -1.0000000
vn 0.1802400 0.0746578 -0.9807853
vn 0.1622117 0.1083864 -0.9807853
vn 0.1379497 0.1379497 -0.9807853
vn 0.1083864 0.1622117 -0.9807853
vn 0.0746578 0.1802400 -0.9807853
vn 0.0380602 0.1913417 -0.9807853
vn 0.0000000 0.1950903 -0.9807853
vn -0.0380602 0.1913417 -0.9807853
vn -0.0746578 0.1802400 -0.9807853
vn -0.0000000 0.0000000 -1.0000000
vn -0.1083864 0.1622117 -0.9807853
vn -0.1379497 0.1379497 -0.9807853
vn -0.1622117 0.1083864 -0.9807853
vn -0.1802400 0.0746578 -0.9807853
vn -0.1913417 0.0380602 -0.9807853
vn -0.1950903 0.0000000 -0.9807853
vn -0.1913417 -0.0380602 -0.9807853
vn -0.1802400 -0.0746578 -0.9807853
vn -0.0000000 -0.0000000 -1.0000000
vn -0.1622117 -0.1083864 -0.9807853
vn -0.1379497 -0.1379497 -0.9807853
vn -0.1083864 -0.1622117 -0.9807853
vn -0.0746578 -0.1802400 -0.9807853
vn -0.0380602 -0.1913417 -0.9807853
vn -0.0000000 -0.1950903 -0.9807853
vn 0.0380602 -0.1913417 -0.9807853
vn 0.0746578 -0.1802400 -0.9807853
vn 0.0000000 -0.0000000 -1.0000000
vn 0.1083864 -0.1622117 -0.9807853
vn 0.1379497 -0.1379497 -0.9807853
vn 0.1622117 -0.1083864 -0.9807853
vn 0.1802400 -0.0746578 -0.9807853
vn 0.1913417 -0.0380602 -0.9807853
vn 0.1950903 -0.0000000 -0.9807853
vn 0.3753303 0.0746578 -0.9238795
vn 0.3826834 0.0000000 -0.9238795
vn 0.3535534 0.1464466 -0.9238795
vn 0.3181896 0.2126075 -0.9238795
vn 0.2705981 0.2705981 -0.9238795
vn 0.2126075 0.3181896 -0.9238795
vn 0.1464466 0.3535534 -0.9238795
vn 0.0746578 0.3753303 -0.9238795
vn 0.0000000 0.3826834 -0.9238795
vn -0.0746578 0.3753303 -0.9238795
vn -0.1464466 0.3535534 -0.9238795
vn -0.2126075 0.3181896 -0.9238795
vn -0.2705981 0.2705981 -0.9238795
vn -0.3181896 0.2126075 -0.9238795
vn -0.3535534 0.1464466 -0.9238795
vn -0.3753303 0.0746578 -0.9238795
vn -0.3826834 0.0000000 -0.9238795
vn -0.3753303 -0.0746578 -0.9238795
vn -0.3535534 -0.1464466 -0.9238795
vn -0.3181896 -0.2126075 -0.9238795
vn -0.2705981 -0.2705981 -0.9238795
vn -0.2126075 -0.3181896 -0.9238795
vn -0.1464466 -0.3535534 -0.9238795
vn -0.0746578 -0.3753303 -0.9238795
vn -0.0000000 -0.3826834 -0.9238795
vn 0.0746578 -0.3753303 -0.9238795
vn 0.1464466 -0.3535534 -0.9238795
vn 0.2126075 -0.3181896 -0.9238795
vn 0.2705981 -0.2705981 -0.9238795
vn 0.3181896 -0.2126075 -0.9238795
vn 0.3535534 -0.1464466 -0.9238795
vn 0.3753303 -0.0746578 -0.9238795
vn 0.3826834 -0.0000000 -0.9238795
vn 0.5448951 0.1083864 -0.8314696
vn 0.5555702 0.0000000 -0.8314696
vn 0.5132800 0.2126075 -0.8314696
vn 0.4619398 0.3086583 -0.8314696
vn 0.3928475 0.3928475 -0.8314696
vn 0.3086583 0.4619398 -0.8314696
vn 0.2126075 0.5132800 -0.8314696
vn 0.1083864 0.5448951 -0.8314696
vn 0.0000000 0.5555702 -0.8314696
vn -0.1083864 0.5448951 -0.8314696
vn -0.2126075 0.5132800 -0.8314696
vn -0.3086583 0.4619398 -0.8314696
vn -0.3928475 0.3928475 -0.8314696
vn -0.4619398 0.3086583 -0.8314696
vn -0.5132800 0.2126075 -0.8314696
vn -0.5448951 0.1083864 -0.8314696
vn -0.5555702 0.0000000 -0.8314696
vn -0.5448951 -0.1083864 -0.8314696
vn -0.5132800 -0.2126075 -0.8314696
vn -0.4619398 -0.3086583 -0.8314696
vn -0.3928475 -0.3928475 -0.8314696
vn -0.3086583 -0.4619398 -0.8314696
vn -0.2126075 -0.5132800 -0.8314696
vn -0.1083864 -0.5448951 -0.8314696
vn -0.0000000 -0.5555702 -0.8314696
vn 0.1083864 -0.5448951 -0.8314696
vn 0.2126075 -0.5132800 -0.8314696
vn 0.3086583 -0.4619398 -0.8314696
vn 0.3928475 -0.3928475 -0.8314696
vn 0.4619398 -0.3086583 -0.8314696
vn 0.5132800 -0.2126075 -0.8314696
vn 0.5448951 -0.1083864 -0.8314696
vn 0.5555702 -0.0000000 -0.8314696
vn 0.6935199 0.1379497 -0.7071068
vn 0.7071068 0.0000000 -0.7071068
vn 0.6532815 0.2705981 -0.7071068
vn 0.5879378 0.3928475 -0.7071068
vn 0.5000000 0.5000000 -0.7071068
vn 0.3928475 0.5879378 -0.7071068
vn 0.2705981 0.6532815 -0.7071068
vn 0.1379497 0.6935199 -0.7071068
vn 0.0000000 0.7071068 -0.7071068
vn -0.1379497 0.6935199 -0.7071068
vn -0.2705981 0.6532815 -0.7071068
vn -0.3928475 0.5879378 -0.7071068
vn -0.5000000 0.5000000 -0.7071068
vn -0.5879378 0.3928475 -0.7071068
vn -0.6532815 0.2705981 -0.7071068
vn -0.6935199 0.1379497 -0.7071068
vn -0.7071068 0.0000000 -0.7071068
vn -0.6935199 -0.1379497 -0.7071068
vn -0.6532815 -0.2705981 -0.7071068
vn -0.5879378 -0.3928475 -0.7071068
vn -0.5000000 -0.5000000 -0.7071068
vn -0.3928475 -0.5879378 -0.7071068
vn -0.2705981 -0.6532815 -0.7071068
vn -0.1379497 -0.6935199 -0.7071068
vn -0.0000000 -0.7071068 -0.7071068
vn 0.1379497 -0.6935199 -0.7071068
vn 0.2705981 -0.6532815 -0.7071068
vn 0.3928475 -0.5879378 -0.7071068
vn 0.5000000 -0.5000000 -0.7071068
vn 0.5879378 -0.3928475 -0.7071068
vn 0.6532815 -0.2705981 -0.7071068
vn 0.6935199 -0.1379497 -0.7071068
vn 0.7071068 -0.0000000 -0.7071068
vn 0.8154932 0.1622117 -0.5555702
vn 0.8314696 0.0000000 -0.5555702
vn 0.7681778 0.3181896 -0.5555702
vn 0.6913417 0.4619398 -0.5555702
vn 0.5879378 0.5879378 -0.5555702
vn 0.4619398 0.6913417 -0.5555702
vn 0.3181896 0.7681778 -0.5555702
vn 0.1622117 0.8154932 -0.5555702
vn 0.0000000 0.8314696 -0.5555702
vn -0.1622117 0.8154932 -0.5555702
vn -0.3181896 0.7681778 -0.5555702
vn -0.4619398 0.6913417 -0.5555702
vn -0.5879378 0.5879378 -0.5555702
vn -0.6913417 0.4619398 -0.5555702
vn -0.7681778 0.3181896 -0.5555702
vn -0.8154932 0.1622117 -0.5555702
vn -0.8314696 0.0000000 -0.5555702
vn -0.8154932 -0.1622117 -0.5555702
vn -0.7681778 -0.3181896 -0.5555702
vn -0.6913417 -0.4619398 -0.5555702
vn -0.5879378 -0.5879378 -0.5555702
vn -0.4619398 -0.6913417 -0.5555702
vn -0.3181896 -0.7681778 -0.5555702
vn -0.1622117 -0.8154932 -0.5555702
vn -0.0000000 -0.8314696 -0.5555702
vn 0.1622117 -0.8154932 -0.5555702
vn 0.3181896 -0.7681778 -0.5555702
vn 0.4619398 -0.6913417 -0.5555702
vn 0.5879378 -0.5879378 -0.5555702
vn 0.6913417 -0.4619398 -0.5555702
vn 0.7681778 -0.3181896 -0.5555702
vn 0.8154932 -0.1622117 -0.5555702
vn 0.8314696 -0.0000000 -0.5555702
vn 0.9061274 0.1802400 -0.3826834
vn 0.9238795 0.0000000 -0.3826834
vn 0.8535534 0.3535534 -0.3826834
vn 0.7681778 0.5132800 -0.3826834
vn 0.6532815 0.6532815 -0.3826834
vn 0.5132800 0.7681778 -0.3826834
vn 0.3535534 0.8535534 -0.3826834
vn 0.1802400 0.9061274 -0.3826834
vn 0.0000000 0.9238795 -0.3826834
vn -0.1802400 0.9061274 -0.3826834
vn -0.3535534 0.8535534 -0.3826834
vn -0.5132800 0.7681778 -0.3826834
vn -0.6532815 0.6532815 -0.3826834
vn -0.7681778 0.5132800 -0.3826834
vn -0.8535534 0.3535534 -0.3826834
vn -0.9061274 0.1802400 -0.3826834
vn -0.9238795 0.0000000 -0.3826834
vn -0.9061274 -0.1802400 -0.3826834
vn -0.8535534 -0.3535534 -0.3826834
vn -0.7681778 -0.5132800 -0.3826834
vn -0.6532815 -0.6532815 -0.3826834
vn -0.5132800 -0.7681778 -0.3826834
vn -0.3535534 -0.8535534 -0.3826834
vn -0.1802400 -0.9061274 -0.3826834
vn -0.0000000 -0.9238795 -0.3826834
vn 0.1802400 -0.9061274 -0.3826834
vn 0.3535534 -0.8535534 -0.3826834
vn 0.5132800 -0.7681778 -0.3826834
vn 0.6532815 -0.6532815 -0.3826834
vn 0.7681778 -0.5132800 -0.3826834
vn 0.8535534 -0.3535534 -0.3826834
vn 0.9061274 -0.1802400 -0.3826834
vn 0.9238795 -0.0000000 -0.3826834
vn 0.9619398 0.1913417 -0.1950903
vn 0.9807853 0.0000000 -0.1950903
vn 0.9061274 0.3753303 -0.1950903
vn 0.8154932 0.5448951 -0.1950903
vn 0.6935199 0.6935199 -0.1950903
vn 0.5448951 0.8154932 -0.1950903
vn 0.3753303 0.9061274 -0.1950903
vn 0.1913417 0.9619398 -0.1950903
vn 0.0000000 0.9807853 -0.1950903
vn -0.1913417 0.9619398 -0.1950903
vn -0.3753303 0.9061274 -0.1950903
vn -0.5448951 0.8154932 -0.1950903
vn -0.6935199 0.6935199 -0.1950903
vn -0.8154932 0.5448951 -0.1950903
vn -0.9061274 0.3753303 -0.1950903
vn -0.9619398 0.1913417 -0.1950903
vn -0.9807853 0.0000000 -0.1950903
vn -0.9619398 -0.1913417 -0.1950903
vn -0.9061274 -0.3753303 -0.1950903
vn -0.8154932 -0.5448951 -0.1950903
vn -0.6935199 -0.6935199 -0.1950903
vn -0.5448951 -0.8154932 -0.1950903
vn -0.3753303 -0.9061274 -0.1950903
vn -0.1913417 -0.9619398 -0.1950903
vn -0.0000000 -0.9807853 -0.1950903
vn 0.1913417 -0.9619398 -0.1950903
vn 0.3753303 -0.9061274 -0.1950903
vn 0.5448951 -0.8154932 -0.1950903
vn 0.6935199 -0.6935199 -0.1950903
vn 0.8154932 -0.5448951 -0.1950903
vn 0.9061274 -0.3753303 -0.1950903
vn 0.9619398 -0.1913417 -0.1950903
vn 0.9807853 -0.0000000 -0.1950903
vn 0.9807853 0.1950903 -0.0000000
vn 1.0000000 0.0000000 -0.0000000
vn 0.9238795 0.3826834 -0.0000000
vn 0.8314696 0.5555702 -0.0000000
vn 0.7071068 0.7071068 -0.0000000
vn 0.5555702 0.8314696 -0.0000000
vn 0.3826834 0.9238795 -0.0000000
vn 0.1950903 0.9807853 -0.0000000
vn 0.0000000 1.0000000 -0.0000000
vn -0.1950903 0.9807853 -0.0000000
vn -0.3826834 0.9238795 -0.0000000
vn -0.5555702 0.8314696 -0.0000000
vn -0.7071068 0.7071068 -0.0000000
vn -0.8314696 0.5555702 -0.0000000
vn -0.9238795 0.3826834 -0.0000000
vn -0.9807853 0.1950903 -0.0000000
vn -1.0000000 0.0000000 -0.0000000
vn -0.9807853 -0.1950903 -0.0000000
vn -0.9238795 -0.3826834 -0.0000000
vn -0.8314696 -0.5555702 -0.0000000
vn -0.7071068 -0.7071068 -0.0000000
vn -0.5555702 -0.8314696 -0.0000000
vn -0.3826834 -0.9238795 -0.0000000
vn -0.1950903 -0.9807853 -0.0000000
vn -0.0000000 -1.0000000 -0.0000000
vn 0.1950903 -0.9807853 -0.0000000
vn 0.3826834 -0.9238795 -0.0000000
vn 0.5555702 -0.8314696 -0.0000000
vn 0.7071068 -0.7071068 -0.0000000
vn 0.8314696 -0.5555702 -0.0000000
vn 0.9238795 -0.3826834 -0.0000000
vn 0.9807853 -0.1950903 -0.0000000
vn 1.0000000 -0.0000000 -0.0000000
vn 0.9619398 0.1913417 0.1950903
vn 0.9807853 0.0000000 0.1950903
vn 0.9061274 0.3753303 0.1950903
vn 0.8154932 0.5448951 0.1950903
vn 0.6935199 0.6935199 0.1950903
vn 0.5448951 0.8154932 0.1950903
vn 0.3753303 0.9061274 0.1950903
vn 0.1913417 0.9619398 0.1950903
vn 0.0000000 0.9807853 0.1950903
vn -0.1913417 0.9619398 0.1950903
vn -0.3753303 0.9061274 0.1950903
vn -0.5448951 0.8154932 0.1950903
vn -0.6935199 0.6935199 0.1950903
vn -0.8154932 0.5448951 0.1950903
vn -0.9061274 0.3753303 0.1950903
vn -0.9619398 0.1913417 0.1950903
vn -0.9807853 0.0000000 0.1950903
vn -0.9619398 -0.1913417 0.1950903
vn -0.9061274 -0.3753303 0.1950903
vn -0.8154932 -0.5448951 0.1950903
vn -0.6935199 -0.6935199 0.1950903
vn -0.5448951 -0.8154932 0.1950903
vn -0.3753303 -0.9061274 0.1950903
vn -0.1913417 -0.9619398 0.1950903
vn -0.0000000 -0.9807853 0.1950903
vn 0.1913417 -0.9619398 0.1950903
vn 0.3753303 -0.9061274 0.1950903
vn 0.5448951 -0.8154932 0.1950903
vn 0.6935199 -0.6935199 0.1950903
vn 0.8154932 -0.5448951 0.1950903
vn 0.9061274 -0.3753303 0.1950903
vn 0.9619398 -0.1913417 0.1950903
vn 0.9807853 -0.0000000 0.1950903
vn 0.9061274 0.1802400 0.3826834
vn 0.9238795 0.0000000 0.3826834
vn 0.8535534 0.3535534 0.3826834
vn 0.7681778 0.5132800 0.3826834
vn 0.6532815 0.6532815 0.3826834
vn 0.5132800 0.7681778 0.3826834
vn 0.3535534 0.8535534 0.3826834
vn 0.1802400 0.9061274 0.3826834
vn 0.0000000 0.9238795 0.3826834
vn -0.1802400 0.9061274 0.3826834
vn -0.3535534 0.8535534 0.3826834
vn -0.5132800 0.7681778 0.3826834
vn -0.6532815 0.6532815 0.3826834
vn -0.7681778 0.5132800 0.3826834
vn -0.8535534 0.3535534 0.3826834
vn -0.9061274 0.1802400 0.3826834
vn -0.9238795 0.0000000 0.3826834
vn -0.9061274 -0.1802400 0.3826834
vn -0.8535534 -0.3535534 0.3826834
vn -0.7681778 -0.5132800 0.3826834
vn -0.6532815 -0.6532815 0.3826834
vn -0.5132800 -0.7681778 0.3826834
vn -0.3535534 -0.8535534 0.3826834
vn -0.1802400 -0.9061274 0.3826834
vn -0.0000000 -0.9238795 0.3826834
vn 0.1802400 -0.9061274 0.3826834
vn 0.3535534 -0.8535534 0.3826834
vn 0.5132800 -0.7681778 0.3826834
vn 0.6532815 -0.6532815 0.3826834
vn 0.7681778 -0.5132800 0.3826834
vn 0.8535534 -0.3535534 0.3826834
vn 0.9061274 -0.1802400 0.3826834
vn 0.9238795 -0.0000000 0.3826834
vn 0.8154932 0.1622117 0.5555702
vn 0.8314696 0.0000000 0.5555702
vn 0.7681778 0.3181896 0.5555702
vn 0.6913417 0.4619398 0.5555702
vn 0.5879378 0.5879378 0.5555702
vn 0.4619398 0.6913417 0.5555702
vn 0.3181896 0.7681778 0.5555702
vn 0.1622117 0.8154932 0.5555702
vn 0.0000000 0.8314696 0.5555702
vn -0.1622117 0.8154932 0.5555702
vn -0.3181896 0.7681778 0.5555702
vn -0.4619398 0.6913417 0.5555702
vn -0.5879378 0.5879378 0.5555702
vn -0.6913417 0.4619398 0.5555702
vn -0.7681778 0.3181896 0.5555702
vn -0.8154932 0.1622117 0.5555702
vn -0.8314696 0.0000000 0.5555702
vn -0.8154932 -0.1622117 0.5555702
vn -0.7681778 -0.3181896 0.5555702
vn -0.6913417 -0.4619398 0.5555702
vn -0.5879378 -0.5879378 0.5555702
vn -0.4619398 -0.6913417 0.5555702
vn -0.3181896 -0.7681778 0.5555702
vn -0.1622117 -0.8154932 0.5555702
vn -0.0000000 -0.8314696 0.5555702
vn 0.1622117 -0.8154932 0.5555702
vn 0.3181896 -0.7681778 0.5555702
vn 0.4619398 -0.6913417 0.5555702
vn 0.5879378 -0.5879378 0.5555702
vn 0.6913417 -0.4619398 0.5555702
vn 0.7681778 -0.3181896 0.5555702
vn 0.8154932 -0.1622117 0.5555702
vn 0.8314696 -0.0000000 0.5555702
vn 0.6935199 0.1379497 0.7071068
vn 0.7071068 0.0000000 0.7071068
vn 0.6532815 0.2705981 0.7071068
vn 0.5879378 0.3928475 0.7071068
vn 0.5000000 0.5000000 0.7071068
vn 0.3928475 0.5879378 0.7071068
vn 0.2705981 0.6532815 0.7071068
vn 0.1379497 0.6935199 0.7071068
vn 0.0000000 0.7071068 0.7071068
vn -0.1379497 0.6935199 0.7071068
vn -0.2705981 0.6532815 0.7071068
vn -0.3928475 0.5879378 0.7071068
vn -0.5000000 0.5000000 0.7071068
vn -0.5879378 0.3928475 0.7071068
vn -0.6532815 0.2705981 0.7071068
vn -0.6935199 0.1379497 0.7071068
vn -0.7071068 0.0000000 0.7071068
vn -0.6935199 -0.1379497 0.7071068
vn -0.6532815 -0.2705981 0.7071068
vn -0.5879378 -0.3928475 0.7071068
vn -0.5000000 -0.5000000 0.7071068
vn -0.3928475 -0.5879378 0.7071068
vn -0.2705981 -0.6532815 0.7071068
vn -0.1379497 -0.6935199 0.7071068
vn -0.0000000 -0.7071068 0.7071068
vn 0.1379497 -0.6935199 0.7071068
vn 0.2705981 -0.6532815 0.7071068
vn 0.3928475 -0.5879378 0.7071068
vn 0.5000000 -0.5000000 0.7071068
vn 0.5879378 -0.3928475 0.7071068
vn 0.6532815 -0.2705981 0.7071068
vn 0.6935199 -0.1379497 0.7071068
vn 0.7071068 -0.0000000 0.7071068
vn 0.5448951 0.1083864 0.8314696
vn 0.5555702 0.0000000 0.8314696
vn 0.5132800 0.2126075 0.8314696
vn 0.4619398 0.3086583 0.8314696
vn 0.3928475 0.3928475 0.8314696
vn 0.3086583 0.4619398 0.8314696
vn 0.2126075 0.5132800 0.8314696
vn 0.1083864 0.5448951 0.8314696
vn 0.0000000 0.5555702 0.8314696
vn -0.1083864 0.5448951 0.8314696
vn -0.2126075 0.5132800 0.8314696
vn -0.3086583 0.4619398 0.8314696
vn -0.3928475 0.3928475 0.8314696
vn -0.4619398 0.3086583 0.8314696
vn -0.5132800 0.2126075 0.8314696
vn -0.5448951 0.1083864 0.8314696
vn -0.5555702 0.0000000 0.8314696
vn -0.5448951 -0.1083864 0.8314696
vn -0.5132800 -0.2126075 0.8314696
vn -0.4619398 -0.3086583 0.8314696
vn -0.3928475 -0.3928475 0.8314696
vn -0.3086583 -0.4619398 0.8314696
vn -0.2126075 -0.5132800 0.8314696
vn -0.1083864 -0.5448951 0.8314696
vn -0.0000000 -0.5555702 0.8314696
vn 0.1083864 -0.5448951 0.8314696
vn 0.2126075 -0.5132800 0.8314696
vn 0.3086583 -0.4619398 0.8314696
vn 0.3928475 -0.3928475 0.8314696
vn 0.4619398 -0.3086583 0.8314696
vn 0.5132800 -0.2126075 0.8314696
vn 0.5448951 -0.1083864 0.8314696
vn 0.5555702 -0.0000000 0.8314696
vn 0.3753303 0.0746578 0.9238795
vn 0.3826834 0.0000000 0.9238795
vn 0.3535534 0.1464466 0.9238795
vn 0.3181896 0.2126075 0.9238795
vn 0.2705981 0.2705981 0.9238795
vn 0.2126075 0.3181896 0.9238795
vn 0.1464466 0.3535534 0.9238795
vn 0.0746578 0.3753303 0.9238795
vn 0.0000000 0.3826834 0.9238795
vn -0.0746578 0.3753303 0.9238795
vn -0.1464466 0.3535534 0.9238795
vn -0.2126075 0.3181896 0.9238795
vn -0.2705981 0.2705981 0.9238795
vn -0.3181896 0.2126075 0.9238795
vn -0.3535534 0.1464466 0.9238795
vn -0.3753303 0.0746578 0.9238795
vn -0.3826834 0.0000000 0.9238795
vn -0.3753303 -0.0746578 0.9238795
vn -0.3535534 -0.1464466 0.9238795
vn -0.3181896 -0.2126075 0.9238795
vn -0.2705981 -0.2705981 0.9238795
vn -0.2126075 -0.3181896 0.9238795
vn -0.1464466 -0.3535534 0.9238795
vn -0.0746578 -0.3753303 0.9238795
vn -0.0000000 -0.3826834 0.9238795
vn 0.0746578 -0.3753303 0.9238795
vn 0.1464466 -0.3535534 0.9238795
vn 0.2126075 -0.3181896 0.9238795
vn 0.2705981 -0.2705981 0.9238795
vn 0.3181896 -0.2126075 0.9238795
vn 0.3535534 -0.1464466 0.9238795
vn 0.3753303 -0.0746578 0.9238795
vn 0.3826834 -0.0000000 0.9238795
vn 0.1913417 0.0380602 0.9807853
vn 0.1950903 0.0000000 0.9807853
vn 0.1802400 0.0746578 0.9807853
vn 0.1622117 0.1083864 0.9807853
vn 0.1379497 0.1379497 0.9807853
vn 0.1083864 0.1622117 0.9807853
vn 0.0746578 0.1802400 0.9807853
vn 0.0380602 0.1913417 0.9807853
vn 0.0000000 0.1950903 0.9807853
vn -0.0380602 0.1913417 0.9807853
vn -0.0746578 0.1802400 0.9807853
vn -0.1083864 0.1622117 0.9807853
vn -0.1379497 0.1379497 0.9807853
vn -0.1622117 0.1083864 0.9807853
vn -0.1802400 0.0746578 0.9807853
vn -0.1913417 0.0380602 0.9807853
vn -0.1950903 0.0000000 0.9807853
vn -0.1913417 -0.0380602 0.9807853
vn -0.1802400 -0.0746578 0.9807853
vn -0.1622117 -0.1083864 0.9807853
vn -0.1379497 -0.1379497 0.9807853
vn -0.1083864 -0.1622117 0.9807853
vn -0.0746578 -0.1802400 0.9807853
vn -0.0380602 -0.1913417 0.9807853
vn -0.0000000 -0.1950903 0.9807853
vn 0.0380602 -0.1913417 0.9807853
vn 0.0746578 -0.1802400 0.9807853
vn 0.1083864 -0.1622117 0.9807853
vn 0.1379497 -0.1379497 0.9807853
vn 0.1622117 -0.1083864 0.9807853
vn 0.1802400 -0.0746578 0.9807853
vn 0.1913417 -0.0380602 0.9807853
vn 0.1950903 -0.0000000 0.9807853
vn 0.0000000 0.0000000 1.0000000
vn -0.0000000 0.0000000 1.0000000
vn -0.0000000 -0.0000000 1.0000000
vn 0.0000000 -0.0000000 1.0000000
vn 0.3509579 0.9358877 0.0307048
vn 0.3402942 0.9358877 0.0911816
vn 0.3192909 0.9358877 0.1488878
vn 0.2885860 0.9358877 0.2020701
vn 0.2491126 0.9358877 0.2491126
vn 0.2020701 0.9358877 0.2885860
vn 0.1488878 0.9358877 0.3192909
vn 0.0911816 0.9358877 0.3402942
vn 0.0307048 0.9358877 0.3509579
vn -0.0307048 0.9358877 0.3509579
vn -0.0911816 0.9358877 0.3402942
vn -0.1488878 0.9358877 0.3192909
vn -0.2020701 0.9358877 0.2885860
vn -0.2491126 0.9358877 0.2491126
vn -0.2885860 0.9358877 0.2020701
vn -0.3192909 0.9358877 0.1488878
vn -0.3402942 0.9358877 0.0911816
vn -0.3509579 0.9358877 0.0307048
vn -0.3509579 0.9358877 -0.0307048
vn -0.3402942 0.9358877 -0.0911816
vn -0.3192909 0.9358877 -0.1488878
vn -0.2885860 0.9358877 -0.2020701
vn -0.2491126 0.9358877 -0.2491126
vn -0.2020701 0.9358877 -0.2885860
vn -0.1488878 0.9358877 -0.3192909
vn -0.0911816 0.9358877 -0.3402942
vn -0.0307048 0.9358877 -0.3509579
vn 0.0307048 0.9358877 -0.3509579
vn 0.0911816 0.9358877 -0.3402942
vn 0.1488878 0.9358877 -0.3192909
vn 0.2020701 0.9358877 -0.2885860
vn 0.2491126 0.9358877 -0.2491126
vn 0.2885860 0.9358877 -0.2020701
vn 0.3192909 0.9358877 -0.1488878
vn 0.3402942 0.9358877 -0.0911816
vn 0.3509579 0.9358877 -0.0307048
vn 0.9961947 0.0000000 0.0871557
vn 0.9659258 0.0000000 0.2588190
vn 0.9063078 0.0000000 0.4226183
vn 0.8191520 0.0000000 0.5735764
vn 0.5735764 0.0000000 0.8191520
vn 0.4226183 0.0000000 0.9063078
vn 0.2588190 0.0000000 0.9659258
vn 0.0871557 0.0000000 0.9961947
vn -0.0871557 0.0000000 0.9961947
vn -0.2588190 0.0000000 0.9659258
vn -0.4226183 0.0000000 0.9063078
vn -0.5735764 0.0000000 0.8191520
vn -0.8191520 0.0000000 0.5735764
vn -0.9063078 0.0000000 0.4226183
vn -0.9659258 0.0000000 0.2588190
vn -0.9961947 0.0000000 0.0871557
vn -0.9961947 -0.0000000 -0.0871557
vn -0.9659258 -0.0000000 -0.2588190
vn -0.9063078 -0.0000000 -0.4226183
vn -0.8191520 -0.0000000 -0.5735764
vn -0.7071068 -0.0000000 -0.7071068
vn -0.5735764 -0.0000000 -0.8191520
vn -0.4226183 -0.0000000 -0.9063078
vn -0.2588190 -0.0000000 -0.9659258
vn -0.0871557 -0.0000000 -0.9961947
vn 0.0871557 -0.0000000 -0.9961947
vn 0.2588190 -0.0000000 -0.9659258
vn 0.4226183 -0.0000000 -0.9063078
vn 0.5735764 -0.0000000 -0.8191520
vn 0.8191520 -0.0000000 -0.5735764
vn 0.9063078 -0.0000000 -0.4226183
vn 0.9659258 -0.0000000 -0.2588190
vn 0.9961947 -0.0000000 -0.0871557
vn 0.3509579 -0.9358877 0.0307048
vn 0.3402942 -0.9358877 0.0911816
vn 0.3192909 -0.9358877 0.1488878
vn 0.2885860 -0.9358877 0.2020701
vn 0.2491126 -0.9358877 0.2491126
vn 0.2020701 -0.9358877 0.2885860
vn 0.1488878 -0.9358877 0.3192909
vn 0.0911816 -0.9358877 0.3402942
vn 0.0307048 -0.9358877 0.3509579
vn -0.0307048 -0.9358877 0.3509579
vn -0.0911816 -0.9358877 0.3402942
vn -0.1488878 -0.9358877 0.3192909
vn -0.2020701 -0.9358877 0.2885860
vn -0.2491126 -0.9358877 0.2491126
vn -0.2885860 -0.9358877 0.2020701
vn -0.3192909 -0.9358877 0.1488878
vn -0.3402942 -0.9358877 0.0911816
vn -0.3509579 -0.9358877 0.0307048
vn -0.3509579 -0.9358877 -0.0307048
vn -0.3402942 -0.9358877 -0.0911816
vn -0.3192909 -0.9358877 -0.1488878
vn -0.2885860 -0.9358877 -0.2020701
vn -0.2491126 -0.9358877 -0.2491126
vn -0.2020701 -0.9358877 -0.2885860
vn -0.1488878 -0.9358877 -0.3192909
vn -0.0911816 -0.9358877 -0.3402942
vn -0.0307048 -0.9358877 -0.3509579
vn 0.0307048 -0.9358877 -0.3509579
vn 0.0911816 -0.9358877 -0.3402942
vn 0.1488878 -0.9358877 -0.3192909
vn 0.2020701 -0.9358877 -0.2885860
vn 0.2491126 -0.9358877 -0.2491126
vn 0.2885860 -0.9358877 -0.2020701
vn 0.3192909 -0.9358877 -0.1488878
vn 0.3402942 -0.9358877 -0.0911816
vn 0.3509579 -0.9358877 -0.0307048
vn 0.3509579 0.0307048 -0.9358877
vn 0.3402942 0.0911816 -0.9358877
vn 0.3192909 0.1488878 -0.9358877
vn 0.2885860 0.2020701 -0.9358877
vn 0.2491126 0.2491126 -0.9358877
vn 0.2020701 0.2885860 -0.9358877
vn 0.1488878 0.3192909 -0.9358877
vn 0.0911816 0.3402942 -0.9358877
vn 0.0307048 0.3509579 -0.9358877
vn -0.0307048 0.3509579 -0.9358877
vn -0.0911816 0.3402942 -0.9358877
vn -0.1488878 0.3192909 -0.9358877
vn -0.2020701 0.2885860 -0.9358877
vn -0.2491126 0.2491126 -0.9358877
vn -0.2885860 0.2020701 -0.9358877
vn -0.3192909 0.1488878 -0.9358877
vn -0.3402942 0.0911816 -0.9358877
vn -0.3509579 0.0307048 -0.9358877
vn -0.3509579 -0.0307048 -0.9358877
vn -0.3402942 -0.0911816 -0.9358877
vn -0.3192909 -0.1488878 -0.9358877
vn -0.2885860 -0.2020701 -0.9358877
vn -0.2491126 -0.2491126 -0.9358877
vn -0.2020701 -0.2885860 -0.9358877
vn -0.1488878 -0.3192909 -0.9358877
vn -0.0911816 -0.3402942 -0.9358877
vn -0.0307048 -0.3509579 -0.9358877
vn 0.0307048 -0.3509579 -0.9358877
vn 0.0911816 -0.3402942 -0.9358877
vn 0.1488878 -0.3192909 -0.9358877
vn 0.2020701 -0.2885860 -0.9358877
vn 0.2491126 -0.2491126 -0.9358877
vn 0.2885860 -0.2020701 -0.9358877
vn 0.3192909 -0.1488878 -0.9358877
vn 0.3402942 -0.0911816 -0.9358877
vn 0.3509579 -0.0307048 -0.9358877
vn 0.9961947 0.0871557 0.0000000
vn 0.9659258 0.2588190 0.0000000
vn 0.9063078 0.4226183 0.0000000
vn 0.8191520 0.5735764 0.0000000
vn 0.7071068 0.7071068 0.0000000
vn 0.5735764 0.8191520 0.0000000
vn 0.4226183 0.9063078 0.0000000
vn 0.2588190 0.9659258 0.0000000
vn 0.0871557 0.9961947 0.0000000
vn -0.0871557 0.9961947 0.0000000
vn -0.2588190 0.9659258 0.0000000
vn -0.4226183 0.9063078 0.0000000
vn -0.5735764 0.8191520 0.0000000
vn -0.7071068 0.7071068 0.0000000
vn -0.8191520 0.5735764 0.0000000
vn -0.9063078 0.4226183 0.0000000
vn -0.9659258 0.2588190 0.0000000
vn -0.9961947 0.0871557 0.0000000
vn -0.9961947 -0.0871557 0.0000000
vn -0.9659258 -0.2588190 0.0000000
vn -0.9063078 -0.4226183 0.0000000
vn -0.8191520 -0.5735764 0.0000000
vn -0.7071068 -0.7071068 0.0000000
vn -0.5735764 -0.8191520 0.0000000
vn -0.4226183 -0.9063078 0.0000000
vn -0.2588190 -0.9659258 0.0000000
vn -0.0871557 -0.9961947 0.0000000
vn 0.0871557 -0.9961947 0.0000000
vn 0.2588190 -0.9659258 0.0000000
vn 0.4226183 -0.9063078 0.0000000
vn 0.5735764 -0.8191520 0.0000000
vn 0.7071068 -0.7071068 0.0000000
vn 0.8191520 -0.5735764 0.0000000
vn 0.9063078 -0.4226183 0.0000000
vn 0.9659258 -0.2588190 0.0000000
vn 0.9961947 -0.0871557 0.0000000
vn 0.3509579 0.0307048 0.9358877
vn 0.3402942 0.0911816 0.9358877
vn 0.3192909 0.1488878 0.9358877
vn 0.2885860 0.2020701 0.9358877
vn 0.2491126 0.2491126 0.9358877
vn 0.2020701 0.2885860 0.9358877
vn 0.1488878 0.3192909 0.9358877
vn 0.0911816 0.3402942 0.9358877
vn 0.0307048 0.3509579 0.9358877
vn -0.0307048 0.3509579 0.9358877
vn -0.0911816 0.3402942 0.9358877
vn -0.1488878 0.3192909 0.9358877
vn -0.2020701 0.2885860 0.9358877
vn -0.2491126 0.2491126 0.9358877
vn -0.2885860 0.2020701 0.9358877
vn -0.3192909 0.1488878 0.9358877
vn -0.3402942 0.0911816 0.9358877
vn -0.3509579 0.0307048 0.9358877
vn -0.3509579 -0.0307048 0.9358877
vn -0.3402942 -0.0911816 0.9358877
vn -0.3192909 -0.1488878 0.9358877
vn -0.2885860 -0.2020701 0.9358877
vn -0.2491126 -0.2491126 0.9358877
vn -0.2020701 -0.2885860 0.9358877
vn -0.1488878 -0.3192909 0.9358877
vn -0.0911816 -0.3402942 0.9358877
vn -0.0307048 -0.3509579 0.9358877
vn 0.0307048 -0.3509579 0.9358877
vn 0.0911816 -0.3402942 0.9358877
vn 0.1488878 -0.3192909 0.9358877
vn 0.2020701 -0.2885860 0.9358877
vn 0.2491126 -0.2491126 0.9358877
vn 0.2885860 -0.2020701 0.9358877
vn 0.3192909 -0.1488878 0.9358877
vn 0.3402942 -0.0911816 0.9358877
vn 0.3509579 -0.0307048 0.9358877
vn -0.4709412 0.8526039 -0.2264531
vn -0.4460347 0.8775104 -0.1761492
vn -0.4276832 0.8958619 -0.1204932
vn -0.4164445 0.9071006 -0.0611760
vn -0.4126599 0.9108852 -0.0000000
vn -0.4164445 0.9071006 0.0611760
vn -0.4276832 0.8958619 0.1204932
vn -0.4460347 0.8775104 0.1761492
vn -0.4709412 0.8526039 0.2264531
vn -0.5016460 0.8218991 0.2698763
vn -0.5372162 0.7863289 0.3050994
vn -0.5765710 0.7469741 0.3310523
vn -0.6185146 0.7050305 0.3469463
vn -0.6617725 0.6617725 0.3522985
vn -0.7050305 0.6185146 0.3469463
vn -0.7469741 0.5765710 0.3310523
vn -0.7863289 0.5372162 0.3050994
vn -0.8218991 0.5016460 0.2698763
vn -0.8526039 0.4709412 0.2264531
vn -0.8775104 0.4460347 0.1761492
vn -0.8958619 0.4276832 0.1204932
vn -0.9071006 0.4164445 0.0611760
vn -0.9108852 0.4126599 0.0000000
vn -0.9071006 0.4164445 -0.0611760
vn -0.8958619 0.4276832 -0.1204932
vn -0.8775104 0.4460347 -0.1761492
vn -0.8526039 0.4709412 -0.2264531
vn -0.8218991 0.5016460 -0.2698763
vn -0.7863289 0.5372162 -0.3050994
vn -0.7469741 0.5765710 -0.3310523
vn -0.7050305 0.6185146 -0.3469463
vn -0.6617725 0.6617725 -0.3522985
vn -0.6185146 0.7050305 -0.3469463
vn -0.5765710 0.7469741 -0.3310523
vn -0.5372162 0.7863289 -0.3050994
vn -0.5016460 0.8218991 -0.2698763
vn 0.5416752 0.5416752 -0.6427876
vn 0.6123724 0.6123724 -0.5000000
vn 0.6644630 0.6644630 -0.3420201
vn 0.6963642 0.6963642 -0.1736482
vn 0.6963642 0.6963642 0.1736482
vn 0.6644630 0.6644630 0.3420201
vn 0.6123724 0.6123724 0.5000000
vn 0.5416752 0.5416752 0.6427876
vn 0.4545195 0.4545195 0.7660444
vn 0.3535534 0.3535534 0.8660254
vn 0.2418448 0.2418448 0.9396926
vn 0.1227878 0.1227878 0.9848078
vn -0.1227878 -0.1227878 0.9848078
vn -0.2418448 -0.2418448 0.9396926
vn -0.3535534 -0.3535534 0.8660254
vn -0.4545195 -0.4545195 0.7660444
vn -0.5416752 -0.5416752 0.6427876
vn -0.6123724 -0.6123724 0.5000000
vn -0.6644630 -0.6644630 0.3420201
vn -0.6963642 -0.6963642 0.1736482
vn -0.6963642 -0.6963642 -0.1736482
vn -0.6644630 -0.6644630 -0.3420201
vn -0.6123724 -0.6123724 -0.5000000
vn -0.5416752 -0.5416752 -0.6427876
vn -0.4545195 -0.4545195 -0.7660444
vn -0.3535534 -0.3535534 -0.8660254
vn -0.2418448 -0.2418448 -0.9396926
vn -0.1227878 -0.1227878 -0.9848078
vn 0.1227878 0.1227878 -0.9848078
vn 0.2418448 0.2418448 -0.9396926
vn 0.3535534 0.3535534 -0.8660254
vn 0.4545195 0.4545195 -0.7660444
vn 0.8526039 -0.4709412 -0.2264531
vn 0.8775104 -0.4460347 -0.1761492
vn 0.8958619 -0.4276832 -0.1204932
vn 0.9071006 -0.4164445 -0.0611760
vn 0.9108852 -0.4126599 -0.0000000
vn 0.9071006 -0.4164445 0.0611760
vn 0.8958619 -0.4276832 0.1204932
vn 0.8775104 -0.4460347 0.1761492
vn 0.8526039 -0.4709412 0.2264531
vn 0.8218991 -0.5016460 0.2698763
vn 0.7863289 -0.5372162 0.3050994
vn 0.7469741 -0.5765710 0.3310523
vn 0.7050305 -0.6185146 0.3469463
vn 0.6617725 -0.6617725 0.3522985
vn 0.6185146 -0.7050305 0.3469463
vn 0.5765710 -0.7469741 0.3310523
vn 0.5372162 -0.7863289 0.3050994
vn 0.5016460 -0.8218991 0.2698763
vn 0.4709412 -0.8526039 0.2264531
vn 0.4460347 -0.8775104 0.1761492
vn 0.4276832 -0.8958619 0.1204932
vn 0.4164445 -0.9071006 0.0611760
vn 0.4126599 -0.9108852 0.0000000
vn 0.4164445 -0.9071006 -0.0611760
vn 0.4276832 -0.8958619 -0.1204932
vn 0.4460347 -0.8775104 -0.1761492
vn 0.4709412 -0.8526039 -0.2264531
vn 0.5016460 -0.8218991 -0.2698763
vn 0.5372162 -0.7863289 -0.3050994
vn 0.5765710 -0.7469741 -0.3310523
vn 0.6185146 -0.7050305 -0.3469463
vn 0.6617725 -0.6617725 -0.3522985
vn 0.7050305 -0.6185146 -0.3469463
vn 0.7469741 -0.5765710 -0.3310523
vn 0.7863289 -0.5372162 -0.3050994
vn 0.8218991 -0.5016460 -0.2698763
vn -0.5294718 0.8320271 0.1655005
vn -0.5294718 0.7053586 0.4713055
vn -0.5294718 0.4713055 0.7053586
vn -0.5294718 0.1655005 0.8320271
vn -0.5294718 -0.1655005 0.8320271
vn -0.5294718 -0.4713055 0.7053586
vn -0.5294718 -0.7053586 0.4713055
vn -0.5294718 -0.8320271 0.1655005
vn -0.5294718 -0.8320271 -0.1655005
vn -0.5294718 -0.7053586 -0.4713055
vn -0.5294718 -0.4713055 -0.7053586
vn -0.5294718 -0.1655005 -0.8320271
vn -0.5294718 0.1655005 -0.8320271
vn -0.5294718 0.4713055 -0.7053586
vn -0.5294718 0.7053586 -0.4713055
vn -0.5294718 0.8320271 -0.1655005
vn 0.0000000 -0.1950903 0.9807853
vn 0.0000000 -0.5555702 0.8314696
vn 0.0000000 -0.8314696 0.5555702
vn 0.0000000 -0.9807853 0.1950903
vn 0.0000000 -0.9807853 -0.1950903
vn 0.0000000 -0.8314696 -0.5555702
vn 0.0000000 -0.5555702 -0.8314696
vn 0.0000000 -0.1950903 -0.9807853
vn 0.5294718 0.8320271 0.1655005
vn 0.5294718 0.7053586 0.4713055
vn 0.5294718 0.4713055 0.7053586
vn 0.5294718 0.1655005 0.8320271
vn 0.5294718 -0.1655005 0.8320271
vn 0.5294718 -0.4713055 0.7053586
vn 0.5294718 -0.7053586 0.4713055
vn 0.5294718 -0.8320271 0.1655005
vn 0.5294718 -0.8320271 -0.1655005
vn 0.5294718 -0.7053586 -0.4713055
vn 0.5294718 -0.4713055 -0.7053586
vn 0.5294718 -0.1655005 -0.8320271
vn 0.5294718 0.1655005 -0.8320271
vn 0.5294718 0.4713055 -0.7053586
vn 0.5294718 0.7053586 -0.4713055
vn 0.5294718 0.8320271 -0.1655005
vn -0.9978435 0.0643770 0.0128054
vn -0.9978435 0.0545762 0.0364666
vn -0.9978435 0.0364666 0.0545762
vn -0.9978435 0.0128054 0.0643770
vn -0.9978435 -0.0128054 0.0643770
vn -0.9978435 -0.0364666 0.0545762
vn -0.9978435 -0.0545762 0.0364666
vn -0.9978435 -0.0643770 0.0128054
vn -0.9978435 -0.0643770 -0.0128054
vn -0.9978435 -0.0545762 -0.0364666
vn -0.9978435 -0.0364666 -0.0545762
vn -0.9978435 -0.0128054 -0.0643770
vn -0.9978435 0.0128054 -0.0643770
vn -0.9978435 0.0364666 -0.0545762
vn -0.9978435 0.0545762 -0.0364666
vn -0.9978435 0.0643770 -0.0128054
vn -0.2381421 0.9525684 0.1894776
vn -0.2381421 0.8075485 0.5395867
vn -0.2381421 0.5395867 0.8075485
vn -0.2381421 0.1894776 0.9525684
vn -0.2381421 -0.1894776 0.9525684
vn -0.2381421 -0.5395867 0.8075485
vn -0.2381421 -0.8075485 0.5395867
vn -0.2381421 -0.9525684 0.1894776
vn -0.2381421 -0.9525684 -0.1894776
vn -0.2381421 -0.8075485 -0.5395867
vn -0.2381421 -0.5395867 -0.8075485
vn -0.2381421 -0.1894776 -0.9525684
vn -0.2381421 0.1894776 -0.9525684
vn -0.2381421 0.5395867 -0.8075485
vn -0.2381421 0.8075485 -0.5395867
vn -0.2381421 0.9525684 -0.1894776
vn 0.0000000 -0.3826834 0.9238795
vn 0.0000000 -0.9238795 0.3826834
vn 0.0000000 -0.9238795 -0.3826834
vn 0.0000000 -0.3826834 -0.9238795
vn -0.9852926 -0.0425225 0.1655005
vn -0.8755943 -0.1058568 0.4713055
vn -0.6728985 -0.2228833 0.7053586
vn -0.4080635 -0.3757858 0.8320271
vn -0.1214083 -0.5412863 0.8320271
vn 0.1434266 -0.6941888 0.7053586
vn 0.3461225 -0.8112153 0.4713055
vn 0.4558207 -0.8745496 0.1655005
vn 0.4558207 -0.8745496 -0.1655005
vn 0.3461225 -0.8112153 -0.4713055
vn 0.1434266 -0.6941888 -0.7053586
vn -0.1214083 -0.5412863 -0.8320271
vn -0.4080635 -0.3757858 -0.8320271
vn -0.6728985 -0.2228833 -0.7053586
vn -0.8755943 -0.1058568 -0.4713055
vn -0.9852926 -0.0425225 -0.1655005
vn -0.8493850 0.4903926 0.1950903
vn -0.7200738 0.4157348 0.5555702
vn -0.4811379 0.2777851 0.8314696
vn -0.1689532 0.0975452 0.9807853
vn 0.1689532 -0.0975452 0.9807853
vn 0.4811379 -0.2777851 0.8314696
vn 0.7200738 -0.4157348 0.5555702
vn 0.8493850 -0.4903926 0.1950903
vn 0.8493850 -0.4903926 -0.1950903
vn 0.7200738 -0.4157348 -0.5555702
vn 0.4811379 -0.2777851 -0.8314696
vn 0.1689532 -0.0975452 -0.9807853
vn -0.1689532 0.0975452 -0.9807853
vn -0.4811379 0.2777851 -0.8314696
vn -0.7200738 0.4157348 -0.5555702
vn -0.8493850 0.4903926 -0.1950903
vn -0.4558207 0.8745496 0.1655005
vn -0.3461225 0.8112153 0.4713055
vn -0.1434266 0.6941888 0.7053586
vn 0.1214083 0.5412863 0.8320271
vn 0.4080635 0.3757858 0.8320271
vn 0.6728985 0.2228833 0.7053586
vn 0.8755943 0.1058568 0.4713055
vn 0.9852926 0.0425225 0.1655005
vn 0.9852926 0.0425225 -0.1655005
vn 0.8755943 0.1058568 -0.4713055
vn 0.6728985 0.2228833 -0.7053586
vn 0.4080635 0.3757858 -0.8320271
vn 0.1214083 0.5412863 -0.8320271
vn -0.1434266 0.6941888 -0.7053586
vn -0.3461225 0.8112153 -0.4713055
vn -0.4558207 0.8745496 -0.1655005
vn -0.5546739 -0.8319693 0.0128054
vn -0.5461861 -0.8368697 0.0364666
vn -0.5305028 -0.8459245 0.0545762
vn -0.5100115 -0.8577551 0.0643770
vn -0.4878320 -0.8705605 0.0643770
vn -0.4673407 -0.8823911 0.0545762
vn -0.4516574 -0.8914459 0.0364666
vn -0.4431696 -0.8963463 0.0128054
vn -0.4431696 -0.8963463 -0.0128054
vn -0.4516574 -0.8914459 -0.0364666
vn -0.4673407 -0.8823911 -0.0545762
vn -0.4878320 -0.8705605 -0.0643770
vn -0.5100115 -0.8577551 -0.0643770
vn -0.5305028 -0.8459245 -0.0545762
vn -0.5461861 -0.8368697 -0.0364666
vn -0.5546739 -0.8319693 -0.0128054
vn -0.9440195 0.2700471 0.1894776
vn -0.8184286 0.1975371 0.5395867
vn -0.5863668 0.0635562 0.8075485
vn -0.2831635 -0.1114983 0.9525684
vn 0.0450214 -0.3009759 0.9525684
vn 0.3482247 -0.4760304 0.8075485
vn 0.5802865 -0.6100114 0.5395867
vn 0.7058774 -0.6825213 0.1894776
vn 0.7058774 -0.6825213 -0.1894776
vn 0.5802865 -0.6100114 -0.5395867
vn 0.3482247 -0.4760304 -0.8075485
vn 0.0450214 -0.3009759 -0.9525684
vn -0.2831635 -0.1114983 -0.9525684
vn -0.5863668 0.0635562 -0.8075485
vn -0.8184286 0.1975371 -0.5395867
vn -0.9440195 0.2700471 -0.1894776
vn -0.8001031 0.4619398 0.3826834
vn -0.3314136 0.1913417 0.9238795
vn 0.3314136 -0.1913417 0.9238795
vn 0.8001031 -0.4619398 0.3826834
vn 0.8001031 -0.4619398 -0.3826834
vn 0.3314136 -0.1913417 -0.9238795
vn -0.3314136 0.1913417 -0.9238795
vn -0.8001031 0.4619398 -0.3826834
vn -0.4558207 -0.8745496 0.1655005
vn -0.3461225 -0.8112153 0.4713055
vn -0.1434266 -0.6941888 0.7053586
vn 0.1214083 -0.5412863 0.8320271
vn 0.4080635 -0.3757858 0.8320271
vn 0.6728985 -0.2228833 0.7053586
vn 0.8755943 -0.1058568 0.4713055
vn 0.9852926 -0.0425225 0.1655005
vn 0.9852926 -0.0425225 -0.1655005
vn 0.8755943 -0.1058568 -0.4713055
vn 0.6728985 -0.2228833 -0.7053586
vn 0.4080635 -0.3757858 -0.8320271
vn 0.1214083 -0.5412863 -0.8320271
vn -0.1434266 -0.6941888 -0.7053586
vn -0.3461225 -0.8112153 -0.4713055
vn -0.4558207 -0.8745496 -0.1655005
vn -0.8493850 -0.4903926 0.1950903
vn -0.7200738 -0.4157348 0.5555702
vn -0.4811379 -0.2777851 0.8314696
vn -0.1689532 -0.0975452 0.9807853
vn 0.1689532 0.0975452 0.9807853
vn 0.4811379 0.2777851 0.8314696
vn 0.7200738 0.4157348 0.5555702
vn 0.8493850 0.4903926 0.1950903
vn 0.8493850 0.4903926 -0.1950903
vn 0.7200738 0.4157348 -0.5555702
vn 0.4811379 0.2777851 -0.8314696
vn 0.1689532 0.0975452 -0.9807853
vn -0.1689532 -0.0975452 -0.9807853
vn -0.4811379 -0.2777851 -0.8314696
vn -0.7200738 -0.4157348 -0.5555702
vn -0.8493850 -0.4903926 -0.1950903
vn -0.9852926 0.0425225 0.1655005
vn -0.8755943 0.1058568 0.4713055
vn -0.6728985 0.2228833 0.7053586
vn -0.4080635 0.3757858 0.8320271
vn -0.1214083 0.5412863 0.8320271
vn 0.1434266 0.6941888 0.7053586
vn 0.3461225 0.8112153 0.4713055
vn 0.4558207 0.8745496 0.1655005
vn 0.4558207 0.8745496 -0.1655005
vn 0.3461225 0.8112153 -0.4713055
vn 0.1434266 0.6941888 -0.7053586
vn -0.1214083 0.5412863 -0.8320271
vn -0.4080635 0.3757858 -0.8320271
vn -0.6728985 0.2228833 -0.7053586
vn -0.8755943 0.1058568 -0.4713055
vn -0.9852926 0.0425225 -0.1655005
vn 0.4431696 -0.8963463 0.0128054
vn 0.4516574 -0.8914459 0.0364666
vn 0.4673407 -0.8823911 0.0545762
vn 0.4878320 -0.8705605 0.0643770
vn 0.5100115 -0.8577551 0.0643770
vn 0.5305028 -0.8459245 0.0545762
vn 0.5461861 -0.8368697 0.0364666
vn 0.5546739 -0.8319693 0.0128054
vn 0.5546739 -0.8319693 -0.0128054
vn 0.5461861 -0.8368697 -0.0364666
vn 0.5305028 -0.8459245 -0.0545762
vn 0.5100115 -0.8577551 -0.0643770
vn 0.4878320 -0.8705605 -0.0643770
vn 0.4673407 -0.8823911 -0.0545762
vn 0.4516574 -0.8914459 -0.0364666
vn 0.4431696 -0.8963463 -0.0128054
vn -0.7058774 -0.6825213 0.1894776
vn -0.5802865 -0.6100114 0.5395867
vn -0.3482247 -0.4760304 0.8075485
vn -0.0450214 -0.3009759 0.9525684
vn 0.2831635 -0.1114983 0.9525684
vn 0.5863668 0.0635562 0.8075485
vn 0.8184286 0.1975371 0.5395867
vn 0.9440195 0.2700471 0.1894776
vn 0.9440195 0.2700471 -0.1894776
vn 0.8184286 0.1975371 -0.5395867
vn 0.5863668 0.0635562 -0.8075485
vn 0.2831635 -0.1114983 -0.9525684
vn -0.0450214 -0.3009759 -0.9525684
vn -0.3482247 -0.4760304 -0.8075485
vn -0.5802865 -0.6100114 -0.5395867
vn -0.7058774 -0.6825213 -0.1894776
vn -0.8001031 -0.4619398 0.3826834
vn -0.3314136 -0.1913417 0.9238795
vn 0.3314136 0.1913417 0.9238795
vn 0.8001031 0.4619398 0.3826834
vn 0.8001031 0.4619398 -0.3826834
vn 0.3314136 0.1913417 -0.9238795
vn -0.3314136 -0.1913417 -0.9238795
vn -0.8001031 -0.4619398 -0.3826834
vn 0.9978435 -0.0643770 0.0128054
vn 0.9978435 -0.0545762 0.0364666
vn 0.9978435 -0.0364666 0.0545762
vn 0.9978435 -0.0128054 0.0643770
vn 0.9978435 0.0128054 0.0643770
vn 0.9978435 0.0364666 0.0545762
vn 0.9978435 0.0545762 0.0364666
vn 0.9978435 0.0643770 0.0128054
vn 0.9978435 0.0643770 -0.0128054
vn 0.9978435 0.0545762 -0.0364666
vn 0.9978435 0.0364666 -0.0545762
vn 0.9978435 0.0128054 -0.0643770
vn 0.9978435 -0.0128054 -0.0643770
vn 0.9978435 -0.0364666 -0.0545762
vn 0.9978435 -0.0545762 -0.0364666
vn 0.9978435 -0.0643770 -0.0128054
vn 0.2381421 -0.9525684 0.1894776
vn 0.2381421 -0.8075485 0.5395867
vn 0.2381421 -0.5395867 0.8075485
vn 0.2381421 -0.1894776 0.9525684
vn 0.2381421 0.1894776 0.9525684
vn 0.2381421 0.5395867 0.8075485
vn 0.2381421 0.8075485 0.5395867
vn 0.2381421 0.9525684 0.1894776
vn 0.2381421 0.9525684 -0.1894776
vn 0.2381421 0.8075485 -0.5395867
vn 0.2381421 0.5395867 -0.8075485
vn 0.2381421 0.1894776 -0.9525684
vn 0.2381421 -0.1894776 -0.9525684
vn 0.2381421 -0.5395867 -0.8075485
vn 0.2381421 -0.8075485 -0.5395867
vn 0.2381421 -0.9525684 -0.1894776
vn 0.5546739 0.8319693 0.0128054
vn 0.5461861 0.8368697 0.0364666
vn 0.5305028 0.8459245 0.0545762
vn 0.5100115 0.8577551 0.0643770
vn 0.4878320 0.8705605 0.0643770
vn 0.4673407 0.8823911 0.0545762
vn 0.4516574 0.8914459 0.0364666
vn 0.4431696 0.8963463 0.0128054
vn 0.4431696 0.8963463 -0.0128054
vn 0.4516574 0.8914459 -0.0364666
vn 0.4673407 0.8823911 -0.0545762
vn 0.4878320 0.8705605 -0.0643770
vn 0.5100115 0.8577551 -0.0643770
vn 0.5305028 0.8459245 -0.0545762
vn 0.5461861 0.8368697 -0.0364666
vn 0.5546739 0.8319693 -0.0128054
vn 0.9440195 -0.2700471 0.1894776
vn 0.8184286 -0.1975371 0.5395867
vn 0.5863668 -0.0635562 0.8075485
vn 0.2831635 0.1114983 0.9525684
vn -0.0450214 0.3009759 0.9525684
vn -0.3482247 0.4760304 0.8075485
vn -0.5802865 0.6100114 0.5395867
vn -0.7058774 0.6825213 0.1894776
vn -0.7058774 0.6825213 -0.1894776
vn -0.5802865 0.6100114 -0.5395867
vn -0.3482247 0.4760304 -0.8075485
vn -0.0450214 0.3009759 -0.9525684
vn 0.2831635 0.1114983 -0.9525684
vn 0.5863668 -0.0635562 -0.8075485
vn 0.8184286 -0.1975371 -0.5395867
vn 0.9440195 -0.2700471 -0.1894776
vn -0.4431696 0.8963463 0.0128054
vn -0.4516574 0.8914459 0.0364666
vn -0.4673407 0.8823911 0.0545762
vn -0.4878320 0.8705605 0.0643770
vn -0.5100115 0.8577551 0.0643770
vn -0.5305028 0.8459245 0.0545762
vn -0.5461861 0.8368697 0.0364666
vn -0.5546739 0.8319693 0.0128054
vn -0.5546739 0.8319693 -0.0128054
vn -0.5461861 0.8368697 -0.0364666
vn -0.5305028 0.8459245 -0.0545762
vn -0.5100115 0.8577551 -0.0643770
vn -0.4878320 0.8705605 -0.0643770
vn -0.4673407 0.8823911 -0.0545762
vn -0.4516574 0.8914459 -0.0364666
vn -0.4431696 0.8963463 -0.0128054
vn 0.7058774 0.6825213 0.1894776
vn 0.5802865 0.6100114 0.5395867
vn 0.3482247 0.4760304 0.8075485
vn 0.0450214 0.3009759 0.9525684
vn -0.2831635 0.1114983 0.9525684
vn -0.5863668 -0.0635562 0.8075485
vn -0.8184286 -0.1975371 0.5395867
vn -0.9440195 -0.2700471 0.1894776
vn -0.9440195 -0.2700471 -0.1894776
vn -0.8184286 -0.1975371 -0.5395867
vn -0.5863668 -0.0635562 -0.8075485
vn -0.2831635 0.1114983 -0.9525684
vn 0.0450214 0.3009759 -0.9525684
vn 0.3482247 0.4760304 -0.8075485
vn 0.5802865 0.6100114 -0.5395867
vn 0.7058774 0.6825213 -0.1894776
vn 0.2500000 0.0669873 -0.9659258
vn 0.2588190 0.0000000 -0.9659258
vn 0.2241439 0.1294095 -0.9659258
vn 0.1830127 0.1830127 -0.9659258
vn 0.1294095 0.2241439 -0.9659258
vn 0.0669873 0.2500000 -0.9659258
vn 0.0000000 0.2588190 -0.9659258
vn -0.0669873 0.2500000 -0.9659258
vn -0.1294095 0.2241439 -0.9659258
vn -0.1830127 0.1830127 -0.9659258
vn -0.2241439 0.1294095 -0.9659258
vn -0.2500000 0.0669873 -0.9659258
vn -0.2588190 0.0000000 -0.9659258
vn -0.2500000 -0.0669873 -0.9659258
vn -0.2241439 -0.1294095 -0.9659258
vn -0.1830127 -0.1830127 -0.9659258
vn -0.1294095 -0.2241439 -0.9659258
vn -0.0669873 -0.2500000 -0.9659258
vn -0.0000000 -0.2588190 -0.9659258
vn 0.0669873 -0.2500000 -0.9659258
vn 0.1294095 -0.2241439 -0.9659258
vn 0.1830127 -0.1830127 -0.9659258
vn 0.2241439 -0.1294095 -0.9659258
vn 0.2500000 -0.0669873 -0.9659258
vn 0.4829629 0.1294095 -0.8660254
vn 0.5000000 0.0000000 -0.8660254
vn 0.4330127 0.2500000 -0.8660254
vn 0.2500000 0.4330127 -0.8660254
vn 0.1294095 0.4829629 -0.8660254
vn 0.0000000 0.5000000 -0.8660254
vn -0.1294095 0.4829629 -0.8660254
vn -0.2500000 0.4330127 -0.8660254
vn -0.3535534 0.3535534 -0.8660254
vn -0.4330127 0.2500000 -0.8660254
vn -0.4829629 0.1294095 -0.8660254
vn -0.5000000 0.0000000 -0.8660254
vn -0.4829629 -0.1294095 -0.8660254
vn -0.4330127 -0.2500000 -0.8660254
vn -0.2500000 -0.4330127 -0.8660254
vn -0.1294095 -0.4829629 -0.8660254
vn -0.0000000 -0.5000000 -0.8660254
vn 0.1294095 -0.4829629 -0.8660254
vn 0.2500000 -0.4330127 -0.8660254
vn 0.3535534 -0.3535534 -0.8660254
vn 0.4330127 -0.2500000 -0.8660254
vn 0.4829629 -0.1294095 -0.8660254
vn 0.5000000 -0.0000000 -0.8660254
vn 0.6830127 0.1830127 -0.7071068
vn 0.6123724 0.3535534 -0.7071068
vn 0.3535534 0.6123724 -0.7071068
vn 0.1830127 0.6830127 -0.7071068
vn -0.1830127 0.6830127 -0.7071068
vn -0.3535534 0.6123724 -0.7071068
vn -0.6123724 0.3535534 -0.7071068
vn -0.6830127 0.1830127 -0.7071068
vn -0.6830127 -0.1830127 -0.7071068
vn -0.6123724 -0.3535534 -0.7071068
vn -0.3535534 -0.6123724 -0.7071068
vn -0.1830127 -0.6830127 -0.7071068
vn 0.1830127 -0.6830127 -0.7071068
vn 0.3535534 -0.6123724 -0.7071068
vn 0.6123724 -0.3535534 -0.7071068
vn 0.6830127 -0.1830127 -0.7071068
vn 0.8365163 0.2241439 -0.5000000
vn 0.8660254 0.0000000 -0.5000000
vn 0.7500000 0.4330127 -0.5000000
vn 0.4330127 0.7500000 -0.5000000
vn 0.2241439 0.8365163 -0.5000000
vn 0.0000000 0.8660254 -0.5000000
vn -0.2241439 0.8365163 -0.5000000
vn -0.4330127 0.7500000 -0.5000000
vn -0.6123724 0.6123724 -0.5000000
vn -0.7500000 0.4330127 -0.5000000
vn -0.8365163 0.2241439 -0.5000000
vn -0.8660254 0.0000000 -0.5000000
vn -0.8365163 -0.2241439 -0.5000000
vn -0.7500000 -0.4330127 -0.5000000
vn -0.4330127 -0.7500000 -0.5000000
vn -0.2241439 -0.8365163 -0.5000000
vn -0.0000000 -0.8660254 -0.5000000
vn 0.2241439 -0.8365163 -0.5000000
vn 0.4330127 -0.7500000 -0.5000000
vn 0.6123724 -0.6123724 -0.5000000
vn 0.7500000 -0.4330127 -0.5000000
vn 0.8365163 -0.2241439 -0.5000000
vn 0.8660254 -0.0000000 -0.5000000
vn 0.9330127 0.2500000 -0.2588190
vn 0.9659258 0.0000000 -0.2588190
vn 0.8365163 0.4829629 -0.2588190
vn 0.6830127 0.6830127 -0.2588190
vn 0.4829629 0.8365163 -0.2588190
vn 0.2500000 0.9330127 -0.2588190
vn 0.0000000 0.9659258 -0.2588190
vn -0.2500000 0.9330127 -0.2588190
vn -0.4829629 0.8365163 -0.2588190
vn -0.6830127 0.6830127 -0.2588190
vn -0.8365163 0.4829629 -0.2588190
vn -0.9330127 0.2500000 -0.2588190
vn -0.9659258 0.0000000 -0.2588190
vn -0.9330127 -0.2500000 -0.2588190
vn -0.8365163 -0.4829629 -0.2588190
vn -0.6830127 -0.6830127 -0.2588190
vn -0.4829629 -0.8365163 -0.2588190
vn -0.2500000 -0.9330127 -0.2588190
vn -0.0000000 -0.9659258 -0.2588190
vn 0.2500000 -0.9330127 -0.2588190
vn 0.4829629 -0.8365163 -0.2588190
vn 0.6830127 -0.6830127 -0.2588190
vn 0.8365163 -0.4829629 -0.2588190
vn 0.9330127 -0.2500000 -0.2588190
vn 0.9659258 0.2588190 -0.0000000
vn 0.8660254 0.5000000 -0.0000000
vn 0.5000000 0.8660254 -0.0000000
vn 0.2588190 0.9659258 -0.0000000
vn -0.2588190 0.9659258 -0.0000000
vn -0.5000000 0.8660254 -0.0000000
vn -0.8660254 0.5000000 -0.0000000
vn -0.9659258 0.2588190 -0.0000000
vn -0.9659258 -0.2588190 -0.0000000
vn -0.8660254 -0.5000000 -0.0000000
vn -0.5000000 -0.8660254 -0.0000000
vn -0.2588190 -0.9659258 -0.0000000
vn 0.2588190 -0.9659258 -0.0000000
vn 0.5000000 -0.8660254 -0.0000000
vn 0.8660254 -0.5000000 -0.0000000
vn 0.9659258 -0.2588190 -0.0000000
vn 0.9330127 0.2500000 0.2588190
vn 0.8365163 0.4829629 0.2588190
vn 0.6830127 0.6830127 0.2588190
vn 0.4829629 0.8365163 0.2588190
vn 0.2500000 0.9330127 0.2588190
vn 0.0000000 0.9659258 0.2588190
vn -0.2500000 0.9330127 0.2588190
vn -0.4829629 0.8365163 0.2588190
vn -0.6830127 0.6830127 0.2588190
vn -0.8365163 0.4829629 0.2588190
vn -0.9330127 0.2500000 0.2588190
vn -0.9330127 -0.2500000 0.2588190
vn -0.8365163 -0.4829629 0.2588190
vn -0.6830127 -0.6830127 0.2588190
vn -0.4829629 -0.8365163 0.2588190
vn -0.2500000 -0.9330127 0.2588190
vn -0.0000000 -0.9659258 0.2588190
vn 0.2500000 -0.9330127 0.2588190
vn 0.4829629 -0.8365163 0.2588190
vn 0.6830127 -0.6830127 0.2588190
vn 0.8365163 -0.4829629 0.2588190
vn 0.9330127 -0.2500000 0.2588190
vn 0.9659258 -0.0000000 0.2588190
vn 0.8365163 0.2241439 0.5000000
vn 0.8660254 0.0000000 0.5000000
vn 0.7500000 0.4330127 0.5000000
vn 0.4330127 0.7500000 0.5000000
vn 0.2241439 0.8365163 0.5000000
vn 0.0000000 0.8660254 0.5000000
vn -0.2241439 0.8365163 0.5000000
vn -0.4330127 0.7500000 0.5000000
vn -0.6123724 0.6123724 0.5000000
vn -0.7500000 0.4330127 0.5000000
vn -0.8365163 0.2241439 0.5000000
vn -0.8660254 0.0000000 0.5000000
vn -0.8365163 -0.2241439 0.5000000
vn -0.7500000 -0.4330127 0.5000000
vn -0.4330127 -0.7500000 0.5000000
vn -0.2241439 -0.8365163 0.5000000
vn -0.0000000 -0.8660254 0.5000000
vn 0.2241439 -0.8365163 0.5000000
vn 0.4330127 -0.7500000 0.5000000
vn 0.6123724 -0.6123724 0.5000000
vn 0.7500000 -0.4330127 0.5000000
vn 0.8365163 -0.2241439 0.5000000
vn 0.8660254 -0.0000000 0.5000000
vn 0.6830127 0.1830127 0.7071068
vn 0.6123724 0.3535534 0.7071068
vn 0.3535534 0.6123724 0.7071068
vn 0.1830127 0.6830127 0.7071068
vn -0.1830127 0.6830127 0.7071068
vn -0.3535534 0.6123724 0.7071068
vn -0.6123724 0.3535534 0.7071068
vn -0.6830127 0.1830127 0.7071068
vn -0.6830127 -0.1830127 0.7071068
vn -0.6123724 -0.3535534 0.7071068
vn -0.3535534 -0.6123724 0.7071068
vn -0.1830127 -0.6830127 0.7071068
vn 0.1830127 -0.6830127 0.7071068
vn 0.3535534 -0.6123724 0.7071068
vn 0.6123724 -0.3535534 0.7071068
vn 0.6830127 -0.1830127 0.7071068
vn 0.4829629 0.1294095 0.8660254
vn 0.5000000 0.0000000 0.8660254
vn 0.4330127 0.2500000 0.8660254
vn 0.2500000 0.4330127 0.8660254
vn 0.1294095 0.4829629 0.8660254
vn 0.0000000 0.5000000 0.8660254
vn -0.1294095 0.4829629 0.8660254
vn -0.2500000 0.4330127 0.8660254
vn -0.3535534 0.3535534 0.8660254
vn -0.4330127 0.2500000 0.8660254
vn -0.4829629 0.1294095 0.8660254
vn -0.5000000 0.0000000 0.8660254
vn -0.4829629 -0.1294095 0.8660254
vn -0.4330127 -0.2500000 0.8660254
vn -0.2500000 -0.4330127 0.8660254
vn -0.1294095 -0.4829629 0.8660254
vn -0.0000000 -0.5000000 0.8660254
vn 0.1294095 -0.4829629 0.8660254
vn 0.2500000 -0.4330127 0.8660254
vn 0.3535534 -0.3535534 0.8660254
vn 0.4330127 -0.2500000 0.8660254
vn 0.4829629 -0.1294095 0.8660254
vn 0.5000000 -0.0000000 0.8660254
vn 0.2500000 0.0669873 0.9659258
vn 0.2241439 0.1294095 0.9659258
vn 0.1830127 0.1830127 0.9659258
vn 0.1294095 0.2241439 0.9659258
vn 0.0669873 0.2500000 0.9659258
vn 0.0000000 0.2588190 0.9659258
vn -0.0669873 0.2500000 0.9659258
vn -0.1294095 0.2241439 0.9659258
vn -0.1830127 0.1830127 0.9659258
vn -0.2241439 0.1294095 0.9659258
vn -0.2500000 0.0669873 0.9659258
vn -0.2500000 -0.0669873 0.9659258
vn -0.2241439 -0.1294095 0.9659258
vn -0.1830127 -0.1830127 0.9659258
vn -0.1294095 -0.2241439 0.9659258
vn -0.0669873 -0.2500000 0.9659258
vn -0.0000000 -0.2588190 0.9659258
vn 0.0669873 -0.2500000 0.9659258
vn 0.1294095 -0.2241439 0.9659258
vn 0.1830127 -0.1830127 0.9659258
vn 0.2241439 -0.1294095 0.9659258
vn 0.2500000 -0.0669873 0.9659258
vn 0.2588190 -0.0000000 0.9659258
vn 0.5905971 -0.0777536 0.8032120
vn 0.5503488 -0.2279620 0.8032120
vn 0.4725953 -0.3626351 0.8032120
vn 0.3626351 -0.4725953 0.8032120
vn 0.2279620 -0.5503488 0.8032120
vn 0.0777536 -0.5905971 0.8032120
vn -0.0777536 -0.5905971 0.8032120
vn -0.2279620 -0.5503488 0.8032120
vn -0.3626351 -0.4725953 0.8032120
vn -0.4725953 -0.3626351 0.8032120
vn -0.5503488 -0.2279620 0.8032120
vn -0.5905971 -0.0777536 0.8032120
vn -0.5905971 0.0777536 0.8032120
vn -0.5503488 0.2279620 0.8032120
vn -0.4725953 0.3626351 0.8032120
vn -0.3626351 0.4725953 0.8032120
vn -0.2279620 0.5503488 0.8032120
vn -0.0777536 0.5905971 0.8032120
vn 0.0777536 0.5905971 0.8032120
vn 0.2279620 0.5503488 0.8032120
vn 0.3626351 0.4725953 0.8032120
vn 0.4725953 0.3626351 0.8032120
vn 0.5503488 0.2279620 0.8032120
vn 0.5905971 0.0777536 0.8032120
vn 0.9914449 -0.1305262 0.0000000
vn 0.9238795 -0.3826834 0.0000000
vn 0.7933533 -0.6087614 0.0000000
vn 0.6087614 -0.7933533 0.0000000
vn 0.3826834 -0.9238795 0.0000000
vn 0.1305262 -0.9914449 0.0000000
vn -0.1305262 -0.9914449 0.0000000
vn -0.3826834 -0.9238795 0.0000000
vn -0.6087614 -0.7933533 0.0000000
vn -0.7933533 -0.6087614 0.0000000
vn -0.9238795 -0.3826834 0.0000000
vn -0.9914449 -0.1305262 0.0000000
vn -0.9914449 0.1305262 0.0000000
vn -0.9238795 0.3826834 0.0000000
vn -0.7933533 0.6087614 0.0000000
vn -0.6087614 0.7933533 0.0000000
vn -0.3826834 0.9238795 0.0000000
vn -0.1305262 0.9914449 0.0000000
vn 0.1305262 0.9914449 0.0000000
vn 0.3826834 0.9238795 0.0000000
vn 0.6087614 0.7933533 0.0000000
vn 0.7933533 0.6087614 0.0000000
vn 0.9238795 0.3826834 0.0000000
vn 0.9914449 0.1305262 0.0000000
vn 0.3242655 -0.0426904 -0.9450023
vn 0.3021673 -0.1251618 -0.9450023
vn 0.2594770 -0.1991037 -0.9450023
vn 0.1991037 -0.2594770 -0.9450023
vn 0.1251618 -0.3021673 -0.9450023
vn 0.0426904 -0.3242655 -0.9450023
vn -0.0426904 -0.3242655 -0.9450023
vn -0.1251618 -0.3021673 -0.9450023
vn -0.1991037 -0.2594770 -0.9450023
vn -0.2594770 -0.1991037 -0.9450023
vn -0.3021673 -0.1251618 -0.9450023
vn -0.3242655 -0.0426904 -0.9450023
vn -0.3242655 0.0426904 -0.9450023
vn -0.3021673 0.1251618 -0.9450023
vn -0.2594770 0.1991037 -0.9450023
vn -0.1991037 0.2594770 -0.9450023
vn -0.1251618 0.3021673 -0.9450023
vn -0.0426904 0.3242655 -0.9450023
vn 0.0426904 0.3242655 -0.9450023
vn 0.1251618 0.3021673 -0.9450023
vn 0.1991037 0.2594770 -0.9450023
vn 0.2594770 0.1991037 -0.9450023
vn 0.3021673 0.1251618 -0.9450023
vn 0.3242655 0.0426904 -0.9450023
vn 0.1612238 -0.0212255 0.9866896
vn 0.1502367 -0.0622301 0.9866896
vn 0.1290111 -0.0989937 0.9866896
vn 0.0989937 -0.1290111 0.9866896
vn 0.0622301 -0.1502367 0.9866896
vn 0.0212255 -0.1612238 0.9866896
vn -0.0212255 -0.1612238 0.9866896
vn -0.0622301 -0.1502367 0.9866896
vn -0.0989937 -0.1290111 0.9866896
vn -0.1290111 -0.0989937 0.9866896
vn -0.1502367 -0.0622301 0.9866896
vn -0.1612238 -0.0212255 0.9866896
vn -0.1612238 0.0212255 0.9866896
vn -0.1502367 0.0622301 0.9866896
vn -0.1290111 0.0989937 0.9866896
vn -0.0989937 0.1290111 0.9866896
vn -0.0622301 0.1502367 0.9866896
vn -0.0212255 0.1612238 0.9866896
vn 0.0212255 0.1612238 0.9866896
vn 0.0622301 0.1502367 0.9866896
vn 0.0989937 0.1290111 0.9866896
vn 0.1290111 0.0989937 0.9866896
vn 0.1502367 0.0622301 0.9866896
vn 0.1612238 0.0212255 0.9866896
vn 0.1082808 -0.0142554 -0.9940181
vn 0.1009017 -0.0417948 -0.9940181
vn 0.0866462 -0.0664860 -0.9940181
vn 0.0664860 -0.0866462 -0.9940181
vn 0.0417948 -0.1009017 -0.9940181
vn 0.0142554 -0.1082808 -0.9940181
vn -0.0142554 -0.1082808 -0.9940181
vn -0.0417948 -0.1009017 -0.9940181
vn -0.0664860 -0.0866462 -0.9940181
vn -0.0866462 -0.0664860 -0.9940181
vn -0.1009017 -0.0417948 -0.9940181
vn -0.1082808 -0.0142554 -0.9940181
vn -0.1082808 0.0142554 -0.9940181
vn -0.1009017 0.0417948 -0.9940181
vn -0.0866462 0.0664860 -0.9940181
vn -0.0664860 0.0866462 -0.9940181
vn -0.0417948 0.1009017 -0.9940181
vn -0.0142554 0.1082808 -0.9940181
vn 0.0142554 0.1082808 -0.9940181
vn 0.0417948 0.1009017 -0.9940181
vn 0.0664860 0.0866462 -0.9940181
vn 0.0866462 0.0664860 -0.9940181
vn 0.1009017 0.0417948 -0.9940181
vn 0.1082808 0.0142554 -0.9940181
vn 0.5905971 0.0777536 -0.8032120
vn 0.5503488 0.2279620 -0.8032120
vn 0.4725953 0.3626351 -0.8032120
vn 0.3626351 0.4725953 -0.8032120
vn 0.2279620 0.5503488 -0.8032120
vn 0.0777536 0.5905971 -0.8032120
vn -0.0777536 0.5905971 -0.8032120
vn -0.2279620 0.5503488 -0.8032120
vn -0.3626351 0.4725953 -0.8032120
vn -0.4725953 0.3626351 -0.8032120
vn -0.5503488 0.2279620 -0.8032120
vn -0.5905971 0.0777536 -0.8032120
vn -0.5905971 -0.0777536 -0.8032120
vn -0.5503488 -0.2279620 -0.8032120
vn -0.4725953 -0.3626351 -0.8032120
vn -0.3626351 -0.4725953 -0.8032120
vn -0.2279620 -0.5503488 -0.8032120
vn -0.0777536 -0.5905971 -0.8032120
vn 0.0777536 -0.5905971 -0.8032120
vn 0.2279620 -0.5503488 -0.8032120
vn 0.3626351 -0.4725953 -0.8032120
vn 0.4725953 -0.3626351 -0.8032120
vn 0.5503488 -0.2279620 -0.8032120
vn 0.5905971 -0.0777536 -0.8032120
vn 0.3242655 0.0426904 0.9450023
vn 0.3021673 0.1251618 0.9450023
vn 0.2594770 0.1991037 0.9450023
vn 0.1991037 0.2594770 0.9450023
vn 0.1251618 0.3021673 0.9450023
vn 0.0426904 0.3242655 0.9450023
vn -0.0426904 0.3242655 0.9450023
vn -0.1251618 0.3021673 0.9450023
vn -0.1991037 0.2594770 0.9450023
vn -0.2594770 0.1991037 0.9450023
vn -0.3021673 0.1251618 0.9450023
vn -0.3242655 0.0426904 0.9450023
vn -0.3242655 -0.0426904 0.9450023
vn -0.3021673 -0.1251618 0.9450023
vn -0.2594770 -0.1991037 0.9450023
vn -0.1991037 -0.2594770 0.9450023
vn -0.1251618 -0.3021673 0.9450023
vn -0.0426904 -0.3242655 0.9450023
vn 0.0426904 -0.3242655 0.9450023
vn 0.1251618 -0.3021673 0.9450023
vn 0.1991037 -0.2594770 0.9450023
vn 0.2594770 -0.1991037 0.9450023
vn 0.3021673 -0.1251618 0.9450023
vn 0.3242655 -0.0426904 0.9450023
vn 0.1612238 0.0212255 -0.9866896
vn 0.1502367 0.0622301 -0.9866896
vn 0.1290111 0.0989937 -0.9866896
vn 0.0989937 0.1290111 -0.9866896
vn 0.0622301 0.1502367 -0.9866896
vn 0.0212255 0.1612238 -0.9866896
vn -0.0212255 0.1612238 -0.9866896
vn -0.0622301 0.1502367 -0.9866896
vn -0.0989937 0.1290111 -0.9866896
vn -0.1290111 0.0989937 -0.9866896
vn -0.1502367 0.0622301 -0.9866896
vn -0.1612238 0.0212255 -0.9866896
vn -0.1612238 -0.0212255 -0.9866896
vn -0.1502367 -0.0622301 -0.9866896
vn -0.1290111 -0.0989937 -0.9866896
vn -0.0989937 -0.1290111 -0.9866896
vn -0.0622301 -0.1502367 -0.9866896
vn -0.0212255 -0.1612238 -0.9866896
vn 0.0212255 -0.1612238 -0.9866896
vn 0.0622301 -0.1502367 -0.9866896
vn 0.0989937 -0.1290111 -0.9866896
vn 0.1290111 -0.0989937 -0.9866896
vn 0.1502367 -0.0622301 -0.9866896
vn 0.1612238 -0.0212255 -0.9866896
vn 0.1082808 0.0142554 0.9940181
vn 0.1009017 0.0417948 0.9940181
vn 0.0866462 0.0664860 0.9940181
vn 0.0664860 0.0866462 0.9940181
vn 0.0417948 0.1009017 0.9940181
vn 0.0142554 0.1082808 0.9940181
vn -0.0142554 0.1082808 0.9940181
vn -0.0417948 0.1009017 0.9940181
vn -0.0664860 0.0866462 0.9940181
vn -0.0866462 0.0664860 0.9940181
vn -0.1009017 0.0417948 0.9940181
vn -0.1082808 0.0142554 0.9940181
vn -0.1082808 -0.0142554 0.9940181
vn -0.1009017 -0.0417948 0.9940181
vn -0.0866462 -0.0664860 0.9940181
vn -0.0664860 -0.0866462 0.9940181
vn -0.0417948 -0.1009017 0.9940181
vn -0.0142554 -0.1082808 0.9940181
vn 0.0142554 -0.1082808 0.9940181
vn 0.0417948 -0.1009017 0.9940181
vn 0.0664860 -0.0866462 0.9940181
vn 0.0866462 -0.0664860 0.9940181
vn 0.1009017 -0.0417948 0.9940181
vn 0.1082808 -0.0142554 0.9940181
vn 0.3936856 0.9185997 0.0344430
vn 0.3817236 0.9185997 0.1022825
vn 0.3581632 0.9185997 0.1670143
vn 0.3237202 0.9185997 0.2266713
vn 0.2794411 0.9185997 0.2794411
vn 0.2266713 0.9185997 0.3237202
vn 0.1670143 0.9185997 0.3581632
vn 0.1022825 0.9185997 0.3817236
vn 0.0344430 0.9185997 0.3936856
vn -0.0344430 0.9185997 0.3936856
vn -0.1022825 0.9185997 0.3817236
vn -0.1670143 0.9185997 0.3581632
vn -0.2266713 0.9185997 0.3237202
vn -0.2794411 0.9185997 0.2794411
vn -0.3237202 0.9185997 0.2266713
vn -0.3581632 0.9185997 0.1670143
vn -0.3817236 0.9185997 0.1022825
vn -0.3936856 0.9185997 0.0344430
vn -0.3936856 0.9185997 -0.0344430
vn -0.3817236 0.9185997 -0.1022825
vn -0.3581632 0.9185997 -0.1670143
vn -0.3237202 0.9185997 -0.2266713
vn -0.2794411 0.9185997 -0.2794411
vn -0.2266713 0.9185997 -0.3237202
vn -0.1670143 0.9185997 -0.3581632
vn -0.1022825 0.9185997 -0.3817236
vn -0.0344430 0.9185997 -0.3936856
vn 0.0344430 0.9185997 -0.3936856
vn 0.1022825 0.9185997 -0.3817236
vn 0.1670143 0.9185997 -0.3581632
vn 0.2266713 0.9185997 -0.3237202
vn 0.2794411 0.9185997 -0.2794411
vn 0.3237202 0.9185997 -0.2266713
vn 0.3581632 0.9185997 -0.1670143
vn 0.3817236 0.9185997 -0.1022825
vn 0.3936856 0.9185997 -0.0344430
vn 0.3936856 -0.9185997 0.0344430
vn 0.3817236 -0.9185997 0.1022825
vn 0.3581632 -0.9185997 0.1670143
vn 0.3237202 -0.9185997 0.2266713
vn 0.2794411 -0.9185997 0.2794411
vn 0.2266713 -0.9185997 0.3237202
vn 0.1670143 -0.9185997 0.3581632
vn 0.1022825 -0.9185997 0.3817236
vn 0.0344430 -0.9185997 0.3936856
vn -0.0344430 -0.9185997 0.3936856
vn -0.1022825 -0.9185997 0.3817236
vn -0.1670143 -0.9185997 0.3581632
vn -0.2266713 -0.9185997 0.3237202
vn -0.2794411 -0.9185997 0.2794411
vn -0.3237202 -0.9185997 0.2266713
vn -0.3581632 -0.9185997 0.1670143
vn -0.3817236 -0.9185997 0.1022825
vn -0.3936856 -0.9185997 0.0344430
vn -0.3936856 -0.9185997 -0.0344430
vn -0.3817236 -0.9185997 -0.1022825
vn -0.3581632 -0.9185997 -0.1670143
vn -0.3237202 -0.9185997 -0.2266713
vn -0.2794411 -0.9185997 -0.2794411
vn -0.2266713 -0.9185997 -0.3237202
vn -0.1670143 -0.9185997 -0.3581632
vn -0.1022825 -0.9185997 -0.3817236
vn -0.0344430 -0.9185997 -0.3936856
vn 0.0344430 -0.9185997 -0.3936856
vn 0.1022825 -0.9185997 -0.3817236
vn 0.1670143 -0.9185997 -0.3581632
vn 0.2266713 -0.9185997 -0.3237202
vn 0.2794411 -0.9185997 -0.2794411
vn 0.3237202 -0.9185997 -0.2266713
vn 0.3581632 -0.9185997 -0.1670143
vn 0.3817236 -0.9185997 -0.1022825
vn 0.3936856 -0.9185997 -0.0344430
vn 0.3936856 0.0344430 -0.9185997
vn 0.3817236 0.1022825 -0.9185997
vn 0.3581632 0.1670143 -0.9185997
vn 0.3237202 0.2266713 -0.9185997
vn 0.2794411 0.2794411 -0.9185997
vn 0.2266713 0.3237202 -0.9185997
vn 0.1670143 0.3581632 -0.9185997
vn 0.1022825 0.3817236 -0.9185997
vn 0.0344430 0.3936856 -0.9185997
vn -0.0344430 0.3936856 -0.9185997
vn -0.1022825 0.3817236 -0.9185997
vn -0.1670143 0.3581632 -0.9185997
vn -0.2266713 0.3237202 -0.9185997
vn -0.2794411 0.2794411 -0.9185997
vn -0.3237202 0.2266713 -0.9185997
vn -0.3581632 0.1670143 -0.9185997
vn -0.3817236 0.1022825 -0.9185997
vn -0.3936856 0.0344430 -0.9185997
vn -0.3936856 -0.0344430 -0.9185997
vn -0.3817236 -0.1022825 -0.9185997
vn -0.3581632 -0.1670143 -0.9185997
vn -0.3237202 -0.2266713 -0.9185997
vn -0.2794411 -0.2794411 -0.9185997
vn -0.2266713 -0.3237202 -0.9185997
vn -0.1670143 -0.3581632 -0.9185997
vn -0.1022825 -0.3817236 -0.9185997
vn -0.0344430 -0.3936856 -0.9185997
vn 0.0344430 -0.3936856 -0.9185997
vn 0.1022825 -0.3817236 -0.9185997
vn 0.1670143 -0.3581632 -0.9185997
vn 0.2266713 -0.3237202 -0.9185997
vn 0.2794411 -0.2794411 -0.9185997
vn 0.3237202 -0.2266713 -0.9185997
vn 0.3581632 -0.1670143 -0.9185997
vn 0.3817236 -0.1022825 -0.9185997
vn 0.3936856 -0.0344430 -0.9185997
vn 0.3936856 0.0344430 0.9185997
vn 0.3817236 0.1022825 0.9185997
vn 0.3581632 0.1670143 0.9185997
vn 0.3237202 0.2266713 0.9185997
vn 0.2794411 0.2794411 0.9185997
vn 0.2266713 0.3237202 0.9185997
vn 0.1670143 0.3581632 0.9185997
vn 0.1022825 0.3817236 0.9185997
vn 0.0344430 0.3936856 0.9185997
vn -0.0344430 0.3936856 0.9185997
vn -0.1022825 0.3817236 0.9185997
vn -0.1670143 0.3581632 0.9185997
vn -0.2266713 0.3237202 0.9185997
vn -0.2794411 0.2794411 0.9185997
vn -0.3237202 0.2266713 0.9185997
vn -0.3581632 0.1670143 0.9185997
vn -0.3817236 0.1022825 0.9185997
vn -0.3936856 0.0344430 0.9185997
vn -0.3936856 -0.0344430 0.9185997
vn -0.3817236 -0.1022825 0.9185997
vn -0.3581632 -0.1670143 0.9185997
vn -0.3237202 -0.2266713 0.9185997
vn -0.2794411 -0.2794411 0.9185997
vn -0.2266713 -0.3237202 0.9185997
vn -0.1670143 -0.3581632 0.9185997
vn -0.1022825 -0.3817236 0.9185997
vn -0.0344430 -0.3936856 0.9185997
vn 0.0344430 -0.3936856 0.9185997
vn 0.1022825 -0.3817236 0.9185997
vn 0.1670143 -0.3581632 0.9185997
vn 0.2266713 -0.3237202 0.9185997
vn 0.2794411 -0.2794411 0.9185997
vn 0.3237202 -0.2266713 0.9185997
vn 0.3581632 -0.1670143 0.9185997
vn 0.3817236 -0.1022825 0.9185997
vn 0.3936856 -0.0344430 0.9185997
vn 0.2816902 -0.0893465 -0.9553365
vn 0.5492082 -0.1833296 -0.8153285
vn 0.5210935 -0.2523905 -0.8153285
vn 0.2686177 -0.1231937 -0.9553365
vn 0.2905163 -0.0541524 -0.9553365
vn 0.5682145 -0.1112282 -0.8153285
vn 0.2949628 -0.0181420 -0.9553365
vn 0.5777971 -0.0372822 -0.8153285
vn 0.2949628 0.0181420 -0.9553365
vn 0.5777971 0.0372822 -0.8153285
vn 0.2905163 0.0541524 -0.9553365
vn 0.5682145 0.1112282 -0.8153285
vn 0.2816902 0.0893465 -0.9553365
vn 0.5492082 0.1833296 -0.8153285
vn 0.2686177 0.1231937 -0.9553365
vn 0.5210935 0.2523905 -0.8153285
vn 0.7598923 -0.2644681 -0.5938184
vn 0.7177587 -0.3635960 -0.5938184
vn 0.7884079 -0.1606008 -0.5938184
vn 0.8027947 -0.0538553 -0.5938184
vn 0.8027947 0.0538553 -0.5938184
vn 0.7884079 0.1606008 -0.5938184
vn 0.7598923 0.2644681 -0.5938184
vn 0.7177587 0.3635960 -0.5938184
vn 0.8943058 -0.3198126 -0.3129489
vn 0.8420841 -0.4392691 -0.3129489
vn 0.9296767 -0.1943302 -0.3129489
vn 0.9475303 -0.0651862 -0.3129489
vn 0.9475303 0.0651862 -0.3129489
vn 0.9296767 0.1943302 -0.3129489
vn 0.8943058 0.3198126 -0.3129489
vn 0.8420841 0.4392691 -0.3129489
vn 0.9405911 -0.3395406 -0.0007963
vn 0.8846747 -0.4662082 -0.0007963
vn 0.9784751 -0.2063636 -0.0007963
vn 0.9976004 -0.0692303 -0.0007963
vn 0.9976004 0.0692303 -0.0007963
vn 0.9784751 0.2063636 -0.0007963
vn 0.9405911 0.3395406 -0.0007963
vn 0.8846747 0.4662082 -0.0007963
vn 0.8947740 -0.3199801 0.3114359
vn 0.8425250 -0.4394990 0.3114359
vn 0.9301634 -0.1944319 0.3114359
vn 0.9480264 -0.0652203 0.3114359
vn 0.9480264 0.0652203 0.3114359
vn 0.9301634 0.1944319 0.3114359
vn 0.8947740 0.3199801 0.3114359
vn 0.8425250 0.4394990 0.3114359
vn 0.7607845 -0.2647787 0.5925362
vn 0.7186015 -0.3640229 0.5925362
vn 0.7893336 -0.1607893 0.5925362
vn 0.8037373 -0.0539185 0.5925362
vn 0.8037373 0.0539185 0.5925362
vn 0.7893336 0.1607893 0.5925362
vn 0.7607845 0.2647787 0.5925362
vn 0.7186015 0.3640229 0.5925362
vn 0.5504393 -0.1837405 0.8144053
vn 0.5222616 -0.2529562 0.8144053
vn 0.5694881 -0.1114775 0.8144053
vn 0.5790922 -0.0373657 0.8144053
vn 0.5790922 0.0373657 0.8144053
vn 0.5694881 0.1114775 0.8144053
vn 0.5504393 0.1837405 0.8144053
vn 0.5222616 0.2529562 0.8144053
vn 0.2831402 -0.0898064 0.9548646
vn 0.2700004 -0.1238279 0.9548646
vn 0.2920117 -0.0544312 0.9548646
vn 0.2964811 -0.0182354 0.9548646
vn 0.2964811 0.0182354 0.9548646
vn 0.2920117 0.0544312 0.9548646
vn 0.2831402 0.0898064 0.9548646
vn 0.2700004 0.1238279 0.9548646
vn -0.2686177 0.1231937 0.9553365
vn -0.5210935 0.2523905 0.8153285
vn -0.5492082 0.1833296 0.8153285
vn -0.2816902 0.0893465 0.9553365
vn -0.5682145 0.1112282 0.8153285
vn -0.2905163 0.0541524 0.9553365
vn -0.5777971 0.0372822 0.8153285
vn -0.2949628 0.0181420 0.9553365
vn -0.5777971 -0.0372822 0.8153285
vn -0.2949628 -0.0181420 0.9553365
vn -0.5682145 -0.1112282 0.8153285
vn -0.2905163 -0.0541524 0.9553365
vn -0.5492082 -0.1833296 0.8153285
vn -0.2816902 -0.0893465 0.9553365
vn -0.5210935 -0.2523905 0.8153285
vn -0.2686177 -0.1231937 0.9553365
vn -0.7177587 0.3635960 0.5938184
vn -0.7598923 0.2644681 0.5938184
vn -0.7884079 0.1606008 0.5938184
vn -0.8027947 0.0538553 0.5938184
vn -0.8027947 -0.0538553 0.5938184
vn -0.7884079 -0.1606008 0.5938184
vn -0.7598923 -0.2644681 0.5938184
vn -0.7177587 -0.3635960 0.5938184
vn -0.8420841 0.4392691 0.3129489
vn -0.8943058 0.3198126 0.3129489
vn -0.9296767 0.1943302 0.3129489
vn -0.9475303 0.0651862 0.3129489
vn -0.9475303 -0.0651862 0.3129489
vn -0.9296767 -0.1943302 0.3129489
vn -0.8943058 -0.3198126 0.3129489
vn -0.8420841 -0.4392691 0.3129489
vn -0.8846747 0.4662082 0.0007963
vn -0.9405911 0.3395406 0.0007963
vn -0.9784751 0.2063636 0.0007963
vn -0.9976004 0.0692303 0.0007963
vn -0.9976004 -0.0692303 0.0007963
vn -0.9784751 -0.2063636 0.0007963
vn -0.9405911 -0.3395406 0.0007963
vn -0.8846747 -0.4662082 0.0007963
vn -0.8425250 0.4394990 -0.3114359
vn -0.8947740 0.3199801 -0.3114359
vn -0.9301634 0.1944319 -0.3114359
vn -0.9480264 0.0652203 -0.3114359
vn -0.9480264 -0.0652203 -0.3114359
vn -0.9301634 -0.1944319 -0.3114359
vn -0.8947740 -0.3199801 -0.3114359
vn -0.8425250 -0.4394990 -0.3114359
vn -0.7186015 0.3640229 -0.5925362
vn -0.7607845 0.2647787 -0.5925362
vn -0.7893336 0.1607893 -0.5925362
vn -0.8037373 0.0539185 -0.5925362
vn -0.8037373 -0.0539185 -0.5925362
vn -0.7893336 -0.1607893 -0.5925362
vn -0.7607845 -0.2647787 -0.5925362
vn -0.7186015 -0.3640229 -0.5925362
vn -0.5222616 0.2529562 -0.8144053
vn -0.5504393 0.1837405 -0.8144053
vn -0.5694881 0.1114775 -0.8144053
vn -0.5790922 0.0373657 -0.8144053
vn -0.5790922 -0.0373657 -0.8144053
vn -0.5694881 -0.1114775 -0.8144053
vn -0.5504393 -0.1837405 -0.8144053
vn -0.5222616 -0.2529562 -0.8144053
vn -0.2700004 0.1238279 -0.9548646
vn -0.2831402 0.0898064 -0.9548646
vn -0.2920117 0.0544312 -0.9548646
vn -0.2964811 0.0182354 -0.9548646
vn -0.2964811 -0.0182354 -0.9548646
vn -0.2920117 -0.0544312 -0.9548646
vn -0.2831402 -0.0898064 -0.9548646
vn -0.2700004 -0.1238279 -0.9548646
vn -0.8913256 0.3442483 -0.2950114
vn -0.9267944 0.2324231 -0.2950114
vn -0.9482918 0.1170941 -0.2950114
vn -0.9554937 0.0000000 -0.2950114
vn -0.9482918 -0.1170941 -0.2950114
vn -0.9267944 -0.2324231 -0.2950114
vn -0.8913256 -0.3442483 -0.2950114
vn -0.4504353 0.8927346 -0.0115306
vn -0.4691665 0.8827089 -0.0266056
vn -0.4708034 0.8817559 -0.0291677
vn -0.4661795 0.8845985 -0.0127357
vn -0.4661615 0.8846079 0.0127424
vn -0.4707717 0.8817712 0.0292173
vn -0.4691667 0.8827060 0.0266965
vn -0.4504930 0.8927044 0.0116159
vn -0.8908869 -0.3440789 0.2965304
vn -0.9263382 -0.2323087 0.2965304
vn -0.9478250 -0.1170365 0.2965304
vn -0.9550234 -0.0000000 0.2965304
vn -0.9478250 0.1170365 0.2965304
vn -0.9263382 0.2323087 0.2965304
vn -0.8908869 0.3440789 0.2965304
vn -0.4504930 -0.8927044 0.0116159
vn -0.4691667 -0.8827060 0.0266965
vn -0.4707717 -0.8817712 0.0292173
vn -0.4661615 -0.8846079 0.0127424
vn -0.4661795 -0.8845985 -0.0127357
vn -0.4708034 -0.8817559 -0.0291677
vn -0.4691665 -0.8827089 -0.0266056
vn -0.4504353 -0.8927346 -0.0115306
vn 0.9999996 0.0000000 -0.0008379
vn -0.9999996 0.0000000 0.0008379
vn 0.0008379 0.0000000 0.9999996
vn -0.0008379 0.0000000 -0.9999996
vn -0.0000000 1.0000000 -0.0000000
vn 0.9999996 -0.0000000 -0.0008379
vn -0.9999996 -0.0000000 0.0008379
vn -0.0001598 0.9816487 -0.1906981
vn -0.0004918 0.8096104 -0.5869674
vn -0.0007860 0.3466665 -0.9379881
vn -0.0007860 -0.3466665 -0.9379881
vn -0.0004918 -0.8096104 -0.5869674
vn -0.0001598 -0.9816487 -0.1906981
vn 0.0000349 -0.9991331 0.0416305
vn 0.0008379 -0.0000000 0.9999996
vn 0.0000349 0.9991331 0.0416305
vn -0.0004586 -0.8369696 -0.5472492
vn -0.0004586 0.8369696 -0.5472492
vn 0.0004586 0.8369696 0.5472492
vn 0.0004586 -0.8369696 0.5472492
vn -0.7512804 0.0000000 0.6599831
vn -0.0941689 0.9086500 0.4068014
vn 0.1841499 0.6651780 0.7236208
vn 0.3448373 0.2434720 0.9065366
vn 0.3448373 -0.2434720 0.9065366
vn 0.1841499 -0.6651780 0.7236208
vn -0.0941689 -0.9086500 0.4068014
vn -0.4155438 -0.9086500 0.0409699
vn -0.6938626 -0.6651780 -0.2758495
vn -0.8545500 -0.2434720 -0.4587653
vn -0.8545500 0.2434720 -0.4587653
vn -0.6938626 0.6651780 -0.2758495
vn -0.4155438 0.9086500 0.0409699
vn 0.1708162 0.9659258 0.1944457
vn 0.4666786 0.7071068 0.5312355
vn 0.6374948 0.2588190 0.7256811
vn 0.6374948 -0.2588190 0.7256811
vn 0.4666786 -0.7071068 0.5312355
vn 0.1708162 -0.9659258 0.1944457
vn -0.1708162 -0.9659258 -0.1944457
vn -0.4666786 -0.7071068 -0.5312355
vn -0.6374948 -0.2588190 -0.7256811
vn -0.6374948 0.2588190 -0.7256811
vn -0.4666786 0.7071068 -0.5312355
vn -0.1708162 0.9659258 -0.1944457
vn 0.5945369 0.7643177 -0.2496885
vn 0.8286469 0.5595194 0.0168065
vn 0.9638103 0.2047983 0.1706675
vn 0.9638103 -0.2047983 0.1706675
vn 0.8286469 -0.5595194 0.0168065
vn 0.5945369 -0.7643177 -0.2496885
vn 0.3242101 -0.7643177 -0.5574104
vn 0.0901002 -0.5595194 -0.8239054
vn -0.0450633 -0.2047983 -0.9777663
vn -0.0450633 0.2047983 -0.9777663
vn 0.0901002 0.5595194 -0.8239054
vn 0.3242101 0.7643177 -0.5574104
vn 0.7512804 0.0000000 -0.6599831
vn -0.5499770 0.5067468 0.6638772
vn -0.3947608 0.3709644 0.8405649
vn -0.3051467 0.1357824 0.9425755
vn -0.3051467 -0.1357824 0.9425755
vn -0.3947608 -0.3709644 0.8405649
vn -0.5499770 -0.5067468 0.6638772
vn -0.7292052 -0.5067468 0.4598559
vn -0.8844214 -0.3709644 0.2831682
vn -0.9740355 -0.1357824 0.1811576
vn -0.9740355 0.1357824 0.1811576
vn -0.8844214 0.3709644 0.2831682
vn -0.7292052 0.5067468 0.4598559
vn 0.7598336 0.3670572 -0.5365835
vn 0.8722630 0.2687045 -0.4086015
vn 0.9371741 0.0983527 -0.3347111
vn 0.9371741 -0.0983527 -0.3347111
vn 0.8722630 -0.2687045 -0.4086015
vn 0.7598336 -0.3670572 -0.5365835
vn 0.6300114 -0.3670572 -0.6843644
vn 0.5175820 -0.2687045 -0.8123464
vn 0.4526709 -0.0983527 -0.8862369
vn 0.4526709 0.0983527 -0.8862369
vn 0.5175820 0.2687045 -0.8123464
vn 0.6300114 0.3670572 -0.6843644
vn -0.7523306 0.0000000 -0.6587858
vn -0.4156085 0.9086500 -0.0403080
vn -0.6934224 0.6651780 0.2769543
vn -0.8538183 0.2434720 0.4601257
vn -0.8538183 -0.2434720 0.4601257
vn -0.6934224 -0.6651780 0.2769543
vn -0.4156085 -0.9086500 -0.0403080
vn -0.0948167 -0.9086500 -0.4066509
vn 0.1829972 -0.6651780 -0.7239132
vn 0.3433931 -0.2434720 -0.9070846
vn 0.3433931 0.2434720 -0.9070846
vn 0.1829972 0.6651780 -0.7239132
vn -0.0948167 0.9086500 -0.4066509
vn -0.1705063 0.9659258 0.1947175
vn -0.4658319 0.7071068 0.5319781
vn -0.6363382 0.2588190 0.7266955
vn -0.6363382 -0.2588190 0.7266955
vn -0.4658319 -0.7071068 0.5319781
vn -0.1705063 -0.9659258 0.1947175
vn 0.1705063 -0.9659258 -0.1947175
vn 0.4658319 -0.7071068 -0.5319781
vn 0.6363382 -0.2588190 -0.7266955
vn 0.6363382 0.2588190 -0.7266955
vn 0.4658319 0.7071068 -0.5319781
vn 0.1705063 0.9659258 -0.1947175
vn 0.3250974 0.7643177 0.5568933
vn 0.0914122 0.5595194 0.8237608
vn -0.0435060 0.2047983 0.9778368
vn -0.0435060 -0.2047983 0.9778368
vn 0.0914122 -0.5595194 0.8237608
vn 0.3250974 -0.7643177 0.5568933
vn 0.5949339 -0.7643177 0.2487413
vn 0.8286190 -0.5595194 -0.0181262
vn 0.9635373 -0.2047983 -0.1722023
vn 0.9635373 0.2047983 -0.1722023
vn 0.8286190 0.5595194 -0.0181262
vn 0.5949339 0.7643177 0.2487413
vn 0.7523306 0.0000000 0.6587858
vn -0.7299366 0.5067468 -0.4586939
vn -0.8848712 0.3709644 -0.2817593
vn -0.9743227 0.1357824 -0.1796060
vn -0.9743227 -0.1357824 -0.1796060
vn -0.8848712 -0.3709644 -0.2817593
vn -0.7299366 -0.5067468 -0.4586939
vn -0.5510336 -0.5067468 -0.6630005
vn -0.3960990 -0.3709644 -0.8399351
vn -0.3066475 -0.1357824 -0.9420883
vn -0.3066475 0.1357824 -0.9420883
vn -0.3960990 0.3709644 -0.8399351
vn -0.5510336 0.5067468 -0.6630005
vn 0.6311005 0.3670572 0.6833602
vn 0.5188752 0.2687045 0.8115211
vn 0.4540818 0.0983527 0.8855148
vn 0.4540818 -0.0983527 0.8855148
vn 0.5188752 -0.2687045 0.8115211
vn 0.6311005 -0.3670572 0.6833602
vn 0.7606872 -0.3670572 0.5353727
vn 0.8729126 -0.2687045 0.4072118
vn 0.9377060 -0.0983527 0.3332181
vn 0.9377060 0.0983527 0.3332181
vn 0.8729126 0.2687045 0.4072118
vn 0.7606872 0.3670572 0.5353727
vn 0.9460423 -0.3240430 0.0000000
vn -0.9460423 0.3240430 0.0000000
vn 0.3240430 0.9460423 -0.0000000
vn -0.3240430 -0.9460423 -0.0000000
vn 0.9460423 0.3240430 0.0000000
vn -0.9460423 -0.3240430 0.0000000
vn 0.9460423 0.3240430 -0.0000000
vn -0.3240430 0.9460423 -0.0000000
vn 0.3240430 -0.9460423 -0.0000000
vn 0.2182215 0.1992776 -0.9553365
vn 0.4333722 0.3839635 -0.8153285
vn 0.4791233 0.3250850 -0.8153285
vn 0.2409978 0.1710329 -0.9553365
vn 0.1921555 0.2245183 -0.9553365
vn 0.3804337 0.4364741 -0.8153285
vn 0.1631928 0.2463743 -0.9553365
vn 0.3211859 0.4817459 -0.8153285
vn 0.1317700 0.2645163 -0.9553365
vn 0.2566112 0.5190280 -0.8153285
vn 0.0983608 0.2786707 -0.9553365
vn 0.1877808 0.5477023 -0.8153285
vn 0.0634688 0.2886242 -0.9553365
vn 0.1158360 0.5672931 -0.8153285
vn 0.0276200 0.2942267 -0.9553365
vn 0.0419702 0.5774755 -0.8153285
vn 0.6089823 0.5258520 -0.5938184
vn 0.6737628 0.4397993 -0.5938184
vn 0.5332883 0.6024809 -0.5938184
vn 0.4480374 0.6683129 -0.5938184
vn 0.3547573 0.7221682 -0.5938184
vn 0.2551196 0.7630817 -0.5938184
vn 0.1509100 0.7903201 -0.5938184
vn 0.0439960 0.8033953 -0.5938184
vn 0.7241188 0.6145852 -0.3129489
vn 0.8014602 0.5096317 -0.3129489
vn 0.6331332 0.7079585 -0.3129489
vn 0.5302180 0.7879923 -0.3129489
vn 0.4173123 0.8531784 -0.3129489
vn 0.2965434 0.9022887 -0.3129489
vn 0.1701870 0.9343979 -0.3129489
vn 0.0406239 0.9489008 -0.3129489
vn 0.7643463 0.6448054 -0.0007963
vn 0.8460855 0.5330466 -0.0007963
vn 0.6679536 0.7442025 -0.0007963
vn 0.5587554 0.8293321 -0.0007963
vn 0.4388450 0.8985624 -0.0007963
vn 0.3105214 0.9505660 -0.0007963
vn 0.1762447 0.9843461 -0.0007963
vn 0.0385892 0.9992548 -0.0007963
vn 0.7244979 0.6149070 0.3114359
vn 0.8018798 0.5098985 0.3114359
vn 0.6334647 0.7083291 0.3114359
vn 0.5304956 0.7884048 0.3114359
vn 0.4175308 0.8536251 0.3114359
vn 0.2966987 0.9027611 0.3114359
vn 0.1702761 0.9348870 0.3114359
vn 0.0406452 0.9493975 0.3114359
vn 0.6096973 0.5264694 0.5925362
vn 0.6745539 0.4403157 0.5925362
vn 0.5339145 0.6031883 0.5925362
vn 0.4485635 0.6690976 0.5925362
vn 0.3551738 0.7230162 0.5925362
vn 0.2554192 0.7639777 0.5925362
vn 0.1510872 0.7912481 0.5925362
vn 0.0440476 0.8043386 0.5925362
vn 0.4343436 0.3848241 0.8144053
vn 0.4801973 0.3258137 0.8144053
vn 0.3812864 0.4374524 0.8144053
vn 0.3219058 0.4828257 0.8144053
vn 0.2571864 0.5201914 0.8144053
vn 0.1882017 0.5489300 0.8144053
vn 0.1160957 0.5685647 0.8144053
vn 0.0420643 0.5787699 0.8144053
vn 0.2193447 0.2003034 0.9548646
vn 0.2422383 0.1719133 0.9548646
vn 0.1931446 0.2256739 0.9548646
vn 0.1640328 0.2476425 0.9548646
vn 0.1324483 0.2658778 0.9548646
vn 0.0988671 0.2801051 0.9548646
vn 0.0637955 0.2901098 0.9548646
vn 0.0277621 0.2957412 0.9548646
vn -0.2409978 -0.1710329 0.9553365
vn -0.4791233 -0.3250850 0.8153285
vn -0.4333722 -0.3839635 0.8153285
vn -0.2182215 -0.1992776 0.9553365
vn -0.3804337 -0.4364741 0.8153285
vn -0.1921555 -0.2245183 0.9553365
vn -0.3211859 -0.4817459 0.8153285
vn -0.1631928 -0.2463743 0.9553365
vn -0.2566112 -0.5190280 0.8153285
vn -0.1317700 -0.2645163 0.9553365
vn -0.1877808 -0.5477023 0.8153285
vn -0.0983608 -0.2786707 0.9553365
vn -0.1158360 -0.5672931 0.8153285
vn -0.0634688 -0.2886242 0.9553365
vn -0.0419702 -0.5774755 0.8153285
vn -0.0276200 -0.2942267 0.9553365
vn -0.6737628 -0.4397993 0.5938184
vn -0.6089823 -0.5258520 0.5938184
vn -0.5332883 -0.6024809 0.5938184
vn -0.4480374 -0.6683129 0.5938184
vn -0.3547573 -0.7221682 0.5938184
vn -0.2551196 -0.7630817 0.5938184
vn -0.1509100 -0.7903201 0.5938184
vn -0.0439960 -0.8033953 0.5938184
vn -0.8014602 -0.5096317 0.3129489
vn -0.7241188 -0.6145852 0.3129489
vn -0.6331332 -0.7079585 0.3129489
vn -0.5302180 -0.7879923 0.3129489
vn -0.4173123 -0.8531784 0.3129489
vn -0.2965434 -0.9022887 0.3129489
vn -0.1701870 -0.9343979 0.3129489
vn -0.0406239 -0.9489008 0.3129489
vn -0.8460855 -0.5330466 0.0007963
vn -0.7643463 -0.6448054 0.0007963
vn -0.6679536 -0.7442025 0.0007963
vn -0.5587554 -0.8293321 0.0007963
vn -0.4388450 -0.8985624 0.0007963
vn -0.3105214 -0.9505660 0.0007963
vn -0.1762447 -0.9843461 0.0007963
vn -0.0385892 -0.9992548 0.0007963
vn -0.8018798 -0.5098985 -0.3114359
vn -0.7244979 -0.6149070 -0.3114359
vn -0.6334647 -0.7083291 -0.3114359
vn -0.5304956 -0.7884048 -0.3114359
vn -0.4175308 -0.8536251 -0.3114359
vn -0.2966987 -0.9027611 -0.3114359
vn -0.1702761 -0.9348870 -0.3114359
vn -0.0406452 -0.9493975 -0.3114359
vn -0.6745539 -0.4403157 -0.5925362
vn -0.6096973 -0.5264694 -0.5925362
vn -0.5339145 -0.6031883 -0.5925362
vn -0.4485635 -0.6690976 -0.5925362
vn -0.3551738 -0.7230162 -0.5925362
vn -0.2554192 -0.7639777 -0.5925362
vn -0.1510872 -0.7912481 -0.5925362
vn -0.0440476 -0.8043386 -0.5925362
vn -0.4801973 -0.3258137 -0.8144053
vn -0.4343436 -0.3848241 -0.8144053
vn -0.3812864 -0.4374524 -0.8144053
vn -0.3219058 -0.4828257 -0.8144053
vn -0.2571864 -0.5201914 -0.8144053
vn -0.1882017 -0.5489300 -0.8144053
vn -0.1160957 -0.5685647 -0.8144053
vn -0.0420643 -0.5787699 -0.8144053
vn -0.2422383 -0.1719133 -0.9548646
vn -0.2193447 -0.2003034 -0.9548646
vn -0.1931446 -0.2256739 -0.9548646
vn -0.1640328 -0.2476425 -0.9548646
vn -0.1324483 -0.2658778 -0.9548646
vn -0.0988671 -0.2801051 -0.9548646
vn -0.0637955 -0.2901098 -0.9548646
vn -0.0277621 -0.2957412 -0.9548646
vn -0.7437906 -0.5997865 -0.2950114
vn -0.6646815 -0.6864159 -0.2950114
vn -0.5755524 -0.7626977 -0.2950114
vn -0.4777469 -0.8274819 -0.2950114
vn -0.3727394 -0.8797918 -0.2950114
vn -0.2621129 -0.9188390 -0.2950114
vn -0.1475350 -0.9440348 -0.2950114
vn -0.9983485 0.0562788 -0.0115306
vn -0.9990315 0.0350444 -0.0266056
vn -0.9990247 0.0331502 -0.0291677
vn -0.9991745 0.0385759 -0.0127357
vn -0.9991736 0.0385962 0.0127424
vn -0.9990221 0.0331854 0.0292173
vn -0.9990292 0.0350428 0.0266965
vn -0.9983512 0.0562138 0.0116159
vn -0.1474624 -0.9435701 0.2965304
vn -0.2619838 -0.9183867 0.2965304
vn -0.3725559 -0.8793588 0.2965304
vn -0.4775117 -0.8270745 0.2965304
vn -0.5752691 -0.7623223 0.2965304
vn -0.6643543 -0.6860780 0.2965304
vn -0.7434245 -0.5994913 0.2965304
vn 0.5478582 -0.8364906 0.0116159
vn 0.5298625 -0.8476633 0.0266965
vn 0.5282504 -0.8485858 0.0292173
vn 0.5330121 -0.8460117 0.0127424
vn 0.5329950 -0.8460225 -0.0127357
vn 0.5282213 -0.8486056 -0.0291677
vn 0.5298651 -0.8476645 -0.0266056
vn 0.5479132 -0.8364557 -0.0115306
vn 0.4999998 0.8660251 -0.0008379
vn -0.4999998 -0.8660251 0.0008379
vn 0.0004190 0.0007257 0.9999996
vn 0.8660254 -0.5000000 0.0000000
vn -0.0004190 -0.0007257 -0.9999996
vn -0.8660254 0.5000000 0.0000000
vn -0.8502126 0.4906860 -0.1906981
vn -0.7013891 0.4043793 -0.5869674
vn -0.3006150 0.1726526 -0.9379881
vn 0.2998290 -0.1740140 -0.9379881
vn 0.7008973 -0.4052312 -0.5869674
vn 0.8500528 -0.4909627 -0.1906981
vn 0.8652921 -0.4995363 0.0416305
vn -0.8652572 0.4995967 0.0416305
vn 0.7246077 -0.4188819 -0.5472492
vn -0.7250662 0.4180877 -0.5472492
vn -0.7246077 0.4188819 0.5472492
vn 0.7250662 -0.4180877 0.5472492
vn -0.3756402 -0.6506279 0.6599831
vn -0.8339984 0.3727723 0.4068014
vn -0.4839861 0.4920675 0.7236208
vn -0.0384343 0.4203739 0.9065366
vn 0.3832716 0.1769019 0.9065366
vn 0.6681360 -0.1731105 0.7236208
vn 0.7398295 -0.5358777 0.4068014
vn 0.5791421 -0.8141965 0.0409699
vn 0.2291297 -0.9334916 -0.2758495
vn -0.2164221 -0.8617981 -0.4587653
vn -0.6381280 -0.6183260 -0.4587653
vn -0.9229923 -0.2683137 -0.2758495
vn -0.9946859 0.0944535 0.0409699
vn -0.7511082 0.6308941 0.1944457
vn -0.3790332 0.7577089 0.5312355
vn 0.0946035 0.6814962 0.7256811
vn 0.5428913 0.4226771 0.7256811
vn 0.8457117 0.0506021 0.5312355
vn 0.9219244 -0.3350317 0.1944457
vn 0.7511082 -0.6308941 -0.1944457
vn 0.3790332 -0.7577089 -0.5312355
vn -0.0946035 -0.6814962 -0.7256811
vn -0.5428913 -0.4226771 -0.7256811
vn -0.8457117 -0.0506021 -0.5312355
vn -0.9219244 0.3350317 -0.1944457
vn -0.3646500 0.8970429 -0.2496885
vn -0.0702346 0.9973889 0.0168065
vn 0.3045446 0.9370833 0.1706675
vn 0.6592657 0.7322850 0.1706675
vn 0.8988814 0.4378695 0.0168065
vn 0.9591870 0.1327253 -0.2496885
vn 0.8240236 -0.1013847 -0.5574104
vn 0.5296081 -0.2017307 -0.8239054
vn 0.1548289 -0.1414251 -0.9777663
vn -0.1998922 0.0633732 -0.9777663
vn -0.4395079 0.3577887 -0.8239054
vn -0.4998135 0.6629330 -0.5574104
vn 0.3756402 0.6506279 -0.6599831
vn -0.7138441 -0.2229206 0.6638772
vn -0.5186450 -0.1563907 0.8405649
vn -0.2701644 -0.1963736 0.9425755
vn -0.0349823 -0.3321560 0.9425755
vn 0.1238842 -0.5273551 0.8405649
vn 0.1638672 -0.7296675 0.6638772
vn 0.0742531 -0.8848836 0.4598559
vn -0.1209461 -0.9514136 0.2831682
vn -0.3694267 -0.9114307 0.1811576
vn -0.6046087 -0.7756482 0.1811576
vn -0.7634753 -0.5804491 0.2831682
vn -0.8034582 -0.3781368 0.4598559
vn 0.0620359 0.8415638 -0.5365835
vn 0.2034265 0.8897541 -0.4086015
vn 0.3834111 0.8607929 -0.3347111
vn 0.5537630 0.7624402 -0.3347111
vn 0.6688364 0.6210496 -0.4086015
vn 0.6977977 0.4745066 -0.5365835
vn 0.6328866 0.3620773 -0.6843644
vn 0.4914960 0.3138869 -0.8123464
vn 0.3115114 0.3428482 -0.8862369
vn 0.1411595 0.4412009 -0.8862369
vn 0.0260861 0.5825915 -0.8123464
vn -0.0028752 0.7291345 -0.6843644
vn -0.3761653 -0.6515374 -0.6587858
vn -0.9947182 0.0943975 -0.0403080
vn -0.9227722 -0.2679324 0.2769543
vn -0.6377621 -0.6176923 0.4601257
vn -0.2160562 -0.8611644 0.4601257
vn 0.2293498 -0.9331104 0.2769543
vn 0.5791097 -0.8142525 -0.0403080
vn 0.7395056 -0.5364387 -0.4066509
vn 0.6675596 -0.1741088 -0.7239132
vn 0.3825495 0.1756511 -0.9070846
vn -0.0391564 0.4191232 -0.9070846
vn -0.4845624 0.4910692 -0.7239132
vn -0.8343223 0.3722113 -0.4066509
vn -0.9217695 0.3353001 0.1947175
vn -0.8452884 -0.0498689 0.5319781
vn -0.5423130 -0.4216755 0.7266955
vn -0.0940252 -0.6804946 0.7266955
vn 0.3794565 -0.7569756 0.5319781
vn 0.7512632 -0.6306257 0.1947175
vn 0.9217695 -0.3353001 -0.1947175
vn 0.8452884 0.0498689 -0.5319781
vn 0.5423130 0.4216755 -0.7266955
vn 0.0940252 0.6804946 -0.7266955
vn -0.3794565 0.7569756 -0.5319781
vn -0.7512632 0.6306257 -0.1947175
vn -0.4993698 0.6637015 0.5568933
vn -0.4388519 0.3589250 0.8237608
vn -0.1991135 0.0647219 0.9778368
vn 0.1556075 -0.1400764 0.9778368
vn 0.5302641 -0.2005944 0.8237608
vn 0.8244672 -0.1006162 0.5568933
vn 0.9593854 0.1330690 0.2487413
vn 0.8988675 0.4378455 -0.0181262
vn 0.6591292 0.7320486 -0.1722023
vn 0.3044081 0.9368469 -0.1722023
vn -0.0702485 0.9973648 -0.0181262
vn -0.3644516 0.8973867 0.2487413
vn 0.3761653 0.6515374 0.6587858
vn -0.8038240 -0.3787703 -0.4586939
vn -0.7637002 -0.5808387 -0.2817593
vn -0.6047524 -0.7758970 -0.1796060
vn -0.3695704 -0.9116794 -0.1796060
vn -0.1211710 -0.9518032 -0.2817593
vn 0.0738873 -0.8855171 -0.4586939
vn 0.1633388 -0.7305825 -0.6630005
vn 0.1232151 -0.5285140 -0.8399351
vn -0.0357327 -0.3334557 -0.9420883
vn -0.2709148 -0.1976733 -0.9420883
vn -0.5193141 -0.1575496 -0.8399351
vn -0.7143724 -0.2238357 -0.6630005
vn -0.0023306 0.7300777 0.6833602
vn 0.0267326 0.5837113 0.8115211
vn 0.1418650 0.4424227 0.8855148
vn 0.3122168 0.3440700 0.8855148
vn 0.4921425 0.3150068 0.8115211
vn 0.6334311 0.3630205 0.6833602
vn 0.6982245 0.4752459 0.5353727
vn 0.6691613 0.6216122 0.4072118
vn 0.5540289 0.7629008 0.3332181
vn 0.3836771 0.8612535 0.3332181
vn 0.2037514 0.8903168 0.4072118
vn 0.0624627 0.8423031 0.5353727
vn 0.7536507 0.6572752 0.0000000
vn -0.7536507 -0.6572752 0.0000000
vn 0.7536507 0.6572752 -0.0000000
vn -0.6572752 0.7536507 -0.0000000
vn 0.6572752 -0.7536507 -0.0000000
vn 0.1923917 0.9813182 0.0000000
vn -0.1923917 -0.9813182 0.0000000
vn 0.1923917 0.9813182 -0.0000000
vn -0.9813182 0.1923917 -0.0000000
vn 0.9813182 -0.1923917 -0.0000000
vn -0.0634688 0.2886242 -0.9553365
vn -0.1158360 0.5672931 -0.8153285
vn -0.0419702 0.5774755 -0.8153285
vn -0.0276200 0.2942267 -0.9553365
vn -0.0983608 0.2786707 -0.9553365
vn -0.1877808 0.5477023 -0.8153285
vn -0.1317700 0.2645163 -0.9553365
vn -0.2566112 0.5190280 -0.8153285
vn -0.1631928 0.2463743 -0.9553365
vn -0.3211859 0.4817459 -0.8153285
vn -0.1921555 0.2245183 -0.9553365
vn -0.3804337 0.4364741 -0.8153285
vn -0.2182215 0.1992776 -0.9553365
vn -0.4333722 0.3839635 -0.8153285
vn -0.2409978 0.1710329 -0.9553365
vn -0.4791233 0.3250850 -0.8153285
vn -0.1509100 0.7903201 -0.5938184
vn -0.0439960 0.8033953 -0.5938184
vn -0.2551196 0.7630817 -0.5938184
vn -0.3547573 0.7221682 -0.5938184
vn -0.4480374 0.6683129 -0.5938184
vn -0.5332883 0.6024809 -0.5938184
vn -0.6089823 0.5258520 -0.5938184
vn -0.6737628 0.4397993 -0.5938184
vn -0.1701870 0.9343979 -0.3129489
vn -0.0406239 0.9489008 -0.3129489
vn -0.2965434 0.9022887 -0.3129489
vn -0.4173123 0.8531784 -0.3129489
vn -0.5302180 0.7879923 -0.3129489
vn -0.6331332 0.7079585 -0.3129489
vn -0.7241188 0.6145852 -0.3129489
vn -0.8014602 0.5096317 -0.3129489
vn -0.1762447 0.9843461 -0.0007963
vn -0.0385892 0.9992548 -0.0007963
vn -0.3105214 0.9505660 -0.0007963
vn -0.4388450 0.8985624 -0.0007963
vn -0.5587554 0.8293321 -0.0007963
vn -0.6679536 0.7442025 -0.0007963
vn -0.7643463 0.6448054 -0.0007963
vn -0.8460855 0.5330466 -0.0007963
vn -0.1702761 0.9348870 0.3114359
vn -0.0406452 0.9493975 0.3114359
vn -0.2966987 0.9027611 0.3114359
vn -0.4175308 0.8536251 0.3114359
vn -0.5304956 0.7884048 0.3114359
vn -0.6334647 0.7083291 0.3114359
vn -0.7244979 0.6149070 0.3114359
vn -0.8018798 0.5098985 0.3114359
vn -0.1510872 0.7912481 0.5925362
vn -0.0440476 0.8043386 0.5925362
vn -0.2554192 0.7639777 0.5925362
vn -0.3551738 0.7230162 0.5925362
vn -0.4485635 0.6690976 0.5925362
vn -0.5339145 0.6031883 0.5925362
vn -0.6096973 0.5264694 0.5925362
vn -0.6745539 0.4403157 0.5925362
vn -0.1160957 0.5685647 0.8144053
vn -0.0420643 0.5787699 0.8144053
vn -0.1882017 0.5489300 0.8144053
vn -0.2571864 0.5201914 0.8144053
vn -0.3219058 0.4828257 0.8144053
vn -0.3812864 0.4374524 0.8144053
vn -0.4343436 0.3848241 0.8144053
vn -0.4801973 0.3258137 0.8144053
vn -0.0637955 0.2901098 0.9548646
vn -0.0277621 0.2957412 0.9548646
vn -0.0988671 0.2801051 0.9548646
vn -0.1324483 0.2658778 0.9548646
vn -0.1640328 0.2476425 0.9548646
vn -0.1931446 0.2256739 0.9548646
vn -0.2193447 0.2003034 0.9548646
vn -0.2422383 0.1719133 0.9548646
vn 0.0276200 -0.2942267 0.9553365
vn 0.0419702 -0.5774755 0.8153285
vn 0.1158360 -0.5672931 0.8153285
vn 0.0634688 -0.2886242 0.9553365
vn 0.1877808 -0.5477023 0.8153285
vn 0.0983608 -0.2786707 0.9553365
vn 0.2566112 -0.5190280 0.8153285
vn 0.1317700 -0.2645163 0.9553365
vn 0.3211859 -0.4817459 0.8153285
vn 0.1631928 -0.2463743 0.9553365
vn 0.3804337 -0.4364741 0.8153285
vn 0.1921555 -0.2245183 0.9553365
vn 0.4333722 -0.3839635 0.8153285
vn 0.2182215 -0.1992776 0.9553365
vn 0.4791233 -0.3250850 0.8153285
vn 0.2409978 -0.1710329 0.9553365
vn 0.0439960 -0.8033953 0.5938184
vn 0.1509100 -0.7903201 0.5938184
vn 0.2551196 -0.7630817 0.5938184
vn 0.3547573 -0.7221682 0.5938184
vn 0.4480374 -0.6683129 0.5938184
vn 0.5332883 -0.6024809 0.5938184
vn 0.6089823 -0.5258520 0.5938184
vn 0.6737628 -0.4397993 0.5938184
vn 0.0406239 -0.9489008 0.3129489
vn 0.1701870 -0.9343979 0.3129489
vn 0.2965434 -0.9022887 0.3129489
vn 0.4173123 -0.8531784 0.3129489
vn 0.5302180 -0.7879923 0.3129489
vn 0.6331332 -0.7079585 0.3129489
vn 0.7241188 -0.6145852 0.3129489
vn 0.8014602 -0.5096317 0.3129489
vn 0.0385892 -0.9992548 0.0007963
vn 0.1762447 -0.9843461 0.0007963
vn 0.3105214 -0.9505660 0.0007963
vn 0.4388450 -0.8985624 0.0007963
vn 0.5587554 -0.8293321 0.0007963
vn 0.6679536 -0.7442025 0.0007963
vn 0.7643463 -0.6448054 0.0007963
vn 0.8460855 -0.5330466 0.0007963
vn 0.0406452 -0.9493975 -0.3114359
vn 0.1702761 -0.9348870 -0.3114359
vn 0.2966987 -0.9027611 -0.3114359
vn 0.4175308 -0.8536251 -0.3114359
vn 0.5304956 -0.7884048 -0.3114359
vn 0.6334647 -0.7083291 -0.3114359
vn 0.7244979 -0.6149070 -0.3114359
vn 0.8018798 -0.5098985 -0.3114359
vn 0.0440476 -0.8043386 -0.5925362
vn 0.1510872 -0.7912481 -0.5925362
vn 0.2554192 -0.7639777 -0.5925362
vn 0.3551738 -0.7230162 -0.5925362
vn 0.4485635 -0.6690976 -0.5925362
vn 0.5339145 -0.6031883 -0.5925362
vn 0.6096973 -0.5264694 -0.5925362
vn 0.6745539 -0.4403157 -0.5925362
vn 0.0420643 -0.5787699 -0.8144053
vn 0.1160957 -0.5685647 -0.8144053
vn 0.1882017 -0.5489300 -0.8144053
vn 0.2571864 -0.5201914 -0.8144053
vn 0.3219058 -0.4828257 -0.8144053
vn 0.3812864 -0.4374524 -0.8144053
vn 0.4343436 -0.3848241 -0.8144053
vn 0.4801973 -0.3258137 -0.8144053
vn 0.0277621 -0.2957412 -0.9548646
vn 0.0637955 -0.2901098 -0.9548646
vn 0.0988671 -0.2801051 -0.9548646
vn 0.1324483 -0.2658778 -0.9548646
vn 0.1640328 -0.2476425 -0.9548646
vn 0.1931446 -0.2256739 -0.9548646
vn 0.2193447 -0.2003034 -0.9548646
vn 0.2422383 -0.1719133 -0.9548646
vn 0.1475350 -0.9440348 -0.2950114
vn 0.2621129 -0.9188390 -0.2950114
vn 0.3727394 -0.8797918 -0.2950114
vn 0.4777469 -0.8274819 -0.2950114
vn 0.5755524 -0.7626977 -0.2950114
vn 0.6646815 -0.6864159 -0.2950114
vn 0.7437906 -0.5997865 -0.2950114
vn -0.5479132 -0.8364557 -0.0115306
vn -0.5298651 -0.8476645 -0.0266056
vn -0.5282213 -0.8486056 -0.0291677
vn -0.5329950 -0.8460225 -0.0127357
vn -0.5330121 -0.8460117 0.0127424
vn -0.5282504 -0.8485858 0.0292173
vn -0.5298625 -0.8476633 0.0266965
vn -0.5478582 -0.8364906 0.0116159
vn 0.7434245 -0.5994913 0.2965304
vn 0.6643543 -0.6860780 0.2965304
vn 0.5752691 -0.7623223 0.2965304
vn 0.4775117 -0.8270745 0.2965304
vn 0.3725559 -0.8793588 0.2965304
vn 0.2619838 -0.9183867 0.2965304
vn 0.1474624 -0.9435701 0.2965304
vn 0.9983512 0.0562138 0.0116159
vn 0.9990292 0.0350428 0.0266965
vn 0.9990221 0.0331854 0.0292173
vn 0.9991736 0.0385962 0.0127424
vn 0.9991745 0.0385759 -0.0127357
vn 0.9990247 0.0331502 -0.0291677
vn 0.9990315 0.0350444 -0.0266056
vn 0.9983485 0.0562788 -0.0115306
vn -0.4999998 0.8660251 -0.0008379
vn 0.4999998 -0.8660251 0.0008379
vn -0.0004190 0.0007257 0.9999996
vn 0.0004190 -0.0007257 -0.9999996
vn -0.8660254 -0.5000000 0.0000000
vn 0.8660254 0.5000000 0.0000000
vn -0.8500528 -0.4909627 -0.1906981
vn -0.7008973 -0.4052312 -0.5869674
vn -0.2998290 -0.1740140 -0.9379881
vn 0.3006150 0.1726526 -0.9379881
vn 0.7013891 0.4043793 -0.5869674
vn 0.8502126 0.4906860 -0.1906981
vn 0.8652572 0.4995967 0.0416305
vn -0.8652921 -0.4995363 0.0416305
vn 0.7250662 0.4180877 -0.5472492
vn -0.7246077 -0.4188819 -0.5472492
vn -0.7250662 -0.4180877 0.5472492
vn 0.7246077 0.4188819 0.5472492
vn 0.3756402 -0.6506279 0.6599831
vn -0.7398295 -0.5358777 0.4068014
vn -0.6681360 -0.1731105 0.7236208
vn -0.3832716 0.1769019 0.9065366
vn 0.0384343 0.4203739 0.9065366
vn 0.4839861 0.4920675 0.7236208
vn 0.8339984 0.3727723 0.4068014
vn 0.9946859 0.0944535 0.0409699
vn 0.9229923 -0.2683137 -0.2758495
vn 0.6381280 -0.6183260 -0.4587653
vn 0.2164221 -0.8617981 -0.4587653
vn -0.2291297 -0.9334916 -0.2758495
vn -0.5791421 -0.8141965 0.0409699
vn -0.9219244 -0.3350317 0.1944457
vn -0.8457117 0.0506021 0.5312355
vn -0.5428913 0.4226771 0.7256811
vn -0.0946035 0.6814962 0.7256811
vn 0.3790332 0.7577089 0.5312355
vn 0.7511082 0.6308941 0.1944457
vn 0.9219244 0.3350317 -0.1944457
vn 0.8457117 -0.0506021 -0.5312355
vn 0.5428913 -0.4226771 -0.7256811
vn 0.0946035 -0.6814962 -0.7256811
vn -0.3790332 -0.7577089 -0.5312355
vn -0.7511082 -0.6308941 -0.1944457
vn -0.9591870 0.1327253 -0.2496885
vn -0.8988814 0.4378695 0.0168065
vn -0.6592657 0.7322850 0.1706675
vn -0.3045446 0.9370833 0.1706675
vn 0.0702346 0.9973889 0.0168065
vn 0.3646500 0.8970429 -0.2496885
vn 0.4998135 0.6629330 -0.5574104
vn 0.4395079 0.3577887 -0.8239054
vn 0.1998922 0.0633732 -0.9777663
vn -0.1548289 -0.1414251 -0.9777663
vn -0.5296081 -0.2017307 -0.8239054
vn -0.8240236 -0.1013847 -0.5574104
vn -0.3756402 0.6506279 -0.6599831
vn -0.1638672 -0.7296675 0.6638772
vn -0.1238842 -0.5273551 0.8405649
vn 0.0349823 -0.3321560 0.9425755
vn 0.2701644 -0.1963736 0.9425755
vn 0.5186450 -0.1563907 0.8405649
vn 0.7138441 -0.2229206 0.6638772
vn 0.8034582 -0.3781368 0.4598559
vn 0.7634753 -0.5804491 0.2831682
vn 0.6046087 -0.7756482 0.1811576
vn 0.3694267 -0.9114307 0.1811576
vn 0.1209461 -0.9514136 0.2831682
vn -0.0742531 -0.8848836 0.4598559
vn -0.6977977 0.4745066 -0.5365835
vn -0.6688364 0.6210496 -0.4086015
vn -0.5537630 0.7624402 -0.3347111
vn -0.3834111 0.8607929 -0.3347111
vn -0.2034265 0.8897541 -0.4086015
vn -0.0620359 0.8415638 -0.5365835
vn 0.0028752 0.7291345 -0.6843644
vn -0.0260861 0.5825915 -0.8123464
vn -0.1411595 0.4412009 -0.8862369
vn -0.3115114 0.3428482 -0.8862369
vn -0.4914960 0.3138869 -0.8123464
vn -0.6328866 0.3620773 -0.6843644
vn 0.3761653 -0.6515374 -0.6587858
vn -0.5791097 -0.8142525 -0.0403080
vn -0.2293498 -0.9331104 0.2769543
vn 0.2160562 -0.8611644 0.4601257
vn 0.6377621 -0.6176923 0.4601257
vn 0.9227722 -0.2679324 0.2769543
vn 0.9947182 0.0943975 -0.0403080
vn 0.8343223 0.3722113 -0.4066509
vn 0.4845624 0.4910692 -0.7239132
vn 0.0391564 0.4191232 -0.9070846
vn -0.3825495 0.1756511 -0.9070846
vn -0.6675596 -0.1741088 -0.7239132
vn -0.7395056 -0.5364387 -0.4066509
vn -0.7512632 -0.6306257 0.1947175
vn -0.3794565 -0.7569756 0.5319781
vn 0.0940252 -0.6804946 0.7266955
vn 0.5423130 -0.4216755 0.7266955
vn 0.8452884 -0.0498689 0.5319781
vn 0.9217695 0.3353001 0.1947175
vn 0.7512632 0.6306257 -0.1947175
vn 0.3794565 0.7569756 -0.5319781
vn -0.0940252 0.6804946 -0.7266955
vn -0.5423130 0.4216755 -0.7266955
vn -0.8452884 0.0498689 -0.5319781
vn -0.9217695 -0.3353001 -0.1947175
vn -0.8244672 -0.1006162 0.5568933
vn -0.5302641 -0.2005944 0.8237608
vn -0.1556075 -0.1400764 0.9778368
vn 0.1991135 0.0647219 0.9778368
vn 0.4388519 0.3589250 0.8237608
vn 0.4993698 0.6637015 0.5568933
vn 0.3644516 0.8973867 0.2487413
vn 0.0702485 0.9973648 -0.0181262
vn -0.3044081 0.9368469 -0.1722023
vn -0.6591292 0.7320486 -0.1722023
vn -0.8988675 0.4378455 -0.0181262
vn -0.9593854 0.1330690 0.2487413
vn -0.3761653 0.6515374 0.6587858
vn -0.0738873 -0.8855171 -0.4586939
vn 0.1211710 -0.9518032 -0.2817593
vn 0.3695704 -0.9116794 -0.1796060
vn 0.6047524 -0.7758970 -0.1796060
vn 0.7637002 -0.5808387 -0.2817593
vn 0.8038240 -0.3787703 -0.4586939
vn 0.7143724 -0.2238357 -0.6630005
vn 0.5193141 -0.1575496 -0.8399351
vn 0.2709148 -0.1976733 -0.9420883
vn 0.0357327 -0.3334557 -0.9420883
vn -0.1232151 -0.5285140 -0.8399351
vn -0.1633388 -0.7305825 -0.6630005
vn -0.6334311 0.3630205 0.6833602
vn -0.4921425 0.3150068 0.8115211
vn -0.3122168 0.3440700 0.8855148
vn -0.1418650 0.4424227 0.8855148
vn -0.0267326 0.5837113 0.8115211
vn 0.0023306 0.7300777 0.6833602
vn -0.0624627 0.8423031 0.5353727
vn -0.2037514 0.8903168 0.4072118
vn -0.3836771 0.8612535 0.3332181
vn -0.5540289 0.7629008 0.3332181
vn -0.6691613 0.6216122 0.4072118
vn -0.6982245 0.4752459 0.5353727
vn -0.1923917 0.9813182 0.0000000
vn 0.1923917 -0.9813182 0.0000000
vn -0.9813182 -0.1923917 0.0000000
vn 0.9813182 0.1923917 0.0000000
vn -0.7536507 0.6572752 0.0000000
vn 0.7536507 -0.6572752 0.0000000
vn -0.6572752 -0.7536507 0.0000000
vn 0.6572752 0.7536507 0.0000000
vn -0.2816902 0.0893465 -0.9553365
vn -0.5492082 0.1833296 -0.8153285
vn -0.5210935 0.2523905 -0.8153285
vn -0.2686177 0.1231937 -0.9553365
vn -0.2905163 0.0541524 -0.9553365
vn -0.5682145 0.1112282 -0.8153285
vn -0.2949628 0.0181420 -0.9553365
vn -0.5777971 0.0372822 -0.8153285
vn -0.2949628 -0.0181420 -0.9553365
vn -0.5777971 -0.0372822 -0.8153285
vn -0.2905163 -0.0541524 -0.9553365
vn -0.5682145 -0.1112282 -0.8153285
vn -0.2816902 -0.0893465 -0.9553365
vn -0.5492082 -0.1833296 -0.8153285
vn -0.2686177 -0.1231937 -0.9553365
vn -0.5210935 -0.2523905 -0.8153285
vn -0.7598923 0.2644681 -0.5938184
vn -0.7177587 0.3635960 -0.5938184
vn -0.7884079 0.1606008 -0.5938184
vn -0.8027947 0.0538553 -0.5938184
vn -0.8027947 -0.0538553 -0.5938184
vn -0.7884079 -0.1606008 -0.5938184
vn -0.7598923 -0.2644681 -0.5938184
vn -0.7177587 -0.3635960 -0.5938184
vn -0.8943058 0.3198126 -0.3129489
vn -0.8420841 0.4392691 -0.3129489
vn -0.9296767 0.1943302 -0.3129489
vn -0.9475303 0.0651862 -0.3129489
vn -0.9475303 -0.0651862 -0.3129489
vn -0.9296767 -0.1943302 -0.3129489
vn -0.8943058 -0.3198126 -0.3129489
vn -0.8420841 -0.4392691 -0.3129489
vn -0.9405911 0.3395406 -0.0007963
vn -0.8846747 0.4662082 -0.0007963
vn -0.9784751 0.2063636 -0.0007963
vn -0.9976004 0.0692303 -0.0007963
vn -0.9976004 -0.0692303 -0.0007963
vn -0.9784751 -0.2063636 -0.0007963
vn -0.9405911 -0.3395406 -0.0007963
vn -0.8846747 -0.4662082 -0.0007963
vn -0.8947740 0.3199801 0.3114359
vn -0.8425250 0.4394990 0.3114359
vn -0.9301634 0.1944319 0.3114359
vn -0.9480264 0.0652203 0.3114359
vn -0.9480264 -0.0652203 0.3114359
vn -0.9301634 -0.1944319 0.3114359
vn -0.8947740 -0.3199801 0.3114359
vn -0.8425250 -0.4394990 0.3114359
vn -0.7607845 0.2647787 0.5925362
vn -0.7186015 0.3640229 0.5925362
vn -0.7893336 0.1607893 0.5925362
vn -0.8037373 0.0539185 0.5925362
vn -0.8037373 -0.0539185 0.5925362
vn -0.7893336 -0.1607893 0.5925362
vn -0.7607845 -0.2647787 0.5925362
vn -0.7186015 -0.3640229 0.5925362
vn -0.5504393 0.1837405 0.8144053
vn -0.5222616 0.2529562 0.8144053
vn -0.5694881 0.1114775 0.8144053
vn -0.5790922 0.0373657 0.8144053
vn -0.5790922 -0.0373657 0.8144053
vn -0.5694881 -0.1114775 0.8144053
vn -0.5504393 -0.1837405 0.8144053
vn -0.5222616 -0.2529562 0.8144053
vn -0.2831402 0.0898064 0.9548646
vn -0.2700004 0.1238279 0.9548646
vn -0.2920117 0.0544312 0.9548646
vn -0.2964811 0.0182354 0.9548646
vn -0.2964811 -0.0182354 0.9548646
vn -0.2920117 -0.0544312 0.9548646
vn -0.2831402 -0.0898064 0.9548646
vn -0.2700004 -0.1238279 0.9548646
vn 0.2686177 -0.1231937 0.9553365
vn 0.5210935 -0.2523905 0.8153285
vn 0.5492082 -0.1833296 0.8153285
vn 0.2816902 -0.0893465 0.9553365
vn 0.5682145 -0.1112282 0.8153285
vn 0.2905163 -0.0541524 0.9553365
vn 0.5777971 -0.0372822 0.8153285
vn 0.2949628 -0.0181420 0.9553365
vn 0.5777971 0.0372822 0.8153285
vn 0.2949628 0.0181420 0.9553365
vn 0.5682145 0.1112282 0.8153285
vn 0.2905163 0.0541524 0.9553365
vn 0.5492082 0.1833296 0.8153285
vn 0.2816902 0.0893465 0.9553365
vn 0.5210935 0.2523905 0.8153285
vn 0.2686177 0.1231937 0.9553365
vn 0.7177587 -0.3635960 0.5938184
vn 0.7598923 -0.2644681 0.5938184
vn 0.7884079 -0.1606008 0.5938184
vn 0.8027947 -0.0538553 0.5938184
vn 0.8027947 0.0538553 0.5938184
vn 0.7884079 0.1606008 0.5938184
vn 0.7598923 0.2644681 0.5938184
vn 0.7177587 0.3635960 0.5938184
vn 0.8420841 -0.4392691 0.3129489
vn 0.8943058 -0.3198126 0.3129489
vn 0.9296767 -0.1943302 0.3129489
vn 0.9475303 -0.0651862 0.3129489
vn 0.9475303 0.0651862 0.3129489
vn 0.9296767 0.1943302 0.3129489
vn 0.8943058 0.3198126 0.3129489
vn 0.8420841 0.4392691 0.3129489
vn 0.8846747 -0.4662082 0.0007963
vn 0.9405911 -0.3395406 0.0007963
vn 0.9784751 -0.2063636 0.0007963
vn 0.9976004 -0.0692303 0.0007963
vn 0.9976004 0.0692303 0.0007963
vn 0.9784751 0.2063636 0.0007963
vn 0.9405911 0.3395406 0.0007963
vn 0.8846747 0.4662082 0.0007963
vn 0.8425250 -0.4394990 -0.3114359
vn 0.8947740 -0.3199801 -0.3114359
vn 0.9301634 -0.1944319 -0.3114359
vn 0.9480264 -0.0652203 -0.3114359
vn 0.9480264 0.0652203 -0.3114359
vn 0.9301634 0.1944319 -0.3114359
vn 0.8947740 0.3199801 -0.3114359
vn 0.8425250 0.4394990 -0.3114359
vn 0.7186015 -0.3640229 -0.5925362
vn 0.7607845 -0.2647787 -0.5925362
vn 0.7893336 -0.1607893 -0.5925362
vn 0.8037373 -0.0539185 -0.5925362
vn 0.8037373 0.0539185 -0.5925362
vn 0.7893336 0.1607893 -0.5925362
vn 0.7607845 0.2647787 -0.5925362
vn 0.7186015 0.3640229 -0.5925362
vn 0.5222616 -0.2529562 -0.8144053
vn 0.5504393 -0.1837405 -0.8144053
vn 0.5694881 -0.1114775 -0.8144053
vn 0.5790922 -0.0373657 -0.8144053
vn 0.5790922 0.0373657 -0.8144053
vn 0.5694881 0.1114775 -0.8144053
vn 0.5504393 0.1837405 -0.8144053
vn 0.5222616 0.2529562 -0.8144053
vn 0.2700004 -0.1238279 -0.9548646
vn 0.2831402 -0.0898064 -0.9548646
vn 0.2920117 -0.0544312 -0.9548646
vn 0.2964811 -0.0182354 -0.9548646
vn 0.2964811 0.0182354 -0.9548646
vn 0.2920117 0.0544312 -0.9548646
vn 0.2831402 0.0898064 -0.9548646
vn 0.2700004 0.1238279 -0.9548646
vn 0.8913256 -0.3442483 -0.2950114
vn 0.9267944 -0.2324231 -0.2950114
vn 0.9482918 -0.1170941 -0.2950114
vn 0.9554937 -0.0000000 -0.2950114
vn 0.9482918 0.1170941 -0.2950114
vn 0.9267944 0.2324231 -0.2950114
vn 0.8913256 0.3442483 -0.2950114
vn 0.4504353 -0.8927346 -0.0115306
vn 0.4691665 -0.8827089 -0.0266056
vn 0.4708034 -0.8817559 -0.0291677
vn 0.4661795 -0.8845985 -0.0127357
vn 0.4661615 -0.8846079 0.0127424
vn 0.4707717 -0.8817712 0.0292173
vn 0.4691667 -0.8827060 0.0266965
vn 0.4504930 -0.8927044 0.0116159
vn 0.8908869 0.3440789 0.2965304
vn 0.9263382 0.2323087 0.2965304
vn 0.9478250 0.1170365 0.2965304
vn 0.9550234 -0.0000000 0.2965304
vn 0.9478250 -0.1170365 0.2965304
vn 0.9263382 -0.2323087 0.2965304
vn 0.8908869 -0.3440789 0.2965304
vn 0.4504930 0.8927044 0.0116159
vn 0.4691667 0.8827060 0.0266965
vn 0.4707717 0.8817712 0.0292173
vn 0.4661615 0.8846079 0.0127424
vn 0.4661795 0.8845985 -0.0127357
vn 0.4708034 0.8817559 -0.0291677
vn 0.4691665 0.8827089 -0.0266056
vn 0.4504353 0.8927346 -0.0115306
vn -0.9999996 0.0000000 -0.0008379
vn 0.9999996 -0.0000000 0.0008379
vn 0.9999996 0.0000000 0.0008379
vn -0.0008379 -0.0000000 0.9999996
vn 0.0008379 -0.0000000 -0.9999996
vn -0.0000000 -1.0000000 0.0000000
vn -0.9999996 -0.0000000 -0.0008379
vn 0.0001598 -0.9816487 -0.1906981
vn 0.0004918 -0.8096104 -0.5869674
vn 0.0007860 -0.3466665 -0.9379881
vn 0.0007860 0.3466665 -0.9379881
vn 0.0004918 0.8096104 -0.5869674
vn 0.0001598 0.9816487 -0.1906981
vn -0.0000349 0.9991331 0.0416305
vn -0.0008379 0.0000000 0.9999996
vn -0.0000349 -0.9991331 0.0416305
vn 0.0004586 0.8369696 -0.5472492
vn 0.0004586 -0.8369696 -0.5472492
vn -0.0004586 -0.8369696 0.5472492
vn -0.0004586 0.8369696 0.5472492
vn 0.7512804 -0.0000000 0.6599831
vn 0.0941689 -0.9086500 0.4068014
vn -0.1841499 -0.6651780 0.7236208
vn -0.3448373 -0.2434720 0.9065366
vn -0.3448373 0.2434720 0.9065366
vn -0.1841499 0.6651780 0.7236208
vn 0.0941689 0.9086500 0.4068014
vn 0.4155438 0.9086500 0.0409699
vn 0.6938626 0.6651780 -0.2758495
vn 0.8545500 0.2434720 -0.4587653
vn 0.8545500 -0.2434720 -0.4587653
vn 0.6938626 -0.6651780 -0.2758495
vn 0.4155438 -0.9086500 0.0409699
vn -0.1708162 -0.9659258 0.1944457
vn -0.4666786 -0.7071068 0.5312355
vn -0.6374948 -0.2588190 0.7256811
vn -0.6374948 0.2588190 0.7256811
vn -0.4666786 0.7071068 0.5312355
vn -0.1708162 0.9659258 0.1944457
vn 0.1708162 0.9659258 -0.1944457
vn 0.4666786 0.7071068 -0.5312355
vn 0.6374948 0.2588190 -0.7256811
vn 0.6374948 -0.2588190 -0.7256811
vn 0.4666786 -0.7071068 -0.5312355
vn 0.1708162 -0.9659258 -0.1944457
vn -0.5945369 -0.7643177 -0.2496885
vn -0.8286469 -0.5595194 0.0168065
vn -0.9638103 -0.2047983 0.1706675
vn -0.9638103 0.2047983 0.1706675
vn -0.8286469 0.5595194 0.0168065
vn -0.5945369 0.7643177 -0.2496885
vn -0.3242101 0.7643177 -0.5574104
vn -0.0901002 0.5595194 -0.8239054
vn 0.0450633 0.2047983 -0.9777663
vn 0.0450633 -0.2047983 -0.9777663
vn -0.0901002 -0.5595194 -0.8239054
vn -0.3242101 -0.7643177 -0.5574104
vn -0.7512804 0.0000000 -0.6599831
vn 0.5499770 -0.5067468 0.6638772
vn 0.3947608 -0.3709644 0.8405649
vn 0.3051467 -0.1357824 0.9425755
vn 0.3051467 0.1357824 0.9425755
vn 0.3947608 0.3709644 0.8405649
vn 0.5499770 0.5067468 0.6638772
vn 0.7292052 0.5067468 0.4598559
vn 0.8844214 0.3709644 0.2831682
vn 0.9740355 0.1357824 0.1811576
vn 0.9740355 -0.1357824 0.1811576
vn 0.8844214 -0.3709644 0.2831682
vn 0.7292052 -0.5067468 0.4598559
vn -0.7598336 -0.3670572 -0.5365835
vn -0.8722630 -0.2687045 -0.4086015
vn -0.9371741 -0.0983527 -0.3347111
vn -0.9371741 0.0983527 -0.3347111
vn -0.8722630 0.2687045 -0.4086015
vn -0.7598336 0.3670572 -0.5365835
vn -0.6300114 0.3670572 -0.6843644
vn -0.5175820 0.2687045 -0.8123464
vn -0.4526709 0.0983527 -0.8862369
vn -0.4526709 -0.0983527 -0.8862369
vn -0.5175820 -0.2687045 -0.8123464
vn -0.6300114 -0.3670572 -0.6843644
vn 0.7523306 -0.0000000 -0.6587858
vn 0.4156085 -0.9086500 -0.0403080
vn 0.6934224 -0.6651780 0.2769543
vn 0.8538183 -0.2434720 0.4601257
vn 0.8538183 0.2434720 0.4601257
vn 0.6934224 0.6651780 0.2769543
vn 0.4156085 0.9086500 -0.0403080
vn 0.0948167 0.9086500 -0.4066509
vn -0.1829972 0.6651780 -0.7239132
vn -0.3433931 0.2434720 -0.9070846
vn -0.3433931 -0.2434720 -0.9070846
vn -0.1829972 -0.6651780 -0.7239132
vn 0.0948167 -0.9086500 -0.4066509
vn 0.1705063 -0.9659258 0.1947175
vn 0.4658319 -0.7071068 0.5319781
vn 0.6363382 -0.2588190 0.7266955
vn 0.6363382 0.2588190 0.7266955
vn 0.4658319 0.7071068 0.5319781
vn 0.1705063 0.9659258 0.1947175
vn -0.1705063 0.9659258 -0.1947175
vn -0.4658319 0.7071068 -0.5319781
vn -0.6363382 0.2588190 -0.7266955
vn -0.6363382 -0.2588190 -0.7266955
vn -0.4658319 -0.7071068 -0.5319781
vn -0.1705063 -0.9659258 -0.1947175
vn -0.3250974 -0.7643177 0.5568933
vn -0.0914122 -0.5595194 0.8237608
vn 0.0435060 -0.2047983 0.9778368
vn 0.0435060 0.2047983 0.9778368
vn -0.0914122 0.5595194 0.8237608
vn -0.3250974 0.7643177 0.5568933
vn -0.5949339 0.7643177 0.2487413
vn -0.8286190 0.5595194 -0.0181262
vn -0.9635373 0.2047983 -0.1722023
vn -0.9635373 -0.2047983 -0.1722023
vn -0.8286190 -0.5595194 -0.0181262
vn -0.5949339 -0.7643177 0.2487413
vn -0.7523306 0.0000000 0.6587858
vn 0.7299366 -0.5067468 -0.4586939
vn 0.8848712 -0.3709644 -0.2817593
vn 0.9743227 -0.1357824 -0.1796060
vn 0.9743227 0.1357824 -0.1796060
vn 0.8848712 0.3709644 -0.2817593
vn 0.7299366 0.5067468 -0.4586939
vn 0.5510336 0.5067468 -0.6630005
vn 0.3960990 0.3709644 -0.8399351
vn 0.3066475 0.1357824 -0.9420883
vn 0.3066475 -0.1357824 -0.9420883
vn 0.3960990 -0.3709644 -0.8399351
vn 0.5510336 -0.5067468 -0.6630005
vn -0.6311005 -0.3670572 0.6833602
vn -0.5188752 -0.2687045 0.8115211
vn -0.4540818 -0.0983527 0.8855148
vn -0.4540818 0.0983527 0.8855148
vn -0.5188752 0.2687045 0.8115211
vn -0.6311005 0.3670572 0.6833602
vn -0.7606872 0.3670572 0.5353727
vn -0.8729126 0.2687045 0.4072118
vn -0.9377060 0.0983527 0.3332181
vn -0.9377060 -0.0983527 0.3332181
vn -0.8729126 -0.2687045 0.4072118
vn -0.7606872 -0.3670572 0.5353727
vn -0.3240430 -0.9460423 0.0000000
vn 0.3240430 0.9460423 0.0000000
vn -0.2182215 -0.1992776 -0.9553365
vn -0.4333722 -0.3839635 -0.8153285
vn -0.4791233 -0.3250850 -0.8153285
vn -0.2409978 -0.1710329 -0.9553365
vn -0.1921555 -0.2245183 -0.9553365
vn -0.3804337 -0.4364741 -0.8153285
vn -0.1631928 -0.2463743 -0.9553365
vn -0.3211859 -0.4817459 -0.8153285
vn -0.1317700 -0.2645163 -0.9553365
vn -0.2566112 -0.5190280 -0.8153285
vn -0.0983608 -0.2786707 -0.9553365
vn -0.1877808 -0.5477023 -0.8153285
vn -0.0634688 -0.2886242 -0.9553365
vn -0.1158360 -0.5672931 -0.8153285
vn -0.0276200 -0.2942267 -0.9553365
vn -0.0419702 -0.5774755 -0.8153285
vn -0.6089823 -0.5258520 -0.5938184
vn -0.6737628 -0.4397993 -0.5938184
vn -0.5332883 -0.6024809 -0.5938184
vn -0.4480374 -0.6683129 -0.5938184
vn -0.3547573 -0.7221682 -0.5938184
vn -0.2551196 -0.7630817 -0.5938184
vn -0.1509100 -0.7903201 -0.5938184
vn -0.0439960 -0.8033953 -0.5938184
vn -0.7241188 -0.6145852 -0.3129489
vn -0.8014602 -0.5096317 -0.3129489
vn -0.6331332 -0.7079585 -0.3129489
vn -0.5302180 -0.7879923 -0.3129489
vn -0.4173123 -0.8531784 -0.3129489
vn -0.2965434 -0.9022887 -0.3129489
vn -0.1701870 -0.9343979 -0.3129489
vn -0.0406239 -0.9489008 -0.3129489
vn -0.7643463 -0.6448054 -0.0007963
vn -0.8460855 -0.5330466 -0.0007963
vn -0.6679536 -0.7442025 -0.0007963
vn -0.5587554 -0.8293321 -0.0007963
vn -0.4388450 -0.8985624 -0.0007963
vn -0.3105214 -0.9505660 -0.0007963
vn -0.1762447 -0.9843461 -0.0007963
vn -0.0385892 -0.9992548 -0.0007963
vn -0.7244979 -0.6149070 0.3114359
vn -0.8018798 -0.5098985 0.3114359
vn -0.6334647 -0.7083291 0.3114359
vn -0.5304956 -0.7884048 0.3114359
vn -0.4175308 -0.8536251 0.3114359
vn -0.2966987 -0.9027611 0.3114359
vn -0.1702761 -0.9348870 0.3114359
vn -0.0406452 -0.9493975 0.3114359
vn -0.6096973 -0.5264694 0.5925362
vn -0.6745539 -0.4403157 0.5925362
vn -0.5339145 -0.6031883 0.5925362
vn -0.4485635 -0.6690976 0.5925362
vn -0.3551738 -0.7230162 0.5925362
vn -0.2554192 -0.7639777 0.5925362
vn -0.1510872 -0.7912481 0.5925362
vn -0.0440476 -0.8043386 0.5925362
vn -0.4343436 -0.3848241 0.8144053
vn -0.4801973 -0.3258137 0.8144053
vn -0.3812864 -0.4374524 0.8144053
vn -0.3219058 -0.4828257 0.8144053
vn -0.2571864 -0.5201914 0.8144053
vn -0.1882017 -0.5489300 0.8144053
vn -0.1160957 -0.5685647 0.8144053
vn -0.0420643 -0.5787699 0.8144053
vn -0.2193447 -0.2003034 0.9548646
vn -0.2422383 -0.1719133 0.9548646
vn -0.1931446 -0.2256739 0.9548646
vn -0.1640328 -0.2476425 0.9548646
vn -0.1324483 -0.2658778 0.9548646
vn -0.0988671 -0.2801051 0.9548646
vn -0.0637955 -0.2901098 0.9548646
vn -0.0277621 -0.2957412 0.9548646
vn 0.2409978 0.1710329 0.9553365
vn 0.4791233 0.3250850 0.8153285
vn 0.4333722 0.3839635 0.8153285
vn 0.2182215 0.1992776 0.9553365
vn 0.3804337 0.4364741 0.8153285
vn 0.1921555 0.2245183 0.9553365
vn 0.3211859 0.4817459 0.8153285
vn 0.1631928 0.2463743 0.9553365
vn 0.2566112 0.5190280 0.8153285
vn 0.1317700 0.2645163 0.9553365
vn 0.1877808 0.5477023 0.8153285
vn 0.0983608 0.2786707 0.9553365
vn 0.1158360 0.5672931 0.8153285
vn 0.0634688 0.2886242 0.9553365
vn 0.0419702 0.5774755 0.8153285
vn 0.0276200 0.2942267 0.9553365
vn 0.6737628 0.4397993 0.5938184
vn 0.6089823 0.5258520 0.5938184
vn 0.5332883 0.6024809 0.5938184
vn 0.4480374 0.6683129 0.5938184
vn 0.3547573 0.7221682 0.5938184
vn 0.2551196 0.7630817 0.5938184
vn 0.1509100 0.7903201 0.5938184
vn 0.0439960 0.8033953 0.5938184
vn 0.8014602 0.5096317 0.3129489
vn 0.7241188 0.6145852 0.3129489
vn 0.6331332 0.7079585 0.3129489
vn 0.5302180 0.7879923 0.3129489
vn 0.4173123 0.8531784 0.3129489
vn 0.2965434 0.9022887 0.3129489
vn 0.1701870 0.9343979 0.3129489
vn 0.0406239 0.9489008 0.3129489
vn 0.8460855 0.5330466 0.0007963
vn 0.7643463 0.6448054 0.0007963
vn 0.6679536 0.7442025 0.0007963
vn 0.5587554 0.8293321 0.0007963
vn 0.4388450 0.8985624 0.0007963
vn 0.3105214 0.9505660 0.0007963
vn 0.1762447 0.9843461 0.0007963
vn 0.0385892 0.9992548 0.0007963
vn 0.8018798 0.5098985 -0.3114359
vn 0.7244979 0.6149070 -0.3114359
vn 0.6334647 0.7083291 -0.3114359
vn 0.5304956 0.7884048 -0.3114359
vn 0.4175308 0.8536251 -0.3114359
vn 0.2966987 0.9027611 -0.3114359
vn 0.1702761 0.9348870 -0.3114359
vn 0.0406452 0.9493975 -0.3114359
vn 0.6745539 0.4403157 -0.5925362
vn 0.6096973 0.5264694 -0.5925362
vn 0.5339145 0.6031883 -0.5925362
vn 0.4485635 0.6690976 -0.5925362
vn 0.3551738 0.7230162 -0.5925362
vn 0.2554192 0.7639777 -0.5925362
vn 0.1510872 0.7912481 -0.5925362
vn 0.0440476 0.8043386 -0.5925362
vn 0.4801973 0.3258137 -0.8144053
vn 0.4343436 0.3848241 -0.8144053
vn 0.3812864 0.4374524 -0.8144053
vn 0.3219058 0.4828257 -0.8144053
vn 0.2571864 0.5201914 -0.8144053
vn 0.1882017 0.5489300 -0.8144053
vn 0.1160957 0.5685647 -0.8144053
vn 0.0420643 0.5787699 -0.8144053
vn 0.2422383 0.1719133 -0.9548646
vn 0.2193447 0.2003034 -0.9548646
vn 0.1931446 0.2256739 -0.9548646
vn 0.1640328 0.2476425 -0.9548646
vn 0.1324483 0.2658778 -0.9548646
vn 0.0988671 0.2801051 -0.9548646
vn 0.0637955 0.2901098 -0.9548646
vn 0.0277621 0.2957412 -0.9548646
vn 0.7437906 0.5997865 -0.2950114
vn 0.6646815 0.6864159 -0.2950114
vn 0.5755524 0.7626977 -0.2950114
vn 0.4777469 0.8274819 -0.2950114
vn 0.3727394 0.8797918 -0.2950114
vn 0.2621129 0.9188390 -0.2950114
vn 0.1475350 0.9440348 -0.2950114
vn 0.9983485 -0.0562788 -0.0115306
vn 0.9990315 -0.0350444 -0.0266056
vn 0.9990247 -0.0331502 -0.0291677
vn 0.9991745 -0.0385759 -0.0127357
vn 0.9991736 -0.0385962 0.0127424
vn 0.9990221 -0.0331854 0.0292173
vn 0.9990292 -0.0350428 0.0266965
vn 0.9983512 -0.0562138 0.0116159
vn 0.1474624 0.9435701 0.2965304
vn 0.2619838 0.9183867 0.2965304
vn 0.3725559 0.8793588 0.2965304
vn 0.4775117 0.8270745 0.2965304
vn 0.5752691 0.7623223 0.2965304
vn 0.6643543 0.6860780 0.2965304
vn 0.7434245 0.5994913 0.2965304
vn -0.5478582 0.8364906 0.0116159
vn -0.5298625 0.8476633 0.0266965
vn -0.5282504 0.8485858 0.0292173
vn -0.5330121 0.8460117 0.0127424
vn -0.5329950 0.8460225 -0.0127357
vn -0.5282213 0.8486056 -0.0291677
vn -0.5298651 0.8476645 -0.0266056
vn -0.5479132 0.8364557 -0.0115306
vn -0.4999998 -0.8660251 -0.0008379
vn 0.4999998 0.8660251 0.0008379
vn -0.0004190 -0.0007257 0.9999996
vn 0.0004190 0.0007257 -0.9999996
vn 0.8502126 -0.4906860 -0.1906981
vn 0.7013891 -0.4043793 -0.5869674
vn 0.3006150 -0.1726526 -0.9379881
vn -0.2998290 0.1740140 -0.9379881
vn -0.7008973 0.4052312 -0.5869674
vn -0.8500528 0.4909627 -0.1906981
vn -0.8652921 0.4995363 0.0416305
vn 0.8652572 -0.4995967 0.0416305
vn -0.7246077 0.4188819 -0.5472492
vn 0.7250662 -0.4180877 -0.5472492
vn 0.7246077 -0.4188819 0.5472492
vn -0.7250662 0.4180877 0.5472492
vn 0.3756402 0.6506279 0.6599831
vn 0.8339984 -0.3727723 0.4068014
vn 0.4839861 -0.4920675 0.7236208
vn 0.0384343 -0.4203739 0.9065366
vn -0.3832716 -0.1769019 0.9065366
vn -0.6681360 0.1731105 0.7236208
vn -0.7398295 0.5358777 0.4068014
vn -0.5791421 0.8141965 0.0409699
vn -0.2291297 0.9334916 -0.2758495
vn 0.2164221 0.8617981 -0.4587653
vn 0.6381280 0.6183260 -0.4587653
vn 0.9229923 0.2683137 -0.2758495
vn 0.9946859 -0.0944535 0.0409699
vn 0.7511082 -0.6308941 0.1944457
vn 0.3790332 -0.7577089 0.5312355
vn -0.0946035 -0.6814962 0.7256811
vn -0.5428913 -0.4226771 0.7256811
vn -0.8457117 -0.0506021 0.5312355
vn -0.9219244 0.3350317 0.1944457
vn -0.7511082 0.6308941 -0.1944457
vn -0.3790332 0.7577089 -0.5312355
vn 0.0946035 0.6814962 -0.7256811
vn 0.5428913 0.4226771 -0.7256811
vn 0.8457117 0.0506021 -0.5312355
vn 0.9219244 -0.3350317 -0.1944457
vn 0.3646500 -0.8970429 -0.2496885
vn 0.0702346 -0.9973889 0.0168065
vn -0.3045446 -0.9370833 0.1706675
vn -0.6592657 -0.7322850 0.1706675
vn -0.8988814 -0.4378695 0.0168065
vn -0.9591870 -0.1327253 -0.2496885
vn -0.8240236 0.1013847 -0.5574104
vn -0.5296081 0.2017307 -0.8239054
vn -0.1548289 0.1414251 -0.9777663
vn 0.1998922 -0.0633732 -0.9777663
vn 0.4395079 -0.3577887 -0.8239054
vn 0.4998135 -0.6629330 -0.5574104
vn -0.3756402 -0.6506279 -0.6599831
vn 0.7138441 0.2229206 0.6638772
vn 0.5186450 0.1563907 0.8405649
vn 0.2701644 0.1963736 0.9425755
vn 0.0349823 0.3321560 0.9425755
vn -0.1238842 0.5273551 0.8405649
vn -0.1638672 0.7296675 0.6638772
vn -0.0742531 0.8848836 0.4598559
vn 0.1209461 0.9514136 0.2831682
vn 0.3694267 0.9114307 0.1811576
vn 0.6046087 0.7756482 0.1811576
vn 0.7634753 0.5804491 0.2831682
vn 0.8034582 0.3781368 0.4598559
vn -0.0620359 -0.8415638 -0.5365835
vn -0.2034265 -0.8897541 -0.4086015
vn -0.3834111 -0.8607929 -0.3347111
vn -0.5537630 -0.7624402 -0.3347111
vn -0.6688364 -0.6210496 -0.4086015
vn -0.6977977 -0.4745066 -0.5365835
vn -0.6328866 -0.3620773 -0.6843644
vn -0.4914960 -0.3138869 -0.8123464
vn -0.3115114 -0.3428482 -0.8862369
vn -0.1411595 -0.4412009 -0.8862369
vn -0.0260861 -0.5825915 -0.8123464
vn 0.0028752 -0.7291345 -0.6843644
vn 0.3761653 0.6515374 -0.6587858
vn 0.9947182 -0.0943975 -0.0403080
vn 0.9227722 0.2679324 0.2769543
vn 0.6377621 0.6176923 0.4601257
vn 0.2160562 0.8611644 0.4601257
vn -0.2293498 0.9331104 0.2769543
vn -0.5791097 0.8142525 -0.0403080
vn -0.7395056 0.5364387 -0.4066509
vn -0.6675596 0.1741088 -0.7239132
vn -0.3825495 -0.1756511 -0.9070846
vn 0.0391564 -0.4191232 -0.9070846
vn 0.4845624 -0.4910692 -0.7239132
vn 0.8343223 -0.3722113 -0.4066509
vn 0.9217695 -0.3353001 0.1947175
vn 0.8452884 0.0498689 0.5319781
vn 0.5423130 0.4216755 0.7266955
vn 0.0940252 0.6804946 0.7266955
vn -0.3794565 0.7569756 0.5319781
vn -0.7512632 0.6306257 0.1947175
vn -0.9217695 0.3353001 -0.1947175
vn -0.8452884 -0.0498689 -0.5319781
vn -0.5423130 -0.4216755 -0.7266955
vn -0.0940252 -0.6804946 -0.7266955
vn 0.3794565 -0.7569756 -0.5319781
vn 0.7512632 -0.6306257 -0.1947175
vn 0.4993698 -0.6637015 0.5568933
vn 0.4388519 -0.3589250 0.8237608
vn 0.1991135 -0.0647219 0.9778368
vn -0.1556075 0.1400764 0.9778368
vn -0.5302641 0.2005944 0.8237608
vn -0.8244672 0.1006162 0.5568933
vn -0.9593854 -0.1330690 0.2487413
vn -0.8988675 -0.4378455 -0.0181262
vn -0.6591292 -0.7320486 -0.1722023
vn -0.3044081 -0.9368469 -0.1722023
vn 0.0702485 -0.9973648 -0.0181262
vn 0.3644516 -0.8973867 0.2487413
vn -0.3761653 -0.6515374 0.6587858
vn 0.8038240 0.3787703 -0.4586939
vn 0.7637002 0.5808387 -0.2817593
vn 0.6047524 0.7758970 -0.1796060
vn 0.3695704 0.9116794 -0.1796060
vn 0.1211710 0.9518032 -0.2817593
vn -0.0738873 0.8855171 -0.4586939
vn -0.1633388 0.7305825 -0.6630005
vn -0.1232151 0.5285140 -0.8399351
vn 0.0357327 0.3334557 -0.9420883
vn 0.2709148 0.1976733 -0.9420883
vn 0.5193141 0.1575496 -0.8399351
vn 0.7143724 0.2238357 -0.6630005
vn 0.0023306 -0.7300777 0.6833602
vn -0.0267326 -0.5837113 0.8115211
vn -0.1418650 -0.4424227 0.8855148
vn -0.3122168 -0.3440700 0.8855148
vn -0.4921425 -0.3150068 0.8115211
vn -0.6334311 -0.3630205 0.6833602
vn -0.6982245 -0.4752459 0.5353727
vn -0.6691613 -0.6216122 0.4072118
vn -0.5540289 -0.7629008 0.3332181
vn -0.3836771 -0.8612535 0.3332181
vn -0.2037514 -0.8903168 0.4072118
vn -0.0624627 -0.8423031 0.5353727
vn 0.0634688 -0.2886242 -0.9553365
vn 0.1158360 -0.5672931 -0.8153285
vn 0.0419702 -0.5774755 -0.8153285
vn 0.0276200 -0.2942267 -0.9553365
vn 0.0983608 -0.2786707 -0.9553365
vn 0.1877808 -0.5477023 -0.8153285
vn 0.1317700 -0.2645163 -0.9553365
vn 0.2566112 -0.5190280 -0.8153285
vn 0.1631928 -0.2463743 -0.9553365
vn 0.3211859 -0.4817459 -0.8153285
vn 0.1921555 -0.2245183 -0.9553365
vn 0.3804337 -0.4364741 -0.8153285
vn 0.2182215 -0.1992776 -0.9553365
vn 0.4333722 -0.3839635 -0.8153285
vn 0.2409978 -0.1710329 -0.9553365
vn 0.4791233 -0.3250850 -0.8153285
vn 0.1509100 -0.7903201 -0.5938184
vn 0.0439960 -0.8033953 -0.5938184
vn 0.2551196 -0.7630817 -0.5938184
vn 0.3547573 -0.7221682 -0.5938184
vn 0.4480374 -0.6683129 -0.5938184
vn 0.5332883 -0.6024809 -0.5938184
vn 0.6089823 -0.5258520 -0.5938184
vn 0.6737628 -0.4397993 -0.5938184
vn 0.1701870 -0.9343979 -0.3129489
vn 0.0406239 -0.9489008 -0.3129489
vn 0.2965434 -0.9022887 -0.3129489
vn 0.4173123 -0.8531784 -0.3129489
vn 0.5302180 -0.7879923 -0.3129489
vn 0.6331332 -0.7079585 -0.3129489
vn 0.7241188 -0.6145852 -0.3129489
vn 0.8014602 -0.5096317 -0.3129489
vn 0.1762447 -0.9843461 -0.0007963
vn 0.0385892 -0.9992548 -0.0007963
vn 0.3105214 -0.9505660 -0.0007963
vn 0.4388450 -0.8985624 -0.0007963
vn 0.5587554 -0.8293321 -0.0007963
vn 0.6679536 -0.7442025 -0.0007963
vn 0.7643463 -0.6448054 -0.0007963
vn 0.8460855 -0.5330466 -0.0007963
vn 0.1702761 -0.9348870 0.3114359
vn 0.0406452 -0.9493975 0.3114359
vn 0.2966987 -0.9027611 0.3114359
vn 0.4175308 -0.8536251 0.3114359
vn 0.5304956 -0.7884048 0.3114359
vn 0.6334647 -0.7083291 0.3114359
vn 0.7244979 -0.6149070 0.3114359
vn 0.8018798 -0.5098985 0.3114359
vn 0.1510872 -0.7912481 0.5925362
vn 0.0440476 -0.8043386 0.5925362
vn 0.2554192 -0.7639777 0.5925362
vn 0.3551738 -0.7230162 0.5925362
vn 0.4485635 -0.6690976 0.5925362
vn 0.5339145 -0.6031883 0.5925362
vn 0.6096973 -0.5264694 0.5925362
vn 0.6745539 -0.4403157 0.5925362
vn 0.1160957 -0.5685647 0.8144053
vn 0.0420643 -0.5787699 0.8144053
vn 0.1882017 -0.5489300 0.8144053
vn 0.2571864 -0.5201914 0.8144053
vn 0.3219058 -0.4828257 0.8144053
vn 0.3812864 -0.4374524 0.8144053
vn 0.4343436 -0.3848241 0.8144053
vn 0.4801973 -0.3258137 0.8144053
vn 0.0637955 -0.2901098 0.9548646
vn 0.0277621 -0.2957412 0.9548646
vn 0.0988671 -0.2801051 0.9548646
vn 0.1324483 -0.2658778 0.9548646
vn 0.1640328 -0.2476425 0.9548646
vn 0.1931446 -0.2256739 0.9548646
vn 0.2193447 -0.2003034 0.9548646
vn 0.2422383 -0.1719133 0.9548646
vn -0.0276200 0.2942267 0.9553365
vn -0.0419702 0.5774755 0.8153285
vn -0.1158360 0.5672931 0.8153285
vn -0.0634688 0.2886242 0.9553365
vn -0.1877808 0.5477023 0.8153285
vn -0.0983608 0.2786707 0.9553365
vn -0.2566112 0.5190280 0.8153285
vn -0.1317700 0.2645163 0.9553365
vn -0.3211859 0.4817459 0.8153285
vn -0.1631928 0.2463743 0.9553365
vn -0.3804337 0.4364741 0.8153285
vn -0.1921555 0.2245183 0.9553365
vn -0.4333722 0.3839635 0.8153285
vn -0.2182215 0.1992776 0.9553365
vn -0.4791233 0.3250850 0.8153285
vn -0.2409978 0.1710329 0.9553365
vn -0.0439960 0.8033953 0.5938184
vn -0.1509100 0.7903201 0.5938184
vn -0.2551196 0.7630817 0.5938184
vn -0.3547573 0.7221682 0.5938184
vn -0.4480374 0.6683129 0.5938184
vn -0.5332883 0.6024809 0.5938184
vn -0.6089823 0.5258520 0.5938184
vn -0.6737628 0.4397993 0.5938184
vn -0.0406239 0.9489008 0.3129489
vn -0.1701870 0.9343979 0.3129489
vn -0.2965434 0.9022887 0.3129489
vn -0.4173123 0.8531784 0.3129489
vn -0.5302180 0.7879923 0.3129489
vn -0.6331332 0.7079585 0.3129489
vn -0.7241188 0.6145852 0.3129489
vn -0.8014602 0.5096317 0.3129489
vn -0.0385892 0.9992548 0.0007963
vn -0.1762447 0.9843461 0.0007963
vn -0.3105214 0.9505660 0.0007963
vn -0.4388450 0.8985624 0.0007963
vn -0.5587554 0.8293321 0.0007963
vn -0.6679536 0.7442025 0.0007963
vn -0.7643463 0.6448054 0.0007963
vn -0.8460855 0.5330466 0.0007963
vn -0.0406452 0.9493975 -0.3114359
vn -0.1702761 0.9348870 -0.3114359
vn -0.2966987 0.9027611 -0.3114359
vn -0.4175308 0.8536251 -0.3114359
vn -0.5304956 0.7884048 -0.3114359
vn -0.6334647 0.7083291 -0.3114359
vn -0.7244979 0.6149070 -0.3114359
vn -0.8018798 0.5098985 -0.3114359
vn -0.0440476 0.8043386 -0.5925362
vn -0.1510872 0.7912481 -0.5925362
vn -0.2554192 0.7639777 -0.5925362
vn -0.3551738 0.7230162 -0.5925362
vn -0.4485635 0.6690976 -0.5925362
vn -0.5339145 0.6031883 -0.5925362
vn -0.6096973 0.5264694 -0.5925362
vn -0.6745539 0.4403157 -0.5925362
vn -0.0420643 0.5787699 -0.8144053
vn -0.1160957 0.5685647 -0.8144053
vn -0.1882017 0.5489300 -0.8144053
vn -0.2571864 0.5201914 -0.8144053
vn -0.3219058 0.4828257 -0.8144053
vn -0.3812864 0.4374524 -0.8144053
vn -0.4343436 0.3848241 -0.8144053
vn -0.4801973 0.3258137 -0.8144053
vn -0.0277621 0.2957412 -0.9548646
vn -0.0637955 0.2901098 -0.9548646
vn -0.0988671 0.2801051 -0.9548646
vn -0.1324483 0.2658778 -0.9548646
vn -0.1640328 0.2476425 -0.9548646
vn -0.1931446 0.2256739 -0.9548646
vn -0.2193447 0.2003034 -0.9548646
vn -0.2422383 0.1719133 -0.9548646
vn -0.1475350 0.9440348 -0.2950114
vn -0.2621129 0.9188390 -0.2950114
vn -0.3727394 0.8797918 -0.2950114
vn -0.4777469 0.8274819 -0.2950114
vn -0.5755524 0.7626977 -0.2950114
vn -0.6646815 0.6864159 -0.2950114
vn -0.7437906 0.5997865 -0.2950114
vn 0.5479132 0.8364557 -0.0115306
vn 0.5298651 0.8476645 -0.0266056
vn 0.5282213 0.8486056 -0.0291677
vn 0.5329950 0.8460225 -0.0127357
vn 0.5330121 0.8460117 0.0127424
vn 0.5282504 0.8485858 0.0292173
vn 0.5298625 0.8476633 0.0266965
vn 0.5478582 0.8364906 0.0116159
vn -0.7434245 0.5994913 0.2965304
vn -0.6643543 0.6860780 0.2965304
vn -0.5752691 0.7623223 0.2965304
vn -0.4775117 0.8270745 0.2965304
vn -0.3725559 0.8793588 0.2965304
vn -0.2619838 0.9183867 0.2965304
vn -0.1474624 0.9435701 0.2965304
vn -0.9983512 -0.0562138 0.0116159
vn -0.9990292 -0.0350428 0.0266965
vn -0.9990221 -0.0331854 0.0292173
vn -0.9991736 -0.0385962 0.0127424
vn -0.9991745 -0.0385759 -0.0127357
vn -0.9990247 -0.0331502 -0.0291677
vn -0.9990315 -0.0350444 -0.0266056
vn -0.9983485 -0.0562788 -0.0115306
vn 0.4999998 -0.8660251 -0.0008379
vn -0.4999998 0.8660251 0.0008379
vn 0.0004190 -0.0007257 0.9999996
vn -0.0004190 0.0007257 -0.9999996
vn 0.8500528 0.4909627 -0.1906981
vn 0.7008973 0.4052312 -0.5869674
vn 0.2998290 0.1740140 -0.9379881
vn -0.3006150 -0.1726526 -0.9379881
vn -0.7013891 -0.4043793 -0.5869674
vn -0.8502126 -0.4906860 -0.1906981
vn -0.8652572 -0.4995967 0.0416305
vn 0.8652921 0.4995363 0.0416305
vn -0.7250662 -0.4180877 -0.5472492
vn 0.7246077 0.4188819 -0.5472492
vn 0.7250662 0.4180877 0.5472492
vn -0.7246077 -0.4188819 0.5472492
vn -0.3756402 0.6506279 0.6599831
vn 0.7398295 0.5358777 0.4068014
vn 0.6681360 0.1731105 0.7236208
vn 0.3832716 -0.1769019 0.9065366
vn -0.0384343 -0.4203739 0.9065366
vn -0.4839861 -0.4920675 0.7236208
vn -0.8339984 -0.3727723 0.4068014
vn -0.9946859 -0.0944535 0.0409699
vn -0.9229923 0.2683137 -0.2758495
vn -0.6381280 0.6183260 -0.4587653
vn -0.2164221 0.8617981 -0.4587653
vn 0.2291297 0.9334916 -0.2758495
vn 0.5791421 0.8141965 0.0409699
vn 0.9219244 0.3350317 0.1944457
vn 0.8457117 -0.0506021 0.5312355
vn 0.5428913 -0.4226771 0.7256811
vn 0.0946035 -0.6814962 0.7256811
vn -0.3790332 -0.7577089 0.5312355
vn -0.7511082 -0.6308941 0.1944457
vn -0.9219244 -0.3350317 -0.1944457
vn -0.8457117 0.0506021 -0.5312355
vn -0.5428913 0.4226771 -0.7256811
vn -0.0946035 0.6814962 -0.7256811
vn 0.3790332 0.7577089 -0.5312355
vn 0.7511082 0.6308941 -0.1944457
vn 0.9591870 -0.1327253 -0.2496885
vn 0.8988814 -0.4378695 0.0168065
vn 0.6592657 -0.7322850 0.1706675
vn 0.3045446 -0.9370833 0.1706675
vn -0.0702346 -0.9973889 0.0168065
vn -0.3646500 -0.8970429 -0.2496885
vn -0.4998135 -0.6629330 -0.5574104
vn -0.4395079 -0.3577887 -0.8239054
vn -0.1998922 -0.0633732 -0.9777663
vn 0.1548289 0.1414251 -0.9777663
vn 0.5296081 0.2017307 -0.8239054
vn 0.8240236 0.1013847 -0.5574104
vn 0.3756402 -0.6506279 -0.6599831
vn 0.1638672 0.7296675 0.6638772
vn 0.1238842 0.5273551 0.8405649
vn -0.0349823 0.3321560 0.9425755
vn -0.2701644 0.1963736 0.9425755
vn -0.5186450 0.1563907 0.8405649
vn -0.7138441 0.2229206 0.6638772
vn -0.8034582 0.3781368 0.4598559
vn -0.7634753 0.5804491 0.2831682
vn -0.6046087 0.7756482 0.1811576
vn -0.3694267 0.9114307 0.1811576
vn -0.1209461 0.9514136 0.2831682
vn 0.0742531 0.8848836 0.4598559
vn 0.6977977 -0.4745066 -0.5365835
vn 0.6688364 -0.6210496 -0.4086015
vn 0.5537630 -0.7624402 -0.3347111
vn 0.3834111 -0.8607929 -0.3347111
vn 0.2034265 -0.8897541 -0.4086015
vn 0.0620359 -0.8415638 -0.5365835
vn -0.0028752 -0.7291345 -0.6843644
vn 0.0260861 -0.5825915 -0.8123464
vn 0.1411595 -0.4412009 -0.8862369
vn 0.3115114 -0.3428482 -0.8862369
vn 0.4914960 -0.3138869 -0.8123464
vn 0.6328866 -0.3620773 -0.6843644
vn -0.3761653 0.6515374 -0.6587858
vn 0.5791097 0.8142525 -0.0403080
vn 0.2293498 0.9331104 0.2769543
vn -0.2160562 0.8611644 0.4601257
vn -0.6377621 0.6176923 0.4601257
vn -0.9227722 0.2679324 0.2769543
vn -0.9947182 -0.0943975 -0.0403080
vn -0.8343223 -0.3722113 -0.4066509
vn -0.4845624 -0.4910692 -0.7239132
vn -0.0391564 -0.4191232 -0.9070846
vn 0.3825495 -0.1756511 -0.9070846
vn 0.6675596 0.1741088 -0.7239132
vn 0.7395056 0.5364387 -0.4066509
vn 0.7512632 0.6306257 0.1947175
vn 0.3794565 0.7569756 0.5319781
vn -0.0940252 0.6804946 0.7266955
vn -0.5423130 0.4216755 0.7266955
vn -0.8452884 0.0498689 0.5319781
vn -0.9217695 -0.3353001 0.1947175
vn -0.7512632 -0.6306257 -0.1947175
vn -0.3794565 -0.7569756 -0.5319781
vn 0.0940252 -0.6804946 -0.7266955
vn 0.5423130 -0.4216755 -0.7266955
vn 0.8452884 -0.0498689 -0.5319781
vn 0.9217695 0.3353001 -0.1947175
vn 0.8244672 0.1006162 0.5568933
vn 0.5302641 0.2005944 0.8237608
vn 0.1556075 0.1400764 0.9778368
vn -0.1991135 -0.0647219 0.9778368
vn -0.4388519 -0.3589250 0.8237608
vn -0.4993698 -0.6637015 0.5568933
vn -0.3644516 -0.8973867 0.2487413
vn -0.0702485 -0.9973648 -0.0181262
vn 0.3044081 -0.9368469 -0.1722023
vn 0.6591292 -0.7320486 -0.1722023
vn 0.8988675 -0.4378455 -0.0181262
vn 0.9593854 -0.1330690 0.2487413
vn 0.3761653 -0.6515374 0.6587858
vn 0.0738873 0.8855171 -0.4586939
vn -0.1211710 0.9518032 -0.2817593
vn -0.3695704 0.9116794 -0.1796060
vn -0.6047524 0.7758970 -0.1796060
vn -0.7637002 0.5808387 -0.2817593
vn -0.8038240 0.3787703 -0.4586939
vn -0.7143724 0.2238357 -0.6630005
vn -0.5193141 0.1575496 -0.8399351
vn -0.2709148 0.1976733 -0.9420883
vn -0.0357327 0.3334557 -0.9420883
vn 0.1232151 0.5285140 -0.8399351
vn 0.1633388 0.7305825 -0.6630005
vn 0.6334311 -0.3630205 0.6833602
vn 0.4921425 -0.3150068 0.8115211
vn 0.3122168 -0.3440700 0.8855148
vn 0.1418650 -0.4424227 0.8855148
vn 0.0267326 -0.5837113 0.8115211
vn -0.0023306 -0.7300777 0.6833602
vn 0.0624627 -0.8423031 0.5353727
vn 0.2037514 -0.8903168 0.4072118
vn 0.3836771 -0.8612535 0.3332181
vn 0.5540289 -0.7629008 0.3332181
vn 0.6691613 -0.6216122 0.4072118
vn 0.6982245 -0.4752459 0.5353727
vn 0.9813182 0.1923917 -0.0000000
vn -0.9813182 -0.1923917 -0.0000000
vn 0.6572752 0.7536507 -0.0000000
vn -0.6572752 -0.7536507 -0.0000000
g body
usemtl ceramic_shadow
f 1/1/1 2/1/2 3/1/3
f 4/1/4 1/1/1 3/1/3
f 5/1/5 4/1/4 3/1/3
f 6/1/6 5/1/5 3/1/3
f 7/1/7 6/1/6 3/1/3
f 8/1/8 7/1/7 3/1/3
f 9/1/9 8/1/8 3/1/3
f 10/1/10 9/1/9 3/1/3
f 11/1/11 10/1/10 3/1/3
f 12/1/12 11/1/11 3/1/13
f 13/1/14 12/1/12 3/1/13
f 14/1/15 13/1/14 3/1/13
f 15/1/16 14/1/15 3/1/13
f 16/1/17 15/1/16 3/1/13
f 17/1/18 16/1/17 3/1/13
f 18/1/19 17/1/18 3/1/13
f 19/1/20 18/1/19 3/1/13
f 20/1/21 19/1/20 3/1/22
f 21/1/23 20/1/21 3/1/22
f 22/1/24 21/1/23 3/1/22
f 23/1/25 22/1/24 3/1/22
f 24/1/26 23/1/25 3/1/22
f 25/1/27 24/1/26 3/1/22
f 26/1/28 25/1/27 3/1/22
f 27/1/29 26/1/28 3/1/22
f 28/1/30 27/1/29 3/1/31
f 29/1/32 28/1/30 3/1/31
f 30/1/33 29/1/32 3/1/31
f 31/1/34 30/1/33 3/1/31
f 32/1/35 31/1/34 3/1/31
f 33/1/36 32/1/35 3/1/31
f 2/1/37 33/1/36 3/1/31
f 1/1/1 34/1/38 35/1/39 2/1/2
f 4/1/4 36/1/40 34/1/38 1/1/1
f 5/1/5 37/1/41 36/1/40 4/1/4
f 6/1/6 38/1/42 37/1/41 5/1/5
f 7/1/7 39/1/43 38/1/42 6/1/6
f 8/1/8 40/1/44 39/1/43 7/1/7
f 9/1/9 41/1/45 40/1/44 8/1/8
f 10/1/10 42/1/46 41/1/45 9/1/9
f 11/1/11 43/1/47 42/1/46 10/1/10
f 12/1/12 44/1/48 43/1/47 11/1/11
f 13/1/14 45/1/49 44/1/48 12/1/12
f 14/1/15 46/1/50 45/1/49 13/1/14
f 15/1/16 47/1/51 46/1/50 14/1/15
f 16/1/17 48/1/52 47/1/51 15/1/16
f 17/1/18 49/1/53 48/1/52 16/1/17
f 18/1/19 50/1/54 49/1/53 17/1/18
f 19/1/20 51/1/55 50/1/54 18/1/19
f 20/1/21 52/1/56 51/1/55 19/1/20
f 21/1/23 53/1/57 52/1/56 20/1/21
f 22/1/24 54/1/58 53/1/57 21/1/23
f 23/1/25 55/1/59 54/1/58 22/1/24
f 24/1/26 56/1/60 55/1/59 23/1/25
f 25/1/27 57/1/61 56/1/60 24/1/26
f 26/1/28 58/1/62 57/1/61 25/1/27
f 27/1/29 59/1/63 58/1/62 26/1/28
f 28/1/30 60/1/64 59/1/63 27/1/29
f 29/1/32 61/1/65 60/1/64 28/1/30
f 30/1/33 62/1/66 61/1/65 29/1/32
f 31/1/34 63/1/67 62/1/66 30/1/33
f 32/1/35 64/1/68 63/1/67 31/1/34
f 33/1/36 65/1/69 64/1/68 32/1/35
f 2/1/37 35/1/70 65/1/69 33/1/36
f 34/1/38 66/1/71 67/1/72 35/1/39
f 36/1/40 68/1/73 66/1/71 34/1/38
f 37/1/41 69/1/74 68/1/73 36/1/40
f 38/1/42 70/1/75 69/1/74 37/1/41
f 39/1/43 71/1/76 70/1/75 38/1/42
f 40/1/44 72/1/77 71/1/76 39/1/43
f 41/1/45 73/1/78 72/1/77 40/1/44
f 42/1/46 74/1/79 73/1/78 41/1/45
f 43/1/47 75/1/80 74/1/79 42/1/46
f 44/1/48 76/1/81 75/1/80 43/1/47
f 45/1/49 77/1/82 76/1/81 44/1/48
f 46/1/50 78/1/83 77/1/82 45/1/49
f 47/1/51 79/1/84 78/1/83 46/1/50
f 48/1/52 80/1/85 79/1/84 47/1/51
f 49/1/53 81/1/86 80/1/85 48/1/52
f 50/1/54 82/1/87 81/1/86 49/1/53
f 51/1/55 83/1/88 82/1/87 50/1/54
f 52/1/56 84/1/89 83/1/88 51/1/55
f 53/1/57 85/1/90 84/1/89 52/1/56
f 54/1/58 86/1/91 85/1/90 53/1/57
f 55/1/59 87/1/92 86/1/91 54/1/58
f 56/1/60 88/1/93 87/1/92 55/1/59
f 57/1/61 89/1/94 88/1/93 56/1/60
f 58/1/62 90/1/95 89/1/94 57/1/61
f 59/1/63 91/1/96 90/1/95 58/1/62
f 60/1/64 92/1/97 91/1/96 59/1/63
f 61/1/65 93/1/98 92/1/97 60/1/64
f 62/1/66 94/1/99 93/1/98 61/1/65
f 63/1/67 95/1/100 94/1/99 62/1/66
f 64/1/68 96/1/101 95/1/100 63/1/67
f 65/1/69 97/1/102 96/1/101 64/1/68
f 35/1/70 67/1/103 97/1/102 65/1/69
f 66/1/71 98/1/104 99/1/105 67/1/72
f 68/1/73 100/1/106 98/1/104 66/1/71
f 69/1/74 101/1/107 100/1/106 68/1/73
f 70/1/75 102/1/108 101/1/107 69/1/74
f 71/1/76 103/1/109 102/1/108 70/1/75
f 72/1/77 104/1/110 103/1/109 71/1/76
f 73/1/78 105/1/111 104/1/110 72/1/77
f 74/1/79 106/1/112 105/1/111 73/1/78
f 75/1/80 107/1/113 106/1/112 74/1/79
f 76/1/81 108/1/114 107/1/113 75/1/80
f 77/1/82 109/1/115 108/1/114 76/1/81
f 78/1/83 110/1/116 109/1/115 77/1/82
f 79/1/84 111/1/117 110/1/116 78/1/83
f 80/1/85 112/1/118 111/1/117 79/1/84
f 81/1/86 113/1/119 112/1/118 80/1/85
f 82/1/87 114/1/120 113/1/119 81/1/86
f 83/1/88 115/1/121 114/1/120 82/1/87
f 84/1/89 116/1/122 115/1/121 83/1/88
f 85/1/90 117/1/123 116/1/122 84/1/89
f 86/1/91 118/1/124 117/1/123 85/1/90
f 87/1/92 119/1/125 118/1/124 86/1/91
f 88/1/93 120/1/126 119/1/125 87/1/92
f 89/1/94 121/1/127 120/1/126 88/1/93
f 90/1/95 122/1/128 121/1/127 89/1/94
f 91/1/96 123/1/129 122/1/128 90/1/95
f 92/1/97 124/1/130 123/1/129 91/1/96
f 93/1/98 125/1/131 124/1/130 92/1/97
f 94/1/99 126/1/132 125/1/131 93/1/98
f 95/1/100 127/1/133 126/1/132 94/1/99
f 96/1/101 128/1/134 127/1/133 95/1/100
f 97/1/102 129/1/135 128/1/134 96/1/101
f 67/1/103 99/1/136 129/1/135 97/1/102
f 98/1/104 130/1/137 131/1/138 99/1/105
f 100/1/106 132/1/139 130/1/137 98/1/104
f 101/1/107 133/1/140 132/1/139 100/1/106
f 102/1/108 134/1/141 133/1/140 101/1/107
f 103/1/109 135/1/142 134/1/141 102/1/108
f 104/1/110 136/1/143 135/1/142 103/1/109
f 105/1/111 137/1/144 136/1/143 104/1/110
f 106/1/112 138/1/145 137/1/144 105/1/111
f 107/1/113 139/1/146 138/1/145 106/1/112
f 108/1/114 140/1/147 139/1/146 107/1/113
f 109/1/115 141/1/148 140/1/147 108/1/114
f 110/1/116 142/1/149 141/1/148 109/1/115
f 111/1/117 143/1/150 142/1/149 110/1/116
f 112/1/118 144/1/151 143/1/150 111/1/117
f 113/1/119 145/1/152 144/1/151 112/1/118
f 114/1/120 146/1/153 145/1/152 113/1/119
f 115/1/121 147/1/154 146/1/153 114/1/120
f 116/1/122 148/1/155 147/1/154 115/1/121
f 117/1/123 149/1/156 148/1/155 116/1/122
f 118/1/124 150/1/157 149/1/156 117/1/123
f 119/1/125 151/1/158 150/1/157 118/1/124
f 120/1/126 152/1/159 151/1/158 119/1/125
f 121/1/127 153/1/160 152/1/159 120/1/126
f 122/1/128 154/1/161 153/1/160 121/1/127
f 123/1/129 155/1/162 154/1/161 122/1/128
f 124/1/130 156/1/163 155/1/162 123/1/129
f 125/1/131 157/1/164 156/1/163 124/1/130
f 126/1/132 158/1/165 157/1/164 125/1/131
f 127/1/133 159/1/166 158/1/165 126/1/132
f 128/1/134 160/1/167 159/1/166 127/1/133
f 129/1/135 161/1/168 160/1/167 128/1/134
f 99/1/136 131/1/169 161/1/168 129/1/135
f 130/1/137 162/1/170 163/1/171 131/1/138
f 132/1/139 164/1/172 162/1/170 130/1/137
f 133/1/140 165/1/173 164/1/172 132/1/139
f 134/1/141 166/1/174 165/1/173 133/1/140
f 135/1/142 167/1/175 166/1/174 134/1/141
f 136/1/143 168/1/176 167/1/175 135/1/142
f 137/1/144 169/1/177 168/1/176 136/1/143
f 138/1/145 170/1/178 169/1/177 137/1/144
f 139/1/146 171/1/179 170/1/178 138/1/145
f 140/1/147 172/1/180 171/1/179 139/1/146
f 141/1/148 173/1/181 172/1/180 140/1/147
f 142/1/149 174/1/182 173/1/181 141/1/148
f 143/1/150 175/1/183 174/1/182 142/1/149
f 144/1/151 176/1/184 175/1/183 143/1/150
f 145/1/152 177/1/185 176/1/184 144/1/151
f 146/1/153 178/1/186 177/1/185 145/1/152
f 147/1/154 179/1/187 178/1/186 146/1/153
f 148/1/155 180/1/188 179/1/187 147/1/154
f 149/1/156 181/1/189 180/1/188 148/1/155
f 150/1/157 182/1/190 181/1/189 149/1/156
f 151/1/158 183/1/191 182/1/190 150/1/157
f 152/1/159 184/1/192 183/1/191 151/1/158
f 153/1/160 185/1/193 184/1/192 152/1/159
f 154/1/161 186/1/194 185/1/193 153/1/160
f 155/1/162 187/1/195 186/1/194 154/1/161
f 156/1/163 188/1/196 187/1/195 155/1/162
f 157/1/164 189/1/197 188/1/196 156/1/163
f 158/1/165 190/1/198 189/1/197 157/1/164
f 159/1/166 191/1/199 190/1/198 158/1/165
f 160/1/167 192/1/200 191/1/199 159/1/166
f 161/1/168 193/1/201 192/1/200 160/1/167
f 131/1/169 163/1/202 193/1/201 161/1/168
f 162/1/170 194/1/203 195/1/204 163/1/171
f 164/1/172 196/1/205 194/1/203 162/1/170
f 165/1/173 197/1/206 196/1/205 164/1/172
f 166/1/174 198/1/207 197/1/206 165/1/173
f 167/1/175 199/1/208 198/1/207 166/1/174
f 168/1/176 200/1/209 199/1/208 167/1/175
f 169/1/177 201/1/210 200/1/209 168/1/176
f 170/1/178 202/1/211 201/1/210 169/1/177
f 171/1/179 203/1/212 202/1/211 170/1/178
f 172/1/180 204/1/213 203/1/212 171/1/179
f 173/1/181 205/1/214 204/1/213 172/1/180
f 174/1/182 206/1/215 205/1/214 173/1/181
f 175/1/183 207/1/216 206/1/215 174/1/182
f 176/1/184 208/1/217 207/1/216 175/1/183
f 177/1/185 209/1/218 208/1/217 176/1/184
f 178/1/186 210/1/219 209/1/218 177/1/185
f 179/1/187 211/1/220 210/1/219 178/1/186
f 180/1/188 212/1/221 211/1/220 179/1/187
f 181/1/189 213/1/222 212/1/221 180/1/188
f 182/1/190 214/1/223 213/1/222 181/1/189
f 183/1/191 215/1/224 214/1/223 182/1/190
f 184/1/192 216/1/225 215/1/224 183/1/191
f 185/1/193 217/1/226 216/1/225 184/1/192
f 186/1/194 218/1/227 217/1/226 185/1/193
f 187/1/195 219/1/228 218/1/227 186/1/194
f 188/1/196 220/1/229 219/1/228 187/1/195
f 189/1/197 221/1/230 220/1/229 188/1/196
f 190/1/198 222/1/231 221/1/230 189/1/197
f 191/1/199 223/1/232 222/1/231 190/1/198
f 192/1/200 224/1/233 223/1/232 191/1/199
f 193/1/201 225/1/234 224/1/233 192/1/200
f 163/1/202 195/1/235 225/1/234 193/1/201
f 194/1/203 226/1/236 227/1/237 195/1/204
f 196/1/205 228/1/238 226/1/236 194/1/203
f 197/1/206 229/1/239 228/1/238 196/1/205
f 198/1/207 230/1/240 229/1/239 197/1/206
f 199/1/208 231/1/241 230/1/240 198/1/207
f 200/1/209 232/1/242 231/1/241 199/1/208
f 201/1/210 233/1/243 232/1/242 200/1/209
f 202/1/211 234/1/244 233/1/243 201/1/210
f 203/1/212 235/1/245 234/1/244 202/1/211
f 204/1/213 236/1/246 235/1/245 203/1/212
f 205/1/214 237/1/247 236/1/246 204/1/213
f 206/1/215 238/1/248 237/1/247 205/1/214
f 207/1/216 239/1/249 238/1/248 206/1/215
f 208/1/217 240/1/250 239/1/249 207/1/216
f 209/1/218 241/1/251 240/1/250 208/1/217
f 210/1/219 242/1/252 241/1/251 209/1/218
f 211/1/220 243/1/253 242/1/252 210/1/219
f 212/1/221 244/1/254 243/1/253 211/1/220
f 213/1/222 245/1/255 244/1/254 212/1/221
f 214/1/223 246/1/256 245/1/255 213/1/222
f 215/1/224 247/1/257 246/1/256 214/1/223
f 216/1/225 248/1/258 247/1/257 215/1/224
f 217/1/226 249/1/259 248/1/258 216/1/225
f 218/1/227 250/1/260 249/1/259 217/1/226
f 219/1/228 251/1/261 250/1/260 218/1/227
f 220/1/229 252/1/262 251/1/261 219/1/228
f 221/1/230 253/1/263 252/1/262 220/1/229
f 222/1/231 254/1/264 253/1/263 221/1/230
f 223/1/232 255/1/265 254/1/264 222/1/231
f 224/1/233 256/1/266 255/1/265 223/1/232
f 225/1/234 257/1/267 256/1/266 224/1/233
f 195/1/235 227/1/268 257/1/267 225/1/234
f 226/1/236 258/1/269 259/1/270 227/1/237
f 228/1/238 260/1/271 258/1/269 226/1/236
f 229/1/239 261/1/272 260/1/271 228/1/238
f 230/1/240 262/1/273 261/1/272 229/1/239
f 231/1/241 263/1/274 262/1/273 230/1/240
f 232/1/242 264/1/275 263/1/274 231/1/241
f 233/1/243 265/1/276 264/1/275 232/1/242
f 234/1/244 266/1/277 265/1/276 233/1/243
f 235/1/245 267/1/278 266/1/277 234/1/244
f 236/1/246 268/1/279 267/1/278 235/1/245
f 237/1/247 269/1/280 268/1/279 236/1/246
f 238/1/248 270/1/281 269/1/280 237/1/247
f 239/1/249 271/1/282 270/1/281 238/1/248
f 240/1/250 272/1/283 271/1/282 239/1/249
f 241/1/251 273/1/284 272/1/283 240/1/250
f 242/1/252 274/1/285 273/1/284 241/1/251
f 243/1/253 275/1/286 274/1/285 242/1/252
f 244/1/254 276/1/287 275/1/286 243/1/253
f 245/1/255 277/1/288 276/1/287 244/1/254
f 246/1/256 278/1/289 277/1/288 245/1/255
f 247/1/257 279/1/290 278/1/289 246/1/256
f 248/1/258 280/1/291 279/1/290 247/1/257
f 249/1/259 281/1/292 280/1/291 248/1/258
f 250/1/260 282/1/293 281/1/292 249/1/259
f 251/1/261 283/1/294 282/1/293 250/1/260
f 252/1/262 284/1/295 283/1/294 251/1/261
f 253/1/263 285/1/296 284/1/295 252/1/262
f 254/1/264 286/1/297 285/1/296 253/1/263
f 255/1/265 287/1/298 286/1/297 254/1/264
f 256/1/266 288/1/299 287/1/298 255/1/265
f 257/1/267 289/1/300 288/1/299 256/1/266
f 227/1/268 259/1/301 289/1/300 257/1/267
f 258/1/269 290/1/302 291/1/303 259/1/270
f 260/1/271 292/1/304 290/1/302 258/1/269
f 261/1/272 293/1/305 292/1/304 260/1/271
f 262/1/273 294/1/306 293/1/305 261/1/272
f 263/1/274 295/1/307 294/1/306 262/1/273
f 264/1/275 296/1/308 295/1/307 263/1/274
f 265/1/276 297/1/309 296/1/308 264/1/275
f 266/1/277 298/1/310 297/1/309 265/1/276
f 267/1/278 299/1/311 298/1/310 266/1/277
f 268/1/279 300/1/312 299/1/311 267/1/278
f 269/1/280 301/1/313 300/1/312 268/1/279
f 270/1/281 302/1/314 301/1/313 269/1/280
f 271/1/282 303/1/315 302/1/314 270/1/281
f 272/1/283 304/1/316 303/1/315 271/1/282
f 273/1/284 305/1/317 304/1/316 272/1/283
f 274/1/285 306/1/318 305/1/317 273/1/284
f 275/1/286 307/1/319 306/1/318 274/1/285
f 276/1/287 308/1/320 307/1/319 275/1/286
f 277/1/288 309/1/321 308/1/320 276/1/287
f 278/1/289 310/1/322 309/1/321 277/1/288
f 279/1/290 311/1/323 310/1/322 278/1/289
f 280/1/291 312/1/324 311/1/323 279/1/290
f 281/1/292 313/1/325 312/1/324 280/1/291
f 282/1/293 314/1/326 313/1/325 281/1/292
f 283/1/294 315/1/327 314/1/326 282/1/293
f 284/1/295 316/1/328 315/1/327 283/1/294
f 285/1/296 317/1/329 316/1/328 284/1/295
f 286/1/297 318/1/330 317/1/329 285/1/296
f 287/1/298 319/1/331 318/1/330 286/1/297
f 288/1/299 320/1/332 319/1/331 287/1/298
f 289/1/300 321/1/333 320/1/332 288/1/299
f 259/1/301 291/1/334 321/1/333 289/1/300
f 290/1/302 322/1/335 323/1/336 291/1/303
f 292/1/304 324/1/337 322/1/335 290/1/302
f 293/1/305 325/1/338 324/1/337 292/1/304
f 294/1/306 326/1/339 325/1/338 293/1/305
f 295/1/307 327/1/340 326/1/339 294/1/306
f 296/1/308 328/1/341 327/1/340 295/1/307
f 297/1/309 329/1/342 328/1/341 296/1/308
f 298/1/310 330/1/343 329/1/342 297/1/309
f 299/1/311 331/1/344 330/1/343 298/1/310
f 300/1/312 332/1/345 331/1/344 299/1/311
f 301/1/313 333/1/346 332/1/345 300/1/312
f 302/1/314 334/1/347 333/1/346 301/1/313
f 303/1/315 335/1/348 334/1/347 302/1/314
f 304/1/316 336/1/349 335/1/348 303/1/315
f 305/1/317 337/1/350 336/1/349 304/1/316
f 306/1/318 338/1/351 337/1/350 305/1/317
f 307/1/319 339/1/352 338/1/351 306/1/318
f 308/1/320 340/1/353 339/1/352 307/1/319
f 309/1/321 341/1/354 340/1/353 308/1/320
f 310/1/322 342/1/355 341/1/354 309/1/321
f 311/1/323 343/1/356 342/1/355 310/1/322
f 312/1/324 344/1/357 343/1/356 311/1/323
f 313/1/325 345/1/358 344/1/357 312/1/324
f 314/1/326 346/1/359 345/1/358 313/1/325
f 315/1/327 347/1/360 346/1/359 314/1/326
f 316/1/328 348/1/361 347/1/360 315/1/327
f 317/1/329 349/1/362 348/1/361 316/1/328
f 318/1/330 350/1/363 349/1/362 317/1/329
f 319/1/331 351/1/364 350/1/363 318/1/330
f 320/1/332 352/1/365 351/1/364 319/1/331
f 321/1/333 353/1/366 352/1/365 320/1/332
f 291/1/334 323/1/367 353/1/366 321/1/333
f 322/1/335 354/1/368 355/1/369 323/1/336
f 324/1/337 356/1/370 354/1/368 322/1/335
f 325/1/338 357/1/371 356/1/370 324/1/337
f 326/1/339 358/1/372 357/1/371 325/1/338
f 327/1/340 359/1/373 358/1/372 326/1/339
f 328/1/341 360/1/374 359/1/373 327/1/340
f 329/1/342 361/1/375 360/1/374 328/1/341
f 330/1/343 362/1/376 361/1/375 329/1/342
f 331/1/344 363/1/377 362/1/376 330/1/343
f 332/1/345 364/1/378 363/1/377 331/1/344
f 333/1/346 365/1/379 364/1/378 332/1/345
f 334/1/347 366/1/380 365/1/379 333/1/346
f 335/1/348 367/1/381 366/1/380 334/1/347
f 336/1/349 368/1/382 367/1/381 335/1/348
f 337/1/350 369/1/383 368/1/382 336/1/349
f 338/1/351 370/1/384 369/1/383 337/1/350
f 339/1/352 371/1/385 370/1/384 338/1/351
f 340/1/353 372/1/386 371/1/385 339/1/352
f 341/1/354 373/1/387 372/1/386 340/1/353
f 342/1/355 374/1/388 373/1/387 341/1/354
f 343/1/356 375/1/389 374/1/388 342/1/355
f 344/1/357 376/1/390 375/1/389 343/1/356
f 345/1/358 377/1/391 376/1/390 344/1/357
f 346/1/359 378/1/392 377/1/391 345/1/358
f 347/1/360 379/1/393 378/1/392 346/1/359
f 348/1/361 380/1/394 379/1/393 347/1/360
f 349/1/362 381/1/395 380/1/394 348/1/361
f 350/1/363 382/1/396 381/1/395 349/1/362
f 351/1/364 383/1/397 382/1/396 350/1/363
f 352/1/365 384/1/398 383/1/397 351/1/364
f 353/1/366 385/1/399 384/1/398 352/1/365
f 323/1/367 355/1/400 385/1/399 353/1/366
f 354/1/368 386/1/401 387/1/402 355/1/369
f 356/1/370 388/1/403 386/1/401 354/1/368
f 357/1/371 389/1/404 388/1/403 356/1/370
f 358/1/372 390/1/405 389/1/404 357/1/371
f 359/1/373 391/1/406 390/1/405 358/1/372
f 360/1/374 392/1/407 391/1/406 359/1/373
f 361/1/375 393/1/408 392/1/407 360/1/374
f 362/1/376 394/1/409 393/1/408 361/1/375
f 363/1/377 395/1/410 394/1/409 362/1/376
f 364/1/378 396/1/411 395/1/410 363/1/377
f 365/1/379 397/1/412 396/1/411 364/1/378
f 366/1/380 398/1/413 397/1/412 365/1/379
f 367/1/381 399/1/414 398/1/413 366/1/380
f 368/1/382 400/1/415 399/1/414 367/1/381
f 369/1/383 401/1/416 400/1/415 368/1/382
f 370/1/384 402/1/417 401/1/416 369/1/383
f 371/1/385 403/1/418 402/1/417 370/1/384
f 372/1/386 404/1/419 403/1/418 371/1/385
f 373/1/387 405/1/420 404/1/419 372/1/386
f 374/1/388 406/1/421 405/1/420 373/1/387
f 375/1/389 407/1/422 406/1/421 374/1/388
f 376/1/390 408/1/423 407/1/422 375/1/389
f 377/1/391 409/1/424 408/1/423 376/1/390
f 378/1/392 410/1/425 409/1/424 377/1/391
f 379/1/393 411/1/426 410/1/425 378/1/392
f 380/1/394 412/1/427 411/1/426 379/1/393
f 381/1/395 413/1/428 412/1/427 380/1/394
f 382/1/396 414/1/429 413/1/428 381/1/395
f 383/1/397 415/1/430 414/1/429 382/1/396
f 384/1/398 416/1/431 415/1/430 383/1/397
f 385/1/399 417/1/432 416/1/431 384/1/398
f 355/1/400 387/1/433 417/1/432 385/1/399
f 386/1/401 418/1/434 419/1/435 387/1/402
f 388/1/403 420/1/436 418/1/434 386/1/401
f 389/1/404 421/1/437 420/1/436 388/1/403
f 390/1/405 422/1/438 421/1/437 389/1/404
f 391/1/406 423/1/439 422/1/438 390/1/405
f 392/1/407 424/1/440 423/1/439 391/1/406
f 393/1/408 425/1/441 424/1/440 392/1/407
f 394/1/409 426/1/442 425/1/441 393/1/408
f 395/1/410 427/1/443 426/1/442 394/1/409
f 396/1/411 428/1/444 427/1/443 395/1/410
f 397/1/412 429/1/445 428/1/444 396/1/411
f 398/1/413 430/1/446 429/1/445 397/1/412
f 399/1/414 431/1/447 430/1/446 398/1/413
f 400/1/415 432/1/448 431/1/447 399/1/414
f 401/1/416 433/1/449 432/1/448 400/1/415
f 402/1/417 434/1/450 433/1/449 401/1/416
f 403/1/418 435/1/451 434/1/450 402/1/417
f 404/1/419 436/1/452 435/1/451 403/1/418
f 405/1/420 437/1/453 436/1/452 404/1/419
f 406/1/421 438/1/454 437/1/453 405/1/420
f 407/1/422 439/1/455 438/1/454 406/1/421
f 408/1/423 440/1/456 439/1/455 407/1/422
f 409/1/424 441/1/457 440/1/456 408/1/423
f 410/1/425 442/1/458 441/1/457 409/1/424
f 411/1/426 443/1/459 442/1/458 410/1/425
f 412/1/427 444/1/460 443/1/459 411/1/426
f 413/1/428 445/1/461 444/1/460 412/1/427
f 414/1/429 446/1/462 445/1/461 413/1/428
f 415/1/430 447/1/463 446/1/462 414/1/429
f 416/1/431 448/1/464 447/1/463 415/1/430
f 417/1/432 449/1/465 448/1/464 416/1/431
f 387/1/433 419/1/466 449/1/465 417/1/432
f 418/1/434 450/1/467 451/1/468 419/1/435
f 420/1/436 452/1/469 450/1/467 418/1/434
f 421/1/437 453/1/470 452/1/469 420/1/436
f 422/1/438 454/1/471 453/1/470 421/1/437
f 423/1/439 455/1/472 454/1/471 422/1/438
f 424/1/440 456/1/473 455/1/472 423/1/439
f 425/1/441 457/1/474 456/1/473 424/1/440
f 426/1/442 458/1/475 457/1/474 425/1/441
f 427/1/443 459/1/476 458/1/475 426/1/442
f 428/1/444 460/1/477 459/1/476 427/1/443
f 429/1/445 461/1/478 460/1/477 428/1/444
f 430/1/446 462/1/479 461/1/478 429/1/445
f 431/1/447 463/1/480 462/1/479 430/1/446
f 432/1/448 464/1/481 463/1/480 431/1/447
f 433/1/449 465/1/482 464/1/481 432/1/448
f 434/1/450 466/1/483 465/1/482 433/1/449
f 435/1/451 467/1/484 466/1/483 434/1/450
f 436/1/452 468/1/485 467/1/484 435/1/451
f 437/1/453 469/1/486 468/1/485 436/1/452
f 438/1/454 470/1/487 469/1/486 437/1/453
f 439/1/455 471/1/488 470/1/487 438/1/454
f 440/1/456 472/1/489 471/1/488 439/1/455
f 441/1/457 473/1/490 472/1/489 440/1/456
f 442/1/458 474/1/491 473/1/490 441/1/457
f 443/1/459 475/1/492 474/1/491 442/1/458
f 444/1/460 476/1/493 475/1/492 443/1/459
f 445/1/461 477/1/494 476/1/493 444/1/460
f 446/1/462 478/1/495 477/1/494 445/1/461
f 447/1/463 479/1/496 478/1/495 446/1/462
f 448/1/464 480/1/497 479/1/496 447/1/463
f 449/1/465 481/1/498 480/1/497 448/1/464
f 419/1/466 451/1/499 481/1/498 449/1/465
f 450/1/467 482/1/500 451/1/468
f 452/1/469 482/1/500 450/1/467
f 453/1/470 482/1/500 452/1/469
f 454/1/471 482/1/500 453/1/470
f 455/1/472 482/1/500 454/1/471
f 456/1/473 482/1/500 455/1/472
f 457/1/474 482/1/500 456/1/473
f 458/1/475 482/1/500 457/1/474
f 459/1/476 482/1/500 458/1/475
f 460/1/477 482/1/501 459/1/476
f 461/1/478 482/1/501 460/1/477
f 462/1/479 482/1/501 461/1/478
f 463/1/480 482/1/501 462/1/479
f 464/1/481 482/1/501 463/1/480
f 465/1/482 482/1/501 464/1/481
f 466/1/483 482/1/501 465/1/482
f 467/1/484 482/1/501 466/1/483
f 468/1/485 482/1/502 467/1/484
f 469/1/486 482/1/502 468/1/485
f 470/1/487 482/1/502 469/1/486
f 471/1/488 482/1/502 470/1/487
f 472/1/489 482/1/502 471/1/488
f 473/1/490 482/1/502 472/1/489
f 474/1/491 482/1/502 473/1/490
f 475/1/492 482/1/502 474/1/491
f 476/1/493 482/1/503 475/1/492
f 477/1/494 482/1/503 476/1/493
f 478/1/495 482/1/503 477/1/494
f 479/1/496 482/1/503 478/1/495
f 480/1/497 482/1/503 479/1/496
f 481/1/498 482/1/503 480/1/497
f 451/1/499 482/1/503 481/1/498
usemtl gold
f 483/1/504 484/1/504 485/1/504 486/1/504
f 484/1/505 487/1/505 488/1/505 485/1/505
f 487/1/506 489/1/506 490/1/506 488/1/506
f 489/1/507 491/1/507 492/1/507 490/1/507
f 491/1/508 493/1/508 494/1/508 492/1/508
f 493/1/509 495/1/509 496/1/509 494/1/509
f 495/1/510 497/1/510 498/1/510 496/1/510
f 497/1/511 499/1/511 500/1/511 498/1/511
f 499/1/512 501/1/512 502/1/512 500/1/512
f 501/1/513 503/1/513 504/1/513 502/1/513
f 503/1/514 505/1/514 506/1/514 504/1/514
f 505/1/515 507/1/515 508/1/515 506/1/515
f 507/1/516 509/1/516 510/1/516 508/1/516
f 509/1/517 511/1/517 512/1/517 510/1/517
f 511/1/518 513/1/518 514/1/518 512/1/518
f 513/1/519 515/1/519 516/1/519 514/1/519
f 515/1/520 517/1/520 518/1/520 516/1/520
f 517/1/521 519/1/521 520/1/521 518/1/521
f 519/1/522 521/1/522 522/1/522 520/1/522
f 521/1/523 523/1/523 524/1/523 522/1/523
f 523/1/524 525/1/524 526/1/524 524/1/524
f 525/1/525 527/1/525 528/1/525 526/1/525
f 527/1/526 529/1/526 530/1/526 528/1/526
f 529/1/527 531/1/527 532/1/527 530/1/527
f 531/1/528 533/1/528 534/1/528 532/1/528
f 533/1/529 535/1/529 536/1/529 534/1/529
f 535/1/530 537/1/530 538/1/530 536/1/530
f 537/1/531 539/1/531 540/1/531 538/1/531
f 539/1/532 541/1/532 542/1/532 540/1/532
f 541/1/533 543/1/533 544/1/533 542/1/533
f 543/1/534 545/1/534 546/1/534 544/1/534
f 545/1/535 547/1/535 548/1/535 546/1/535
f 547/1/536 549/1/536 550/1/536 548/1/536
f 549/1/537 551/1/537 552/1/537 550/1/537
f 551/1/538 553/1/538 554/1/538 552/1/538
f 553/1/539 483/1/539 486/1/539 554/1/539
f 486/1/540 485/1/540 555/1/540 556/1/540
f 485/1/541 488/1/541 557/1/541 555/1/541
f 488/1/542 490/1/542 558/1/542 557/1/542
f 490/1/543 492/1/543 559/1/543 558/1/543
f 492/1/369 494/1/369 560/1/369 559/1/369
f 494/1/544 496/1/544 561/1/544 560/1/544
f 496/1/545 498/1/545 562/1/545 561/1/545
f 498/1/546 500/1/546 563/1/546 562/1/546
f 500/1/547 502/1/547 564/1/547 563/1/547
f 502/1/548 504/1/548 565/1/548 564/1/548
f 504/1/549 506/1/549 566/1/549 565/1/549
f 506/1/550 508/1/550 567/1/550 566/1/550
f 508/1/551 510/1/551 568/1/551 567/1/551
f 510/1/384 512/1/384 569/1/384 568/1/384
f 512/1/552 514/1/552 570/1/552 569/1/552
f 514/1/553 516/1/553 571/1/553 570/1/553
f 516/1/554 518/1/554 572/1/554 571/1/554
f 518/1/555 520/1/555 573/1/555 572/1/555
f 520/1/556 522/1/556 574/1/556 573/1/556
f 522/1/557 524/1/557 575/1/557 574/1/557
f 524/1/558 526/1/558 576/1/558 575/1/558
f 526/1/559 528/1/559 577/1/559 576/1/559
f 528/1/560 530/1/560 578/1/560 577/1/560
f 530/1/561 532/1/561 579/1/561 578/1/561
f 532/1/562 534/1/562 580/1/562 579/1/562
f 534/1/563 536/1/563 581/1/563 580/1/563
f 536/1/564 538/1/564 582/1/564 581/1/564
f 538/1/565 540/1/565 583/1/565 582/1/565
f 540/1/566 542/1/566 584/1/566 583/1/566
f 542/1/567 544/1/567 585/1/567 584/1/567
f 544/1/568 546/1/568 586/1/568 585/1/568
f 546/1/136 548/1/136 587/1/136 586/1/136
f 548/1/569 550/1/569 588/1/569 587/1/569
f 550/1/570 552/1/570 589/1/570 588/1/570
f 552/1/571 554/1/571 590/1/571 589/1/571
f 554/1/572 486/1/572 556/1/572 590/1/572
f 556/1/573 555/1/573 591/1/573 592/1/573
f 555/1/574 557/1/574 593/1/574 591/1/574
f 557/1/575 558/1/575 594/1/575 593/1/575
f 558/1/576 559/1/576 595/1/576 594/1/576
f 559/1/577 560/1/577 596/1/577 595/1/577
f 560/1/578 561/1/578 597/1/578 596/1/578
f 561/1/579 562/1/579 598/1/579 597/1/579
f 562/1/580 563/1/580 599/1/580 598/1/580
f 563/1/581 564/1/581 600/1/581 599/1/581
f 564/1/582 565/1/582 601/1/582 600/1/582
f 565/1/583 566/1/583 602/1/583 601/1/583
f 566/1/584 567/1/584 603/1/584 602/1/584
f 567/1/585 568/1/585 604/1/585 603/1/585
f 568/1/586 569/1/586 605/1/586 604/1/586
f 569/1/587 570/1/587 606/1/587 605/1/587
f 570/1/588 571/1/588 607/1/588 606/1/588
f 571/1/589 572/1/589 608/1/589 607/1/589
f 572/1/590 573/1/590 609/1/590 608/1/590
f 573/1/591 574/1/591 610/1/591 609/1/591
f 574/1/592 575/1/592 611/1/592 610/1/592
f 575/1/593 576/1/593 612/1/593 611/1/593
f 576/1/594 577/1/594 613/1/594 612/1/594
f 577/1/595 578/1/595 614/1/595 613/1/595
f 578/1/596 579/1/596 615/1/596 614/1/596
f 579/1/597 580/1/597 616/1/597 615/1/597
f 580/1/598 581/1/598 617/1/598 616/1/598
f 581/1/599 582/1/599 618/1/599 617/1/599
f 582/1/600 583/1/600 619/1/600 618/1/600
f 583/1/601 584/1/601 620/1/601 619/1/601
f 584/1/602 585/1/602 621/1/602 620/1/602
f 585/1/603 586/1/603 622/1/603 621/1/603
f 586/1/604 587/1/604 623/1/604 622/1/604
f 587/1/605 588/1/605 624/1/605 623/1/605
f 588/1/606 589/1/606 625/1/606 624/1/606
f 589/1/607 590/1/607 626/1/607 625/1/607
f 590/1/608 556/1/608 592/1/608 626/1/608
f 627/1/609 628/1/609 629/1/609 630/1/609
f 628/1/610 631/1/610 632/1/610 629/1/610
f 631/1/611 633/1/611 634/1/611 632/1/611
f 633/1/612 635/1/612 636/1/612 634/1/612
f 635/1/613 637/1/613 638/1/613 636/1/613
f 637/1/614 639/1/614 640/1/614 638/1/614
f 639/1/615 641/1/615 642/1/615 640/1/615
f 641/1/616 643/1/616 644/1/616 642/1/616
f 643/1/617 645/1/617 646/1/617 644/1/617
f 645/1/618 647/1/618 648/1/618 646/1/618
f 647/1/619 649/1/619 650/1/619 648/1/619
f 649/1/620 651/1/620 652/1/620 650/1/620
f 651/1/621 653/1/621 654/1/621 652/1/621
f 653/1/622 655/1/622 656/1/622 654/1/622
f 655/1/623 657/1/623 658/1/623 656/1/623
f 657/1/624 659/1/624 660/1/624 658/1/624
f 659/1/625 661/1/625 662/1/625 660/1/625
f 661/1/626 663/1/626 664/1/626 662/1/626
f 663/1/627 665/1/627 666/1/627 664/1/627
f 665/1/628 667/1/628 668/1/628 666/1/628
f 667/1/629 669/1/629 670/1/629 668/1/629
f 669/1/630 671/1/630 672/1/630 670/1/630
f 671/1/631 673/1/631 674/1/631 672/1/631
f 673/1/632 675/1/632 676/1/632 674/1/632
f 675/1/633 677/1/633 678/1/633 676/1/633
f 677/1/634 679/1/634 680/1/634 678/1/634
f 679/1/635 681/1/635 682/1/635 680/1/635
f 681/1/636 683/1/636 684/1/636 682/1/636
f 683/1/637 685/1/637 686/1/637 684/1/637
f 685/1/638 687/1/638 688/1/638 686/1/638
f 687/1/639 689/1/639 690/1/639 688/1/639
f 689/1/640 691/1/640 692/1/640 690/1/640
f 691/1/641 693/1/641 694/1/641 692/1/641
f 693/1/642 695/1/642 696/1/642 694/1/642
f 695/1/643 697/1/643 698/1/643 696/1/643
f 697/1/644 627/1/644 630/1/644 698/1/644
f 630/1/645 629/1/645 699/1/645 700/1/645
f 629/1/646 632/1/646 701/1/646 699/1/646
f 632/1/647 634/1/647 702/1/647 701/1/647
f 634/1/648 636/1/648 703/1/648 702/1/648
f 636/1/649 638/1/649 704/1/649 703/1/649
f 638/1/650 640/1/650 705/1/650 704/1/650
f 640/1/651 642/1/651 706/1/651 705/1/651
f 642/1/652 644/1/652 707/1/652 706/1/652
f 644/1/653 646/1/653 708/1/653 707/1/653
f 646/1/654 648/1/654 709/1/654 708/1/654
f 648/1/655 650/1/655 710/1/655 709/1/655
f 650/1/656 652/1/656 711/1/656 710/1/656
f 652/1/657 654/1/657 712/1/657 711/1/657
f 654/1/658 656/1/658 713/1/658 712/1/658
f 656/1/659 658/1/659 714/1/659 713/1/659
f 658/1/660 660/1/660 715/1/660 714/1/660
f 660/1/661 662/1/661 716/1/661 715/1/661
f 662/1/662 664/1/662 717/1/662 716/1/662
f 664/1/663 666/1/663 718/1/663 717/1/663
f 666/1/664 668/1/664 719/1/664 718/1/664
f 668/1/665 670/1/665 720/1/665 719/1/665
f 670/1/666 672/1/666 721/1/666 720/1/666
f 672/1/667 674/1/667 722/1/667 721/1/667
f 674/1/668 676/1/668 723/1/668 722/1/668
f 676/1/669 678/1/669 724/1/669 723/1/669
f 678/1/670 680/1/670 725/1/670 724/1/670
f 680/1/671 682/1/671 726/1/671 725/1/671
f 682/1/672 684/1/672 727/1/672 726/1/672
f 684/1/673 686/1/673 728/1/673 727/1/673
f 686/1/674 688/1/674 729/1/674 728/1/674
f 688/1/675 690/1/675 730/1/675 729/1/675
f 690/1/676 692/1/676 731/1/676 730/1/676
f 692/1/677 694/1/677 732/1/677 731/1/677
f 694/1/678 696/1/678 733/1/678 732/1/678
f 696/1/679 698/1/679 734/1/679 733/1/679
f 698/1/680 630/1/680 700/1/680 734/1/680
f 700/1/681 699/1/681 735/1/681 736/1/681
f 699/1/682 701/1/682 737/1/682 735/1/682
f 701/1/683 702/1/683 738/1/683 737/1/683
f 702/1/684 703/1/684 739/1/684 738/1/684
f 703/1/685 704/1/685 740/1/685 739/1/685
f 704/1/686 705/1/686 741/1/686 740/1/686
f 705/1/687 706/1/687 742/1/687 741/1/687
f 706/1/688 707/1/688 743/1/688 742/1/688
f 707/1/689 708/1/689 744/1/689 743/1/689
f 708/1/690 709/1/690 745/1/690 744/1/690
f 709/1/691 710/1/691 746/1/691 745/1/691
f 710/1/692 711/1/692 747/1/692 746/1/692
f 711/1/693 712/1/693 748/1/693 747/1/693
f 712/1/694 713/1/694 749/1/694 748/1/694
f 713/1/695 714/1/695 750/1/695 749/1/695
f 714/1/696 715/1/696 751/1/696 750/1/696
f 715/1/697 716/1/697 752/1/697 751/1/697
f 716/1/698 717/1/698 753/1/698 752/1/698
f 717/1/699 718/1/699 754/1/699 753/1/699
f 718/1/700 719/1/700 755/1/700 754/1/700
f 719/1/701 720/1/701 756/1/701 755/1/701
f 720/1/702 721/1/702 757/1/702 756/1/702
f 721/1/703 722/1/703 758/1/703 757/1/703
f 722/1/704 723/1/704 759/1/704 758/1/704
f 723/1/705 724/1/705 760/1/705 759/1/705
f 724/1/706 725/1/706 761/1/706 760/1/706
f 725/1/707 726/1/707 762/1/707 761/1/707
f 726/1/708 727/1/708 763/1/708 762/1/708
f 727/1/709 728/1/709 764/1/709 763/1/709
f 728/1/710 729/1/710 765/1/710 764/1/710
f 729/1/711 730/1/711 766/1/711 765/1/711
f 730/1/712 731/1/712 767/1/712 766/1/712
f 731/1/713 732/1/713 768/1/713 767/1/713
f 732/1/714 733/1/714 769/1/714 768/1/714
f 733/1/715 734/1/715 770/1/715 769/1/715
f 734/1/716 700/1/716 736/1/716 770/1/716
f 771/1/717 772/1/717 773/1/717 774/1/717
f 772/1/718 775/1/718 776/1/718 773/1/718
f 775/1/719 777/1/719 778/1/719 776/1/719
f 777/1/720 779/1/720 780/1/720 778/1/720
f 779/1/721 781/1/721 782/1/721 780/1/721
f 781/1/722 783/1/722 784/1/722 782/1/722
f 783/1/723 785/1/723 786/1/723 784/1/723
f 785/1/724 787/1/724 788/1/724 786/1/724
f 787/1/725 789/1/725 790/1/725 788/1/725
f 789/1/726 791/1/726 792/1/726 790/1/726
f 791/1/727 793/1/727 794/1/727 792/1/727
f 793/1/728 795/1/728 796/1/728 794/1/728
f 795/1/729 797/1/729 798/1/729 796/1/729
f 797/1/730 799/1/730 800/1/730 798/1/730
f 799/1/731 801/1/731 802/1/731 800/1/731
f 801/1/732 803/1/732 804/1/732 802/1/732
f 803/1/733 805/1/733 806/1/733 804/1/733
f 805/1/734 807/1/734 808/1/734 806/1/734
f 807/1/735 809/1/735 810/1/735 808/1/735
f 809/1/736 811/1/736 812/1/736 810/1/736
f 811/1/737 813/1/737 814/1/737 812/1/737
f 813/1/738 815/1/738 816/1/738 814/1/738
f 815/1/739 817/1/739 818/1/739 816/1/739
f 817/1/740 819/1/740 820/1/740 818/1/740
f 819/1/741 821/1/741 822/1/741 820/1/741
f 821/1/742 823/1/742 824/1/742 822/1/742
f 823/1/743 825/1/743 826/1/743 824/1/743
f 825/1/744 827/1/744 828/1/744 826/1/744
f 827/1/745 829/1/745 830/1/745 828/1/745
f 829/1/746 831/1/746 832/1/746 830/1/746
f 831/1/747 833/1/747 834/1/747 832/1/747
f 833/1/748 835/1/748 836/1/748 834/1/748
f 835/1/749 837/1/749 838/1/749 836/1/749
f 837/1/750 839/1/750 840/1/750 838/1/750
f 839/1/751 841/1/751 842/1/751 840/1/751
f 841/1/752 771/1/752 774/1/752 842/1/752
f 774/1/753 773/1/753 843/1/753 844/1/753
f 773/1/754 776/1/754 845/1/754 843/1/754
f 776/1/755 778/1/755 846/1/755 845/1/755
f 778/1/756 780/1/756 847/1/756 846/1/756
f 780/1/240 782/1/240 848/1/240 847/1/240
f 782/1/757 784/1/757 849/1/757 848/1/757
f 784/1/758 786/1/758 850/1/758 849/1/758
f 786/1/759 788/1/759 851/1/759 850/1/759
f 788/1/760 790/1/760 852/1/760 851/1/760
f 790/1/761 792/1/761 853/1/761 852/1/761
f 792/1/762 794/1/762 854/1/762 853/1/762
f 794/1/763 796/1/763 855/1/763 854/1/763
f 796/1/764 798/1/764 856/1/764 855/1/764
f 798/1/501 800/1/501 857/1/501 856/1/501
f 800/1/765 802/1/765 858/1/765 857/1/765
f 802/1/766 804/1/766 859/1/766 858/1/766
f 804/1/767 806/1/767 860/1/767 859/1/767
f 806/1/768 808/1/768 861/1/768 860/1/768
f 808/1/769 810/1/769 862/1/769 861/1/769
f 810/1/770 812/1/770 863/1/770 862/1/770
f 812/1/771 814/1/771 864/1/771 863/1/771
f 814/1/772 816/1/772 865/1/772 864/1/772
f 816/1/667 818/1/667 866/1/667 865/1/667
f 818/1/773 820/1/773 867/1/773 866/1/773
f 820/1/774 822/1/774 868/1/774 867/1/774
f 822/1/775 824/1/775 869/1/775 868/1/775
f 824/1/776 826/1/776 870/1/776 869/1/776
f 826/1/777 828/1/777 871/1/777 870/1/777
f 828/1/778 830/1/778 872/1/778 871/1/778
f 830/1/779 832/1/779 873/1/779 872/1/779
f 832/1/780 834/1/780 874/1/780 873/1/780
f 834/1/31 836/1/31 875/1/31 874/1/31
f 836/1/781 838/1/781 876/1/781 875/1/781
f 838/1/782 840/1/782 877/1/782 876/1/782
f 840/1/783 842/1/783 878/1/783 877/1/783
f 842/1/784 774/1/784 844/1/784 878/1/784
f 844/1/785 843/1/785 879/1/785 880/1/785
f 843/1/786 845/1/786 881/1/786 879/1/786
f 845/1/787 846/1/787 882/1/787 881/1/787
f 846/1/788 847/1/788 883/1/788 882/1/788
f 847/1/789 848/1/789 884/1/789 883/1/789
f 848/1/790 849/1/790 885/1/790 884/1/790
f 849/1/791 850/1/791 886/1/791 885/1/791
f 850/1/792 851/1/792 887/1/792 886/1/792
f 851/1/793 852/1/793 888/1/793 887/1/793
f 852/1/794 853/1/794 889/1/794 888/1/794
f 853/1/795 854/1/795 890/1/795 889/1/795
f 854/1/796 855/1/796 891/1/796 890/1/796
f 855/1/797 856/1/797 892/1/797 891/1/797
f 856/1/798 857/1/798 893/1/798 892/1/798
f 857/1/799 858/1/799 894/1/799 893/1/799
f 858/1/800 859/1/800 895/1/800 894/1/800
f 859/1/801 860/1/801 896/1/801 895/1/801
f 860/1/802 861/1/802 897/1/802 896/1/802
f 861/1/803 862/1/803 898/1/803 897/1/803
f 862/1/804 863/1/804 899/1/804 898/1/804
f 863/1/805 864/1/805 900/1/805 899/1/805
f 864/1/806 865/1/806 901/1/806 900/1/806
f 865/1/807 866/1/807 902/1/807 901/1/807
f 866/1/808 867/1/808 903/1/808 902/1/808
f 867/1/809 868/1/809 904/1/809 903/1/809
f 868/1/810 869/1/810 905/1/810 904/1/810
f 869/1/811 870/1/811 906/1/811 905/1/811
f 870/1/812 871/1/812 907/1/812 906/1/812
f 871/1/813 872/1/813 908/1/813 907/1/813
f 872/1/814 873/1/814 909/1/814 908/1/814
f 873/1/815 874/1/815 910/1/815 909/1/815
f 874/1/816 875/1/816 911/1/816 910/1/816
f 875/1/817 876/1/817 912/1/817 911/1/817
f 876/1/818 877/1/818 913/1/818 912/1/818
f 877/1/819 878/1/819 914/1/819 913/1/819
f 878/1/820 844/1/820 880/1/820 914/1/820
f 915/1/821 916/1/821 917/1/821 918/1/821
f 916/1/822 919/1/822 920/1/822 917/1/822
f 919/1/823 921/1/823 922/1/823 920/1/823
f 921/1/824 923/1/824 924/1/824 922/1/824
f 923/1/825 925/1/825 926/1/825 924/1/825
f 925/1/826 927/1/826 928/1/826 926/1/826
f 927/1/827 929/1/827 930/1/827 928/1/827
f 929/1/828 931/1/828 932/1/828 930/1/828
f 931/1/829 933/1/829 934/1/829 932/1/829
f 933/1/830 935/1/830 936/1/830 934/1/830
f 935/1/831 937/1/831 938/1/831 936/1/831
f 937/1/832 939/1/832 940/1/832 938/1/832
f 939/1/833 941/1/833 942/1/833 940/1/833
f 941/1/834 943/1/834 944/1/834 942/1/834
f 943/1/835 945/1/835 946/1/835 944/1/835
f 945/1/836 915/1/836 918/1/836 946/1/836
f 918/1/277 917/1/277 947/1/277 948/1/277
f 917/1/343 920/1/343 949/1/343 947/1/343
f 920/1/409 922/1/409 950/1/409 949/1/409
f 922/1/475 924/1/475 951/1/475 950/1/475
f 924/1/837 926/1/837 952/1/837 951/1/837
f 926/1/838 928/1/838 953/1/838 952/1/838
f 928/1/839 930/1/839 954/1/839 953/1/839
f 930/1/840 932/1/840 955/1/840 954/1/840
f 932/1/841 934/1/841 956/1/841 955/1/841
f 934/1/842 936/1/842 957/1/842 956/1/842
f 936/1/843 938/1/843 958/1/843 957/1/843
f 938/1/844 940/1/844 959/1/844 958/1/844
f 940/1/10 942/1/10 960/1/10 959/1/10
f 942/1/79 944/1/79 961/1/79 960/1/79
f 944/1/145 946/1/145 962/1/145 961/1/145
f 946/1/211 918/1/211 948/1/211 962/1/211
f 948/1/845 947/1/845 963/1/845 964/1/845
f 947/1/846 949/1/846 965/1/846 963/1/846
f 949/1/847 950/1/847 966/1/847 965/1/847
f 950/1/848 951/1/848 967/1/848 966/1/848
f 951/1/849 952/1/849 968/1/849 967/1/849
f 952/1/850 953/1/850 969/1/850 968/1/850
f 953/1/851 954/1/851 970/1/851 969/1/851
f 954/1/852 955/1/852 971/1/852 970/1/852
f 955/1/853 956/1/853 972/1/853 971/1/853
f 956/1/854 957/1/854 973/1/854 972/1/854
f 957/1/855 958/1/855 974/1/855 973/1/855
f 958/1/856 959/1/856 975/1/856 974/1/856
f 959/1/857 960/1/857 976/1/857 975/1/857
f 960/1/858 961/1/858 977/1/858 976/1/858
f 961/1/859 962/1/859 978/1/859 977/1/859
f 962/1/860 948/1/860 964/1/860 978/1/860
usemtl mana_light
f 979/1/861 980/1/861 981/1/861
f 979/1/862 982/1/862 980/1/862
f 979/1/863 983/1/863 982/1/863
f 979/1/864 984/1/864 983/1/864
f 979/1/865 985/1/865 984/1/865
f 979/1/866 986/1/866 985/1/866
f 979/1/867 987/1/867 986/1/867
f 979/1/868 988/1/868 987/1/868
f 979/1/869 989/1/869 988/1/869
f 979/1/870 990/1/870 989/1/870
f 979/1/871 991/1/871 990/1/871
f 979/1/872 992/1/872 991/1/872
f 979/1/873 993/1/873 992/1/873
f 979/1/874 994/1/874 993/1/874
f 979/1/875 995/1/875 994/1/875
f 979/1/876 981/1/876 995/1/876
f 981/1/877 980/1/877 996/1/877 997/1/877
f 980/1/878 982/1/878 998/1/878 996/1/878
f 982/1/879 983/1/879 999/1/879 998/1/879
f 983/1/880 984/1/880 1000/1/880 999/1/880
f 984/1/881 985/1/881 1001/1/881 1000/1/881
f 985/1/882 986/1/882 1002/1/882 1001/1/882
f 986/1/883 987/1/883 1003/1/883 1002/1/883
f 987/1/884 988/1/884 1004/1/884 1003/1/884
f 988/1/885 989/1/885 1005/1/885 1004/1/885
f 989/1/886 990/1/886 1006/1/886 1005/1/886
f 990/1/887 991/1/887 1007/1/887 1006/1/887
f 991/1/888 992/1/888 1008/1/888 1007/1/888
f 992/1/889 993/1/889 1009/1/889 1008/1/889
f 993/1/890 994/1/890 1010/1/890 1009/1/890
f 994/1/891 995/1/891 1011/1/891 1010/1/891
f 995/1/892 981/1/892 997/1/892 1011/1/892
usemtl gold_edge
f 1012/1/310 1013/1/310 1014/1/310 1015/1/310
f 1013/1/442 1016/1/442 1017/1/442 1014/1/442
f 1016/1/893 1018/1/893 1019/1/893 1017/1/893
f 1018/1/894 1020/1/894 1021/1/894 1019/1/894
f 1020/1/895 1022/1/895 1023/1/895 1021/1/895
f 1022/1/896 1024/1/896 1025/1/896 1023/1/896
f 1024/1/46 1026/1/46 1027/1/46 1025/1/46
f 1026/1/178 1012/1/178 1015/1/178 1027/1/178
f 1028/1/310 1029/1/310 1030/1/310 1031/1/310
f 1029/1/442 1032/1/442 1033/1/442 1030/1/442
f 1032/1/893 1034/1/893 1035/1/893 1033/1/893
f 1034/1/894 1036/1/894 1037/1/894 1035/1/894
f 1036/1/895 1038/1/895 1039/1/895 1037/1/895
f 1038/1/896 1040/1/896 1041/1/896 1039/1/896
f 1040/1/46 1042/1/46 1043/1/46 1041/1/46
f 1042/1/178 1028/1/178 1031/1/178 1043/1/178
usemtl gold
f 1044/1/897 1045/1/897 1046/1/897 1047/1/897
f 1045/1/898 1048/1/898 1049/1/898 1046/1/898
f 1048/1/899 1050/1/899 1051/1/899 1049/1/899
f 1050/1/900 1052/1/900 1053/1/900 1051/1/900
f 1052/1/901 1054/1/901 1055/1/901 1053/1/901
f 1054/1/902 1056/1/902 1057/1/902 1055/1/902
f 1056/1/903 1058/1/903 1059/1/903 1057/1/903
f 1058/1/904 1060/1/904 1061/1/904 1059/1/904
f 1060/1/905 1062/1/905 1063/1/905 1061/1/905
f 1062/1/906 1064/1/906 1065/1/906 1063/1/906
f 1064/1/907 1066/1/907 1067/1/907 1065/1/907
f 1066/1/908 1068/1/908 1069/1/908 1067/1/908
f 1068/1/909 1070/1/909 1071/1/909 1069/1/909
f 1070/1/910 1072/1/910 1073/1/910 1071/1/910
f 1072/1/911 1074/1/911 1075/1/911 1073/1/911
f 1074/1/912 1044/1/912 1047/1/912 1075/1/912
f 1047/1/913 1046/1/913 1076/1/913 1077/1/913
f 1046/1/914 1049/1/914 1078/1/914 1076/1/914
f 1049/1/915 1051/1/915 1079/1/915 1078/1/915
f 1051/1/916 1053/1/916 1080/1/916 1079/1/916
f 1053/1/917 1055/1/917 1081/1/917 1080/1/917
f 1055/1/918 1057/1/918 1082/1/918 1081/1/918
f 1057/1/919 1059/1/919 1083/1/919 1082/1/919
f 1059/1/920 1061/1/920 1084/1/920 1083/1/920
f 1061/1/921 1063/1/921 1085/1/921 1084/1/921
f 1063/1/922 1065/1/922 1086/1/922 1085/1/922
f 1065/1/923 1067/1/923 1087/1/923 1086/1/923
f 1067/1/924 1069/1/924 1088/1/924 1087/1/924
f 1069/1/925 1071/1/925 1089/1/925 1088/1/925
f 1071/1/926 1073/1/926 1090/1/926 1089/1/926
f 1073/1/927 1075/1/927 1091/1/927 1090/1/927
f 1075/1/928 1047/1/928 1077/1/928 1091/1/928
f 1077/1/929 1076/1/929 1092/1/929 1093/1/929
f 1076/1/930 1078/1/930 1094/1/930 1092/1/930
f 1078/1/931 1079/1/931 1095/1/931 1094/1/931
f 1079/1/932 1080/1/932 1096/1/932 1095/1/932
f 1080/1/933 1081/1/933 1097/1/933 1096/1/933
f 1081/1/934 1082/1/934 1098/1/934 1097/1/934
f 1082/1/935 1083/1/935 1099/1/935 1098/1/935
f 1083/1/936 1084/1/936 1100/1/936 1099/1/936
f 1084/1/937 1085/1/937 1101/1/937 1100/1/937
f 1085/1/938 1086/1/938 1102/1/938 1101/1/938
f 1086/1/939 1087/1/939 1103/1/939 1102/1/939
f 1087/1/940 1088/1/940 1104/1/940 1103/1/940
f 1088/1/941 1089/1/941 1105/1/941 1104/1/941
f 1089/1/942 1090/1/942 1106/1/942 1105/1/942
f 1090/1/943 1091/1/943 1107/1/943 1106/1/943
f 1091/1/944 1077/1/944 1093/1/944 1107/1/944
usemtl mana_light
f 1108/1/945 1109/1/945 1110/1/945
f 1108/1/946 1111/1/946 1109/1/946
f 1108/1/947 1112/1/947 1111/1/947
f 1108/1/948 1113/1/948 1112/1/948
f 1108/1/949 1114/1/949 1113/1/949
f 1108/1/950 1115/1/950 1114/1/950
f 1108/1/951 1116/1/951 1115/1/951
f 1108/1/952 1117/1/952 1116/1/952
f 1108/1/953 1118/1/953 1117/1/953
f 1108/1/954 1119/1/954 1118/1/954
f 1108/1/955 1120/1/955 1119/1/955
f 1108/1/956 1121/1/956 1120/1/956
f 1108/1/957 1122/1/957 1121/1/957
f 1108/1/958 1123/1/958 1122/1/958
f 1108/1/959 1124/1/959 1123/1/959
f 1108/1/960 1110/1/960 1124/1/960
f 1110/1/961 1109/1/961 1125/1/961 1126/1/961
f 1109/1/962 1111/1/962 1127/1/962 1125/1/962
f 1111/1/963 1112/1/963 1128/1/963 1127/1/963
f 1112/1/964 1113/1/964 1129/1/964 1128/1/964
f 1113/1/965 1114/1/965 1130/1/965 1129/1/965
f 1114/1/966 1115/1/966 1131/1/966 1130/1/966
f 1115/1/967 1116/1/967 1132/1/967 1131/1/967
f 1116/1/968 1117/1/968 1133/1/968 1132/1/968
f 1117/1/969 1118/1/969 1134/1/969 1133/1/969
f 1118/1/970 1119/1/970 1135/1/970 1134/1/970
f 1119/1/971 1120/1/971 1136/1/971 1135/1/971
f 1120/1/972 1121/1/972 1137/1/972 1136/1/972
f 1121/1/973 1122/1/973 1138/1/973 1137/1/973
f 1122/1/974 1123/1/974 1139/1/974 1138/1/974
f 1123/1/975 1124/1/975 1140/1/975 1139/1/975
f 1124/1/976 1110/1/976 1126/1/976 1140/1/976
usemtl gold_edge
f 1141/1/977 1142/1/977 1143/1/977 1144/1/977
f 1142/1/978 1145/1/978 1146/1/978 1143/1/978
f 1145/1/979 1147/1/979 1148/1/979 1146/1/979
f 1147/1/980 1149/1/980 1150/1/980 1148/1/980
f 1149/1/981 1151/1/981 1152/1/981 1150/1/981
f 1151/1/982 1153/1/982 1154/1/982 1152/1/982
f 1153/1/983 1155/1/983 1156/1/983 1154/1/983
f 1155/1/984 1141/1/984 1144/1/984 1156/1/984
f 1157/1/977 1158/1/977 1159/1/977 1160/1/977
f 1158/1/978 1161/1/978 1162/1/978 1159/1/978
f 1161/1/979 1163/1/979 1164/1/979 1162/1/979
f 1163/1/980 1165/1/980 1166/1/980 1164/1/980
f 1165/1/981 1167/1/981 1168/1/981 1166/1/981
f 1167/1/982 1169/1/982 1170/1/982 1168/1/982
f 1169/1/983 1171/1/983 1172/1/983 1170/1/983
f 1171/1/984 1157/1/984 1160/1/984 1172/1/984
usemtl gold
f 1173/1/985 1174/1/985 1175/1/985 1176/1/985
f 1174/1/986 1177/1/986 1178/1/986 1175/1/986
f 1177/1/987 1179/1/987 1180/1/987 1178/1/987
f 1179/1/988 1181/1/988 1182/1/988 1180/1/988
f 1181/1/989 1183/1/989 1184/1/989 1182/1/989
f 1183/1/990 1185/1/990 1186/1/990 1184/1/990
f 1185/1/991 1187/1/991 1188/1/991 1186/1/991
f 1187/1/992 1189/1/992 1190/1/992 1188/1/992
f 1189/1/993 1191/1/993 1192/1/993 1190/1/993
f 1191/1/994 1193/1/994 1194/1/994 1192/1/994
f 1193/1/995 1195/1/995 1196/1/995 1194/1/995
f 1195/1/996 1197/1/996 1198/1/996 1196/1/996
f 1197/1/997 1199/1/997 1200/1/997 1198/1/997
f 1199/1/998 1201/1/998 1202/1/998 1200/1/998
f 1201/1/999 1203/1/999 1204/1/999 1202/1/999
f 1203/1/1000 1173/1/1000 1176/1/1000 1204/1/1000
f 1176/1/1001 1175/1/1001 1205/1/1001 1206/1/1001
f 1175/1/1002 1178/1/1002 1207/1/1002 1205/1/1002
f 1178/1/1003 1180/1/1003 1208/1/1003 1207/1/1003
f 1180/1/1004 1182/1/1004 1209/1/1004 1208/1/1004
f 1182/1/1005 1184/1/1005 1210/1/1005 1209/1/1005
f 1184/1/1006 1186/1/1006 1211/1/1006 1210/1/1006
f 1186/1/1007 1188/1/1007 1212/1/1007 1211/1/1007
f 1188/1/1008 1190/1/1008 1213/1/1008 1212/1/1008
f 1190/1/1009 1192/1/1009 1214/1/1009 1213/1/1009
f 1192/1/1010 1194/1/1010 1215/1/1010 1214/1/1010
f 1194/1/1011 1196/1/1011 1216/1/1011 1215/1/1011
f 1196/1/1012 1198/1/1012 1217/1/1012 1216/1/1012
f 1198/1/1013 1200/1/1013 1218/1/1013 1217/1/1013
f 1200/1/1014 1202/1/1014 1219/1/1014 1218/1/1014
f 1202/1/1015 1204/1/1015 1220/1/1015 1219/1/1015
f 1204/1/1016 1176/1/1016 1206/1/1016 1220/1/1016
f 1206/1/1017 1205/1/1017 1221/1/1017 1222/1/1017
f 1205/1/1018 1207/1/1018 1223/1/1018 1221/1/1018
f 1207/1/1019 1208/1/1019 1224/1/1019 1223/1/1019
f 1208/1/1020 1209/1/1020 1225/1/1020 1224/1/1020
f 1209/1/1021 1210/1/1021 1226/1/1021 1225/1/1021
f 1210/1/1022 1211/1/1022 1227/1/1022 1226/1/1022
f 1211/1/1023 1212/1/1023 1228/1/1023 1227/1/1023
f 1212/1/1024 1213/1/1024 1229/1/1024 1228/1/1024
f 1213/1/1025 1214/1/1025 1230/1/1025 1229/1/1025
f 1214/1/1026 1215/1/1026 1231/1/1026 1230/1/1026
f 1215/1/1027 1216/1/1027 1232/1/1027 1231/1/1027
f 1216/1/1028 1217/1/1028 1233/1/1028 1232/1/1028
f 1217/1/1029 1218/1/1029 1234/1/1029 1233/1/1029
f 1218/1/1030 1219/1/1030 1235/1/1030 1234/1/1030
f 1219/1/1031 1220/1/1031 1236/1/1031 1235/1/1031
f 1220/1/1032 1206/1/1032 1222/1/1032 1236/1/1032
usemtl mana_light
f 1237/1/1033 1238/1/1033 1239/1/1033
f 1237/1/1034 1240/1/1034 1238/1/1034
f 1237/1/1035 1241/1/1035 1240/1/1035
f 1237/1/1036 1242/1/1036 1241/1/1036
f 1237/1/1037 1243/1/1037 1242/1/1037
f 1237/1/1038 1244/1/1038 1243/1/1038
f 1237/1/1039 1245/1/1039 1244/1/1039
f 1237/1/1040 1246/1/1040 1245/1/1040
f 1237/1/1041 1247/1/1041 1246/1/1041
f 1237/1/1042 1248/1/1042 1247/1/1042
f 1237/1/1043 1249/1/1043 1248/1/1043
f 1237/1/1044 1250/1/1044 1249/1/1044
f 1237/1/1045 1251/1/1045 1250/1/1045
f 1237/1/1046 1252/1/1046 1251/1/1046
f 1237/1/1047 1253/1/1047 1252/1/1047
f 1237/1/1048 1239/1/1048 1253/1/1048
f 1239/1/1049 1238/1/1049 1254/1/1049 1255/1/1049
f 1238/1/1050 1240/1/1050 1256/1/1050 1254/1/1050
f 1240/1/1051 1241/1/1051 1257/1/1051 1256/1/1051
f 1241/1/1052 1242/1/1052 1258/1/1052 1257/1/1052
f 1242/1/1053 1243/1/1053 1259/1/1053 1258/1/1053
f 1243/1/1054 1244/1/1054 1260/1/1054 1259/1/1054
f 1244/1/1055 1245/1/1055 1261/1/1055 1260/1/1055
f 1245/1/1056 1246/1/1056 1262/1/1056 1261/1/1056
f 1246/1/1057 1247/1/1057 1263/1/1057 1262/1/1057
f 1247/1/1058 1248/1/1058 1264/1/1058 1263/1/1058
f 1248/1/1059 1249/1/1059 1265/1/1059 1264/1/1059
f 1249/1/1060 1250/1/1060 1266/1/1060 1265/1/1060
f 1250/1/1061 1251/1/1061 1267/1/1061 1266/1/1061
f 1251/1/1062 1252/1/1062 1268/1/1062 1267/1/1062
f 1252/1/1063 1253/1/1063 1269/1/1063 1268/1/1063
f 1253/1/1064 1239/1/1064 1255/1/1064 1269/1/1064
usemtl gold_edge
f 1270/1/1065 1271/1/1065 1272/1/1065 1273/1/1065
f 1271/1/1066 1274/1/1066 1275/1/1066 1272/1/1066
f 1274/1/1067 1276/1/1067 1277/1/1067 1275/1/1067
f 1276/1/1068 1278/1/1068 1279/1/1068 1277/1/1068
f 1278/1/1069 1280/1/1069 1281/1/1069 1279/1/1069
f 1280/1/1070 1282/1/1070 1283/1/1070 1281/1/1070
f 1282/1/1071 1284/1/1071 1285/1/1071 1283/1/1071
f 1284/1/1072 1270/1/1072 1273/1/1072 1285/1/1072
f 1286/1/1065 1287/1/1065 1288/1/1065 1289/1/1065
f 1287/1/1066 1290/1/1066 1291/1/1066 1288/1/1066
f 1290/1/1067 1292/1/1067 1293/1/1067 1291/1/1067
f 1292/1/1068 1294/1/1068 1295/1/1068 1293/1/1068
f 1294/1/1069 1296/1/1069 1297/1/1069 1295/1/1069
f 1296/1/1070 1298/1/1070 1299/1/1070 1297/1/1070
f 1298/1/1071 1300/1/1071 1301/1/1071 1299/1/1071
f 1300/1/1072 1286/1/1072 1289/1/1072 1301/1/1072
usemtl gold
f 1302/1/852 1303/1/852 1304/1/852 1305/1/852
f 1303/1/851 1306/1/851 1307/1/851 1304/1/851
f 1306/1/850 1308/1/850 1309/1/850 1307/1/850
f 1308/1/849 1310/1/849 1311/1/849 1309/1/849
f 1310/1/848 1312/1/848 1313/1/848 1311/1/848
f 1312/1/847 1314/1/847 1315/1/847 1313/1/847
f 1314/1/846 1316/1/846 1317/1/846 1315/1/846
f 1316/1/845 1318/1/845 1319/1/845 1317/1/845
f 1318/1/860 1320/1/860 1321/1/860 1319/1/860
f 1320/1/859 1322/1/859 1323/1/859 1321/1/859
f 1322/1/858 1324/1/858 1325/1/858 1323/1/858
f 1324/1/857 1326/1/857 1327/1/857 1325/1/857
f 1326/1/856 1328/1/856 1329/1/856 1327/1/856
f 1328/1/855 1330/1/855 1331/1/855 1329/1/855
f 1330/1/854 1332/1/854 1333/1/854 1331/1/854
f 1332/1/853 1302/1/853 1305/1/853 1333/1/853
f 1305/1/293 1304/1/293 1334/1/293 1335/1/293
f 1304/1/359 1307/1/359 1336/1/359 1334/1/359
f 1307/1/425 1309/1/425 1337/1/425 1336/1/425
f 1309/1/491 1311/1/491 1338/1/491 1337/1/491
f 1311/1/475 1313/1/475 1339/1/475 1338/1/475
f 1313/1/409 1315/1/409 1340/1/409 1339/1/409
f 1315/1/343 1317/1/343 1341/1/343 1340/1/343
f 1317/1/277 1319/1/277 1342/1/277 1341/1/277
f 1319/1/211 1321/1/211 1343/1/211 1342/1/211
f 1321/1/145 1323/1/145 1344/1/145 1343/1/145
f 1323/1/79 1325/1/79 1345/1/79 1344/1/79
f 1325/1/10 1327/1/10 1346/1/10 1345/1/10
f 1327/1/28 1329/1/28 1347/1/28 1346/1/28
f 1329/1/95 1331/1/95 1348/1/95 1347/1/95
f 1331/1/161 1333/1/161 1349/1/161 1348/1/161
f 1333/1/227 1305/1/227 1335/1/227 1349/1/227
f 1335/1/828 1334/1/828 1350/1/828 1351/1/828
f 1334/1/827 1336/1/827 1352/1/827 1350/1/827
f 1336/1/826 1337/1/826 1353/1/826 1352/1/826
f 1337/1/825 1338/1/825 1354/1/825 1353/1/825
f 1338/1/824 1339/1/824 1355/1/824 1354/1/824
f 1339/1/823 1340/1/823 1356/1/823 1355/1/823
f 1340/1/822 1341/1/822 1357/1/822 1356/1/822
f 1341/1/821 1342/1/821 1358/1/821 1357/1/821
f 1342/1/836 1343/1/836 1359/1/836 1358/1/836
f 1343/1/835 1344/1/835 1360/1/835 1359/1/835
f 1344/1/834 1345/1/834 1361/1/834 1360/1/834
f 1345/1/833 1346/1/833 1362/1/833 1361/1/833
f 1346/1/832 1347/1/832 1363/1/832 1362/1/832
f 1347/1/831 1348/1/831 1364/1/831 1363/1/831
f 1348/1/830 1349/1/830 1365/1/830 1364/1/830
f 1349/1/829 1335/1/829 1351/1/829 1365/1/829
usemtl mana_light
f 1366/1/1073 1367/1/1073 1368/1/1073
f 1366/1/1074 1369/1/1074 1367/1/1074
f 1366/1/1075 1370/1/1075 1369/1/1075
f 1366/1/1076 1371/1/1076 1370/1/1076
f 1366/1/1077 1372/1/1077 1371/1/1077
f 1366/1/1078 1373/1/1078 1372/1/1078
f 1366/1/1079 1374/1/1079 1373/1/1079
f 1366/1/1080 1375/1/1080 1374/1/1080
f 1366/1/1081 1376/1/1081 1375/1/1081
f 1366/1/1082 1377/1/1082 1376/1/1082
f 1366/1/1083 1378/1/1083 1377/1/1083
f 1366/1/1084 1379/1/1084 1378/1/1084
f 1366/1/1085 1380/1/1085 1379/1/1085
f 1366/1/1086 1381/1/1086 1380/1/1086
f 1366/1/1087 1382/1/1087 1381/1/1087
f 1366/1/1088 1368/1/1088 1382/1/1088
f 1368/1/1089 1367/1/1089 1383/1/1089 1384/1/1089
f 1367/1/1090 1369/1/1090 1385/1/1090 1383/1/1090
f 1369/1/1091 1370/1/1091 1386/1/1091 1385/1/1091
f 1370/1/1092 1371/1/1092 1387/1/1092 1386/1/1092
f 1371/1/1093 1372/1/1093 1388/1/1093 1387/1/1093
f 1372/1/1094 1373/1/1094 1389/1/1094 1388/1/1094
f 1373/1/1095 1374/1/1095 1390/1/1095 1389/1/1095
f 1374/1/1096 1375/1/1096 1391/1/1096 1390/1/1096
f 1375/1/1097 1376/1/1097 1392/1/1097 1391/1/1097
f 1376/1/1098 1377/1/1098 1393/1/1098 1392/1/1098
f 1377/1/1099 1378/1/1099 1394/1/1099 1393/1/1099
f 1378/1/1100 1379/1/1100 1395/1/1100 1394/1/1100
f 1379/1/1101 1380/1/1101 1396/1/1101 1395/1/1101
f 1380/1/1102 1381/1/1102 1397/1/1102 1396/1/1102
f 1381/1/1103 1382/1/1103 1398/1/1103 1397/1/1103
f 1382/1/1104 1368/1/1104 1384/1/1104 1398/1/1104
usemtl gold_edge
f 1399/1/326 1400/1/326 1401/1/326 1402/1/326
f 1400/1/458 1403/1/458 1404/1/458 1401/1/458
f 1403/1/442 1405/1/442 1406/1/442 1404/1/442
f 1405/1/310 1407/1/310 1408/1/310 1406/1/310
f 1407/1/178 1409/1/178 1410/1/178 1408/1/178
f 1409/1/46 1411/1/46 1412/1/46 1410/1/46
f 1411/1/62 1413/1/62 1414/1/62 1412/1/62
f 1413/1/194 1399/1/194 1402/1/194 1414/1/194
f 1415/1/326 1416/1/326 1417/1/326 1418/1/326
f 1416/1/458 1419/1/458 1420/1/458 1417/1/458
f 1419/1/442 1421/1/442 1422/1/442 1420/1/442
f 1421/1/310 1423/1/310 1424/1/310 1422/1/310
f 1423/1/178 1425/1/178 1426/1/178 1424/1/178
f 1425/1/46 1427/1/46 1428/1/46 1426/1/46
f 1427/1/62 1429/1/62 1430/1/62 1428/1/62
f 1429/1/194 1415/1/194 1418/1/194 1430/1/194
usemtl gold
f 1431/1/936 1432/1/936 1433/1/936 1434/1/936
f 1432/1/935 1435/1/935 1436/1/935 1433/1/935
f 1435/1/934 1437/1/934 1438/1/934 1436/1/934
f 1437/1/933 1439/1/933 1440/1/933 1438/1/933
f 1439/1/932 1441/1/932 1442/1/932 1440/1/932
f 1441/1/931 1443/1/931 1444/1/931 1442/1/931
f 1443/1/930 1445/1/930 1446/1/930 1444/1/930
f 1445/1/929 1447/1/929 1448/1/929 1446/1/929
f 1447/1/944 1449/1/944 1450/1/944 1448/1/944
f 1449/1/943 1451/1/943 1452/1/943 1450/1/943
f 1451/1/942 1453/1/942 1454/1/942 1452/1/942
f 1453/1/941 1455/1/941 1456/1/941 1454/1/941
f 1455/1/940 1457/1/940 1458/1/940 1456/1/940
f 1457/1/939 1459/1/939 1460/1/939 1458/1/939
f 1459/1/938 1461/1/938 1462/1/938 1460/1/938
f 1461/1/937 1431/1/937 1434/1/937 1462/1/937
f 1434/1/920 1433/1/920 1463/1/920 1464/1/920
f 1433/1/919 1436/1/919 1465/1/919 1463/1/919
f 1436/1/918 1438/1/918 1466/1/918 1465/1/918
f 1438/1/917 1440/1/917 1467/1/917 1466/1/917
f 1440/1/916 1442/1/916 1468/1/916 1467/1/916
f 1442/1/915 1444/1/915 1469/1/915 1468/1/915
f 1444/1/914 1446/1/914 1470/1/914 1469/1/914
f 1446/1/913 1448/1/913 1471/1/913 1470/1/913
f 1448/1/928 1450/1/928 1472/1/928 1471/1/928
f 1450/1/927 1452/1/927 1473/1/927 1472/1/927
f 1452/1/926 1454/1/926 1474/1/926 1473/1/926
f 1454/1/925 1456/1/925 1475/1/925 1474/1/925
f 1456/1/924 1458/1/924 1476/1/924 1475/1/924
f 1458/1/923 1460/1/923 1477/1/923 1476/1/923
f 1460/1/922 1462/1/922 1478/1/922 1477/1/922
f 1462/1/921 1434/1/921 1464/1/921 1478/1/921
f 1464/1/904 1463/1/904 1479/1/904 1480/1/904
f 1463/1/903 1465/1/903 1481/1/903 1479/1/903
f 1465/1/902 1466/1/902 1482/1/902 1481/1/902
f 1466/1/901 1467/1/901 1483/1/901 1482/1/901
f 1467/1/900 1468/1/900 1484/1/900 1483/1/900
f 1468/1/899 1469/1/899 1485/1/899 1484/1/899
f 1469/1/898 1470/1/898 1486/1/898 1485/1/898
f 1470/1/897 1471/1/897 1487/1/897 1486/1/897
f 1471/1/912 1472/1/912 1488/1/912 1487/1/912
f 1472/1/911 1473/1/911 1489/1/911 1488/1/911
f 1473/1/910 1474/1/910 1490/1/910 1489/1/910
f 1474/1/909 1475/1/909 1491/1/909 1490/1/909
f 1475/1/908 1476/1/908 1492/1/908 1491/1/908
f 1476/1/907 1477/1/907 1493/1/907 1492/1/907
f 1477/1/906 1478/1/906 1494/1/906 1493/1/906
f 1478/1/905 1464/1/905 1480/1/905 1494/1/905
usemtl mana_light
f 1495/1/1105 1496/1/1105 1497/1/1105
f 1495/1/1106 1498/1/1106 1496/1/1106
f 1495/1/1107 1499/1/1107 1498/1/1107
f 1495/1/1108 1500/1/1108 1499/1/1108
f 1495/1/1109 1501/1/1109 1500/1/1109
f 1495/1/1110 1502/1/1110 1501/1/1110
f 1495/1/1111 1503/1/1111 1502/1/1111
f 1495/1/1112 1504/1/1112 1503/1/1112
f 1495/1/1113 1505/1/1113 1504/1/1113
f 1495/1/1114 1506/1/1114 1505/1/1114
f 1495/1/1115 1507/1/1115 1506/1/1115
f 1495/1/1116 1508/1/1116 1507/1/1116
f 1495/1/1117 1509/1/1117 1508/1/1117
f 1495/1/1118 1510/1/1118 1509/1/1118
f 1495/1/1119 1511/1/1119 1510/1/1119
f 1495/1/1120 1497/1/1120 1511/1/1120
f 1497/1/1121 1496/1/1121 1512/1/1121 1513/1/1121
f 1496/1/1122 1498/1/1122 1514/1/1122 1512/1/1122
f 1498/1/1123 1499/1/1123 1515/1/1123 1514/1/1123
f 1499/1/1124 1500/1/1124 1516/1/1124 1515/1/1124
f 1500/1/1125 1501/1/1125 1517/1/1125 1516/1/1125
f 1501/1/1126 1502/1/1126 1518/1/1126 1517/1/1126
f 1502/1/1127 1503/1/1127 1519/1/1127 1518/1/1127
f 1503/1/1128 1504/1/1128 1520/1/1128 1519/1/1128
f 1504/1/1129 1505/1/1129 1521/1/1129 1520/1/1129
f 1505/1/1130 1506/1/1130 1522/1/1130 1521/1/1130
f 1506/1/1131 1507/1/1131 1523/1/1131 1522/1/1131
f 1507/1/1132 1508/1/1132 1524/1/1132 1523/1/1132
f 1508/1/1133 1509/1/1133 1525/1/1133 1524/1/1133
f 1509/1/1134 1510/1/1134 1526/1/1134 1525/1/1134
f 1510/1/1135 1511/1/1135 1527/1/1135 1526/1/1135
f 1511/1/1136 1497/1/1136 1513/1/1136 1527/1/1136
usemtl gold_edge
f 1528/1/980 1529/1/980 1530/1/980 1531/1/980
f 1529/1/979 1532/1/979 1533/1/979 1530/1/979
f 1532/1/978 1534/1/978 1535/1/978 1533/1/978
f 1534/1/977 1536/1/977 1537/1/977 1535/1/977
f 1536/1/984 1538/1/984 1539/1/984 1537/1/984
f 1538/1/983 1540/1/983 1541/1/983 1539/1/983
f 1540/1/982 1542/1/982 1543/1/982 1541/1/982
f 1542/1/981 1528/1/981 1531/1/981 1543/1/981
f 1544/1/980 1545/1/980 1546/1/980 1547/1/980
f 1545/1/979 1548/1/979 1549/1/979 1546/1/979
f 1548/1/978 1550/1/978 1551/1/978 1549/1/978
f 1550/1/977 1552/1/977 1553/1/977 1551/1/977
f 1552/1/984 1554/1/984 1555/1/984 1553/1/984
f 1554/1/983 1556/1/983 1557/1/983 1555/1/983
f 1556/1/982 1558/1/982 1559/1/982 1557/1/982
f 1558/1/981 1544/1/981 1547/1/981 1559/1/981
usemtl gold
f 1560/1/1024 1561/1/1024 1562/1/1024 1563/1/1024
f 1561/1/1023 1564/1/1023 1565/1/1023 1562/1/1023
f 1564/1/1022 1566/1/1022 1567/1/1022 1565/1/1022
f 1566/1/1021 1568/1/1021 1569/1/1021 1567/1/1021
f 1568/1/1020 1570/1/1020 1571/1/1020 1569/1/1020
f 1570/1/1019 1572/1/1019 1573/1/1019 1571/1/1019
f 1572/1/1018 1574/1/1018 1575/1/1018 1573/1/1018
f 1574/1/1017 1576/1/1017 1577/1/1017 1575/1/1017
f 1576/1/1032 1578/1/1032 1579/1/1032 1577/1/1032
f 1578/1/1031 1580/1/1031 1581/1/1031 1579/1/1031
f 1580/1/1030 1582/1/1030 1583/1/1030 1581/1/1030
f 1582/1/1029 1584/1/1029 1585/1/1029 1583/1/1029
f 1584/1/1028 1586/1/1028 1587/1/1028 1585/1/1028
f 1586/1/1027 1588/1/1027 1589/1/1027 1587/1/1027
f 1588/1/1026 1590/1/1026 1591/1/1026 1589/1/1026
f 1590/1/1025 1560/1/1025 1563/1/1025 1591/1/1025
f 1563/1/1008 1562/1/1008 1592/1/1008 1593/1/1008
f 1562/1/1007 1565/1/1007 1594/1/1007 1592/1/1007
f 1565/1/1006 1567/1/1006 1595/1/1006 1594/1/1006
f 1567/1/1005 1569/1/1005 1596/1/1005 1595/1/1005
f 1569/1/1004 1571/1/1004 1597/1/1004 1596/1/1004
f 1571/1/1003 1573/1/1003 1598/1/1003 1597/1/1003
f 1573/1/1002 1575/1/1002 1599/1/1002 1598/1/1002
f 1575/1/1001 1577/1/1001 1600/1/1001 1599/1/1001
f 1577/1/1016 1579/1/1016 1601/1/1016 1600/1/1016
f 1579/1/1015 1581/1/1015 1602/1/1015 1601/1/1015
f 1581/1/1014 1583/1/1014 1603/1/1014 1602/1/1014
f 1583/1/1013 1585/1/1013 1604/1/1013 1603/1/1013
f 1585/1/1012 1587/1/1012 1605/1/1012 1604/1/1012
f 1587/1/1011 1589/1/1011 1606/1/1011 1605/1/1011
f 1589/1/1010 1591/1/1010 1607/1/1010 1606/1/1010
f 1591/1/1009 1563/1/1009 1593/1/1009 1607/1/1009
f 1593/1/992 1592/1/992 1608/1/992 1609/1/992
f 1592/1/991 1594/1/991 1610/1/991 1608/1/991
f 1594/1/990 1595/1/990 1611/1/990 1610/1/990
f 1595/1/989 1596/1/989 1612/1/989 1611/1/989
f 1596/1/988 1597/1/988 1613/1/988 1612/1/988
f 1597/1/987 1598/1/987 1614/1/987 1613/1/987
f 1598/1/986 1599/1/986 1615/1/986 1614/1/986
f 1599/1/985 1600/1/985 1616/1/985 1615/1/985
f 1600/1/1000 1601/1/1000 1617/1/1000 1616/1/1000
f 1601/1/999 1602/1/999 1618/1/999 1617/1/999
f 1602/1/998 1603/1/998 1619/1/998 1618/1/998
f 1603/1/997 1604/1/997 1620/1/997 1619/1/997
f 1604/1/996 1605/1/996 1621/1/996 1620/1/996
f 1605/1/995 1606/1/995 1622/1/995 1621/1/995
f 1606/1/994 1607/1/994 1623/1/994 1622/1/994
f 1607/1/993 1593/1/993 1609/1/993 1623/1/993
usemtl mana_light
f 1624/1/1137 1625/1/1137 1626/1/1137
f 1624/1/1138 1627/1/1138 1625/1/1138
f 1624/1/1139 1628/1/1139 1627/1/1139
f 1624/1/1140 1629/1/1140 1628/1/1140
f 1624/1/1141 1630/1/1141 1629/1/1141
f 1624/1/1142 1631/1/1142 1630/1/1142
f 1624/1/1143 1632/1/1143 1631/1/1143
f 1624/1/1144 1633/1/1144 1632/1/1144
f 1624/1/1145 1634/1/1145 1633/1/1145
f 1624/1/1146 1635/1/1146 1634/1/1146
f 1624/1/1147 1636/1/1147 1635/1/1147
f 1624/1/1148 1637/1/1148 1636/1/1148
f 1624/1/1149 1638/1/1149 1637/1/1149
f 1624/1/1150 1639/1/1150 1638/1/1150
f 1624/1/1151 1640/1/1151 1639/1/1151
f 1624/1/1152 1626/1/1152 1640/1/1152
f 1626/1/1153 1625/1/1153 1641/1/1153 1642/1/1153
f 1625/1/1154 1627/1/1154 1643/1/1154 1641/1/1154
f 1627/1/1155 1628/1/1155 1644/1/1155 1643/1/1155
f 1628/1/1156 1629/1/1156 1645/1/1156 1644/1/1156
f 1629/1/1157 1630/1/1157 1646/1/1157 1645/1/1157
f 1630/1/1158 1631/1/1158 1647/1/1158 1646/1/1158
f 1631/1/1159 1632/1/1159 1648/1/1159 1647/1/1159
f 1632/1/1160 1633/1/1160 1649/1/1160 1648/1/1160
f 1633/1/1161 1634/1/1161 1650/1/1161 1649/1/1161
f 1634/1/1162 1635/1/1162 1651/1/1162 1650/1/1162
f 1635/1/1163 1636/1/1163 1652/1/1163 1651/1/1163
f 1636/1/1164 1637/1/1164 1653/1/1164 1652/1/1164
f 1637/1/1165 1638/1/1165 1654/1/1165 1653/1/1165
f 1638/1/1166 1639/1/1166 1655/1/1166 1654/1/1166
f 1639/1/1167 1640/1/1167 1656/1/1167 1655/1/1167
f 1640/1/1168 1626/1/1168 1642/1/1168 1656/1/1168
usemtl gold_edge
f 1657/1/1068 1658/1/1068 1659/1/1068 1660/1/1068
f 1658/1/1067 1661/1/1067 1662/1/1067 1659/1/1067
f 1661/1/1066 1663/1/1066 1664/1/1066 1662/1/1066
f 1663/1/1065 1665/1/1065 1666/1/1065 1664/1/1065
f 1665/1/1072 1667/1/1072 1668/1/1072 1666/1/1072
f 1667/1/1071 1669/1/1071 1670/1/1071 1668/1/1071
f 1669/1/1070 1671/1/1070 1672/1/1070 1670/1/1070
f 1671/1/1069 1657/1/1069 1660/1/1069 1672/1/1069
f 1673/1/1068 1674/1/1068 1675/1/1068 1676/1/1068
f 1674/1/1067 1677/1/1067 1678/1/1067 1675/1/1067
f 1677/1/1066 1679/1/1066 1680/1/1066 1678/1/1066
f 1679/1/1065 1681/1/1065 1682/1/1065 1680/1/1065
f 1681/1/1072 1683/1/1072 1684/1/1072 1682/1/1072
f 1683/1/1071 1685/1/1071 1686/1/1071 1684/1/1071
f 1685/1/1070 1687/1/1070 1688/1/1070 1686/1/1070
f 1687/1/1069 1673/1/1069 1676/1/1069 1688/1/1069
g core
usemtl mana_core
f 1689/1/1169 1690/1/1170 1691/1/3
f 1692/1/1171 1689/1/1169 1691/1/3
f 1693/1/1172 1692/1/1171 1691/1/3
f 1694/1/1173 1693/1/1172 1691/1/3
f 1695/1/1174 1694/1/1173 1691/1/3
f 1696/1/1175 1695/1/1174 1691/1/3
f 1697/1/1176 1696/1/1175 1691/1/3
f 1698/1/1177 1697/1/1176 1691/1/13
f 1699/1/1178 1698/1/1177 1691/1/13
f 1700/1/1179 1699/1/1178 1691/1/13
f 1701/1/1180 1700/1/1179 1691/1/13
f 1702/1/1181 1701/1/1180 1691/1/13
f 1703/1/1182 1702/1/1181 1691/1/13
f 1704/1/1183 1703/1/1182 1691/1/22
f 1705/1/1184 1704/1/1183 1691/1/22
f 1706/1/1185 1705/1/1184 1691/1/22
f 1707/1/1186 1706/1/1185 1691/1/22
f 1708/1/1187 1707/1/1186 1691/1/22
f 1709/1/1188 1708/1/1187 1691/1/22
f 1710/1/1189 1709/1/1188 1691/1/31
f 1711/1/1190 1710/1/1189 1691/1/31
f 1712/1/1191 1711/1/1190 1691/1/31
f 1713/1/1192 1712/1/1191 1691/1/31
f 1690/1/566 1713/1/1192 1691/1/31
f 1689/1/1169 1714/1/1193 1715/1/1194 1690/1/1170
f 1692/1/1171 1716/1/1195 1714/1/1193 1689/1/1169
f 1693/1/1172 1717/1/783 1716/1/1195 1692/1/1171
f 1694/1/1173 1718/1/1196 1717/1/783 1693/1/1172
f 1695/1/1174 1719/1/1197 1718/1/1196 1694/1/1173
f 1696/1/1175 1720/1/1198 1719/1/1197 1695/1/1174
f 1697/1/1176 1721/1/1199 1720/1/1198 1696/1/1175
f 1698/1/1177 1722/1/1200 1721/1/1199 1697/1/1176
f 1699/1/1178 1723/1/1201 1722/1/1200 1698/1/1177
f 1700/1/1179 1724/1/1202 1723/1/1201 1699/1/1178
f 1701/1/1180 1725/1/1203 1724/1/1202 1700/1/1179
f 1702/1/1181 1726/1/1204 1725/1/1203 1701/1/1180
f 1703/1/1182 1727/1/1205 1726/1/1204 1702/1/1181
f 1704/1/1183 1728/1/1206 1727/1/1205 1703/1/1182
f 1705/1/1184 1729/1/778 1728/1/1206 1704/1/1183
f 1706/1/1185 1730/1/1207 1729/1/778 1705/1/1184
f 1707/1/1186 1731/1/1208 1730/1/1207 1706/1/1185
f 1708/1/1187 1732/1/1209 1731/1/1208 1707/1/1186
f 1709/1/1188 1733/1/1210 1732/1/1209 1708/1/1187
f 1710/1/1189 1734/1/1211 1733/1/1210 1709/1/1188
f 1711/1/1190 1735/1/1212 1734/1/1211 1710/1/1189
f 1712/1/1191 1736/1/1213 1735/1/1212 1711/1/1190
f 1713/1/1192 1737/1/1214 1736/1/1213 1712/1/1191
f 1690/1/566 1715/1/1215 1737/1/1214 1713/1/1192
f 1714/1/1193 1738/1/1216 1739/1/105 1715/1/1194
f 1716/1/1195 1740/1/1217 1738/1/1216 1714/1/1193
f 1717/1/783 1741/1/108 1740/1/1217 1716/1/1195
f 1718/1/1196 1742/1/1218 1741/1/108 1717/1/783
f 1719/1/1197 1743/1/1219 1742/1/1218 1718/1/1196
f 1720/1/1198 1744/1/112 1743/1/1219 1719/1/1197
f 1721/1/1199 1745/1/1220 1744/1/112 1720/1/1198
f 1722/1/1200 1746/1/1221 1745/1/1220 1721/1/1199
f 1723/1/1201 1747/1/116 1746/1/1221 1722/1/1200
f 1724/1/1202 1748/1/1222 1747/1/116 1723/1/1201
f 1725/1/1203 1749/1/1223 1748/1/1222 1724/1/1202
f 1726/1/1204 1750/1/120 1749/1/1223 1725/1/1203
f 1727/1/1205 1751/1/1224 1750/1/120 1726/1/1204
f 1728/1/1206 1752/1/1225 1751/1/1224 1727/1/1205
f 1729/1/778 1753/1/124 1752/1/1225 1728/1/1206
f 1730/1/1207 1754/1/1226 1753/1/124 1729/1/778
f 1731/1/1208 1755/1/1227 1754/1/1226 1730/1/1207
f 1732/1/1209 1756/1/128 1755/1/1227 1731/1/1208
f 1733/1/1210 1757/1/1228 1756/1/128 1732/1/1209
f 1734/1/1211 1758/1/1229 1757/1/1228 1733/1/1210
f 1735/1/1212 1759/1/132 1758/1/1229 1734/1/1211
f 1736/1/1213 1760/1/1230 1759/1/132 1735/1/1212
f 1737/1/1214 1761/1/1231 1760/1/1230 1736/1/1213
f 1715/1/1215 1739/1/136 1761/1/1231 1737/1/1214
f 1738/1/1216 1762/1/1232 1763/1/1233 1739/1/105
f 1740/1/1217 1764/1/1234 1762/1/1232 1738/1/1216
f 1741/1/108 1765/1/754 1764/1/1234 1740/1/1217
f 1742/1/1218 1766/1/1235 1765/1/754 1741/1/108
f 1743/1/1219 1767/1/1236 1766/1/1235 1742/1/1218
f 1744/1/112 1768/1/1237 1767/1/1236 1743/1/1219
f 1745/1/1220 1769/1/1238 1768/1/1237 1744/1/112
f 1746/1/1221 1770/1/1239 1769/1/1238 1745/1/1220
f 1747/1/116 1771/1/1240 1770/1/1239 1746/1/1221
f 1748/1/1222 1772/1/1241 1771/1/1240 1747/1/116
f 1749/1/1223 1773/1/1242 1772/1/1241 1748/1/1222
f 1750/1/120 1774/1/1243 1773/1/1242 1749/1/1223
f 1751/1/1224 1775/1/1244 1774/1/1243 1750/1/120
f 1752/1/1225 1776/1/1245 1775/1/1244 1751/1/1224
f 1753/1/124 1777/1/775 1776/1/1245 1752/1/1225
f 1754/1/1226 1778/1/1246 1777/1/775 1753/1/124
f 1755/1/1227 1779/1/1247 1778/1/1246 1754/1/1226
f 1756/1/128 1780/1/1248 1779/1/1247 1755/1/1227
f 1757/1/1228 1781/1/1249 1780/1/1248 1756/1/128
f 1758/1/1229 1782/1/1250 1781/1/1249 1757/1/1228
f 1759/1/132 1783/1/1251 1782/1/1250 1758/1/1229
f 1760/1/1230 1784/1/1252 1783/1/1251 1759/1/132
f 1761/1/1231 1785/1/1253 1784/1/1252 1760/1/1230
f 1739/1/136 1763/1/1254 1785/1/1253 1761/1/1231
f 1762/1/1232 1786/1/1255 1787/1/1256 1763/1/1233
f 1764/1/1234 1788/1/1257 1786/1/1255 1762/1/1232
f 1765/1/754 1789/1/1258 1788/1/1257 1764/1/1234
f 1766/1/1235 1790/1/1259 1789/1/1258 1765/1/754
f 1767/1/1236 1791/1/1260 1790/1/1259 1766/1/1235
f 1768/1/1237 1792/1/1261 1791/1/1260 1767/1/1236
f 1769/1/1238 1793/1/1262 1792/1/1261 1768/1/1237
f 1770/1/1239 1794/1/1263 1793/1/1262 1769/1/1238
f 1771/1/1240 1795/1/1264 1794/1/1263 1770/1/1239
f 1772/1/1241 1796/1/1265 1795/1/1264 1771/1/1240
f 1773/1/1242 1797/1/1266 1796/1/1265 1772/1/1241
f 1774/1/1243 1798/1/1267 1797/1/1266 1773/1/1242
f 1775/1/1244 1799/1/1268 1798/1/1267 1774/1/1243
f 1776/1/1245 1800/1/1269 1799/1/1268 1775/1/1244
f 1777/1/775 1801/1/1270 1800/1/1269 1776/1/1245
f 1778/1/1246 1802/1/1271 1801/1/1270 1777/1/775
f 1779/1/1247 1803/1/1272 1802/1/1271 1778/1/1246
f 1780/1/1248 1804/1/1273 1803/1/1272 1779/1/1247
f 1781/1/1249 1805/1/1274 1804/1/1273 1780/1/1248
f 1782/1/1250 1806/1/1275 1805/1/1274 1781/1/1249
f 1783/1/1251 1807/1/1276 1806/1/1275 1782/1/1250
f 1784/1/1252 1808/1/1277 1807/1/1276 1783/1/1251
f 1785/1/1253 1809/1/1278 1808/1/1277 1784/1/1252
f 1763/1/1254 1787/1/571 1809/1/1278 1785/1/1253
f 1786/1/1255 1810/1/1279 1811/1/237 1787/1/1256
f 1788/1/1257 1812/1/1280 1810/1/1279 1786/1/1255
f 1789/1/1258 1813/1/240 1812/1/1280 1788/1/1257
f 1790/1/1259 1814/1/1281 1813/1/240 1789/1/1258
f 1791/1/1260 1815/1/1282 1814/1/1281 1790/1/1259
f 1792/1/1261 1816/1/244 1815/1/1282 1791/1/1260
f 1793/1/1262 1817/1/1283 1816/1/244 1792/1/1261
f 1794/1/1263 1818/1/1284 1817/1/1283 1793/1/1262
f 1795/1/1264 1819/1/248 1818/1/1284 1794/1/1263
f 1796/1/1265 1820/1/1285 1819/1/248 1795/1/1264
f 1797/1/1266 1821/1/1286 1820/1/1285 1796/1/1265
f 1798/1/1267 1822/1/252 1821/1/1286 1797/1/1266
f 1799/1/1268 1823/1/1287 1822/1/252 1798/1/1267
f 1800/1/1269 1824/1/1288 1823/1/1287 1799/1/1268
f 1801/1/1270 1825/1/256 1824/1/1288 1800/1/1269
f 1802/1/1271 1826/1/1289 1825/1/256 1801/1/1270
f 1803/1/1272 1827/1/1290 1826/1/1289 1802/1/1271
f 1804/1/1273 1828/1/260 1827/1/1290 1803/1/1272
f 1805/1/1274 1829/1/1291 1828/1/260 1804/1/1273
f 1806/1/1275 1830/1/1292 1829/1/1291 1805/1/1274
f 1807/1/1276 1831/1/264 1830/1/1292 1806/1/1275
f 1808/1/1277 1832/1/1293 1831/1/264 1807/1/1276
f 1809/1/1278 1833/1/1294 1832/1/1293 1808/1/1277
f 1787/1/571 1811/1/268 1833/1/1294 1809/1/1278
f 1810/1/1279 1834/1/1295 1835/1/541 1811/1/237
f 1812/1/1280 1836/1/1296 1834/1/1295 1810/1/1279
f 1813/1/240 1837/1/1297 1836/1/1296 1812/1/1280
f 1814/1/1281 1838/1/1298 1837/1/1297 1813/1/240
f 1815/1/1282 1839/1/1299 1838/1/1298 1814/1/1281
f 1816/1/244 1840/1/1300 1839/1/1299 1815/1/1282
f 1817/1/1283 1841/1/1301 1840/1/1300 1816/1/244
f 1818/1/1284 1842/1/1302 1841/1/1301 1817/1/1283
f 1819/1/248 1843/1/1303 1842/1/1302 1818/1/1284
f 1820/1/1285 1844/1/1304 1843/1/1303 1819/1/248
f 1821/1/1286 1845/1/1305 1844/1/1304 1820/1/1285
f 1822/1/252 1846/1/554 1845/1/1305 1821/1/1286
f 1823/1/1287 1847/1/1306 1846/1/554 1822/1/252
f 1824/1/1288 1848/1/1307 1847/1/1306 1823/1/1287
f 1825/1/256 1849/1/1308 1848/1/1307 1824/1/1288
f 1826/1/1289 1850/1/1309 1849/1/1308 1825/1/256
f 1827/1/1290 1851/1/1310 1850/1/1309 1826/1/1289
f 1828/1/260 1852/1/1311 1851/1/1310 1827/1/1290
f 1829/1/1291 1853/1/1312 1852/1/1311 1828/1/260
f 1830/1/1292 1854/1/1313 1853/1/1312 1829/1/1291
f 1831/1/264 1855/1/1314 1854/1/1313 1830/1/1292
f 1832/1/1293 1856/1/1315 1855/1/1314 1831/1/264
f 1833/1/1294 1857/1/1316 1856/1/1315 1832/1/1293
f 1811/1/268 1835/1/1317 1857/1/1316 1833/1/1294
f 1834/1/1295 1858/1/1318 1859/1/1319 1835/1/541
f 1836/1/1296 1860/1/1320 1858/1/1318 1834/1/1295
f 1837/1/1297 1861/1/759 1860/1/1320 1836/1/1296
f 1838/1/1298 1862/1/1321 1861/1/759 1837/1/1297
f 1839/1/1299 1863/1/1322 1862/1/1321 1838/1/1298
f 1840/1/1300 1864/1/1323 1863/1/1322 1839/1/1299
f 1841/1/1301 1865/1/1324 1864/1/1323 1840/1/1300
f 1842/1/1302 1866/1/1325 1865/1/1324 1841/1/1301
f 1843/1/1303 1867/1/1326 1866/1/1325 1842/1/1302
f 1844/1/1304 1868/1/1327 1867/1/1326 1843/1/1303
f 1845/1/1305 1869/1/1328 1868/1/1327 1844/1/1304
f 1846/1/554 1870/1/1329 1869/1/1328 1845/1/1305
f 1847/1/1306 1871/1/1330 1870/1/1329 1846/1/554
f 1848/1/1307 1872/1/1331 1871/1/1330 1847/1/1306
f 1849/1/1308 1873/1/770 1872/1/1331 1848/1/1307
f 1850/1/1309 1874/1/1332 1873/1/770 1849/1/1308
f 1851/1/1310 1875/1/1333 1874/1/1332 1850/1/1309
f 1852/1/1311 1876/1/1334 1875/1/1333 1851/1/1310
f 1853/1/1312 1877/1/1335 1876/1/1334 1852/1/1311
f 1854/1/1313 1878/1/1336 1877/1/1335 1853/1/1312
f 1855/1/1314 1879/1/1337 1878/1/1336 1854/1/1313
f 1856/1/1315 1880/1/1338 1879/1/1337 1855/1/1314
f 1857/1/1316 1881/1/1339 1880/1/1338 1856/1/1315
f 1835/1/1317 1859/1/1340 1881/1/1339 1857/1/1316
f 1858/1/1318 1882/1/1341 1883/1/369 1859/1/1319
f 1860/1/1320 1884/1/1342 1882/1/1341 1858/1/1318
f 1861/1/759 1885/1/372 1884/1/1342 1860/1/1320
f 1862/1/1321 1886/1/1343 1885/1/372 1861/1/759
f 1863/1/1322 1887/1/1344 1886/1/1343 1862/1/1321
f 1864/1/1323 1888/1/376 1887/1/1344 1863/1/1322
f 1865/1/1324 1889/1/1345 1888/1/376 1864/1/1323
f 1866/1/1325 1890/1/1346 1889/1/1345 1865/1/1324
f 1867/1/1326 1891/1/380 1890/1/1346 1866/1/1325
f 1868/1/1327 1892/1/1347 1891/1/380 1867/1/1326
f 1869/1/1328 1893/1/1348 1892/1/1347 1868/1/1327
f 1870/1/1329 1894/1/384 1893/1/1348 1869/1/1328
f 1871/1/1330 1895/1/1349 1894/1/384 1870/1/1329
f 1872/1/1331 1896/1/1350 1895/1/1349 1871/1/1330
f 1873/1/770 1897/1/388 1896/1/1350 1872/1/1331
f 1874/1/1332 1898/1/1351 1897/1/388 1873/1/770
f 1875/1/1333 1899/1/1352 1898/1/1351 1874/1/1332
f 1876/1/1334 1900/1/392 1899/1/1352 1875/1/1333
f 1877/1/1335 1901/1/1353 1900/1/392 1876/1/1334
f 1878/1/1336 1902/1/1354 1901/1/1353 1877/1/1335
f 1879/1/1337 1903/1/396 1902/1/1354 1878/1/1336
f 1880/1/1338 1904/1/1355 1903/1/396 1879/1/1337
f 1881/1/1339 1905/1/1356 1904/1/1355 1880/1/1338
f 1859/1/1340 1883/1/400 1905/1/1356 1881/1/1339
f 1882/1/1341 1906/1/1357 1907/1/1358 1883/1/369
f 1884/1/1342 1908/1/1359 1906/1/1357 1882/1/1341
f 1885/1/372 1909/1/762 1908/1/1359 1884/1/1342
f 1886/1/1343 1910/1/1360 1909/1/762 1885/1/372
f 1887/1/1344 1911/1/1361 1910/1/1360 1886/1/1343
f 1888/1/376 1912/1/1362 1911/1/1361 1887/1/1344
f 1889/1/1345 1913/1/1363 1912/1/1362 1888/1/376
f 1890/1/1346 1914/1/1364 1913/1/1363 1889/1/1345
f 1891/1/380 1915/1/1365 1914/1/1364 1890/1/1346
f 1892/1/1347 1916/1/1366 1915/1/1365 1891/1/380
f 1893/1/1348 1917/1/1367 1916/1/1366 1892/1/1347
f 1894/1/384 1918/1/1368 1917/1/1367 1893/1/1348
f 1895/1/1349 1919/1/1369 1918/1/1368 1894/1/384
f 1896/1/1350 1920/1/1370 1919/1/1369 1895/1/1349
f 1897/1/388 1921/1/767 1920/1/1370 1896/1/1350
f 1898/1/1351 1922/1/1371 1921/1/767 1897/1/388
f 1899/1/1352 1923/1/1372 1922/1/1371 1898/1/1351
f 1900/1/392 1924/1/1373 1923/1/1372 1899/1/1352
f 1901/1/1353 1925/1/1374 1924/1/1373 1900/1/392
f 1902/1/1354 1926/1/1375 1925/1/1374 1901/1/1353
f 1903/1/396 1927/1/1376 1926/1/1375 1902/1/1354
f 1904/1/1355 1928/1/1377 1927/1/1376 1903/1/396
f 1905/1/1356 1929/1/1378 1928/1/1377 1904/1/1355
f 1883/1/400 1907/1/1379 1929/1/1378 1905/1/1356
f 1906/1/1357 1930/1/1380 1931/1/546 1907/1/1358
f 1908/1/1359 1932/1/1381 1930/1/1380 1906/1/1357
f 1909/1/762 1933/1/1382 1932/1/1381 1908/1/1359
f 1910/1/1360 1934/1/1383 1933/1/1382 1909/1/762
f 1911/1/1361 1935/1/1384 1934/1/1383 1910/1/1360
f 1912/1/1362 1936/1/1385 1935/1/1384 1911/1/1361
f 1913/1/1363 1937/1/1386 1936/1/1385 1912/1/1362
f 1914/1/1364 1938/1/1387 1937/1/1386 1913/1/1363
f 1915/1/1365 1939/1/1388 1938/1/1387 1914/1/1364
f 1916/1/1366 1940/1/1389 1939/1/1388 1915/1/1365
f 1917/1/1367 1941/1/1390 1940/1/1389 1916/1/1366
f 1918/1/1368 1942/1/549 1941/1/1390 1917/1/1367
f 1919/1/1369 1943/1/1391 1942/1/549 1918/1/1368
f 1920/1/1370 1944/1/1392 1943/1/1391 1919/1/1369
f 1921/1/767 1945/1/1393 1944/1/1392 1920/1/1370
f 1922/1/1371 1946/1/1394 1945/1/1393 1921/1/767
f 1923/1/1372 1947/1/1395 1946/1/1394 1922/1/1371
f 1924/1/1373 1948/1/1396 1947/1/1395 1923/1/1372
f 1925/1/1374 1949/1/1397 1948/1/1396 1924/1/1373
f 1926/1/1375 1950/1/1398 1949/1/1397 1925/1/1374
f 1927/1/1376 1951/1/1399 1950/1/1398 1926/1/1375
f 1928/1/1377 1952/1/1400 1951/1/1399 1927/1/1376
f 1929/1/1378 1953/1/1401 1952/1/1400 1928/1/1377
f 1907/1/1379 1931/1/1402 1953/1/1401 1929/1/1378
f 1930/1/1380 1954/1/500 1931/1/546
f 1932/1/1381 1954/1/500 1930/1/1380
f 1933/1/1382 1954/1/500 1932/1/1381
f 1934/1/1383 1954/1/500 1933/1/1382
f 1935/1/1384 1954/1/500 1934/1/1383
f 1936/1/1385 1954/1/500 1935/1/1384
f 1937/1/1386 1954/1/500 1936/1/1385
f 1938/1/1387 1954/1/501 1937/1/1386
f 1939/1/1388 1954/1/501 1938/1/1387
f 1940/1/1389 1954/1/501 1939/1/1388
f 1941/1/1390 1954/1/501 1940/1/1389
f 1942/1/549 1954/1/501 1941/1/1390
f 1943/1/1391 1954/1/501 1942/1/549
f 1944/1/1392 1954/1/502 1943/1/1391
f 1945/1/1393 1954/1/502 1944/1/1392
f 1946/1/1394 1954/1/502 1945/1/1393
f 1947/1/1395 1954/1/502 1946/1/1394
f 1948/1/1396 1954/1/502 1947/1/1395
f 1949/1/1397 1954/1/502 1948/1/1396
f 1950/1/1398 1954/1/503 1949/1/1397
f 1951/1/1399 1954/1/503 1950/1/1398
f 1952/1/1400 1954/1/503 1951/1/1399
f 1953/1/1401 1954/1/503 1952/1/1400
f 1931/1/1402 1954/1/503 1953/1/1401
usemtl gold
f 1955/1/500 1956/1/500 1957/1/500
f 1955/1/500 1958/1/500 1956/1/500
f 1955/1/500 1959/1/500 1958/1/500
f 1955/1/500 1960/1/500 1959/1/500
f 1955/1/500 1961/1/500 1960/1/500
f 1955/1/500 1962/1/500 1961/1/500
f 1955/1/500 1963/1/500 1962/1/500
f 1955/1/500 1964/1/500 1963/1/500
f 1955/1/500 1965/1/500 1964/1/500
f 1955/1/500 1966/1/500 1965/1/500
f 1955/1/500 1967/1/500 1966/1/500
f 1955/1/500 1968/1/500 1967/1/500
f 1955/1/500 1969/1/500 1968/1/500
f 1955/1/500 1970/1/500 1969/1/500
f 1955/1/500 1971/1/500 1970/1/500
f 1955/1/500 1972/1/500 1971/1/500
f 1955/1/500 1973/1/500 1972/1/500
f 1955/1/500 1974/1/500 1973/1/500
f 1955/1/500 1975/1/500 1974/1/500
f 1955/1/500 1976/1/500 1975/1/500
f 1955/1/500 1977/1/500 1976/1/500
f 1955/1/500 1978/1/500 1977/1/500
f 1955/1/500 1979/1/500 1978/1/500
f 1955/1/500 1957/1/500 1979/1/500
f 1957/1/1403 1956/1/1403 1980/1/1403 1981/1/1403
f 1956/1/1404 1958/1/1404 1982/1/1404 1980/1/1404
f 1958/1/1405 1959/1/1405 1983/1/1405 1982/1/1405
f 1959/1/1406 1960/1/1406 1984/1/1406 1983/1/1406
f 1960/1/1407 1961/1/1407 1985/1/1407 1984/1/1407
f 1961/1/1408 1962/1/1408 1986/1/1408 1985/1/1408
f 1962/1/1409 1963/1/1409 1987/1/1409 1986/1/1409
f 1963/1/1410 1964/1/1410 1988/1/1410 1987/1/1410
f 1964/1/1411 1965/1/1411 1989/1/1411 1988/1/1411
f 1965/1/1412 1966/1/1412 1990/1/1412 1989/1/1412
f 1966/1/1413 1967/1/1413 1991/1/1413 1990/1/1413
f 1967/1/1414 1968/1/1414 1992/1/1414 1991/1/1414
f 1968/1/1415 1969/1/1415 1993/1/1415 1992/1/1415
f 1969/1/1416 1970/1/1416 1994/1/1416 1993/1/1416
f 1970/1/1417 1971/1/1417 1995/1/1417 1994/1/1417
f 1971/1/1418 1972/1/1418 1996/1/1418 1995/1/1418
f 1972/1/1419 1973/1/1419 1997/1/1419 1996/1/1419
f 1973/1/1420 1974/1/1420 1998/1/1420 1997/1/1420
f 1974/1/1421 1975/1/1421 1999/1/1421 1998/1/1421
f 1975/1/1422 1976/1/1422 2000/1/1422 1999/1/1422
f 1976/1/1423 1977/1/1423 2001/1/1423 2000/1/1423
f 1977/1/1424 1978/1/1424 2002/1/1424 2001/1/1424
f 1978/1/1425 1979/1/1425 2003/1/1425 2002/1/1425
f 1979/1/1426 1957/1/1426 1981/1/1426 2003/1/1426
f 1981/1/1427 1980/1/1427 2004/1/1427 2005/1/1427
f 1980/1/1428 1982/1/1428 2006/1/1428 2004/1/1428
f 1982/1/1429 1983/1/1429 2007/1/1429 2006/1/1429
f 1983/1/1430 1984/1/1430 2008/1/1430 2007/1/1430
f 1984/1/1431 1985/1/1431 2009/1/1431 2008/1/1431
f 1985/1/1432 1986/1/1432 2010/1/1432 2009/1/1432
f 1986/1/1433 1987/1/1433 2011/1/1433 2010/1/1433
f 1987/1/1434 1988/1/1434 2012/1/1434 2011/1/1434
f 1988/1/1435 1989/1/1435 2013/1/1435 2012/1/1435
f 1989/1/1436 1990/1/1436 2014/1/1436 2013/1/1436
f 1990/1/1437 1991/1/1437 2015/1/1437 2014/1/1437
f 1991/1/1438 1992/1/1438 2016/1/1438 2015/1/1438
f 1992/1/1439 1993/1/1439 2017/1/1439 2016/1/1439
f 1993/1/1440 1994/1/1440 2018/1/1440 2017/1/1440
f 1994/1/1441 1995/1/1441 2019/1/1441 2018/1/1441
f 1995/1/1442 1996/1/1442 2020/1/1442 2019/1/1442
f 1996/1/1443 1997/1/1443 2021/1/1443 2020/1/1443
f 1997/1/1444 1998/1/1444 2022/1/1444 2021/1/1444
f 1998/1/1445 1999/1/1445 2023/1/1445 2022/1/1445
f 1999/1/1446 2000/1/1446 2024/1/1446 2023/1/1446
f 2000/1/1447 2001/1/1447 2025/1/1447 2024/1/1447
f 2001/1/1448 2002/1/1448 2026/1/1448 2025/1/1448
f 2002/1/1449 2003/1/1449 2027/1/1449 2026/1/1449
f 2003/1/1450 1981/1/1450 2005/1/1450 2027/1/1450
f 2005/1/1451 2004/1/1451 2028/1/1451 2029/1/1451
f 2004/1/1452 2006/1/1452 2030/1/1452 2028/1/1452
f 2006/1/1453 2007/1/1453 2031/1/1453 2030/1/1453
f 2007/1/1454 2008/1/1454 2032/1/1454 2031/1/1454
f 2008/1/1455 2009/1/1455 2033/1/1455 2032/1/1455
f 2009/1/1456 2010/1/1456 2034/1/1456 2033/1/1456
f 2010/1/1457 2011/1/1457 2035/1/1457 2034/1/1457
f 2011/1/1458 2012/1/1458 2036/1/1458 2035/1/1458
f 2012/1/1459 2013/1/1459 2037/1/1459 2036/1/1459
f 2013/1/1460 2014/1/1460 2038/1/1460 2037/1/1460
f 2014/1/1461 2015/1/1461 2039/1/1461 2038/1/1461
f 2015/1/1462 2016/1/1462 2040/1/1462 2039/1/1462
f 2016/1/1463 2017/1/1463 2041/1/1463 2040/1/1463
f 2017/1/1464 2018/1/1464 2042/1/1464 2041/1/1464
f 2018/1/1465 2019/1/1465 2043/1/1465 2042/1/1465
f 2019/1/1466 2020/1/1466 2044/1/1466 2043/1/1466
f 2020/1/1467 2021/1/1467 2045/1/1467 2044/1/1467
f 2021/1/1468 2022/1/1468 2046/1/1468 2045/1/1468
f 2022/1/1469 2023/1/1469 2047/1/1469 2046/1/1469
f 2023/1/1470 2024/1/1470 2048/1/1470 2047/1/1470
f 2024/1/1471 2025/1/1471 2049/1/1471 2048/1/1471
f 2025/1/1472 2026/1/1472 2050/1/1472 2049/1/1472
f 2026/1/1473 2027/1/1473 2051/1/1473 2050/1/1473
f 2027/1/1474 2005/1/1474 2029/1/1474 2051/1/1474
f 2029/1/3 2028/1/3 2052/1/3 2053/1/3
f 2028/1/3 2030/1/3 2054/1/3 2052/1/3
f 2030/1/3 2031/1/3 2055/1/3 2054/1/3
f 2031/1/3 2032/1/3 2056/1/3 2055/1/3
f 2032/1/3 2033/1/3 2057/1/3 2056/1/3
f 2033/1/3 2034/1/3 2058/1/3 2057/1/3
f 2034/1/3 2035/1/3 2059/1/3 2058/1/3
f 2035/1/3 2036/1/3 2060/1/3 2059/1/3
f 2036/1/3 2037/1/3 2061/1/3 2060/1/3
f 2037/1/3 2038/1/3 2062/1/3 2061/1/3
f 2038/1/3 2039/1/3 2063/1/3 2062/1/3
f 2039/1/3 2040/1/3 2064/1/3 2063/1/3
f 2040/1/3 2041/1/3 2065/1/3 2064/1/3
f 2041/1/3 2042/1/3 2066/1/3 2065/1/3
f 2042/1/3 2043/1/3 2067/1/3 2066/1/3
f 2043/1/3 2044/1/3 2068/1/3 2067/1/3
f 2044/1/3 2045/1/3 2069/1/3 2068/1/3
f 2045/1/3 2046/1/3 2070/1/3 2069/1/3
f 2046/1/3 2047/1/3 2071/1/3 2070/1/3
f 2047/1/3 2048/1/3 2072/1/3 2071/1/3
f 2048/1/3 2049/1/3 2073/1/3 2072/1/3
f 2049/1/3 2050/1/3 2074/1/3 2073/1/3
f 2050/1/3 2051/1/3 2075/1/3 2074/1/3
f 2051/1/3 2029/1/3 2053/1/3 2075/1/3
f 2053/1/1439 2052/1/1439 2076/1/1439 2077/1/1439
f 2052/1/1440 2054/1/1440 2078/1/1440 2076/1/1440
f 2054/1/1441 2055/1/1441 2079/1/1441 2078/1/1441
f 2055/1/1442 2056/1/1442 2080/1/1442 2079/1/1442
f 2056/1/1443 2057/1/1443 2081/1/1443 2080/1/1443
f 2057/1/1444 2058/1/1444 2082/1/1444 2081/1/1444
f 2058/1/1445 2059/1/1445 2083/1/1445 2082/1/1445
f 2059/1/1446 2060/1/1446 2084/1/1446 2083/1/1446
f 2060/1/1447 2061/1/1447 2085/1/1447 2084/1/1447
f 2061/1/1448 2062/1/1448 2086/1/1448 2085/1/1448
f 2062/1/1449 2063/1/1449 2087/1/1449 2086/1/1449
f 2063/1/1450 2064/1/1450 2088/1/1450 2087/1/1450
f 2064/1/1427 2065/1/1427 2089/1/1427 2088/1/1427
f 2065/1/1428 2066/1/1428 2090/1/1428 2089/1/1428
f 2066/1/1429 2067/1/1429 2091/1/1429 2090/1/1429
f 2067/1/1430 2068/1/1430 2092/1/1430 2091/1/1430
f 2068/1/1431 2069/1/1431 2093/1/1431 2092/1/1431
f 2069/1/1432 2070/1/1432 2094/1/1432 2093/1/1432
f 2070/1/1433 2071/1/1433 2095/1/1433 2094/1/1433
f 2071/1/1434 2072/1/1434 2096/1/1434 2095/1/1434
f 2072/1/1435 2073/1/1435 2097/1/1435 2096/1/1435
f 2073/1/1436 2074/1/1436 2098/1/1436 2097/1/1436
f 2074/1/1437 2075/1/1437 2099/1/1437 2098/1/1437
f 2075/1/1438 2053/1/1438 2077/1/1438 2099/1/1438
f 2077/1/3 2076/1/3 2100/1/3
f 2076/1/3 2078/1/3 2100/1/3
f 2078/1/3 2079/1/3 2100/1/3
f 2079/1/3 2080/1/3 2100/1/3
f 2080/1/3 2081/1/3 2100/1/3
f 2081/1/3 2082/1/3 2100/1/3
f 2082/1/3 2083/1/3 2100/1/3
f 2083/1/3 2084/1/3 2100/1/3
f 2084/1/3 2085/1/3 2100/1/3
f 2085/1/3 2086/1/3 2100/1/3
f 2086/1/3 2087/1/3 2100/1/3
f 2087/1/3 2088/1/3 2100/1/3
f 2088/1/3 2089/1/3 2100/1/3
f 2089/1/3 2090/1/3 2100/1/3
f 2090/1/3 2091/1/3 2100/1/3
f 2091/1/3 2092/1/3 2100/1/3
f 2092/1/3 2093/1/3 2100/1/3
f 2093/1/3 2094/1/3 2100/1/3
f 2094/1/3 2095/1/3 2100/1/3
f 2095/1/3 2096/1/3 2100/1/3
f 2096/1/3 2097/1/3 2100/1/3
f 2097/1/3 2098/1/3 2100/1/3
f 2098/1/3 2099/1/3 2100/1/3
f 2099/1/3 2077/1/3 2100/1/3
usemtl gold_edge
f 2101/1/1475 2102/1/1475 2103/1/1475 2104/1/1475
f 2102/1/1476 2105/1/1476 2106/1/1476 2103/1/1476
f 2105/1/1477 2107/1/1477 2108/1/1477 2106/1/1477
f 2107/1/1478 2109/1/1478 2110/1/1478 2108/1/1478
f 2109/1/1479 2111/1/1479 2112/1/1479 2110/1/1479
f 2111/1/1480 2113/1/1480 2114/1/1480 2112/1/1480
f 2113/1/1481 2115/1/1481 2116/1/1481 2114/1/1481
f 2115/1/1482 2117/1/1482 2118/1/1482 2116/1/1482
f 2117/1/1483 2119/1/1483 2120/1/1483 2118/1/1483
f 2119/1/1484 2121/1/1484 2122/1/1484 2120/1/1484
f 2121/1/1485 2123/1/1485 2124/1/1485 2122/1/1485
f 2123/1/1486 2125/1/1486 2126/1/1486 2124/1/1486
f 2125/1/1487 2127/1/1487 2128/1/1487 2126/1/1487
f 2127/1/1488 2129/1/1488 2130/1/1488 2128/1/1488
f 2129/1/1489 2131/1/1489 2132/1/1489 2130/1/1489
f 2131/1/1490 2133/1/1490 2134/1/1490 2132/1/1490
f 2133/1/1491 2135/1/1491 2136/1/1491 2134/1/1491
f 2135/1/1492 2137/1/1492 2138/1/1492 2136/1/1492
f 2137/1/1493 2139/1/1493 2140/1/1493 2138/1/1493
f 2139/1/1494 2141/1/1494 2142/1/1494 2140/1/1494
f 2141/1/1495 2143/1/1495 2144/1/1495 2142/1/1495
f 2143/1/1496 2145/1/1496 2146/1/1496 2144/1/1496
f 2145/1/1497 2147/1/1497 2148/1/1497 2146/1/1497
f 2147/1/1498 2101/1/1498 2104/1/1498 2148/1/1498
f 2104/1/1427 2103/1/1427 2149/1/1427 2150/1/1427
f 2103/1/1428 2106/1/1428 2151/1/1428 2149/1/1428
f 2106/1/1429 2108/1/1429 2152/1/1429 2151/1/1429
f 2108/1/1430 2110/1/1430 2153/1/1430 2152/1/1430
f 2110/1/1431 2112/1/1431 2154/1/1431 2153/1/1431
f 2112/1/1432 2114/1/1432 2155/1/1432 2154/1/1432
f 2114/1/1433 2116/1/1433 2156/1/1433 2155/1/1433
f 2116/1/1434 2118/1/1434 2157/1/1434 2156/1/1434
f 2118/1/1435 2120/1/1435 2158/1/1435 2157/1/1435
f 2120/1/1436 2122/1/1436 2159/1/1436 2158/1/1436
f 2122/1/1437 2124/1/1437 2160/1/1437 2159/1/1437
f 2124/1/1438 2126/1/1438 2161/1/1438 2160/1/1438
f 2126/1/1439 2128/1/1439 2162/1/1439 2161/1/1439
f 2128/1/1440 2130/1/1440 2163/1/1440 2162/1/1440
f 2130/1/1441 2132/1/1441 2164/1/1441 2163/1/1441
f 2132/1/1442 2134/1/1442 2165/1/1442 2164/1/1442
f 2134/1/1443 2136/1/1443 2166/1/1443 2165/1/1443
f 2136/1/1444 2138/1/1444 2167/1/1444 2166/1/1444
f 2138/1/1445 2140/1/1445 2168/1/1445 2167/1/1445
f 2140/1/1446 2142/1/1446 2169/1/1446 2168/1/1446
f 2142/1/1447 2144/1/1447 2170/1/1447 2169/1/1447
f 2144/1/1448 2146/1/1448 2171/1/1448 2170/1/1448
f 2146/1/1449 2148/1/1449 2172/1/1449 2171/1/1449
f 2148/1/1450 2104/1/1450 2150/1/1450 2172/1/1450
f 2150/1/1499 2149/1/1499 2173/1/1499 2174/1/1499
f 2149/1/1500 2151/1/1500 2175/1/1500 2173/1/1500
f 2151/1/1501 2152/1/1501 2176/1/1501 2175/1/1501
f 2152/1/1502 2153/1/1502 2177/1/1502 2176/1/1502
f 2153/1/1503 2154/1/1503 2178/1/1503 2177/1/1503
f 2154/1/1504 2155/1/1504 2179/1/1504 2178/1/1504
f 2155/1/1505 2156/1/1505 2180/1/1505 2179/1/1505
f 2156/1/1506 2157/1/1506 2181/1/1506 2180/1/1506
f 2157/1/1507 2158/1/1507 2182/1/1507 2181/1/1507
f 2158/1/1508 2159/1/1508 2183/1/1508 2182/1/1508
f 2159/1/1509 2160/1/1509 2184/1/1509 2183/1/1509
f 2160/1/1510 2161/1/1510 2185/1/1510 2184/1/1510
f 2161/1/1511 2162/1/1511 2186/1/1511 2185/1/1511
f 2162/1/1512 2163/1/1512 2187/1/1512 2186/1/1512
f 2163/1/1513 2164/1/1513 2188/1/1513 2187/1/1513
f 2164/1/1514 2165/1/1514 2189/1/1514 2188/1/1514
f 2165/1/1515 2166/1/1515 2190/1/1515 2189/1/1515
f 2166/1/1516 2167/1/1516 2191/1/1516 2190/1/1516
f 2167/1/1517 2168/1/1517 2192/1/1517 2191/1/1517
f 2168/1/1518 2169/1/1518 2193/1/1518 2192/1/1518
f 2169/1/1519 2170/1/1519 2194/1/1519 2193/1/1519
f 2170/1/1520 2171/1/1520 2195/1/1520 2194/1/1520
f 2171/1/1521 2172/1/1521 2196/1/1521 2195/1/1521
f 2172/1/1522 2150/1/1522 2174/1/1522 2196/1/1522
f 2174/1/1439 2173/1/1439 2102/1/1439 2101/1/1439
f 2173/1/1440 2175/1/1440 2105/1/1440 2102/1/1440
f 2175/1/1441 2176/1/1441 2107/1/1441 2105/1/1441
f 2176/1/1442 2177/1/1442 2109/1/1442 2107/1/1442
f 2177/1/1443 2178/1/1443 2111/1/1443 2109/1/1443
f 2178/1/1444 2179/1/1444 2113/1/1444 2111/1/1444
f 2179/1/1445 2180/1/1445 2115/1/1445 2113/1/1445
f 2180/1/1446 2181/1/1446 2117/1/1446 2115/1/1446
f 2181/1/1447 2182/1/1447 2119/1/1447 2117/1/1447
f 2182/1/1448 2183/1/1448 2121/1/1448 2119/1/1448
f 2183/1/1449 2184/1/1449 2123/1/1449 2121/1/1449
f 2184/1/1450 2185/1/1450 2125/1/1450 2123/1/1450
f 2185/1/1427 2186/1/1427 2127/1/1427 2125/1/1427
f 2186/1/1428 2187/1/1428 2129/1/1428 2127/1/1428
f 2187/1/1429 2188/1/1429 2131/1/1429 2129/1/1429
f 2188/1/1430 2189/1/1430 2133/1/1430 2131/1/1430
f 2189/1/1431 2190/1/1431 2135/1/1431 2133/1/1431
f 2190/1/1432 2191/1/1432 2137/1/1432 2135/1/1432
f 2191/1/1433 2192/1/1433 2139/1/1433 2137/1/1433
f 2192/1/1434 2193/1/1434 2141/1/1434 2139/1/1434
f 2193/1/1435 2194/1/1435 2143/1/1435 2141/1/1435
f 2194/1/1436 2195/1/1436 2145/1/1436 2143/1/1436
f 2195/1/1437 2196/1/1437 2147/1/1437 2145/1/1437
f 2196/1/1438 2174/1/1438 2101/1/1438 2147/1/1438
usemtl mana_core
f 2197/1/500 2198/1/500 2199/1/500
f 2197/1/500 2200/1/500 2198/1/500
f 2197/1/500 2201/1/500 2200/1/500
f 2197/1/500 2202/1/500 2201/1/500
f 2197/1/500 2203/1/500 2202/1/500
f 2197/1/500 2204/1/500 2203/1/500
f 2197/1/500 2205/1/500 2204/1/500
f 2197/1/500 2206/1/500 2205/1/500
f 2197/1/500 2207/1/500 2206/1/500
f 2197/1/500 2208/1/500 2207/1/500
f 2197/1/500 2209/1/500 2208/1/500
f 2197/1/500 2210/1/500 2209/1/500
f 2197/1/500 2211/1/500 2210/1/500
f 2197/1/500 2212/1/500 2211/1/500
f 2197/1/500 2213/1/500 2212/1/500
f 2197/1/500 2214/1/500 2213/1/500
f 2197/1/500 2215/1/500 2214/1/500
f 2197/1/500 2216/1/500 2215/1/500
f 2197/1/500 2217/1/500 2216/1/500
f 2197/1/500 2218/1/500 2217/1/500
f 2197/1/500 2219/1/500 2218/1/500
f 2197/1/500 2220/1/500 2219/1/500
f 2197/1/500 2221/1/500 2220/1/500
f 2197/1/500 2199/1/500 2221/1/500
f 2199/1/1427 2198/1/1427 2222/1/1427 2223/1/1427
f 2198/1/1428 2200/1/1428 2224/1/1428 2222/1/1428
f 2200/1/1429 2201/1/1429 2225/1/1429 2224/1/1429
f 2201/1/1430 2202/1/1430 2226/1/1430 2225/1/1430
f 2202/1/1431 2203/1/1431 2227/1/1431 2226/1/1431
f 2203/1/1432 2204/1/1432 2228/1/1432 2227/1/1432
f 2204/1/1433 2205/1/1433 2229/1/1433 2228/1/1433
f 2205/1/1434 2206/1/1434 2230/1/1434 2229/1/1434
f 2206/1/1435 2207/1/1435 2231/1/1435 2230/1/1435
f 2207/1/1436 2208/1/1436 2232/1/1436 2231/1/1436
f 2208/1/1437 2209/1/1437 2233/1/1437 2232/1/1437
f 2209/1/1438 2210/1/1438 2234/1/1438 2233/1/1438
f 2210/1/1439 2211/1/1439 2235/1/1439 2234/1/1439
f 2211/1/1440 2212/1/1440 2236/1/1440 2235/1/1440
f 2212/1/1441 2213/1/1441 2237/1/1441 2236/1/1441
f 2213/1/1442 2214/1/1442 2238/1/1442 2237/1/1442
f 2214/1/1443 2215/1/1443 2239/1/1443 2238/1/1443
f 2215/1/1444 2216/1/1444 2240/1/1444 2239/1/1444
f 2216/1/1445 2217/1/1445 2241/1/1445 2240/1/1445
f 2217/1/1446 2218/1/1446 2242/1/1446 2241/1/1446
f 2218/1/1447 2219/1/1447 2243/1/1447 2242/1/1447
f 2219/1/1448 2220/1/1448 2244/1/1448 2243/1/1448
f 2220/1/1449 2221/1/1449 2245/1/1449 2244/1/1449
f 2221/1/1450 2199/1/1450 2223/1/1450 2245/1/1450
f 2223/1/3 2222/1/3 2246/1/3
f 2222/1/3 2224/1/3 2246/1/3
f 2224/1/3 2225/1/3 2246/1/3
f 2225/1/3 2226/1/3 2246/1/3
f 2226/1/3 2227/1/3 2246/1/3
f 2227/1/3 2228/1/3 2246/1/3
f 2228/1/3 2229/1/3 2246/1/3
f 2229/1/3 2230/1/3 2246/1/3
f 2230/1/3 2231/1/3 2246/1/3
f 2231/1/3 2232/1/3 2246/1/3
f 2232/1/3 2233/1/3 2246/1/3
f 2233/1/3 2234/1/3 2246/1/3
f 2234/1/3 2235/1/3 2246/1/3
f 2235/1/3 2236/1/3 2246/1/3
f 2236/1/3 2237/1/3 2246/1/3
f 2237/1/3 2238/1/3 2246/1/3
f 2238/1/3 2239/1/3 2246/1/3
f 2239/1/3 2240/1/3 2246/1/3
f 2240/1/3 2241/1/3 2246/1/3
f 2241/1/3 2242/1/3 2246/1/3
f 2242/1/3 2243/1/3 2246/1/3
f 2243/1/3 2244/1/3 2246/1/3
f 2244/1/3 2245/1/3 2246/1/3
f 2245/1/3 2223/1/3 2246/1/3
usemtl mana_light
f 2247/1/40 2248/1/39 2249/1/3
f 2250/1/42 2247/1/40 2249/1/3
f 2251/1/44 2250/1/42 2249/1/3
f 2252/1/46 2251/1/44 2249/1/3
f 2253/1/48 2252/1/46 2249/1/3
f 2254/1/50 2253/1/48 2249/1/3
f 2255/1/52 2254/1/50 2249/1/3
f 2256/1/54 2255/1/52 2249/1/3
f 2257/1/56 2256/1/54 2249/1/3
f 2258/1/58 2257/1/56 2249/1/3
f 2259/1/60 2258/1/58 2249/1/3
f 2260/1/62 2259/1/60 2249/1/3
f 2261/1/64 2260/1/62 2249/1/3
f 2262/1/66 2261/1/64 2249/1/3
f 2263/1/68 2262/1/66 2249/1/3
f 2248/1/70 2263/1/68 2249/1/3
f 2247/1/40 2264/1/106 2265/1/105 2248/1/39
f 2250/1/42 2266/1/108 2264/1/106 2247/1/40
f 2251/1/44 2267/1/110 2266/1/108 2250/1/42
f 2252/1/46 2268/1/112 2267/1/110 2251/1/44
f 2253/1/48 2269/1/114 2268/1/112 2252/1/46
f 2254/1/50 2270/1/116 2269/1/114 2253/1/48
f 2255/1/52 2271/1/118 2270/1/116 2254/1/50
f 2256/1/54 2272/1/120 2271/1/118 2255/1/52
f 2257/1/56 2273/1/122 2272/1/120 2256/1/54
f 2258/1/58 2274/1/124 2273/1/122 2257/1/56
f 2259/1/60 2275/1/126 2274/1/124 2258/1/58
f 2260/1/62 2276/1/128 2275/1/126 2259/1/60
f 2261/1/64 2277/1/130 2276/1/128 2260/1/62
f 2262/1/66 2278/1/132 2277/1/130 2261/1/64
f 2263/1/68 2279/1/134 2278/1/132 2262/1/66
f 2248/1/70 2265/1/136 2279/1/134 2263/1/68
f 2264/1/106 2280/1/172 2281/1/171 2265/1/105
f 2266/1/108 2282/1/174 2280/1/172 2264/1/106
f 2267/1/110 2283/1/176 2282/1/174 2266/1/108
f 2268/1/112 2284/1/178 2283/1/176 2267/1/110
f 2269/1/114 2285/1/180 2284/1/178 2268/1/112
f 2270/1/116 2286/1/182 2285/1/180 2269/1/114
f 2271/1/118 2287/1/184 2286/1/182 2270/1/116
f 2272/1/120 2288/1/186 2287/1/184 2271/1/118
f 2273/1/122 2289/1/188 2288/1/186 2272/1/120
f 2274/1/124 2290/1/190 2289/1/188 2273/1/122
f 2275/1/126 2291/1/192 2290/1/190 2274/1/124
f 2276/1/128 2292/1/194 2291/1/192 2275/1/126
f 2277/1/130 2293/1/196 2292/1/194 2276/1/128
f 2278/1/132 2294/1/198 2293/1/196 2277/1/130
f 2279/1/134 2295/1/200 2294/1/198 2278/1/132
f 2265/1/136 2281/1/202 2295/1/200 2279/1/134
f 2280/1/172 2296/1/238 2297/1/237 2281/1/171
f 2282/1/174 2298/1/240 2296/1/238 2280/1/172
f 2283/1/176 2299/1/242 2298/1/240 2282/1/174
f 2284/1/178 2300/1/244 2299/1/242 2283/1/176
f 2285/1/180 2301/1/246 2300/1/244 2284/1/178
f 2286/1/182 2302/1/248 2301/1/246 2285/1/180
f 2287/1/184 2303/1/250 2302/1/248 2286/1/182
f 2288/1/186 2304/1/252 2303/1/250 2287/1/184
f 2289/1/188 2305/1/254 2304/1/252 2288/1/186
f 2290/1/190 2306/1/256 2305/1/254 2289/1/188
f 2291/1/192 2307/1/258 2306/1/256 2290/1/190
f 2292/1/194 2308/1/260 2307/1/258 2291/1/192
f 2293/1/196 2309/1/262 2308/1/260 2292/1/194
f 2294/1/198 2310/1/264 2309/1/262 2293/1/196
f 2295/1/200 2311/1/266 2310/1/264 2294/1/198
f 2281/1/202 2297/1/268 2311/1/266 2295/1/200
f 2296/1/238 2312/1/304 2313/1/303 2297/1/237
f 2298/1/240 2314/1/306 2312/1/304 2296/1/238
f 2299/1/242 2315/1/308 2314/1/306 2298/1/240
f 2300/1/244 2316/1/310 2315/1/308 2299/1/242
f 2301/1/246 2317/1/312 2316/1/310 2300/1/244
f 2302/1/248 2318/1/314 2317/1/312 2301/1/246
f 2303/1/250 2319/1/316 2318/1/314 2302/1/248
f 2304/1/252 2320/1/318 2319/1/316 2303/1/250
f 2305/1/254 2321/1/320 2320/1/318 2304/1/252
f 2306/1/256 2322/1/322 2321/1/320 2305/1/254
f 2307/1/258 2323/1/324 2322/1/322 2306/1/256
f 2308/1/260 2324/1/326 2323/1/324 2307/1/258
f 2309/1/262 2325/1/328 2324/1/326 2308/1/260
f 2310/1/264 2326/1/330 2325/1/328 2309/1/262
f 2311/1/266 2327/1/332 2326/1/330 2310/1/264
f 2297/1/268 2313/1/334 2327/1/332 2311/1/266
f 2312/1/304 2328/1/370 2329/1/369 2313/1/303
f 2314/1/306 2330/1/372 2328/1/370 2312/1/304
f 2315/1/308 2331/1/374 2330/1/372 2314/1/306
f 2316/1/310 2332/1/376 2331/1/374 2315/1/308
f 2317/1/312 2333/1/378 2332/1/376 2316/1/310
f 2318/1/314 2334/1/380 2333/1/378 2317/1/312
f 2319/1/316 2335/1/382 2334/1/380 2318/1/314
f 2320/1/318 2336/1/384 2335/1/382 2319/1/316
f 2321/1/320 2337/1/386 2336/1/384 2320/1/318
f 2322/1/322 2338/1/388 2337/1/386 2321/1/320
f 2323/1/324 2339/1/390 2338/1/388 2322/1/322
f 2324/1/326 2340/1/392 2339/1/390 2323/1/324
f 2325/1/328 2341/1/394 2340/1/392 2324/1/326
f 2326/1/330 2342/1/396 2341/1/394 2325/1/328
f 2327/1/332 2343/1/398 2342/1/396 2326/1/330
f 2313/1/334 2329/1/400 2343/1/398 2327/1/332
f 2328/1/370 2344/1/436 2345/1/435 2329/1/369
f 2330/1/372 2346/1/438 2344/1/436 2328/1/370
f 2331/1/374 2347/1/440 2346/1/438 2330/1/372
f 2332/1/376 2348/1/442 2347/1/440 2331/1/374
f 2333/1/378 2349/1/444 2348/1/442 2332/1/376
f 2334/1/380 2350/1/446 2349/1/444 2333/1/378
f 2335/1/382 2351/1/448 2350/1/446 2334/1/380
f 2336/1/384 2352/1/450 2351/1/448 2335/1/382
f 2337/1/386 2353/1/452 2352/1/450 2336/1/384
f 2338/1/388 2354/1/454 2353/1/452 2337/1/386
f 2339/1/390 2355/1/456 2354/1/454 2338/1/388
f 2340/1/392 2356/1/458 2355/1/456 2339/1/390
f 2341/1/394 2357/1/460 2356/1/458 2340/1/392
f 2342/1/396 2358/1/462 2357/1/460 2341/1/394
f 2343/1/398 2359/1/464 2358/1/462 2342/1/396
f 2329/1/400 2345/1/466 2359/1/464 2343/1/398
f 2344/1/436 2360/1/500 2345/1/435
f 2346/1/438 2360/1/500 2344/1/436
f 2347/1/440 2360/1/500 2346/1/438
f 2348/1/442 2360/1/500 2347/1/440
f 2349/1/444 2360/1/500 2348/1/442
f 2350/1/446 2360/1/501 2349/1/444
f 2351/1/448 2360/1/501 2350/1/446
f 2352/1/450 2360/1/501 2351/1/448
f 2353/1/452 2360/1/501 2352/1/450
f 2354/1/454 2360/1/502 2353/1/452
f 2355/1/456 2360/1/502 2354/1/454
f 2356/1/458 2360/1/502 2355/1/456
f 2357/1/460 2360/1/502 2356/1/458
f 2358/1/462 2360/1/503 2357/1/460
f 2359/1/464 2360/1/503 2358/1/462
f 2345/1/466 2360/1/503 2359/1/464
usemtl gold
f 2361/1/3 2362/1/3 2363/1/3
f 2361/1/3 2364/1/3 2362/1/3
f 2361/1/3 2365/1/3 2364/1/3
f 2361/1/3 2366/1/3 2365/1/3
f 2361/1/3 2367/1/3 2366/1/3
f 2361/1/3 2368/1/3 2367/1/3
f 2361/1/3 2369/1/3 2368/1/3
f 2361/1/3 2370/1/3 2369/1/3
f 2361/1/3 2371/1/3 2370/1/3
f 2361/1/3 2372/1/3 2371/1/3
f 2361/1/3 2373/1/3 2372/1/3
f 2361/1/3 2374/1/3 2373/1/3
f 2361/1/3 2375/1/3 2374/1/3
f 2361/1/3 2376/1/3 2375/1/3
f 2361/1/3 2377/1/3 2376/1/3
f 2361/1/3 2378/1/3 2377/1/3
f 2361/1/3 2379/1/3 2378/1/3
f 2361/1/3 2380/1/3 2379/1/3
f 2361/1/3 2381/1/3 2380/1/3
f 2361/1/3 2382/1/3 2381/1/3
f 2361/1/3 2383/1/3 2382/1/3
f 2361/1/3 2384/1/3 2383/1/3
f 2361/1/3 2385/1/3 2384/1/3
f 2361/1/3 2363/1/3 2385/1/3
f 2363/1/1523 2362/1/1523 2386/1/1523 2387/1/1523
f 2362/1/1524 2364/1/1524 2388/1/1524 2386/1/1524
f 2364/1/1525 2365/1/1525 2389/1/1525 2388/1/1525
f 2365/1/1526 2366/1/1526 2390/1/1526 2389/1/1526
f 2366/1/1527 2367/1/1527 2391/1/1527 2390/1/1527
f 2367/1/1528 2368/1/1528 2392/1/1528 2391/1/1528
f 2368/1/1529 2369/1/1529 2393/1/1529 2392/1/1529
f 2369/1/1530 2370/1/1530 2394/1/1530 2393/1/1530
f 2370/1/1531 2371/1/1531 2395/1/1531 2394/1/1531
f 2371/1/1532 2372/1/1532 2396/1/1532 2395/1/1532
f 2372/1/1533 2373/1/1533 2397/1/1533 2396/1/1533
f 2373/1/1534 2374/1/1534 2398/1/1534 2397/1/1534
f 2374/1/1535 2375/1/1535 2399/1/1535 2398/1/1535
f 2375/1/1536 2376/1/1536 2400/1/1536 2399/1/1536
f 2376/1/1537 2377/1/1537 2401/1/1537 2400/1/1537
f 2377/1/1538 2378/1/1538 2402/1/1538 2401/1/1538
f 2378/1/1539 2379/1/1539 2403/1/1539 2402/1/1539
f 2379/1/1540 2380/1/1540 2404/1/1540 2403/1/1540
f 2380/1/1541 2381/1/1541 2405/1/1541 2404/1/1541
f 2381/1/1542 2382/1/1542 2406/1/1542 2405/1/1542
f 2382/1/1543 2383/1/1543 2407/1/1543 2406/1/1543
f 2383/1/1544 2384/1/1544 2408/1/1544 2407/1/1544
f 2384/1/1545 2385/1/1545 2409/1/1545 2408/1/1545
f 2385/1/1546 2363/1/1546 2387/1/1546 2409/1/1546
f 2387/1/1450 2386/1/1450 2410/1/1450 2411/1/1450
f 2386/1/1449 2388/1/1449 2412/1/1449 2410/1/1449
f 2388/1/1448 2389/1/1448 2413/1/1448 2412/1/1448
f 2389/1/1447 2390/1/1447 2414/1/1447 2413/1/1447
f 2390/1/1446 2391/1/1446 2415/1/1446 2414/1/1446
f 2391/1/1445 2392/1/1445 2416/1/1445 2415/1/1445
f 2392/1/1444 2393/1/1444 2417/1/1444 2416/1/1444
f 2393/1/1443 2394/1/1443 2418/1/1443 2417/1/1443
f 2394/1/1442 2395/1/1442 2419/1/1442 2418/1/1442
f 2395/1/1441 2396/1/1441 2420/1/1441 2419/1/1441
f 2396/1/1440 2397/1/1440 2421/1/1440 2420/1/1440
f 2397/1/1439 2398/1/1439 2422/1/1439 2421/1/1439
f 2398/1/1438 2399/1/1438 2423/1/1438 2422/1/1438
f 2399/1/1437 2400/1/1437 2424/1/1437 2423/1/1437
f 2400/1/1436 2401/1/1436 2425/1/1436 2424/1/1436
f 2401/1/1435 2402/1/1435 2426/1/1435 2425/1/1435
f 2402/1/1434 2403/1/1434 2427/1/1434 2426/1/1434
f 2403/1/1433 2404/1/1433 2428/1/1433 2427/1/1433
f 2404/1/1432 2405/1/1432 2429/1/1432 2428/1/1432
f 2405/1/1431 2406/1/1431 2430/1/1431 2429/1/1431
f 2406/1/1430 2407/1/1430 2431/1/1430 2430/1/1430
f 2407/1/1429 2408/1/1429 2432/1/1429 2431/1/1429
f 2408/1/1428 2409/1/1428 2433/1/1428 2432/1/1428
f 2409/1/1427 2387/1/1427 2411/1/1427 2433/1/1427
f 2411/1/1547 2410/1/1547 2434/1/1547 2435/1/1547
f 2410/1/1548 2412/1/1548 2436/1/1548 2434/1/1548
f 2412/1/1549 2413/1/1549 2437/1/1549 2436/1/1549
f 2413/1/1550 2414/1/1550 2438/1/1550 2437/1/1550
f 2414/1/1551 2415/1/1551 2439/1/1551 2438/1/1551
f 2415/1/1552 2416/1/1552 2440/1/1552 2439/1/1552
f 2416/1/1553 2417/1/1553 2441/1/1553 2440/1/1553
f 2417/1/1554 2418/1/1554 2442/1/1554 2441/1/1554
f 2418/1/1555 2419/1/1555 2443/1/1555 2442/1/1555
f 2419/1/1556 2420/1/1556 2444/1/1556 2443/1/1556
f 2420/1/1557 2421/1/1557 2445/1/1557 2444/1/1557
f 2421/1/1558 2422/1/1558 2446/1/1558 2445/1/1558
f 2422/1/1559 2423/1/1559 2447/1/1559 2446/1/1559
f 2423/1/1560 2424/1/1560 2448/1/1560 2447/1/1560
f 2424/1/1561 2425/1/1561 2449/1/1561 2448/1/1561
f 2425/1/1562 2426/1/1562 2450/1/1562 2449/1/1562
f 2426/1/1563 2427/1/1563 2451/1/1563 2450/1/1563
f 2427/1/1564 2428/1/1564 2452/1/1564 2451/1/1564
f 2428/1/1565 2429/1/1565 2453/1/1565 2452/1/1565
f 2429/1/1566 2430/1/1566 2454/1/1566 2453/1/1566
f 2430/1/1567 2431/1/1567 2455/1/1567 2454/1/1567
f 2431/1/1568 2432/1/1568 2456/1/1568 2455/1/1568
f 2432/1/1569 2433/1/1569 2457/1/1569 2456/1/1569
f 2433/1/1570 2411/1/1570 2435/1/1570 2457/1/1570
f 2435/1/500 2434/1/500 2458/1/500 2459/1/500
f 2434/1/500 2436/1/500 2460/1/500 2458/1/500
f 2436/1/500 2437/1/500 2461/1/500 2460/1/500
f 2437/1/500 2438/1/500 2462/1/500 2461/1/500
f 2438/1/500 2439/1/500 2463/1/500 2462/1/500
f 2439/1/500 2440/1/500 2464/1/500 2463/1/500
f 2440/1/500 2441/1/500 2465/1/500 2464/1/500
f 2441/1/500 2442/1/500 2466/1/500 2465/1/500
f 2442/1/500 2443/1/500 2467/1/500 2466/1/500
f 2443/1/500 2444/1/500 2468/1/500 2467/1/500
f 2444/1/500 2445/1/500 2469/1/500 2468/1/500
f 2445/1/500 2446/1/500 2470/1/500 2469/1/500
f 2446/1/500 2447/1/500 2471/1/500 2470/1/500
f 2447/1/500 2448/1/500 2472/1/500 2471/1/500
f 2448/1/500 2449/1/500 2473/1/500 2472/1/500
f 2449/1/500 2450/1/500 2474/1/500 2473/1/500
f 2450/1/500 2451/1/500 2475/1/500 2474/1/500
f 2451/1/500 2452/1/500 2476/1/500 2475/1/500
f 2452/1/500 2453/1/500 2477/1/500 2476/1/500
f 2453/1/500 2454/1/500 2478/1/500 2477/1/500
f 2454/1/500 2455/1/500 2479/1/500 2478/1/500
f 2455/1/500 2456/1/500 2480/1/500 2479/1/500
f 2456/1/500 2457/1/500 2481/1/500 2480/1/500
f 2457/1/500 2435/1/500 2459/1/500 2481/1/500
f 2459/1/1438 2458/1/1438 2482/1/1438 2483/1/1438
f 2458/1/1437 2460/1/1437 2484/1/1437 2482/1/1437
f 2460/1/1436 2461/1/1436 2485/1/1436 2484/1/1436
f 2461/1/1435 2462/1/1435 2486/1/1435 2485/1/1435
f 2462/1/1434 2463/1/1434 2487/1/1434 2486/1/1434
f 2463/1/1433 2464/1/1433 2488/1/1433 2487/1/1433
f 2464/1/1432 2465/1/1432 2489/1/1432 2488/1/1432
f 2465/1/1431 2466/1/1431 2490/1/1431 2489/1/1431
f 2466/1/1430 2467/1/1430 2491/1/1430 2490/1/1430
f 2467/1/1429 2468/1/1429 2492/1/1429 2491/1/1429
f 2468/1/1428 2469/1/1428 2493/1/1428 2492/1/1428
f 2469/1/1427 2470/1/1427 2494/1/1427 2493/1/1427
f 2470/1/1450 2471/1/1450 2495/1/1450 2494/1/1450
f 2471/1/1449 2472/1/1449 2496/1/1449 2495/1/1449
f 2472/1/1448 2473/1/1448 2497/1/1448 2496/1/1448
f 2473/1/1447 2474/1/1447 2498/1/1447 2497/1/1447
f 2474/1/1446 2475/1/1446 2499/1/1446 2498/1/1446
f 2475/1/1445 2476/1/1445 2500/1/1445 2499/1/1445
f 2476/1/1444 2477/1/1444 2501/1/1444 2500/1/1444
f 2477/1/1443 2478/1/1443 2502/1/1443 2501/1/1443
f 2478/1/1442 2479/1/1442 2503/1/1442 2502/1/1442
f 2479/1/1441 2480/1/1441 2504/1/1441 2503/1/1441
f 2480/1/1440 2481/1/1440 2505/1/1440 2504/1/1440
f 2481/1/1439 2459/1/1439 2483/1/1439 2505/1/1439
f 2483/1/500 2482/1/500 2506/1/500
f 2482/1/500 2484/1/500 2506/1/500
f 2484/1/500 2485/1/500 2506/1/500
f 2485/1/500 2486/1/500 2506/1/500
f 2486/1/500 2487/1/500 2506/1/500
f 2487/1/500 2488/1/500 2506/1/500
f 2488/1/500 2489/1/500 2506/1/500
f 2489/1/500 2490/1/500 2506/1/500
f 2490/1/500 2491/1/500 2506/1/500
f 2491/1/500 2492/1/500 2506/1/500
f 2492/1/500 2493/1/500 2506/1/500
f 2493/1/500 2494/1/500 2506/1/500
f 2494/1/500 2495/1/500 2506/1/500
f 2495/1/500 2496/1/500 2506/1/500
f 2496/1/500 2497/1/500 2506/1/500
f 2497/1/500 2498/1/500 2506/1/500
f 2498/1/500 2499/1/500 2506/1/500
f 2499/1/500 2500/1/500 2506/1/500
f 2500/1/500 2501/1/500 2506/1/500
f 2501/1/500 2502/1/500 2506/1/500
f 2502/1/500 2503/1/500 2506/1/500
f 2503/1/500 2504/1/500 2506/1/500
f 2504/1/500 2505/1/500 2506/1/500
f 2505/1/500 2483/1/500 2506/1/500
usemtl gold_edge
f 2507/1/1571 2508/1/1571 2509/1/1571 2510/1/1571
f 2508/1/1572 2511/1/1572 2512/1/1572 2509/1/1572
f 2511/1/1573 2513/1/1573 2514/1/1573 2512/1/1573
f 2513/1/1574 2515/1/1574 2516/1/1574 2514/1/1574
f 2515/1/1575 2517/1/1575 2518/1/1575 2516/1/1575
f 2517/1/1576 2519/1/1576 2520/1/1576 2518/1/1576
f 2519/1/1577 2521/1/1577 2522/1/1577 2520/1/1577
f 2521/1/1578 2523/1/1578 2524/1/1578 2522/1/1578
f 2523/1/1579 2525/1/1579 2526/1/1579 2524/1/1579
f 2525/1/1580 2527/1/1580 2528/1/1580 2526/1/1580
f 2527/1/1581 2529/1/1581 2530/1/1581 2528/1/1581
f 2529/1/1582 2531/1/1582 2532/1/1582 2530/1/1582
f 2531/1/1583 2533/1/1583 2534/1/1583 2532/1/1583
f 2533/1/1584 2535/1/1584 2536/1/1584 2534/1/1584
f 2535/1/1585 2537/1/1585 2538/1/1585 2536/1/1585
f 2537/1/1586 2539/1/1586 2540/1/1586 2538/1/1586
f 2539/1/1587 2541/1/1587 2542/1/1587 2540/1/1587
f 2541/1/1588 2543/1/1588 2544/1/1588 2542/1/1588
f 2543/1/1589 2545/1/1589 2546/1/1589 2544/1/1589
f 2545/1/1590 2547/1/1590 2548/1/1590 2546/1/1590
f 2547/1/1591 2549/1/1591 2550/1/1591 2548/1/1591
f 2549/1/1592 2551/1/1592 2552/1/1592 2550/1/1592
f 2551/1/1593 2553/1/1593 2554/1/1593 2552/1/1593
f 2553/1/1594 2507/1/1594 2510/1/1594 2554/1/1594
f 2510/1/1450 2509/1/1450 2555/1/1450 2556/1/1450
f 2509/1/1449 2512/1/1449 2557/1/1449 2555/1/1449
f 2512/1/1448 2514/1/1448 2558/1/1448 2557/1/1448
f 2514/1/1447 2516/1/1447 2559/1/1447 2558/1/1447
f 2516/1/1446 2518/1/1446 2560/1/1446 2559/1/1446
f 2518/1/1445 2520/1/1445 2561/1/1445 2560/1/1445
f 2520/1/1444 2522/1/1444 2562/1/1444 2561/1/1444
f 2522/1/1443 2524/1/1443 2563/1/1443 2562/1/1443
f 2524/1/1442 2526/1/1442 2564/1/1442 2563/1/1442
f 2526/1/1441 2528/1/1441 2565/1/1441 2564/1/1441
f 2528/1/1440 2530/1/1440 2566/1/1440 2565/1/1440
f 2530/1/1439 2532/1/1439 2567/1/1439 2566/1/1439
f 2532/1/1438 2534/1/1438 2568/1/1438 2567/1/1438
f 2534/1/1437 2536/1/1437 2569/1/1437 2568/1/1437
f 2536/1/1436 2538/1/1436 2570/1/1436 2569/1/1436
f 2538/1/1435 2540/1/1435 2571/1/1435 2570/1/1435
f 2540/1/1434 2542/1/1434 2572/1/1434 2571/1/1434
f 2542/1/1433 2544/1/1433 2573/1/1433 2572/1/1433
f 2544/1/1432 2546/1/1432 2574/1/1432 2573/1/1432
f 2546/1/1431 2548/1/1431 2575/1/1431 2574/1/1431
f 2548/1/1430 2550/1/1430 2576/1/1430 2575/1/1430
f 2550/1/1429 2552/1/1429 2577/1/1429 2576/1/1429
f 2552/1/1428 2554/1/1428 2578/1/1428 2577/1/1428
f 2554/1/1427 2510/1/1427 2556/1/1427 2578/1/1427
f 2556/1/1595 2555/1/1595 2579/1/1595 2580/1/1595
f 2555/1/1596 2557/1/1596 2581/1/1596 2579/1/1596
f 2557/1/1597 2558/1/1597 2582/1/1597 2581/1/1597
f 2558/1/1598 2559/1/1598 2583/1/1598 2582/1/1598
f 2559/1/1599 2560/1/1599 2584/1/1599 2583/1/1599
f 2560/1/1600 2561/1/1600 2585/1/1600 2584/1/1600
f 2561/1/1601 2562/1/1601 2586/1/1601 2585/1/1601
f 2562/1/1602 2563/1/1602 2587/1/1602 2586/1/1602
f 2563/1/1603 2564/1/1603 2588/1/1603 2587/1/1603
f 2564/1/1604 2565/1/1604 2589/1/1604 2588/1/1604
f 2565/1/1605 2566/1/1605 2590/1/1605 2589/1/1605
f 2566/1/1606 2567/1/1606 2591/1/1606 2590/1/1606
f 2567/1/1607 2568/1/1607 2592/1/1607 2591/1/1607
f 2568/1/1608 2569/1/1608 2593/1/1608 2592/1/1608
f 2569/1/1609 2570/1/1609 2594/1/1609 2593/1/1609
f 2570/1/1610 2571/1/1610 2595/1/1610 2594/1/1610
f 2571/1/1611 2572/1/1611 2596/1/1611 2595/1/1611
f 2572/1/1612 2573/1/1612 2597/1/1612 2596/1/1612
f 2573/1/1613 2574/1/1613 2598/1/1613 2597/1/1613
f 2574/1/1614 2575/1/1614 2599/1/1614 2598/1/1614
f 2575/1/1615 2576/1/1615 2600/1/1615 2599/1/1615
f 2576/1/1616 2577/1/1616 2601/1/1616 2600/1/1616
f 2577/1/1617 2578/1/1617 2602/1/1617 2601/1/1617
f 2578/1/1618 2556/1/1618 2580/1/1618 2602/1/1618
f 2580/1/1438 2579/1/1438 2508/1/1438 2507/1/1438
f 2579/1/1437 2581/1/1437 2511/1/1437 2508/1/1437
f 2581/1/1436 2582/1/1436 2513/1/1436 2511/1/1436
f 2582/1/1435 2583/1/1435 2515/1/1435 2513/1/1435
f 2583/1/1434 2584/1/1434 2517/1/1434 2515/1/1434
f 2584/1/1433 2585/1/1433 2519/1/1433 2517/1/1433
f 2585/1/1432 2586/1/1432 2521/1/1432 2519/1/1432
f 2586/1/1431 2587/1/1431 2523/1/1431 2521/1/1431
f 2587/1/1430 2588/1/1430 2525/1/1430 2523/1/1430
f 2588/1/1429 2589/1/1429 2527/1/1429 2525/1/1429
f 2589/1/1428 2590/1/1428 2529/1/1428 2527/1/1428
f 2590/1/1427 2591/1/1427 2531/1/1427 2529/1/1427
f 2591/1/1450 2592/1/1450 2533/1/1450 2531/1/1450
f 2592/1/1449 2593/1/1449 2535/1/1449 2533/1/1449
f 2593/1/1448 2594/1/1448 2537/1/1448 2535/1/1448
f 2594/1/1447 2595/1/1447 2539/1/1447 2537/1/1447
f 2595/1/1446 2596/1/1446 2541/1/1446 2539/1/1446
f 2596/1/1445 2597/1/1445 2543/1/1445 2541/1/1445
f 2597/1/1444 2598/1/1444 2545/1/1444 2543/1/1444
f 2598/1/1443 2599/1/1443 2547/1/1443 2545/1/1443
f 2599/1/1442 2600/1/1442 2549/1/1442 2547/1/1442
f 2600/1/1441 2601/1/1441 2551/1/1441 2549/1/1441
f 2601/1/1440 2602/1/1440 2553/1/1440 2551/1/1440
f 2602/1/1439 2580/1/1439 2507/1/1439 2553/1/1439
usemtl mana_core
f 2603/1/3 2604/1/3 2605/1/3
f 2603/1/3 2606/1/3 2604/1/3
f 2603/1/3 2607/1/3 2606/1/3
f 2603/1/3 2608/1/3 2607/1/3
f 2603/1/3 2609/1/3 2608/1/3
f 2603/1/3 2610/1/3 2609/1/3
f 2603/1/3 2611/1/3 2610/1/3
f 2603/1/3 2612/1/3 2611/1/3
f 2603/1/3 2613/1/3 2612/1/3
f 2603/1/3 2614/1/3 2613/1/3
f 2603/1/3 2615/1/3 2614/1/3
f 2603/1/3 2616/1/3 2615/1/3
f 2603/1/3 2617/1/3 2616/1/3
f 2603/1/3 2618/1/3 2617/1/3
f 2603/1/3 2619/1/3 2618/1/3
f 2603/1/3 2620/1/3 2619/1/3
f 2603/1/3 2621/1/3 2620/1/3
f 2603/1/3 2622/1/3 2621/1/3
f 2603/1/3 2623/1/3 2622/1/3
f 2603/1/3 2624/1/3 2623/1/3
f 2603/1/3 2625/1/3 2624/1/3
f 2603/1/3 2626/1/3 2625/1/3
f 2603/1/3 2627/1/3 2626/1/3
f 2603/1/3 2605/1/3 2627/1/3
f 2605/1/1450 2604/1/1450 2628/1/1450 2629/1/1450
f 2604/1/1449 2606/1/1449 2630/1/1449 2628/1/1449
f 2606/1/1448 2607/1/1448 2631/1/1448 2630/1/1448
f 2607/1/1447 2608/1/1447 2632/1/1447 2631/1/1447
f 2608/1/1446 2609/1/1446 2633/1/1446 2632/1/1446
f 2609/1/1445 2610/1/1445 2634/1/1445 2633/1/1445
f 2610/1/1444 2611/1/1444 2635/1/1444 2634/1/1444
f 2611/1/1443 2612/1/1443 2636/1/1443 2635/1/1443
f 2612/1/1442 2613/1/1442 2637/1/1442 2636/1/1442
f 2613/1/1441 2614/1/1441 2638/1/1441 2637/1/1441
f 2614/1/1440 2615/1/1440 2639/1/1440 2638/1/1440
f 2615/1/1439 2616/1/1439 2640/1/1439 2639/1/1439
f 2616/1/1438 2617/1/1438 2641/1/1438 2640/1/1438
f 2617/1/1437 2618/1/1437 2642/1/1437 2641/1/1437
f 2618/1/1436 2619/1/1436 2643/1/1436 2642/1/1436
f 2619/1/1435 2620/1/1435 2644/1/1435 2643/1/1435
f 2620/1/1434 2621/1/1434 2645/1/1434 2644/1/1434
f 2621/1/1433 2622/1/1433 2646/1/1433 2645/1/1433
f 2622/1/1432 2623/1/1432 2647/1/1432 2646/1/1432
f 2623/1/1431 2624/1/1431 2648/1/1431 2647/1/1431
f 2624/1/1430 2625/1/1430 2649/1/1430 2648/1/1430
f 2625/1/1429 2626/1/1429 2650/1/1429 2649/1/1429
f 2626/1/1428 2627/1/1428 2651/1/1428 2650/1/1428
f 2627/1/1427 2605/1/1427 2629/1/1427 2651/1/1427
f 2629/1/500 2628/1/500 2652/1/500
f 2628/1/500 2630/1/500 2652/1/500
f 2630/1/500 2631/1/500 2652/1/500
f 2631/1/500 2632/1/500 2652/1/500
f 2632/1/500 2633/1/500 2652/1/500
f 2633/1/500 2634/1/500 2652/1/500
f 2634/1/500 2635/1/500 2652/1/500
f 2635/1/500 2636/1/500 2652/1/500
f 2636/1/500 2637/1/500 2652/1/500
f 2637/1/500 2638/1/500 2652/1/500
f 2638/1/500 2639/1/500 2652/1/500
f 2639/1/500 2640/1/500 2652/1/500
f 2640/1/500 2641/1/500 2652/1/500
f 2641/1/500 2642/1/500 2652/1/500
f 2642/1/500 2643/1/500 2652/1/500
f 2643/1/500 2644/1/500 2652/1/500
f 2644/1/500 2645/1/500 2652/1/500
f 2645/1/500 2646/1/500 2652/1/500
f 2646/1/500 2647/1/500 2652/1/500
f 2647/1/500 2648/1/500 2652/1/500
f 2648/1/500 2649/1/500 2652/1/500
f 2649/1/500 2650/1/500 2652/1/500
f 2650/1/500 2651/1/500 2652/1/500
f 2651/1/500 2629/1/500 2652/1/500
usemtl mana_light
f 2653/1/40 2654/1/39 2655/1/3
f 2656/1/42 2653/1/40 2655/1/3
f 2657/1/44 2656/1/42 2655/1/3
f 2658/1/46 2657/1/44 2655/1/3
f 2659/1/48 2658/1/46 2655/1/3
f 2660/1/50 2659/1/48 2655/1/3
f 2661/1/52 2660/1/50 2655/1/3
f 2662/1/54 2661/1/52 2655/1/3
f 2663/1/56 2662/1/54 2655/1/3
f 2664/1/58 2663/1/56 2655/1/3
f 2665/1/60 2664/1/58 2655/1/3
f 2666/1/62 2665/1/60 2655/1/3
f 2667/1/64 2666/1/62 2655/1/3
f 2668/1/66 2667/1/64 2655/1/3
f 2669/1/68 2668/1/66 2655/1/3
f 2654/1/70 2669/1/68 2655/1/3
f 2653/1/40 2670/1/106 2671/1/105 2654/1/39
f 2656/1/42 2672/1/108 2670/1/106 2653/1/40
f 2657/1/44 2673/1/110 2672/1/108 2656/1/42
f 2658/1/46 2674/1/112 2673/1/110 2657/1/44
f 2659/1/48 2675/1/114 2674/1/112 2658/1/46
f 2660/1/50 2676/1/116 2675/1/114 2659/1/48
f 2661/1/52 2677/1/118 2676/1/116 2660/1/50
f 2662/1/54 2678/1/120 2677/1/118 2661/1/52
f 2663/1/56 2679/1/122 2678/1/120 2662/1/54
f 2664/1/58 2680/1/124 2679/1/122 2663/1/56
f 2665/1/60 2681/1/126 2680/1/124 2664/1/58
f 2666/1/62 2682/1/128 2681/1/126 2665/1/60
f 2667/1/64 2683/1/130 2682/1/128 2666/1/62
f 2668/1/66 2684/1/132 2683/1/130 2667/1/64
f 2669/1/68 2685/1/134 2684/1/132 2668/1/66
f 2654/1/70 2671/1/136 2685/1/134 2669/1/68
f 2670/1/106 2686/1/172 2687/1/171 2671/1/105
f 2672/1/108 2688/1/174 2686/1/172 2670/1/106
f 2673/1/110 2689/1/176 2688/1/174 2672/1/108
f 2674/1/112 2690/1/178 2689/1/176 2673/1/110
f 2675/1/114 2691/1/180 2690/1/178 2674/1/112
f 2676/1/116 2692/1/182 2691/1/180 2675/1/114
f 2677/1/118 2693/1/184 2692/1/182 2676/1/116
f 2678/1/120 2694/1/186 2693/1/184 2677/1/118
f 2679/1/122 2695/1/188 2694/1/186 2678/1/120
f 2680/1/124 2696/1/190 2695/1/188 2679/1/122
f 2681/1/126 2697/1/192 2696/1/190 2680/1/124
f 2682/1/128 2698/1/194 2697/1/192 2681/1/126
f 2683/1/130 2699/1/196 2698/1/194 2682/1/128
f 2684/1/132 2700/1/198 2699/1/196 2683/1/130
f 2685/1/134 2701/1/200 2700/1/198 2684/1/132
f 2671/1/136 2687/1/202 2701/1/200 2685/1/134
f 2686/1/172 2702/1/238 2703/1/237 2687/1/171
f 2688/1/174 2704/1/240 2702/1/238 2686/1/172
f 2689/1/176 2705/1/242 2704/1/240 2688/1/174
f 2690/1/178 2706/1/244 2705/1/242 2689/1/176
f 2691/1/180 2707/1/246 2706/1/244 2690/1/178
f 2692/1/182 2708/1/248 2707/1/246 2691/1/180
f 2693/1/184 2709/1/250 2708/1/248 2692/1/182
f 2694/1/186 2710/1/252 2709/1/250 2693/1/184
f 2695/1/188 2711/1/254 2710/1/252 2694/1/186
f 2696/1/190 2712/1/256 2711/1/254 2695/1/188
f 2697/1/192 2713/1/258 2712/1/256 2696/1/190
f 2698/1/194 2714/1/260 2713/1/258 2697/1/192
f 2699/1/196 2715/1/262 2714/1/260 2698/1/194
f 2700/1/198 2716/1/264 2715/1/262 2699/1/196
f 2701/1/200 2717/1/266 2716/1/264 2700/1/198
f 2687/1/202 2703/1/268 2717/1/266 2701/1/200
f 2702/1/238 2718/1/304 2719/1/303 2703/1/237
f 2704/1/240 2720/1/306 2718/1/304 2702/1/238
f 2705/1/242 2721/1/308 2720/1/306 2704/1/240
f 2706/1/244 2722/1/310 2721/1/308 2705/1/242
f 2707/1/246 2723/1/312 2722/1/310 2706/1/244
f 2708/1/248 2724/1/314 2723/1/312 2707/1/246
f 2709/1/250 2725/1/316 2724/1/314 2708/1/248
f 2710/1/252 2726/1/318 2725/1/316 2709/1/250
f 2711/1/254 2727/1/320 2726/1/318 2710/1/252
f 2712/1/256 2728/1/322 2727/1/320 2711/1/254
f 2713/1/258 2729/1/324 2728/1/322 2712/1/256
f 2714/1/260 2730/1/326 2729/1/324 2713/1/258
f 2715/1/262 2731/1/328 2730/1/326 2714/1/260
f 2716/1/264 2732/1/330 2731/1/328 2715/1/262
f 2717/1/266 2733/1/332 2732/1/330 2716/1/264
f 2703/1/268 2719/1/334 2733/1/332 2717/1/266
f 2718/1/304 2734/1/370 2735/1/369 2719/1/303
f 2720/1/306 2736/1/372 2734/1/370 2718/1/304
f 2721/1/308 2737/1/374 2736/1/372 2720/1/306
f 2722/1/310 2738/1/376 2737/1/374 2721/1/308
f 2723/1/312 2739/1/378 2738/1/376 2722/1/310
f 2724/1/314 2740/1/380 2739/1/378 2723/1/312
f 2725/1/316 2741/1/382 2740/1/380 2724/1/314
f 2726/1/318 2742/1/384 2741/1/382 2725/1/316
f 2727/1/320 2743/1/386 2742/1/384 2726/1/318
f 2728/1/322 2744/1/388 2743/1/386 2727/1/320
f 2729/1/324 2745/1/390 2744/1/388 2728/1/322
f 2730/1/326 2746/1/392 2745/1/390 2729/1/324
f 2731/1/328 2747/1/394 2746/1/392 2730/1/326
f 2732/1/330 2748/1/396 2747/1/394 2731/1/328
f 2733/1/332 2749/1/398 2748/1/396 2732/1/330
f 2719/1/334 2735/1/400 2749/1/398 2733/1/332
f 2734/1/370 2750/1/436 2751/1/435 2735/1/369
f 2736/1/372 2752/1/438 2750/1/436 2734/1/370
f 2737/1/374 2753/1/440 2752/1/438 2736/1/372
f 2738/1/376 2754/1/442 2753/1/440 2737/1/374
f 2739/1/378 2755/1/444 2754/1/442 2738/1/376
f 2740/1/380 2756/1/446 2755/1/444 2739/1/378
f 2741/1/382 2757/1/448 2756/1/446 2740/1/380
f 2742/1/384 2758/1/450 2757/1/448 2741/1/382
f 2743/1/386 2759/1/452 2758/1/450 2742/1/384
f 2744/1/388 2760/1/454 2759/1/452 2743/1/386
f 2745/1/390 2761/1/456 2760/1/454 2744/1/388
f 2746/1/392 2762/1/458 2761/1/456 2745/1/390
f 2747/1/394 2763/1/460 2762/1/458 2746/1/392
f 2748/1/396 2764/1/462 2763/1/460 2747/1/394
f 2749/1/398 2765/1/464 2764/1/462 2748/1/396
f 2735/1/400 2751/1/466 2765/1/464 2749/1/398
f 2750/1/436 2766/1/500 2751/1/435
f 2752/1/438 2766/1/500 2750/1/436
f 2753/1/440 2766/1/500 2752/1/438
f 2754/1/442 2766/1/500 2753/1/440
f 2755/1/444 2766/1/500 2754/1/442
f 2756/1/446 2766/1/501 2755/1/444
f 2757/1/448 2766/1/501 2756/1/446
f 2758/1/450 2766/1/501 2757/1/448
f 2759/1/452 2766/1/501 2758/1/450
f 2760/1/454 2766/1/502 2759/1/452
f 2761/1/456 2766/1/502 2760/1/454
f 2762/1/458 2766/1/502 2761/1/456
f 2763/1/460 2766/1/502 2762/1/458
f 2764/1/462 2766/1/503 2763/1/460
f 2765/1/464 2766/1/503 2764/1/462
f 2751/1/466 2766/1/503 2765/1/464
usemtl gold_edge
f 2767/1/1619 2768/1/1619 2769/1/1619 2770/1/1619
f 2768/1/1620 2771/1/1620 2772/1/1620 2769/1/1620
f 2771/1/1621 2773/1/1621 2774/1/1621 2772/1/1621
f 2773/1/1622 2775/1/1622 2776/1/1622 2774/1/1622
f 2775/1/1623 2777/1/1623 2778/1/1623 2776/1/1623
f 2777/1/1624 2779/1/1624 2780/1/1624 2778/1/1624
f 2779/1/1625 2781/1/1625 2782/1/1625 2780/1/1625
f 2781/1/1626 2783/1/1626 2784/1/1626 2782/1/1626
f 2783/1/1627 2785/1/1627 2786/1/1627 2784/1/1627
f 2785/1/1628 2787/1/1628 2788/1/1628 2786/1/1628
f 2787/1/1629 2789/1/1629 2790/1/1629 2788/1/1629
f 2789/1/1630 2791/1/1630 2792/1/1630 2790/1/1630
f 2791/1/1631 2793/1/1631 2794/1/1631 2792/1/1631
f 2793/1/1632 2795/1/1632 2796/1/1632 2794/1/1632
f 2795/1/1633 2797/1/1633 2798/1/1633 2796/1/1633
f 2797/1/1634 2799/1/1634 2800/1/1634 2798/1/1634
f 2799/1/1635 2801/1/1635 2802/1/1635 2800/1/1635
f 2801/1/1636 2803/1/1636 2804/1/1636 2802/1/1636
f 2803/1/1637 2805/1/1637 2806/1/1637 2804/1/1637
f 2805/1/1638 2807/1/1638 2808/1/1638 2806/1/1638
f 2807/1/1639 2809/1/1639 2810/1/1639 2808/1/1639
f 2809/1/1640 2811/1/1640 2812/1/1640 2810/1/1640
f 2811/1/1641 2813/1/1641 2814/1/1641 2812/1/1641
f 2813/1/1642 2815/1/1642 2816/1/1642 2814/1/1642
f 2815/1/1643 2817/1/1643 2818/1/1643 2816/1/1643
f 2817/1/1644 2819/1/1644 2820/1/1644 2818/1/1644
f 2819/1/1645 2821/1/1645 2822/1/1645 2820/1/1645
f 2821/1/1646 2823/1/1646 2824/1/1646 2822/1/1646
f 2823/1/1647 2825/1/1647 2826/1/1647 2824/1/1647
f 2825/1/1648 2827/1/1648 2828/1/1648 2826/1/1648
f 2827/1/1649 2829/1/1649 2830/1/1649 2828/1/1649
f 2829/1/1650 2831/1/1650 2832/1/1650 2830/1/1650
f 2831/1/1651 2833/1/1651 2834/1/1651 2832/1/1651
f 2833/1/1652 2835/1/1652 2836/1/1652 2834/1/1652
f 2835/1/1653 2837/1/1653 2838/1/1653 2836/1/1653
f 2837/1/1654 2767/1/1654 2770/1/1654 2838/1/1654
f 2770/1/540 2769/1/540 2839/1/540 2840/1/540
f 2769/1/541 2772/1/541 2841/1/541 2839/1/541
f 2772/1/542 2774/1/542 2842/1/542 2841/1/542
f 2774/1/543 2776/1/543 2843/1/543 2842/1/543
f 2776/1/369 2778/1/369 2844/1/369 2843/1/369
f 2778/1/544 2780/1/544 2845/1/544 2844/1/544
f 2780/1/545 2782/1/545 2846/1/545 2845/1/545
f 2782/1/546 2784/1/546 2847/1/546 2846/1/546
f 2784/1/547 2786/1/547 2848/1/547 2847/1/547
f 2786/1/548 2788/1/548 2849/1/548 2848/1/548
f 2788/1/549 2790/1/549 2850/1/549 2849/1/549
f 2790/1/550 2792/1/550 2851/1/550 2850/1/550
f 2792/1/551 2794/1/551 2852/1/551 2851/1/551
f 2794/1/384 2796/1/384 2853/1/384 2852/1/384
f 2796/1/552 2798/1/552 2854/1/552 2853/1/552
f 2798/1/553 2800/1/553 2855/1/553 2854/1/553
f 2800/1/554 2802/1/554 2856/1/554 2855/1/554
f 2802/1/555 2804/1/555 2857/1/555 2856/1/555
f 2804/1/556 2806/1/556 2858/1/556 2857/1/556
f 2806/1/557 2808/1/557 2859/1/557 2858/1/557
f 2808/1/558 2810/1/558 2860/1/558 2859/1/558
f 2810/1/559 2812/1/559 2861/1/559 2860/1/559
f 2812/1/560 2814/1/560 2862/1/560 2861/1/560
f 2814/1/561 2816/1/561 2863/1/561 2862/1/561
f 2816/1/562 2818/1/562 2864/1/562 2863/1/562
f 2818/1/563 2820/1/563 2865/1/563 2864/1/563
f 2820/1/564 2822/1/564 2866/1/564 2865/1/564
f 2822/1/565 2824/1/565 2867/1/565 2866/1/565
f 2824/1/566 2826/1/566 2868/1/566 2867/1/566
f 2826/1/567 2828/1/567 2869/1/567 2868/1/567
f 2828/1/568 2830/1/568 2870/1/568 2869/1/568
f 2830/1/136 2832/1/136 2871/1/136 2870/1/136
f 2832/1/569 2834/1/569 2872/1/569 2871/1/569
f 2834/1/570 2836/1/570 2873/1/570 2872/1/570
f 2836/1/571 2838/1/571 2874/1/571 2873/1/571
f 2838/1/572 2770/1/572 2840/1/572 2874/1/572
f 2840/1/1655 2839/1/1655 2875/1/1655 2876/1/1655
f 2839/1/1656 2841/1/1656 2877/1/1656 2875/1/1656
f 2841/1/1657 2842/1/1657 2878/1/1657 2877/1/1657
f 2842/1/1658 2843/1/1658 2879/1/1658 2878/1/1658
f 2843/1/1659 2844/1/1659 2880/1/1659 2879/1/1659
f 2844/1/1660 2845/1/1660 2881/1/1660 2880/1/1660
f 2845/1/1661 2846/1/1661 2882/1/1661 2881/1/1661
f 2846/1/1662 2847/1/1662 2883/1/1662 2882/1/1662
f 2847/1/1663 2848/1/1663 2884/1/1663 2883/1/1663
f 2848/1/1664 2849/1/1664 2885/1/1664 2884/1/1664
f 2849/1/1665 2850/1/1665 2886/1/1665 2885/1/1665
f 2850/1/1666 2851/1/1666 2887/1/1666 2886/1/1666
f 2851/1/1667 2852/1/1667 2888/1/1667 2887/1/1667
f 2852/1/1668 2853/1/1668 2889/1/1668 2888/1/1668
f 2853/1/1669 2854/1/1669 2890/1/1669 2889/1/1669
f 2854/1/1670 2855/1/1670 2891/1/1670 2890/1/1670
f 2855/1/1671 2856/1/1671 2892/1/1671 2891/1/1671
f 2856/1/1672 2857/1/1672 2893/1/1672 2892/1/1672
f 2857/1/1673 2858/1/1673 2894/1/1673 2893/1/1673
f 2858/1/1674 2859/1/1674 2895/1/1674 2894/1/1674
f 2859/1/1675 2860/1/1675 2896/1/1675 2895/1/1675
f 2860/1/1676 2861/1/1676 2897/1/1676 2896/1/1676
f 2861/1/1677 2862/1/1677 2898/1/1677 2897/1/1677
f 2862/1/1678 2863/1/1678 2899/1/1678 2898/1/1678
f 2863/1/1679 2864/1/1679 2900/1/1679 2899/1/1679
f 2864/1/1680 2865/1/1680 2901/1/1680 2900/1/1680
f 2865/1/1681 2866/1/1681 2902/1/1681 2901/1/1681
f 2866/1/1682 2867/1/1682 2903/1/1682 2902/1/1682
f 2867/1/1683 2868/1/1683 2904/1/1683 2903/1/1683
f 2868/1/1684 2869/1/1684 2905/1/1684 2904/1/1684
f 2869/1/1685 2870/1/1685 2906/1/1685 2905/1/1685
f 2870/1/1686 2871/1/1686 2907/1/1686 2906/1/1686
f 2871/1/1687 2872/1/1687 2908/1/1687 2907/1/1687
f 2872/1/1688 2873/1/1688 2909/1/1688 2908/1/1688
f 2873/1/1689 2874/1/1689 2910/1/1689 2909/1/1689
f 2874/1/1690 2840/1/1690 2876/1/1690 2910/1/1690
f 2911/1/1691 2912/1/1691 2913/1/1691 2914/1/1691
f 2912/1/1692 2915/1/1692 2916/1/1692 2913/1/1692
f 2915/1/1693 2917/1/1693 2918/1/1693 2916/1/1693
f 2917/1/1694 2919/1/1694 2920/1/1694 2918/1/1694
f 2919/1/1695 2921/1/1695 2922/1/1695 2920/1/1695
f 2921/1/1696 2923/1/1696 2924/1/1696 2922/1/1696
f 2923/1/1697 2925/1/1697 2926/1/1697 2924/1/1697
f 2925/1/1698 2927/1/1698 2928/1/1698 2926/1/1698
f 2927/1/1699 2929/1/1699 2930/1/1699 2928/1/1699
f 2929/1/1700 2931/1/1700 2932/1/1700 2930/1/1700
f 2931/1/1701 2933/1/1701 2934/1/1701 2932/1/1701
f 2933/1/1702 2935/1/1702 2936/1/1702 2934/1/1702
f 2935/1/1703 2937/1/1703 2938/1/1703 2936/1/1703
f 2937/1/1704 2939/1/1704 2940/1/1704 2938/1/1704
f 2939/1/1705 2941/1/1705 2942/1/1705 2940/1/1705
f 2941/1/1706 2943/1/1706 2944/1/1706 2942/1/1706
f 2943/1/1707 2945/1/1707 2946/1/1707 2944/1/1707
f 2945/1/1708 2947/1/1708 2948/1/1708 2946/1/1708
f 2947/1/1709 2949/1/1709 2950/1/1709 2948/1/1709
f 2949/1/1710 2951/1/1710 2952/1/1710 2950/1/1710
f 2951/1/1711 2953/1/1711 2954/1/1711 2952/1/1711
f 2953/1/1712 2955/1/1712 2956/1/1712 2954/1/1712
f 2955/1/1713 2957/1/1713 2958/1/1713 2956/1/1713
f 2957/1/1714 2959/1/1714 2960/1/1714 2958/1/1714
f 2959/1/1715 2961/1/1715 2962/1/1715 2960/1/1715
f 2961/1/1716 2963/1/1716 2964/1/1716 2962/1/1716
f 2963/1/1717 2965/1/1717 2966/1/1717 2964/1/1717
f 2965/1/1718 2967/1/1718 2968/1/1718 2966/1/1718
f 2967/1/1719 2969/1/1719 2970/1/1719 2968/1/1719
f 2969/1/1720 2971/1/1720 2972/1/1720 2970/1/1720
f 2971/1/1721 2973/1/1721 2974/1/1721 2972/1/1721
f 2973/1/1722 2975/1/1722 2976/1/1722 2974/1/1722
f 2975/1/1723 2977/1/1723 2978/1/1723 2976/1/1723
f 2977/1/1724 2979/1/1724 2980/1/1724 2978/1/1724
f 2979/1/1725 2981/1/1725 2982/1/1725 2980/1/1725
f 2981/1/1726 2911/1/1726 2914/1/1726 2982/1/1726
f 2914/1/645 2913/1/645 2983/1/645 2984/1/645
f 2913/1/646 2916/1/646 2985/1/646 2983/1/646
f 2916/1/647 2918/1/647 2986/1/647 2985/1/647
f 2918/1/648 2920/1/648 2987/1/648 2986/1/648
f 2920/1/649 2922/1/649 2988/1/649 2987/1/649
f 2922/1/650 2924/1/650 2989/1/650 2988/1/650
f 2924/1/651 2926/1/651 2990/1/651 2989/1/651
f 2926/1/652 2928/1/652 2991/1/652 2990/1/652
f 2928/1/653 2930/1/653 2992/1/653 2991/1/653
f 2930/1/654 2932/1/654 2993/1/654 2992/1/654
f 2932/1/655 2934/1/655 2994/1/655 2993/1/655
f 2934/1/656 2936/1/656 2995/1/656 2994/1/656
f 2936/1/657 2938/1/657 2996/1/657 2995/1/657
f 2938/1/658 2940/1/658 2997/1/658 2996/1/658
f 2940/1/659 2942/1/659 2998/1/659 2997/1/659
f 2942/1/660 2944/1/660 2999/1/660 2998/1/660
f 2944/1/661 2946/1/661 3000/1/661 2999/1/661
f 2946/1/662 2948/1/662 3001/1/662 3000/1/662
f 2948/1/663 2950/1/663 3002/1/663 3001/1/663
f 2950/1/664 2952/1/664 3003/1/664 3002/1/664
f 2952/1/665 2954/1/665 3004/1/665 3003/1/665
f 2954/1/666 2956/1/666 3005/1/666 3004/1/666
f 2956/1/667 2958/1/667 3006/1/667 3005/1/667
f 2958/1/668 2960/1/668 3007/1/668 3006/1/668
f 2960/1/669 2962/1/669 3008/1/669 3007/1/669
f 2962/1/670 2964/1/670 3009/1/670 3008/1/670
f 2964/1/671 2966/1/671 3010/1/671 3009/1/671
f 2966/1/672 2968/1/672 3011/1/672 3010/1/672
f 2968/1/673 2970/1/673 3012/1/673 3011/1/673
f 2970/1/674 2972/1/674 3013/1/674 3012/1/674
f 2972/1/675 2974/1/675 3014/1/675 3013/1/675
f 2974/1/676 2976/1/676 3015/1/676 3014/1/676
f 2976/1/677 2978/1/677 3016/1/677 3015/1/677
f 2978/1/678 2980/1/678 3017/1/678 3016/1/678
f 2980/1/679 2982/1/679 3018/1/679 3017/1/679
f 2982/1/680 2914/1/680 2984/1/680 3018/1/680
f 2984/1/1727 2983/1/1727 3019/1/1727 3020/1/1727
f 2983/1/1728 2985/1/1728 3021/1/1728 3019/1/1728
f 2985/1/1729 2986/1/1729 3022/1/1729 3021/1/1729
f 2986/1/1730 2987/1/1730 3023/1/1730 3022/1/1730
f 2987/1/1731 2988/1/1731 3024/1/1731 3023/1/1731
f 2988/1/1732 2989/1/1732 3025/1/1732 3024/1/1732
f 2989/1/1733 2990/1/1733 3026/1/1733 3025/1/1733
f 2990/1/1734 2991/1/1734 3027/1/1734 3026/1/1734
f 2991/1/1735 2992/1/1735 3028/1/1735 3027/1/1735
f 2992/1/1736 2993/1/1736 3029/1/1736 3028/1/1736
f 2993/1/1737 2994/1/1737 3030/1/1737 3029/1/1737
f 2994/1/1738 2995/1/1738 3031/1/1738 3030/1/1738
f 2995/1/1739 2996/1/1739 3032/1/1739 3031/1/1739
f 2996/1/1740 2997/1/1740 3033/1/1740 3032/1/1740
f 2997/1/1741 2998/1/1741 3034/1/1741 3033/1/1741
f 2998/1/1742 2999/1/1742 3035/1/1742 3034/1/1742
f 2999/1/1743 3000/1/1743 3036/1/1743 3035/1/1743
f 3000/1/1744 3001/1/1744 3037/1/1744 3036/1/1744
f 3001/1/1745 3002/1/1745 3038/1/1745 3037/1/1745
f 3002/1/1746 3003/1/1746 3039/1/1746 3038/1/1746
f 3003/1/1747 3004/1/1747 3040/1/1747 3039/1/1747
f 3004/1/1748 3005/1/1748 3041/1/1748 3040/1/1748
f 3005/1/1749 3006/1/1749 3042/1/1749 3041/1/1749
f 3006/1/1750 3007/1/1750 3043/1/1750 3042/1/1750
f 3007/1/1751 3008/1/1751 3044/1/1751 3043/1/1751
f 3008/1/1752 3009/1/1752 3045/1/1752 3044/1/1752
f 3009/1/1753 3010/1/1753 3046/1/1753 3045/1/1753
f 3010/1/1754 3011/1/1754 3047/1/1754 3046/1/1754
f 3011/1/1755 3012/1/1755 3048/1/1755 3047/1/1755
f 3012/1/1756 3013/1/1756 3049/1/1756 3048/1/1756
f 3013/1/1757 3014/1/1757 3050/1/1757 3049/1/1757
f 3014/1/1758 3015/1/1758 3051/1/1758 3050/1/1758
f 3015/1/1759 3016/1/1759 3052/1/1759 3051/1/1759
f 3016/1/1760 3017/1/1760 3053/1/1760 3052/1/1760
f 3017/1/1761 3018/1/1761 3054/1/1761 3053/1/1761
f 3018/1/1762 2984/1/1762 3020/1/1762 3054/1/1762
g fx
usemtl mana_light
f 3055/1/108 3056/1/105 3057/1/3
f 3058/1/112 3055/1/108 3057/1/3
f 3059/1/116 3058/1/112 3057/1/3
f 3060/1/120 3059/1/116 3057/1/3
f 3061/1/124 3060/1/120 3057/1/3
f 3062/1/128 3061/1/124 3057/1/3
f 3063/1/132 3062/1/128 3057/1/3
f 3056/1/136 3063/1/132 3057/1/3
f 3055/1/108 3064/1/240 3065/1/237 3056/1/105
f 3058/1/112 3066/1/244 3064/1/240 3055/1/108
f 3059/1/116 3067/1/248 3066/1/244 3058/1/112
f 3060/1/120 3068/1/252 3067/1/248 3059/1/116
f 3061/1/124 3069/1/256 3068/1/252 3060/1/120
f 3062/1/128 3070/1/260 3069/1/256 3061/1/124
f 3063/1/132 3071/1/264 3070/1/260 3062/1/128
f 3056/1/136 3065/1/268 3071/1/264 3063/1/132
f 3064/1/240 3072/1/372 3073/1/369 3065/1/237
f 3066/1/244 3074/1/376 3072/1/372 3064/1/240
f 3067/1/248 3075/1/380 3074/1/376 3066/1/244
f 3068/1/252 3076/1/384 3075/1/380 3067/1/248
f 3069/1/256 3077/1/388 3076/1/384 3068/1/252
f 3070/1/260 3078/1/392 3077/1/388 3069/1/256
f 3071/1/264 3079/1/396 3078/1/392 3070/1/260
f 3065/1/268 3073/1/400 3079/1/396 3071/1/264
f 3072/1/372 3080/1/500 3073/1/369
f 3074/1/376 3080/1/500 3072/1/372
f 3075/1/380 3080/1/500 3074/1/376
f 3076/1/384 3080/1/501 3075/1/380
f 3077/1/388 3080/1/501 3076/1/384
f 3078/1/392 3080/1/502 3077/1/388
f 3079/1/396 3080/1/502 3078/1/392
f 3073/1/400 3080/1/503 3079/1/396
f 3081/1/108 3082/1/105 3083/1/3
f 3084/1/112 3081/1/108 3083/1/3
f 3085/1/116 3084/1/112 3083/1/3
f 3086/1/120 3085/1/116 3083/1/3
f 3087/1/124 3086/1/120 3083/1/3
f 3088/1/128 3087/1/124 3083/1/3
f 3089/1/132 3088/1/128 3083/1/3
f 3082/1/136 3089/1/132 3083/1/3
f 3081/1/108 3090/1/240 3091/1/237 3082/1/105
f 3084/1/112 3092/1/244 3090/1/240 3081/1/108
f 3085/1/116 3093/1/248 3092/1/244 3084/1/112
f 3086/1/120 3094/1/252 3093/1/248 3085/1/116
f 3087/1/124 3095/1/256 3094/1/252 3086/1/120
f 3088/1/128 3096/1/260 3095/1/256 3087/1/124
f 3089/1/132 3097/1/264 3096/1/260 3088/1/128
f 3082/1/136 3091/1/268 3097/1/264 3089/1/132
f 3090/1/240 3098/1/372 3099/1/369 3091/1/237
f 3092/1/244 3100/1/376 3098/1/372 3090/1/240
f 3093/1/248 3101/1/380 3100/1/376 3092/1/244
f 3094/1/252 3102/1/384 3101/1/380 3093/1/248
f 3095/1/256 3103/1/388 3102/1/384 3094/1/252
f 3096/1/260 3104/1/392 3103/1/388 3095/1/256
f 3097/1/264 3105/1/396 3104/1/392 3096/1/260
f 3091/1/268 3099/1/400 3105/1/396 3097/1/264
f 3098/1/372 3106/1/500 3099/1/369
f 3100/1/376 3106/1/500 3098/1/372
f 3101/1/380 3106/1/500 3100/1/376
f 3102/1/384 3106/1/501 3101/1/380
f 3103/1/388 3106/1/501 3102/1/384
f 3104/1/392 3106/1/502 3103/1/388
f 3105/1/396 3106/1/502 3104/1/392
f 3099/1/400 3106/1/503 3105/1/396
f 3107/1/108 3108/1/105 3109/1/3
f 3110/1/112 3107/1/108 3109/1/3
f 3111/1/116 3110/1/112 3109/1/3
f 3112/1/120 3111/1/116 3109/1/3
f 3113/1/124 3112/1/120 3109/1/3
f 3114/1/128 3113/1/124 3109/1/3
f 3115/1/132 3114/1/128 3109/1/3
f 3108/1/136 3115/1/132 3109/1/3
f 3107/1/108 3116/1/240 3117/1/237 3108/1/105
f 3110/1/112 3118/1/244 3116/1/240 3107/1/108
f 3111/1/116 3119/1/248 3118/1/244 3110/1/112
f 3112/1/120 3120/1/252 3119/1/248 3111/1/116
f 3113/1/124 3121/1/256 3120/1/252 3112/1/120
f 3114/1/128 3122/1/260 3121/1/256 3113/1/124
f 3115/1/132 3123/1/264 3122/1/260 3114/1/128
f 3108/1/136 3117/1/268 3123/1/264 3115/1/132
f 3116/1/240 3124/1/372 3125/1/369 3117/1/237
f 3118/1/244 3126/1/376 3124/1/372 3116/1/240
f 3119/1/248 3127/1/380 3126/1/376 3118/1/244
f 3120/1/252 3128/1/384 3127/1/380 3119/1/248
f 3121/1/256 3129/1/388 3128/1/384 3120/1/252
f 3122/1/260 3130/1/392 3129/1/388 3121/1/256
f 3123/1/264 3131/1/396 3130/1/392 3122/1/260
f 3117/1/268 3125/1/400 3131/1/396 3123/1/264
f 3124/1/372 3132/1/500 3125/1/369
f 3126/1/376 3132/1/500 3124/1/372
f 3127/1/380 3132/1/500 3126/1/376
f 3128/1/384 3132/1/501 3127/1/380
f 3129/1/388 3132/1/501 3128/1/384
f 3130/1/392 3132/1/502 3129/1/388
f 3131/1/396 3132/1/502 3130/1/392
f 3125/1/400 3132/1/503 3131/1/396
f 3133/1/108 3134/1/105 3135/1/3
f 3136/1/112 3133/1/108 3135/1/3
f 3137/1/116 3136/1/112 3135/1/3
f 3138/1/120 3137/1/116 3135/1/3
f 3139/1/124 3138/1/120 3135/1/3
f 3140/1/128 3139/1/124 3135/1/3
f 3141/1/132 3140/1/128 3135/1/3
f 3134/1/136 3141/1/132 3135/1/3
f 3133/1/108 3142/1/240 3143/1/237 3134/1/105
f 3136/1/112 3144/1/244 3142/1/240 3133/1/108
f 3137/1/116 3145/1/248 3144/1/244 3136/1/112
f 3138/1/120 3146/1/252 3145/1/248 3137/1/116
f 3139/1/124 3147/1/256 3146/1/252 3138/1/120
f 3140/1/128 3148/1/260 3147/1/256 3139/1/124
f 3141/1/132 3149/1/264 3148/1/260 3140/1/128
f 3134/1/136 3143/1/268 3149/1/264 3141/1/132
f 3142/1/240 3150/1/372 3151/1/369 3143/1/237
f 3144/1/244 3152/1/376 3150/1/372 3142/1/240
f 3145/1/248 3153/1/380 3152/1/376 3144/1/244
f 3146/1/252 3154/1/384 3153/1/380 3145/1/248
f 3147/1/256 3155/1/388 3154/1/384 3146/1/252
f 3148/1/260 3156/1/392 3155/1/388 3147/1/256
f 3149/1/264 3157/1/396 3156/1/392 3148/1/260
f 3143/1/268 3151/1/400 3157/1/396 3149/1/264
f 3150/1/372 3158/1/500 3151/1/369
f 3152/1/376 3158/1/500 3150/1/372
f 3153/1/380 3158/1/500 3152/1/376
f 3154/1/384 3158/1/501 3153/1/380
f 3155/1/388 3158/1/501 3154/1/384
f 3156/1/392 3158/1/502 3155/1/388
f 3157/1/396 3158/1/502 3156/1/392
f 3151/1/400 3158/1/503 3157/1/396
f 3159/1/108 3160/1/105 3161/1/3
f 3162/1/112 3159/1/108 3161/1/3
f 3163/1/116 3162/1/112 3161/1/3
f 3164/1/120 3163/1/116 3161/1/3
f 3165/1/124 3164/1/120 3161/1/3
f 3166/1/128 3165/1/124 3161/1/3
f 3167/1/132 3166/1/128 3161/1/3
f 3160/1/136 3167/1/132 3161/1/3
f 3159/1/108 3168/1/240 3169/1/237 3160/1/105
f 3162/1/112 3170/1/244 3168/1/240 3159/1/108
f 3163/1/116 3171/1/248 3170/1/244 3162/1/112
f 3164/1/120 3172/1/252 3171/1/248 3163/1/116
f 3165/1/124 3173/1/256 3172/1/252 3164/1/120
f 3166/1/128 3174/1/260 3173/1/256 3165/1/124
f 3167/1/132 3175/1/264 3174/1/260 3166/1/128
f 3160/1/136 3169/1/268 3175/1/264 3167/1/132
f 3168/1/240 3176/1/372 3177/1/369 3169/1/237
f 3170/1/244 3178/1/376 3176/1/372 3168/1/240
f 3171/1/248 3179/1/380 3178/1/376 3170/1/244
f 3172/1/252 3180/1/384 3179/1/380 3171/1/248
f 3173/1/256 3181/1/388 3180/1/384 3172/1/252
f 3174/1/260 3182/1/392 3181/1/388 3173/1/256
f 3175/1/264 3183/1/396 3182/1/392 3174/1/260
f 3169/1/268 3177/1/400 3183/1/396 3175/1/264
f 3176/1/372 3184/1/500 3177/1/369
f 3178/1/376 3184/1/500 3176/1/372
f 3179/1/380 3184/1/500 3178/1/376
f 3180/1/384 3184/1/501 3179/1/380
f 3181/1/388 3184/1/501 3180/1/384
f 3182/1/392 3184/1/502 3181/1/388
f 3183/1/396 3184/1/502 3182/1/392
f 3177/1/400 3184/1/503 3183/1/396
f 3185/1/108 3186/1/105 3187/1/3
f 3188/1/112 3185/1/108 3187/1/3
f 3189/1/116 3188/1/112 3187/1/3
f 3190/1/120 3189/1/116 3187/1/3
f 3191/1/124 3190/1/120 3187/1/3
f 3192/1/128 3191/1/124 3187/1/3
f 3193/1/132 3192/1/128 3187/1/3
f 3186/1/136 3193/1/132 3187/1/3
f 3185/1/108 3194/1/240 3195/1/237 3186/1/105
f 3188/1/112 3196/1/244 3194/1/240 3185/1/108
f 3189/1/116 3197/1/248 3196/1/244 3188/1/112
f 3190/1/120 3198/1/252 3197/1/248 3189/1/116
f 3191/1/124 3199/1/256 3198/1/252 3190/1/120
f 3192/1/128 3200/1/260 3199/1/256 3191/1/124
f 3193/1/132 3201/1/264 3200/1/260 3192/1/128
f 3186/1/136 3195/1/268 3201/1/264 3193/1/132
f 3194/1/240 3202/1/372 3203/1/369 3195/1/237
f 3196/1/244 3204/1/376 3202/1/372 3194/1/240
f 3197/1/248 3205/1/380 3204/1/376 3196/1/244
f 3198/1/252 3206/1/384 3205/1/380 3197/1/248
f 3199/1/256 3207/1/388 3206/1/384 3198/1/252
f 3200/1/260 3208/1/392 3207/1/388 3199/1/256
f 3201/1/264 3209/1/396 3208/1/392 3200/1/260
f 3195/1/268 3203/1/400 3209/1/396 3201/1/264
f 3202/1/372 3210/1/500 3203/1/369
f 3204/1/376 3210/1/500 3202/1/372
f 3205/1/380 3210/1/500 3204/1/376
f 3206/1/384 3210/1/501 3205/1/380
f 3207/1/388 3210/1/501 3206/1/384
f 3208/1/392 3210/1/502 3207/1/388
f 3209/1/396 3210/1/502 3208/1/392
f 3203/1/400 3210/1/503 3209/1/396
g shell_0
usemtl ceramic
f 3211/1/1763 3212/1/1764 3213/1/1765 3214/1/1766
f 3215/1/1767 3216/1/1768 3212/1/1764 3211/1/1763
f 3217/1/1769 3218/1/1770 3216/1/1768 3215/1/1767
f 3219/1/1771 3220/1/1772 3218/1/1770 3217/1/1769
f 3221/1/1773 3222/1/1774 3220/1/1772 3219/1/1771
f 3223/1/1775 3224/1/1776 3222/1/1774 3221/1/1773
f 3225/1/1777 3226/1/1778 3224/1/1776 3223/1/1775
f 3212/1/1764 3227/1/1779 3228/1/1780 3213/1/1765
f 3216/1/1768 3229/1/1781 3227/1/1779 3212/1/1764
f 3218/1/1770 3230/1/1782 3229/1/1781 3216/1/1768
f 3220/1/1772 3231/1/1783 3230/1/1782 3218/1/1770
f 3222/1/1774 3232/1/1784 3231/1/1783 3220/1/1772
f 3224/1/1776 3233/1/1785 3232/1/1784 3222/1/1774
f 3226/1/1778 3234/1/1786 3233/1/1785 3224/1/1776
f 3227/1/1779 3235/1/1787 3236/1/1788 3228/1/1780
f 3229/1/1781 3237/1/1789 3235/1/1787 3227/1/1779
f 3230/1/1782 3238/1/1790 3237/1/1789 3229/1/1781
f 3231/1/1783 3239/1/1791 3238/1/1790 3230/1/1782
f 3232/1/1784 3240/1/1792 3239/1/1791 3231/1/1783
f 3233/1/1785 3241/1/1793 3240/1/1792 3232/1/1784
f 3234/1/1786 3242/1/1794 3241/1/1793 3233/1/1785
f 3235/1/1787 3243/1/1795 3244/1/1796 3236/1/1788
f 3237/1/1789 3245/1/1797 3243/1/1795 3235/1/1787
f 3238/1/1790 3246/1/1798 3245/1/1797 3237/1/1789
f 3239/1/1791 3247/1/1799 3246/1/1798 3238/1/1790
f 3240/1/1792 3248/1/1800 3247/1/1799 3239/1/1791
f 3241/1/1793 3249/1/1801 3248/1/1800 3240/1/1792
f 3242/1/1794 3250/1/1802 3249/1/1801 3241/1/1793
f 3243/1/1795 3251/1/1803 3252/1/1804 3244/1/1796
f 3245/1/1797 3253/1/1805 3251/1/1803 3243/1/1795
f 3246/1/1798 3254/1/1806 3253/1/1805 3245/1/1797
f 3247/1/1799 3255/1/1807 3254/1/1806 3246/1/1798
f 3248/1/1800 3256/1/1808 3255/1/1807 3247/1/1799
f 3249/1/1801 3257/1/1809 3256/1/1808 3248/1/1800
f 3250/1/1802 3258/1/1810 3257/1/1809 3249/1/1801
f 3251/1/1803 3259/1/1811 3260/1/1812 3252/1/1804
f 3253/1/1805 3261/1/1813 3259/1/1811 3251/1/1803
f 3254/1/1806 3262/1/1814 3261/1/1813 3253/1/1805
f 3255/1/1807 3263/1/1815 3262/1/1814 3254/1/1806
f 3256/1/1808 3264/1/1816 3263/1/1815 3255/1/1807
f 3257/1/1809 3265/1/1817 3264/1/1816 3256/1/1808
f 3258/1/1810 3266/1/1818 3265/1/1817 3257/1/1809
f 3259/1/1811 3267/1/1819 3268/1/1820 3260/1/1812
f 3261/1/1813 3269/1/1821 3267/1/1819 3259/1/1811
f 3262/1/1814 3270/1/1822 3269/1/1821 3261/1/1813
f 3263/1/1815 3271/1/1823 3270/1/1822 3262/1/1814
f 3264/1/1816 3272/1/1824 3271/1/1823 3263/1/1815
f 3265/1/1817 3273/1/1825 3272/1/1824 3264/1/1816
f 3266/1/1818 3274/1/1826 3273/1/1825 3265/1/1817
f 3267/1/1819 3275/1/1827 3276/1/1828 3268/1/1820
f 3269/1/1821 3277/1/1829 3275/1/1827 3267/1/1819
f 3270/1/1822 3278/1/1830 3277/1/1829 3269/1/1821
f 3271/1/1823 3279/1/1831 3278/1/1830 3270/1/1822
f 3272/1/1824 3280/1/1832 3279/1/1831 3271/1/1823
f 3273/1/1825 3281/1/1833 3280/1/1832 3272/1/1824
f 3274/1/1826 3282/1/1834 3281/1/1833 3273/1/1825
usemtl ceramic_shadow
f 3283/1/1835 3284/1/1836 3285/1/1837 3286/1/1838
f 3286/1/1838 3285/1/1837 3287/1/1839 3288/1/1840
f 3288/1/1840 3287/1/1839 3289/1/1841 3290/1/1842
f 3290/1/1842 3289/1/1841 3291/1/1843 3292/1/1844
f 3292/1/1844 3291/1/1843 3293/1/1845 3294/1/1846
f 3294/1/1846 3293/1/1845 3295/1/1847 3296/1/1848
f 3296/1/1848 3295/1/1847 3297/1/1849 3298/1/1850
f 3284/1/1836 3299/1/1851 3300/1/1852 3285/1/1837
f 3285/1/1837 3300/1/1852 3301/1/1853 3287/1/1839
f 3287/1/1839 3301/1/1853 3302/1/1854 3289/1/1841
f 3289/1/1841 3302/1/1854 3303/1/1855 3291/1/1843
f 3291/1/1843 3303/1/1855 3304/1/1856 3293/1/1845
f 3293/1/1845 3304/1/1856 3305/1/1857 3295/1/1847
f 3295/1/1847 3305/1/1857 3306/1/1858 3297/1/1849
f 3299/1/1851 3307/1/1859 3308/1/1860 3300/1/1852
f 3300/1/1852 3308/1/1860 3309/1/1861 3301/1/1853
f 3301/1/1853 3309/1/1861 3310/1/1862 3302/1/1854
f 3302/1/1854 3310/1/1862 3311/1/1863 3303/1/1855
f 3303/1/1855 3311/1/1863 3312/1/1864 3304/1/1856
f 3304/1/1856 3312/1/1864 3313/1/1865 3305/1/1857
f 3305/1/1857 3313/1/1865 3314/1/1866 3306/1/1858
f 3307/1/1859 3315/1/1867 3316/1/1868 3308/1/1860
f 3308/1/1860 3316/1/1868 3317/1/1869 3309/1/1861
f 3309/1/1861 3317/1/1869 3318/1/1870 3310/1/1862
f 3310/1/1862 3318/1/1870 3319/1/1871 3311/1/1863
f 3311/1/1863 3319/1/1871 3320/1/1872 3312/1/1864
f 3312/1/1864 3320/1/1872 3321/1/1873 3313/1/1865
f 3313/1/1865 3321/1/1873 3322/1/1874 3314/1/1866
f 3315/1/1867 3323/1/1875 3324/1/1876 3316/1/1868
f 3316/1/1868 3324/1/1876 3325/1/1877 3317/1/1869
f 3317/1/1869 3325/1/1877 3326/1/1878 3318/1/1870
f 3318/1/1870 3326/1/1878 3327/1/1879 3319/1/1871
f 3319/1/1871 3327/1/1879 3328/1/1880 3320/1/1872
f 3320/1/1872 3328/1/1880 3329/1/1881 3321/1/1873
f 3321/1/1873 3329/1/1881 3330/1/1882 3322/1/1874
f 3323/1/1875 3331/1/1883 3332/1/1884 3324/1/1876
f 3324/1/1876 3332/1/1884 3333/1/1885 3325/1/1877
f 3325/1/1877 3333/1/1885 3334/1/1886 3326/1/1878
f 3326/1/1878 3334/1/1886 3335/1/1887 3327/1/1879
f 3327/1/1879 3335/1/1887 3336/1/1888 3328/1/1880
f 3328/1/1880 3336/1/1888 3337/1/1889 3329/1/1881
f 3329/1/1881 3337/1/1889 3338/1/1890 3330/1/1882
f 3331/1/1883 3339/1/1891 3340/1/1892 3332/1/1884
f 3332/1/1884 3340/1/1892 3341/1/1893 3333/1/1885
f 3333/1/1885 3341/1/1893 3342/1/1894 3334/1/1886
f 3334/1/1886 3342/1/1894 3343/1/1895 3335/1/1887
f 3335/1/1887 3343/1/1895 3344/1/1896 3336/1/1888
f 3336/1/1888 3344/1/1896 3345/1/1897 3337/1/1889
f 3337/1/1889 3345/1/1897 3346/1/1898 3338/1/1890
f 3339/1/1891 3347/1/1899 3348/1/1900 3340/1/1892
f 3340/1/1892 3348/1/1900 3349/1/1901 3341/1/1893
f 3341/1/1893 3349/1/1901 3350/1/1902 3342/1/1894
f 3342/1/1894 3350/1/1902 3351/1/1903 3343/1/1895
f 3343/1/1895 3351/1/1903 3352/1/1904 3344/1/1896
f 3344/1/1896 3352/1/1904 3353/1/1905 3345/1/1897
f 3345/1/1897 3353/1/1905 3354/1/1906 3346/1/1898
usemtl gold_edge
f 3283/1/1907 3286/1/1907 3211/1/1907 3214/1/1907
f 3286/1/1908 3288/1/1908 3215/1/1908 3211/1/1908
f 3288/1/1909 3290/1/1909 3217/1/1909 3215/1/1909
f 3290/1/1910 3292/1/1910 3219/1/1910 3217/1/1910
f 3292/1/1911 3294/1/1911 3221/1/1911 3219/1/1911
f 3294/1/1912 3296/1/1912 3223/1/1912 3221/1/1912
f 3296/1/1913 3298/1/1913 3225/1/1913 3223/1/1913
f 3298/1/1914 3297/1/1914 3226/1/1914 3225/1/1914
f 3297/1/1915 3306/1/1915 3234/1/1915 3226/1/1915
f 3306/1/1916 3314/1/1916 3242/1/1916 3234/1/1916
f 3314/1/1917 3322/1/1917 3250/1/1917 3242/1/1917
f 3322/1/1918 3330/1/1918 3258/1/1918 3250/1/1918
f 3330/1/1919 3338/1/1919 3266/1/1919 3258/1/1919
f 3338/1/1920 3346/1/1920 3274/1/1920 3266/1/1920
f 3346/1/1921 3354/1/1921 3282/1/1921 3274/1/1921
f 3354/1/1922 3353/1/1922 3281/1/1922 3282/1/1922
f 3353/1/1923 3352/1/1923 3280/1/1923 3281/1/1923
f 3352/1/1924 3351/1/1924 3279/1/1924 3280/1/1924
f 3351/1/1925 3350/1/1925 3278/1/1925 3279/1/1925
f 3350/1/1926 3349/1/1926 3277/1/1926 3278/1/1926
f 3349/1/1927 3348/1/1927 3275/1/1927 3277/1/1927
f 3348/1/1928 3347/1/1928 3276/1/1928 3275/1/1928
f 3347/1/1929 3339/1/1929 3268/1/1929 3276/1/1929
f 3339/1/1930 3331/1/1930 3260/1/1930 3268/1/1930
f 3331/1/1931 3323/1/1931 3252/1/1931 3260/1/1931
f 3323/1/1932 3315/1/1932 3244/1/1932 3252/1/1932
f 3315/1/1933 3307/1/1933 3236/1/1933 3244/1/1933
f 3307/1/1934 3299/1/1934 3228/1/1934 3236/1/1934
f 3299/1/1935 3284/1/1935 3213/1/1935 3228/1/1935
f 3284/1/1936 3283/1/1936 3214/1/1936 3213/1/1936
usemtl gold
f 3355/1/1937 3356/1/1937 3357/1/1937
usemtl gold_edge
f 3358/1/1938 3359/1/1938 3360/1/1938
usemtl gold
f 3355/1/1937 3357/1/1937 3361/1/1937
usemtl gold_edge
f 3358/1/1938 3362/1/1938 3359/1/1938
f 3358/1/1939 3360/1/1939 3356/1/1939 3355/1/1939
f 3360/1/260 3359/1/260 3357/1/260 3356/1/260
f 3359/1/1940 3362/1/1940 3361/1/1940 3357/1/1940
f 3362/1/1941 3358/1/1941 3355/1/1941 3361/1/1941
usemtl navy
f 3363/1/1937 3364/1/1937 3365/1/1937
usemtl gold_edge
f 3366/1/1938 3367/1/1938 3368/1/1938
usemtl navy
f 3363/1/1937 3365/1/1937 3369/1/1937
usemtl gold_edge
f 3366/1/1938 3370/1/1938 3367/1/1938
f 3366/1/1939 3368/1/1939 3364/1/1939 3363/1/1939
f 3368/1/260 3367/1/260 3365/1/260 3364/1/260
f 3367/1/1940 3370/1/1940 3369/1/1940 3365/1/1940
f 3370/1/1941 3366/1/1941 3363/1/1941 3369/1/1941
usemtl gold
f 3371/1/1942 3372/1/1942 3373/1/1942
usemtl gold_edge
f 3374/1/1938 3375/1/1938 3376/1/1938
usemtl gold
f 3377/1/1937 3371/1/1937 3373/1/1937
usemtl gold_edge
f 3375/1/1943 3378/1/1943 3376/1/1943
usemtl gold
f 3379/1/1942 3377/1/1942 3373/1/1942
usemtl gold_edge
f 3378/1/1938 3380/1/1938 3376/1/1938
usemtl gold
f 3381/1/1937 3379/1/1937 3373/1/1937
usemtl gold_edge
f 3380/1/1943 3382/1/1943 3376/1/1943
usemtl gold
f 3383/1/1942 3381/1/1942 3373/1/1942
usemtl gold_edge
f 3382/1/1938 3384/1/1938 3376/1/1938
usemtl gold
f 3385/1/1942 3383/1/1942 3373/1/1942
usemtl gold_edge
f 3384/1/1938 3386/1/1938 3376/1/1938
usemtl gold
f 3387/1/1942 3385/1/1942 3373/1/1942
usemtl gold_edge
f 3386/1/1943 3388/1/1943 3376/1/1943
f 3373/1/1944 3372/1/1944 3374/1/1944 3376/1/1944
f 3372/1/1945 3371/1/1945 3375/1/1945 3374/1/1945
f 3371/1/1946 3377/1/1946 3378/1/1946 3375/1/1946
f 3377/1/1947 3379/1/1947 3380/1/1947 3378/1/1947
f 3379/1/1948 3381/1/1948 3382/1/1948 3380/1/1948
f 3381/1/1949 3383/1/1949 3384/1/1949 3382/1/1949
f 3383/1/1950 3385/1/1950 3386/1/1950 3384/1/1950
f 3385/1/1951 3387/1/1951 3388/1/1951 3386/1/1951
f 3387/1/1952 3373/1/1952 3376/1/1952 3388/1/1952
usemtl mana_light
f 3389/1/1937 3390/1/1937 3391/1/1937
usemtl gold_edge
f 3392/1/1938 3393/1/1938 3394/1/1938
usemtl mana_light
f 3389/1/1937 3391/1/1937 3395/1/1937
usemtl gold_edge
f 3392/1/1938 3396/1/1938 3393/1/1938
f 3392/1/1953 3394/1/1953 3390/1/1953 3389/1/1953
f 3394/1/1954 3393/1/1954 3391/1/1954 3390/1/1954
f 3393/1/1955 3396/1/1955 3395/1/1955 3391/1/1955
f 3396/1/1956 3392/1/1956 3389/1/1956 3395/1/1956
usemtl gold
f 3397/1/1957 3398/1/1957 3399/1/1957
f 3397/1/1957 3400/1/1957 3398/1/1957
f 3397/1/1957 3401/1/1957 3400/1/1957
f 3397/1/1957 3402/1/1957 3401/1/1957
f 3397/1/1957 3403/1/1957 3402/1/1957
f 3397/1/1957 3404/1/1957 3403/1/1957
f 3397/1/1957 3405/1/1957 3404/1/1957
f 3397/1/1957 3406/1/1957 3405/1/1957
f 3397/1/1957 3407/1/1957 3406/1/1957
f 3397/1/1957 3408/1/1957 3407/1/1957
f 3397/1/1957 3409/1/1957 3408/1/1957
f 3397/1/1957 3399/1/1957 3409/1/1957
f 3399/1/1958 3398/1/1958 3410/1/1958 3411/1/1958
f 3398/1/1959 3400/1/1959 3412/1/1959 3410/1/1959
f 3400/1/1960 3401/1/1960 3413/1/1960 3412/1/1960
f 3401/1/1961 3402/1/1961 3414/1/1961 3413/1/1961
f 3402/1/1962 3403/1/1962 3415/1/1962 3414/1/1962
f 3403/1/1963 3404/1/1963 3416/1/1963 3415/1/1963
f 3404/1/1964 3405/1/1964 3417/1/1964 3416/1/1964
f 3405/1/1965 3406/1/1965 3418/1/1965 3417/1/1965
f 3406/1/1966 3407/1/1966 3419/1/1966 3418/1/1966
f 3407/1/1967 3408/1/1967 3420/1/1967 3419/1/1967
f 3408/1/1968 3409/1/1968 3421/1/1968 3420/1/1968
f 3409/1/1969 3399/1/1969 3411/1/1969 3421/1/1969
f 3411/1/1970 3410/1/1970 3422/1/1970 3423/1/1970
f 3410/1/1971 3412/1/1971 3424/1/1971 3422/1/1971
f 3412/1/1972 3413/1/1972 3425/1/1972 3424/1/1972
f 3413/1/1973 3414/1/1973 3426/1/1973 3425/1/1973
f 3414/1/1974 3415/1/1974 3427/1/1974 3426/1/1974
f 3415/1/1975 3416/1/1975 3428/1/1975 3427/1/1975
f 3416/1/1976 3417/1/1976 3429/1/1976 3428/1/1976
f 3417/1/1977 3418/1/1977 3430/1/1977 3429/1/1977
f 3418/1/1978 3419/1/1978 3431/1/1978 3430/1/1978
f 3419/1/1979 3420/1/1979 3432/1/1979 3431/1/1979
f 3420/1/1980 3421/1/1980 3433/1/1980 3432/1/1980
f 3421/1/1981 3411/1/1981 3423/1/1981 3433/1/1981
f 3423/1/1982 3422/1/1982 3434/1/1982 3435/1/1982
f 3422/1/1983 3424/1/1983 3436/1/1983 3434/1/1983
f 3424/1/1984 3425/1/1984 3437/1/1984 3436/1/1984
f 3425/1/1985 3426/1/1985 3438/1/1985 3437/1/1985
f 3426/1/1986 3427/1/1986 3439/1/1986 3438/1/1986
f 3427/1/1987 3428/1/1987 3440/1/1987 3439/1/1987
f 3428/1/1988 3429/1/1988 3441/1/1988 3440/1/1988
f 3429/1/1989 3430/1/1989 3442/1/1989 3441/1/1989
f 3430/1/1990 3431/1/1990 3443/1/1990 3442/1/1990
f 3431/1/1991 3432/1/1991 3444/1/1991 3443/1/1991
f 3432/1/1992 3433/1/1992 3445/1/1992 3444/1/1992
f 3433/1/1993 3423/1/1993 3435/1/1993 3445/1/1993
f 3435/1/1994 3434/1/1994 3446/1/1994 3447/1/1994
f 3434/1/1994 3436/1/1994 3448/1/1994 3446/1/1994
f 3436/1/1994 3437/1/1994 3449/1/1994 3448/1/1994
f 3437/1/1994 3438/1/1994 3450/1/1994 3449/1/1994
f 3438/1/1994 3439/1/1994 3451/1/1994 3450/1/1994
f 3439/1/1994 3440/1/1994 3452/1/1994 3451/1/1994
f 3440/1/1994 3441/1/1994 3453/1/1994 3452/1/1994
f 3441/1/1994 3442/1/1994 3454/1/1994 3453/1/1994
f 3442/1/1994 3443/1/1994 3455/1/1994 3454/1/1994
f 3443/1/1994 3444/1/1994 3456/1/1994 3455/1/1994
f 3444/1/1994 3445/1/1994 3457/1/1994 3456/1/1994
f 3445/1/1994 3435/1/1994 3447/1/1994 3457/1/1994
f 3447/1/1976 3446/1/1976 3458/1/1976 3459/1/1976
f 3446/1/1977 3448/1/1977 3460/1/1977 3458/1/1977
f 3448/1/1978 3449/1/1978 3461/1/1978 3460/1/1978
f 3449/1/1979 3450/1/1979 3462/1/1979 3461/1/1979
f 3450/1/1980 3451/1/1980 3463/1/1980 3462/1/1980
f 3451/1/1981 3452/1/1981 3464/1/1981 3463/1/1981
f 3452/1/1970 3453/1/1970 3465/1/1970 3464/1/1970
f 3453/1/1971 3454/1/1971 3466/1/1971 3465/1/1971
f 3454/1/1972 3455/1/1972 3467/1/1972 3466/1/1972
f 3455/1/1973 3456/1/1973 3468/1/1973 3467/1/1973
f 3456/1/1974 3457/1/1974 3469/1/1974 3468/1/1974
f 3457/1/1975 3447/1/1975 3459/1/1975 3469/1/1975
f 3459/1/1994 3458/1/1994 3470/1/1994
f 3458/1/1994 3460/1/1994 3470/1/1994
f 3460/1/1994 3461/1/1994 3470/1/1994
f 3461/1/1994 3462/1/1994 3470/1/1994
f 3462/1/1994 3463/1/1994 3470/1/1994
f 3463/1/1994 3464/1/1994 3470/1/1994
f 3464/1/1994 3465/1/1994 3470/1/1994
f 3465/1/1994 3466/1/1994 3470/1/1994
f 3466/1/1994 3467/1/1994 3470/1/1994
f 3467/1/1994 3468/1/1994 3470/1/1994
f 3468/1/1994 3469/1/1994 3470/1/1994
f 3469/1/1994 3459/1/1994 3470/1/1994
usemtl gold_edge
f 3471/1/1995 3472/1/1995 3473/1/1995 3474/1/1995
f 3472/1/1996 3475/1/1996 3476/1/1996 3473/1/1996
f 3475/1/1997 3477/1/1997 3478/1/1997 3476/1/1997
f 3477/1/1998 3479/1/1998 3480/1/1998 3478/1/1998
f 3479/1/1999 3481/1/1999 3482/1/1999 3480/1/1999
f 3481/1/2000 3483/1/2000 3484/1/2000 3482/1/2000
f 3483/1/2001 3485/1/2001 3486/1/2001 3484/1/2001
f 3485/1/2002 3487/1/2002 3488/1/2002 3486/1/2002
f 3487/1/2003 3489/1/2003 3490/1/2003 3488/1/2003
f 3489/1/2004 3491/1/2004 3492/1/2004 3490/1/2004
f 3491/1/2005 3493/1/2005 3494/1/2005 3492/1/2005
f 3493/1/2006 3471/1/2006 3474/1/2006 3494/1/2006
f 3474/1/1970 3473/1/1970 3495/1/1970 3496/1/1970
f 3473/1/1971 3476/1/1971 3497/1/1971 3495/1/1971
f 3476/1/1972 3478/1/1972 3498/1/1972 3497/1/1972
f 3478/1/1973 3480/1/1973 3499/1/1973 3498/1/1973
f 3480/1/1974 3482/1/1974 3500/1/1974 3499/1/1974
f 3482/1/1975 3484/1/1975 3501/1/1975 3500/1/1975
f 3484/1/1976 3486/1/1976 3502/1/1976 3501/1/1976
f 3486/1/1977 3488/1/1977 3503/1/1977 3502/1/1977
f 3488/1/1978 3490/1/1978 3504/1/1978 3503/1/1978
f 3490/1/1979 3492/1/1979 3505/1/1979 3504/1/1979
f 3492/1/1980 3494/1/1980 3506/1/1980 3505/1/1980
f 3494/1/1981 3474/1/1981 3496/1/1981 3506/1/1981
f 3496/1/2007 3495/1/2007 3507/1/2007 3508/1/2007
f 3495/1/2008 3497/1/2008 3509/1/2008 3507/1/2008
f 3497/1/2009 3498/1/2009 3510/1/2009 3509/1/2009
f 3498/1/2010 3499/1/2010 3511/1/2010 3510/1/2010
f 3499/1/2011 3500/1/2011 3512/1/2011 3511/1/2011
f 3500/1/2012 3501/1/2012 3513/1/2012 3512/1/2012
f 3501/1/2013 3502/1/2013 3514/1/2013 3513/1/2013
f 3502/1/2014 3503/1/2014 3515/1/2014 3514/1/2014
f 3503/1/2015 3504/1/2015 3516/1/2015 3515/1/2015
f 3504/1/2016 3505/1/2016 3517/1/2016 3516/1/2016
f 3505/1/2017 3506/1/2017 3518/1/2017 3517/1/2017
f 3506/1/2018 3496/1/2018 3508/1/2018 3518/1/2018
f 3508/1/1976 3507/1/1976 3472/1/1976 3471/1/1976
f 3507/1/1977 3509/1/1977 3475/1/1977 3472/1/1977
f 3509/1/1978 3510/1/1978 3477/1/1978 3475/1/1978
f 3510/1/1979 3511/1/1979 3479/1/1979 3477/1/1979
f 3511/1/1980 3512/1/1980 3481/1/1980 3479/1/1980
f 3512/1/1981 3513/1/1981 3483/1/1981 3481/1/1981
f 3513/1/1970 3514/1/1970 3485/1/1970 3483/1/1970
f 3514/1/1971 3515/1/1971 3487/1/1971 3485/1/1971
f 3515/1/1972 3516/1/1972 3489/1/1972 3487/1/1972
f 3516/1/1973 3517/1/1973 3491/1/1973 3489/1/1973
f 3517/1/1974 3518/1/1974 3493/1/1974 3491/1/1974
f 3518/1/1975 3508/1/1975 3471/1/1975 3493/1/1975
usemtl mana_core
f 3519/1/1957 3520/1/1957 3521/1/1957
f 3519/1/1957 3522/1/1957 3520/1/1957
f 3519/1/1957 3523/1/1957 3522/1/1957
f 3519/1/1957 3524/1/1957 3523/1/1957
f 3519/1/1957 3525/1/1957 3524/1/1957
f 3519/1/1957 3526/1/1957 3525/1/1957
f 3519/1/1957 3527/1/1957 3526/1/1957
f 3519/1/1957 3528/1/1957 3527/1/1957
f 3519/1/1957 3529/1/1957 3528/1/1957
f 3519/1/1957 3530/1/1957 3529/1/1957
f 3519/1/1957 3531/1/1957 3530/1/1957
f 3519/1/1957 3521/1/1957 3531/1/1957
f 3521/1/1970 3520/1/1970 3532/1/1970 3533/1/1970
f 3520/1/1971 3522/1/1971 3534/1/1971 3532/1/1971
f 3522/1/1972 3523/1/1972 3535/1/1972 3534/1/1972
f 3523/1/1973 3524/1/1973 3536/1/1973 3535/1/1973
f 3524/1/1974 3525/1/1974 3537/1/1974 3536/1/1974
f 3525/1/1975 3526/1/1975 3538/1/1975 3537/1/1975
f 3526/1/1976 3527/1/1976 3539/1/1976 3538/1/1976
f 3527/1/1977 3528/1/1977 3540/1/1977 3539/1/1977
f 3528/1/1978 3529/1/1978 3541/1/1978 3540/1/1978
f 3529/1/1979 3530/1/1979 3542/1/1979 3541/1/1979
f 3530/1/1980 3531/1/1980 3543/1/1980 3542/1/1980
f 3531/1/1981 3521/1/1981 3533/1/1981 3543/1/1981
f 3533/1/1994 3532/1/1994 3544/1/1994
f 3532/1/1994 3534/1/1994 3544/1/1994
f 3534/1/1994 3535/1/1994 3544/1/1994
f 3535/1/1994 3536/1/1994 3544/1/1994
f 3536/1/1994 3537/1/1994 3544/1/1994
f 3537/1/1994 3538/1/1994 3544/1/1994
f 3538/1/1994 3539/1/1994 3544/1/1994
f 3539/1/1994 3540/1/1994 3544/1/1994
f 3540/1/1994 3541/1/1994 3544/1/1994
f 3541/1/1994 3542/1/1994 3544/1/1994
f 3542/1/1994 3543/1/1994 3544/1/1994
f 3543/1/1994 3533/1/1994 3544/1/1994
usemtl gold
f 3545/1/2019 3546/1/2019 3547/1/2019
f 3545/1/2019 3548/1/2019 3546/1/2019
f 3545/1/2019 3549/1/2019 3548/1/2019
f 3545/1/2019 3550/1/2019 3549/1/2019
f 3545/1/2019 3551/1/2019 3550/1/2019
f 3545/1/2019 3552/1/2019 3551/1/2019
f 3545/1/2019 3553/1/2019 3552/1/2019
f 3545/1/2019 3554/1/2019 3553/1/2019
f 3545/1/2019 3555/1/2019 3554/1/2019
f 3545/1/2019 3556/1/2019 3555/1/2019
f 3545/1/2019 3557/1/2019 3556/1/2019
f 3545/1/2019 3547/1/2019 3557/1/2019
f 3547/1/2020 3546/1/2020 3558/1/2020 3559/1/2020
f 3546/1/2021 3548/1/2021 3560/1/2021 3558/1/2021
f 3548/1/2022 3549/1/2022 3561/1/2022 3560/1/2022
f 3549/1/2023 3550/1/2023 3562/1/2023 3561/1/2023
f 3550/1/2024 3551/1/2024 3563/1/2024 3562/1/2024
f 3551/1/2025 3552/1/2025 3564/1/2025 3563/1/2025
f 3552/1/2026 3553/1/2026 3565/1/2026 3564/1/2026
f 3553/1/2027 3554/1/2027 3566/1/2027 3565/1/2027
f 3554/1/2028 3555/1/2028 3567/1/2028 3566/1/2028
f 3555/1/2029 3556/1/2029 3568/1/2029 3567/1/2029
f 3556/1/2030 3557/1/2030 3569/1/2030 3568/1/2030
f 3557/1/2031 3547/1/2031 3559/1/2031 3569/1/2031
f 3559/1/2032 3558/1/2032 3570/1/2032 3571/1/2032
f 3558/1/2033 3560/1/2033 3572/1/2033 3570/1/2033
f 3560/1/2034 3561/1/2034 3573/1/2034 3572/1/2034
f 3561/1/2035 3562/1/2035 3574/1/2035 3573/1/2035
f 3562/1/2036 3563/1/2036 3575/1/2036 3574/1/2036
f 3563/1/2037 3564/1/2037 3576/1/2037 3575/1/2037
f 3564/1/2038 3565/1/2038 3577/1/2038 3576/1/2038
f 3565/1/2039 3566/1/2039 3578/1/2039 3577/1/2039
f 3566/1/2040 3567/1/2040 3579/1/2040 3578/1/2040
f 3567/1/2041 3568/1/2041 3580/1/2041 3579/1/2041
f 3568/1/2042 3569/1/2042 3581/1/2042 3580/1/2042
f 3569/1/2043 3559/1/2043 3571/1/2043 3581/1/2043
f 3571/1/2044 3570/1/2044 3582/1/2044 3583/1/2044
f 3570/1/2045 3572/1/2045 3584/1/2045 3582/1/2045
f 3572/1/2046 3573/1/2046 3585/1/2046 3584/1/2046
f 3573/1/2047 3574/1/2047 3586/1/2047 3585/1/2047
f 3574/1/2048 3575/1/2048 3587/1/2048 3586/1/2048
f 3575/1/2049 3576/1/2049 3588/1/2049 3587/1/2049
f 3576/1/2050 3577/1/2050 3589/1/2050 3588/1/2050
f 3577/1/2051 3578/1/2051 3590/1/2051 3589/1/2051
f 3578/1/2052 3579/1/2052 3591/1/2052 3590/1/2052
f 3579/1/2053 3580/1/2053 3592/1/2053 3591/1/2053
f 3580/1/2054 3581/1/2054 3593/1/2054 3592/1/2054
f 3581/1/2055 3571/1/2055 3583/1/2055 3593/1/2055
f 3583/1/2056 3582/1/2056 3594/1/2056 3595/1/2056
f 3582/1/2056 3584/1/2056 3596/1/2056 3594/1/2056
f 3584/1/2056 3585/1/2056 3597/1/2056 3596/1/2056
f 3585/1/2056 3586/1/2056 3598/1/2056 3597/1/2056
f 3586/1/2056 3587/1/2056 3599/1/2056 3598/1/2056
f 3587/1/2056 3588/1/2056 3600/1/2056 3599/1/2056
f 3588/1/2056 3589/1/2056 3601/1/2056 3600/1/2056
f 3589/1/2056 3590/1/2056 3602/1/2056 3601/1/2056
f 3590/1/2056 3591/1/2056 3603/1/2056 3602/1/2056
f 3591/1/2056 3592/1/2056 3604/1/2056 3603/1/2056
f 3592/1/2056 3593/1/2056 3605/1/2056 3604/1/2056
f 3593/1/2056 3583/1/2056 3595/1/2056 3605/1/2056
f 3595/1/2038 3594/1/2038 3606/1/2038 3607/1/2038
f 3594/1/2039 3596/1/2039 3608/1/2039 3606/1/2039
f 3596/1/2040 3597/1/2040 3609/1/2040 3608/1/2040
f 3597/1/2041 3598/1/2041 3610/1/2041 3609/1/2041
f 3598/1/2042 3599/1/2042 3611/1/2042 3610/1/2042
f 3599/1/2043 3600/1/2043 3612/1/2043 3611/1/2043
f 3600/1/2032 3601/1/2032 3613/1/2032 3612/1/2032
f 3601/1/2033 3602/1/2033 3614/1/2033 3613/1/2033
f 3602/1/2034 3603/1/2034 3615/1/2034 3614/1/2034
f 3603/1/2035 3604/1/2035 3616/1/2035 3615/1/2035
f 3604/1/2036 3605/1/2036 3617/1/2036 3616/1/2036
f 3605/1/2037 3595/1/2037 3607/1/2037 3617/1/2037
f 3607/1/2056 3606/1/2056 3618/1/2056
f 3606/1/2056 3608/1/2056 3618/1/2056
f 3608/1/2056 3609/1/2056 3618/1/2056
f 3609/1/2056 3610/1/2056 3618/1/2056
f 3610/1/2056 3611/1/2056 3618/1/2056
f 3611/1/2056 3612/1/2056 3618/1/2056
f 3612/1/2056 3613/1/2056 3618/1/2056
f 3613/1/2056 3614/1/2056 3618/1/2056
f 3614/1/2056 3615/1/2056 3618/1/2056
f 3615/1/2056 3616/1/2056 3618/1/2056
f 3616/1/2056 3617/1/2056 3618/1/2056
f 3617/1/2056 3607/1/2056 3618/1/2056
usemtl gold_edge
f 3619/1/2057 3620/1/2057 3621/1/2057 3622/1/2057
f 3620/1/2058 3623/1/2058 3624/1/2058 3621/1/2058
f 3623/1/2059 3625/1/2059 3626/1/2059 3624/1/2059
f 3625/1/2060 3627/1/2060 3628/1/2060 3626/1/2060
f 3627/1/2061 3629/1/2061 3630/1/2061 3628/1/2061
f 3629/1/2062 3631/1/2062 3632/1/2062 3630/1/2062
f 3631/1/2063 3633/1/2063 3634/1/2063 3632/1/2063
f 3633/1/2064 3635/1/2064 3636/1/2064 3634/1/2064
f 3635/1/2065 3637/1/2065 3638/1/2065 3636/1/2065
f 3637/1/2066 3639/1/2066 3640/1/2066 3638/1/2066
f 3639/1/2067 3641/1/2067 3642/1/2067 3640/1/2067
f 3641/1/2068 3619/1/2068 3622/1/2068 3642/1/2068
f 3622/1/2032 3621/1/2032 3643/1/2032 3644/1/2032
f 3621/1/2033 3624/1/2033 3645/1/2033 3643/1/2033
f 3624/1/2034 3626/1/2034 3646/1/2034 3645/1/2034
f 3626/1/2035 3628/1/2035 3647/1/2035 3646/1/2035
f 3628/1/2036 3630/1/2036 3648/1/2036 3647/1/2036
f 3630/1/2037 3632/1/2037 3649/1/2037 3648/1/2037
f 3632/1/2038 3634/1/2038 3650/1/2038 3649/1/2038
f 3634/1/2039 3636/1/2039 3651/1/2039 3650/1/2039
f 3636/1/2040 3638/1/2040 3652/1/2040 3651/1/2040
f 3638/1/2041 3640/1/2041 3653/1/2041 3652/1/2041
f 3640/1/2042 3642/1/2042 3654/1/2042 3653/1/2042
f 3642/1/2043 3622/1/2043 3644/1/2043 3654/1/2043
f 3644/1/2069 3643/1/2069 3655/1/2069 3656/1/2069
f 3643/1/2070 3645/1/2070 3657/1/2070 3655/1/2070
f 3645/1/2071 3646/1/2071 3658/1/2071 3657/1/2071
f 3646/1/2072 3647/1/2072 3659/1/2072 3658/1/2072
f 3647/1/2073 3648/1/2073 3660/1/2073 3659/1/2073
f 3648/1/2074 3649/1/2074 3661/1/2074 3660/1/2074
f 3649/1/2075 3650/1/2075 3662/1/2075 3661/1/2075
f 3650/1/2076 3651/1/2076 3663/1/2076 3662/1/2076
f 3651/1/2077 3652/1/2077 3664/1/2077 3663/1/2077
f 3652/1/2078 3653/1/2078 3665/1/2078 3664/1/2078
f 3653/1/2079 3654/1/2079 3666/1/2079 3665/1/2079
f 3654/1/2080 3644/1/2080 3656/1/2080 3666/1/2080
f 3656/1/2038 3655/1/2038 3620/1/2038 3619/1/2038
f 3655/1/2039 3657/1/2039 3623/1/2039 3620/1/2039
f 3657/1/2040 3658/1/2040 3625/1/2040 3623/1/2040
f 3658/1/2041 3659/1/2041 3627/1/2041 3625/1/2041
f 3659/1/2042 3660/1/2042 3629/1/2042 3627/1/2042
f 3660/1/2043 3661/1/2043 3631/1/2043 3629/1/2043
f 3661/1/2032 3662/1/2032 3633/1/2032 3631/1/2032
f 3662/1/2033 3663/1/2033 3635/1/2033 3633/1/2033
f 3663/1/2034 3664/1/2034 3637/1/2034 3635/1/2034
f 3664/1/2035 3665/1/2035 3639/1/2035 3637/1/2035
f 3665/1/2036 3666/1/2036 3641/1/2036 3639/1/2036
f 3666/1/2037 3656/1/2037 3619/1/2037 3641/1/2037
usemtl mana_core
f 3667/1/2019 3668/1/2019 3669/1/2019
f 3667/1/2019 3670/1/2019 3668/1/2019
f 3667/1/2019 3671/1/2019 3670/1/2019
f 3667/1/2019 3672/1/2019 3671/1/2019
f 3667/1/2019 3673/1/2019 3672/1/2019
f 3667/1/2019 3674/1/2019 3673/1/2019
f 3667/1/2019 3675/1/2019 3674/1/2019
f 3667/1/2019 3676/1/2019 3675/1/2019
f 3667/1/2019 3677/1/2019 3676/1/2019
f 3667/1/2019 3678/1/2019 3677/1/2019
f 3667/1/2019 3679/1/2019 3678/1/2019
f 3667/1/2019 3669/1/2019 3679/1/2019
f 3669/1/2032 3668/1/2032 3680/1/2032 3681/1/2032
f 3668/1/2033 3670/1/2033 3682/1/2033 3680/1/2033
f 3670/1/2034 3671/1/2034 3683/1/2034 3682/1/2034
f 3671/1/2035 3672/1/2035 3684/1/2035 3683/1/2035
f 3672/1/2036 3673/1/2036 3685/1/2036 3684/1/2036
f 3673/1/2037 3674/1/2037 3686/1/2037 3685/1/2037
f 3674/1/2038 3675/1/2038 3687/1/2038 3686/1/2038
f 3675/1/2039 3676/1/2039 3688/1/2039 3687/1/2039
f 3676/1/2040 3677/1/2040 3689/1/2040 3688/1/2040
f 3677/1/2041 3678/1/2041 3690/1/2041 3689/1/2041
f 3678/1/2042 3679/1/2042 3691/1/2042 3690/1/2042
f 3679/1/2043 3669/1/2043 3681/1/2043 3691/1/2043
f 3681/1/2056 3680/1/2056 3692/1/2056
f 3680/1/2056 3682/1/2056 3692/1/2056
f 3682/1/2056 3683/1/2056 3692/1/2056
f 3683/1/2056 3684/1/2056 3692/1/2056
f 3684/1/2056 3685/1/2056 3692/1/2056
f 3685/1/2056 3686/1/2056 3692/1/2056
f 3686/1/2056 3687/1/2056 3692/1/2056
f 3687/1/2056 3688/1/2056 3692/1/2056
f 3688/1/2056 3689/1/2056 3692/1/2056
f 3689/1/2056 3690/1/2056 3692/1/2056
f 3690/1/2056 3691/1/2056 3692/1/2056
f 3691/1/2056 3681/1/2056 3692/1/2056
usemtl gold_edge
f 3693/1/2081 3694/1/2081 3695/1/2081
usemtl gold
f 3696/1/2082 3697/1/2082 3698/1/2082
usemtl gold_edge
f 3693/1/2081 3695/1/2081 3699/1/2081
usemtl gold
f 3696/1/2082 3700/1/2082 3697/1/2082
f 3696/1/13 3698/1/13 3694/1/13 3693/1/13
f 3698/1/2083 3697/1/2083 3695/1/2083 3694/1/2083
f 3697/1/502 3700/1/502 3699/1/502 3695/1/502
f 3700/1/2084 3696/1/2084 3693/1/2084 3699/1/2084
usemtl mana_light
f 3701/1/2081 3702/1/2081 3703/1/2081
usemtl gold
f 3704/1/2082 3705/1/2082 3706/1/2082
usemtl mana_light
f 3701/1/2081 3703/1/2081 3707/1/2081
usemtl gold
f 3704/1/2082 3708/1/2082 3705/1/2082
f 3704/1/13 3706/1/13 3702/1/13 3701/1/13
f 3706/1/2083 3705/1/2083 3703/1/2083 3702/1/2083
f 3705/1/502 3708/1/502 3707/1/502 3703/1/502
f 3708/1/2084 3704/1/2084 3701/1/2084 3707/1/2084
usemtl gold_edge
f 3709/1/2085 3710/1/2085 3711/1/2085
usemtl gold
f 3712/1/2086 3713/1/2086 3714/1/2086
usemtl gold_edge
f 3709/1/2087 3711/1/2087 3715/1/2087
usemtl gold
f 3712/1/2086 3716/1/2086 3713/1/2086
f 3712/1/22 3714/1/22 3710/1/22 3709/1/22
f 3714/1/2088 3713/1/2088 3711/1/2088 3710/1/2088
f 3713/1/501 3716/1/501 3715/1/501 3711/1/501
f 3716/1/2089 3712/1/2089 3709/1/2089 3715/1/2089
usemtl mana_light
f 3717/1/2085 3718/1/2085 3719/1/2085
usemtl gold
f 3720/1/2086 3721/1/2086 3722/1/2086
usemtl mana_light
f 3717/1/2087 3719/1/2087 3723/1/2087
usemtl gold
f 3720/1/2086 3724/1/2086 3721/1/2086
f 3720/1/22 3722/1/22 3718/1/22 3717/1/22
f 3722/1/2088 3721/1/2088 3719/1/2088 3718/1/2088
f 3721/1/501 3724/1/501 3723/1/501 3719/1/501
f 3724/1/2089 3720/1/2089 3717/1/2089 3723/1/2089
g shell_1
usemtl ceramic
f 3725/1/2090 3726/1/2091 3727/1/2092 3728/1/2093
f 3729/1/2094 3730/1/2095 3726/1/2091 3725/1/2090
f 3731/1/2096 3732/1/2097 3730/1/2095 3729/1/2094
f 3733/1/2098 3734/1/2099 3732/1/2097 3731/1/2096
f 3735/1/2100 3736/1/2101 3734/1/2099 3733/1/2098
f 3737/1/2102 3738/1/2103 3736/1/2101 3735/1/2100
f 3739/1/2104 3740/1/2105 3738/1/2103 3737/1/2102
f 3726/1/2091 3741/1/2106 3742/1/2107 3727/1/2092
f 3730/1/2095 3743/1/2108 3741/1/2106 3726/1/2091
f 3732/1/2097 3744/1/2109 3743/1/2108 3730/1/2095
f 3734/1/2099 3745/1/2110 3744/1/2109 3732/1/2097
f 3736/1/2101 3746/1/2111 3745/1/2110 3734/1/2099
f 3738/1/2103 3747/1/2112 3746/1/2111 3736/1/2101
f 3740/1/2105 3748/1/2113 3747/1/2112 3738/1/2103
f 3741/1/2106 3749/1/2114 3750/1/2115 3742/1/2107
f 3743/1/2108 3751/1/2116 3749/1/2114 3741/1/2106
f 3744/1/2109 3752/1/2117 3751/1/2116 3743/1/2108
f 3745/1/2110 3753/1/2118 3752/1/2117 3744/1/2109
f 3746/1/2111 3754/1/2119 3753/1/2118 3745/1/2110
f 3747/1/2112 3755/1/2120 3754/1/2119 3746/1/2111
f 3748/1/2113 3756/1/2121 3755/1/2120 3747/1/2112
f 3749/1/2114 3757/1/2122 3758/1/2123 3750/1/2115
f 3751/1/2116 3759/1/2124 3757/1/2122 3749/1/2114
f 3752/1/2117 3760/1/2125 3759/1/2124 3751/1/2116
f 3753/1/2118 3761/1/2126 3760/1/2125 3752/1/2117
f 3754/1/2119 3762/1/2127 3761/1/2126 3753/1/2118
f 3755/1/2120 3763/1/2128 3762/1/2127 3754/1/2119
f 3756/1/2121 3764/1/2129 3763/1/2128 3755/1/2120
f 3757/1/2122 3765/1/2130 3766/1/2131 3758/1/2123
f 3759/1/2124 3767/1/2132 3765/1/2130 3757/1/2122
f 3760/1/2125 3768/1/2133 3767/1/2132 3759/1/2124
f 3761/1/2126 3769/1/2134 3768/1/2133 3760/1/2125
f 3762/1/2127 3770/1/2135 3769/1/2134 3761/1/2126
f 3763/1/2128 3771/1/2136 3770/1/2135 3762/1/2127
f 3764/1/2129 3772/1/2137 3771/1/2136 3763/1/2128
f 3765/1/2130 3773/1/2138 3774/1/2139 3766/1/2131
f 3767/1/2132 3775/1/2140 3773/1/2138 3765/1/2130
f 3768/1/2133 3776/1/2141 3775/1/2140 3767/1/2132
f 3769/1/2134 3777/1/2142 3776/1/2141 3768/1/2133
f 3770/1/2135 3778/1/2143 3777/1/2142 3769/1/2134
f 3771/1/2136 3779/1/2144 3778/1/2143 3770/1/2135
f 3772/1/2137 3780/1/2145 3779/1/2144 3771/1/2136
f 3773/1/2138 3781/1/2146 3782/1/2147 3774/1/2139
f 3775/1/2140 3783/1/2148 3781/1/2146 3773/1/2138
f 3776/1/2141 3784/1/2149 3783/1/2148 3775/1/2140
f 3777/1/2142 3785/1/2150 3784/1/2149 3776/1/2141
f 3778/1/2143 3786/1/2151 3785/1/2150 3777/1/2142
f 3779/1/2144 3787/1/2152 3786/1/2151 3778/1/2143
f 3780/1/2145 3788/1/2153 3787/1/2152 3779/1/2144
f 3781/1/2146 3789/1/2154 3790/1/2155 3782/1/2147
f 3783/1/2148 3791/1/2156 3789/1/2154 3781/1/2146
f 3784/1/2149 3792/1/2157 3791/1/2156 3783/1/2148
f 3785/1/2150 3793/1/2158 3792/1/2157 3784/1/2149
f 3786/1/2151 3794/1/2159 3793/1/2158 3785/1/2150
f 3787/1/2152 3795/1/2160 3794/1/2159 3786/1/2151
f 3788/1/2153 3796/1/2161 3795/1/2160 3787/1/2152
usemtl ceramic_shadow
f 3797/1/2162 3798/1/2163 3799/1/2164 3800/1/2165
f 3800/1/2165 3799/1/2164 3801/1/2166 3802/1/2167
f 3802/1/2167 3801/1/2166 3803/1/2168 3804/1/2169
f 3804/1/2169 3803/1/2168 3805/1/2170 3806/1/2171
f 3806/1/2171 3805/1/2170 3807/1/2172 3808/1/2173
f 3808/1/2173 3807/1/2172 3809/1/2174 3810/1/2175
f 3810/1/2175 3809/1/2174 3811/1/2176 3812/1/2177
f 3798/1/2163 3813/1/2178 3814/1/2179 3799/1/2164
f 3799/1/2164 3814/1/2179 3815/1/2180 3801/1/2166
f 3801/1/2166 3815/1/2180 3816/1/2181 3803/1/2168
f 3803/1/2168 3816/1/2181 3817/1/2182 3805/1/2170
f 3805/1/2170 3817/1/2182 3818/1/2183 3807/1/2172
f 3807/1/2172 3818/1/2183 3819/1/2184 3809/1/2174
f 3809/1/2174 3819/1/2184 3820/1/2185 3811/1/2176
f 3813/1/2178 3821/1/2186 3822/1/2187 3814/1/2179
f 3814/1/2179 3822/1/2187 3823/1/2188 3815/1/2180
f 3815/1/2180 3823/1/2188 3824/1/2189 3816/1/2181
f 3816/1/2181 3824/1/2189 3825/1/2190 3817/1/2182
f 3817/1/2182 3825/1/2190 3826/1/2191 3818/1/2183
f 3818/1/2183 3826/1/2191 3827/1/2192 3819/1/2184
f 3819/1/2184 3827/1/2192 3828/1/2193 3820/1/2185
f 3821/1/2186 3829/1/2194 3830/1/2195 3822/1/2187
f 3822/1/2187 3830/1/2195 3831/1/2196 3823/1/2188
f 3823/1/2188 3831/1/2196 3832/1/2197 3824/1/2189
f 3824/1/2189 3832/1/2197 3833/1/2198 3825/1/2190
f 3825/1/2190 3833/1/2198 3834/1/2199 3826/1/2191
f 3826/1/2191 3834/1/2199 3835/1/2200 3827/1/2192
f 3827/1/2192 3835/1/2200 3836/1/2201 3828/1/2193
f 3829/1/2194 3837/1/2202 3838/1/2203 3830/1/2195
f 3830/1/2195 3838/1/2203 3839/1/2204 3831/1/2196
f 3831/1/2196 3839/1/2204 3840/1/2205 3832/1/2197
f 3832/1/2197 3840/1/2205 3841/1/2206 3833/1/2198
f 3833/1/2198 3841/1/2206 3842/1/2207 3834/1/2199
f 3834/1/2199 3842/1/2207 3843/1/2208 3835/1/2200
f 3835/1/2200 3843/1/2208 3844/1/2209 3836/1/2201
f 3837/1/2202 3845/1/2210 3846/1/2211 3838/1/2203
f 3838/1/2203 3846/1/2211 3847/1/2212 3839/1/2204
f 3839/1/2204 3847/1/2212 3848/1/2213 3840/1/2205
f 3840/1/2205 3848/1/2213 3849/1/2214 3841/1/2206
f 3841/1/2206 3849/1/2214 3850/1/2215 3842/1/2207
f 3842/1/2207 3850/1/2215 3851/1/2216 3843/1/2208
f 3843/1/2208 3851/1/2216 3852/1/2217 3844/1/2209
f 3845/1/2210 3853/1/2218 3854/1/2219 3846/1/2211
f 3846/1/2211 3854/1/2219 3855/1/2220 3847/1/2212
f 3847/1/2212 3855/1/2220 3856/1/2221 3848/1/2213
f 3848/1/2213 3856/1/2221 3857/1/2222 3849/1/2214
f 3849/1/2214 3857/1/2222 3858/1/2223 3850/1/2215
f 3850/1/2215 3858/1/2223 3859/1/2224 3851/1/2216
f 3851/1/2216 3859/1/2224 3860/1/2225 3852/1/2217
f 3853/1/2218 3861/1/2226 3862/1/2227 3854/1/2219
f 3854/1/2219 3862/1/2227 3863/1/2228 3855/1/2220
f 3855/1/2220 3863/1/2228 3864/1/2229 3856/1/2221
f 3856/1/2221 3864/1/2229 3865/1/2230 3857/1/2222
f 3857/1/2222 3865/1/2230 3866/1/2231 3858/1/2223
f 3858/1/2223 3866/1/2231 3867/1/2232 3859/1/2224
f 3859/1/2224 3867/1/2232 3868/1/2233 3860/1/2225
usemtl gold_edge
f 3797/1/2234 3800/1/2234 3725/1/2234 3728/1/2234
f 3800/1/2235 3802/1/2235 3729/1/2235 3725/1/2235
f 3802/1/2236 3804/1/2236 3731/1/2236 3729/1/2236
f 3804/1/2237 3806/1/2237 3733/1/2237 3731/1/2237
f 3806/1/2238 3808/1/2238 3735/1/2238 3733/1/2238
f 3808/1/2239 3810/1/2239 3737/1/2239 3735/1/2239
f 3810/1/2240 3812/1/2240 3739/1/2240 3737/1/2240
f 3812/1/2241 3811/1/2241 3740/1/2241 3739/1/2241
f 3811/1/2242 3820/1/2242 3748/1/2242 3740/1/2242
f 3820/1/2243 3828/1/2243 3756/1/2243 3748/1/2243
f 3828/1/2244 3836/1/2244 3764/1/2244 3756/1/2244
f 3836/1/2245 3844/1/2245 3772/1/2245 3764/1/2245
f 3844/1/2246 3852/1/2246 3780/1/2246 3772/1/2246
f 3852/1/2247 3860/1/2247 3788/1/2247 3780/1/2247
f 3860/1/2248 3868/1/2248 3796/1/2248 3788/1/2248
f 3868/1/2249 3867/1/2249 3795/1/2249 3796/1/2249
f 3867/1/2250 3866/1/2250 3794/1/2250 3795/1/2250
f 3866/1/2251 3865/1/2251 3793/1/2251 3794/1/2251
f 3865/1/2252 3864/1/2252 3792/1/2252 3793/1/2252
f 3864/1/2253 3863/1/2253 3791/1/2253 3792/1/2253
f 3863/1/2254 3862/1/2254 3789/1/2254 3791/1/2254
f 3862/1/2255 3861/1/2255 3790/1/2255 3789/1/2255
f 3861/1/2256 3853/1/2256 3782/1/2256 3790/1/2256
f 3853/1/2257 3845/1/2257 3774/1/2257 3782/1/2257
f 3845/1/2258 3837/1/2258 3766/1/2258 3774/1/2258
f 3837/1/2259 3829/1/2259 3758/1/2259 3766/1/2259
f 3829/1/2260 3821/1/2260 3750/1/2260 3758/1/2260
f 3821/1/2261 3813/1/2261 3742/1/2261 3750/1/2261
f 3813/1/2262 3798/1/2262 3727/1/2262 3742/1/2262
f 3798/1/2263 3797/1/2263 3728/1/2263 3727/1/2263
usemtl gold
f 3869/1/2264 3870/1/2264 3871/1/2264
usemtl gold_edge
f 3872/1/2265 3873/1/2265 3874/1/2265
usemtl gold
f 3869/1/2264 3871/1/2264 3875/1/2264
usemtl gold_edge
f 3872/1/2265 3876/1/2265 3873/1/2265
f 3872/1/2266 3874/1/2266 3870/1/2266 3869/1/2266
f 3874/1/2267 3873/1/2267 3871/1/2267 3870/1/2267
f 3873/1/2268 3876/1/2268 3875/1/2268 3871/1/2268
f 3876/1/1285 3872/1/1285 3869/1/1285 3875/1/1285
usemtl navy
f 3877/1/2264 3878/1/2264 3879/1/2264
usemtl gold_edge
f 3880/1/2265 3881/1/2265 3882/1/2265
usemtl navy
f 3877/1/2264 3879/1/2264 3883/1/2264
usemtl gold_edge
f 3880/1/2265 3884/1/2265 3881/1/2265
f 3880/1/2266 3882/1/2266 3878/1/2266 3877/1/2266
f 3882/1/2267 3881/1/2267 3879/1/2267 3878/1/2267
f 3881/1/2268 3884/1/2268 3883/1/2268 3879/1/2268
f 3884/1/2269 3880/1/2269 3877/1/2269 3883/1/2269
usemtl gold
f 3885/1/2264 3886/1/2264 3887/1/2264
usemtl gold_edge
f 3888/1/2265 3889/1/2265 3890/1/2265
usemtl gold
f 3891/1/2264 3885/1/2264 3887/1/2264
usemtl gold_edge
f 3889/1/2265 3892/1/2265 3890/1/2265
usemtl gold
f 3893/1/2264 3891/1/2264 3887/1/2264
usemtl gold_edge
f 3892/1/2265 3894/1/2265 3890/1/2265
usemtl gold
f 3895/1/2264 3893/1/2264 3887/1/2264
usemtl gold_edge
f 3894/1/2265 3896/1/2265 3890/1/2265
usemtl gold
f 3897/1/2264 3895/1/2264 3887/1/2264
usemtl gold_edge
f 3896/1/2265 3898/1/2265 3890/1/2265
usemtl gold
f 3899/1/2264 3897/1/2264 3887/1/2264
usemtl gold_edge
f 3898/1/2265 3900/1/2265 3890/1/2265
usemtl gold
f 3901/1/2264 3899/1/2264 3887/1/2264
usemtl gold_edge
f 3900/1/2265 3902/1/2265 3890/1/2265
f 3887/1/2270 3886/1/2270 3888/1/2270 3890/1/2270
f 3886/1/2271 3885/1/2271 3889/1/2271 3888/1/2271
f 3885/1/2272 3891/1/2272 3892/1/2272 3889/1/2272
f 3891/1/2273 3893/1/2273 3894/1/2273 3892/1/2273
f 3893/1/2274 3895/1/2274 3896/1/2274 3894/1/2274
f 3895/1/2275 3897/1/2275 3898/1/2275 3896/1/2275
f 3897/1/2276 3899/1/2276 3900/1/2276 3898/1/2276
f 3899/1/2266 3901/1/2266 3902/1/2266 3900/1/2266
f 3901/1/2277 3887/1/2277 3890/1/2277 3902/1/2277
usemtl mana_light
f 3903/1/2264 3904/1/2264 3905/1/2264
usemtl gold_edge
f 3906/1/2265 3907/1/2265 3908/1/2265
usemtl mana_light
f 3903/1/2264 3905/1/2264 3909/1/2264
usemtl gold_edge
f 3906/1/2265 3910/1/2265 3907/1/2265
f 3906/1/2278 3908/1/2278 3904/1/2278 3903/1/2278
f 3908/1/2279 3907/1/2279 3905/1/2279 3904/1/2279
f 3907/1/2280 3910/1/2280 3909/1/2280 3905/1/2280
f 3910/1/2281 3906/1/2281 3903/1/2281 3909/1/2281
usemtl gold
f 3911/1/2282 3912/1/2282 3913/1/2282
f 3911/1/2282 3914/1/2282 3912/1/2282
f 3911/1/2282 3915/1/2282 3914/1/2282
f 3911/1/2282 3916/1/2282 3915/1/2282
f 3911/1/2282 3917/1/2282 3916/1/2282
f 3911/1/2282 3918/1/2282 3917/1/2282
f 3911/1/2282 3919/1/2282 3918/1/2282
f 3911/1/2282 3920/1/2282 3919/1/2282
f 3911/1/2282 3921/1/2282 3920/1/2282
f 3911/1/2282 3922/1/2282 3921/1/2282
f 3911/1/2282 3923/1/2282 3922/1/2282
f 3911/1/2282 3913/1/2282 3923/1/2282
f 3913/1/2283 3912/1/2283 3924/1/2283 3925/1/2283
f 3912/1/2284 3914/1/2284 3926/1/2284 3924/1/2284
f 3914/1/2285 3915/1/2285 3927/1/2285 3926/1/2285
f 3915/1/2286 3916/1/2286 3928/1/2286 3927/1/2286
f 3916/1/2287 3917/1/2287 3929/1/2287 3928/1/2287
f 3917/1/2288 3918/1/2288 3930/1/2288 3929/1/2288
f 3918/1/2289 3919/1/2289 3931/1/2289 3930/1/2289
f 3919/1/2290 3920/1/2290 3932/1/2290 3931/1/2290
f 3920/1/2291 3921/1/2291 3933/1/2291 3932/1/2291
f 3921/1/2292 3922/1/2292 3934/1/2292 3933/1/2292
f 3922/1/2293 3923/1/2293 3935/1/2293 3934/1/2293
f 3923/1/2294 3913/1/2294 3925/1/2294 3935/1/2294
f 3925/1/2295 3924/1/2295 3936/1/2295 3937/1/2295
f 3924/1/2296 3926/1/2296 3938/1/2296 3936/1/2296
f 3926/1/2297 3927/1/2297 3939/1/2297 3938/1/2297
f 3927/1/2298 3928/1/2298 3940/1/2298 3939/1/2298
f 3928/1/2299 3929/1/2299 3941/1/2299 3940/1/2299
f 3929/1/2300 3930/1/2300 3942/1/2300 3941/1/2300
f 3930/1/2301 3931/1/2301 3943/1/2301 3942/1/2301
f 3931/1/2302 3932/1/2302 3944/1/2302 3943/1/2302
f 3932/1/2303 3933/1/2303 3945/1/2303 3944/1/2303
f 3933/1/2304 3934/1/2304 3946/1/2304 3945/1/2304
f 3934/1/2305 3935/1/2305 3947/1/2305 3946/1/2305
f 3935/1/2306 3925/1/2306 3937/1/2306 3947/1/2306
f 3937/1/2307 3936/1/2307 3948/1/2307 3949/1/2307
f 3936/1/2308 3938/1/2308 3950/1/2308 3948/1/2308
f 3938/1/2309 3939/1/2309 3951/1/2309 3950/1/2309
f 3939/1/2310 3940/1/2310 3952/1/2310 3951/1/2310
f 3940/1/2311 3941/1/2311 3953/1/2311 3952/1/2311
f 3941/1/2312 3942/1/2312 3954/1/2312 3953/1/2312
f 3942/1/2313 3943/1/2313 3955/1/2313 3954/1/2313
f 3943/1/2314 3944/1/2314 3956/1/2314 3955/1/2314
f 3944/1/2315 3945/1/2315 3957/1/2315 3956/1/2315
f 3945/1/2316 3946/1/2316 3958/1/2316 3957/1/2316
f 3946/1/2317 3947/1/2317 3959/1/2317 3958/1/2317
f 3947/1/2318 3937/1/2318 3949/1/2318 3959/1/2318
f 3949/1/2319 3948/1/2319 3960/1/2319 3961/1/2319
f 3948/1/2319 3950/1/2319 3962/1/2319 3960/1/2319
f 3950/1/2319 3951/1/2319 3963/1/2319 3962/1/2319
f 3951/1/2319 3952/1/2319 3964/1/2319 3963/1/2319
f 3952/1/2319 3953/1/2319 3965/1/2319 3964/1/2319
f 3953/1/2319 3954/1/2319 3966/1/2319 3965/1/2319
f 3954/1/2319 3955/1/2319 3967/1/2319 3966/1/2319
f 3955/1/2319 3956/1/2319 3968/1/2319 3967/1/2319
f 3956/1/2319 3957/1/2319 3969/1/2319 3968/1/2319
f 3957/1/2319 3958/1/2319 3970/1/2319 3969/1/2319
f 3958/1/2319 3959/1/2319 3971/1/2319 3970/1/2319
f 3959/1/2319 3949/1/2319 3961/1/2319 3971/1/2319
f 3961/1/2301 3960/1/2301 3972/1/2301 3973/1/2301
f 3960/1/2302 3962/1/2302 3974/1/2302 3972/1/2302
f 3962/1/2303 3963/1/2303 3975/1/2303 3974/1/2303
f 3963/1/2304 3964/1/2304 3976/1/2304 3975/1/2304
f 3964/1/2305 3965/1/2305 3977/1/2305 3976/1/2305
f 3965/1/2306 3966/1/2306 3978/1/2306 3977/1/2306
f 3966/1/2295 3967/1/2295 3979/1/2295 3978/1/2295
f 3967/1/2296 3968/1/2296 3980/1/2296 3979/1/2296
f 3968/1/2297 3969/1/2297 3981/1/2297 3980/1/2297
f 3969/1/2298 3970/1/2298 3982/1/2298 3981/1/2298
f 3970/1/2299 3971/1/2299 3983/1/2299 3982/1/2299
f 3971/1/2300 3961/1/2300 3973/1/2300 3983/1/2300
f 3973/1/2319 3972/1/2319 3984/1/2319
f 3972/1/2319 3974/1/2319 3984/1/2319
f 3974/1/2319 3975/1/2319 3984/1/2319
f 3975/1/2319 3976/1/2319 3984/1/2319
f 3976/1/2319 3977/1/2319 3984/1/2319
f 3977/1/2319 3978/1/2319 3984/1/2319
f 3978/1/2319 3979/1/2319 3984/1/2319
f 3979/1/2319 3980/1/2319 3984/1/2319
f 3980/1/2319 3981/1/2319 3984/1/2319
f 3981/1/2319 3982/1/2319 3984/1/2319
f 3982/1/2319 3983/1/2319 3984/1/2319
f 3983/1/2319 3973/1/2319 3984/1/2319
usemtl gold_edge
f 3985/1/2320 3986/1/2320 3987/1/2320 3988/1/2320
f 3986/1/2321 3989/1/2321 3990/1/2321 3987/1/2321
f 3989/1/2322 3991/1/2322 3992/1/2322 3990/1/2322
f 3991/1/2323 3993/1/2323 3994/1/2323 3992/1/2323
f 3993/1/2324 3995/1/2324 3996/1/2324 3994/1/2324
f 3995/1/2325 3997/1/2325 3998/1/2325 3996/1/2325
f 3997/1/2326 3999/1/2326 4000/1/2326 3998/1/2326
f 3999/1/2327 4001/1/2327 4002/1/2327 4000/1/2327
f 4001/1/2328 4003/1/2328 4004/1/2328 4002/1/2328
f 4003/1/2329 4005/1/2329 4006/1/2329 4004/1/2329
f 4005/1/2330 4007/1/2330 4008/1/2330 4006/1/2330
f 4007/1/2331 3985/1/2331 3988/1/2331 4008/1/2331
f 3988/1/2295 3987/1/2295 4009/1/2295 4010/1/2295
f 3987/1/2296 3990/1/2296 4011/1/2296 4009/1/2296
f 3990/1/2297 3992/1/2297 4012/1/2297 4011/1/2297
f 3992/1/2298 3994/1/2298 4013/1/2298 4012/1/2298
f 3994/1/2299 3996/1/2299 4014/1/2299 4013/1/2299
f 3996/1/2300 3998/1/2300 4015/1/2300 4014/1/2300
f 3998/1/2301 4000/1/2301 4016/1/2301 4015/1/2301
f 4000/1/2302 4002/1/2302 4017/1/2302 4016/1/2302
f 4002/1/2303 4004/1/2303 4018/1/2303 4017/1/2303
f 4004/1/2304 4006/1/2304 4019/1/2304 4018/1/2304
f 4006/1/2305 4008/1/2305 4020/1/2305 4019/1/2305
f 4008/1/2306 3988/1/2306 4010/1/2306 4020/1/2306
f 4010/1/2332 4009/1/2332 4021/1/2332 4022/1/2332
f 4009/1/2333 4011/1/2333 4023/1/2333 4021/1/2333
f 4011/1/2334 4012/1/2334 4024/1/2334 4023/1/2334
f 4012/1/2335 4013/1/2335 4025/1/2335 4024/1/2335
f 4013/1/2336 4014/1/2336 4026/1/2336 4025/1/2336
f 4014/1/2337 4015/1/2337 4027/1/2337 4026/1/2337
f 4015/1/2338 4016/1/2338 4028/1/2338 4027/1/2338
f 4016/1/2339 4017/1/2339 4029/1/2339 4028/1/2339
f 4017/1/2340 4018/1/2340 4030/1/2340 4029/1/2340
f 4018/1/2341 4019/1/2341 4031/1/2341 4030/1/2341
f 4019/1/2342 4020/1/2342 4032/1/2342 4031/1/2342
f 4020/1/2343 4010/1/2343 4022/1/2343 4032/1/2343
f 4022/1/2301 4021/1/2301 3986/1/2301 3985/1/2301
f 4021/1/2302 4023/1/2302 3989/1/2302 3986/1/2302
f 4023/1/2303 4024/1/2303 3991/1/2303 3989/1/2303
f 4024/1/2304 4025/1/2304 3993/1/2304 3991/1/2304
f 4025/1/2305 4026/1/2305 3995/1/2305 3993/1/2305
f 4026/1/2306 4027/1/2306 3997/1/2306 3995/1/2306
f 4027/1/2295 4028/1/2295 3999/1/2295 3997/1/2295
f 4028/1/2296 4029/1/2296 4001/1/2296 3999/1/2296
f 4029/1/2297 4030/1/2297 4003/1/2297 4001/1/2297
f 4030/1/2298 4031/1/2298 4005/1/2298 4003/1/2298
f 4031/1/2299 4032/1/2299 4007/1/2299 4005/1/2299
f 4032/1/2300 4022/1/2300 3985/1/2300 4007/1/2300
usemtl mana_core
f 4033/1/2282 4034/1/2282 4035/1/2282
f 4033/1/2282 4036/1/2282 4034/1/2282
f 4033/1/2282 4037/1/2282 4036/1/2282
f 4033/1/2282 4038/1/2282 4037/1/2282
f 4033/1/2282 4039/1/2282 4038/1/2282
f 4033/1/2282 4040/1/2282 4039/1/2282
f 4033/1/2282 4041/1/2282 4040/1/2282
f 4033/1/2282 4042/1/2282 4041/1/2282
f 4033/1/2282 4043/1/2282 4042/1/2282
f 4033/1/2282 4044/1/2282 4043/1/2282
f 4033/1/2282 4045/1/2282 4044/1/2282
f 4033/1/2282 4035/1/2282 4045/1/2282
f 4035/1/2295 4034/1/2295 4046/1/2295 4047/1/2295
f 4034/1/2296 4036/1/2296 4048/1/2296 4046/1/2296
f 4036/1/2297 4037/1/2297 4049/1/2297 4048/1/2297
f 4037/1/2298 4038/1/2298 4050/1/2298 4049/1/2298
f 4038/1/2299 4039/1/2299 4051/1/2299 4050/1/2299
f 4039/1/2300 4040/1/2300 4052/1/2300 4051/1/2300
f 4040/1/2301 4041/1/2301 4053/1/2301 4052/1/2301
f 4041/1/2302 4042/1/2302 4054/1/2302 4053/1/2302
f 4042/1/2303 4043/1/2303 4055/1/2303 4054/1/2303
f 4043/1/2304 4044/1/2304 4056/1/2304 4055/1/2304
f 4044/1/2305 4045/1/2305 4057/1/2305 4056/1/2305
f 4045/1/2306 4035/1/2306 4047/1/2306 4057/1/2306
f 4047/1/2319 4046/1/2319 4058/1/2319
f 4046/1/2319 4048/1/2319 4058/1/2319
f 4048/1/2319 4049/1/2319 4058/1/2319
f 4049/1/2319 4050/1/2319 4058/1/2319
f 4050/1/2319 4051/1/2319 4058/1/2319
f 4051/1/2319 4052/1/2319 4058/1/2319
f 4052/1/2319 4053/1/2319 4058/1/2319
f 4053/1/2319 4054/1/2319 4058/1/2319
f 4054/1/2319 4055/1/2319 4058/1/2319
f 4055/1/2319 4056/1/2319 4058/1/2319
f 4056/1/2319 4057/1/2319 4058/1/2319
f 4057/1/2319 4047/1/2319 4058/1/2319
usemtl gold
f 4059/1/2344 4060/1/2344 4061/1/2344
f 4059/1/2344 4062/1/2344 4060/1/2344
f 4059/1/2344 4063/1/2344 4062/1/2344
f 4059/1/2344 4064/1/2344 4063/1/2344
f 4059/1/2344 4065/1/2344 4064/1/2344
f 4059/1/2344 4066/1/2344 4065/1/2344
f 4059/1/2344 4067/1/2344 4066/1/2344
f 4059/1/2344 4068/1/2344 4067/1/2344
f 4059/1/2344 4069/1/2344 4068/1/2344
f 4059/1/2344 4070/1/2344 4069/1/2344
f 4059/1/2344 4071/1/2344 4070/1/2344
f 4059/1/2344 4061/1/2344 4071/1/2344
f 4061/1/2345 4060/1/2345 4072/1/2345 4073/1/2345
f 4060/1/2346 4062/1/2346 4074/1/2346 4072/1/2346
f 4062/1/2347 4063/1/2347 4075/1/2347 4074/1/2347
f 4063/1/2348 4064/1/2348 4076/1/2348 4075/1/2348
f 4064/1/2349 4065/1/2349 4077/1/2349 4076/1/2349
f 4065/1/2350 4066/1/2350 4078/1/2350 4077/1/2350
f 4066/1/2351 4067/1/2351 4079/1/2351 4078/1/2351
f 4067/1/2352 4068/1/2352 4080/1/2352 4079/1/2352
f 4068/1/2353 4069/1/2353 4081/1/2353 4080/1/2353
f 4069/1/2354 4070/1/2354 4082/1/2354 4081/1/2354
f 4070/1/2355 4071/1/2355 4083/1/2355 4082/1/2355
f 4071/1/2356 4061/1/2356 4073/1/2356 4083/1/2356
f 4073/1/2357 4072/1/2357 4084/1/2357 4085/1/2357
f 4072/1/2358 4074/1/2358 4086/1/2358 4084/1/2358
f 4074/1/2359 4075/1/2359 4087/1/2359 4086/1/2359
f 4075/1/2360 4076/1/2360 4088/1/2360 4087/1/2360
f 4076/1/2361 4077/1/2361 4089/1/2361 4088/1/2361
f 4077/1/2362 4078/1/2362 4090/1/2362 4089/1/2362
f 4078/1/2363 4079/1/2363 4091/1/2363 4090/1/2363
f 4079/1/2364 4080/1/2364 4092/1/2364 4091/1/2364
f 4080/1/2365 4081/1/2365 4093/1/2365 4092/1/2365
f 4081/1/2366 4082/1/2366 4094/1/2366 4093/1/2366
f 4082/1/2367 4083/1/2367 4095/1/2367 4094/1/2367
f 4083/1/2368 4073/1/2368 4085/1/2368 4095/1/2368
f 4085/1/2369 4084/1/2369 4096/1/2369 4097/1/2369
f 4084/1/2370 4086/1/2370 4098/1/2370 4096/1/2370
f 4086/1/2371 4087/1/2371 4099/1/2371 4098/1/2371
f 4087/1/2372 4088/1/2372 4100/1/2372 4099/1/2372
f 4088/1/2373 4089/1/2373 4101/1/2373 4100/1/2373
f 4089/1/2374 4090/1/2374 4102/1/2374 4101/1/2374
f 4090/1/2375 4091/1/2375 4103/1/2375 4102/1/2375
f 4091/1/2376 4092/1/2376 4104/1/2376 4103/1/2376
f 4092/1/2377 4093/1/2377 4105/1/2377 4104/1/2377
f 4093/1/2378 4094/1/2378 4106/1/2378 4105/1/2378
f 4094/1/2379 4095/1/2379 4107/1/2379 4106/1/2379
f 4095/1/2380 4085/1/2380 4097/1/2380 4107/1/2380
f 4097/1/2381 4096/1/2381 4108/1/2381 4109/1/2381
f 4096/1/2381 4098/1/2381 4110/1/2381 4108/1/2381
f 4098/1/2381 4099/1/2381 4111/1/2381 4110/1/2381
f 4099/1/2381 4100/1/2381 4112/1/2381 4111/1/2381
f 4100/1/2381 4101/1/2381 4113/1/2381 4112/1/2381
f 4101/1/2381 4102/1/2381 4114/1/2381 4113/1/2381
f 4102/1/2381 4103/1/2381 4115/1/2381 4114/1/2381
f 4103/1/2381 4104/1/2381 4116/1/2381 4115/1/2381
f 4104/1/2381 4105/1/2381 4117/1/2381 4116/1/2381
f 4105/1/2381 4106/1/2381 4118/1/2381 4117/1/2381
f 4106/1/2381 4107/1/2381 4119/1/2381 4118/1/2381
f 4107/1/2381 4097/1/2381 4109/1/2381 4119/1/2381
f 4109/1/2363 4108/1/2363 4120/1/2363 4121/1/2363
f 4108/1/2364 4110/1/2364 4122/1/2364 4120/1/2364
f 4110/1/2365 4111/1/2365 4123/1/2365 4122/1/2365
f 4111/1/2366 4112/1/2366 4124/1/2366 4123/1/2366
f 4112/1/2367 4113/1/2367 4125/1/2367 4124/1/2367
f 4113/1/2368 4114/1/2368 4126/1/2368 4125/1/2368
f 4114/1/2357 4115/1/2357 4127/1/2357 4126/1/2357
f 4115/1/2358 4116/1/2358 4128/1/2358 4127/1/2358
f 4116/1/2359 4117/1/2359 4129/1/2359 4128/1/2359
f 4117/1/2360 4118/1/2360 4130/1/2360 4129/1/2360
f 4118/1/2361 4119/1/2361 4131/1/2361 4130/1/2361
f 4119/1/2362 4109/1/2362 4121/1/2362 4131/1/2362
f 4121/1/2381 4120/1/2381 4132/1/2381
f 4120/1/2381 4122/1/2381 4132/1/2381
f 4122/1/2381 4123/1/2381 4132/1/2381
f 4123/1/2381 4124/1/2381 4132/1/2381
f 4124/1/2381 4125/1/2381 4132/1/2381
f 4125/1/2381 4126/1/2381 4132/1/2381
f 4126/1/2381 4127/1/2381 4132/1/2381
f 4127/1/2381 4128/1/2381 4132/1/2381
f 4128/1/2381 4129/1/2381 4132/1/2381
f 4129/1/2381 4130/1/2381 4132/1/2381
f 4130/1/2381 4131/1/2381 4132/1/2381
f 4131/1/2381 4121/1/2381 4132/1/2381
usemtl gold_edge
f 4133/1/2382 4134/1/2382 4135/1/2382 4136/1/2382
f 4134/1/2383 4137/1/2383 4138/1/2383 4135/1/2383
f 4137/1/2384 4139/1/2384 4140/1/2384 4138/1/2384
f 4139/1/2385 4141/1/2385 4142/1/2385 4140/1/2385
f 4141/1/2386 4143/1/2386 4144/1/2386 4142/1/2386
f 4143/1/2387 4145/1/2387 4146/1/2387 4144/1/2387
f 4145/1/2388 4147/1/2388 4148/1/2388 4146/1/2388
f 4147/1/2389 4149/1/2389 4150/1/2389 4148/1/2389
f 4149/1/2390 4151/1/2390 4152/1/2390 4150/1/2390
f 4151/1/2391 4153/1/2391 4154/1/2391 4152/1/2391
f 4153/1/2392 4155/1/2392 4156/1/2392 4154/1/2392
f 4155/1/2393 4133/1/2393 4136/1/2393 4156/1/2393
f 4136/1/2357 4135/1/2357 4157/1/2357 4158/1/2357
f 4135/1/2358 4138/1/2358 4159/1/2358 4157/1/2358
f 4138/1/2359 4140/1/2359 4160/1/2359 4159/1/2359
f 4140/1/2360 4142/1/2360 4161/1/2360 4160/1/2360
f 4142/1/2361 4144/1/2361 4162/1/2361 4161/1/2361
f 4144/1/2362 4146/1/2362 4163/1/2362 4162/1/2362
f 4146/1/2363 4148/1/2363 4164/1/2363 4163/1/2363
f 4148/1/2364 4150/1/2364 4165/1/2364 4164/1/2364
f 4150/1/2365 4152/1/2365 4166/1/2365 4165/1/2365
f 4152/1/2366 4154/1/2366 4167/1/2366 4166/1/2366
f 4154/1/2367 4156/1/2367 4168/1/2367 4167/1/2367
f 4156/1/2368 4136/1/2368 4158/1/2368 4168/1/2368
f 4158/1/2394 4157/1/2394 4169/1/2394 4170/1/2394
f 4157/1/2395 4159/1/2395 4171/1/2395 4169/1/2395
f 4159/1/2396 4160/1/2396 4172/1/2396 4171/1/2396
f 4160/1/2397 4161/1/2397 4173/1/2397 4172/1/2397
f 4161/1/2398 4162/1/2398 4174/1/2398 4173/1/2398
f 4162/1/2399 4163/1/2399 4175/1/2399 4174/1/2399
f 4163/1/2400 4164/1/2400 4176/1/2400 4175/1/2400
f 4164/1/2401 4165/1/2401 4177/1/2401 4176/1/2401
f 4165/1/2402 4166/1/2402 4178/1/2402 4177/1/2402
f 4166/1/2403 4167/1/2403 4179/1/2403 4178/1/2403
f 4167/1/2404 4168/1/2404 4180/1/2404 4179/1/2404
f 4168/1/2405 4158/1/2405 4170/1/2405 4180/1/2405
f 4170/1/2363 4169/1/2363 4134/1/2363 4133/1/2363
f 4169/1/2364 4171/1/2364 4137/1/2364 4134/1/2364
f 4171/1/2365 4172/1/2365 4139/1/2365 4137/1/2365
f 4172/1/2366 4173/1/2366 4141/1/2366 4139/1/2366
f 4173/1/2367 4174/1/2367 4143/1/2367 4141/1/2367
f 4174/1/2368 4175/1/2368 4145/1/2368 4143/1/2368
f 4175/1/2357 4176/1/2357 4147/1/2357 4145/1/2357
f 4176/1/2358 4177/1/2358 4149/1/2358 4147/1/2358
f 4177/1/2359 4178/1/2359 4151/1/2359 4149/1/2359
f 4178/1/2360 4179/1/2360 4153/1/2360 4151/1/2360
f 4179/1/2361 4180/1/2361 4155/1/2361 4153/1/2361
f 4180/1/2362 4170/1/2362 4133/1/2362 4155/1/2362
usemtl mana_core
f 4181/1/2344 4182/1/2344 4183/1/2344
f 4181/1/2344 4184/1/2344 4182/1/2344
f 4181/1/2344 4185/1/2344 4184/1/2344
f 4181/1/2344 4186/1/2344 4185/1/2344
f 4181/1/2344 4187/1/2344 4186/1/2344
f 4181/1/2344 4188/1/2344 4187/1/2344
f 4181/1/2344 4189/1/2344 4188/1/2344
f 4181/1/2344 4190/1/2344 4189/1/2344
f 4181/1/2344 4191/1/2344 4190/1/2344
f 4181/1/2344 4192/1/2344 4191/1/2344
f 4181/1/2344 4193/1/2344 4192/1/2344
f 4181/1/2344 4183/1/2344 4193/1/2344
f 4183/1/2357 4182/1/2357 4194/1/2357 4195/1/2357
f 4182/1/2358 4184/1/2358 4196/1/2358 4194/1/2358
f 4184/1/2359 4185/1/2359 4197/1/2359 4196/1/2359
f 4185/1/2360 4186/1/2360 4198/1/2360 4197/1/2360
f 4186/1/2361 4187/1/2361 4199/1/2361 4198/1/2361
f 4187/1/2362 4188/1/2362 4200/1/2362 4199/1/2362
f 4188/1/2363 4189/1/2363 4201/1/2363 4200/1/2363
f 4189/1/2364 4190/1/2364 4202/1/2364 4201/1/2364
f 4190/1/2365 4191/1/2365 4203/1/2365 4202/1/2365
f 4191/1/2366 4192/1/2366 4204/1/2366 4203/1/2366
f 4192/1/2367 4193/1/2367 4205/1/2367 4204/1/2367
f 4193/1/2368 4183/1/2368 4195/1/2368 4205/1/2368
f 4195/1/2381 4194/1/2381 4206/1/2381
f 4194/1/2381 4196/1/2381 4206/1/2381
f 4196/1/2381 4197/1/2381 4206/1/2381
f 4197/1/2381 4198/1/2381 4206/1/2381
f 4198/1/2381 4199/1/2381 4206/1/2381
f 4199/1/2381 4200/1/2381 4206/1/2381
f 4200/1/2381 4201/1/2381 4206/1/2381
f 4201/1/2381 4202/1/2381 4206/1/2381
f 4202/1/2381 4203/1/2381 4206/1/2381
f 4203/1/2381 4204/1/2381 4206/1/2381
f 4204/1/2381 4205/1/2381 4206/1/2381
f 4205/1/2381 4195/1/2381 4206/1/2381
usemtl gold_edge
f 4207/1/2406 4208/1/2406 4209/1/2406
usemtl gold
f 4210/1/2407 4211/1/2407 4212/1/2407
usemtl gold_edge
f 4207/1/2408 4209/1/2408 4213/1/2408
usemtl gold
f 4210/1/2407 4214/1/2407 4211/1/2407
f 4210/1/22 4212/1/22 4208/1/22 4207/1/22
f 4212/1/2409 4211/1/2409 4209/1/2409 4208/1/2409
f 4211/1/501 4214/1/501 4213/1/501 4209/1/501
f 4214/1/2410 4210/1/2410 4207/1/2410 4213/1/2410
usemtl mana_light
f 4215/1/2406 4216/1/2406 4217/1/2406
usemtl gold
f 4218/1/2407 4219/1/2407 4220/1/2407
usemtl mana_light
f 4215/1/2408 4217/1/2408 4221/1/2408
usemtl gold
f 4218/1/2407 4222/1/2407 4219/1/2407
f 4218/1/22 4220/1/22 4216/1/22 4215/1/22
f 4220/1/2409 4219/1/2409 4217/1/2409 4216/1/2409
f 4219/1/502 4222/1/502 4221/1/502 4217/1/502
f 4222/1/2410 4218/1/2410 4215/1/2410 4221/1/2410
usemtl gold_edge
f 4223/1/2411 4224/1/2411 4225/1/2411
usemtl gold
f 4226/1/2412 4227/1/2412 4228/1/2412
usemtl gold_edge
f 4223/1/2413 4225/1/2413 4229/1/2413
usemtl gold
f 4226/1/2412 4230/1/2412 4227/1/2412
f 4226/1/22 4228/1/22 4224/1/22 4223/1/22
f 4228/1/2414 4227/1/2414 4225/1/2414 4224/1/2414
f 4227/1/502 4230/1/502 4229/1/502 4225/1/502
f 4230/1/2415 4226/1/2415 4223/1/2415 4229/1/2415
usemtl mana_light
f 4231/1/2411 4232/1/2411 4233/1/2411
usemtl gold
f 4234/1/2412 4235/1/2412 4236/1/2412
usemtl mana_light
f 4231/1/2413 4233/1/2413 4237/1/2413
usemtl gold
f 4234/1/2412 4238/1/2412 4235/1/2412
f 4234/1/22 4236/1/22 4232/1/22 4231/1/22
f 4236/1/2414 4235/1/2414 4233/1/2414 4232/1/2414
f 4235/1/502 4238/1/502 4237/1/502 4233/1/502
f 4238/1/2415 4234/1/2415 4231/1/2415 4237/1/2415
g shell_2
usemtl ceramic
f 4239/1/2416 4240/1/2417 4241/1/2418 4242/1/2419
f 4243/1/2420 4244/1/2421 4240/1/2417 4239/1/2416
f 4245/1/2422 4246/1/2423 4244/1/2421 4243/1/2420
f 4247/1/2424 4248/1/2425 4246/1/2423 4245/1/2422
f 4249/1/2426 4250/1/2427 4248/1/2425 4247/1/2424
f 4251/1/2428 4252/1/2429 4250/1/2427 4249/1/2426
f 4253/1/2430 4254/1/2431 4252/1/2429 4251/1/2428
f 4240/1/2417 4255/1/2432 4256/1/2433 4241/1/2418
f 4244/1/2421 4257/1/2434 4255/1/2432 4240/1/2417
f 4246/1/2423 4258/1/2435 4257/1/2434 4244/1/2421
f 4248/1/2425 4259/1/2436 4258/1/2435 4246/1/2423
f 4250/1/2427 4260/1/2437 4259/1/2436 4248/1/2425
f 4252/1/2429 4261/1/2438 4260/1/2437 4250/1/2427
f 4254/1/2431 4262/1/2439 4261/1/2438 4252/1/2429
f 4255/1/2432 4263/1/2440 4264/1/2441 4256/1/2433
f 4257/1/2434 4265/1/2442 4263/1/2440 4255/1/2432
f 4258/1/2435 4266/1/2443 4265/1/2442 4257/1/2434
f 4259/1/2436 4267/1/2444 4266/1/2443 4258/1/2435
f 4260/1/2437 4268/1/2445 4267/1/2444 4259/1/2436
f 4261/1/2438 4269/1/2446 4268/1/2445 4260/1/2437
f 4262/1/2439 4270/1/2447 4269/1/2446 4261/1/2438
f 4263/1/2440 4271/1/2448 4272/1/2449 4264/1/2441
f 4265/1/2442 4273/1/2450 4271/1/2448 4263/1/2440
f 4266/1/2443 4274/1/2451 4273/1/2450 4265/1/2442
f 4267/1/2444 4275/1/2452 4274/1/2451 4266/1/2443
f 4268/1/2445 4276/1/2453 4275/1/2452 4267/1/2444
f 4269/1/2446 4277/1/2454 4276/1/2453 4268/1/2445
f 4270/1/2447 4278/1/2455 4277/1/2454 4269/1/2446
f 4271/1/2448 4279/1/2456 4280/1/2457 4272/1/2449
f 4273/1/2450 4281/1/2458 4279/1/2456 4271/1/2448
f 4274/1/2451 4282/1/2459 4281/1/2458 4273/1/2450
f 4275/1/2452 4283/1/2460 4282/1/2459 4274/1/2451
f 4276/1/2453 4284/1/2461 4283/1/2460 4275/1/2452
f 4277/1/2454 4285/1/2462 4284/1/2461 4276/1/2453
f 4278/1/2455 4286/1/2463 4285/1/2462 4277/1/2454
f 4279/1/2456 4287/1/2464 4288/1/2465 4280/1/2457
f 4281/1/2458 4289/1/2466 4287/1/2464 4279/1/2456
f 4282/1/2459 4290/1/2467 4289/1/2466 4281/1/2458
f 4283/1/2460 4291/1/2468 4290/1/2467 4282/1/2459
f 4284/1/2461 4292/1/2469 4291/1/2468 4283/1/2460
f 4285/1/2462 4293/1/2470 4292/1/2469 4284/1/2461
f 4286/1/2463 4294/1/2471 4293/1/2470 4285/1/2462
f 4287/1/2464 4295/1/2472 4296/1/2473 4288/1/2465
f 4289/1/2466 4297/1/2474 4295/1/2472 4287/1/2464
f 4290/1/2467 4298/1/2475 4297/1/2474 4289/1/2466
f 4291/1/2468 4299/1/2476 4298/1/2475 4290/1/2467
f 4292/1/2469 4300/1/2477 4299/1/2476 4291/1/2468
f 4293/1/2470 4301/1/2478 4300/1/2477 4292/1/2469
f 4294/1/2471 4302/1/2479 4301/1/2478 4293/1/2470
f 4295/1/2472 4303/1/2480 4304/1/2481 4296/1/2473
f 4297/1/2474 4305/1/2482 4303/1/2480 4295/1/2472
f 4298/1/2475 4306/1/2483 4305/1/2482 4297/1/2474
f 4299/1/2476 4307/1/2484 4306/1/2483 4298/1/2475
f 4300/1/2477 4308/1/2485 4307/1/2484 4299/1/2476
f 4301/1/2478 4309/1/2486 4308/1/2485 4300/1/2477
f 4302/1/2479 4310/1/2487 4309/1/2486 4301/1/2478
usemtl ceramic_shadow
f 4311/1/2488 4312/1/2489 4313/1/2490 4314/1/2491
f 4314/1/2491 4313/1/2490 4315/1/2492 4316/1/2493
f 4316/1/2493 4315/1/2492 4317/1/2494 4318/1/2495
f 4318/1/2495 4317/1/2494 4319/1/2496 4320/1/2497
f 4320/1/2497 4319/1/2496 4321/1/2498 4322/1/2499
f 4322/1/2499 4321/1/2498 4323/1/2500 4324/1/2501
f 4324/1/2501 4323/1/2500 4325/1/2502 4326/1/2503
f 4312/1/2489 4327/1/2504 4328/1/2505 4313/1/2490
f 4313/1/2490 4328/1/2505 4329/1/2506 4315/1/2492
f 4315/1/2492 4329/1/2506 4330/1/2507 4317/1/2494
f 4317/1/2494 4330/1/2507 4331/1/2508 4319/1/2496
f 4319/1/2496 4331/1/2508 4332/1/2509 4321/1/2498
f 4321/1/2498 4332/1/2509 4333/1/2510 4323/1/2500
f 4323/1/2500 4333/1/2510 4334/1/2511 4325/1/2502
f 4327/1/2504 4335/1/2512 4336/1/2513 4328/1/2505
f 4328/1/2505 4336/1/2513 4337/1/2514 4329/1/2506
f 4329/1/2506 4337/1/2514 4338/1/2515 4330/1/2507
f 4330/1/2507 4338/1/2515 4339/1/2516 4331/1/2508
f 4331/1/2508 4339/1/2516 4340/1/2517 4332/1/2509
f 4332/1/2509 4340/1/2517 4341/1/2518 4333/1/2510
f 4333/1/2510 4341/1/2518 4342/1/2519 4334/1/2511
f 4335/1/2512 4343/1/2520 4344/1/2521 4336/1/2513
f 4336/1/2513 4344/1/2521 4345/1/2522 4337/1/2514
f 4337/1/2514 4345/1/2522 4346/1/2523 4338/1/2515
f 4338/1/2515 4346/1/2523 4347/1/2524 4339/1/2516
f 4339/1/2516 4347/1/2524 4348/1/2525 4340/1/2517
f 4340/1/2517 4348/1/2525 4349/1/2526 4341/1/2518
f 4341/1/2518 4349/1/2526 4350/1/2527 4342/1/2519
f 4343/1/2520 4351/1/2528 4352/1/2529 4344/1/2521
f 4344/1/2521 4352/1/2529 4353/1/2530 4345/1/2522
f 4345/1/2522 4353/1/2530 4354/1/2531 4346/1/2523
f 4346/1/2523 4354/1/2531 4355/1/2532 4347/1/2524
f 4347/1/2524 4355/1/2532 4356/1/2533 4348/1/2525
f 4348/1/2525 4356/1/2533 4357/1/2534 4349/1/2526
f 4349/1/2526 4357/1/2534 4358/1/2535 4350/1/2527
f 4351/1/2528 4359/1/2536 4360/1/2537 4352/1/2529
f 4352/1/2529 4360/1/2537 4361/1/2538 4353/1/2530
f 4353/1/2530 4361/1/2538 4362/1/2539 4354/1/2531
f 4354/1/2531 4362/1/2539 4363/1/2540 4355/1/2532
f 4355/1/2532 4363/1/2540 4364/1/2541 4356/1/2533
f 4356/1/2533 4364/1/2541 4365/1/2542 4357/1/2534
f 4357/1/2534 4365/1/2542 4366/1/2543 4358/1/2535
f 4359/1/2536 4367/1/2544 4368/1/2545 4360/1/2537
f 4360/1/2537 4368/1/2545 4369/1/2546 4361/1/2538
f 4361/1/2538 4369/1/2546 4370/1/2547 4362/1/2539
f 4362/1/2539 4370/1/2547 4371/1/2548 4363/1/2540
f 4363/1/2540 4371/1/2548 4372/1/2549 4364/1/2541
f 4364/1/2541 4372/1/2549 4373/1/2550 4365/1/2542
f 4365/1/2542 4373/1/2550 4374/1/2551 4366/1/2543
f 4367/1/2544 4375/1/2552 4376/1/2553 4368/1/2545
f 4368/1/2545 4376/1/2553 4377/1/2554 4369/1/2546
f 4369/1/2546 4377/1/2554 4378/1/2555 4370/1/2547
f 4370/1/2547 4378/1/2555 4379/1/2556 4371/1/2548
f 4371/1/2548 4379/1/2556 4380/1/2557 4372/1/2549
f 4372/1/2549 4380/1/2557 4381/1/2558 4373/1/2550
f 4373/1/2550 4381/1/2558 4382/1/2559 4374/1/2551
usemtl gold_edge
f 4311/1/2560 4314/1/2560 4239/1/2560 4242/1/2560
f 4314/1/2561 4316/1/2561 4243/1/2561 4239/1/2561
f 4316/1/2562 4318/1/2562 4245/1/2562 4243/1/2562
f 4318/1/2563 4320/1/2563 4247/1/2563 4245/1/2563
f 4320/1/2564 4322/1/2564 4249/1/2564 4247/1/2564
f 4322/1/2565 4324/1/2565 4251/1/2565 4249/1/2565
f 4324/1/2566 4326/1/2566 4253/1/2566 4251/1/2566
f 4326/1/2567 4325/1/2567 4254/1/2567 4253/1/2567
f 4325/1/2568 4334/1/2568 4262/1/2568 4254/1/2568
f 4334/1/2569 4342/1/2569 4270/1/2569 4262/1/2569
f 4342/1/2570 4350/1/2570 4278/1/2570 4270/1/2570
f 4350/1/2571 4358/1/2571 4286/1/2571 4278/1/2571
f 4358/1/2572 4366/1/2572 4294/1/2572 4286/1/2572
f 4366/1/2573 4374/1/2573 4302/1/2573 4294/1/2573
f 4374/1/2574 4382/1/2574 4310/1/2574 4302/1/2574
f 4382/1/2575 4381/1/2575 4309/1/2575 4310/1/2575
f 4381/1/2576 4380/1/2576 4308/1/2576 4309/1/2576
f 4380/1/2577 4379/1/2577 4307/1/2577 4308/1/2577
f 4379/1/2578 4378/1/2578 4306/1/2578 4307/1/2578
f 4378/1/2579 4377/1/2579 4305/1/2579 4306/1/2579
f 4377/1/2580 4376/1/2580 4303/1/2580 4305/1/2580
f 4376/1/2581 4375/1/2581 4304/1/2581 4303/1/2581
f 4375/1/2582 4367/1/2582 4296/1/2582 4304/1/2582
f 4367/1/2583 4359/1/2583 4288/1/2583 4296/1/2583
f 4359/1/2584 4351/1/2584 4280/1/2584 4288/1/2584
f 4351/1/2585 4343/1/2585 4272/1/2585 4280/1/2585
f 4343/1/2586 4335/1/2586 4264/1/2586 4272/1/2586
f 4335/1/2587 4327/1/2587 4256/1/2587 4264/1/2587
f 4327/1/2588 4312/1/2588 4241/1/2588 4256/1/2588
f 4312/1/2589 4311/1/2589 4242/1/2589 4241/1/2589
usemtl gold
f 4383/1/2590 4384/1/2590 4385/1/2590
usemtl gold_edge
f 4386/1/2591 4387/1/2591 4388/1/2591
usemtl gold
f 4383/1/2590 4385/1/2590 4389/1/2590
usemtl gold_edge
f 4386/1/2591 4390/1/2591 4387/1/2591
f 4386/1/2592 4388/1/2592 4384/1/2592 4383/1/2592
f 4388/1/1280 4387/1/1280 4385/1/1280 4384/1/1280
f 4387/1/2593 4390/1/2593 4389/1/2593 4385/1/2593
f 4390/1/2594 4386/1/2594 4383/1/2594 4389/1/2594
usemtl navy
f 4391/1/2590 4392/1/2590 4393/1/2590
usemtl gold_edge
f 4394/1/2591 4395/1/2591 4396/1/2591
usemtl navy
f 4391/1/2590 4393/1/2590 4397/1/2590
usemtl gold_edge
f 4394/1/2591 4398/1/2591 4395/1/2591
f 4394/1/2592 4396/1/2592 4392/1/2592 4391/1/2592
f 4396/1/2595 4395/1/2595 4393/1/2595 4392/1/2595
f 4395/1/2593 4398/1/2593 4397/1/2593 4393/1/2593
f 4398/1/2594 4394/1/2594 4391/1/2594 4397/1/2594
usemtl gold
f 4399/1/2590 4400/1/2590 4401/1/2590
usemtl gold_edge
f 4402/1/2591 4403/1/2591 4404/1/2591
usemtl gold
f 4405/1/2590 4399/1/2590 4401/1/2590
usemtl gold_edge
f 4403/1/2591 4406/1/2591 4404/1/2591
usemtl gold
f 4407/1/2590 4405/1/2590 4401/1/2590
usemtl gold_edge
f 4406/1/2591 4408/1/2591 4404/1/2591
usemtl gold
f 4409/1/2590 4407/1/2590 4401/1/2590
usemtl gold_edge
f 4408/1/2591 4410/1/2591 4404/1/2591
usemtl gold
f 4411/1/2590 4409/1/2590 4401/1/2590
usemtl gold_edge
f 4410/1/2591 4412/1/2591 4404/1/2591
usemtl gold
f 4413/1/2590 4411/1/2590 4401/1/2590
usemtl gold_edge
f 4412/1/2591 4414/1/2591 4404/1/2591
usemtl gold
f 4415/1/2590 4413/1/2590 4401/1/2590
usemtl gold_edge
f 4414/1/2591 4416/1/2591 4404/1/2591
f 4401/1/2596 4400/1/2596 4402/1/2596 4404/1/2596
f 4400/1/2597 4399/1/2597 4403/1/2597 4402/1/2597
f 4399/1/2598 4405/1/2598 4406/1/2598 4403/1/2598
f 4405/1/2599 4407/1/2599 4408/1/2599 4406/1/2599
f 4407/1/2600 4409/1/2600 4410/1/2600 4408/1/2600
f 4409/1/2601 4411/1/2601 4412/1/2601 4410/1/2601
f 4411/1/2602 4413/1/2602 4414/1/2602 4412/1/2602
f 4413/1/2592 4415/1/2592 4416/1/2592 4414/1/2592
f 4415/1/2603 4401/1/2603 4404/1/2603 4416/1/2603
usemtl mana_light
f 4417/1/2590 4418/1/2590 4419/1/2590
usemtl gold_edge
f 4420/1/2591 4421/1/2591 4422/1/2591
usemtl mana_light
f 4417/1/2590 4419/1/2590 4423/1/2590
usemtl gold_edge
f 4420/1/2591 4424/1/2591 4421/1/2591
f 4420/1/2604 4422/1/2604 4418/1/2604 4417/1/2604
f 4422/1/2605 4421/1/2605 4419/1/2605 4418/1/2605
f 4421/1/2606 4424/1/2606 4423/1/2606 4419/1/2606
f 4424/1/2607 4420/1/2607 4417/1/2607 4423/1/2607
usemtl gold
f 4425/1/2608 4426/1/2608 4427/1/2608
f 4425/1/2608 4428/1/2608 4426/1/2608
f 4425/1/2608 4429/1/2608 4428/1/2608
f 4425/1/2608 4430/1/2608 4429/1/2608
f 4425/1/2608 4431/1/2608 4430/1/2608
f 4425/1/2608 4432/1/2608 4431/1/2608
f 4425/1/2608 4433/1/2608 4432/1/2608
f 4425/1/2608 4434/1/2608 4433/1/2608
f 4425/1/2608 4435/1/2608 4434/1/2608
f 4425/1/2608 4436/1/2608 4435/1/2608
f 4425/1/2608 4437/1/2608 4436/1/2608
f 4425/1/2608 4427/1/2608 4437/1/2608
f 4427/1/2609 4426/1/2609 4438/1/2609 4439/1/2609
f 4426/1/2610 4428/1/2610 4440/1/2610 4438/1/2610
f 4428/1/2611 4429/1/2611 4441/1/2611 4440/1/2611
f 4429/1/2612 4430/1/2612 4442/1/2612 4441/1/2612
f 4430/1/2613 4431/1/2613 4443/1/2613 4442/1/2613
f 4431/1/2614 4432/1/2614 4444/1/2614 4443/1/2614
f 4432/1/2615 4433/1/2615 4445/1/2615 4444/1/2615
f 4433/1/2616 4434/1/2616 4446/1/2616 4445/1/2616
f 4434/1/2617 4435/1/2617 4447/1/2617 4446/1/2617
f 4435/1/2618 4436/1/2618 4448/1/2618 4447/1/2618
f 4436/1/2619 4437/1/2619 4449/1/2619 4448/1/2619
f 4437/1/2620 4427/1/2620 4439/1/2620 4449/1/2620
f 4439/1/2621 4438/1/2621 4450/1/2621 4451/1/2621
f 4438/1/2622 4440/1/2622 4452/1/2622 4450/1/2622
f 4440/1/2623 4441/1/2623 4453/1/2623 4452/1/2623
f 4441/1/2624 4442/1/2624 4454/1/2624 4453/1/2624
f 4442/1/2625 4443/1/2625 4455/1/2625 4454/1/2625
f 4443/1/2626 4444/1/2626 4456/1/2626 4455/1/2626
f 4444/1/2627 4445/1/2627 4457/1/2627 4456/1/2627
f 4445/1/2628 4446/1/2628 4458/1/2628 4457/1/2628
f 4446/1/2629 4447/1/2629 4459/1/2629 4458/1/2629
f 4447/1/2630 4448/1/2630 4460/1/2630 4459/1/2630
f 4448/1/2631 4449/1/2631 4461/1/2631 4460/1/2631
f 4449/1/2632 4439/1/2632 4451/1/2632 4461/1/2632
f 4451/1/2633 4450/1/2633 4462/1/2633 4463/1/2633
f 4450/1/2634 4452/1/2634 4464/1/2634 4462/1/2634
f 4452/1/2635 4453/1/2635 4465/1/2635 4464/1/2635
f 4453/1/2636 4454/1/2636 4466/1/2636 4465/1/2636
f 4454/1/2637 4455/1/2637 4467/1/2637 4466/1/2637
f 4455/1/2638 4456/1/2638 4468/1/2638 4467/1/2638
f 4456/1/2639 4457/1/2639 4469/1/2639 4468/1/2639
f 4457/1/2640 4458/1/2640 4470/1/2640 4469/1/2640
f 4458/1/2641 4459/1/2641 4471/1/2641 4470/1/2641
f 4459/1/2642 4460/1/2642 4472/1/2642 4471/1/2642
f 4460/1/2643 4461/1/2643 4473/1/2643 4472/1/2643
f 4461/1/2644 4451/1/2644 4463/1/2644 4473/1/2644
f 4463/1/2645 4462/1/2645 4474/1/2645 4475/1/2645
f 4462/1/2645 4464/1/2645 4476/1/2645 4474/1/2645
f 4464/1/2645 4465/1/2645 4477/1/2645 4476/1/2645
f 4465/1/2645 4466/1/2645 4478/1/2645 4477/1/2645
f 4466/1/2645 4467/1/2645 4479/1/2645 4478/1/2645
f 4467/1/2645 4468/1/2645 4480/1/2645 4479/1/2645
f 4468/1/2645 4469/1/2645 4481/1/2645 4480/1/2645
f 4469/1/2645 4470/1/2645 4482/1/2645 4481/1/2645
f 4470/1/2645 4471/1/2645 4483/1/2645 4482/1/2645
f 4471/1/2645 4472/1/2645 4484/1/2645 4483/1/2645
f 4472/1/2645 4473/1/2645 4485/1/2645 4484/1/2645
f 4473/1/2645 4463/1/2645 4475/1/2645 4485/1/2645
f 4475/1/2627 4474/1/2627 4486/1/2627 4487/1/2627
f 4474/1/2628 4476/1/2628 4488/1/2628 4486/1/2628
f 4476/1/2629 4477/1/2629 4489/1/2629 4488/1/2629
f 4477/1/2630 4478/1/2630 4490/1/2630 4489/1/2630
f 4478/1/2631 4479/1/2631 4491/1/2631 4490/1/2631
f 4479/1/2632 4480/1/2632 4492/1/2632 4491/1/2632
f 4480/1/2621 4481/1/2621 4493/1/2621 4492/1/2621
f 4481/1/2622 4482/1/2622 4494/1/2622 4493/1/2622
f 4482/1/2623 4483/1/2623 4495/1/2623 4494/1/2623
f 4483/1/2624 4484/1/2624 4496/1/2624 4495/1/2624
f 4484/1/2625 4485/1/2625 4497/1/2625 4496/1/2625
f 4485/1/2626 4475/1/2626 4487/1/2626 4497/1/2626
f 4487/1/2645 4486/1/2645 4498/1/2645
f 4486/1/2645 4488/1/2645 4498/1/2645
f 4488/1/2645 4489/1/2645 4498/1/2645
f 4489/1/2645 4490/1/2645 4498/1/2645
f 4490/1/2645 4491/1/2645 4498/1/2645
f 4491/1/2645 4492/1/2645 4498/1/2645
f 4492/1/2645 4493/1/2645 4498/1/2645
f 4493/1/2645 4494/1/2645 4498/1/2645
f 4494/1/2645 4495/1/2645 4498/1/2645
f 4495/1/2645 4496/1/2645 4498/1/2645
f 4496/1/2645 4497/1/2645 4498/1/2645
f 4497/1/2645 4487/1/2645 4498/1/2645
usemtl gold_edge
f 4499/1/2646 4500/1/2646 4501/1/2646 4502/1/2646
f 4500/1/2647 4503/1/2647 4504/1/2647 4501/1/2647
f 4503/1/2648 4505/1/2648 4506/1/2648 4504/1/2648
f 4505/1/2649 4507/1/2649 4508/1/2649 4506/1/2649
f 4507/1/2650 4509/1/2650 4510/1/2650 4508/1/2650
f 4509/1/2651 4511/1/2651 4512/1/2651 4510/1/2651
f 4511/1/2652 4513/1/2652 4514/1/2652 4512/1/2652
f 4513/1/2653 4515/1/2653 4516/1/2653 4514/1/2653
f 4515/1/2654 4517/1/2654 4518/1/2654 4516/1/2654
f 4517/1/2655 4519/1/2655 4520/1/2655 4518/1/2655
f 4519/1/2656 4521/1/2656 4522/1/2656 4520/1/2656
f 4521/1/2657 4499/1/2657 4502/1/2657 4522/1/2657
f 4502/1/2621 4501/1/2621 4523/1/2621 4524/1/2621
f 4501/1/2622 4504/1/2622 4525/1/2622 4523/1/2622
f 4504/1/2623 4506/1/2623 4526/1/2623 4525/1/2623
f 4506/1/2624 4508/1/2624 4527/1/2624 4526/1/2624
f 4508/1/2625 4510/1/2625 4528/1/2625 4527/1/2625
f 4510/1/2626 4512/1/2626 4529/1/2626 4528/1/2626
f 4512/1/2627 4514/1/2627 4530/1/2627 4529/1/2627
f 4514/1/2628 4516/1/2628 4531/1/2628 4530/1/2628
f 4516/1/2629 4518/1/2629 4532/1/2629 4531/1/2629
f 4518/1/2630 4520/1/2630 4533/1/2630 4532/1/2630
f 4520/1/2631 4522/1/2631 4534/1/2631 4533/1/2631
f 4522/1/2632 4502/1/2632 4524/1/2632 4534/1/2632
f 4524/1/2658 4523/1/2658 4535/1/2658 4536/1/2658
f 4523/1/2659 4525/1/2659 4537/1/2659 4535/1/2659
f 4525/1/2660 4526/1/2660 4538/1/2660 4537/1/2660
f 4526/1/2661 4527/1/2661 4539/1/2661 4538/1/2661
f 4527/1/2662 4528/1/2662 4540/1/2662 4539/1/2662
f 4528/1/2663 4529/1/2663 4541/1/2663 4540/1/2663
f 4529/1/2664 4530/1/2664 4542/1/2664 4541/1/2664
f 4530/1/2665 4531/1/2665 4543/1/2665 4542/1/2665
f 4531/1/2666 4532/1/2666 4544/1/2666 4543/1/2666
f 4532/1/2667 4533/1/2667 4545/1/2667 4544/1/2667
f 4533/1/2668 4534/1/2668 4546/1/2668 4545/1/2668
f 4534/1/2669 4524/1/2669 4536/1/2669 4546/1/2669
f 4536/1/2627 4535/1/2627 4500/1/2627 4499/1/2627
f 4535/1/2628 4537/1/2628 4503/1/2628 4500/1/2628
f 4537/1/2629 4538/1/2629 4505/1/2629 4503/1/2629
f 4538/1/2630 4539/1/2630 4507/1/2630 4505/1/2630
f 4539/1/2631 4540/1/2631 4509/1/2631 4507/1/2631
f 4540/1/2632 4541/1/2632 4511/1/2632 4509/1/2632
f 4541/1/2621 4542/1/2621 4513/1/2621 4511/1/2621
f 4542/1/2622 4543/1/2622 4515/1/2622 4513/1/2622
f 4543/1/2623 4544/1/2623 4517/1/2623 4515/1/2623
f 4544/1/2624 4545/1/2624 4519/1/2624 4517/1/2624
f 4545/1/2625 4546/1/2625 4521/1/2625 4519/1/2625
f 4546/1/2626 4536/1/2626 4499/1/2626 4521/1/2626
usemtl mana_core
f 4547/1/2608 4548/1/2608 4549/1/2608
f 4547/1/2608 4550/1/2608 4548/1/2608
f 4547/1/2608 4551/1/2608 4550/1/2608
f 4547/1/2608 4552/1/2608 4551/1/2608
f 4547/1/2608 4553/1/2608 4552/1/2608
f 4547/1/2608 4554/1/2608 4553/1/2608
f 4547/1/2608 4555/1/2608 4554/1/2608
f 4547/1/2608 4556/1/2608 4555/1/2608
f 4547/1/2608 4557/1/2608 4556/1/2608
f 4547/1/2608 4558/1/2608 4557/1/2608
f 4547/1/2608 4559/1/2608 4558/1/2608
f 4547/1/2608 4549/1/2608 4559/1/2608
f 4549/1/2621 4548/1/2621 4560/1/2621 4561/1/2621
f 4548/1/2622 4550/1/2622 4562/1/2622 4560/1/2622
f 4550/1/2623 4551/1/2623 4563/1/2623 4562/1/2623
f 4551/1/2624 4552/1/2624 4564/1/2624 4563/1/2624
f 4552/1/2625 4553/1/2625 4565/1/2625 4564/1/2625
f 4553/1/2626 4554/1/2626 4566/1/2626 4565/1/2626
f 4554/1/2627 4555/1/2627 4567/1/2627 4566/1/2627
f 4555/1/2628 4556/1/2628 4568/1/2628 4567/1/2628
f 4556/1/2629 4557/1/2629 4569/1/2629 4568/1/2629
f 4557/1/2630 4558/1/2630 4570/1/2630 4569/1/2630
f 4558/1/2631 4559/1/2631 4571/1/2631 4570/1/2631
f 4559/1/2632 4549/1/2632 4561/1/2632 4571/1/2632
f 4561/1/2645 4560/1/2645 4572/1/2645
f 4560/1/2645 4562/1/2645 4572/1/2645
f 4562/1/2645 4563/1/2645 4572/1/2645
f 4563/1/2645 4564/1/2645 4572/1/2645
f 4564/1/2645 4565/1/2645 4572/1/2645
f 4565/1/2645 4566/1/2645 4572/1/2645
f 4566/1/2645 4567/1/2645 4572/1/2645
f 4567/1/2645 4568/1/2645 4572/1/2645
f 4568/1/2645 4569/1/2645 4572/1/2645
f 4569/1/2645 4570/1/2645 4572/1/2645
f 4570/1/2645 4571/1/2645 4572/1/2645
f 4571/1/2645 4561/1/2645 4572/1/2645
usemtl gold
f 4573/1/2670 4574/1/2670 4575/1/2670
f 4573/1/2670 4576/1/2670 4574/1/2670
f 4573/1/2670 4577/1/2670 4576/1/2670
f 4573/1/2670 4578/1/2670 4577/1/2670
f 4573/1/2670 4579/1/2670 4578/1/2670
f 4573/1/2670 4580/1/2670 4579/1/2670
f 4573/1/2670 4581/1/2670 4580/1/2670
f 4573/1/2670 4582/1/2670 4581/1/2670
f 4573/1/2670 4583/1/2670 4582/1/2670
f 4573/1/2670 4584/1/2670 4583/1/2670
f 4573/1/2670 4585/1/2670 4584/1/2670
f 4573/1/2670 4575/1/2670 4585/1/2670
f 4575/1/2671 4574/1/2671 4586/1/2671 4587/1/2671
f 4574/1/2672 4576/1/2672 4588/1/2672 4586/1/2672
f 4576/1/2673 4577/1/2673 4589/1/2673 4588/1/2673
f 4577/1/2674 4578/1/2674 4590/1/2674 4589/1/2674
f 4578/1/2675 4579/1/2675 4591/1/2675 4590/1/2675
f 4579/1/2676 4580/1/2676 4592/1/2676 4591/1/2676
f 4580/1/2677 4581/1/2677 4593/1/2677 4592/1/2677
f 4581/1/2678 4582/1/2678 4594/1/2678 4593/1/2678
f 4582/1/2679 4583/1/2679 4595/1/2679 4594/1/2679
f 4583/1/2680 4584/1/2680 4596/1/2680 4595/1/2680
f 4584/1/2681 4585/1/2681 4597/1/2681 4596/1/2681
f 4585/1/2682 4575/1/2682 4587/1/2682 4597/1/2682
f 4587/1/2683 4586/1/2683 4598/1/2683 4599/1/2683
f 4586/1/2684 4588/1/2684 4600/1/2684 4598/1/2684
f 4588/1/2685 4589/1/2685 4601/1/2685 4600/1/2685
f 4589/1/2686 4590/1/2686 4602/1/2686 4601/1/2686
f 4590/1/2687 4591/1/2687 4603/1/2687 4602/1/2687
f 4591/1/2688 4592/1/2688 4604/1/2688 4603/1/2688
f 4592/1/2689 4593/1/2689 4605/1/2689 4604/1/2689
f 4593/1/2690 4594/1/2690 4606/1/2690 4605/1/2690
f 4594/1/2691 4595/1/2691 4607/1/2691 4606/1/2691
f 4595/1/2692 4596/1/2692 4608/1/2692 4607/1/2692
f 4596/1/2693 4597/1/2693 4609/1/2693 4608/1/2693
f 4597/1/2694 4587/1/2694 4599/1/2694 4609/1/2694
f 4599/1/2695 4598/1/2695 4610/1/2695 4611/1/2695
f 4598/1/2696 4600/1/2696 4612/1/2696 4610/1/2696
f 4600/1/2697 4601/1/2697 4613/1/2697 4612/1/2697
f 4601/1/2698 4602/1/2698 4614/1/2698 4613/1/2698
f 4602/1/2699 4603/1/2699 4615/1/2699 4614/1/2699
f 4603/1/2700 4604/1/2700 4616/1/2700 4615/1/2700
f 4604/1/2701 4605/1/2701 4617/1/2701 4616/1/2701
f 4605/1/2702 4606/1/2702 4618/1/2702 4617/1/2702
f 4606/1/2703 4607/1/2703 4619/1/2703 4618/1/2703
f 4607/1/2704 4608/1/2704 4620/1/2704 4619/1/2704
f 4608/1/2705 4609/1/2705 4621/1/2705 4620/1/2705
f 4609/1/2706 4599/1/2706 4611/1/2706 4621/1/2706
f 4611/1/2707 4610/1/2707 4622/1/2707 4623/1/2707
f 4610/1/2707 4612/1/2707 4624/1/2707 4622/1/2707
f 4612/1/2707 4613/1/2707 4625/1/2707 4624/1/2707
f 4613/1/2707 4614/1/2707 4626/1/2707 4625/1/2707
f 4614/1/2707 4615/1/2707 4627/1/2707 4626/1/2707
f 4615/1/2707 4616/1/2707 4628/1/2707 4627/1/2707
f 4616/1/2707 4617/1/2707 4629/1/2707 4628/1/2707
f 4617/1/2707 4618/1/2707 4630/1/2707 4629/1/2707
f 4618/1/2707 4619/1/2707 4631/1/2707 4630/1/2707
f 4619/1/2707 4620/1/2707 4632/1/2707 4631/1/2707
f 4620/1/2707 4621/1/2707 4633/1/2707 4632/1/2707
f 4621/1/2707 4611/1/2707 4623/1/2707 4633/1/2707
f 4623/1/2689 4622/1/2689 4634/1/2689 4635/1/2689
f 4622/1/2690 4624/1/2690 4636/1/2690 4634/1/2690
f 4624/1/2691 4625/1/2691 4637/1/2691 4636/1/2691
f 4625/1/2692 4626/1/2692 4638/1/2692 4637/1/2692
f 4626/1/2693 4627/1/2693 4639/1/2693 4638/1/2693
f 4627/1/2694 4628/1/2694 4640/1/2694 4639/1/2694
f 4628/1/2683 4629/1/2683 4641/1/2683 4640/1/2683
f 4629/1/2684 4630/1/2684 4642/1/2684 4641/1/2684
f 4630/1/2685 4631/1/2685 4643/1/2685 4642/1/2685
f 4631/1/2686 4632/1/2686 4644/1/2686 4643/1/2686
f 4632/1/2687 4633/1/2687 4645/1/2687 4644/1/2687
f 4633/1/2688 4623/1/2688 4635/1/2688 4645/1/2688
f 4635/1/2707 4634/1/2707 4646/1/2707
f 4634/1/2707 4636/1/2707 4646/1/2707
f 4636/1/2707 4637/1/2707 4646/1/2707
f 4637/1/2707 4638/1/2707 4646/1/2707
f 4638/1/2707 4639/1/2707 4646/1/2707
f 4639/1/2707 4640/1/2707 4646/1/2707
f 4640/1/2707 4641/1/2707 4646/1/2707
f 4641/1/2707 4642/1/2707 4646/1/2707
f 4642/1/2707 4643/1/2707 4646/1/2707
f 4643/1/2707 4644/1/2707 4646/1/2707
f 4644/1/2707 4645/1/2707 4646/1/2707
f 4645/1/2707 4635/1/2707 4646/1/2707
usemtl gold_edge
f 4647/1/2708 4648/1/2708 4649/1/2708 4650/1/2708
f 4648/1/2709 4651/1/2709 4652/1/2709 4649/1/2709
f 4651/1/2710 4653/1/2710 4654/1/2710 4652/1/2710
f 4653/1/2711 4655/1/2711 4656/1/2711 4654/1/2711
f 4655/1/2712 4657/1/2712 4658/1/2712 4656/1/2712
f 4657/1/2713 4659/1/2713 4660/1/2713 4658/1/2713
f 4659/1/2714 4661/1/2714 4662/1/2714 4660/1/2714
f 4661/1/2715 4663/1/2715 4664/1/2715 4662/1/2715
f 4663/1/2716 4665/1/2716 4666/1/2716 4664/1/2716
f 4665/1/2717 4667/1/2717 4668/1/2717 4666/1/2717
f 4667/1/2718 4669/1/2718 4670/1/2718 4668/1/2718
f 4669/1/2719 4647/1/2719 4650/1/2719 4670/1/2719
f 4650/1/2683 4649/1/2683 4671/1/2683 4672/1/2683
f 4649/1/2684 4652/1/2684 4673/1/2684 4671/1/2684
f 4652/1/2685 4654/1/2685 4674/1/2685 4673/1/2685
f 4654/1/2686 4656/1/2686 4675/1/2686 4674/1/2686
f 4656/1/2687 4658/1/2687 4676/1/2687 4675/1/2687
f 4658/1/2688 4660/1/2688 4677/1/2688 4676/1/2688
f 4660/1/2689 4662/1/2689 4678/1/2689 4677/1/2689
f 4662/1/2690 4664/1/2690 4679/1/2690 4678/1/2690
f 4664/1/2691 4666/1/2691 4680/1/2691 4679/1/2691
f 4666/1/2692 4668/1/2692 4681/1/2692 4680/1/2692
f 4668/1/2693 4670/1/2693 4682/1/2693 4681/1/2693
f 4670/1/2694 4650/1/2694 4672/1/2694 4682/1/2694
f 4672/1/2720 4671/1/2720 4683/1/2720 4684/1/2720
f 4671/1/2721 4673/1/2721 4685/1/2721 4683/1/2721
f 4673/1/2722 4674/1/2722 4686/1/2722 4685/1/2722
f 4674/1/2723 4675/1/2723 4687/1/2723 4686/1/2723
f 4675/1/2724 4676/1/2724 4688/1/2724 4687/1/2724
f 4676/1/2725 4677/1/2725 4689/1/2725 4688/1/2725
f 4677/1/2726 4678/1/2726 4690/1/2726 4689/1/2726
f 4678/1/2727 4679/1/2727 4691/1/2727 4690/1/2727
f 4679/1/2728 4680/1/2728 4692/1/2728 4691/1/2728
f 4680/1/2729 4681/1/2729 4693/1/2729 4692/1/2729
f 4681/1/2730 4682/1/2730 4694/1/2730 4693/1/2730
f 4682/1/2731 4672/1/2731 4684/1/2731 4694/1/2731
f 4684/1/2689 4683/1/2689 4648/1/2689 4647/1/2689
f 4683/1/2690 4685/1/2690 4651/1/2690 4648/1/2690
f 4685/1/2691 4686/1/2691 4653/1/2691 4651/1/2691
f 4686/1/2692 4687/1/2692 4655/1/2692 4653/1/2692
f 4687/1/2693 4688/1/2693 4657/1/2693 4655/1/2693
f 4688/1/2694 4689/1/2694 4659/1/2694 4657/1/2694
f 4689/1/2683 4690/1/2683 4661/1/2683 4659/1/2683
f 4690/1/2684 4691/1/2684 4663/1/2684 4661/1/2684
f 4691/1/2685 4692/1/2685 4665/1/2685 4663/1/2685
f 4692/1/2686 4693/1/2686 4667/1/2686 4665/1/2686
f 4693/1/2687 4694/1/2687 4669/1/2687 4667/1/2687
f 4694/1/2688 4684/1/2688 4647/1/2688 4669/1/2688
usemtl mana_core
f 4695/1/2670 4696/1/2670 4697/1/2670
f 4695/1/2670 4698/1/2670 4696/1/2670
f 4695/1/2670 4699/1/2670 4698/1/2670
f 4695/1/2670 4700/1/2670 4699/1/2670
f 4695/1/2670 4701/1/2670 4700/1/2670
f 4695/1/2670 4702/1/2670 4701/1/2670
f 4695/1/2670 4703/1/2670 4702/1/2670
f 4695/1/2670 4704/1/2670 4703/1/2670
f 4695/1/2670 4705/1/2670 4704/1/2670
f 4695/1/2670 4706/1/2670 4705/1/2670
f 4695/1/2670 4707/1/2670 4706/1/2670
f 4695/1/2670 4697/1/2670 4707/1/2670
f 4697/1/2683 4696/1/2683 4708/1/2683 4709/1/2683
f 4696/1/2684 4698/1/2684 4710/1/2684 4708/1/2684
f 4698/1/2685 4699/1/2685 4711/1/2685 4710/1/2685
f 4699/1/2686 4700/1/2686 4712/1/2686 4711/1/2686
f 4700/1/2687 4701/1/2687 4713/1/2687 4712/1/2687
f 4701/1/2688 4702/1/2688 4714/1/2688 4713/1/2688
f 4702/1/2689 4703/1/2689 4715/1/2689 4714/1/2689
f 4703/1/2690 4704/1/2690 4716/1/2690 4715/1/2690
f 4704/1/2691 4705/1/2691 4717/1/2691 4716/1/2691
f 4705/1/2692 4706/1/2692 4718/1/2692 4717/1/2692
f 4706/1/2693 4707/1/2693 4719/1/2693 4718/1/2693
f 4707/1/2694 4697/1/2694 4709/1/2694 4719/1/2694
f 4709/1/2707 4708/1/2707 4720/1/2707
f 4708/1/2707 4710/1/2707 4720/1/2707
f 4710/1/2707 4711/1/2707 4720/1/2707
f 4711/1/2707 4712/1/2707 4720/1/2707
f 4712/1/2707 4713/1/2707 4720/1/2707
f 4713/1/2707 4714/1/2707 4720/1/2707
f 4714/1/2707 4715/1/2707 4720/1/2707
f 4715/1/2707 4716/1/2707 4720/1/2707
f 4716/1/2707 4717/1/2707 4720/1/2707
f 4717/1/2707 4718/1/2707 4720/1/2707
f 4718/1/2707 4719/1/2707 4720/1/2707
f 4719/1/2707 4709/1/2707 4720/1/2707
usemtl gold_edge
f 4721/1/2732 4722/1/2732 4723/1/2732
usemtl gold
f 4724/1/2733 4725/1/2733 4726/1/2733
usemtl gold_edge
f 4721/1/2732 4723/1/2732 4727/1/2732
usemtl gold
f 4724/1/2733 4728/1/2733 4725/1/2733
f 4724/1/22 4726/1/22 4722/1/22 4721/1/22
f 4726/1/2734 4725/1/2734 4723/1/2734 4722/1/2734
f 4725/1/502 4728/1/502 4727/1/502 4723/1/502
f 4728/1/2735 4724/1/2735 4721/1/2735 4727/1/2735
usemtl mana_light
f 4729/1/2732 4730/1/2732 4731/1/2732
usemtl gold
f 4732/1/2733 4733/1/2733 4734/1/2733
usemtl mana_light
f 4729/1/2732 4731/1/2732 4735/1/2732
usemtl gold
f 4732/1/2733 4736/1/2733 4733/1/2733
f 4732/1/22 4734/1/22 4730/1/22 4729/1/22
f 4734/1/2734 4733/1/2734 4731/1/2734 4730/1/2734
f 4733/1/502 4736/1/502 4735/1/502 4731/1/502
f 4736/1/2735 4732/1/2735 4729/1/2735 4735/1/2735
usemtl gold_edge
f 4737/1/2736 4738/1/2736 4739/1/2736
usemtl gold
f 4740/1/2737 4741/1/2737 4742/1/2737
usemtl gold_edge
f 4737/1/2736 4739/1/2736 4743/1/2736
usemtl gold
f 4740/1/2737 4744/1/2737 4741/1/2737
f 4740/1/22 4742/1/22 4738/1/22 4737/1/22
f 4742/1/2738 4741/1/2738 4739/1/2738 4738/1/2738
f 4741/1/502 4744/1/502 4743/1/502 4739/1/502
f 4744/1/2739 4740/1/2739 4737/1/2739 4743/1/2739
usemtl mana_light
f 4745/1/2736 4746/1/2736 4747/1/2736
usemtl gold
f 4748/1/2737 4749/1/2737 4750/1/2737
usemtl mana_light
f 4745/1/2736 4747/1/2736 4751/1/2736
usemtl gold
f 4748/1/2737 4752/1/2737 4749/1/2737
f 4748/1/22 4750/1/22 4746/1/22 4745/1/22
f 4750/1/2738 4749/1/2738 4747/1/2738 4746/1/2738
f 4749/1/502 4752/1/502 4751/1/502 4747/1/502
f 4752/1/2739 4748/1/2739 4745/1/2739 4751/1/2739
g shell_3
usemtl ceramic
f 4753/1/2740 4754/1/2741 4755/1/2742 4756/1/2743
f 4757/1/2744 4758/1/2745 4754/1/2741 4753/1/2740
f 4759/1/2746 4760/1/2747 4758/1/2745 4757/1/2744
f 4761/1/2748 4762/1/2749 4760/1/2747 4759/1/2746
f 4763/1/2750 4764/1/2751 4762/1/2749 4761/1/2748
f 4765/1/2752 4766/1/2753 4764/1/2751 4763/1/2750
f 4767/1/2754 4768/1/2755 4766/1/2753 4765/1/2752
f 4754/1/2741 4769/1/2756 4770/1/2757 4755/1/2742
f 4758/1/2745 4771/1/2758 4769/1/2756 4754/1/2741
f 4760/1/2747 4772/1/2759 4771/1/2758 4758/1/2745
f 4762/1/2749 4773/1/2760 4772/1/2759 4760/1/2747
f 4764/1/2751 4774/1/2761 4773/1/2760 4762/1/2749
f 4766/1/2753 4775/1/2762 4774/1/2761 4764/1/2751
f 4768/1/2755 4776/1/2763 4775/1/2762 4766/1/2753
f 4769/1/2756 4777/1/2764 4778/1/2765 4770/1/2757
f 4771/1/2758 4779/1/2766 4777/1/2764 4769/1/2756
f 4772/1/2759 4780/1/2767 4779/1/2766 4771/1/2758
f 4773/1/2760 4781/1/2768 4780/1/2767 4772/1/2759
f 4774/1/2761 4782/1/2769 4781/1/2768 4773/1/2760
f 4775/1/2762 4783/1/2770 4782/1/2769 4774/1/2761
f 4776/1/2763 4784/1/2771 4783/1/2770 4775/1/2762
f 4777/1/2764 4785/1/2772 4786/1/2773 4778/1/2765
f 4779/1/2766 4787/1/2774 4785/1/2772 4777/1/2764
f 4780/1/2767 4788/1/2775 4787/1/2774 4779/1/2766
f 4781/1/2768 4789/1/2776 4788/1/2775 4780/1/2767
f 4782/1/2769 4790/1/2777 4789/1/2776 4781/1/2768
f 4783/1/2770 4791/1/2778 4790/1/2777 4782/1/2769
f 4784/1/2771 4792/1/2779 4791/1/2778 4783/1/2770
f 4785/1/2772 4793/1/2780 4794/1/2781 4786/1/2773
f 4787/1/2774 4795/1/2782 4793/1/2780 4785/1/2772
f 4788/1/2775 4796/1/2783 4795/1/2782 4787/1/2774
f 4789/1/2776 4797/1/2784 4796/1/2783 4788/1/2775
f 4790/1/2777 4798/1/2785 4797/1/2784 4789/1/2776
f 4791/1/2778 4799/1/2786 4798/1/2785 4790/1/2777
f 4792/1/2779 4800/1/2787 4799/1/2786 4791/1/2778
f 4793/1/2780 4801/1/2788 4802/1/2789 4794/1/2781
f 4795/1/2782 4803/1/2790 4801/1/2788 4793/1/2780
f 4796/1/2783 4804/1/2791 4803/1/2790 4795/1/2782
f 4797/1/2784 4805/1/2792 4804/1/2791 4796/1/2783
f 4798/1/2785 4806/1/2793 4805/1/2792 4797/1/2784
f 4799/1/2786 4807/1/2794 4806/1/2793 4798/1/2785
f 4800/1/2787 4808/1/2795 4807/1/2794 4799/1/2786
f 4801/1/2788 4809/1/2796 4810/1/2797 4802/1/2789
f 4803/1/2790 4811/1/2798 4809/1/2796 4801/1/2788
f 4804/1/2791 4812/1/2799 4811/1/2798 4803/1/2790
f 4805/1/2792 4813/1/2800 4812/1/2799 4804/1/2791
f 4806/1/2793 4814/1/2801 4813/1/2800 4805/1/2792
f 4807/1/2794 4815/1/2802 4814/1/2801 4806/1/2793
f 4808/1/2795 4816/1/2803 4815/1/2802 4807/1/2794
f 4809/1/2796 4817/1/2804 4818/1/2805 4810/1/2797
f 4811/1/2798 4819/1/2806 4817/1/2804 4809/1/2796
f 4812/1/2799 4820/1/2807 4819/1/2806 4811/1/2798
f 4813/1/2800 4821/1/2808 4820/1/2807 4812/1/2799
f 4814/1/2801 4822/1/2809 4821/1/2808 4813/1/2800
f 4815/1/2802 4823/1/2810 4822/1/2809 4814/1/2801
f 4816/1/2803 4824/1/2811 4823/1/2810 4815/1/2802
usemtl ceramic_shadow
f 4825/1/2812 4826/1/2813 4827/1/2814 4828/1/2815
f 4828/1/2815 4827/1/2814 4829/1/2816 4830/1/2817
f 4830/1/2817 4829/1/2816 4831/1/2818 4832/1/2819
f 4832/1/2819 4831/1/2818 4833/1/2820 4834/1/2821
f 4834/1/2821 4833/1/2820 4835/1/2822 4836/1/2823
f 4836/1/2823 4835/1/2822 4837/1/2824 4838/1/2825
f 4838/1/2825 4837/1/2824 4839/1/2826 4840/1/2827
f 4826/1/2813 4841/1/2828 4842/1/2829 4827/1/2814
f 4827/1/2814 4842/1/2829 4843/1/2830 4829/1/2816
f 4829/1/2816 4843/1/2830 4844/1/2831 4831/1/2818
f 4831/1/2818 4844/1/2831 4845/1/2832 4833/1/2820
f 4833/1/2820 4845/1/2832 4846/1/2833 4835/1/2822
f 4835/1/2822 4846/1/2833 4847/1/2834 4837/1/2824
f 4837/1/2824 4847/1/2834 4848/1/2835 4839/1/2826
f 4841/1/2828 4849/1/2836 4850/1/2837 4842/1/2829
f 4842/1/2829 4850/1/2837 4851/1/2838 4843/1/2830
f 4843/1/2830 4851/1/2838 4852/1/2839 4844/1/2831
f 4844/1/2831 4852/1/2839 4853/1/2840 4845/1/2832
f 4845/1/2832 4853/1/2840 4854/1/2841 4846/1/2833
f 4846/1/2833 4854/1/2841 4855/1/2842 4847/1/2834
f 4847/1/2834 4855/1/2842 4856/1/2843 4848/1/2835
f 4849/1/2836 4857/1/2844 4858/1/2845 4850/1/2837
f 4850/1/2837 4858/1/2845 4859/1/2846 4851/1/2838
f 4851/1/2838 4859/1/2846 4860/1/2847 4852/1/2839
f 4852/1/2839 4860/1/2847 4861/1/2848 4853/1/2840
f 4853/1/2840 4861/1/2848 4862/1/2849 4854/1/2841
f 4854/1/2841 4862/1/2849 4863/1/2850 4855/1/2842
f 4855/1/2842 4863/1/2850 4864/1/2851 4856/1/2843
f 4857/1/2844 4865/1/2852 4866/1/2853 4858/1/2845
f 4858/1/2845 4866/1/2853 4867/1/2854 4859/1/2846
f 4859/1/2846 4867/1/2854 4868/1/2855 4860/1/2847
f 4860/1/2847 4868/1/2855 4869/1/2856 4861/1/2848
f 4861/1/2848 4869/1/2856 4870/1/2857 4862/1/2849
f 4862/1/2849 4870/1/2857 4871/1/2858 4863/1/2850
f 4863/1/2850 4871/1/2858 4872/1/2859 4864/1/2851
f 4865/1/2852 4873/1/2860 4874/1/2861 4866/1/2853
f 4866/1/2853 4874/1/2861 4875/1/2862 4867/1/2854
f 4867/1/2854 4875/1/2862 4876/1/2863 4868/1/2855
f 4868/1/2855 4876/1/2863 4877/1/2864 4869/1/2856
f 4869/1/2856 4877/1/2864 4878/1/2865 4870/1/2857
f 4870/1/2857 4878/1/2865 4879/1/2866 4871/1/2858
f 4871/1/2858 4879/1/2866 4880/1/2867 4872/1/2859
f 4873/1/2860 4881/1/2868 4882/1/2869 4874/1/2861
f 4874/1/2861 4882/1/2869 4883/1/2870 4875/1/2862
f 4875/1/2862 4883/1/2870 4884/1/2871 4876/1/2863
f 4876/1/2863 4884/1/2871 4885/1/2872 4877/1/2864
f 4877/1/2864 4885/1/2872 4886/1/2873 4878/1/2865
f 4878/1/2865 4886/1/2873 4887/1/2874 4879/1/2866
f 4879/1/2866 4887/1/2874 4888/1/2875 4880/1/2867
f 4881/1/2868 4889/1/2876 4890/1/2877 4882/1/2869
f 4882/1/2869 4890/1/2877 4891/1/2878 4883/1/2870
f 4883/1/2870 4891/1/2878 4892/1/2879 4884/1/2871
f 4884/1/2871 4892/1/2879 4893/1/2880 4885/1/2872
f 4885/1/2872 4893/1/2880 4894/1/2881 4886/1/2873
f 4886/1/2873 4894/1/2881 4895/1/2882 4887/1/2874
f 4887/1/2874 4895/1/2882 4896/1/2883 4888/1/2875
usemtl gold_edge
f 4825/1/2884 4828/1/2884 4753/1/2884 4756/1/2884
f 4828/1/2885 4830/1/2885 4757/1/2885 4753/1/2885
f 4830/1/2886 4832/1/2886 4759/1/2886 4757/1/2886
f 4832/1/2887 4834/1/2887 4761/1/2887 4759/1/2887
f 4834/1/2888 4836/1/2888 4763/1/2888 4761/1/2888
f 4836/1/2889 4838/1/2889 4765/1/2889 4763/1/2889
f 4838/1/2890 4840/1/2890 4767/1/2890 4765/1/2890
f 4840/1/2891 4839/1/2891 4768/1/2891 4767/1/2891
f 4839/1/2892 4848/1/2892 4776/1/2892 4768/1/2892
f 4848/1/2893 4856/1/2893 4784/1/2893 4776/1/2893
f 4856/1/2894 4864/1/2894 4792/1/2894 4784/1/2894
f 4864/1/2895 4872/1/2895 4800/1/2895 4792/1/2895
f 4872/1/2896 4880/1/2896 4808/1/2896 4800/1/2896
f 4880/1/2897 4888/1/2897 4816/1/2897 4808/1/2897
f 4888/1/2898 4896/1/2898 4824/1/2898 4816/1/2898
f 4896/1/2899 4895/1/2899 4823/1/2899 4824/1/2899
f 4895/1/2900 4894/1/2900 4822/1/2900 4823/1/2900
f 4894/1/2901 4893/1/2901 4821/1/2901 4822/1/2901
f 4893/1/2902 4892/1/2902 4820/1/2902 4821/1/2902
f 4892/1/2903 4891/1/2903 4819/1/2903 4820/1/2903
f 4891/1/2904 4890/1/2904 4817/1/2904 4819/1/2904
f 4890/1/2905 4889/1/2905 4818/1/2905 4817/1/2905
f 4889/1/2906 4881/1/2906 4810/1/2906 4818/1/2906
f 4881/1/2907 4873/1/2907 4802/1/2907 4810/1/2907
f 4873/1/2908 4865/1/2908 4794/1/2908 4802/1/2908
f 4865/1/2909 4857/1/2909 4786/1/2909 4794/1/2909
f 4857/1/2910 4849/1/2910 4778/1/2910 4786/1/2910
f 4849/1/2911 4841/1/2911 4770/1/2911 4778/1/2911
f 4841/1/2912 4826/1/2912 4755/1/2912 4770/1/2912
f 4826/1/2913 4825/1/2913 4756/1/2913 4755/1/2913
usemtl gold
f 4897/1/2914 4898/1/2914 4899/1/2914
usemtl gold_edge
f 4900/1/2915 4901/1/2915 4902/1/2915
usemtl gold
f 4897/1/2914 4899/1/2914 4903/1/2914
usemtl gold_edge
f 4900/1/2916 4904/1/2916 4901/1/2916
f 4900/1/2917 4902/1/2917 4898/1/2917 4897/1/2917
f 4902/1/1941 4901/1/1941 4899/1/1941 4898/1/1941
f 4901/1/2918 4904/1/2918 4903/1/2918 4899/1/2918
f 4904/1/2919 4900/1/2919 4897/1/2919 4903/1/2919
usemtl navy
f 4905/1/2914 4906/1/2914 4907/1/2914
usemtl gold_edge
f 4908/1/2915 4909/1/2915 4910/1/2915
usemtl navy
f 4905/1/2914 4907/1/2914 4911/1/2914
usemtl gold_edge
f 4908/1/2916 4912/1/2916 4909/1/2916
f 4908/1/2917 4910/1/2917 4906/1/2917 4905/1/2917
f 4910/1/1941 4909/1/1941 4907/1/1941 4906/1/1941
f 4909/1/2918 4912/1/2918 4911/1/2918 4907/1/2918
f 4912/1/2919 4908/1/2919 4905/1/2919 4911/1/2919
usemtl gold
f 4913/1/2914 4914/1/2914 4915/1/2914
usemtl gold_edge
f 4916/1/2915 4917/1/2915 4918/1/2915
usemtl gold
f 4919/1/2920 4913/1/2920 4915/1/2920
usemtl gold_edge
f 4917/1/2916 4920/1/2916 4918/1/2916
usemtl gold
f 4921/1/2914 4919/1/2914 4915/1/2914
usemtl gold_edge
f 4920/1/2915 4922/1/2915 4918/1/2915
usemtl gold
f 4923/1/2920 4921/1/2920 4915/1/2920
usemtl gold_edge
f 4922/1/2916 4924/1/2916 4918/1/2916
usemtl gold
f 4925/1/2914 4923/1/2914 4915/1/2914
usemtl gold_edge
f 4924/1/2915 4926/1/2915 4918/1/2915
usemtl gold
f 4927/1/2914 4925/1/2914 4915/1/2914
usemtl gold_edge
f 4926/1/2915 4928/1/2915 4918/1/2915
usemtl gold
f 4929/1/2920 4927/1/2920 4915/1/2920
usemtl gold_edge
f 4928/1/2915 4930/1/2915 4918/1/2915
f 4915/1/2921 4914/1/2921 4916/1/2921 4918/1/2921
f 4914/1/2922 4913/1/2922 4917/1/2922 4916/1/2922
f 4913/1/2923 4919/1/2923 4920/1/2923 4917/1/2923
f 4919/1/2924 4921/1/2924 4922/1/2924 4920/1/2924
f 4921/1/2925 4923/1/2925 4924/1/2925 4922/1/2925
f 4923/1/2926 4925/1/2926 4926/1/2926 4924/1/2926
f 4925/1/2927 4927/1/2927 4928/1/2927 4926/1/2927
f 4927/1/2928 4929/1/2928 4930/1/2928 4928/1/2928
f 4929/1/2929 4915/1/2929 4918/1/2929 4930/1/2929
usemtl mana_light
f 4931/1/2920 4932/1/2920 4933/1/2920
usemtl gold_edge
f 4934/1/2916 4935/1/2916 4936/1/2916
usemtl mana_light
f 4931/1/2920 4933/1/2920 4937/1/2920
usemtl gold_edge
f 4934/1/2916 4938/1/2916 4935/1/2916
f 4934/1/2930 4936/1/2930 4932/1/2930 4931/1/2930
f 4936/1/2931 4935/1/2931 4933/1/2931 4932/1/2931
f 4935/1/2932 4938/1/2932 4937/1/2932 4933/1/2932
f 4938/1/2933 4934/1/2933 4931/1/2933 4937/1/2933
usemtl gold
f 4939/1/2934 4940/1/2934 4941/1/2934
f 4939/1/2934 4942/1/2934 4940/1/2934
f 4939/1/2934 4943/1/2934 4942/1/2934
f 4939/1/2934 4944/1/2934 4943/1/2934
f 4939/1/2934 4945/1/2934 4944/1/2934
f 4939/1/2934 4946/1/2934 4945/1/2934
f 4939/1/2934 4947/1/2934 4946/1/2934
f 4939/1/2934 4948/1/2934 4947/1/2934
f 4939/1/2934 4949/1/2934 4948/1/2934
f 4939/1/2934 4950/1/2934 4949/1/2934
f 4939/1/2934 4951/1/2934 4950/1/2934
f 4939/1/2934 4941/1/2934 4951/1/2934
f 4941/1/2935 4940/1/2935 4952/1/2935 4953/1/2935
f 4940/1/2936 4942/1/2936 4954/1/2936 4952/1/2936
f 4942/1/2937 4943/1/2937 4955/1/2937 4954/1/2937
f 4943/1/2938 4944/1/2938 4956/1/2938 4955/1/2938
f 4944/1/2939 4945/1/2939 4957/1/2939 4956/1/2939
f 4945/1/2940 4946/1/2940 4958/1/2940 4957/1/2940
f 4946/1/2941 4947/1/2941 4959/1/2941 4958/1/2941
f 4947/1/2942 4948/1/2942 4960/1/2942 4959/1/2942
f 4948/1/2943 4949/1/2943 4961/1/2943 4960/1/2943
f 4949/1/2944 4950/1/2944 4962/1/2944 4961/1/2944
f 4950/1/2945 4951/1/2945 4963/1/2945 4962/1/2945
f 4951/1/2946 4941/1/2946 4953/1/2946 4963/1/2946
f 4953/1/2947 4952/1/2947 4964/1/2947 4965/1/2947
f 4952/1/2948 4954/1/2948 4966/1/2948 4964/1/2948
f 4954/1/2949 4955/1/2949 4967/1/2949 4966/1/2949
f 4955/1/2950 4956/1/2950 4968/1/2950 4967/1/2950
f 4956/1/2951 4957/1/2951 4969/1/2951 4968/1/2951
f 4957/1/2952 4958/1/2952 4970/1/2952 4969/1/2952
f 4958/1/2953 4959/1/2953 4971/1/2953 4970/1/2953
f 4959/1/2954 4960/1/2954 4972/1/2954 4971/1/2954
f 4960/1/2955 4961/1/2955 4973/1/2955 4972/1/2955
f 4961/1/2956 4962/1/2956 4974/1/2956 4973/1/2956
f 4962/1/2957 4963/1/2957 4975/1/2957 4974/1/2957
f 4963/1/2958 4953/1/2958 4965/1/2958 4975/1/2958
f 4965/1/2959 4964/1/2959 4976/1/2959 4977/1/2959
f 4964/1/2960 4966/1/2960 4978/1/2960 4976/1/2960
f 4966/1/2961 4967/1/2961 4979/1/2961 4978/1/2961
f 4967/1/2962 4968/1/2962 4980/1/2962 4979/1/2962
f 4968/1/2963 4969/1/2963 4981/1/2963 4980/1/2963
f 4969/1/2964 4970/1/2964 4982/1/2964 4981/1/2964
f 4970/1/2965 4971/1/2965 4983/1/2965 4982/1/2965
f 4971/1/2966 4972/1/2966 4984/1/2966 4983/1/2966
f 4972/1/2967 4973/1/2967 4985/1/2967 4984/1/2967
f 4973/1/2968 4974/1/2968 4986/1/2968 4985/1/2968
f 4974/1/2969 4975/1/2969 4987/1/2969 4986/1/2969
f 4975/1/2970 4965/1/2970 4977/1/2970 4987/1/2970
f 4977/1/2971 4976/1/2971 4988/1/2971 4989/1/2971
f 4976/1/2971 4978/1/2971 4990/1/2971 4988/1/2971
f 4978/1/2971 4979/1/2971 4991/1/2971 4990/1/2971
f 4979/1/2971 4980/1/2971 4992/1/2971 4991/1/2971
f 4980/1/2971 4981/1/2971 4993/1/2971 4992/1/2971
f 4981/1/2971 4982/1/2971 4994/1/2971 4993/1/2971
f 4982/1/2971 4983/1/2971 4995/1/2971 4994/1/2971
f 4983/1/2971 4984/1/2971 4996/1/2971 4995/1/2971
f 4984/1/2971 4985/1/2971 4997/1/2971 4996/1/2971
f 4985/1/2971 4986/1/2971 4998/1/2971 4997/1/2971
f 4986/1/2971 4987/1/2971 4999/1/2971 4998/1/2971
f 4987/1/2971 4977/1/2971 4989/1/2971 4999/1/2971
f 4989/1/2953 4988/1/2953 5000/1/2953 5001/1/2953
f 4988/1/2954 4990/1/2954 5002/1/2954 5000/1/2954
f 4990/1/2955 4991/1/2955 5003/1/2955 5002/1/2955
f 4991/1/2956 4992/1/2956 5004/1/2956 5003/1/2956
f 4992/1/2957 4993/1/2957 5005/1/2957 5004/1/2957
f 4993/1/2958 4994/1/2958 5006/1/2958 5005/1/2958
f 4994/1/2947 4995/1/2947 5007/1/2947 5006/1/2947
f 4995/1/2948 4996/1/2948 5008/1/2948 5007/1/2948
f 4996/1/2949 4997/1/2949 5009/1/2949 5008/1/2949
f 4997/1/2950 4998/1/2950 5010/1/2950 5009/1/2950
f 4998/1/2951 4999/1/2951 5011/1/2951 5010/1/2951
f 4999/1/2952 4989/1/2952 5001/1/2952 5011/1/2952
f 5001/1/2971 5000/1/2971 5012/1/2971
f 5000/1/2971 5002/1/2971 5012/1/2971
f 5002/1/2971 5003/1/2971 5012/1/2971
f 5003/1/2971 5004/1/2971 5012/1/2971
f 5004/1/2971 5005/1/2971 5012/1/2971
f 5005/1/2971 5006/1/2971 5012/1/2971
f 5006/1/2971 5007/1/2971 5012/1/2971
f 5007/1/2971 5008/1/2971 5012/1/2971
f 5008/1/2971 5009/1/2971 5012/1/2971
f 5009/1/2971 5010/1/2971 5012/1/2971
f 5010/1/2971 5011/1/2971 5012/1/2971
f 5011/1/2971 5001/1/2971 5012/1/2971
usemtl gold_edge
f 5013/1/2972 5014/1/2972 5015/1/2972 5016/1/2972
f 5014/1/2973 5017/1/2973 5018/1/2973 5015/1/2973
f 5017/1/2974 5019/1/2974 5020/1/2974 5018/1/2974
f 5019/1/2975 5021/1/2975 5022/1/2975 5020/1/2975
f 5021/1/2976 5023/1/2976 5024/1/2976 5022/1/2976
f 5023/1/2977 5025/1/2977 5026/1/2977 5024/1/2977
f 5025/1/2978 5027/1/2978 5028/1/2978 5026/1/2978
f 5027/1/2979 5029/1/2979 5030/1/2979 5028/1/2979
f 5029/1/2980 5031/1/2980 5032/1/2980 5030/1/2980
f 5031/1/2981 5033/1/2981 5034/1/2981 5032/1/2981
f 5033/1/2982 5035/1/2982 5036/1/2982 5034/1/2982
f 5035/1/2983 5013/1/2983 5016/1/2983 5036/1/2983
f 5016/1/2947 5015/1/2947 5037/1/2947 5038/1/2947
f 5015/1/2948 5018/1/2948 5039/1/2948 5037/1/2948
f 5018/1/2949 5020/1/2949 5040/1/2949 5039/1/2949
f 5020/1/2950 5022/1/2950 5041/1/2950 5040/1/2950
f 5022/1/2951 5024/1/2951 5042/1/2951 5041/1/2951
f 5024/1/2952 5026/1/2952 5043/1/2952 5042/1/2952
f 5026/1/2953 5028/1/2953 5044/1/2953 5043/1/2953
f 5028/1/2954 5030/1/2954 5045/1/2954 5044/1/2954
f 5030/1/2955 5032/1/2955 5046/1/2955 5045/1/2955
f 5032/1/2956 5034/1/2956 5047/1/2956 5046/1/2956
f 5034/1/2957 5036/1/2957 5048/1/2957 5047/1/2957
f 5036/1/2958 5016/1/2958 5038/1/2958 5048/1/2958
f 5038/1/2984 5037/1/2984 5049/1/2984 5050/1/2984
f 5037/1/2985 5039/1/2985 5051/1/2985 5049/1/2985
f 5039/1/2986 5040/1/2986 5052/1/2986 5051/1/2986
f 5040/1/2987 5041/1/2987 5053/1/2987 5052/1/2987
f 5041/1/2988 5042/1/2988 5054/1/2988 5053/1/2988
f 5042/1/2989 5043/1/2989 5055/1/2989 5054/1/2989
f 5043/1/2990 5044/1/2990 5056/1/2990 5055/1/2990
f 5044/1/2991 5045/1/2991 5057/1/2991 5056/1/2991
f 5045/1/2992 5046/1/2992 5058/1/2992 5057/1/2992
f 5046/1/2993 5047/1/2993 5059/1/2993 5058/1/2993
f 5047/1/2994 5048/1/2994 5060/1/2994 5059/1/2994
f 5048/1/2995 5038/1/2995 5050/1/2995 5060/1/2995
f 5050/1/2953 5049/1/2953 5014/1/2953 5013/1/2953
f 5049/1/2954 5051/1/2954 5017/1/2954 5014/1/2954
f 5051/1/2955 5052/1/2955 5019/1/2955 5017/1/2955
f 5052/1/2956 5053/1/2956 5021/1/2956 5019/1/2956
f 5053/1/2957 5054/1/2957 5023/1/2957 5021/1/2957
f 5054/1/2958 5055/1/2958 5025/1/2958 5023/1/2958
f 5055/1/2947 5056/1/2947 5027/1/2947 5025/1/2947
f 5056/1/2948 5057/1/2948 5029/1/2948 5027/1/2948
f 5057/1/2949 5058/1/2949 5031/1/2949 5029/1/2949
f 5058/1/2950 5059/1/2950 5033/1/2950 5031/1/2950
f 5059/1/2951 5060/1/2951 5035/1/2951 5033/1/2951
f 5060/1/2952 5050/1/2952 5013/1/2952 5035/1/2952
usemtl mana_core
f 5061/1/2934 5062/1/2934 5063/1/2934
f 5061/1/2934 5064/1/2934 5062/1/2934
f 5061/1/2934 5065/1/2934 5064/1/2934
f 5061/1/2934 5066/1/2934 5065/1/2934
f 5061/1/2934 5067/1/2934 5066/1/2934
f 5061/1/2934 5068/1/2934 5067/1/2934
f 5061/1/2934 5069/1/2934 5068/1/2934
f 5061/1/2934 5070/1/2934 5069/1/2934
f 5061/1/2934 5071/1/2934 5070/1/2934
f 5061/1/2934 5072/1/2934 5071/1/2934
f 5061/1/2934 5073/1/2934 5072/1/2934
f 5061/1/2934 5063/1/2934 5073/1/2934
f 5063/1/2947 5062/1/2947 5074/1/2947 5075/1/2947
f 5062/1/2948 5064/1/2948 5076/1/2948 5074/1/2948
f 5064/1/2949 5065/1/2949 5077/1/2949 5076/1/2949
f 5065/1/2950 5066/1/2950 5078/1/2950 5077/1/2950
f 5066/1/2951 5067/1/2951 5079/1/2951 5078/1/2951
f 5067/1/2952 5068/1/2952 5080/1/2952 5079/1/2952
f 5068/1/2953 5069/1/2953 5081/1/2953 5080/1/2953
f 5069/1/2954 5070/1/2954 5082/1/2954 5081/1/2954
f 5070/1/2955 5071/1/2955 5083/1/2955 5082/1/2955
f 5071/1/2956 5072/1/2956 5084/1/2956 5083/1/2956
f 5072/1/2957 5073/1/2957 5085/1/2957 5084/1/2957
f 5073/1/2958 5063/1/2958 5075/1/2958 5085/1/2958
f 5075/1/2971 5074/1/2971 5086/1/2971
f 5074/1/2971 5076/1/2971 5086/1/2971
f 5076/1/2971 5077/1/2971 5086/1/2971
f 5077/1/2971 5078/1/2971 5086/1/2971
f 5078/1/2971 5079/1/2971 5086/1/2971
f 5079/1/2971 5080/1/2971 5086/1/2971
f 5080/1/2971 5081/1/2971 5086/1/2971
f 5081/1/2971 5082/1/2971 5086/1/2971
f 5082/1/2971 5083/1/2971 5086/1/2971
f 5083/1/2971 5084/1/2971 5086/1/2971
f 5084/1/2971 5085/1/2971 5086/1/2971
f 5085/1/2971 5075/1/2971 5086/1/2971
usemtl gold
f 5087/1/2996 5088/1/2996 5089/1/2996
f 5087/1/2996 5090/1/2996 5088/1/2996
f 5087/1/2996 5091/1/2996 5090/1/2996
f 5087/1/2996 5092/1/2996 5091/1/2996
f 5087/1/2996 5093/1/2996 5092/1/2996
f 5087/1/2996 5094/1/2996 5093/1/2996
f 5087/1/2996 5095/1/2996 5094/1/2996
f 5087/1/2996 5096/1/2996 5095/1/2996
f 5087/1/2996 5097/1/2996 5096/1/2996
f 5087/1/2996 5098/1/2996 5097/1/2996
f 5087/1/2996 5099/1/2996 5098/1/2996
f 5087/1/2996 5089/1/2996 5099/1/2996
f 5089/1/2997 5088/1/2997 5100/1/2997 5101/1/2997
f 5088/1/2998 5090/1/2998 5102/1/2998 5100/1/2998
f 5090/1/2999 5091/1/2999 5103/1/2999 5102/1/2999
f 5091/1/3000 5092/1/3000 5104/1/3000 5103/1/3000
f 5092/1/3001 5093/1/3001 5105/1/3001 5104/1/3001
f 5093/1/3002 5094/1/3002 5106/1/3002 5105/1/3002
f 5094/1/3003 5095/1/3003 5107/1/3003 5106/1/3003
f 5095/1/3004 5096/1/3004 5108/1/3004 5107/1/3004
f 5096/1/3005 5097/1/3005 5109/1/3005 5108/1/3005
f 5097/1/3006 5098/1/3006 5110/1/3006 5109/1/3006
f 5098/1/3007 5099/1/3007 5111/1/3007 5110/1/3007
f 5099/1/3008 5089/1/3008 5101/1/3008 5111/1/3008
f 5101/1/3009 5100/1/3009 5112/1/3009 5113/1/3009
f 5100/1/3010 5102/1/3010 5114/1/3010 5112/1/3010
f 5102/1/3011 5103/1/3011 5115/1/3011 5114/1/3011
f 5103/1/3012 5104/1/3012 5116/1/3012 5115/1/3012
f 5104/1/3013 5105/1/3013 5117/1/3013 5116/1/3013
f 5105/1/3014 5106/1/3014 5118/1/3014 5117/1/3014
f 5106/1/3015 5107/1/3015 5119/1/3015 5118/1/3015
f 5107/1/3016 5108/1/3016 5120/1/3016 5119/1/3016
f 5108/1/3017 5109/1/3017 5121/1/3017 5120/1/3017
f 5109/1/3018 5110/1/3018 5122/1/3018 5121/1/3018
f 5110/1/3019 5111/1/3019 5123/1/3019 5122/1/3019
f 5111/1/3020 5101/1/3020 5113/1/3020 5123/1/3020
f 5113/1/3021 5112/1/3021 5124/1/3021 5125/1/3021
f 5112/1/3022 5114/1/3022 5126/1/3022 5124/1/3022
f 5114/1/3023 5115/1/3023 5127/1/3023 5126/1/3023
f 5115/1/3024 5116/1/3024 5128/1/3024 5127/1/3024
f 5116/1/3025 5117/1/3025 5129/1/3025 5128/1/3025
f 5117/1/3026 5118/1/3026 5130/1/3026 5129/1/3026
f 5118/1/3027 5119/1/3027 5131/1/3027 5130/1/3027
f 5119/1/3028 5120/1/3028 5132/1/3028 5131/1/3028
f 5120/1/3029 5121/1/3029 5133/1/3029 5132/1/3029
f 5121/1/3030 5122/1/3030 5134/1/3030 5133/1/3030
f 5122/1/3031 5123/1/3031 5135/1/3031 5134/1/3031
f 5123/1/3032 5113/1/3032 5125/1/3032 5135/1/3032
f 5125/1/3033 5124/1/3033 5136/1/3033 5137/1/3033
f 5124/1/3033 5126/1/3033 5138/1/3033 5136/1/3033
f 5126/1/3033 5127/1/3033 5139/1/3033 5138/1/3033
f 5127/1/3033 5128/1/3033 5140/1/3033 5139/1/3033
f 5128/1/3033 5129/1/3033 5141/1/3033 5140/1/3033
f 5129/1/3033 5130/1/3033 5142/1/3033 5141/1/3033
f 5130/1/3033 5131/1/3033 5143/1/3033 5142/1/3033
f 5131/1/3033 5132/1/3033 5144/1/3033 5143/1/3033
f 5132/1/3033 5133/1/3033 5145/1/3033 5144/1/3033
f 5133/1/3033 5134/1/3033 5146/1/3033 5145/1/3033
f 5134/1/3033 5135/1/3033 5147/1/3033 5146/1/3033
f 5135/1/3033 5125/1/3033 5137/1/3033 5147/1/3033
f 5137/1/3015 5136/1/3015 5148/1/3015 5149/1/3015
f 5136/1/3016 5138/1/3016 5150/1/3016 5148/1/3016
f 5138/1/3017 5139/1/3017 5151/1/3017 5150/1/3017
f 5139/1/3018 5140/1/3018 5152/1/3018 5151/1/3018
f 5140/1/3019 5141/1/3019 5153/1/3019 5152/1/3019
f 5141/1/3020 5142/1/3020 5154/1/3020 5153/1/3020
f 5142/1/3009 5143/1/3009 5155/1/3009 5154/1/3009
f 5143/1/3010 5144/1/3010 5156/1/3010 5155/1/3010
f 5144/1/3011 5145/1/3011 5157/1/3011 5156/1/3011
f 5145/1/3012 5146/1/3012 5158/1/3012 5157/1/3012
f 5146/1/3013 5147/1/3013 5159/1/3013 5158/1/3013
f 5147/1/3014 5137/1/3014 5149/1/3014 5159/1/3014
f 5149/1/3033 5148/1/3033 5160/1/3033
f 5148/1/3033 5150/1/3033 5160/1/3033
f 5150/1/3033 5151/1/3033 5160/1/3033
f 5151/1/3033 5152/1/3033 5160/1/3033
f 5152/1/3033 5153/1/3033 5160/1/3033
f 5153/1/3033 5154/1/3033 5160/1/3033
f 5154/1/3033 5155/1/3033 5160/1/3033
f 5155/1/3033 5156/1/3033 5160/1/3033
f 5156/1/3033 5157/1/3033 5160/1/3033
f 5157/1/3033 5158/1/3033 5160/1/3033
f 5158/1/3033 5159/1/3033 5160/1/3033
f 5159/1/3033 5149/1/3033 5160/1/3033
usemtl gold_edge
f 5161/1/3034 5162/1/3034 5163/1/3034 5164/1/3034
f 5162/1/3035 5165/1/3035 5166/1/3035 5163/1/3035
f 5165/1/3036 5167/1/3036 5168/1/3036 5166/1/3036
f 5167/1/3037 5169/1/3037 5170/1/3037 5168/1/3037
f 5169/1/3038 5171/1/3038 5172/1/3038 5170/1/3038
f 5171/1/3039 5173/1/3039 5174/1/3039 5172/1/3039
f 5173/1/3040 5175/1/3040 5176/1/3040 5174/1/3040
f 5175/1/3041 5177/1/3041 5178/1/3041 5176/1/3041
f 5177/1/3042 5179/1/3042 5180/1/3042 5178/1/3042
f 5179/1/3043 5181/1/3043 5182/1/3043 5180/1/3043
f 5181/1/3044 5183/1/3044 5184/1/3044 5182/1/3044
f 5183/1/3045 5161/1/3045 5164/1/3045 5184/1/3045
f 5164/1/3009 5163/1/3009 5185/1/3009 5186/1/3009
f 5163/1/3010 5166/1/3010 5187/1/3010 5185/1/3010
f 5166/1/3011 5168/1/3011 5188/1/3011 5187/1/3011
f 5168/1/3012 5170/1/3012 5189/1/3012 5188/1/3012
f 5170/1/3013 5172/1/3013 5190/1/3013 5189/1/3013
f 5172/1/3014 5174/1/3014 5191/1/3014 5190/1/3014
f 5174/1/3015 5176/1/3015 5192/1/3015 5191/1/3015
f 5176/1/3016 5178/1/3016 5193/1/3016 5192/1/3016
f 5178/1/3017 5180/1/3017 5194/1/3017 5193/1/3017
f 5180/1/3018 5182/1/3018 5195/1/3018 5194/1/3018
f 5182/1/3019 5184/1/3019 5196/1/3019 5195/1/3019
f 5184/1/3020 5164/1/3020 5186/1/3020 5196/1/3020
f 5186/1/3046 5185/1/3046 5197/1/3046 5198/1/3046
f 5185/1/3047 5187/1/3047 5199/1/3047 5197/1/3047
f 5187/1/3048 5188/1/3048 5200/1/3048 5199/1/3048
f 5188/1/3049 5189/1/3049 5201/1/3049 5200/1/3049
f 5189/1/3050 5190/1/3050 5202/1/3050 5201/1/3050
f 5190/1/3051 5191/1/3051 5203/1/3051 5202/1/3051
f 5191/1/3052 5192/1/3052 5204/1/3052 5203/1/3052
f 5192/1/3053 5193/1/3053 5205/1/3053 5204/1/3053
f 5193/1/3054 5194/1/3054 5206/1/3054 5205/1/3054
f 5194/1/3055 5195/1/3055 5207/1/3055 5206/1/3055
f 5195/1/3056 5196/1/3056 5208/1/3056 5207/1/3056
f 5196/1/3057 5186/1/3057 5198/1/3057 5208/1/3057
f 5198/1/3015 5197/1/3015 5162/1/3015 5161/1/3015
f 5197/1/3016 5199/1/3016 5165/1/3016 5162/1/3016
f 5199/1/3017 5200/1/3017 5167/1/3017 5165/1/3017
f 5200/1/3018 5201/1/3018 5169/1/3018 5167/1/3018
f 5201/1/3019 5202/1/3019 5171/1/3019 5169/1/3019
f 5202/1/3020 5203/1/3020 5173/1/3020 5171/1/3020
f 5203/1/3009 5204/1/3009 5175/1/3009 5173/1/3009
f 5204/1/3010 5205/1/3010 5177/1/3010 5175/1/3010
f 5205/1/3011 5206/1/3011 5179/1/3011 5177/1/3011
f 5206/1/3012 5207/1/3012 5181/1/3012 5179/1/3012
f 5207/1/3013 5208/1/3013 5183/1/3013 5181/1/3013
f 5208/1/3014 5198/1/3014 5161/1/3014 5183/1/3014
usemtl mana_core
f 5209/1/2996 5210/1/2996 5211/1/2996
f 5209/1/2996 5212/1/2996 5210/1/2996
f 5209/1/2996 5213/1/2996 5212/1/2996
f 5209/1/2996 5214/1/2996 5213/1/2996
f 5209/1/2996 5215/1/2996 5214/1/2996
f 5209/1/2996 5216/1/2996 5215/1/2996
f 5209/1/2996 5217/1/2996 5216/1/2996
f 5209/1/2996 5218/1/2996 5217/1/2996
f 5209/1/2996 5219/1/2996 5218/1/2996
f 5209/1/2996 5220/1/2996 5219/1/2996
f 5209/1/2996 5221/1/2996 5220/1/2996
f 5209/1/2996 5211/1/2996 5221/1/2996
f 5211/1/3009 5210/1/3009 5222/1/3009 5223/1/3009
f 5210/1/3010 5212/1/3010 5224/1/3010 5222/1/3010
f 5212/1/3011 5213/1/3011 5225/1/3011 5224/1/3011
f 5213/1/3012 5214/1/3012 5226/1/3012 5225/1/3012
f 5214/1/3013 5215/1/3013 5227/1/3013 5226/1/3013
f 5215/1/3014 5216/1/3014 5228/1/3014 5227/1/3014
f 5216/1/3015 5217/1/3015 5229/1/3015 5228/1/3015
f 5217/1/3016 5218/1/3016 5230/1/3016 5229/1/3016
f 5218/1/3017 5219/1/3017 5231/1/3017 5230/1/3017
f 5219/1/3018 5220/1/3018 5232/1/3018 5231/1/3018
f 5220/1/3019 5221/1/3019 5233/1/3019 5232/1/3019
f 5221/1/3020 5211/1/3020 5223/1/3020 5233/1/3020
f 5223/1/3033 5222/1/3033 5234/1/3033
f 5222/1/3033 5224/1/3033 5234/1/3033
f 5224/1/3033 5225/1/3033 5234/1/3033
f 5225/1/3033 5226/1/3033 5234/1/3033
f 5226/1/3033 5227/1/3033 5234/1/3033
f 5227/1/3033 5228/1/3033 5234/1/3033
f 5228/1/3033 5229/1/3033 5234/1/3033
f 5229/1/3033 5230/1/3033 5234/1/3033
f 5230/1/3033 5231/1/3033 5234/1/3033
f 5231/1/3033 5232/1/3033 5234/1/3033
f 5232/1/3033 5233/1/3033 5234/1/3033
f 5233/1/3033 5223/1/3033 5234/1/3033
usemtl gold_edge
f 5235/1/2082 5236/1/2082 5237/1/2082
usemtl gold
f 5238/1/2081 5239/1/2081 5240/1/2081
usemtl gold_edge
f 5235/1/2082 5237/1/2082 5241/1/2082
usemtl gold
f 5238/1/2081 5242/1/2081 5239/1/2081
f 5238/1/22 5240/1/22 5236/1/22 5235/1/22
f 5240/1/3058 5239/1/3058 5237/1/3058 5236/1/3058
f 5239/1/502 5242/1/502 5241/1/502 5237/1/502
f 5242/1/3059 5238/1/3059 5235/1/3059 5241/1/3059
usemtl mana_light
f 5243/1/2082 5244/1/2082 5245/1/2082
usemtl gold
f 5246/1/2081 5247/1/2081 5248/1/2081
usemtl mana_light
f 5243/1/2082 5245/1/2082 5249/1/2082
usemtl gold
f 5246/1/2081 5250/1/2081 5247/1/2081
f 5246/1/22 5248/1/22 5244/1/22 5243/1/22
f 5248/1/3058 5247/1/3058 5245/1/3058 5244/1/3058
f 5247/1/502 5250/1/502 5249/1/502 5245/1/502
f 5250/1/3059 5246/1/3059 5243/1/3059 5249/1/3059
usemtl gold_edge
f 5251/1/2086 5252/1/2086 5253/1/2086
usemtl gold
f 5254/1/2085 5255/1/2085 5256/1/2085
usemtl gold_edge
f 5251/1/2086 5253/1/2086 5257/1/2086
usemtl gold
f 5254/1/2087 5258/1/2087 5255/1/2087
f 5254/1/22 5256/1/22 5252/1/22 5251/1/22
f 5256/1/2089 5255/1/2089 5253/1/2089 5252/1/2089
f 5255/1/502 5258/1/502 5257/1/502 5253/1/502
f 5258/1/2088 5254/1/2088 5251/1/2088 5257/1/2088
usemtl mana_light
f 5259/1/2086 5260/1/2086 5261/1/2086
usemtl gold
f 5262/1/2085 5263/1/2085 5264/1/2085
usemtl mana_light
f 5259/1/2086 5261/1/2086 5265/1/2086
usemtl gold
f 5262/1/2087 5266/1/2087 5263/1/2087
f 5262/1/22 5264/1/22 5260/1/22 5259/1/22
f 5264/1/2089 5263/1/2089 5261/1/2089 5260/1/2089
f 5263/1/502 5266/1/502 5265/1/502 5261/1/502
f 5266/1/2088 5262/1/2088 5259/1/2088 5265/1/2088
g shell_4
usemtl ceramic
f 5267/1/3060 5268/1/3061 5269/1/3062 5270/1/3063
f 5271/1/3064 5272/1/3065 5268/1/3061 5267/1/3060
f 5273/1/3066 5274/1/3067 5272/1/3065 5271/1/3064
f 5275/1/3068 5276/1/3069 5274/1/3067 5273/1/3066
f 5277/1/3070 5278/1/3071 5276/1/3069 5275/1/3068
f 5279/1/3072 5280/1/3073 5278/1/3071 5277/1/3070
f 5281/1/3074 5282/1/3075 5280/1/3073 5279/1/3072
f 5268/1/3061 5283/1/3076 5284/1/3077 5269/1/3062
f 5272/1/3065 5285/1/3078 5283/1/3076 5268/1/3061
f 5274/1/3067 5286/1/3079 5285/1/3078 5272/1/3065
f 5276/1/3069 5287/1/3080 5286/1/3079 5274/1/3067
f 5278/1/3071 5288/1/3081 5287/1/3080 5276/1/3069
f 5280/1/3073 5289/1/3082 5288/1/3081 5278/1/3071
f 5282/1/3075 5290/1/3083 5289/1/3082 5280/1/3073
f 5283/1/3076 5291/1/3084 5292/1/3085 5284/1/3077
f 5285/1/3078 5293/1/3086 5291/1/3084 5283/1/3076
f 5286/1/3079 5294/1/3087 5293/1/3086 5285/1/3078
f 5287/1/3080 5295/1/3088 5294/1/3087 5286/1/3079
f 5288/1/3081 5296/1/3089 5295/1/3088 5287/1/3080
f 5289/1/3082 5297/1/3090 5296/1/3089 5288/1/3081
f 5290/1/3083 5298/1/3091 5297/1/3090 5289/1/3082
f 5291/1/3084 5299/1/3092 5300/1/3093 5292/1/3085
f 5293/1/3086 5301/1/3094 5299/1/3092 5291/1/3084
f 5294/1/3087 5302/1/3095 5301/1/3094 5293/1/3086
f 5295/1/3088 5303/1/3096 5302/1/3095 5294/1/3087
f 5296/1/3089 5304/1/3097 5303/1/3096 5295/1/3088
f 5297/1/3090 5305/1/3098 5304/1/3097 5296/1/3089
f 5298/1/3091 5306/1/3099 5305/1/3098 5297/1/3090
f 5299/1/3092 5307/1/3100 5308/1/3101 5300/1/3093
f 5301/1/3094 5309/1/3102 5307/1/3100 5299/1/3092
f 5302/1/3095 5310/1/3103 5309/1/3102 5301/1/3094
f 5303/1/3096 5311/1/3104 5310/1/3103 5302/1/3095
f 5304/1/3097 5312/1/3105 5311/1/3104 5303/1/3096
f 5305/1/3098 5313/1/3106 5312/1/3105 5304/1/3097
f 5306/1/3099 5314/1/3107 5313/1/3106 5305/1/3098
f 5307/1/3100 5315/1/3108 5316/1/3109 5308/1/3101
f 5309/1/3102 5317/1/3110 5315/1/3108 5307/1/3100
f 5310/1/3103 5318/1/3111 5317/1/3110 5309/1/3102
f 5311/1/3104 5319/1/3112 5318/1/3111 5310/1/3103
f 5312/1/3105 5320/1/3113 5319/1/3112 5311/1/3104
f 5313/1/3106 5321/1/3114 5320/1/3113 5312/1/3105
f 5314/1/3107 5322/1/3115 5321/1/3114 5313/1/3106
f 5315/1/3108 5323/1/3116 5324/1/3117 5316/1/3109
f 5317/1/3110 5325/1/3118 5323/1/3116 5315/1/3108
f 5318/1/3111 5326/1/3119 5325/1/3118 5317/1/3110
f 5319/1/3112 5327/1/3120 5326/1/3119 5318/1/3111
f 5320/1/3113 5328/1/3121 5327/1/3120 5319/1/3112
f 5321/1/3114 5329/1/3122 5328/1/3121 5320/1/3113
f 5322/1/3115 5330/1/3123 5329/1/3122 5321/1/3114
f 5323/1/3116 5331/1/3124 5332/1/3125 5324/1/3117
f 5325/1/3118 5333/1/3126 5331/1/3124 5323/1/3116
f 5326/1/3119 5334/1/3127 5333/1/3126 5325/1/3118
f 5327/1/3120 5335/1/3128 5334/1/3127 5326/1/3119
f 5328/1/3121 5336/1/3129 5335/1/3128 5327/1/3120
f 5329/1/3122 5337/1/3130 5336/1/3129 5328/1/3121
f 5330/1/3123 5338/1/3131 5337/1/3130 5329/1/3122
usemtl ceramic_shadow
f 5339/1/3132 5340/1/3133 5341/1/3134 5342/1/3135
f 5342/1/3135 5341/1/3134 5343/1/3136 5344/1/3137
f 5344/1/3137 5343/1/3136 5345/1/3138 5346/1/3139
f 5346/1/3139 5345/1/3138 5347/1/3140 5348/1/3141
f 5348/1/3141 5347/1/3140 5349/1/3142 5350/1/3143
f 5350/1/3143 5349/1/3142 5351/1/3144 5352/1/3145
f 5352/1/3145 5351/1/3144 5353/1/3146 5354/1/3147
f 5340/1/3133 5355/1/3148 5356/1/3149 5341/1/3134
f 5341/1/3134 5356/1/3149 5357/1/3150 5343/1/3136
f 5343/1/3136 5357/1/3150 5358/1/3151 5345/1/3138
f 5345/1/3138 5358/1/3151 5359/1/3152 5347/1/3140
f 5347/1/3140 5359/1/3152 5360/1/3153 5349/1/3142
f 5349/1/3142 5360/1/3153 5361/1/3154 5351/1/3144
f 5351/1/3144 5361/1/3154 5362/1/3155 5353/1/3146
f 5355/1/3148 5363/1/3156 5364/1/3157 5356/1/3149
f 5356/1/3149 5364/1/3157 5365/1/3158 5357/1/3150
f 5357/1/3150 5365/1/3158 5366/1/3159 5358/1/3151
f 5358/1/3151 5366/1/3159 5367/1/3160 5359/1/3152
f 5359/1/3152 5367/1/3160 5368/1/3161 5360/1/3153
f 5360/1/3153 5368/1/3161 5369/1/3162 5361/1/3154
f 5361/1/3154 5369/1/3162 5370/1/3163 5362/1/3155
f 5363/1/3156 5371/1/3164 5372/1/3165 5364/1/3157
f 5364/1/3157 5372/1/3165 5373/1/3166 5365/1/3158
f 5365/1/3158 5373/1/3166 5374/1/3167 5366/1/3159
f 5366/1/3159 5374/1/3167 5375/1/3168 5367/1/3160
f 5367/1/3160 5375/1/3168 5376/1/3169 5368/1/3161
f 5368/1/3161 5376/1/3169 5377/1/3170 5369/1/3162
f 5369/1/3162 5377/1/3170 5378/1/3171 5370/1/3163
f 5371/1/3164 5379/1/3172 5380/1/3173 5372/1/3165
f 5372/1/3165 5380/1/3173 5381/1/3174 5373/1/3166
f 5373/1/3166 5381/1/3174 5382/1/3175 5374/1/3167
f 5374/1/3167 5382/1/3175 5383/1/3176 5375/1/3168
f 5375/1/3168 5383/1/3176 5384/1/3177 5376/1/3169
f 5376/1/3169 5384/1/3177 5385/1/3178 5377/1/3170
f 5377/1/3170 5385/1/3178 5386/1/3179 5378/1/3171
f 5379/1/3172 5387/1/3180 5388/1/3181 5380/1/3173
f 5380/1/3173 5388/1/3181 5389/1/3182 5381/1/3174
f 5381/1/3174 5389/1/3182 5390/1/3183 5382/1/3175
f 5382/1/3175 5390/1/3183 5391/1/3184 5383/1/3176
f 5383/1/3176 5391/1/3184 5392/1/3185 5384/1/3177
f 5384/1/3177 5392/1/3185 5393/1/3186 5385/1/3178
f 5385/1/3178 5393/1/3186 5394/1/3187 5386/1/3179
f 5387/1/3180 5395/1/3188 5396/1/3189 5388/1/3181
f 5388/1/3181 5396/1/3189 5397/1/3190 5389/1/3182
f 5389/1/3182 5397/1/3190 5398/1/3191 5390/1/3183
f 5390/1/3183 5398/1/3191 5399/1/3192 5391/1/3184
f 5391/1/3184 5399/1/3192 5400/1/3193 5392/1/3185
f 5392/1/3185 5400/1/3193 5401/1/3194 5393/1/3186
f 5393/1/3186 5401/1/3194 5402/1/3195 5394/1/3187
f 5395/1/3188 5403/1/3196 5404/1/3197 5396/1/3189
f 5396/1/3189 5404/1/3197 5405/1/3198 5397/1/3190
f 5397/1/3190 5405/1/3198 5406/1/3199 5398/1/3191
f 5398/1/3191 5406/1/3199 5407/1/3200 5399/1/3192
f 5399/1/3192 5407/1/3200 5408/1/3201 5400/1/3193
f 5400/1/3193 5408/1/3201 5409/1/3202 5401/1/3194
f 5401/1/3194 5409/1/3202 5410/1/3203 5402/1/3195
usemtl gold_edge
f 5339/1/3204 5342/1/3204 5267/1/3204 5270/1/3204
f 5342/1/3205 5344/1/3205 5271/1/3205 5267/1/3205
f 5344/1/3206 5346/1/3206 5273/1/3206 5271/1/3206
f 5346/1/3207 5348/1/3207 5275/1/3207 5273/1/3207
f 5348/1/3208 5350/1/3208 5277/1/3208 5275/1/3208
f 5350/1/3209 5352/1/3209 5279/1/3209 5277/1/3209
f 5352/1/3210 5354/1/3210 5281/1/3210 5279/1/3210
f 5354/1/3211 5353/1/3211 5282/1/3211 5281/1/3211
f 5353/1/3212 5362/1/3212 5290/1/3212 5282/1/3212
f 5362/1/3213 5370/1/3213 5298/1/3213 5290/1/3213
f 5370/1/3214 5378/1/3214 5306/1/3214 5298/1/3214
f 5378/1/3215 5386/1/3215 5314/1/3215 5306/1/3215
f 5386/1/3216 5394/1/3216 5322/1/3216 5314/1/3216
f 5394/1/3217 5402/1/3217 5330/1/3217 5322/1/3217
f 5402/1/3218 5410/1/3218 5338/1/3218 5330/1/3218
f 5410/1/3219 5409/1/3219 5337/1/3219 5338/1/3219
f 5409/1/3220 5408/1/3220 5336/1/3220 5337/1/3220
f 5408/1/3221 5407/1/3221 5335/1/3221 5336/1/3221
f 5407/1/3222 5406/1/3222 5334/1/3222 5335/1/3222
f 5406/1/3223 5405/1/3223 5333/1/3223 5334/1/3223
f 5405/1/3224 5404/1/3224 5331/1/3224 5333/1/3224
f 5404/1/3225 5403/1/3225 5332/1/3225 5331/1/3225
f 5403/1/3226 5395/1/3226 5324/1/3226 5332/1/3226
f 5395/1/3227 5387/1/3227 5316/1/3227 5324/1/3227
f 5387/1/3228 5379/1/3228 5308/1/3228 5316/1/3228
f 5379/1/3229 5371/1/3229 5300/1/3229 5308/1/3229
f 5371/1/3230 5363/1/3230 5292/1/3230 5300/1/3230
f 5363/1/3231 5355/1/3231 5284/1/3231 5292/1/3231
f 5355/1/3232 5340/1/3232 5269/1/3232 5284/1/3232
f 5340/1/3233 5339/1/3233 5270/1/3233 5269/1/3233
usemtl gold
f 5411/1/3234 5412/1/3234 5413/1/3234
usemtl gold_edge
f 5414/1/3235 5415/1/3235 5416/1/3235
usemtl gold
f 5411/1/3234 5413/1/3234 5417/1/3234
usemtl gold_edge
f 5414/1/3235 5418/1/3235 5415/1/3235
f 5414/1/3236 5416/1/3236 5412/1/3236 5411/1/3236
f 5416/1/2269 5415/1/2269 5413/1/2269 5412/1/2269
f 5415/1/3237 5418/1/3237 5417/1/3237 5413/1/3237
f 5418/1/1293 5414/1/1293 5411/1/1293 5417/1/1293
usemtl navy
f 5419/1/3234 5420/1/3234 5421/1/3234
usemtl gold_edge
f 5422/1/3235 5423/1/3235 5424/1/3235
usemtl navy
f 5419/1/3234 5421/1/3234 5425/1/3234
usemtl gold_edge
f 5422/1/3235 5426/1/3235 5423/1/3235
f 5422/1/3236 5424/1/3236 5420/1/3236 5419/1/3236
f 5424/1/2269 5423/1/2269 5421/1/2269 5420/1/2269
f 5423/1/3237 5426/1/3237 5425/1/3237 5421/1/3237
f 5426/1/2267 5422/1/2267 5419/1/2267 5425/1/2267
usemtl gold
f 5427/1/3234 5428/1/3234 5429/1/3234
usemtl gold_edge
f 5430/1/3235 5431/1/3235 5432/1/3235
usemtl gold
f 5433/1/3234 5427/1/3234 5429/1/3234
usemtl gold_edge
f 5431/1/3235 5434/1/3235 5432/1/3235
usemtl gold
f 5435/1/3234 5433/1/3234 5429/1/3234
usemtl gold_edge
f 5434/1/3235 5436/1/3235 5432/1/3235
usemtl gold
f 5437/1/3234 5435/1/3234 5429/1/3234
usemtl gold_edge
f 5436/1/3235 5438/1/3235 5432/1/3235
usemtl gold
f 5439/1/3234 5437/1/3234 5429/1/3234
usemtl gold_edge
f 5438/1/3235 5440/1/3235 5432/1/3235
usemtl gold
f 5441/1/3234 5439/1/3234 5429/1/3234
usemtl gold_edge
f 5440/1/3235 5442/1/3235 5432/1/3235
usemtl gold
f 5443/1/3234 5441/1/3234 5429/1/3234
usemtl gold_edge
f 5442/1/3235 5444/1/3235 5432/1/3235
f 5429/1/3238 5428/1/3238 5430/1/3238 5432/1/3238
f 5428/1/3239 5427/1/3239 5431/1/3239 5430/1/3239
f 5427/1/3240 5433/1/3240 5434/1/3240 5431/1/3240
f 5433/1/3241 5435/1/3241 5436/1/3241 5434/1/3241
f 5435/1/3242 5437/1/3242 5438/1/3242 5436/1/3242
f 5437/1/3243 5439/1/3243 5440/1/3243 5438/1/3243
f 5439/1/3244 5441/1/3244 5442/1/3244 5440/1/3244
f 5441/1/3236 5443/1/3236 5444/1/3236 5442/1/3236
f 5443/1/3245 5429/1/3245 5432/1/3245 5444/1/3245
usemtl mana_light
f 5445/1/3234 5446/1/3234 5447/1/3234
usemtl gold_edge
f 5448/1/3235 5449/1/3235 5450/1/3235
usemtl mana_light
f 5445/1/3234 5447/1/3234 5451/1/3234
usemtl gold_edge
f 5448/1/3235 5452/1/3235 5449/1/3235
f 5448/1/3246 5450/1/3246 5446/1/3246 5445/1/3246
f 5450/1/3247 5449/1/3247 5447/1/3247 5446/1/3247
f 5449/1/3248 5452/1/3248 5451/1/3248 5447/1/3248
f 5452/1/3249 5448/1/3249 5445/1/3249 5451/1/3249
usemtl gold
f 5453/1/3250 5454/1/3250 5455/1/3250
f 5453/1/3250 5456/1/3250 5454/1/3250
f 5453/1/3250 5457/1/3250 5456/1/3250
f 5453/1/3250 5458/1/3250 5457/1/3250
f 5453/1/3250 5459/1/3250 5458/1/3250
f 5453/1/3250 5460/1/3250 5459/1/3250
f 5453/1/3250 5461/1/3250 5460/1/3250
f 5453/1/3250 5462/1/3250 5461/1/3250
f 5453/1/3250 5463/1/3250 5462/1/3250
f 5453/1/3250 5464/1/3250 5463/1/3250
f 5453/1/3250 5465/1/3250 5464/1/3250
f 5453/1/3250 5455/1/3250 5465/1/3250
f 5455/1/3251 5454/1/3251 5466/1/3251 5467/1/3251
f 5454/1/3252 5456/1/3252 5468/1/3252 5466/1/3252
f 5456/1/3253 5457/1/3253 5469/1/3253 5468/1/3253
f 5457/1/3254 5458/1/3254 5470/1/3254 5469/1/3254
f 5458/1/3255 5459/1/3255 5471/1/3255 5470/1/3255
f 5459/1/3256 5460/1/3256 5472/1/3256 5471/1/3256
f 5460/1/3257 5461/1/3257 5473/1/3257 5472/1/3257
f 5461/1/3258 5462/1/3258 5474/1/3258 5473/1/3258
f 5462/1/3259 5463/1/3259 5475/1/3259 5474/1/3259
f 5463/1/3260 5464/1/3260 5476/1/3260 5475/1/3260
f 5464/1/3261 5465/1/3261 5477/1/3261 5476/1/3261
f 5465/1/3262 5455/1/3262 5467/1/3262 5477/1/3262
f 5467/1/3263 5466/1/3263 5478/1/3263 5479/1/3263
f 5466/1/3264 5468/1/3264 5480/1/3264 5478/1/3264
f 5468/1/3265 5469/1/3265 5481/1/3265 5480/1/3265
f 5469/1/3266 5470/1/3266 5482/1/3266 5481/1/3266
f 5470/1/3267 5471/1/3267 5483/1/3267 5482/1/3267
f 5471/1/3268 5472/1/3268 5484/1/3268 5483/1/3268
f 5472/1/3269 5473/1/3269 5485/1/3269 5484/1/3269
f 5473/1/3270 5474/1/3270 5486/1/3270 5485/1/3270
f 5474/1/3271 5475/1/3271 5487/1/3271 5486/1/3271
f 5475/1/3272 5476/1/3272 5488/1/3272 5487/1/3272
f 5476/1/3273 5477/1/3273 5489/1/3273 5488/1/3273
f 5477/1/3274 5467/1/3274 5479/1/3274 5489/1/3274
f 5479/1/3275 5478/1/3275 5490/1/3275 5491/1/3275
f 5478/1/3276 5480/1/3276 5492/1/3276 5490/1/3276
f 5480/1/3277 5481/1/3277 5493/1/3277 5492/1/3277
f 5481/1/3278 5482/1/3278 5494/1/3278 5493/1/3278
f 5482/1/3279 5483/1/3279 5495/1/3279 5494/1/3279
f 5483/1/3280 5484/1/3280 5496/1/3280 5495/1/3280
f 5484/1/3281 5485/1/3281 5497/1/3281 5496/1/3281
f 5485/1/3282 5486/1/3282 5498/1/3282 5497/1/3282
f 5486/1/3283 5487/1/3283 5499/1/3283 5498/1/3283
f 5487/1/3284 5488/1/3284 5500/1/3284 5499/1/3284
f 5488/1/3285 5489/1/3285 5501/1/3285 5500/1/3285
f 5489/1/3286 5479/1/3286 5491/1/3286 5501/1/3286
f 5491/1/3287 5490/1/3287 5502/1/3287 5503/1/3287
f 5490/1/3287 5492/1/3287 5504/1/3287 5502/1/3287
f 5492/1/3287 5493/1/3287 5505/1/3287 5504/1/3287
f 5493/1/3287 5494/1/3287 5506/1/3287 5505/1/3287
f 5494/1/3287 5495/1/3287 5507/1/3287 5506/1/3287
f 5495/1/3287 5496/1/3287 5508/1/3287 5507/1/3287
f 5496/1/3287 5497/1/3287 5509/1/3287 5508/1/3287
f 5497/1/3287 5498/1/3287 5510/1/3287 5509/1/3287
f 5498/1/3287 5499/1/3287 5511/1/3287 5510/1/3287
f 5499/1/3287 5500/1/3287 5512/1/3287 5511/1/3287
f 5500/1/3287 5501/1/3287 5513/1/3287 5512/1/3287
f 5501/1/3287 5491/1/3287 5503/1/3287 5513/1/3287
f 5503/1/3269 5502/1/3269 5514/1/3269 5515/1/3269
f 5502/1/3270 5504/1/3270 5516/1/3270 5514/1/3270
f 5504/1/3271 5505/1/3271 5517/1/3271 5516/1/3271
f 5505/1/3272 5506/1/3272 5518/1/3272 5517/1/3272
f 5506/1/3273 5507/1/3273 5519/1/3273 5518/1/3273
f 5507/1/3274 5508/1/3274 5520/1/3274 5519/1/3274
f 5508/1/3263 5509/1/3263 5521/1/3263 5520/1/3263
f 5509/1/3264 5510/1/3264 5522/1/3264 5521/1/3264
f 5510/1/3265 5511/1/3265 5523/1/3265 5522/1/3265
f 5511/1/3266 5512/1/3266 5524/1/3266 5523/1/3266
f 5512/1/3267 5513/1/3267 5525/1/3267 5524/1/3267
f 5513/1/3268 5503/1/3268 5515/1/3268 5525/1/3268
f 5515/1/3287 5514/1/3287 5526/1/3287
f 5514/1/3287 5516/1/3287 5526/1/3287
f 5516/1/3287 5517/1/3287 5526/1/3287
f 5517/1/3287 5518/1/3287 5526/1/3287
f 5518/1/3287 5519/1/3287 5526/1/3287
f 5519/1/3287 5520/1/3287 5526/1/3287
f 5520/1/3287 5521/1/3287 5526/1/3287
f 5521/1/3287 5522/1/3287 5526/1/3287
f 5522/1/3287 5523/1/3287 5526/1/3287
f 5523/1/3287 5524/1/3287 5526/1/3287
f 5524/1/3287 5525/1/3287 5526/1/3287
f 5525/1/3287 5515/1/3287 5526/1/3287
usemtl gold_edge
f 5527/1/3288 5528/1/3288 5529/1/3288 5530/1/3288
f 5528/1/3289 5531/1/3289 5532/1/3289 5529/1/3289
f 5531/1/3290 5533/1/3290 5534/1/3290 5532/1/3290
f 5533/1/3291 5535/1/3291 5536/1/3291 5534/1/3291
f 5535/1/3292 5537/1/3292 5538/1/3292 5536/1/3292
f 5537/1/3293 5539/1/3293 5540/1/3293 5538/1/3293
f 5539/1/3294 5541/1/3294 5542/1/3294 5540/1/3294
f 5541/1/3295 5543/1/3295 5544/1/3295 5542/1/3295
f 5543/1/3296 5545/1/3296 5546/1/3296 5544/1/3296
f 5545/1/3297 5547/1/3297 5548/1/3297 5546/1/3297
f 5547/1/3298 5549/1/3298 5550/1/3298 5548/1/3298
f 5549/1/3299 5527/1/3299 5530/1/3299 5550/1/3299
f 5530/1/3263 5529/1/3263 5551/1/3263 5552/1/3263
f 5529/1/3264 5532/1/3264 5553/1/3264 5551/1/3264
f 5532/1/3265 5534/1/3265 5554/1/3265 5553/1/3265
f 5534/1/3266 5536/1/3266 5555/1/3266 5554/1/3266
f 5536/1/3267 5538/1/3267 5556/1/3267 5555/1/3267
f 5538/1/3268 5540/1/3268 5557/1/3268 5556/1/3268
f 5540/1/3269 5542/1/3269 5558/1/3269 5557/1/3269
f 5542/1/3270 5544/1/3270 5559/1/3270 5558/1/3270
f 5544/1/3271 5546/1/3271 5560/1/3271 5559/1/3271
f 5546/1/3272 5548/1/3272 5561/1/3272 5560/1/3272
f 5548/1/3273 5550/1/3273 5562/1/3273 5561/1/3273
f 5550/1/3274 5530/1/3274 5552/1/3274 5562/1/3274
f 5552/1/3300 5551/1/3300 5563/1/3300 5564/1/3300
f 5551/1/3301 5553/1/3301 5565/1/3301 5563/1/3301
f 5553/1/3302 5554/1/3302 5566/1/3302 5565/1/3302
f 5554/1/3303 5555/1/3303 5567/1/3303 5566/1/3303
f 5555/1/3304 5556/1/3304 5568/1/3304 5567/1/3304
f 5556/1/3305 5557/1/3305 5569/1/3305 5568/1/3305
f 5557/1/3306 5558/1/3306 5570/1/3306 5569/1/3306
f 5558/1/3307 5559/1/3307 5571/1/3307 5570/1/3307
f 5559/1/3308 5560/1/3308 5572/1/3308 5571/1/3308
f 5560/1/3309 5561/1/3309 5573/1/3309 5572/1/3309
f 5561/1/3310 5562/1/3310 5574/1/3310 5573/1/3310
f 5562/1/3311 5552/1/3311 5564/1/3311 5574/1/3311
f 5564/1/3269 5563/1/3269 5528/1/3269 5527/1/3269
f 5563/1/3270 5565/1/3270 5531/1/3270 5528/1/3270
f 5565/1/3271 5566/1/3271 5533/1/3271 5531/1/3271
f 5566/1/3272 5567/1/3272 5535/1/3272 5533/1/3272
f 5567/1/3273 5568/1/3273 5537/1/3273 5535/1/3273
f 5568/1/3274 5569/1/3274 5539/1/3274 5537/1/3274
f 5569/1/3263 5570/1/3263 5541/1/3263 5539/1/3263
f 5570/1/3264 5571/1/3264 5543/1/3264 5541/1/3264
f 5571/1/3265 5572/1/3265 5545/1/3265 5543/1/3265
f 5572/1/3266 5573/1/3266 5547/1/3266 5545/1/3266
f 5573/1/3267 5574/1/3267 5549/1/3267 5547/1/3267
f 5574/1/3268 5564/1/3268 5527/1/3268 5549/1/3268
usemtl mana_core
f 5575/1/3250 5576/1/3250 5577/1/3250
f 5575/1/3250 5578/1/3250 5576/1/3250
f 5575/1/3250 5579/1/3250 5578/1/3250
f 5575/1/3250 5580/1/3250 5579/1/3250
f 5575/1/3250 5581/1/3250 5580/1/3250
f 5575/1/3250 5582/1/3250 5581/1/3250
f 5575/1/3250 5583/1/3250 5582/1/3250
f 5575/1/3250 5584/1/3250 5583/1/3250
f 5575/1/3250 5585/1/3250 5584/1/3250
f 5575/1/3250 5586/1/3250 5585/1/3250
f 5575/1/3250 5587/1/3250 5586/1/3250
f 5575/1/3250 5577/1/3250 5587/1/3250
f 5577/1/3263 5576/1/3263 5588/1/3263 5589/1/3263
f 5576/1/3264 5578/1/3264 5590/1/3264 5588/1/3264
f 5578/1/3265 5579/1/3265 5591/1/3265 5590/1/3265
f 5579/1/3266 5580/1/3266 5592/1/3266 5591/1/3266
f 5580/1/3267 5581/1/3267 5593/1/3267 5592/1/3267
f 5581/1/3268 5582/1/3268 5594/1/3268 5593/1/3268
f 5582/1/3269 5583/1/3269 5595/1/3269 5594/1/3269
f 5583/1/3270 5584/1/3270 5596/1/3270 5595/1/3270
f 5584/1/3271 5585/1/3271 5597/1/3271 5596/1/3271
f 5585/1/3272 5586/1/3272 5598/1/3272 5597/1/3272
f 5586/1/3273 5587/1/3273 5599/1/3273 5598/1/3273
f 5587/1/3274 5577/1/3274 5589/1/3274 5599/1/3274
f 5589/1/3287 5588/1/3287 5600/1/3287
f 5588/1/3287 5590/1/3287 5600/1/3287
f 5590/1/3287 5591/1/3287 5600/1/3287
f 5591/1/3287 5592/1/3287 5600/1/3287
f 5592/1/3287 5593/1/3287 5600/1/3287
f 5593/1/3287 5594/1/3287 5600/1/3287
f 5594/1/3287 5595/1/3287 5600/1/3287
f 5595/1/3287 5596/1/3287 5600/1/3287
f 5596/1/3287 5597/1/3287 5600/1/3287
f 5597/1/3287 5598/1/3287 5600/1/3287
f 5598/1/3287 5599/1/3287 5600/1/3287
f 5599/1/3287 5589/1/3287 5600/1/3287
usemtl gold
f 5601/1/3312 5602/1/3312 5603/1/3312
f 5601/1/3312 5604/1/3312 5602/1/3312
f 5601/1/3312 5605/1/3312 5604/1/3312
f 5601/1/3312 5606/1/3312 5605/1/3312
f 5601/1/3312 5607/1/3312 5606/1/3312
f 5601/1/3312 5608/1/3312 5607/1/3312
f 5601/1/3312 5609/1/3312 5608/1/3312
f 5601/1/3312 5610/1/3312 5609/1/3312
f 5601/1/3312 5611/1/3312 5610/1/3312
f 5601/1/3312 5612/1/3312 5611/1/3312
f 5601/1/3312 5613/1/3312 5612/1/3312
f 5601/1/3312 5603/1/3312 5613/1/3312
f 5603/1/3313 5602/1/3313 5614/1/3313 5615/1/3313
f 5602/1/3314 5604/1/3314 5616/1/3314 5614/1/3314
f 5604/1/3315 5605/1/3315 5617/1/3315 5616/1/3315
f 5605/1/3316 5606/1/3316 5618/1/3316 5617/1/3316
f 5606/1/3317 5607/1/3317 5619/1/3317 5618/1/3317
f 5607/1/3318 5608/1/3318 5620/1/3318 5619/1/3318
f 5608/1/3319 5609/1/3319 5621/1/3319 5620/1/3319
f 5609/1/3320 5610/1/3320 5622/1/3320 5621/1/3320
f 5610/1/3321 5611/1/3321 5623/1/3321 5622/1/3321
f 5611/1/3322 5612/1/3322 5624/1/3322 5623/1/3322
f 5612/1/3323 5613/1/3323 5625/1/3323 5624/1/3323
f 5613/1/3324 5603/1/3324 5615/1/3324 5625/1/3324
f 5615/1/3325 5614/1/3325 5626/1/3325 5627/1/3325
f 5614/1/3326 5616/1/3326 5628/1/3326 5626/1/3326
f 5616/1/3327 5617/1/3327 5629/1/3327 5628/1/3327
f 5617/1/3328 5618/1/3328 5630/1/3328 5629/1/3328
f 5618/1/3329 5619/1/3329 5631/1/3329 5630/1/3329
f 5619/1/3330 5620/1/3330 5632/1/3330 5631/1/3330
f 5620/1/3331 5621/1/3331 5633/1/3331 5632/1/3331
f 5621/1/3332 5622/1/3332 5634/1/3332 5633/1/3332
f 5622/1/3333 5623/1/3333 5635/1/3333 5634/1/3333
f 5623/1/3334 5624/1/3334 5636/1/3334 5635/1/3334
f 5624/1/3335 5625/1/3335 5637/1/3335 5636/1/3335
f 5625/1/3336 5615/1/3336 5627/1/3336 5637/1/3336
f 5627/1/3337 5626/1/3337 5638/1/3337 5639/1/3337
f 5626/1/3338 5628/1/3338 5640/1/3338 5638/1/3338
f 5628/1/3339 5629/1/3339 5641/1/3339 5640/1/3339
f 5629/1/3340 5630/1/3340 5642/1/3340 5641/1/3340
f 5630/1/3341 5631/1/3341 5643/1/3341 5642/1/3341
f 5631/1/3342 5632/1/3342 5644/1/3342 5643/1/3342
f 5632/1/3343 5633/1/3343 5645/1/3343 5644/1/3343
f 5633/1/3344 5634/1/3344 5646/1/3344 5645/1/3344
f 5634/1/3345 5635/1/3345 5647/1/3345 5646/1/3345
f 5635/1/3346 5636/1/3346 5648/1/3346 5647/1/3346
f 5636/1/3347 5637/1/3347 5649/1/3347 5648/1/3347
f 5637/1/3348 5627/1/3348 5639/1/3348 5649/1/3348
f 5639/1/3349 5638/1/3349 5650/1/3349 5651/1/3349
f 5638/1/3349 5640/1/3349 5652/1/3349 5650/1/3349
f 5640/1/3349 5641/1/3349 5653/1/3349 5652/1/3349
f 5641/1/3349 5642/1/3349 5654/1/3349 5653/1/3349
f 5642/1/3349 5643/1/3349 5655/1/3349 5654/1/3349
f 5643/1/3349 5644/1/3349 5656/1/3349 5655/1/3349
f 5644/1/3349 5645/1/3349 5657/1/3349 5656/1/3349
f 5645/1/3349 5646/1/3349 5658/1/3349 5657/1/3349
f 5646/1/3349 5647/1/3349 5659/1/3349 5658/1/3349
f 5647/1/3349 5648/1/3349 5660/1/3349 5659/1/3349
f 5648/1/3349 5649/1/3349 5661/1/3349 5660/1/3349
f 5649/1/3349 5639/1/3349 5651/1/3349 5661/1/3349
f 5651/1/3331 5650/1/3331 5662/1/3331 5663/1/3331
f 5650/1/3332 5652/1/3332 5664/1/3332 5662/1/3332
f 5652/1/3333 5653/1/3333 5665/1/3333 5664/1/3333
f 5653/1/3334 5654/1/3334 5666/1/3334 5665/1/3334
f 5654/1/3335 5655/1/3335 5667/1/3335 5666/1/3335
f 5655/1/3336 5656/1/3336 5668/1/3336 5667/1/3336
f 5656/1/3325 5657/1/3325 5669/1/3325 5668/1/3325
f 5657/1/3326 5658/1/3326 5670/1/3326 5669/1/3326
f 5658/1/3327 5659/1/3327 5671/1/3327 5670/1/3327
f 5659/1/3328 5660/1/3328 5672/1/3328 5671/1/3328
f 5660/1/3329 5661/1/3329 5673/1/3329 5672/1/3329
f 5661/1/3330 5651/1/3330 5663/1/3330 5673/1/3330
f 5663/1/3349 5662/1/3349 5674/1/3349
f 5662/1/3349 5664/1/3349 5674/1/3349
f 5664/1/3349 5665/1/3349 5674/1/3349
f 5665/1/3349 5666/1/3349 5674/1/3349
f 5666/1/3349 5667/1/3349 5674/1/3349
f 5667/1/3349 5668/1/3349 5674/1/3349
f 5668/1/3349 5669/1/3349 5674/1/3349
f 5669/1/3349 5670/1/3349 5674/1/3349
f 5670/1/3349 5671/1/3349 5674/1/3349
f 5671/1/3349 5672/1/3349 5674/1/3349
f 5672/1/3349 5673/1/3349 5674/1/3349
f 5673/1/3349 5663/1/3349 5674/1/3349
usemtl gold_edge
f 5675/1/3350 5676/1/3350 5677/1/3350 5678/1/3350
f 5676/1/3351 5679/1/3351 5680/1/3351 5677/1/3351
f 5679/1/3352 5681/1/3352 5682/1/3352 5680/1/3352
f 5681/1/3353 5683/1/3353 5684/1/3353 5682/1/3353
f 5683/1/3354 5685/1/3354 5686/1/3354 5684/1/3354
f 5685/1/3355 5687/1/3355 5688/1/3355 5686/1/3355
f 5687/1/3356 5689/1/3356 5690/1/3356 5688/1/3356
f 5689/1/3357 5691/1/3357 5692/1/3357 5690/1/3357
f 5691/1/3358 5693/1/3358 5694/1/3358 5692/1/3358
f 5693/1/3359 5695/1/3359 5696/1/3359 5694/1/3359
f 5695/1/3360 5697/1/3360 5698/1/3360 5696/1/3360
f 5697/1/3361 5675/1/3361 5678/1/3361 5698/1/3361
f 5678/1/3325 5677/1/3325 5699/1/3325 5700/1/3325
f 5677/1/3326 5680/1/3326 5701/1/3326 5699/1/3326
f 5680/1/3327 5682/1/3327 5702/1/3327 5701/1/3327
f 5682/1/3328 5684/1/3328 5703/1/3328 5702/1/3328
f 5684/1/3329 5686/1/3329 5704/1/3329 5703/1/3329
f 5686/1/3330 5688/1/3330 5705/1/3330 5704/1/3330
f 5688/1/3331 5690/1/3331 5706/1/3331 5705/1/3331
f 5690/1/3332 5692/1/3332 5707/1/3332 5706/1/3332
f 5692/1/3333 5694/1/3333 5708/1/3333 5707/1/3333
f 5694/1/3334 5696/1/3334 5709/1/3334 5708/1/3334
f 5696/1/3335 5698/1/3335 5710/1/3335 5709/1/3335
f 5698/1/3336 5678/1/3336 5700/1/3336 5710/1/3336
f 5700/1/3362 5699/1/3362 5711/1/3362 5712/1/3362
f 5699/1/3363 5701/1/3363 5713/1/3363 5711/1/3363
f 5701/1/3364 5702/1/3364 5714/1/3364 5713/1/3364
f 5702/1/3365 5703/1/3365 5715/1/3365 5714/1/3365
f 5703/1/3366 5704/1/3366 5716/1/3366 5715/1/3366
f 5704/1/3367 5705/1/3367 5717/1/3367 5716/1/3367
f 5705/1/3368 5706/1/3368 5718/1/3368 5717/1/3368
f 5706/1/3369 5707/1/3369 5719/1/3369 5718/1/3369
f 5707/1/3370 5708/1/3370 5720/1/3370 5719/1/3370
f 5708/1/3371 5709/1/3371 5721/1/3371 5720/1/3371
f 5709/1/3372 5710/1/3372 5722/1/3372 5721/1/3372
f 5710/1/3373 5700/1/3373 5712/1/3373 5722/1/3373
f 5712/1/3331 5711/1/3331 5676/1/3331 5675/1/3331
f 5711/1/3332 5713/1/3332 5679/1/3332 5676/1/3332
f 5713/1/3333 5714/1/3333 5681/1/3333 5679/1/3333
f 5714/1/3334 5715/1/3334 5683/1/3334 5681/1/3334
f 5715/1/3335 5716/1/3335 5685/1/3335 5683/1/3335
f 5716/1/3336 5717/1/3336 5687/1/3336 5685/1/3336
f 5717/1/3325 5718/1/3325 5689/1/3325 5687/1/3325
f 5718/1/3326 5719/1/3326 5691/1/3326 5689/1/3326
f 5719/1/3327 5720/1/3327 5693/1/3327 5691/1/3327
f 5720/1/3328 5721/1/3328 5695/1/3328 5693/1/3328
f 5721/1/3329 5722/1/3329 5697/1/3329 5695/1/3329
f 5722/1/3330 5712/1/3330 5675/1/3330 5697/1/3330
usemtl mana_core
f 5723/1/3312 5724/1/3312 5725/1/3312
f 5723/1/3312 5726/1/3312 5724/1/3312
f 5723/1/3312 5727/1/3312 5726/1/3312
f 5723/1/3312 5728/1/3312 5727/1/3312
f 5723/1/3312 5729/1/3312 5728/1/3312
f 5723/1/3312 5730/1/3312 5729/1/3312
f 5723/1/3312 5731/1/3312 5730/1/3312
f 5723/1/3312 5732/1/3312 5731/1/3312
f 5723/1/3312 5733/1/3312 5732/1/3312
f 5723/1/3312 5734/1/3312 5733/1/3312
f 5723/1/3312 5735/1/3312 5734/1/3312
f 5723/1/3312 5725/1/3312 5735/1/3312
f 5725/1/3325 5724/1/3325 5736/1/3325 5737/1/3325
f 5724/1/3326 5726/1/3326 5738/1/3326 5736/1/3326
f 5726/1/3327 5727/1/3327 5739/1/3327 5738/1/3327
f 5727/1/3328 5728/1/3328 5740/1/3328 5739/1/3328
f 5728/1/3329 5729/1/3329 5741/1/3329 5740/1/3329
f 5729/1/3330 5730/1/3330 5742/1/3330 5741/1/3330
f 5730/1/3331 5731/1/3331 5743/1/3331 5742/1/3331
f 5731/1/3332 5732/1/3332 5744/1/3332 5743/1/3332
f 5732/1/3333 5733/1/3333 5745/1/3333 5744/1/3333
f 5733/1/3334 5734/1/3334 5746/1/3334 5745/1/3334
f 5734/1/3335 5735/1/3335 5747/1/3335 5746/1/3335
f 5735/1/3336 5725/1/3336 5737/1/3336 5747/1/3336
f 5737/1/3349 5736/1/3349 5748/1/3349
f 5736/1/3349 5738/1/3349 5748/1/3349
f 5738/1/3349 5739/1/3349 5748/1/3349
f 5739/1/3349 5740/1/3349 5748/1/3349
f 5740/1/3349 5741/1/3349 5748/1/3349
f 5741/1/3349 5742/1/3349 5748/1/3349
f 5742/1/3349 5743/1/3349 5748/1/3349
f 5743/1/3349 5744/1/3349 5748/1/3349
f 5744/1/3349 5745/1/3349 5748/1/3349
f 5745/1/3349 5746/1/3349 5748/1/3349
f 5746/1/3349 5747/1/3349 5748/1/3349
f 5747/1/3349 5737/1/3349 5748/1/3349
usemtl gold_edge
f 5749/1/2407 5750/1/2407 5751/1/2407
usemtl gold
f 5752/1/2406 5753/1/2406 5754/1/2406
usemtl gold_edge
f 5749/1/2407 5751/1/2407 5755/1/2407
usemtl gold
f 5752/1/2408 5756/1/2408 5753/1/2408
f 5752/1/31 5754/1/31 5750/1/31 5749/1/31
f 5754/1/2410 5753/1/2410 5751/1/2410 5750/1/2410
f 5753/1/502 5756/1/502 5755/1/502 5751/1/502
f 5756/1/2409 5752/1/2409 5749/1/2409 5755/1/2409
usemtl mana_light
f 5757/1/2407 5758/1/2407 5759/1/2407
usemtl gold
f 5760/1/2406 5761/1/2406 5762/1/2406
usemtl mana_light
f 5757/1/2407 5759/1/2407 5763/1/2407
usemtl gold
f 5760/1/2408 5764/1/2408 5761/1/2408
f 5760/1/22 5762/1/22 5758/1/22 5757/1/22
f 5762/1/2410 5761/1/2410 5759/1/2410 5758/1/2410
f 5761/1/502 5764/1/502 5763/1/502 5759/1/502
f 5764/1/2409 5760/1/2409 5757/1/2409 5763/1/2409
usemtl gold_edge
f 5765/1/2412 5766/1/2412 5767/1/2412
usemtl gold
f 5768/1/2411 5769/1/2411 5770/1/2411
usemtl gold_edge
f 5765/1/2412 5767/1/2412 5771/1/2412
usemtl gold
f 5768/1/2413 5772/1/2413 5769/1/2413
f 5768/1/31 5770/1/31 5766/1/31 5765/1/31
f 5770/1/2415 5769/1/2415 5767/1/2415 5766/1/2415
f 5769/1/502 5772/1/502 5771/1/502 5767/1/502
f 5772/1/2414 5768/1/2414 5765/1/2414 5771/1/2414
usemtl mana_light
f 5773/1/2412 5774/1/2412 5775/1/2412
usemtl gold
f 5776/1/2411 5777/1/2411 5778/1/2411
usemtl mana_light
f 5773/1/2412 5775/1/2412 5779/1/2412
usemtl gold
f 5776/1/2413 5780/1/2413 5777/1/2413
f 5776/1/31 5778/1/31 5774/1/31 5773/1/31
f 5778/1/2415 5777/1/2415 5775/1/2415 5774/1/2415
f 5777/1/502 5780/1/502 5779/1/502 5775/1/502
f 5780/1/2414 5776/1/2414 5773/1/2414 5779/1/2414
g shell_5
usemtl ceramic
f 5781/1/3374 5782/1/3375 5783/1/3376 5784/1/3377
f 5785/1/3378 5786/1/3379 5782/1/3375 5781/1/3374
f 5787/1/3380 5788/1/3381 5786/1/3379 5785/1/3378
f 5789/1/3382 5790/1/3383 5788/1/3381 5787/1/3380
f 5791/1/3384 5792/1/3385 5790/1/3383 5789/1/3382
f 5793/1/3386 5794/1/3387 5792/1/3385 5791/1/3384
f 5795/1/3388 5796/1/3389 5794/1/3387 5793/1/3386
f 5782/1/3375 5797/1/3390 5798/1/3391 5783/1/3376
f 5786/1/3379 5799/1/3392 5797/1/3390 5782/1/3375
f 5788/1/3381 5800/1/3393 5799/1/3392 5786/1/3379
f 5790/1/3383 5801/1/3394 5800/1/3393 5788/1/3381
f 5792/1/3385 5802/1/3395 5801/1/3394 5790/1/3383
f 5794/1/3387 5803/1/3396 5802/1/3395 5792/1/3385
f 5796/1/3389 5804/1/3397 5803/1/3396 5794/1/3387
f 5797/1/3390 5805/1/3398 5806/1/3399 5798/1/3391
f 5799/1/3392 5807/1/3400 5805/1/3398 5797/1/3390
f 5800/1/3393 5808/1/3401 5807/1/3400 5799/1/3392
f 5801/1/3394 5809/1/3402 5808/1/3401 5800/1/3393
f 5802/1/3395 5810/1/3403 5809/1/3402 5801/1/3394
f 5803/1/3396 5811/1/3404 5810/1/3403 5802/1/3395
f 5804/1/3397 5812/1/3405 5811/1/3404 5803/1/3396
f 5805/1/3398 5813/1/3406 5814/1/3407 5806/1/3399
f 5807/1/3400 5815/1/3408 5813/1/3406 5805/1/3398
f 5808/1/3401 5816/1/3409 5815/1/3408 5807/1/3400
f 5809/1/3402 5817/1/3410 5816/1/3409 5808/1/3401
f 5810/1/3403 5818/1/3411 5817/1/3410 5809/1/3402
f 5811/1/3404 5819/1/3412 5818/1/3411 5810/1/3403
f 5812/1/3405 5820/1/3413 5819/1/3412 5811/1/3404
f 5813/1/3406 5821/1/3414 5822/1/3415 5814/1/3407
f 5815/1/3408 5823/1/3416 5821/1/3414 5813/1/3406
f 5816/1/3409 5824/1/3417 5823/1/3416 5815/1/3408
f 5817/1/3410 5825/1/3418 5824/1/3417 5816/1/3409
f 5818/1/3411 5826/1/3419 5825/1/3418 5817/1/3410
f 5819/1/3412 5827/1/3420 5826/1/3419 5818/1/3411
f 5820/1/3413 5828/1/3421 5827/1/3420 5819/1/3412
f 5821/1/3414 5829/1/3422 5830/1/3423 5822/1/3415
f 5823/1/3416 5831/1/3424 5829/1/3422 5821/1/3414
f 5824/1/3417 5832/1/3425 5831/1/3424 5823/1/3416
f 5825/1/3418 5833/1/3426 5832/1/3425 5824/1/3417
f 5826/1/3419 5834/1/3427 5833/1/3426 5825/1/3418
f 5827/1/3420 5835/1/3428 5834/1/3427 5826/1/3419
f 5828/1/3421 5836/1/3429 5835/1/3428 5827/1/3420
f 5829/1/3422 5837/1/3430 5838/1/3431 5830/1/3423
f 5831/1/3424 5839/1/3432 5837/1/3430 5829/1/3422
f 5832/1/3425 5840/1/3433 5839/1/3432 5831/1/3424
f 5833/1/3426 5841/1/3434 5840/1/3433 5832/1/3425
f 5834/1/3427 5842/1/3435 5841/1/3434 5833/1/3426
f 5835/1/3428 5843/1/3436 5842/1/3435 5834/1/3427
f 5836/1/3429 5844/1/3437 5843/1/3436 5835/1/3428
f 5837/1/3430 5845/1/3438 5846/1/3439 5838/1/3431
f 5839/1/3432 5847/1/3440 5845/1/3438 5837/1/3430
f 5840/1/3433 5848/1/3441 5847/1/3440 5839/1/3432
f 5841/1/3434 5849/1/3442 5848/1/3441 5840/1/3433
f 5842/1/3435 5850/1/3443 5849/1/3442 5841/1/3434
f 5843/1/3436 5851/1/3444 5850/1/3443 5842/1/3435
f 5844/1/3437 5852/1/3445 5851/1/3444 5843/1/3436
usemtl ceramic_shadow
f 5853/1/3446 5854/1/3447 5855/1/3448 5856/1/3449
f 5856/1/3449 5855/1/3448 5857/1/3450 5858/1/3451
f 5858/1/3451 5857/1/3450 5859/1/3452 5860/1/3453
f 5860/1/3453 5859/1/3452 5861/1/3454 5862/1/3455
f 5862/1/3455 5861/1/3454 5863/1/3456 5864/1/3457
f 5864/1/3457 5863/1/3456 5865/1/3458 5866/1/3459
f 5866/1/3459 5865/1/3458 5867/1/3460 5868/1/3461
f 5854/1/3447 5869/1/3462 5870/1/3463 5855/1/3448
f 5855/1/3448 5870/1/3463 5871/1/3464 5857/1/3450
f 5857/1/3450 5871/1/3464 5872/1/3465 5859/1/3452
f 5859/1/3452 5872/1/3465 5873/1/3466 5861/1/3454
f 5861/1/3454 5873/1/3466 5874/1/3467 5863/1/3456
f 5863/1/3456 5874/1/3467 5875/1/3468 5865/1/3458
f 5865/1/3458 5875/1/3468 5876/1/3469 5867/1/3460
f 5869/1/3462 5877/1/3470 5878/1/3471 5870/1/3463
f 5870/1/3463 5878/1/3471 5879/1/3472 5871/1/3464
f 5871/1/3464 5879/1/3472 5880/1/3473 5872/1/3465
f 5872/1/3465 5880/1/3473 5881/1/3474 5873/1/3466
f 5873/1/3466 5881/1/3474 5882/1/3475 5874/1/3467
f 5874/1/3467 5882/1/3475 5883/1/3476 5875/1/3468
f 5875/1/3468 5883/1/3476 5884/1/3477 5876/1/3469
f 5877/1/3470 5885/1/3478 5886/1/3479 5878/1/3471
f 5878/1/3471 5886/1/3479 5887/1/3480 5879/1/3472
f 5879/1/3472 5887/1/3480 5888/1/3481 5880/1/3473
f 5880/1/3473 5888/1/3481 5889/1/3482 5881/1/3474
f 5881/1/3474 5889/1/3482 5890/1/3483 5882/1/3475
f 5882/1/3475 5890/1/3483 5891/1/3484 5883/1/3476
f 5883/1/3476 5891/1/3484 5892/1/3485 5884/1/3477
f 5885/1/3478 5893/1/3486 5894/1/3487 5886/1/3479
f 5886/1/3479 5894/1/3487 5895/1/3488 5887/1/3480
f 5887/1/3480 5895/1/3488 5896/1/3489 5888/1/3481
f 5888/1/3481 5896/1/3489 5897/1/3490 5889/1/3482
f 5889/1/3482 5897/1/3490 5898/1/3491 5890/1/3483
f 5890/1/3483 5898/1/3491 5899/1/3492 5891/1/3484
f 5891/1/3484 5899/1/3492 5900/1/3493 5892/1/3485
f 5893/1/3486 5901/1/3494 5902/1/3495 5894/1/3487
f 5894/1/3487 5902/1/3495 5903/1/3496 5895/1/3488
f 5895/1/3488 5903/1/3496 5904/1/3497 5896/1/3489
f 5896/1/3489 5904/1/3497 5905/1/3498 5897/1/3490
f 5897/1/3490 5905/1/3498 5906/1/3499 5898/1/3491
f 5898/1/3491 5906/1/3499 5907/1/3500 5899/1/3492
f 5899/1/3492 5907/1/3500 5908/1/3501 5900/1/3493
f 5901/1/3494 5909/1/3502 5910/1/3503 5902/1/3495
f 5902/1/3495 5910/1/3503 5911/1/3504 5903/1/3496
f 5903/1/3496 5911/1/3504 5912/1/3505 5904/1/3497
f 5904/1/3497 5912/1/3505 5913/1/3506 5905/1/3498
f 5905/1/3498 5913/1/3506 5914/1/3507 5906/1/3499
f 5906/1/3499 5914/1/3507 5915/1/3508 5907/1/3500
f 5907/1/3500 5915/1/3508 5916/1/3509 5908/1/3501
f 5909/1/3502 5917/1/3510 5918/1/3511 5910/1/3503
f 5910/1/3503 5918/1/3511 5919/1/3512 5911/1/3504
f 5911/1/3504 5919/1/3512 5920/1/3513 5912/1/3505
f 5912/1/3505 5920/1/3513 5921/1/3514 5913/1/3506
f 5913/1/3506 5921/1/3514 5922/1/3515 5914/1/3507
f 5914/1/3507 5922/1/3515 5923/1/3516 5915/1/3508
f 5915/1/3508 5923/1/3516 5924/1/3517 5916/1/3509
usemtl gold_edge
f 5853/1/3518 5856/1/3518 5781/1/3518 5784/1/3518
f 5856/1/3519 5858/1/3519 5785/1/3519 5781/1/3519
f 5858/1/3520 5860/1/3520 5787/1/3520 5785/1/3520
f 5860/1/3521 5862/1/3521 5789/1/3521 5787/1/3521
f 5862/1/3522 5864/1/3522 5791/1/3522 5789/1/3522
f 5864/1/3523 5866/1/3523 5793/1/3523 5791/1/3523
f 5866/1/3524 5868/1/3524 5795/1/3524 5793/1/3524
f 5868/1/3525 5867/1/3525 5796/1/3525 5795/1/3525
f 5867/1/3526 5876/1/3526 5804/1/3526 5796/1/3526
f 5876/1/3527 5884/1/3527 5812/1/3527 5804/1/3527
f 5884/1/3528 5892/1/3528 5820/1/3528 5812/1/3528
f 5892/1/3529 5900/1/3529 5828/1/3529 5820/1/3529
f 5900/1/3530 5908/1/3530 5836/1/3530 5828/1/3530
f 5908/1/3531 5916/1/3531 5844/1/3531 5836/1/3531
f 5916/1/3532 5924/1/3532 5852/1/3532 5844/1/3532
f 5924/1/3533 5923/1/3533 5851/1/3533 5852/1/3533
f 5923/1/3534 5922/1/3534 5850/1/3534 5851/1/3534
f 5922/1/3535 5921/1/3535 5849/1/3535 5850/1/3535
f 5921/1/3536 5920/1/3536 5848/1/3536 5849/1/3536
f 5920/1/3537 5919/1/3537 5847/1/3537 5848/1/3537
f 5919/1/3538 5918/1/3538 5845/1/3538 5847/1/3538
f 5918/1/3539 5917/1/3539 5846/1/3539 5845/1/3539
f 5917/1/3540 5909/1/3540 5838/1/3540 5846/1/3540
f 5909/1/3541 5901/1/3541 5830/1/3541 5838/1/3541
f 5901/1/3542 5893/1/3542 5822/1/3542 5830/1/3542
f 5893/1/3543 5885/1/3543 5814/1/3543 5822/1/3543
f 5885/1/3544 5877/1/3544 5806/1/3544 5814/1/3544
f 5877/1/3545 5869/1/3545 5798/1/3545 5806/1/3545
f 5869/1/3546 5854/1/3546 5783/1/3546 5798/1/3546
f 5854/1/3547 5853/1/3547 5784/1/3547 5783/1/3547
usemtl gold
f 5925/1/3548 5926/1/3548 5927/1/3548
usemtl gold_edge
f 5928/1/3549 5929/1/3549 5930/1/3549
usemtl gold
f 5925/1/3548 5927/1/3548 5931/1/3548
usemtl gold_edge
f 5928/1/3549 5932/1/3549 5929/1/3549
f 5928/1/3550 5930/1/3550 5926/1/3550 5925/1/3550
f 5930/1/1288 5929/1/1288 5927/1/1288 5926/1/1288
f 5929/1/3551 5932/1/3551 5931/1/3551 5927/1/3551
f 5932/1/2595 5928/1/2595 5925/1/2595 5931/1/2595
usemtl navy
f 5933/1/3548 5934/1/3548 5935/1/3548
usemtl gold_edge
f 5936/1/3549 5937/1/3549 5938/1/3549
usemtl navy
f 5933/1/3548 5935/1/3548 5939/1/3548
usemtl gold_edge
f 5936/1/3549 5940/1/3549 5937/1/3549
f 5936/1/3550 5938/1/3550 5934/1/3550 5933/1/3550
f 5938/1/2594 5937/1/2594 5935/1/2594 5934/1/2594
f 5937/1/3551 5940/1/3551 5939/1/3551 5935/1/3551
f 5940/1/2595 5936/1/2595 5933/1/2595 5939/1/2595
usemtl gold
f 5941/1/3548 5942/1/3548 5943/1/3548
usemtl gold_edge
f 5944/1/3549 5945/1/3549 5946/1/3549
usemtl gold
f 5947/1/3548 5941/1/3548 5943/1/3548
usemtl gold_edge
f 5945/1/3549 5948/1/3549 5946/1/3549
usemtl gold
f 5949/1/3548 5947/1/3548 5943/1/3548
usemtl gold_edge
f 5948/1/3549 5950/1/3549 5946/1/3549
usemtl gold
f 5951/1/3548 5949/1/3548 5943/1/3548
usemtl gold_edge
f 5950/1/3549 5952/1/3549 5946/1/3549
usemtl gold
f 5953/1/3548 5951/1/3548 5943/1/3548
usemtl gold_edge
f 5952/1/3549 5954/1/3549 5946/1/3549
usemtl gold
f 5955/1/3548 5953/1/3548 5943/1/3548
usemtl gold_edge
f 5954/1/3549 5956/1/3549 5946/1/3549
usemtl gold
f 5957/1/3548 5955/1/3548 5943/1/3548
usemtl gold_edge
f 5956/1/3549 5958/1/3549 5946/1/3549
f 5943/1/3552 5942/1/3552 5944/1/3552 5946/1/3552
f 5942/1/3553 5941/1/3553 5945/1/3553 5944/1/3553
f 5941/1/3554 5947/1/3554 5948/1/3554 5945/1/3554
f 5947/1/3555 5949/1/3555 5950/1/3555 5948/1/3555
f 5949/1/3556 5951/1/3556 5952/1/3556 5950/1/3556
f 5951/1/3557 5953/1/3557 5954/1/3557 5952/1/3557
f 5953/1/3558 5955/1/3558 5956/1/3558 5954/1/3558
f 5955/1/3550 5957/1/3550 5958/1/3550 5956/1/3550
f 5957/1/3559 5943/1/3559 5946/1/3559 5958/1/3559
usemtl mana_light
f 5959/1/3548 5960/1/3548 5961/1/3548
usemtl gold_edge
f 5962/1/3549 5963/1/3549 5964/1/3549
usemtl mana_light
f 5959/1/3548 5961/1/3548 5965/1/3548
usemtl gold_edge
f 5962/1/3549 5966/1/3549 5963/1/3549
f 5962/1/3560 5964/1/3560 5960/1/3560 5959/1/3560
f 5964/1/3561 5963/1/3561 5961/1/3561 5960/1/3561
f 5963/1/3562 5966/1/3562 5965/1/3562 5961/1/3562
f 5966/1/3563 5962/1/3563 5959/1/3563 5965/1/3563
usemtl gold
f 5967/1/3564 5968/1/3564 5969/1/3564
f 5967/1/3564 5970/1/3564 5968/1/3564
f 5967/1/3564 5971/1/3564 5970/1/3564
f 5967/1/3564 5972/1/3564 5971/1/3564
f 5967/1/3564 5973/1/3564 5972/1/3564
f 5967/1/3564 5974/1/3564 5973/1/3564
f 5967/1/3564 5975/1/3564 5974/1/3564
f 5967/1/3564 5976/1/3564 5975/1/3564
f 5967/1/3564 5977/1/3564 5976/1/3564
f 5967/1/3564 5978/1/3564 5977/1/3564
f 5967/1/3564 5979/1/3564 5978/1/3564
f 5967/1/3564 5969/1/3564 5979/1/3564
f 5969/1/3565 5968/1/3565 5980/1/3565 5981/1/3565
f 5968/1/3566 5970/1/3566 5982/1/3566 5980/1/3566
f 5970/1/3567 5971/1/3567 5983/1/3567 5982/1/3567
f 5971/1/3568 5972/1/3568 5984/1/3568 5983/1/3568
f 5972/1/3569 5973/1/3569 5985/1/3569 5984/1/3569
f 5973/1/3570 5974/1/3570 5986/1/3570 5985/1/3570
f 5974/1/3571 5975/1/3571 5987/1/3571 5986/1/3571
f 5975/1/3572 5976/1/3572 5988/1/3572 5987/1/3572
f 5976/1/3573 5977/1/3573 5989/1/3573 5988/1/3573
f 5977/1/3574 5978/1/3574 5990/1/3574 5989/1/3574
f 5978/1/3575 5979/1/3575 5991/1/3575 5990/1/3575
f 5979/1/3576 5969/1/3576 5981/1/3576 5991/1/3576
f 5981/1/3577 5980/1/3577 5992/1/3577 5993/1/3577
f 5980/1/3578 5982/1/3578 5994/1/3578 5992/1/3578
f 5982/1/3579 5983/1/3579 5995/1/3579 5994/1/3579
f 5983/1/3580 5984/1/3580 5996/1/3580 5995/1/3580
f 5984/1/3581 5985/1/3581 5997/1/3581 5996/1/3581
f 5985/1/3582 5986/1/3582 5998/1/3582 5997/1/3582
f 5986/1/3583 5987/1/3583 5999/1/3583 5998/1/3583
f 5987/1/3584 5988/1/3584 6000/1/3584 5999/1/3584
f 5988/1/3585 5989/1/3585 6001/1/3585 6000/1/3585
f 5989/1/3586 5990/1/3586 6002/1/3586 6001/1/3586
f 5990/1/3587 5991/1/3587 6003/1/3587 6002/1/3587
f 5991/1/3588 5981/1/3588 5993/1/3588 6003/1/3588
f 5993/1/3589 5992/1/3589 6004/1/3589 6005/1/3589
f 5992/1/3590 5994/1/3590 6006/1/3590 6004/1/3590
f 5994/1/3591 5995/1/3591 6007/1/3591 6006/1/3591
f 5995/1/3592 5996/1/3592 6008/1/3592 6007/1/3592
f 5996/1/3593 5997/1/3593 6009/1/3593 6008/1/3593
f 5997/1/3594 5998/1/3594 6010/1/3594 6009/1/3594
f 5998/1/3595 5999/1/3595 6011/1/3595 6010/1/3595
f 5999/1/3596 6000/1/3596 6012/1/3596 6011/1/3596
f 6000/1/3597 6001/1/3597 6013/1/3597 6012/1/3597
f 6001/1/3598 6002/1/3598 6014/1/3598 6013/1/3598
f 6002/1/3599 6003/1/3599 6015/1/3599 6014/1/3599
f 6003/1/3600 5993/1/3600 6005/1/3600 6015/1/3600
f 6005/1/3601 6004/1/3601 6016/1/3601 6017/1/3601
f 6004/1/3601 6006/1/3601 6018/1/3601 6016/1/3601
f 6006/1/3601 6007/1/3601 6019/1/3601 6018/1/3601
f 6007/1/3601 6008/1/3601 6020/1/3601 6019/1/3601
f 6008/1/3601 6009/1/3601 6021/1/3601 6020/1/3601
f 6009/1/3601 6010/1/3601 6022/1/3601 6021/1/3601
f 6010/1/3601 6011/1/3601 6023/1/3601 6022/1/3601
f 6011/1/3601 6012/1/3601 6024/1/3601 6023/1/3601
f 6012/1/3601 6013/1/3601 6025/1/3601 6024/1/3601
f 6013/1/3601 6014/1/3601 6026/1/3601 6025/1/3601
f 6014/1/3601 6015/1/3601 6027/1/3601 6026/1/3601
f 6015/1/3601 6005/1/3601 6017/1/3601 6027/1/3601
f 6017/1/3583 6016/1/3583 6028/1/3583 6029/1/3583
f 6016/1/3584 6018/1/3584 6030/1/3584 6028/1/3584
f 6018/1/3585 6019/1/3585 6031/1/3585 6030/1/3585
f 6019/1/3586 6020/1/3586 6032/1/3586 6031/1/3586
f 6020/1/3587 6021/1/3587 6033/1/3587 6032/1/3587
f 6021/1/3588 6022/1/3588 6034/1/3588 6033/1/3588
f 6022/1/3577 6023/1/3577 6035/1/3577 6034/1/3577
f 6023/1/3578 6024/1/3578 6036/1/3578 6035/1/3578
f 6024/1/3579 6025/1/3579 6037/1/3579 6036/1/3579
f 6025/1/3580 6026/1/3580 6038/1/3580 6037/1/3580
f 6026/1/3581 6027/1/3581 6039/1/3581 6038/1/3581
f 6027/1/3582 6017/1/3582 6029/1/3582 6039/1/3582
f 6029/1/3601 6028/1/3601 6040/1/3601
f 6028/1/3601 6030/1/3601 6040/1/3601
f 6030/1/3601 6031/1/3601 6040/1/3601
f 6031/1/3601 6032/1/3601 6040/1/3601
f 6032/1/3601 6033/1/3601 6040/1/3601
f 6033/1/3601 6034/1/3601 6040/1/3601
f 6034/1/3601 6035/1/3601 6040/1/3601
f 6035/1/3601 6036/1/3601 6040/1/3601
f 6036/1/3601 6037/1/3601 6040/1/3601
f 6037/1/3601 6038/1/3601 6040/1/3601
f 6038/1/3601 6039/1/3601 6040/1/3601
f 6039/1/3601 6029/1/3601 6040/1/3601
usemtl gold_edge
f 6041/1/3602 6042/1/3602 6043/1/3602 6044/1/3602
f 6042/1/3603 6045/1/3603 6046/1/3603 6043/1/3603
f 6045/1/3604 6047/1/3604 6048/1/3604 6046/1/3604
f 6047/1/3605 6049/1/3605 6050/1/3605 6048/1/3605
f 6049/1/3606 6051/1/3606 6052/1/3606 6050/1/3606
f 6051/1/3607 6053/1/3607 6054/1/3607 6052/1/3607
f 6053/1/3608 6055/1/3608 6056/1/3608 6054/1/3608
f 6055/1/3609 6057/1/3609 6058/1/3609 6056/1/3609
f 6057/1/3610 6059/1/3610 6060/1/3610 6058/1/3610
f 6059/1/3611 6061/1/3611 6062/1/3611 6060/1/3611
f 6061/1/3612 6063/1/3612 6064/1/3612 6062/1/3612
f 6063/1/3613 6041/1/3613 6044/1/3613 6064/1/3613
f 6044/1/3577 6043/1/3577 6065/1/3577 6066/1/3577
f 6043/1/3578 6046/1/3578 6067/1/3578 6065/1/3578
f 6046/1/3579 6048/1/3579 6068/1/3579 6067/1/3579
f 6048/1/3580 6050/1/3580 6069/1/3580 6068/1/3580
f 6050/1/3581 6052/1/3581 6070/1/3581 6069/1/3581
f 6052/1/3582 6054/1/3582 6071/1/3582 6070/1/3582
f 6054/1/3583 6056/1/3583 6072/1/3583 6071/1/3583
f 6056/1/3584 6058/1/3584 6073/1/3584 6072/1/3584
f 6058/1/3585 6060/1/3585 6074/1/3585 6073/1/3585
f 6060/1/3586 6062/1/3586 6075/1/3586 6074/1/3586
f 6062/1/3587 6064/1/3587 6076/1/3587 6075/1/3587
f 6064/1/3588 6044/1/3588 6066/1/3588 6076/1/3588
f 6066/1/3614 6065/1/3614 6077/1/3614 6078/1/3614
f 6065/1/3615 6067/1/3615 6079/1/3615 6077/1/3615
f 6067/1/3616 6068/1/3616 6080/1/3616 6079/1/3616
f 6068/1/3617 6069/1/3617 6081/1/3617 6080/1/3617
f 6069/1/3618 6070/1/3618 6082/1/3618 6081/1/3618
f 6070/1/3619 6071/1/3619 6083/1/3619 6082/1/3619
f 6071/1/3620 6072/1/3620 6084/1/3620 6083/1/3620
f 6072/1/3621 6073/1/3621 6085/1/3621 6084/1/3621
f 6073/1/3622 6074/1/3622 6086/1/3622 6085/1/3622
f 6074/1/3623 6075/1/3623 6087/1/3623 6086/1/3623
f 6075/1/3624 6076/1/3624 6088/1/3624 6087/1/3624
f 6076/1/3625 6066/1/3625 6078/1/3625 6088/1/3625
f 6078/1/3583 6077/1/3583 6042/1/3583 6041/1/3583
f 6077/1/3584 6079/1/3584 6045/1/3584 6042/1/3584
f 6079/1/3585 6080/1/3585 6047/1/3585 6045/1/3585
f 6080/1/3586 6081/1/3586 6049/1/3586 6047/1/3586
f 6081/1/3587 6082/1/3587 6051/1/3587 6049/1/3587
f 6082/1/3588 6083/1/3588 6053/1/3588 6051/1/3588
f 6083/1/3577 6084/1/3577 6055/1/3577 6053/1/3577
f 6084/1/3578 6085/1/3578 6057/1/3578 6055/1/3578
f 6085/1/3579 6086/1/3579 6059/1/3579 6057/1/3579
f 6086/1/3580 6087/1/3580 6061/1/3580 6059/1/3580
f 6087/1/3581 6088/1/3581 6063/1/3581 6061/1/3581
f 6088/1/3582 6078/1/3582 6041/1/3582 6063/1/3582
usemtl mana_core
f 6089/1/3564 6090/1/3564 6091/1/3564
f 6089/1/3564 6092/1/3564 6090/1/3564
f 6089/1/3564 6093/1/3564 6092/1/3564
f 6089/1/3564 6094/1/3564 6093/1/3564
f 6089/1/3564 6095/1/3564 6094/1/3564
f 6089/1/3564 6096/1/3564 6095/1/3564
f 6089/1/3564 6097/1/3564 6096/1/3564
f 6089/1/3564 6098/1/3564 6097/1/3564
f 6089/1/3564 6099/1/3564 6098/1/3564
f 6089/1/3564 6100/1/3564 6099/1/3564
f 6089/1/3564 6101/1/3564 6100/1/3564
f 6089/1/3564 6091/1/3564 6101/1/3564
f 6091/1/3577 6090/1/3577 6102/1/3577 6103/1/3577
f 6090/1/3578 6092/1/3578 6104/1/3578 6102/1/3578
f 6092/1/3579 6093/1/3579 6105/1/3579 6104/1/3579
f 6093/1/3580 6094/1/3580 6106/1/3580 6105/1/3580
f 6094/1/3581 6095/1/3581 6107/1/3581 6106/1/3581
f 6095/1/3582 6096/1/3582 6108/1/3582 6107/1/3582
f 6096/1/3583 6097/1/3583 6109/1/3583 6108/1/3583
f 6097/1/3584 6098/1/3584 6110/1/3584 6109/1/3584
f 6098/1/3585 6099/1/3585 6111/1/3585 6110/1/3585
f 6099/1/3586 6100/1/3586 6112/1/3586 6111/1/3586
f 6100/1/3587 6101/1/3587 6113/1/3587 6112/1/3587
f 6101/1/3588 6091/1/3588 6103/1/3588 6113/1/3588
f 6103/1/3601 6102/1/3601 6114/1/3601
f 6102/1/3601 6104/1/3601 6114/1/3601
f 6104/1/3601 6105/1/3601 6114/1/3601
f 6105/1/3601 6106/1/3601 6114/1/3601
f 6106/1/3601 6107/1/3601 6114/1/3601
f 6107/1/3601 6108/1/3601 6114/1/3601
f 6108/1/3601 6109/1/3601 6114/1/3601
f 6109/1/3601 6110/1/3601 6114/1/3601
f 6110/1/3601 6111/1/3601 6114/1/3601
f 6111/1/3601 6112/1/3601 6114/1/3601
f 6112/1/3601 6113/1/3601 6114/1/3601
f 6113/1/3601 6103/1/3601 6114/1/3601
usemtl gold
f 6115/1/3626 6116/1/3626 6117/1/3626
f 6115/1/3626 6118/1/3626 6116/1/3626
f 6115/1/3626 6119/1/3626 6118/1/3626
f 6115/1/3626 6120/1/3626 6119/1/3626
f 6115/1/3626 6121/1/3626 6120/1/3626
f 6115/1/3626 6122/1/3626 6121/1/3626
f 6115/1/3626 6123/1/3626 6122/1/3626
f 6115/1/3626 6124/1/3626 6123/1/3626
f 6115/1/3626 6125/1/3626 6124/1/3626
f 6115/1/3626 6126/1/3626 6125/1/3626
f 6115/1/3626 6127/1/3626 6126/1/3626
f 6115/1/3626 6117/1/3626 6127/1/3626
f 6117/1/3627 6116/1/3627 6128/1/3627 6129/1/3627
f 6116/1/3628 6118/1/3628 6130/1/3628 6128/1/3628
f 6118/1/3629 6119/1/3629 6131/1/3629 6130/1/3629
f 6119/1/3630 6120/1/3630 6132/1/3630 6131/1/3630
f 6120/1/3631 6121/1/3631 6133/1/3631 6132/1/3631
f 6121/1/3632 6122/1/3632 6134/1/3632 6133/1/3632
f 6122/1/3633 6123/1/3633 6135/1/3633 6134/1/3633
f 6123/1/3634 6124/1/3634 6136/1/3634 6135/1/3634
f 6124/1/3635 6125/1/3635 6137/1/3635 6136/1/3635
f 6125/1/3636 6126/1/3636 6138/1/3636 6137/1/3636
f 6126/1/3637 6127/1/3637 6139/1/3637 6138/1/3637
f 6127/1/3638 6117/1/3638 6129/1/3638 6139/1/3638
f 6129/1/3639 6128/1/3639 6140/1/3639 6141/1/3639
f 6128/1/3640 6130/1/3640 6142/1/3640 6140/1/3640
f 6130/1/3641 6131/1/3641 6143/1/3641 6142/1/3641
f 6131/1/3642 6132/1/3642 6144/1/3642 6143/1/3642
f 6132/1/3643 6133/1/3643 6145/1/3643 6144/1/3643
f 6133/1/3644 6134/1/3644 6146/1/3644 6145/1/3644
f 6134/1/3645 6135/1/3645 6147/1/3645 6146/1/3645
f 6135/1/3646 6136/1/3646 6148/1/3646 6147/1/3646
f 6136/1/3647 6137/1/3647 6149/1/3647 6148/1/3647
f 6137/1/3648 6138/1/3648 6150/1/3648 6149/1/3648
f 6138/1/3649 6139/1/3649 6151/1/3649 6150/1/3649
f 6139/1/3650 6129/1/3650 6141/1/3650 6151/1/3650
f 6141/1/3651 6140/1/3651 6152/1/3651 6153/1/3651
f 6140/1/3652 6142/1/3652 6154/1/3652 6152/1/3652
f 6142/1/3653 6143/1/3653 6155/1/3653 6154/1/3653
f 6143/1/3654 6144/1/3654 6156/1/3654 6155/1/3654
f 6144/1/3655 6145/1/3655 6157/1/3655 6156/1/3655
f 6145/1/3656 6146/1/3656 6158/1/3656 6157/1/3656
f 6146/1/3657 6147/1/3657 6159/1/3657 6158/1/3657
f 6147/1/3658 6148/1/3658 6160/1/3658 6159/1/3658
f 6148/1/3659 6149/1/3659 6161/1/3659 6160/1/3659
f 6149/1/3660 6150/1/3660 6162/1/3660 6161/1/3660
f 6150/1/3661 6151/1/3661 6163/1/3661 6162/1/3661
f 6151/1/3662 6141/1/3662 6153/1/3662 6163/1/3662
f 6153/1/3663 6152/1/3663 6164/1/3663 6165/1/3663
f 6152/1/3663 6154/1/3663 6166/1/3663 6164/1/3663
f 6154/1/3663 6155/1/3663 6167/1/3663 6166/1/3663
f 6155/1/3663 6156/1/3663 6168/1/3663 6167/1/3663
f 6156/1/3663 6157/1/3663 6169/1/3663 6168/1/3663
f 6157/1/3663 6158/1/3663 6170/1/3663 6169/1/3663
f 6158/1/3663 6159/1/3663 6171/1/3663 6170/1/3663
f 6159/1/3663 6160/1/3663 6172/1/3663 6171/1/3663
f 6160/1/3663 6161/1/3663 6173/1/3663 6172/1/3663
f 6161/1/3663 6162/1/3663 6174/1/3663 6173/1/3663
f 6162/1/3663 6163/1/3663 6175/1/3663 6174/1/3663
f 6163/1/3663 6153/1/3663 6165/1/3663 6175/1/3663
f 6165/1/3645 6164/1/3645 6176/1/3645 6177/1/3645
f 6164/1/3646 6166/1/3646 6178/1/3646 6176/1/3646
f 6166/1/3647 6167/1/3647 6179/1/3647 6178/1/3647
f 6167/1/3648 6168/1/3648 6180/1/3648 6179/1/3648
f 6168/1/3649 6169/1/3649 6181/1/3649 6180/1/3649
f 6169/1/3650 6170/1/3650 6182/1/3650 6181/1/3650
f 6170/1/3639 6171/1/3639 6183/1/3639 6182/1/3639
f 6171/1/3640 6172/1/3640 6184/1/3640 6183/1/3640
f 6172/1/3641 6173/1/3641 6185/1/3641 6184/1/3641
f 6173/1/3642 6174/1/3642 6186/1/3642 6185/1/3642
f 6174/1/3643 6175/1/3643 6187/1/3643 6186/1/3643
f 6175/1/3644 6165/1/3644 6177/1/3644 6187/1/3644
f 6177/1/3663 6176/1/3663 6188/1/3663
f 6176/1/3663 6178/1/3663 6188/1/3663
f 6178/1/3663 6179/1/3663 6188/1/3663
f 6179/1/3663 6180/1/3663 6188/1/3663
f 6180/1/3663 6181/1/3663 6188/1/3663
f 6181/1/3663 6182/1/3663 6188/1/3663
f 6182/1/3663 6183/1/3663 6188/1/3663
f 6183/1/3663 6184/1/3663 6188/1/3663
f 6184/1/3663 6185/1/3663 6188/1/3663
f 6185/1/3663 6186/1/3663 6188/1/3663
f 6186/1/3663 6187/1/3663 6188/1/3663
f 6187/1/3663 6177/1/3663 6188/1/3663
usemtl gold_edge
f 6189/1/3664 6190/1/3664 6191/1/3664 6192/1/3664
f 6190/1/3665 6193/1/3665 6194/1/3665 6191/1/3665
f 6193/1/3666 6195/1/3666 6196/1/3666 6194/1/3666
f 6195/1/3667 6197/1/3667 6198/1/3667 6196/1/3667
f 6197/1/3668 6199/1/3668 6200/1/3668 6198/1/3668
f 6199/1/3669 6201/1/3669 6202/1/3669 6200/1/3669
f 6201/1/3670 6203/1/3670 6204/1/3670 6202/1/3670
f 6203/1/3671 6205/1/3671 6206/1/3671 6204/1/3671
f 6205/1/3672 6207/1/3672 6208/1/3672 6206/1/3672
f 6207/1/3673 6209/1/3673 6210/1/3673 6208/1/3673
f 6209/1/3674 6211/1/3674 6212/1/3674 6210/1/3674
f 6211/1/3675 6189/1/3675 6192/1/3675 6212/1/3675
f 6192/1/3639 6191/1/3639 6213/1/3639 6214/1/3639
f 6191/1/3640 6194/1/3640 6215/1/3640 6213/1/3640
f 6194/1/3641 6196/1/3641 6216/1/3641 6215/1/3641
f 6196/1/3642 6198/1/3642 6217/1/3642 6216/1/3642
f 6198/1/3643 6200/1/3643 6218/1/3643 6217/1/3643
f 6200/1/3644 6202/1/3644 6219/1/3644 6218/1/3644
f 6202/1/3645 6204/1/3645 6220/1/3645 6219/1/3645
f 6204/1/3646 6206/1/3646 6221/1/3646 6220/1/3646
f 6206/1/3647 6208/1/3647 6222/1/3647 6221/1/3647
f 6208/1/3648 6210/1/3648 6223/1/3648 6222/1/3648
f 6210/1/3649 6212/1/3649 6224/1/3649 6223/1/3649
f 6212/1/3650 6192/1/3650 6214/1/3650 6224/1/3650
f 6214/1/3676 6213/1/3676 6225/1/3676 6226/1/3676
f 6213/1/3677 6215/1/3677 6227/1/3677 6225/1/3677
f 6215/1/3678 6216/1/3678 6228/1/3678 6227/1/3678
f 6216/1/3679 6217/1/3679 6229/1/3679 6228/1/3679
f 6217/1/3680 6218/1/3680 6230/1/3680 6229/1/3680
f 6218/1/3681 6219/1/3681 6231/1/3681 6230/1/3681
f 6219/1/3682 6220/1/3682 6232/1/3682 6231/1/3682
f 6220/1/3683 6221/1/3683 6233/1/3683 6232/1/3683
f 6221/1/3684 6222/1/3684 6234/1/3684 6233/1/3684
f 6222/1/3685 6223/1/3685 6235/1/3685 6234/1/3685
f 6223/1/3686 6224/1/3686 6236/1/3686 6235/1/3686
f 6224/1/3687 6214/1/3687 6226/1/3687 6236/1/3687
f 6226/1/3645 6225/1/3645 6190/1/3645 6189/1/3645
f 6225/1/3646 6227/1/3646 6193/1/3646 6190/1/3646
f 6227/1/3647 6228/1/3647 6195/1/3647 6193/1/3647
f 6228/1/3648 6229/1/3648 6197/1/3648 6195/1/3648
f 6229/1/3649 6230/1/3649 6199/1/3649 6197/1/3649
f 6230/1/3650 6231/1/3650 6201/1/3650 6199/1/3650
f 6231/1/3639 6232/1/3639 6203/1/3639 6201/1/3639
f 6232/1/3640 6233/1/3640 6205/1/3640 6203/1/3640
f 6233/1/3641 6234/1/3641 6207/1/3641 6205/1/3641
f 6234/1/3642 6235/1/3642 6209/1/3642 6207/1/3642
f 6235/1/3643 6236/1/3643 6211/1/3643 6209/1/3643
f 6236/1/3644 6226/1/3644 6189/1/3644 6211/1/3644
usemtl mana_core
f 6237/1/3626 6238/1/3626 6239/1/3626
f 6237/1/3626 6240/1/3626 6238/1/3626
f 6237/1/3626 6241/1/3626 6240/1/3626
f 6237/1/3626 6242/1/3626 6241/1/3626
f 6237/1/3626 6243/1/3626 6242/1/3626
f 6237/1/3626 6244/1/3626 6243/1/3626
f 6237/1/3626 6245/1/3626 6244/1/3626
f 6237/1/3626 6246/1/3626 6245/1/3626
f 6237/1/3626 6247/1/3626 6246/1/3626
f 6237/1/3626 6248/1/3626 6247/1/3626
f 6237/1/3626 6249/1/3626 6248/1/3626
f 6237/1/3626 6239/1/3626 6249/1/3626
f 6239/1/3639 6238/1/3639 6250/1/3639 6251/1/3639
f 6238/1/3640 6240/1/3640 6252/1/3640 6250/1/3640
f 6240/1/3641 6241/1/3641 6253/1/3641 6252/1/3641
f 6241/1/3642 6242/1/3642 6254/1/3642 6253/1/3642
f 6242/1/3643 6243/1/3643 6255/1/3643 6254/1/3643
f 6243/1/3644 6244/1/3644 6256/1/3644 6255/1/3644
f 6244/1/3645 6245/1/3645 6257/1/3645 6256/1/3645
f 6245/1/3646 6246/1/3646 6258/1/3646 6257/1/3646
f 6246/1/3647 6247/1/3647 6259/1/3647 6258/1/3647
f 6247/1/3648 6248/1/3648 6260/1/3648 6259/1/3648
f 6248/1/3649 6249/1/3649 6261/1/3649 6260/1/3649
f 6249/1/3650 6239/1/3650 6251/1/3650 6261/1/3650
f 6251/1/3663 6250/1/3663 6262/1/3663
f 6250/1/3663 6252/1/3663 6262/1/3663
f 6252/1/3663 6253/1/3663 6262/1/3663
f 6253/1/3663 6254/1/3663 6262/1/3663
f 6254/1/3663 6255/1/3663 6262/1/3663
f 6255/1/3663 6256/1/3663 6262/1/3663
f 6256/1/3663 6257/1/3663 6262/1/3663
f 6257/1/3663 6258/1/3663 6262/1/3663
f 6258/1/3663 6259/1/3663 6262/1/3663
f 6259/1/3663 6260/1/3663 6262/1/3663
f 6260/1/3663 6261/1/3663 6262/1/3663
f 6261/1/3663 6251/1/3663 6262/1/3663
usemtl gold_edge
f 6263/1/2733 6264/1/2733 6265/1/2733
usemtl gold
f 6266/1/2732 6267/1/2732 6268/1/2732
usemtl gold_edge
f 6263/1/2733 6265/1/2733 6269/1/2733
usemtl gold
f 6266/1/2732 6270/1/2732 6267/1/2732
f 6266/1/22 6268/1/22 6264/1/22 6263/1/22
f 6268/1/3688 6267/1/3688 6265/1/3688 6264/1/3688
f 6267/1/503 6270/1/503 6269/1/503 6265/1/503
f 6270/1/3689 6266/1/3689 6263/1/3689 6269/1/3689
usemtl mana_light
f 6271/1/2733 6272/1/2733 6273/1/2733
usemtl gold
f 6274/1/2732 6275/1/2732 6276/1/2732
usemtl mana_light
f 6271/1/2733 6273/1/2733 6277/1/2733
usemtl gold
f 6274/1/2732 6278/1/2732 6275/1/2732
f 6274/1/22 6276/1/22 6272/1/22 6271/1/22
f 6276/1/3688 6275/1/3688 6273/1/3688 6272/1/3688
f 6275/1/503 6278/1/503 6277/1/503 6273/1/503
f 6278/1/3689 6274/1/3689 6271/1/3689 6277/1/3689
usemtl gold_edge
f 6279/1/2737 6280/1/2737 6281/1/2737
usemtl gold
f 6282/1/2736 6283/1/2736 6284/1/2736
usemtl gold_edge
f 6279/1/2737 6281/1/2737 6285/1/2737
usemtl gold
f 6282/1/2736 6286/1/2736 6283/1/2736
f 6282/1/13 6284/1/13 6280/1/13 6279/1/13
f 6284/1/3690 6283/1/3690 6281/1/3690 6280/1/3690
f 6283/1/503 6286/1/503 6285/1/503 6281/1/503
f 6286/1/3691 6282/1/3691 6279/1/3691 6285/1/3691
usemtl mana_light
f 6287/1/2737 6288/1/2737 6289/1/2737
usemtl gold
f 6290/1/2736 6291/1/2736 6292/1/2736
usemtl mana_light
f 6287/1/2737 6289/1/2737 6293/1/2737
usemtl gold
f 6290/1/2736 6294/1/2736 6291/1/2736
f 6290/1/22 6292/1/22 6288/1/22 6287/1/22
f 6292/1/3690 6291/1/3690 6289/1/3690 6288/1/3690
f 6291/1/502 6294/1/502 6293/1/502 6289/1/502
f 6294/1/3691 6290/1/3691 6287/1/3691 6293/1/3691
