# Relics-P04; model coordinates in block units; front faces -Z
mtllib mana_drone_lod.mtl
v 0.5766432 0.5442500 0.3467135
v 0.5885000 0.5000000 0.3467135
v 0.5000000 0.5000000 0.3230000
v 0.5442500 0.5766432 0.3467135
v 0.5766432 0.5442500 0.3467135
v 0.5000000 0.5000000 0.3230000
v 0.5000000 0.5885000 0.3467135
v 0.5442500 0.5766432 0.3467135
v 0.5000000 0.5000000 0.3230000
v 0.4557500 0.5766432 0.3467135
v 0.5000000 0.5885000 0.3467135
v 0.5000000 0.5000000 0.3230000
v 0.4233568 0.5442500 0.3467135
v 0.4557500 0.5766432 0.3467135
v 0.5000000 0.5000000 0.3230000
v 0.4115000 0.5000000 0.3467135
v 0.4233568 0.5442500 0.3467135
v 0.5000000 0.5000000 0.3230000
v 0.4233568 0.4557500 0.3467135
v 0.4115000 0.5000000 0.3467135
v 0.5000000 0.5000000 0.3230000
v 0.4557500 0.4233568 0.3467135
v 0.4233568 0.4557500 0.3467135
v 0.5000000 0.5000000 0.3230000
v 0.5000000 0.4115000 0.3467135
v 0.4557500 0.4233568 0.3467135
v 0.5000000 0.5000000 0.3230000
v 0.5442500 0.4233568 0.3467135
v 0.5000000 0.4115000 0.3467135
v 0.5000000 0.5000000 0.3230000
v 0.5766432 0.4557500 0.3467135
v 0.5442500 0.4233568 0.3467135
v 0.5000000 0.5000000 0.3230000
v 0.5885000 0.5000000 0.3467135
v 0.5766432 0.4557500 0.3467135
v 0.5000000 0.5000000 0.3230000
v 0.5766432 0.5442500 0.3467135
v 0.6327500 0.5766432 0.4115000
v 0.6532865 0.5000000 0.4115000
v 0.5885000 0.5000000 0.3467135
v 0.5442500 0.5766432 0.3467135
v 0.5766432 0.6327500 0.4115000
v 0.6327500 0.5766432 0.4115000
v 0.5766432 0.5442500 0.3467135
v 0.5000000 0.5885000 0.3467135
v 0.5000000 0.6532865 0.4115000
v 0.5766432 0.6327500 0.4115000
v 0.5442500 0.5766432 0.3467135
v 0.4557500 0.5766432 0.3467135
v 0.4233568 0.6327500 0.4115000
v 0.5000000 0.6532865 0.4115000
v 0.5000000 0.5885000 0.3467135
v 0.4233568 0.5442500 0.3467135
v 0.3672500 0.5766432 0.4115000
v 0.4233568 0.6327500 0.4115000
v 0.4557500 0.5766432 0.3467135
v 0.4115000 0.5000000 0.3467135
v 0.3467135 0.5000000 0.4115000
v 0.3672500 0.5766432 0.4115000
v 0.4233568 0.5442500 0.3467135
v 0.4233568 0.4557500 0.3467135
v 0.3672500 0.4233568 0.4115000
v 0.3467135 0.5000000 0.4115000
v 0.4115000 0.5000000 0.3467135
v 0.4557500 0.4233568 0.3467135
v 0.4233568 0.3672500 0.4115000
v 0.3672500 0.4233568 0.4115000
v 0.4233568 0.4557500 0.3467135
v 0.5000000 0.4115000 0.3467135
v 0.5000000 0.3467135 0.4115000
v 0.4233568 0.3672500 0.4115000
v 0.4557500 0.4233568 0.3467135
v 0.5442500 0.4233568 0.3467135
v 0.5766432 0.3672500 0.4115000
v 0.5000000 0.3467135 0.4115000
v 0.5000000 0.4115000 0.3467135
v 0.5766432 0.4557500 0.3467135
v 0.6327500 0.4233568 0.4115000
v 0.5766432 0.3672500 0.4115000
v 0.5442500 0.4233568 0.3467135
v 0.5885000 0.5000000 0.3467135
v 0.6532865 0.5000000 0.4115000
v 0.6327500 0.4233568 0.4115000
v 0.5766432 0.4557500 0.3467135
v 0.6327500 0.5766432 0.4115000
v 0.6532865 0.5885000 0.5000000
v 0.6770000 0.5000000 0.5000000
v 0.6532865 0.5000000 0.4115000
v 0.5766432 0.6327500 0.4115000
v 0.5885000 0.6532865 0.5000000
v 0.6532865 0.5885000 0.5000000
v 0.6327500 0.5766432 0.4115000
v 0.5000000 0.6532865 0.4115000
v 0.5000000 0.6770000 0.5000000
v 0.5885000 0.6532865 0.5000000
v 0.5766432 0.6327500 0.4115000
v 0.4233568 0.6327500 0.4115000
v 0.4115000 0.6532865 0.5000000
v 0.5000000 0.6770000 0.5000000
v 0.5000000 0.6532865 0.4115000
v 0.3672500 0.5766432 0.4115000
v 0.3467135 0.5885000 0.5000000
v 0.4115000 0.6532865 0.5000000
v 0.4233568 0.6327500 0.4115000
v 0.3467135 0.5000000 0.4115000
v 0.3230000 0.5000000 0.5000000
v 0.3467135 0.5885000 0.5000000
v 0.3672500 0.5766432 0.4115000
v 0.3672500 0.4233568 0.4115000
v 0.3467135 0.4115000 0.5000000
v 0.3230000 0.5000000 0.5000000
v 0.3467135 0.5000000 0.4115000
v 0.4233568 0.3672500 0.4115000
v 0.4115000 0.3467135 0.5000000
v 0.3467135 0.4115000 0.5000000
v 0.3672500 0.4233568 0.4115000
v 0.5000000 0.3467135 0.4115000
v 0.5000000 0.3230000 0.5000000
v 0.4115000 0.3467135 0.5000000
v 0.4233568 0.3672500 0.4115000
v 0.5766432 0.3672500 0.4115000
v 0.5885000 0.3467135 0.5000000
v 0.5000000 0.3230000 0.5000000
v 0.5000000 0.3467135 0.4115000
v 0.6327500 0.4233568 0.4115000
v 0.6532865 0.4115000 0.5000000
v 0.5885000 0.3467135 0.5000000
v 0.5766432 0.3672500 0.4115000
v 0.6532865 0.5000000 0.4115000
v 0.6770000 0.5000000 0.5000000
v 0.6532865 0.4115000 0.5000000
v 0.6327500 0.4233568 0.4115000
v 0.6532865 0.5885000 0.5000000
v 0.6327500 0.5766432 0.5885000
v 0.6532865 0.5000000 0.5885000
v 0.6770000 0.5000000 0.5000000
v 0.5885000 0.6532865 0.5000000
v 0.5766432 0.6327500 0.5885000
v 0.6327500 0.5766432 0.5885000
v 0.6532865 0.5885000 0.5000000
v 0.5000000 0.6770000 0.5000000
v 0.5000000 0.6532865 0.5885000
v 0.5766432 0.6327500 0.5885000
v 0.5885000 0.6532865 0.5000000
v 0.4115000 0.6532865 0.5000000
v 0.4233568 0.6327500 0.5885000
v 0.5000000 0.6532865 0.5885000
v 0.5000000 0.6770000 0.5000000
v 0.3467135 0.5885000 0.5000000
v 0.3672500 0.5766432 0.5885000
v 0.4233568 0.6327500 0.5885000
v 0.4115000 0.6532865 0.5000000
v 0.3230000 0.5000000 0.5000000
v 0.3467135 0.5000000 0.5885000
v 0.3672500 0.5766432 0.5885000
v 0.3467135 0.5885000 0.5000000
v 0.3467135 0.4115000 0.5000000
v 0.3672500 0.4233568 0.5885000
v 0.3467135 0.5000000 0.5885000
v 0.3230000 0.5000000 0.5000000
v 0.4115000 0.3467135 0.5000000
v 0.4233568 0.3672500 0.5885000
v 0.3672500 0.4233568 0.5885000
v 0.3467135 0.4115000 0.5000000
v 0.5000000 0.3230000 0.5000000
v 0.5000000 0.3467135 0.5885000
v 0.4233568 0.3672500 0.5885000
v 0.4115000 0.3467135 0.5000000
v 0.5885000 0.3467135 0.5000000
v 0.5766432 0.3672500 0.5885000
v 0.5000000 0.3467135 0.5885000
v 0.5000000 0.3230000 0.5000000
v 0.6532865 0.4115000 0.5000000
v 0.6327500 0.4233568 0.5885000
v 0.5766432 0.3672500 0.5885000
v 0.5885000 0.3467135 0.5000000
v 0.6770000 0.5000000 0.5000000
v 0.6532865 0.5000000 0.5885000
v 0.6327500 0.4233568 0.5885000
v 0.6532865 0.4115000 0.5000000
v 0.6327500 0.5766432 0.5885000
v 0.5766432 0.5442500 0.6532865
v 0.5885000 0.5000000 0.6532865
v 0.6532865 0.5000000 0.5885000
v 0.5766432 0.6327500 0.5885000
v 0.5442500 0.5766432 0.6532865
v 0.5766432 0.5442500 0.6532865
v 0.6327500 0.5766432 0.5885000
v 0.5000000 0.6532865 0.5885000
v 0.5000000 0.5885000 0.6532865
v 0.5442500 0.5766432 0.6532865
v 0.5766432 0.6327500 0.5885000
v 0.4233568 0.6327500 0.5885000
v 0.4557500 0.5766432 0.6532865
v 0.5000000 0.5885000 0.6532865
v 0.5000000 0.6532865 0.5885000
v 0.3672500 0.5766432 0.5885000
v 0.4233568 0.5442500 0.6532865
v 0.4557500 0.5766432 0.6532865
v 0.4233568 0.6327500 0.5885000
v 0.3467135 0.5000000 0.5885000
v 0.4115000 0.5000000 0.6532865
v 0.4233568 0.5442500 0.6532865
v 0.3672500 0.5766432 0.5885000
v 0.3672500 0.4233568 0.5885000
v 0.4233568 0.4557500 0.6532865
v 0.4115000 0.5000000 0.6532865
v 0.3467135 0.5000000 0.5885000
v 0.4233568 0.3672500 0.5885000
v 0.4557500 0.4233568 0.6532865
v 0.4233568 0.4557500 0.6532865
v 0.3672500 0.4233568 0.5885000
v 0.5000000 0.3467135 0.5885000
v 0.5000000 0.4115000 0.6532865
v 0.4557500 0.4233568 0.6532865
v 0.4233568 0.3672500 0.5885000
v 0.5766432 0.3672500 0.5885000
v 0.5442500 0.4233568 0.6532865
v 0.5000000 0.4115000 0.6532865
v 0.5000000 0.3467135 0.5885000
v 0.6327500 0.4233568 0.5885000
v 0.5766432 0.4557500 0.6532865
v 0.5442500 0.4233568 0.6532865
v 0.5766432 0.3672500 0.5885000
v 0.6532865 0.5000000 0.5885000
v 0.5885000 0.5000000 0.6532865
v 0.5766432 0.4557500 0.6532865
v 0.6327500 0.4233568 0.5885000
v 0.5766432 0.5442500 0.6532865
v 0.5000000 0.5000000 0.6770000
v 0.5885000 0.5000000 0.6532865
v 0.5442500 0.5766432 0.6532865
v 0.5000000 0.5000000 0.6770000
v 0.5766432 0.5442500 0.6532865
v 0.5000000 0.5885000 0.6532865
v 0.5000000 0.5000000 0.6770000
v 0.5442500 0.5766432 0.6532865
v 0.4557500 0.5766432 0.6532865
v 0.5000000 0.5000000 0.6770000
v 0.5000000 0.5885000 0.6532865
v 0.4233568 0.5442500 0.6532865
v 0.5000000 0.5000000 0.6770000
v 0.4557500 0.5766432 0.6532865
v 0.4115000 0.5000000 0.6532865
v 0.5000000 0.5000000 0.6770000
v 0.4233568 0.5442500 0.6532865
v 0.4233568 0.4557500 0.6532865
v 0.5000000 0.5000000 0.6770000
v 0.4115000 0.5000000 0.6532865
v 0.4557500 0.4233568 0.6532865
v 0.5000000 0.5000000 0.6770000
v 0.4233568 0.4557500 0.6532865
v 0.5000000 0.4115000 0.6532865
v 0.5000000 0.5000000 0.6770000
v 0.4557500 0.4233568 0.6532865
v 0.5442500 0.4233568 0.6532865
v 0.5000000 0.5000000 0.6770000
v 0.5000000 0.4115000 0.6532865
v 0.5766432 0.4557500 0.6532865
v 0.5000000 0.5000000 0.6770000
v 0.5442500 0.4233568 0.6532865
v 0.5885000 0.5000000 0.6532865
v 0.5000000 0.5000000 0.6770000
v 0.5766432 0.4557500 0.6532865
v 0.6917500 0.5029011 0.4961838
v 0.6771539 0.5613174 0.5405921
v 0.6853302 0.5628977 0.5441095
v 0.7006000 0.5017853 0.4976516
v 0.6771539 0.5613174 0.5405921
v 0.6355877 0.6108403 0.5782396
v 0.6418456 0.6147063 0.5834946
v 0.6853302 0.5628977 0.5441095
v 0.6355877 0.6108403 0.5782396
v 0.5733795 0.6439305 0.6033949
v 0.5767663 0.6493237 0.6098109
v 0.6418456 0.6147063 0.5834946
v 0.5733795 0.6439305 0.6033949
v 0.5000000 0.6555502 0.6122283
v 0.5000000 0.6614797 0.6190519
v 0.5767663 0.6493237 0.6098109
v 0.5000000 0.6555502 0.6122283
v 0.4266205 0.6439305 0.6033949
v 0.4232337 0.6493237 0.6098109
v 0.5000000 0.6614797 0.6190519
v 0.4266205 0.6439305 0.6033949
v 0.3644123 0.6108403 0.5782396
v 0.3581544 0.6147063 0.5834946
v 0.4232337 0.6493237 0.6098109
v 0.3644123 0.6108403 0.5782396
v 0.3228461 0.5613174 0.5405921
v 0.3146698 0.5628977 0.5441095
v 0.3581544 0.6147063 0.5834946
v 0.3228461 0.5613174 0.5405921
v 0.3082500 0.5029011 0.4961838
v 0.2994000 0.5017853 0.4976516
v 0.3146698 0.5628977 0.5441095
v 0.3082500 0.5029011 0.4961838
v 0.3228461 0.4444848 0.4517755
v 0.3146698 0.4406729 0.4511936
v 0.2994000 0.5017853 0.4976516
v 0.3228461 0.4444848 0.4517755
v 0.3644123 0.3949619 0.4141279
v 0.3581544 0.3888643 0.4118085
v 0.3146698 0.4406729 0.4511936
v 0.3644123 0.3949619 0.4141279
v 0.4266205 0.3618718 0.3889726
v 0.4232337 0.3542469 0.3854922
v 0.3581544 0.3888643 0.4118085
v 0.4266205 0.3618718 0.3889726
v 0.5000000 0.3502520 0.3801393
v 0.5000000 0.3420909 0.3762512
v 0.4232337 0.3542469 0.3854922
v 0.5000000 0.3502520 0.3801393
v 0.5733795 0.3618718 0.3889726
v 0.5767663 0.3542469 0.3854922
v 0.5000000 0.3420909 0.3762512
v 0.5733795 0.3618718 0.3889726
v 0.6355877 0.3949619 0.4141279
v 0.6418456 0.3888643 0.4118085
v 0.5767663 0.3542469 0.3854922
v 0.6355877 0.3949619 0.4141279
v 0.6771539 0.4444848 0.4517755
v 0.6853302 0.4406729 0.4511936
v 0.6418456 0.3888643 0.4118085
v 0.6771539 0.4444848 0.4517755
v 0.6917500 0.5029011 0.4961838
v 0.7006000 0.5017853 0.4976516
v 0.6853302 0.4406729 0.4511936
v 0.7006000 0.5017853 0.4976516
v 0.6853302 0.5628977 0.5441095
v 0.6853302 0.5593271 0.5488064
v 0.7006000 0.4982147 0.5023484
v 0.6853302 0.5628977 0.5441095
v 0.6418456 0.6147063 0.5834946
v 0.6418456 0.6111357 0.5881915
v 0.6853302 0.5593271 0.5488064
v 0.6418456 0.6147063 0.5834946
v 0.5767663 0.6493237 0.6098109
v 0.5767663 0.6457531 0.6145078
v 0.6418456 0.6111357 0.5881915
v 0.5767663 0.6493237 0.6098109
v 0.5000000 0.6614797 0.6190519
v 0.5000000 0.6579091 0.6237488
v 0.5767663 0.6457531 0.6145078
v 0.5000000 0.6614797 0.6190519
v 0.4232337 0.6493237 0.6098109
v 0.4232337 0.6457531 0.6145078
v 0.5000000 0.6579091 0.6237488
v 0.4232337 0.6493237 0.6098109
v 0.3581544 0.6147063 0.5834946
v 0.3581544 0.6111357 0.5881915
v 0.4232337 0.6457531 0.6145078
v 0.3581544 0.6147063 0.5834946
v 0.3146698 0.5628977 0.5441095
v 0.3146698 0.5593271 0.5488064
v 0.3581544 0.6111357 0.5881915
v 0.3146698 0.5628977 0.5441095
v 0.2994000 0.5017853 0.4976516
v 0.2994000 0.4982147 0.5023484
v 0.3146698 0.5593271 0.5488064
v 0.2994000 0.5017853 0.4976516
v 0.3146698 0.4406729 0.4511936
v 0.3146698 0.4371023 0.4558905
v 0.2994000 0.4982147 0.5023484
v 0.3146698 0.4406729 0.4511936
v 0.3581544 0.3888643 0.4118085
v 0.3581544 0.3852937 0.4165054
v 0.3146698 0.4371023 0.4558905
v 0.3581544 0.3888643 0.4118085
v 0.4232337 0.3542469 0.3854922
v 0.4232337 0.3506763 0.3901891
v 0.3581544 0.3852937 0.4165054
v 0.4232337 0.3542469 0.3854922
v 0.5000000 0.3420909 0.3762512
v 0.5000000 0.3385203 0.3809481
v 0.4232337 0.3506763 0.3901891
v 0.5000000 0.3420909 0.3762512
v 0.5767663 0.3542469 0.3854922
v 0.5767663 0.3506763 0.3901891
v 0.5000000 0.3385203 0.3809481
v 0.5767663 0.3542469 0.3854922
v 0.6418456 0.3888643 0.4118085
v 0.6418456 0.3852937 0.4165054
v 0.5767663 0.3506763 0.3901891
v 0.6418456 0.3888643 0.4118085
v 0.6853302 0.4406729 0.4511936
v 0.6853302 0.4371023 0.4558905
v 0.6418456 0.3852937 0.4165054
v 0.6853302 0.4406729 0.4511936
v 0.7006000 0.5017853 0.4976516
v 0.7006000 0.4982147 0.5023484
v 0.6853302 0.4371023 0.4558905
v 0.7006000 0.4982147 0.5023484
v 0.6853302 0.5593271 0.5488064
v 0.6771539 0.5555152 0.5482245
v 0.6917500 0.4970989 0.5038162
v 0.6853302 0.5593271 0.5488064
v 0.6418456 0.6111357 0.5881915
v 0.6355877 0.6050381 0.5858721
v 0.6771539 0.5555152 0.5482245
v 0.6418456 0.6111357 0.5881915
v 0.5767663 0.6457531 0.6145078
v 0.5733795 0.6381282 0.6110274
v 0.6355877 0.6050381 0.5858721
v 0.5767663 0.6457531 0.6145078
v 0.5000000 0.6579091 0.6237488
v 0.5000000 0.6497480 0.6198607
v 0.5733795 0.6381282 0.6110274
v 0.5000000 0.6579091 0.6237488
v 0.4232337 0.6457531 0.6145078
v 0.4266205 0.6381282 0.6110274
v 0.5000000 0.6497480 0.6198607
v 0.4232337 0.6457531 0.6145078
v 0.3581544 0.6111357 0.5881915
v 0.3644123 0.6050381 0.5858721
v 0.4266205 0.6381282 0.6110274
v 0.3581544 0.6111357 0.5881915
v 0.3146698 0.5593271 0.5488064
v 0.3228461 0.5555152 0.5482245
v 0.3644123 0.6050381 0.5858721
v 0.3146698 0.5593271 0.5488064
v 0.2994000 0.4982147 0.5023484
v 0.3082500 0.4970989 0.5038162
v 0.3228461 0.5555152 0.5482245
v 0.2994000 0.4982147 0.5023484
v 0.3146698 0.4371023 0.4558905
v 0.3228461 0.4386826 0.4594079
v 0.3082500 0.4970989 0.5038162
v 0.3146698 0.4371023 0.4558905
v 0.3581544 0.3852937 0.4165054
v 0.3644123 0.3891597 0.4217604
v 0.3228461 0.4386826 0.4594079
v 0.3581544 0.3852937 0.4165054
v 0.4232337 0.3506763 0.3901891
v 0.4266205 0.3560695 0.3966051
v 0.3644123 0.3891597 0.4217604
v 0.4232337 0.3506763 0.3901891
v 0.5000000 0.3385203 0.3809481
v 0.5000000 0.3444498 0.3877717
v 0.4266205 0.3560695 0.3966051
v 0.5000000 0.3385203 0.3809481
v 0.5767663 0.3506763 0.3901891
v 0.5733795 0.3560695 0.3966051
v 0.5000000 0.3444498 0.3877717
v 0.5767663 0.3506763 0.3901891
v 0.6418456 0.3852937 0.4165054
v 0.6355877 0.3891597 0.4217604
v 0.5733795 0.3560695 0.3966051
v 0.6418456 0.3852937 0.4165054
v 0.6853302 0.4371023 0.4558905
v 0.6771539 0.4386826 0.4594079
v 0.6355877 0.3891597 0.4217604
v 0.6853302 0.4371023 0.4558905
v 0.7006000 0.4982147 0.5023484
v 0.6917500 0.4970989 0.5038162
v 0.6771539 0.4386826 0.4594079
v 0.6555502 0.5000000 0.6122283
v 0.6439305 0.5733795 0.6033949
v 0.6493237 0.5767663 0.6098109
v 0.6614797 0.5000000 0.6190519
v 0.6439305 0.5733795 0.6033949
v 0.6108403 0.6355877 0.5782396
v 0.6147063 0.6418456 0.5834946
v 0.6493237 0.5767663 0.6098109
v 0.6108403 0.6355877 0.5782396
v 0.5613174 0.6771539 0.5405921
v 0.5628977 0.6853302 0.5441095
v 0.6147063 0.6418456 0.5834946
v 0.5613174 0.6771539 0.5405921
v 0.5029011 0.6917500 0.4961838
v 0.5017853 0.7006000 0.4976516
v 0.5628977 0.6853302 0.5441095
v 0.5029011 0.6917500 0.4961838
v 0.4444848 0.6771539 0.4517755
v 0.4406729 0.6853302 0.4511936
v 0.5017853 0.7006000 0.4976516
v 0.4444848 0.6771539 0.4517755
v 0.3949619 0.6355877 0.4141279
v 0.3888643 0.6418456 0.4118085
v 0.4406729 0.6853302 0.4511936
v 0.3949619 0.6355877 0.4141279
v 0.3618718 0.5733795 0.3889726
v 0.3542469 0.5767663 0.3854922
v 0.3888643 0.6418456 0.4118085
v 0.3618718 0.5733795 0.3889726
v 0.3502520 0.5000000 0.3801393
v 0.3420909 0.5000000 0.3762512
v 0.3542469 0.5767663 0.3854922
v 0.3502520 0.5000000 0.3801393
v 0.3618718 0.4266205 0.3889726
v 0.3542469 0.4232337 0.3854922
v 0.3420909 0.5000000 0.3762512
v 0.3618718 0.4266205 0.3889726
v 0.3949619 0.3644123 0.4141279
v 0.3888643 0.3581544 0.4118085
v 0.3542469 0.4232337 0.3854922
v 0.3949619 0.3644123 0.4141279
v 0.4444848 0.3228461 0.4517755
v 0.4406729 0.3146698 0.4511936
v 0.3888643 0.3581544 0.4118085
v 0.4444848 0.3228461 0.4517755
v 0.5029011 0.3082500 0.4961838
v 0.5017853 0.2994000 0.4976516
v 0.4406729 0.3146698 0.4511936
v 0.5029011 0.3082500 0.4961838
v 0.5613174 0.3228461 0.5405921
v 0.5628977 0.3146698 0.5441095
v 0.5017853 0.2994000 0.4976516
v 0.5613174 0.3228461 0.5405921
v 0.6108403 0.3644123 0.5782396
v 0.6147063 0.3581544 0.5834946
v 0.5628977 0.3146698 0.5441095
v 0.6108403 0.3644123 0.5782396
v 0.6439305 0.4266205 0.6033949
v 0.6493237 0.4232337 0.6098109
v 0.6147063 0.3581544 0.5834946
v 0.6439305 0.4266205 0.6033949
v 0.6555502 0.5000000 0.6122283
v 0.6614797 0.5000000 0.6190519
v 0.6493237 0.4232337 0.6098109
v 0.6614797 0.5000000 0.6190519
v 0.6493237 0.5767663 0.6098109
v 0.6457531 0.5767663 0.6145078
v 0.6579091 0.5000000 0.6237488
v 0.6493237 0.5767663 0.6098109
v 0.6147063 0.6418456 0.5834946
v 0.6111357 0.6418456 0.5881915
v 0.6457531 0.5767663 0.6145078
v 0.6147063 0.6418456 0.5834946
v 0.5628977 0.6853302 0.5441095
v 0.5593271 0.6853302 0.5488064
v 0.6111357 0.6418456 0.5881915
v 0.5628977 0.6853302 0.5441095
v 0.5017853 0.7006000 0.4976516
v 0.4982147 0.7006000 0.5023484
v 0.5593271 0.6853302 0.5488064
v 0.5017853 0.7006000 0.4976516
v 0.4406729 0.6853302 0.4511936
v 0.4371023 0.6853302 0.4558905
v 0.4982147 0.7006000 0.5023484
v 0.4406729 0.6853302 0.4511936
v 0.3888643 0.6418456 0.4118085
v 0.3852937 0.6418456 0.4165054
v 0.4371023 0.6853302 0.4558905
v 0.3888643 0.6418456 0.4118085
v 0.3542469 0.5767663 0.3854922
v 0.3506763 0.5767663 0.3901891
v 0.3852937 0.6418456 0.4165054
v 0.3542469 0.5767663 0.3854922
v 0.3420909 0.5000000 0.3762512
v 0.3385203 0.5000000 0.3809481
v 0.3506763 0.5767663 0.3901891
v 0.3420909 0.5000000 0.3762512
v 0.3542469 0.4232337 0.3854922
v 0.3506763 0.4232337 0.3901891
v 0.3385203 0.5000000 0.3809481
v 0.3542469 0.4232337 0.3854922
v 0.3888643 0.3581544 0.4118085
v 0.3852937 0.3581544 0.4165054
v 0.3506763 0.4232337 0.3901891
v 0.3888643 0.3581544 0.4118085
v 0.4406729 0.3146698 0.4511936
v 0.4371023 0.3146698 0.4558905
v 0.3852937 0.3581544 0.4165054
v 0.4406729 0.3146698 0.4511936
v 0.5017853 0.2994000 0.4976516
v 0.4982147 0.2994000 0.5023484
v 0.4371023 0.3146698 0.4558905
v 0.5017853 0.2994000 0.4976516
v 0.5628977 0.3146698 0.5441095
v 0.5593271 0.3146698 0.5488064
v 0.4982147 0.2994000 0.5023484
v 0.5628977 0.3146698 0.5441095
v 0.6147063 0.3581544 0.5834946
v 0.6111357 0.3581544 0.5881915
v 0.5593271 0.3146698 0.5488064
v 0.6147063 0.3581544 0.5834946
v 0.6493237 0.4232337 0.6098109
v 0.6457531 0.4232337 0.6145078
v 0.6111357 0.3581544 0.5881915
v 0.6493237 0.4232337 0.6098109
v 0.6614797 0.5000000 0.6190519
v 0.6579091 0.5000000 0.6237488
v 0.6457531 0.4232337 0.6145078
v 0.6579091 0.5000000 0.6237488
v 0.6457531 0.5767663 0.6145078
v 0.6381282 0.5733795 0.6110274
v 0.6497480 0.5000000 0.6198607
v 0.6457531 0.5767663 0.6145078
v 0.6111357 0.6418456 0.5881915
v 0.6050381 0.6355877 0.5858721
v 0.6381282 0.5733795 0.6110274
v 0.6111357 0.6418456 0.5881915
v 0.5593271 0.6853302 0.5488064
v 0.5555152 0.6771539 0.5482245
v 0.6050381 0.6355877 0.5858721
v 0.5593271 0.6853302 0.5488064
v 0.4982147 0.7006000 0.5023484
v 0.4970989 0.6917500 0.5038162
v 0.5555152 0.6771539 0.5482245
v 0.4982147 0.7006000 0.5023484
v 0.4371023 0.6853302 0.4558905
v 0.4386826 0.6771539 0.4594079
v 0.4970989 0.6917500 0.5038162
v 0.4371023 0.6853302 0.4558905
v 0.3852937 0.6418456 0.4165054
v 0.3891597 0.6355877 0.4217604
v 0.4386826 0.6771539 0.4594079
v 0.3852937 0.6418456 0.4165054
v 0.3506763 0.5767663 0.3901891
v 0.3560695 0.5733795 0.3966051
v 0.3891597 0.6355877 0.4217604
v 0.3506763 0.5767663 0.3901891
v 0.3385203 0.5000000 0.3809481
v 0.3444498 0.5000000 0.3877717
v 0.3560695 0.5733795 0.3966051
v 0.3385203 0.5000000 0.3809481
v 0.3506763 0.4232337 0.3901891
v 0.3560695 0.4266205 0.3966051
v 0.3444498 0.5000000 0.3877717
v 0.3506763 0.4232337 0.3901891
v 0.3852937 0.3581544 0.4165054
v 0.3891597 0.3644123 0.4217604
v 0.3560695 0.4266205 0.3966051
v 0.3852937 0.3581544 0.4165054
v 0.4371023 0.3146698 0.4558905
v 0.4386826 0.3228461 0.4594079
v 0.3891597 0.3644123 0.4217604
v 0.4371023 0.3146698 0.4558905
v 0.4982147 0.2994000 0.5023484
v 0.4970989 0.3082500 0.5038162
v 0.4386826 0.3228461 0.4594079
v 0.4982147 0.2994000 0.5023484
v 0.5593271 0.3146698 0.5488064
v 0.5555152 0.3228461 0.5482245
v 0.4970989 0.3082500 0.5038162
v 0.5593271 0.3146698 0.5488064
v 0.6111357 0.3581544 0.5881915
v 0.6050381 0.3644123 0.5858721
v 0.5555152 0.3228461 0.5482245
v 0.6111357 0.3581544 0.5881915
v 0.6457531 0.4232337 0.6145078
v 0.6381282 0.4266205 0.6110274
v 0.6050381 0.3644123 0.5858721
v 0.6457531 0.4232337 0.6145078
v 0.6579091 0.5000000 0.6237488
v 0.6497480 0.5000000 0.6198607
v 0.6381282 0.4266205 0.6110274
v 0.6240572 0.5000000 0.2145691
v 0.7238473 0.5312172 0.2775452
v 0.7243783 0.4728614 0.2775452
v 0.6238696 0.4931803 0.2145691
v 0.6238696 0.5068197 0.2145691
v 0.7083922 0.5874918 0.2775452
v 0.7238473 0.5312172 0.2775452
v 0.6240572 0.5000000 0.2145691
v 0.7238473 0.5312172 0.2775452
v 0.7939546 0.5409942 0.3765639
v 0.7904099 0.4387468 0.3765639
v 0.7243783 0.4728614 0.2775452
v 0.7083922 0.5874918 0.2775452
v 0.7625708 0.6383706 0.3765639
v 0.7939546 0.5409942 0.3765639
v 0.7238473 0.5312172 0.2775452
v 0.7939546 0.5409942 0.3765639
v 0.8230062 0.5000000 0.4965126
v 0.8005597 0.3816917 0.4965126
v 0.7904099 0.4387468 0.3765639
v 0.7625708 0.6383706 0.3765639
v 0.8005597 0.6183083 0.4965126
v 0.8230062 0.5000000 0.4965126
v 0.7939546 0.5409942 0.3765639
v 0.8230062 0.5000000 0.4965126
v 0.7965257 0.4586472 0.6169991
v 0.7648673 0.3604191 0.6169991
v 0.8005597 0.3816917 0.4965126
v 0.8005597 0.6183083 0.4965126
v 0.7929499 0.5617890 0.6169991
v 0.7965257 0.4586472 0.6169991
v 0.8230062 0.5000000 0.4965126
v 0.7965257 0.4586472 0.6169991
v 0.7285521 0.4681266 0.7175231
v 0.7127722 0.4106693 0.7175231
v 0.7648673 0.3604191 0.6169991
v 0.7929499 0.5617890 0.6169991
v 0.7290943 0.5277090 0.7175231
v 0.7285521 0.4681266 0.7175231
v 0.7965257 0.4586472 0.6169991
v 0.7285521 0.4681266 0.7175231
v 0.6301910 0.5000000 0.7826859
v 0.6299941 0.4928431 0.7826859
v 0.7127722 0.4106693 0.7175231
v 0.7290943 0.5277090 0.7175231
v 0.6299941 0.5071569 0.7826859
v 0.6301910 0.5000000 0.7826859
v 0.7285521 0.4681266 0.7175231
v 0.6188796 0.4934550 0.2260675
v 0.7155075 0.4739343 0.2863399
v 0.7149975 0.5299831 0.2863399
v 0.6190596 0.5000000 0.2260675
v 0.6190596 0.5000000 0.2260675
v 0.7149975 0.5299831 0.2863399
v 0.7001534 0.5840328 0.2863399
v 0.6188796 0.5065450 0.2260675
v 0.7155075 0.4739343 0.2863399
v 0.7790828 0.4411359 0.3813784
v 0.7824893 0.5393953 0.3813784
v 0.7149975 0.5299831 0.2863399
v 0.7149975 0.5299831 0.2863399
v 0.7824893 0.5393953 0.3813784
v 0.7523296 0.6329737 0.3813784
v 0.7001534 0.5840328 0.2863399
v 0.7790828 0.4411359 0.3813784
v 0.7888941 0.3862836 0.4966479
v 0.8104694 0.5000000 0.4966479
v 0.7824893 0.5393953 0.3813784
v 0.7824893 0.5393953 0.3813784
v 0.8104694 0.5000000 0.4966479
v 0.7888941 0.6137164 0.4966479
v 0.7523296 0.6329737 0.3813784
v 0.7888941 0.3862836 0.4966479
v 0.7545365 0.3658633 0.6124357
v 0.7849601 0.4602601 0.6124357
v 0.8104694 0.5000000 0.4966479
v 0.8104694 0.5000000 0.4966479
v 0.7849601 0.4602601 0.6124357
v 0.7815238 0.5593790 0.6124357
v 0.7888941 0.6137164 0.4966479
v 0.7545365 0.3658633 0.6124357
v 0.7043602 0.4142010 0.7089233
v 0.7195163 0.4693868 0.7089233
v 0.7849601 0.4602601 0.6124357
v 0.7849601 0.4602601 0.6124357
v 0.7195163 0.4693868 0.7089233
v 0.7200370 0.5266135 0.7089233
v 0.7815238 0.5593790 0.6124357
v 0.7043602 0.4142010 0.7089233
v 0.6247574 0.4931314 0.7712981
v 0.6249463 0.5000000 0.7712981
v 0.7195163 0.4693868 0.7089233
v 0.7195163 0.4693868 0.7089233
v 0.6249463 0.5000000 0.7712981
v 0.6247574 0.5068686 0.7712981
v 0.7200370 0.5266135 0.7089233
v 0.6188796 0.4934550 0.2260675
v 0.6190596 0.5000000 0.2260675
v 0.6240572 0.5000000 0.2145691
v 0.6238696 0.4931803 0.2145691
v 0.6190596 0.5000000 0.2260675
v 0.6188796 0.5065450 0.2260675
v 0.6238696 0.5068197 0.2145691
v 0.6240572 0.5000000 0.2145691
v 0.6188796 0.5065450 0.2260675
v 0.7001534 0.5840328 0.2863399
v 0.7083922 0.5874918 0.2775452
v 0.6238696 0.5068197 0.2145691
v 0.7001534 0.5840328 0.2863399
v 0.7523296 0.6329737 0.3813784
v 0.7625708 0.6383706 0.3765639
v 0.7083922 0.5874918 0.2775452
v 0.7523296 0.6329737 0.3813784
v 0.7888941 0.6137164 0.4966479
v 0.8005597 0.6183083 0.4965126
v 0.7625708 0.6383706 0.3765639
v 0.7888941 0.6137164 0.4966479
v 0.7815238 0.5593790 0.6124357
v 0.7929499 0.5617890 0.6169991
v 0.8005597 0.6183083 0.4965126
v 0.7815238 0.5593790 0.6124357
v 0.7200370 0.5266135 0.7089233
v 0.7290943 0.5277090 0.7175231
v 0.7929499 0.5617890 0.6169991
v 0.7200370 0.5266135 0.7089233
v 0.6247574 0.5068686 0.7712981
v 0.6299941 0.5071569 0.7826859
v 0.7290943 0.5277090 0.7175231
v 0.6247574 0.5068686 0.7712981
v 0.6249463 0.5000000 0.7712981
v 0.6301910 0.5000000 0.7826859
v 0.6299941 0.5071569 0.7826859
v 0.6249463 0.5000000 0.7712981
v 0.6247574 0.4931314 0.7712981
v 0.6299941 0.4928431 0.7826859
v 0.6301910 0.5000000 0.7826859
v 0.6247574 0.4931314 0.7712981
v 0.7043602 0.4142010 0.7089233
v 0.7127722 0.4106693 0.7175231
v 0.6299941 0.4928431 0.7826859
v 0.7043602 0.4142010 0.7089233
v 0.7545365 0.3658633 0.6124357
v 0.7648673 0.3604191 0.6169991
v 0.7127722 0.4106693 0.7175231
v 0.7545365 0.3658633 0.6124357
v 0.7888941 0.3862836 0.4966479
v 0.8005597 0.3816917 0.4965126
v 0.7648673 0.3604191 0.6169991
v 0.7888941 0.3862836 0.4966479
v 0.7790828 0.4411359 0.3813784
v 0.7904099 0.4387468 0.3765639
v 0.8005597 0.3816917 0.4965126
v 0.7790828 0.4411359 0.3813784
v 0.7155075 0.4739343 0.2863399
v 0.7243783 0.4728614 0.2775452
v 0.7904099 0.4387468 0.3765639
v 0.7155075 0.4739343 0.2863399
v 0.6188796 0.4934550 0.2260675
v 0.6238696 0.4931803 0.2145691
v 0.7243783 0.4728614 0.2775452
v 0.5620286 0.6074367 0.2145691
v 0.5848887 0.7094661 0.2775452
v 0.6356919 0.6807480 0.2775452
v 0.5678408 0.6038644 0.2145691
v 0.5560288 0.6106841 0.2145691
v 0.5284260 0.7242188 0.2775452
v 0.5848887 0.7094661 0.2775452
v 0.5620286 0.6074367 0.2145691
v 0.5848887 0.7094661 0.2775452
v 0.6114753 0.7750693 0.3765639
v 0.6982518 0.7208757 0.3765639
v 0.6356919 0.6807480 0.2775452
v 0.5284260 0.7242188 0.2775452
v 0.5114529 0.7965783 0.3765639
v 0.6114753 0.7750693 0.3765639
v 0.5848887 0.7094661 0.2775452
v 0.6114753 0.7750693 0.3765639
v 0.6615031 0.7797316 0.4965126
v 0.7527378 0.7011382 0.4965126
v 0.6982518 0.7208757 0.3765639
v 0.5114529 0.7965783 0.3765639
v 0.5478219 0.8194465 0.4965126
v 0.6615031 0.7797316 0.4965126
v 0.6114753 0.7750693 0.3765639
v 0.6615031 0.7797316 0.4965126
v 0.6840754 0.7361224 0.6169991
v 0.7533143 0.6595914 0.6169991
v 0.7527378 0.7011382 0.4965126
v 0.5478219 0.8194465 0.4965126
v 0.5929641 0.7845965 0.6169991
v 0.6840754 0.7361224 0.6169991
v 0.6615031 0.7797316 0.4965126
v 0.6840754 0.7361224 0.6169991
v 0.6418792 0.6819952 0.7175231
v 0.6837487 0.6396007 0.7175231
v 0.7533143 0.6595914 0.6169991
v 0.5929641 0.7845965 0.6169991
v 0.5905504 0.7122560 0.7175231
v 0.6418792 0.6819952 0.7175231
v 0.6840754 0.7361224 0.6169991
v 0.6418792 0.6819952 0.7175231
v 0.5650955 0.6127487 0.7826859
v 0.5711951 0.6089998 0.7826859
v 0.6837487 0.6396007 0.7175231
v 0.5905504 0.7122560 0.7175231
v 0.5587990 0.6161567 0.7826859
v 0.5650955 0.6127487 0.7826859
v 0.6418792 0.6819952 0.7175231
v 0.5651079 0.5996803 0.2260675
v 0.6303273 0.6736021 0.2863399
v 0.5815327 0.7011848 0.2863399
v 0.5595298 0.6031087 0.2260675
v 0.5595298 0.6031087 0.2260675
v 0.5815327 0.7011848 0.2863399
v 0.5273021 0.7153544 0.2863399
v 0.5537717 0.6062252 0.2260675
v 0.6303273 0.6736021 0.2863399
v 0.6905192 0.7122608 0.3813784
v 0.6071273 0.7643406 0.3813784
v 0.5815327 0.7011848 0.2863399
v 0.5815327 0.7011848 0.2863399
v 0.6071273 0.7643406 0.3813784
v 0.5110062 0.7850106 0.3813784
v 0.5273021 0.7153544 0.2863399
v 0.6905192 0.7122608 0.3813784
v 0.7429284 0.6933315 0.4966479
v 0.6552347 0.7688744 0.4966479
v 0.6071273 0.7643406 0.3813784
v 0.6071273 0.7643406 0.3813784
v 0.6552347 0.7688744 0.4966479
v 0.5459658 0.8070479 0.4966479
v 0.5110062 0.7850106 0.3813784
v 0.7429284 0.6933315 0.4966479
v 0.7434341 0.6533667 0.6124357
v 0.6768958 0.7269127 0.6124357
v 0.6552347 0.7688744 0.4966479
v 0.6552347 0.7688744 0.4966479
v 0.6768958 0.7269127 0.6124357
v 0.5893382 0.7734962 0.6124357
v 0.5459658 0.8070479 0.4966479
v 0.7434341 0.6533667 0.6124357
v 0.6764843 0.6340816 0.7089233
v 0.6362700 0.6748001 0.7089233
v 0.6768958 0.7269127 0.6124357
v 0.6768958 0.7269127 0.6124357
v 0.6362700 0.6748001 0.7089233
v 0.5869705 0.7038644 0.7089233
v 0.5893382 0.7734962 0.6124357
v 0.6764843 0.6340816 0.7089233
v 0.5683271 0.6046088 0.7712981
v 0.5624732 0.6082067 0.7712981
v 0.6362700 0.6748001 0.7089233
v 0.6362700 0.6748001 0.7089233
v 0.5624732 0.6082067 0.7712981
v 0.5564303 0.6114774 0.7712981
v 0.5869705 0.7038644 0.7089233
v 0.5651079 0.5996803 0.2260675
v 0.5595298 0.6031087 0.2260675
v 0.5620286 0.6074367 0.2145691
v 0.5678408 0.6038644 0.2145691
v 0.5595298 0.6031087 0.2260675
v 0.5537717 0.6062252 0.2260675
v 0.5560288 0.6106841 0.2145691
v 0.5620286 0.6074367 0.2145691
v 0.5537717 0.6062252 0.2260675
v 0.5273021 0.7153544 0.2863399
v 0.5284260 0.7242188 0.2775452
v 0.5560288 0.6106841 0.2145691
v 0.5273021 0.7153544 0.2863399
v 0.5110062 0.7850106 0.3813784
v 0.5114529 0.7965783 0.3765639
v 0.5284260 0.7242188 0.2775452
v 0.5110062 0.7850106 0.3813784
v 0.5459658 0.8070479 0.4966479
v 0.5478219 0.8194465 0.4965126
v 0.5114529 0.7965783 0.3765639
v 0.5459658 0.8070479 0.4966479
v 0.5893382 0.7734962 0.6124357
v 0.5929641 0.7845965 0.6169991
v 0.5478219 0.8194465 0.4965126
v 0.5893382 0.7734962 0.6124357
v 0.5869705 0.7038644 0.7089233
v 0.5905504 0.7122560 0.7175231
v 0.5929641 0.7845965 0.6169991
v 0.5869705 0.7038644 0.7089233
v 0.5564303 0.6114774 0.7712981
v 0.5587990 0.6161567 0.7826859
v 0.5905504 0.7122560 0.7175231
v 0.5564303 0.6114774 0.7712981
v 0.5624732 0.6082067 0.7712981
v 0.5650955 0.6127487 0.7826859
v 0.5587990 0.6161567 0.7826859
v 0.5624732 0.6082067 0.7712981
v 0.5683271 0.6046088 0.7712981
v 0.5711951 0.6089998 0.7826859
v 0.5650955 0.6127487 0.7826859
v 0.5683271 0.6046088 0.7712981
v 0.6764843 0.6340816 0.7089233
v 0.6837487 0.6396007 0.7175231
v 0.5711951 0.6089998 0.7826859
v 0.6764843 0.6340816 0.7089233
v 0.7434341 0.6533667 0.6124357
v 0.7533143 0.6595914 0.6169991
v 0.6837487 0.6396007 0.7175231
v 0.7434341 0.6533667 0.6124357
v 0.7429284 0.6933315 0.4966479
v 0.7527378 0.7011382 0.4965126
v 0.7533143 0.6595914 0.6169991
v 0.7429284 0.6933315 0.4966479
v 0.6905192 0.7122608 0.3813784
v 0.6982518 0.7208757 0.3765639
v 0.7527378 0.7011382 0.4965126
v 0.6905192 0.7122608 0.3813784
v 0.6303273 0.6736021 0.2863399
v 0.6356919 0.6807480 0.2775452
v 0.6982518 0.7208757 0.3765639
v 0.6303273 0.6736021 0.2863399
v 0.5651079 0.5996803 0.2260675
v 0.5678408 0.6038644 0.2145691
v 0.6356919 0.6807480 0.2775452
v 0.4379714 0.6074367 0.2145691
v 0.3610414 0.6782488 0.2775452
v 0.4113136 0.7078866 0.2775452
v 0.4439712 0.6106841 0.2145691
v 0.4321592 0.6038644 0.2145691
v 0.3200338 0.6367270 0.2775452
v 0.3610414 0.6782488 0.2775452
v 0.4379714 0.6074367 0.2145691
v 0.3610414 0.6782488 0.2775452
v 0.3175206 0.7340750 0.3765639
v 0.4078419 0.7821289 0.3765639
v 0.4113136 0.7078866 0.2775452
v 0.3200338 0.6367270 0.2775452
v 0.2488821 0.6582076 0.3765639
v 0.3175206 0.7340750 0.3765639
v 0.3610414 0.6782488 0.2775452
v 0.3175206 0.7340750 0.3765639
v 0.3384969 0.7797316 0.4965126
v 0.4521781 0.8194465 0.4965126
v 0.4078419 0.7821289 0.3765639
v 0.2488821 0.6582076 0.3765639
v 0.2472622 0.7011382 0.4965126
v 0.3384969 0.7797316 0.4965126
v 0.3175206 0.7340750 0.3765639
v 0.3384969 0.7797316 0.4965126
v 0.3875497 0.7774752 0.6169991
v 0.4884469 0.7991723 0.6169991
v 0.4521781 0.8194465 0.4965126
v 0.2472622 0.7011382 0.4965126
v 0.3000142 0.7228076 0.6169991
v 0.3875497 0.7774752 0.6169991
v 0.3384969 0.7797316 0.4965126
v 0.3875497 0.7774752 0.6169991
v 0.4133271 0.7138686 0.7175231
v 0.4709766 0.7289315 0.7175231
v 0.4884469 0.7991723 0.6169991
v 0.3000142 0.7228076 0.6169991
v 0.3614562 0.6845469 0.7175231
v 0.4133271 0.7138686 0.7175231
v 0.3875497 0.7774752 0.6169991
v 0.4133271 0.7138686 0.7175231
v 0.4349045 0.6127487 0.7826859
v 0.4412010 0.6161567 0.7826859
v 0.4709766 0.7289315 0.7175231
v 0.3614562 0.6845469 0.7175231
v 0.4288049 0.6089998 0.7826859
v 0.4349045 0.6127487 0.7826859
v 0.4133271 0.7138686 0.7175231
v 0.4462283 0.6062252 0.2260675
v 0.4148198 0.6996678 0.2863399
v 0.3665351 0.6712018 0.2863399
v 0.4404702 0.6031087 0.2260675
v 0.4404702 0.6031087 0.2260675
v 0.3665351 0.6712018 0.2863399
v 0.3271487 0.6313215 0.2863399
v 0.4348921 0.5996803 0.2260675
v 0.4148198 0.6996678 0.2863399
v 0.4114364 0.7711249 0.3813784
v 0.3246380 0.7249453 0.3813784
v 0.3665351 0.6712018 0.2863399
v 0.3665351 0.6712018 0.2863399
v 0.3246380 0.7249453 0.3813784
v 0.2586766 0.6520370 0.3813784
v 0.3271487 0.6313215 0.2863399
v 0.4114364 0.7711249 0.3813784
v 0.4540342 0.8070479 0.4966479
v 0.3447653 0.7688744 0.4966479
v 0.3246380 0.7249453 0.3813784
v 0.3246380 0.7249453 0.3813784
v 0.3447653 0.7688744 0.4966479
v 0.2570716 0.6933315 0.4966479
v 0.2586766 0.6520370 0.3813784
v 0.4540342 0.8070479 0.4966479
v 0.4888975 0.7875035 0.6124357
v 0.3919357 0.7666526 0.6124357
v 0.3447653 0.7688744 0.4966479
v 0.3447653 0.7688744 0.4966479
v 0.3919357 0.7666526 0.6124357
v 0.3078144 0.7141173 0.6124357
v 0.2570716 0.6933315 0.4966479
v 0.4888975 0.7875035 0.6124357
v 0.4721240 0.7198807 0.7089233
v 0.4167537 0.7054133 0.7089233
v 0.3919357 0.7666526 0.6124357
v 0.3919357 0.7666526 0.6124357
v 0.4167537 0.7054133 0.7089233
v 0.3669335 0.6772509 0.7089233
v 0.3078144 0.7141173 0.6124357
v 0.4721240 0.7198807 0.7089233
v 0.4435697 0.6114774 0.7712981
v 0.4375268 0.6082067 0.7712981
v 0.4167537 0.7054133 0.7089233
v 0.4167537 0.7054133 0.7089233
v 0.4375268 0.6082067 0.7712981
v 0.4316729 0.6046088 0.7712981
v 0.3669335 0.6772509 0.7089233
v 0.4462283 0.6062252 0.2260675
v 0.4404702 0.6031087 0.2260675
v 0.4379714 0.6074367 0.2145691
v 0.4439712 0.6106841 0.2145691
v 0.4404702 0.6031087 0.2260675
v 0.4348921 0.5996803 0.2260675
v 0.4321592 0.6038644 0.2145691
v 0.4379714 0.6074367 0.2145691
v 0.4348921 0.5996803 0.2260675
v 0.3271487 0.6313215 0.2863399
v 0.3200338 0.6367270 0.2775452
v 0.4321592 0.6038644 0.2145691
v 0.3271487 0.6313215 0.2863399
v 0.2586766 0.6520370 0.3813784
v 0.2488821 0.6582076 0.3765639
v 0.3200338 0.6367270 0.2775452
v 0.2586766 0.6520370 0.3813784
v 0.2570716 0.6933315 0.4966479
v 0.2472622 0.7011382 0.4965126
v 0.2488821 0.6582076 0.3765639
v 0.2570716 0.6933315 0.4966479
v 0.3078144 0.7141173 0.6124357
v 0.3000142 0.7228076 0.6169991
v 0.2472622 0.7011382 0.4965126
v 0.3078144 0.7141173 0.6124357
v 0.3669335 0.6772509 0.7089233
v 0.3614562 0.6845469 0.7175231
v 0.3000142 0.7228076 0.6169991
v 0.3669335 0.6772509 0.7089233
v 0.4316729 0.6046088 0.7712981
v 0.4288049 0.6089998 0.7826859
v 0.3614562 0.6845469 0.7175231
v 0.4316729 0.6046088 0.7712981
v 0.4375268 0.6082067 0.7712981
v 0.4349045 0.6127487 0.7826859
v 0.4288049 0.6089998 0.7826859
v 0.4375268 0.6082067 0.7712981
v 0.4435697 0.6114774 0.7712981
v 0.4412010 0.6161567 0.7826859
v 0.4349045 0.6127487 0.7826859
v 0.4435697 0.6114774 0.7712981
v 0.4721240 0.7198807 0.7089233
v 0.4709766 0.7289315 0.7175231
v 0.4412010 0.6161567 0.7826859
v 0.4721240 0.7198807 0.7089233
v 0.4888975 0.7875035 0.6124357
v 0.4884469 0.7991723 0.6169991
v 0.4709766 0.7289315 0.7175231
v 0.4888975 0.7875035 0.6124357
v 0.4540342 0.8070479 0.4966479
v 0.4521781 0.8194465 0.4965126
v 0.4884469 0.7991723 0.6169991
v 0.4540342 0.8070479 0.4966479
v 0.4114364 0.7711249 0.3813784
v 0.4078419 0.7821289 0.3765639
v 0.4521781 0.8194465 0.4965126
v 0.4114364 0.7711249 0.3813784
v 0.4148198 0.6996678 0.2863399
v 0.4113136 0.7078866 0.2775452
v 0.4078419 0.7821289 0.3765639
v 0.4148198 0.6996678 0.2863399
v 0.4462283 0.6062252 0.2260675
v 0.4439712 0.6106841 0.2145691
v 0.4113136 0.7078866 0.2775452
v 0.3759428 0.5000000 0.2145691
v 0.2761527 0.4687828 0.2775452
v 0.2756217 0.5271386 0.2775452
v 0.3761304 0.5068197 0.2145691
v 0.3761304 0.4931803 0.2145691
v 0.2916078 0.4125082 0.2775452
v 0.2761527 0.4687828 0.2775452
v 0.3759428 0.5000000 0.2145691
v 0.2761527 0.4687828 0.2775452
v 0.2060454 0.4590058 0.3765639
v 0.2095901 0.5612532 0.3765639
v 0.2756217 0.5271386 0.2775452
v 0.2916078 0.4125082 0.2775452
v 0.2374292 0.3616294 0.3765639
v 0.2060454 0.4590058 0.3765639
v 0.2761527 0.4687828 0.2775452
v 0.2060454 0.4590058 0.3765639
v 0.1769938 0.5000000 0.4965126
v 0.1994403 0.6183083 0.4965126
v 0.2095901 0.5612532 0.3765639
v 0.2374292 0.3616294 0.3765639
v 0.1994403 0.3816917 0.4965126
v 0.1769938 0.5000000 0.4965126
v 0.2060454 0.4590058 0.3765639
v 0.1769938 0.5000000 0.4965126
v 0.2034743 0.5413528 0.6169991
v 0.2351327 0.6395809 0.6169991
v 0.1994403 0.6183083 0.4965126
v 0.1994403 0.3816917 0.4965126
v 0.2070501 0.4382110 0.6169991
v 0.2034743 0.5413528 0.6169991
v 0.1769938 0.5000000 0.4965126
v 0.2034743 0.5413528 0.6169991
v 0.2714479 0.5318734 0.7175231
v 0.2872278 0.5893307 0.7175231
v 0.2351327 0.6395809 0.6169991
v 0.2070501 0.4382110 0.6169991
v 0.2709057 0.4722910 0.7175231
v 0.2714479 0.5318734 0.7175231
v 0.2034743 0.5413528 0.6169991
v 0.2714479 0.5318734 0.7175231
v 0.3698090 0.5000000 0.7826859
v 0.3700059 0.5071569 0.7826859
v 0.2872278 0.5893307 0.7175231
v 0.2709057 0.4722910 0.7175231
v 0.3700059 0.4928431 0.7826859
v 0.3698090 0.5000000 0.7826859
v 0.2714479 0.5318734 0.7175231
v 0.3811204 0.5065450 0.2260675
v 0.2844925 0.5260657 0.2863399
v 0.2850025 0.4700169 0.2863399
v 0.3809404 0.5000000 0.2260675
v 0.3809404 0.5000000 0.2260675
v 0.2850025 0.4700169 0.2863399
v 0.2998466 0.4159672 0.2863399
v 0.3811204 0.4934550 0.2260675
v 0.2844925 0.5260657 0.2863399
v 0.2209172 0.5588641 0.3813784
v 0.2175107 0.4606047 0.3813784
v 0.2850025 0.4700169 0.2863399
v 0.2850025 0.4700169 0.2863399
v 0.2175107 0.4606047 0.3813784
v 0.2476704 0.3670263 0.3813784
v 0.2998466 0.4159672 0.2863399
v 0.2209172 0.5588641 0.3813784
v 0.2111059 0.6137164 0.4966479
v 0.1895306 0.5000000 0.4966479
v 0.2175107 0.4606047 0.3813784
v 0.2175107 0.4606047 0.3813784
v 0.1895306 0.5000000 0.4966479
v 0.2111059 0.3862836 0.4966479
v 0.2476704 0.3670263 0.3813784
v 0.2111059 0.6137164 0.4966479
v 0.2454635 0.6341367 0.6124357
v 0.2150399 0.5397399 0.6124357
v 0.1895306 0.5000000 0.4966479
v 0.1895306 0.5000000 0.4966479
v 0.2150399 0.5397399 0.6124357
v 0.2184762 0.4406210 0.6124357
v 0.2111059 0.3862836 0.4966479
v 0.2454635 0.6341367 0.6124357
v 0.2956398 0.5857990 0.7089233
v 0.2804837 0.5306132 0.7089233
v 0.2150399 0.5397399 0.6124357
v 0.2150399 0.5397399 0.6124357
v 0.2804837 0.5306132 0.7089233
v 0.2799630 0.4733865 0.7089233
v 0.2184762 0.4406210 0.6124357
v 0.2956398 0.5857990 0.7089233
v 0.3752426 0.5068686 0.7712981
v 0.3750537 0.5000000 0.7712981
v 0.2804837 0.5306132 0.7089233
v 0.2804837 0.5306132 0.7089233
v 0.3750537 0.5000000 0.7712981
v 0.3752426 0.4931314 0.7712981
v 0.2799630 0.4733865 0.7089233
v 0.3811204 0.5065450 0.2260675
v 0.3809404 0.5000000 0.2260675
v 0.3759428 0.5000000 0.2145691
v 0.3761304 0.5068197 0.2145691
v 0.3809404 0.5000000 0.2260675
v 0.3811204 0.4934550 0.2260675
v 0.3761304 0.4931803 0.2145691
v 0.3759428 0.5000000 0.2145691
v 0.3811204 0.4934550 0.2260675
v 0.2998466 0.4159672 0.2863399
v 0.2916078 0.4125082 0.2775452
v 0.3761304 0.4931803 0.2145691
v 0.2998466 0.4159672 0.2863399
v 0.2476704 0.3670263 0.3813784
v 0.2374292 0.3616294 0.3765639
v 0.2916078 0.4125082 0.2775452
v 0.2476704 0.3670263 0.3813784
v 0.2111059 0.3862836 0.4966479
v 0.1994403 0.3816917 0.4965126
v 0.2374292 0.3616294 0.3765639
v 0.2111059 0.3862836 0.4966479
v 0.2184762 0.4406210 0.6124357
v 0.2070501 0.4382110 0.6169991
v 0.1994403 0.3816917 0.4965126
v 0.2184762 0.4406210 0.6124357
v 0.2799630 0.4733865 0.7089233
v 0.2709057 0.4722910 0.7175231
v 0.2070501 0.4382110 0.6169991
v 0.2799630 0.4733865 0.7089233
v 0.3752426 0.4931314 0.7712981
v 0.3700059 0.4928431 0.7826859
v 0.2709057 0.4722910 0.7175231
v 0.3752426 0.4931314 0.7712981
v 0.3750537 0.5000000 0.7712981
v 0.3698090 0.5000000 0.7826859
v 0.3700059 0.4928431 0.7826859
v 0.3750537 0.5000000 0.7712981
v 0.3752426 0.5068686 0.7712981
v 0.3700059 0.5071569 0.7826859
v 0.3698090 0.5000000 0.7826859
v 0.3752426 0.5068686 0.7712981
v 0.2956398 0.5857990 0.7089233
v 0.2872278 0.5893307 0.7175231
v 0.3700059 0.5071569 0.7826859
v 0.2956398 0.5857990 0.7089233
v 0.2454635 0.6341367 0.6124357
v 0.2351327 0.6395809 0.6169991
v 0.2872278 0.5893307 0.7175231
v 0.2454635 0.6341367 0.6124357
v 0.2111059 0.6137164 0.4966479
v 0.1994403 0.6183083 0.4965126
v 0.2351327 0.6395809 0.6169991
v 0.2111059 0.6137164 0.4966479
v 0.2209172 0.5588641 0.3813784
v 0.2095901 0.5612532 0.3765639
v 0.1994403 0.6183083 0.4965126
v 0.2209172 0.5588641 0.3813784
v 0.2844925 0.5260657 0.2863399
v 0.2756217 0.5271386 0.2775452
v 0.2095901 0.5612532 0.3765639
v 0.2844925 0.5260657 0.2863399
v 0.3811204 0.5065450 0.2260675
v 0.3761304 0.5068197 0.2145691
v 0.2756217 0.5271386 0.2775452
v 0.4379714 0.3925633 0.2145691
v 0.4151113 0.2905339 0.2775452
v 0.3643081 0.3192520 0.2775452
v 0.4321592 0.3961356 0.2145691
v 0.4439712 0.3893159 0.2145691
v 0.4715740 0.2757812 0.2775452
v 0.4151113 0.2905339 0.2775452
v 0.4379714 0.3925633 0.2145691
v 0.4151113 0.2905339 0.2775452
v 0.3885247 0.2249307 0.3765639
v 0.3017482 0.2791243 0.3765639
v 0.3643081 0.3192520 0.2775452
v 0.4715740 0.2757812 0.2775452
v 0.4885471 0.2034217 0.3765639
v 0.3885247 0.2249307 0.3765639
v 0.4151113 0.2905339 0.2775452
v 0.3885247 0.2249307 0.3765639
v 0.3384969 0.2202684 0.4965126
v 0.2472622 0.2988618 0.4965126
v 0.3017482 0.2791243 0.3765639
v 0.4885471 0.2034217 0.3765639
v 0.4521781 0.1805535 0.4965126
v 0.3384969 0.2202684 0.4965126
v 0.3885247 0.2249307 0.3765639
v 0.3384969 0.2202684 0.4965126
v 0.3159246 0.2638776 0.6169991
v 0.2466857 0.3404086 0.6169991
v 0.2472622 0.2988618 0.4965126
v 0.4521781 0.1805535 0.4965126
v 0.4070359 0.2154035 0.6169991
v 0.3159246 0.2638776 0.6169991
v 0.3384969 0.2202684 0.4965126
v 0.3159246 0.2638776 0.6169991
v 0.3581208 0.3180048 0.7175231
v 0.3162513 0.3603993 0.7175231
v 0.2466857 0.3404086 0.6169991
v 0.4070359 0.2154035 0.6169991
v 0.4094496 0.2877440 0.7175231
v 0.3581208 0.3180048 0.7175231
v 0.3159246 0.2638776 0.6169991
v 0.3581208 0.3180048 0.7175231
v 0.4349045 0.3872513 0.7826859
v 0.4288049 0.3910002 0.7826859
v 0.3162513 0.3603993 0.7175231
v 0.4094496 0.2877440 0.7175231
v 0.4412010 0.3838433 0.7826859
v 0.4349045 0.3872513 0.7826859
v 0.3581208 0.3180048 0.7175231
v 0.4348921 0.4003197 0.2260675
v 0.3696727 0.3263979 0.2863399
v 0.4184673 0.2988152 0.2863399
v 0.4404702 0.3968913 0.2260675
v 0.4404702 0.3968913 0.2260675
v 0.4184673 0.2988152 0.2863399
v 0.4726979 0.2846456 0.2863399
v 0.4462283 0.3937748 0.2260675
v 0.3696727 0.3263979 0.2863399
v 0.3094808 0.2877392 0.3813784
v 0.3928727 0.2356594 0.3813784
v 0.4184673 0.2988152 0.2863399
v 0.4184673 0.2988152 0.2863399
v 0.3928727 0.2356594 0.3813784
v 0.4889938 0.2149894 0.3813784
v 0.4726979 0.2846456 0.2863399
v 0.3094808 0.2877392 0.3813784
v 0.2570716 0.3066685 0.4966479
v 0.3447653 0.2311256 0.4966479
v 0.3928727 0.2356594 0.3813784
v 0.3928727 0.2356594 0.3813784
v 0.3447653 0.2311256 0.4966479
v 0.4540342 0.1929521 0.4966479
v 0.4889938 0.2149894 0.3813784
v 0.2570716 0.3066685 0.4966479
v 0.2565659 0.3466333 0.6124357
v 0.3231042 0.2730873 0.6124357
v 0.3447653 0.2311256 0.4966479
v 0.3447653 0.2311256 0.4966479
v 0.3231042 0.2730873 0.6124357
v 0.4106618 0.2265038 0.6124357
v 0.4540342 0.1929521 0.4966479
v 0.2565659 0.3466333 0.6124357
v 0.3235157 0.3659184 0.7089233
v 0.3637300 0.3251999 0.7089233
v 0.3231042 0.2730873 0.6124357
v 0.3231042 0.2730873 0.6124357
v 0.3637300 0.3251999 0.7089233
v 0.4130295 0.2961356 0.7089233
v 0.4106618 0.2265038 0.6124357
v 0.3235157 0.3659184 0.7089233
v 0.4316729 0.3953912 0.7712981
v 0.4375268 0.3917933 0.7712981
v 0.3637300 0.3251999 0.7089233
v 0.3637300 0.3251999 0.7089233
v 0.4375268 0.3917933 0.7712981
v 0.4435697 0.3885226 0.7712981
v 0.4130295 0.2961356 0.7089233
v 0.4348921 0.4003197 0.2260675
v 0.4404702 0.3968913 0.2260675
v 0.4379714 0.3925633 0.2145691
v 0.4321592 0.3961356 0.2145691
v 0.4404702 0.3968913 0.2260675
v 0.4462283 0.3937748 0.2260675
v 0.4439712 0.3893159 0.2145691
v 0.4379714 0.3925633 0.2145691
v 0.4462283 0.3937748 0.2260675
v 0.4726979 0.2846456 0.2863399
v 0.4715740 0.2757812 0.2775452
v 0.4439712 0.3893159 0.2145691
v 0.4726979 0.2846456 0.2863399
v 0.4889938 0.2149894 0.3813784
v 0.4885471 0.2034217 0.3765639
v 0.4715740 0.2757812 0.2775452
v 0.4889938 0.2149894 0.3813784
v 0.4540342 0.1929521 0.4966479
v 0.4521781 0.1805535 0.4965126
v 0.4885471 0.2034217 0.3765639
v 0.4540342 0.1929521 0.4966479
v 0.4106618 0.2265038 0.6124357
v 0.4070359 0.2154035 0.6169991
v 0.4521781 0.1805535 0.4965126
v 0.4106618 0.2265038 0.6124357
v 0.4130295 0.2961356 0.7089233
v 0.4094496 0.2877440 0.7175231
v 0.4070359 0.2154035 0.6169991
v 0.4130295 0.2961356 0.7089233
v 0.4435697 0.3885226 0.7712981
v 0.4412010 0.3838433 0.7826859
v 0.4094496 0.2877440 0.7175231
v 0.4435697 0.3885226 0.7712981
v 0.4375268 0.3917933 0.7712981
v 0.4349045 0.3872513 0.7826859
v 0.4412010 0.3838433 0.7826859
v 0.4375268 0.3917933 0.7712981
v 0.4316729 0.3953912 0.7712981
v 0.4288049 0.3910002 0.7826859
v 0.4349045 0.3872513 0.7826859
v 0.4316729 0.3953912 0.7712981
v 0.3235157 0.3659184 0.7089233
v 0.3162513 0.3603993 0.7175231
v 0.4288049 0.3910002 0.7826859
v 0.3235157 0.3659184 0.7089233
v 0.2565659 0.3466333 0.6124357
v 0.2466857 0.3404086 0.6169991
v 0.3162513 0.3603993 0.7175231
v 0.2565659 0.3466333 0.6124357
v 0.2570716 0.3066685 0.4966479
v 0.2472622 0.2988618 0.4965126
v 0.2466857 0.3404086 0.6169991
v 0.2570716 0.3066685 0.4966479
v 0.3094808 0.2877392 0.3813784
v 0.3017482 0.2791243 0.3765639
v 0.2472622 0.2988618 0.4965126
v 0.3094808 0.2877392 0.3813784
v 0.3696727 0.3263979 0.2863399
v 0.3643081 0.3192520 0.2775452
v 0.3017482 0.2791243 0.3765639
v 0.3696727 0.3263979 0.2863399
v 0.4348921 0.4003197 0.2260675
v 0.4321592 0.3961356 0.2145691
v 0.3643081 0.3192520 0.2775452
v 0.5620286 0.3925633 0.2145691
v 0.6389586 0.3217512 0.2775452
v 0.5886864 0.2921134 0.2775452
v 0.5560288 0.3893159 0.2145691
v 0.5678408 0.3961356 0.2145691
v 0.6799662 0.3632730 0.2775452
v 0.6389586 0.3217512 0.2775452
v 0.5620286 0.3925633 0.2145691
v 0.6389586 0.3217512 0.2775452
v 0.6824794 0.2659250 0.3765639
v 0.5921581 0.2178711 0.3765639
v 0.5886864 0.2921134 0.2775452
v 0.6799662 0.3632730 0.2775452
v 0.7511179 0.3417924 0.3765639
v 0.6824794 0.2659250 0.3765639
v 0.6389586 0.3217512 0.2775452
v 0.6824794 0.2659250 0.3765639
v 0.6615031 0.2202684 0.4965126
v 0.5478219 0.1805535 0.4965126
v 0.5921581 0.2178711 0.3765639
v 0.7511179 0.3417924 0.3765639
v 0.7527378 0.2988618 0.4965126
v 0.6615031 0.2202684 0.4965126
v 0.6824794 0.2659250 0.3765639
v 0.6615031 0.2202684 0.4965126
v 0.6124503 0.2225248 0.6169991
v 0.5115531 0.2008277 0.6169991
v 0.5478219 0.1805535 0.4965126
v 0.7527378 0.2988618 0.4965126
v 0.6999858 0.2771924 0.6169991
v 0.6124503 0.2225248 0.6169991
v 0.6615031 0.2202684 0.4965126
v 0.6124503 0.2225248 0.6169991
v 0.5866729 0.2861314 0.7175231
v 0.5290234 0.2710685 0.7175231
v 0.5115531 0.2008277 0.6169991
v 0.6999858 0.2771924 0.6169991
v 0.6385438 0.3154531 0.7175231
v 0.5866729 0.2861314 0.7175231
v 0.6124503 0.2225248 0.6169991
v 0.5866729 0.2861314 0.7175231
v 0.5650955 0.3872513 0.7826859
v 0.5587990 0.3838433 0.7826859
v 0.5290234 0.2710685 0.7175231
v 0.6385438 0.3154531 0.7175231
v 0.5711951 0.3910002 0.7826859
v 0.5650955 0.3872513 0.7826859
v 0.5866729 0.2861314 0.7175231
v 0.5537717 0.3937748 0.2260675
v 0.5851802 0.3003322 0.2863399
v 0.6334649 0.3287982 0.2863399
v 0.5595298 0.3968913 0.2260675
v 0.5595298 0.3968913 0.2260675
v 0.6334649 0.3287982 0.2863399
v 0.6728513 0.3686785 0.2863399
v 0.5651079 0.4003197 0.2260675
v 0.5851802 0.3003322 0.2863399
v 0.5885636 0.2288751 0.3813784
v 0.6753620 0.2750547 0.3813784
v 0.6334649 0.3287982 0.2863399
v 0.6334649 0.3287982 0.2863399
v 0.6753620 0.2750547 0.3813784
v 0.7413234 0.3479630 0.3813784
v 0.6728513 0.3686785 0.2863399
v 0.5885636 0.2288751 0.3813784
v 0.5459658 0.1929521 0.4966479
v 0.6552347 0.2311256 0.4966479
v 0.6753620 0.2750547 0.3813784
v 0.6753620 0.2750547 0.3813784
v 0.6552347 0.2311256 0.4966479
v 0.7429284 0.3066685 0.4966479
v 0.7413234 0.3479630 0.3813784
v 0.5459658 0.1929521 0.4966479
v 0.5111025 0.2124965 0.6124357
v 0.6080643 0.2333474 0.6124357
v 0.6552347 0.2311256 0.4966479
v 0.6552347 0.2311256 0.4966479
v 0.6080643 0.2333474 0.6124357
v 0.6921856 0.2858827 0.6124357
v 0.7429284 0.3066685 0.4966479
v 0.5111025 0.2124965 0.6124357
v 0.5278760 0.2801193 0.7089233
v 0.5832463 0.2945867 0.7089233
v 0.6080643 0.2333474 0.6124357
v 0.6080643 0.2333474 0.6124357
v 0.5832463 0.2945867 0.7089233
v 0.6330665 0.3227491 0.7089233
v 0.6921856 0.2858827 0.6124357
v 0.5278760 0.2801193 0.7089233
v 0.5564303 0.3885226 0.7712981
v 0.5624732 0.3917933 0.7712981
v 0.5832463 0.2945867 0.7089233
v 0.5832463 0.2945867 0.7089233
v 0.5624732 0.3917933 0.7712981
v 0.5683271 0.3953912 0.7712981
v 0.6330665 0.3227491 0.7089233
v 0.5537717 0.3937748 0.2260675
v 0.5595298 0.3968913 0.2260675
v 0.5620286 0.3925633 0.2145691
v 0.5560288 0.3893159 0.2145691
v 0.5595298 0.3968913 0.2260675
v 0.5651079 0.4003197 0.2260675
v 0.5678408 0.3961356 0.2145691
v 0.5620286 0.3925633 0.2145691
v 0.5651079 0.4003197 0.2260675
v 0.6728513 0.3686785 0.2863399
v 0.6799662 0.3632730 0.2775452
v 0.5678408 0.3961356 0.2145691
v 0.6728513 0.3686785 0.2863399
v 0.7413234 0.3479630 0.3813784
v 0.7511179 0.3417924 0.3765639
v 0.6799662 0.3632730 0.2775452
v 0.7413234 0.3479630 0.3813784
v 0.7429284 0.3066685 0.4966479
v 0.7527378 0.2988618 0.4965126
v 0.7511179 0.3417924 0.3765639
v 0.7429284 0.3066685 0.4966479
v 0.6921856 0.2858827 0.6124357
v 0.6999858 0.2771924 0.6169991
v 0.7527378 0.2988618 0.4965126
v 0.6921856 0.2858827 0.6124357
v 0.6330665 0.3227491 0.7089233
v 0.6385438 0.3154531 0.7175231
v 0.6999858 0.2771924 0.6169991
v 0.6330665 0.3227491 0.7089233
v 0.5683271 0.3953912 0.7712981
v 0.5711951 0.3910002 0.7826859
v 0.6385438 0.3154531 0.7175231
v 0.5683271 0.3953912 0.7712981
v 0.5624732 0.3917933 0.7712981
v 0.5650955 0.3872513 0.7826859
v 0.5711951 0.3910002 0.7826859
v 0.5624732 0.3917933 0.7712981
v 0.5564303 0.3885226 0.7712981
v 0.5587990 0.3838433 0.7826859
v 0.5650955 0.3872513 0.7826859
v 0.5564303 0.3885226 0.7712981
v 0.5278760 0.2801193 0.7089233
v 0.5290234 0.2710685 0.7175231
v 0.5587990 0.3838433 0.7826859
v 0.5278760 0.2801193 0.7089233
v 0.5111025 0.2124965 0.6124357
v 0.5115531 0.2008277 0.6169991
v 0.5290234 0.2710685 0.7175231
v 0.5111025 0.2124965 0.6124357
v 0.5459658 0.1929521 0.4966479
v 0.5478219 0.1805535 0.4965126
v 0.5115531 0.2008277 0.6169991
v 0.5459658 0.1929521 0.4966479
v 0.5885636 0.2288751 0.3813784
v 0.5921581 0.2178711 0.3765639
v 0.5478219 0.1805535 0.4965126
v 0.5885636 0.2288751 0.3813784
v 0.5851802 0.3003322 0.2863399
v 0.5886864 0.2921134 0.2775452
v 0.5921581 0.2178711 0.3765639
v 0.5851802 0.3003322 0.2863399
v 0.5537717 0.3937748 0.2260675
v 0.5560288 0.3893159 0.2145691
v 0.5886864 0.2921134 0.2775452
vt 0.5 0.5
vn 0.4330127 0.2500000 -0.8660254
vn 0.5000000 0.0000000 -0.8660254
vn 0.0000000 0.0000000 -1.0000000
vn 0.2500000 0.4330127 -0.8660254
vn 0.4330127 0.2500000 -0.8660254
vn 0.0000000 0.0000000 -1.0000000
vn 0.0000000 0.5000000 -0.8660254
vn 0.2500000 0.4330127 -0.8660254
vn 0.0000000 0.0000000 -1.0000000
vn -0.2500000 0.4330127 -0.8660254
vn 0.0000000 0.5000000 -0.8660254
vn 0.0000000 0.0000000 -1.0000000
vn -0.4330127 0.2500000 -0.8660254
vn -0.2500000 0.4330127 -0.8660254
vn 0.0000000 0.0000000 -1.0000000
vn -0.5000000 0.0000000 -0.8660254
vn -0.4330127 0.2500000 -0.8660254
vn 0.0000000 0.0000000 -1.0000000
vn -0.4330127 -0.2500000 -0.8660254
vn -0.5000000 0.0000000 -0.8660254
vn 0.0000000 0.0000000 -1.0000000
vn -0.2500000 -0.4330127 -0.8660254
vn -0.4330127 -0.2500000 -0.8660254
vn 0.0000000 0.0000000 -1.0000000
vn -0.0000000 -0.5000000 -0.8660254
vn -0.2500000 -0.4330127 -0.8660254
vn 0.0000000 0.0000000 -1.0000000
vn 0.2500000 -0.4330127 -0.8660254
vn -0.0000000 -0.5000000 -0.8660254
vn 0.0000000 0.0000000 -1.0000000
vn 0.4330127 -0.2500000 -0.8660254
vn 0.2500000 -0.4330127 -0.8660254
vn 0.0000000 0.0000000 -1.0000000
vn 0.5000000 -0.0000000 -0.8660254
vn 0.4330127 -0.2500000 -0.8660254
vn 0.0000000 0.0000000 -1.0000000
vn 0.4330127 0.2500000 -0.8660254
vn 0.7500000 0.4330127 -0.5000000
vn 0.8660254 0.0000000 -0.5000000
vn 0.5000000 0.0000000 -0.8660254
vn 0.2500000 0.4330127 -0.8660254
vn 0.4330127 0.7500000 -0.5000000
vn 0.7500000 0.4330127 -0.5000000
vn 0.4330127 0.2500000 -0.8660254
vn 0.0000000 0.5000000 -0.8660254
vn 0.0000000 0.8660254 -0.5000000
vn 0.4330127 0.7500000 -0.5000000
vn 0.2500000 0.4330127 -0.8660254
vn -0.2500000 0.4330127 -0.8660254
vn -0.4330127 0.7500000 -0.5000000
vn 0.0000000 0.8660254 -0.5000000
vn 0.0000000 0.5000000 -0.8660254
vn -0.4330127 0.2500000 -0.8660254
vn -0.7500000 0.4330127 -0.5000000
vn -0.4330127 0.7500000 -0.5000000
vn -0.2500000 0.4330127 -0.8660254
vn -0.5000000 0.0000000 -0.8660254
vn -0.8660254 0.0000000 -0.5000000
vn -0.7500000 0.4330127 -0.5000000
vn -0.4330127 0.2500000 -0.8660254
vn -0.4330127 -0.2500000 -0.8660254
vn -0.7500000 -0.4330127 -0.5000000
vn -0.8660254 0.0000000 -0.5000000
vn -0.5000000 0.0000000 -0.8660254
vn -0.2500000 -0.4330127 -0.8660254
vn -0.4330127 -0.7500000 -0.5000000
vn -0.7500000 -0.4330127 -0.5000000
vn -0.4330127 -0.2500000 -0.8660254
vn -0.0000000 -0.5000000 -0.8660254
vn -0.0000000 -0.8660254 -0.5000000
vn -0.4330127 -0.7500000 -0.5000000
vn -0.2500000 -0.4330127 -0.8660254
vn 0.2500000 -0.4330127 -0.8660254
vn 0.4330127 -0.7500000 -0.5000000
vn -0.0000000 -0.8660254 -0.5000000
vn -0.0000000 -0.5000000 -0.8660254
vn 0.4330127 -0.2500000 -0.8660254
vn 0.7500000 -0.4330127 -0.5000000
vn 0.4330127 -0.7500000 -0.5000000
vn 0.2500000 -0.4330127 -0.8660254
vn 0.5000000 -0.0000000 -0.8660254
vn 0.8660254 -0.0000000 -0.5000000
vn 0.7500000 -0.4330127 -0.5000000
vn 0.4330127 -0.2500000 -0.8660254
vn 0.7500000 0.4330127 -0.5000000
vn 0.8660254 0.5000000 -0.0000000
vn 1.0000000 0.0000000 -0.0000000
vn 0.8660254 0.0000000 -0.5000000
vn 0.4330127 0.7500000 -0.5000000
vn 0.5000000 0.8660254 -0.0000000
vn 0.8660254 0.5000000 -0.0000000
vn 0.7500000 0.4330127 -0.5000000
vn 0.0000000 0.8660254 -0.5000000
vn 0.0000000 1.0000000 -0.0000000
vn 0.5000000 0.8660254 -0.0000000
vn 0.4330127 0.7500000 -0.5000000
vn -0.4330127 0.7500000 -0.5000000
vn -0.5000000 0.8660254 -0.0000000
vn 0.0000000 1.0000000 -0.0000000
vn 0.0000000 0.8660254 -0.5000000
vn -0.7500000 0.4330127 -0.5000000
vn -0.8660254 0.5000000 -0.0000000
vn -0.5000000 0.8660254 -0.0000000
vn -0.4330127 0.7500000 -0.5000000
vn -0.8660254 0.0000000 -0.5000000
vn -1.0000000 0.0000000 -0.0000000
vn -0.8660254 0.5000000 -0.0000000
vn -0.7500000 0.4330127 -0.5000000
vn -0.7500000 -0.4330127 -0.5000000
vn -0.8660254 -0.5000000 -0.0000000
vn -1.0000000 0.0000000 -0.0000000
vn -0.8660254 0.0000000 -0.5000000
vn -0.4330127 -0.7500000 -0.5000000
vn -0.5000000 -0.8660254 -0.0000000
vn -0.8660254 -0.5000000 -0.0000000
vn -0.7500000 -0.4330127 -0.5000000
vn -0.0000000 -0.8660254 -0.5000000
vn -0.0000000 -1.0000000 -0.0000000
vn -0.5000000 -0.8660254 -0.0000000
vn -0.4330127 -0.7500000 -0.5000000
vn 0.4330127 -0.7500000 -0.5000000
vn 0.5000000 -0.8660254 -0.0000000
vn -0.0000000 -1.0000000 -0.0000000
vn -0.0000000 -0.8660254 -0.5000000
vn 0.7500000 -0.4330127 -0.5000000
vn 0.8660254 -0.5000000 -0.0000000
vn 0.5000000 -0.8660254 -0.0000000
vn 0.4330127 -0.7500000 -0.5000000
vn 0.8660254 -0.0000000 -0.5000000
vn 1.0000000 -0.0000000 -0.0000000
vn 0.8660254 -0.5000000 -0.0000000
vn 0.7500000 -0.4330127 -0.5000000
vn 0.8660254 0.5000000 -0.0000000
vn 0.7500000 0.4330127 0.5000000
vn 0.8660254 0.0000000 0.5000000
vn 1.0000000 0.0000000 -0.0000000
vn 0.5000000 0.8660254 -0.0000000
vn 0.4330127 0.7500000 0.5000000
vn 0.7500000 0.4330127 0.5000000
vn 0.8660254 0.5000000 -0.0000000
vn 0.0000000 1.0000000 -0.0000000
vn 0.0000000 0.8660254 0.5000000
vn 0.4330127 0.7500000 0.5000000
vn 0.5000000 0.8660254 -0.0000000
vn -0.5000000 0.8660254 -0.0000000
vn -0.4330127 0.7500000 0.5000000
vn 0.0000000 0.8660254 0.5000000
vn 0.0000000 1.0000000 -0.0000000
vn -0.8660254 0.5000000 -0.0000000
vn -0.7500000 0.4330127 0.5000000
vn -0.4330127 0.7500000 0.5000000
vn -0.5000000 0.8660254 -0.0000000
vn -1.0000000 0.0000000 -0.0000000
vn -0.8660254 0.0000000 0.5000000
vn -0.7500000 0.4330127 0.5000000
vn -0.8660254 0.5000000 -0.0000000
vn -0.8660254 -0.5000000 -0.0000000
vn -0.7500000 -0.4330127 0.5000000
vn -0.8660254 0.0000000 0.5000000
vn -1.0000000 0.0000000 -0.0000000
vn -0.5000000 -0.8660254 -0.0000000
vn -0.4330127 -0.7500000 0.5000000
vn -0.7500000 -0.4330127 0.5000000
vn -0.8660254 -0.5000000 -0.0000000
vn -0.0000000 -1.0000000 -0.0000000
vn -0.0000000 -0.8660254 0.5000000
vn -0.4330127 -0.7500000 0.5000000
vn -0.5000000 -0.8660254 -0.0000000
vn 0.5000000 -0.8660254 -0.0000000
vn 0.4330127 -0.7500000 0.5000000
vn -0.0000000 -0.8660254 0.5000000
vn -0.0000000 -1.0000000 -0.0000000
vn 0.8660254 -0.5000000 -0.0000000
vn 0.7500000 -0.4330127 0.5000000
vn 0.4330127 -0.7500000 0.5000000
vn 0.5000000 -0.8660254 -0.0000000
vn 1.0000000 -0.0000000 -0.0000000
vn 0.8660254 -0.0000000 0.5000000
vn 0.7500000 -0.4330127 0.5000000
vn 0.8660254 -0.5000000 -0.0000000
vn 0.7500000 0.4330127 0.5000000
vn 0.4330127 0.2500000 0.8660254
vn 0.5000000 0.0000000 0.8660254
vn 0.8660254 0.0000000 0.5000000
vn 0.4330127 0.7500000 0.5000000
vn 0.2500000 0.4330127 0.8660254
vn 0.4330127 0.2500000 0.8660254
vn 0.7500000 0.4330127 0.5000000
vn 0.0000000 0.8660254 0.5000000
vn 0.0000000 0.5000000 0.8660254
vn 0.2500000 0.4330127 0.8660254
vn 0.4330127 0.7500000 0.5000000
vn -0.4330127 0.7500000 0.5000000
vn -0.2500000 0.4330127 0.8660254
vn 0.0000000 0.5000000 0.8660254
vn 0.0000000 0.8660254 0.5000000
vn -0.7500000 0.4330127 0.5000000
vn -0.4330127 0.2500000 0.8660254
vn -0.2500000 0.4330127 0.8660254
vn -0.4330127 0.7500000 0.5000000
vn -0.8660254 0.0000000 0.5000000
vn -0.5000000 0.0000000 0.8660254
vn -0.4330127 0.2500000 0.8660254
vn -0.7500000 0.4330127 0.5000000
vn -0.7500000 -0.4330127 0.5000000
vn -0.4330127 -0.2500000 0.8660254
vn -0.5000000 0.0000000 0.8660254
vn -0.8660254 0.0000000 0.5000000
vn -0.4330127 -0.7500000 0.5000000
vn -0.2500000 -0.4330127 0.8660254
vn -0.4330127 -0.2500000 0.8660254
vn -0.7500000 -0.4330127 0.5000000
vn -0.0000000 -0.8660254 0.5000000
vn -0.0000000 -0.5000000 0.8660254
vn -0.2500000 -0.4330127 0.8660254
vn -0.4330127 -0.7500000 0.5000000
vn 0.4330127 -0.7500000 0.5000000
vn 0.2500000 -0.4330127 0.8660254
vn -0.0000000 -0.5000000 0.8660254
vn -0.0000000 -0.8660254 0.5000000
vn 0.7500000 -0.4330127 0.5000000
vn 0.4330127 -0.2500000 0.8660254
vn 0.2500000 -0.4330127 0.8660254
vn 0.4330127 -0.7500000 0.5000000
vn 0.8660254 -0.0000000 0.5000000
vn 0.5000000 -0.0000000 0.8660254
vn 0.4330127 -0.2500000 0.8660254
vn 0.7500000 -0.4330127 0.5000000
vn 0.4330127 0.2500000 0.8660254
vn 0.0000000 0.0000000 1.0000000
vn 0.5000000 0.0000000 0.8660254
vn 0.2500000 0.4330127 0.8660254
vn 0.0000000 0.0000000 1.0000000
vn 0.4330127 0.2500000 0.8660254
vn 0.0000000 0.5000000 0.8660254
vn 0.0000000 0.0000000 1.0000000
vn 0.2500000 0.4330127 0.8660254
vn -0.2500000 0.4330127 0.8660254
vn 0.0000000 0.0000000 1.0000000
vn 0.0000000 0.5000000 0.8660254
vn -0.4330127 0.2500000 0.8660254
vn -0.0000000 0.0000000 1.0000000
vn -0.2500000 0.4330127 0.8660254
vn -0.5000000 0.0000000 0.8660254
vn -0.0000000 0.0000000 1.0000000
vn -0.4330127 0.2500000 0.8660254
vn -0.4330127 -0.2500000 0.8660254
vn -0.0000000 0.0000000 1.0000000
vn -0.5000000 0.0000000 0.8660254
vn -0.2500000 -0.4330127 0.8660254
vn -0.0000000 -0.0000000 1.0000000
vn -0.4330127 -0.2500000 0.8660254
vn -0.0000000 -0.5000000 0.8660254
vn -0.0000000 -0.0000000 1.0000000
vn -0.2500000 -0.4330127 0.8660254
vn 0.2500000 -0.4330127 0.8660254
vn -0.0000000 -0.0000000 1.0000000
vn -0.0000000 -0.5000000 0.8660254
vn 0.4330127 -0.2500000 0.8660254
vn 0.0000000 -0.0000000 1.0000000
vn 0.2500000 -0.4330127 0.8660254
vn 0.5000000 -0.0000000 0.8660254
vn 0.0000000 -0.0000000 1.0000000
vn 0.4330127 -0.2500000 0.8660254
vn 0.2037866 0.6242485 -0.7541783
vn 0.2037866 0.6242485 -0.7541783
vn 0.2037866 0.6242485 -0.7541783
vn 0.2037866 0.6242485 -0.7541783
vn 0.1727620 0.6838753 -0.7088497
vn 0.1727620 0.6838753 -0.7088497
vn 0.1727620 0.6838753 -0.7088497
vn 0.1727620 0.6838753 -0.7088497
vn 0.1154358 0.7295117 -0.6741567
vn 0.1154358 0.7295117 -0.6741567
vn 0.1154358 0.7295117 -0.6741567
vn 0.1154358 0.7295117 -0.6741567
vn 0.0405357 0.7542099 -0.6553810
vn 0.0405357 0.7542099 -0.6553810
vn 0.0405357 0.7542099 -0.6553810
vn 0.0405357 0.7542099 -0.6553810
vn -0.0405357 0.7542099 -0.6553810
vn -0.0405357 0.7542099 -0.6553810
vn -0.0405357 0.7542099 -0.6553810
vn -0.0405357 0.7542099 -0.6553810
vn -0.1154358 0.7295117 -0.6741567
vn -0.1154358 0.7295117 -0.6741567
vn -0.1154358 0.7295117 -0.6741567
vn -0.1154358 0.7295117 -0.6741567
vn -0.1727620 0.6838753 -0.7088497
vn -0.1727620 0.6838753 -0.7088497
vn -0.1727620 0.6838753 -0.7088497
vn -0.1727620 0.6838753 -0.7088497
vn -0.2037866 0.6242485 -0.7541783
vn -0.2037866 0.6242485 -0.7541783
vn -0.2037866 0.6242485 -0.7541783
vn -0.2037866 0.6242485 -0.7541783
vn -0.2037866 0.5597089 -0.8032415
vn -0.2037866 0.5597089 -0.8032415
vn -0.2037866 0.5597089 -0.8032415
vn -0.2037866 0.5597089 -0.8032415
vn -0.1727620 0.5000821 -0.8485701
vn -0.1727620 0.5000821 -0.8485701
vn -0.1727620 0.5000821 -0.8485701
vn -0.1727620 0.5000821 -0.8485701
vn -0.1154358 0.4544457 -0.8832631
vn -0.1154358 0.4544457 -0.8832631
vn -0.1154358 0.4544457 -0.8832631
vn -0.1154358 0.4544457 -0.8832631
vn -0.0405357 0.4297475 -0.9020388
vn -0.0405357 0.4297475 -0.9020388
vn -0.0405357 0.4297475 -0.9020388
vn -0.0405357 0.4297475 -0.9020388
vn 0.0405357 0.4297475 -0.9020388
vn 0.0405357 0.4297475 -0.9020388
vn 0.0405357 0.4297475 -0.9020388
vn 0.0405357 0.4297475 -0.9020388
vn 0.1154358 0.4544457 -0.8832631
vn 0.1154358 0.4544457 -0.8832631
vn 0.1154358 0.4544457 -0.8832631
vn 0.1154358 0.4544457 -0.8832631
vn 0.1727620 0.5000821 -0.8485701
vn 0.1727620 0.5000821 -0.8485701
vn 0.1727620 0.5000821 -0.8485701
vn 0.1727620 0.5000821 -0.8485701
vn 0.2037866 0.5597089 -0.8032415
vn 0.2037866 0.5597089 -0.8032415
vn 0.2037866 0.5597089 -0.8032415
vn 0.2037866 0.5597089 -0.8032415
vn 0.9807853 0.1553082 0.1180660
vn 0.9807853 0.1553082 0.1180660
vn 0.9807853 0.1553082 0.1180660
vn 0.9807853 0.1553082 0.1180660
vn 0.8314696 0.4422805 0.3362236
vn 0.8314696 0.4422805 0.3362236
vn 0.8314696 0.4422805 0.3362236
vn 0.8314696 0.4422805 0.3362236
vn 0.5555702 0.6619195 0.5031941
vn 0.5555702 0.6619195 0.5031941
vn 0.5555702 0.6619195 0.5031941
vn 0.5555702 0.6619195 0.5031941
vn 0.1950903 0.7807873 0.5935579
vn 0.1950903 0.7807873 0.5935579
vn 0.1950903 0.7807873 0.5935579
vn 0.1950903 0.7807873 0.5935579
vn -0.1950903 0.7807873 0.5935579
vn -0.1950903 0.7807873 0.5935579
vn -0.1950903 0.7807873 0.5935579
vn -0.1950903 0.7807873 0.5935579
vn -0.5555702 0.6619195 0.5031941
vn -0.5555702 0.6619195 0.5031941
vn -0.5555702 0.6619195 0.5031941
vn -0.5555702 0.6619195 0.5031941
vn -0.8314696 0.4422805 0.3362236
vn -0.8314696 0.4422805 0.3362236
vn -0.8314696 0.4422805 0.3362236
vn -0.8314696 0.4422805 0.3362236
vn -0.9807853 0.1553082 0.1180660
vn -0.9807853 0.1553082 0.1180660
vn -0.9807853 0.1553082 0.1180660
vn -0.9807853 0.1553082 0.1180660
vn -0.9807853 -0.1553082 -0.1180660
vn -0.9807853 -0.1553082 -0.1180660
vn -0.9807853 -0.1553082 -0.1180660
vn -0.9807853 -0.1553082 -0.1180660
vn -0.8314696 -0.4422805 -0.3362236
vn -0.8314696 -0.4422805 -0.3362236
vn -0.8314696 -0.4422805 -0.3362236
vn -0.8314696 -0.4422805 -0.3362236
vn -0.5555702 -0.6619195 -0.5031941
vn -0.5555702 -0.6619195 -0.5031941
vn -0.5555702 -0.6619195 -0.5031941
vn -0.5555702 -0.6619195 -0.5031941
vn -0.1950903 -0.7807873 -0.5935579
vn -0.1950903 -0.7807873 -0.5935579
vn -0.1950903 -0.7807873 -0.5935579
vn -0.1950903 -0.7807873 -0.5935579
vn 0.1950903 -0.7807873 -0.5935579
vn 0.1950903 -0.7807873 -0.5935579
vn 0.1950903 -0.7807873 -0.5935579
vn 0.1950903 -0.7807873 -0.5935579
vn 0.5555702 -0.6619195 -0.5031941
vn 0.5555702 -0.6619195 -0.5031941
vn 0.5555702 -0.6619195 -0.5031941
vn 0.5555702 -0.6619195 -0.5031941
vn 0.8314696 -0.4422805 -0.3362236
vn 0.8314696 -0.4422805 -0.3362236
vn 0.8314696 -0.4422805 -0.3362236
vn 0.8314696 -0.4422805 -0.3362236
vn 0.9807853 -0.1553082 -0.1180660
vn 0.9807853 -0.1553082 -0.1180660
vn 0.9807853 -0.1553082 -0.1180660
vn 0.9807853 -0.1553082 -0.1180660
vn 0.2037866 -0.5597089 0.8032415
vn 0.2037866 -0.5597089 0.8032415
vn 0.2037866 -0.5597089 0.8032415
vn 0.2037866 -0.5597089 0.8032415
vn 0.1727620 -0.5000821 0.8485701
vn 0.1727620 -0.5000821 0.8485701
vn 0.1727620 -0.5000821 0.8485701
vn 0.1727620 -0.5000821 0.8485701
vn 0.1154358 -0.4544457 0.8832631
vn 0.1154358 -0.4544457 0.8832631
vn 0.1154358 -0.4544457 0.8832631
vn 0.1154358 -0.4544457 0.8832631
vn 0.0405357 -0.4297475 0.9020388
vn 0.0405357 -0.4297475 0.9020388
vn 0.0405357 -0.4297475 0.9020388
vn 0.0405357 -0.4297475 0.9020388
vn -0.0405357 -0.4297475 0.9020388
vn -0.0405357 -0.4297475 0.9020388
vn -0.0405357 -0.4297475 0.9020388
vn -0.0405357 -0.4297475 0.9020388
vn -0.1154358 -0.4544457 0.8832631
vn -0.1154358 -0.4544457 0.8832631
vn -0.1154358 -0.4544457 0.8832631
vn -0.1154358 -0.4544457 0.8832631
vn -0.1727620 -0.5000821 0.8485701
vn -0.1727620 -0.5000821 0.8485701
vn -0.1727620 -0.5000821 0.8485701
vn -0.1727620 -0.5000821 0.8485701
vn -0.2037866 -0.5597089 0.8032415
vn -0.2037866 -0.5597089 0.8032415
vn -0.2037866 -0.5597089 0.8032415
vn -0.2037866 -0.5597089 0.8032415
vn -0.2037866 -0.6242485 0.7541783
vn -0.2037866 -0.6242485 0.7541783
vn -0.2037866 -0.6242485 0.7541783
vn -0.2037866 -0.6242485 0.7541783
vn -0.1727620 -0.6838753 0.7088497
vn -0.1727620 -0.6838753 0.7088497
vn -0.1727620 -0.6838753 0.7088497
vn -0.1727620 -0.6838753 0.7088497
vn -0.1154358 -0.7295117 0.6741567
vn -0.1154358 -0.7295117 0.6741567
vn -0.1154358 -0.7295117 0.6741567
vn -0.1154358 -0.7295117 0.6741567
vn -0.0405357 -0.7542099 0.6553810
vn -0.0405357 -0.7542099 0.6553810
vn -0.0405357 -0.7542099 0.6553810
vn -0.0405357 -0.7542099 0.6553810
vn 0.0405357 -0.7542099 0.6553810
vn 0.0405357 -0.7542099 0.6553810
vn 0.0405357 -0.7542099 0.6553810
vn 0.0405357 -0.7542099 0.6553810
vn 0.1154358 -0.7295117 0.6741567
vn 0.1154358 -0.7295117 0.6741567
vn 0.1154358 -0.7295117 0.6741567
vn 0.1154358 -0.7295117 0.6741567
vn 0.1727620 -0.6838753 0.7088497
vn 0.1727620 -0.6838753 0.7088497
vn 0.1727620 -0.6838753 0.7088497
vn 0.1727620 -0.6838753 0.7088497
vn 0.2037866 -0.6242485 0.7541783
vn 0.2037866 -0.6242485 0.7541783
vn 0.2037866 -0.6242485 0.7541783
vn 0.2037866 -0.6242485 0.7541783
vn 0.7542099 0.0405357 -0.6553810
vn 0.7542099 0.0405357 -0.6553810
vn 0.7542099 0.0405357 -0.6553810
vn 0.7542099 0.0405357 -0.6553810
vn 0.7295117 0.1154358 -0.6741567
vn 0.7295117 0.1154358 -0.6741567
vn 0.7295117 0.1154358 -0.6741567
vn 0.7295117 0.1154358 -0.6741567
vn 0.6838753 0.1727620 -0.7088497
vn 0.6838753 0.1727620 -0.7088497
vn 0.6838753 0.1727620 -0.7088497
vn 0.6838753 0.1727620 -0.7088497
vn 0.6242485 0.2037866 -0.7541783
vn 0.6242485 0.2037866 -0.7541783
vn 0.6242485 0.2037866 -0.7541783
vn 0.6242485 0.2037866 -0.7541783
vn 0.5597089 0.2037866 -0.8032415
vn 0.5597089 0.2037866 -0.8032415
vn 0.5597089 0.2037866 -0.8032415
vn 0.5597089 0.2037866 -0.8032415
vn 0.5000821 0.1727620 -0.8485701
vn 0.5000821 0.1727620 -0.8485701
vn 0.5000821 0.1727620 -0.8485701
vn 0.5000821 0.1727620 -0.8485701
vn 0.4544457 0.1154358 -0.8832631
vn 0.4544457 0.1154358 -0.8832631
vn 0.4544457 0.1154358 -0.8832631
vn 0.4544457 0.1154358 -0.8832631
vn 0.4297475 0.0405357 -0.9020388
vn 0.4297475 0.0405357 -0.9020388
vn 0.4297475 0.0405357 -0.9020388
vn 0.4297475 0.0405357 -0.9020388
vn 0.4297475 -0.0405357 -0.9020388
vn 0.4297475 -0.0405357 -0.9020388
vn 0.4297475 -0.0405357 -0.9020388
vn 0.4297475 -0.0405357 -0.9020388
vn 0.4544457 -0.1154358 -0.8832631
vn 0.4544457 -0.1154358 -0.8832631
vn 0.4544457 -0.1154358 -0.8832631
vn 0.4544457 -0.1154358 -0.8832631
vn 0.5000821 -0.1727620 -0.8485701
vn 0.5000821 -0.1727620 -0.8485701
vn 0.5000821 -0.1727620 -0.8485701
vn 0.5000821 -0.1727620 -0.8485701
vn 0.5597089 -0.2037866 -0.8032415
vn 0.5597089 -0.2037866 -0.8032415
vn 0.5597089 -0.2037866 -0.8032415
vn 0.5597089 -0.2037866 -0.8032415
vn 0.6242485 -0.2037866 -0.7541783
vn 0.6242485 -0.2037866 -0.7541783
vn 0.6242485 -0.2037866 -0.7541783
vn 0.6242485 -0.2037866 -0.7541783
vn 0.6838753 -0.1727620 -0.7088497
vn 0.6838753 -0.1727620 -0.7088497
vn 0.6838753 -0.1727620 -0.7088497
vn 0.6838753 -0.1727620 -0.7088497
vn 0.7295117 -0.1154358 -0.6741567
vn 0.7295117 -0.1154358 -0.6741567
vn 0.7295117 -0.1154358 -0.6741567
vn 0.7295117 -0.1154358 -0.6741567
vn 0.7542099 -0.0405357 -0.6553810
vn 0.7542099 -0.0405357 -0.6553810
vn 0.7542099 -0.0405357 -0.6553810
vn 0.7542099 -0.0405357 -0.6553810
vn 0.7807873 0.1950903 0.5935579
vn 0.7807873 0.1950903 0.5935579
vn 0.7807873 0.1950903 0.5935579
vn 0.7807873 0.1950903 0.5935579
vn 0.6619195 0.5555702 0.5031941
vn 0.6619195 0.5555702 0.5031941
vn 0.6619195 0.5555702 0.5031941
vn 0.6619195 0.5555702 0.5031941
vn 0.4422805 0.8314696 0.3362236
vn 0.4422805 0.8314696 0.3362236
vn 0.4422805 0.8314696 0.3362236
vn 0.4422805 0.8314696 0.3362236
vn 0.1553082 0.9807853 0.1180660
vn 0.1553082 0.9807853 0.1180660
vn 0.1553082 0.9807853 0.1180660
vn 0.1553082 0.9807853 0.1180660
vn -0.1553082 0.9807853 -0.1180660
vn -0.1553082 0.9807853 -0.1180660
vn -0.1553082 0.9807853 -0.1180660
vn -0.1553082 0.9807853 -0.1180660
vn -0.4422805 0.8314696 -0.3362236
vn -0.4422805 0.8314696 -0.3362236
vn -0.4422805 0.8314696 -0.3362236
vn -0.4422805 0.8314696 -0.3362236
vn -0.6619195 0.5555702 -0.5031941
vn -0.6619195 0.5555702 -0.5031941
vn -0.6619195 0.5555702 -0.5031941
vn -0.6619195 0.5555702 -0.5031941
vn -0.7807873 0.1950903 -0.5935579
vn -0.7807873 0.1950903 -0.5935579
vn -0.7807873 0.1950903 -0.5935579
vn -0.7807873 0.1950903 -0.5935579
vn -0.7807873 -0.1950903 -0.5935579
vn -0.7807873 -0.1950903 -0.5935579
vn -0.7807873 -0.1950903 -0.5935579
vn -0.7807873 -0.1950903 -0.5935579
vn -0.6619195 -0.5555702 -0.5031941
vn -0.6619195 -0.5555702 -0.5031941
vn -0.6619195 -0.5555702 -0.5031941
vn -0.6619195 -0.5555702 -0.5031941
vn -0.4422805 -0.8314696 -0.3362236
vn -0.4422805 -0.8314696 -0.3362236
vn -0.4422805 -0.8314696 -0.3362236
vn -0.4422805 -0.8314696 -0.3362236
vn -0.1553082 -0.9807853 -0.1180660
vn -0.1553082 -0.9807853 -0.1180660
vn -0.1553082 -0.9807853 -0.1180660
vn -0.1553082 -0.9807853 -0.1180660
vn 0.1553082 -0.9807853 0.1180660
vn 0.1553082 -0.9807853 0.1180660
vn 0.1553082 -0.9807853 0.1180660
vn 0.1553082 -0.9807853 0.1180660
vn 0.4422805 -0.8314696 0.3362236
vn 0.4422805 -0.8314696 0.3362236
vn 0.4422805 -0.8314696 0.3362236
vn 0.4422805 -0.8314696 0.3362236
vn 0.6619195 -0.5555702 0.5031941
vn 0.6619195 -0.5555702 0.5031941
vn 0.6619195 -0.5555702 0.5031941
vn 0.6619195 -0.5555702 0.5031941
vn 0.7807873 -0.1950903 0.5935579
vn 0.7807873 -0.1950903 0.5935579
vn 0.7807873 -0.1950903 0.5935579
vn 0.7807873 -0.1950903 0.5935579
vn -0.4297475 0.0405357 0.9020388
vn -0.4297475 0.0405357 0.9020388
vn -0.4297475 0.0405357 0.9020388
vn -0.4297475 0.0405357 0.9020388
vn -0.4544457 0.1154358 0.8832631
vn -0.4544457 0.1154358 0.8832631
vn -0.4544457 0.1154358 0.8832631
vn -0.4544457 0.1154358 0.8832631
vn -0.5000821 0.1727620 0.8485701
vn -0.5000821 0.1727620 0.8485701
vn -0.5000821 0.1727620 0.8485701
vn -0.5000821 0.1727620 0.8485701
vn -0.5597089 0.2037866 0.8032415
vn -0.5597089 0.2037866 0.8032415
vn -0.5597089 0.2037866 0.8032415
vn -0.5597089 0.2037866 0.8032415
vn -0.6242485 0.2037866 0.7541783
vn -0.6242485 0.2037866 0.7541783
vn -0.6242485 0.2037866 0.7541783
vn -0.6242485 0.2037866 0.7541783
vn -0.6838753 0.1727620 0.7088497
vn -0.6838753 0.1727620 0.7088497
vn -0.6838753 0.1727620 0.7088497
vn -0.6838753 0.1727620 0.7088497
vn -0.7295117 0.1154358 0.6741567
vn -0.7295117 0.1154358 0.6741567
vn -0.7295117 0.1154358 0.6741567
vn -0.7295117 0.1154358 0.6741567
vn -0.7542099 0.0405357 0.6553810
vn -0.7542099 0.0405357 0.6553810
vn -0.7542099 0.0405357 0.6553810
vn -0.7542099 0.0405357 0.6553810
vn -0.7542099 -0.0405357 0.6553810
vn -0.7542099 -0.0405357 0.6553810
vn -0.7542099 -0.0405357 0.6553810
vn -0.7542099 -0.0405357 0.6553810
vn -0.7295117 -0.1154358 0.6741567
vn -0.7295117 -0.1154358 0.6741567
vn -0.7295117 -0.1154358 0.6741567
vn -0.7295117 -0.1154358 0.6741567
vn -0.6838753 -0.1727620 0.7088497
vn -0.6838753 -0.1727620 0.7088497
vn -0.6838753 -0.1727620 0.7088497
vn -0.6838753 -0.1727620 0.7088497
vn -0.6242485 -0.2037866 0.7541783
vn -0.6242485 -0.2037866 0.7541783
vn -0.6242485 -0.2037866 0.7541783
vn -0.6242485 -0.2037866 0.7541783
vn -0.5597089 -0.2037866 0.8032415
vn -0.5597089 -0.2037866 0.8032415
vn -0.5597089 -0.2037866 0.8032415
vn -0.5597089 -0.2037866 0.8032415
vn -0.5000821 -0.1727620 0.8485701
vn -0.5000821 -0.1727620 0.8485701
vn -0.5000821 -0.1727620 0.8485701
vn -0.5000821 -0.1727620 0.8485701
vn -0.4544457 -0.1154358 0.8832631
vn -0.4544457 -0.1154358 0.8832631
vn -0.4544457 -0.1154358 0.8832631
vn -0.4544457 -0.1154358 0.8832631
vn -0.4297475 -0.0405357 0.9020388
vn -0.4297475 -0.0405357 0.9020388
vn -0.4297475 -0.0405357 0.9020388
vn -0.4297475 -0.0405357 0.9020388
vn 0.3986093 0.0000000 -0.9171208
vn 0.7058645 0.0984383 -0.7014736
vn 0.7075390 -0.0855771 -0.7014736
vn 0.3980066 -0.0219125 -0.9171208
vn 0.3980066 0.0219125 -0.9171208
vn 0.6571295 0.2758906 -0.7014736
vn 0.7058645 0.0984383 -0.7014736
vn 0.3986093 0.0000000 -0.9171208
vn 0.7058645 0.0984383 -0.7014736
vn 0.9144813 0.1275315 -0.3840047
vn 0.9034537 -0.1905564 -0.3840047
vn 0.7075390 -0.0855771 -0.7014736
vn 0.6571295 0.2758906 -0.7014736
vn 0.8168474 0.4304657 -0.3840047
vn 0.9144813 0.1275315 -0.3840047
vn 0.7058645 0.0984383 -0.7014736
vn 0.9144813 0.1275315 -0.3840047
vn 0.9999417 0.0000000 -0.0107961
vn 0.9304534 -0.3662512 -0.0107961
vn 0.9034537 -0.1905564 -0.3840047
vn 0.8168474 0.4304657 -0.3840047
vn 0.9304534 0.3662512 -0.0107961
vn 0.9999417 0.0000000 -0.0107961
vn 0.9144813 0.1275315 -0.3840047
vn 0.9999417 0.0000000 -0.0107961
vn 0.9224797 -0.1286469 0.3639796
vn 0.8239919 -0.4342307 0.3639796
vn 0.9304534 -0.3662512 -0.0107961
vn 0.9304534 0.3662512 -0.0107961
vn 0.9113557 0.1922230 0.3639796
vn 0.9224797 -0.1286469 0.3639796
vn 0.9999417 0.0000000 -0.0107961
vn 0.9224797 -0.1286469 0.3639796
vn 0.7207003 -0.1005072 0.6859223
vn 0.6709410 -0.2816893 0.6859223
vn 0.8239919 -0.4342307 0.3639796
vn 0.9113557 0.1922230 0.3639796
vn 0.7224100 0.0873757 0.6859223
vn 0.7207003 -0.1005072 0.6859223
vn 0.9224797 -0.1286469 0.3639796
vn 0.7207003 -0.1005072 0.6859223
vn 0.4183179 -0.0000000 0.9083007
vn 0.4176854 -0.0229959 0.9083007
vn 0.6709410 -0.2816893 0.6859223
vn 0.7224100 0.0873757 0.6859223
vn 0.4176854 0.0229959 0.9083007
vn 0.4183179 -0.0000000 0.9083007
vn 0.7207003 -0.1005072 0.6859223
vn -0.3980066 0.0219125 0.9171208
vn -0.7075390 0.0855771 0.7014736
vn -0.7058645 -0.0984383 0.7014736
vn -0.3986093 0.0000000 0.9171208
vn -0.3986093 0.0000000 0.9171208
vn -0.7058645 -0.0984383 0.7014736
vn -0.6571295 -0.2758906 0.7014736
vn -0.3980066 -0.0219125 0.9171208
vn -0.7075390 0.0855771 0.7014736
vn -0.9034537 0.1905564 0.3840047
vn -0.9144813 -0.1275315 0.3840047
vn -0.7058645 -0.0984383 0.7014736
vn -0.7058645 -0.0984383 0.7014736
vn -0.9144813 -0.1275315 0.3840047
vn -0.8168474 -0.4304657 0.3840047
vn -0.6571295 -0.2758906 0.7014736
vn -0.9034537 0.1905564 0.3840047
vn -0.9304534 0.3662512 0.0107961
vn -0.9999417 -0.0000000 0.0107961
vn -0.9144813 -0.1275315 0.3840047
vn -0.9144813 -0.1275315 0.3840047
vn -0.9999417 -0.0000000 0.0107961
vn -0.9304534 -0.3662512 0.0107961
vn -0.8168474 -0.4304657 0.3840047
vn -0.9304534 0.3662512 0.0107961
vn -0.8239919 0.4342307 -0.3639796
vn -0.9224797 0.1286469 -0.3639796
vn -0.9999417 -0.0000000 0.0107961
vn -0.9999417 -0.0000000 0.0107961
vn -0.9224797 0.1286469 -0.3639796
vn -0.9113557 -0.1922230 -0.3639796
vn -0.9304534 -0.3662512 0.0107961
vn -0.8239919 0.4342307 -0.3639796
vn -0.6709410 0.2816893 -0.6859223
vn -0.7207003 0.1005072 -0.6859223
vn -0.9224797 0.1286469 -0.3639796
vn -0.9224797 0.1286469 -0.3639796
vn -0.7207003 0.1005072 -0.6859223
vn -0.7224100 -0.0873757 -0.6859223
vn -0.9113557 -0.1922230 -0.3639796
vn -0.6709410 0.2816893 -0.6859223
vn -0.4176854 0.0229959 -0.9083007
vn -0.4183179 0.0000000 -0.9083007
vn -0.7207003 0.1005072 -0.6859223
vn -0.7207003 0.1005072 -0.6859223
vn -0.4183179 0.0000000 -0.9083007
vn -0.4176854 -0.0229959 -0.9083007
vn -0.7224100 -0.0873757 -0.6859223
vn -0.9168291 0.0252192 -0.3984825
vn -0.9168291 0.0252192 -0.3984825
vn -0.9168291 0.0252192 -0.3984825
vn -0.9168291 0.0252192 -0.3984825
vn -0.9168291 -0.0252192 -0.3984825
vn -0.9168291 -0.0252192 -0.3984825
vn -0.9168291 -0.0252192 -0.3984825
vn -0.9168291 -0.0252192 -0.3984825
vn -0.5760253 0.7840405 -0.2312472
vn -0.5760253 0.7840405 -0.2312472
vn -0.5760253 0.7840405 -0.2312472
vn -0.5760253 0.7840405 -0.2312472
vn -0.5155656 0.8433923 -0.1512663
vn -0.5155656 0.8433923 -0.1512663
vn -0.5155656 0.8433923 -0.1512663
vn -0.5155656 0.8433923 -0.1512663
vn -0.3508963 0.8991538 0.2615230
vn -0.3508963 0.8991538 0.2615230
vn -0.3508963 0.8991538 0.2615230
vn -0.3508963 0.8991538 0.2615230
vn -0.3345214 0.8611291 0.3828212
vn -0.3345214 0.8611291 0.3828212
vn -0.3345214 0.8611291 0.3828212
vn -0.3345214 0.8611291 0.3828212
vn -0.2630179 0.9521410 0.1557214
vn -0.2630179 0.9521410 0.1557214
vn -0.2630179 0.9521410 0.1557214
vn -0.2630179 0.9521410 0.1557214
vn -0.1692926 0.9841433 0.0529338
vn -0.1692926 0.9841433 0.0529338
vn -0.1692926 0.9841433 0.0529338
vn -0.1692926 0.9841433 0.0529338
vn -0.9080173 -0.0249768 0.4181874
vn -0.9080173 -0.0249768 0.4181874
vn -0.9080173 -0.0249768 0.4181874
vn -0.9080173 -0.0249768 0.4181874
vn -0.9080173 0.0249768 0.4181874
vn -0.9080173 0.0249768 0.4181874
vn -0.9080173 0.0249768 0.4181874
vn -0.9080173 0.0249768 0.4181874
vn -0.5782808 -0.7777922 0.2462328
vn -0.5782808 -0.7777922 0.2462328
vn -0.5782808 -0.7777922 0.2462328
vn -0.5782808 -0.7777922 0.2462328
vn -0.5134830 -0.8438519 0.1557214
vn -0.5134830 -0.8438519 0.1557214
vn -0.5134830 -0.8438519 0.1557214
vn -0.5134830 -0.8438519 0.1557214
vn -0.3559531 -0.8965172 -0.2637314
vn -0.3559531 -0.8965172 -0.2637314
vn -0.3559531 -0.8965172 -0.2637314
vn -0.3559531 -0.8965172 -0.2637314
vn -0.3426479 -0.8592959 -0.3797406
vn -0.3426479 -0.8592959 -0.3797406
vn -0.3426479 -0.8592959 -0.3797406
vn -0.3426479 -0.8592959 -0.3797406
vn -0.2651468 -0.9522687 -0.1512663
vn -0.2651468 -0.9522687 -0.1512663
vn -0.2651468 -0.9522687 -0.1512663
vn -0.2651468 -0.9522687 -0.1512663
vn -0.1680719 -0.9845354 -0.0494157
vn -0.1680719 -0.9845354 -0.0494157
vn -0.1680719 -0.9845354 -0.0494157
vn -0.1680719 -0.9845354 -0.0494157
vn 0.1993047 0.3452058 -0.9171208
vn 0.2676822 0.6605158 -0.7014736
vn 0.4278814 0.5699582 -0.7014736
vn 0.2179800 0.3337276 -0.9171208
vn 0.1800265 0.3556400 -0.9171208
vn 0.0896365 0.7070362 -0.7014736
vn 0.2676822 0.6605158 -0.7014736
vn 0.1993047 0.3452058 -0.9171208
vn 0.2676822 0.6605158 -0.7014736
vn 0.3467951 0.8557298 -0.3840047
vn 0.6167535 0.6871357 -0.3840047
vn 0.4278814 0.5699582 -0.7014736
vn 0.0896365 0.7070362 -0.7014736
vn 0.0356295 0.9226434 -0.3840047
vn 0.3467951 0.8557298 -0.3840047
vn 0.2676822 0.6605158 -0.7014736
vn 0.3467951 0.8557298 -0.3840047
vn 0.4999709 0.8659749 -0.0107961
vn 0.7824095 0.6226707 -0.0107961
vn 0.6167535 0.6871357 -0.3840047
vn 0.0356295 0.9226434 -0.3840047
vn 0.1480439 0.9889219 -0.0107961
vn 0.4999709 0.8659749 -0.0107961
vn 0.3467951 0.8557298 -0.3840047
vn 0.4999709 0.8659749 -0.0107961
vn 0.5726514 0.7345674 0.3639796
vn 0.7880507 0.4964825 0.3639796
vn 0.7824095 0.6226707 -0.0107961
vn 0.1480439 0.9889219 -0.0107961
vn 0.2892078 0.8853687 0.3639796
vn 0.5726514 0.7345674 0.3639796
vn 0.4999709 0.8659749 -0.0107961
vn 0.5726514 0.7345674 0.3639796
vn 0.4473920 0.5738912 0.6859223
vn 0.5794206 0.4402073 0.6859223
vn 0.7880507 0.4964825 0.3639796
vn 0.2892078 0.8853687 0.3639796
vn 0.2855354 0.6693132 0.6859223
vn 0.4473920 0.5738912 0.6859223
vn 0.5726514 0.7345674 0.3639796
vn 0.4473920 0.5738912 0.6859223
vn 0.2091590 0.3622740 0.9083007
vn 0.2287577 0.3502282 0.9083007
vn 0.5794206 0.4402073 0.6859223
vn 0.2855354 0.6693132 0.6859223
vn 0.1889277 0.3732241 0.9083007
vn 0.2091590 0.3622740 0.9083007
vn 0.4473920 0.5738912 0.6859223
vn -0.2179800 -0.3337276 0.9171208
vn -0.4278814 -0.5699582 0.7014736
vn -0.2676822 -0.6605158 0.7014736
vn -0.1993047 -0.3452058 0.9171208
vn -0.1993047 -0.3452058 0.9171208
vn -0.2676822 -0.6605158 0.7014736
vn -0.0896365 -0.7070362 0.7014736
vn -0.1800265 -0.3556400 0.9171208
vn -0.4278814 -0.5699582 0.7014736
vn -0.6167535 -0.6871357 0.3840047
vn -0.3467951 -0.8557298 0.3840047
vn -0.2676822 -0.6605158 0.7014736
vn -0.2676822 -0.6605158 0.7014736
vn -0.3467951 -0.8557298 0.3840047
vn -0.0356295 -0.9226434 0.3840047
vn -0.0896365 -0.7070362 0.7014736
vn -0.6167535 -0.6871357 0.3840047
vn -0.7824095 -0.6226707 0.0107961
vn -0.4999709 -0.8659749 0.0107961
vn -0.3467951 -0.8557298 0.3840047
vn -0.3467951 -0.8557298 0.3840047
vn -0.4999709 -0.8659749 0.0107961
vn -0.1480439 -0.9889219 0.0107961
vn -0.0356295 -0.9226434 0.3840047
vn -0.7824095 -0.6226707 0.0107961
vn -0.7880507 -0.4964825 -0.3639796
vn -0.5726514 -0.7345674 -0.3639796
vn -0.4999709 -0.8659749 0.0107961
vn -0.4999709 -0.8659749 0.0107961
vn -0.5726514 -0.7345674 -0.3639796
vn -0.2892078 -0.8853687 -0.3639796
vn -0.1480439 -0.9889219 0.0107961
vn -0.7880507 -0.4964825 -0.3639796
vn -0.5794206 -0.4402073 -0.6859223
vn -0.4473920 -0.5738912 -0.6859223
vn -0.5726514 -0.7345674 -0.3639796
vn -0.5726514 -0.7345674 -0.3639796
vn -0.4473920 -0.5738912 -0.6859223
vn -0.2855354 -0.6693132 -0.6859223
vn -0.2892078 -0.8853687 -0.3639796
vn -0.5794206 -0.4402073 -0.6859223
vn -0.2287577 -0.3502282 -0.9083007
vn -0.2091590 -0.3622740 -0.9083007
vn -0.4473920 -0.5738912 -0.6859223
vn -0.4473920 -0.5738912 -0.6859223
vn -0.2091590 -0.3622740 -0.9083007
vn -0.1889277 -0.3732241 -0.9083007
vn -0.2855354 -0.6693132 -0.6859223
vn -0.4802550 -0.7813877 -0.3984825
vn -0.4802550 -0.7813877 -0.3984825
vn -0.4802550 -0.7813877 -0.3984825
vn -0.4802550 -0.7813877 -0.3984825
vn -0.4365741 -0.8066069 -0.3984825
vn -0.4365741 -0.8066069 -0.3984825
vn -0.4365741 -0.8066069 -0.3984825
vn -0.4365741 -0.8066069 -0.3984825
vn -0.9670117 -0.1068323 -0.2312472
vn -0.9670117 -0.1068323 -0.2312472
vn -0.9670117 -0.1068323 -0.2312472
vn -0.9670117 -0.1068323 -0.2312472
vn -0.9881820 -0.0247967 -0.1512663
vn -0.9881820 -0.0247967 -0.1512663
vn -0.9881820 -0.0247967 -0.1512663
vn -0.9881820 -0.0247967 -0.1512663
vn -0.9541382 0.1456917 0.2615230
vn -0.9541382 0.1456917 0.2615230
vn -0.9541382 0.1456917 0.2615230
vn -0.9541382 0.1456917 0.2615230
vn -0.9130204 0.1408605 0.3828212
vn -0.9130204 0.1408605 0.3828212
vn -0.9130204 0.1408605 0.3828212
vn -0.9130204 0.1408605 0.3828212
vn -0.9560872 0.2482903 0.1557214
vn -0.9560872 0.2482903 0.1557214
vn -0.9560872 0.2482903 0.1557214
vn -0.9560872 0.2482903 0.1557214
vn -0.9369394 0.3454599 0.0529338
vn -0.9369394 0.3454599 0.0529338
vn -0.9369394 0.3454599 0.0529338
vn -0.9369394 0.3454599 0.0529338
vn -0.4323781 -0.7988544 0.4181874
vn -0.4323781 -0.7988544 0.4181874
vn -0.4323781 -0.7988544 0.4181874
vn -0.4323781 -0.7988544 0.4181874
vn -0.4756392 -0.7738777 0.4181874
vn -0.4756392 -0.7738777 0.4181874
vn -0.4756392 -0.7738777 0.4181874
vn -0.4756392 -0.7738777 0.4181874
vn 0.3844474 -0.8897020 0.2462328
vn 0.3844474 -0.8897020 0.2462328
vn 0.3844474 -0.8897020 0.2462328
vn 0.3844474 -0.8897020 0.2462328
vn 0.4740557 -0.8666153 0.1557214
vn 0.4740557 -0.8666153 0.1557214
vn 0.4740557 -0.8666153 0.1557214
vn 0.4740557 -0.8666153 0.1557214
vn 0.5984301 -0.7565230 -0.2637314
vn 0.5984301 -0.7565230 -0.2637314
vn 0.5984301 -0.7565230 -0.2637314
vn 0.5984301 -0.7565230 -0.2637314
vn 0.5728482 -0.7263897 -0.3797406
vn 0.5728482 -0.7263897 -0.3797406
vn 0.5728482 -0.7263897 -0.3797406
vn 0.5728482 -0.7263897 -0.3797406
vn 0.6921155 -0.7057582 -0.1512663
vn 0.6921155 -0.7057582 -0.1512663
vn 0.6921155 -0.7057582 -0.1512663
vn 0.6921155 -0.7057582 -0.1512663
vn 0.7685967 -0.6378222 -0.0494157
vn 0.7685967 -0.6378222 -0.0494157
vn 0.7685967 -0.6378222 -0.0494157
vn 0.7685967 -0.6378222 -0.0494157
vn -0.1993047 0.3452058 -0.9171208
vn -0.4381823 0.5620775 -0.7014736
vn -0.2796576 0.6555353 -0.7014736
vn -0.1800265 0.3556400 -0.9171208
vn -0.2179800 0.3337276 -0.9171208
vn -0.5674931 0.4311455 -0.7014736
vn -0.4381823 0.5620775 -0.7014736
vn -0.1993047 0.3452058 -0.9171208
vn -0.4381823 0.5620775 -0.7014736
vn -0.5676862 0.7281983 -0.3840047
vn -0.2867002 0.8776921 -0.3840047
vn -0.2796576 0.6555353 -0.7014736
vn -0.5674931 0.4311455 -0.7014736
vn -0.7812179 0.4921778 -0.3840047
vn -0.5676862 0.7281983 -0.3840047
vn -0.4381823 0.5620775 -0.7014736
vn -0.5676862 0.7281983 -0.3840047
vn -0.4999709 0.8659749 -0.0107961
vn -0.1480439 0.9889219 -0.0107961
vn -0.2867002 0.8776921 -0.3840047
vn -0.7812179 0.4921778 -0.3840047
vn -0.7824095 0.6226707 -0.0107961
vn -0.4999709 0.8659749 -0.0107961
vn -0.5676862 0.7281983 -0.3840047
vn -0.4999709 0.8659749 -0.0107961
vn -0.3498283 0.8632143 0.3639796
vn -0.0359411 0.9307132 0.3639796
vn -0.1480439 0.9889219 -0.0107961
vn -0.7824095 0.6226707 -0.0107961
vn -0.6221479 0.6931456 0.3639796
vn -0.3498283 0.8632143 0.3639796
vn -0.4999709 0.8659749 -0.0107961
vn -0.3498283 0.8632143 0.3639796
vn -0.2733083 0.6743984 0.6859223
vn -0.0915204 0.7218966 0.6859223
vn -0.0359411 0.9307132 0.3639796
vn -0.6221479 0.6931456 0.3639796
vn -0.4368746 0.5819375 0.6859223
vn -0.2733083 0.6743984 0.6859223
vn -0.3498283 0.8632143 0.3639796
vn -0.2733083 0.6743984 0.6859223
vn -0.2091590 0.3622740 0.9083007
vn -0.1889277 0.3732241 0.9083007
vn -0.0915204 0.7218966 0.6859223
vn -0.4368746 0.5819375 0.6859223
vn -0.2287577 0.3502282 0.9083007
vn -0.2091590 0.3622740 0.9083007
vn -0.2733083 0.6743984 0.6859223
vn 0.1800265 -0.3556400 0.9171208
vn 0.2796576 -0.6555353 0.7014736
vn 0.4381823 -0.5620775 0.7014736
vn 0.1993047 -0.3452058 0.9171208
vn 0.1993047 -0.3452058 0.9171208
vn 0.4381823 -0.5620775 0.7014736
vn 0.5674931 -0.4311455 0.7014736
vn 0.2179800 -0.3337276 0.9171208
vn 0.2796576 -0.6555353 0.7014736
vn 0.2867002 -0.8776921 0.3840047
vn 0.5676862 -0.7281983 0.3840047
vn 0.4381823 -0.5620775 0.7014736
vn 0.4381823 -0.5620775 0.7014736
vn 0.5676862 -0.7281983 0.3840047
vn 0.7812179 -0.4921778 0.3840047
vn 0.5674931 -0.4311455 0.7014736
vn 0.2867002 -0.8776921 0.3840047
vn 0.1480439 -0.9889219 0.0107961
vn 0.4999709 -0.8659749 0.0107961
vn 0.5676862 -0.7281983 0.3840047
vn 0.5676862 -0.7281983 0.3840047
vn 0.4999709 -0.8659749 0.0107961
vn 0.7824095 -0.6226707 0.0107961
vn 0.7812179 -0.4921778 0.3840047
vn 0.1480439 -0.9889219 0.0107961
vn 0.0359411 -0.9307132 -0.3639796
vn 0.3498283 -0.8632143 -0.3639796
vn 0.4999709 -0.8659749 0.0107961
vn 0.4999709 -0.8659749 0.0107961
vn 0.3498283 -0.8632143 -0.3639796
vn 0.6221479 -0.6931456 -0.3639796
vn 0.7824095 -0.6226707 0.0107961
vn 0.0359411 -0.9307132 -0.3639796
vn 0.0915204 -0.7218966 -0.6859223
vn 0.2733083 -0.6743984 -0.6859223
vn 0.3498283 -0.8632143 -0.3639796
vn 0.3498283 -0.8632143 -0.3639796
vn 0.2733083 -0.6743984 -0.6859223
vn 0.4368746 -0.5819375 -0.6859223
vn 0.6221479 -0.6931456 -0.3639796
vn 0.0915204 -0.7218966 -0.6859223
vn 0.1889277 -0.3732241 -0.9083007
vn 0.2091590 -0.3622740 -0.9083007
vn 0.2733083 -0.6743984 -0.6859223
vn 0.2733083 -0.6743984 -0.6859223
vn 0.2091590 -0.3622740 -0.9083007
vn 0.2287577 -0.3502282 -0.9083007
vn 0.4368746 -0.5819375 -0.6859223
vn 0.4365741 -0.8066069 -0.3984825
vn 0.4365741 -0.8066069 -0.3984825
vn 0.4365741 -0.8066069 -0.3984825
vn 0.4365741 -0.8066069 -0.3984825
vn 0.4802550 -0.7813877 -0.3984825
vn 0.4802550 -0.7813877 -0.3984825
vn 0.4802550 -0.7813877 -0.3984825
vn 0.4802550 -0.7813877 -0.3984825
vn -0.3909864 -0.8908728 -0.2312472
vn -0.3909864 -0.8908728 -0.2312472
vn -0.3909864 -0.8908728 -0.2312472
vn -0.3909864 -0.8908728 -0.2312472
vn -0.4726164 -0.8681891 -0.1512663
vn -0.4726164 -0.8681891 -0.1512663
vn -0.4726164 -0.8681891 -0.1512663
vn -0.4726164 -0.8681891 -0.1512663
vn -0.6032418 -0.7534620 0.2615230
vn -0.6032418 -0.7534620 0.2615230
vn -0.6032418 -0.7534620 0.2615230
vn -0.6032418 -0.7534620 0.2615230
vn -0.5784990 -0.7202686 0.3828212
vn -0.5784990 -0.7202686 0.3828212
vn -0.5784990 -0.7202686 0.3828212
vn -0.5784990 -0.7202686 0.3828212
vn -0.6930693 -0.7038507 0.1557214
vn -0.6930693 -0.7038507 0.1557214
vn -0.6930693 -0.7038507 0.1557214
vn -0.6930693 -0.7038507 0.1557214
vn -0.7676468 -0.6386834 0.0529338
vn -0.7676468 -0.6386834 0.0529338
vn -0.7676468 -0.6386834 0.0529338
vn -0.7676468 -0.6386834 0.0529338
vn 0.4756392 -0.7738777 0.4181874
vn 0.4756392 -0.7738777 0.4181874
vn 0.4756392 -0.7738777 0.4181874
vn 0.4756392 -0.7738777 0.4181874
vn 0.4323781 -0.7988544 0.4181874
vn 0.4323781 -0.7988544 0.4181874
vn 0.4323781 -0.7988544 0.4181874
vn 0.4323781 -0.7988544 0.4181874
vn 0.9627282 -0.1119097 0.2462328
vn 0.9627282 -0.1119097 0.2462328
vn 0.9627282 -0.1119097 0.2462328
vn 0.9627282 -0.1119097 0.2462328
vn 0.9875387 -0.0227633 0.1557214
vn 0.9875387 -0.0227633 0.1557214
vn 0.9875387 -0.0227633 0.1557214
vn 0.9875387 -0.0227633 0.1557214
vn 0.9543833 0.1399942 -0.2637314
vn 0.9543833 0.1399942 -0.2637314
vn 0.9543833 0.1399942 -0.2637314
vn 0.9543833 0.1399942 -0.2637314
vn 0.9154960 0.1329062 -0.3797406
vn 0.9154960 0.1329062 -0.3797406
vn 0.9154960 0.1329062 -0.3797406
vn 0.9154960 0.1329062 -0.3797406
vn 0.9572623 0.2465105 -0.1512663
vn 0.9572623 0.2465105 -0.1512663
vn 0.9572623 0.2465105 -0.1512663
vn 0.9572623 0.2465105 -0.1512663
vn 0.9366686 0.3467132 -0.0494157
vn 0.9366686 0.3467132 -0.0494157
vn 0.9366686 0.3467132 -0.0494157
vn 0.9366686 0.3467132 -0.0494157
vn -0.3986093 0.0000000 -0.9171208
vn -0.7058645 -0.0984383 -0.7014736
vn -0.7075390 0.0855771 -0.7014736
vn -0.3980066 0.0219125 -0.9171208
vn -0.3980066 -0.0219125 -0.9171208
vn -0.6571295 -0.2758906 -0.7014736
vn -0.7058645 -0.0984383 -0.7014736
vn -0.3986093 0.0000000 -0.9171208
vn -0.7058645 -0.0984383 -0.7014736
vn -0.9144813 -0.1275315 -0.3840047
vn -0.9034537 0.1905564 -0.3840047
vn -0.7075390 0.0855771 -0.7014736
vn -0.6571295 -0.2758906 -0.7014736
vn -0.8168474 -0.4304657 -0.3840047
vn -0.9144813 -0.1275315 -0.3840047
vn -0.7058645 -0.0984383 -0.7014736
vn -0.9144813 -0.1275315 -0.3840047
vn -0.9999417 0.0000000 -0.0107961
vn -0.9304534 0.3662512 -0.0107961
vn -0.9034537 0.1905564 -0.3840047
vn -0.8168474 -0.4304657 -0.3840047
vn -0.9304534 -0.3662512 -0.0107961
vn -0.9999417 0.0000000 -0.0107961
vn -0.9144813 -0.1275315 -0.3840047
vn -0.9999417 0.0000000 -0.0107961
vn -0.9224797 0.1286469 0.3639796
vn -0.8239919 0.4342307 0.3639796
vn -0.9304534 0.3662512 -0.0107961
vn -0.9304534 -0.3662512 -0.0107961
vn -0.9113557 -0.1922230 0.3639796
vn -0.9224797 0.1286469 0.3639796
vn -0.9999417 0.0000000 -0.0107961
vn -0.9224797 0.1286469 0.3639796
vn -0.7207003 0.1005072 0.6859223
vn -0.6709410 0.2816893 0.6859223
vn -0.8239919 0.4342307 0.3639796
vn -0.9113557 -0.1922230 0.3639796
vn -0.7224100 -0.0873757 0.6859223
vn -0.7207003 0.1005072 0.6859223
vn -0.9224797 0.1286469 0.3639796
vn -0.7207003 0.1005072 0.6859223
vn -0.4183179 0.0000000 0.9083007
vn -0.4176854 0.0229959 0.9083007
vn -0.6709410 0.2816893 0.6859223
vn -0.7224100 -0.0873757 0.6859223
vn -0.4176854 -0.0229959 0.9083007
vn -0.4183179 0.0000000 0.9083007
vn -0.7207003 0.1005072 0.6859223
vn 0.3980066 -0.0219125 0.9171208
vn 0.7075390 -0.0855771 0.7014736
vn 0.7058645 0.0984383 0.7014736
vn 0.3986093 -0.0000000 0.9171208
vn 0.3986093 -0.0000000 0.9171208
vn 0.7058645 0.0984383 0.7014736
vn 0.6571295 0.2758906 0.7014736
vn 0.3980066 0.0219125 0.9171208
vn 0.7075390 -0.0855771 0.7014736
vn 0.9034537 -0.1905564 0.3840047
vn 0.9144813 0.1275315 0.3840047
vn 0.7058645 0.0984383 0.7014736
vn 0.7058645 0.0984383 0.7014736
vn 0.9144813 0.1275315 0.3840047
vn 0.8168474 0.4304657 0.3840047
vn 0.6571295 0.2758906 0.7014736
vn 0.9034537 -0.1905564 0.3840047
vn 0.9304534 -0.3662512 0.0107961
vn 0.9999417 -0.0000000 0.0107961
vn 0.9144813 0.1275315 0.3840047
vn 0.9144813 0.1275315 0.3840047
vn 0.9999417 -0.0000000 0.0107961
vn 0.9304534 0.3662512 0.0107961
vn 0.8168474 0.4304657 0.3840047
vn 0.9304534 -0.3662512 0.0107961
vn 0.8239919 -0.4342307 -0.3639796
vn 0.9224797 -0.1286469 -0.3639796
vn 0.9999417 -0.0000000 0.0107961
vn 0.9999417 -0.0000000 0.0107961
vn 0.9224797 -0.1286469 -0.3639796
vn 0.9113557 0.1922230 -0.3639796
vn 0.9304534 0.3662512 0.0107961
vn 0.8239919 -0.4342307 -0.3639796
vn 0.6709410 -0.2816893 -0.6859223
vn 0.7207003 -0.1005072 -0.6859223
vn 0.9224797 -0.1286469 -0.3639796
vn 0.9224797 -0.1286469 -0.3639796
vn 0.7207003 -0.1005072 -0.6859223
vn 0.7224100 0.0873757 -0.6859223
vn 0.9113557 0.1922230 -0.3639796
vn 0.6709410 -0.2816893 -0.6859223
vn 0.4176854 -0.0229959 -0.9083007
vn 0.4183179 -0.0000000 -0.9083007
vn 0.7207003 -0.1005072 -0.6859223
vn 0.7207003 -0.1005072 -0.6859223
vn 0.4183179 -0.0000000 -0.9083007
vn 0.4176854 0.0229959 -0.9083007
vn 0.7224100 0.0873757 -0.6859223
vn 0.9168291 -0.0252192 -0.3984825
vn 0.9168291 -0.0252192 -0.3984825
vn 0.9168291 -0.0252192 -0.3984825
vn 0.9168291 -0.0252192 -0.3984825
vn 0.9168291 0.0252192 -0.3984825
vn 0.9168291 0.0252192 -0.3984825
vn 0.9168291 0.0252192 -0.3984825
vn 0.9168291 0.0252192 -0.3984825
vn 0.5760253 -0.7840405 -0.2312472
vn 0.5760253 -0.7840405 -0.2312472
vn 0.5760253 -0.7840405 -0.2312472
vn 0.5760253 -0.7840405 -0.2312472
vn 0.5155656 -0.8433923 -0.1512663
vn 0.5155656 -0.8433923 -0.1512663
vn 0.5155656 -0.8433923 -0.1512663
vn 0.5155656 -0.8433923 -0.1512663
vn 0.3508963 -0.8991538 0.2615230
vn 0.3508963 -0.8991538 0.2615230
vn 0.3508963 -0.8991538 0.2615230
vn 0.3508963 -0.8991538 0.2615230
vn 0.3345214 -0.8611291 0.3828212
vn 0.3345214 -0.8611291 0.3828212
vn 0.3345214 -0.8611291 0.3828212
vn 0.3345214 -0.8611291 0.3828212
vn 0.2630179 -0.9521410 0.1557214
vn 0.2630179 -0.9521410 0.1557214
vn 0.2630179 -0.9521410 0.1557214
vn 0.2630179 -0.9521410 0.1557214
vn 0.1692926 -0.9841433 0.0529338
vn 0.1692926 -0.9841433 0.0529338
vn 0.1692926 -0.9841433 0.0529338
vn 0.1692926 -0.9841433 0.0529338
vn 0.9080173 0.0249768 0.4181874
vn 0.9080173 0.0249768 0.4181874
vn 0.9080173 0.0249768 0.4181874
vn 0.9080173 0.0249768 0.4181874
vn 0.9080173 -0.0249768 0.4181874
vn 0.9080173 -0.0249768 0.4181874
vn 0.9080173 -0.0249768 0.4181874
vn 0.9080173 -0.0249768 0.4181874
vn 0.5782808 0.7777922 0.2462328
vn 0.5782808 0.7777922 0.2462328
vn 0.5782808 0.7777922 0.2462328
vn 0.5782808 0.7777922 0.2462328
vn 0.5134830 0.8438519 0.1557214
vn 0.5134830 0.8438519 0.1557214
vn 0.5134830 0.8438519 0.1557214
vn 0.5134830 0.8438519 0.1557214
vn 0.3559531 0.8965172 -0.2637314
vn 0.3559531 0.8965172 -0.2637314
vn 0.3559531 0.8965172 -0.2637314
vn 0.3559531 0.8965172 -0.2637314
vn 0.3426479 0.8592959 -0.3797406
vn 0.3426479 0.8592959 -0.3797406
vn 0.3426479 0.8592959 -0.3797406
vn 0.3426479 0.8592959 -0.3797406
vn 0.2651468 0.9522687 -0.1512663
vn 0.2651468 0.9522687 -0.1512663
vn 0.2651468 0.9522687 -0.1512663
vn 0.2651468 0.9522687 -0.1512663
vn 0.1680719 0.9845354 -0.0494157
vn 0.1680719 0.9845354 -0.0494157
vn 0.1680719 0.9845354 -0.0494157
vn 0.1680719 0.9845354 -0.0494157
vn -0.1993047 -0.3452058 -0.9171208
vn -0.2676822 -0.6605158 -0.7014736
vn -0.4278814 -0.5699582 -0.7014736
vn -0.2179800 -0.3337276 -0.9171208
vn -0.1800265 -0.3556400 -0.9171208
vn -0.0896365 -0.7070362 -0.7014736
vn -0.2676822 -0.6605158 -0.7014736
vn -0.1993047 -0.3452058 -0.9171208
vn -0.2676822 -0.6605158 -0.7014736
vn -0.3467951 -0.8557298 -0.3840047
vn -0.6167535 -0.6871357 -0.3840047
vn -0.4278814 -0.5699582 -0.7014736
vn -0.0896365 -0.7070362 -0.7014736
vn -0.0356295 -0.9226434 -0.3840047
vn -0.3467951 -0.8557298 -0.3840047
vn -0.2676822 -0.6605158 -0.7014736
vn -0.3467951 -0.8557298 -0.3840047
vn -0.4999709 -0.8659749 -0.0107961
vn -0.7824095 -0.6226707 -0.0107961
vn -0.6167535 -0.6871357 -0.3840047
vn -0.0356295 -0.9226434 -0.3840047
vn -0.1480439 -0.9889219 -0.0107961
vn -0.4999709 -0.8659749 -0.0107961
vn -0.3467951 -0.8557298 -0.3840047
vn -0.4999709 -0.8659749 -0.0107961
vn -0.5726514 -0.7345674 0.3639796
vn -0.7880507 -0.4964825 0.3639796
vn -0.7824095 -0.6226707 -0.0107961
vn -0.1480439 -0.9889219 -0.0107961
vn -0.2892078 -0.8853687 0.3639796
vn -0.5726514 -0.7345674 0.3639796
vn -0.4999709 -0.8659749 -0.0107961
vn -0.5726514 -0.7345674 0.3639796
vn -0.4473920 -0.5738912 0.6859223
vn -0.5794206 -0.4402073 0.6859223
vn -0.7880507 -0.4964825 0.3639796
vn -0.2892078 -0.8853687 0.3639796
vn -0.2855354 -0.6693132 0.6859223
vn -0.4473920 -0.5738912 0.6859223
vn -0.5726514 -0.7345674 0.3639796
vn -0.4473920 -0.5738912 0.6859223
vn -0.2091590 -0.3622740 0.9083007
vn -0.2287577 -0.3502282 0.9083007
vn -0.5794206 -0.4402073 0.6859223
vn -0.2855354 -0.6693132 0.6859223
vn -0.1889277 -0.3732241 0.9083007
vn -0.2091590 -0.3622740 0.9083007
vn -0.4473920 -0.5738912 0.6859223
vn 0.2179800 0.3337276 0.9171208
vn 0.4278814 0.5699582 0.7014736
vn 0.2676822 0.6605158 0.7014736
vn 0.1993047 0.3452058 0.9171208
vn 0.1993047 0.3452058 0.9171208
vn 0.2676822 0.6605158 0.7014736
vn 0.0896365 0.7070362 0.7014736
vn 0.1800265 0.3556400 0.9171208
vn 0.4278814 0.5699582 0.7014736
vn 0.6167535 0.6871357 0.3840047
vn 0.3467951 0.8557298 0.3840047
vn 0.2676822 0.6605158 0.7014736
vn 0.2676822 0.6605158 0.7014736
vn 0.3467951 0.8557298 0.3840047
vn 0.0356295 0.9226434 0.3840047
vn 0.0896365 0.7070362 0.7014736
vn 0.6167535 0.6871357 0.3840047
vn 0.7824095 0.6226707 0.0107961
vn 0.4999709 0.8659749 0.0107961
vn 0.3467951 0.8557298 0.3840047
vn 0.3467951 0.8557298 0.3840047
vn 0.4999709 0.8659749 0.0107961
vn 0.1480439 0.9889219 0.0107961
vn 0.0356295 0.9226434 0.3840047
vn 0.7824095 0.6226707 0.0107961
vn 0.7880507 0.4964825 -0.3639796
vn 0.5726514 0.7345674 -0.3639796
vn 0.4999709 0.8659749 0.0107961
vn 0.4999709 0.8659749 0.0107961
vn 0.5726514 0.7345674 -0.3639796
vn 0.2892078 0.8853687 -0.3639796
vn 0.1480439 0.9889219 0.0107961
vn 0.7880507 0.4964825 -0.3639796
vn 0.5794206 0.4402073 -0.6859223
vn 0.4473920 0.5738912 -0.6859223
vn 0.5726514 0.7345674 -0.3639796
vn 0.5726514 0.7345674 -0.3639796
vn 0.4473920 0.5738912 -0.6859223
vn 0.2855354 0.6693132 -0.6859223
vn 0.2892078 0.8853687 -0.3639796
vn 0.5794206 0.4402073 -0.6859223
vn 0.2287577 0.3502282 -0.9083007
vn 0.2091590 0.3622740 -0.9083007
vn 0.4473920 0.5738912 -0.6859223
vn 0.4473920 0.5738912 -0.6859223
vn 0.2091590 0.3622740 -0.9083007
vn 0.1889277 0.3732241 -0.9083007
vn 0.2855354 0.6693132 -0.6859223
vn 0.4802550 0.7813877 -0.3984825
vn 0.4802550 0.7813877 -0.3984825
vn 0.4802550 0.7813877 -0.3984825
vn 0.4802550 0.7813877 -0.3984825
vn 0.4365741 0.8066069 -0.3984825
vn 0.4365741 0.8066069 -0.3984825
vn 0.4365741 0.8066069 -0.3984825
vn 0.4365741 0.8066069 -0.3984825
vn 0.9670117 0.1068323 -0.2312472
vn 0.9670117 0.1068323 -0.2312472
vn 0.9670117 0.1068323 -0.2312472
vn 0.9670117 0.1068323 -0.2312472
vn 0.9881820 0.0247967 -0.1512663
vn 0.9881820 0.0247967 -0.1512663
vn 0.9881820 0.0247967 -0.1512663
vn 0.9881820 0.0247967 -0.1512663
vn 0.9541382 -0.1456917 0.2615230
vn 0.9541382 -0.1456917 0.2615230
vn 0.9541382 -0.1456917 0.2615230
vn 0.9541382 -0.1456917 0.2615230
vn 0.9130204 -0.1408605 0.3828212
vn 0.9130204 -0.1408605 0.3828212
vn 0.9130204 -0.1408605 0.3828212
vn 0.9130204 -0.1408605 0.3828212
vn 0.9560872 -0.2482903 0.1557214
vn 0.9560872 -0.2482903 0.1557214
vn 0.9560872 -0.2482903 0.1557214
vn 0.9560872 -0.2482903 0.1557214
vn 0.9369394 -0.3454599 0.0529338
vn 0.9369394 -0.3454599 0.0529338
vn 0.9369394 -0.3454599 0.0529338
vn 0.9369394 -0.3454599 0.0529338
vn 0.4323781 0.7988544 0.4181874
vn 0.4323781 0.7988544 0.4181874
vn 0.4323781 0.7988544 0.4181874
vn 0.4323781 0.7988544 0.4181874
vn 0.4756392 0.7738777 0.4181874
vn 0.4756392 0.7738777 0.4181874
vn 0.4756392 0.7738777 0.4181874
vn 0.4756392 0.7738777 0.4181874
vn -0.3844474 0.8897020 0.2462328
vn -0.3844474 0.8897020 0.2462328
vn -0.3844474 0.8897020 0.2462328
vn -0.3844474 0.8897020 0.2462328
vn -0.4740557 0.8666153 0.1557214
vn -0.4740557 0.8666153 0.1557214
vn -0.4740557 0.8666153 0.1557214
vn -0.4740557 0.8666153 0.1557214
vn -0.5984301 0.7565230 -0.2637314
vn -0.5984301 0.7565230 -0.2637314
vn -0.5984301 0.7565230 -0.2637314
vn -0.5984301 0.7565230 -0.2637314
vn -0.5728482 0.7263897 -0.3797406
vn -0.5728482 0.7263897 -0.3797406
vn -0.5728482 0.7263897 -0.3797406
vn -0.5728482 0.7263897 -0.3797406
vn -0.6921155 0.7057582 -0.1512663
vn -0.6921155 0.7057582 -0.1512663
vn -0.6921155 0.7057582 -0.1512663
vn -0.6921155 0.7057582 -0.1512663
vn -0.7685967 0.6378222 -0.0494157
vn -0.7685967 0.6378222 -0.0494157
vn -0.7685967 0.6378222 -0.0494157
vn -0.7685967 0.6378222 -0.0494157
vn 0.1993047 -0.3452058 -0.9171208
vn 0.4381823 -0.5620775 -0.7014736
vn 0.2796576 -0.6555353 -0.7014736
vn 0.1800265 -0.3556400 -0.9171208
vn 0.2179800 -0.3337276 -0.9171208
vn 0.5674931 -0.4311455 -0.7014736
vn 0.4381823 -0.5620775 -0.7014736
vn 0.1993047 -0.3452058 -0.9171208
vn 0.4381823 -0.5620775 -0.7014736
vn 0.5676862 -0.7281983 -0.3840047
vn 0.2867002 -0.8776921 -0.3840047
vn 0.2796576 -0.6555353 -0.7014736
vn 0.5674931 -0.4311455 -0.7014736
vn 0.7812179 -0.4921778 -0.3840047
vn 0.5676862 -0.7281983 -0.3840047
vn 0.4381823 -0.5620775 -0.7014736
vn 0.5676862 -0.7281983 -0.3840047
vn 0.4999709 -0.8659749 -0.0107961
vn 0.1480439 -0.9889219 -0.0107961
vn 0.2867002 -0.8776921 -0.3840047
vn 0.7812179 -0.4921778 -0.3840047
vn 0.7824095 -0.6226707 -0.0107961
vn 0.4999709 -0.8659749 -0.0107961
vn 0.5676862 -0.7281983 -0.3840047
vn 0.4999709 -0.8659749 -0.0107961
vn 0.3498283 -0.8632143 0.3639796
vn 0.0359411 -0.9307132 0.3639796
vn 0.1480439 -0.9889219 -0.0107961
vn 0.7824095 -0.6226707 -0.0107961
vn 0.6221479 -0.6931456 0.3639796
vn 0.3498283 -0.8632143 0.3639796
vn 0.4999709 -0.8659749 -0.0107961
vn 0.3498283 -0.8632143 0.3639796
vn 0.2733083 -0.6743984 0.6859223
vn 0.0915204 -0.7218966 0.6859223
vn 0.0359411 -0.9307132 0.3639796
vn 0.6221479 -0.6931456 0.3639796
vn 0.4368746 -0.5819375 0.6859223
vn 0.2733083 -0.6743984 0.6859223
vn 0.3498283 -0.8632143 0.3639796
vn 0.2733083 -0.6743984 0.6859223
vn 0.2091590 -0.3622740 0.9083007
vn 0.1889277 -0.3732241 0.9083007
vn 0.0915204 -0.7218966 0.6859223
vn 0.4368746 -0.5819375 0.6859223
vn 0.2287577 -0.3502282 0.9083007
vn 0.2091590 -0.3622740 0.9083007
vn 0.2733083 -0.6743984 0.6859223
vn -0.1800265 0.3556400 0.9171208
vn -0.2796576 0.6555353 0.7014736
vn -0.4381823 0.5620775 0.7014736
vn -0.1993047 0.3452058 0.9171208
vn -0.1993047 0.3452058 0.9171208
vn -0.4381823 0.5620775 0.7014736
vn -0.5674931 0.4311455 0.7014736
vn -0.2179800 0.3337276 0.9171208
vn -0.2796576 0.6555353 0.7014736
vn -0.2867002 0.8776921 0.3840047
vn -0.5676862 0.7281983 0.3840047
vn -0.4381823 0.5620775 0.7014736
vn -0.4381823 0.5620775 0.7014736
vn -0.5676862 0.7281983 0.3840047
vn -0.7812179 0.4921778 0.3840047
vn -0.5674931 0.4311455 0.7014736
vn -0.2867002 0.8776921 0.3840047
vn -0.1480439 0.9889219 0.0107961
vn -0.4999709 0.8659749 0.0107961
vn -0.5676862 0.7281983 0.3840047
vn -0.5676862 0.7281983 0.3840047
vn -0.4999709 0.8659749 0.0107961
vn -0.7824095 0.6226707 0.0107961
vn -0.7812179 0.4921778 0.3840047
vn -0.1480439 0.9889219 0.0107961
vn -0.0359411 0.9307132 -0.3639796
vn -0.3498283 0.8632143 -0.3639796
vn -0.4999709 0.8659749 0.0107961
vn -0.4999709 0.8659749 0.0107961
vn -0.3498283 0.8632143 -0.3639796
vn -0.6221479 0.6931456 -0.3639796
vn -0.7824095 0.6226707 0.0107961
vn -0.0359411 0.9307132 -0.3639796
vn -0.0915204 0.7218966 -0.6859223
vn -0.2733083 0.6743984 -0.6859223
vn -0.3498283 0.8632143 -0.3639796
vn -0.3498283 0.8632143 -0.3639796
vn -0.2733083 0.6743984 -0.6859223
vn -0.4368746 0.5819375 -0.6859223
vn -0.6221479 0.6931456 -0.3639796
vn -0.0915204 0.7218966 -0.6859223
vn -0.1889277 0.3732241 -0.9083007
vn -0.2091590 0.3622740 -0.9083007
vn -0.2733083 0.6743984 -0.6859223
vn -0.2733083 0.6743984 -0.6859223
vn -0.2091590 0.3622740 -0.9083007
vn -0.2287577 0.3502282 -0.9083007
vn -0.4368746 0.5819375 -0.6859223
vn -0.4365741 0.8066069 -0.3984825
vn -0.4365741 0.8066069 -0.3984825
vn -0.4365741 0.8066069 -0.3984825
vn -0.4365741 0.8066069 -0.3984825
vn -0.4802550 0.7813877 -0.3984825
vn -0.4802550 0.7813877 -0.3984825
vn -0.4802550 0.7813877 -0.3984825
vn -0.4802550 0.7813877 -0.3984825
vn 0.3909864 0.8908728 -0.2312472
vn 0.3909864 0.8908728 -0.2312472
vn 0.3909864 0.8908728 -0.2312472
vn 0.3909864 0.8908728 -0.2312472
vn 0.4726164 0.8681891 -0.1512663
vn 0.4726164 0.8681891 -0.1512663
vn 0.4726164 0.8681891 -0.1512663
vn 0.4726164 0.8681891 -0.1512663
vn 0.6032418 0.7534620 0.2615230
vn 0.6032418 0.7534620 0.2615230
vn 0.6032418 0.7534620 0.2615230
vn 0.6032418 0.7534620 0.2615230
vn 0.5784990 0.7202686 0.3828212
vn 0.5784990 0.7202686 0.3828212
vn 0.5784990 0.7202686 0.3828212
vn 0.5784990 0.7202686 0.3828212
vn 0.6930693 0.7038507 0.1557214
vn 0.6930693 0.7038507 0.1557214
vn 0.6930693 0.7038507 0.1557214
vn 0.6930693 0.7038507 0.1557214
vn 0.7676468 0.6386834 0.0529338
vn 0.7676468 0.6386834 0.0529338
vn 0.7676468 0.6386834 0.0529338
vn 0.7676468 0.6386834 0.0529338
vn -0.4756392 0.7738777 0.4181874
vn -0.4756392 0.7738777 0.4181874
vn -0.4756392 0.7738777 0.4181874
vn -0.4756392 0.7738777 0.4181874
vn -0.4323781 0.7988544 0.4181874
vn -0.4323781 0.7988544 0.4181874
vn -0.4323781 0.7988544 0.4181874
vn -0.4323781 0.7988544 0.4181874
vn -0.9627282 0.1119097 0.2462328
vn -0.9627282 0.1119097 0.2462328
vn -0.9627282 0.1119097 0.2462328
vn -0.9627282 0.1119097 0.2462328
vn -0.9875387 0.0227633 0.1557214
vn -0.9875387 0.0227633 0.1557214
vn -0.9875387 0.0227633 0.1557214
vn -0.9875387 0.0227633 0.1557214
vn -0.9543833 -0.1399942 -0.2637314
vn -0.9543833 -0.1399942 -0.2637314
vn -0.9543833 -0.1399942 -0.2637314
vn -0.9543833 -0.1399942 -0.2637314
vn -0.9154960 -0.1329062 -0.3797406
vn -0.9154960 -0.1329062 -0.3797406
vn -0.9154960 -0.1329062 -0.3797406
vn -0.9154960 -0.1329062 -0.3797406
vn -0.9572623 -0.2465105 -0.1512663
vn -0.9572623 -0.2465105 -0.1512663
vn -0.9572623 -0.2465105 -0.1512663
vn -0.9572623 -0.2465105 -0.1512663
vn -0.9366686 -0.3467132 -0.0494157
vn -0.9366686 -0.3467132 -0.0494157
vn -0.9366686 -0.3467132 -0.0494157
vn -0.9366686 -0.3467132 -0.0494157
g hull
usemtl mana_core
f 1/1/1 2/1/2 3/1/3
f 4/1/4 5/1/5 6/1/6
f 7/1/7 8/1/8 9/1/9
f 10/1/10 11/1/11 12/1/12
f 13/1/13 14/1/14 15/1/15
f 16/1/16 17/1/17 18/1/18
f 19/1/19 20/1/20 21/1/21
f 22/1/22 23/1/23 24/1/24
f 25/1/25 26/1/26 27/1/27
f 28/1/28 29/1/29 30/1/30
f 31/1/31 32/1/32 33/1/33
f 34/1/34 35/1/35 36/1/36
f 37/1/37 38/1/38 39/1/39 40/1/40
f 41/1/41 42/1/42 43/1/43 44/1/44
f 45/1/45 46/1/46 47/1/47 48/1/48
f 49/1/49 50/1/50 51/1/51 52/1/52
f 53/1/53 54/1/54 55/1/55 56/1/56
f 57/1/57 58/1/58 59/1/59 60/1/60
f 61/1/61 62/1/62 63/1/63 64/1/64
f 65/1/65 66/1/66 67/1/67 68/1/68
f 69/1/69 70/1/70 71/1/71 72/1/72
f 73/1/73 74/1/74 75/1/75 76/1/76
f 77/1/77 78/1/78 79/1/79 80/1/80
f 81/1/81 82/1/82 83/1/83 84/1/84
f 85/1/85 86/1/86 87/1/87 88/1/88
f 89/1/89 90/1/90 91/1/91 92/1/92
f 93/1/93 94/1/94 95/1/95 96/1/96
f 97/1/97 98/1/98 99/1/99 100/1/100
f 101/1/101 102/1/102 103/1/103 104/1/104
f 105/1/105 106/1/106 107/1/107 108/1/108
f 109/1/109 110/1/110 111/1/111 112/1/112
f 113/1/113 114/1/114 115/1/115 116/1/116
f 117/1/117 118/1/118 119/1/119 120/1/120
f 121/1/121 122/1/122 123/1/123 124/1/124
f 125/1/125 126/1/126 127/1/127 128/1/128
f 129/1/129 130/1/130 131/1/131 132/1/132
f 133/1/133 134/1/134 135/1/135 136/1/136
f 137/1/137 138/1/138 139/1/139 140/1/140
f 141/1/141 142/1/142 143/1/143 144/1/144
f 145/1/145 146/1/146 147/1/147 148/1/148
f 149/1/149 150/1/150 151/1/151 152/1/152
f 153/1/153 154/1/154 155/1/155 156/1/156
f 157/1/157 158/1/158 159/1/159 160/1/160
f 161/1/161 162/1/162 163/1/163 164/1/164
f 165/1/165 166/1/166 167/1/167 168/1/168
f 169/1/169 170/1/170 171/1/171 172/1/172
f 173/1/173 174/1/174 175/1/175 176/1/176
f 177/1/177 178/1/178 179/1/179 180/1/180
f 181/1/181 182/1/182 183/1/183 184/1/184
f 185/1/185 186/1/186 187/1/187 188/1/188
f 189/1/189 190/1/190 191/1/191 192/1/192
f 193/1/193 194/1/194 195/1/195 196/1/196
f 197/1/197 198/1/198 199/1/199 200/1/200
f 201/1/201 202/1/202 203/1/203 204/1/204
f 205/1/205 206/1/206 207/1/207 208/1/208
f 209/1/209 210/1/210 211/1/211 212/1/212
f 213/1/213 214/1/214 215/1/215 216/1/216
f 217/1/217 218/1/218 219/1/219 220/1/220
f 221/1/221 222/1/222 223/1/223 224/1/224
f 225/1/225 226/1/226 227/1/227 228/1/228
f 229/1/229 230/1/230 231/1/231
f 232/1/232 233/1/233 234/1/234
f 235/1/235 236/1/236 237/1/237
f 238/1/238 239/1/239 240/1/240
f 241/1/241 242/1/242 243/1/243
f 244/1/244 245/1/245 246/1/246
f 247/1/247 248/1/248 249/1/249
f 250/1/250 251/1/251 252/1/252
f 253/1/253 254/1/254 255/1/255
f 256/1/256 257/1/257 258/1/258
f 259/1/259 260/1/260 261/1/261
f 262/1/262 263/1/263 264/1/264
usemtl gold
f 265/1/265 266/1/266 267/1/267 268/1/268
f 269/1/269 270/1/270 271/1/271 272/1/272
f 273/1/273 274/1/274 275/1/275 276/1/276
f 277/1/277 278/1/278 279/1/279 280/1/280
f 281/1/281 282/1/282 283/1/283 284/1/284
f 285/1/285 286/1/286 287/1/287 288/1/288
f 289/1/289 290/1/290 291/1/291 292/1/292
f 293/1/293 294/1/294 295/1/295 296/1/296
f 297/1/297 298/1/298 299/1/299 300/1/300
f 301/1/301 302/1/302 303/1/303 304/1/304
f 305/1/305 306/1/306 307/1/307 308/1/308
f 309/1/309 310/1/310 311/1/311 312/1/312
f 313/1/313 314/1/314 315/1/315 316/1/316
f 317/1/317 318/1/318 319/1/319 320/1/320
f 321/1/321 322/1/322 323/1/323 324/1/324
f 325/1/325 326/1/326 327/1/327 328/1/328
f 329/1/329 330/1/330 331/1/331 332/1/332
f 333/1/333 334/1/334 335/1/335 336/1/336
f 337/1/337 338/1/338 339/1/339 340/1/340
f 341/1/341 342/1/342 343/1/343 344/1/344
f 345/1/345 346/1/346 347/1/347 348/1/348
f 349/1/349 350/1/350 351/1/351 352/1/352
f 353/1/353 354/1/354 355/1/355 356/1/356
f 357/1/357 358/1/358 359/1/359 360/1/360
f 361/1/361 362/1/362 363/1/363 364/1/364
f 365/1/365 366/1/366 367/1/367 368/1/368
f 369/1/369 370/1/370 371/1/371 372/1/372
f 373/1/373 374/1/374 375/1/375 376/1/376
f 377/1/377 378/1/378 379/1/379 380/1/380
f 381/1/381 382/1/382 383/1/383 384/1/384
f 385/1/385 386/1/386 387/1/387 388/1/388
f 389/1/389 390/1/390 391/1/391 392/1/392
f 393/1/393 394/1/394 395/1/395 396/1/396
f 397/1/397 398/1/398 399/1/399 400/1/400
f 401/1/401 402/1/402 403/1/403 404/1/404
f 405/1/405 406/1/406 407/1/407 408/1/408
f 409/1/409 410/1/410 411/1/411 412/1/412
f 413/1/413 414/1/414 415/1/415 416/1/416
f 417/1/417 418/1/418 419/1/419 420/1/420
f 421/1/421 422/1/422 423/1/423 424/1/424
f 425/1/425 426/1/426 427/1/427 428/1/428
f 429/1/429 430/1/430 431/1/431 432/1/432
f 433/1/433 434/1/434 435/1/435 436/1/436
f 437/1/437 438/1/438 439/1/439 440/1/440
f 441/1/441 442/1/442 443/1/443 444/1/444
f 445/1/445 446/1/446 447/1/447 448/1/448
f 449/1/449 450/1/450 451/1/451 452/1/452
f 453/1/453 454/1/454 455/1/455 456/1/456
f 457/1/457 458/1/458 459/1/459 460/1/460
f 461/1/461 462/1/462 463/1/463 464/1/464
f 465/1/465 466/1/466 467/1/467 468/1/468
f 469/1/469 470/1/470 471/1/471 472/1/472
f 473/1/473 474/1/474 475/1/475 476/1/476
f 477/1/477 478/1/478 479/1/479 480/1/480
f 481/1/481 482/1/482 483/1/483 484/1/484
f 485/1/485 486/1/486 487/1/487 488/1/488
f 489/1/489 490/1/490 491/1/491 492/1/492
f 493/1/493 494/1/494 495/1/495 496/1/496
f 497/1/497 498/1/498 499/1/499 500/1/500
f 501/1/501 502/1/502 503/1/503 504/1/504
f 505/1/505 506/1/506 507/1/507 508/1/508
f 509/1/509 510/1/510 511/1/511 512/1/512
f 513/1/513 514/1/514 515/1/515 516/1/516
f 517/1/517 518/1/518 519/1/519 520/1/520
f 521/1/521 522/1/522 523/1/523 524/1/524
f 525/1/525 526/1/526 527/1/527 528/1/528
f 529/1/529 530/1/530 531/1/531 532/1/532
f 533/1/533 534/1/534 535/1/535 536/1/536
f 537/1/537 538/1/538 539/1/539 540/1/540
f 541/1/541 542/1/542 543/1/543 544/1/544
f 545/1/545 546/1/546 547/1/547 548/1/548
f 549/1/549 550/1/550 551/1/551 552/1/552
f 553/1/553 554/1/554 555/1/555 556/1/556
f 557/1/557 558/1/558 559/1/559 560/1/560
f 561/1/561 562/1/562 563/1/563 564/1/564
f 565/1/565 566/1/566 567/1/567 568/1/568
f 569/1/569 570/1/570 571/1/571 572/1/572
f 573/1/573 574/1/574 575/1/575 576/1/576
f 577/1/577 578/1/578 579/1/579 580/1/580
f 581/1/581 582/1/582 583/1/583 584/1/584
f 585/1/585 586/1/586 587/1/587 588/1/588
f 589/1/589 590/1/590 591/1/591 592/1/592
f 593/1/593 594/1/594 595/1/595 596/1/596
f 597/1/597 598/1/598 599/1/599 600/1/600
f 601/1/601 602/1/602 603/1/603 604/1/604
f 605/1/605 606/1/606 607/1/607 608/1/608
f 609/1/609 610/1/610 611/1/611 612/1/612
f 613/1/613 614/1/614 615/1/615 616/1/616
f 617/1/617 618/1/618 619/1/619 620/1/620
f 621/1/621 622/1/622 623/1/623 624/1/624
f 625/1/625 626/1/626 627/1/627 628/1/628
f 629/1/629 630/1/630 631/1/631 632/1/632
f 633/1/633 634/1/634 635/1/635 636/1/636
f 637/1/637 638/1/638 639/1/639 640/1/640
f 641/1/641 642/1/642 643/1/643 644/1/644
f 645/1/645 646/1/646 647/1/647 648/1/648
usemtl ceramic
f 649/1/649 650/1/650 651/1/651 652/1/652
f 653/1/653 654/1/654 655/1/655 656/1/656
f 657/1/657 658/1/658 659/1/659 660/1/660
f 661/1/661 662/1/662 663/1/663 664/1/664
f 665/1/665 666/1/666 667/1/667 668/1/668
f 669/1/669 670/1/670 671/1/671 672/1/672
f 673/1/673 674/1/674 675/1/675 676/1/676
f 677/1/677 678/1/678 679/1/679 680/1/680
f 681/1/681 682/1/682 683/1/683 684/1/684
f 685/1/685 686/1/686 687/1/687 688/1/688
f 689/1/689 690/1/690 691/1/691 692/1/692
f 693/1/693 694/1/694 695/1/695 696/1/696
usemtl ceramic_shadow
f 697/1/697 698/1/698 699/1/699 700/1/700
f 701/1/701 702/1/702 703/1/703 704/1/704
f 705/1/705 706/1/706 707/1/707 708/1/708
f 709/1/709 710/1/710 711/1/711 712/1/712
f 713/1/713 714/1/714 715/1/715 716/1/716
f 717/1/717 718/1/718 719/1/719 720/1/720
f 721/1/721 722/1/722 723/1/723 724/1/724
f 725/1/725 726/1/726 727/1/727 728/1/728
f 729/1/729 730/1/730 731/1/731 732/1/732
f 733/1/733 734/1/734 735/1/735 736/1/736
f 737/1/737 738/1/738 739/1/739 740/1/740
f 741/1/741 742/1/742 743/1/743 744/1/744
usemtl gold
f 745/1/745 746/1/746 747/1/747 748/1/748
f 749/1/749 750/1/750 751/1/751 752/1/752
f 753/1/753 754/1/754 755/1/755 756/1/756
f 757/1/757 758/1/758 759/1/759 760/1/760
f 761/1/761 762/1/762 763/1/763 764/1/764
f 765/1/765 766/1/766 767/1/767 768/1/768
f 769/1/769 770/1/770 771/1/771 772/1/772
f 773/1/773 774/1/774 775/1/775 776/1/776
f 777/1/777 778/1/778 779/1/779 780/1/780
f 781/1/781 782/1/782 783/1/783 784/1/784
f 785/1/785 786/1/786 787/1/787 788/1/788
f 789/1/789 790/1/790 791/1/791 792/1/792
f 793/1/793 794/1/794 795/1/795 796/1/796
f 797/1/797 798/1/798 799/1/799 800/1/800
f 801/1/801 802/1/802 803/1/803 804/1/804
f 805/1/805 806/1/806 807/1/807 808/1/808
usemtl ceramic
f 809/1/809 810/1/810 811/1/811 812/1/812
f 813/1/813 814/1/814 815/1/815 816/1/816
f 817/1/817 818/1/818 819/1/819 820/1/820
f 821/1/821 822/1/822 823/1/823 824/1/824
f 825/1/825 826/1/826 827/1/827 828/1/828
f 829/1/829 830/1/830 831/1/831 832/1/832
f 833/1/833 834/1/834 835/1/835 836/1/836
f 837/1/837 838/1/838 839/1/839 840/1/840
f 841/1/841 842/1/842 843/1/843 844/1/844
f 845/1/845 846/1/846 847/1/847 848/1/848
f 849/1/849 850/1/850 851/1/851 852/1/852
f 853/1/853 854/1/854 855/1/855 856/1/856
usemtl ceramic_shadow
f 857/1/857 858/1/858 859/1/859 860/1/860
f 861/1/861 862/1/862 863/1/863 864/1/864
f 865/1/865 866/1/866 867/1/867 868/1/868
f 869/1/869 870/1/870 871/1/871 872/1/872
f 873/1/873 874/1/874 875/1/875 876/1/876
f 877/1/877 878/1/878 879/1/879 880/1/880
f 881/1/881 882/1/882 883/1/883 884/1/884
f 885/1/885 886/1/886 887/1/887 888/1/888
f 889/1/889 890/1/890 891/1/891 892/1/892
f 893/1/893 894/1/894 895/1/895 896/1/896
f 897/1/897 898/1/898 899/1/899 900/1/900
f 901/1/901 902/1/902 903/1/903 904/1/904
usemtl gold
f 905/1/905 906/1/906 907/1/907 908/1/908
f 909/1/909 910/1/910 911/1/911 912/1/912
f 913/1/913 914/1/914 915/1/915 916/1/916
f 917/1/917 918/1/918 919/1/919 920/1/920
f 921/1/921 922/1/922 923/1/923 924/1/924
f 925/1/925 926/1/926 927/1/927 928/1/928
f 929/1/929 930/1/930 931/1/931 932/1/932
f 933/1/933 934/1/934 935/1/935 936/1/936
f 937/1/937 938/1/938 939/1/939 940/1/940
f 941/1/941 942/1/942 943/1/943 944/1/944
f 945/1/945 946/1/946 947/1/947 948/1/948
f 949/1/949 950/1/950 951/1/951 952/1/952
f 953/1/953 954/1/954 955/1/955 956/1/956
f 957/1/957 958/1/958 959/1/959 960/1/960
f 961/1/961 962/1/962 963/1/963 964/1/964
f 965/1/965 966/1/966 967/1/967 968/1/968
usemtl ceramic
f 969/1/969 970/1/970 971/1/971 972/1/972
f 973/1/973 974/1/974 975/1/975 976/1/976
f 977/1/977 978/1/978 979/1/979 980/1/980
f 981/1/981 982/1/982 983/1/983 984/1/984
f 985/1/985 986/1/986 987/1/987 988/1/988
f 989/1/989 990/1/990 991/1/991 992/1/992
f 993/1/993 994/1/994 995/1/995 996/1/996
f 997/1/997 998/1/998 999/1/999 1000/1/1000
f 1001/1/1001 1002/1/1002 1003/1/1003 1004/1/1004
f 1005/1/1005 1006/1/1006 1007/1/1007 1008/1/1008
f 1009/1/1009 1010/1/1010 1011/1/1011 1012/1/1012
f 1013/1/1013 1014/1/1014 1015/1/1015 1016/1/1016
usemtl ceramic_shadow
f 1017/1/1017 1018/1/1018 1019/1/1019 1020/1/1020
f 1021/1/1021 1022/1/1022 1023/1/1023 1024/1/1024
f 1025/1/1025 1026/1/1026 1027/1/1027 1028/1/1028
f 1029/1/1029 1030/1/1030 1031/1/1031 1032/1/1032
f 1033/1/1033 1034/1/1034 1035/1/1035 1036/1/1036
f 1037/1/1037 1038/1/1038 1039/1/1039 1040/1/1040
f 1041/1/1041 1042/1/1042 1043/1/1043 1044/1/1044
f 1045/1/1045 1046/1/1046 1047/1/1047 1048/1/1048
f 1049/1/1049 1050/1/1050 1051/1/1051 1052/1/1052
f 1053/1/1053 1054/1/1054 1055/1/1055 1056/1/1056
f 1057/1/1057 1058/1/1058 1059/1/1059 1060/1/1060
f 1061/1/1061 1062/1/1062 1063/1/1063 1064/1/1064
usemtl gold
f 1065/1/1065 1066/1/1066 1067/1/1067 1068/1/1068
f 1069/1/1069 1070/1/1070 1071/1/1071 1072/1/1072
f 1073/1/1073 1074/1/1074 1075/1/1075 1076/1/1076
f 1077/1/1077 1078/1/1078 1079/1/1079 1080/1/1080
f 1081/1/1081 1082/1/1082 1083/1/1083 1084/1/1084
f 1085/1/1085 1086/1/1086 1087/1/1087 1088/1/1088
f 1089/1/1089 1090/1/1090 1091/1/1091 1092/1/1092
f 1093/1/1093 1094/1/1094 1095/1/1095 1096/1/1096
f 1097/1/1097 1098/1/1098 1099/1/1099 1100/1/1100
f 1101/1/1101 1102/1/1102 1103/1/1103 1104/1/1104
f 1105/1/1105 1106/1/1106 1107/1/1107 1108/1/1108
f 1109/1/1109 1110/1/1110 1111/1/1111 1112/1/1112
f 1113/1/1113 1114/1/1114 1115/1/1115 1116/1/1116
f 1117/1/1117 1118/1/1118 1119/1/1119 1120/1/1120
f 1121/1/1121 1122/1/1122 1123/1/1123 1124/1/1124
f 1125/1/1125 1126/1/1126 1127/1/1127 1128/1/1128
usemtl ceramic
f 1129/1/1129 1130/1/1130 1131/1/1131 1132/1/1132
f 1133/1/1133 1134/1/1134 1135/1/1135 1136/1/1136
f 1137/1/1137 1138/1/1138 1139/1/1139 1140/1/1140
f 1141/1/1141 1142/1/1142 1143/1/1143 1144/1/1144
f 1145/1/1145 1146/1/1146 1147/1/1147 1148/1/1148
f 1149/1/1149 1150/1/1150 1151/1/1151 1152/1/1152
f 1153/1/1153 1154/1/1154 1155/1/1155 1156/1/1156
f 1157/1/1157 1158/1/1158 1159/1/1159 1160/1/1160
f 1161/1/1161 1162/1/1162 1163/1/1163 1164/1/1164
f 1165/1/1165 1166/1/1166 1167/1/1167 1168/1/1168
f 1169/1/1169 1170/1/1170 1171/1/1171 1172/1/1172
f 1173/1/1173 1174/1/1174 1175/1/1175 1176/1/1176
usemtl ceramic_shadow
f 1177/1/1177 1178/1/1178 1179/1/1179 1180/1/1180
f 1181/1/1181 1182/1/1182 1183/1/1183 1184/1/1184
f 1185/1/1185 1186/1/1186 1187/1/1187 1188/1/1188
f 1189/1/1189 1190/1/1190 1191/1/1191 1192/1/1192
f 1193/1/1193 1194/1/1194 1195/1/1195 1196/1/1196
f 1197/1/1197 1198/1/1198 1199/1/1199 1200/1/1200
f 1201/1/1201 1202/1/1202 1203/1/1203 1204/1/1204
f 1205/1/1205 1206/1/1206 1207/1/1207 1208/1/1208
f 1209/1/1209 1210/1/1210 1211/1/1211 1212/1/1212
f 1213/1/1213 1214/1/1214 1215/1/1215 1216/1/1216
f 1217/1/1217 1218/1/1218 1219/1/1219 1220/1/1220
f 1221/1/1221 1222/1/1222 1223/1/1223 1224/1/1224
usemtl gold
f 1225/1/1225 1226/1/1226 1227/1/1227 1228/1/1228
f 1229/1/1229 1230/1/1230 1231/1/1231 1232/1/1232
f 1233/1/1233 1234/1/1234 1235/1/1235 1236/1/1236
f 1237/1/1237 1238/1/1238 1239/1/1239 1240/1/1240
f 1241/1/1241 1242/1/1242 1243/1/1243 1244/1/1244
f 1245/1/1245 1246/1/1246 1247/1/1247 1248/1/1248
f 1249/1/1249 1250/1/1250 1251/1/1251 1252/1/1252
f 1253/1/1253 1254/1/1254 1255/1/1255 1256/1/1256
f 1257/1/1257 1258/1/1258 1259/1/1259 1260/1/1260
f 1261/1/1261 1262/1/1262 1263/1/1263 1264/1/1264
f 1265/1/1265 1266/1/1266 1267/1/1267 1268/1/1268
f 1269/1/1269 1270/1/1270 1271/1/1271 1272/1/1272
f 1273/1/1273 1274/1/1274 1275/1/1275 1276/1/1276
f 1277/1/1277 1278/1/1278 1279/1/1279 1280/1/1280
f 1281/1/1281 1282/1/1282 1283/1/1283 1284/1/1284
f 1285/1/1285 1286/1/1286 1287/1/1287 1288/1/1288
usemtl ceramic
f 1289/1/1289 1290/1/1290 1291/1/1291 1292/1/1292
f 1293/1/1293 1294/1/1294 1295/1/1295 1296/1/1296
f 1297/1/1297 1298/1/1298 1299/1/1299 1300/1/1300
f 1301/1/1301 1302/1/1302 1303/1/1303 1304/1/1304
f 1305/1/1305 1306/1/1306 1307/1/1307 1308/1/1308
f 1309/1/1309 1310/1/1310 1311/1/1311 1312/1/1312
f 1313/1/1313 1314/1/1314 1315/1/1315 1316/1/1316
f 1317/1/1317 1318/1/1318 1319/1/1319 1320/1/1320
f 1321/1/1321 1322/1/1322 1323/1/1323 1324/1/1324
f 1325/1/1325 1326/1/1326 1327/1/1327 1328/1/1328
f 1329/1/1329 1330/1/1330 1331/1/1331 1332/1/1332
f 1333/1/1333 1334/1/1334 1335/1/1335 1336/1/1336
usemtl ceramic_shadow
f 1337/1/1337 1338/1/1338 1339/1/1339 1340/1/1340
f 1341/1/1341 1342/1/1342 1343/1/1343 1344/1/1344
f 1345/1/1345 1346/1/1346 1347/1/1347 1348/1/1348
f 1349/1/1349 1350/1/1350 1351/1/1351 1352/1/1352
f 1353/1/1353 1354/1/1354 1355/1/1355 1356/1/1356
f 1357/1/1357 1358/1/1358 1359/1/1359 1360/1/1360
f 1361/1/1361 1362/1/1362 1363/1/1363 1364/1/1364
f 1365/1/1365 1366/1/1366 1367/1/1367 1368/1/1368
f 1369/1/1369 1370/1/1370 1371/1/1371 1372/1/1372
f 1373/1/1373 1374/1/1374 1375/1/1375 1376/1/1376
f 1377/1/1377 1378/1/1378 1379/1/1379 1380/1/1380
f 1381/1/1381 1382/1/1382 1383/1/1383 1384/1/1384
usemtl gold
f 1385/1/1385 1386/1/1386 1387/1/1387 1388/1/1388
f 1389/1/1389 1390/1/1390 1391/1/1391 1392/1/1392
f 1393/1/1393 1394/1/1394 1395/1/1395 1396/1/1396
f 1397/1/1397 1398/1/1398 1399/1/1399 1400/1/1400
f 1401/1/1401 1402/1/1402 1403/1/1403 1404/1/1404
f 1405/1/1405 1406/1/1406 1407/1/1407 1408/1/1408
f 1409/1/1409 1410/1/1410 1411/1/1411 1412/1/1412
f 1413/1/1413 1414/1/1414 1415/1/1415 1416/1/1416
f 1417/1/1417 1418/1/1418 1419/1/1419 1420/1/1420
f 1421/1/1421 1422/1/1422 1423/1/1423 1424/1/1424
f 1425/1/1425 1426/1/1426 1427/1/1427 1428/1/1428
f 1429/1/1429 1430/1/1430 1431/1/1431 1432/1/1432
f 1433/1/1433 1434/1/1434 1435/1/1435 1436/1/1436
f 1437/1/1437 1438/1/1438 1439/1/1439 1440/1/1440
f 1441/1/1441 1442/1/1442 1443/1/1443 1444/1/1444
f 1445/1/1445 1446/1/1446 1447/1/1447 1448/1/1448
usemtl ceramic
f 1449/1/1449 1450/1/1450 1451/1/1451 1452/1/1452
f 1453/1/1453 1454/1/1454 1455/1/1455 1456/1/1456
f 1457/1/1457 1458/1/1458 1459/1/1459 1460/1/1460
f 1461/1/1461 1462/1/1462 1463/1/1463 1464/1/1464
f 1465/1/1465 1466/1/1466 1467/1/1467 1468/1/1468
f 1469/1/1469 1470/1/1470 1471/1/1471 1472/1/1472
f 1473/1/1473 1474/1/1474 1475/1/1475 1476/1/1476
f 1477/1/1477 1478/1/1478 1479/1/1479 1480/1/1480
f 1481/1/1481 1482/1/1482 1483/1/1483 1484/1/1484
f 1485/1/1485 1486/1/1486 1487/1/1487 1488/1/1488
f 1489/1/1489 1490/1/1490 1491/1/1491 1492/1/1492
f 1493/1/1493 1494/1/1494 1495/1/1495 1496/1/1496
usemtl ceramic_shadow
f 1497/1/1497 1498/1/1498 1499/1/1499 1500/1/1500
f 1501/1/1501 1502/1/1502 1503/1/1503 1504/1/1504
f 1505/1/1505 1506/1/1506 1507/1/1507 1508/1/1508
f 1509/1/1509 1510/1/1510 1511/1/1511 1512/1/1512
f 1513/1/1513 1514/1/1514 1515/1/1515 1516/1/1516
f 1517/1/1517 1518/1/1518 1519/1/1519 1520/1/1520
f 1521/1/1521 1522/1/1522 1523/1/1523 1524/1/1524
f 1525/1/1525 1526/1/1526 1527/1/1527 1528/1/1528
f 1529/1/1529 1530/1/1530 1531/1/1531 1532/1/1532
f 1533/1/1533 1534/1/1534 1535/1/1535 1536/1/1536
f 1537/1/1537 1538/1/1538 1539/1/1539 1540/1/1540
f 1541/1/1541 1542/1/1542 1543/1/1543 1544/1/1544
usemtl gold
f 1545/1/1545 1546/1/1546 1547/1/1547 1548/1/1548
f 1549/1/1549 1550/1/1550 1551/1/1551 1552/1/1552
f 1553/1/1553 1554/1/1554 1555/1/1555 1556/1/1556
f 1557/1/1557 1558/1/1558 1559/1/1559 1560/1/1560
f 1561/1/1561 1562/1/1562 1563/1/1563 1564/1/1564
f 1565/1/1565 1566/1/1566 1567/1/1567 1568/1/1568
f 1569/1/1569 1570/1/1570 1571/1/1571 1572/1/1572
f 1573/1/1573 1574/1/1574 1575/1/1575 1576/1/1576
f 1577/1/1577 1578/1/1578 1579/1/1579 1580/1/1580
f 1581/1/1581 1582/1/1582 1583/1/1583 1584/1/1584
f 1585/1/1585 1586/1/1586 1587/1/1587 1588/1/1588
f 1589/1/1589 1590/1/1590 1591/1/1591 1592/1/1592
f 1593/1/1593 1594/1/1594 1595/1/1595 1596/1/1596
f 1597/1/1597 1598/1/1598 1599/1/1599 1600/1/1600
f 1601/1/1601 1602/1/1602 1603/1/1603 1604/1/1604
f 1605/1/1605 1606/1/1606 1607/1/1607 1608/1/1608
