# Relics-P04; model coordinates in block units; front faces -Z
mtllib mana_drone.mtl
v 0.5442500 0.5118568 0.3290311
v 0.5458110 0.5000000 0.3290311
v 0.5000000 0.5000000 0.3230000
v 0.5396735 0.5229055 0.3290311
v 0.5442500 0.5118568 0.3290311
v 0.5000000 0.5000000 0.3230000
v 0.5323932 0.5323932 0.3290311
v 0.5396735 0.5229055 0.3290311
v 0.5000000 0.5000000 0.3230000
v 0.5229055 0.5396735 0.3290311
v 0.5323932 0.5323932 0.3290311
v 0.5000000 0.5000000 0.3230000
v 0.5118568 0.5442500 0.3290311
v 0.5229055 0.5396735 0.3290311
v 0.5000000 0.5000000 0.3230000
v 0.5000000 0.5458110 0.3290311
v 0.5118568 0.5442500 0.3290311
v 0.5000000 0.5000000 0.3230000
v 0.4881432 0.5442500 0.3290311
v 0.5000000 0.5458110 0.3290311
v 0.5000000 0.5000000 0.3230000
v 0.4770945 0.5396735 0.3290311
v 0.4881432 0.5442500 0.3290311
v 0.5000000 0.5000000 0.3230000
v 0.4676068 0.5323932 0.3290311
v 0.4770945 0.5396735 0.3290311
v 0.5000000 0.5000000 0.3230000
v 0.4603265 0.5229055 0.3290311
v 0.4676068 0.5323932 0.3290311
v 0.5000000 0.5000000 0.3230000
v 0.4557500 0.5118568 0.3290311
v 0.4603265 0.5229055 0.3290311
v 0.5000000 0.5000000 0.3230000
v 0.4541890 0.5000000 0.3290311
v 0.4557500 0.5118568 0.3290311
v 0.5000000 0.5000000 0.3230000
v 0.4557500 0.4881432 0.3290311
v 0.4541890 0.5000000 0.3290311
v 0.5000000 0.5000000 0.3230000
v 0.4603265 0.4770945 0.3290311
v 0.4557500 0.4881432 0.3290311
v 0.5000000 0.5000000 0.3230000
v 0.4676068 0.4676068 0.3290311
v 0.4603265 0.4770945 0.3290311
v 0.5000000 0.5000000 0.3230000
v 0.4770945 0.4603265 0.3290311
v 0.4676068 0.4676068 0.3290311
v 0.5000000 0.5000000 0.3230000
v 0.4881432 0.4557500 0.3290311
v 0.4770945 0.4603265 0.3290311
v 0.5000000 0.5000000 0.3230000
v 0.5000000 0.4541890 0.3290311
v 0.4881432 0.4557500 0.3290311
v 0.5000000 0.5000000 0.3230000
v 0.5118568 0.4557500 0.3290311
v 0.5000000 0.4541890 0.3290311
v 0.5000000 0.5000000 0.3230000
v 0.5229055 0.4603265 0.3290311
v 0.5118568 0.4557500 0.3290311
v 0.5000000 0.5000000 0.3230000
v 0.5323932 0.4676068 0.3290311
v 0.5229055 0.4603265 0.3290311
v 0.5000000 0.5000000 0.3230000
v 0.5396735 0.4770945 0.3290311
v 0.5323932 0.4676068 0.3290311
v 0.5000000 0.5000000 0.3230000
v 0.5442500 0.4881432 0.3290311
v 0.5396735 0.4770945 0.3290311
v 0.5000000 0.5000000 0.3230000
v 0.5458110 0.5000000 0.3290311
v 0.5442500 0.4881432 0.3290311
v 0.5000000 0.5000000 0.3230000
v 0.5442500 0.5118568 0.3290311
v 0.5854844 0.5229055 0.3467135
v 0.5885000 0.5000000 0.3467135
v 0.5458110 0.5000000 0.3290311
v 0.5396735 0.5229055 0.3290311
v 0.5766432 0.5442500 0.3467135
v 0.5854844 0.5229055 0.3467135
v 0.5442500 0.5118568 0.3290311
v 0.5323932 0.5323932 0.3290311
v 0.5625790 0.5625790 0.3467135
v 0.5766432 0.5442500 0.3467135
v 0.5396735 0.5229055 0.3290311
v 0.5229055 0.5396735 0.3290311
v 0.5442500 0.5766432 0.3467135
v 0.5625790 0.5625790 0.3467135
v 0.5323932 0.5323932 0.3290311
v 0.5118568 0.5442500 0.3290311
v 0.5229055 0.5854844 0.3467135
v 0.5442500 0.5766432 0.3467135
v 0.5229055 0.5396735 0.3290311
v 0.5000000 0.5458110 0.3290311
v 0.5000000 0.5885000 0.3467135
v 0.5229055 0.5854844 0.3467135
v 0.5118568 0.5442500 0.3290311
v 0.4881432 0.5442500 0.3290311
v 0.4770945 0.5854844 0.3467135
v 0.5000000 0.5885000 0.3467135
v 0.5000000 0.5458110 0.3290311
v 0.4770945 0.5396735 0.3290311
v 0.4557500 0.5766432 0.3467135
v 0.4770945 0.5854844 0.3467135
v 0.4881432 0.5442500 0.3290311
v 0.4676068 0.5323932 0.3290311
v 0.4374210 0.5625790 0.3467135
v 0.4557500 0.5766432 0.3467135
v 0.4770945 0.5396735 0.3290311
v 0.4603265 0.5229055 0.3290311
v 0.4233568 0.5442500 0.3467135
v 0.4374210 0.5625790 0.3467135
v 0.4676068 0.5323932 0.3290311
v 0.4557500 0.5118568 0.3290311
v 0.4145156 0.5229055 0.3467135
v 0.4233568 0.5442500 0.3467135
v 0.4603265 0.5229055 0.3290311
v 0.4541890 0.5000000 0.3290311
v 0.4115000 0.5000000 0.3467135
v 0.4145156 0.5229055 0.3467135
v 0.4557500 0.5118568 0.3290311
v 0.4557500 0.4881432 0.3290311
v 0.4145156 0.4770945 0.3467135
v 0.4115000 0.5000000 0.3467135
v 0.4541890 0.5000000 0.3290311
v 0.4603265 0.4770945 0.3290311
v 0.4233568 0.4557500 0.3467135
v 0.4145156 0.4770945 0.3467135
v 0.4557500 0.4881432 0.3290311
v 0.4676068 0.4676068 0.3290311
v 0.4374210 0.4374210 0.3467135
v 0.4233568 0.4557500 0.3467135
v 0.4603265 0.4770945 0.3290311
v 0.4770945 0.4603265 0.3290311
v 0.4557500 0.4233568 0.3467135
v 0.4374210 0.4374210 0.3467135
v 0.4676068 0.4676068 0.3290311
v 0.4881432 0.4557500 0.3290311
v 0.4770945 0.4145156 0.3467135
v 0.4557500 0.4233568 0.3467135
v 0.4770945 0.4603265 0.3290311
v 0.5000000 0.4541890 0.3290311
v 0.5000000 0.4115000 0.3467135
v 0.4770945 0.4145156 0.3467135
v 0.4881432 0.4557500 0.3290311
v 0.5118568 0.4557500 0.3290311
v 0.5229055 0.4145156 0.3467135
v 0.5000000 0.4115000 0.3467135
v 0.5000000 0.4541890 0.3290311
v 0.5229055 0.4603265 0.3290311
v 0.5442500 0.4233568 0.3467135
v 0.5229055 0.4145156 0.3467135
v 0.5118568 0.4557500 0.3290311
v 0.5323932 0.4676068 0.3290311
v 0.5625790 0.4374210 0.3467135
v 0.5442500 0.4233568 0.3467135
v 0.5229055 0.4603265 0.3290311
v 0.5396735 0.4770945 0.3290311
v 0.5766432 0.4557500 0.3467135
v 0.5625790 0.4374210 0.3467135
v 0.5323932 0.4676068 0.3290311
v 0.5442500 0.4881432 0.3290311
v 0.5854844 0.4770945 0.3467135
v 0.5766432 0.4557500 0.3467135
v 0.5396735 0.4770945 0.3290311
v 0.5458110 0.5000000 0.3290311
v 0.5885000 0.5000000 0.3467135
v 0.5854844 0.4770945 0.3467135
v 0.5442500 0.4881432 0.3290311
v 0.5854844 0.5229055 0.3467135
v 0.6208932 0.5323932 0.3748421
v 0.6251579 0.5000000 0.3748421
v 0.5885000 0.5000000 0.3467135
v 0.5766432 0.5442500 0.3467135
v 0.6083899 0.5625790 0.3748421
v 0.6208932 0.5323932 0.3748421
v 0.5854844 0.5229055 0.3467135
v 0.5625790 0.5625790 0.3467135
v 0.5885000 0.5885000 0.3748421
v 0.6083899 0.5625790 0.3748421
v 0.5766432 0.5442500 0.3467135
v 0.5442500 0.5766432 0.3467135
v 0.5625790 0.6083899 0.3748421
v 0.5885000 0.5885000 0.3748421
v 0.5625790 0.5625790 0.3467135
v 0.5229055 0.5854844 0.3467135
v 0.5323932 0.6208932 0.3748421
v 0.5625790 0.6083899 0.3748421
v 0.5442500 0.5766432 0.3467135
v 0.5000000 0.5885000 0.3467135
v 0.5000000 0.6251579 0.3748421
v 0.5323932 0.6208932 0.3748421
v 0.5229055 0.5854844 0.3467135
v 0.4770945 0.5854844 0.3467135
v 0.4676068 0.6208932 0.3748421
v 0.5000000 0.6251579 0.3748421
v 0.5000000 0.5885000 0.3467135
v 0.4557500 0.5766432 0.3467135
v 0.4374210 0.6083899 0.3748421
v 0.4676068 0.6208932 0.3748421
v 0.4770945 0.5854844 0.3467135
v 0.4374210 0.5625790 0.3467135
v 0.4115000 0.5885000 0.3748421
v 0.4374210 0.6083899 0.3748421
v 0.4557500 0.5766432 0.3467135
v 0.4233568 0.5442500 0.3467135
v 0.3916101 0.5625790 0.3748421
v 0.4115000 0.5885000 0.3748421
v 0.4374210 0.5625790 0.3467135
v 0.4145156 0.5229055 0.3467135
v 0.3791068 0.5323932 0.3748421
v 0.3916101 0.5625790 0.3748421
v 0.4233568 0.5442500 0.3467135
v 0.4115000 0.5000000 0.3467135
v 0.3748421 0.5000000 0.3748421
v 0.3791068 0.5323932 0.3748421
v 0.4145156 0.5229055 0.3467135
v 0.4145156 0.4770945 0.3467135
v 0.3791068 0.4676068 0.3748421
v 0.3748421 0.5000000 0.3748421
v 0.4115000 0.5000000 0.3467135
v 0.4233568 0.4557500 0.3467135
v 0.3916101 0.4374210 0.3748421
v 0.3791068 0.4676068 0.3748421
v 0.4145156 0.4770945 0.3467135
v 0.4374210 0.4374210 0.3467135
v 0.4115000 0.4115000 0.3748421
v 0.3916101 0.4374210 0.3748421
v 0.4233568 0.4557500 0.3467135
v 0.4557500 0.4233568 0.3467135
v 0.4374210 0.3916101 0.3748421
v 0.4115000 0.4115000 0.3748421
v 0.4374210 0.4374210 0.3467135
v 0.4770945 0.4145156 0.3467135
v 0.4676068 0.3791068 0.3748421
v 0.4374210 0.3916101 0.3748421
v 0.4557500 0.4233568 0.3467135
v 0.5000000 0.4115000 0.3467135
v 0.5000000 0.3748421 0.3748421
v 0.4676068 0.3791068 0.3748421
v 0.4770945 0.4145156 0.3467135
v 0.5229055 0.4145156 0.3467135
v 0.5323932 0.3791068 0.3748421
v 0.5000000 0.3748421 0.3748421
v 0.5000000 0.4115000 0.3467135
v 0.5442500 0.4233568 0.3467135
v 0.5625790 0.3916101 0.3748421
v 0.5323932 0.3791068 0.3748421
v 0.5229055 0.4145156 0.3467135
v 0.5625790 0.4374210 0.3467135
v 0.5885000 0.4115000 0.3748421
v 0.5625790 0.3916101 0.3748421
v 0.5442500 0.4233568 0.3467135
v 0.5766432 0.4557500 0.3467135
v 0.6083899 0.4374210 0.3748421
v 0.5885000 0.4115000 0.3748421
v 0.5625790 0.4374210 0.3467135
v 0.5854844 0.4770945 0.3467135
v 0.6208932 0.4676068 0.3748421
v 0.6083899 0.4374210 0.3748421
v 0.5766432 0.4557500 0.3467135
v 0.5885000 0.5000000 0.3467135
v 0.6251579 0.5000000 0.3748421
v 0.6208932 0.4676068 0.3748421
v 0.5854844 0.4770945 0.3467135
v 0.6208932 0.5323932 0.3748421
v 0.6480634 0.5396735 0.4115000
v 0.6532865 0.5000000 0.4115000
v 0.6251579 0.5000000 0.3748421
v 0.6083899 0.5625790 0.3748421
v 0.6327500 0.5766432 0.4115000
v 0.6480634 0.5396735 0.4115000
v 0.6208932 0.5323932 0.3748421
v 0.5885000 0.5885000 0.3748421
v 0.6083899 0.6083899 0.4115000
v 0.6327500 0.5766432 0.4115000
v 0.6083899 0.5625790 0.3748421
v 0.5625790 0.6083899 0.3748421
v 0.5766432 0.6327500 0.4115000
v 0.6083899 0.6083899 0.4115000
v 0.5885000 0.5885000 0.3748421
v 0.5323932 0.6208932 0.3748421
v 0.5396735 0.6480634 0.4115000
v 0.5766432 0.6327500 0.4115000
v 0.5625790 0.6083899 0.3748421
v 0.5000000 0.6251579 0.3748421
v 0.5000000 0.6532865 0.4115000
v 0.5396735 0.6480634 0.4115000
v 0.5323932 0.6208932 0.3748421
v 0.4676068 0.6208932 0.3748421
v 0.4603265 0.6480634 0.4115000
v 0.5000000 0.6532865 0.4115000
v 0.5000000 0.6251579 0.3748421
v 0.4374210 0.6083899 0.3748421
v 0.4233568 0.6327500 0.4115000
v 0.4603265 0.6480634 0.4115000
v 0.4676068 0.6208932 0.3748421
v 0.4115000 0.5885000 0.3748421
v 0.3916101 0.6083899 0.4115000
v 0.4233568 0.6327500 0.4115000
v 0.4374210 0.6083899 0.3748421
v 0.3916101 0.5625790 0.3748421
v 0.3672500 0.5766432 0.4115000
v 0.3916101 0.6083899 0.4115000
v 0.4115000 0.5885000 0.3748421
v 0.3791068 0.5323932 0.3748421
v 0.3519366 0.5396735 0.4115000
v 0.3672500 0.5766432 0.4115000
v 0.3916101 0.5625790 0.3748421
v 0.3748421 0.5000000 0.3748421
v 0.3467135 0.5000000 0.4115000
v 0.3519366 0.5396735 0.4115000
v 0.3791068 0.5323932 0.3748421
v 0.3791068 0.4676068 0.3748421
v 0.3519366 0.4603265 0.4115000
v 0.3467135 0.5000000 0.4115000
v 0.3748421 0.5000000 0.3748421
v 0.3916101 0.4374210 0.3748421
v 0.3672500 0.4233568 0.4115000
v 0.3519366 0.4603265 0.4115000
v 0.3791068 0.4676068 0.3748421
v 0.4115000 0.4115000 0.3748421
v 0.3916101 0.3916101 0.4115000
v 0.3672500 0.4233568 0.4115000
v 0.3916101 0.4374210 0.3748421
v 0.4374210 0.3916101 0.3748421
v 0.4233568 0.3672500 0.4115000
v 0.3916101 0.3916101 0.4115000
v 0.4115000 0.4115000 0.3748421
v 0.4676068 0.3791068 0.3748421
v 0.4603265 0.3519366 0.4115000
v 0.4233568 0.3672500 0.4115000
v 0.4374210 0.3916101 0.3748421
v 0.5000000 0.3748421 0.3748421
v 0.5000000 0.3467135 0.4115000
v 0.4603265 0.3519366 0.4115000
v 0.4676068 0.3791068 0.3748421
v 0.5323932 0.3791068 0.3748421
v 0.5396735 0.3519366 0.4115000
v 0.5000000 0.3467135 0.4115000
v 0.5000000 0.3748421 0.3748421
v 0.5625790 0.3916101 0.3748421
v 0.5766432 0.3672500 0.4115000
v 0.5396735 0.3519366 0.4115000
v 0.5323932 0.3791068 0.3748421
v 0.5885000 0.4115000 0.3748421
v 0.6083899 0.3916101 0.4115000
v 0.5766432 0.3672500 0.4115000
v 0.5625790 0.3916101 0.3748421
v 0.6083899 0.4374210 0.3748421
v 0.6327500 0.4233568 0.4115000
v 0.6083899 0.3916101 0.4115000
v 0.5885000 0.4115000 0.3748421
v 0.6208932 0.4676068 0.3748421
v 0.6480634 0.4603265 0.4115000
v 0.6327500 0.4233568 0.4115000
v 0.6083899 0.4374210 0.3748421
v 0.6251579 0.5000000 0.3748421
v 0.6532865 0.5000000 0.4115000
v 0.6480634 0.4603265 0.4115000
v 0.6208932 0.4676068 0.3748421
v 0.6480634 0.5396735 0.4115000
v 0.6651432 0.5442500 0.4541890
v 0.6709689 0.5000000 0.4541890
v 0.6532865 0.5000000 0.4115000
v 0.6327500 0.5766432 0.4115000
v 0.6480634 0.5854844 0.4541890
v 0.6651432 0.5442500 0.4541890
v 0.6480634 0.5396735 0.4115000
v 0.6083899 0.6083899 0.4115000
v 0.6208932 0.6208932 0.4541890
v 0.6480634 0.5854844 0.4541890
v 0.6327500 0.5766432 0.4115000
v 0.5766432 0.6327500 0.4115000
v 0.5854844 0.6480634 0.4541890
v 0.6208932 0.6208932 0.4541890
v 0.6083899 0.6083899 0.4115000
v 0.5396735 0.6480634 0.4115000
v 0.5442500 0.6651432 0.4541890
v 0.5854844 0.6480634 0.4541890
v 0.5766432 0.6327500 0.4115000
v 0.5000000 0.6532865 0.4115000
v 0.5000000 0.6709689 0.4541890
v 0.5442500 0.6651432 0.4541890
v 0.5396735 0.6480634 0.4115000
v 0.4603265 0.6480634 0.4115000
v 0.4557500 0.6651432 0.4541890
v 0.5000000 0.6709689 0.4541890
v 0.5000000 0.6532865 0.4115000
v 0.4233568 0.6327500 0.4115000
v 0.4145156 0.6480634 0.4541890
v 0.4557500 0.6651432 0.4541890
v 0.4603265 0.6480634 0.4115000
v 0.3916101 0.6083899 0.4115000
v 0.3791068 0.6208932 0.4541890
v 0.4145156 0.6480634 0.4541890
v 0.4233568 0.6327500 0.4115000
v 0.3672500 0.5766432 0.4115000
v 0.3519366 0.5854844 0.4541890
v 0.3791068 0.6208932 0.4541890
v 0.3916101 0.6083899 0.4115000
v 0.3519366 0.5396735 0.4115000
v 0.3348568 0.5442500 0.4541890
v 0.3519366 0.5854844 0.4541890
v 0.3672500 0.5766432 0.4115000
v 0.3467135 0.5000000 0.4115000
v 0.3290311 0.5000000 0.4541890
v 0.3348568 0.5442500 0.4541890
v 0.3519366 0.5396735 0.4115000
v 0.3519366 0.4603265 0.4115000
v 0.3348568 0.4557500 0.4541890
v 0.3290311 0.5000000 0.4541890
v 0.3467135 0.5000000 0.4115000
v 0.3672500 0.4233568 0.4115000
v 0.3519366 0.4145156 0.4541890
v 0.3348568 0.4557500 0.4541890
v 0.3519366 0.4603265 0.4115000
v 0.3916101 0.3916101 0.4115000
v 0.3791068 0.3791068 0.4541890
v 0.3519366 0.4145156 0.4541890
v 0.3672500 0.4233568 0.4115000
v 0.4233568 0.3672500 0.4115000
v 0.4145156 0.3519366 0.4541890
v 0.3791068 0.3791068 0.4541890
v 0.3916101 0.3916101 0.4115000
v 0.4603265 0.3519366 0.4115000
v 0.4557500 0.3348568 0.4541890
v 0.4145156 0.3519366 0.4541890
v 0.4233568 0.3672500 0.4115000
v 0.5000000 0.3467135 0.4115000
v 0.5000000 0.3290311 0.4541890
v 0.4557500 0.3348568 0.4541890
v 0.4603265 0.3519366 0.4115000
v 0.5396735 0.3519366 0.4115000
v 0.5442500 0.3348568 0.4541890
v 0.5000000 0.3290311 0.4541890
v 0.5000000 0.3467135 0.4115000
v 0.5766432 0.3672500 0.4115000
v 0.5854844 0.3519366 0.4541890
v 0.5442500 0.3348568 0.4541890
v 0.5396735 0.3519366 0.4115000
v 0.6083899 0.3916101 0.4115000
v 0.6208932 0.3791068 0.4541890
v 0.5854844 0.3519366 0.4541890
v 0.5766432 0.3672500 0.4115000
v 0.6327500 0.4233568 0.4115000
v 0.6480634 0.4145156 0.4541890
v 0.6208932 0.3791068 0.4541890
v 0.6083899 0.3916101 0.4115000
v 0.6480634 0.4603265 0.4115000
v 0.6651432 0.4557500 0.4541890
v 0.6480634 0.4145156 0.4541890
v 0.6327500 0.4233568 0.4115000
v 0.6532865 0.5000000 0.4115000
v 0.6709689 0.5000000 0.4541890
v 0.6651432 0.4557500 0.4541890
v 0.6480634 0.4603265 0.4115000
v 0.6651432 0.5442500 0.4541890
v 0.6709689 0.5458110 0.5000000
v 0.6770000 0.5000000 0.5000000
v 0.6709689 0.5000000 0.4541890
v 0.6480634 0.5854844 0.4541890
v 0.6532865 0.5885000 0.5000000
v 0.6709689 0.5458110 0.5000000
v 0.6651432 0.5442500 0.4541890
v 0.6208932 0.6208932 0.4541890
v 0.6251579 0.6251579 0.5000000
v 0.6532865 0.5885000 0.5000000
v 0.6480634 0.5854844 0.4541890
v 0.5854844 0.6480634 0.4541890
v 0.5885000 0.6532865 0.5000000
v 0.6251579 0.6251579 0.5000000
v 0.6208932 0.6208932 0.4541890
v 0.5442500 0.6651432 0.4541890
v 0.5458110 0.6709689 0.5000000
v 0.5885000 0.6532865 0.5000000
v 0.5854844 0.6480634 0.4541890
v 0.5000000 0.6709689 0.4541890
v 0.5000000 0.6770000 0.5000000
v 0.5458110 0.6709689 0.5000000
v 0.5442500 0.6651432 0.4541890
v 0.4557500 0.6651432 0.4541890
v 0.4541890 0.6709689 0.5000000
v 0.5000000 0.6770000 0.5000000
v 0.5000000 0.6709689 0.4541890
v 0.4145156 0.6480634 0.4541890
v 0.4115000 0.6532865 0.5000000
v 0.4541890 0.6709689 0.5000000
v 0.4557500 0.6651432 0.4541890
v 0.3791068 0.6208932 0.4541890
v 0.3748421 0.6251579 0.5000000
v 0.4115000 0.6532865 0.5000000
v 0.4145156 0.6480634 0.4541890
v 0.3519366 0.5854844 0.4541890
v 0.3467135 0.5885000 0.5000000
v 0.3748421 0.6251579 0.5000000
v 0.3791068 0.6208932 0.4541890
v 0.3348568 0.5442500 0.4541890
v 0.3290311 0.5458110 0.5000000
v 0.3467135 0.5885000 0.5000000
v 0.3519366 0.5854844 0.4541890
v 0.3290311 0.5000000 0.4541890
v 0.3230000 0.5000000 0.5000000
v 0.3290311 0.5458110 0.5000000
v 0.3348568 0.5442500 0.4541890
v 0.3348568 0.4557500 0.4541890
v 0.3290311 0.4541890 0.5000000
v 0.3230000 0.5000000 0.5000000
v 0.3290311 0.5000000 0.4541890
v 0.3519366 0.4145156 0.4541890
v 0.3467135 0.4115000 0.5000000
v 0.3290311 0.4541890 0.5000000
v 0.3348568 0.4557500 0.4541890
v 0.3791068 0.3791068 0.4541890
v 0.3748421 0.3748421 0.5000000
v 0.3467135 0.4115000 0.5000000
v 0.3519366 0.4145156 0.4541890
v 0.4145156 0.3519366 0.4541890
v 0.4115000 0.3467135 0.5000000
v 0.3748421 0.3748421 0.5000000
v 0.3791068 0.3791068 0.4541890
v 0.4557500 0.3348568 0.4541890
v 0.4541890 0.3290311 0.5000000
v 0.4115000 0.3467135 0.5000000
v 0.4145156 0.3519366 0.4541890
v 0.5000000 0.3290311 0.4541890
v 0.5000000 0.3230000 0.5000000
v 0.4541890 0.3290311 0.5000000
v 0.4557500 0.3348568 0.4541890
v 0.5442500 0.3348568 0.4541890
v 0.5458110 0.3290311 0.5000000
v 0.5000000 0.3230000 0.5000000
v 0.5000000 0.3290311 0.4541890
v 0.5854844 0.3519366 0.4541890
v 0.5885000 0.3467135 0.5000000
v 0.5458110 0.3290311 0.5000000
v 0.5442500 0.3348568 0.4541890
v 0.6208932 0.3791068 0.4541890
v 0.6251579 0.3748421 0.5000000
v 0.5885000 0.3467135 0.5000000
v 0.5854844 0.3519366 0.4541890
v 0.6480634 0.4145156 0.4541890
v 0.6532865 0.4115000 0.5000000
v 0.6251579 0.3748421 0.5000000
v 0.6208932 0.3791068 0.4541890
v 0.6651432 0.4557500 0.4541890
v 0.6709689 0.4541890 0.5000000
v 0.6532865 0.4115000 0.5000000
v 0.6480634 0.4145156 0.4541890
v 0.6709689 0.5000000 0.4541890
v 0.6770000 0.5000000 0.5000000
v 0.6709689 0.4541890 0.5000000
v 0.6651432 0.4557500 0.4541890
v 0.6709689 0.5458110 0.5000000
v 0.6651432 0.5442500 0.5458110
v 0.6709689 0.5000000 0.5458110
v 0.6770000 0.5000000 0.5000000
v 0.6532865 0.5885000 0.5000000
v 0.6480634 0.5854844 0.5458110
v 0.6651432 0.5442500 0.5458110
v 0.6709689 0.5458110 0.5000000
v 0.6251579 0.6251579 0.5000000
v 0.6208932 0.6208932 0.5458110
v 0.6480634 0.5854844 0.5458110
v 0.6532865 0.5885000 0.5000000
v 0.5885000 0.6532865 0.5000000
v 0.5854844 0.6480634 0.5458110
v 0.6208932 0.6208932 0.5458110
v 0.6251579 0.6251579 0.5000000
v 0.5458110 0.6709689 0.5000000
v 0.5442500 0.6651432 0.5458110
v 0.5854844 0.6480634 0.5458110
v 0.5885000 0.6532865 0.5000000
v 0.5000000 0.6770000 0.5000000
v 0.5000000 0.6709689 0.5458110
v 0.5442500 0.6651432 0.5458110
v 0.5458110 0.6709689 0.5000000
v 0.4541890 0.6709689 0.5000000
v 0.4557500 0.6651432 0.5458110
v 0.5000000 0.6709689 0.5458110
v 0.5000000 0.6770000 0.5000000
v 0.4115000 0.6532865 0.5000000
v 0.4145156 0.6480634 0.5458110
v 0.4557500 0.6651432 0.5458110
v 0.4541890 0.6709689 0.5000000
v 0.3748421 0.6251579 0.5000000
v 0.3791068 0.6208932 0.5458110
v 0.4145156 0.6480634 0.5458110
v 0.4115000 0.6532865 0.5000000
v 0.3467135 0.5885000 0.5000000
v 0.3519366 0.5854844 0.5458110
v 0.3791068 0.6208932 0.5458110
v 0.3748421 0.6251579 0.5000000
v 0.3290311 0.5458110 0.5000000
v 0.3348568 0.5442500 0.5458110
v 0.3519366 0.5854844 0.5458110
v 0.3467135 0.5885000 0.5000000
v 0.3230000 0.5000000 0.5000000
v 0.3290311 0.5000000 0.5458110
v 0.3348568 0.5442500 0.5458110
v 0.3290311 0.5458110 0.5000000
v 0.3290311 0.4541890 0.5000000
v 0.3348568 0.4557500 0.5458110
v 0.3290311 0.5000000 0.5458110
v 0.3230000 0.5000000 0.5000000
v 0.3467135 0.4115000 0.5000000
v 0.3519366 0.4145156 0.5458110
v 0.3348568 0.4557500 0.5458110
v 0.3290311 0.4541890 0.5000000
v 0.3748421 0.3748421 0.5000000
v 0.3791068 0.3791068 0.5458110
v 0.3519366 0.4145156 0.5458110
v 0.3467135 0.4115000 0.5000000
v 0.4115000 0.3467135 0.5000000
v 0.4145156 0.3519366 0.5458110
v 0.3791068 0.3791068 0.5458110
v 0.3748421 0.3748421 0.5000000
v 0.4541890 0.3290311 0.5000000
v 0.4557500 0.3348568 0.5458110
v 0.4145156 0.3519366 0.5458110
v 0.4115000 0.3467135 0.5000000
v 0.5000000 0.3230000 0.5000000
v 0.5000000 0.3290311 0.5458110
v 0.4557500 0.3348568 0.5458110
v 0.4541890 0.3290311 0.5000000
v 0.5458110 0.3290311 0.5000000
v 0.5442500 0.3348568 0.5458110
v 0.5000000 0.3290311 0.5458110
v 0.5000000 0.3230000 0.5000000
v 0.5885000 0.3467135 0.5000000
v 0.5854844 0.3519366 0.5458110
v 0.5442500 0.3348568 0.5458110
v 0.5458110 0.3290311 0.5000000
v 0.6251579 0.3748421 0.5000000
v 0.6208932 0.3791068 0.5458110
v 0.5854844 0.3519366 0.5458110
v 0.5885000 0.3467135 0.5000000
v 0.6532865 0.4115000 0.5000000
v 0.6480634 0.4145156 0.5458110
v 0.6208932 0.3791068 0.5458110
v 0.6251579 0.3748421 0.5000000
v 0.6709689 0.4541890 0.5000000
v 0.6651432 0.4557500 0.5458110
v 0.6480634 0.4145156 0.5458110
v 0.6532865 0.4115000 0.5000000
v 0.6770000 0.5000000 0.5000000
v 0.6709689 0.5000000 0.5458110
v 0.6651432 0.4557500 0.5458110
v 0.6709689 0.4541890 0.5000000
v 0.6651432 0.5442500 0.5458110
v 0.6480634 0.5396735 0.5885000
v 0.6532865 0.5000000 0.5885000
v 0.6709689 0.5000000 0.5458110
v 0.6480634 0.5854844 0.5458110
v 0.6327500 0.5766432 0.5885000
v 0.6480634 0.5396735 0.5885000
v 0.6651432 0.5442500 0.5458110
v 0.6208932 0.6208932 0.5458110
v 0.6083899 0.6083899 0.5885000
v 0.6327500 0.5766432 0.5885000
v 0.6480634 0.5854844 0.5458110
v 0.5854844 0.6480634 0.5458110
v 0.5766432 0.6327500 0.5885000
v 0.6083899 0.6083899 0.5885000
v 0.6208932 0.6208932 0.5458110
v 0.5442500 0.6651432 0.5458110
v 0.5396735 0.6480634 0.5885000
v 0.5766432 0.6327500 0.5885000
v 0.5854844 0.6480634 0.5458110
v 0.5000000 0.6709689 0.5458110
v 0.5000000 0.6532865 0.5885000
v 0.5396735 0.6480634 0.5885000
v 0.5442500 0.6651432 0.5458110
v 0.4557500 0.6651432 0.5458110
v 0.4603265 0.6480634 0.5885000
v 0.5000000 0.6532865 0.5885000
v 0.5000000 0.6709689 0.5458110
v 0.4145156 0.6480634 0.5458110
v 0.4233568 0.6327500 0.5885000
v 0.4603265 0.6480634 0.5885000
v 0.4557500 0.6651432 0.5458110
v 0.3791068 0.6208932 0.5458110
v 0.3916101 0.6083899 0.5885000
v 0.4233568 0.6327500 0.5885000
v 0.4145156 0.6480634 0.5458110
v 0.3519366 0.5854844 0.5458110
v 0.3672500 0.5766432 0.5885000
v 0.3916101 0.6083899 0.5885000
v 0.3791068 0.6208932 0.5458110
v 0.3348568 0.5442500 0.5458110
v 0.3519366 0.5396735 0.5885000
v 0.3672500 0.5766432 0.5885000
v 0.3519366 0.5854844 0.5458110
v 0.3290311 0.5000000 0.5458110
v 0.3467135 0.5000000 0.5885000
v 0.3519366 0.5396735 0.5885000
v 0.3348568 0.5442500 0.5458110
v 0.3348568 0.4557500 0.5458110
v 0.3519366 0.4603265 0.5885000
v 0.3467135 0.5000000 0.5885000
v 0.3290311 0.5000000 0.5458110
v 0.3519366 0.4145156 0.5458110
v 0.3672500 0.4233568 0.5885000
v 0.3519366 0.4603265 0.5885000
v 0.3348568 0.4557500 0.5458110
v 0.3791068 0.3791068 0.5458110
v 0.3916101 0.3916101 0.5885000
v 0.3672500 0.4233568 0.5885000
v 0.3519366 0.4145156 0.5458110
v 0.4145156 0.3519366 0.5458110
v 0.4233568 0.3672500 0.5885000
v 0.3916101 0.3916101 0.5885000
v 0.3791068 0.3791068 0.5458110
v 0.4557500 0.3348568 0.5458110
v 0.4603265 0.3519366 0.5885000
v 0.4233568 0.3672500 0.5885000
v 0.4145156 0.3519366 0.5458110
v 0.5000000 0.3290311 0.5458110
v 0.5000000 0.3467135 0.5885000
v 0.4603265 0.3519366 0.5885000
v 0.4557500 0.3348568 0.5458110
v 0.5442500 0.3348568 0.5458110
v 0.5396735 0.3519366 0.5885000
v 0.5000000 0.3467135 0.5885000
v 0.5000000 0.3290311 0.5458110
v 0.5854844 0.3519366 0.5458110
v 0.5766432 0.3672500 0.5885000
v 0.5396735 0.3519366 0.5885000
v 0.5442500 0.3348568 0.5458110
v 0.6208932 0.3791068 0.5458110
v 0.6083899 0.3916101 0.5885000
v 0.5766432 0.3672500 0.5885000
v 0.5854844 0.3519366 0.5458110
v 0.6480634 0.4145156 0.5458110
v 0.6327500 0.4233568 0.5885000
v 0.6083899 0.3916101 0.5885000
v 0.6208932 0.3791068 0.5458110
v 0.6651432 0.4557500 0.5458110
v 0.6480634 0.4603265 0.5885000
v 0.6327500 0.4233568 0.5885000
v 0.6480634 0.4145156 0.5458110
v 0.6709689 0.5000000 0.5458110
v 0.6532865 0.5000000 0.5885000
v 0.6480634 0.4603265 0.5885000
v 0.6651432 0.4557500 0.5458110
v 0.6480634 0.5396735 0.5885000
v 0.6208932 0.5323932 0.6251579
v 0.6251579 0.5000000 0.6251579
v 0.6532865 0.5000000 0.5885000
v 0.6327500 0.5766432 0.5885000
v 0.6083899 0.5625790 0.6251579
v 0.6208932 0.5323932 0.6251579
v 0.6480634 0.5396735 0.5885000
v 0.6083899 0.6083899 0.5885000
v 0.5885000 0.5885000 0.6251579
v 0.6083899 0.5625790 0.6251579
v 0.6327500 0.5766432 0.5885000
v 0.5766432 0.6327500 0.5885000
v 0.5625790 0.6083899 0.6251579
v 0.5885000 0.5885000 0.6251579
v 0.6083899 0.6083899 0.5885000
v 0.5396735 0.6480634 0.5885000
v 0.5323932 0.6208932 0.6251579
v 0.5625790 0.6083899 0.6251579
v 0.5766432 0.6327500 0.5885000
v 0.5000000 0.6532865 0.5885000
v 0.5000000 0.6251579 0.6251579
v 0.5323932 0.6208932 0.6251579
v 0.5396735 0.6480634 0.5885000
v 0.4603265 0.6480634 0.5885000
v 0.4676068 0.6208932 0.6251579
v 0.5000000 0.6251579 0.6251579
v 0.5000000 0.6532865 0.5885000
v 0.4233568 0.6327500 0.5885000
v 0.4374210 0.6083899 0.6251579
v 0.4676068 0.6208932 0.6251579
v 0.4603265 0.6480634 0.5885000
v 0.3916101 0.6083899 0.5885000
v 0.4115000 0.5885000 0.6251579
v 0.4374210 0.6083899 0.6251579
v 0.4233568 0.6327500 0.5885000
v 0.3672500 0.5766432 0.5885000
v 0.3916101 0.5625790 0.6251579
v 0.4115000 0.5885000 0.6251579
v 0.3916101 0.6083899 0.5885000
v 0.3519366 0.5396735 0.5885000
v 0.3791068 0.5323932 0.6251579
v 0.3916101 0.5625790 0.6251579
v 0.3672500 0.5766432 0.5885000
v 0.3467135 0.5000000 0.5885000
v 0.3748421 0.5000000 0.6251579
v 0.3791068 0.5323932 0.6251579
v 0.3519366 0.5396735 0.5885000
v 0.3519366 0.4603265 0.5885000
v 0.3791068 0.4676068 0.6251579
v 0.3748421 0.5000000 0.6251579
v 0.3467135 0.5000000 0.5885000
v 0.3672500 0.4233568 0.5885000
v 0.3916101 0.4374210 0.6251579
v 0.3791068 0.4676068 0.6251579
v 0.3519366 0.4603265 0.5885000
v 0.3916101 0.3916101 0.5885000
v 0.4115000 0.4115000 0.6251579
v 0.3916101 0.4374210 0.6251579
v 0.3672500 0.4233568 0.5885000
v 0.4233568 0.3672500 0.5885000
v 0.4374210 0.3916101 0.6251579
v 0.4115000 0.4115000 0.6251579
v 0.3916101 0.3916101 0.5885000
v 0.4603265 0.3519366 0.5885000
v 0.4676068 0.3791068 0.6251579
v 0.4374210 0.3916101 0.6251579
v 0.4233568 0.3672500 0.5885000
v 0.5000000 0.3467135 0.5885000
v 0.5000000 0.3748421 0.6251579
v 0.4676068 0.3791068 0.6251579
v 0.4603265 0.3519366 0.5885000
v 0.5396735 0.3519366 0.5885000
v 0.5323932 0.3791068 0.6251579
v 0.5000000 0.3748421 0.6251579
v 0.5000000 0.3467135 0.5885000
v 0.5766432 0.3672500 0.5885000
v 0.5625790 0.3916101 0.6251579
v 0.5323932 0.3791068 0.6251579
v 0.5396735 0.3519366 0.5885000
v 0.6083899 0.3916101 0.5885000
v 0.5885000 0.4115000 0.6251579
v 0.5625790 0.3916101 0.6251579
v 0.5766432 0.3672500 0.5885000
v 0.6327500 0.4233568 0.5885000
v 0.6083899 0.4374210 0.6251579
v 0.5885000 0.4115000 0.6251579
v 0.6083899 0.3916101 0.5885000
v 0.6480634 0.4603265 0.5885000
v 0.6208932 0.4676068 0.6251579
v 0.6083899 0.4374210 0.6251579
v 0.6327500 0.4233568 0.5885000
v 0.6532865 0.5000000 0.5885000
v 0.6251579 0.5000000 0.6251579
v 0.6208932 0.4676068 0.6251579
v 0.6480634 0.4603265 0.5885000
v 0.6208932 0.5323932 0.6251579
v 0.5854844 0.5229055 0.6532865
v 0.5885000 0.5000000 0.6532865
v 0.6251579 0.5000000 0.6251579
v 0.6083899 0.5625790 0.6251579
v 0.5766432 0.5442500 0.6532865
v 0.5854844 0.5229055 0.6532865
v 0.6208932 0.5323932 0.6251579
v 0.5885000 0.5885000 0.6251579
v 0.5625790 0.5625790 0.6532865
v 0.5766432 0.5442500 0.6532865
v 0.6083899 0.5625790 0.6251579
v 0.5625790 0.6083899 0.6251579
v 0.5442500 0.5766432 0.6532865
v 0.5625790 0.5625790 0.6532865
v 0.5885000 0.5885000 0.6251579
v 0.5323932 0.6208932 0.6251579
v 0.5229055 0.5854844 0.6532865
v 0.5442500 0.5766432 0.6532865
v 0.5625790 0.6083899 0.6251579
v 0.5000000 0.6251579 0.6251579
v 0.5000000 0.5885000 0.6532865
v 0.5229055 0.5854844 0.6532865
v 0.5323932 0.6208932 0.6251579
v 0.4676068 0.6208932 0.6251579
v 0.4770945 0.5854844 0.6532865
v 0.5000000 0.5885000 0.6532865
v 0.5000000 0.6251579 0.6251579
v 0.4374210 0.6083899 0.6251579
v 0.4557500 0.5766432 0.6532865
v 0.4770945 0.5854844 0.6532865
v 0.4676068 0.6208932 0.6251579
v 0.4115000 0.5885000 0.6251579
v 0.4374210 0.5625790 0.6532865
v 0.4557500 0.5766432 0.6532865
v 0.4374210 0.6083899 0.6251579
v 0.3916101 0.5625790 0.6251579
v 0.4233568 0.5442500 0.6532865
v 0.4374210 0.5625790 0.6532865
v 0.4115000 0.5885000 0.6251579
v 0.3791068 0.5323932 0.6251579
v 0.4145156 0.5229055 0.6532865
v 0.4233568 0.5442500 0.6532865
v 0.3916101 0.5625790 0.6251579
v 0.3748421 0.5000000 0.6251579
v 0.4115000 0.5000000 0.6532865
v 0.4145156 0.5229055 0.6532865
v 0.3791068 0.5323932 0.6251579
v 0.3791068 0.4676068 0.6251579
v 0.4145156 0.4770945 0.6532865
v 0.4115000 0.5000000 0.6532865
v 0.3748421 0.5000000 0.6251579
v 0.3916101 0.4374210 0.6251579
v 0.4233568 0.4557500 0.6532865
v 0.4145156 0.4770945 0.6532865
v 0.3791068 0.4676068 0.6251579
v 0.4115000 0.4115000 0.6251579
v 0.4374210 0.4374210 0.6532865
v 0.4233568 0.4557500 0.6532865
v 0.3916101 0.4374210 0.6251579
v 0.4374210 0.3916101 0.6251579
v 0.4557500 0.4233568 0.6532865
v 0.4374210 0.4374210 0.6532865
v 0.4115000 0.4115000 0.6251579
v 0.4676068 0.3791068 0.6251579
v 0.4770945 0.4145156 0.6532865
v 0.4557500 0.4233568 0.6532865
v 0.4374210 0.3916101 0.6251579
v 0.5000000 0.3748421 0.6251579
v 0.5000000 0.4115000 0.6532865
v 0.4770945 0.4145156 0.6532865
v 0.4676068 0.3791068 0.6251579
v 0.5323932 0.3791068 0.6251579
v 0.5229055 0.4145156 0.6532865
v 0.5000000 0.4115000 0.6532865
v 0.5000000 0.3748421 0.6251579
v 0.5625790 0.3916101 0.6251579
v 0.5442500 0.4233568 0.6532865
v 0.5229055 0.4145156 0.6532865
v 0.5323932 0.3791068 0.6251579
v 0.5885000 0.4115000 0.6251579
v 0.5625790 0.4374210 0.6532865
v 0.5442500 0.4233568 0.6532865
v 0.5625790 0.3916101 0.6251579
v 0.6083899 0.4374210 0.6251579
v 0.5766432 0.4557500 0.6532865
v 0.5625790 0.4374210 0.6532865
v 0.5885000 0.4115000 0.6251579
v 0.6208932 0.4676068 0.6251579
v 0.5854844 0.4770945 0.6532865
v 0.5766432 0.4557500 0.6532865
v 0.6083899 0.4374210 0.6251579
v 0.6251579 0.5000000 0.6251579
v 0.5885000 0.5000000 0.6532865
v 0.5854844 0.4770945 0.6532865
v 0.6208932 0.4676068 0.6251579
v 0.5854844 0.5229055 0.6532865
v 0.5442500 0.5118568 0.6709689
v 0.5458110 0.5000000 0.6709689
v 0.5885000 0.5000000 0.6532865
v 0.5766432 0.5442500 0.6532865
v 0.5396735 0.5229055 0.6709689
v 0.5442500 0.5118568 0.6709689
v 0.5854844 0.5229055 0.6532865
v 0.5625790 0.5625790 0.6532865
v 0.5323932 0.5323932 0.6709689
v 0.5396735 0.5229055 0.6709689
v 0.5766432 0.5442500 0.6532865
v 0.5442500 0.5766432 0.6532865
v 0.5229055 0.5396735 0.6709689
v 0.5323932 0.5323932 0.6709689
v 0.5625790 0.5625790 0.6532865
v 0.5229055 0.5854844 0.6532865
v 0.5118568 0.5442500 0.6709689
v 0.5229055 0.5396735 0.6709689
v 0.5442500 0.5766432 0.6532865
v 0.5000000 0.5885000 0.6532865
v 0.5000000 0.5458110 0.6709689
v 0.5118568 0.5442500 0.6709689
v 0.5229055 0.5854844 0.6532865
v 0.4770945 0.5854844 0.6532865
v 0.4881432 0.5442500 0.6709689
v 0.5000000 0.5458110 0.6709689
v 0.5000000 0.5885000 0.6532865
v 0.4557500 0.5766432 0.6532865
v 0.4770945 0.5396735 0.6709689
v 0.4881432 0.5442500 0.6709689
v 0.4770945 0.5854844 0.6532865
v 0.4374210 0.5625790 0.6532865
v 0.4676068 0.5323932 0.6709689
v 0.4770945 0.5396735 0.6709689
v 0.4557500 0.5766432 0.6532865
v 0.4233568 0.5442500 0.6532865
v 0.4603265 0.5229055 0.6709689
v 0.4676068 0.5323932 0.6709689
v 0.4374210 0.5625790 0.6532865
v 0.4145156 0.5229055 0.6532865
v 0.4557500 0.5118568 0.6709689
v 0.4603265 0.5229055 0.6709689
v 0.4233568 0.5442500 0.6532865
v 0.4115000 0.5000000 0.6532865
v 0.4541890 0.5000000 0.6709689
v 0.4557500 0.5118568 0.6709689
v 0.4145156 0.5229055 0.6532865
v 0.4145156 0.4770945 0.6532865
v 0.4557500 0.4881432 0.6709689
v 0.4541890 0.5000000 0.6709689
v 0.4115000 0.5000000 0.6532865
v 0.4233568 0.4557500 0.6532865
v 0.4603265 0.4770945 0.6709689
v 0.4557500 0.4881432 0.6709689
v 0.4145156 0.4770945 0.6532865
v 0.4374210 0.4374210 0.6532865
v 0.4676068 0.4676068 0.6709689
v 0.4603265 0.4770945 0.6709689
v 0.4233568 0.4557500 0.6532865
v 0.4557500 0.4233568 0.6532865
v 0.4770945 0.4603265 0.6709689
v 0.4676068 0.4676068 0.6709689
v 0.4374210 0.4374210 0.6532865
v 0.4770945 0.4145156 0.6532865
v 0.4881432 0.4557500 0.6709689
v 0.4770945 0.4603265 0.6709689
v 0.4557500 0.4233568 0.6532865
v 0.5000000 0.4115000 0.6532865
v 0.5000000 0.4541890 0.6709689
v 0.4881432 0.4557500 0.6709689
v 0.4770945 0.4145156 0.6532865
v 0.5229055 0.4145156 0.6532865
v 0.5118568 0.4557500 0.6709689
v 0.5000000 0.4541890 0.6709689
v 0.5000000 0.4115000 0.6532865
v 0.5442500 0.4233568 0.6532865
v 0.5229055 0.4603265 0.6709689
v 0.5118568 0.4557500 0.6709689
v 0.5229055 0.4145156 0.6532865
v 0.5625790 0.4374210 0.6532865
v 0.5323932 0.4676068 0.6709689
v 0.5229055 0.4603265 0.6709689
v 0.5442500 0.4233568 0.6532865
v 0.5766432 0.4557500 0.6532865
v 0.5396735 0.4770945 0.6709689
v 0.5323932 0.4676068 0.6709689
v 0.5625790 0.4374210 0.6532865
v 0.5854844 0.4770945 0.6532865
v 0.5442500 0.4881432 0.6709689
v 0.5396735 0.4770945 0.6709689
v 0.5766432 0.4557500 0.6532865
v 0.5885000 0.5000000 0.6532865
v 0.5458110 0.5000000 0.6709689
v 0.5442500 0.4881432 0.6709689
v 0.5854844 0.4770945 0.6532865
v 0.5442500 0.5118568 0.6709689
v 0.5000000 0.5000000 0.6770000
v 0.5458110 0.5000000 0.6709689
v 0.5396735 0.5229055 0.6709689
v 0.5000000 0.5000000 0.6770000
v 0.5442500 0.5118568 0.6709689
v 0.5323932 0.5323932 0.6709689
v 0.5000000 0.5000000 0.6770000
v 0.5396735 0.5229055 0.6709689
v 0.5229055 0.5396735 0.6709689
v 0.5000000 0.5000000 0.6770000
v 0.5323932 0.5323932 0.6709689
v 0.5118568 0.5442500 0.6709689
v 0.5000000 0.5000000 0.6770000
v 0.5229055 0.5396735 0.6709689
v 0.5000000 0.5458110 0.6709689
v 0.5000000 0.5000000 0.6770000
v 0.5118568 0.5442500 0.6709689
v 0.4881432 0.5442500 0.6709689
v 0.5000000 0.5000000 0.6770000
v 0.5000000 0.5458110 0.6709689
v 0.4770945 0.5396735 0.6709689
v 0.5000000 0.5000000 0.6770000
v 0.4881432 0.5442500 0.6709689
v 0.4676068 0.5323932 0.6709689
v 0.5000000 0.5000000 0.6770000
v 0.4770945 0.5396735 0.6709689
v 0.4603265 0.5229055 0.6709689
v 0.5000000 0.5000000 0.6770000
v 0.4676068 0.5323932 0.6709689
v 0.4557500 0.5118568 0.6709689
v 0.5000000 0.5000000 0.6770000
v 0.4603265 0.5229055 0.6709689
v 0.4541890 0.5000000 0.6709689
v 0.5000000 0.5000000 0.6770000
v 0.4557500 0.5118568 0.6709689
v 0.4557500 0.4881432 0.6709689
v 0.5000000 0.5000000 0.6770000
v 0.4541890 0.5000000 0.6709689
v 0.4603265 0.4770945 0.6709689
v 0.5000000 0.5000000 0.6770000
v 0.4557500 0.4881432 0.6709689
v 0.4676068 0.4676068 0.6709689
v 0.5000000 0.5000000 0.6770000
v 0.4603265 0.4770945 0.6709689
v 0.4770945 0.4603265 0.6709689
v 0.5000000 0.5000000 0.6770000
v 0.4676068 0.4676068 0.6709689
v 0.4881432 0.4557500 0.6709689
v 0.5000000 0.5000000 0.6770000
v 0.4770945 0.4603265 0.6709689
v 0.5000000 0.4541890 0.6709689
v 0.5000000 0.5000000 0.6770000
v 0.4881432 0.4557500 0.6709689
v 0.5118568 0.4557500 0.6709689
v 0.5000000 0.5000000 0.6770000
v 0.5000000 0.4541890 0.6709689
v 0.5229055 0.4603265 0.6709689
v 0.5000000 0.5000000 0.6770000
v 0.5118568 0.4557500 0.6709689
v 0.5323932 0.4676068 0.6709689
v 0.5000000 0.5000000 0.6770000
v 0.5229055 0.4603265 0.6709689
v 0.5396735 0.4770945 0.6709689
v 0.5000000 0.5000000 0.6770000
v 0.5323932 0.4676068 0.6709689
v 0.5442500 0.4881432 0.6709689
v 0.5000000 0.5000000 0.6770000
v 0.5396735 0.4770945 0.6709689
v 0.5458110 0.5000000 0.6709689
v 0.5000000 0.5000000 0.6770000
v 0.5442500 0.4881432 0.6709689
v 0.5851814 0.5263497 0.3455639
v 0.5888428 0.5274823 0.3478410
v 0.5914095 0.5171064 0.3478410
v 0.5876423 0.5164014 0.3455639
v 0.5815952 0.5359499 0.3455639
v 0.5851025 0.5374952 0.3478410
v 0.5888428 0.5274823 0.3478410
v 0.5851814 0.5263497 0.3455639
v 0.5769311 0.5450752 0.3455639
v 0.5802379 0.5470128 0.3478410
v 0.5851025 0.5374952 0.3478410
v 0.5815952 0.5359499 0.3455639
v 0.5605944 0.5654102 0.3455639
v 0.5631990 0.5682218 0.3478410
v 0.5706098 0.5605193 0.3478410
v 0.5676998 0.5580251 0.3455639
v 0.5526886 0.5719312 0.3455639
v 0.5549533 0.5750231 0.3478410
v 0.5631990 0.5682218 0.3478410
v 0.5605944 0.5654102 0.3455639
v 0.5440867 0.5775019 0.3455639
v 0.5459817 0.5808332 0.3478410
v 0.5549533 0.5750231 0.3478410
v 0.5526886 0.5719312 0.3455639
v 0.5197712 0.5869441 0.3455639
v 0.5206210 0.5906813 0.3478410
v 0.5308902 0.5877162 0.3478410
v 0.5296171 0.5841011 0.3455639
v 0.5096641 0.5886385 0.3455639
v 0.5100795 0.5924485 0.3478410
v 0.5206210 0.5906813 0.3478410
v 0.5197712 0.5869441 0.3455639
v 0.4994292 0.5891619 0.3455639
v 0.4994047 0.5929945 0.3478410
v 0.5100795 0.5924485 0.3478410
v 0.5096641 0.5886385 0.3455639
v 0.4736503 0.5851814 0.3455639
v 0.4725177 0.5888428 0.3478410
v 0.4828936 0.5914095 0.3478410
v 0.4835986 0.5876423 0.3455639
v 0.4640501 0.5815952 0.3455639
v 0.4625048 0.5851025 0.3478410
v 0.4725177 0.5888428 0.3478410
v 0.4736503 0.5851814 0.3455639
v 0.4549248 0.5769311 0.3455639
v 0.4529872 0.5802379 0.3478410
v 0.4625048 0.5851025 0.3478410
v 0.4640501 0.5815952 0.3455639
v 0.4345898 0.5605944 0.3455639
v 0.4317782 0.5631990 0.3478410
v 0.4394807 0.5706098 0.3478410
v 0.4419749 0.5676998 0.3455639
v 0.4280688 0.5526886 0.3455639
v 0.4249769 0.5549533 0.3478410
v 0.4317782 0.5631990 0.3478410
v 0.4345898 0.5605944 0.3455639
v 0.4224981 0.5440867 0.3455639
v 0.4191668 0.5459817 0.3478410
v 0.4249769 0.5549533 0.3478410
v 0.4280688 0.5526886 0.3455639
v 0.4130559 0.5197712 0.3455639
v 0.4093187 0.5206210 0.3478410
v 0.4122838 0.5308902 0.3478410
v 0.4158989 0.5296171 0.3455639
v 0.4113615 0.5096641 0.3455639
v 0.4075515 0.5100795 0.3478410
v 0.4093187 0.5206210 0.3478410
v 0.4130559 0.5197712 0.3455639
v 0.4108381 0.4994292 0.3455639
v 0.4070055 0.4994047 0.3478410
v 0.4075515 0.5100795 0.3478410
v 0.4113615 0.5096641 0.3455639
v 0.4148186 0.4736503 0.3455639
v 0.4111572 0.4725177 0.3478410
v 0.4085905 0.4828936 0.3478410
v 0.4123577 0.4835986 0.3455639
v 0.4184048 0.4640501 0.3455639
v 0.4148975 0.4625048 0.3478410
v 0.4111572 0.4725177 0.3478410
v 0.4148186 0.4736503 0.3455639
v 0.4230689 0.4549248 0.3455639
v 0.4197621 0.4529872 0.3478410
v 0.4148975 0.4625048 0.3478410
v 0.4184048 0.4640501 0.3455639
v 0.4394056 0.4345898 0.3455639
v 0.4368010 0.4317782 0.3478410
v 0.4293902 0.4394807 0.3478410
v 0.4323002 0.4419749 0.3455639
v 0.4473114 0.4280688 0.3455639
v 0.4450467 0.4249769 0.3478410
v 0.4368010 0.4317782 0.3478410
v 0.4394056 0.4345898 0.3455639
v 0.4559133 0.4224981 0.3455639
v 0.4540183 0.4191668 0.3478410
v 0.4450467 0.4249769 0.3478410
v 0.4473114 0.4280688 0.3455639
v 0.4802288 0.4130559 0.3455639
v 0.4793790 0.4093187 0.3478410
v 0.4691098 0.4122838 0.3478410
v 0.4703829 0.4158989 0.3455639
v 0.4903359 0.4113615 0.3455639
v 0.4899205 0.4075515 0.3478410
v 0.4793790 0.4093187 0.3478410
v 0.4802288 0.4130559 0.3455639
v 0.5005708 0.4108381 0.3455639
v 0.5005953 0.4070055 0.3478410
v 0.4899205 0.4075515 0.3478410
v 0.4903359 0.4113615 0.3455639
v 0.5263497 0.4148186 0.3455639
v 0.5274823 0.4111572 0.3478410
v 0.5171064 0.4085905 0.3478410
v 0.5164014 0.4123577 0.3455639
v 0.5359499 0.4184048 0.3455639
v 0.5374952 0.4148975 0.3478410
v 0.5274823 0.4111572 0.3478410
v 0.5263497 0.4148186 0.3455639
v 0.5450752 0.4230689 0.3455639
v 0.5470128 0.4197621 0.3478410
v 0.5374952 0.4148975 0.3478410
v 0.5359499 0.4184048 0.3455639
v 0.5654102 0.4394056 0.3455639
v 0.5682218 0.4368010 0.3478410
v 0.5605193 0.4293902 0.3478410
v 0.5580251 0.4323002 0.3455639
v 0.5719312 0.4473114 0.3455639
v 0.5750231 0.4450467 0.3478410
v 0.5682218 0.4368010 0.3478410
v 0.5654102 0.4394056 0.3455639
v 0.5775019 0.4559133 0.3455639
v 0.5808332 0.4540183 0.3478410
v 0.5750231 0.4450467 0.3478410
v 0.5719312 0.4473114 0.3455639
v 0.5869441 0.4802288 0.3455639
v 0.5906813 0.4793790 0.3478410
v 0.5877162 0.4691098 0.3478410
v 0.5841011 0.4703829 0.3455639
v 0.5886385 0.4903359 0.3455639
v 0.5924485 0.4899205 0.3478410
v 0.5906813 0.4793790 0.3478410
v 0.5869441 0.4802288 0.3455639
v 0.5891619 0.5005708 0.3455639
v 0.5929945 0.5005953 0.3478410
v 0.5924485 0.4899205 0.3478410
v 0.5886385 0.4903359 0.3455639
v 0.6383829 0.5685616 0.4108363
v 0.6403368 0.5695297 0.4147246
v 0.6473882 0.5529673 0.4147246
v 0.6453361 0.5522298 0.4108363
v 0.6296016 0.5839877 0.4108363
v 0.6314316 0.5851736 0.4147246
v 0.6403368 0.5695297 0.4147246
v 0.6383829 0.5685616 0.4108363
v 0.6191083 0.5983043 0.4108363
v 0.6207900 0.5996924 0.4147246
v 0.6314316 0.5851736 0.4147246
v 0.6296016 0.5839877 0.4108363
v 0.5855623 0.6285676 0.4108363
v 0.5867704 0.6303829 0.4147246
v 0.6011583 0.6195651 0.4147246
v 0.5997498 0.6179004 0.4108363
v 0.5702444 0.6375363 0.4108363
v 0.5712363 0.6394783 0.4147246
v 0.5867704 0.6303829 0.4147246
v 0.5855623 0.6285676 0.4108363
v 0.5539986 0.6446882 0.4108363
v 0.5547611 0.6467312 0.4147246
v 0.5712363 0.6394783 0.4147246
v 0.5702444 0.6375363 0.4108363
v 0.5098153 0.6541239 0.4108363
v 0.5099539 0.6563001 0.4147246
v 0.5278231 0.6541255 0.4147246
v 0.5274357 0.6519796 0.4108363
v 0.4920653 0.6542322 0.4108363
v 0.4919533 0.6564099 0.4147246
v 0.5099539 0.6563001 0.4147246
v 0.5098153 0.6541239 0.4108363
v 0.4744201 0.6523030 0.4108363
v 0.4740589 0.6544534 0.4147246
v 0.4919533 0.6564099 0.4147246
v 0.4920653 0.6542322 0.4108363
v 0.4314384 0.6383829 0.4108363
v 0.4304703 0.6403368 0.4147246
v 0.4470327 0.6473882 0.4147246
v 0.4477702 0.6453361 0.4108363
v 0.4160123 0.6296016 0.4108363
v 0.4148264 0.6314316 0.4147246
v 0.4304703 0.6403368 0.4147246
v 0.4314384 0.6383829 0.4108363
v 0.4016957 0.6191083 0.4108363
v 0.4003076 0.6207900 0.4147246
v 0.4148264 0.6314316 0.4147246
v 0.4160123 0.6296016 0.4108363
v 0.3714324 0.5855623 0.4108363
v 0.3696171 0.5867704 0.4147246
v 0.3804349 0.6011583 0.4147246
v 0.3820996 0.5997498 0.4108363
v 0.3624637 0.5702444 0.4108363
v 0.3605217 0.5712363 0.4147246
v 0.3696171 0.5867704 0.4147246
v 0.3714324 0.5855623 0.4108363
v 0.3553118 0.5539986 0.4108363
v 0.3532688 0.5547611 0.4147246
v 0.3605217 0.5712363 0.4147246
v 0.3624637 0.5702444 0.4108363
v 0.3458761 0.5098153 0.4108363
v 0.3436999 0.5099539 0.4147246
v 0.3458745 0.5278231 0.4147246
v 0.3480204 0.5274357 0.4108363
v 0.3457678 0.4920653 0.4108363
v 0.3435901 0.4919533 0.4147246
v 0.3436999 0.5099539 0.4147246
v 0.3458761 0.5098153 0.4108363
v 0.3476970 0.4744201 0.4108363
v 0.3455466 0.4740589 0.4147246
v 0.3435901 0.4919533 0.4147246
v 0.3457678 0.4920653 0.4108363
v 0.3616171 0.4314384 0.4108363
v 0.3596632 0.4304703 0.4147246
v 0.3526118 0.4470327 0.4147246
v 0.3546639 0.4477702 0.4108363
v 0.3703984 0.4160123 0.4108363
v 0.3685684 0.4148264 0.4147246
v 0.3596632 0.4304703 0.4147246
v 0.3616171 0.4314384 0.4108363
v 0.3808917 0.4016957 0.4108363
v 0.3792100 0.4003076 0.4147246
v 0.3685684 0.4148264 0.4147246
v 0.3703984 0.4160123 0.4108363
v 0.4144377 0.3714324 0.4108363
v 0.4132296 0.3696171 0.4147246
v 0.3988417 0.3804349 0.4147246
v 0.4002502 0.3820996 0.4108363
v 0.4297556 0.3624637 0.4108363
v 0.4287637 0.3605217 0.4147246
v 0.4132296 0.3696171 0.4147246
v 0.4144377 0.3714324 0.4108363
v 0.4460014 0.3553118 0.4108363
v 0.4452389 0.3532688 0.4147246
v 0.4287637 0.3605217 0.4147246
v 0.4297556 0.3624637 0.4108363
v 0.4901847 0.3458761 0.4108363
v 0.4900461 0.3436999 0.4147246
v 0.4721769 0.3458745 0.4147246
v 0.4725643 0.3480204 0.4108363
v 0.5079347 0.3457678 0.4108363
v 0.5080467 0.3435901 0.4147246
v 0.4900461 0.3436999 0.4147246
v 0.4901847 0.3458761 0.4108363
v 0.5255799 0.3476970 0.4108363
v 0.5259411 0.3455466 0.4147246
v 0.5080467 0.3435901 0.4147246
v 0.5079347 0.3457678 0.4108363
v 0.5685616 0.3616171 0.4108363
v 0.5695297 0.3596632 0.4147246
v 0.5529673 0.3526118 0.4147246
v 0.5522298 0.3546639 0.4108363
v 0.5839877 0.3703984 0.4108363
v 0.5851736 0.3685684 0.4147246
v 0.5695297 0.3596632 0.4147246
v 0.5685616 0.3616171 0.4108363
v 0.5983043 0.3808917 0.4108363
v 0.5996924 0.3792100 0.4147246
v 0.5851736 0.3685684 0.4147246
v 0.5839877 0.3703984 0.4108363
v 0.6285676 0.4144377 0.4108363
v 0.6303829 0.4132296 0.4147246
v 0.6195651 0.3988417 0.4147246
v 0.6179004 0.4002502 0.4108363
v 0.6375363 0.4297556 0.4108363
v 0.6394783 0.4287637 0.4147246
v 0.6303829 0.4132296 0.4147246
v 0.6285676 0.4144377 0.4108363
v 0.6446882 0.4460014 0.4108363
v 0.6467312 0.4452389 0.4147246
v 0.6394783 0.4287637 0.4147246
v 0.6375363 0.4297556 0.4108363
v 0.6541239 0.4901847 0.4108363
v 0.6563001 0.4900461 0.4147246
v 0.6541255 0.4721769 0.4147246
v 0.6519796 0.4725643 0.4108363
v 0.6542322 0.5079347 0.4108363
v 0.6564099 0.5080467 0.4147246
v 0.6563001 0.4900461 0.4147246
v 0.6541239 0.4901847 0.4108363
v 0.6523030 0.5255799 0.4108363
v 0.6544534 0.5259411 0.4147246
v 0.6564099 0.5080467 0.4147246
v 0.6542322 0.5079347 0.4108363
v 0.6451369 0.6036145 0.5000000
v 0.6450916 0.6035822 0.5044577
v 0.6560189 0.5862492 0.5044577
v 0.6560677 0.5862762 0.5000000
v 0.6322888 0.6195841 0.5000000
v 0.6322475 0.6195468 0.5044577
v 0.6450916 0.6035822 0.5044577
v 0.6451369 0.6036145 0.5000000
v 0.6176931 0.6339740 0.5000000
v 0.6176564 0.6339321 0.5044577
v 0.6322475 0.6195468 0.5044577
v 0.6322888 0.6195841 0.5000000
v 0.5738850 0.6623013 0.5000000
v 0.5738619 0.6622506 0.5044577
v 0.5919917 0.6527035 0.5044577
v 0.5920205 0.6527512 0.5000000
v 0.5547734 0.6697073 0.5000000
v 0.5547563 0.6696543 0.5044577
v 0.5738619 0.6622506 0.5044577
v 0.5738850 0.6623013 0.5000000
v 0.5349383 0.6748714 0.5000000
v 0.5349274 0.6748168 0.5044577
v 0.5547563 0.6696543 0.5044577
v 0.5547734 0.6697073 0.5000000
v 0.4828356 0.6774995 0.5000000
v 0.4828410 0.6774441 0.5044577
v 0.5033154 0.6782409 0.5044577
v 0.5033165 0.6782967 0.5000000
v 0.4625815 0.6743575 0.5000000
v 0.4625932 0.6743031 0.5044577
v 0.4828410 0.6774441 0.5044577
v 0.4828356 0.6774995 0.5000000
v 0.4428217 0.6689122 0.5000000
v 0.4428396 0.6688594 0.5044577
v 0.4625932 0.6743031 0.5044577
v 0.4625815 0.6743575 0.5000000
v 0.3963855 0.6451369 0.5000000
v 0.3964178 0.6450916 0.5044577
v 0.4137508 0.6560189 0.5044577
v 0.4137238 0.6560677 0.5000000
v 0.3804159 0.6322888 0.5000000
v 0.3804532 0.6322475 0.5044577
v 0.3964178 0.6450916 0.5044577
v 0.3963855 0.6451369 0.5000000
v 0.3660260 0.6176931 0.5000000
v 0.3660679 0.6176564 0.5044577
v 0.3804532 0.6322475 0.5044577
v 0.3804159 0.6322888 0.5000000
v 0.3376987 0.5738850 0.5000000
v 0.3377494 0.5738619 0.5044577
v 0.3472965 0.5919917 0.5044577
v 0.3472488 0.5920205 0.5000000
v 0.3302927 0.5547734 0.5000000
v 0.3303457 0.5547563 0.5044577
v 0.3377494 0.5738619 0.5044577
v 0.3376987 0.5738850 0.5000000
v 0.3251286 0.5349383 0.5000000
v 0.3251832 0.5349274 0.5044577
v 0.3303457 0.5547563 0.5044577
v 0.3302927 0.5547734 0.5000000
v 0.3225005 0.4828356 0.5000000
v 0.3225559 0.4828410 0.5044577
v 0.3217591 0.5033154 0.5044577
v 0.3217033 0.5033165 0.5000000
v 0.3256425 0.4625815 0.5000000
v 0.3256969 0.4625932 0.5044577
v 0.3225559 0.4828410 0.5044577
v 0.3225005 0.4828356 0.5000000
v 0.3310878 0.4428217 0.5000000
v 0.3311406 0.4428396 0.5044577
v 0.3256969 0.4625932 0.5044577
v 0.3256425 0.4625815 0.5000000
v 0.3548631 0.3963855 0.5000000
v 0.3549084 0.3964178 0.5044577
v 0.3439811 0.4137508 0.5044577
v 0.3439323 0.4137238 0.5000000
v 0.3677112 0.3804159 0.5000000
v 0.3677525 0.3804532 0.5044577
v 0.3549084 0.3964178 0.5044577
v 0.3548631 0.3963855 0.5000000
v 0.3823069 0.3660260 0.5000000
v 0.3823436 0.3660679 0.5044577
v 0.3677525 0.3804532 0.5044577
v 0.3677112 0.3804159 0.5000000
v 0.4261150 0.3376987 0.5000000
v 0.4261381 0.3377494 0.5044577
v 0.4080083 0.3472965 0.5044577
v 0.4079795 0.3472488 0.5000000
v 0.4452266 0.3302927 0.5000000
v 0.4452437 0.3303457 0.5044577
v 0.4261381 0.3377494 0.5044577
v 0.4261150 0.3376987 0.5000000
v 0.4650617 0.3251286 0.5000000
v 0.4650726 0.3251832 0.5044577
v 0.4452437 0.3303457 0.5044577
v 0.4452266 0.3302927 0.5000000
v 0.5171644 0.3225005 0.5000000
v 0.5171590 0.3225559 0.5044577
v 0.4966846 0.3217591 0.5044577
v 0.4966835 0.3217033 0.5000000
v 0.5374185 0.3256425 0.5000000
v 0.5374068 0.3256969 0.5044577
v 0.5171590 0.3225559 0.5044577
v 0.5171644 0.3225005 0.5000000
v 0.5571783 0.3310878 0.5000000
v 0.5571604 0.3311406 0.5044577
v 0.5374068 0.3256969 0.5044577
v 0.5374185 0.3256425 0.5000000
v 0.6036145 0.3548631 0.5000000
v 0.6035822 0.3549084 0.5044577
v 0.5862492 0.3439811 0.5044577
v 0.5862762 0.3439323 0.5000000
v 0.6195841 0.3677112 0.5000000
v 0.6195468 0.3677525 0.5044577
v 0.6035822 0.3549084 0.5044577
v 0.6036145 0.3548631 0.5000000
v 0.6339740 0.3823069 0.5000000
v 0.6339321 0.3823436 0.5044577
v 0.6195468 0.3677525 0.5044577
v 0.6195841 0.3677112 0.5000000
v 0.6623013 0.4261150 0.5000000
v 0.6622506 0.4261381 0.5044577
v 0.6527035 0.4080083 0.5044577
v 0.6527512 0.4079795 0.5000000
v 0.6697073 0.4452266 0.5000000
v 0.6696543 0.4452437 0.5044577
v 0.6622506 0.4261381 0.5044577
v 0.6623013 0.4261150 0.5000000
v 0.6748714 0.4650617 0.5000000
v 0.6748168 0.4650726 0.5044577
v 0.6696543 0.4452437 0.5044577
v 0.6697073 0.4452266 0.5000000
v 0.6774995 0.5171644 0.5000000
v 0.6774441 0.5171590 0.5044577
v 0.6782409 0.4966846 0.5044577
v 0.6782967 0.4966835 0.5000000
v 0.6743575 0.5374185 0.5000000
v 0.6743031 0.5374068 0.5044577
v 0.6774441 0.5171590 0.5044577
v 0.6774995 0.5171644 0.5000000
v 0.6689122 0.5571783 0.5000000
v 0.6688594 0.5571604 0.5044577
v 0.6743031 0.5374068 0.5044577
v 0.6743575 0.5374185 0.5000000
v 0.6097907 0.6086118 0.5891637
v 0.6081719 0.6070103 0.5929964
v 0.6197365 0.5938911 0.5929964
v 0.6215284 0.5952962 0.5891637
v 0.5966027 0.6204925 0.5891637
v 0.5951783 0.6187159 0.5929964
v 0.6081719 0.6070103 0.5929964
v 0.6097907 0.6086118 0.5891637
v 0.5821385 0.6307814 0.5891637
v 0.5809274 0.6288531 0.5929964
v 0.5951783 0.6187159 0.5929964
v 0.5966027 0.6204925 0.5891637
v 0.5407757 0.6489559 0.5891637
v 0.5401745 0.6467596 0.5929964
v 0.5567493 0.6411803 0.5929964
v 0.5575986 0.6432932 0.5891637
v 0.5234142 0.6526509 0.5891637
v 0.5230689 0.6504001 0.5929964
v 0.5401745 0.6467596 0.5929964
v 0.5407757 0.6489559 0.5891637
v 0.5057433 0.6543293 0.5891637
v 0.5056586 0.6520538 0.5929964
v 0.5230689 0.6504001 0.5929964
v 0.5234142 0.6526509 0.5891637
v 0.4608348 0.6493875 0.5891637
v 0.4614123 0.6471848 0.5929964
v 0.4785562 0.6506404 0.5929964
v 0.4782352 0.6528948 0.5891637
v 0.4439518 0.6439066 0.5891637
v 0.4447782 0.6417848 0.5929964
v 0.4614123 0.6471848 0.5929964
v 0.4608348 0.6493875 0.5891637
v 0.4278092 0.6365248 0.5891637
v 0.4288736 0.6345117 0.5929964
v 0.4447782 0.6417848 0.5929964
v 0.4439518 0.6439066 0.5891637
v 0.3913882 0.6097907 0.5891637
v 0.3929897 0.6081719 0.5929964
v 0.4061089 0.6197365 0.5929964
v 0.4047038 0.6215284 0.5891637
v 0.3795075 0.5966027 0.5891637
v 0.3812841 0.5951783 0.5929964
v 0.3929897 0.6081719 0.5929964
v 0.3913882 0.6097907 0.5891637
v 0.3692186 0.5821385 0.5891637
v 0.3711469 0.5809274 0.5929964
v 0.3812841 0.5951783 0.5929964
v 0.3795075 0.5966027 0.5891637
v 0.3510441 0.5407757 0.5891637
v 0.3532404 0.5401745 0.5929964
v 0.3588197 0.5567493 0.5929964
v 0.3567068 0.5575986 0.5891637
v 0.3473491 0.5234142 0.5891637
v 0.3495999 0.5230689 0.5929964
v 0.3532404 0.5401745 0.5929964
v 0.3510441 0.5407757 0.5891637
v 0.3456707 0.5057433 0.5891637
v 0.3479462 0.5056586 0.5929964
v 0.3495999 0.5230689 0.5929964
v 0.3473491 0.5234142 0.5891637
v 0.3506125 0.4608348 0.5891637
v 0.3528152 0.4614123 0.5929964
v 0.3493596 0.4785562 0.5929964
v 0.3471052 0.4782352 0.5891637
v 0.3560934 0.4439518 0.5891637
v 0.3582152 0.4447782 0.5929964
v 0.3528152 0.4614123 0.5929964
v 0.3506125 0.4608348 0.5891637
v 0.3634752 0.4278092 0.5891637
v 0.3654883 0.4288736 0.5929964
v 0.3582152 0.4447782 0.5929964
v 0.3560934 0.4439518 0.5891637
v 0.3902093 0.3913882 0.5891637
v 0.3918281 0.3929897 0.5929964
v 0.3802635 0.4061089 0.5929964
v 0.3784716 0.4047038 0.5891637
v 0.4033973 0.3795075 0.5891637
v 0.4048217 0.3812841 0.5929964
v 0.3918281 0.3929897 0.5929964
v 0.3902093 0.3913882 0.5891637
v 0.4178615 0.3692186 0.5891637
v 0.4190726 0.3711469 0.5929964
v 0.4048217 0.3812841 0.5929964
v 0.4033973 0.3795075 0.5891637
v 0.4592243 0.3510441 0.5891637
v 0.4598255 0.3532404 0.5929964
v 0.4432507 0.3588197 0.5929964
v 0.4424014 0.3567068 0.5891637
v 0.4765858 0.3473491 0.5891637
v 0.4769311 0.3495999 0.5929964
v 0.4598255 0.3532404 0.5929964
v 0.4592243 0.3510441 0.5891637
v 0.4942567 0.3456707 0.5891637
v 0.4943414 0.3479462 0.5929964
v 0.4769311 0.3495999 0.5929964
v 0.4765858 0.3473491 0.5891637
v 0.5391652 0.3506125 0.5891637
v 0.5385877 0.3528152 0.5929964
v 0.5214438 0.3493596 0.5929964
v 0.5217648 0.3471052 0.5891637
v 0.5560482 0.3560934 0.5891637
v 0.5552218 0.3582152 0.5929964
v 0.5385877 0.3528152 0.5929964
v 0.5391652 0.3506125 0.5891637
v 0.5721908 0.3634752 0.5891637
v 0.5711264 0.3654883 0.5929964
v 0.5552218 0.3582152 0.5929964
v 0.5560482 0.3560934 0.5891637
v 0.6086118 0.3902093 0.5891637
v 0.6070103 0.3918281 0.5929964
v 0.5938911 0.3802635 0.5929964
v 0.5952962 0.3784716 0.5891637
v 0.6204925 0.4033973 0.5891637
v 0.6187159 0.4048217 0.5929964
v 0.6070103 0.3918281 0.5929964
v 0.6086118 0.3902093 0.5891637
v 0.6307814 0.4178615 0.5891637
v 0.6288531 0.4190726 0.5929964
v 0.6187159 0.4048217 0.5929964
v 0.6204925 0.4033973 0.5891637
v 0.6489559 0.4592243 0.5891637
v 0.6467596 0.4598255 0.5929964
v 0.6411803 0.4432507 0.5929964
v 0.6432932 0.4424014 0.5891637
v 0.6526509 0.4765858 0.5891637
v 0.6504001 0.4769311 0.5929964
v 0.6467596 0.4598255 0.5929964
v 0.6489559 0.4592243 0.5891637
v 0.6543293 0.4942567 0.5891637
v 0.6520538 0.4943414 0.5929964
v 0.6504001 0.4769311 0.5929964
v 0.6526509 0.4765858 0.5891637
v 0.6493875 0.5391652 0.5891637
v 0.6471848 0.5385877 0.5929964
v 0.6506404 0.5214438 0.5929964
v 0.6528948 0.5217648 0.5891637
v 0.6439066 0.5560482 0.5891637
v 0.6417848 0.5552218 0.5929964
v 0.6471848 0.5385877 0.5929964
v 0.6493875 0.5391652 0.5891637
v 0.6365248 0.5721908 0.5891637
v 0.6345117 0.5711264 0.5929964
v 0.6417848 0.5552218 0.5929964
v 0.6439066 0.5560482 0.5891637
v 0.5525877 0.5720049 0.6544361
v 0.5502944 0.5688648 0.6566167
v 0.5578642 0.5626388 0.6566167
v 0.5605027 0.5654950 0.6544361
v 0.5439780 0.5775636 0.6544361
v 0.5420602 0.5741811 0.6566167
v 0.5502944 0.5688648 0.6566167
v 0.5525877 0.5720049 0.6544361
v 0.5347874 0.5820976 0.6544361
v 0.5332703 0.5785174 0.6566167
v 0.5420602 0.5741811 0.6566167
v 0.5439780 0.5775636 0.6544361
v 0.5095398 0.5886519 0.6544361
v 0.5091238 0.5847859 0.6566167
v 0.5187925 0.5831789 0.6566167
v 0.5196493 0.5869717 0.6544361
v 0.4993043 0.5891610 0.6544361
v 0.4993346 0.5852728 0.6566167
v 0.5091238 0.5847859 0.6566167
v 0.5095398 0.5886519 0.6544361
v 0.4890780 0.5884923 0.6544361
v 0.4895543 0.5846332 0.6566167
v 0.4993346 0.5852728 0.6566167
v 0.4993043 0.5891610 0.6544361
v 0.4639358 0.5815447 0.6544361
v 0.4655085 0.5779886 0.6566167
v 0.4746853 0.5814313 0.6566167
v 0.4735310 0.5851444 0.6544361
v 0.4548170 0.5768679 0.6544361
v 0.4567874 0.5735157 0.6566167
v 0.4655085 0.5779886 0.6566167
v 0.4639358 0.5815447 0.6544361
v 0.4462951 0.5711755 0.6544361
v 0.4486371 0.5680716 0.6566167
v 0.4567874 0.5735157 0.6566167
v 0.4548170 0.5768679 0.6544361
v 0.4279951 0.5525877 0.6544361
v 0.4311352 0.5502944 0.6566167
v 0.4373612 0.5578642 0.6566167
v 0.4345050 0.5605027 0.6544361
v 0.4224364 0.5439780 0.6544361
v 0.4258189 0.5420602 0.6566167
v 0.4311352 0.5502944 0.6566167
v 0.4279951 0.5525877 0.6544361
v 0.4179024 0.5347874 0.6544361
v 0.4214826 0.5332703 0.6566167
v 0.4258189 0.5420602 0.6566167
v 0.4224364 0.5439780 0.6544361
v 0.4113481 0.5095398 0.6544361
v 0.4152141 0.5091238 0.6566167
v 0.4168211 0.5187925 0.6566167
v 0.4130283 0.5196493 0.6544361
v 0.4108390 0.4993043 0.6544361
v 0.4147272 0.4993346 0.6566167
v 0.4152141 0.5091238 0.6566167
v 0.4113481 0.5095398 0.6544361
v 0.4115077 0.4890780 0.6544361
v 0.4153668 0.4895543 0.6566167
v 0.4147272 0.4993346 0.6566167
v 0.4108390 0.4993043 0.6544361
v 0.4184553 0.4639358 0.6544361
v 0.4220114 0.4655085 0.6566167
v 0.4185687 0.4746853 0.6566167
v 0.4148556 0.4735310 0.6544361
v 0.4231321 0.4548170 0.6544361
v 0.4264843 0.4567874 0.6566167
v 0.4220114 0.4655085 0.6566167
v 0.4184553 0.4639358 0.6544361
v 0.4288245 0.4462951 0.6544361
v 0.4319284 0.4486371 0.6566167
v 0.4264843 0.4567874 0.6566167
v 0.4231321 0.4548170 0.6544361
v 0.4474123 0.4279951 0.6544361
v 0.4497056 0.4311352 0.6566167
v 0.4421358 0.4373612 0.6566167
v 0.4394973 0.4345050 0.6544361
v 0.4560220 0.4224364 0.6544361
v 0.4579398 0.4258189 0.6566167
v 0.4497056 0.4311352 0.6566167
v 0.4474123 0.4279951 0.6544361
v 0.4652126 0.4179024 0.6544361
v 0.4667297 0.4214826 0.6566167
v 0.4579398 0.4258189 0.6566167
v 0.4560220 0.4224364 0.6544361
v 0.4904602 0.4113481 0.6544361
v 0.4908762 0.4152141 0.6566167
v 0.4812075 0.4168211 0.6566167
v 0.4803507 0.4130283 0.6544361
v 0.5006957 0.4108390 0.6544361
v 0.5006654 0.4147272 0.6566167
v 0.4908762 0.4152141 0.6566167
v 0.4904602 0.4113481 0.6544361
v 0.5109220 0.4115077 0.6544361
v 0.5104457 0.4153668 0.6566167
v 0.5006654 0.4147272 0.6566167
v 0.5006957 0.4108390 0.6544361
v 0.5360642 0.4184553 0.6544361
v 0.5344915 0.4220114 0.6566167
v 0.5253147 0.4185687 0.6566167
v 0.5264690 0.4148556 0.6544361
v 0.5451830 0.4231321 0.6544361
v 0.5432126 0.4264843 0.6566167
v 0.5344915 0.4220114 0.6566167
v 0.5360642 0.4184553 0.6544361
v 0.5537049 0.4288245 0.6544361
v 0.5513629 0.4319284 0.6566167
v 0.5432126 0.4264843 0.6566167
v 0.5451830 0.4231321 0.6544361
v 0.5720049 0.4474123 0.6544361
v 0.5688648 0.4497056 0.6566167
v 0.5626388 0.4421358 0.6566167
v 0.5654950 0.4394973 0.6544361
v 0.5775636 0.4560220 0.6544361
v 0.5741811 0.4579398 0.6566167
v 0.5688648 0.4497056 0.6566167
v 0.5720049 0.4474123 0.6544361
v 0.5820976 0.4652126 0.6544361
v 0.5785174 0.4667297 0.6566167
v 0.5741811 0.4579398 0.6566167
v 0.5775636 0.4560220 0.6544361
v 0.5886519 0.4904602 0.6544361
v 0.5847859 0.4908762 0.6566167
v 0.5831789 0.4812075 0.6566167
v 0.5869717 0.4803507 0.6544361
v 0.5891610 0.5006957 0.6544361
v 0.5852728 0.5006654 0.6566167
v 0.5847859 0.4908762 0.6566167
v 0.5886519 0.4904602 0.6544361
v 0.5884923 0.5109220 0.6544361
v 0.5846332 0.5104457 0.6566167
v 0.5852728 0.5006654 0.6566167
v 0.5891610 0.5006957 0.6544361
v 0.5815447 0.5360642 0.6544361
v 0.5779886 0.5344915 0.6566167
v 0.5814313 0.5253147 0.6566167
v 0.5851444 0.5264690 0.6544361
v 0.5768679 0.5451830 0.6544361
v 0.5735157 0.5432126 0.6566167
v 0.5779886 0.5344915 0.6566167
v 0.5815447 0.5360642 0.6544361
v 0.5711755 0.5537049 0.6544361
v 0.5680716 0.5513629 0.6566167
v 0.5735157 0.5432126 0.6566167
v 0.5768679 0.5451830 0.6544361
v 0.6932250 0.5026779 0.4964773
v 0.6915719 0.5227559 0.5117407
v 0.6988838 0.5228528 0.5132039
v 0.7006000 0.5020085 0.4973580
v 0.6915719 0.5227559 0.5117407
v 0.6866410 0.5424903 0.5267429
v 0.6937647 0.5433404 0.5287787
v 0.6988838 0.5228528 0.5132039
v 0.6866410 0.5424903 0.5267429
v 0.6785166 0.5615436 0.5412272
v 0.6853302 0.5631209 0.5438159
v 0.6937647 0.5433404 0.5287787
v 0.6785166 0.5615436 0.5412272
v 0.6673378 0.5795896 0.5549459
v 0.6737247 0.5818557 0.5580582
v 0.6853302 0.5631209 0.5438159
v 0.6673378 0.5795896 0.5549459
v 0.6532957 0.5963196 0.5676642
v 0.6591467 0.5992243 0.5712619
v 0.6737247 0.5818557 0.5580582
v 0.6532957 0.5963196 0.5676642
v 0.6366307 0.6114474 0.5791644
v 0.6418456 0.6149295 0.5832010
v 0.6591467 0.5992243 0.5712619
v 0.6366307 0.6114474 0.5791644
v 0.6176279 0.6247142 0.5892498
v 0.6221175 0.6287026 0.5936714
v 0.6418456 0.6149295 0.5832010
v 0.6176279 0.6247142 0.5892498
v 0.5966125 0.6358928 0.5977479
v 0.6003000 0.6403079 0.6024938
v 0.6221175 0.6287026 0.5936714
v 0.5966125 0.6358928 0.5977479
v 0.5739440 0.6447921 0.6045132
v 0.5767663 0.6495469 0.6095173
v 0.6003000 0.6403079 0.6024938
v 0.5739440 0.6447921 0.6045132
v 0.5500103 0.6512598 0.6094299
v 0.5519191 0.6562614 0.6146218
v 0.5767663 0.6495469 0.6095173
v 0.5500103 0.6512598 0.6094299
v 0.5252209 0.6551853 0.6124141
v 0.5261836 0.6603367 0.6177198
v 0.5519191 0.6562614 0.6146218
v 0.5252209 0.6551853 0.6124141
v 0.5000000 0.6565012 0.6134145
v 0.5000000 0.6617029 0.6187584
v 0.5261836 0.6603367 0.6177198
v 0.5000000 0.6565012 0.6134145
v 0.4747791 0.6551853 0.6124141
v 0.4738164 0.6603367 0.6177198
v 0.5000000 0.6617029 0.6187584
v 0.4747791 0.6551853 0.6124141
v 0.4499897 0.6512598 0.6094299
v 0.4480809 0.6562614 0.6146218
v 0.4738164 0.6603367 0.6177198
v 0.4499897 0.6512598 0.6094299
v 0.4260560 0.6447921 0.6045132
v 0.4232337 0.6495469 0.6095173
v 0.4480809 0.6562614 0.6146218
v 0.4260560 0.6447921 0.6045132
v 0.4033875 0.6358928 0.5977479
v 0.3997000 0.6403079 0.6024938
v 0.4232337 0.6495469 0.6095173
v 0.4033875 0.6358928 0.5977479
v 0.3823721 0.6247142 0.5892498
v 0.3778825 0.6287026 0.5936714
v 0.3997000 0.6403079 0.6024938
v 0.3823721 0.6247142 0.5892498
v 0.3633693 0.6114474 0.5791644
v 0.3581544 0.6149295 0.5832010
v 0.3778825 0.6287026 0.5936714
v 0.3633693 0.6114474 0.5791644
v 0.3467043 0.5963196 0.5676642
v 0.3408533 0.5992243 0.5712619
v 0.3581544 0.6149295 0.5832010
v 0.3467043 0.5963196 0.5676642
v 0.3326622 0.5795896 0.5549459
v 0.3262753 0.5818557 0.5580582
v 0.3408533 0.5992243 0.5712619
v 0.3326622 0.5795896 0.5549459
v 0.3214834 0.5615436 0.5412272
v 0.3146698 0.5631209 0.5438159
v 0.3262753 0.5818557 0.5580582
v 0.3214834 0.5615436 0.5412272
v 0.3133590 0.5424903 0.5267429
v 0.3062353 0.5433404 0.5287787
v 0.3146698 0.5631209 0.5438159
v 0.3133590 0.5424903 0.5267429
v 0.3084281 0.5227559 0.5117407
v 0.3011162 0.5228528 0.5132039
v 0.3062353 0.5433404 0.5287787
v 0.3084281 0.5227559 0.5117407
v 0.3067750 0.5026779 0.4964773
v 0.2994000 0.5020085 0.4973580
v 0.3011162 0.5228528 0.5132039
v 0.3067750 0.5026779 0.4964773
v 0.3084281 0.4826000 0.4812140
v 0.3011162 0.4811642 0.4815121
v 0.2994000 0.5020085 0.4973580
v 0.3084281 0.4826000 0.4812140
v 0.3133590 0.4628656 0.4662118
v 0.3062353 0.4606765 0.4659373
v 0.3011162 0.4811642 0.4815121
v 0.3133590 0.4628656 0.4662118
v 0.3214834 0.4438123 0.4517274
v 0.3146698 0.4408961 0.4509001
v 0.3062353 0.4606765 0.4659373
v 0.3214834 0.4438123 0.4517274
v 0.3326622 0.4257663 0.4380088
v 0.3262753 0.4221613 0.4366578
v 0.3146698 0.4408961 0.4509001
v 0.3326622 0.4257663 0.4380088
v 0.3467043 0.4090363 0.4252905
v 0.3408533 0.4047927 0.4234541
v 0.3262753 0.4221613 0.4366578
v 0.3467043 0.4090363 0.4252905
v 0.3633693 0.3939085 0.4137903
v 0.3581544 0.3890875 0.4115150
v 0.3408533 0.4047927 0.4234541
v 0.3633693 0.3939085 0.4137903
v 0.3823721 0.3806417 0.4037049
v 0.3778825 0.3753144 0.4010446
v 0.3581544 0.3890875 0.4115150
v 0.3823721 0.3806417 0.4037049
v 0.4033875 0.3694631 0.3952068
v 0.3997000 0.3637090 0.3922222
v 0.3778825 0.3753144 0.4010446
v 0.4033875 0.3694631 0.3952068
v 0.4260560 0.3605638 0.3884415
v 0.4232337 0.3544701 0.3851987
v 0.3997000 0.3637090 0.3922222
v 0.4260560 0.3605638 0.3884415
v 0.4499897 0.3540961 0.3835247
v 0.4480809 0.3477555 0.3800942
v 0.4232337 0.3544701 0.3851987
v 0.4499897 0.3540961 0.3835247
v 0.4747791 0.3501706 0.3805406
v 0.4738164 0.3436803 0.3769962
v 0.4480809 0.3477555 0.3800942
v 0.4747791 0.3501706 0.3805406
v 0.5000000 0.3488547 0.3795402
v 0.5000000 0.3423141 0.3759576
v 0.4738164 0.3436803 0.3769962
v 0.5000000 0.3488547 0.3795402
v 0.5252209 0.3501706 0.3805406
v 0.5261836 0.3436803 0.3769962
v 0.5000000 0.3423141 0.3759576
v 0.5252209 0.3501706 0.3805406
v 0.5500103 0.3540961 0.3835247
v 0.5519191 0.3477555 0.3800942
v 0.5261836 0.3436803 0.3769962
v 0.5500103 0.3540961 0.3835247
v 0.5739440 0.3605638 0.3884415
v 0.5767663 0.3544701 0.3851987
v 0.5519191 0.3477555 0.3800942
v 0.5739440 0.3605638 0.3884415
v 0.5966125 0.3694631 0.3952068
v 0.6003000 0.3637090 0.3922222
v 0.5767663 0.3544701 0.3851987
v 0.5966125 0.3694631 0.3952068
v 0.6176279 0.3806417 0.4037049
v 0.6221175 0.3753144 0.4010446
v 0.6003000 0.3637090 0.3922222
v 0.6176279 0.3806417 0.4037049
v 0.6366307 0.3939085 0.4137903
v 0.6418456 0.3890875 0.4115150
v 0.6221175 0.3753144 0.4010446
v 0.6366307 0.3939085 0.4137903
v 0.6532957 0.4090363 0.4252905
v 0.6591467 0.4047927 0.4234541
v 0.6418456 0.3890875 0.4115150
v 0.6532957 0.4090363 0.4252905
v 0.6673378 0.4257663 0.4380088
v 0.6737247 0.4221613 0.4366578
v 0.6591467 0.4047927 0.4234541
v 0.6673378 0.4257663 0.4380088
v 0.6785166 0.4438123 0.4517274
v 0.6853302 0.4408961 0.4509001
v 0.6737247 0.4221613 0.4366578
v 0.6785166 0.4438123 0.4517274
v 0.6866410 0.4628656 0.4662118
v 0.6937647 0.4606765 0.4659373
v 0.6853302 0.4408961 0.4509001
v 0.6866410 0.4628656 0.4662118
v 0.6915719 0.4826000 0.4812140
v 0.6988838 0.4811642 0.4815121
v 0.6937647 0.4606765 0.4659373
v 0.6915719 0.4826000 0.4812140
v 0.6932250 0.5026779 0.4964773
v 0.7006000 0.5020085 0.4973580
v 0.6988838 0.4811642 0.4815121
v 0.7006000 0.5020085 0.4973580
v 0.6988838 0.5228528 0.5132039
v 0.6988838 0.5188358 0.5184879
v 0.7006000 0.4979915 0.5026420
v 0.6988838 0.5228528 0.5132039
v 0.6937647 0.5433404 0.5287787
v 0.6937647 0.5393235 0.5340627
v 0.6988838 0.5188358 0.5184879
v 0.6937647 0.5433404 0.5287787
v 0.6853302 0.5631209 0.5438159
v 0.6853302 0.5591039 0.5490999
v 0.6937647 0.5393235 0.5340627
v 0.6853302 0.5631209 0.5438159
v 0.6737247 0.5818557 0.5580582
v 0.6737247 0.5778387 0.5633422
v 0.6853302 0.5591039 0.5490999
v 0.6737247 0.5818557 0.5580582
v 0.6591467 0.5992243 0.5712619
v 0.6591467 0.5952073 0.5765459
v 0.6737247 0.5778387 0.5633422
v 0.6591467 0.5992243 0.5712619
v 0.6418456 0.6149295 0.5832010
v 0.6418456 0.6109125 0.5884850
v 0.6591467 0.5952073 0.5765459
v 0.6418456 0.6149295 0.5832010
v 0.6221175 0.6287026 0.5936714
v 0.6221175 0.6246856 0.5989554
v 0.6418456 0.6109125 0.5884850
v 0.6221175 0.6287026 0.5936714
v 0.6003000 0.6403079 0.6024938
v 0.6003000 0.6362910 0.6077778
v 0.6221175 0.6246856 0.5989554
v 0.6003000 0.6403079 0.6024938
v 0.5767663 0.6495469 0.6095173
v 0.5767663 0.6455299 0.6148013
v 0.6003000 0.6362910 0.6077778
v 0.5767663 0.6495469 0.6095173
v 0.5519191 0.6562614 0.6146218
v 0.5519191 0.6522445 0.6199058
v 0.5767663 0.6455299 0.6148013
v 0.5519191 0.6562614 0.6146218
v 0.5261836 0.6603367 0.6177198
v 0.5261836 0.6563197 0.6230038
v 0.5519191 0.6522445 0.6199058
v 0.5261836 0.6603367 0.6177198
v 0.5000000 0.6617029 0.6187584
v 0.5000000 0.6576859 0.6240424
v 0.5261836 0.6563197 0.6230038
v 0.5000000 0.6617029 0.6187584
v 0.4738164 0.6603367 0.6177198
v 0.4738164 0.6563197 0.6230038
v 0.5000000 0.6576859 0.6240424
v 0.4738164 0.6603367 0.6177198
v 0.4480809 0.6562614 0.6146218
v 0.4480809 0.6522445 0.6199058
v 0.4738164 0.6563197 0.6230038
v 0.4480809 0.6562614 0.6146218
v 0.4232337 0.6495469 0.6095173
v 0.4232337 0.6455299 0.6148013
v 0.4480809 0.6522445 0.6199058
v 0.4232337 0.6495469 0.6095173
v 0.3997000 0.6403079 0.6024938
v 0.3997000 0.6362910 0.6077778
v 0.4232337 0.6455299 0.6148013
v 0.3997000 0.6403079 0.6024938
v 0.3778825 0.6287026 0.5936714
v 0.3778825 0.6246856 0.5989554
v 0.3997000 0.6362910 0.6077778
v 0.3778825 0.6287026 0.5936714
v 0.3581544 0.6149295 0.5832010
v 0.3581544 0.6109125 0.5884850
v 0.3778825 0.6246856 0.5989554
v 0.3581544 0.6149295 0.5832010
v 0.3408533 0.5992243 0.5712619
v 0.3408533 0.5952073 0.5765459
v 0.3581544 0.6109125 0.5884850
v 0.3408533 0.5992243 0.5712619
v 0.3262753 0.5818557 0.5580582
v 0.3262753 0.5778387 0.5633422
v 0.3408533 0.5952073 0.5765459
v 0.3262753 0.5818557 0.5580582
v 0.3146698 0.5631209 0.5438159
v 0.3146698 0.5591039 0.5490999
v 0.3262753 0.5778387 0.5633422
v 0.3146698 0.5631209 0.5438159
v 0.3062353 0.5433404 0.5287787
v 0.3062353 0.5393235 0.5340627
v 0.3146698 0.5591039 0.5490999
v 0.3062353 0.5433404 0.5287787
v 0.3011162 0.5228528 0.5132039
v 0.3011162 0.5188358 0.5184879
v 0.3062353 0.5393235 0.5340627
v 0.3011162 0.5228528 0.5132039
v 0.2994000 0.5020085 0.4973580
v 0.2994000 0.4979915 0.5026420
v 0.3011162 0.5188358 0.5184879
v 0.2994000 0.5020085 0.4973580
v 0.3011162 0.4811642 0.4815121
v 0.3011162 0.4771472 0.4867961
v 0.2994000 0.4979915 0.5026420
v 0.3011162 0.4811642 0.4815121
v 0.3062353 0.4606765 0.4659373
v 0.3062353 0.4566596 0.4712213
v 0.3011162 0.4771472 0.4867961
v 0.3062353 0.4606765 0.4659373
v 0.3146698 0.4408961 0.4509001
v 0.3146698 0.4368791 0.4561841
v 0.3062353 0.4566596 0.4712213
v 0.3146698 0.4408961 0.4509001
v 0.3262753 0.4221613 0.4366578
v 0.3262753 0.4181443 0.4419418
v 0.3146698 0.4368791 0.4561841
v 0.3262753 0.4221613 0.4366578
v 0.3408533 0.4047927 0.4234541
v 0.3408533 0.4007757 0.4287381
v 0.3262753 0.4181443 0.4419418
v 0.3408533 0.4047927 0.4234541
v 0.3581544 0.3890875 0.4115150
v 0.3581544 0.3850705 0.4167990
v 0.3408533 0.4007757 0.4287381
v 0.3581544 0.3890875 0.4115150
v 0.3778825 0.3753144 0.4010446
v 0.3778825 0.3712974 0.4063286
v 0.3581544 0.3850705 0.4167990
v 0.3778825 0.3753144 0.4010446
v 0.3997000 0.3637090 0.3922222
v 0.3997000 0.3596921 0.3975062
v 0.3778825 0.3712974 0.4063286
v 0.3997000 0.3637090 0.3922222
v 0.4232337 0.3544701 0.3851987
v 0.4232337 0.3504531 0.3904827
v 0.3997000 0.3596921 0.3975062
v 0.4232337 0.3544701 0.3851987
v 0.4480809 0.3477555 0.3800942
v 0.4480809 0.3437386 0.3853782
v 0.4232337 0.3504531 0.3904827
v 0.4480809 0.3477555 0.3800942
v 0.4738164 0.3436803 0.3769962
v 0.4738164 0.3396633 0.3822802
v 0.4480809 0.3437386 0.3853782
v 0.4738164 0.3436803 0.3769962
v 0.5000000 0.3423141 0.3759576
v 0.5000000 0.3382971 0.3812416
v 0.4738164 0.3396633 0.3822802
v 0.5000000 0.3423141 0.3759576
v 0.5261836 0.3436803 0.3769962
v 0.5261836 0.3396633 0.3822802
v 0.5000000 0.3382971 0.3812416
v 0.5261836 0.3436803 0.3769962
v 0.5519191 0.3477555 0.3800942
v 0.5519191 0.3437386 0.3853782
v 0.5261836 0.3396633 0.3822802
v 0.5519191 0.3477555 0.3800942
v 0.5767663 0.3544701 0.3851987
v 0.5767663 0.3504531 0.3904827
v 0.5519191 0.3437386 0.3853782
v 0.5767663 0.3544701 0.3851987
v 0.6003000 0.3637090 0.3922222
v 0.6003000 0.3596921 0.3975062
v 0.5767663 0.3504531 0.3904827
v 0.6003000 0.3637090 0.3922222
v 0.6221175 0.3753144 0.4010446
v 0.6221175 0.3712974 0.4063286
v 0.6003000 0.3596921 0.3975062
v 0.6221175 0.3753144 0.4010446
v 0.6418456 0.3890875 0.4115150
v 0.6418456 0.3850705 0.4167990
v 0.6221175 0.3712974 0.4063286
v 0.6418456 0.3890875 0.4115150
v 0.6591467 0.4047927 0.4234541
v 0.6591467 0.4007757 0.4287381
v 0.6418456 0.3850705 0.4167990
v 0.6591467 0.4047927 0.4234541
v 0.6737247 0.4221613 0.4366578
v 0.6737247 0.4181443 0.4419418
v 0.6591467 0.4007757 0.4287381
v 0.6737247 0.4221613 0.4366578
v 0.6853302 0.4408961 0.4509001
v 0.6853302 0.4368791 0.4561841
v 0.6737247 0.4181443 0.4419418
v 0.6853302 0.4408961 0.4509001
v 0.6937647 0.4606765 0.4659373
v 0.6937647 0.4566596 0.4712213
v 0.6853302 0.4368791 0.4561841
v 0.6937647 0.4606765 0.4659373
v 0.6988838 0.4811642 0.4815121
v 0.6988838 0.4771472 0.4867961
v 0.6937647 0.4566596 0.4712213
v 0.6988838 0.4811642 0.4815121
v 0.7006000 0.5020085 0.4973580
v 0.7006000 0.4979915 0.5026420
v 0.6988838 0.4771472 0.4867961
v 0.7006000 0.4979915 0.5026420
v 0.6988838 0.5188358 0.5184879
v 0.6915719 0.5174000 0.5187860
v 0.6932250 0.4973221 0.5035227
v 0.6988838 0.5188358 0.5184879
v 0.6937647 0.5393235 0.5340627
v 0.6866410 0.5371344 0.5337882
v 0.6915719 0.5174000 0.5187860
v 0.6937647 0.5393235 0.5340627
v 0.6853302 0.5591039 0.5490999
v 0.6785166 0.5561877 0.5482726
v 0.6866410 0.5371344 0.5337882
v 0.6853302 0.5591039 0.5490999
v 0.6737247 0.5778387 0.5633422
v 0.6673378 0.5742337 0.5619912
v 0.6785166 0.5561877 0.5482726
v 0.6737247 0.5778387 0.5633422
v 0.6591467 0.5952073 0.5765459
v 0.6532957 0.5909637 0.5747095
v 0.6673378 0.5742337 0.5619912
v 0.6591467 0.5952073 0.5765459
v 0.6418456 0.6109125 0.5884850
v 0.6366307 0.6060915 0.5862097
v 0.6532957 0.5909637 0.5747095
v 0.6418456 0.6109125 0.5884850
v 0.6221175 0.6246856 0.5989554
v 0.6176279 0.6193583 0.5962951
v 0.6366307 0.6060915 0.5862097
v 0.6221175 0.6246856 0.5989554
v 0.6003000 0.6362910 0.6077778
v 0.5966125 0.6305369 0.6047932
v 0.6176279 0.6193583 0.5962951
v 0.6003000 0.6362910 0.6077778
v 0.5767663 0.6455299 0.6148013
v 0.5739440 0.6394362 0.6115585
v 0.5966125 0.6305369 0.6047932
v 0.5767663 0.6455299 0.6148013
v 0.5519191 0.6522445 0.6199058
v 0.5500103 0.6459039 0.6164753
v 0.5739440 0.6394362 0.6115585
v 0.5519191 0.6522445 0.6199058
v 0.5261836 0.6563197 0.6230038
v 0.5252209 0.6498294 0.6194594
v 0.5500103 0.6459039 0.6164753
v 0.5261836 0.6563197 0.6230038
v 0.5000000 0.6576859 0.6240424
v 0.5000000 0.6511453 0.6204598
v 0.5252209 0.6498294 0.6194594
v 0.5000000 0.6576859 0.6240424
v 0.4738164 0.6563197 0.6230038
v 0.4747791 0.6498294 0.6194594
v 0.5000000 0.6511453 0.6204598
v 0.4738164 0.6563197 0.6230038
v 0.4480809 0.6522445 0.6199058
v 0.4499897 0.6459039 0.6164753
v 0.4747791 0.6498294 0.6194594
v 0.4480809 0.6522445 0.6199058
v 0.4232337 0.6455299 0.6148013
v 0.4260560 0.6394362 0.6115585
v 0.4499897 0.6459039 0.6164753
v 0.4232337 0.6455299 0.6148013
v 0.3997000 0.6362910 0.6077778
v 0.4033875 0.6305369 0.6047932
v 0.4260560 0.6394362 0.6115585
v 0.3997000 0.6362910 0.6077778
v 0.3778825 0.6246856 0.5989554
v 0.3823721 0.6193583 0.5962951
v 0.4033875 0.6305369 0.6047932
v 0.3778825 0.6246856 0.5989554
v 0.3581544 0.6109125 0.5884850
v 0.3633693 0.6060915 0.5862097
v 0.3823721 0.6193583 0.5962951
v 0.3581544 0.6109125 0.5884850
v 0.3408533 0.5952073 0.5765459
v 0.3467043 0.5909637 0.5747095
v 0.3633693 0.6060915 0.5862097
v 0.3408533 0.5952073 0.5765459
v 0.3262753 0.5778387 0.5633422
v 0.3326622 0.5742337 0.5619912
v 0.3467043 0.5909637 0.5747095
v 0.3262753 0.5778387 0.5633422
v 0.3146698 0.5591039 0.5490999
v 0.3214834 0.5561877 0.5482726
v 0.3326622 0.5742337 0.5619912
v 0.3146698 0.5591039 0.5490999
v 0.3062353 0.5393235 0.5340627
v 0.3133590 0.5371344 0.5337882
v 0.3214834 0.5561877 0.5482726
v 0.3062353 0.5393235 0.5340627
v 0.3011162 0.5188358 0.5184879
v 0.3084281 0.5174000 0.5187860
v 0.3133590 0.5371344 0.5337882
v 0.3011162 0.5188358 0.5184879
v 0.2994000 0.4979915 0.5026420
v 0.3067750 0.4973221 0.5035227
v 0.3084281 0.5174000 0.5187860
v 0.2994000 0.4979915 0.5026420
v 0.3011162 0.4771472 0.4867961
v 0.3084281 0.4772441 0.4882593
v 0.3067750 0.4973221 0.5035227
v 0.3011162 0.4771472 0.4867961
v 0.3062353 0.4566596 0.4712213
v 0.3133590 0.4575097 0.4732571
v 0.3084281 0.4772441 0.4882593
v 0.3062353 0.4566596 0.4712213
v 0.3146698 0.4368791 0.4561841
v 0.3214834 0.4384564 0.4587728
v 0.3133590 0.4575097 0.4732571
v 0.3146698 0.4368791 0.4561841
v 0.3262753 0.4181443 0.4419418
v 0.3326622 0.4204104 0.4450541
v 0.3214834 0.4384564 0.4587728
v 0.3262753 0.4181443 0.4419418
v 0.3408533 0.4007757 0.4287381
v 0.3467043 0.4036804 0.4323358
v 0.3326622 0.4204104 0.4450541
v 0.3408533 0.4007757 0.4287381
v 0.3581544 0.3850705 0.4167990
v 0.3633693 0.3885526 0.4208356
v 0.3467043 0.4036804 0.4323358
v 0.3581544 0.3850705 0.4167990
v 0.3778825 0.3712974 0.4063286
v 0.3823721 0.3752858 0.4107502
v 0.3633693 0.3885526 0.4208356
v 0.3778825 0.3712974 0.4063286
v 0.3997000 0.3596921 0.3975062
v 0.4033875 0.3641072 0.4022521
v 0.3823721 0.3752858 0.4107502
v 0.3997000 0.3596921 0.3975062
v 0.4232337 0.3504531 0.3904827
v 0.4260560 0.3552079 0.3954868
v 0.4033875 0.3641072 0.4022521
v 0.4232337 0.3504531 0.3904827
v 0.4480809 0.3437386 0.3853782
v 0.4499897 0.3487402 0.3905701
v 0.4260560 0.3552079 0.3954868
v 0.4480809 0.3437386 0.3853782
v 0.4738164 0.3396633 0.3822802
v 0.4747791 0.3448147 0.3875859
v 0.4499897 0.3487402 0.3905701
v 0.4738164 0.3396633 0.3822802
v 0.5000000 0.3382971 0.3812416
v 0.5000000 0.3434988 0.3865855
v 0.4747791 0.3448147 0.3875859
v 0.5000000 0.3382971 0.3812416
v 0.5261836 0.3396633 0.3822802
v 0.5252209 0.3448147 0.3875859
v 0.5000000 0.3434988 0.3865855
v 0.5261836 0.3396633 0.3822802
v 0.5519191 0.3437386 0.3853782
v 0.5500103 0.3487402 0.3905701
v 0.5252209 0.3448147 0.3875859
v 0.5519191 0.3437386 0.3853782
v 0.5767663 0.3504531 0.3904827
v 0.5739440 0.3552079 0.3954868
v 0.5500103 0.3487402 0.3905701
v 0.5767663 0.3504531 0.3904827
v 0.6003000 0.3596921 0.3975062
v 0.5966125 0.3641072 0.4022521
v 0.5739440 0.3552079 0.3954868
v 0.6003000 0.3596921 0.3975062
v 0.6221175 0.3712974 0.4063286
v 0.6176279 0.3752858 0.4107502
v 0.5966125 0.3641072 0.4022521
v 0.6221175 0.3712974 0.4063286
v 0.6418456 0.3850705 0.4167990
v 0.6366307 0.3885526 0.4208356
v 0.6176279 0.3752858 0.4107502
v 0.6418456 0.3850705 0.4167990
v 0.6591467 0.4007757 0.4287381
v 0.6532957 0.4036804 0.4323358
v 0.6366307 0.3885526 0.4208356
v 0.6591467 0.4007757 0.4287381
v 0.6737247 0.4181443 0.4419418
v 0.6673378 0.4204104 0.4450541
v 0.6532957 0.4036804 0.4323358
v 0.6737247 0.4181443 0.4419418
v 0.6853302 0.4368791 0.4561841
v 0.6785166 0.4384564 0.4587728
v 0.6673378 0.4204104 0.4450541
v 0.6853302 0.4368791 0.4561841
v 0.6937647 0.4566596 0.4712213
v 0.6866410 0.4575097 0.4732571
v 0.6785166 0.4384564 0.4587728
v 0.6937647 0.4566596 0.4712213
v 0.6988838 0.4771472 0.4867961
v 0.6915719 0.4772441 0.4882593
v 0.6866410 0.4575097 0.4732571
v 0.6988838 0.4771472 0.4867961
v 0.7006000 0.4979915 0.5026420
v 0.6932250 0.4973221 0.5035227
v 0.6915719 0.4772441 0.4882593
v 0.6565012 0.5000000 0.6134145
v 0.6551853 0.5252209 0.6124141
v 0.6603367 0.5261836 0.6177198
v 0.6617029 0.5000000 0.6187584
v 0.6551853 0.5252209 0.6124141
v 0.6512598 0.5500103 0.6094299
v 0.6562614 0.5519191 0.6146218
v 0.6603367 0.5261836 0.6177198
v 0.6512598 0.5500103 0.6094299
v 0.6447921 0.5739440 0.6045132
v 0.6495469 0.5767663 0.6095173
v 0.6562614 0.5519191 0.6146218
v 0.6447921 0.5739440 0.6045132
v 0.6358928 0.5966125 0.5977479
v 0.6403079 0.6003000 0.6024938
v 0.6495469 0.5767663 0.6095173
v 0.6358928 0.5966125 0.5977479
v 0.6247142 0.6176279 0.5892498
v 0.6287026 0.6221175 0.5936714
v 0.6403079 0.6003000 0.6024938
v 0.6247142 0.6176279 0.5892498
v 0.6114474 0.6366307 0.5791644
v 0.6149295 0.6418456 0.5832010
v 0.6287026 0.6221175 0.5936714
v 0.6114474 0.6366307 0.5791644
v 0.5963196 0.6532957 0.5676642
v 0.5992243 0.6591467 0.5712619
v 0.6149295 0.6418456 0.5832010
v 0.5963196 0.6532957 0.5676642
v 0.5795896 0.6673378 0.5549459
v 0.5818557 0.6737247 0.5580582
v 0.5992243 0.6591467 0.5712619
v 0.5795896 0.6673378 0.5549459
v 0.5615436 0.6785166 0.5412272
v 0.5631209 0.6853302 0.5438159
v 0.5818557 0.6737247 0.5580582
v 0.5615436 0.6785166 0.5412272
v 0.5424903 0.6866410 0.5267429
v 0.5433404 0.6937647 0.5287787
v 0.5631209 0.6853302 0.5438159
v 0.5424903 0.6866410 0.5267429
v 0.5227559 0.6915719 0.5117407
v 0.5228528 0.6988838 0.5132039
v 0.5433404 0.6937647 0.5287787
v 0.5227559 0.6915719 0.5117407
v 0.5026779 0.6932250 0.4964773
v 0.5020085 0.7006000 0.4973580
v 0.5228528 0.6988838 0.5132039
v 0.5026779 0.6932250 0.4964773
v 0.4826000 0.6915719 0.4812140
v 0.4811642 0.6988838 0.4815121
v 0.5020085 0.7006000 0.4973580
v 0.4826000 0.6915719 0.4812140
v 0.4628656 0.6866410 0.4662118
v 0.4606765 0.6937647 0.4659373
v 0.4811642 0.6988838 0.4815121
v 0.4628656 0.6866410 0.4662118
v 0.4438123 0.6785166 0.4517274
v 0.4408961 0.6853302 0.4509001
v 0.4606765 0.6937647 0.4659373
v 0.4438123 0.6785166 0.4517274
v 0.4257663 0.6673378 0.4380088
v 0.4221613 0.6737247 0.4366578
v 0.4408961 0.6853302 0.4509001
v 0.4257663 0.6673378 0.4380088
v 0.4090363 0.6532957 0.4252905
v 0.4047927 0.6591467 0.4234541
v 0.4221613 0.6737247 0.4366578
v 0.4090363 0.6532957 0.4252905
v 0.3939085 0.6366307 0.4137903
v 0.3890875 0.6418456 0.4115150
v 0.4047927 0.6591467 0.4234541
v 0.3939085 0.6366307 0.4137903
v 0.3806417 0.6176279 0.4037049
v 0.3753144 0.6221175 0.4010446
v 0.3890875 0.6418456 0.4115150
v 0.3806417 0.6176279 0.4037049
v 0.3694631 0.5966125 0.3952068
v 0.3637090 0.6003000 0.3922222
v 0.3753144 0.6221175 0.4010446
v 0.3694631 0.5966125 0.3952068
v 0.3605638 0.5739440 0.3884415
v 0.3544701 0.5767663 0.3851987
v 0.3637090 0.6003000 0.3922222
v 0.3605638 0.5739440 0.3884415
v 0.3540961 0.5500103 0.3835247
v 0.3477555 0.5519191 0.3800942
v 0.3544701 0.5767663 0.3851987
v 0.3540961 0.5500103 0.3835247
v 0.3501706 0.5252209 0.3805406
v 0.3436803 0.5261836 0.3769962
v 0.3477555 0.5519191 0.3800942
v 0.3501706 0.5252209 0.3805406
v 0.3488547 0.5000000 0.3795402
v 0.3423141 0.5000000 0.3759576
v 0.3436803 0.5261836 0.3769962
v 0.3488547 0.5000000 0.3795402
v 0.3501706 0.4747791 0.3805406
v 0.3436803 0.4738164 0.3769962
v 0.3423141 0.5000000 0.3759576
v 0.3501706 0.4747791 0.3805406
v 0.3540961 0.4499897 0.3835247
v 0.3477555 0.4480809 0.3800942
v 0.3436803 0.4738164 0.3769962
v 0.3540961 0.4499897 0.3835247
v 0.3605638 0.4260560 0.3884415
v 0.3544701 0.4232337 0.3851987
v 0.3477555 0.4480809 0.3800942
v 0.3605638 0.4260560 0.3884415
v 0.3694631 0.4033875 0.3952068
v 0.3637090 0.3997000 0.3922222
v 0.3544701 0.4232337 0.3851987
v 0.3694631 0.4033875 0.3952068
v 0.3806417 0.3823721 0.4037049
v 0.3753144 0.3778825 0.4010446
v 0.3637090 0.3997000 0.3922222
v 0.3806417 0.3823721 0.4037049
v 0.3939085 0.3633693 0.4137903
v 0.3890875 0.3581544 0.4115150
v 0.3753144 0.3778825 0.4010446
v 0.3939085 0.3633693 0.4137903
v 0.4090363 0.3467043 0.4252905
v 0.4047927 0.3408533 0.4234541
v 0.3890875 0.3581544 0.4115150
v 0.4090363 0.3467043 0.4252905
v 0.4257663 0.3326622 0.4380088
v 0.4221613 0.3262753 0.4366578
v 0.4047927 0.3408533 0.4234541
v 0.4257663 0.3326622 0.4380088
v 0.4438123 0.3214834 0.4517274
v 0.4408961 0.3146698 0.4509001
v 0.4221613 0.3262753 0.4366578
v 0.4438123 0.3214834 0.4517274
v 0.4628656 0.3133590 0.4662118
v 0.4606765 0.3062353 0.4659373
v 0.4408961 0.3146698 0.4509001
v 0.4628656 0.3133590 0.4662118
v 0.4826000 0.3084281 0.4812140
v 0.4811642 0.3011162 0.4815121
v 0.4606765 0.3062353 0.4659373
v 0.4826000 0.3084281 0.4812140
v 0.5026779 0.3067750 0.4964773
v 0.5020085 0.2994000 0.4973580
v 0.4811642 0.3011162 0.4815121
v 0.5026779 0.3067750 0.4964773
v 0.5227559 0.3084281 0.5117407
v 0.5228528 0.3011162 0.5132039
v 0.5020085 0.2994000 0.4973580
v 0.5227559 0.3084281 0.5117407
v 0.5424903 0.3133590 0.5267429
v 0.5433404 0.3062353 0.5287787
v 0.5228528 0.3011162 0.5132039
v 0.5424903 0.3133590 0.5267429
v 0.5615436 0.3214834 0.5412272
v 0.5631209 0.3146698 0.5438159
v 0.5433404 0.3062353 0.5287787
v 0.5615436 0.3214834 0.5412272
v 0.5795896 0.3326622 0.5549459
v 0.5818557 0.3262753 0.5580582
v 0.5631209 0.3146698 0.5438159
v 0.5795896 0.3326622 0.5549459
v 0.5963196 0.3467043 0.5676642
v 0.5992243 0.3408533 0.5712619
v 0.5818557 0.3262753 0.5580582
v 0.5963196 0.3467043 0.5676642
v 0.6114474 0.3633693 0.5791644
v 0.6149295 0.3581544 0.5832010
v 0.5992243 0.3408533 0.5712619
v 0.6114474 0.3633693 0.5791644
v 0.6247142 0.3823721 0.5892498
v 0.6287026 0.3778825 0.5936714
v 0.6149295 0.3581544 0.5832010
v 0.6247142 0.3823721 0.5892498
v 0.6358928 0.4033875 0.5977479
v 0.6403079 0.3997000 0.6024938
v 0.6287026 0.3778825 0.5936714
v 0.6358928 0.4033875 0.5977479
v 0.6447921 0.4260560 0.6045132
v 0.6495469 0.4232337 0.6095173
v 0.6403079 0.3997000 0.6024938
v 0.6447921 0.4260560 0.6045132
v 0.6512598 0.4499897 0.6094299
v 0.6562614 0.4480809 0.6146218
v 0.6495469 0.4232337 0.6095173
v 0.6512598 0.4499897 0.6094299
v 0.6551853 0.4747791 0.6124141
v 0.6603367 0.4738164 0.6177198
v 0.6562614 0.4480809 0.6146218
v 0.6551853 0.4747791 0.6124141
v 0.6565012 0.5000000 0.6134145
v 0.6617029 0.5000000 0.6187584
v 0.6603367 0.4738164 0.6177198
v 0.6617029 0.5000000 0.6187584
v 0.6603367 0.5261836 0.6177198
v 0.6563197 0.5261836 0.6230038
v 0.6576859 0.5000000 0.6240424
v 0.6603367 0.5261836 0.6177198
v 0.6562614 0.5519191 0.6146218
v 0.6522445 0.5519191 0.6199058
v 0.6563197 0.5261836 0.6230038
v 0.6562614 0.5519191 0.6146218
v 0.6495469 0.5767663 0.6095173
v 0.6455299 0.5767663 0.6148013
v 0.6522445 0.5519191 0.6199058
v 0.6495469 0.5767663 0.6095173
v 0.6403079 0.6003000 0.6024938
v 0.6362910 0.6003000 0.6077778
v 0.6455299 0.5767663 0.6148013
v 0.6403079 0.6003000 0.6024938
v 0.6287026 0.6221175 0.5936714
v 0.6246856 0.6221175 0.5989554
v 0.6362910 0.6003000 0.6077778
v 0.6287026 0.6221175 0.5936714
v 0.6149295 0.6418456 0.5832010
v 0.6109125 0.6418456 0.5884850
v 0.6246856 0.6221175 0.5989554
v 0.6149295 0.6418456 0.5832010
v 0.5992243 0.6591467 0.5712619
v 0.5952073 0.6591467 0.5765459
v 0.6109125 0.6418456 0.5884850
v 0.5992243 0.6591467 0.5712619
v 0.5818557 0.6737247 0.5580582
v 0.5778387 0.6737247 0.5633422
v 0.5952073 0.6591467 0.5765459
v 0.5818557 0.6737247 0.5580582
v 0.5631209 0.6853302 0.5438159
v 0.5591039 0.6853302 0.5490999
v 0.5778387 0.6737247 0.5633422
v 0.5631209 0.6853302 0.5438159
v 0.5433404 0.6937647 0.5287787
v 0.5393235 0.6937647 0.5340627
v 0.5591039 0.6853302 0.5490999
v 0.5433404 0.6937647 0.5287787
v 0.5228528 0.6988838 0.5132039
v 0.5188358 0.6988838 0.5184879
v 0.5393235 0.6937647 0.5340627
v 0.5228528 0.6988838 0.5132039
v 0.5020085 0.7006000 0.4973580
v 0.4979915 0.7006000 0.5026420
v 0.5188358 0.6988838 0.5184879
v 0.5020085 0.7006000 0.4973580
v 0.4811642 0.6988838 0.4815121
v 0.4771472 0.6988838 0.4867961
v 0.4979915 0.7006000 0.5026420
v 0.4811642 0.6988838 0.4815121
v 0.4606765 0.6937647 0.4659373
v 0.4566596 0.6937647 0.4712213
v 0.4771472 0.6988838 0.4867961
v 0.4606765 0.6937647 0.4659373
v 0.4408961 0.6853302 0.4509001
v 0.4368791 0.6853302 0.4561841
v 0.4566596 0.6937647 0.4712213
v 0.4408961 0.6853302 0.4509001
v 0.4221613 0.6737247 0.4366578
v 0.4181443 0.6737247 0.4419418
v 0.4368791 0.6853302 0.4561841
v 0.4221613 0.6737247 0.4366578
v 0.4047927 0.6591467 0.4234541
v 0.4007757 0.6591467 0.4287381
v 0.4181443 0.6737247 0.4419418
v 0.4047927 0.6591467 0.4234541
v 0.3890875 0.6418456 0.4115150
v 0.3850705 0.6418456 0.4167990
v 0.4007757 0.6591467 0.4287381
v 0.3890875 0.6418456 0.4115150
v 0.3753144 0.6221175 0.4010446
v 0.3712974 0.6221175 0.4063286
v 0.3850705 0.6418456 0.4167990
v 0.3753144 0.6221175 0.4010446
v 0.3637090 0.6003000 0.3922222
v 0.3596921 0.6003000 0.3975062
v 0.3712974 0.6221175 0.4063286
v 0.3637090 0.6003000 0.3922222
v 0.3544701 0.5767663 0.3851987
v 0.3504531 0.5767663 0.3904827
v 0.3596921 0.6003000 0.3975062
v 0.3544701 0.5767663 0.3851987
v 0.3477555 0.5519191 0.3800942
v 0.3437386 0.5519191 0.3853782
v 0.3504531 0.5767663 0.3904827
v 0.3477555 0.5519191 0.3800942
v 0.3436803 0.5261836 0.3769962
v 0.3396633 0.5261836 0.3822802
v 0.3437386 0.5519191 0.3853782
v 0.3436803 0.5261836 0.3769962
v 0.3423141 0.5000000 0.3759576
v 0.3382971 0.5000000 0.3812416
v 0.3396633 0.5261836 0.3822802
v 0.3423141 0.5000000 0.3759576
v 0.3436803 0.4738164 0.3769962
v 0.3396633 0.4738164 0.3822802
v 0.3382971 0.5000000 0.3812416
v 0.3436803 0.4738164 0.3769962
v 0.3477555 0.4480809 0.3800942
v 0.3437386 0.4480809 0.3853782
v 0.3396633 0.4738164 0.3822802
v 0.3477555 0.4480809 0.3800942
v 0.3544701 0.4232337 0.3851987
v 0.3504531 0.4232337 0.3904827
v 0.3437386 0.4480809 0.3853782
v 0.3544701 0.4232337 0.3851987
v 0.3637090 0.3997000 0.3922222
v 0.3596921 0.3997000 0.3975062
v 0.3504531 0.4232337 0.3904827
v 0.3637090 0.3997000 0.3922222
v 0.3753144 0.3778825 0.4010446
v 0.3712974 0.3778825 0.4063286
v 0.3596921 0.3997000 0.3975062
v 0.3753144 0.3778825 0.4010446
v 0.3890875 0.3581544 0.4115150
v 0.3850705 0.3581544 0.4167990
v 0.3712974 0.3778825 0.4063286
v 0.3890875 0.3581544 0.4115150
v 0.4047927 0.3408533 0.4234541
v 0.4007757 0.3408533 0.4287381
v 0.3850705 0.3581544 0.4167990
v 0.4047927 0.3408533 0.4234541
v 0.4221613 0.3262753 0.4366578
v 0.4181443 0.3262753 0.4419418
v 0.4007757 0.3408533 0.4287381
v 0.4221613 0.3262753 0.4366578
v 0.4408961 0.3146698 0.4509001
v 0.4368791 0.3146698 0.4561841
v 0.4181443 0.3262753 0.4419418
v 0.4408961 0.3146698 0.4509001
v 0.4606765 0.3062353 0.4659373
v 0.4566596 0.3062353 0.4712213
v 0.4368791 0.3146698 0.4561841
v 0.4606765 0.3062353 0.4659373
v 0.4811642 0.3011162 0.4815121
v 0.4771472 0.3011162 0.4867961
v 0.4566596 0.3062353 0.4712213
v 0.4811642 0.3011162 0.4815121
v 0.5020085 0.2994000 0.4973580
v 0.4979915 0.2994000 0.5026420
v 0.4771472 0.3011162 0.4867961
v 0.5020085 0.2994000 0.4973580
v 0.5228528 0.3011162 0.5132039
v 0.5188358 0.3011162 0.5184879
v 0.4979915 0.2994000 0.5026420
v 0.5228528 0.3011162 0.5132039
v 0.5433404 0.3062353 0.5287787
v 0.5393235 0.3062353 0.5340627
v 0.5188358 0.3011162 0.5184879
v 0.5433404 0.3062353 0.5287787
v 0.5631209 0.3146698 0.5438159
v 0.5591039 0.3146698 0.5490999
v 0.5393235 0.3062353 0.5340627
v 0.5631209 0.3146698 0.5438159
v 0.5818557 0.3262753 0.5580582
v 0.5778387 0.3262753 0.5633422
v 0.5591039 0.3146698 0.5490999
v 0.5818557 0.3262753 0.5580582
v 0.5992243 0.3408533 0.5712619
v 0.5952073 0.3408533 0.5765459
v 0.5778387 0.3262753 0.5633422
v 0.5992243 0.3408533 0.5712619
v 0.6149295 0.3581544 0.5832010
v 0.6109125 0.3581544 0.5884850
v 0.5952073 0.3408533 0.5765459
v 0.6149295 0.3581544 0.5832010
v 0.6287026 0.3778825 0.5936714
v 0.6246856 0.3778825 0.5989554
v 0.6109125 0.3581544 0.5884850
v 0.6287026 0.3778825 0.5936714
v 0.6403079 0.3997000 0.6024938
v 0.6362910 0.3997000 0.6077778
v 0.6246856 0.3778825 0.5989554
v 0.6403079 0.3997000 0.6024938
v 0.6495469 0.4232337 0.6095173
v 0.6455299 0.4232337 0.6148013
v 0.6362910 0.3997000 0.6077778
v 0.6495469 0.4232337 0.6095173
v 0.6562614 0.4480809 0.6146218
v 0.6522445 0.4480809 0.6199058
v 0.6455299 0.4232337 0.6148013
v 0.6562614 0.4480809 0.6146218
v 0.6603367 0.4738164 0.6177198
v 0.6563197 0.4738164 0.6230038
v 0.6522445 0.4480809 0.6199058
v 0.6603367 0.4738164 0.6177198
v 0.6617029 0.5000000 0.6187584
v 0.6576859 0.5000000 0.6240424
v 0.6563197 0.4738164 0.6230038
v 0.6576859 0.5000000 0.6240424
v 0.6563197 0.5261836 0.6230038
v 0.6498294 0.5252209 0.6194594
v 0.6511453 0.5000000 0.6204598
v 0.6563197 0.5261836 0.6230038
v 0.6522445 0.5519191 0.6199058
v 0.6459039 0.5500103 0.6164753
v 0.6498294 0.5252209 0.6194594
v 0.6522445 0.5519191 0.6199058
v 0.6455299 0.5767663 0.6148013
v 0.6394362 0.5739440 0.6115585
v 0.6459039 0.5500103 0.6164753
v 0.6455299 0.5767663 0.6148013
v 0.6362910 0.6003000 0.6077778
v 0.6305369 0.5966125 0.6047932
v 0.6394362 0.5739440 0.6115585
v 0.6362910 0.6003000 0.6077778
v 0.6246856 0.6221175 0.5989554
v 0.6193583 0.6176279 0.5962951
v 0.6305369 0.5966125 0.6047932
v 0.6246856 0.6221175 0.5989554
v 0.6109125 0.6418456 0.5884850
v 0.6060915 0.6366307 0.5862097
v 0.6193583 0.6176279 0.5962951
v 0.6109125 0.6418456 0.5884850
v 0.5952073 0.6591467 0.5765459
v 0.5909637 0.6532957 0.5747095
v 0.6060915 0.6366307 0.5862097
v 0.5952073 0.6591467 0.5765459
v 0.5778387 0.6737247 0.5633422
v 0.5742337 0.6673378 0.5619912
v 0.5909637 0.6532957 0.5747095
v 0.5778387 0.6737247 0.5633422
v 0.5591039 0.6853302 0.5490999
v 0.5561877 0.6785166 0.5482726
v 0.5742337 0.6673378 0.5619912
v 0.5591039 0.6853302 0.5490999
v 0.5393235 0.6937647 0.5340627
v 0.5371344 0.6866410 0.5337882
v 0.5561877 0.6785166 0.5482726
v 0.5393235 0.6937647 0.5340627
v 0.5188358 0.6988838 0.5184879
v 0.5174000 0.6915719 0.5187860
v 0.5371344 0.6866410 0.5337882
v 0.5188358 0.6988838 0.5184879
v 0.4979915 0.7006000 0.5026420
v 0.4973221 0.6932250 0.5035227
v 0.5174000 0.6915719 0.5187860
v 0.4979915 0.7006000 0.5026420
v 0.4771472 0.6988838 0.4867961
v 0.4772441 0.6915719 0.4882593
v 0.4973221 0.6932250 0.5035227
v 0.4771472 0.6988838 0.4867961
v 0.4566596 0.6937647 0.4712213
v 0.4575097 0.6866410 0.4732571
v 0.4772441 0.6915719 0.4882593
v 0.4566596 0.6937647 0.4712213
v 0.4368791 0.6853302 0.4561841
v 0.4384564 0.6785166 0.4587728
v 0.4575097 0.6866410 0.4732571
v 0.4368791 0.6853302 0.4561841
v 0.4181443 0.6737247 0.4419418
v 0.4204104 0.6673378 0.4450541
v 0.4384564 0.6785166 0.4587728
v 0.4181443 0.6737247 0.4419418
v 0.4007757 0.6591467 0.4287381
v 0.4036804 0.6532957 0.4323358
v 0.4204104 0.6673378 0.4450541
v 0.4007757 0.6591467 0.4287381
v 0.3850705 0.6418456 0.4167990
v 0.3885526 0.6366307 0.4208356
v 0.4036804 0.6532957 0.4323358
v 0.3850705 0.6418456 0.4167990
v 0.3712974 0.6221175 0.4063286
v 0.3752858 0.6176279 0.4107502
v 0.3885526 0.6366307 0.4208356
v 0.3712974 0.6221175 0.4063286
v 0.3596921 0.6003000 0.3975062
v 0.3641072 0.5966125 0.4022521
v 0.3752858 0.6176279 0.4107502
v 0.3596921 0.6003000 0.3975062
v 0.3504531 0.5767663 0.3904827
v 0.3552079 0.5739440 0.3954868
v 0.3641072 0.5966125 0.4022521
v 0.3504531 0.5767663 0.3904827
v 0.3437386 0.5519191 0.3853782
v 0.3487402 0.5500103 0.3905701
v 0.3552079 0.5739440 0.3954868
v 0.3437386 0.5519191 0.3853782
v 0.3396633 0.5261836 0.3822802
v 0.3448147 0.5252209 0.3875859
v 0.3487402 0.5500103 0.3905701
v 0.3396633 0.5261836 0.3822802
v 0.3382971 0.5000000 0.3812416
v 0.3434988 0.5000000 0.3865855
v 0.3448147 0.5252209 0.3875859
v 0.3382971 0.5000000 0.3812416
v 0.3396633 0.4738164 0.3822802
v 0.3448147 0.4747791 0.3875859
v 0.3434988 0.5000000 0.3865855
v 0.3396633 0.4738164 0.3822802
v 0.3437386 0.4480809 0.3853782
v 0.3487402 0.4499897 0.3905701
v 0.3448147 0.4747791 0.3875859
v 0.3437386 0.4480809 0.3853782
v 0.3504531 0.4232337 0.3904827
v 0.3552079 0.4260560 0.3954868
v 0.3487402 0.4499897 0.3905701
v 0.3504531 0.4232337 0.3904827
v 0.3596921 0.3997000 0.3975062
v 0.3641072 0.4033875 0.4022521
v 0.3552079 0.4260560 0.3954868
v 0.3596921 0.3997000 0.3975062
v 0.3712974 0.3778825 0.4063286
v 0.3752858 0.3823721 0.4107502
v 0.3641072 0.4033875 0.4022521
v 0.3712974 0.3778825 0.4063286
v 0.3850705 0.3581544 0.4167990
v 0.3885526 0.3633693 0.4208356
v 0.3752858 0.3823721 0.4107502
v 0.3850705 0.3581544 0.4167990
v 0.4007757 0.3408533 0.4287381
v 0.4036804 0.3467043 0.4323358
v 0.3885526 0.3633693 0.4208356
v 0.4007757 0.3408533 0.4287381
v 0.4181443 0.3262753 0.4419418
v 0.4204104 0.3326622 0.4450541
v 0.4036804 0.3467043 0.4323358
v 0.4181443 0.3262753 0.4419418
v 0.4368791 0.3146698 0.4561841
v 0.4384564 0.3214834 0.4587728
v 0.4204104 0.3326622 0.4450541
v 0.4368791 0.3146698 0.4561841
v 0.4566596 0.3062353 0.4712213
v 0.4575097 0.3133590 0.4732571
v 0.4384564 0.3214834 0.4587728
v 0.4566596 0.3062353 0.4712213
v 0.4771472 0.3011162 0.4867961
v 0.4772441 0.3084281 0.4882593
v 0.4575097 0.3133590 0.4732571
v 0.4771472 0.3011162 0.4867961
v 0.4979915 0.2994000 0.5026420
v 0.4973221 0.3067750 0.5035227
v 0.4772441 0.3084281 0.4882593
v 0.4979915 0.2994000 0.5026420
v 0.5188358 0.3011162 0.5184879
v 0.5174000 0.3084281 0.5187860
v 0.4973221 0.3067750 0.5035227
v 0.5188358 0.3011162 0.5184879
v 0.5393235 0.3062353 0.5340627
v 0.5371344 0.3133590 0.5337882
v 0.5174000 0.3084281 0.5187860
v 0.5393235 0.3062353 0.5340627
v 0.5591039 0.3146698 0.5490999
v 0.5561877 0.3214834 0.5482726
v 0.5371344 0.3133590 0.5337882
v 0.5591039 0.3146698 0.5490999
v 0.5778387 0.3262753 0.5633422
v 0.5742337 0.3326622 0.5619912
v 0.5561877 0.3214834 0.5482726
v 0.5778387 0.3262753 0.5633422
v 0.5952073 0.3408533 0.5765459
v 0.5909637 0.3467043 0.5747095
v 0.5742337 0.3326622 0.5619912
v 0.5952073 0.3408533 0.5765459
v 0.6109125 0.3581544 0.5884850
v 0.6060915 0.3633693 0.5862097
v 0.5909637 0.3467043 0.5747095
v 0.6109125 0.3581544 0.5884850
v 0.6246856 0.3778825 0.5989554
v 0.6193583 0.3823721 0.5962951
v 0.6060915 0.3633693 0.5862097
v 0.6246856 0.3778825 0.5989554
v 0.6362910 0.3997000 0.6077778
v 0.6305369 0.4033875 0.6047932
v 0.6193583 0.3823721 0.5962951
v 0.6362910 0.3997000 0.6077778
v 0.6455299 0.4232337 0.6148013
v 0.6394362 0.4260560 0.6115585
v 0.6305369 0.4033875 0.6047932
v 0.6455299 0.4232337 0.6148013
v 0.6522445 0.4480809 0.6199058
v 0.6459039 0.4499897 0.6164753
v 0.6394362 0.4260560 0.6115585
v 0.6522445 0.4480809 0.6199058
v 0.6563197 0.4738164 0.6230038
v 0.6498294 0.4747791 0.6194594
v 0.6459039 0.4499897 0.6164753
v 0.6563197 0.4738164 0.6230038
v 0.6576859 0.5000000 0.6240424
v 0.6511453 0.5000000 0.6204598
v 0.6498294 0.4747791 0.6194594
v 0.5442500 0.5000000 0.2381875
v 0.5427422 0.5114527 0.2381875
v 0.5619762 0.5166065 0.2492500
v 0.5641625 0.5000000 0.2492500
v 0.5427422 0.5114527 0.2381875
v 0.5383216 0.5221250 0.2381875
v 0.5555664 0.5320812 0.2492500
v 0.5619762 0.5166065 0.2492500
v 0.5383216 0.5221250 0.2381875
v 0.5312895 0.5312895 0.2381875
v 0.5453697 0.5453697 0.2492500
v 0.5555664 0.5320812 0.2492500
v 0.5312895 0.5312895 0.2381875
v 0.5221250 0.5383216 0.2381875
v 0.5320813 0.5555664 0.2492500
v 0.5453697 0.5453697 0.2492500
v 0.5221250 0.5383216 0.2381875
v 0.5114527 0.5427422 0.2381875
v 0.5166065 0.5619762 0.2492500
v 0.5320813 0.5555664 0.2492500
v 0.5114527 0.5427422 0.2381875
v 0.5000000 0.5442500 0.2381875
v 0.5000000 0.5641625 0.2492500
v 0.5166065 0.5619762 0.2492500
v 0.5000000 0.5442500 0.2381875
v 0.4885473 0.5427422 0.2381875
v 0.4833935 0.5619762 0.2492500
v 0.5000000 0.5641625 0.2492500
v 0.4885473 0.5427422 0.2381875
v 0.4778750 0.5383216 0.2381875
v 0.4679187 0.5555664 0.2492500
v 0.4833935 0.5619762 0.2492500
v 0.4778750 0.5383216 0.2381875
v 0.4687105 0.5312895 0.2381875
v 0.4546303 0.5453697 0.2492500
v 0.4679187 0.5555664 0.2492500
v 0.4687105 0.5312895 0.2381875
v 0.4616784 0.5221250 0.2381875
v 0.4444336 0.5320812 0.2492500
v 0.4546303 0.5453697 0.2492500
v 0.4616784 0.5221250 0.2381875
v 0.4572578 0.5114527 0.2381875
v 0.4380238 0.5166065 0.2492500
v 0.4444336 0.5320812 0.2492500
v 0.4572578 0.5114527 0.2381875
v 0.4557500 0.5000000 0.2381875
v 0.4358375 0.5000000 0.2492500
v 0.4380238 0.5166065 0.2492500
v 0.4557500 0.5000000 0.2381875
v 0.4572578 0.4885473 0.2381875
v 0.4380238 0.4833935 0.2492500
v 0.4358375 0.5000000 0.2492500
v 0.4572578 0.4885473 0.2381875
v 0.4616784 0.4778750 0.2381875
v 0.4444336 0.4679187 0.2492500
v 0.4380238 0.4833935 0.2492500
v 0.4616784 0.4778750 0.2381875
v 0.4687105 0.4687105 0.2381875
v 0.4546303 0.4546303 0.2492500
v 0.4444336 0.4679187 0.2492500
v 0.4687105 0.4687105 0.2381875
v 0.4778750 0.4616784 0.2381875
v 0.4679187 0.4444336 0.2492500
v 0.4546303 0.4546303 0.2492500
v 0.4778750 0.4616784 0.2381875
v 0.4885473 0.4572578 0.2381875
v 0.4833935 0.4380238 0.2492500
v 0.4679187 0.4444336 0.2492500
v 0.4885473 0.4572578 0.2381875
v 0.5000000 0.4557500 0.2381875
v 0.5000000 0.4358375 0.2492500
v 0.4833935 0.4380238 0.2492500
v 0.5000000 0.4557500 0.2381875
v 0.5114527 0.4572578 0.2381875
v 0.5166065 0.4380238 0.2492500
v 0.5000000 0.4358375 0.2492500
v 0.5114527 0.4572578 0.2381875
v 0.5221250 0.4616784 0.2381875
v 0.5320813 0.4444336 0.2492500
v 0.5166065 0.4380238 0.2492500
v 0.5221250 0.4616784 0.2381875
v 0.5312895 0.4687105 0.2381875
v 0.5453697 0.4546303 0.2492500
v 0.5320813 0.4444336 0.2492500
v 0.5312895 0.4687105 0.2381875
v 0.5383216 0.4778750 0.2381875
v 0.5555664 0.4679187 0.2492500
v 0.5453697 0.4546303 0.2492500
v 0.5383216 0.4778750 0.2381875
v 0.5427422 0.4885473 0.2381875
v 0.5619762 0.4833935 0.2492500
v 0.5555664 0.4679187 0.2492500
v 0.5427422 0.4885473 0.2381875
v 0.5442500 0.5000000 0.2381875
v 0.5641625 0.5000000 0.2492500
v 0.5619762 0.4833935 0.2492500
v 0.5641625 0.5000000 0.2492500
v 0.5619762 0.5166065 0.2492500
v 0.5690999 0.5185153 0.2684250
v 0.5715375 0.5000000 0.2684250
v 0.5619762 0.5166065 0.2492500
v 0.5555664 0.5320812 0.2492500
v 0.5619533 0.5357688 0.2684250
v 0.5690999 0.5185153 0.2684250
v 0.5555664 0.5320812 0.2492500
v 0.5453697 0.5453697 0.2492500
v 0.5505847 0.5505847 0.2684250
v 0.5619533 0.5357688 0.2684250
v 0.5453697 0.5453697 0.2492500
v 0.5320813 0.5555664 0.2492500
v 0.5357688 0.5619533 0.2684250
v 0.5505847 0.5505847 0.2684250
v 0.5320813 0.5555664 0.2492500
v 0.5166065 0.5619762 0.2492500
v 0.5185153 0.5690999 0.2684250
v 0.5357688 0.5619533 0.2684250
v 0.5166065 0.5619762 0.2492500
v 0.5000000 0.5641625 0.2492500
v 0.5000000 0.5715375 0.2684250
v 0.5185153 0.5690999 0.2684250
v 0.5000000 0.5641625 0.2492500
v 0.4833935 0.5619762 0.2492500
v 0.4814847 0.5690999 0.2684250
v 0.5000000 0.5715375 0.2684250
v 0.4833935 0.5619762 0.2492500
v 0.4679187 0.5555664 0.2492500
v 0.4642313 0.5619533 0.2684250
v 0.4814847 0.5690999 0.2684250
v 0.4679187 0.5555664 0.2492500
v 0.4546303 0.5453697 0.2492500
v 0.4494153 0.5505847 0.2684250
v 0.4642313 0.5619533 0.2684250
v 0.4546303 0.5453697 0.2492500
v 0.4444336 0.5320812 0.2492500
v 0.4380467 0.5357688 0.2684250
v 0.4494153 0.5505847 0.2684250
v 0.4444336 0.5320812 0.2492500
v 0.4380238 0.5166065 0.2492500
v 0.4309001 0.5185153 0.2684250
v 0.4380467 0.5357688 0.2684250
v 0.4380238 0.5166065 0.2492500
v 0.4358375 0.5000000 0.2492500
v 0.4284625 0.5000000 0.2684250
v 0.4309001 0.5185153 0.2684250
v 0.4358375 0.5000000 0.2492500
v 0.4380238 0.4833935 0.2492500
v 0.4309001 0.4814847 0.2684250
v 0.4284625 0.5000000 0.2684250
v 0.4380238 0.4833935 0.2492500
v 0.4444336 0.4679187 0.2492500
v 0.4380467 0.4642313 0.2684250
v 0.4309001 0.4814847 0.2684250
v 0.4444336 0.4679187 0.2492500
v 0.4546303 0.4546303 0.2492500
v 0.4494153 0.4494153 0.2684250
v 0.4380467 0.4642313 0.2684250
v 0.4546303 0.4546303 0.2492500
v 0.4679187 0.4444336 0.2492500
v 0.4642312 0.4380467 0.2684250
v 0.4494153 0.4494153 0.2684250
v 0.4679187 0.4444336 0.2492500
v 0.4833935 0.4380238 0.2492500
v 0.4814847 0.4309001 0.2684250
v 0.4642312 0.4380467 0.2684250
v 0.4833935 0.4380238 0.2492500
v 0.5000000 0.4358375 0.2492500
v 0.5000000 0.4284625 0.2684250
v 0.4814847 0.4309001 0.2684250
v 0.5000000 0.4358375 0.2492500
v 0.5166065 0.4380238 0.2492500
v 0.5185153 0.4309001 0.2684250
v 0.5000000 0.4284625 0.2684250
v 0.5166065 0.4380238 0.2492500
v 0.5320813 0.4444336 0.2492500
v 0.5357688 0.4380467 0.2684250
v 0.5185153 0.4309001 0.2684250
v 0.5320813 0.4444336 0.2492500
v 0.5453697 0.4546303 0.2492500
v 0.5505847 0.4494153 0.2684250
v 0.5357688 0.4380467 0.2684250
v 0.5453697 0.4546303 0.2492500
v 0.5555664 0.4679187 0.2492500
v 0.5619533 0.4642312 0.2684250
v 0.5505847 0.4494153 0.2684250
v 0.5555664 0.4679187 0.2492500
v 0.5619762 0.4833935 0.2492500
v 0.5690999 0.4814847 0.2684250
v 0.5619533 0.4642312 0.2684250
v 0.5619762 0.4833935 0.2492500
v 0.5641625 0.5000000 0.2492500
v 0.5715375 0.5000000 0.2684250
v 0.5690999 0.4814847 0.2684250
v 0.5715375 0.5000000 0.2684250
v 0.5690999 0.5185153 0.2684250
v 0.5512907 0.5137433 0.2772750
v 0.5531000 0.5000000 0.2772750
v 0.5690999 0.5185153 0.2684250
v 0.5619533 0.5357688 0.2684250
v 0.5459859 0.5265500 0.2772750
v 0.5512907 0.5137433 0.2772750
v 0.5619533 0.5357688 0.2684250
v 0.5505847 0.5505847 0.2684250
v 0.5375474 0.5375474 0.2772750
v 0.5459859 0.5265500 0.2772750
v 0.5505847 0.5505847 0.2684250
v 0.5357688 0.5619533 0.2684250
v 0.5265500 0.5459859 0.2772750
v 0.5375474 0.5375474 0.2772750
v 0.5357688 0.5619533 0.2684250
v 0.5185153 0.5690999 0.2684250
v 0.5137433 0.5512907 0.2772750
v 0.5265500 0.5459859 0.2772750
v 0.5185153 0.5690999 0.2684250
v 0.5000000 0.5715375 0.2684250
v 0.5000000 0.5531000 0.2772750
v 0.5137433 0.5512907 0.2772750
v 0.5000000 0.5715375 0.2684250
v 0.4814847 0.5690999 0.2684250
v 0.4862567 0.5512907 0.2772750
v 0.5000000 0.5531000 0.2772750
v 0.4814847 0.5690999 0.2684250
v 0.4642313 0.5619533 0.2684250
v 0.4734500 0.5459859 0.2772750
v 0.4862567 0.5512907 0.2772750
v 0.4642313 0.5619533 0.2684250
v 0.4494153 0.5505847 0.2684250
v 0.4624526 0.5375474 0.2772750
v 0.4734500 0.5459859 0.2772750
v 0.4494153 0.5505847 0.2684250
v 0.4380467 0.5357688 0.2684250
v 0.4540141 0.5265500 0.2772750
v 0.4624526 0.5375474 0.2772750
v 0.4380467 0.5357688 0.2684250
v 0.4309001 0.5185153 0.2684250
v 0.4487093 0.5137433 0.2772750
v 0.4540141 0.5265500 0.2772750
v 0.4309001 0.5185153 0.2684250
v 0.4284625 0.5000000 0.2684250
v 0.4469000 0.5000000 0.2772750
v 0.4487093 0.5137433 0.2772750
v 0.4284625 0.5000000 0.2684250
v 0.4309001 0.4814847 0.2684250
v 0.4487093 0.4862567 0.2772750
v 0.4469000 0.5000000 0.2772750
v 0.4309001 0.4814847 0.2684250
v 0.4380467 0.4642313 0.2684250
v 0.4540141 0.4734500 0.2772750
v 0.4487093 0.4862567 0.2772750
v 0.4380467 0.4642313 0.2684250
v 0.4494153 0.4494153 0.2684250
v 0.4624526 0.4624526 0.2772750
v 0.4540141 0.4734500 0.2772750
v 0.4494153 0.4494153 0.2684250
v 0.4642312 0.4380467 0.2684250
v 0.4734500 0.4540141 0.2772750
v 0.4624526 0.4624526 0.2772750
v 0.4642312 0.4380467 0.2684250
v 0.4814847 0.4309001 0.2684250
v 0.4862567 0.4487093 0.2772750
v 0.4734500 0.4540141 0.2772750
v 0.4814847 0.4309001 0.2684250
v 0.5000000 0.4284625 0.2684250
v 0.5000000 0.4469000 0.2772750
v 0.4862567 0.4487093 0.2772750
v 0.5000000 0.4284625 0.2684250
v 0.5185153 0.4309001 0.2684250
v 0.5137433 0.4487093 0.2772750
v 0.5000000 0.4469000 0.2772750
v 0.5185153 0.4309001 0.2684250
v 0.5357688 0.4380467 0.2684250
v 0.5265500 0.4540141 0.2772750
v 0.5137433 0.4487093 0.2772750
v 0.5357688 0.4380467 0.2684250
v 0.5505847 0.4494153 0.2684250
v 0.5375474 0.4624526 0.2772750
v 0.5265500 0.4540141 0.2772750
v 0.5505847 0.4494153 0.2684250
v 0.5619533 0.4642312 0.2684250
v 0.5459859 0.4734500 0.2772750
v 0.5375474 0.4624526 0.2772750
v 0.5619533 0.4642312 0.2684250
v 0.5690999 0.4814847 0.2684250
v 0.5512907 0.4862567 0.2772750
v 0.5459859 0.4734500 0.2772750
v 0.5690999 0.4814847 0.2684250
v 0.5715375 0.5000000 0.2684250
v 0.5531000 0.5000000 0.2772750
v 0.5512907 0.4862567 0.2772750
v 0.5000000 0.5000000 0.2363438
v 0.5306319 0.5082078 0.2367125
v 0.5317125 0.5000000 0.2367125
v 0.5000000 0.5000000 0.2363438
v 0.5274638 0.5158563 0.2367125
v 0.5306319 0.5082078 0.2367125
v 0.5000000 0.5000000 0.2363438
v 0.5224241 0.5224241 0.2367125
v 0.5274638 0.5158563 0.2367125
v 0.5000000 0.5000000 0.2363438
v 0.5158563 0.5274638 0.2367125
v 0.5224241 0.5224241 0.2367125
v 0.5000000 0.5000000 0.2363438
v 0.5082078 0.5306319 0.2367125
v 0.5158563 0.5274638 0.2367125
v 0.5000000 0.5000000 0.2363438
v 0.5000000 0.5317125 0.2367125
v 0.5082078 0.5306319 0.2367125
v 0.5000000 0.5000000 0.2363438
v 0.4917922 0.5306319 0.2367125
v 0.5000000 0.5317125 0.2367125
v 0.5000000 0.5000000 0.2363438
v 0.4841437 0.5274638 0.2367125
v 0.4917922 0.5306319 0.2367125
v 0.5000000 0.5000000 0.2363438
v 0.4775759 0.5224241 0.2367125
v 0.4841437 0.5274638 0.2367125
v 0.5000000 0.5000000 0.2363438
v 0.4725362 0.5158563 0.2367125
v 0.4775759 0.5224241 0.2367125
v 0.5000000 0.5000000 0.2363438
v 0.4693681 0.5082078 0.2367125
v 0.4725362 0.5158563 0.2367125
v 0.5000000 0.5000000 0.2363438
v 0.4682875 0.5000000 0.2367125
v 0.4693681 0.5082078 0.2367125
v 0.5000000 0.5000000 0.2363438
v 0.4693681 0.4917922 0.2367125
v 0.4682875 0.5000000 0.2367125
v 0.5000000 0.5000000 0.2363438
v 0.4725362 0.4841437 0.2367125
v 0.4693681 0.4917922 0.2367125
v 0.5000000 0.5000000 0.2363438
v 0.4775759 0.4775759 0.2367125
v 0.4725362 0.4841437 0.2367125
v 0.5000000 0.5000000 0.2363438
v 0.4841437 0.4725362 0.2367125
v 0.4775759 0.4775759 0.2367125
v 0.5000000 0.5000000 0.2363438
v 0.4917922 0.4693681 0.2367125
v 0.4841437 0.4725362 0.2367125
v 0.5000000 0.5000000 0.2363438
v 0.5000000 0.4682875 0.2367125
v 0.4917922 0.4693681 0.2367125
v 0.5000000 0.5000000 0.2363438
v 0.5082078 0.4693681 0.2367125
v 0.5000000 0.4682875 0.2367125
v 0.5000000 0.5000000 0.2363438
v 0.5158563 0.4725362 0.2367125
v 0.5082078 0.4693681 0.2367125
v 0.5000000 0.5000000 0.2363438
v 0.5224241 0.4775759 0.2367125
v 0.5158563 0.4725362 0.2367125
v 0.5000000 0.5000000 0.2363438
v 0.5274638 0.4841437 0.2367125
v 0.5224241 0.4775759 0.2367125
v 0.5000000 0.5000000 0.2363438
v 0.5306319 0.4917922 0.2367125
v 0.5274638 0.4841437 0.2367125
v 0.5000000 0.5000000 0.2363438
v 0.5317125 0.5000000 0.2367125
v 0.5306319 0.4917922 0.2367125
v 0.5317125 0.5000000 0.2367125
v 0.5306319 0.5082078 0.2367125
v 0.5434546 0.5116436 0.2381875
v 0.5449875 0.5000000 0.2381875
v 0.5306319 0.5082078 0.2367125
v 0.5274638 0.5158563 0.2367125
v 0.5389603 0.5224937 0.2381875
v 0.5434546 0.5116436 0.2381875
v 0.5274638 0.5158563 0.2367125
v 0.5224241 0.5224241 0.2367125
v 0.5318110 0.5318110 0.2381875
v 0.5389603 0.5224937 0.2381875
v 0.5224241 0.5224241 0.2367125
v 0.5158563 0.5274638 0.2367125
v 0.5224937 0.5389603 0.2381875
v 0.5318110 0.5318110 0.2381875
v 0.5158563 0.5274638 0.2367125
v 0.5082078 0.5306319 0.2367125
v 0.5116436 0.5434546 0.2381875
v 0.5224937 0.5389603 0.2381875
v 0.5082078 0.5306319 0.2367125
v 0.5000000 0.5317125 0.2367125
v 0.5000000 0.5449875 0.2381875
v 0.5116436 0.5434546 0.2381875
v 0.5000000 0.5317125 0.2367125
v 0.4917922 0.5306319 0.2367125
v 0.4883564 0.5434546 0.2381875
v 0.5000000 0.5449875 0.2381875
v 0.4917922 0.5306319 0.2367125
v 0.4841437 0.5274638 0.2367125
v 0.4775063 0.5389603 0.2381875
v 0.4883564 0.5434546 0.2381875
v 0.4841437 0.5274638 0.2367125
v 0.4775759 0.5224241 0.2367125
v 0.4681890 0.5318110 0.2381875
v 0.4775063 0.5389603 0.2381875
v 0.4775759 0.5224241 0.2367125
v 0.4725362 0.5158563 0.2367125
v 0.4610397 0.5224937 0.2381875
v 0.4681890 0.5318110 0.2381875
v 0.4725362 0.5158563 0.2367125
v 0.4693681 0.5082078 0.2367125
v 0.4565454 0.5116436 0.2381875
v 0.4610397 0.5224937 0.2381875
v 0.4693681 0.5082078 0.2367125
v 0.4682875 0.5000000 0.2367125
v 0.4550125 0.5000000 0.2381875
v 0.4565454 0.5116436 0.2381875
v 0.4682875 0.5000000 0.2367125
v 0.4693681 0.4917922 0.2367125
v 0.4565454 0.4883564 0.2381875
v 0.4550125 0.5000000 0.2381875
v 0.4693681 0.4917922 0.2367125
v 0.4725362 0.4841437 0.2367125
v 0.4610397 0.4775063 0.2381875
v 0.4565454 0.4883564 0.2381875
v 0.4725362 0.4841437 0.2367125
v 0.4775759 0.4775759 0.2367125
v 0.4681890 0.4681890 0.2381875
v 0.4610397 0.4775063 0.2381875
v 0.4775759 0.4775759 0.2367125
v 0.4841437 0.4725362 0.2367125
v 0.4775062 0.4610397 0.2381875
v 0.4681890 0.4681890 0.2381875
v 0.4841437 0.4725362 0.2367125
v 0.4917922 0.4693681 0.2367125
v 0.4883564 0.4565454 0.2381875
v 0.4775062 0.4610397 0.2381875
v 0.4917922 0.4693681 0.2367125
v 0.5000000 0.4682875 0.2367125
v 0.5000000 0.4550125 0.2381875
v 0.4883564 0.4565454 0.2381875
v 0.5000000 0.4682875 0.2367125
v 0.5082078 0.4693681 0.2367125
v 0.5116436 0.4565454 0.2381875
v 0.5000000 0.4550125 0.2381875
v 0.5082078 0.4693681 0.2367125
v 0.5158563 0.4725362 0.2367125
v 0.5224937 0.4610397 0.2381875
v 0.5116436 0.4565454 0.2381875
v 0.5158563 0.4725362 0.2367125
v 0.5224241 0.4775759 0.2367125
v 0.5318110 0.4681890 0.2381875
v 0.5224937 0.4610397 0.2381875
v 0.5224241 0.4775759 0.2367125
v 0.5274638 0.4841437 0.2367125
v 0.5389603 0.4775062 0.2381875
v 0.5318110 0.4681890 0.2381875
v 0.5274638 0.4841437 0.2367125
v 0.5306319 0.4917922 0.2367125
v 0.5434546 0.4883564 0.2381875
v 0.5389603 0.4775062 0.2381875
v 0.5306319 0.4917922 0.2367125
v 0.5317125 0.5000000 0.2367125
v 0.5449875 0.5000000 0.2381875
v 0.5434546 0.4883564 0.2381875
v 0.5442500 0.5000000 0.7618125
v 0.5427422 0.4885473 0.7618125
v 0.5619762 0.4833935 0.7507500
v 0.5641625 0.5000000 0.7507500
v 0.5427422 0.4885473 0.7618125
v 0.5383216 0.4778750 0.7618125
v 0.5555664 0.4679188 0.7507500
v 0.5619762 0.4833935 0.7507500
v 0.5383216 0.4778750 0.7618125
v 0.5312895 0.4687105 0.7618125
v 0.5453697 0.4546303 0.7507500
v 0.5555664 0.4679188 0.7507500
v 0.5312895 0.4687105 0.7618125
v 0.5221250 0.4616784 0.7618125
v 0.5320813 0.4444336 0.7507500
v 0.5453697 0.4546303 0.7507500
v 0.5221250 0.4616784 0.7618125
v 0.5114527 0.4572578 0.7618125
v 0.5166065 0.4380238 0.7507500
v 0.5320813 0.4444336 0.7507500
v 0.5114527 0.4572578 0.7618125
v 0.5000000 0.4557500 0.7618125
v 0.5000000 0.4358375 0.7507500
v 0.5166065 0.4380238 0.7507500
v 0.5000000 0.4557500 0.7618125
v 0.4885473 0.4572578 0.7618125
v 0.4833935 0.4380238 0.7507500
v 0.5000000 0.4358375 0.7507500
v 0.4885473 0.4572578 0.7618125
v 0.4778750 0.4616784 0.7618125
v 0.4679187 0.4444336 0.7507500
v 0.4833935 0.4380238 0.7507500
v 0.4778750 0.4616784 0.7618125
v 0.4687105 0.4687105 0.7618125
v 0.4546303 0.4546303 0.7507500
v 0.4679187 0.4444336 0.7507500
v 0.4687105 0.4687105 0.7618125
v 0.4616784 0.4778750 0.7618125
v 0.4444336 0.4679188 0.7507500
v 0.4546303 0.4546303 0.7507500
v 0.4616784 0.4778750 0.7618125
v 0.4572578 0.4885473 0.7618125
v 0.4380238 0.4833935 0.7507500
v 0.4444336 0.4679188 0.7507500
v 0.4572578 0.4885473 0.7618125
v 0.4557500 0.5000000 0.7618125
v 0.4358375 0.5000000 0.7507500
v 0.4380238 0.4833935 0.7507500
v 0.4557500 0.5000000 0.7618125
v 0.4572578 0.5114527 0.7618125
v 0.4380238 0.5166065 0.7507500
v 0.4358375 0.5000000 0.7507500
v 0.4572578 0.5114527 0.7618125
v 0.4616784 0.5221250 0.7618125
v 0.4444336 0.5320813 0.7507500
v 0.4380238 0.5166065 0.7507500
v 0.4616784 0.5221250 0.7618125
v 0.4687105 0.5312895 0.7618125
v 0.4546303 0.5453697 0.7507500
v 0.4444336 0.5320813 0.7507500
v 0.4687105 0.5312895 0.7618125
v 0.4778750 0.5383216 0.7618125
v 0.4679187 0.5555664 0.7507500
v 0.4546303 0.5453697 0.7507500
v 0.4778750 0.5383216 0.7618125
v 0.4885473 0.5427422 0.7618125
v 0.4833935 0.5619762 0.7507500
v 0.4679187 0.5555664 0.7507500
v 0.4885473 0.5427422 0.7618125
v 0.5000000 0.5442500 0.7618125
v 0.5000000 0.5641625 0.7507500
v 0.4833935 0.5619762 0.7507500
v 0.5000000 0.5442500 0.7618125
v 0.5114527 0.5427422 0.7618125
v 0.5166065 0.5619762 0.7507500
v 0.5000000 0.5641625 0.7507500
v 0.5114527 0.5427422 0.7618125
v 0.5221250 0.5383216 0.7618125
v 0.5320813 0.5555664 0.7507500
v 0.5166065 0.5619762 0.7507500
v 0.5221250 0.5383216 0.7618125
v 0.5312895 0.5312895 0.7618125
v 0.5453697 0.5453697 0.7507500
v 0.5320813 0.5555664 0.7507500
v 0.5312895 0.5312895 0.7618125
v 0.5383216 0.5221250 0.7618125
v 0.5555664 0.5320813 0.7507500
v 0.5453697 0.5453697 0.7507500
v 0.5383216 0.5221250 0.7618125
v 0.5427422 0.5114527 0.7618125
v 0.5619762 0.5166065 0.7507500
v 0.5555664 0.5320813 0.7507500
v 0.5427422 0.5114527 0.7618125
v 0.5442500 0.5000000 0.7618125
v 0.5641625 0.5000000 0.7507500
v 0.5619762 0.5166065 0.7507500
v 0.5641625 0.5000000 0.7507500
v 0.5619762 0.4833935 0.7507500
v 0.5690999 0.4814847 0.7315750
v 0.5715375 0.5000000 0.7315750
v 0.5619762 0.4833935 0.7507500
v 0.5555664 0.4679188 0.7507500
v 0.5619533 0.4642313 0.7315750
v 0.5690999 0.4814847 0.7315750
v 0.5555664 0.4679188 0.7507500
v 0.5453697 0.4546303 0.7507500
v 0.5505847 0.4494153 0.7315750
v 0.5619533 0.4642313 0.7315750
v 0.5453697 0.4546303 0.7507500
v 0.5320813 0.4444336 0.7507500
v 0.5357688 0.4380467 0.7315750
v 0.5505847 0.4494153 0.7315750
v 0.5320813 0.4444336 0.7507500
v 0.5166065 0.4380238 0.7507500
v 0.5185153 0.4309001 0.7315750
v 0.5357688 0.4380467 0.7315750
v 0.5166065 0.4380238 0.7507500
v 0.5000000 0.4358375 0.7507500
v 0.5000000 0.4284625 0.7315750
v 0.5185153 0.4309001 0.7315750
v 0.5000000 0.4358375 0.7507500
v 0.4833935 0.4380238 0.7507500
v 0.4814847 0.4309001 0.7315750
v 0.5000000 0.4284625 0.7315750
v 0.4833935 0.4380238 0.7507500
v 0.4679187 0.4444336 0.7507500
v 0.4642313 0.4380467 0.7315750
v 0.4814847 0.4309001 0.7315750
v 0.4679187 0.4444336 0.7507500
v 0.4546303 0.4546303 0.7507500
v 0.4494153 0.4494153 0.7315750
v 0.4642313 0.4380467 0.7315750
v 0.4546303 0.4546303 0.7507500
v 0.4444336 0.4679188 0.7507500
v 0.4380467 0.4642313 0.7315750
v 0.4494153 0.4494153 0.7315750
v 0.4444336 0.4679188 0.7507500
v 0.4380238 0.4833935 0.7507500
v 0.4309001 0.4814847 0.7315750
v 0.4380467 0.4642313 0.7315750
v 0.4380238 0.4833935 0.7507500
v 0.4358375 0.5000000 0.7507500
v 0.4284625 0.5000000 0.7315750
v 0.4309001 0.4814847 0.7315750
v 0.4358375 0.5000000 0.7507500
v 0.4380238 0.5166065 0.7507500
v 0.4309001 0.5185153 0.7315750
v 0.4284625 0.5000000 0.7315750
v 0.4380238 0.5166065 0.7507500
v 0.4444336 0.5320813 0.7507500
v 0.4380467 0.5357688 0.7315750
v 0.4309001 0.5185153 0.7315750
v 0.4444336 0.5320813 0.7507500
v 0.4546303 0.5453697 0.7507500
v 0.4494153 0.5505847 0.7315750
v 0.4380467 0.5357688 0.7315750
v 0.4546303 0.5453697 0.7507500
v 0.4679187 0.5555664 0.7507500
v 0.4642312 0.5619533 0.7315750
v 0.4494153 0.5505847 0.7315750
v 0.4679187 0.5555664 0.7507500
v 0.4833935 0.5619762 0.7507500
v 0.4814847 0.5690999 0.7315750
v 0.4642312 0.5619533 0.7315750
v 0.4833935 0.5619762 0.7507500
v 0.5000000 0.5641625 0.7507500
v 0.5000000 0.5715375 0.7315750
v 0.4814847 0.5690999 0.7315750
v 0.5000000 0.5641625 0.7507500
v 0.5166065 0.5619762 0.7507500
v 0.5185153 0.5690999 0.7315750
v 0.5000000 0.5715375 0.7315750
v 0.5166065 0.5619762 0.7507500
v 0.5320813 0.5555664 0.7507500
v 0.5357688 0.5619533 0.7315750
v 0.5185153 0.5690999 0.7315750
v 0.5320813 0.5555664 0.7507500
v 0.5453697 0.5453697 0.7507500
v 0.5505847 0.5505847 0.7315750
v 0.5357688 0.5619533 0.7315750
v 0.5453697 0.5453697 0.7507500
v 0.5555664 0.5320813 0.7507500
v 0.5619533 0.5357688 0.7315750
v 0.5505847 0.5505847 0.7315750
v 0.5555664 0.5320813 0.7507500
v 0.5619762 0.5166065 0.7507500
v 0.5690999 0.5185153 0.7315750
v 0.5619533 0.5357688 0.7315750
v 0.5619762 0.5166065 0.7507500
v 0.5641625 0.5000000 0.7507500
v 0.5715375 0.5000000 0.7315750
v 0.5690999 0.5185153 0.7315750
v 0.5715375 0.5000000 0.7315750
v 0.5690999 0.4814847 0.7315750
v 0.5512907 0.4862567 0.7227250
v 0.5531000 0.5000000 0.7227250
v 0.5690999 0.4814847 0.7315750
v 0.5619533 0.4642313 0.7315750
v 0.5459859 0.4734500 0.7227250
v 0.5512907 0.4862567 0.7227250
v 0.5619533 0.4642313 0.7315750
v 0.5505847 0.4494153 0.7315750
v 0.5375474 0.4624526 0.7227250
v 0.5459859 0.4734500 0.7227250
v 0.5505847 0.4494153 0.7315750
v 0.5357688 0.4380467 0.7315750
v 0.5265500 0.4540141 0.7227250
v 0.5375474 0.4624526 0.7227250
v 0.5357688 0.4380467 0.7315750
v 0.5185153 0.4309001 0.7315750
v 0.5137433 0.4487093 0.7227250
v 0.5265500 0.4540141 0.7227250
v 0.5185153 0.4309001 0.7315750
v 0.5000000 0.4284625 0.7315750
v 0.5000000 0.4469000 0.7227250
v 0.5137433 0.4487093 0.7227250
v 0.5000000 0.4284625 0.7315750
v 0.4814847 0.4309001 0.7315750
v 0.4862567 0.4487093 0.7227250
v 0.5000000 0.4469000 0.7227250
v 0.4814847 0.4309001 0.7315750
v 0.4642313 0.4380467 0.7315750
v 0.4734500 0.4540141 0.7227250
v 0.4862567 0.4487093 0.7227250
v 0.4642313 0.4380467 0.7315750
v 0.4494153 0.4494153 0.7315750
v 0.4624526 0.4624526 0.7227250
v 0.4734500 0.4540141 0.7227250
v 0.4494153 0.4494153 0.7315750
v 0.4380467 0.4642313 0.7315750
v 0.4540141 0.4734500 0.7227250
v 0.4624526 0.4624526 0.7227250
v 0.4380467 0.4642313 0.7315750
v 0.4309001 0.4814847 0.7315750
v 0.4487093 0.4862567 0.7227250
v 0.4540141 0.4734500 0.7227250
v 0.4309001 0.4814847 0.7315750
v 0.4284625 0.5000000 0.7315750
v 0.4469000 0.5000000 0.7227250
v 0.4487093 0.4862567 0.7227250
v 0.4284625 0.5000000 0.7315750
v 0.4309001 0.5185153 0.7315750
v 0.4487093 0.5137433 0.7227250
v 0.4469000 0.5000000 0.7227250
v 0.4309001 0.5185153 0.7315750
v 0.4380467 0.5357688 0.7315750
v 0.4540141 0.5265500 0.7227250
v 0.4487093 0.5137433 0.7227250
v 0.4380467 0.5357688 0.7315750
v 0.4494153 0.5505847 0.7315750
v 0.4624526 0.5375474 0.7227250
v 0.4540141 0.5265500 0.7227250
v 0.4494153 0.5505847 0.7315750
v 0.4642312 0.5619533 0.7315750
v 0.4734500 0.5459859 0.7227250
v 0.4624526 0.5375474 0.7227250
v 0.4642312 0.5619533 0.7315750
v 0.4814847 0.5690999 0.7315750
v 0.4862567 0.5512907 0.7227250
v 0.4734500 0.5459859 0.7227250
v 0.4814847 0.5690999 0.7315750
v 0.5000000 0.5715375 0.7315750
v 0.5000000 0.5531000 0.7227250
v 0.4862567 0.5512907 0.7227250
v 0.5000000 0.5715375 0.7315750
v 0.5185153 0.5690999 0.7315750
v 0.5137433 0.5512907 0.7227250
v 0.5000000 0.5531000 0.7227250
v 0.5185153 0.5690999 0.7315750
v 0.5357688 0.5619533 0.7315750
v 0.5265500 0.5459859 0.7227250
v 0.5137433 0.5512907 0.7227250
v 0.5357688 0.5619533 0.7315750
v 0.5505847 0.5505847 0.7315750
v 0.5375474 0.5375474 0.7227250
v 0.5265500 0.5459859 0.7227250
v 0.5505847 0.5505847 0.7315750
v 0.5619533 0.5357688 0.7315750
v 0.5459859 0.5265500 0.7227250
v 0.5375474 0.5375474 0.7227250
v 0.5619533 0.5357688 0.7315750
v 0.5690999 0.5185153 0.7315750
v 0.5512907 0.5137433 0.7227250
v 0.5459859 0.5265500 0.7227250
v 0.5690999 0.5185153 0.7315750
v 0.5715375 0.5000000 0.7315750
v 0.5531000 0.5000000 0.7227250
v 0.5512907 0.5137433 0.7227250
v 0.5000000 0.5000000 0.7636562
v 0.5306319 0.4917922 0.7632875
v 0.5317125 0.5000000 0.7632875
v 0.5000000 0.5000000 0.7636562
v 0.5274638 0.4841438 0.7632875
v 0.5306319 0.4917922 0.7632875
v 0.5000000 0.5000000 0.7636562
v 0.5224241 0.4775759 0.7632875
v 0.5274638 0.4841438 0.7632875
v 0.5000000 0.5000000 0.7636562
v 0.5158563 0.4725362 0.7632875
v 0.5224241 0.4775759 0.7632875
v 0.5000000 0.5000000 0.7636562
v 0.5082078 0.4693681 0.7632875
v 0.5158563 0.4725362 0.7632875
v 0.5000000 0.5000000 0.7636562
v 0.5000000 0.4682875 0.7632875
v 0.5082078 0.4693681 0.7632875
v 0.5000000 0.5000000 0.7636562
v 0.4917922 0.4693681 0.7632875
v 0.5000000 0.4682875 0.7632875
v 0.5000000 0.5000000 0.7636562
v 0.4841437 0.4725362 0.7632875
v 0.4917922 0.4693681 0.7632875
v 0.5000000 0.5000000 0.7636562
v 0.4775759 0.4775759 0.7632875
v 0.4841437 0.4725362 0.7632875
v 0.5000000 0.5000000 0.7636562
v 0.4725362 0.4841438 0.7632875
v 0.4775759 0.4775759 0.7632875
v 0.5000000 0.5000000 0.7636562
v 0.4693681 0.4917922 0.7632875
v 0.4725362 0.4841438 0.7632875
v 0.5000000 0.5000000 0.7636562
v 0.4682875 0.5000000 0.7632875
v 0.4693681 0.4917922 0.7632875
v 0.5000000 0.5000000 0.7636562
v 0.4693681 0.5082078 0.7632875
v 0.4682875 0.5000000 0.7632875
v 0.5000000 0.5000000 0.7636562
v 0.4725362 0.5158563 0.7632875
v 0.4693681 0.5082078 0.7632875
v 0.5000000 0.5000000 0.7636562
v 0.4775759 0.5224241 0.7632875
v 0.4725362 0.5158563 0.7632875
v 0.5000000 0.5000000 0.7636562
v 0.4841437 0.5274638 0.7632875
v 0.4775759 0.5224241 0.7632875
v 0.5000000 0.5000000 0.7636562
v 0.4917922 0.5306319 0.7632875
v 0.4841437 0.5274638 0.7632875
v 0.5000000 0.5000000 0.7636562
v 0.5000000 0.5317125 0.7632875
v 0.4917922 0.5306319 0.7632875
v 0.5000000 0.5000000 0.7636562
v 0.5082078 0.5306319 0.7632875
v 0.5000000 0.5317125 0.7632875
v 0.5000000 0.5000000 0.7636562
v 0.5158563 0.5274638 0.7632875
v 0.5082078 0.5306319 0.7632875
v 0.5000000 0.5000000 0.7636562
v 0.5224241 0.5224241 0.7632875
v 0.5158563 0.5274638 0.7632875
v 0.5000000 0.5000000 0.7636562
v 0.5274638 0.5158563 0.7632875
v 0.5224241 0.5224241 0.7632875
v 0.5000000 0.5000000 0.7636562
v 0.5306319 0.5082078 0.7632875
v 0.5274638 0.5158563 0.7632875
v 0.5000000 0.5000000 0.7636562
v 0.5317125 0.5000000 0.7632875
v 0.5306319 0.5082078 0.7632875
v 0.5317125 0.5000000 0.7632875
v 0.5306319 0.4917922 0.7632875
v 0.5434546 0.4883564 0.7618125
v 0.5449875 0.5000000 0.7618125
v 0.5306319 0.4917922 0.7632875
v 0.5274638 0.4841438 0.7632875
v 0.5389603 0.4775063 0.7618125
v 0.5434546 0.4883564 0.7618125
v 0.5274638 0.4841438 0.7632875
v 0.5224241 0.4775759 0.7632875
v 0.5318110 0.4681890 0.7618125
v 0.5389603 0.4775063 0.7618125
v 0.5224241 0.4775759 0.7632875
v 0.5158563 0.4725362 0.7632875
v 0.5224937 0.4610397 0.7618125
v 0.5318110 0.4681890 0.7618125
v 0.5158563 0.4725362 0.7632875
v 0.5082078 0.4693681 0.7632875
v 0.5116436 0.4565454 0.7618125
v 0.5224937 0.4610397 0.7618125
v 0.5082078 0.4693681 0.7632875
v 0.5000000 0.4682875 0.7632875
v 0.5000000 0.4550125 0.7618125
v 0.5116436 0.4565454 0.7618125
v 0.5000000 0.4682875 0.7632875
v 0.4917922 0.4693681 0.7632875
v 0.4883564 0.4565454 0.7618125
v 0.5000000 0.4550125 0.7618125
v 0.4917922 0.4693681 0.7632875
v 0.4841437 0.4725362 0.7632875
v 0.4775063 0.4610397 0.7618125
v 0.4883564 0.4565454 0.7618125
v 0.4841437 0.4725362 0.7632875
v 0.4775759 0.4775759 0.7632875
v 0.4681890 0.4681890 0.7618125
v 0.4775063 0.4610397 0.7618125
v 0.4775759 0.4775759 0.7632875
v 0.4725362 0.4841438 0.7632875
v 0.4610397 0.4775063 0.7618125
v 0.4681890 0.4681890 0.7618125
v 0.4725362 0.4841438 0.7632875
v 0.4693681 0.4917922 0.7632875
v 0.4565454 0.4883564 0.7618125
v 0.4610397 0.4775063 0.7618125
v 0.4693681 0.4917922 0.7632875
v 0.4682875 0.5000000 0.7632875
v 0.4550125 0.5000000 0.7618125
v 0.4565454 0.4883564 0.7618125
v 0.4682875 0.5000000 0.7632875
v 0.4693681 0.5082078 0.7632875
v 0.4565454 0.5116436 0.7618125
v 0.4550125 0.5000000 0.7618125
v 0.4693681 0.5082078 0.7632875
v 0.4725362 0.5158563 0.7632875
v 0.4610397 0.5224937 0.7618125
v 0.4565454 0.5116436 0.7618125
v 0.4725362 0.5158563 0.7632875
v 0.4775759 0.5224241 0.7632875
v 0.4681890 0.5318110 0.7618125
v 0.4610397 0.5224937 0.7618125
v 0.4775759 0.5224241 0.7632875
v 0.4841437 0.5274638 0.7632875
v 0.4775062 0.5389603 0.7618125
v 0.4681890 0.5318110 0.7618125
v 0.4841437 0.5274638 0.7632875
v 0.4917922 0.5306319 0.7632875
v 0.4883564 0.5434546 0.7618125
v 0.4775062 0.5389603 0.7618125
v 0.4917922 0.5306319 0.7632875
v 0.5000000 0.5317125 0.7632875
v 0.5000000 0.5449875 0.7618125
v 0.4883564 0.5434546 0.7618125
v 0.5000000 0.5317125 0.7632875
v 0.5082078 0.5306319 0.7632875
v 0.5116436 0.5434546 0.7618125
v 0.5000000 0.5449875 0.7618125
v 0.5082078 0.5306319 0.7632875
v 0.5158563 0.5274638 0.7632875
v 0.5224937 0.5389603 0.7618125
v 0.5116436 0.5434546 0.7618125
v 0.5158563 0.5274638 0.7632875
v 0.5224241 0.5224241 0.7632875
v 0.5318110 0.5318110 0.7618125
v 0.5224937 0.5389603 0.7618125
v 0.5224241 0.5224241 0.7632875
v 0.5274638 0.5158563 0.7632875
v 0.5389603 0.5224938 0.7618125
v 0.5318110 0.5318110 0.7618125
v 0.5274638 0.5158563 0.7632875
v 0.5306319 0.5082078 0.7632875
v 0.5434546 0.5116436 0.7618125
v 0.5389603 0.5224938 0.7618125
v 0.5306319 0.5082078 0.7632875
v 0.5317125 0.5000000 0.7632875
v 0.5449875 0.5000000 0.7618125
v 0.5434546 0.5116436 0.7618125
v 0.6239517 0.4948841 0.2145691
v 0.6775571 0.4891660 0.2409104
v 0.6768524 0.4808392 0.2409104
v 0.6238696 0.4931803 0.2145691
v 0.6240103 0.4965889 0.2145691
v 0.6778700 0.4975166 0.2409104
v 0.6775571 0.4891660 0.2409104
v 0.6239517 0.4948841 0.2145691
v 0.6240455 0.4982943 0.2145691
v 0.6777904 0.5058727 0.2409104
v 0.6778700 0.4975166 0.2409104
v 0.6240103 0.4965889 0.2145691
v 0.6240572 0.5000000 0.2145691
v 0.6773184 0.5142158 0.2409104
v 0.6777904 0.5058727 0.2409104
v 0.6240455 0.4982943 0.2145691
v 0.6240455 0.5017057 0.2145691
v 0.6764552 0.5225276 0.2409104
v 0.6773184 0.5142158 0.2409104
v 0.6240572 0.5000000 0.2145691
v 0.6240103 0.5034111 0.2145691
v 0.6752025 0.5307896 0.2409104
v 0.6764552 0.5225276 0.2409104
v 0.6240455 0.5017057 0.2145691
v 0.6239517 0.5051159 0.2145691
v 0.6735632 0.5389837 0.2409104
v 0.6752025 0.5307896 0.2409104
v 0.6240103 0.5034111 0.2145691
v 0.6238696 0.5068197 0.2145691
v 0.6715409 0.5470918 0.2409104
v 0.6735632 0.5389837 0.2409104
v 0.6239517 0.5051159 0.2145691
v 0.6775571 0.4891660 0.2409104
v 0.7256639 0.4874326 0.2775452
v 0.7243783 0.4728614 0.2775452
v 0.6768524 0.4808392 0.2409104
v 0.6778700 0.4975166 0.2409104
v 0.7260042 0.5020565 0.2775452
v 0.7256639 0.4874326 0.2775452
v 0.6775571 0.4891660 0.2409104
v 0.6777904 0.5058727 0.2409104
v 0.7253978 0.5166718 0.2775452
v 0.7260042 0.5020565 0.2775452
v 0.6778700 0.4975166 0.2409104
v 0.6773184 0.5142158 0.2409104
v 0.7238473 0.5312172 0.2775452
v 0.7253978 0.5166718 0.2775452
v 0.6777904 0.5058727 0.2409104
v 0.6764552 0.5225276 0.2409104
v 0.7213591 0.5456319 0.2775452
v 0.7238473 0.5312172 0.2775452
v 0.6773184 0.5142158 0.2409104
v 0.6752025 0.5307896 0.2409104
v 0.7179437 0.5598555 0.2775452
v 0.7213591 0.5456319 0.2775452
v 0.6764552 0.5225276 0.2409104
v 0.6735632 0.5389837 0.2409104
v 0.7136153 0.5738283 0.2775452
v 0.7179437 0.5598555 0.2775452
v 0.6752025 0.5307896 0.2409104
v 0.6715409 0.5470918 0.2409104
v 0.7083922 0.5874918 0.2775452
v 0.7136153 0.5738283 0.2775452
v 0.6735632 0.5389837 0.2409104
v 0.7256639 0.4874326 0.2775452
v 0.7655817 0.4806203 0.3233222
v 0.7632795 0.4600865 0.3233222
v 0.7243783 0.4728614 0.2775452
v 0.7260042 0.5020565 0.2775452
v 0.7662848 0.5012708 0.3233222
v 0.7655817 0.4806203 0.3233222
v 0.7256639 0.4874326 0.2775452
v 0.7253978 0.5166718 0.2775452
v 0.7653846 0.5219136 0.3233222
v 0.7662848 0.5012708 0.3233222
v 0.7260042 0.5020565 0.2775452
v 0.7238473 0.5312172 0.2775452
v 0.7628866 0.5424245 0.3233222
v 0.7653846 0.5219136 0.3233222
v 0.7253978 0.5166718 0.2775452
v 0.7213591 0.5456319 0.2775452
v 0.7588058 0.5626799 0.3233222
v 0.7628866 0.5424245 0.3233222
v 0.7238473 0.5312172 0.2775452
v 0.7179437 0.5598555 0.2775452
v 0.7531667 0.5825580 0.3233222
v 0.7588058 0.5626799 0.3233222
v 0.7213591 0.5456319 0.2775452
v 0.7136153 0.5738283 0.2775452
v 0.7460033 0.6019390 0.3233222
v 0.7531667 0.5825580 0.3233222
v 0.7179437 0.5598555 0.2775452
v 0.7083922 0.5874918 0.2775452
v 0.7373588 0.6207062 0.3233222
v 0.7460033 0.6019390 0.3233222
v 0.7136153 0.5738283 0.2775452
v 0.7655817 0.4806203 0.3233222
v 0.7946198 0.4640971 0.3765639
v 0.7904099 0.4387468 0.3765639
v 0.7632795 0.4600865 0.3233222
v 0.7662848 0.5012708 0.3233222
v 0.7966211 0.4897166 0.3765639
v 0.7946198 0.4640971 0.3765639
v 0.7655817 0.4806203 0.3233222
v 0.7653846 0.5219136 0.3233222
v 0.7963989 0.5154132 0.3765639
v 0.7966211 0.4897166 0.3765639
v 0.7662848 0.5012708 0.3233222
v 0.7628866 0.5424245 0.3233222
v 0.7939546 0.5409942 0.3765639
v 0.7963989 0.5154132 0.3765639
v 0.7653846 0.5219136 0.3233222
v 0.7588058 0.5626799 0.3233222
v 0.7893068 0.5662680 0.3765639
v 0.7939546 0.5409942 0.3765639
v 0.7628866 0.5424245 0.3233222
v 0.7531667 0.5825580 0.3233222
v 0.7824901 0.5910449 0.3765639
v 0.7893068 0.5662680 0.3765639
v 0.7588058 0.5626799 0.3233222
v 0.7460033 0.6019390 0.3233222
v 0.7735558 0.6151394 0.3765639
v 0.7824901 0.5910449 0.3765639
v 0.7531667 0.5825580 0.3233222
v 0.7373588 0.6207062 0.3233222
v 0.7625708 0.6383706 0.3765639
v 0.7735558 0.6151394 0.3765639
v 0.7460033 0.6019390 0.3233222
v 0.7946198 0.4640971 0.3765639
v 0.8099882 0.4384836 0.4351261
v 0.8030286 0.4102750 0.4351261
v 0.7904099 0.4387468 0.3765639
v 0.7966211 0.4897166 0.3765639
v 0.8143277 0.4672123 0.4351261
v 0.8099882 0.4384836 0.4351261
v 0.7946198 0.4640971 0.3765639
v 0.7963989 0.5154132 0.3765639
v 0.8160105 0.4962180 0.4351261
v 0.8143277 0.4672123 0.4351261
v 0.7966211 0.4897166 0.3765639
v 0.7939546 0.5409942 0.3765639
v 0.8150224 0.5252557 0.4351261
v 0.8160105 0.4962180 0.4351261
v 0.7963989 0.5154132 0.3765639
v 0.7893068 0.5662680 0.3765639
v 0.8113716 0.5540799 0.4351261
v 0.8150224 0.5252557 0.4351261
v 0.7939546 0.5409942 0.3765639
v 0.7824901 0.5910449 0.3765639
v 0.8050892 0.5824471 0.4351261
v 0.8113716 0.5540799 0.4351261
v 0.7893068 0.5662680 0.3765639
v 0.7735558 0.6151394 0.3765639
v 0.7962281 0.6101174 0.4351261
v 0.8050892 0.5824471 0.4351261
v 0.7824901 0.5910449 0.3765639
v 0.7625708 0.6383706 0.3765639
v 0.7848633 0.6368570 0.4351261
v 0.7962281 0.6101174 0.4351261
v 0.7735558 0.6151394 0.3765639
v 0.8099882 0.4384836 0.4351261
v 0.8103150 0.4103475 0.4965126
v 0.8005597 0.3816917 0.4965126
v 0.8030286 0.4102750 0.4351261
v 0.8143277 0.4672123 0.4351261
v 0.8173449 0.4397906 0.4965126
v 0.8103150 0.4103475 0.4965126
v 0.8099882 0.4384836 0.4351261
v 0.8160105 0.4962180 0.4351261
v 0.8215878 0.4697625 0.4965126
v 0.8173449 0.4397906 0.4965126
v 0.8143277 0.4672123 0.4351261
v 0.8150224 0.5252557 0.4351261
v 0.8230062 0.5000000 0.4965126
v 0.8215878 0.4697625 0.4965126
v 0.8160105 0.4962180 0.4351261
v 0.8113716 0.5540799 0.4351261
v 0.8215878 0.5302375 0.4965126
v 0.8230062 0.5000000 0.4965126
v 0.8150224 0.5252557 0.4351261
v 0.8050892 0.5824471 0.4351261
v 0.8173449 0.5602094 0.4965126
v 0.8215878 0.5302375 0.4965126
v 0.8113716 0.5540799 0.4351261
v 0.7962281 0.6101174 0.4351261
v 0.8103150 0.5896525 0.4965126
v 0.8173449 0.5602094 0.4965126
v 0.8050892 0.5824471 0.4351261
v 0.7848633 0.6368570 0.4351261
v 0.8005597 0.6183083 0.4965126
v 0.8103150 0.5896525 0.4965126
v 0.7962281 0.6101174 0.4351261
v 0.8103150 0.4103475 0.4965126
v 0.7974720 0.3894202 0.5580353
v 0.7860594 0.3625684 0.5580353
v 0.8005597 0.3816917 0.4965126
v 0.8173449 0.4397906 0.4965126
v 0.8063703 0.4172067 0.5580353
v 0.7974720 0.3894202 0.5580353
v 0.8103150 0.4103475 0.4965126
v 0.8215878 0.4697625 0.4965126
v 0.8126791 0.4456930 0.5580353
v 0.8063703 0.4172067 0.5580353
v 0.8173449 0.4397906 0.4965126
v 0.8230062 0.5000000 0.4965126
v 0.8163451 0.4746383 0.5580353
v 0.8126791 0.4456930 0.5580353
v 0.8215878 0.4697625 0.4965126
v 0.8215878 0.5302375 0.4965126
v 0.8173374 0.5037979 0.5580353
v 0.8163451 0.4746383 0.5580353
v 0.8230062 0.5000000 0.4965126
v 0.8173449 0.5602094 0.4965126
v 0.8156475 0.5329254 0.5580353
v 0.8173374 0.5037979 0.5580353
v 0.8215878 0.5302375 0.4965126
v 0.8103150 0.5896525 0.4965126
v 0.8112898 0.5617747 0.5580353
v 0.8156475 0.5329254 0.5580353
v 0.8173449 0.5602094 0.4965126
v 0.8005597 0.6183083 0.4965126
v 0.8043010 0.5901018 0.5580353
v 0.8112898 0.5617747 0.5580353
v 0.8103150 0.5896525 0.4965126
v 0.7974720 0.3894202 0.5580353
v 0.7759484 0.3838536 0.6169991
v 0.7648673 0.3604191 0.6169991
v 0.7860594 0.3625684 0.5580353
v 0.8063703 0.4172067 0.5580353
v 0.7849609 0.4081588 0.6169991
v 0.7759484 0.3838536 0.6169991
v 0.7974720 0.3894202 0.5580353
v 0.8126791 0.4456930 0.5580353
v 0.7918372 0.4331524 0.6169991
v 0.7849609 0.4081588 0.6169991
v 0.8063703 0.4172067 0.5580353
v 0.8163451 0.4746383 0.5580353
v 0.7965257 0.4586472 0.6169991
v 0.7918372 0.4331524 0.6169991
v 0.8126791 0.4456930 0.5580353
v 0.8173374 0.5037979 0.5580353
v 0.7989913 0.4844520 0.6169991
v 0.7965257 0.4586472 0.6169991
v 0.8163451 0.4746383 0.5580353
v 0.8156475 0.5329254 0.5580353
v 0.7992155 0.5103733 0.6169991
v 0.7989913 0.4844520 0.6169991
v 0.8173374 0.5037979 0.5580353
v 0.8112898 0.5617747 0.5580353
v 0.7971967 0.5362169 0.6169991
v 0.7992155 0.5103733 0.6169991
v 0.8156475 0.5329254 0.5580353
v 0.8043010 0.5901018 0.5580353
v 0.7929499 0.5617890 0.6169991
v 0.7971967 0.5362169 0.6169991
v 0.8112898 0.5617747 0.5580353
v 0.7759484 0.3838536 0.6169991
v 0.7494701 0.3966245 0.6708872
v 0.7407037 0.3775928 0.6708872
v 0.7648673 0.3604191 0.6169991
v 0.7849609 0.4081588 0.6169991
v 0.7567344 0.4162786 0.6708872
v 0.7494701 0.3966245 0.6708872
v 0.7759484 0.3838536 0.6169991
v 0.7918372 0.4331524 0.6169991
v 0.7624529 0.4364368 0.6708872
v 0.7567344 0.4162786 0.6708872
v 0.7849609 0.4081588 0.6169991
v 0.7965257 0.4586472 0.6169991
v 0.7665912 0.4569777 0.6708872
v 0.7624529 0.4364368 0.6708872
v 0.7918372 0.4331524 0.6169991
v 0.7989913 0.4844520 0.6169991
v 0.7691245 0.4777776 0.6708872
v 0.7665912 0.4569777 0.6708872
v 0.7965257 0.4586472 0.6169991
v 0.7992155 0.5103733 0.6169991
v 0.7700373 0.4987113 0.6708872
v 0.7691245 0.4777776 0.6708872
v 0.7989913 0.4844520 0.6169991
v 0.7971967 0.5362169 0.6169991
v 0.7693243 0.5196528 0.6708872
v 0.7700373 0.4987113 0.6708872
v 0.7992155 0.5103733 0.6169991
v 0.7929499 0.5617890 0.6169991
v 0.7669897 0.5404759 0.6708872
v 0.7693243 0.5196528 0.6708872
v 0.7971967 0.5362169 0.6169991
v 0.7494701 0.3966245 0.6708872
v 0.7181051 0.4246200 0.7175231
v 0.7127722 0.4106693 0.7175231
v 0.7407037 0.3775928 0.6708872
v 0.7567344 0.4162786 0.6708872
v 0.7225244 0.4388865 0.7175231
v 0.7181051 0.4246200 0.7175231
v 0.7494701 0.3966245 0.6708872
v 0.7624529 0.4364368 0.6708872
v 0.7260116 0.4534090 0.7175231
v 0.7225244 0.4388865 0.7175231
v 0.7567344 0.4162786 0.6708872
v 0.7665912 0.4569777 0.6708872
v 0.7285521 0.4681266 0.7175231
v 0.7260116 0.4534090 0.7175231
v 0.7624529 0.4364368 0.6708872
v 0.7691245 0.4777776 0.6708872
v 0.7301352 0.4829778 0.7175231
v 0.7285521 0.4681266 0.7175231
v 0.7665912 0.4569777 0.6708872
v 0.7700373 0.4987113 0.6708872
v 0.7307543 0.4979003 0.7175231
v 0.7301352 0.4829778 0.7175231
v 0.7691245 0.4777776 0.6708872
v 0.7693243 0.5196528 0.6708872
v 0.7304069 0.5128315 0.7175231
v 0.7307543 0.4979003 0.7175231
v 0.7700373 0.4987113 0.6708872
v 0.7669897 0.5404759 0.6708872
v 0.7290943 0.5277090 0.7175231
v 0.7304069 0.5128315 0.7175231
v 0.7693243 0.5196528 0.6708872
v 0.7181051 0.4246200 0.7175231
v 0.6789808 0.4597994 0.7551884
v 0.6768953 0.4514383 0.7551884
v 0.7127722 0.4106693 0.7175231
v 0.7225244 0.4388865 0.7175231
v 0.6806712 0.4682493 0.7551884
v 0.6789808 0.4597994 0.7551884
v 0.7181051 0.4246200 0.7175231
v 0.7260116 0.4534090 0.7175231
v 0.6819630 0.4767692 0.7551884
v 0.6806712 0.4682493 0.7551884
v 0.7225244 0.4388865 0.7175231
v 0.7285521 0.4681266 0.7175231
v 0.6828532 0.4853405 0.7551884
v 0.6819630 0.4767692 0.7551884
v 0.7260116 0.4534090 0.7175231
v 0.7301352 0.4829778 0.7175231
v 0.6833399 0.4939440 0.7551884
v 0.6828532 0.4853405 0.7551884
v 0.7285521 0.4681266 0.7175231
v 0.7307543 0.4979003 0.7175231
v 0.6834220 0.5025609 0.7551884
v 0.6833399 0.4939440 0.7551884
v 0.7301352 0.4829778 0.7175231
v 0.7304069 0.5128315 0.7175231
v 0.6830994 0.5111722 0.7551884
v 0.6834220 0.5025609 0.7551884
v 0.7307543 0.4979003 0.7175231
v 0.7290943 0.5277090 0.7175231
v 0.6823727 0.5197588 0.7551884
v 0.6830994 0.5111722 0.7551884
v 0.7304069 0.5128315 0.7175231
v 0.6789808 0.4597994 0.7551884
v 0.6300803 0.4946311 0.7826859
v 0.6299941 0.4928431 0.7826859
v 0.6768953 0.4514383 0.7551884
v 0.6806712 0.4682493 0.7551884
v 0.6301418 0.4964202 0.7826859
v 0.6300803 0.4946311 0.7826859
v 0.6789808 0.4597994 0.7551884
v 0.6819630 0.4767692 0.7551884
v 0.6301787 0.4982099 0.7826859
v 0.6301418 0.4964202 0.7826859
v 0.6806712 0.4682493 0.7551884
v 0.6828532 0.4853405 0.7551884
v 0.6301910 0.5000000 0.7826859
v 0.6301787 0.4982099 0.7826859
v 0.6819630 0.4767692 0.7551884
v 0.6833399 0.4939440 0.7551884
v 0.6301787 0.5017901 0.7826859
v 0.6301910 0.5000000 0.7826859
v 0.6828532 0.4853405 0.7551884
v 0.6834220 0.5025609 0.7551884
v 0.6301418 0.5035798 0.7826859
v 0.6301787 0.5017901 0.7826859
v 0.6833399 0.4939440 0.7551884
v 0.6830994 0.5111722 0.7551884
v 0.6300803 0.5053689 0.7826859
v 0.6301418 0.5035798 0.7826859
v 0.6834220 0.5025609 0.7551884
v 0.6823727 0.5197588 0.7551884
v 0.6299941 0.5071569 0.7826859
v 0.6300803 0.5053689 0.7826859
v 0.6830994 0.5111722 0.7551884
v 0.6188796 0.4934550 0.2260675
v 0.6697973 0.4816036 0.2512462
v 0.6704739 0.4895982 0.2512462
v 0.6189583 0.4950902 0.2260675
v 0.6189583 0.4950902 0.2260675
v 0.6704739 0.4895982 0.2512462
v 0.6707743 0.4976156 0.2512462
v 0.6190146 0.4967263 0.2260675
v 0.6190146 0.4967263 0.2260675
v 0.6707743 0.4976156 0.2512462
v 0.6706978 0.5056384 0.2512462
v 0.6190484 0.4983630 0.2260675
v 0.6190484 0.4983630 0.2260675
v 0.6706978 0.5056384 0.2512462
v 0.6702447 0.5136487 0.2512462
v 0.6190596 0.5000000 0.2260675
v 0.6190596 0.5000000 0.2260675
v 0.6702447 0.5136487 0.2512462
v 0.6694159 0.5216289 0.2512462
v 0.6190484 0.5016370 0.2260675
v 0.6190484 0.5016370 0.2260675
v 0.6694159 0.5216289 0.2512462
v 0.6682132 0.5295614 0.2512462
v 0.6190146 0.5032737 0.2260675
v 0.6190146 0.5032737 0.2260675
v 0.6682132 0.5295614 0.2512462
v 0.6666393 0.5374286 0.2512462
v 0.6189583 0.5049098 0.2260675
v 0.6189583 0.5049098 0.2260675
v 0.6666393 0.5374286 0.2512462
v 0.6646976 0.5452132 0.2512462
v 0.6188796 0.5065450 0.2260675
v 0.6697973 0.4816036 0.2512462
v 0.7155075 0.4739343 0.2863399
v 0.7167423 0.4879295 0.2863399
v 0.6704739 0.4895982 0.2512462
v 0.6704739 0.4895982 0.2512462
v 0.7167423 0.4879295 0.2863399
v 0.7170691 0.5019752 0.2863399
v 0.6707743 0.4976156 0.2512462
v 0.6707743 0.4976156 0.2512462
v 0.7170691 0.5019752 0.2863399
v 0.7164867 0.5160127 0.2863399
v 0.6706978 0.5056384 0.2512462
v 0.6706978 0.5056384 0.2512462
v 0.7164867 0.5160127 0.2863399
v 0.7149975 0.5299831 0.2863399
v 0.6702447 0.5136487 0.2512462
v 0.6702447 0.5136487 0.2512462
v 0.7149975 0.5299831 0.2863399
v 0.7126077 0.5438279 0.2863399
v 0.6694159 0.5216289 0.2512462
v 0.6694159 0.5216289 0.2512462
v 0.7126077 0.5438279 0.2863399
v 0.7093273 0.5574891 0.2863399
v 0.6682132 0.5295614 0.2512462
v 0.6682132 0.5295614 0.2512462
v 0.7093273 0.5574891 0.2863399
v 0.7051701 0.5709095 0.2863399
v 0.6666393 0.5374286 0.2512462
v 0.6666393 0.5374286 0.2512462
v 0.7051701 0.5709095 0.2863399
v 0.7001534 0.5840328 0.2863399
v 0.6646976 0.5452132 0.2512462
v 0.7155075 0.4739343 0.2863399
v 0.7529504 0.4616524 0.3302537
v 0.7551622 0.4813806 0.3302537
v 0.7167423 0.4879295 0.2863399
v 0.7167423 0.4879295 0.2863399
v 0.7551622 0.4813806 0.3302537
v 0.7558377 0.5012209 0.3302537
v 0.7170691 0.5019752 0.2863399
v 0.7170691 0.5019752 0.2863399
v 0.7558377 0.5012209 0.3302537
v 0.7549729 0.5210539 0.3302537
v 0.7164867 0.5160127 0.2863399
v 0.7164867 0.5160127 0.2863399
v 0.7549729 0.5210539 0.3302537
v 0.7525729 0.5407601 0.3302537
v 0.7149975 0.5299831 0.2863399
v 0.7149975 0.5299831 0.2863399
v 0.7525729 0.5407601 0.3302537
v 0.7486522 0.5602209 0.3302537
v 0.7126077 0.5438279 0.2863399
v 0.7126077 0.5438279 0.2863399
v 0.7486522 0.5602209 0.3302537
v 0.7432343 0.5793190 0.3302537
v 0.7093273 0.5574891 0.2863399
v 0.7093273 0.5574891 0.2863399
v 0.7432343 0.5793190 0.3302537
v 0.7363520 0.5979397 0.3302537
v 0.7051701 0.5709095 0.2863399
v 0.7051701 0.5709095 0.2863399
v 0.7363520 0.5979397 0.3302537
v 0.7280466 0.6159706 0.3302537
v 0.7001534 0.5840328 0.2863399
v 0.7529504 0.4616524 0.3302537
v 0.7790828 0.4411359 0.3813784
v 0.7831286 0.4654975 0.3813784
v 0.7551622 0.4813806 0.3302537
v 0.7551622 0.4813806 0.3302537
v 0.7831286 0.4654975 0.3813784
v 0.7850518 0.4901177 0.3813784
v 0.7558377 0.5012209 0.3302537
v 0.7558377 0.5012209 0.3302537
v 0.7850518 0.4901177 0.3813784
v 0.7848382 0.5148120 0.3813784
v 0.7549729 0.5210539 0.3302537
v 0.7549729 0.5210539 0.3302537
v 0.7848382 0.5148120 0.3813784
v 0.7824893 0.5393953 0.3813784
v 0.7525729 0.5407601 0.3302537
v 0.7525729 0.5407601 0.3302537
v 0.7824893 0.5393953 0.3813784
v 0.7780227 0.5636833 0.3813784
v 0.7486522 0.5602209 0.3302537
v 0.7486522 0.5602209 0.3302537
v 0.7780227 0.5636833 0.3813784
v 0.7714720 0.5874938 0.3813784
v 0.7432343 0.5793190 0.3302537
v 0.7432343 0.5793190 0.3302537
v 0.7714720 0.5874938 0.3813784
v 0.7628861 0.6106485 0.3813784
v 0.7363520 0.5979397 0.3302537
v 0.7363520 0.5979397 0.3302537
v 0.7628861 0.6106485 0.3813784
v 0.7523296 0.6329737 0.3813784
v 0.7280466 0.6159706 0.3302537
v 0.7790828 0.4411359 0.3813784
v 0.7912526 0.4137618 0.4376472
v 0.7979417 0.4408742 0.4376472
v 0.7831286 0.4654975 0.3813784
v 0.7831286 0.4654975 0.3813784
v 0.7979417 0.4408742 0.4376472
v 0.8021126 0.4684864 0.4376472
v 0.7850518 0.4901177 0.3813784
v 0.7850518 0.4901177 0.3813784
v 0.8021126 0.4684864 0.4376472
v 0.8037300 0.4963650 0.4376472
v 0.7848382 0.5148120 0.3813784
v 0.7848382 0.5148120 0.3813784
v 0.8037300 0.4963650 0.4376472
v 0.8027802 0.5242742 0.4376472
v 0.7824893 0.5393953 0.3813784
v 0.7824893 0.5393953 0.3813784
v 0.8027802 0.5242742 0.4376472
v 0.7992714 0.5519783 0.4376472
v 0.7780227 0.5636833 0.3813784
v 0.7780227 0.5636833 0.3813784
v 0.7992714 0.5519783 0.4376472
v 0.7932331 0.5792431 0.4376472
v 0.7714720 0.5874938 0.3813784
v 0.7714720 0.5874938 0.3813784
v 0.7932331 0.5792431 0.4376472
v 0.7847163 0.6058381 0.4376472
v 0.7628861 0.6106485 0.3813784
v 0.7628861 0.6106485 0.3813784
v 0.7847163 0.6058381 0.4376472
v 0.7737932 0.6315385 0.4376472
v 0.7523296 0.6329737 0.3813784
v 0.7912526 0.4137618 0.4376472
v 0.7888941 0.3862836 0.4966479
v 0.7982708 0.4138271 0.4966479
v 0.7979417 0.4408742 0.4376472
v 0.7979417 0.4408742 0.4376472
v 0.7982708 0.4138271 0.4966479
v 0.8050279 0.4421275 0.4966479
v 0.8021126 0.4684864 0.4376472
v 0.8021126 0.4684864 0.4376472
v 0.8050279 0.4421275 0.4966479
v 0.8091060 0.4709361 0.4966479
v 0.8037300 0.4963650 0.4376472
v 0.8037300 0.4963650 0.4376472
v 0.8091060 0.4709361 0.4966479
v 0.8104694 0.5000000 0.4966479
v 0.8027802 0.5242742 0.4376472
v 0.8027802 0.5242742 0.4376472
v 0.8104694 0.5000000 0.4966479
v 0.8091060 0.5290639 0.4966479
v 0.7992714 0.5519783 0.4376472
v 0.7992714 0.5519783 0.4376472
v 0.8091060 0.5290639 0.4966479
v 0.8050279 0.5578725 0.4966479
v 0.7932331 0.5792431 0.4376472
v 0.7932331 0.5792431 0.4376472
v 0.8050279 0.5578725 0.4966479
v 0.7982708 0.5861729 0.4966479
v 0.7847163 0.6058381 0.4376472
v 0.7847163 0.6058381 0.4376472
v 0.7982708 0.5861729 0.4966479
v 0.7888941 0.6137164 0.4966479
v 0.7737932 0.6315385 0.4376472
v 0.7888941 0.3862836 0.4966479
v 0.7749428 0.3679091 0.5557800
v 0.7859119 0.3937175 0.5557800
v 0.7982708 0.4138271 0.4966479
v 0.7982708 0.4138271 0.4966479
v 0.7859119 0.3937175 0.5557800
v 0.7944644 0.4204242 0.5557800
v 0.8050279 0.4421275 0.4966479
v 0.8050279 0.4421275 0.4966479
v 0.7944644 0.4204242 0.5557800
v 0.8005280 0.4478034 0.5557800
v 0.8091060 0.4709361 0.4966479
v 0.8091060 0.4709361 0.4966479
v 0.8005280 0.4478034 0.5557800
v 0.8040516 0.4756238 0.5557800
v 0.8104694 0.5000000 0.4966479
v 0.8104694 0.5000000 0.4966479
v 0.8040516 0.4756238 0.5557800
v 0.8050053 0.5036503 0.5557800
v 0.8091060 0.5290639 0.4966479
v 0.8091060 0.5290639 0.4966479
v 0.8050053 0.5036503 0.5557800
v 0.8033811 0.5316459 0.5557800
v 0.8050279 0.5578725 0.4966479
v 0.8050279 0.5578725 0.4966479
v 0.8033811 0.5316459 0.5557800
v 0.7991927 0.5593740 0.5557800
v 0.7982708 0.5861729 0.4966479
v 0.7982708 0.5861729 0.4966479
v 0.7991927 0.5593740 0.5557800
v 0.7924756 0.5866003 0.5557800
v 0.7888941 0.6137164 0.4966479
v 0.7749428 0.3679091 0.5557800
v 0.7545365 0.3658633 0.6124357
v 0.7651854 0.3883837 0.6124357
v 0.7859119 0.3937175 0.5557800
v 0.7859119 0.3937175 0.5557800
v 0.7651854 0.3883837 0.6124357
v 0.7738464 0.4117409 0.6124357
v 0.7944644 0.4204242 0.5557800
v 0.7944644 0.4204242 0.5557800
v 0.7738464 0.4117409 0.6124357
v 0.7804544 0.4357597 0.6124357
v 0.8005280 0.4478034 0.5557800
v 0.8005280 0.4478034 0.5557800
v 0.7804544 0.4357597 0.6124357
v 0.7849601 0.4602601 0.6124357
v 0.8040516 0.4756238 0.5557800
v 0.8040516 0.4756238 0.5557800
v 0.7849601 0.4602601 0.6124357
v 0.7873295 0.4850584 0.6124357
v 0.8050053 0.5036503 0.5557800
v 0.8050053 0.5036503 0.5557800
v 0.7873295 0.4850584 0.6124357
v 0.7875450 0.5099687 0.6124357
v 0.8033811 0.5316459 0.5557800
v 0.8033811 0.5316459 0.5557800
v 0.7875450 0.5099687 0.6124357
v 0.7856049 0.5348043 0.6124357
v 0.7991927 0.5593740 0.5557800
v 0.7991927 0.5593740 0.5557800
v 0.7856049 0.5348043 0.6124357
v 0.7815238 0.5593790 0.6124357
v 0.7924756 0.5866003 0.5557800
v 0.7545365 0.3658633 0.6124357
v 0.7312603 0.3823951 0.6641829
v 0.7396827 0.4006801 0.6641829
v 0.7651854 0.3883837 0.6124357
v 0.7651854 0.3883837 0.6124357
v 0.7396827 0.4006801 0.6641829
v 0.7466620 0.4195632 0.6641829
v 0.7738464 0.4117409 0.6124357
v 0.7738464 0.4117409 0.6124357
v 0.7466620 0.4195632 0.6641829
v 0.7521562 0.4389305 0.6641829
v 0.7804544 0.4357597 0.6124357
v 0.7804544 0.4357597 0.6124357
v 0.7521562 0.4389305 0.6641829
v 0.7561322 0.4586655 0.6641829
v 0.7849601 0.4602601 0.6124357
v 0.7849601 0.4602601 0.6124357
v 0.7561322 0.4586655 0.6641829
v 0.7585660 0.4786494 0.6641829
v 0.7873295 0.4850584 0.6124357
v 0.7873295 0.4850584 0.6124357
v 0.7585660 0.4786494 0.6641829
v 0.7594431 0.4987619 0.6641829
v 0.7875450 0.5099687 0.6124357
v 0.7875450 0.5099687 0.6124357
v 0.7594431 0.4987619 0.6641829
v 0.7587580 0.5188818 0.6641829
v 0.7856049 0.5348043 0.6124357
v 0.7856049 0.5348043 0.6124357
v 0.7587580 0.5188818 0.6641829
v 0.7565150 0.5388880 0.6641829
v 0.7815238 0.5593790 0.6124357
v 0.7312603 0.3823951 0.6641829
v 0.7043602 0.4142010 0.7089233
v 0.7094823 0.4276002 0.7089233
v 0.7396827 0.4006801 0.6641829
v 0.7396827 0.4006801 0.6641829
v 0.7094823 0.4276002 0.7089233
v 0.7137269 0.4413026 0.7089233
v 0.7466620 0.4195632 0.6641829
v 0.7466620 0.4195632 0.6641829
v 0.7137269 0.4413026 0.7089233
v 0.7170763 0.4552510 0.7089233
v 0.7521562 0.4389305 0.6641829
v 0.7521562 0.4389305 0.6641829
v 0.7170763 0.4552510 0.7089233
v 0.7195163 0.4693868 0.7089233
v 0.7561322 0.4586655 0.6641829
v 0.7561322 0.4586655 0.6641829
v 0.7195163 0.4693868 0.7089233
v 0.7210368 0.4836508 0.7089233
v 0.7585660 0.4786494 0.6641829
v 0.7585660 0.4786494 0.6641829
v 0.7210368 0.4836508 0.7089233
v 0.7216315 0.4979833 0.7089233
v 0.7594431 0.4987619 0.6641829
v 0.7594431 0.4987619 0.6641829
v 0.7216315 0.4979833 0.7089233
v 0.7212978 0.5123242 0.7089233
v 0.7587580 0.5188818 0.6641829
v 0.7587580 0.5188818 0.6641829
v 0.7212978 0.5123242 0.7089233
v 0.7200370 0.5266135 0.7089233
v 0.7565150 0.5388880 0.6641829
v 0.7043602 0.4142010 0.7089233
v 0.6698385 0.4533755 0.7450082
v 0.6718407 0.4614031 0.7450082
v 0.7094823 0.4276002 0.7089233
v 0.7094823 0.4276002 0.7089233
v 0.6718407 0.4614031 0.7450082
v 0.6734637 0.4695159 0.7450082
v 0.7137269 0.4413026 0.7089233
v 0.7137269 0.4413026 0.7089233
v 0.6734637 0.4695159 0.7450082
v 0.6747040 0.4776960 0.7450082
v 0.7170763 0.4552510 0.7089233
v 0.7170763 0.4552510 0.7089233
v 0.6747040 0.4776960 0.7450082
v 0.6755587 0.4859253 0.7450082
v 0.7195163 0.4693868 0.7089233
v 0.7195163 0.4693868 0.7089233
v 0.6755587 0.4859253 0.7450082
v 0.6760260 0.4941856 0.7450082
v 0.7210368 0.4836508 0.7089233
v 0.7210368 0.4836508 0.7089233
v 0.6760260 0.4941856 0.7450082
v 0.6761048 0.5024588 0.7450082
v 0.7216315 0.4979833 0.7089233
v 0.7216315 0.4979833 0.7089233
v 0.6761048 0.5024588 0.7450082
v 0.6757950 0.5107265 0.7450082
v 0.7212978 0.5123242 0.7089233
v 0.7212978 0.5123242 0.7089233
v 0.6757950 0.5107265 0.7450082
v 0.6750973 0.5189706 0.7450082
v 0.7200370 0.5266135 0.7089233
v 0.6698385 0.4533755 0.7450082
v 0.6247574 0.4931314 0.7712981
v 0.6248401 0.4948474 0.7712981
v 0.6718407 0.4614031 0.7450082
v 0.6718407 0.4614031 0.7450082
v 0.6248401 0.4948474 0.7712981
v 0.6248991 0.4965644 0.7712981
v 0.6734637 0.4695159 0.7450082
v 0.6734637 0.4695159 0.7450082
v 0.6248991 0.4965644 0.7712981
v 0.6249345 0.4982820 0.7712981
v 0.6747040 0.4776960 0.7450082
v 0.6747040 0.4776960 0.7450082
v 0.6249345 0.4982820 0.7712981
v 0.6249463 0.5000000 0.7712981
v 0.6755587 0.4859253 0.7450082
v 0.6755587 0.4859253 0.7450082
v 0.6249463 0.5000000 0.7712981
v 0.6249345 0.5017180 0.7712981
v 0.6760260 0.4941856 0.7450082
v 0.6760260 0.4941856 0.7450082
v 0.6249345 0.5017180 0.7712981
v 0.6248991 0.5034356 0.7712981
v 0.6761048 0.5024588 0.7450082
v 0.6761048 0.5024588 0.7450082
v 0.6248991 0.5034356 0.7712981
v 0.6248401 0.5051526 0.7712981
v 0.6757950 0.5107265 0.7450082
v 0.6757950 0.5107265 0.7450082
v 0.6248401 0.5051526 0.7712981
v 0.6247574 0.5068686 0.7712981
v 0.6750973 0.5189706 0.7450082
v 0.6188796 0.4934550 0.2260675
v 0.6189583 0.4950902 0.2260675
v 0.6239517 0.4948841 0.2145691
v 0.6238696 0.4931803 0.2145691
v 0.6189583 0.4950902 0.2260675
v 0.6190146 0.4967263 0.2260675
v 0.6240103 0.4965889 0.2145691
v 0.6239517 0.4948841 0.2145691
v 0.6190146 0.4967263 0.2260675
v 0.6190484 0.4983630 0.2260675
v 0.6240455 0.4982943 0.2145691
v 0.6240103 0.4965889 0.2145691
v 0.6190484 0.4983630 0.2260675
v 0.6190596 0.5000000 0.2260675
v 0.6240572 0.5000000 0.2145691
v 0.6240455 0.4982943 0.2145691
v 0.6190596 0.5000000 0.2260675
v 0.6190484 0.5016370 0.2260675
v 0.6240455 0.5017057 0.2145691
v 0.6240572 0.5000000 0.2145691
v 0.6190484 0.5016370 0.2260675
v 0.6190146 0.5032737 0.2260675
v 0.6240103 0.5034111 0.2145691
v 0.6240455 0.5017057 0.2145691
v 0.6190146 0.5032737 0.2260675
v 0.6189583 0.5049098 0.2260675
v 0.6239517 0.5051159 0.2145691
v 0.6240103 0.5034111 0.2145691
v 0.6189583 0.5049098 0.2260675
v 0.6188796 0.5065450 0.2260675
v 0.6238696 0.5068197 0.2145691
v 0.6239517 0.5051159 0.2145691
v 0.6188796 0.5065450 0.2260675
v 0.6646976 0.5452132 0.2512462
v 0.6715409 0.5470918 0.2409104
v 0.6238696 0.5068197 0.2145691
v 0.6646976 0.5452132 0.2512462
v 0.7001534 0.5840328 0.2863399
v 0.7083922 0.5874918 0.2775452
v 0.6715409 0.5470918 0.2409104
v 0.7001534 0.5840328 0.2863399
v 0.7280466 0.6159706 0.3302537
v 0.7373588 0.6207062 0.3233222
v 0.7083922 0.5874918 0.2775452
v 0.7280466 0.6159706 0.3302537
v 0.7523296 0.6329737 0.3813784
v 0.7625708 0.6383706 0.3765639
v 0.7373588 0.6207062 0.3233222
v 0.7523296 0.6329737 0.3813784
v 0.7737932 0.6315385 0.4376472
v 0.7848633 0.6368570 0.4351261
v 0.7625708 0.6383706 0.3765639
v 0.7737932 0.6315385 0.4376472
v 0.7888941 0.6137164 0.4966479
v 0.8005597 0.6183083 0.4965126
v 0.7848633 0.6368570 0.4351261
v 0.7888941 0.6137164 0.4966479
v 0.7924756 0.5866003 0.5557800
v 0.8043010 0.5901018 0.5580353
v 0.8005597 0.6183083 0.4965126
v 0.7924756 0.5866003 0.5557800
v 0.7815238 0.5593790 0.6124357
v 0.7929499 0.5617890 0.6169991
v 0.8043010 0.5901018 0.5580353
v 0.7815238 0.5593790 0.6124357
v 0.7565150 0.5388880 0.6641829
v 0.7669897 0.5404759 0.6708872
v 0.7929499 0.5617890 0.6169991
v 0.7565150 0.5388880 0.6641829
v 0.7200370 0.5266135 0.7089233
v 0.7290943 0.5277090 0.7175231
v 0.7669897 0.5404759 0.6708872
v 0.7200370 0.5266135 0.7089233
v 0.6750973 0.5189706 0.7450082
v 0.6823727 0.5197588 0.7551884
v 0.7290943 0.5277090 0.7175231
v 0.6750973 0.5189706 0.7450082
v 0.6247574 0.5068686 0.7712981
v 0.6299941 0.5071569 0.7826859
v 0.6823727 0.5197588 0.7551884
v 0.6247574 0.5068686 0.7712981
v 0.6248401 0.5051526 0.7712981
v 0.6300803 0.5053689 0.7826859
v 0.6299941 0.5071569 0.7826859
v 0.6248401 0.5051526 0.7712981
v 0.6248991 0.5034356 0.7712981
v 0.6301418 0.5035798 0.7826859
v 0.6300803 0.5053689 0.7826859
v 0.6248991 0.5034356 0.7712981
v 0.6249345 0.5017180 0.7712981
v 0.6301787 0.5017901 0.7826859
v 0.6301418 0.5035798 0.7826859
v 0.6249345 0.5017180 0.7712981
v 0.6249463 0.5000000 0.7712981
v 0.6301910 0.5000000 0.7826859
v 0.6301787 0.5017901 0.7826859
v 0.6249463 0.5000000 0.7712981
v 0.6249345 0.4982820 0.7712981
v 0.6301787 0.4982099 0.7826859
v 0.6301910 0.5000000 0.7826859
v 0.6249345 0.4982820 0.7712981
v 0.6248991 0.4965644 0.7712981
v 0.6301418 0.4964202 0.7826859
v 0.6301787 0.4982099 0.7826859
v 0.6248991 0.4965644 0.7712981
v 0.6248401 0.4948474 0.7712981
v 0.6300803 0.4946311 0.7826859
v 0.6301418 0.4964202 0.7826859
v 0.6248401 0.4948474 0.7712981
v 0.6247574 0.4931314 0.7712981
v 0.6299941 0.4928431 0.7826859
v 0.6300803 0.4946311 0.7826859
v 0.6247574 0.4931314 0.7712981
v 0.6698385 0.4533755 0.7450082
v 0.6768953 0.4514383 0.7551884
v 0.6299941 0.4928431 0.7826859
v 0.6698385 0.4533755 0.7450082
v 0.7043602 0.4142010 0.7089233
v 0.7127722 0.4106693 0.7175231
v 0.6768953 0.4514383 0.7551884
v 0.7043602 0.4142010 0.7089233
v 0.7312603 0.3823951 0.6641829
v 0.7407037 0.3775928 0.6708872
v 0.7127722 0.4106693 0.7175231
v 0.7312603 0.3823951 0.6641829
v 0.7545365 0.3658633 0.6124357
v 0.7648673 0.3604191 0.6169991
v 0.7407037 0.3775928 0.6708872
v 0.7545365 0.3658633 0.6124357
v 0.7749428 0.3679091 0.5557800
v 0.7860594 0.3625684 0.5580353
v 0.7648673 0.3604191 0.6169991
v 0.7749428 0.3679091 0.5557800
v 0.7888941 0.3862836 0.4966479
v 0.8005597 0.3816917 0.4965126
v 0.7860594 0.3625684 0.5580353
v 0.7888941 0.3862836 0.4966479
v 0.7912526 0.4137618 0.4376472
v 0.8030286 0.4102750 0.4351261
v 0.8005597 0.3816917 0.4965126
v 0.7912526 0.4137618 0.4376472
v 0.7790828 0.4411359 0.3813784
v 0.7904099 0.4387468 0.3765639
v 0.8030286 0.4102750 0.4351261
v 0.7790828 0.4411359 0.3813784
v 0.7529504 0.4616524 0.3302537
v 0.7632795 0.4600865 0.3233222
v 0.7904099 0.4387468 0.3765639
v 0.7529504 0.4616524 0.3302537
v 0.7155075 0.4739343 0.2863399
v 0.7243783 0.4728614 0.2775452
v 0.7632795 0.4600865 0.3233222
v 0.7155075 0.4739343 0.2863399
v 0.6697973 0.4816036 0.2512462
v 0.6768524 0.4808392 0.2409104
v 0.7243783 0.4728614 0.2775452
v 0.6697973 0.4816036 0.2512462
v 0.6188796 0.4934550 0.2260675
v 0.6238696 0.4931803 0.2145691
v 0.6768524 0.4808392 0.2409104
v 0.6424201 0.4891474 0.2170643
v 0.6858664 0.4844342 0.2407016
v 0.6854848 0.4804033 0.2407016
v 0.6422697 0.4873281 0.2170643
v 0.6858664 0.4844342 0.2407016
v 0.7253458 0.4805687 0.2711994
v 0.7247133 0.4742664 0.2711994
v 0.6854848 0.4804033 0.2407016
v 0.7253458 0.4805687 0.2711994
v 0.7593142 0.4736221 0.3079182
v 0.7583074 0.4651157 0.3079182
v 0.7247133 0.4742664 0.2711994
v 0.7593142 0.4736221 0.3079182
v 0.7861909 0.4608697 0.3499827
v 0.7845696 0.4504361 0.3499827
v 0.7583074 0.4651157 0.3079182
v 0.7861909 0.4608697 0.3499827
v 0.8043359 0.4416930 0.3963003
v 0.8018192 0.4298204 0.3963003
v 0.7845696 0.4504361 0.3499827
v 0.8043359 0.4416930 0.3963003
v 0.8124781 0.4182218 0.4455955
v 0.8088890 0.4055659 0.4455955
v 0.8018192 0.4298204 0.3963003
v 0.8124781 0.4182218 0.4455955
v 0.8105085 0.3949425 0.4964608
v 0.8059120 0.3822270 0.4964608
v 0.8088890 0.4055659 0.4455955
v 0.8105085 0.3949425 0.4964608
v 0.7999724 0.3772883 0.5474179
v 0.7947270 0.3651755 0.5474179
v 0.8059120 0.3822270 0.4964608
v 0.7999724 0.3772883 0.5474179
v 0.7835956 0.3698421 0.5969851
v 0.7782813 0.3588368 0.5969851
v 0.7947270 0.3651755 0.5474179
v 0.7835956 0.3698421 0.5969851
v 0.7639154 0.3749902 0.6437457
v 0.7591702 0.3654282 0.6437457
v 0.7782813 0.3588368 0.5969851
v 0.7639154 0.3749902 0.6437457
v 0.7418942 0.3924182 0.6864093
v 0.7382286 0.3845281 0.6864093
v 0.7591702 0.3654282 0.6437457
v 0.7418942 0.3924182 0.6864093
v 0.7165029 0.4192563 0.7238638
v 0.7141571 0.4132257 0.7238638
v 0.7382286 0.3845281 0.6864093
v 0.7165029 0.4192563 0.7238638
v 0.6856245 0.4506518 0.7552109
v 0.6845096 0.4466341 0.7552109
v 0.7141571 0.4132257 0.7238638
v 0.6856245 0.4506518 0.7552109
v 0.6477259 0.4812704 0.7797858
v 0.6474745 0.4793839 0.7797858
v 0.6845096 0.4466341 0.7552109
v 0.6414574 0.5197749 0.2170643
v 0.6791733 0.5518225 0.2407016
v 0.6802560 0.5479210 0.2407016
v 0.6416986 0.5179654 0.2170643
v 0.6791733 0.5518225 0.2407016
v 0.7096275 0.5849390 0.2711994
v 0.7119237 0.5790359 0.2711994
v 0.6802560 0.5479210 0.2407016
v 0.7096275 0.5849390 0.2711994
v 0.7345513 0.6136895 0.3079182
v 0.7381603 0.6059211 0.3079182
v 0.7119237 0.5790359 0.2711994
v 0.7345513 0.6136895 0.3079182
v 0.7563554 0.6331103 0.3499827
v 0.7610490 0.6236521 0.3499827
v 0.7381603 0.6059211 0.3079182
v 0.7563554 0.6331103 0.3499827
v 0.7763490 0.6401830 0.3963003
v 0.7816263 0.6292541 0.3963003
v 0.7610490 0.6236521 0.3499827
v 0.7763490 0.6401830 0.3963003
v 0.7937272 0.6343671 0.4455955
v 0.7989549 0.6222955 0.4455955
v 0.7816263 0.6292541 0.3963003
v 0.7937272 0.6343671 0.4455955
v 0.8059120 0.6177730 0.4964608
v 0.8105085 0.6050575 0.4964608
v 0.7989549 0.6222955 0.4455955
v 0.8059120 0.6177730 0.4964608
v 0.8099403 0.5947555 0.5474179
v 0.8135416 0.5820566 0.5474179
v 0.8105085 0.6050575 0.4964608
v 0.8099403 0.5947555 0.5474179
v 0.8039297 0.5706703 0.5969851
v 0.8064639 0.5587147 0.5969851
v 0.8135416 0.5820566 0.5474179
v 0.8039297 0.5706703 0.5969851
v 0.7876942 0.5501081 0.6437457
v 0.7893334 0.5395600 0.6437457
v 0.8064639 0.5587147 0.5969851
v 0.7876942 0.5501081 0.6437457
v 0.7623571 0.5354312 0.6864093
v 0.7633797 0.5267915 0.6864093
v 0.7893334 0.5395600 0.6437457
v 0.7623571 0.5354312 0.6864093
v 0.7295689 0.5262897 0.7238638
v 0.7302150 0.5198512 0.7238638
v 0.7633797 0.5267915 0.6864093
v 0.7295689 0.5262897 0.7238638
v 0.6910090 0.5201804 0.7552109
v 0.6914021 0.5160294 0.7552109
v 0.7302150 0.5198512 0.7238638
v 0.6910090 0.5201804 0.7552109
v 0.6483213 0.5132109 0.7797858
v 0.6484781 0.5113142 0.7797858
v 0.6914021 0.5160294 0.7552109
v 0.7665476 0.5532705 0.3196525
v 0.7860453 0.5557497 0.3508278
v 0.7895862 0.5327073 0.3508278
v 0.7697736 0.5332808 0.3196525
v 0.7860453 0.5557497 0.3508278
v 0.8026749 0.5528180 0.3842116
v 0.8060474 0.5271450 0.3842116
v 0.7895862 0.5327073 0.3508278
v 0.8026749 0.5528180 0.3842116
v 0.8158791 0.5445662 0.4193264
v 0.8185633 0.5168282 0.4193264
v 0.8060474 0.5271450 0.3842116
v 0.8158791 0.5445662 0.4193264
v 0.8249322 0.5319102 0.4556546
v 0.8264832 0.5028112 0.4556546
v 0.8185633 0.5168282 0.4193264
v 0.8249322 0.5319102 0.4556546
v 0.8291668 0.5164795 0.4926504
v 0.8293159 0.4868298 0.4926504
v 0.8264832 0.5028112 0.4556546
v 0.8291668 0.5164795 0.4926504
v 0.8282040 0.5003575 0.5297520
v 0.8269217 0.4710135 0.5297520
v 0.8293159 0.4868298 0.4926504
v 0.8282040 0.5003575 0.5297520
v 0.8220799 0.4857131 0.5663954
v 0.8195836 0.4575040 0.5663954
v 0.8269217 0.4710135 0.5297520
v 0.8220799 0.4857131 0.5663954
v 0.8112117 0.4744106 0.6020281
v 0.8079143 0.4480735 0.6020281
v 0.8195836 0.4575040 0.5663954
v 0.8112117 0.4744106 0.6020281
v 0.7962256 0.4676919 0.6361216
v 0.7926409 0.4438328 0.6361216
v 0.8079143 0.4480735 0.6020281
v 0.7962256 0.4676919 0.6361216
v 0.7777355 0.4659988 0.6681840
v 0.7743668 0.4450821 0.6681840
v 0.7926409 0.4438328 0.6361216
v 0.7929916 0.5505126 0.3571882
v 0.8081682 0.5461482 0.3892755
v 0.8099640 0.5319319 0.3892755
v 0.7949269 0.5375997 0.3571882
v 0.8081682 0.5461482 0.3892755
v 0.8200597 0.5372104 0.4228382
v 0.8214651 0.5219775 0.4228382
v 0.8099640 0.5319319 0.3892755
v 0.8200597 0.5372104 0.4228382
v 0.8280593 0.5245966 0.4574345
v 0.8288652 0.5086961 0.4574345
v 0.8214651 0.5219775 0.4228382
v 0.8280593 0.5245966 0.4574345
v 0.8316477 0.5097529 0.4926011
v 0.8317290 0.4935810 0.4926011
v 0.8288652 0.5086961 0.4574345
v 0.8316477 0.5097529 0.4926011
v 0.8305577 0.4944643 0.5278624
v 0.8299001 0.4784375 0.5278624
v 0.8317290 0.4935810 0.4926011
v 0.8305577 0.4944643 0.5278624
v 0.8248587 0.4805712 0.5627415
v 0.8235618 0.4650944 0.5627415
v 0.8299001 0.4784375 0.5278624
v 0.8248587 0.4805712 0.5627415
v 0.8149233 0.4696733 0.5967696
v 0.8131795 0.4551111 0.5967696
v 0.8235618 0.4650944 0.5627415
v 0.8149233 0.4696733 0.5967696
v 0.8012946 0.4628862 0.6294961
v 0.7993495 0.4495445 0.6294961
v 0.8131795 0.4551111 0.5967696
v 0.7726995 0.5795135 0.3298075
v 0.7799672 0.5815936 0.3421651
v 0.7915095 0.5078305 0.3421651
v 0.7838934 0.5095888 0.3298075
v 0.7952193 0.4921930 0.6508334
v 0.7879004 0.4903667 0.6633698
v 0.7765409 0.4193493 0.6633698
v 0.7835332 0.4173908 0.6508334
v 0.5664063 0.6047873 0.2145691
v 0.5981611 0.6483520 0.2409104
v 0.6050199 0.6435783 0.2409104
v 0.5678408 0.6038644 0.2145691
v 0.5649593 0.6056905 0.2145691
v 0.5910857 0.6527983 0.2409104
v 0.5981611 0.6483520 0.2409104
v 0.5664063 0.6047873 0.2145691
v 0.5634999 0.6065737 0.2145691
v 0.5838093 0.6569073 0.2409104
v 0.5910857 0.6527983 0.2409104
v 0.5649593 0.6056905 0.2145691
v 0.5620286 0.6074367 0.2145691
v 0.5763480 0.6606702 0.2409104
v 0.5838093 0.6569073 0.2409104
v 0.5634999 0.6065737 0.2145691
v 0.5605455 0.6082794 0.2145691
v 0.5687181 0.6640784 0.2409104
v 0.5763480 0.6606702 0.2409104
v 0.5620286 0.6074367 0.2145691
v 0.5590510 0.6091016 0.2145691
v 0.5609366 0.6671246 0.2409104
v 0.5687181 0.6640784 0.2409104
v 0.5605455 0.6082794 0.2145691
v 0.5575453 0.6099032 0.2145691
v 0.5530207 0.6698020 0.2409104
v 0.5609366 0.6671246 0.2409104
v 0.5590510 0.6091016 0.2145691
v 0.5560288 0.6106841 0.2145691
v 0.5449877 0.6721047 0.2409104
v 0.5530207 0.6698020 0.2409104
v 0.5575453 0.6099032 0.2145691
v 0.5981611 0.6483520 0.2409104
v 0.6237156 0.6891470 0.2775452
v 0.6356919 0.6807480 0.2775452
v 0.6050199 0.6435783 0.2409104
v 0.5910857 0.6527983 0.2409104
v 0.6112211 0.6967536 0.2775452
v 0.6237156 0.6891470 0.2775452
v 0.5981611 0.6483520 0.2409104
v 0.5838093 0.6569073 0.2409104
v 0.5982607 0.7035361 0.2775452
v 0.6112211 0.6967536 0.2775452
v 0.5910857 0.6527983 0.2409104
v 0.5763480 0.6606702 0.2409104
v 0.5848887 0.7094661 0.2775452
v 0.5982607 0.7035361 0.2775452
v 0.5838093 0.6569073 0.2409104
v 0.5687181 0.6640784 0.2409104
v 0.5711612 0.7145186 0.2775452
v 0.5848887 0.7094661 0.2775452
v 0.5763480 0.6606702 0.2409104
v 0.5609366 0.6671246 0.2409104
v 0.5571355 0.7186725 0.2775452
v 0.5711612 0.7145186 0.2775452
v 0.5687181 0.6640784 0.2409104
v 0.5530207 0.6698020 0.2409104
v 0.5428705 0.7219104 0.2775452
v 0.5571355 0.7186725 0.2775452
v 0.5609366 0.6671246 0.2409104
v 0.5449877 0.6721047 0.2409104
v 0.5284260 0.7242188 0.2775452
v 0.5428705 0.7219104 0.2775452
v 0.5530207 0.6698020 0.2409104
v 0.6237156 0.6891470 0.2775452
v 0.6495741 0.7203106 0.3233222
v 0.6662059 0.7080500 0.3233222
v 0.6356919 0.6807480 0.2775452
v 0.6112211 0.6967536 0.2775452
v 0.6320419 0.7312448 0.3233222
v 0.6495741 0.7203106 0.3233222
v 0.6237156 0.6891470 0.2775452
v 0.5982607 0.7035361 0.2775452
v 0.6137146 0.7407866 0.3233222
v 0.6320419 0.7312448 0.3233222
v 0.6112211 0.6967536 0.2775452
v 0.5848887 0.7094661 0.2775452
v 0.5947026 0.7488787 0.3233222
v 0.6137146 0.7407866 0.3233222
v 0.5982607 0.7035361 0.2775452
v 0.5711612 0.7145186 0.2775452
v 0.5751205 0.7554723 0.3233222
v 0.5947026 0.7488787 0.3233222
v 0.5848887 0.7094661 0.2775452
v 0.5571355 0.7186725 0.2775452
v 0.5550860 0.7605278 0.3233222
v 0.5751205 0.7554723 0.3233222
v 0.5711612 0.7145186 0.2775452
v 0.5428705 0.7219104 0.2775452
v 0.5347199 0.7640146 0.3233222
v 0.5550860 0.7605278 0.3233222
v 0.5571355 0.7186725 0.2775452
v 0.5284260 0.7242188 0.2775452
v 0.5141448 0.7659119 0.3233222
v 0.5347199 0.7640146 0.3233222
v 0.5428705 0.7219104 0.2775452
v 0.6495741 0.7203106 0.3233222
v 0.6784027 0.7371968 0.3765639
v 0.6982518 0.7208757 0.3765639
v 0.6662059 0.7080500 0.3233222
v 0.6320419 0.7312448 0.3233222
v 0.6572162 0.7517398 0.3765639
v 0.6784027 0.7371968 0.3765639
v 0.6495741 0.7203106 0.3233222
v 0.6137146 0.7407866 0.3233222
v 0.6348512 0.7643955 0.3765639
v 0.6572162 0.7517398 0.3765639
v 0.6320419 0.7312448 0.3233222
v 0.5947026 0.7488787 0.3233222
v 0.6114753 0.7750693 0.3765639
v 0.6348512 0.7643955 0.3765639
v 0.6137146 0.7407866 0.3233222
v 0.5751205 0.7554723 0.3233222
v 0.5872636 0.7836810 0.3765639
v 0.6114753 0.7750693 0.3765639
v 0.5947026 0.7488787 0.3233222
v 0.5550860 0.7605278 0.3233222
v 0.5623978 0.7901661 0.3765639
v 0.5872636 0.7836810 0.3765639
v 0.5751205 0.7554723 0.3233222
v 0.5347199 0.7640146 0.3233222
v 0.5370643 0.7944760 0.3765639
v 0.5623978 0.7901661 0.3765639
v 0.5550860 0.7605278 0.3233222
v 0.5141448 0.7659119 0.3233222
v 0.5114529 0.7965783 0.3765639
v 0.5370643 0.7944760 0.3765639
v 0.5347199 0.7640146 0.3233222
v 0.6784027 0.7371968 0.3765639
v 0.7082688 0.7376995 0.4351261
v 0.7292185 0.7175680 0.4351261
v 0.6982518 0.7208757 0.3765639
v 0.6572162 0.7517398 0.3765639
v 0.6855589 0.7558219 0.4351261
v 0.7082688 0.7376995 0.4351261
v 0.6784027 0.7371968 0.3765639
v 0.6348512 0.7643955 0.3765639
v 0.6612806 0.7717821 0.4351261
v 0.6855589 0.7558219 0.4351261
v 0.6572162 0.7517398 0.3765639
v 0.6114753 0.7750693 0.3765639
v 0.6356391 0.7854452 0.4351261
v 0.6612806 0.7717821 0.4351261
v 0.6348512 0.7643955 0.3765639
v 0.5872636 0.7836810 0.3765639
v 0.6088512 0.7966957 0.4351261
v 0.6356391 0.7854452 0.4351261
v 0.6114753 0.7750693 0.3765639
v 0.5623978 0.7901661 0.3765639
v 0.5811433 0.8054385 0.4351261
v 0.6088512 0.7966957 0.4351261
v 0.5872636 0.7836810 0.3765639
v 0.5370643 0.7944760 0.3765639
v 0.5527496 0.8115998 0.4351261
v 0.5811433 0.8054385 0.4351261
v 0.5623978 0.7901661 0.3765639
v 0.5114529 0.7965783 0.3765639
v 0.5239100 0.8151273 0.4351261
v 0.5527496 0.8115998 0.4351261
v 0.5370643 0.7944760 0.3765639
v 0.7082688 0.7376995 0.4351261
v 0.7327989 0.7239144 0.4965126
v 0.7527378 0.7011382 0.4965126
v 0.7292185 0.7175680 0.4351261
v 0.6855589 0.7558219 0.4351261
v 0.7108154 0.7447241 0.4965126
v 0.7327989 0.7239144 0.4965126
v 0.7082688 0.7376995 0.4351261
v 0.6612806 0.7717821 0.4351261
v 0.6869803 0.7633844 0.4965126
v 0.7108154 0.7447241 0.4965126
v 0.6855589 0.7558219 0.4351261
v 0.6356391 0.7854452 0.4351261
v 0.6615031 0.7797316 0.4965126
v 0.6869803 0.7633844 0.4965126
v 0.6612806 0.7717821 0.4351261
v 0.6088512 0.7966957 0.4351261
v 0.6346074 0.7936219 0.4965126
v 0.6615031 0.7797316 0.4965126
v 0.6356391 0.7854452 0.4351261
v 0.5811433 0.8054385 0.4351261
v 0.6065296 0.8049335 0.4965126
v 0.6346074 0.7936219 0.4965126
v 0.6088512 0.7966957 0.4351261
v 0.5527496 0.8115998 0.4351261
v 0.5775161 0.8135670 0.4965126
v 0.6065296 0.8049335 0.4965126
v 0.5811433 0.8054385 0.4351261
v 0.5239100 0.8151273 0.4351261
v 0.5478219 0.8194465 0.4965126
v 0.5775161 0.8135670 0.4965126
v 0.5527496 0.8115998 0.4351261
v 0.7327989 0.7239144 0.4965126
v 0.7445009 0.7023284 0.5580353
v 0.7620490 0.6790189 0.5580353
v 0.7527378 0.7011382 0.4965126
v 0.7108154 0.7447241 0.4965126
v 0.7248862 0.7239278 0.5580353
v 0.7445009 0.7023284 0.5580353
v 0.7327989 0.7239144 0.4965126
v 0.6869803 0.7633844 0.4965126
v 0.7033708 0.7436345 0.5580353
v 0.7248862 0.7239278 0.5580353
v 0.7108154 0.7447241 0.4965126
v 0.6615031 0.7797316 0.4965126
v 0.6801365 0.7612820 0.5580353
v 0.7033708 0.7436345 0.5580353
v 0.6869803 0.7633844 0.4965126
v 0.6346074 0.7936219 0.4965126
v 0.6553796 0.7767212 0.5580353
v 0.6801365 0.7612820 0.5580353
v 0.6615031 0.7797316 0.4965126
v 0.6065296 0.8049335 0.4965126
v 0.6293095 0.7898215 0.5580353
v 0.6553796 0.7767212 0.5580353
v 0.6346074 0.7936219 0.4965126
v 0.5775161 0.8135670 0.4965126
v 0.6021465 0.8004722 0.5580353
v 0.6293095 0.7898215 0.5580353
v 0.6065296 0.8049335 0.4965126
v 0.5478219 0.8194465 0.4965126
v 0.5741201 0.8085833 0.5580353
v 0.6021465 0.8004722 0.5580353
v 0.5775161 0.8135670 0.4965126
v 0.7445009 0.7023284 0.5580353
v 0.7385600 0.6809051 0.6169991
v 0.7533143 0.6595914 0.6169991
v 0.7620490 0.6790189 0.5580353
v 0.7248862 0.7239278 0.5580353
v 0.7220173 0.7008628 0.6169991
v 0.7385600 0.6809051 0.6169991
v 0.7445009 0.7023284 0.5580353
v 0.7033708 0.7436345 0.5580353
v 0.7038103 0.7193146 0.6169991
v 0.7220173 0.7008628 0.6169991
v 0.7248862 0.7239278 0.5580353
v 0.6801365 0.7612820 0.5580353
v 0.6840754 0.7361224 0.6169991
v 0.7038103 0.7193146 0.6169991
v 0.7033708 0.7436345 0.5580353
v 0.6553796 0.7767212 0.5580353
v 0.6629606 0.7511600 0.6169991
v 0.6840754 0.7361224 0.6169991
v 0.6801365 0.7612820 0.5580353
v 0.6293095 0.7898215 0.5580353
v 0.6406242 0.7643149 0.6169991
v 0.6629606 0.7511600 0.6169991
v 0.6553796 0.7767212 0.5580353
v 0.6021465 0.8004722 0.5580353
v 0.6172336 0.7754883 0.6169991
v 0.6406242 0.7643149 0.6169991
v 0.6293095 0.7898215 0.5580353
v 0.5741201 0.8085833 0.5580353
v 0.5929641 0.7845965 0.6169991
v 0.6172336 0.7754883 0.6169991
v 0.6021465 0.8004722 0.5580353
v 0.7385600 0.6809051 0.6169991
v 0.7142609 0.6643596 0.6708872
v 0.7263596 0.6472519 0.6708872
v 0.7533143 0.6595914 0.6169991
v 0.7220173 0.7008628 0.6169991
v 0.7008721 0.6804778 0.6708872
v 0.7142609 0.6643596 0.6708872
v 0.7385600 0.6809051 0.6169991
v 0.7038103 0.7193146 0.6169991
v 0.6862738 0.6955093 0.6708872
v 0.7008721 0.6804778 0.6708872
v 0.7220173 0.7008628 0.6169991
v 0.6840754 0.7361224 0.6169991
v 0.6705541 0.7093636 0.6708872
v 0.6862738 0.6955093 0.6708872
v 0.7038103 0.7193146 0.6169991
v 0.6629606 0.7511600 0.6169991
v 0.6538074 0.7219574 0.6708872
v 0.6705541 0.7093636 0.6708872
v 0.6840754 0.7361224 0.6169991
v 0.6406242 0.7643149 0.6169991
v 0.6361347 0.7332148 0.6708872
v 0.6538074 0.7219574 0.6708872
v 0.6629606 0.7511600 0.6169991
v 0.6172336 0.7754883 0.6169991
v 0.6176423 0.7430681 0.6708872
v 0.6361347 0.7332148 0.6708872
v 0.6406242 0.7643149 0.6169991
v 0.5929641 0.7845965 0.6169991
v 0.5984417 0.7514578 0.6708872
v 0.6176423 0.7430681 0.6708872
v 0.6172336 0.7754883 0.6169991
v 0.7142609 0.6643596 0.6708872
v 0.6743335 0.6511946 0.7175231
v 0.6837487 0.6396007 0.7175231
v 0.7263596 0.6472519 0.6708872
v 0.7008721 0.6804778 0.6708872
v 0.6641880 0.6621550 0.7175231
v 0.6743335 0.6511946 0.7175231
v 0.7142609 0.6643596 0.6708872
v 0.6862738 0.6955093 0.6708872
v 0.6533548 0.6724363 0.7175231
v 0.6641880 0.6621550 0.7175231
v 0.7008721 0.6804778 0.6708872
v 0.6705541 0.7093636 0.6708872
v 0.6418792 0.6819952 0.7175231
v 0.6533548 0.6724363 0.7175231
v 0.6862738 0.6955093 0.6708872
v 0.6538074 0.7219574 0.6708872
v 0.6298093 0.6907918 0.7175231
v 0.6418792 0.6819952 0.7175231
v 0.6705541 0.7093636 0.6708872
v 0.6361347 0.7332148 0.6708872
v 0.6171956 0.6987892 0.7175231
v 0.6298093 0.6907918 0.7175231
v 0.6538074 0.7219574 0.6708872
v 0.6176423 0.7430681 0.6708872
v 0.6040910 0.7059540 0.7175231
v 0.6171956 0.6987892 0.7175231
v 0.6361347 0.7332148 0.6708872
v 0.5984417 0.7514578 0.6708872
v 0.5905504 0.7122560 0.7175231
v 0.6040910 0.7059540 0.7175231
v 0.6176423 0.7430681 0.6708872
v 0.6743335 0.6511946 0.7175231
v 0.6243051 0.6349016 0.7551884
v 0.6305034 0.6289150 0.7551884
v 0.6837487 0.6396007 0.7175231
v 0.6641880 0.6621550 0.7175231
v 0.6178325 0.6405905 0.7551884
v 0.6243051 0.6349016 0.7551884
v 0.6743335 0.6511946 0.7175231
v 0.6533548 0.6724363 0.7175231
v 0.6110999 0.6459692 0.7551884
v 0.6178325 0.6405905 0.7551884
v 0.6641880 0.6621550 0.7175231
v 0.6418792 0.6819952 0.7175231
v 0.6041221 0.6510257 0.7551884
v 0.6110999 0.6459692 0.7551884
v 0.6533548 0.6724363 0.7175231
v 0.6298093 0.6907918 0.7175231
v 0.5969146 0.6557490 0.7551884
v 0.6041221 0.6510257 0.7551884
v 0.6418792 0.6819952 0.7175231
v 0.6171956 0.6987892 0.7175231
v 0.5894932 0.6601286 0.7551884
v 0.5969146 0.6557490 0.7551884
v 0.6298093 0.6907918 0.7175231
v 0.6040910 0.7059540 0.7175231
v 0.5818743 0.6641548 0.7551884
v 0.5894932 0.6601286 0.7551884
v 0.6171956 0.6987892 0.7175231
v 0.5905504 0.7122560 0.7175231
v 0.5740747 0.6678188 0.7551884
v 0.5818743 0.6641548 0.7551884
v 0.6040910 0.7059540 0.7175231
v 0.6243051 0.6349016 0.7551884
v 0.5696897 0.6099684 0.7826859
v 0.5711951 0.6089998 0.7826859
v 0.6305034 0.6289150 0.7551884
v 0.6178325 0.6405905 0.7551884
v 0.5681711 0.6109162 0.7826859
v 0.5696897 0.6099684 0.7826859
v 0.6243051 0.6349016 0.7551884
v 0.6110999 0.6459692 0.7551884
v 0.5666396 0.6118430 0.7826859
v 0.5681711 0.6109162 0.7826859
v 0.6178325 0.6405905 0.7551884
v 0.6041221 0.6510257 0.7551884
v 0.5650955 0.6127487 0.7826859
v 0.5666396 0.6118430 0.7826859
v 0.6110999 0.6459692 0.7551884
v 0.5969146 0.6557490 0.7551884
v 0.5635391 0.6136331 0.7826859
v 0.5650955 0.6127487 0.7826859
v 0.6041221 0.6510257 0.7551884
v 0.5894932 0.6601286 0.7551884
v 0.5619707 0.6144960 0.7826859
v 0.5635391 0.6136331 0.7826859
v 0.5969146 0.6557490 0.7551884
v 0.5818743 0.6641548 0.7551884
v 0.5603906 0.6153372 0.7826859
v 0.5619707 0.6144960 0.7826859
v 0.5894932 0.6601286 0.7551884
v 0.5740747 0.6678188 0.7551884
v 0.5587990 0.6161567 0.7826859
v 0.5603906 0.6153372 0.7826859
v 0.5818743 0.6641548 0.7551884
v 0.5651079 0.5996803 0.2260675
v 0.6008304 0.6378506 0.2512462
v 0.5942452 0.6424338 0.2512462
v 0.5637312 0.6005660 0.2260675
v 0.5637312 0.6005660 0.2260675
v 0.5942452 0.6424338 0.2512462
v 0.5874521 0.6467027 0.2512462
v 0.5623424 0.6014328 0.2260675
v 0.5623424 0.6014328 0.2260675
v 0.5874521 0.6467027 0.2512462
v 0.5804659 0.6506479 0.2512462
v 0.5609419 0.6022804 0.2260675
v 0.5609419 0.6022804 0.2260675
v 0.5804659 0.6506479 0.2512462
v 0.5733022 0.6542606 0.2512462
v 0.5595298 0.6031087 0.2260675
v 0.5595298 0.6031087 0.2260675
v 0.5733022 0.6542606 0.2512462
v 0.5659768 0.6575329 0.2512462
v 0.5581065 0.6039174 0.2260675
v 0.5581065 0.6039174 0.2260675
v 0.5659768 0.6575329 0.2512462
v 0.5585057 0.6604575 0.2512462
v 0.5566722 0.6047065 0.2260675
v 0.5566722 0.6047065 0.2260675
v 0.5585057 0.6604575 0.2512462
v 0.5509055 0.6630281 0.2512462
v 0.5552271 0.6054759 0.2260675
v 0.5552271 0.6054759 0.2260675
v 0.5509055 0.6630281 0.2512462
v 0.5431930 0.6652389 0.2512462
v 0.5537717 0.6062252 0.2260675
v 0.6008304 0.6378506 0.2512462
v 0.6303273 0.6736021 0.2863399
v 0.6188245 0.6816691 0.2863399
v 0.5942452 0.6424338 0.2512462
v 0.5942452 0.6424338 0.2512462
v 0.6188245 0.6816691 0.2863399
v 0.6068240 0.6889750 0.2863399
v 0.5874521 0.6467027 0.2512462
v 0.5874521 0.6467027 0.2512462
v 0.6068240 0.6889750 0.2863399
v 0.5943760 0.6954894 0.2863399
v 0.5804659 0.6506479 0.2512462
v 0.5804659 0.6506479 0.2512462
v 0.5943760 0.6954894 0.2863399
v 0.5815327 0.7011848 0.2863399
v 0.5733022 0.6542606 0.2512462
v 0.5733022 0.6542606 0.2512462
v 0.5815327 0.7011848 0.2863399
v 0.5683478 0.7060376 0.2863399
v 0.5659768 0.6575329 0.2512462
v 0.5659768 0.6575329 0.2512462
v 0.5683478 0.7060376 0.2863399
v 0.5548767 0.7100273 0.2863399
v 0.5585057 0.6604575 0.2512462
v 0.5585057 0.6604575 0.2512462
v 0.5548767 0.7100273 0.2863399
v 0.5411756 0.7131372 0.2863399
v 0.5509055 0.6630281 0.2512462
v 0.5509055 0.6630281 0.2512462
v 0.5411756 0.7131372 0.2863399
v 0.5273021 0.7153544 0.2863399
v 0.5431930 0.6652389 0.2512462
v 0.6303273 0.6736021 0.2863399
v 0.6596852 0.6998877 0.3302537
v 0.6437060 0.7116673 0.3302537
v 0.6188245 0.6816691 0.2863399
v 0.6188245 0.6816691 0.2863399
v 0.6437060 0.7116673 0.3302537
v 0.6268615 0.7221725 0.3302537
v 0.6068240 0.6889750 0.2863399
v 0.6068240 0.6889750 0.2863399
v 0.6268615 0.7221725 0.3302537
v 0.6092532 0.7313400 0.3302537
v 0.5943760 0.6954894 0.2863399
v 0.5943760 0.6954894 0.2863399
v 0.6092532 0.7313400 0.3302537
v 0.5909872 0.7391146 0.3302537
v 0.5815327 0.7011848 0.2863399
v 0.5815327 0.7011848 0.2863399
v 0.5909872 0.7391146 0.3302537
v 0.5721733 0.7454495 0.3302537
v 0.5683478 0.7060376 0.2863399
v 0.5683478 0.7060376 0.2863399
v 0.5721733 0.7454495 0.3302537
v 0.5529248 0.7503066 0.3302537
v 0.5548767 0.7100273 0.2863399
v 0.5548767 0.7100273 0.2863399
v 0.5529248 0.7503066 0.3302537
v 0.5333578 0.7536567 0.3302537
v 0.5411756 0.7131372 0.2863399
v 0.5411756 0.7131372 0.2863399
v 0.5333578 0.7536567 0.3302537
v 0.5135898 0.7554795 0.3302537
v 0.5273021 0.7153544 0.2863399
v 0.6596852 0.6998877 0.3302537
v 0.6905192 0.7122608 0.3813784
v 0.6714443 0.7279453 0.3813784
v 0.6437060 0.7116673 0.3302537
v 0.6437060 0.7116673 0.3302537
v 0.6714443 0.7279453 0.3813784
v 0.6510842 0.7419210 0.3813784
v 0.6268615 0.7221725 0.3302537
v 0.6268615 0.7221725 0.3302537
v 0.6510842 0.7419210 0.3813784
v 0.6295915 0.7540831 0.3813784
v 0.6092532 0.7313400 0.3302537
v 0.6092532 0.7313400 0.3302537
v 0.6295915 0.7540831 0.3813784
v 0.6071273 0.7643406 0.3813784
v 0.5909872 0.7391146 0.3302537
v 0.5909872 0.7391146 0.3302537
v 0.6071273 0.7643406 0.3813784
v 0.5838600 0.7726164 0.3813784
v 0.5721733 0.7454495 0.3302537
v 0.5721733 0.7454495 0.3302537
v 0.5838600 0.7726164 0.3813784
v 0.5599641 0.7788485 0.3813784
v 0.5529248 0.7503066 0.3302537
v 0.5529248 0.7503066 0.3302537
v 0.5599641 0.7788485 0.3813784
v 0.5356187 0.7829903 0.3813784
v 0.5333578 0.7536567 0.3302537
v 0.5333578 0.7536567 0.3302537
v 0.5356187 0.7829903 0.3813784
v 0.5110062 0.7850106 0.3813784
v 0.5135898 0.7554795 0.3302537
v 0.6905192 0.7122608 0.3813784
v 0.7203108 0.7091130 0.4376472
v 0.7001752 0.7284622 0.4376472
v 0.6714443 0.7279453 0.3813784
v 0.6714443 0.7279453 0.3813784
v 0.7001752 0.7284622 0.4376472
v 0.6783478 0.7458804 0.4376472
v 0.6510842 0.7419210 0.3813784
v 0.6510842 0.7419210 0.3813784
v 0.6783478 0.7458804 0.4376472
v 0.6550130 0.7612203 0.4376472
v 0.6295915 0.7540831 0.3813784
v 0.6295915 0.7540831 0.3813784
v 0.6550130 0.7612203 0.4376472
v 0.6303680 0.7743525 0.4376472
v 0.6071273 0.7643406 0.3813784
v 0.6071273 0.7643406 0.3813784
v 0.6303680 0.7743525 0.4376472
v 0.6046211 0.7851658 0.4376472
v 0.5838600 0.7726164 0.3813784
v 0.5838600 0.7726164 0.3813784
v 0.6046211 0.7851658 0.4376472
v 0.5779900 0.7935688 0.4376472
v 0.5599641 0.7788485 0.3813784
v 0.5599641 0.7788485 0.3813784
v 0.5779900 0.7935688 0.4376472
v 0.5506997 0.7994906 0.4376472
v 0.5356187 0.7829903 0.3813784
v 0.5356187 0.7829903 0.3813784
v 0.5506997 0.7994906 0.4376472
v 0.5229809 0.8028811 0.4376472
v 0.5110062 0.7850106 0.3813784
v 0.7203108 0.7091130 0.4376472
v 0.7429284 0.6933315 0.4966479
v 0.7237633 0.7152237 0.4966479
v 0.7001752 0.7284622 0.4376472
v 0.7001752 0.7284622 0.4376472
v 0.7237633 0.7152237 0.4966479
v 0.7026330 0.7352257 0.4966479
v 0.6783478 0.7458804 0.4376472
v 0.6783478 0.7458804 0.4376472
v 0.7026330 0.7352257 0.4966479
v 0.6797231 0.7531617 0.4966479
v 0.6550130 0.7612203 0.4376472
v 0.6550130 0.7612203 0.4376472
v 0.6797231 0.7531617 0.4966479
v 0.6552347 0.7688744 0.4966479
v 0.6303680 0.7743525 0.4376472
v 0.6303680 0.7743525 0.4376472
v 0.6552347 0.7688744 0.4966479
v 0.6293830 0.7822256 0.4966479
v 0.6046211 0.7851658 0.4376472
v 0.6046211 0.7851658 0.4376472
v 0.6293830 0.7822256 0.4966479
v 0.6023949 0.7930982 0.4966479
v 0.5779900 0.7935688 0.4376472
v 0.5779900 0.7935688 0.4376472
v 0.6023949 0.7930982 0.4966479
v 0.5745075 0.8013966 0.4966479
v 0.5506997 0.7994906 0.4376472
v 0.5506997 0.7994906 0.4376472
v 0.5745075 0.8013966 0.4966479
v 0.5459658 0.8070479 0.4966479
v 0.5229809 0.8028811 0.4376472
v 0.7429284 0.6933315 0.4966479
v 0.7518655 0.6720620 0.5557800
v 0.7349993 0.6944657 0.5557800
v 0.7237633 0.7152237 0.4966479
v 0.7237633 0.7152237 0.4966479
v 0.7349993 0.6944657 0.5557800
v 0.7161469 0.7152257 0.5557800
v 0.7026330 0.7352257 0.4966479
v 0.7026330 0.7352257 0.4966479
v 0.7161469 0.7152257 0.5557800
v 0.6954676 0.7341666 0.5557800
v 0.6797231 0.7531617 0.4966479
v 0.6797231 0.7531617 0.4966479
v 0.6954676 0.7341666 0.5557800
v 0.6731362 0.7511283 0.5557800
v 0.6552347 0.7688744 0.4966479
v 0.6552347 0.7688744 0.4966479
v 0.6731362 0.7511283 0.5557800
v 0.6493414 0.7659675 0.5557800
v 0.6293830 0.7822256 0.4966479
v 0.6293830 0.7822256 0.4966479
v 0.6493414 0.7659675 0.5557800
v 0.6242844 0.7785587 0.5557800
v 0.6023949 0.7930982 0.4966479
v 0.6023949 0.7930982 0.4966479
v 0.6242844 0.7785587 0.5557800
v 0.5981770 0.7887955 0.5557800
v 0.5745075 0.8013966 0.4966479
v 0.5745075 0.8013966 0.4966479
v 0.5981770 0.7887955 0.5557800
v 0.5712397 0.7965914 0.5557800
v 0.5459658 0.8070479 0.4966479
v 0.7518655 0.6720620 0.5557800
v 0.7434341 0.6533667 0.6124357
v 0.7292552 0.6738492 0.6124357
v 0.7349993 0.6944657 0.5557800
v 0.7349993 0.6944657 0.5557800
v 0.7292552 0.6738492 0.6124357
v 0.7133578 0.6930284 0.6124357
v 0.7161469 0.7152257 0.5557800
v 0.7161469 0.7152257 0.5557800
v 0.7133578 0.6930284 0.6124357
v 0.6958609 0.7107605 0.6124357
v 0.6954676 0.7341666 0.5557800
v 0.6954676 0.7341666 0.5557800
v 0.6958609 0.7107605 0.6124357
v 0.6768958 0.7269127 0.6124357
v 0.6731362 0.7511283 0.5557800
v 0.6731362 0.7511283 0.5557800
v 0.6768958 0.7269127 0.6124357
v 0.6566046 0.7413639 0.6124357
v 0.6493414 0.7659675 0.5557800
v 0.6493414 0.7659675 0.5557800
v 0.6566046 0.7413639 0.6124357
v 0.6351393 0.7540056 0.6124357
v 0.6242844 0.7785587 0.5557800
v 0.6242844 0.7785587 0.5557800
v 0.6351393 0.7540056 0.6124357
v 0.6126610 0.7647433 0.6124357
v 0.5981770 0.7887955 0.5557800
v 0.5981770 0.7887955 0.5557800
v 0.6126610 0.7647433 0.6124357
v 0.5893382 0.7734962 0.6124357
v 0.5712397 0.7965914 0.5557800
v 0.7434341 0.6533667 0.6124357
v 0.7174790 0.6414748 0.6641829
v 0.7058549 0.6579114 0.6641829
v 0.7292552 0.6738492 0.6124357
v 0.7292552 0.6738492 0.6124357
v 0.7058549 0.6579114 0.6641829
v 0.6929913 0.6733972 0.6641829
v 0.7133578 0.6930284 0.6124357
v 0.7133578 0.6930284 0.6124357
v 0.6929913 0.6733972 0.6641829
v 0.6789658 0.6878389 0.6641829
v 0.6958609 0.7107605 0.6124357
v 0.6958609 0.7107605 0.6124357
v 0.6789658 0.6878389 0.6641829
v 0.6638628 0.7011497 0.6641829
v 0.6768958 0.7269127 0.6124357
v 0.6768958 0.7269127 0.6124357
v 0.6638628 0.7011497 0.6641829
v 0.6477732 0.7132495 0.6641829
v 0.6566046 0.7413639 0.6124357
v 0.6566046 0.7413639 0.6124357
v 0.6477732 0.7132495 0.6641829
v 0.6307938 0.7240652 0.6641829
v 0.6351393 0.7540056 0.6124357
v 0.6351393 0.7540056 0.6124357
v 0.6307938 0.7240652 0.6641829
v 0.6130269 0.7335319 0.6641829
v 0.6126610 0.7647433 0.6124357
v 0.6126610 0.7647433 0.6124357
v 0.6130269 0.7335319 0.6641829
v 0.5945795 0.7415925 0.6641829
v 0.5893382 0.7734962 0.6124357
v 0.7174790 0.6414748 0.6641829
v 0.6764843 0.6340816 0.7089233
v 0.6674413 0.6452171 0.7089233
v 0.7058549 0.6579114 0.6641829
v 0.7058549 0.6579114 0.6641829
v 0.6674413 0.6452171 0.7089233
v 0.6576969 0.6557443 0.7089233
v 0.6929913 0.6733972 0.6641829
v 0.6929913 0.6733972 0.6641829
v 0.6576969 0.6557443 0.7089233
v 0.6472919 0.6656190 0.7089233
v 0.6789658 0.6878389 0.6641829
v 0.6789658 0.6878389 0.6641829
v 0.6472919 0.6656190 0.7089233
v 0.6362700 0.6748001 0.7089233
v 0.6638628 0.7011497 0.6641829
v 0.6638628 0.7011497 0.6641829
v 0.6362700 0.6748001 0.7089233
v 0.6246773 0.6832489 0.7089233
v 0.6477732 0.7132495 0.6641829
v 0.6477732 0.7132495 0.6641829
v 0.6246773 0.6832489 0.7089233
v 0.6125623 0.6909301 0.7089233
v 0.6307938 0.7240652 0.6641829
v 0.6307938 0.7240652 0.6641829
v 0.6125623 0.6909301 0.7089233
v 0.5999758 0.6978116 0.7089233
v 0.6130269 0.7335319 0.6641829
v 0.6130269 0.7335319 0.6641829
v 0.5999758 0.6978116 0.7089233
v 0.5869705 0.7038644 0.7089233
v 0.5945795 0.7415925 0.6641829
v 0.6764843 0.6340816 0.7089233
v 0.6252972 0.6237722 0.7450082
v 0.6193462 0.6295200 0.7450082
v 0.6674413 0.6452171 0.7089233
v 0.6674413 0.6452171 0.7089233
v 0.6193462 0.6295200 0.7450082
v 0.6131318 0.6349820 0.7450082
v 0.6576969 0.6557443 0.7089233
v 0.6576969 0.6557443 0.7089233
v 0.6131318 0.6349820 0.7450082
v 0.6066678 0.6401461 0.7450082
v 0.6472919 0.6656190 0.7089233
v 0.6472919 0.6656190 0.7089233
v 0.6066678 0.6401461 0.7450082
v 0.5999684 0.6450009 0.7450082
v 0.6362700 0.6748001 0.7089233
v 0.6362700 0.6748001 0.7089233
v 0.5999684 0.6450009 0.7450082
v 0.5930484 0.6495357 0.7450082
v 0.6246773 0.6832489 0.7089233
v 0.6246773 0.6832489 0.7089233
v 0.5930484 0.6495357 0.7450082
v 0.5859230 0.6537406 0.7450082
v 0.6125623 0.6909301 0.7089233
v 0.6125623 0.6909301 0.7089233
v 0.5859230 0.6537406 0.7450082
v 0.5786081 0.6576062 0.7450082
v 0.5999758 0.6978116 0.7089233
v 0.5999758 0.6978116 0.7089233
v 0.5786081 0.6576062 0.7450082
v 0.5711196 0.6611240 0.7450082
v 0.5869705 0.7038644 0.7089233
v 0.6252972 0.6237722 0.7450082
v 0.5683271 0.6046088 0.7712981
v 0.5668823 0.6055384 0.7712981
v 0.6193462 0.6295200 0.7450082
v 0.6193462 0.6295200 0.7450082
v 0.5668823 0.6055384 0.7712981
v 0.5654249 0.6064480 0.7712981
v 0.6131318 0.6349820 0.7450082
v 0.6131318 0.6349820 0.7450082
v 0.5654249 0.6064480 0.7712981
v 0.5639551 0.6073375 0.7712981
v 0.6066678 0.6401461 0.7450082
v 0.6066678 0.6401461 0.7450082
v 0.5639551 0.6073375 0.7712981
v 0.5624732 0.6082067 0.7712981
v 0.5999684 0.6450009 0.7450082
v 0.5999684 0.6450009 0.7450082
v 0.5624732 0.6082067 0.7712981
v 0.5609795 0.6090555 0.7712981
v 0.5930484 0.6495357 0.7450082
v 0.5930484 0.6495357 0.7450082
v 0.5609795 0.6090555 0.7712981
v 0.5594742 0.6098836 0.7712981
v 0.5859230 0.6537406 0.7450082
v 0.5859230 0.6537406 0.7450082
v 0.5594742 0.6098836 0.7712981
v 0.5579578 0.6106909 0.7712981
v 0.5786081 0.6576062 0.7450082
v 0.5786081 0.6576062 0.7450082
v 0.5579578 0.6106909 0.7712981
v 0.5564303 0.6114774 0.7712981
v 0.5711196 0.6611240 0.7450082
v 0.5651079 0.5996803 0.2260675
v 0.5637312 0.6005660 0.2260675
v 0.5664063 0.6047873 0.2145691
v 0.5678408 0.6038644 0.2145691
v 0.5637312 0.6005660 0.2260675
v 0.5623424 0.6014328 0.2260675
v 0.5649593 0.6056905 0.2145691
v 0.5664063 0.6047873 0.2145691
v 0.5623424 0.6014328 0.2260675
v 0.5609419 0.6022804 0.2260675
v 0.5634999 0.6065737 0.2145691
v 0.5649593 0.6056905 0.2145691
v 0.5609419 0.6022804 0.2260675
v 0.5595298 0.6031087 0.2260675
v 0.5620286 0.6074367 0.2145691
v 0.5634999 0.6065737 0.2145691
v 0.5595298 0.6031087 0.2260675
v 0.5581065 0.6039174 0.2260675
v 0.5605455 0.6082794 0.2145691
v 0.5620286 0.6074367 0.2145691
v 0.5581065 0.6039174 0.2260675
v 0.5566722 0.6047065 0.2260675
v 0.5590510 0.6091016 0.2145691
v 0.5605455 0.6082794 0.2145691
v 0.5566722 0.6047065 0.2260675
v 0.5552271 0.6054759 0.2260675
v 0.5575453 0.6099032 0.2145691
v 0.5590510 0.6091016 0.2145691
v 0.5552271 0.6054759 0.2260675
v 0.5537717 0.6062252 0.2260675
v 0.5560288 0.6106841 0.2145691
v 0.5575453 0.6099032 0.2145691
v 0.5537717 0.6062252 0.2260675
v 0.5431930 0.6652389 0.2512462
v 0.5449877 0.6721047 0.2409104
v 0.5560288 0.6106841 0.2145691
v 0.5431930 0.6652389 0.2512462
v 0.5273021 0.7153544 0.2863399
v 0.5284260 0.7242188 0.2775452
v 0.5449877 0.6721047 0.2409104
v 0.5273021 0.7153544 0.2863399
v 0.5135898 0.7554795 0.3302537
v 0.5141448 0.7659119 0.3233222
v 0.5284260 0.7242188 0.2775452
v 0.5135898 0.7554795 0.3302537
v 0.5110062 0.7850106 0.3813784
v 0.5114529 0.7965783 0.3765639
v 0.5141448 0.7659119 0.3233222
v 0.5110062 0.7850106 0.3813784
v 0.5229809 0.8028811 0.4376472
v 0.5239100 0.8151273 0.4351261
v 0.5114529 0.7965783 0.3765639
v 0.5229809 0.8028811 0.4376472
v 0.5459658 0.8070479 0.4966479
v 0.5478219 0.8194465 0.4965126
v 0.5239100 0.8151273 0.4351261
v 0.5459658 0.8070479 0.4966479
v 0.5712397 0.7965914 0.5557800
v 0.5741201 0.8085833 0.5580353
v 0.5478219 0.8194465 0.4965126
v 0.5712397 0.7965914 0.5557800
v 0.5893382 0.7734962 0.6124357
v 0.5929641 0.7845965 0.6169991
v 0.5741201 0.8085833 0.5580353
v 0.5893382 0.7734962 0.6124357
v 0.5945795 0.7415925 0.6641829
v 0.5984417 0.7514578 0.6708872
v 0.5929641 0.7845965 0.6169991
v 0.5945795 0.7415925 0.6641829
v 0.5869705 0.7038644 0.7089233
v 0.5905504 0.7122560 0.7175231
v 0.5984417 0.7514578 0.6708872
v 0.5869705 0.7038644 0.7089233
v 0.5711196 0.6611240 0.7450082
v 0.5740747 0.6678188 0.7551884
v 0.5905504 0.7122560 0.7175231
v 0.5711196 0.6611240 0.7450082
v 0.5564303 0.6114774 0.7712981
v 0.5587990 0.6161567 0.7826859
v 0.5740747 0.6678188 0.7551884
v 0.5564303 0.6114774 0.7712981
v 0.5579578 0.6106909 0.7712981
v 0.5603906 0.6153372 0.7826859
v 0.5587990 0.6161567 0.7826859
v 0.5579578 0.6106909 0.7712981
v 0.5594742 0.6098836 0.7712981
v 0.5619707 0.6144960 0.7826859
v 0.5603906 0.6153372 0.7826859
v 0.5594742 0.6098836 0.7712981
v 0.5609795 0.6090555 0.7712981
v 0.5635391 0.6136331 0.7826859
v 0.5619707 0.6144960 0.7826859
v 0.5609795 0.6090555 0.7712981
v 0.5624732 0.6082067 0.7712981
v 0.5650955 0.6127487 0.7826859
v 0.5635391 0.6136331 0.7826859
v 0.5624732 0.6082067 0.7712981
v 0.5639551 0.6073375 0.7712981
v 0.5666396 0.6118430 0.7826859
v 0.5650955 0.6127487 0.7826859
v 0.5639551 0.6073375 0.7712981
v 0.5654249 0.6064480 0.7712981
v 0.5681711 0.6109162 0.7826859
v 0.5666396 0.6118430 0.7826859
v 0.5654249 0.6064480 0.7712981
v 0.5668823 0.6055384 0.7712981
v 0.5696897 0.6099684 0.7826859
v 0.5681711 0.6109162 0.7826859
v 0.5668823 0.6055384 0.7712981
v 0.5683271 0.6046088 0.7712981
v 0.5711951 0.6089998 0.7826859
v 0.5696897 0.6099684 0.7826859
v 0.5683271 0.6046088 0.7712981
v 0.6252972 0.6237722 0.7450082
v 0.6305034 0.6289150 0.7551884
v 0.5711951 0.6089998 0.7826859
v 0.6252972 0.6237722 0.7450082
v 0.6764843 0.6340816 0.7089233
v 0.6837487 0.6396007 0.7175231
v 0.6305034 0.6289150 0.7551884
v 0.6764843 0.6340816 0.7089233
v 0.7174790 0.6414748 0.6641829
v 0.7263596 0.6472519 0.6708872
v 0.6837487 0.6396007 0.7175231
v 0.7174790 0.6414748 0.6641829
v 0.7434341 0.6533667 0.6124357
v 0.7533143 0.6595914 0.6169991
v 0.7263596 0.6472519 0.6708872
v 0.7434341 0.6533667 0.6124357
v 0.7518655 0.6720620 0.5557800
v 0.7620490 0.6790189 0.5580353
v 0.7533143 0.6595914 0.6169991
v 0.7518655 0.6720620 0.5557800
v 0.7429284 0.6933315 0.4966479
v 0.7527378 0.7011382 0.4965126
v 0.7620490 0.6790189 0.5580353
v 0.7429284 0.6933315 0.4966479
v 0.7203108 0.7091130 0.4376472
v 0.7292185 0.7175680 0.4351261
v 0.7527378 0.7011382 0.4965126
v 0.7203108 0.7091130 0.4376472
v 0.6905192 0.7122608 0.3813784
v 0.6982518 0.7208757 0.3765639
v 0.7292185 0.7175680 0.4351261
v 0.6905192 0.7122608 0.3813784
v 0.6596852 0.6998877 0.3302537
v 0.6662059 0.7080500 0.3233222
v 0.6982518 0.7208757 0.3765639
v 0.6596852 0.6998877 0.3302537
v 0.6303273 0.6736021 0.2863399
v 0.6356919 0.6807480 0.2775452
v 0.6662059 0.7080500 0.3233222
v 0.6303273 0.6736021 0.2863399
v 0.6008304 0.6378506 0.2512462
v 0.6050199 0.6435783 0.2409104
v 0.6356919 0.6807480 0.2775452
v 0.6008304 0.6378506 0.2512462
v 0.5651079 0.5996803 0.2260675
v 0.5678408 0.6038644 0.2145691
v 0.6050199 0.6435783 0.2409104
v 0.5806086 0.6179131 0.2170643
v 0.6064136 0.6531822 0.2407016
v 0.6097137 0.6508361 0.2407016
v 0.5821090 0.6168733 0.2170643
v 0.6064136 0.6531822 0.2407016
v 0.6295009 0.6854395 0.2711994
v 0.6346426 0.6817407 0.2711994
v 0.6097137 0.6508361 0.2407016
v 0.6295009 0.6854395 0.2711994
v 0.6525010 0.7113837 0.3079182
v 0.6593644 0.7062586 0.3079182
v 0.6346426 0.6817407 0.2711994
v 0.6525010 0.7113837 0.3079182
v 0.6769833 0.7282835 0.3499827
v 0.6852084 0.7216626 0.3499827
v 0.6593644 0.7062586 0.3079182
v 0.6769833 0.7282835 0.3499827
v 0.7026633 0.7344091 0.3963003
v 0.7116869 0.7262933 0.3963003
v 0.6852084 0.7216626 0.3499827
v 0.7026633 0.7344091 0.3963003
v 0.7270611 0.7297248 0.4455955
v 0.7362268 0.7202887 0.4455955
v 0.7116869 0.7262933 0.3963003
v 0.7270611 0.7297248 0.4455955
v 0.7462367 0.7163795 0.4964608
v 0.7549504 0.7060410 0.4964608
v 0.7362268 0.7202887 0.4455955
v 0.7462367 0.7163795 0.4964608
v 0.7562577 0.6984279 0.5474179
v 0.7641249 0.6878288 0.5474179
v 0.7549504 0.7060410 0.4964608
v 0.7562577 0.6984279 0.5474179
v 0.7545179 0.6805220 0.5969851
v 0.7613916 0.6704171 0.5969851
v 0.7641249 0.6878288 0.5474179
v 0.7545179 0.6805220 0.5969851
v 0.7402194 0.6660526 0.6437457
v 0.7461277 0.6571621 0.6437457
v 0.7613916 0.6704171 0.5969851
v 0.7402194 0.6660526 0.6437457
v 0.7141156 0.6556956 0.6864093
v 0.7191159 0.6485761 0.6864093
v 0.7461277 0.6571621 0.6437457
v 0.7141156 0.6556956 0.6864093
v 0.6781775 0.6471251 0.7238638
v 0.6822273 0.6420783 0.7238638
v 0.7191159 0.6485761 0.6864093
v 0.6781775 0.6471251 0.7238638
v 0.6355490 0.6360814 0.7552109
v 0.6384710 0.6331070 0.7552109
v 0.6822273 0.6420783 0.7238638
v 0.6355490 0.6360814 0.7552109
v 0.5900833 0.6185696 0.7797858
v 0.5915913 0.6174086 0.7797858
v 0.6384710 0.6331070 0.7552109
v 0.5536031 0.6323932 0.2170643
v 0.5447071 0.6810798 0.2407016
v 0.5486272 0.6800667 0.2407016
v 0.5552908 0.6316973 0.2170643
v 0.5447071 0.6810798 0.2407016
v 0.5312544 0.7240122 0.2711994
v 0.5375148 0.7230492 0.2711994
v 0.5486272 0.6800667 0.2407016
v 0.5312544 0.7240122 0.2711994
v 0.5188177 0.7599722 0.3079182
v 0.5273498 0.7592135 0.3079182
v 0.5375148 0.7230492 0.2711994
v 0.5188177 0.7599722 0.3079182
v 0.5129008 0.7885654 0.3499827
v 0.5234387 0.7879011 0.3499827
v 0.5273498 0.7592135 0.3079182
v 0.5129008 0.7885654 0.3499827
v 0.5167724 0.8094167 0.3963003
v 0.5288758 0.8085226 0.3963003
v 0.5234387 0.7879011 0.3499827
v 0.5167724 0.8094167 0.3963003
v 0.5304983 0.8215588 0.4455955
v 0.5435664 0.8200503 0.4455955
v 0.5288758 0.8085226 0.3963003
v 0.5304983 0.8215588 0.4455955
v 0.5509616 0.8238140 0.4964608
v 0.5642718 0.8214370 0.4964608
v 0.5435664 0.8200503 0.4455955
v 0.5509616 0.8238140 0.4964608
v 0.5729095 0.8157940 0.5474179
v 0.5857077 0.8125633 0.5474179
v 0.5642718 0.8214370 0.4964608
v 0.5729095 0.8157940 0.5474179
v 0.5907626 0.7985460 0.5969851
v 0.6023835 0.7947629 0.5969851
v 0.5857077 0.8125633 0.5474179
v 0.5907626 0.7985460 0.5969851
v 0.6004523 0.7742046 0.6437457
v 0.6104068 0.7703500 0.6437457
v 0.6023835 0.7947629 0.5969851
v 0.6004523 0.7742046 0.6437457
v 0.6004943 0.7449235 0.6864093
v 0.6084877 0.7414892 0.6864093
v 0.6104068 0.7703500 0.6437457
v 0.6004943 0.7449235 0.6864093
v 0.5920169 0.7119573 0.7238638
v 0.5979159 0.7092977 0.7238638
v 0.6084877 0.7414892 0.6864093
v 0.5920169 0.7119573 0.7238638
v 0.5780278 0.6755089 0.7552109
v 0.5818192 0.6737738 0.7552109
v 0.5979159 0.7092977 0.7238638
v 0.5780278 0.6755089 0.7552109
v 0.5627197 0.6350555 0.7797858
v 0.5644406 0.6342429 0.7797858
v 0.5818192 0.6737738 0.7552109
v 0.5871402 0.7574723 0.3196525
v 0.5947420 0.7755974 0.3508278
v 0.6164678 0.7671427 0.3508278
v 0.6060648 0.7502711 0.3196525
v 0.5947420 0.7755974 0.3508278
v 0.6055957 0.7885332 0.3842116
v 0.6295154 0.7786173 0.3842116
v 0.6164678 0.7671427 0.3508278
v 0.6055957 0.7885332 0.3842116
v 0.6193440 0.7958424 0.4193264
v 0.6447080 0.7842980 0.4193264
v 0.6295154 0.7786173 0.3842116
v 0.6193440 0.7958424 0.4193264
v 0.6348310 0.7973546 0.4556546
v 0.6608070 0.7841484 0.4556546
v 0.6447080 0.7842980 0.4193264
v 0.6348310 0.7973546 0.4556546
v 0.6503117 0.7933066 0.4926504
v 0.6760636 0.7786108 0.4926504
v 0.6608070 0.7841484 0.4556546
v 0.6503117 0.7933066 0.4926504
v 0.6637924 0.7844117 0.5297520
v 0.6885639 0.7686292 0.5297520
v 0.6760636 0.7786108 0.4926504
v 0.6637924 0.7844117 0.5297520
v 0.6734127 0.7717859 0.5663954
v 0.6965944 0.7555195 0.5663954
v 0.6885639 0.7686292 0.5297520
v 0.6734127 0.7717859 0.5663954
v 0.6777669 0.7567226 0.6020281
v 0.6989268 0.7406984 0.6020281
v 0.6965944 0.7555195 0.5663954
v 0.6777669 0.7567226 0.6020281
v 0.6760925 0.7403848 0.6361216
v 0.6949626 0.7253508 0.6361216
v 0.6989268 0.7406984 0.6020281
v 0.6760925 0.7403848 0.6361216
v 0.6683137 0.7235254 0.6681840
v 0.6847437 0.7101496 0.6681840
v 0.6949626 0.7253508 0.6361216
v 0.6027507 0.7789945 0.3571882
v 0.6141186 0.7899556 0.3892755
v 0.6273281 0.7844026 0.3892755
v 0.6149012 0.7742140 0.3571882
v 0.6141186 0.7899556 0.3892755
v 0.6278047 0.7957850 0.4228382
v 0.6416995 0.7893857 0.4228382
v 0.6273281 0.7844026 0.3892755
v 0.6278047 0.7957850 0.4228382
v 0.6427284 0.7964060 0.4574345
v 0.6569015 0.7891536 0.4574345
v 0.6416995 0.7893857 0.4228382
v 0.6427284 0.7964060 0.4574345
v 0.6573775 0.7920918 0.4926011
v 0.6714235 0.7840762 0.4926011
v 0.6569015 0.7891536 0.4574345
v 0.6573775 0.7920918 0.4926011
v 0.6700729 0.7835035 0.5278624
v 0.6836237 0.7749207 0.5278624
v 0.6714235 0.7840762 0.4926011
v 0.6700729 0.7835035 0.5278624
v 0.6792552 0.7716215 0.5627415
v 0.6920101 0.7627599 0.5627415
v 0.6836237 0.7749207 0.5278624
v 0.6792552 0.7716215 0.5627415
v 0.6837254 0.7575682 0.5967696
v 0.6954647 0.7487769 0.5967696
v 0.6920101 0.7627599 0.5627415
v 0.6837254 0.7575682 0.5967696
v 0.6827888 0.7423719 0.6294961
v 0.6933705 0.7340166 0.6294961
v 0.6954647 0.7487769 0.5967696
v 0.5674890 0.7759215 0.3298075
v 0.5693215 0.7832555 0.3421651
v 0.6389733 0.7563699 0.3421651
v 0.6336426 0.7506533 0.3298075
v 0.6543707 0.7517639 0.6508334
v 0.6522929 0.7445124 0.6633698
v 0.7081160 0.6991661 0.6633698
v 0.7133083 0.7042424 0.6508334
v 0.4424547 0.6099032 0.2145691
v 0.4206040 0.6591860 0.2409104
v 0.4281675 0.6627391 0.2409104
v 0.4439712 0.6106841 0.2145691
v 0.4409490 0.6091016 0.2145691
v 0.4132157 0.6552817 0.2409104
v 0.4206040 0.6591860 0.2409104
v 0.4424547 0.6099032 0.2145691
v 0.4394545 0.6082794 0.2145691
v 0.4060189 0.6510347 0.2409104
v 0.4132157 0.6552817 0.2409104
v 0.4409490 0.6091016 0.2145691
v 0.4379714 0.6074367 0.2145691
v 0.3990295 0.6464544 0.2409104
v 0.4060189 0.6510347 0.2409104
v 0.4394545 0.6082794 0.2145691
v 0.4365001 0.6065737 0.2145691
v 0.3922630 0.6415509 0.2409104
v 0.3990295 0.6464544 0.2409104
v 0.4379714 0.6074367 0.2145691
v 0.4350407 0.6056905 0.2145691
v 0.3857341 0.6363350 0.2409104
v 0.3922630 0.6415509 0.2409104
v 0.4365001 0.6065737 0.2145691
v 0.4335937 0.6047873 0.2145691
v 0.3794575 0.6308183 0.2409104
v 0.3857341 0.6363350 0.2409104
v 0.4350407 0.6056905 0.2145691
v 0.4321592 0.6038644 0.2145691
v 0.3734468 0.6250129 0.2409104
v 0.3794575 0.6308183 0.2409104
v 0.4335937 0.6047873 0.2145691
v 0.4206040 0.6591860 0.2409104
v 0.3980517 0.7017143 0.2775452
v 0.4113136 0.7078866 0.2775452
v 0.4281675 0.6627391 0.2409104
v 0.4132157 0.6552817 0.2409104
v 0.3852169 0.6946971 0.2775452
v 0.3980517 0.7017143 0.2775452
v 0.4206040 0.6591860 0.2409104
v 0.4060189 0.6510347 0.2409104
v 0.3728629 0.6868643 0.2775452
v 0.3852169 0.6946971 0.2775452
v 0.4132157 0.6552817 0.2409104
v 0.3990295 0.6464544 0.2409104
v 0.3610414 0.6782488 0.2775452
v 0.3728629 0.6868643 0.2775452
v 0.4060189 0.6510347 0.2409104
v 0.3922630 0.6415509 0.2409104
v 0.3498020 0.6688867 0.2775452
v 0.3610414 0.6782488 0.2775452
v 0.3990295 0.6464544 0.2409104
v 0.3857341 0.6363350 0.2409104
v 0.3391918 0.6588170 0.2775452
v 0.3498020 0.6688867 0.2775452
v 0.3922630 0.6415509 0.2409104
v 0.3794575 0.6308183 0.2409104
v 0.3292552 0.6480822 0.2775452
v 0.3391918 0.6588170 0.2775452
v 0.3857341 0.6363350 0.2409104
v 0.3734468 0.6250129 0.2409104
v 0.3200338 0.6367270 0.2775452
v 0.3292552 0.6480822 0.2775452
v 0.3794575 0.6308183 0.2409104
v 0.3980517 0.7017143 0.2775452
v 0.3839925 0.7396903 0.3233222
v 0.4029263 0.7479635 0.3233222
v 0.4113136 0.7078866 0.2775452
v 0.3852169 0.6946971 0.2775452
v 0.3657571 0.7299740 0.3233222
v 0.3839925 0.7396903 0.3233222
v 0.3980517 0.7017143 0.2775452
v 0.3728629 0.6868643 0.2775452
v 0.3483299 0.7188730 0.3233222
v 0.3657571 0.7299740 0.3233222
v 0.3852169 0.6946971 0.2775452
v 0.3610414 0.6782488 0.2775452
v 0.3318160 0.7064542 0.3233222
v 0.3483299 0.7188730 0.3233222
v 0.3728629 0.6868643 0.2775452
v 0.3498020 0.6688867 0.2775452
v 0.3163147 0.6927924 0.3233222
v 0.3318160 0.7064542 0.3233222
v 0.3610414 0.6782488 0.2775452
v 0.3391918 0.6588170 0.2775452
v 0.3019193 0.6779698 0.3233222
v 0.3163147 0.6927924 0.3233222
v 0.3498020 0.6688867 0.2775452
v 0.3292552 0.6480822 0.2775452
v 0.2887166 0.6620756 0.3233222
v 0.3019193 0.6779698 0.3233222
v 0.3391918 0.6588170 0.2775452
v 0.3200338 0.6367270 0.2775452
v 0.2767859 0.6452057 0.3233222
v 0.2887166 0.6620756 0.3233222
v 0.3292552 0.6480822 0.2775452
v 0.3839925 0.7396903 0.3233222
v 0.3837829 0.7730997 0.3765639
v 0.4078419 0.7821289 0.3765639
v 0.4029263 0.7479635 0.3233222
v 0.3657571 0.7299740 0.3233222
v 0.3605951 0.7620231 0.3765639
v 0.3837829 0.7730997 0.3765639
v 0.3839925 0.7396903 0.3233222
v 0.3483299 0.7188730 0.3233222
v 0.3384523 0.7489823 0.3765639
v 0.3605951 0.7620231 0.3765639
v 0.3657571 0.7299740 0.3233222
v 0.3318160 0.7064542 0.3233222
v 0.3175206 0.7340750 0.3765639
v 0.3384523 0.7489823 0.3765639
v 0.3483299 0.7188730 0.3233222
v 0.3163147 0.6927924 0.3233222
v 0.2979569 0.7174130 0.3765639
v 0.3175206 0.7340750 0.3765639
v 0.3318160 0.7064542 0.3233222
v 0.3019193 0.6779698 0.3233222
v 0.2799077 0.6991212 0.3765639
v 0.2979569 0.7174130 0.3765639
v 0.3163147 0.6927924 0.3233222
v 0.2887166 0.6620756 0.3233222
v 0.2635085 0.6793366 0.3765639
v 0.2799077 0.6991212 0.3765639
v 0.3019193 0.6779698 0.3233222
v 0.2767859 0.6452057 0.3233222
v 0.2488821 0.6582076 0.3765639
v 0.2635085 0.6793366 0.3765639
v 0.2887166 0.6620756 0.3233222
v 0.3837829 0.7730997 0.3765639
v 0.3982806 0.7992158 0.4351261
v 0.4261898 0.8072930 0.4351261
v 0.4078419 0.7821289 0.3765639
v 0.3605951 0.7620231 0.3765639
v 0.3712312 0.7886096 0.4351261
v 0.3982806 0.7992158 0.4351261
v 0.3837829 0.7730997 0.3765639
v 0.3384523 0.7489823 0.3765639
v 0.3452701 0.7755641 0.4351261
v 0.3712312 0.7886096 0.4351261
v 0.3605951 0.7620231 0.3765639
v 0.3175206 0.7340750 0.3765639
v 0.3206168 0.7601895 0.4351261
v 0.3452701 0.7755641 0.4351261
v 0.3384523 0.7489823 0.3765639
v 0.2979569 0.7174130 0.3765639
v 0.2974796 0.7426158 0.4351261
v 0.3206168 0.7601895 0.4351261
v 0.3175206 0.7340750 0.3765639
v 0.2799077 0.6991212 0.3765639
v 0.2760541 0.7229914 0.4351261
v 0.2974796 0.7426158 0.4351261
v 0.2979569 0.7174130 0.3765639
v 0.2635085 0.6793366 0.3765639
v 0.2565215 0.7014824 0.4351261
v 0.2760541 0.7229914 0.4351261
v 0.2799077 0.6991212 0.3765639
v 0.2488821 0.6582076 0.3765639
v 0.2390467 0.6782704 0.4351261
v 0.2565215 0.7014824 0.4351261
v 0.2635085 0.6793366 0.3765639
v 0.3982806 0.7992158 0.4351261
v 0.4224839 0.8135670 0.4965126
v 0.4521781 0.8194465 0.4965126
v 0.4261898 0.8072930 0.4351261
v 0.3712312 0.7886096 0.4351261
v 0.3934704 0.8049335 0.4965126
v 0.4224839 0.8135670 0.4965126
v 0.3982806 0.7992158 0.4351261
v 0.3452701 0.7755641 0.4351261
v 0.3653926 0.7936219 0.4965126
v 0.3934704 0.8049335 0.4965126
v 0.3712312 0.7886096 0.4351261
v 0.3206168 0.7601895 0.4351261
v 0.3384969 0.7797316 0.4965126
v 0.3653926 0.7936219 0.4965126
v 0.3452701 0.7755641 0.4351261
v 0.2974796 0.7426158 0.4351261
v 0.3130197 0.7633844 0.4965126
v 0.3384969 0.7797316 0.4965126
v 0.3206168 0.7601895 0.4351261
v 0.2760541 0.7229914 0.4351261
v 0.2891846 0.7447241 0.4965126
v 0.3130197 0.7633844 0.4965126
v 0.2974796 0.7426158 0.4351261
v 0.2565215 0.7014824 0.4351261
v 0.2672011 0.7239144 0.4965126
v 0.2891846 0.7447241 0.4965126
v 0.2760541 0.7229914 0.4351261
v 0.2390467 0.6782704 0.4351261
v 0.2472622 0.7011382 0.4965126
v 0.2672011 0.7239144 0.4965126
v 0.2565215 0.7014824 0.4351261
v 0.4224839 0.8135670 0.4965126
v 0.4470289 0.8129082 0.5580353
v 0.4759896 0.8164506 0.5580353
v 0.4521781 0.8194465 0.4965126
v 0.3934704 0.8049335 0.4965126
v 0.4185159 0.8067211 0.5580353
v 0.4470289 0.8129082 0.5580353
v 0.4224839 0.8135670 0.4965126
v 0.3653926 0.7936219 0.4965126
v 0.3906917 0.7979415 0.5580353
v 0.4185159 0.8067211 0.5580353
v 0.3934704 0.8049335 0.4965126
v 0.3384969 0.7797316 0.4965126
v 0.3637913 0.7866438 0.5580353
v 0.3906917 0.7979415 0.5580353
v 0.3653926 0.7936219 0.4965126
v 0.3130197 0.7633844 0.4965126
v 0.3380422 0.7729233 0.5580353
v 0.3637913 0.7866438 0.5580353
v 0.3384969 0.7797316 0.4965126
v 0.2891846 0.7447241 0.4965126
v 0.3136620 0.7568961 0.5580353
v 0.3380422 0.7729233 0.5580353
v 0.3130197 0.7633844 0.4965126
v 0.2672011 0.7239144 0.4965126
v 0.2908567 0.7386976 0.5580353
v 0.3136620 0.7568961 0.5580353
v 0.2891846 0.7447241 0.4965126
v 0.2472622 0.7011382 0.4965126
v 0.2698190 0.7184816 0.5580353
v 0.2908567 0.7386976 0.5580353
v 0.2672011 0.7239144 0.4965126
v 0.4470289 0.8129082 0.5580353
v 0.4626115 0.7970516 0.6169991
v 0.4884469 0.7991723 0.6169991
v 0.4759896 0.8164506 0.5580353
v 0.4185159 0.8067211 0.5580353
v 0.4370564 0.7927040 0.6169991
v 0.4626115 0.7970516 0.6169991
v 0.4470289 0.8129082 0.5580353
v 0.3906917 0.7979415 0.5580353
v 0.4119731 0.7861622 0.6169991
v 0.4370564 0.7927040 0.6169991
v 0.4185159 0.8067211 0.5580353
v 0.3637913 0.7866438 0.5580353
v 0.3875497 0.7774752 0.6169991
v 0.4119731 0.7861622 0.6169991
v 0.3906917 0.7979415 0.5580353
v 0.3380422 0.7729233 0.5580353
v 0.3639693 0.7667080 0.6169991
v 0.3875497 0.7774752 0.6169991
v 0.3637913 0.7866438 0.5580353
v 0.3136620 0.7568961 0.5580353
v 0.3414087 0.7539416 0.6169991
v 0.3639693 0.7667080 0.6169991
v 0.3380422 0.7729233 0.5580353
v 0.2908567 0.7386976 0.5580353
v 0.3200369 0.7392714 0.6169991
v 0.3414087 0.7539416 0.6169991
v 0.3136620 0.7568961 0.5580353
v 0.2698190 0.7184816 0.5580353
v 0.3000142 0.7228076 0.6169991
v 0.3200369 0.7392714 0.6169991
v 0.2908567 0.7386976 0.5580353
v 0.4626115 0.7970516 0.6169991
v 0.4647908 0.7677352 0.6708872
v 0.4856559 0.7696591 0.6708872
v 0.4884469 0.7991723 0.6169991
v 0.4370564 0.7927040 0.6169991
v 0.4441377 0.7641992 0.6708872
v 0.4647908 0.7677352 0.6708872
v 0.4626115 0.7970516 0.6169991
v 0.4119731 0.7861622 0.6169991
v 0.4238209 0.7590725 0.6708872
v 0.4441377 0.7641992 0.6708872
v 0.4370564 0.7927040 0.6169991
v 0.3875497 0.7774752 0.6169991
v 0.4039628 0.7523860 0.6708872
v 0.4238209 0.7590725 0.6708872
v 0.4119731 0.7861622 0.6169991
v 0.3639693 0.7667080 0.6169991
v 0.3846830 0.7441798 0.6708872
v 0.4039628 0.7523860 0.6708872
v 0.3875497 0.7774752 0.6169991
v 0.3414087 0.7539416 0.6169991
v 0.3660974 0.7345035 0.6708872
v 0.3846830 0.7441798 0.6708872
v 0.3639693 0.7667080 0.6169991
v 0.3200369 0.7392714 0.6169991
v 0.3483180 0.7234153 0.6708872
v 0.3660974 0.7345035 0.6708872
v 0.3414087 0.7539416 0.6169991
v 0.3000142 0.7228076 0.6169991
v 0.3314519 0.7109819 0.6708872
v 0.3483180 0.7234153 0.6708872
v 0.3200369 0.7392714 0.6169991
v 0.4647908 0.7677352 0.6708872
v 0.4562284 0.7265745 0.7175231
v 0.4709766 0.7289315 0.7175231
v 0.4856559 0.7696591 0.6708872
v 0.4441377 0.7641992 0.6708872
v 0.4416636 0.7232685 0.7175231
v 0.4562284 0.7265745 0.7175231
v 0.4647908 0.7677352 0.6708872
v 0.4238209 0.7590725 0.6708872
v 0.4273432 0.7190273 0.7175231
v 0.4416636 0.7232685 0.7175231
v 0.4441377 0.7641992 0.6708872
v 0.4039628 0.7523860 0.6708872
v 0.4133271 0.7138686 0.7175231
v 0.4273432 0.7190273 0.7175231
v 0.4238209 0.7590725 0.6708872
v 0.3846830 0.7441798 0.6708872
v 0.3996741 0.7078140 0.7175231
v 0.4133271 0.7138686 0.7175231
v 0.4039628 0.7523860 0.6708872
v 0.3660974 0.7345035 0.6708872
v 0.3864413 0.7008890 0.7175231
v 0.3996741 0.7078140 0.7175231
v 0.3846830 0.7441798 0.6708872
v 0.3483180 0.7234153 0.6708872
v 0.3736842 0.6931224 0.7175231
v 0.3864413 0.7008890 0.7175231
v 0.3660974 0.7345035 0.6708872
v 0.3314519 0.7109819 0.6708872
v 0.3614562 0.6845469 0.7175231
v 0.3736842 0.6931224 0.7175231
v 0.3483180 0.7234153 0.6708872
v 0.4562284 0.7265745 0.7175231
v 0.4453243 0.6751022 0.7551884
v 0.4536080 0.6774767 0.7551884
v 0.4709766 0.7289315 0.7175231
v 0.4416636 0.7232685 0.7175231
v 0.4371613 0.6723412 0.7551884
v 0.4453243 0.6751022 0.7551884
v 0.4562284 0.7265745 0.7175231
v 0.4273432 0.7190273 0.7175231
v 0.4291369 0.6691999 0.7551884
v 0.4371613 0.6723412 0.7551884
v 0.4416636 0.7232685 0.7175231
v 0.4133271 0.7138686 0.7175231
v 0.4212689 0.6656853 0.7551884
v 0.4291369 0.6691999 0.7551884
v 0.4273432 0.7190273 0.7175231
v 0.3996741 0.7078140 0.7175231
v 0.4135747 0.6618050 0.7551884
v 0.4212689 0.6656853 0.7551884
v 0.4133271 0.7138686 0.7175231
v 0.3864413 0.7008890 0.7175231
v 0.4060711 0.6575677 0.7551884
v 0.4135747 0.6618050 0.7551884
v 0.3996741 0.7078140 0.7175231
v 0.3736842 0.6931224 0.7175231
v 0.3987749 0.6529826 0.7551884
v 0.4060711 0.6575677 0.7551884
v 0.3864413 0.7008890 0.7175231
v 0.3614562 0.6845469 0.7175231
v 0.3917020 0.6480599 0.7551884
v 0.3987749 0.6529826 0.7551884
v 0.3736842 0.6931224 0.7175231
v 0.4453243 0.6751022 0.7551884
v 0.4396094 0.6153372 0.7826859
v 0.4412010 0.6161567 0.7826859
v 0.4536080 0.6774767 0.7551884
v 0.4371613 0.6723412 0.7551884
v 0.4380293 0.6144960 0.7826859
v 0.4396094 0.6153372 0.7826859
v 0.4453243 0.6751022 0.7551884
v 0.4291369 0.6691999 0.7551884
v 0.4364609 0.6136331 0.7826859
v 0.4380293 0.6144960 0.7826859
v 0.4371613 0.6723412 0.7551884
v 0.4212689 0.6656853 0.7551884
v 0.4349045 0.6127487 0.7826859
v 0.4364609 0.6136331 0.7826859
v 0.4291369 0.6691999 0.7551884
v 0.4135747 0.6618050 0.7551884
v 0.4333604 0.6118430 0.7826859
v 0.4349045 0.6127487 0.7826859
v 0.4212689 0.6656853 0.7551884
v 0.4060711 0.6575677 0.7551884
v 0.4318289 0.6109162 0.7826859
v 0.4333604 0.6118430 0.7826859
v 0.4135747 0.6618050 0.7551884
v 0.3987749 0.6529826 0.7551884
v 0.4303103 0.6099684 0.7826859
v 0.4318289 0.6109162 0.7826859
v 0.4060711 0.6575677 0.7551884
v 0.3917020 0.6480599 0.7551884
v 0.4288049 0.6089998 0.7826859
v 0.4303103 0.6099684 0.7826859
v 0.3987749 0.6529826 0.7551884
v 0.4462283 0.6062252 0.2260675
v 0.4310331 0.6562469 0.2512462
v 0.4237713 0.6528356 0.2512462
v 0.4447729 0.6054759 0.2260675
v 0.4447729 0.6054759 0.2260675
v 0.4237713 0.6528356 0.2512462
v 0.4166778 0.6490870 0.2512462
v 0.4433278 0.6047065 0.2260675
v 0.4433278 0.6047065 0.2260675
v 0.4166778 0.6490870 0.2512462
v 0.4097681 0.6450095 0.2512462
v 0.4418935 0.6039174 0.2260675
v 0.4418935 0.6039174 0.2260675
v 0.4097681 0.6450095 0.2512462
v 0.4030575 0.6406119 0.2512462
v 0.4404702 0.6031087 0.2260675
v 0.4404702 0.6031087 0.2260675
v 0.4030575 0.6406119 0.2512462
v 0.3965609 0.6359040 0.2512462
v 0.4390581 0.6022804 0.2260675
v 0.4390581 0.6022804 0.2260675
v 0.3965609 0.6359040 0.2512462
v 0.3902925 0.6308962 0.2512462
v 0.4376576 0.6014328 0.2260675
v 0.4376576 0.6014328 0.2260675
v 0.3902925 0.6308962 0.2512462
v 0.3842663 0.6255995 0.2512462
v 0.4362688 0.6005660 0.2260675
v 0.4362688 0.6005660 0.2260675
v 0.3842663 0.6255995 0.2512462
v 0.3784954 0.6200257 0.2512462
v 0.4348921 0.5996803 0.2260675
v 0.4310331 0.6562469 0.2512462
v 0.4148198 0.6996678 0.2863399
v 0.4020822 0.6937396 0.2863399
v 0.4237713 0.6528356 0.2512462
v 0.4237713 0.6528356 0.2512462
v 0.4020822 0.6937396 0.2863399
v 0.3897548 0.6869998 0.2863399
v 0.4166778 0.6490870 0.2512462
v 0.4166778 0.6490870 0.2512462
v 0.3897548 0.6869998 0.2863399
v 0.3778892 0.6794767 0.2863399
v 0.4097681 0.6450095 0.2512462
v 0.4097681 0.6450095 0.2512462
v 0.3778892 0.6794767 0.2863399
v 0.3665351 0.6712018 0.2863399
v 0.4030575 0.6406119 0.2512462
v 0.4030575 0.6406119 0.2512462
v 0.3665351 0.6712018 0.2863399
v 0.3557401 0.6622097 0.2863399
v 0.3965609 0.6359040 0.2512462
v 0.3965609 0.6359040 0.2512462
v 0.3557401 0.6622097 0.2863399
v 0.3455493 0.6525382 0.2863399
v 0.3902925 0.6308962 0.2512462
v 0.3902925 0.6308962 0.2512462
v 0.3455493 0.6525382 0.2863399
v 0.3360056 0.6422278 0.2863399
v 0.3842663 0.6255995 0.2512462
v 0.3842663 0.6255995 0.2512462
v 0.3360056 0.6422278 0.2863399
v 0.3271487 0.6313215 0.2863399
v 0.3784954 0.6200257 0.2512462
v 0.4148198 0.6996678 0.2863399
v 0.4067348 0.7382353 0.3302537
v 0.3885437 0.7302867 0.3302537
v 0.4020822 0.6937396 0.2863399
v 0.4020822 0.6937396 0.2863399
v 0.3885437 0.7302867 0.3302537
v 0.3710238 0.7209515 0.3302537
v 0.3897548 0.6869998 0.2863399
v 0.3897548 0.6869998 0.2863399
v 0.3710238 0.7209515 0.3302537
v 0.3542804 0.7102861 0.3302537
v 0.3778892 0.6794767 0.2863399
v 0.3778892 0.6794767 0.2863399
v 0.3542804 0.7102861 0.3302537
v 0.3384143 0.6983545 0.3302537
v 0.3665351 0.6712018 0.2863399
v 0.3665351 0.6712018 0.2863399
v 0.3384143 0.6983545 0.3302537
v 0.3235211 0.6852287 0.3302537
v 0.3557401 0.6622097 0.2863399
v 0.3557401 0.6622097 0.2863399
v 0.3235211 0.6852287 0.3302537
v 0.3096905 0.6709876 0.3302537
v 0.3455493 0.6525382 0.2863399
v 0.3455493 0.6525382 0.2863399
v 0.3096905 0.6709876 0.3302537
v 0.2970058 0.6557170 0.3302537
v 0.3360056 0.6422278 0.2863399
v 0.3360056 0.6422278 0.2863399
v 0.2970058 0.6557170 0.3302537
v 0.2855432 0.6395089 0.3302537
v 0.3271487 0.6313215 0.2863399
v 0.4067348 0.7382353 0.3302537
v 0.4114364 0.7711249 0.3813784
v 0.3883158 0.7624478 0.3813784
v 0.3885437 0.7302867 0.3302537
v 0.3885437 0.7302867 0.3302537
v 0.3883158 0.7624478 0.3813784
v 0.3660324 0.7518033 0.3813784
v 0.3710238 0.7209515 0.3302537
v 0.3710238 0.7209515 0.3302537
v 0.3660324 0.7518033 0.3813784
v 0.3447533 0.7392711 0.3813784
v 0.3542804 0.7102861 0.3302537
v 0.3542804 0.7102861 0.3302537
v 0.3447533 0.7392711 0.3813784
v 0.3246380 0.7249453 0.3813784
v 0.3384143 0.6983545 0.3302537
v 0.3384143 0.6983545 0.3302537
v 0.3246380 0.7249453 0.3813784
v 0.3058373 0.7089331 0.3813784
v 0.3235211 0.6852287 0.3302537
v 0.3235211 0.6852287 0.3302537
v 0.3058373 0.7089331 0.3813784
v 0.2884921 0.6913547 0.3813784
v 0.3096905 0.6709876 0.3302537
v 0.3096905 0.6709876 0.3302537
v 0.2884921 0.6913547 0.3813784
v 0.2727325 0.6723418 0.3813784
v 0.2970058 0.6557170 0.3302537
v 0.2970058 0.6557170 0.3302537
v 0.2727325 0.6723418 0.3813784
v 0.2586766 0.6520370 0.3813784
v 0.2855432 0.6395089 0.3302537
v 0.4114364 0.7711249 0.3813784
v 0.4290582 0.7953512 0.4376472
v 0.4022336 0.7875879 0.4376472
v 0.3883158 0.7624478 0.3813784
v 0.3883158 0.7624478 0.3813784
v 0.4022336 0.7875879 0.4376472
v 0.3762353 0.7773939 0.4376472
v 0.3660324 0.7518033 0.3813784
v 0.3660324 0.7518033 0.3813784
v 0.3762353 0.7773939 0.4376472
v 0.3512831 0.7648554 0.4376472
v 0.3447533 0.7392711 0.3813784
v 0.3447533 0.7392711 0.3813784
v 0.3512831 0.7648554 0.4376472
v 0.3275878 0.7500783 0.4376472
v 0.3246380 0.7249453 0.3813784
v 0.3246380 0.7249453 0.3813784
v 0.3275878 0.7500783 0.4376472
v 0.3053498 0.7331875 0.4376472
v 0.3058373 0.7089331 0.3813784
v 0.3058373 0.7089331 0.3813784
v 0.3053498 0.7331875 0.4376472
v 0.2847569 0.7143257 0.4376472
v 0.2884921 0.6913547 0.3813784
v 0.2884921 0.6913547 0.3813784
v 0.2847569 0.7143257 0.4376472
v 0.2659834 0.6936525 0.4376472
v 0.2727325 0.6723418 0.3813784
v 0.2727325 0.6723418 0.3813784
v 0.2659834 0.6936525 0.4376472
v 0.2491877 0.6713426 0.4376472
v 0.2586766 0.6520370 0.3813784
v 0.4290582 0.7953512 0.4376472
v 0.4540342 0.8070479 0.4966479
v 0.4254925 0.8013966 0.4966479
v 0.4022336 0.7875879 0.4376472
v 0.4022336 0.7875879 0.4376472
v 0.4254925 0.8013966 0.4966479
v 0.3976051 0.7930982 0.4966479
v 0.3762353 0.7773939 0.4376472
v 0.3762353 0.7773939 0.4376472
v 0.3976051 0.7930982 0.4966479
v 0.3706170 0.7822256 0.4966479
v 0.3512831 0.7648554 0.4376472
v 0.3512831 0.7648554 0.4376472
v 0.3706170 0.7822256 0.4966479
v 0.3447653 0.7688744 0.4966479
v 0.3275878 0.7500783 0.4376472
v 0.3275878 0.7500783 0.4376472
v 0.3447653 0.7688744 0.4966479
v 0.3202769 0.7531617 0.4966479
v 0.3053498 0.7331875 0.4376472
v 0.3053498 0.7331875 0.4376472
v 0.3202769 0.7531617 0.4966479
v 0.2973670 0.7352257 0.4966479
v 0.2847569 0.7143257 0.4376472
v 0.2847569 0.7143257 0.4376472
v 0.2973670 0.7352257 0.4966479
v 0.2762367 0.7152237 0.4966479
v 0.2659834 0.6936525 0.4376472
v 0.2659834 0.6936525 0.4376472
v 0.2762367 0.7152237 0.4966479
v 0.2570716 0.6933315 0.4966479
v 0.2491877 0.6713426 0.4376472
v 0.4540342 0.8070479 0.4966479
v 0.4769226 0.8041529 0.5557800
v 0.4490874 0.8007482 0.5557800
v 0.4254925 0.8013966 0.4966479
v 0.4254925 0.8013966 0.4966479
v 0.4490874 0.8007482 0.5557800
v 0.4216825 0.7948015 0.5557800
v 0.3976051 0.7930982 0.4966479
v 0.3976051 0.7930982 0.4966479
v 0.4216825 0.7948015 0.5557800
v 0.3949396 0.7863632 0.5557800
v 0.3706170 0.7822256 0.4966479
v 0.3706170 0.7822256 0.4966479
v 0.3949396 0.7863632 0.5557800
v 0.3690846 0.7755045 0.5557800
v 0.3447653 0.7688744 0.4966479
v 0.3447653 0.7688744 0.4966479
v 0.3690846 0.7755045 0.5557800
v 0.3443361 0.7623172 0.5557800
v 0.3202769 0.7531617 0.4966479
v 0.3202769 0.7531617 0.4966479
v 0.3443361 0.7623172 0.5557800
v 0.3209033 0.7469128 0.5557800
v 0.2973670 0.7352257 0.4966479
v 0.2973670 0.7352257 0.4966479
v 0.3209033 0.7469128 0.5557800
v 0.2989842 0.7294215 0.5557800
v 0.2762367 0.7152237 0.4966479
v 0.2762367 0.7152237 0.4966479
v 0.2989842 0.7294215 0.5557800
v 0.2787641 0.7099911 0.5557800
v 0.2570716 0.6933315 0.4966479
v 0.4769226 0.8041529 0.5557800
v 0.4888975 0.7875035 0.6124357
v 0.4640698 0.7854655 0.6124357
v 0.4490874 0.8007482 0.5557800
v 0.4490874 0.8007482 0.5557800
v 0.4640698 0.7854655 0.6124357
v 0.4395114 0.7812875 0.6124357
v 0.4216825 0.7948015 0.5557800
v 0.4216825 0.7948015 0.5557800
v 0.4395114 0.7812875 0.6124357
v 0.4154065 0.7750008 0.6124357
v 0.3949396 0.7863632 0.5557800
v 0.3949396 0.7863632 0.5557800
v 0.4154065 0.7750008 0.6124357
v 0.3919357 0.7666526 0.6124357
v 0.3690846 0.7755045 0.5557800
v 0.3690846 0.7755045 0.5557800
v 0.3919357 0.7666526 0.6124357
v 0.3692750 0.7563055 0.6124357
v 0.3443361 0.7623172 0.5557800
v 0.3443361 0.7623172 0.5557800
v 0.3692750 0.7563055 0.6124357
v 0.3475943 0.7440369 0.6124357
v 0.3209033 0.7469128 0.5557800
v 0.3209033 0.7469128 0.5557800
v 0.3475943 0.7440369 0.6124357
v 0.3270561 0.7299390 0.6124357
v 0.2989842 0.7294215 0.5557800
v 0.2989842 0.7294215 0.5557800
v 0.3270561 0.7299390 0.6124357
v 0.3078144 0.7141173 0.6124357
v 0.2787641 0.7099911 0.5557800
v 0.4888975 0.7875035 0.6124357
v 0.4862187 0.7590797 0.6641829
v 0.4661722 0.7572312 0.6641829
v 0.4640698 0.7854655 0.6124357
v 0.4640698 0.7854655 0.6124357
v 0.4661722 0.7572312 0.6641829
v 0.4463293 0.7538340 0.6641829
v 0.4395114 0.7812875 0.6124357
v 0.4395114 0.7812875 0.6124357
v 0.4463293 0.7538340 0.6641829
v 0.4268096 0.7489084 0.6641829
v 0.4154065 0.7750008 0.6124357
v 0.4154065 0.7750008 0.6124357
v 0.4268096 0.7489084 0.6641829
v 0.4077306 0.7424842 0.6641829
v 0.3919357 0.7666526 0.6124357
v 0.3919357 0.7666526 0.6124357
v 0.4077306 0.7424842 0.6641829
v 0.3892071 0.7346000 0.6641829
v 0.3692750 0.7563055 0.6124357
v 0.3692750 0.7563055 0.6124357
v 0.3892071 0.7346000 0.6641829
v 0.3713507 0.7253033 0.6641829
v 0.3475943 0.7440369 0.6124357
v 0.3475943 0.7440369 0.6124357
v 0.3713507 0.7253033 0.6641829
v 0.3542689 0.7146501 0.6641829
v 0.3270561 0.7299390 0.6124357
v 0.3270561 0.7299390 0.6124357
v 0.3542689 0.7146501 0.6641829
v 0.3380645 0.7027045 0.6641829
v 0.3078144 0.7141173 0.6124357
v 0.4862187 0.7590797 0.6641829
v 0.4721240 0.7198807 0.7089233
v 0.4579589 0.7176169 0.7089233
v 0.4661722 0.7572312 0.6641829
v 0.4661722 0.7572312 0.6641829
v 0.4579589 0.7176169 0.7089233
v 0.4439700 0.7144416 0.7089233
v 0.4463293 0.7538340 0.6641829
v 0.4463293 0.7538340 0.6641829
v 0.4439700 0.7144416 0.7089233
v 0.4302157 0.7103681 0.7089233
v 0.4268096 0.7489084 0.6641829
v 0.4268096 0.7489084 0.6641829
v 0.4302157 0.7103681 0.7089233
v 0.4167537 0.7054133 0.7089233
v 0.4077306 0.7424842 0.6641829
v 0.4077306 0.7424842 0.6641829
v 0.4167537 0.7054133 0.7089233
v 0.4036404 0.6995981 0.7089233
v 0.3892071 0.7346000 0.6641829
v 0.3892071 0.7346000 0.6641829
v 0.4036404 0.6995981 0.7089233
v 0.3909308 0.6929469 0.7089233
v 0.3713507 0.7253033 0.6641829
v 0.3713507 0.7253033 0.6641829
v 0.3909308 0.6929469 0.7089233
v 0.3786780 0.6854874 0.7089233
v 0.3542689 0.7146501 0.6641829
v 0.3542689 0.7146501 0.6641829
v 0.3786780 0.6854874 0.7089233
v 0.3669335 0.6772509 0.7089233
v 0.3380645 0.7027045 0.6641829
v 0.4721240 0.7198807 0.7089233
v 0.4554588 0.6703967 0.7450082
v 0.4475055 0.6681168 0.7450082
v 0.4579589 0.7176169 0.7089233
v 0.4579589 0.7176169 0.7089233
v 0.4475055 0.6681168 0.7450082
v 0.4396681 0.6654660 0.7450082
v 0.4439700 0.7144416 0.7089233
v 0.4439700 0.7144416 0.7089233
v 0.4396681 0.6654660 0.7450082
v 0.4319639 0.6624501 0.7450082
v 0.4302157 0.7103681 0.7089233
v 0.4302157 0.7103681 0.7089233
v 0.4319639 0.6624501 0.7450082
v 0.4244097 0.6590756 0.7450082
v 0.4167537 0.7054133 0.7089233
v 0.4167537 0.7054133 0.7089233
v 0.4244097 0.6590756 0.7450082
v 0.4170224 0.6553501 0.7450082
v 0.4036404 0.6995981 0.7089233
v 0.4036404 0.6995981 0.7089233
v 0.4170224 0.6553501 0.7450082
v 0.4098182 0.6512818 0.7450082
v 0.3909308 0.6929469 0.7089233
v 0.3909308 0.6929469 0.7089233
v 0.4098182 0.6512818 0.7450082
v 0.4028131 0.6468797 0.7450082
v 0.3786780 0.6854874 0.7089233
v 0.3786780 0.6854874 0.7089233
v 0.4028131 0.6468797 0.7450082
v 0.3960223 0.6421534 0.7450082
v 0.3669335 0.6772509 0.7089233
v 0.4554588 0.6703967 0.7450082
v 0.4435697 0.6114774 0.7712981
v 0.4420422 0.6106909 0.7712981
v 0.4475055 0.6681168 0.7450082
v 0.4475055 0.6681168 0.7450082
v 0.4420422 0.6106909 0.7712981
v 0.4405258 0.6098836 0.7712981
v 0.4396681 0.6654660 0.7450082
v 0.4396681 0.6654660 0.7450082
v 0.4405258 0.6098836 0.7712981
v 0.4390205 0.6090555 0.7712981
v 0.4319639 0.6624501 0.7450082
v 0.4319639 0.6624501 0.7450082
v 0.4390205 0.6090555 0.7712981
v 0.4375268 0.6082067 0.7712981
v 0.4244097 0.6590756 0.7450082
v 0.4244097 0.6590756 0.7450082
v 0.4375268 0.6082067 0.7712981
v 0.4360449 0.6073375 0.7712981
v 0.4170224 0.6553501 0.7450082
v 0.4170224 0.6553501 0.7450082
v 0.4360449 0.6073375 0.7712981
v 0.4345751 0.6064480 0.7712981
v 0.4098182 0.6512818 0.7450082
v 0.4098182 0.6512818 0.7450082
v 0.4345751 0.6064480 0.7712981
v 0.4331177 0.6055384 0.7712981
v 0.4028131 0.6468797 0.7450082
v 0.4028131 0.6468797 0.7450082
v 0.4331177 0.6055384 0.7712981
v 0.4316729 0.6046088 0.7712981
v 0.3960223 0.6421534 0.7450082
v 0.4462283 0.6062252 0.2260675
v 0.4447729 0.6054759 0.2260675
v 0.4424547 0.6099032 0.2145691
v 0.4439712 0.6106841 0.2145691
v 0.4447729 0.6054759 0.2260675
v 0.4433278 0.6047065 0.2260675
v 0.4409490 0.6091016 0.2145691
v 0.4424547 0.6099032 0.2145691
v 0.4433278 0.6047065 0.2260675
v 0.4418935 0.6039174 0.2260675
v 0.4394545 0.6082794 0.2145691
v 0.4409490 0.6091016 0.2145691
v 0.4418935 0.6039174 0.2260675
v 0.4404702 0.6031087 0.2260675
v 0.4379714 0.6074367 0.2145691
v 0.4394545 0.6082794 0.2145691
v 0.4404702 0.6031087 0.2260675
v 0.4390581 0.6022804 0.2260675
v 0.4365001 0.6065737 0.2145691
v 0.4379714 0.6074367 0.2145691
v 0.4390581 0.6022804 0.2260675
v 0.4376576 0.6014328 0.2260675
v 0.4350407 0.6056905 0.2145691
v 0.4365001 0.6065737 0.2145691
v 0.4376576 0.6014328 0.2260675
v 0.4362688 0.6005660 0.2260675
v 0.4335937 0.6047873 0.2145691
v 0.4350407 0.6056905 0.2145691
v 0.4362688 0.6005660 0.2260675
v 0.4348921 0.5996803 0.2260675
v 0.4321592 0.6038644 0.2145691
v 0.4335937 0.6047873 0.2145691
v 0.4348921 0.5996803 0.2260675
v 0.3784954 0.6200257 0.2512462
v 0.3734468 0.6250129 0.2409104
v 0.4321592 0.6038644 0.2145691
v 0.3784954 0.6200257 0.2512462
v 0.3271487 0.6313215 0.2863399
v 0.3200338 0.6367270 0.2775452
v 0.3734468 0.6250129 0.2409104
v 0.3271487 0.6313215 0.2863399
v 0.2855432 0.6395089 0.3302537
v 0.2767859 0.6452057 0.3233222
v 0.3200338 0.6367270 0.2775452
v 0.2855432 0.6395089 0.3302537
v 0.2586766 0.6520370 0.3813784
v 0.2488821 0.6582076 0.3765639
v 0.2767859 0.6452057 0.3233222
v 0.2586766 0.6520370 0.3813784
v 0.2491877 0.6713426 0.4376472
v 0.2390467 0.6782704 0.4351261
v 0.2488821 0.6582076 0.3765639
v 0.2491877 0.6713426 0.4376472
v 0.2570716 0.6933315 0.4966479
v 0.2472622 0.7011382 0.4965126
v 0.2390467 0.6782704 0.4351261
v 0.2570716 0.6933315 0.4966479
v 0.2787641 0.7099911 0.5557800
v 0.2698190 0.7184816 0.5580353
v 0.2472622 0.7011382 0.4965126
v 0.2787641 0.7099911 0.5557800
v 0.3078144 0.7141173 0.6124357
v 0.3000142 0.7228076 0.6169991
v 0.2698190 0.7184816 0.5580353
v 0.3078144 0.7141173 0.6124357
v 0.3380645 0.7027045 0.6641829
v 0.3314519 0.7109819 0.6708872
v 0.3000142 0.7228076 0.6169991
v 0.3380645 0.7027045 0.6641829
v 0.3669335 0.6772509 0.7089233
v 0.3614562 0.6845469 0.7175231
v 0.3314519 0.7109819 0.6708872
v 0.3669335 0.6772509 0.7089233
v 0.3960223 0.6421534 0.7450082
v 0.3917020 0.6480599 0.7551884
v 0.3614562 0.6845469 0.7175231
v 0.3960223 0.6421534 0.7450082
v 0.4316729 0.6046088 0.7712981
v 0.4288049 0.6089998 0.7826859
v 0.3917020 0.6480599 0.7551884
v 0.4316729 0.6046088 0.7712981
v 0.4331177 0.6055384 0.7712981
v 0.4303103 0.6099684 0.7826859
v 0.4288049 0.6089998 0.7826859
v 0.4331177 0.6055384 0.7712981
v 0.4345751 0.6064480 0.7712981
v 0.4318289 0.6109162 0.7826859
v 0.4303103 0.6099684 0.7826859
v 0.4345751 0.6064480 0.7712981
v 0.4360449 0.6073375 0.7712981
v 0.4333604 0.6118430 0.7826859
v 0.4318289 0.6109162 0.7826859
v 0.4360449 0.6073375 0.7712981
v 0.4375268 0.6082067 0.7712981
v 0.4349045 0.6127487 0.7826859
v 0.4333604 0.6118430 0.7826859
v 0.4375268 0.6082067 0.7712981
v 0.4390205 0.6090555 0.7712981
v 0.4364609 0.6136331 0.7826859
v 0.4349045 0.6127487 0.7826859
v 0.4390205 0.6090555 0.7712981
v 0.4405258 0.6098836 0.7712981
v 0.4380293 0.6144960 0.7826859
v 0.4364609 0.6136331 0.7826859
v 0.4405258 0.6098836 0.7712981
v 0.4420422 0.6106909 0.7712981
v 0.4396094 0.6153372 0.7826859
v 0.4380293 0.6144960 0.7826859
v 0.4420422 0.6106909 0.7712981
v 0.4435697 0.6114774 0.7712981
v 0.4412010 0.6161567 0.7826859
v 0.4396094 0.6153372 0.7826859
v 0.4435697 0.6114774 0.7712981
v 0.4554588 0.6703967 0.7450082
v 0.4536080 0.6774767 0.7551884
v 0.4412010 0.6161567 0.7826859
v 0.4554588 0.6703967 0.7450082
v 0.4721240 0.7198807 0.7089233
v 0.4709766 0.7289315 0.7175231
v 0.4536080 0.6774767 0.7551884
v 0.4721240 0.7198807 0.7089233
v 0.4862187 0.7590797 0.6641829
v 0.4856559 0.7696591 0.6708872
v 0.4709766 0.7289315 0.7175231
v 0.4862187 0.7590797 0.6641829
v 0.4888975 0.7875035 0.6124357
v 0.4884469 0.7991723 0.6169991
v 0.4856559 0.7696591 0.6708872
v 0.4888975 0.7875035 0.6124357
v 0.4769226 0.8041529 0.5557800
v 0.4759896 0.8164506 0.5580353
v 0.4884469 0.7991723 0.6169991
v 0.4769226 0.8041529 0.5557800
v 0.4540342 0.8070479 0.4966479
v 0.4521781 0.8194465 0.4965126
v 0.4759896 0.8164506 0.5580353
v 0.4540342 0.8070479 0.4966479
v 0.4290582 0.7953512 0.4376472
v 0.4261898 0.8072930 0.4351261
v 0.4521781 0.8194465 0.4965126
v 0.4290582 0.7953512 0.4376472
v 0.4114364 0.7711249 0.3813784
v 0.4078419 0.7821289 0.3765639
v 0.4261898 0.8072930 0.4351261
v 0.4114364 0.7711249 0.3813784
v 0.4067348 0.7382353 0.3302537
v 0.4029263 0.7479635 0.3233222
v 0.4078419 0.7821289 0.3765639
v 0.4067348 0.7382353 0.3302537
v 0.4148198 0.6996678 0.2863399
v 0.4113136 0.7078866 0.2775452
v 0.4029263 0.7479635 0.3233222
v 0.4148198 0.6996678 0.2863399
v 0.4310331 0.6562469 0.2512462
v 0.4281675 0.6627391 0.2409104
v 0.4113136 0.7078866 0.2775452
v 0.4310331 0.6562469 0.2512462
v 0.4462283 0.6062252 0.2260675
v 0.4439712 0.6106841 0.2145691
v 0.4281675 0.6627391 0.2409104
v 0.4381886 0.6287657 0.2170643
v 0.4205472 0.6687480 0.2407016
v 0.4242289 0.6704329 0.2407016
v 0.4398393 0.6295451 0.2170643
v 0.4205472 0.6687480 0.2407016
v 0.4041551 0.7048708 0.2711994
v 0.4099293 0.7074743 0.2711994
v 0.4242289 0.6704329 0.2407016
v 0.4041551 0.7048708 0.2711994
v 0.3931869 0.7377616 0.3079182
v 0.4010570 0.7411429 0.3079182
v 0.4099293 0.7074743 0.2711994
v 0.3931869 0.7377616 0.3079182
v 0.3907924 0.7674138 0.3499827
v 0.4006388 0.7712264 0.3499827
v 0.4010570 0.7411429 0.3079182
v 0.3907924 0.7674138 0.3499827
v 0.3983275 0.7927161 0.3963003
v 0.4098677 0.7964729 0.3963003
v 0.4006388 0.7712264 0.3499827
v 0.3983275 0.7927161 0.3963003
v 0.4145830 0.8115031 0.4455955
v 0.4273378 0.8147228 0.4455955
v 0.4098677 0.7964729 0.3963003
v 0.4145830 0.8115031 0.4455955
v 0.4357282 0.8214370 0.4964608
v 0.4490384 0.8238140 0.4964608
v 0.4273378 0.8147228 0.4455955
v 0.4357282 0.8214370 0.4964608
v 0.4562853 0.8211396 0.5474179
v 0.4693979 0.8226533 0.5474179
v 0.4490384 0.8238140 0.4964608
v 0.4562853 0.8211396 0.5474179
v 0.4709223 0.8106799 0.5969851
v 0.4831103 0.8115803 0.5969851
v 0.4693979 0.8226533 0.5474179
v 0.4709223 0.8106799 0.5969851
v 0.4763039 0.7910623 0.6437457
v 0.4869575 0.7917339 0.6437457
v 0.4831103 0.8115803 0.5969851
v 0.4763039 0.7910623 0.6437457
v 0.4722214 0.7632774 0.6864093
v 0.4808873 0.7640480 0.6864093
v 0.4869575 0.7917339 0.6437457
v 0.4722214 0.7632774 0.6864093
v 0.4616746 0.7278688 0.7238638
v 0.4680702 0.7288526 0.7238638
v 0.4808873 0.7640480 0.6864093
v 0.4616746 0.7278688 0.7238638
v 0.4499245 0.6854296 0.7552109
v 0.4539614 0.6864729 0.7552109
v 0.4680702 0.7288526 0.7238638
v 0.4499245 0.6854296 0.7552109
v 0.4423574 0.6372992 0.7797858
v 0.4441168 0.6380247 0.7797858
v 0.4539614 0.6864729 0.7552109
v 0.4121457 0.6126183 0.2170643
v 0.3655338 0.6292574 0.2407016
v 0.3683713 0.6321458 0.2407016
v 0.4135922 0.6137319 0.2170643
v 0.3655338 0.6292574 0.2407016
v 0.3216270 0.6390732 0.2711994
v 0.3255911 0.6440133 0.2711994
v 0.3683713 0.6321458 0.2407016
v 0.3216270 0.6390732 0.2711994
v 0.2842664 0.6462827 0.3079182
v 0.2891894 0.6532923 0.3079182
v 0.3255911 0.6440133 0.2711994
v 0.2842664 0.6462827 0.3079182
v 0.2565454 0.6554552 0.3499827
v 0.2623897 0.6642491 0.3499827
v 0.2891894 0.6532923 0.3079182
v 0.2565454 0.6554552 0.3499827
v 0.2404235 0.6692337 0.3963003
v 0.2472495 0.6792685 0.3963003
v 0.2623897 0.6642491 0.3499827
v 0.2404235 0.6692337 0.3963003
v 0.2367710 0.6871917 0.4455955
v 0.2446115 0.6977548 0.4455955
v 0.2472495 0.6792685 0.3963003
v 0.2367710 0.6871917 0.4455955
v 0.2450496 0.7060410 0.4964608
v 0.2537633 0.7163795 0.4964608
v 0.2446115 0.6977548 0.4455955
v 0.2450496 0.7060410 0.4964608
v 0.2629691 0.7210384 0.5474179
v 0.2721661 0.7305067 0.5474179
v 0.2537633 0.7163795 0.4964608
v 0.2629691 0.7210384 0.5474179
v 0.2868329 0.7278757 0.5969851
v 0.2959196 0.7360481 0.5969851
v 0.2721661 0.7305067 0.5474179
v 0.2868329 0.7278757 0.5969851
v 0.3127580 0.7240965 0.6437457
v 0.3210734 0.7307901 0.6437457
v 0.2959196 0.7360481 0.5969851
v 0.3127580 0.7240965 0.6437457
v 0.3381371 0.7094923 0.6864093
v 0.3451081 0.7146977 0.6864093
v 0.3210734 0.7307901 0.6437457
v 0.3381371 0.7094923 0.6864093
v 0.3624480 0.6856677 0.7238638
v 0.3677009 0.6894465 0.7238638
v 0.3451081 0.7146977 0.6864093
v 0.3624480 0.6856677 0.7238638
v 0.3870188 0.6553285 0.7552109
v 0.3904171 0.6577444 0.7552109
v 0.3677009 0.6894465 0.7238638
v 0.3870188 0.6553285 0.7552109
v 0.4143984 0.6218446 0.7797858
v 0.4159626 0.6229287 0.7797858
v 0.3904171 0.6577444 0.7552109
v 0.3205926 0.7042018 0.3196525
v 0.3086967 0.7198476 0.3508278
v 0.3268816 0.7344354 0.3508278
v 0.3362912 0.7169904 0.3196525
v 0.3086967 0.7198476 0.3508278
v 0.3029208 0.7357151 0.3842116
v 0.3234680 0.7514723 0.3842116
v 0.3268816 0.7344354 0.3508278
v 0.3029208 0.7357151 0.3842116
v 0.3034650 0.7512762 0.4193264
v 0.3261447 0.7674698 0.4193264
v 0.3234680 0.7514723 0.3842116
v 0.3034650 0.7512762 0.4193264
v 0.3098988 0.7654444 0.4556546
v 0.3343238 0.7813372 0.4556546
v 0.3261447 0.7674698 0.4193264
v 0.3098988 0.7654444 0.4556546
v 0.3211449 0.7768271 0.4926504
v 0.3467478 0.7917810 0.4926504
v 0.3343238 0.7813372 0.4556546
v 0.3211449 0.7768271 0.4926504
v 0.3355884 0.7840543 0.5297520
v 0.3616422 0.7976157 0.5297520
v 0.3467478 0.7917810 0.4926504
v 0.3355884 0.7840543 0.5297520
v 0.3513329 0.7860728 0.5663954
v 0.3770109 0.7980155 0.5663954
v 0.3616422 0.7976157 0.5297520
v 0.3513329 0.7860728 0.5663954
v 0.3665552 0.7823120 0.6020281
v 0.3910125 0.7926248 0.6020281
v 0.3770109 0.7980155 0.5663954
v 0.3665552 0.7823120 0.6020281
v 0.3798669 0.7726930 0.6361216
v 0.4023218 0.7815180 0.6361216
v 0.3910125 0.7926248 0.6020281
v 0.3798669 0.7726930 0.6361216
v 0.3905782 0.7575266 0.6681840
v 0.4103769 0.7650676 0.6681840
v 0.4023218 0.7815180 0.6361216
v 0.3097590 0.7284819 0.3571882
v 0.3059504 0.7438074 0.3892755
v 0.3173642 0.7524707 0.3892755
v 0.3199743 0.7366144 0.3571882
v 0.3059504 0.7438074 0.3892755
v 0.3077450 0.7585746 0.4228382
v 0.3202344 0.7674082 0.4228382
v 0.3173642 0.7524707 0.3892755
v 0.3077450 0.7585746 0.4228382
v 0.3146691 0.7718094 0.4574345
v 0.3280364 0.7804575 0.4574345
v 0.3202344 0.7674082 0.4228382
v 0.3146691 0.7718094 0.4574345
v 0.3257299 0.7823388 0.4926011
v 0.3396945 0.7904952 0.4926011
v 0.3280364 0.7804575 0.4574345
v 0.3257299 0.7823388 0.4926011
v 0.3395152 0.7890392 0.5278624
v 0.3537236 0.7964831 0.5278624
v 0.3396945 0.7904952 0.4926011
v 0.3395152 0.7890392 0.5278624
v 0.3543965 0.7910503 0.5627415
v 0.3684483 0.7976656 0.5627415
v 0.3537236 0.7964831 0.5278624
v 0.3543965 0.7910503 0.5627415
v 0.3688021 0.7878950 0.5967696
v 0.3822852 0.7936659 0.5967696
v 0.3684483 0.7976656 0.5627415
v 0.3688021 0.7878950 0.5967696
v 0.3814942 0.7794857 0.6294961
v 0.3940210 0.7844720 0.6294961
v 0.3822852 0.7936659 0.5967696
v 0.2947895 0.6964079 0.3298075
v 0.2893543 0.7016619 0.3421651
v 0.3474638 0.7485394 0.3421651
v 0.3497492 0.7410645 0.3298075
v 0.3591514 0.7595709 0.6508334
v 0.3643925 0.7541457 0.6633698
v 0.4315751 0.7798168 0.6633698
v 0.4297750 0.7868516 0.6508334
v 0.3760483 0.5051159 0.2145691
v 0.3224429 0.5108340 0.2409104
v 0.3231476 0.5191608 0.2409104
v 0.3761304 0.5068197 0.2145691
v 0.3759897 0.5034111 0.2145691
v 0.3221300 0.5024834 0.2409104
v 0.3224429 0.5108340 0.2409104
v 0.3760483 0.5051159 0.2145691
v 0.3759545 0.5017057 0.2145691
v 0.3222096 0.4941273 0.2409104
v 0.3221300 0.5024834 0.2409104
v 0.3759897 0.5034111 0.2145691
v 0.3759428 0.5000000 0.2145691
v 0.3226816 0.4857842 0.2409104
v 0.3222096 0.4941273 0.2409104
v 0.3759545 0.5017057 0.2145691
v 0.3759545 0.4982943 0.2145691
v 0.3235448 0.4774724 0.2409104
v 0.3226816 0.4857842 0.2409104
v 0.3759428 0.5000000 0.2145691
v 0.3759897 0.4965889 0.2145691
v 0.3247975 0.4692104 0.2409104
v 0.3235448 0.4774724 0.2409104
v 0.3759545 0.4982943 0.2145691
v 0.3760483 0.4948841 0.2145691
v 0.3264368 0.4610163 0.2409104
v 0.3247975 0.4692104 0.2409104
v 0.3759897 0.4965889 0.2145691
v 0.3761304 0.4931803 0.2145691
v 0.3284591 0.4529082 0.2409104
v 0.3264368 0.4610163 0.2409104
v 0.3760483 0.4948841 0.2145691
v 0.3224429 0.5108340 0.2409104
v 0.2743361 0.5125674 0.2775452
v 0.2756217 0.5271386 0.2775452
v 0.3231476 0.5191608 0.2409104
v 0.3221300 0.5024834 0.2409104
v 0.2739958 0.4979435 0.2775452
v 0.2743361 0.5125674 0.2775452
v 0.3224429 0.5108340 0.2409104
v 0.3222096 0.4941273 0.2409104
v 0.2746022 0.4833282 0.2775452
v 0.2739958 0.4979435 0.2775452
v 0.3221300 0.5024834 0.2409104
v 0.3226816 0.4857842 0.2409104
v 0.2761527 0.4687828 0.2775452
v 0.2746022 0.4833282 0.2775452
v 0.3222096 0.4941273 0.2409104
v 0.3235448 0.4774724 0.2409104
v 0.2786409 0.4543681 0.2775452
v 0.2761527 0.4687828 0.2775452
v 0.3226816 0.4857842 0.2409104
v 0.3247975 0.4692104 0.2409104
v 0.2820563 0.4401445 0.2775452
v 0.2786409 0.4543681 0.2775452
v 0.3235448 0.4774724 0.2409104
v 0.3264368 0.4610163 0.2409104
v 0.2863847 0.4261717 0.2775452
v 0.2820563 0.4401445 0.2775452
v 0.3247975 0.4692104 0.2409104
v 0.3284591 0.4529082 0.2409104
v 0.2916078 0.4125082 0.2775452
v 0.2863847 0.4261717 0.2775452
v 0.3264368 0.4610163 0.2409104
v 0.2743361 0.5125674 0.2775452
v 0.2344183 0.5193797 0.3233222
v 0.2367205 0.5399135 0.3233222
v 0.2756217 0.5271386 0.2775452
v 0.2739958 0.4979435 0.2775452
v 0.2337152 0.4987292 0.3233222
v 0.2344183 0.5193797 0.3233222
v 0.2743361 0.5125674 0.2775452
v 0.2746022 0.4833282 0.2775452
v 0.2346154 0.4780864 0.3233222
v 0.2337152 0.4987292 0.3233222
v 0.2739958 0.4979435 0.2775452
v 0.2761527 0.4687828 0.2775452
v 0.2371134 0.4575755 0.3233222
v 0.2346154 0.4780864 0.3233222
v 0.2746022 0.4833282 0.2775452
v 0.2786409 0.4543681 0.2775452
v 0.2411942 0.4373201 0.3233222
v 0.2371134 0.4575755 0.3233222
v 0.2761527 0.4687828 0.2775452
v 0.2820563 0.4401445 0.2775452
v 0.2468333 0.4174420 0.3233222
v 0.2411942 0.4373201 0.3233222
v 0.2786409 0.4543681 0.2775452
v 0.2863847 0.4261717 0.2775452
v 0.2539967 0.3980610 0.3233222
v 0.2468333 0.4174420 0.3233222
v 0.2820563 0.4401445 0.2775452
v 0.2916078 0.4125082 0.2775452
v 0.2626412 0.3792938 0.3233222
v 0.2539967 0.3980610 0.3233222
v 0.2863847 0.4261717 0.2775452
v 0.2344183 0.5193797 0.3233222
v 0.2053802 0.5359029 0.3765639
v 0.2095901 0.5612532 0.3765639
v 0.2367205 0.5399135 0.3233222
v 0.2337152 0.4987292 0.3233222
v 0.2033789 0.5102834 0.3765639
v 0.2053802 0.5359029 0.3765639
v 0.2344183 0.5193797 0.3233222
v 0.2346154 0.4780864 0.3233222
v 0.2036011 0.4845868 0.3765639
v 0.2033789 0.5102834 0.3765639
v 0.2337152 0.4987292 0.3233222
v 0.2371134 0.4575755 0.3233222
v 0.2060454 0.4590058 0.3765639
v 0.2036011 0.4845868 0.3765639
v 0.2346154 0.4780864 0.3233222
v 0.2411942 0.4373201 0.3233222
v 0.2106932 0.4337320 0.3765639
v 0.2060454 0.4590058 0.3765639
v 0.2371134 0.4575755 0.3233222
v 0.2468333 0.4174420 0.3233222
v 0.2175099 0.4089551 0.3765639
v 0.2106932 0.4337320 0.3765639
v 0.2411942 0.4373201 0.3233222
v 0.2539967 0.3980610 0.3233222
v 0.2264442 0.3848606 0.3765639
v 0.2175099 0.4089551 0.3765639
v 0.2468333 0.4174420 0.3233222
v 0.2626412 0.3792938 0.3233222
v 0.2374292 0.3616294 0.3765639
v 0.2264442 0.3848606 0.3765639
v 0.2539967 0.3980610 0.3233222
v 0.2053802 0.5359029 0.3765639
v 0.1900118 0.5615164 0.4351261
v 0.1969714 0.5897250 0.4351261
v 0.2095901 0.5612532 0.3765639
v 0.2033789 0.5102834 0.3765639
v 0.1856723 0.5327877 0.4351261
v 0.1900118 0.5615164 0.4351261
v 0.2053802 0.5359029 0.3765639
v 0.2036011 0.4845868 0.3765639
v 0.1839895 0.5037820 0.4351261
v 0.1856723 0.5327877 0.4351261
v 0.2033789 0.5102834 0.3765639
v 0.2060454 0.4590058 0.3765639
v 0.1849776 0.4747443 0.4351261
v 0.1839895 0.5037820 0.4351261
v 0.2036011 0.4845868 0.3765639
v 0.2106932 0.4337320 0.3765639
v 0.1886284 0.4459201 0.4351261
v 0.1849776 0.4747443 0.4351261
v 0.2060454 0.4590058 0.3765639
v 0.2175099 0.4089551 0.3765639
v 0.1949108 0.4175529 0.4351261
v 0.1886284 0.4459201 0.4351261
v 0.2106932 0.4337320 0.3765639
v 0.2264442 0.3848606 0.3765639
v 0.2037719 0.3898826 0.4351261
v 0.1949108 0.4175529 0.4351261
v 0.2175099 0.4089551 0.3765639
v 0.2374292 0.3616294 0.3765639
v 0.2151367 0.3631430 0.4351261
v 0.2037719 0.3898826 0.4351261
v 0.2264442 0.3848606 0.3765639
v 0.1900118 0.5615164 0.4351261
v 0.1896850 0.5896525 0.4965126
v 0.1994403 0.6183083 0.4965126
v 0.1969714 0.5897250 0.4351261
v 0.1856723 0.5327877 0.4351261
v 0.1826551 0.5602094 0.4965126
v 0.1896850 0.5896525 0.4965126
v 0.1900118 0.5615164 0.4351261
v 0.1839895 0.5037820 0.4351261
v 0.1784122 0.5302375 0.4965126
v 0.1826551 0.5602094 0.4965126
v 0.1856723 0.5327877 0.4351261
v 0.1849776 0.4747443 0.4351261
v 0.1769938 0.5000000 0.4965126
v 0.1784122 0.5302375 0.4965126
v 0.1839895 0.5037820 0.4351261
v 0.1886284 0.4459201 0.4351261
v 0.1784122 0.4697625 0.4965126
v 0.1769938 0.5000000 0.4965126
v 0.1849776 0.4747443 0.4351261
v 0.1949108 0.4175529 0.4351261
v 0.1826551 0.4397906 0.4965126
v 0.1784122 0.4697625 0.4965126
v 0.1886284 0.4459201 0.4351261
v 0.2037719 0.3898826 0.4351261
v 0.1896850 0.4103475 0.4965126
v 0.1826551 0.4397906 0.4965126
v 0.1949108 0.4175529 0.4351261
v 0.2151367 0.3631430 0.4351261
v 0.1994403 0.3816917 0.4965126
v 0.1896850 0.4103475 0.4965126
v 0.2037719 0.3898826 0.4351261
v 0.1896850 0.5896525 0.4965126
v 0.2025280 0.6105798 0.5580353
v 0.2139406 0.6374316 0.5580353
v 0.1994403 0.6183083 0.4965126
v 0.1826551 0.5602094 0.4965126
v 0.1936297 0.5827933 0.5580353
v 0.2025280 0.6105798 0.5580353
v 0.1896850 0.5896525 0.4965126
v 0.1784122 0.5302375 0.4965126
v 0.1873209 0.5543070 0.5580353
v 0.1936297 0.5827933 0.5580353
v 0.1826551 0.5602094 0.4965126
v 0.1769938 0.5000000 0.4965126
v 0.1836549 0.5253617 0.5580353
v 0.1873209 0.5543070 0.5580353
v 0.1784122 0.5302375 0.4965126
v 0.1784122 0.4697625 0.4965126
v 0.1826626 0.4962021 0.5580353
v 0.1836549 0.5253617 0.5580353
v 0.1769938 0.5000000 0.4965126
v 0.1826551 0.4397906 0.4965126
v 0.1843525 0.4670746 0.5580353
v 0.1826626 0.4962021 0.5580353
v 0.1784122 0.4697625 0.4965126
v 0.1896850 0.4103475 0.4965126
v 0.1887102 0.4382253 0.5580353
v 0.1843525 0.4670746 0.5580353
v 0.1826551 0.4397906 0.4965126
v 0.1994403 0.3816917 0.4965126
v 0.1956990 0.4098982 0.5580353
v 0.1887102 0.4382253 0.5580353
v 0.1896850 0.4103475 0.4965126
v 0.2025280 0.6105798 0.5580353
v 0.2240516 0.6161464 0.6169991
v 0.2351327 0.6395809 0.6169991
v 0.2139406 0.6374316 0.5580353
v 0.1936297 0.5827933 0.5580353
v 0.2150391 0.5918412 0.6169991
v 0.2240516 0.6161464 0.6169991
v 0.2025280 0.6105798 0.5580353
v 0.1873209 0.5543070 0.5580353
v 0.2081628 0.5668476 0.6169991
v 0.2150391 0.5918412 0.6169991
v 0.1936297 0.5827933 0.5580353
v 0.1836549 0.5253617 0.5580353
v 0.2034743 0.5413528 0.6169991
v 0.2081628 0.5668476 0.6169991
v 0.1873209 0.5543070 0.5580353
v 0.1826626 0.4962021 0.5580353
v 0.2010087 0.5155480 0.6169991
v 0.2034743 0.5413528 0.6169991
v 0.1836549 0.5253617 0.5580353
v 0.1843525 0.4670746 0.5580353
v 0.2007845 0.4896267 0.6169991
v 0.2010087 0.5155480 0.6169991
v 0.1826626 0.4962021 0.5580353
v 0.1887102 0.4382253 0.5580353
v 0.2028033 0.4637831 0.6169991
v 0.2007845 0.4896267 0.6169991
v 0.1843525 0.4670746 0.5580353
v 0.1956990 0.4098982 0.5580353
v 0.2070501 0.4382110 0.6169991
v 0.2028033 0.4637831 0.6169991
v 0.1887102 0.4382253 0.5580353
v 0.2240516 0.6161464 0.6169991
v 0.2505299 0.6033755 0.6708872
v 0.2592963 0.6224072 0.6708872
v 0.2351327 0.6395809 0.6169991
v 0.2150391 0.5918412 0.6169991
v 0.2432656 0.5837214 0.6708872
v 0.2505299 0.6033755 0.6708872
v 0.2240516 0.6161464 0.6169991
v 0.2081628 0.5668476 0.6169991
v 0.2375471 0.5635632 0.6708872
v 0.2432656 0.5837214 0.6708872
v 0.2150391 0.5918412 0.6169991
v 0.2034743 0.5413528 0.6169991
v 0.2334088 0.5430223 0.6708872
v 0.2375471 0.5635632 0.6708872
v 0.2081628 0.5668476 0.6169991
v 0.2010087 0.5155480 0.6169991
v 0.2308755 0.5222224 0.6708872
v 0.2334088 0.5430223 0.6708872
v 0.2034743 0.5413528 0.6169991
v 0.2007845 0.4896267 0.6169991
v 0.2299627 0.5012887 0.6708872
v 0.2308755 0.5222224 0.6708872
v 0.2010087 0.5155480 0.6169991
v 0.2028033 0.4637831 0.6169991
v 0.2306757 0.4803472 0.6708872
v 0.2299627 0.5012887 0.6708872
v 0.2007845 0.4896267 0.6169991
v 0.2070501 0.4382110 0.6169991
v 0.2330103 0.4595241 0.6708872
v 0.2306757 0.4803472 0.6708872
v 0.2028033 0.4637831 0.6169991
v 0.2505299 0.6033755 0.6708872
v 0.2818949 0.5753800 0.7175231
v 0.2872278 0.5893307 0.7175231
v 0.2592963 0.6224072 0.6708872
v 0.2432656 0.5837214 0.6708872
v 0.2774756 0.5611135 0.7175231
v 0.2818949 0.5753800 0.7175231
v 0.2505299 0.6033755 0.6708872
v 0.2375471 0.5635632 0.6708872
v 0.2739884 0.5465910 0.7175231
v 0.2774756 0.5611135 0.7175231
v 0.2432656 0.5837214 0.6708872
v 0.2334088 0.5430223 0.6708872
v 0.2714479 0.5318734 0.7175231
v 0.2739884 0.5465910 0.7175231
v 0.2375471 0.5635632 0.6708872
v 0.2308755 0.5222224 0.6708872
v 0.2698648 0.5170222 0.7175231
v 0.2714479 0.5318734 0.7175231
v 0.2334088 0.5430223 0.6708872
v 0.2299627 0.5012887 0.6708872
v 0.2692457 0.5020997 0.7175231
v 0.2698648 0.5170222 0.7175231
v 0.2308755 0.5222224 0.6708872
v 0.2306757 0.4803472 0.6708872
v 0.2695931 0.4871685 0.7175231
v 0.2692457 0.5020997 0.7175231
v 0.2299627 0.5012887 0.6708872
v 0.2330103 0.4595241 0.6708872
v 0.2709057 0.4722910 0.7175231
v 0.2695931 0.4871685 0.7175231
v 0.2306757 0.4803472 0.6708872
v 0.2818949 0.5753800 0.7175231
v 0.3210192 0.5402006 0.7551884
v 0.3231047 0.5485617 0.7551884
v 0.2872278 0.5893307 0.7175231
v 0.2774756 0.5611135 0.7175231
v 0.3193288 0.5317507 0.7551884
v 0.3210192 0.5402006 0.7551884
v 0.2818949 0.5753800 0.7175231
v 0.2739884 0.5465910 0.7175231
v 0.3180370 0.5232308 0.7551884
v 0.3193288 0.5317507 0.7551884
v 0.2774756 0.5611135 0.7175231
v 0.2714479 0.5318734 0.7175231
v 0.3171468 0.5146595 0.7551884
v 0.3180370 0.5232308 0.7551884
v 0.2739884 0.5465910 0.7175231
v 0.2698648 0.5170222 0.7175231
v 0.3166601 0.5060560 0.7551884
v 0.3171468 0.5146595 0.7551884
v 0.2714479 0.5318734 0.7175231
v 0.2692457 0.5020997 0.7175231
v 0.3165780 0.4974391 0.7551884
v 0.3166601 0.5060560 0.7551884
v 0.2698648 0.5170222 0.7175231
v 0.2695931 0.4871685 0.7175231
v 0.3169006 0.4888278 0.7551884
v 0.3165780 0.4974391 0.7551884
v 0.2692457 0.5020997 0.7175231
v 0.2709057 0.4722910 0.7175231
v 0.3176273 0.4802412 0.7551884
v 0.3169006 0.4888278 0.7551884
v 0.2695931 0.4871685 0.7175231
v 0.3210192 0.5402006 0.7551884
v 0.3699197 0.5053689 0.7826859
v 0.3700059 0.5071569 0.7826859
v 0.3231047 0.5485617 0.7551884
v 0.3193288 0.5317507 0.7551884
v 0.3698582 0.5035798 0.7826859
v 0.3699197 0.5053689 0.7826859
v 0.3210192 0.5402006 0.7551884
v 0.3180370 0.5232308 0.7551884
v 0.3698213 0.5017901 0.7826859
v 0.3698582 0.5035798 0.7826859
v 0.3193288 0.5317507 0.7551884
v 0.3171468 0.5146595 0.7551884
v 0.3698090 0.5000000 0.7826859
v 0.3698213 0.5017901 0.7826859
v 0.3180370 0.5232308 0.7551884
v 0.3166601 0.5060560 0.7551884
v 0.3698213 0.4982099 0.7826859
v 0.3698090 0.5000000 0.7826859
v 0.3171468 0.5146595 0.7551884
v 0.3165780 0.4974391 0.7551884
v 0.3698582 0.4964202 0.7826859
v 0.3698213 0.4982099 0.7826859
v 0.3166601 0.5060560 0.7551884
v 0.3169006 0.4888278 0.7551884
v 0.3699197 0.4946311 0.7826859
v 0.3698582 0.4964202 0.7826859
v 0.3165780 0.4974391 0.7551884
v 0.3176273 0.4802412 0.7551884
v 0.3700059 0.4928431 0.7826859
v 0.3699197 0.4946311 0.7826859
v 0.3169006 0.4888278 0.7551884
v 0.3811204 0.5065450 0.2260675
v 0.3302027 0.5183964 0.2512462
v 0.3295261 0.5104018 0.2512462
v 0.3810417 0.5049098 0.2260675
v 0.3810417 0.5049098 0.2260675
v 0.3295261 0.5104018 0.2512462
v 0.3292257 0.5023844 0.2512462
v 0.3809854 0.5032737 0.2260675
v 0.3809854 0.5032737 0.2260675
v 0.3292257 0.5023844 0.2512462
v 0.3293022 0.4943616 0.2512462
v 0.3809516 0.5016370 0.2260675
v 0.3809516 0.5016370 0.2260675
v 0.3293022 0.4943616 0.2512462
v 0.3297553 0.4863513 0.2512462
v 0.3809404 0.5000000 0.2260675
v 0.3809404 0.5000000 0.2260675
v 0.3297553 0.4863513 0.2512462
v 0.3305841 0.4783711 0.2512462
v 0.3809516 0.4983630 0.2260675
v 0.3809516 0.4983630 0.2260675
v 0.3305841 0.4783711 0.2512462
v 0.3317868 0.4704386 0.2512462
v 0.3809854 0.4967263 0.2260675
v 0.3809854 0.4967263 0.2260675
v 0.3317868 0.4704386 0.2512462
v 0.3333607 0.4625714 0.2512462
v 0.3810417 0.4950902 0.2260675
v 0.3810417 0.4950902 0.2260675
v 0.3333607 0.4625714 0.2512462
v 0.3353024 0.4547868 0.2512462
v 0.3811204 0.4934550 0.2260675
v 0.3302027 0.5183964 0.2512462
v 0.2844925 0.5260657 0.2863399
v 0.2832577 0.5120705 0.2863399
v 0.3295261 0.5104018 0.2512462
v 0.3295261 0.5104018 0.2512462
v 0.2832577 0.5120705 0.2863399
v 0.2829309 0.4980248 0.2863399
v 0.3292257 0.5023844 0.2512462
v 0.3292257 0.5023844 0.2512462
v 0.2829309 0.4980248 0.2863399
v 0.2835133 0.4839873 0.2863399
v 0.3293022 0.4943616 0.2512462
v 0.3293022 0.4943616 0.2512462
v 0.2835133 0.4839873 0.2863399
v 0.2850025 0.4700169 0.2863399
v 0.3297553 0.4863513 0.2512462
v 0.3297553 0.4863513 0.2512462
v 0.2850025 0.4700169 0.2863399
v 0.2873923 0.4561721 0.2863399
v 0.3305841 0.4783711 0.2512462
v 0.3305841 0.4783711 0.2512462
v 0.2873923 0.4561721 0.2863399
v 0.2906727 0.4425109 0.2863399
v 0.3317868 0.4704386 0.2512462
v 0.3317868 0.4704386 0.2512462
v 0.2906727 0.4425109 0.2863399
v 0.2948299 0.4290905 0.2863399
v 0.3333607 0.4625714 0.2512462
v 0.3333607 0.4625714 0.2512462
v 0.2948299 0.4290905 0.2863399
v 0.2998466 0.4159672 0.2863399
v 0.3353024 0.4547868 0.2512462
v 0.2844925 0.5260657 0.2863399
v 0.2470496 0.5383476 0.3302537
v 0.2448378 0.5186194 0.3302537
v 0.2832577 0.5120705 0.2863399
v 0.2832577 0.5120705 0.2863399
v 0.2448378 0.5186194 0.3302537
v 0.2441623 0.4987791 0.3302537
v 0.2829309 0.4980248 0.2863399
v 0.2829309 0.4980248 0.2863399
v 0.2441623 0.4987791 0.3302537
v 0.2450271 0.4789461 0.3302537
v 0.2835133 0.4839873 0.2863399
v 0.2835133 0.4839873 0.2863399
v 0.2450271 0.4789461 0.3302537
v 0.2474271 0.4592399 0.3302537
v 0.2850025 0.4700169 0.2863399
v 0.2850025 0.4700169 0.2863399
v 0.2474271 0.4592399 0.3302537
v 0.2513478 0.4397791 0.3302537
v 0.2873923 0.4561721 0.2863399
v 0.2873923 0.4561721 0.2863399
v 0.2513478 0.4397791 0.3302537
v 0.2567657 0.4206810 0.3302537
v 0.2906727 0.4425109 0.2863399
v 0.2906727 0.4425109 0.2863399
v 0.2567657 0.4206810 0.3302537
v 0.2636480 0.4020603 0.3302537
v 0.2948299 0.4290905 0.2863399
v 0.2948299 0.4290905 0.2863399
v 0.2636480 0.4020603 0.3302537
v 0.2719534 0.3840294 0.3302537
v 0.2998466 0.4159672 0.2863399
v 0.2470496 0.5383476 0.3302537
v 0.2209172 0.5588641 0.3813784
v 0.2168714 0.5345025 0.3813784
v 0.2448378 0.5186194 0.3302537
v 0.2448378 0.5186194 0.3302537
v 0.2168714 0.5345025 0.3813784
v 0.2149482 0.5098823 0.3813784
v 0.2441623 0.4987791 0.3302537
v 0.2441623 0.4987791 0.3302537
v 0.2149482 0.5098823 0.3813784
v 0.2151618 0.4851880 0.3813784
v 0.2450271 0.4789461 0.3302537
v 0.2450271 0.4789461 0.3302537
v 0.2151618 0.4851880 0.3813784
v 0.2175107 0.4606047 0.3813784
v 0.2474271 0.4592399 0.3302537
v 0.2474271 0.4592399 0.3302537
v 0.2175107 0.4606047 0.3813784
v 0.2219773 0.4363167 0.3813784
v 0.2513478 0.4397791 0.3302537
v 0.2513478 0.4397791 0.3302537
v 0.2219773 0.4363167 0.3813784
v 0.2285280 0.4125062 0.3813784
v 0.2567657 0.4206810 0.3302537
v 0.2567657 0.4206810 0.3302537
v 0.2285280 0.4125062 0.3813784
v 0.2371139 0.3893515 0.3813784
v 0.2636480 0.4020603 0.3302537
v 0.2636480 0.4020603 0.3302537
v 0.2371139 0.3893515 0.3813784
v 0.2476704 0.3670263 0.3813784
v 0.2719534 0.3840294 0.3302537
v 0.2209172 0.5588641 0.3813784
v 0.2087474 0.5862382 0.4376472
v 0.2020583 0.5591258 0.4376472
v 0.2168714 0.5345025 0.3813784
v 0.2168714 0.5345025 0.3813784
v 0.2020583 0.5591258 0.4376472
v 0.1978874 0.5315136 0.4376472
v 0.2149482 0.5098823 0.3813784
v 0.2149482 0.5098823 0.3813784
v 0.1978874 0.5315136 0.4376472
v 0.1962700 0.5036350 0.4376472
v 0.2151618 0.4851880 0.3813784
v 0.2151618 0.4851880 0.3813784
v 0.1962700 0.5036350 0.4376472
v 0.1972198 0.4757258 0.4376472
v 0.2175107 0.4606047 0.3813784
v 0.2175107 0.4606047 0.3813784
v 0.1972198 0.4757258 0.4376472
v 0.2007286 0.4480217 0.4376472
v 0.2219773 0.4363167 0.3813784
v 0.2219773 0.4363167 0.3813784
v 0.2007286 0.4480217 0.4376472
v 0.2067669 0.4207569 0.4376472
v 0.2285280 0.4125062 0.3813784
v 0.2285280 0.4125062 0.3813784
v 0.2067669 0.4207569 0.4376472
v 0.2152837 0.3941619 0.4376472
v 0.2371139 0.3893515 0.3813784
v 0.2371139 0.3893515 0.3813784
v 0.2152837 0.3941619 0.4376472
v 0.2262068 0.3684615 0.4376472
v 0.2476704 0.3670263 0.3813784
v 0.2087474 0.5862382 0.4376472
v 0.2111059 0.6137164 0.4966479
v 0.2017292 0.5861729 0.4966479
v 0.2020583 0.5591258 0.4376472
v 0.2020583 0.5591258 0.4376472
v 0.2017292 0.5861729 0.4966479
v 0.1949721 0.5578725 0.4966479
v 0.1978874 0.5315136 0.4376472
v 0.1978874 0.5315136 0.4376472
v 0.1949721 0.5578725 0.4966479
v 0.1908940 0.5290639 0.4966479
v 0.1962700 0.5036350 0.4376472
v 0.1962700 0.5036350 0.4376472
v 0.1908940 0.5290639 0.4966479
v 0.1895306 0.5000000 0.4966479
v 0.1972198 0.4757258 0.4376472
v 0.1972198 0.4757258 0.4376472
v 0.1895306 0.5000000 0.4966479
v 0.1908940 0.4709361 0.4966479
v 0.2007286 0.4480217 0.4376472
v 0.2007286 0.4480217 0.4376472
v 0.1908940 0.4709361 0.4966479
v 0.1949721 0.4421275 0.4966479
v 0.2067669 0.4207569 0.4376472
v 0.2067669 0.4207569 0.4376472
v 0.1949721 0.4421275 0.4966479
v 0.2017292 0.4138271 0.4966479
v 0.2152837 0.3941619 0.4376472
v 0.2152837 0.3941619 0.4376472
v 0.2017292 0.4138271 0.4966479
v 0.2111059 0.3862836 0.4966479
v 0.2262068 0.3684615 0.4376472
v 0.2111059 0.6137164 0.4966479
v 0.2250572 0.6320909 0.5557800
v 0.2140881 0.6062825 0.5557800
v 0.2017292 0.5861729 0.4966479
v 0.2017292 0.5861729 0.4966479
v 0.2140881 0.6062825 0.5557800
v 0.2055356 0.5795758 0.5557800
v 0.1949721 0.5578725 0.4966479
v 0.1949721 0.5578725 0.4966479
v 0.2055356 0.5795758 0.5557800
v 0.1994720 0.5521966 0.5557800
v 0.1908940 0.5290639 0.4966479
v 0.1908940 0.5290639 0.4966479
v 0.1994720 0.5521966 0.5557800
v 0.1959484 0.5243762 0.5557800
v 0.1895306 0.5000000 0.4966479
v 0.1895306 0.5000000 0.4966479
v 0.1959484 0.5243762 0.5557800
v 0.1949947 0.4963497 0.5557800
v 0.1908940 0.4709361 0.4966479
v 0.1908940 0.4709361 0.4966479
v 0.1949947 0.4963497 0.5557800
v 0.1966189 0.4683541 0.5557800
v 0.1949721 0.4421275 0.4966479
v 0.1949721 0.4421275 0.4966479
v 0.1966189 0.4683541 0.5557800
v 0.2008073 0.4406260 0.5557800
v 0.2017292 0.4138271 0.4966479
v 0.2017292 0.4138271 0.4966479
v 0.2008073 0.4406260 0.5557800
v 0.2075244 0.4133997 0.5557800
v 0.2111059 0.3862836 0.4966479
v 0.2250572 0.6320909 0.5557800
v 0.2454635 0.6341367 0.6124357
v 0.2348146 0.6116163 0.6124357
v 0.2140881 0.6062825 0.5557800
v 0.2140881 0.6062825 0.5557800
v 0.2348146 0.6116163 0.6124357
v 0.2261536 0.5882591 0.6124357
v 0.2055356 0.5795758 0.5557800
v 0.2055356 0.5795758 0.5557800
v 0.2261536 0.5882591 0.6124357
v 0.2195456 0.5642403 0.6124357
v 0.1994720 0.5521966 0.5557800
v 0.1994720 0.5521966 0.5557800
v 0.2195456 0.5642403 0.6124357
v 0.2150399 0.5397399 0.6124357
v 0.1959484 0.5243762 0.5557800
v 0.1959484 0.5243762 0.5557800
v 0.2150399 0.5397399 0.6124357
v 0.2126705 0.5149416 0.6124357
v 0.1949947 0.4963497 0.5557800
v 0.1949947 0.4963497 0.5557800
v 0.2126705 0.5149416 0.6124357
v 0.2124550 0.4900313 0.6124357
v 0.1966189 0.4683541 0.5557800
v 0.1966189 0.4683541 0.5557800
v 0.2124550 0.4900313 0.6124357
v 0.2143951 0.4651957 0.6124357
v 0.2008073 0.4406260 0.5557800
v 0.2008073 0.4406260 0.5557800
v 0.2143951 0.4651957 0.6124357
v 0.2184762 0.4406210 0.6124357
v 0.2075244 0.4133997 0.5557800
v 0.2454635 0.6341367 0.6124357
v 0.2687397 0.6176049 0.6641829
v 0.2603173 0.5993199 0.6641829
v 0.2348146 0.6116163 0.6124357
v 0.2348146 0.6116163 0.6124357
v 0.2603173 0.5993199 0.6641829
v 0.2533380 0.5804368 0.6641829
v 0.2261536 0.5882591 0.6124357
v 0.2261536 0.5882591 0.6124357
v 0.2533380 0.5804368 0.6641829
v 0.2478438 0.5610695 0.6641829
v 0.2195456 0.5642403 0.6124357
v 0.2195456 0.5642403 0.6124357
v 0.2478438 0.5610695 0.6641829
v 0.2438678 0.5413345 0.6641829
v 0.2150399 0.5397399 0.6124357
v 0.2150399 0.5397399 0.6124357
v 0.2438678 0.5413345 0.6641829
v 0.2414340 0.5213506 0.6641829
v 0.2126705 0.5149416 0.6124357
v 0.2126705 0.5149416 0.6124357
v 0.2414340 0.5213506 0.6641829
v 0.2405569 0.5012381 0.6641829
v 0.2124550 0.4900313 0.6124357
v 0.2124550 0.4900313 0.6124357
v 0.2405569 0.5012381 0.6641829
v 0.2412420 0.4811182 0.6641829
v 0.2143951 0.4651957 0.6124357
v 0.2143951 0.4651957 0.6124357
v 0.2412420 0.4811182 0.6641829
v 0.2434850 0.4611120 0.6641829
v 0.2184762 0.4406210 0.6124357
v 0.2687397 0.6176049 0.6641829
v 0.2956398 0.5857990 0.7089233
v 0.2905177 0.5723998 0.7089233
v 0.2603173 0.5993199 0.6641829
v 0.2603173 0.5993199 0.6641829
v 0.2905177 0.5723998 0.7089233
v 0.2862731 0.5586974 0.7089233
v 0.2533380 0.5804368 0.6641829
v 0.2533380 0.5804368 0.6641829
v 0.2862731 0.5586974 0.7089233
v 0.2829237 0.5447490 0.7089233
v 0.2478438 0.5610695 0.6641829
v 0.2478438 0.5610695 0.6641829
v 0.2829237 0.5447490 0.7089233
v 0.2804837 0.5306132 0.7089233
v 0.2438678 0.5413345 0.6641829
v 0.2438678 0.5413345 0.6641829
v 0.2804837 0.5306132 0.7089233
v 0.2789632 0.5163492 0.7089233
v 0.2414340 0.5213506 0.6641829
v 0.2414340 0.5213506 0.6641829
v 0.2789632 0.5163492 0.7089233
v 0.2783685 0.5020167 0.7089233
v 0.2405569 0.5012381 0.6641829
v 0.2405569 0.5012381 0.6641829
v 0.2783685 0.5020167 0.7089233
v 0.2787022 0.4876758 0.7089233
v 0.2412420 0.4811182 0.6641829
v 0.2412420 0.4811182 0.6641829
v 0.2787022 0.4876758 0.7089233
v 0.2799630 0.4733865 0.7089233
v 0.2434850 0.4611120 0.6641829
v 0.2956398 0.5857990 0.7089233
v 0.3301615 0.5466245 0.7450082
v 0.3281593 0.5385969 0.7450082
v 0.2905177 0.5723998 0.7089233
v 0.2905177 0.5723998 0.7089233
v 0.3281593 0.5385969 0.7450082
v 0.3265363 0.5304841 0.7450082
v 0.2862731 0.5586974 0.7089233
v 0.2862731 0.5586974 0.7089233
v 0.3265363 0.5304841 0.7450082
v 0.3252960 0.5223040 0.7450082
v 0.2829237 0.5447490 0.7089233
v 0.2829237 0.5447490 0.7089233
v 0.3252960 0.5223040 0.7450082
v 0.3244413 0.5140747 0.7450082
v 0.2804837 0.5306132 0.7089233
v 0.2804837 0.5306132 0.7089233
v 0.3244413 0.5140747 0.7450082
v 0.3239740 0.5058144 0.7450082
v 0.2789632 0.5163492 0.7089233
v 0.2789632 0.5163492 0.7089233
v 0.3239740 0.5058144 0.7450082
v 0.3238952 0.4975412 0.7450082
v 0.2783685 0.5020167 0.7089233
v 0.2783685 0.5020167 0.7089233
v 0.3238952 0.4975412 0.7450082
v 0.3242050 0.4892735 0.7450082
v 0.2787022 0.4876758 0.7089233
v 0.2787022 0.4876758 0.7089233
v 0.3242050 0.4892735 0.7450082
v 0.3249027 0.4810294 0.7450082
v 0.2799630 0.4733865 0.7089233
v 0.3301615 0.5466245 0.7450082
v 0.3752426 0.5068686 0.7712981
v 0.3751599 0.5051526 0.7712981
v 0.3281593 0.5385969 0.7450082
v 0.3281593 0.5385969 0.7450082
v 0.3751599 0.5051526 0.7712981
v 0.3751009 0.5034356 0.7712981
v 0.3265363 0.5304841 0.7450082
v 0.3265363 0.5304841 0.7450082
v 0.3751009 0.5034356 0.7712981
v 0.3750655 0.5017180 0.7712981
v 0.3252960 0.5223040 0.7450082
v 0.3252960 0.5223040 0.7450082
v 0.3750655 0.5017180 0.7712981
v 0.3750537 0.5000000 0.7712981
v 0.3244413 0.5140747 0.7450082
v 0.3244413 0.5140747 0.7450082
v 0.3750537 0.5000000 0.7712981
v 0.3750655 0.4982820 0.7712981
v 0.3239740 0.5058144 0.7450082
v 0.3239740 0.5058144 0.7450082
v 0.3750655 0.4982820 0.7712981
v 0.3751009 0.4965644 0.7712981
v 0.3238952 0.4975412 0.7450082
v 0.3238952 0.4975412 0.7450082
v 0.3751009 0.4965644 0.7712981
v 0.3751599 0.4948474 0.7712981
v 0.3242050 0.4892735 0.7450082
v 0.3242050 0.4892735 0.7450082
v 0.3751599 0.4948474 0.7712981
v 0.3752426 0.4931314 0.7712981
v 0.3249027 0.4810294 0.7450082
v 0.3811204 0.5065450 0.2260675
v 0.3810417 0.5049098 0.2260675
v 0.3760483 0.5051159 0.2145691
v 0.3761304 0.5068197 0.2145691
v 0.3810417 0.5049098 0.2260675
v 0.3809854 0.5032737 0.2260675
v 0.3759897 0.5034111 0.2145691
v 0.3760483 0.5051159 0.2145691
v 0.3809854 0.5032737 0.2260675
v 0.3809516 0.5016370 0.2260675
v 0.3759545 0.5017057 0.2145691
v 0.3759897 0.5034111 0.2145691
v 0.3809516 0.5016370 0.2260675
v 0.3809404 0.5000000 0.2260675
v 0.3759428 0.5000000 0.2145691
v 0.3759545 0.5017057 0.2145691
v 0.3809404 0.5000000 0.2260675
v 0.3809516 0.4983630 0.2260675
v 0.3759545 0.4982943 0.2145691
v 0.3759428 0.5000000 0.2145691
v 0.3809516 0.4983630 0.2260675
v 0.3809854 0.4967263 0.2260675
v 0.3759897 0.4965889 0.2145691
v 0.3759545 0.4982943 0.2145691
v 0.3809854 0.4967263 0.2260675
v 0.3810417 0.4950902 0.2260675
v 0.3760483 0.4948841 0.2145691
v 0.3759897 0.4965889 0.2145691
v 0.3810417 0.4950902 0.2260675
v 0.3811204 0.4934550 0.2260675
v 0.3761304 0.4931803 0.2145691
v 0.3760483 0.4948841 0.2145691
v 0.3811204 0.4934550 0.2260675
v 0.3353024 0.4547868 0.2512462
v 0.3284591 0.4529082 0.2409104
v 0.3761304 0.4931803 0.2145691
v 0.3353024 0.4547868 0.2512462
v 0.2998466 0.4159672 0.2863399
v 0.2916078 0.4125082 0.2775452
v 0.3284591 0.4529082 0.2409104
v 0.2998466 0.4159672 0.2863399
v 0.2719534 0.3840294 0.3302537
v 0.2626412 0.3792938 0.3233222
v 0.2916078 0.4125082 0.2775452
v 0.2719534 0.3840294 0.3302537
v 0.2476704 0.3670263 0.3813784
v 0.2374292 0.3616294 0.3765639
v 0.2626412 0.3792938 0.3233222
v 0.2476704 0.3670263 0.3813784
v 0.2262068 0.3684615 0.4376472
v 0.2151367 0.3631430 0.4351261
v 0.2374292 0.3616294 0.3765639
v 0.2262068 0.3684615 0.4376472
v 0.2111059 0.3862836 0.4966479
v 0.1994403 0.3816917 0.4965126
v 0.2151367 0.3631430 0.4351261
v 0.2111059 0.3862836 0.4966479
v 0.2075244 0.4133997 0.5557800
v 0.1956990 0.4098982 0.5580353
v 0.1994403 0.3816917 0.4965126
v 0.2075244 0.4133997 0.5557800
v 0.2184762 0.4406210 0.6124357
v 0.2070501 0.4382110 0.6169991
v 0.1956990 0.4098982 0.5580353
v 0.2184762 0.4406210 0.6124357
v 0.2434850 0.4611120 0.6641829
v 0.2330103 0.4595241 0.6708872
v 0.2070501 0.4382110 0.6169991
v 0.2434850 0.4611120 0.6641829
v 0.2799630 0.4733865 0.7089233
v 0.2709057 0.4722910 0.7175231
v 0.2330103 0.4595241 0.6708872
v 0.2799630 0.4733865 0.7089233
v 0.3249027 0.4810294 0.7450082
v 0.3176273 0.4802412 0.7551884
v 0.2709057 0.4722910 0.7175231
v 0.3249027 0.4810294 0.7450082
v 0.3752426 0.4931314 0.7712981
v 0.3700059 0.4928431 0.7826859
v 0.3176273 0.4802412 0.7551884
v 0.3752426 0.4931314 0.7712981
v 0.3751599 0.4948474 0.7712981
v 0.3699197 0.4946311 0.7826859
v 0.3700059 0.4928431 0.7826859
v 0.3751599 0.4948474 0.7712981
v 0.3751009 0.4965644 0.7712981
v 0.3698582 0.4964202 0.7826859
v 0.3699197 0.4946311 0.7826859
v 0.3751009 0.4965644 0.7712981
v 0.3750655 0.4982820 0.7712981
v 0.3698213 0.4982099 0.7826859
v 0.3698582 0.4964202 0.7826859
v 0.3750655 0.4982820 0.7712981
v 0.3750537 0.5000000 0.7712981
v 0.3698090 0.5000000 0.7826859
v 0.3698213 0.4982099 0.7826859
v 0.3750537 0.5000000 0.7712981
v 0.3750655 0.5017180 0.7712981
v 0.3698213 0.5017901 0.7826859
v 0.3698090 0.5000000 0.7826859
v 0.3750655 0.5017180 0.7712981
v 0.3751009 0.5034356 0.7712981
v 0.3698582 0.5035798 0.7826859
v 0.3698213 0.5017901 0.7826859
v 0.3751009 0.5034356 0.7712981
v 0.3751599 0.5051526 0.7712981
v 0.3699197 0.5053689 0.7826859
v 0.3698582 0.5035798 0.7826859
v 0.3751599 0.5051526 0.7712981
v 0.3752426 0.5068686 0.7712981
v 0.3700059 0.5071569 0.7826859
v 0.3699197 0.5053689 0.7826859
v 0.3752426 0.5068686 0.7712981
v 0.3301615 0.5466245 0.7450082
v 0.3231047 0.5485617 0.7551884
v 0.3700059 0.5071569 0.7826859
v 0.3301615 0.5466245 0.7450082
v 0.2956398 0.5857990 0.7089233
v 0.2872278 0.5893307 0.7175231
v 0.3231047 0.5485617 0.7551884
v 0.2956398 0.5857990 0.7089233
v 0.2687397 0.6176049 0.6641829
v 0.2592963 0.6224072 0.6708872
v 0.2872278 0.5893307 0.7175231
v 0.2687397 0.6176049 0.6641829
v 0.2454635 0.6341367 0.6124357
v 0.2351327 0.6395809 0.6169991
v 0.2592963 0.6224072 0.6708872
v 0.2454635 0.6341367 0.6124357
v 0.2250572 0.6320909 0.5557800
v 0.2139406 0.6374316 0.5580353
v 0.2351327 0.6395809 0.6169991
v 0.2250572 0.6320909 0.5557800
v 0.2111059 0.6137164 0.4966479
v 0.1994403 0.6183083 0.4965126
v 0.2139406 0.6374316 0.5580353
v 0.2111059 0.6137164 0.4966479
v 0.2087474 0.5862382 0.4376472
v 0.1969714 0.5897250 0.4351261
v 0.1994403 0.6183083 0.4965126
v 0.2087474 0.5862382 0.4376472
v 0.2209172 0.5588641 0.3813784
v 0.2095901 0.5612532 0.3765639
v 0.1969714 0.5897250 0.4351261
v 0.2209172 0.5588641 0.3813784
v 0.2470496 0.5383476 0.3302537
v 0.2367205 0.5399135 0.3233222
v 0.2095901 0.5612532 0.3765639
v 0.2470496 0.5383476 0.3302537
v 0.2844925 0.5260657 0.2863399
v 0.2756217 0.5271386 0.2775452
v 0.2367205 0.5399135 0.3233222
v 0.2844925 0.5260657 0.2863399
v 0.3302027 0.5183964 0.2512462
v 0.3231476 0.5191608 0.2409104
v 0.2756217 0.5271386 0.2775452
v 0.3302027 0.5183964 0.2512462
v 0.3811204 0.5065450 0.2260675
v 0.3761304 0.5068197 0.2145691
v 0.3231476 0.5191608 0.2409104
v 0.3575799 0.5108526 0.2170643
v 0.3141336 0.5155658 0.2407016
v 0.3145152 0.5195967 0.2407016
v 0.3577303 0.5126719 0.2170643
v 0.3141336 0.5155658 0.2407016
v 0.2746542 0.5194313 0.2711994
v 0.2752867 0.5257336 0.2711994
v 0.3145152 0.5195967 0.2407016
v 0.2746542 0.5194313 0.2711994
v 0.2406858 0.5263779 0.3079182
v 0.2416926 0.5348843 0.3079182
v 0.2752867 0.5257336 0.2711994
v 0.2406858 0.5263779 0.3079182
v 0.2138091 0.5391303 0.3499827
v 0.2154304 0.5495639 0.3499827
v 0.2416926 0.5348843 0.3079182
v 0.2138091 0.5391303 0.3499827
v 0.1956641 0.5583070 0.3963003
v 0.1981808 0.5701796 0.3963003
v 0.2154304 0.5495639 0.3499827
v 0.1956641 0.5583070 0.3963003
v 0.1875219 0.5817782 0.4455955
v 0.1911110 0.5944341 0.4455955
v 0.1981808 0.5701796 0.3963003
v 0.1875219 0.5817782 0.4455955
v 0.1894915 0.6050575 0.4964608
v 0.1940880 0.6177730 0.4964608
v 0.1911110 0.5944341 0.4455955
v 0.1894915 0.6050575 0.4964608
v 0.2000276 0.6227117 0.5474179
v 0.2052730 0.6348245 0.5474179
v 0.1940880 0.6177730 0.4964608
v 0.2000276 0.6227117 0.5474179
v 0.2164044 0.6301579 0.5969851
v 0.2217187 0.6411632 0.5969851
v 0.2052730 0.6348245 0.5474179
v 0.2164044 0.6301579 0.5969851
v 0.2360846 0.6250098 0.6437457
v 0.2408298 0.6345718 0.6437457
v 0.2217187 0.6411632 0.5969851
v 0.2360846 0.6250098 0.6437457
v 0.2581058 0.6075818 0.6864093
v 0.2617714 0.6154719 0.6864093
v 0.2408298 0.6345718 0.6437457
v 0.2581058 0.6075818 0.6864093
v 0.2834971 0.5807437 0.7238638
v 0.2858429 0.5867743 0.7238638
v 0.2617714 0.6154719 0.6864093
v 0.2834971 0.5807437 0.7238638
v 0.3143755 0.5493482 0.7552109
v 0.3154904 0.5533659 0.7552109
v 0.2858429 0.5867743 0.7238638
v 0.3143755 0.5493482 0.7552109
v 0.3522741 0.5187296 0.7797858
v 0.3525255 0.5206161 0.7797858
v 0.3154904 0.5533659 0.7552109
v 0.3585426 0.4802251 0.2170643
v 0.3208267 0.4481775 0.2407016
v 0.3197440 0.4520790 0.2407016
v 0.3583014 0.4820346 0.2170643
v 0.3208267 0.4481775 0.2407016
v 0.2903725 0.4150610 0.2711994
v 0.2880763 0.4209641 0.2711994
v 0.3197440 0.4520790 0.2407016
v 0.2903725 0.4150610 0.2711994
v 0.2654487 0.3863105 0.3079182
v 0.2618397 0.3940789 0.3079182
v 0.2880763 0.4209641 0.2711994
v 0.2654487 0.3863105 0.3079182
v 0.2436446 0.3668897 0.3499827
v 0.2389510 0.3763479 0.3499827
v 0.2618397 0.3940789 0.3079182
v 0.2436446 0.3668897 0.3499827
v 0.2236510 0.3598170 0.3963003
v 0.2183737 0.3707459 0.3963003
v 0.2389510 0.3763479 0.3499827
v 0.2236510 0.3598170 0.3963003
v 0.2062728 0.3656329 0.4455955
v 0.2010451 0.3777045 0.4455955
v 0.2183737 0.3707459 0.3963003
v 0.2062728 0.3656329 0.4455955
v 0.1940880 0.3822270 0.4964608
v 0.1894915 0.3949425 0.4964608
v 0.2010451 0.3777045 0.4455955
v 0.1940880 0.3822270 0.4964608
v 0.1900597 0.4052445 0.5474179
v 0.1864584 0.4179434 0.5474179
v 0.1894915 0.3949425 0.4964608
v 0.1900597 0.4052445 0.5474179
v 0.1960703 0.4293297 0.5969851
v 0.1935361 0.4412853 0.5969851
v 0.1864584 0.4179434 0.5474179
v 0.1960703 0.4293297 0.5969851
v 0.2123058 0.4498919 0.6437457
v 0.2106666 0.4604400 0.6437457
v 0.1935361 0.4412853 0.5969851
v 0.2123058 0.4498919 0.6437457
v 0.2376429 0.4645688 0.6864093
v 0.2366203 0.4732085 0.6864093
v 0.2106666 0.4604400 0.6437457
v 0.2376429 0.4645688 0.6864093
v 0.2704311 0.4737103 0.7238638
v 0.2697850 0.4801488 0.7238638
v 0.2366203 0.4732085 0.6864093
v 0.2704311 0.4737103 0.7238638
v 0.3089910 0.4798196 0.7552109
v 0.3085979 0.4839706 0.7552109
v 0.2697850 0.4801488 0.7238638
v 0.3089910 0.4798196 0.7552109
v 0.3516787 0.4867891 0.7797858
v 0.3515219 0.4886858 0.7797858
v 0.3085979 0.4839706 0.7552109
v 0.2334524 0.4467295 0.3196525
v 0.2139547 0.4442503 0.3508278
v 0.2104138 0.4672927 0.3508278
v 0.2302264 0.4667192 0.3196525
v 0.2139547 0.4442503 0.3508278
v 0.1973251 0.4471820 0.3842116
v 0.1939526 0.4728550 0.3842116
v 0.2104138 0.4672927 0.3508278
v 0.1973251 0.4471820 0.3842116
v 0.1841209 0.4554338 0.4193264
v 0.1814367 0.4831718 0.4193264
v 0.1939526 0.4728550 0.3842116
v 0.1841209 0.4554338 0.4193264
v 0.1750678 0.4680898 0.4556546
v 0.1735168 0.4971888 0.4556546
v 0.1814367 0.4831718 0.4193264
v 0.1750678 0.4680898 0.4556546
v 0.1708332 0.4835205 0.4926504
v 0.1706841 0.5131702 0.4926504
v 0.1735168 0.4971888 0.4556546
v 0.1708332 0.4835205 0.4926504
v 0.1717960 0.4996425 0.5297520
v 0.1730783 0.5289865 0.5297520
v 0.1706841 0.5131702 0.4926504
v 0.1717960 0.4996425 0.5297520
v 0.1779201 0.5142869 0.5663954
v 0.1804164 0.5424960 0.5663954
v 0.1730783 0.5289865 0.5297520
v 0.1779201 0.5142869 0.5663954
v 0.1887883 0.5255894 0.6020281
v 0.1920857 0.5519265 0.6020281
v 0.1804164 0.5424960 0.5663954
v 0.1887883 0.5255894 0.6020281
v 0.2037744 0.5323081 0.6361216
v 0.2073591 0.5561672 0.6361216
v 0.1920857 0.5519265 0.6020281
v 0.2037744 0.5323081 0.6361216
v 0.2222645 0.5340012 0.6681840
v 0.2256332 0.5549179 0.6681840
v 0.2073591 0.5561672 0.6361216
v 0.2070084 0.4494874 0.3571882
v 0.1918318 0.4538518 0.3892755
v 0.1900360 0.4680681 0.3892755
v 0.2050731 0.4624003 0.3571882
v 0.1918318 0.4538518 0.3892755
v 0.1799403 0.4627896 0.4228382
v 0.1785349 0.4780225 0.4228382
v 0.1900360 0.4680681 0.3892755
v 0.1799403 0.4627896 0.4228382
v 0.1719407 0.4754034 0.4574345
v 0.1711348 0.4913039 0.4574345
v 0.1785349 0.4780225 0.4228382
v 0.1719407 0.4754034 0.4574345
v 0.1683523 0.4902471 0.4926011
v 0.1682710 0.5064190 0.4926011
v 0.1711348 0.4913039 0.4574345
v 0.1683523 0.4902471 0.4926011
v 0.1694423 0.5055357 0.5278624
v 0.1700999 0.5215625 0.5278624
v 0.1682710 0.5064190 0.4926011
v 0.1694423 0.5055357 0.5278624
v 0.1751413 0.5194288 0.5627415
v 0.1764382 0.5349056 0.5627415
v 0.1700999 0.5215625 0.5278624
v 0.1751413 0.5194288 0.5627415
v 0.1850767 0.5303267 0.5967696
v 0.1868205 0.5448889 0.5967696
v 0.1764382 0.5349056 0.5627415
v 0.1850767 0.5303267 0.5967696
v 0.1987054 0.5371138 0.6294961
v 0.2006505 0.5504555 0.6294961
v 0.1868205 0.5448889 0.5967696
v 0.2273005 0.4204865 0.3298075
v 0.2200328 0.4184064 0.3421651
v 0.2084905 0.4921695 0.3421651
v 0.2161066 0.4904112 0.3298075
v 0.2047807 0.5078070 0.6508334
v 0.2120996 0.5096333 0.6633698
v 0.2234591 0.5806507 0.6633698
v 0.2164668 0.5826092 0.6508334
v 0.4335937 0.3952127 0.2145691
v 0.4018389 0.3516480 0.2409104
v 0.3949801 0.3564217 0.2409104
v 0.4321592 0.3961356 0.2145691
v 0.4350407 0.3943095 0.2145691
v 0.4089143 0.3472017 0.2409104
v 0.4018389 0.3516480 0.2409104
v 0.4335937 0.3952127 0.2145691
v 0.4365001 0.3934263 0.2145691
v 0.4161907 0.3430927 0.2409104
v 0.4089143 0.3472017 0.2409104
v 0.4350407 0.3943095 0.2145691
v 0.4379714 0.3925633 0.2145691
v 0.4236520 0.3393298 0.2409104
v 0.4161907 0.3430927 0.2409104
v 0.4365001 0.3934263 0.2145691
v 0.4394545 0.3917206 0.2145691
v 0.4312819 0.3359216 0.2409104
v 0.4236520 0.3393298 0.2409104
v 0.4379714 0.3925633 0.2145691
v 0.4409490 0.3908984 0.2145691
v 0.4390634 0.3328754 0.2409104
v 0.4312819 0.3359216 0.2409104
v 0.4394545 0.3917206 0.2145691
v 0.4424547 0.3900968 0.2145691
v 0.4469793 0.3301980 0.2409104
v 0.4390634 0.3328754 0.2409104
v 0.4409490 0.3908984 0.2145691
v 0.4439712 0.3893159 0.2145691
v 0.4550123 0.3278953 0.2409104
v 0.4469793 0.3301980 0.2409104
v 0.4424547 0.3900968 0.2145691
v 0.4018389 0.3516480 0.2409104
v 0.3762844 0.3108530 0.2775452
v 0.3643081 0.3192520 0.2775452
v 0.3949801 0.3564217 0.2409104
v 0.4089143 0.3472017 0.2409104
v 0.3887789 0.3032464 0.2775452
v 0.3762844 0.3108530 0.2775452
v 0.4018389 0.3516480 0.2409104
v 0.4161907 0.3430927 0.2409104
v 0.4017393 0.2964639 0.2775452
v 0.3887789 0.3032464 0.2775452
v 0.4089143 0.3472017 0.2409104
v 0.4236520 0.3393298 0.2409104
v 0.4151113 0.2905339 0.2775452
v 0.4017393 0.2964639 0.2775452
v 0.4161907 0.3430927 0.2409104
v 0.4312819 0.3359216 0.2409104
v 0.4288388 0.2854814 0.2775452
v 0.4151113 0.2905339 0.2775452
v 0.4236520 0.3393298 0.2409104
v 0.4390634 0.3328754 0.2409104
v 0.4428645 0.2813275 0.2775452
v 0.4288388 0.2854814 0.2775452
v 0.4312819 0.3359216 0.2409104
v 0.4469793 0.3301980 0.2409104
v 0.4571295 0.2780896 0.2775452
v 0.4428645 0.2813275 0.2775452
v 0.4390634 0.3328754 0.2409104
v 0.4550123 0.3278953 0.2409104
v 0.4715740 0.2757812 0.2775452
v 0.4571295 0.2780896 0.2775452
v 0.4469793 0.3301980 0.2409104
v 0.3762844 0.3108530 0.2775452
v 0.3504259 0.2796894 0.3233222
v 0.3337941 0.2919500 0.3233222
v 0.3643081 0.3192520 0.2775452
v 0.3887789 0.3032464 0.2775452
v 0.3679581 0.2687552 0.3233222
v 0.3504259 0.2796894 0.3233222
v 0.3762844 0.3108530 0.2775452
v 0.4017393 0.2964639 0.2775452
v 0.3862854 0.2592134 0.3233222
v 0.3679581 0.2687552 0.3233222
v 0.3887789 0.3032464 0.2775452
v 0.4151113 0.2905339 0.2775452
v 0.4052974 0.2511213 0.3233222
v 0.3862854 0.2592134 0.3233222
v 0.4017393 0.2964639 0.2775452
v 0.4288388 0.2854814 0.2775452
v 0.4248795 0.2445277 0.3233222
v 0.4052974 0.2511213 0.3233222
v 0.4151113 0.2905339 0.2775452
v 0.4428645 0.2813275 0.2775452
v 0.4449140 0.2394722 0.3233222
v 0.4248795 0.2445277 0.3233222
v 0.4288388 0.2854814 0.2775452
v 0.4571295 0.2780896 0.2775452
v 0.4652801 0.2359854 0.3233222
v 0.4449140 0.2394722 0.3233222
v 0.4428645 0.2813275 0.2775452
v 0.4715740 0.2757812 0.2775452
v 0.4858552 0.2340881 0.3233222
v 0.4652801 0.2359854 0.3233222
v 0.4571295 0.2780896 0.2775452
v 0.3504259 0.2796894 0.3233222
v 0.3215973 0.2628032 0.3765639
v 0.3017482 0.2791243 0.3765639
v 0.3337941 0.2919500 0.3233222
v 0.3679581 0.2687552 0.3233222
v 0.3427838 0.2482602 0.3765639
v 0.3215973 0.2628032 0.3765639
v 0.3504259 0.2796894 0.3233222
v 0.3862854 0.2592134 0.3233222
v 0.3651488 0.2356045 0.3765639
v 0.3427838 0.2482602 0.3765639
v 0.3679581 0.2687552 0.3233222
v 0.4052974 0.2511213 0.3233222
v 0.3885247 0.2249307 0.3765639
v 0.3651488 0.2356045 0.3765639
v 0.3862854 0.2592134 0.3233222
v 0.4248795 0.2445277 0.3233222
v 0.4127364 0.2163190 0.3765639
v 0.3885247 0.2249307 0.3765639
v 0.4052974 0.2511213 0.3233222
v 0.4449140 0.2394722 0.3233222
v 0.4376022 0.2098339 0.3765639
v 0.4127364 0.2163190 0.3765639
v 0.4248795 0.2445277 0.3233222
v 0.4652801 0.2359854 0.3233222
v 0.4629357 0.2055240 0.3765639
v 0.4376022 0.2098339 0.3765639
v 0.4449140 0.2394722 0.3233222
v 0.4858552 0.2340881 0.3233222
v 0.4885471 0.2034217 0.3765639
v 0.4629357 0.2055240 0.3765639
v 0.4652801 0.2359854 0.3233222
v 0.3215973 0.2628032 0.3765639
v 0.2917312 0.2623005 0.4351261
v 0.2707815 0.2824320 0.4351261
v 0.3017482 0.2791243 0.3765639
v 0.3427838 0.2482602 0.3765639
v 0.3144411 0.2441781 0.4351261
v 0.2917312 0.2623005 0.4351261
v 0.3215973 0.2628032 0.3765639
v 0.3651488 0.2356045 0.3765639
v 0.3387194 0.2282179 0.4351261
v 0.3144411 0.2441781 0.4351261
v 0.3427838 0.2482602 0.3765639
v 0.3885247 0.2249307 0.3765639
v 0.3643609 0.2145548 0.4351261
v 0.3387194 0.2282179 0.4351261
v 0.3651488 0.2356045 0.3765639
v 0.4127364 0.2163190 0.3765639
v 0.3911488 0.2033043 0.4351261
v 0.3643609 0.2145548 0.4351261
v 0.3885247 0.2249307 0.3765639
v 0.4376022 0.2098339 0.3765639
v 0.4188567 0.1945615 0.4351261
v 0.3911488 0.2033043 0.4351261
v 0.4127364 0.2163190 0.3765639
v 0.4629357 0.2055240 0.3765639
v 0.4472504 0.1884002 0.4351261
v 0.4188567 0.1945615 0.4351261
v 0.4376022 0.2098339 0.3765639
v 0.4885471 0.2034217 0.3765639
v 0.4760900 0.1848727 0.4351261
v 0.4472504 0.1884002 0.4351261
v 0.4629357 0.2055240 0.3765639
v 0.2917312 0.2623005 0.4351261
v 0.2672011 0.2760856 0.4965126
v 0.2472622 0.2988618 0.4965126
v 0.2707815 0.2824320 0.4351261
v 0.3144411 0.2441781 0.4351261
v 0.2891846 0.2552759 0.4965126
v 0.2672011 0.2760856 0.4965126
v 0.2917312 0.2623005 0.4351261
v 0.3387194 0.2282179 0.4351261
v 0.3130197 0.2366156 0.4965126
v 0.2891846 0.2552759 0.4965126
v 0.3144411 0.2441781 0.4351261
v 0.3643609 0.2145548 0.4351261
v 0.3384969 0.2202684 0.4965126
v 0.3130197 0.2366156 0.4965126
v 0.3387194 0.2282179 0.4351261
v 0.3911488 0.2033043 0.4351261
v 0.3653926 0.2063781 0.4965126
v 0.3384969 0.2202684 0.4965126
v 0.3643609 0.2145548 0.4351261
v 0.4188567 0.1945615 0.4351261
v 0.3934704 0.1950665 0.4965126
v 0.3653926 0.2063781 0.4965126
v 0.3911488 0.2033043 0.4351261
v 0.4472504 0.1884002 0.4351261
v 0.4224839 0.1864330 0.4965126
v 0.3934704 0.1950665 0.4965126
v 0.4188567 0.1945615 0.4351261
v 0.4760900 0.1848727 0.4351261
v 0.4521781 0.1805535 0.4965126
v 0.4224839 0.1864330 0.4965126
v 0.4472504 0.1884002 0.4351261
v 0.2672011 0.2760856 0.4965126
v 0.2554991 0.2976716 0.5580353
v 0.2379510 0.3209811 0.5580353
v 0.2472622 0.2988618 0.4965126
v 0.2891846 0.2552759 0.4965126
v 0.2751138 0.2760722 0.5580353
v 0.2554991 0.2976716 0.5580353
v 0.2672011 0.2760856 0.4965126
v 0.3130197 0.2366156 0.4965126
v 0.2966292 0.2563655 0.5580353
v 0.2751138 0.2760722 0.5580353
v 0.2891846 0.2552759 0.4965126
v 0.3384969 0.2202684 0.4965126
v 0.3198635 0.2387180 0.5580353
v 0.2966292 0.2563655 0.5580353
v 0.3130197 0.2366156 0.4965126
v 0.3653926 0.2063781 0.4965126
v 0.3446204 0.2232788 0.5580353
v 0.3198635 0.2387180 0.5580353
v 0.3384969 0.2202684 0.4965126
v 0.3934704 0.1950665 0.4965126
v 0.3706905 0.2101785 0.5580353
v 0.3446204 0.2232788 0.5580353
v 0.3653926 0.2063781 0.4965126
v 0.4224839 0.1864330 0.4965126
v 0.3978535 0.1995278 0.5580353
v 0.3706905 0.2101785 0.5580353
v 0.3934704 0.1950665 0.4965126
v 0.4521781 0.1805535 0.4965126
v 0.4258799 0.1914167 0.5580353
v 0.3978535 0.1995278 0.5580353
v 0.4224839 0.1864330 0.4965126
v 0.2554991 0.2976716 0.5580353
v 0.2614400 0.3190949 0.6169991
v 0.2466857 0.3404086 0.6169991
v 0.2379510 0.3209811 0.5580353
v 0.2751138 0.2760722 0.5580353
v 0.2779827 0.2991372 0.6169991
v 0.2614400 0.3190949 0.6169991
v 0.2554991 0.2976716 0.5580353
v 0.2966292 0.2563655 0.5580353
v 0.2961897 0.2806854 0.6169991
v 0.2779827 0.2991372 0.6169991
v 0.2751138 0.2760722 0.5580353
v 0.3198635 0.2387180 0.5580353
v 0.3159246 0.2638776 0.6169991
v 0.2961897 0.2806854 0.6169991
v 0.2966292 0.2563655 0.5580353
v 0.3446204 0.2232788 0.5580353
v 0.3370394 0.2488400 0.6169991
v 0.3159246 0.2638776 0.6169991
v 0.3198635 0.2387180 0.5580353
v 0.3706905 0.2101785 0.5580353
v 0.3593758 0.2356851 0.6169991
v 0.3370394 0.2488400 0.6169991
v 0.3446204 0.2232788 0.5580353
v 0.3978535 0.1995278 0.5580353
v 0.3827664 0.2245117 0.6169991
v 0.3593758 0.2356851 0.6169991
v 0.3706905 0.2101785 0.5580353
v 0.4258799 0.1914167 0.5580353
v 0.4070359 0.2154035 0.6169991
v 0.3827664 0.2245117 0.6169991
v 0.3978535 0.1995278 0.5580353
v 0.2614400 0.3190949 0.6169991
v 0.2857391 0.3356404 0.6708872
v 0.2736404 0.3527481 0.6708872
v 0.2466857 0.3404086 0.6169991
v 0.2779827 0.2991372 0.6169991
v 0.2991279 0.3195222 0.6708872
v 0.2857391 0.3356404 0.6708872
v 0.2614400 0.3190949 0.6169991
v 0.2961897 0.2806854 0.6169991
v 0.3137262 0.3044907 0.6708872
v 0.2991279 0.3195222 0.6708872
v 0.2779827 0.2991372 0.6169991
v 0.3159246 0.2638776 0.6169991
v 0.3294459 0.2906364 0.6708872
v 0.3137262 0.3044907 0.6708872
v 0.2961897 0.2806854 0.6169991
v 0.3370394 0.2488400 0.6169991
v 0.3461926 0.2780426 0.6708872
v 0.3294459 0.2906364 0.6708872
v 0.3159246 0.2638776 0.6169991
v 0.3593758 0.2356851 0.6169991
v 0.3638653 0.2667852 0.6708872
v 0.3461926 0.2780426 0.6708872
v 0.3370394 0.2488400 0.6169991
v 0.3827664 0.2245117 0.6169991
v 0.3823577 0.2569319 0.6708872
v 0.3638653 0.2667852 0.6708872
v 0.3593758 0.2356851 0.6169991
v 0.4070359 0.2154035 0.6169991
v 0.4015583 0.2485422 0.6708872
v 0.3823577 0.2569319 0.6708872
v 0.3827664 0.2245117 0.6169991
v 0.2857391 0.3356404 0.6708872
v 0.3256665 0.3488054 0.7175231
v 0.3162513 0.3603993 0.7175231
v 0.2736404 0.3527481 0.6708872
v 0.2991279 0.3195222 0.6708872
v 0.3358120 0.3378450 0.7175231
v 0.3256665 0.3488054 0.7175231
v 0.2857391 0.3356404 0.6708872
v 0.3137262 0.3044907 0.6708872
v 0.3466452 0.3275637 0.7175231
v 0.3358120 0.3378450 0.7175231
v 0.2991279 0.3195222 0.6708872
v 0.3294459 0.2906364 0.6708872
v 0.3581208 0.3180048 0.7175231
v 0.3466452 0.3275637 0.7175231
v 0.3137262 0.3044907 0.6708872
v 0.3461926 0.2780426 0.6708872
v 0.3701907 0.3092082 0.7175231
v 0.3581208 0.3180048 0.7175231
v 0.3294459 0.2906364 0.6708872
v 0.3638653 0.2667852 0.6708872
v 0.3828044 0.3012108 0.7175231
v 0.3701907 0.3092082 0.7175231
v 0.3461926 0.2780426 0.6708872
v 0.3823577 0.2569319 0.6708872
v 0.3959090 0.2940460 0.7175231
v 0.3828044 0.3012108 0.7175231
v 0.3638653 0.2667852 0.6708872
v 0.4015583 0.2485422 0.6708872
v 0.4094496 0.2877440 0.7175231
v 0.3959090 0.2940460 0.7175231
v 0.3823577 0.2569319 0.6708872
v 0.3256665 0.3488054 0.7175231
v 0.3756949 0.3650984 0.7551884
v 0.3694966 0.3710850 0.7551884
v 0.3162513 0.3603993 0.7175231
v 0.3358120 0.3378450 0.7175231
v 0.3821675 0.3594095 0.7551884
v 0.3756949 0.3650984 0.7551884
v 0.3256665 0.3488054 0.7175231
v 0.3466452 0.3275637 0.7175231
v 0.3889001 0.3540308 0.7551884
v 0.3821675 0.3594095 0.7551884
v 0.3358120 0.3378450 0.7175231
v 0.3581208 0.3180048 0.7175231
v 0.3958779 0.3489743 0.7551884
v 0.3889001 0.3540308 0.7551884
v 0.3466452 0.3275637 0.7175231
v 0.3701907 0.3092082 0.7175231
v 0.4030854 0.3442510 0.7551884
v 0.3958779 0.3489743 0.7551884
v 0.3581208 0.3180048 0.7175231
v 0.3828044 0.3012108 0.7175231
v 0.4105068 0.3398714 0.7551884
v 0.4030854 0.3442510 0.7551884
v 0.3701907 0.3092082 0.7175231
v 0.3959090 0.2940460 0.7175231
v 0.4181257 0.3358452 0.7551884
v 0.4105068 0.3398714 0.7551884
v 0.3828044 0.3012108 0.7175231
v 0.4094496 0.2877440 0.7175231
v 0.4259253 0.3321812 0.7551884
v 0.4181257 0.3358452 0.7551884
v 0.3959090 0.2940460 0.7175231
v 0.3756949 0.3650984 0.7551884
v 0.4303103 0.3900316 0.7826859
v 0.4288049 0.3910002 0.7826859
v 0.3694966 0.3710850 0.7551884
v 0.3821675 0.3594095 0.7551884
v 0.4318289 0.3890838 0.7826859
v 0.4303103 0.3900316 0.7826859
v 0.3756949 0.3650984 0.7551884
v 0.3889001 0.3540308 0.7551884
v 0.4333604 0.3881570 0.7826859
v 0.4318289 0.3890838 0.7826859
v 0.3821675 0.3594095 0.7551884
v 0.3958779 0.3489743 0.7551884
v 0.4349045 0.3872513 0.7826859
v 0.4333604 0.3881570 0.7826859
v 0.3889001 0.3540308 0.7551884
v 0.4030854 0.3442510 0.7551884
v 0.4364609 0.3863669 0.7826859
v 0.4349045 0.3872513 0.7826859
v 0.3958779 0.3489743 0.7551884
v 0.4105068 0.3398714 0.7551884
v 0.4380293 0.3855040 0.7826859
v 0.4364609 0.3863669 0.7826859
v 0.4030854 0.3442510 0.7551884
v 0.4181257 0.3358452 0.7551884
v 0.4396094 0.3846628 0.7826859
v 0.4380293 0.3855040 0.7826859
v 0.4105068 0.3398714 0.7551884
v 0.4259253 0.3321812 0.7551884
v 0.4412010 0.3838433 0.7826859
v 0.4396094 0.3846628 0.7826859
v 0.4181257 0.3358452 0.7551884
v 0.4348921 0.4003197 0.2260675
v 0.3991696 0.3621494 0.2512462
v 0.4057548 0.3575662 0.2512462
v 0.4362688 0.3994340 0.2260675
v 0.4362688 0.3994340 0.2260675
v 0.4057548 0.3575662 0.2512462
v 0.4125479 0.3532973 0.2512462
v 0.4376576 0.3985672 0.2260675
v 0.4376576 0.3985672 0.2260675
v 0.4125479 0.3532973 0.2512462
v 0.4195341 0.3493521 0.2512462
v 0.4390581 0.3977196 0.2260675
v 0.4390581 0.3977196 0.2260675
v 0.4195341 0.3493521 0.2512462
v 0.4266978 0.3457394 0.2512462
v 0.4404702 0.3968913 0.2260675
v 0.4404702 0.3968913 0.2260675
v 0.4266978 0.3457394 0.2512462
v 0.4340232 0.3424671 0.2512462
v 0.4418935 0.3960826 0.2260675
v 0.4418935 0.3960826 0.2260675
v 0.4340232 0.3424671 0.2512462
v 0.4414943 0.3395425 0.2512462
v 0.4433278 0.3952935 0.2260675
v 0.4433278 0.3952935 0.2260675
v 0.4414943 0.3395425 0.2512462
v 0.4490945 0.3369719 0.2512462
v 0.4447729 0.3945241 0.2260675
v 0.4447729 0.3945241 0.2260675
v 0.4490945 0.3369719 0.2512462
v 0.4568070 0.3347611 0.2512462
v 0.4462283 0.3937748 0.2260675
v 0.3991696 0.3621494 0.2512462
v 0.3696727 0.3263979 0.2863399
v 0.3811755 0.3183309 0.2863399
v 0.4057548 0.3575662 0.2512462
v 0.4057548 0.3575662 0.2512462
v 0.3811755 0.3183309 0.2863399
v 0.3931760 0.3110250 0.2863399
v 0.4125479 0.3532973 0.2512462
v 0.4125479 0.3532973 0.2512462
v 0.3931760 0.3110250 0.2863399
v 0.4056240 0.3045106 0.2863399
v 0.4195341 0.3493521 0.2512462
v 0.4195341 0.3493521 0.2512462
v 0.4056240 0.3045106 0.2863399
v 0.4184673 0.2988152 0.2863399
v 0.4266978 0.3457394 0.2512462
v 0.4266978 0.3457394 0.2512462
v 0.4184673 0.2988152 0.2863399
v 0.4316522 0.2939624 0.2863399
v 0.4340232 0.3424671 0.2512462
v 0.4340232 0.3424671 0.2512462
v 0.4316522 0.2939624 0.2863399
v 0.4451233 0.2899727 0.2863399
v 0.4414943 0.3395425 0.2512462
v 0.4414943 0.3395425 0.2512462
v 0.4451233 0.2899727 0.2863399
v 0.4588244 0.2868628 0.2863399
v 0.4490945 0.3369719 0.2512462
v 0.4490945 0.3369719 0.2512462
v 0.4588244 0.2868628 0.2863399
v 0.4726979 0.2846456 0.2863399
v 0.4568070 0.3347611 0.2512462
v 0.3696727 0.3263979 0.2863399
v 0.3403148 0.3001123 0.3302537
v 0.3562940 0.2883327 0.3302537
v 0.3811755 0.3183309 0.2863399
v 0.3811755 0.3183309 0.2863399
v 0.3562940 0.2883327 0.3302537
v 0.3731385 0.2778275 0.3302537
v 0.3931760 0.3110250 0.2863399
v 0.3931760 0.3110250 0.2863399
v 0.3731385 0.2778275 0.3302537
v 0.3907468 0.2686600 0.3302537
v 0.4056240 0.3045106 0.2863399
v 0.4056240 0.3045106 0.2863399
v 0.3907468 0.2686600 0.3302537
v 0.4090128 0.2608854 0.3302537
v 0.4184673 0.2988152 0.2863399
v 0.4184673 0.2988152 0.2863399
v 0.4090128 0.2608854 0.3302537
v 0.4278267 0.2545505 0.3302537
v 0.4316522 0.2939624 0.2863399
v 0.4316522 0.2939624 0.2863399
v 0.4278267 0.2545505 0.3302537
v 0.4470752 0.2496934 0.3302537
v 0.4451233 0.2899727 0.2863399
v 0.4451233 0.2899727 0.2863399
v 0.4470752 0.2496934 0.3302537
v 0.4666422 0.2463433 0.3302537
v 0.4588244 0.2868628 0.2863399
v 0.4588244 0.2868628 0.2863399
v 0.4666422 0.2463433 0.3302537
v 0.4864102 0.2445205 0.3302537
v 0.4726979 0.2846456 0.2863399
v 0.3403148 0.3001123 0.3302537
v 0.3094808 0.2877392 0.3813784
v 0.3285557 0.2720547 0.3813784
v 0.3562940 0.2883327 0.3302537
v 0.3562940 0.2883327 0.3302537
v 0.3285557 0.2720547 0.3813784
v 0.3489158 0.2580790 0.3813784
v 0.3731385 0.2778275 0.3302537
v 0.3731385 0.2778275 0.3302537
v 0.3489158 0.2580790 0.3813784
v 0.3704085 0.2459169 0.3813784
v 0.3907468 0.2686600 0.3302537
v 0.3907468 0.2686600 0.3302537
v 0.3704085 0.2459169 0.3813784
v 0.3928727 0.2356594 0.3813784
v 0.4090128 0.2608854 0.3302537
v 0.4090128 0.2608854 0.3302537
v 0.3928727 0.2356594 0.3813784
v 0.4161400 0.2273836 0.3813784
v 0.4278267 0.2545505 0.3302537
v 0.4278267 0.2545505 0.3302537
v 0.4161400 0.2273836 0.3813784
v 0.4400359 0.2211515 0.3813784
v 0.4470752 0.2496934 0.3302537
v 0.4470752 0.2496934 0.3302537
v 0.4400359 0.2211515 0.3813784
v 0.4643813 0.2170097 0.3813784
v 0.4666422 0.2463433 0.3302537
v 0.4666422 0.2463433 0.3302537
v 0.4643813 0.2170097 0.3813784
v 0.4889938 0.2149894 0.3813784
v 0.4864102 0.2445205 0.3302537
v 0.3094808 0.2877392 0.3813784
v 0.2796892 0.2908870 0.4376472
v 0.2998248 0.2715378 0.4376472
v 0.3285557 0.2720547 0.3813784
v 0.3285557 0.2720547 0.3813784
v 0.2998248 0.2715378 0.4376472
v 0.3216522 0.2541196 0.4376472
v 0.3489158 0.2580790 0.3813784
v 0.3489158 0.2580790 0.3813784
v 0.3216522 0.2541196 0.4376472
v 0.3449870 0.2387797 0.4376472
v 0.3704085 0.2459169 0.3813784
v 0.3704085 0.2459169 0.3813784
v 0.3449870 0.2387797 0.4376472
v 0.3696320 0.2256475 0.4376472
v 0.3928727 0.2356594 0.3813784
v 0.3928727 0.2356594 0.3813784
v 0.3696320 0.2256475 0.4376472
v 0.3953789 0.2148342 0.4376472
v 0.4161400 0.2273836 0.3813784
v 0.4161400 0.2273836 0.3813784
v 0.3953789 0.2148342 0.4376472
v 0.4220100 0.2064312 0.4376472
v 0.4400359 0.2211515 0.3813784
v 0.4400359 0.2211515 0.3813784
v 0.4220100 0.2064312 0.4376472
v 0.4493003 0.2005094 0.4376472
v 0.4643813 0.2170097 0.3813784
v 0.4643813 0.2170097 0.3813784
v 0.4493003 0.2005094 0.4376472
v 0.4770191 0.1971189 0.4376472
v 0.4889938 0.2149894 0.3813784
v 0.2796892 0.2908870 0.4376472
v 0.2570716 0.3066685 0.4966479
v 0.2762367 0.2847763 0.4966479
v 0.2998248 0.2715378 0.4376472
v 0.2998248 0.2715378 0.4376472
v 0.2762367 0.2847763 0.4966479
v 0.2973670 0.2647743 0.4966479
v 0.3216522 0.2541196 0.4376472
v 0.3216522 0.2541196 0.4376472
v 0.2973670 0.2647743 0.4966479
v 0.3202769 0.2468383 0.4966479
v 0.3449870 0.2387797 0.4376472
v 0.3449870 0.2387797 0.4376472
v 0.3202769 0.2468383 0.4966479
v 0.3447653 0.2311256 0.4966479
v 0.3696320 0.2256475 0.4376472
v 0.3696320 0.2256475 0.4376472
v 0.3447653 0.2311256 0.4966479
v 0.3706170 0.2177744 0.4966479
v 0.3953789 0.2148342 0.4376472
v 0.3953789 0.2148342 0.4376472
v 0.3706170 0.2177744 0.4966479
v 0.3976051 0.2069018 0.4966479
v 0.4220100 0.2064312 0.4376472
v 0.4220100 0.2064312 0.4376472
v 0.3976051 0.2069018 0.4966479
v 0.4254925 0.1986034 0.4966479
v 0.4493003 0.2005094 0.4376472
v 0.4493003 0.2005094 0.4376472
v 0.4254925 0.1986034 0.4966479
v 0.4540342 0.1929521 0.4966479
v 0.4770191 0.1971189 0.4376472
v 0.2570716 0.3066685 0.4966479
v 0.2481345 0.3279380 0.5557800
v 0.2650007 0.3055343 0.5557800
v 0.2762367 0.2847763 0.4966479
v 0.2762367 0.2847763 0.4966479
v 0.2650007 0.3055343 0.5557800
v 0.2838531 0.2847743 0.5557800
v 0.2973670 0.2647743 0.4966479
v 0.2973670 0.2647743 0.4966479
v 0.2838531 0.2847743 0.5557800
v 0.3045324 0.2658334 0.5557800
v 0.3202769 0.2468383 0.4966479
v 0.3202769 0.2468383 0.4966479
v 0.3045324 0.2658334 0.5557800
v 0.3268638 0.2488717 0.5557800
v 0.3447653 0.2311256 0.4966479
v 0.3447653 0.2311256 0.4966479
v 0.3268638 0.2488717 0.5557800
v 0.3506586 0.2340325 0.5557800
v 0.3706170 0.2177744 0.4966479
v 0.3706170 0.2177744 0.4966479
v 0.3506586 0.2340325 0.5557800
v 0.3757156 0.2214413 0.5557800
v 0.3976051 0.2069018 0.4966479
v 0.3976051 0.2069018 0.4966479
v 0.3757156 0.2214413 0.5557800
v 0.4018230 0.2112045 0.5557800
v 0.4254925 0.1986034 0.4966479
v 0.4254925 0.1986034 0.4966479
v 0.4018230 0.2112045 0.5557800
v 0.4287603 0.2034086 0.5557800
v 0.4540342 0.1929521 0.4966479
v 0.2481345 0.3279380 0.5557800
v 0.2565659 0.3466333 0.6124357
v 0.2707448 0.3261508 0.6124357
v 0.2650007 0.3055343 0.5557800
v 0.2650007 0.3055343 0.5557800
v 0.2707448 0.3261508 0.6124357
v 0.2866422 0.3069716 0.6124357
v 0.2838531 0.2847743 0.5557800
v 0.2838531 0.2847743 0.5557800
v 0.2866422 0.3069716 0.6124357
v 0.3041391 0.2892395 0.6124357
v 0.3045324 0.2658334 0.5557800
v 0.3045324 0.2658334 0.5557800
v 0.3041391 0.2892395 0.6124357
v 0.3231042 0.2730873 0.6124357
v 0.3268638 0.2488717 0.5557800
v 0.3268638 0.2488717 0.5557800
v 0.3231042 0.2730873 0.6124357
v 0.3433954 0.2586361 0.6124357
v 0.3506586 0.2340325 0.5557800
v 0.3506586 0.2340325 0.5557800
v 0.3433954 0.2586361 0.6124357
v 0.3648607 0.2459944 0.6124357
v 0.3757156 0.2214413 0.5557800
v 0.3757156 0.2214413 0.5557800
v 0.3648607 0.2459944 0.6124357
v 0.3873390 0.2352567 0.6124357
v 0.4018230 0.2112045 0.5557800
v 0.4018230 0.2112045 0.5557800
v 0.3873390 0.2352567 0.6124357
v 0.4106618 0.2265038 0.6124357
v 0.4287603 0.2034086 0.5557800
v 0.2565659 0.3466333 0.6124357
v 0.2825210 0.3585252 0.6641829
v 0.2941451 0.3420886 0.6641829
v 0.2707448 0.3261508 0.6124357
v 0.2707448 0.3261508 0.6124357
v 0.2941451 0.3420886 0.6641829
v 0.3070087 0.3266028 0.6641829
v 0.2866422 0.3069716 0.6124357
v 0.2866422 0.3069716 0.6124357
v 0.3070087 0.3266028 0.6641829
v 0.3210342 0.3121611 0.6641829
v 0.3041391 0.2892395 0.6124357
v 0.3041391 0.2892395 0.6124357
v 0.3210342 0.3121611 0.6641829
v 0.3361372 0.2988503 0.6641829
v 0.3231042 0.2730873 0.6124357
v 0.3231042 0.2730873 0.6124357
v 0.3361372 0.2988503 0.6641829
v 0.3522268 0.2867505 0.6641829
v 0.3433954 0.2586361 0.6124357
v 0.3433954 0.2586361 0.6124357
v 0.3522268 0.2867505 0.6641829
v 0.3692062 0.2759348 0.6641829
v 0.3648607 0.2459944 0.6124357
v 0.3648607 0.2459944 0.6124357
v 0.3692062 0.2759348 0.6641829
v 0.3869731 0.2664681 0.6641829
v 0.3873390 0.2352567 0.6124357
v 0.3873390 0.2352567 0.6124357
v 0.3869731 0.2664681 0.6641829
v 0.4054205 0.2584075 0.6641829
v 0.4106618 0.2265038 0.6124357
v 0.2825210 0.3585252 0.6641829
v 0.3235157 0.3659184 0.7089233
v 0.3325587 0.3547829 0.7089233
v 0.2941451 0.3420886 0.6641829
v 0.2941451 0.3420886 0.6641829
v 0.3325587 0.3547829 0.7089233
v 0.3423031 0.3442557 0.7089233
v 0.3070087 0.3266028 0.6641829
v 0.3070087 0.3266028 0.6641829
v 0.3423031 0.3442557 0.7089233
v 0.3527081 0.3343810 0.7089233
v 0.3210342 0.3121611 0.6641829
v 0.3210342 0.3121611 0.6641829
v 0.3527081 0.3343810 0.7089233
v 0.3637300 0.3251999 0.7089233
v 0.3361372 0.2988503 0.6641829
v 0.3361372 0.2988503 0.6641829
v 0.3637300 0.3251999 0.7089233
v 0.3753227 0.3167511 0.7089233
v 0.3522268 0.2867505 0.6641829
v 0.3522268 0.2867505 0.6641829
v 0.3753227 0.3167511 0.7089233
v 0.3874377 0.3090699 0.7089233
v 0.3692062 0.2759348 0.6641829
v 0.3692062 0.2759348 0.6641829
v 0.3874377 0.3090699 0.7089233
v 0.4000242 0.3021884 0.7089233
v 0.3869731 0.2664681 0.6641829
v 0.3869731 0.2664681 0.6641829
v 0.4000242 0.3021884 0.7089233
v 0.4130295 0.2961356 0.7089233
v 0.4054205 0.2584075 0.6641829
v 0.3235157 0.3659184 0.7089233
v 0.3747028 0.3762278 0.7450082
v 0.3806538 0.3704800 0.7450082
v 0.3325587 0.3547829 0.7089233
v 0.3325587 0.3547829 0.7089233
v 0.3806538 0.3704800 0.7450082
v 0.3868682 0.3650180 0.7450082
v 0.3423031 0.3442557 0.7089233
v 0.3423031 0.3442557 0.7089233
v 0.3868682 0.3650180 0.7450082
v 0.3933322 0.3598539 0.7450082
v 0.3527081 0.3343810 0.7089233
v 0.3527081 0.3343810 0.7089233
v 0.3933322 0.3598539 0.7450082
v 0.4000316 0.3549991 0.7450082
v 0.3637300 0.3251999 0.7089233
v 0.3637300 0.3251999 0.7089233
v 0.4000316 0.3549991 0.7450082
v 0.4069516 0.3504643 0.7450082
v 0.3753227 0.3167511 0.7089233
v 0.3753227 0.3167511 0.7089233
v 0.4069516 0.3504643 0.7450082
v 0.4140770 0.3462594 0.7450082
v 0.3874377 0.3090699 0.7089233
v 0.3874377 0.3090699 0.7089233
v 0.4140770 0.3462594 0.7450082
v 0.4213919 0.3423938 0.7450082
v 0.4000242 0.3021884 0.7089233
v 0.4000242 0.3021884 0.7089233
v 0.4213919 0.3423938 0.7450082
v 0.4288804 0.3388760 0.7450082
v 0.4130295 0.2961356 0.7089233
v 0.3747028 0.3762278 0.7450082
v 0.4316729 0.3953912 0.7712981
v 0.4331177 0.3944616 0.7712981
v 0.3806538 0.3704800 0.7450082
v 0.3806538 0.3704800 0.7450082
v 0.4331177 0.3944616 0.7712981
v 0.4345751 0.3935520 0.7712981
v 0.3868682 0.3650180 0.7450082
v 0.3868682 0.3650180 0.7450082
v 0.4345751 0.3935520 0.7712981
v 0.4360449 0.3926625 0.7712981
v 0.3933322 0.3598539 0.7450082
v 0.3933322 0.3598539 0.7450082
v 0.4360449 0.3926625 0.7712981
v 0.4375268 0.3917933 0.7712981
v 0.4000316 0.3549991 0.7450082
v 0.4000316 0.3549991 0.7450082
v 0.4375268 0.3917933 0.7712981
v 0.4390205 0.3909445 0.7712981
v 0.4069516 0.3504643 0.7450082
v 0.4069516 0.3504643 0.7450082
v 0.4390205 0.3909445 0.7712981
v 0.4405258 0.3901164 0.7712981
v 0.4140770 0.3462594 0.7450082
v 0.4140770 0.3462594 0.7450082
v 0.4405258 0.3901164 0.7712981
v 0.4420422 0.3893091 0.7712981
v 0.4213919 0.3423938 0.7450082
v 0.4213919 0.3423938 0.7450082
v 0.4420422 0.3893091 0.7712981
v 0.4435697 0.3885226 0.7712981
v 0.4288804 0.3388760 0.7450082
v 0.4348921 0.4003197 0.2260675
v 0.4362688 0.3994340 0.2260675
v 0.4335937 0.3952127 0.2145691
v 0.4321592 0.3961356 0.2145691
v 0.4362688 0.3994340 0.2260675
v 0.4376576 0.3985672 0.2260675
v 0.4350407 0.3943095 0.2145691
v 0.4335937 0.3952127 0.2145691
v 0.4376576 0.3985672 0.2260675
v 0.4390581 0.3977196 0.2260675
v 0.4365001 0.3934263 0.2145691
v 0.4350407 0.3943095 0.2145691
v 0.4390581 0.3977196 0.2260675
v 0.4404702 0.3968913 0.2260675
v 0.4379714 0.3925633 0.2145691
v 0.4365001 0.3934263 0.2145691
v 0.4404702 0.3968913 0.2260675
v 0.4418935 0.3960826 0.2260675
v 0.4394545 0.3917206 0.2145691
v 0.4379714 0.3925633 0.2145691
v 0.4418935 0.3960826 0.2260675
v 0.4433278 0.3952935 0.2260675
v 0.4409490 0.3908984 0.2145691
v 0.4394545 0.3917206 0.2145691
v 0.4433278 0.3952935 0.2260675
v 0.4447729 0.3945241 0.2260675
v 0.4424547 0.3900968 0.2145691
v 0.4409490 0.3908984 0.2145691
v 0.4447729 0.3945241 0.2260675
v 0.4462283 0.3937748 0.2260675
v 0.4439712 0.3893159 0.2145691
v 0.4424547 0.3900968 0.2145691
v 0.4462283 0.3937748 0.2260675
v 0.4568070 0.3347611 0.2512462
v 0.4550123 0.3278953 0.2409104
v 0.4439712 0.3893159 0.2145691
v 0.4568070 0.3347611 0.2512462
v 0.4726979 0.2846456 0.2863399
v 0.4715740 0.2757812 0.2775452
v 0.4550123 0.3278953 0.2409104
v 0.4726979 0.2846456 0.2863399
v 0.4864102 0.2445205 0.3302537
v 0.4858552 0.2340881 0.3233222
v 0.4715740 0.2757812 0.2775452
v 0.4864102 0.2445205 0.3302537
v 0.4889938 0.2149894 0.3813784
v 0.4885471 0.2034217 0.3765639
v 0.4858552 0.2340881 0.3233222
v 0.4889938 0.2149894 0.3813784
v 0.4770191 0.1971189 0.4376472
v 0.4760900 0.1848727 0.4351261
v 0.4885471 0.2034217 0.3765639
v 0.4770191 0.1971189 0.4376472
v 0.4540342 0.1929521 0.4966479
v 0.4521781 0.1805535 0.4965126
v 0.4760900 0.1848727 0.4351261
v 0.4540342 0.1929521 0.4966479
v 0.4287603 0.2034086 0.5557800
v 0.4258799 0.1914167 0.5580353
v 0.4521781 0.1805535 0.4965126
v 0.4287603 0.2034086 0.5557800
v 0.4106618 0.2265038 0.6124357
v 0.4070359 0.2154035 0.6169991
v 0.4258799 0.1914167 0.5580353
v 0.4106618 0.2265038 0.6124357
v 0.4054205 0.2584075 0.6641829
v 0.4015583 0.2485422 0.6708872
v 0.4070359 0.2154035 0.6169991
v 0.4054205 0.2584075 0.6641829
v 0.4130295 0.2961356 0.7089233
v 0.4094496 0.2877440 0.7175231
v 0.4015583 0.2485422 0.6708872
v 0.4130295 0.2961356 0.7089233
v 0.4288804 0.3388760 0.7450082
v 0.4259253 0.3321812 0.7551884
v 0.4094496 0.2877440 0.7175231
v 0.4288804 0.3388760 0.7450082
v 0.4435697 0.3885226 0.7712981
v 0.4412010 0.3838433 0.7826859
v 0.4259253 0.3321812 0.7551884
v 0.4435697 0.3885226 0.7712981
v 0.4420422 0.3893091 0.7712981
v 0.4396094 0.3846628 0.7826859
v 0.4412010 0.3838433 0.7826859
v 0.4420422 0.3893091 0.7712981
v 0.4405258 0.3901164 0.7712981
v 0.4380293 0.3855040 0.7826859
v 0.4396094 0.3846628 0.7826859
v 0.4405258 0.3901164 0.7712981
v 0.4390205 0.3909445 0.7712981
v 0.4364609 0.3863669 0.7826859
v 0.4380293 0.3855040 0.7826859
v 0.4390205 0.3909445 0.7712981
v 0.4375268 0.3917933 0.7712981
v 0.4349045 0.3872513 0.7826859
v 0.4364609 0.3863669 0.7826859
v 0.4375268 0.3917933 0.7712981
v 0.4360449 0.3926625 0.7712981
v 0.4333604 0.3881570 0.7826859
v 0.4349045 0.3872513 0.7826859
v 0.4360449 0.3926625 0.7712981
v 0.4345751 0.3935520 0.7712981
v 0.4318289 0.3890838 0.7826859
v 0.4333604 0.3881570 0.7826859
v 0.4345751 0.3935520 0.7712981
v 0.4331177 0.3944616 0.7712981
v 0.4303103 0.3900316 0.7826859
v 0.4318289 0.3890838 0.7826859
v 0.4331177 0.3944616 0.7712981
v 0.4316729 0.3953912 0.7712981
v 0.4288049 0.3910002 0.7826859
v 0.4303103 0.3900316 0.7826859
v 0.4316729 0.3953912 0.7712981
v 0.3747028 0.3762278 0.7450082
v 0.3694966 0.3710850 0.7551884
v 0.4288049 0.3910002 0.7826859
v 0.3747028 0.3762278 0.7450082
v 0.3235157 0.3659184 0.7089233
v 0.3162513 0.3603993 0.7175231
v 0.3694966 0.3710850 0.7551884
v 0.3235157 0.3659184 0.7089233
v 0.2825210 0.3585252 0.6641829
v 0.2736404 0.3527481 0.6708872
v 0.3162513 0.3603993 0.7175231
v 0.2825210 0.3585252 0.6641829
v 0.2565659 0.3466333 0.6124357
v 0.2466857 0.3404086 0.6169991
v 0.2736404 0.3527481 0.6708872
v 0.2565659 0.3466333 0.6124357
v 0.2481345 0.3279380 0.5557800
v 0.2379510 0.3209811 0.5580353
v 0.2466857 0.3404086 0.6169991
v 0.2481345 0.3279380 0.5557800
v 0.2570716 0.3066685 0.4966479
v 0.2472622 0.2988618 0.4965126
v 0.2379510 0.3209811 0.5580353
v 0.2570716 0.3066685 0.4966479
v 0.2796892 0.2908870 0.4376472
v 0.2707815 0.2824320 0.4351261
v 0.2472622 0.2988618 0.4965126
v 0.2796892 0.2908870 0.4376472
v 0.3094808 0.2877392 0.3813784
v 0.3017482 0.2791243 0.3765639
v 0.2707815 0.2824320 0.4351261
v 0.3094808 0.2877392 0.3813784
v 0.3403148 0.3001123 0.3302537
v 0.3337941 0.2919500 0.3233222
v 0.3017482 0.2791243 0.3765639
v 0.3403148 0.3001123 0.3302537
v 0.3696727 0.3263979 0.2863399
v 0.3643081 0.3192520 0.2775452
v 0.3337941 0.2919500 0.3233222
v 0.3696727 0.3263979 0.2863399
v 0.3991696 0.3621494 0.2512462
v 0.3949801 0.3564217 0.2409104
v 0.3643081 0.3192520 0.2775452
v 0.3991696 0.3621494 0.2512462
v 0.4348921 0.4003197 0.2260675
v 0.4321592 0.3961356 0.2145691
v 0.3949801 0.3564217 0.2409104
v 0.4193914 0.3820869 0.2170643
v 0.3935864 0.3468178 0.2407016
v 0.3902863 0.3491639 0.2407016
v 0.4178910 0.3831267 0.2170643
v 0.3935864 0.3468178 0.2407016
v 0.3704991 0.3145605 0.2711994
v 0.3653574 0.3182593 0.2711994
v 0.3902863 0.3491639 0.2407016
v 0.3704991 0.3145605 0.2711994
v 0.3474990 0.2886163 0.3079182
v 0.3406356 0.2937414 0.3079182
v 0.3653574 0.3182593 0.2711994
v 0.3474990 0.2886163 0.3079182
v 0.3230167 0.2717165 0.3499827
v 0.3147916 0.2783374 0.3499827
v 0.3406356 0.2937414 0.3079182
v 0.3230167 0.2717165 0.3499827
v 0.2973367 0.2655909 0.3963003
v 0.2883131 0.2737067 0.3963003
v 0.3147916 0.2783374 0.3499827
v 0.2973367 0.2655909 0.3963003
v 0.2729389 0.2702752 0.4455955
v 0.2637732 0.2797113 0.4455955
v 0.2883131 0.2737067 0.3963003
v 0.2729389 0.2702752 0.4455955
v 0.2537633 0.2836205 0.4964608
v 0.2450496 0.2939590 0.4964608
v 0.2637732 0.2797113 0.4455955
v 0.2537633 0.2836205 0.4964608
v 0.2437423 0.3015721 0.5474179
v 0.2358751 0.3121712 0.5474179
v 0.2450496 0.2939590 0.4964608
v 0.2437423 0.3015721 0.5474179
v 0.2454821 0.3194780 0.5969851
v 0.2386084 0.3295829 0.5969851
v 0.2358751 0.3121712 0.5474179
v 0.2454821 0.3194780 0.5969851
v 0.2597806 0.3339474 0.6437457
v 0.2538723 0.3428379 0.6437457
v 0.2386084 0.3295829 0.5969851
v 0.2597806 0.3339474 0.6437457
v 0.2858844 0.3443044 0.6864093
v 0.2808841 0.3514239 0.6864093
v 0.2538723 0.3428379 0.6437457
v 0.2858844 0.3443044 0.6864093
v 0.3218225 0.3528749 0.7238638
v 0.3177727 0.3579217 0.7238638
v 0.2808841 0.3514239 0.6864093
v 0.3218225 0.3528749 0.7238638
v 0.3644510 0.3639186 0.7552109
v 0.3615290 0.3668930 0.7552109
v 0.3177727 0.3579217 0.7238638
v 0.3644510 0.3639186 0.7552109
v 0.4099167 0.3814304 0.7797858
v 0.4084087 0.3825914 0.7797858
v 0.3615290 0.3668930 0.7552109
v 0.4463969 0.3676068 0.2170643
v 0.4552929 0.3189202 0.2407016
v 0.4513728 0.3199333 0.2407016
v 0.4447092 0.3683027 0.2170643
v 0.4552929 0.3189202 0.2407016
v 0.4687456 0.2759878 0.2711994
v 0.4624852 0.2769508 0.2711994
v 0.4513728 0.3199333 0.2407016
v 0.4687456 0.2759878 0.2711994
v 0.4811823 0.2400278 0.3079182
v 0.4726502 0.2407865 0.3079182
v 0.4624852 0.2769508 0.2711994
v 0.4811823 0.2400278 0.3079182
v 0.4870992 0.2114346 0.3499827
v 0.4765613 0.2120989 0.3499827
v 0.4726502 0.2407865 0.3079182
v 0.4870992 0.2114346 0.3499827
v 0.4832276 0.1905833 0.3963003
v 0.4711242 0.1914774 0.3963003
v 0.4765613 0.2120989 0.3499827
v 0.4832276 0.1905833 0.3963003
v 0.4695017 0.1784412 0.4455955
v 0.4564336 0.1799497 0.4455955
v 0.4711242 0.1914774 0.3963003
v 0.4695017 0.1784412 0.4455955
v 0.4490384 0.1761860 0.4964608
v 0.4357282 0.1785630 0.4964608
v 0.4564336 0.1799497 0.4455955
v 0.4490384 0.1761860 0.4964608
v 0.4270905 0.1842060 0.5474179
v 0.4142923 0.1874367 0.5474179
v 0.4357282 0.1785630 0.4964608
v 0.4270905 0.1842060 0.5474179
v 0.4092374 0.2014540 0.5969851
v 0.3976165 0.2052371 0.5969851
v 0.4142923 0.1874367 0.5474179
v 0.4092374 0.2014540 0.5969851
v 0.3995477 0.2257954 0.6437457
v 0.3895932 0.2296500 0.6437457
v 0.3976165 0.2052371 0.5969851
v 0.3995477 0.2257954 0.6437457
v 0.3995057 0.2550765 0.6864093
v 0.3915123 0.2585108 0.6864093
v 0.3895932 0.2296500 0.6437457
v 0.3995057 0.2550765 0.6864093
v 0.4079831 0.2880427 0.7238638
v 0.4020841 0.2907023 0.7238638
v 0.3915123 0.2585108 0.6864093
v 0.4079831 0.2880427 0.7238638
v 0.4219722 0.3244911 0.7552109
v 0.4181808 0.3262262 0.7552109
v 0.4020841 0.2907023 0.7238638
v 0.4219722 0.3244911 0.7552109
v 0.4372803 0.3649445 0.7797858
v 0.4355594 0.3657571 0.7797858
v 0.4181808 0.3262262 0.7552109
v 0.4128598 0.2425277 0.3196525
v 0.4052580 0.2244026 0.3508278
v 0.3835322 0.2328573 0.3508278
v 0.3939352 0.2497289 0.3196525
v 0.4052580 0.2244026 0.3508278
v 0.3944043 0.2114668 0.3842116
v 0.3704846 0.2213827 0.3842116
v 0.3835322 0.2328573 0.3508278
v 0.3944043 0.2114668 0.3842116
v 0.3806560 0.2041576 0.4193264
v 0.3552920 0.2157020 0.4193264
v 0.3704846 0.2213827 0.3842116
v 0.3806560 0.2041576 0.4193264
v 0.3651690 0.2026454 0.4556546
v 0.3391930 0.2158516 0.4556546
v 0.3552920 0.2157020 0.4193264
v 0.3651690 0.2026454 0.4556546
v 0.3496883 0.2066934 0.4926504
v 0.3239364 0.2213892 0.4926504
v 0.3391930 0.2158516 0.4556546
v 0.3496883 0.2066934 0.4926504
v 0.3362076 0.2155883 0.5297520
v 0.3114361 0.2313708 0.5297520
v 0.3239364 0.2213892 0.4926504
v 0.3362076 0.2155883 0.5297520
v 0.3265873 0.2282141 0.5663954
v 0.3034056 0.2444805 0.5663954
v 0.3114361 0.2313708 0.5297520
v 0.3265873 0.2282141 0.5663954
v 0.3222331 0.2432774 0.6020281
v 0.3010732 0.2593016 0.6020281
v 0.3034056 0.2444805 0.5663954
v 0.3222331 0.2432774 0.6020281
v 0.3239075 0.2596152 0.6361216
v 0.3050374 0.2746492 0.6361216
v 0.3010732 0.2593016 0.6020281
v 0.3239075 0.2596152 0.6361216
v 0.3316863 0.2764746 0.6681840
v 0.3152563 0.2898504 0.6681840
v 0.3050374 0.2746492 0.6361216
v 0.3972493 0.2210055 0.3571882
v 0.3858814 0.2100444 0.3892755
v 0.3726719 0.2155974 0.3892755
v 0.3850988 0.2257860 0.3571882
v 0.3858814 0.2100444 0.3892755
v 0.3721953 0.2042150 0.4228382
v 0.3583005 0.2106143 0.4228382
v 0.3726719 0.2155974 0.3892755
v 0.3721953 0.2042150 0.4228382
v 0.3572716 0.2035940 0.4574345
v 0.3430985 0.2108464 0.4574345
v 0.3583005 0.2106143 0.4228382
v 0.3572716 0.2035940 0.4574345
v 0.3426225 0.2079082 0.4926011
v 0.3285765 0.2159238 0.4926011
v 0.3430985 0.2108464 0.4574345
v 0.3426225 0.2079082 0.4926011
v 0.3299271 0.2164965 0.5278624
v 0.3163763 0.2250793 0.5278624
v 0.3285765 0.2159238 0.4926011
v 0.3299271 0.2164965 0.5278624
v 0.3207448 0.2283785 0.5627415
v 0.3079899 0.2372401 0.5627415
v 0.3163763 0.2250793 0.5278624
v 0.3207448 0.2283785 0.5627415
v 0.3162746 0.2424318 0.5967696
v 0.3045353 0.2512231 0.5967696
v 0.3079899 0.2372401 0.5627415
v 0.3162746 0.2424318 0.5967696
v 0.3172112 0.2576281 0.6294961
v 0.3066295 0.2659834 0.6294961
v 0.3045353 0.2512231 0.5967696
v 0.4325110 0.2240785 0.3298075
v 0.4306785 0.2167445 0.3421651
v 0.3610267 0.2436301 0.3421651
v 0.3663574 0.2493467 0.3298075
v 0.3456293 0.2482361 0.6508334
v 0.3477071 0.2554876 0.6633698
v 0.2918840 0.3008339 0.6633698
v 0.2866917 0.2957576 0.6508334
v 0.5575453 0.3900968 0.2145691
v 0.5793960 0.3408140 0.2409104
v 0.5718325 0.3372609 0.2409104
v 0.5560288 0.3893159 0.2145691
v 0.5590510 0.3908984 0.2145691
v 0.5867843 0.3447183 0.2409104
v 0.5793960 0.3408140 0.2409104
v 0.5575453 0.3900968 0.2145691
v 0.5605455 0.3917206 0.2145691
v 0.5939811 0.3489653 0.2409104
v 0.5867843 0.3447183 0.2409104
v 0.5590510 0.3908984 0.2145691
v 0.5620286 0.3925633 0.2145691
v 0.6009705 0.3535456 0.2409104
v 0.5939811 0.3489653 0.2409104
v 0.5605455 0.3917206 0.2145691
v 0.5634999 0.3934263 0.2145691
v 0.6077370 0.3584491 0.2409104
v 0.6009705 0.3535456 0.2409104
v 0.5620286 0.3925633 0.2145691
v 0.5649593 0.3943095 0.2145691
v 0.6142659 0.3636650 0.2409104
v 0.6077370 0.3584491 0.2409104
v 0.5634999 0.3934263 0.2145691
v 0.5664063 0.3952127 0.2145691
v 0.6205425 0.3691817 0.2409104
v 0.6142659 0.3636650 0.2409104
v 0.5649593 0.3943095 0.2145691
v 0.5678408 0.3961356 0.2145691
v 0.6265532 0.3749871 0.2409104
v 0.6205425 0.3691817 0.2409104
v 0.5664063 0.3952127 0.2145691
v 0.5793960 0.3408140 0.2409104
v 0.6019483 0.2982857 0.2775452
v 0.5886864 0.2921134 0.2775452
v 0.5718325 0.3372609 0.2409104
v 0.5867843 0.3447183 0.2409104
v 0.6147831 0.3053029 0.2775452
v 0.6019483 0.2982857 0.2775452
v 0.5793960 0.3408140 0.2409104
v 0.5939811 0.3489653 0.2409104
v 0.6271371 0.3131357 0.2775452
v 0.6147831 0.3053029 0.2775452
v 0.5867843 0.3447183 0.2409104
v 0.6009705 0.3535456 0.2409104
v 0.6389586 0.3217512 0.2775452
v 0.6271371 0.3131357 0.2775452
v 0.5939811 0.3489653 0.2409104
v 0.6077370 0.3584491 0.2409104
v 0.6501980 0.3311133 0.2775452
v 0.6389586 0.3217512 0.2775452
v 0.6009705 0.3535456 0.2409104
v 0.6142659 0.3636650 0.2409104
v 0.6608082 0.3411830 0.2775452
v 0.6501980 0.3311133 0.2775452
v 0.6077370 0.3584491 0.2409104
v 0.6205425 0.3691817 0.2409104
v 0.6707448 0.3519178 0.2775452
v 0.6608082 0.3411830 0.2775452
v 0.6142659 0.3636650 0.2409104
v 0.6265532 0.3749871 0.2409104
v 0.6799662 0.3632730 0.2775452
v 0.6707448 0.3519178 0.2775452
v 0.6205425 0.3691817 0.2409104
v 0.6019483 0.2982857 0.2775452
v 0.6160075 0.2603097 0.3233222
v 0.5970737 0.2520365 0.3233222
v 0.5886864 0.2921134 0.2775452
v 0.6147831 0.3053029 0.2775452
v 0.6342429 0.2700260 0.3233222
v 0.6160075 0.2603097 0.3233222
v 0.6019483 0.2982857 0.2775452
v 0.6271371 0.3131357 0.2775452
v 0.6516701 0.2811270 0.3233222
v 0.6342429 0.2700260 0.3233222
v 0.6147831 0.3053029 0.2775452
v 0.6389586 0.3217512 0.2775452
v 0.6681840 0.2935458 0.3233222
v 0.6516701 0.2811270 0.3233222
v 0.6271371 0.3131357 0.2775452
v 0.6501980 0.3311133 0.2775452
v 0.6836853 0.3072076 0.3233222
v 0.6681840 0.2935458 0.3233222
v 0.6389586 0.3217512 0.2775452
v 0.6608082 0.3411830 0.2775452
v 0.6980807 0.3220302 0.3233222
v 0.6836853 0.3072076 0.3233222
v 0.6501980 0.3311133 0.2775452
v 0.6707448 0.3519178 0.2775452
v 0.7112834 0.3379244 0.3233222
v 0.6980807 0.3220302 0.3233222
v 0.6608082 0.3411830 0.2775452
v 0.6799662 0.3632730 0.2775452
v 0.7232141 0.3547943 0.3233222
v 0.7112834 0.3379244 0.3233222
v 0.6707448 0.3519178 0.2775452
v 0.6160075 0.2603097 0.3233222
v 0.6162171 0.2269003 0.3765639
v 0.5921581 0.2178711 0.3765639
v 0.5970737 0.2520365 0.3233222
v 0.6342429 0.2700260 0.3233222
v 0.6394049 0.2379769 0.3765639
v 0.6162171 0.2269003 0.3765639
v 0.6160075 0.2603097 0.3233222
v 0.6516701 0.2811270 0.3233222
v 0.6615477 0.2510177 0.3765639
v 0.6394049 0.2379769 0.3765639
v 0.6342429 0.2700260 0.3233222
v 0.6681840 0.2935458 0.3233222
v 0.6824794 0.2659250 0.3765639
v 0.6615477 0.2510177 0.3765639
v 0.6516701 0.2811270 0.3233222
v 0.6836853 0.3072076 0.3233222
v 0.7020431 0.2825870 0.3765639
v 0.6824794 0.2659250 0.3765639
v 0.6681840 0.2935458 0.3233222
v 0.6980807 0.3220302 0.3233222
v 0.7200923 0.3008788 0.3765639
v 0.7020431 0.2825870 0.3765639
v 0.6836853 0.3072076 0.3233222
v 0.7112834 0.3379244 0.3233222
v 0.7364915 0.3206634 0.3765639
v 0.7200923 0.3008788 0.3765639
v 0.6980807 0.3220302 0.3233222
v 0.7232141 0.3547943 0.3233222
v 0.7511179 0.3417924 0.3765639
v 0.7364915 0.3206634 0.3765639
v 0.7112834 0.3379244 0.3233222
v 0.6162171 0.2269003 0.3765639
v 0.6017194 0.2007842 0.4351261
v 0.5738102 0.1927070 0.4351261
v 0.5921581 0.2178711 0.3765639
v 0.6394049 0.2379769 0.3765639
v 0.6287688 0.2113904 0.4351261
v 0.6017194 0.2007842 0.4351261
v 0.6162171 0.2269003 0.3765639
v 0.6615477 0.2510177 0.3765639
v 0.6547299 0.2244359 0.4351261
v 0.6287688 0.2113904 0.4351261
v 0.6394049 0.2379769 0.3765639
v 0.6824794 0.2659250 0.3765639
v 0.6793832 0.2398105 0.4351261
v 0.6547299 0.2244359 0.4351261
v 0.6615477 0.2510177 0.3765639
v 0.7020431 0.2825870 0.3765639
v 0.7025204 0.2573842 0.4351261
v 0.6793832 0.2398105 0.4351261
v 0.6824794 0.2659250 0.3765639
v 0.7200923 0.3008788 0.3765639
v 0.7239459 0.2770086 0.4351261
v 0.7025204 0.2573842 0.4351261
v 0.7020431 0.2825870 0.3765639
v 0.7364915 0.3206634 0.3765639
v 0.7434785 0.2985176 0.4351261
v 0.7239459 0.2770086 0.4351261
v 0.7200923 0.3008788 0.3765639
v 0.7511179 0.3417924 0.3765639
v 0.7609533 0.3217296 0.4351261
v 0.7434785 0.2985176 0.4351261
v 0.7364915 0.3206634 0.3765639
v 0.6017194 0.2007842 0.4351261
v 0.5775161 0.1864330 0.4965126
v 0.5478219 0.1805535 0.4965126
v 0.5738102 0.1927070 0.4351261
v 0.6287688 0.2113904 0.4351261
v 0.6065296 0.1950665 0.4965126
v 0.5775161 0.1864330 0.4965126
v 0.6017194 0.2007842 0.4351261
v 0.6547299 0.2244359 0.4351261
v 0.6346074 0.2063781 0.4965126
v 0.6065296 0.1950665 0.4965126
v 0.6287688 0.2113904 0.4351261
v 0.6793832 0.2398105 0.4351261
v 0.6615031 0.2202684 0.4965126
v 0.6346074 0.2063781 0.4965126
v 0.6547299 0.2244359 0.4351261
v 0.7025204 0.2573842 0.4351261
v 0.6869803 0.2366156 0.4965126
v 0.6615031 0.2202684 0.4965126
v 0.6793832 0.2398105 0.4351261
v 0.7239459 0.2770086 0.4351261
v 0.7108154 0.2552759 0.4965126
v 0.6869803 0.2366156 0.4965126
v 0.7025204 0.2573842 0.4351261
v 0.7434785 0.2985176 0.4351261
v 0.7327989 0.2760856 0.4965126
v 0.7108154 0.2552759 0.4965126
v 0.7239459 0.2770086 0.4351261
v 0.7609533 0.3217296 0.4351261
v 0.7527378 0.2988618 0.4965126
v 0.7327989 0.2760856 0.4965126
v 0.7434785 0.2985176 0.4351261
v 0.5775161 0.1864330 0.4965126
v 0.5529711 0.1870918 0.5580353
v 0.5240104 0.1835494 0.5580353
v 0.5478219 0.1805535 0.4965126
v 0.6065296 0.1950665 0.4965126
v 0.5814841 0.1932789 0.5580353
v 0.5529711 0.1870918 0.5580353
v 0.5775161 0.1864330 0.4965126
v 0.6346074 0.2063781 0.4965126
v 0.6093083 0.2020585 0.5580353
v 0.5814841 0.1932789 0.5580353
v 0.6065296 0.1950665 0.4965126
v 0.6615031 0.2202684 0.4965126
v 0.6362087 0.2133562 0.5580353
v 0.6093083 0.2020585 0.5580353
v 0.6346074 0.2063781 0.4965126
v 0.6869803 0.2366156 0.4965126
v 0.6619578 0.2270767 0.5580353
v 0.6362087 0.2133562 0.5580353
v 0.6615031 0.2202684 0.4965126
v 0.7108154 0.2552759 0.4965126
v 0.6863380 0.2431039 0.5580353
v 0.6619578 0.2270767 0.5580353
v 0.6869803 0.2366156 0.4965126
v 0.7327989 0.2760856 0.4965126
v 0.7091433 0.2613024 0.5580353
v 0.6863380 0.2431039 0.5580353
v 0.7108154 0.2552759 0.4965126
v 0.7527378 0.2988618 0.4965126
v 0.7301810 0.2815184 0.5580353
v 0.7091433 0.2613024 0.5580353
v 0.7327989 0.2760856 0.4965126
v 0.5529711 0.1870918 0.5580353
v 0.5373885 0.2029484 0.6169991
v 0.5115531 0.2008277 0.6169991
v 0.5240104 0.1835494 0.5580353
v 0.5814841 0.1932789 0.5580353
v 0.5629436 0.2072960 0.6169991
v 0.5373885 0.2029484 0.6169991
v 0.5529711 0.1870918 0.5580353
v 0.6093083 0.2020585 0.5580353
v 0.5880269 0.2138378 0.6169991
v 0.5629436 0.2072960 0.6169991
v 0.5814841 0.1932789 0.5580353
v 0.6362087 0.2133562 0.5580353
v 0.6124503 0.2225248 0.6169991
v 0.5880269 0.2138378 0.6169991
v 0.6093083 0.2020585 0.5580353
v 0.6619578 0.2270767 0.5580353
v 0.6360307 0.2332920 0.6169991
v 0.6124503 0.2225248 0.6169991
v 0.6362087 0.2133562 0.5580353
v 0.6863380 0.2431039 0.5580353
v 0.6585913 0.2460584 0.6169991
v 0.6360307 0.2332920 0.6169991
v 0.6619578 0.2270767 0.5580353
v 0.7091433 0.2613024 0.5580353
v 0.6799631 0.2607286 0.6169991
v 0.6585913 0.2460584 0.6169991
v 0.6863380 0.2431039 0.5580353
v 0.7301810 0.2815184 0.5580353
v 0.6999858 0.2771924 0.6169991
v 0.6799631 0.2607286 0.6169991
v 0.7091433 0.2613024 0.5580353
v 0.5373885 0.2029484 0.6169991
v 0.5352092 0.2322648 0.6708872
v 0.5143441 0.2303409 0.6708872
v 0.5115531 0.2008277 0.6169991
v 0.5629436 0.2072960 0.6169991
v 0.5558623 0.2358008 0.6708872
v 0.5352092 0.2322648 0.6708872
v 0.5373885 0.2029484 0.6169991
v 0.5880269 0.2138378 0.6169991
v 0.5761791 0.2409275 0.6708872
v 0.5558623 0.2358008 0.6708872
v 0.5629436 0.2072960 0.6169991
v 0.6124503 0.2225248 0.6169991
v 0.5960372 0.2476140 0.6708872
v 0.5761791 0.2409275 0.6708872
v 0.5880269 0.2138378 0.6169991
v 0.6360307 0.2332920 0.6169991
v 0.6153170 0.2558202 0.6708872
v 0.5960372 0.2476140 0.6708872
v 0.6124503 0.2225248 0.6169991
v 0.6585913 0.2460584 0.6169991
v 0.6339026 0.2654965 0.6708872
v 0.6153170 0.2558202 0.6708872
v 0.6360307 0.2332920 0.6169991
v 0.6799631 0.2607286 0.6169991
v 0.6516820 0.2765847 0.6708872
v 0.6339026 0.2654965 0.6708872
v 0.6585913 0.2460584 0.6169991
v 0.6999858 0.2771924 0.6169991
v 0.6685481 0.2890181 0.6708872
v 0.6516820 0.2765847 0.6708872
v 0.6799631 0.2607286 0.6169991
v 0.5352092 0.2322648 0.6708872
v 0.5437716 0.2734255 0.7175231
v 0.5290234 0.2710685 0.7175231
v 0.5143441 0.2303409 0.6708872
v 0.5558623 0.2358008 0.6708872
v 0.5583364 0.2767315 0.7175231
v 0.5437716 0.2734255 0.7175231
v 0.5352092 0.2322648 0.6708872
v 0.5761791 0.2409275 0.6708872
v 0.5726568 0.2809727 0.7175231
v 0.5583364 0.2767315 0.7175231
v 0.5558623 0.2358008 0.6708872
v 0.5960372 0.2476140 0.6708872
v 0.5866729 0.2861314 0.7175231
v 0.5726568 0.2809727 0.7175231
v 0.5761791 0.2409275 0.6708872
v 0.6153170 0.2558202 0.6708872
v 0.6003259 0.2921860 0.7175231
v 0.5866729 0.2861314 0.7175231
v 0.5960372 0.2476140 0.6708872
v 0.6339026 0.2654965 0.6708872
v 0.6135587 0.2991110 0.7175231
v 0.6003259 0.2921860 0.7175231
v 0.6153170 0.2558202 0.6708872
v 0.6516820 0.2765847 0.6708872
v 0.6263158 0.3068776 0.7175231
v 0.6135587 0.2991110 0.7175231
v 0.6339026 0.2654965 0.6708872
v 0.6685481 0.2890181 0.6708872
v 0.6385438 0.3154531 0.7175231
v 0.6263158 0.3068776 0.7175231
v 0.6516820 0.2765847 0.6708872
v 0.5437716 0.2734255 0.7175231
v 0.5546757 0.3248978 0.7551884
v 0.5463920 0.3225233 0.7551884
v 0.5290234 0.2710685 0.7175231
v 0.5583364 0.2767315 0.7175231
v 0.5628387 0.3276588 0.7551884
v 0.5546757 0.3248978 0.7551884
v 0.5437716 0.2734255 0.7175231
v 0.5726568 0.2809727 0.7175231
v 0.5708631 0.3308001 0.7551884
v 0.5628387 0.3276588 0.7551884
v 0.5583364 0.2767315 0.7175231
v 0.5866729 0.2861314 0.7175231
v 0.5787311 0.3343147 0.7551884
v 0.5708631 0.3308001 0.7551884
v 0.5726568 0.2809727 0.7175231
v 0.6003259 0.2921860 0.7175231
v 0.5864253 0.3381950 0.7551884
v 0.5787311 0.3343147 0.7551884
v 0.5866729 0.2861314 0.7175231
v 0.6135587 0.2991110 0.7175231
v 0.5939289 0.3424323 0.7551884
v 0.5864253 0.3381950 0.7551884
v 0.6003259 0.2921860 0.7175231
v 0.6263158 0.3068776 0.7175231
v 0.6012251 0.3470174 0.7551884
v 0.5939289 0.3424323 0.7551884
v 0.6135587 0.2991110 0.7175231
v 0.6385438 0.3154531 0.7175231
v 0.6082980 0.3519401 0.7551884
v 0.6012251 0.3470174 0.7551884
v 0.6263158 0.3068776 0.7175231
v 0.5546757 0.3248978 0.7551884
v 0.5603906 0.3846628 0.7826859
v 0.5587990 0.3838433 0.7826859
v 0.5463920 0.3225233 0.7551884
v 0.5628387 0.3276588 0.7551884
v 0.5619707 0.3855040 0.7826859
v 0.5603906 0.3846628 0.7826859
v 0.5546757 0.3248978 0.7551884
v 0.5708631 0.3308001 0.7551884
v 0.5635391 0.3863669 0.7826859
v 0.5619707 0.3855040 0.7826859
v 0.5628387 0.3276588 0.7551884
v 0.5787311 0.3343147 0.7551884
v 0.5650955 0.3872513 0.7826859
v 0.5635391 0.3863669 0.7826859
v 0.5708631 0.3308001 0.7551884
v 0.5864253 0.3381950 0.7551884
v 0.5666396 0.3881570 0.7826859
v 0.5650955 0.3872513 0.7826859
v 0.5787311 0.3343147 0.7551884
v 0.5939289 0.3424323 0.7551884
v 0.5681711 0.3890838 0.7826859
v 0.5666396 0.3881570 0.7826859
v 0.5864253 0.3381950 0.7551884
v 0.6012251 0.3470174 0.7551884
v 0.5696897 0.3900316 0.7826859
v 0.5681711 0.3890838 0.7826859
v 0.5939289 0.3424323 0.7551884
v 0.6082980 0.3519401 0.7551884
v 0.5711951 0.3910002 0.7826859
v 0.5696897 0.3900316 0.7826859
v 0.6012251 0.3470174 0.7551884
v 0.5537717 0.3937748 0.2260675
v 0.5689669 0.3437531 0.2512462
v 0.5762287 0.3471644 0.2512462
v 0.5552271 0.3945241 0.2260675
v 0.5552271 0.3945241 0.2260675
v 0.5762287 0.3471644 0.2512462
v 0.5833222 0.3509130 0.2512462
v 0.5566722 0.3952935 0.2260675
v 0.5566722 0.3952935 0.2260675
v 0.5833222 0.3509130 0.2512462
v 0.5902319 0.3549905 0.2512462
v 0.5581065 0.3960826 0.2260675
v 0.5581065 0.3960826 0.2260675
v 0.5902319 0.3549905 0.2512462
v 0.5969425 0.3593881 0.2512462
v 0.5595298 0.3968913 0.2260675
v 0.5595298 0.3968913 0.2260675
v 0.5969425 0.3593881 0.2512462
v 0.6034391 0.3640960 0.2512462
v 0.5609419 0.3977196 0.2260675
v 0.5609419 0.3977196 0.2260675
v 0.6034391 0.3640960 0.2512462
v 0.6097075 0.3691038 0.2512462
v 0.5623424 0.3985672 0.2260675
v 0.5623424 0.3985672 0.2260675
v 0.6097075 0.3691038 0.2512462
v 0.6157337 0.3744005 0.2512462
v 0.5637312 0.3994340 0.2260675
v 0.5637312 0.3994340 0.2260675
v 0.6157337 0.3744005 0.2512462
v 0.6215046 0.3799743 0.2512462
v 0.5651079 0.4003197 0.2260675
v 0.5689669 0.3437531 0.2512462
v 0.5851802 0.3003322 0.2863399
v 0.5979178 0.3062604 0.2863399
v 0.5762287 0.3471644 0.2512462
v 0.5762287 0.3471644 0.2512462
v 0.5979178 0.3062604 0.2863399
v 0.6102452 0.3130002 0.2863399
v 0.5833222 0.3509130 0.2512462
v 0.5833222 0.3509130 0.2512462
v 0.6102452 0.3130002 0.2863399
v 0.6221108 0.3205233 0.2863399
v 0.5902319 0.3549905 0.2512462
v 0.5902319 0.3549905 0.2512462
v 0.6221108 0.3205233 0.2863399
v 0.6334649 0.3287982 0.2863399
v 0.5969425 0.3593881 0.2512462
v 0.5969425 0.3593881 0.2512462
v 0.6334649 0.3287982 0.2863399
v 0.6442599 0.3377903 0.2863399
v 0.6034391 0.3640960 0.2512462
v 0.6034391 0.3640960 0.2512462
v 0.6442599 0.3377903 0.2863399
v 0.6544507 0.3474618 0.2863399
v 0.6097075 0.3691038 0.2512462
v 0.6097075 0.3691038 0.2512462
v 0.6544507 0.3474618 0.2863399
v 0.6639944 0.3577722 0.2863399
v 0.6157337 0.3744005 0.2512462
v 0.6157337 0.3744005 0.2512462
v 0.6639944 0.3577722 0.2863399
v 0.6728513 0.3686785 0.2863399
v 0.6215046 0.3799743 0.2512462
v 0.5851802 0.3003322 0.2863399
v 0.5932652 0.2617647 0.3302537
v 0.6114563 0.2697133 0.3302537
v 0.5979178 0.3062604 0.2863399
v 0.5979178 0.3062604 0.2863399
v 0.6114563 0.2697133 0.3302537
v 0.6289762 0.2790485 0.3302537
v 0.6102452 0.3130002 0.2863399
v 0.6102452 0.3130002 0.2863399
v 0.6289762 0.2790485 0.3302537
v 0.6457196 0.2897139 0.3302537
v 0.6221108 0.3205233 0.2863399
v 0.6221108 0.3205233 0.2863399
v 0.6457196 0.2897139 0.3302537
v 0.6615857 0.3016455 0.3302537
v 0.6334649 0.3287982 0.2863399
v 0.6334649 0.3287982 0.2863399
v 0.6615857 0.3016455 0.3302537
v 0.6764789 0.3147713 0.3302537
v 0.6442599 0.3377903 0.2863399
v 0.6442599 0.3377903 0.2863399
v 0.6764789 0.3147713 0.3302537
v 0.6903095 0.3290124 0.3302537
v 0.6544507 0.3474618 0.2863399
v 0.6544507 0.3474618 0.2863399
v 0.6903095 0.3290124 0.3302537
v 0.7029942 0.3442830 0.3302537
v 0.6639944 0.3577722 0.2863399
v 0.6639944 0.3577722 0.2863399
v 0.7029942 0.3442830 0.3302537
v 0.7144568 0.3604911 0.3302537
v 0.6728513 0.3686785 0.2863399
v 0.5932652 0.2617647 0.3302537
v 0.5885636 0.2288751 0.3813784
v 0.6116842 0.2375522 0.3813784
v 0.6114563 0.2697133 0.3302537
v 0.6114563 0.2697133 0.3302537
v 0.6116842 0.2375522 0.3813784
v 0.6339676 0.2481967 0.3813784
v 0.6289762 0.2790485 0.3302537
v 0.6289762 0.2790485 0.3302537
v 0.6339676 0.2481967 0.3813784
v 0.6552467 0.2607289 0.3813784
v 0.6457196 0.2897139 0.3302537
v 0.6457196 0.2897139 0.3302537
v 0.6552467 0.2607289 0.3813784
v 0.6753620 0.2750547 0.3813784
v 0.6615857 0.3016455 0.3302537
v 0.6615857 0.3016455 0.3302537
v 0.6753620 0.2750547 0.3813784
v 0.6941627 0.2910669 0.3813784
v 0.6764789 0.3147713 0.3302537
v 0.6764789 0.3147713 0.3302537
v 0.6941627 0.2910669 0.3813784
v 0.7115079 0.3086453 0.3813784
v 0.6903095 0.3290124 0.3302537
v 0.6903095 0.3290124 0.3302537
v 0.7115079 0.3086453 0.3813784
v 0.7272675 0.3276582 0.3813784
v 0.7029942 0.3442830 0.3302537
v 0.7029942 0.3442830 0.3302537
v 0.7272675 0.3276582 0.3813784
v 0.7413234 0.3479630 0.3813784
v 0.7144568 0.3604911 0.3302537
v 0.5885636 0.2288751 0.3813784
v 0.5709418 0.2046488 0.4376472
v 0.5977664 0.2124121 0.4376472
v 0.6116842 0.2375522 0.3813784
v 0.6116842 0.2375522 0.3813784
v 0.5977664 0.2124121 0.4376472
v 0.6237647 0.2226061 0.4376472
v 0.6339676 0.2481967 0.3813784
v 0.6339676 0.2481967 0.3813784
v 0.6237647 0.2226061 0.4376472
v 0.6487169 0.2351446 0.4376472
v 0.6552467 0.2607289 0.3813784
v 0.6552467 0.2607289 0.3813784
v 0.6487169 0.2351446 0.4376472
v 0.6724122 0.2499217 0.4376472
v 0.6753620 0.2750547 0.3813784
v 0.6753620 0.2750547 0.3813784
v 0.6724122 0.2499217 0.4376472
v 0.6946502 0.2668125 0.4376472
v 0.6941627 0.2910669 0.3813784
v 0.6941627 0.2910669 0.3813784
v 0.6946502 0.2668125 0.4376472
v 0.7152431 0.2856743 0.4376472
v 0.7115079 0.3086453 0.3813784
v 0.7115079 0.3086453 0.3813784
v 0.7152431 0.2856743 0.4376472
v 0.7340166 0.3063475 0.4376472
v 0.7272675 0.3276582 0.3813784
v 0.7272675 0.3276582 0.3813784
v 0.7340166 0.3063475 0.4376472
v 0.7508123 0.3286574 0.4376472
v 0.7413234 0.3479630 0.3813784
v 0.5709418 0.2046488 0.4376472
v 0.5459658 0.1929521 0.4966479
v 0.5745075 0.1986034 0.4966479
v 0.5977664 0.2124121 0.4376472
v 0.5977664 0.2124121 0.4376472
v 0.5745075 0.1986034 0.4966479
v 0.6023949 0.2069018 0.4966479
v 0.6237647 0.2226061 0.4376472
v 0.6237647 0.2226061 0.4376472
v 0.6023949 0.2069018 0.4966479
v 0.6293830 0.2177744 0.4966479
v 0.6487169 0.2351446 0.4376472
v 0.6487169 0.2351446 0.4376472
v 0.6293830 0.2177744 0.4966479
v 0.6552347 0.2311256 0.4966479
v 0.6724122 0.2499217 0.4376472
v 0.6724122 0.2499217 0.4376472
v 0.6552347 0.2311256 0.4966479
v 0.6797231 0.2468383 0.4966479
v 0.6946502 0.2668125 0.4376472
v 0.6946502 0.2668125 0.4376472
v 0.6797231 0.2468383 0.4966479
v 0.7026330 0.2647743 0.4966479
v 0.7152431 0.2856743 0.4376472
v 0.7152431 0.2856743 0.4376472
v 0.7026330 0.2647743 0.4966479
v 0.7237633 0.2847763 0.4966479
v 0.7340166 0.3063475 0.4376472
v 0.7340166 0.3063475 0.4376472
v 0.7237633 0.2847763 0.4966479
v 0.7429284 0.3066685 0.4966479
v 0.7508123 0.3286574 0.4376472
v 0.5459658 0.1929521 0.4966479
v 0.5230774 0.1958471 0.5557800
v 0.5509126 0.1992518 0.5557800
v 0.5745075 0.1986034 0.4966479
v 0.5745075 0.1986034 0.4966479
v 0.5509126 0.1992518 0.5557800
v 0.5783175 0.2051985 0.5557800
v 0.6023949 0.2069018 0.4966479
v 0.6023949 0.2069018 0.4966479
v 0.5783175 0.2051985 0.5557800
v 0.6050604 0.2136368 0.5557800
v 0.6293830 0.2177744 0.4966479
v 0.6293830 0.2177744 0.4966479
v 0.6050604 0.2136368 0.5557800
v 0.6309154 0.2244955 0.5557800
v 0.6552347 0.2311256 0.4966479
v 0.6552347 0.2311256 0.4966479
v 0.6309154 0.2244955 0.5557800
v 0.6556639 0.2376828 0.5557800
v 0.6797231 0.2468383 0.4966479
v 0.6797231 0.2468383 0.4966479
v 0.6556639 0.2376828 0.5557800
v 0.6790967 0.2530872 0.5557800
v 0.7026330 0.2647743 0.4966479
v 0.7026330 0.2647743 0.4966479
v 0.6790967 0.2530872 0.5557800
v 0.7010158 0.2705785 0.5557800
v 0.7237633 0.2847763 0.4966479
v 0.7237633 0.2847763 0.4966479
v 0.7010158 0.2705785 0.5557800
v 0.7212359 0.2900089 0.5557800
v 0.7429284 0.3066685 0.4966479
v 0.5230774 0.1958471 0.5557800
v 0.5111025 0.2124965 0.6124357
v 0.5359302 0.2145345 0.6124357
v 0.5509126 0.1992518 0.5557800
v 0.5509126 0.1992518 0.5557800
v 0.5359302 0.2145345 0.6124357
v 0.5604886 0.2187125 0.6124357
v 0.5783175 0.2051985 0.5557800
v 0.5783175 0.2051985 0.5557800
v 0.5604886 0.2187125 0.6124357
v 0.5845935 0.2249992 0.6124357
v 0.6050604 0.2136368 0.5557800
v 0.6050604 0.2136368 0.5557800
v 0.5845935 0.2249992 0.6124357
v 0.6080643 0.2333474 0.6124357
v 0.6309154 0.2244955 0.5557800
v 0.6309154 0.2244955 0.5557800
v 0.6080643 0.2333474 0.6124357
v 0.6307250 0.2436945 0.6124357
v 0.6556639 0.2376828 0.5557800
v 0.6556639 0.2376828 0.5557800
v 0.6307250 0.2436945 0.6124357
v 0.6524057 0.2559631 0.6124357
v 0.6790967 0.2530872 0.5557800
v 0.6790967 0.2530872 0.5557800
v 0.6524057 0.2559631 0.6124357
v 0.6729439 0.2700610 0.6124357
v 0.7010158 0.2705785 0.5557800
v 0.7010158 0.2705785 0.5557800
v 0.6729439 0.2700610 0.6124357
v 0.6921856 0.2858827 0.6124357
v 0.7212359 0.2900089 0.5557800
v 0.5111025 0.2124965 0.6124357
v 0.5137813 0.2409203 0.6641829
v 0.5338278 0.2427688 0.6641829
v 0.5359302 0.2145345 0.6124357
v 0.5359302 0.2145345 0.6124357
v 0.5338278 0.2427688 0.6641829
v 0.5536707 0.2461660 0.6641829
v 0.5604886 0.2187125 0.6124357
v 0.5604886 0.2187125 0.6124357
v 0.5536707 0.2461660 0.6641829
v 0.5731904 0.2510916 0.6641829
v 0.5845935 0.2249992 0.6124357
v 0.5845935 0.2249992 0.6124357
v 0.5731904 0.2510916 0.6641829
v 0.5922694 0.2575158 0.6641829
v 0.6080643 0.2333474 0.6124357
v 0.6080643 0.2333474 0.6124357
v 0.5922694 0.2575158 0.6641829
v 0.6107929 0.2654000 0.6641829
v 0.6307250 0.2436945 0.6124357
v 0.6307250 0.2436945 0.6124357
v 0.6107929 0.2654000 0.6641829
v 0.6286493 0.2746967 0.6641829
v 0.6524057 0.2559631 0.6124357
v 0.6524057 0.2559631 0.6124357
v 0.6286493 0.2746967 0.6641829
v 0.6457311 0.2853499 0.6641829
v 0.6729439 0.2700610 0.6124357
v 0.6729439 0.2700610 0.6124357
v 0.6457311 0.2853499 0.6641829
v 0.6619355 0.2972955 0.6641829
v 0.6921856 0.2858827 0.6124357
v 0.5137813 0.2409203 0.6641829
v 0.5278760 0.2801193 0.7089233
v 0.5420411 0.2823831 0.7089233
v 0.5338278 0.2427688 0.6641829
v 0.5338278 0.2427688 0.6641829
v 0.5420411 0.2823831 0.7089233
v 0.5560300 0.2855584 0.7089233
v 0.5536707 0.2461660 0.6641829
v 0.5536707 0.2461660 0.6641829
v 0.5560300 0.2855584 0.7089233
v 0.5697843 0.2896319 0.7089233
v 0.5731904 0.2510916 0.6641829
v 0.5731904 0.2510916 0.6641829
v 0.5697843 0.2896319 0.7089233
v 0.5832463 0.2945867 0.7089233
v 0.5922694 0.2575158 0.6641829
v 0.5922694 0.2575158 0.6641829
v 0.5832463 0.2945867 0.7089233
v 0.5963596 0.3004019 0.7089233
v 0.6107929 0.2654000 0.6641829
v 0.6107929 0.2654000 0.6641829
v 0.5963596 0.3004019 0.7089233
v 0.6090692 0.3070531 0.7089233
v 0.6286493 0.2746967 0.6641829
v 0.6286493 0.2746967 0.6641829
v 0.6090692 0.3070531 0.7089233
v 0.6213220 0.3145126 0.7089233
v 0.6457311 0.2853499 0.6641829
v 0.6457311 0.2853499 0.6641829
v 0.6213220 0.3145126 0.7089233
v 0.6330665 0.3227491 0.7089233
v 0.6619355 0.2972955 0.6641829
v 0.5278760 0.2801193 0.7089233
v 0.5445412 0.3296033 0.7450082
v 0.5524945 0.3318832 0.7450082
v 0.5420411 0.2823831 0.7089233
v 0.5420411 0.2823831 0.7089233
v 0.5524945 0.3318832 0.7450082
v 0.5603319 0.3345340 0.7450082
v 0.5560300 0.2855584 0.7089233
v 0.5560300 0.2855584 0.7089233
v 0.5603319 0.3345340 0.7450082
v 0.5680361 0.3375499 0.7450082
v 0.5697843 0.2896319 0.7089233
v 0.5697843 0.2896319 0.7089233
v 0.5680361 0.3375499 0.7450082
v 0.5755903 0.3409244 0.7450082
v 0.5832463 0.2945867 0.7089233
v 0.5832463 0.2945867 0.7089233
v 0.5755903 0.3409244 0.7450082
v 0.5829776 0.3446499 0.7450082
v 0.5963596 0.3004019 0.7089233
v 0.5963596 0.3004019 0.7089233
v 0.5829776 0.3446499 0.7450082
v 0.5901818 0.3487182 0.7450082
v 0.6090692 0.3070531 0.7089233
v 0.6090692 0.3070531 0.7089233
v 0.5901818 0.3487182 0.7450082
v 0.5971869 0.3531203 0.7450082
v 0.6213220 0.3145126 0.7089233
v 0.6213220 0.3145126 0.7089233
v 0.5971869 0.3531203 0.7450082
v 0.6039777 0.3578466 0.7450082
v 0.6330665 0.3227491 0.7089233
v 0.5445412 0.3296033 0.7450082
v 0.5564303 0.3885226 0.7712981
v 0.5579578 0.3893091 0.7712981
v 0.5524945 0.3318832 0.7450082
v 0.5524945 0.3318832 0.7450082
v 0.5579578 0.3893091 0.7712981
v 0.5594742 0.3901164 0.7712981
v 0.5603319 0.3345340 0.7450082
v 0.5603319 0.3345340 0.7450082
v 0.5594742 0.3901164 0.7712981
v 0.5609795 0.3909445 0.7712981
v 0.5680361 0.3375499 0.7450082
v 0.5680361 0.3375499 0.7450082
v 0.5609795 0.3909445 0.7712981
v 0.5624732 0.3917933 0.7712981
v 0.5755903 0.3409244 0.7450082
v 0.5755903 0.3409244 0.7450082
v 0.5624732 0.3917933 0.7712981
v 0.5639551 0.3926625 0.7712981
v 0.5829776 0.3446499 0.7450082
v 0.5829776 0.3446499 0.7450082
v 0.5639551 0.3926625 0.7712981
v 0.5654249 0.3935520 0.7712981
v 0.5901818 0.3487182 0.7450082
v 0.5901818 0.3487182 0.7450082
v 0.5654249 0.3935520 0.7712981
v 0.5668823 0.3944616 0.7712981
v 0.5971869 0.3531203 0.7450082
v 0.5971869 0.3531203 0.7450082
v 0.5668823 0.3944616 0.7712981
v 0.5683271 0.3953912 0.7712981
v 0.6039777 0.3578466 0.7450082
v 0.5537717 0.3937748 0.2260675
v 0.5552271 0.3945241 0.2260675
v 0.5575453 0.3900968 0.2145691
v 0.5560288 0.3893159 0.2145691
v 0.5552271 0.3945241 0.2260675
v 0.5566722 0.3952935 0.2260675
v 0.5590510 0.3908984 0.2145691
v 0.5575453 0.3900968 0.2145691
v 0.5566722 0.3952935 0.2260675
v 0.5581065 0.3960826 0.2260675
v 0.5605455 0.3917206 0.2145691
v 0.5590510 0.3908984 0.2145691
v 0.5581065 0.3960826 0.2260675
v 0.5595298 0.3968913 0.2260675
v 0.5620286 0.3925633 0.2145691
v 0.5605455 0.3917206 0.2145691
v 0.5595298 0.3968913 0.2260675
v 0.5609419 0.3977196 0.2260675
v 0.5634999 0.3934263 0.2145691
v 0.5620286 0.3925633 0.2145691
v 0.5609419 0.3977196 0.2260675
v 0.5623424 0.3985672 0.2260675
v 0.5649593 0.3943095 0.2145691
v 0.5634999 0.3934263 0.2145691
v 0.5623424 0.3985672 0.2260675
v 0.5637312 0.3994340 0.2260675
v 0.5664063 0.3952127 0.2145691
v 0.5649593 0.3943095 0.2145691
v 0.5637312 0.3994340 0.2260675
v 0.5651079 0.4003197 0.2260675
v 0.5678408 0.3961356 0.2145691
v 0.5664063 0.3952127 0.2145691
v 0.5651079 0.4003197 0.2260675
v 0.6215046 0.3799743 0.2512462
v 0.6265532 0.3749871 0.2409104
v 0.5678408 0.3961356 0.2145691
v 0.6215046 0.3799743 0.2512462
v 0.6728513 0.3686785 0.2863399
v 0.6799662 0.3632730 0.2775452
v 0.6265532 0.3749871 0.2409104
v 0.6728513 0.3686785 0.2863399
v 0.7144568 0.3604911 0.3302537
v 0.7232141 0.3547943 0.3233222
v 0.6799662 0.3632730 0.2775452
v 0.7144568 0.3604911 0.3302537
v 0.7413234 0.3479630 0.3813784
v 0.7511179 0.3417924 0.3765639
v 0.7232141 0.3547943 0.3233222
v 0.7413234 0.3479630 0.3813784
v 0.7508123 0.3286574 0.4376472
v 0.7609533 0.3217296 0.4351261
v 0.7511179 0.3417924 0.3765639
v 0.7508123 0.3286574 0.4376472
v 0.7429284 0.3066685 0.4966479
v 0.7527378 0.2988618 0.4965126
v 0.7609533 0.3217296 0.4351261
v 0.7429284 0.3066685 0.4966479
v 0.7212359 0.2900089 0.5557800
v 0.7301810 0.2815184 0.5580353
v 0.7527378 0.2988618 0.4965126
v 0.7212359 0.2900089 0.5557800
v 0.6921856 0.2858827 0.6124357
v 0.6999858 0.2771924 0.6169991
v 0.7301810 0.2815184 0.5580353
v 0.6921856 0.2858827 0.6124357
v 0.6619355 0.2972955 0.6641829
v 0.6685481 0.2890181 0.6708872
v 0.6999858 0.2771924 0.6169991
v 0.6619355 0.2972955 0.6641829
v 0.6330665 0.3227491 0.7089233
v 0.6385438 0.3154531 0.7175231
v 0.6685481 0.2890181 0.6708872
v 0.6330665 0.3227491 0.7089233
v 0.6039777 0.3578466 0.7450082
v 0.6082980 0.3519401 0.7551884
v 0.6385438 0.3154531 0.7175231
v 0.6039777 0.3578466 0.7450082
v 0.5683271 0.3953912 0.7712981
v 0.5711951 0.3910002 0.7826859
v 0.6082980 0.3519401 0.7551884
v 0.5683271 0.3953912 0.7712981
v 0.5668823 0.3944616 0.7712981
v 0.5696897 0.3900316 0.7826859
v 0.5711951 0.3910002 0.7826859
v 0.5668823 0.3944616 0.7712981
v 0.5654249 0.3935520 0.7712981
v 0.5681711 0.3890838 0.7826859
v 0.5696897 0.3900316 0.7826859
v 0.5654249 0.3935520 0.7712981
v 0.5639551 0.3926625 0.7712981
v 0.5666396 0.3881570 0.7826859
v 0.5681711 0.3890838 0.7826859
v 0.5639551 0.3926625 0.7712981
v 0.5624732 0.3917933 0.7712981
v 0.5650955 0.3872513 0.7826859
v 0.5666396 0.3881570 0.7826859
v 0.5624732 0.3917933 0.7712981
v 0.5609795 0.3909445 0.7712981
v 0.5635391 0.3863669 0.7826859
v 0.5650955 0.3872513 0.7826859
v 0.5609795 0.3909445 0.7712981
v 0.5594742 0.3901164 0.7712981
v 0.5619707 0.3855040 0.7826859
v 0.5635391 0.3863669 0.7826859
v 0.5594742 0.3901164 0.7712981
v 0.5579578 0.3893091 0.7712981
v 0.5603906 0.3846628 0.7826859
v 0.5619707 0.3855040 0.7826859
v 0.5579578 0.3893091 0.7712981
v 0.5564303 0.3885226 0.7712981
v 0.5587990 0.3838433 0.7826859
v 0.5603906 0.3846628 0.7826859
v 0.5564303 0.3885226 0.7712981
v 0.5445412 0.3296033 0.7450082
v 0.5463920 0.3225233 0.7551884
v 0.5587990 0.3838433 0.7826859
v 0.5445412 0.3296033 0.7450082
v 0.5278760 0.2801193 0.7089233
v 0.5290234 0.2710685 0.7175231
v 0.5463920 0.3225233 0.7551884
v 0.5278760 0.2801193 0.7089233
v 0.5137813 0.2409203 0.6641829
v 0.5143441 0.2303409 0.6708872
v 0.5290234 0.2710685 0.7175231
v 0.5137813 0.2409203 0.6641829
v 0.5111025 0.2124965 0.6124357
v 0.5115531 0.2008277 0.6169991
v 0.5143441 0.2303409 0.6708872
v 0.5111025 0.2124965 0.6124357
v 0.5230774 0.1958471 0.5557800
v 0.5240104 0.1835494 0.5580353
v 0.5115531 0.2008277 0.6169991
v 0.5230774 0.1958471 0.5557800
v 0.5459658 0.1929521 0.4966479
v 0.5478219 0.1805535 0.4965126
v 0.5240104 0.1835494 0.5580353
v 0.5459658 0.1929521 0.4966479
v 0.5709418 0.2046488 0.4376472
v 0.5738102 0.1927070 0.4351261
v 0.5478219 0.1805535 0.4965126
v 0.5709418 0.2046488 0.4376472
v 0.5885636 0.2288751 0.3813784
v 0.5921581 0.2178711 0.3765639
v 0.5738102 0.1927070 0.4351261
v 0.5885636 0.2288751 0.3813784
v 0.5932652 0.2617647 0.3302537
v 0.5970737 0.2520365 0.3233222
v 0.5921581 0.2178711 0.3765639
v 0.5932652 0.2617647 0.3302537
v 0.5851802 0.3003322 0.2863399
v 0.5886864 0.2921134 0.2775452
v 0.5970737 0.2520365 0.3233222
v 0.5851802 0.3003322 0.2863399
v 0.5689669 0.3437531 0.2512462
v 0.5718325 0.3372609 0.2409104
v 0.5886864 0.2921134 0.2775452
v 0.5689669 0.3437531 0.2512462
v 0.5537717 0.3937748 0.2260675
v 0.5560288 0.3893159 0.2145691
v 0.5718325 0.3372609 0.2409104
v 0.5618114 0.3712343 0.2170643
v 0.5794528 0.3312520 0.2407016
v 0.5757711 0.3295671 0.2407016
v 0.5601607 0.3704549 0.2170643
v 0.5794528 0.3312520 0.2407016
v 0.5958449 0.2951292 0.2711994
v 0.5900707 0.2925257 0.2711994
v 0.5757711 0.3295671 0.2407016
v 0.5958449 0.2951292 0.2711994
v 0.6068131 0.2622384 0.3079182
v 0.5989430 0.2588571 0.3079182
v 0.5900707 0.2925257 0.2711994
v 0.6068131 0.2622384 0.3079182
v 0.6092076 0.2325862 0.3499827
v 0.5993612 0.2287736 0.3499827
v 0.5989430 0.2588571 0.3079182
v 0.6092076 0.2325862 0.3499827
v 0.6016725 0.2072839 0.3963003
v 0.5901323 0.2035271 0.3963003
v 0.5993612 0.2287736 0.3499827
v 0.6016725 0.2072839 0.3963003
v 0.5854170 0.1884969 0.4455955
v 0.5726622 0.1852772 0.4455955
v 0.5901323 0.2035271 0.3963003
v 0.5854170 0.1884969 0.4455955
v 0.5642718 0.1785630 0.4964608
v 0.5509616 0.1761860 0.4964608
v 0.5726622 0.1852772 0.4455955
v 0.5642718 0.1785630 0.4964608
v 0.5437147 0.1788604 0.5474179
v 0.5306021 0.1773467 0.5474179
v 0.5509616 0.1761860 0.4964608
v 0.5437147 0.1788604 0.5474179
v 0.5290777 0.1893201 0.5969851
v 0.5168897 0.1884197 0.5969851
v 0.5306021 0.1773467 0.5474179
v 0.5290777 0.1893201 0.5969851
v 0.5236961 0.2089377 0.6437457
v 0.5130425 0.2082661 0.6437457
v 0.5168897 0.1884197 0.5969851
v 0.5236961 0.2089377 0.6437457
v 0.5277786 0.2367226 0.6864093
v 0.5191127 0.2359520 0.6864093
v 0.5130425 0.2082661 0.6437457
v 0.5277786 0.2367226 0.6864093
v 0.5383254 0.2721312 0.7238638
v 0.5319298 0.2711474 0.7238638
v 0.5191127 0.2359520 0.6864093
v 0.5383254 0.2721312 0.7238638
v 0.5500755 0.3145704 0.7552109
v 0.5460386 0.3135271 0.7552109
v 0.5319298 0.2711474 0.7238638
v 0.5500755 0.3145704 0.7552109
v 0.5576426 0.3627008 0.7797858
v 0.5558832 0.3619753 0.7797858
v 0.5460386 0.3135271 0.7552109
v 0.5878543 0.3873817 0.2170643
v 0.6344662 0.3707426 0.2407016
v 0.6316287 0.3678542 0.2407016
v 0.5864078 0.3862681 0.2170643
v 0.6344662 0.3707426 0.2407016
v 0.6783730 0.3609268 0.2711994
v 0.6744089 0.3559867 0.2711994
v 0.6316287 0.3678542 0.2407016
v 0.6783730 0.3609268 0.2711994
v 0.7157336 0.3537173 0.3079182
v 0.7108106 0.3467077 0.3079182
v 0.6744089 0.3559867 0.2711994
v 0.7157336 0.3537173 0.3079182
v 0.7434546 0.3445448 0.3499827
v 0.7376103 0.3357509 0.3499827
v 0.7108106 0.3467077 0.3079182
v 0.7434546 0.3445448 0.3499827
v 0.7595765 0.3307663 0.3963003
v 0.7527505 0.3207315 0.3963003
v 0.7376103 0.3357509 0.3499827
v 0.7595765 0.3307663 0.3963003
v 0.7632290 0.3128083 0.4455955
v 0.7553885 0.3022452 0.4455955
v 0.7527505 0.3207315 0.3963003
v 0.7632290 0.3128083 0.4455955
v 0.7549504 0.2939590 0.4964608
v 0.7462367 0.2836205 0.4964608
v 0.7553885 0.3022452 0.4455955
v 0.7549504 0.2939590 0.4964608
v 0.7370309 0.2789616 0.5474179
v 0.7278339 0.2694933 0.5474179
v 0.7462367 0.2836205 0.4964608
v 0.7370309 0.2789616 0.5474179
v 0.7131671 0.2721243 0.5969851
v 0.7040804 0.2639519 0.5969851
v 0.7278339 0.2694933 0.5474179
v 0.7131671 0.2721243 0.5969851
v 0.6872420 0.2759035 0.6437457
v 0.6789266 0.2692099 0.6437457
v 0.7040804 0.2639519 0.5969851
v 0.6872420 0.2759035 0.6437457
v 0.6618629 0.2905077 0.6864093
v 0.6548919 0.2853023 0.6864093
v 0.6789266 0.2692099 0.6437457
v 0.6618629 0.2905077 0.6864093
v 0.6375520 0.3143323 0.7238638
v 0.6322991 0.3105535 0.7238638
v 0.6548919 0.2853023 0.6864093
v 0.6375520 0.3143323 0.7238638
v 0.6129812 0.3446715 0.7552109
v 0.6095829 0.3422556 0.7552109
v 0.6322991 0.3105535 0.7238638
v 0.6129812 0.3446715 0.7552109
v 0.5856016 0.3781554 0.7797858
v 0.5840374 0.3770713 0.7797858
v 0.6095829 0.3422556 0.7552109
v 0.6794074 0.2957982 0.3196525
v 0.6913033 0.2801524 0.3508278
v 0.6731184 0.2655646 0.3508278
v 0.6637088 0.2830096 0.3196525
v 0.6913033 0.2801524 0.3508278
v 0.6970792 0.2642849 0.3842116
v 0.6765320 0.2485277 0.3842116
v 0.6731184 0.2655646 0.3508278
v 0.6970792 0.2642849 0.3842116
v 0.6965350 0.2487238 0.4193264
v 0.6738553 0.2325302 0.4193264
v 0.6765320 0.2485277 0.3842116
v 0.6965350 0.2487238 0.4193264
v 0.6901012 0.2345556 0.4556546
v 0.6656762 0.2186628 0.4556546
v 0.6738553 0.2325302 0.4193264
v 0.6901012 0.2345556 0.4556546
v 0.6788551 0.2231729 0.4926504
v 0.6532522 0.2082190 0.4926504
v 0.6656762 0.2186628 0.4556546
v 0.6788551 0.2231729 0.4926504
v 0.6644116 0.2159457 0.5297520
v 0.6383578 0.2023843 0.5297520
v 0.6532522 0.2082190 0.4926504
v 0.6644116 0.2159457 0.5297520
v 0.6486671 0.2139272 0.5663954
v 0.6229891 0.2019845 0.5663954
v 0.6383578 0.2023843 0.5297520
v 0.6486671 0.2139272 0.5663954
v 0.6334448 0.2176880 0.6020281
v 0.6089875 0.2073752 0.6020281
v 0.6229891 0.2019845 0.5663954
v 0.6334448 0.2176880 0.6020281
v 0.6201331 0.2273070 0.6361216
v 0.5976782 0.2184820 0.6361216
v 0.6089875 0.2073752 0.6020281
v 0.6201331 0.2273070 0.6361216
v 0.6094218 0.2424734 0.6681840
v 0.5896231 0.2349324 0.6681840
v 0.5976782 0.2184820 0.6361216
v 0.6902410 0.2715181 0.3571882
v 0.6940496 0.2561926 0.3892755
v 0.6826358 0.2475293 0.3892755
v 0.6800257 0.2633856 0.3571882
v 0.6940496 0.2561926 0.3892755
v 0.6922550 0.2414254 0.4228382
v 0.6797656 0.2325918 0.4228382
v 0.6826358 0.2475293 0.3892755
v 0.6922550 0.2414254 0.4228382
v 0.6853309 0.2281906 0.4574345
v 0.6719636 0.2195425 0.4574345
v 0.6797656 0.2325918 0.4228382
v 0.6853309 0.2281906 0.4574345
v 0.6742701 0.2176612 0.4926011
v 0.6603055 0.2095048 0.4926011
v 0.6719636 0.2195425 0.4574345
v 0.6742701 0.2176612 0.4926011
v 0.6604848 0.2109608 0.5278624
v 0.6462764 0.2035169 0.5278624
v 0.6603055 0.2095048 0.4926011
v 0.6604848 0.2109608 0.5278624
v 0.6456035 0.2089497 0.5627415
v 0.6315517 0.2023344 0.5627415
v 0.6462764 0.2035169 0.5278624
v 0.6456035 0.2089497 0.5627415
v 0.6311979 0.2121050 0.5967696
v 0.6177148 0.2063341 0.5967696
v 0.6315517 0.2023344 0.5627415
v 0.6311979 0.2121050 0.5967696
v 0.6185058 0.2205143 0.6294961
v 0.6059790 0.2155280 0.6294961
v 0.6177148 0.2063341 0.5967696
v 0.7052105 0.3035921 0.3298075
v 0.7106457 0.2983381 0.3421651
v 0.6525362 0.2514606 0.3421651
v 0.6502508 0.2589355 0.3298075
v 0.6408486 0.2404291 0.6508334
v 0.6356075 0.2458543 0.6633698
v 0.5684249 0.2201832 0.6633698
v 0.5702250 0.2131484 0.6508334
vt 0.5 0.5
vn 0.2500000 0.0669873 -0.9659258
vn 0.2588190 0.0000000 -0.9659258
vn 0.0000000 0.0000000 -1.0000000
vn 0.2241439 0.1294095 -0.9659258
vn 0.2500000 0.0669873 -0.9659258
vn 0.0000000 0.0000000 -1.0000000
vn 0.1830127 0.1830127 -0.9659258
vn 0.2241439 0.1294095 -0.9659258
vn 0.0000000 0.0000000 -1.0000000
vn 0.1294095 0.2241439 -0.9659258
vn 0.1830127 0.1830127 -0.9659258
vn 0.0000000 0.0000000 -1.0000000
vn 0.0669873 0.2500000 -0.9659258
vn 0.1294095 0.2241439 -0.9659258
vn 0.0000000 0.0000000 -1.0000000
vn 0.0000000 0.2588190 -0.9659258
vn 0.0669873 0.2500000 -0.9659258
vn 0.0000000 0.0000000 -1.0000000
vn -0.0669873 0.2500000 -0.9659258
vn 0.0000000 0.2588190 -0.9659258
vn 0.0000000 0.0000000 -1.0000000
vn -0.1294095 0.2241439 -0.9659258
vn -0.0669873 0.2500000 -0.9659258
vn -0.0000000 0.0000000 -1.0000000
vn -0.1830127 0.1830127 -0.9659258
vn -0.1294095 0.2241439 -0.9659258
vn -0.0000000 0.0000000 -1.0000000
vn -0.2241439 0.1294095 -0.9659258
vn -0.1830127 0.1830127 -0.9659258
vn -0.0000000 0.0000000 -1.0000000
vn -0.2500000 0.0669873 -0.9659258
vn -0.2241439 0.1294095 -0.9659258
vn -0.0000000 0.0000000 -1.0000000
vn -0.2588190 0.0000000 -0.9659258
vn -0.2500000 0.0669873 -0.9659258
vn -0.0000000 0.0000000 -1.0000000
vn -0.2500000 -0.0669873 -0.9659258
vn -0.2588190 0.0000000 -0.9659258
vn -0.0000000 0.0000000 -1.0000000
vn -0.2241439 -0.1294095 -0.9659258
vn -0.2500000 -0.0669873 -0.9659258
vn -0.0000000 -0.0000000 -1.0000000
vn -0.1830127 -0.1830127 -0.9659258
vn -0.2241439 -0.1294095 -0.9659258
vn -0.0000000 -0.0000000 -1.0000000
vn -0.1294095 -0.2241439 -0.9659258
vn -0.1830127 -0.1830127 -0.9659258
vn -0.0000000 -0.0000000 -1.0000000
vn -0.0669873 -0.2500000 -0.9659258
vn -0.1294095 -0.2241439 -0.9659258
vn -0.0000000 -0.0000000 -1.0000000
vn -0.0000000 -0.2588190 -0.9659258
vn -0.0669873 -0.2500000 -0.9659258
vn -0.0000000 -0.0000000 -1.0000000
vn 0.0669873 -0.2500000 -0.9659258
vn -0.0000000 -0.2588190 -0.9659258
vn -0.0000000 -0.0000000 -1.0000000
vn 0.1294095 -0.2241439 -0.9659258
vn 0.0669873 -0.2500000 -0.9659258
vn 0.0000000 -0.0000000 -1.0000000
vn 0.1830127 -0.1830127 -0.9659258
vn 0.1294095 -0.2241439 -0.9659258
vn 0.0000000 -0.0000000 -1.0000000
vn 0.2241439 -0.1294095 -0.9659258
vn 0.1830127 -0.1830127 -0.9659258
vn 0.0000000 -0.0000000 -1.0000000
vn 0.2500000 -0.0669873 -0.9659258
vn 0.2241439 -0.1294095 -0.9659258
vn 0.0000000 -0.0000000 -1.0000000
vn 0.2588190 -0.0000000 -0.9659258
vn 0.2500000 -0.0669873 -0.9659258
vn 0.0000000 -0.0000000 -1.0000000
vn 0.2500000 0.0669873 -0.9659258
vn 0.4829629 0.1294095 -0.8660254
vn 0.5000000 0.0000000 -0.8660254
vn 0.2588190 0.0000000 -0.9659258
vn 0.2241439 0.1294095 -0.9659258
vn 0.4330127 0.2500000 -0.8660254
vn 0.4829629 0.1294095 -0.8660254
vn 0.2500000 0.0669873 -0.9659258
vn 0.1830127 0.1830127 -0.9659258
vn 0.3535534 0.3535534 -0.8660254
vn 0.4330127 0.2500000 -0.8660254
vn 0.2241439 0.1294095 -0.9659258
vn 0.1294095 0.2241439 -0.9659258
vn 0.2500000 0.4330127 -0.8660254
vn 0.3535534 0.3535534 -0.8660254
vn 0.1830127 0.1830127 -0.9659258
vn 0.0669873 0.2500000 -0.9659258
vn 0.1294095 0.4829629 -0.8660254
vn 0.2500000 0.4330127 -0.8660254
vn 0.1294095 0.2241439 -0.9659258
vn 0.0000000 0.2588190 -0.9659258
vn 0.0000000 0.5000000 -0.8660254
vn 0.1294095 0.4829629 -0.8660254
vn 0.0669873 0.2500000 -0.9659258
vn -0.0669873 0.2500000 -0.9659258
vn -0.1294095 0.4829629 -0.8660254
vn 0.0000000 0.5000000 -0.8660254
vn 0.0000000 0.2588190 -0.9659258
vn -0.1294095 0.2241439 -0.9659258
vn -0.2500000 0.4330127 -0.8660254
vn -0.1294095 0.4829629 -0.8660254
vn -0.0669873 0.2500000 -0.9659258
vn -0.1830127 0.1830127 -0.9659258
vn -0.3535534 0.3535534 -0.8660254
vn -0.2500000 0.4330127 -0.8660254
vn -0.1294095 0.2241439 -0.9659258
vn -0.2241439 0.1294095 -0.9659258
vn -0.4330127 0.2500000 -0.8660254
vn -0.3535534 0.3535534 -0.8660254
vn -0.1830127 0.1830127 -0.9659258
vn -0.2500000 0.0669873 -0.9659258
vn -0.4829629 0.1294095 -0.8660254
vn -0.4330127 0.2500000 -0.8660254
vn -0.2241439 0.1294095 -0.9659258
vn -0.2588190 0.0000000 -0.9659258
vn -0.5000000 0.0000000 -0.8660254
vn -0.4829629 0.1294095 -0.8660254
vn -0.2500000 0.0669873 -0.9659258
vn -0.2500000 -0.0669873 -0.9659258
vn -0.4829629 -0.1294095 -0.8660254
vn -0.5000000 0.0000000 -0.8660254
vn -0.2588190 0.0000000 -0.9659258
vn -0.2241439 -0.1294095 -0.9659258
vn -0.4330127 -0.2500000 -0.8660254
vn -0.4829629 -0.1294095 -0.8660254
vn -0.2500000 -0.0669873 -0.9659258
vn -0.1830127 -0.1830127 -0.9659258
vn -0.3535534 -0.3535534 -0.8660254
vn -0.4330127 -0.2500000 -0.8660254
vn -0.2241439 -0.1294095 -0.9659258
vn -0.1294095 -0.2241439 -0.9659258
vn -0.2500000 -0.4330127 -0.8660254
vn -0.3535534 -0.3535534 -0.8660254
vn -0.1830127 -0.1830127 -0.9659258
vn -0.0669873 -0.2500000 -0.9659258
vn -0.1294095 -0.4829629 -0.8660254
vn -0.2500000 -0.4330127 -0.8660254
vn -0.1294095 -0.2241439 -0.9659258
vn -0.0000000 -0.2588190 -0.9659258
vn -0.0000000 -0.5000000 -0.8660254
vn -0.1294095 -0.4829629 -0.8660254
vn -0.0669873 -0.2500000 -0.9659258
vn 0.0669873 -0.2500000 -0.9659258
vn 0.1294095 -0.4829629 -0.8660254
vn -0.0000000 -0.5000000 -0.8660254
vn -0.0000000 -0.2588190 -0.9659258
vn 0.1294095 -0.2241439 -0.9659258
vn 0.2500000 -0.4330127 -0.8660254
vn 0.1294095 -0.4829629 -0.8660254
vn 0.0669873 -0.2500000 -0.9659258
vn 0.1830127 -0.1830127 -0.9659258
vn 0.3535534 -0.3535534 -0.8660254
vn 0.2500000 -0.4330127 -0.8660254
vn 0.1294095 -0.2241439 -0.9659258
vn 0.2241439 -0.1294095 -0.9659258
vn 0.4330127 -0.2500000 -0.8660254
vn 0.3535534 -0.3535534 -0.8660254
vn 0.1830127 -0.1830127 -0.9659258
vn 0.2500000 -0.0669873 -0.9659258
vn 0.4829629 -0.1294095 -0.8660254
vn 0.4330127 -0.2500000 -0.8660254
vn 0.2241439 -0.1294095 -0.9659258
vn 0.2588190 -0.0000000 -0.9659258
vn 0.5000000 -0.0000000 -0.8660254
vn 0.4829629 -0.1294095 -0.8660254
vn 0.2500000 -0.0669873 -0.9659258
vn 0.4829629 0.1294095 -0.8660254
vn 0.6830127 0.1830127 -0.7071068
vn 0.7071068 0.0000000 -0.7071068
vn 0.5000000 0.0000000 -0.8660254
vn 0.4330127 0.2500000 -0.8660254
vn 0.6123724 0.3535534 -0.7071068
vn 0.6830127 0.1830127 -0.7071068
vn 0.4829629 0.1294095 -0.8660254
vn 0.3535534 0.3535534 -0.8660254
vn 0.5000000 0.5000000 -0.7071068
vn 0.6123724 0.3535534 -0.7071068
vn 0.4330127 0.2500000 -0.8660254
vn 0.2500000 0.4330127 -0.8660254
vn 0.3535534 0.6123724 -0.7071068
vn 0.5000000 0.5000000 -0.7071068
vn 0.3535534 0.3535534 -0.8660254
vn 0.1294095 0.4829629 -0.8660254
vn 0.1830127 0.6830127 -0.7071068
vn 0.3535534 0.6123724 -0.7071068
vn 0.2500000 0.4330127 -0.8660254
vn 0.0000000 0.5000000 -0.8660254
vn 0.0000000 0.7071068 -0.7071068
vn 0.1830127 0.6830127 -0.7071068
vn 0.1294095 0.4829629 -0.8660254
vn -0.1294095 0.4829629 -0.8660254
vn -0.1830127 0.6830127 -0.7071068
vn 0.0000000 0.7071068 -0.7071068
vn 0.0000000 0.5000000 -0.8660254
vn -0.2500000 0.4330127 -0.8660254
vn -0.3535534 0.6123724 -0.7071068
vn -0.1830127 0.6830127 -0.7071068
vn -0.1294095 0.4829629 -0.8660254
vn -0.3535534 0.3535534 -0.8660254
vn -0.5000000 0.5000000 -0.7071068
vn -0.3535534 0.6123724 -0.7071068
vn -0.2500000 0.4330127 -0.8660254
vn -0.4330127 0.2500000 -0.8660254
vn -0.6123724 0.3535534 -0.7071068
vn -0.5000000 0.5000000 -0.7071068
vn -0.3535534 0.3535534 -0.8660254
vn -0.4829629 0.1294095 -0.8660254
vn -0.6830127 0.1830127 -0.7071068
vn -0.6123724 0.3535534 -0.7071068
vn -0.4330127 0.2500000 -0.8660254
vn -0.5000000 0.0000000 -0.8660254
vn -0.7071068 0.0000000 -0.7071068
vn -0.6830127 0.1830127 -0.7071068
vn -0.4829629 0.1294095 -0.8660254
vn -0.4829629 -0.1294095 -0.8660254
vn -0.6830127 -0.1830127 -0.7071068
vn -0.7071068 0.0000000 -0.7071068
vn -0.5000000 0.0000000 -0.8660254
vn -0.4330127 -0.2500000 -0.8660254
vn -0.6123724 -0.3535534 -0.7071068
vn -0.6830127 -0.1830127 -0.7071068
vn -0.4829629 -0.1294095 -0.8660254
vn -0.3535534 -0.3535534 -0.8660254
vn -0.5000000 -0.5000000 -0.7071068
vn -0.6123724 -0.3535534 -0.7071068
vn -0.4330127 -0.2500000 -0.8660254
vn -0.2500000 -0.4330127 -0.8660254
vn -0.3535534 -0.6123724 -0.7071068
vn -0.5000000 -0.5000000 -0.7071068
vn -0.3535534 -0.3535534 -0.8660254
vn -0.1294095 -0.4829629 -0.8660254
vn -0.1830127 -0.6830127 -0.7071068
vn -0.3535534 -0.6123724 -0.7071068
vn -0.2500000 -0.4330127 -0.8660254
vn -0.0000000 -0.5000000 -0.8660254
vn -0.0000000 -0.7071068 -0.7071068
vn -0.1830127 -0.6830127 -0.7071068
vn -0.1294095 -0.4829629 -0.8660254
vn 0.1294095 -0.4829629 -0.8660254
vn 0.1830127 -0.6830127 -0.7071068
vn -0.0000000 -0.7071068 -0.7071068
vn -0.0000000 -0.5000000 -0.8660254
vn 0.2500000 -0.4330127 -0.8660254
vn 0.3535534 -0.6123724 -0.7071068
vn 0.1830127 -0.6830127 -0.7071068
vn 0.1294095 -0.4829629 -0.8660254
vn 0.3535534 -0.3535534 -0.8660254
vn 0.5000000 -0.5000000 -0.7071068
vn 0.3535534 -0.6123724 -0.7071068
vn 0.2500000 -0.4330127 -0.8660254
vn 0.4330127 -0.2500000 -0.8660254
vn 0.6123724 -0.3535534 -0.7071068
vn 0.5000000 -0.5000000 -0.7071068
vn 0.3535534 -0.3535534 -0.8660254
vn 0.4829629 -0.1294095 -0.8660254
vn 0.6830127 -0.1830127 -0.7071068
vn 0.6123724 -0.3535534 -0.7071068
vn 0.4330127 -0.2500000 -0.8660254
vn 0.5000000 -0.0000000 -0.8660254
vn 0.7071068 -0.0000000 -0.7071068
vn 0.6830127 -0.1830127 -0.7071068
vn 0.4829629 -0.1294095 -0.8660254
vn 0.6830127 0.1830127 -0.7071068
vn 0.8365163 0.2241439 -0.5000000
vn 0.8660254 0.0000000 -0.5000000
vn 0.7071068 0.0000000 -0.7071068
vn 0.6123724 0.3535534 -0.7071068
vn 0.7500000 0.4330127 -0.5000000
vn 0.8365163 0.2241439 -0.5000000
vn 0.6830127 0.1830127 -0.7071068
vn 0.5000000 0.5000000 -0.7071068
vn 0.6123724 0.6123724 -0.5000000
vn 0.7500000 0.4330127 -0.5000000
vn 0.6123724 0.3535534 -0.7071068
vn 0.3535534 0.6123724 -0.7071068
vn 0.4330127 0.7500000 -0.5000000
vn 0.6123724 0.6123724 -0.5000000
vn 0.5000000 0.5000000 -0.7071068
vn 0.1830127 0.6830127 -0.7071068
vn 0.2241439 0.8365163 -0.5000000
vn 0.4330127 0.7500000 -0.5000000
vn 0.3535534 0.6123724 -0.7071068
vn 0.0000000 0.7071068 -0.7071068
vn 0.0000000 0.8660254 -0.5000000
vn 0.2241439 0.8365163 -0.5000000
vn 0.1830127 0.6830127 -0.7071068
vn -0.1830127 0.6830127 -0.7071068
vn -0.2241439 0.8365163 -0.5000000
vn 0.0000000 0.8660254 -0.5000000
vn 0.0000000 0.7071068 -0.7071068
vn -0.3535534 0.6123724 -0.7071068
vn -0.4330127 0.7500000 -0.5000000
vn -0.2241439 0.8365163 -0.5000000
vn -0.1830127 0.6830127 -0.7071068
vn -0.5000000 0.5000000 -0.7071068
vn -0.6123724 0.6123724 -0.5000000
vn -0.4330127 0.7500000 -0.5000000
vn -0.3535534 0.6123724 -0.7071068
vn -0.6123724 0.3535534 -0.7071068
vn -0.7500000 0.4330127 -0.5000000
vn -0.6123724 0.6123724 -0.5000000
vn -0.5000000 0.5000000 -0.7071068
vn -0.6830127 0.1830127 -0.7071068
vn -0.8365163 0.2241439 -0.5000000
vn -0.7500000 0.4330127 -0.5000000
vn -0.6123724 0.3535534 -0.7071068
vn -0.7071068 0.0000000 -0.7071068
vn -0.8660254 0.0000000 -0.5000000
vn -0.8365163 0.2241439 -0.5000000
vn -0.6830127 0.1830127 -0.7071068
vn -0.6830127 -0.1830127 -0.7071068
vn -0.8365163 -0.2241439 -0.5000000
vn -0.8660254 0.0000000 -0.5000000
vn -0.7071068 0.0000000 -0.7071068
vn -0.6123724 -0.3535534 -0.7071068
vn -0.7500000 -0.4330127 -0.5000000
vn -0.8365163 -0.2241439 -0.5000000
vn -0.6830127 -0.1830127 -0.7071068
vn -0.5000000 -0.5000000 -0.7071068
vn -0.6123724 -0.6123724 -0.5000000
vn -0.7500000 -0.4330127 -0.5000000
vn -0.6123724 -0.3535534 -0.7071068
vn -0.3535534 -0.6123724 -0.7071068
vn -0.4330127 -0.7500000 -0.5000000
vn -0.6123724 -0.6123724 -0.5000000
vn -0.5000000 -0.5000000 -0.7071068
vn -0.1830127 -0.6830127 -0.7071068
vn -0.2241439 -0.8365163 -0.5000000
vn -0.4330127 -0.7500000 -0.5000000
vn -0.3535534 -0.6123724 -0.7071068
vn -0.0000000 -0.7071068 -0.7071068
vn -0.0000000 -0.8660254 -0.5000000
vn -0.2241439 -0.8365163 -0.5000000
vn -0.1830127 -0.6830127 -0.7071068
vn 0.1830127 -0.6830127 -0.7071068
vn 0.2241439 -0.8365163 -0.5000000
vn -0.0000000 -0.8660254 -0.5000000
vn -0.0000000 -0.7071068 -0.7071068
vn 0.3535534 -0.6123724 -0.7071068
vn 0.4330127 -0.7500000 -0.5000000
vn 0.2241439 -0.8365163 -0.5000000
vn 0.1830127 -0.6830127 -0.7071068
vn 0.5000000 -0.5000000 -0.7071068
vn 0.6123724 -0.6123724 -0.5000000
vn 0.4330127 -0.7500000 -0.5000000
vn 0.3535534 -0.6123724 -0.7071068
vn 0.6123724 -0.3535534 -0.7071068
vn 0.7500000 -0.4330127 -0.5000000
vn 0.6123724 -0.6123724 -0.5000000
vn 0.5000000 -0.5000000 -0.7071068
vn 0.6830127 -0.1830127 -0.7071068
vn 0.8365163 -0.2241439 -0.5000000
vn 0.7500000 -0.4330127 -0.5000000
vn 0.6123724 -0.3535534 -0.7071068
vn 0.7071068 -0.0000000 -0.7071068
vn 0.8660254 -0.0000000 -0.5000000
vn 0.8365163 -0.2241439 -0.5000000
vn 0.6830127 -0.1830127 -0.7071068
vn 0.8365163 0.2241439 -0.5000000
vn 0.9330127 0.2500000 -0.2588190
vn 0.9659258 0.0000000 -0.2588190
vn 0.8660254 0.0000000 -0.5000000
vn 0.7500000 0.4330127 -0.5000000
vn 0.8365163 0.4829629 -0.2588190
vn 0.9330127 0.2500000 -0.2588190
vn 0.8365163 0.2241439 -0.5000000
vn 0.6123724 0.6123724 -0.5000000
vn 0.6830127 0.6830127 -0.2588190
vn 0.8365163 0.4829629 -0.2588190
vn 0.7500000 0.4330127 -0.5000000
vn 0.4330127 0.7500000 -0.5000000
vn 0.4829629 0.8365163 -0.2588190
vn 0.6830127 0.6830127 -0.2588190
vn 0.6123724 0.6123724 -0.5000000
vn 0.2241439 0.8365163 -0.5000000
vn 0.2500000 0.9330127 -0.2588190
vn 0.4829629 0.8365163 -0.2588190
vn 0.4330127 0.7500000 -0.5000000
vn 0.0000000 0.8660254 -0.5000000
vn 0.0000000 0.9659258 -0.2588190
vn 0.2500000 0.9330127 -0.2588190
vn 0.2241439 0.8365163 -0.5000000
vn -0.2241439 0.8365163 -0.5000000
vn -0.2500000 0.9330127 -0.2588190
vn 0.0000000 0.9659258 -0.2588190
vn 0.0000000 0.8660254 -0.5000000
vn -0.4330127 0.7500000 -0.5000000
vn -0.4829629 0.8365163 -0.2588190
vn -0.2500000 0.9330127 -0.2588190
vn -0.2241439 0.8365163 -0.5000000
vn -0.6123724 0.6123724 -0.5000000
vn -0.6830127 0.6830127 -0.2588190
vn -0.4829629 0.8365163 -0.2588190
vn -0.4330127 0.7500000 -0.5000000
vn -0.7500000 0.4330127 -0.5000000
vn -0.8365163 0.4829629 -0.2588190
vn -0.6830127 0.6830127 -0.2588190
vn -0.6123724 0.6123724 -0.5000000
vn -0.8365163 0.2241439 -0.5000000
vn -0.9330127 0.2500000 -0.2588190
vn -0.8365163 0.4829629 -0.2588190
vn -0.7500000 0.4330127 -0.5000000
vn -0.8660254 0.0000000 -0.5000000
vn -0.9659258 0.0000000 -0.2588190
vn -0.9330127 0.2500000 -0.2588190
vn -0.8365163 0.2241439 -0.5000000
vn -0.8365163 -0.2241439 -0.5000000
vn -0.9330127 -0.2500000 -0.2588190
vn -0.9659258 0.0000000 -0.2588190
vn -0.8660254 0.0000000 -0.5000000
vn -0.7500000 -0.4330127 -0.5000000
vn -0.8365163 -0.4829629 -0.2588190
vn -0.9330127 -0.2500000 -0.2588190
vn -0.8365163 -0.2241439 -0.5000000
vn -0.6123724 -0.6123724 -0.5000000
vn -0.6830127 -0.6830127 -0.2588190
vn -0.8365163 -0.4829629 -0.2588190
vn -0.7500000 -0.4330127 -0.5000000
vn -0.4330127 -0.7500000 -0.5000000
vn -0.4829629 -0.8365163 -0.2588190
vn -0.6830127 -0.6830127 -0.2588190
vn -0.6123724 -0.6123724 -0.5000000
vn -0.2241439 -0.8365163 -0.5000000
vn -0.2500000 -0.9330127 -0.2588190
vn -0.4829629 -0.8365163 -0.2588190
vn -0.4330127 -0.7500000 -0.5000000
vn -0.0000000 -0.8660254 -0.5000000
vn -0.0000000 -0.9659258 -0.2588190
vn -0.2500000 -0.9330127 -0.2588190
vn -0.2241439 -0.8365163 -0.5000000
vn 0.2241439 -0.8365163 -0.5000000
vn 0.2500000 -0.9330127 -0.2588190
vn -0.0000000 -0.9659258 -0.2588190
vn -0.0000000 -0.8660254 -0.5000000
vn 0.4330127 -0.7500000 -0.5000000
vn 0.4829629 -0.8365163 -0.2588190
vn 0.2500000 -0.9330127 -0.2588190
vn 0.2241439 -0.8365163 -0.5000000
vn 0.6123724 -0.6123724 -0.5000000
vn 0.6830127 -0.6830127 -0.2588190
vn 0.4829629 -0.8365163 -0.2588190
vn 0.4330127 -0.7500000 -0.5000000
vn 0.7500000 -0.4330127 -0.5000000
vn 0.8365163 -0.4829629 -0.2588190
vn 0.6830127 -0.6830127 -0.2588190
vn 0.6123724 -0.6123724 -0.5000000
vn 0.8365163 -0.2241439 -0.5000000
vn 0.9330127 -0.2500000 -0.2588190
vn 0.8365163 -0.4829629 -0.2588190
vn 0.7500000 -0.4330127 -0.5000000
vn 0.8660254 -0.0000000 -0.5000000
vn 0.9659258 -0.0000000 -0.2588190
vn 0.9330127 -0.2500000 -0.2588190
vn 0.8365163 -0.2241439 -0.5000000
vn 0.9330127 0.2500000 -0.2588190
vn 0.9659258 0.2588190 -0.0000000
vn 1.0000000 0.0000000 -0.0000000
vn 0.9659258 0.0000000 -0.2588190
vn 0.8365163 0.4829629 -0.2588190
vn 0.8660254 0.5000000 -0.0000000
vn 0.9659258 0.2588190 -0.0000000
vn 0.9330127 0.2500000 -0.2588190
vn 0.6830127 0.6830127 -0.2588190
vn 0.7071068 0.7071068 -0.0000000
vn 0.8660254 0.5000000 -0.0000000
vn 0.8365163 0.4829629 -0.2588190
vn 0.4829629 0.8365163 -0.2588190
vn 0.5000000 0.8660254 -0.0000000
vn 0.7071068 0.7071068 -0.0000000
vn 0.6830127 0.6830127 -0.2588190
vn 0.2500000 0.9330127 -0.2588190
vn 0.2588190 0.9659258 -0.0000000
vn 0.5000000 0.8660254 -0.0000000
vn 0.4829629 0.8365163 -0.2588190
vn 0.0000000 0.9659258 -0.2588190
vn 0.0000000 1.0000000 -0.0000000
vn 0.2588190 0.9659258 -0.0000000
vn 0.2500000 0.9330127 -0.2588190
vn -0.2500000 0.9330127 -0.2588190
vn -0.2588190 0.9659258 -0.0000000
vn 0.0000000 1.0000000 -0.0000000
vn 0.0000000 0.9659258 -0.2588190
vn -0.4829629 0.8365163 -0.2588190
vn -0.5000000 0.8660254 -0.0000000
vn -0.2588190 0.9659258 -0.0000000
vn -0.2500000 0.9330127 -0.2588190
vn -0.6830127 0.6830127 -0.2588190
vn -0.7071068 0.7071068 -0.0000000
vn -0.5000000 0.8660254 -0.0000000
vn -0.4829629 0.8365163 -0.2588190
vn -0.8365163 0.4829629 -0.2588190
vn -0.8660254 0.5000000 -0.0000000
vn -0.7071068 0.7071068 -0.0000000
vn -0.6830127 0.6830127 -0.2588190
vn -0.9330127 0.2500000 -0.2588190
vn -0.9659258 0.2588190 -0.0000000
vn -0.8660254 0.5000000 -0.0000000
vn -0.8365163 0.4829629 -0.2588190
vn -0.9659258 0.0000000 -0.2588190
vn -1.0000000 0.0000000 -0.0000000
vn -0.9659258 0.2588190 -0.0000000
vn -0.9330127 0.2500000 -0.2588190
vn -0.9330127 -0.2500000 -0.2588190
vn -0.9659258 -0.2588190 -0.0000000
vn -1.0000000 0.0000000 -0.0000000
vn -0.9659258 0.0000000 -0.2588190
vn -0.8365163 -0.4829629 -0.2588190
vn -0.8660254 -0.5000000 -0.0000000
vn -0.9659258 -0.2588190 -0.0000000
vn -0.9330127 -0.2500000 -0.2588190
vn -0.6830127 -0.6830127 -0.2588190
vn -0.7071068 -0.7071068 -0.0000000
vn -0.8660254 -0.5000000 -0.0000000
vn -0.8365163 -0.4829629 -0.2588190
vn -0.4829629 -0.8365163 -0.2588190
vn -0.5000000 -0.8660254 -0.0000000
vn -0.7071068 -0.7071068 -0.0000000
vn -0.6830127 -0.6830127 -0.2588190
vn -0.2500000 -0.9330127 -0.2588190
vn -0.2588190 -0.9659258 -0.0000000
vn -0.5000000 -0.8660254 -0.0000000
vn -0.4829629 -0.8365163 -0.2588190
vn -0.0000000 -0.9659258 -0.2588190
vn -0.0000000 -1.0000000 -0.0000000
vn -0.2588190 -0.9659258 -0.0000000
vn -0.2500000 -0.9330127 -0.2588190
vn 0.2500000 -0.9330127 -0.2588190
vn 0.2588190 -0.9659258 -0.0000000
vn -0.0000000 -1.0000000 -0.0000000
vn -0.0000000 -0.9659258 -0.2588190
vn 0.4829629 -0.8365163 -0.2588190
vn 0.5000000 -0.8660254 -0.0000000
vn 0.2588190 -0.9659258 -0.0000000
vn 0.2500000 -0.9330127 -0.2588190
vn 0.6830127 -0.6830127 -0.2588190
vn 0.7071068 -0.7071068 -0.0000000
vn 0.5000000 -0.8660254 -0.0000000
vn 0.4829629 -0.8365163 -0.2588190
vn 0.8365163 -0.4829629 -0.2588190
vn 0.8660254 -0.5000000 -0.0000000
vn 0.7071068 -0.7071068 -0.0000000
vn 0.6830127 -0.6830127 -0.2588190
vn 0.9330127 -0.2500000 -0.2588190
vn 0.9659258 -0.2588190 -0.0000000
vn 0.8660254 -0.5000000 -0.0000000
vn 0.8365163 -0.4829629 -0.2588190
vn 0.9659258 -0.0000000 -0.2588190
vn 1.0000000 -0.0000000 -0.0000000
vn 0.9659258 -0.2588190 -0.0000000
vn 0.9330127 -0.2500000 -0.2588190
vn 0.9659258 0.2588190 -0.0000000
vn 0.9330127 0.2500000 0.2588190
vn 0.9659258 0.0000000 0.2588190
vn 1.0000000 0.0000000 -0.0000000
vn 0.8660254 0.5000000 -0.0000000
vn 0.8365163 0.4829629 0.2588190
vn 0.9330127 0.2500000 0.2588190
vn 0.9659258 0.2588190 -0.0000000
vn 0.7071068 0.7071068 -0.0000000
vn 0.6830127 0.6830127 0.2588190
vn 0.8365163 0.4829629 0.2588190
vn 0.8660254 0.5000000 -0.0000000
vn 0.5000000 0.8660254 -0.0000000
vn 0.4829629 0.8365163 0.2588190
vn 0.6830127 0.6830127 0.2588190
vn 0.7071068 0.7071068 -0.0000000
vn 0.2588190 0.9659258 -0.0000000
vn 0.2500000 0.9330127 0.2588190
vn 0.4829629 0.8365163 0.2588190
vn 0.5000000 0.8660254 -0.0000000
vn 0.0000000 1.0000000 -0.0000000
vn 0.0000000 0.9659258 0.2588190
vn 0.2500000 0.9330127 0.2588190
vn 0.2588190 0.9659258 -0.0000000
vn -0.2588190 0.9659258 -0.0000000
vn -0.2500000 0.9330127 0.2588190
vn 0.0000000 0.9659258 0.2588190
vn 0.0000000 1.0000000 -0.0000000
vn -0.5000000 0.8660254 -0.0000000
vn -0.4829629 0.8365163 0.2588190
vn -0.2500000 0.9330127 0.2588190
vn -0.2588190 0.9659258 -0.0000000
vn -0.7071068 0.7071068 -0.0000000
vn -0.6830127 0.6830127 0.2588190
vn -0.4829629 0.8365163 0.2588190
vn -0.5000000 0.8660254 -0.0000000
vn -0.8660254 0.5000000 -0.0000000
vn -0.8365163 0.4829629 0.2588190
vn -0.6830127 0.6830127 0.2588190
vn -0.7071068 0.7071068 -0.0000000
vn -0.9659258 0.2588190 -0.0000000
vn -0.9330127 0.2500000 0.2588190
vn -0.8365163 0.4829629 0.2588190
vn -0.8660254 0.5000000 -0.0000000
vn -1.0000000 0.0000000 -0.0000000
vn -0.9659258 0.0000000 0.2588190
vn -0.9330127 0.2500000 0.2588190
vn -0.9659258 0.2588190 -0.0000000
vn -0.9659258 -0.2588190 -0.0000000
vn -0.9330127 -0.2500000 0.2588190
vn -0.9659258 0.0000000 0.2588190
vn -1.0000000 0.0000000 -0.0000000
vn -0.8660254 -0.5000000 -0.0000000
vn -0.8365163 -0.4829629 0.2588190
vn -0.9330127 -0.2500000 0.2588190
vn -0.9659258 -0.2588190 -0.0000000
vn -0.7071068 -0.7071068 -0.0000000
vn -0.6830127 -0.6830127 0.2588190
vn -0.8365163 -0.4829629 0.2588190
vn -0.8660254 -0.5000000 -0.0000000
vn -0.5000000 -0.8660254 -0.0000000
vn -0.4829629 -0.8365163 0.2588190
vn -0.6830127 -0.6830127 0.2588190
vn -0.7071068 -0.7071068 -0.0000000
vn -0.2588190 -0.9659258 -0.0000000
vn -0.2500000 -0.9330127 0.2588190
vn -0.4829629 -0.8365163 0.2588190
vn -0.5000000 -0.8660254 -0.0000000
vn -0.0000000 -1.0000000 -0.0000000
vn -0.0000000 -0.9659258 0.2588190
vn -0.2500000 -0.9330127 0.2588190
vn -0.2588190 -0.9659258 -0.0000000
vn 0.2588190 -0.9659258 -0.0000000
vn 0.2500000 -0.9330127 0.2588190
vn -0.0000000 -0.9659258 0.2588190
vn -0.0000000 -1.0000000 -0.0000000
vn 0.5000000 -0.8660254 -0.0000000
vn 0.4829629 -0.8365163 0.2588190
vn 0.2500000 -0.9330127 0.2588190
vn 0.2588190 -0.9659258 -0.0000000
vn 0.7071068 -0.7071068 -0.0000000
vn 0.6830127 -0.6830127 0.2588190
vn 0.4829629 -0.8365163 0.2588190
vn 0.5000000 -0.8660254 -0.0000000
vn 0.8660254 -0.5000000 -0.0000000
vn 0.8365163 -0.4829629 0.2588190
vn 0.6830127 -0.6830127 0.2588190
vn 0.7071068 -0.7071068 -0.0000000
vn 0.9659258 -0.2588190 -0.0000000
vn 0.9330127 -0.2500000 0.2588190
vn 0.8365163 -0.4829629 0.2588190
vn 0.8660254 -0.5000000 -0.0000000
vn 1.0000000 -0.0000000 -0.0000000
vn 0.9659258 -0.0000000 0.2588190
vn 0.9330127 -0.2500000 0.2588190
vn 0.9659258 -0.2588190 -0.0000000
vn 0.9330127 0.2500000 0.2588190
vn 0.8365163 0.2241439 0.5000000
vn 0.8660254 0.0000000 0.5000000
vn 0.9659258 0.0000000 0.2588190
vn 0.8365163 0.4829629 0.2588190
vn 0.7500000 0.4330127 0.5000000
vn 0.8365163 0.2241439 0.5000000
vn 0.9330127 0.2500000 0.2588190
vn 0.6830127 0.6830127 0.2588190
vn 0.6123724 0.6123724 0.5000000
vn 0.7500000 0.4330127 0.5000000
vn 0.8365163 0.4829629 0.2588190
vn 0.4829629 0.8365163 0.2588190
vn 0.4330127 0.7500000 0.5000000
vn 0.6123724 0.6123724 0.5000000
vn 0.6830127 0.6830127 0.2588190
vn 0.2500000 0.9330127 0.2588190
vn 0.2241439 0.8365163 0.5000000
vn 0.4330127 0.7500000 0.5000000
vn 0.4829629 0.8365163 0.2588190
vn 0.0000000 0.9659258 0.2588190
vn 0.0000000 0.8660254 0.5000000
vn 0.2241439 0.8365163 0.5000000
vn 0.2500000 0.9330127 0.2588190
vn -0.2500000 0.9330127 0.2588190
vn -0.2241439 0.8365163 0.5000000
vn 0.0000000 0.8660254 0.5000000
vn 0.0000000 0.9659258 0.2588190
vn -0.4829629 0.8365163 0.2588190
vn -0.4330127 0.7500000 0.5000000
vn -0.2241439 0.8365163 0.5000000
vn -0.2500000 0.9330127 0.2588190
vn -0.6830127 0.6830127 0.2588190
vn -0.6123724 0.6123724 0.5000000
vn -0.4330127 0.7500000 0.5000000
vn -0.4829629 0.8365163 0.2588190
vn -0.8365163 0.4829629 0.2588190
vn -0.7500000 0.4330127 0.5000000
vn -0.6123724 0.6123724 0.5000000
vn -0.6830127 0.6830127 0.2588190
vn -0.9330127 0.2500000 0.2588190
vn -0.8365163 0.2241439 0.5000000
vn -0.7500000 0.4330127 0.5000000
vn -0.8365163 0.4829629 0.2588190
vn -0.9659258 0.0000000 0.2588190
vn -0.8660254 0.0000000 0.5000000
vn -0.8365163 0.2241439 0.5000000
vn -0.9330127 0.2500000 0.2588190
vn -0.9330127 -0.2500000 0.2588190
vn -0.8365163 -0.2241439 0.5000000
vn -0.8660254 0.0000000 0.5000000
vn -0.9659258 0.0000000 0.2588190
vn -0.8365163 -0.4829629 0.2588190
vn -0.7500000 -0.4330127 0.5000000
vn -0.8365163 -0.2241439 0.5000000
vn -0.9330127 -0.2500000 0.2588190
vn -0.6830127 -0.6830127 0.2588190
vn -0.6123724 -0.6123724 0.5000000
vn -0.7500000 -0.4330127 0.5000000
vn -0.8365163 -0.4829629 0.2588190
vn -0.4829629 -0.8365163 0.2588190
vn -0.4330127 -0.7500000 0.5000000
vn -0.6123724 -0.6123724 0.5000000
vn -0.6830127 -0.6830127 0.2588190
vn -0.2500000 -0.9330127 0.2588190
vn -0.2241439 -0.8365163 0.5000000
vn -0.4330127 -0.7500000 0.5000000
vn -0.4829629 -0.8365163 0.2588190
vn -0.0000000 -0.9659258 0.2588190
vn -0.0000000 -0.8660254 0.5000000
vn -0.2241439 -0.8365163 0.5000000
vn -0.2500000 -0.9330127 0.2588190
vn 0.2500000 -0.9330127 0.2588190
vn 0.2241439 -0.8365163 0.5000000
vn -0.0000000 -0.8660254 0.5000000
vn -0.0000000 -0.9659258 0.2588190
vn 0.4829629 -0.8365163 0.2588190
vn 0.4330127 -0.7500000 0.5000000
vn 0.2241439 -0.8365163 0.5000000
vn 0.2500000 -0.9330127 0.2588190
vn 0.6830127 -0.6830127 0.2588190
vn 0.6123724 -0.6123724 0.5000000
vn 0.4330127 -0.7500000 0.5000000
vn 0.4829629 -0.8365163 0.2588190
vn 0.8365163 -0.4829629 0.2588190
vn 0.7500000 -0.4330127 0.5000000
vn 0.6123724 -0.6123724 0.5000000
vn 0.6830127 -0.6830127 0.2588190
vn 0.9330127 -0.2500000 0.2588190
vn 0.8365163 -0.2241439 0.5000000
vn 0.7500000 -0.4330127 0.5000000
vn 0.8365163 -0.4829629 0.2588190
vn 0.9659258 -0.0000000 0.2588190
vn 0.8660254 -0.0000000 0.5000000
vn 0.8365163 -0.2241439 0.5000000
vn 0.9330127 -0.2500000 0.2588190
vn 0.8365163 0.2241439 0.5000000
vn 0.6830127 0.1830127 0.7071068
vn 0.7071068 0.0000000 0.7071068
vn 0.8660254 0.0000000 0.5000000
vn 0.7500000 0.4330127 0.5000000
vn 0.6123724 0.3535534 0.7071068
vn 0.6830127 0.1830127 0.7071068
vn 0.8365163 0.2241439 0.5000000
vn 0.6123724 0.6123724 0.5000000
vn 0.5000000 0.5000000 0.7071068
vn 0.6123724 0.3535534 0.7071068
vn 0.7500000 0.4330127 0.5000000
vn 0.4330127 0.7500000 0.5000000
vn 0.3535534 0.6123724 0.7071068
vn 0.5000000 0.5000000 0.7071068
vn 0.6123724 0.6123724 0.5000000
vn 0.2241439 0.8365163 0.5000000
vn 0.1830127 0.6830127 0.7071068
vn 0.3535534 0.6123724 0.7071068
vn 0.4330127 0.7500000 0.5000000
vn 0.0000000 0.8660254 0.5000000
vn 0.0000000 0.7071068 0.7071068
vn 0.1830127 0.6830127 0.7071068
vn 0.2241439 0.8365163 0.5000000
vn -0.2241439 0.8365163 0.5000000
vn -0.1830127 0.6830127 0.7071068
vn 0.0000000 0.7071068 0.7071068
vn 0.0000000 0.8660254 0.5000000
vn -0.4330127 0.7500000 0.5000000
vn -0.3535534 0.6123724 0.7071068
vn -0.1830127 0.6830127 0.7071068
vn -0.2241439 0.8365163 0.5000000
vn -0.6123724 0.6123724 0.5000000
vn -0.5000000 0.5000000 0.7071068
vn -0.3535534 0.6123724 0.7071068
vn -0.4330127 0.7500000 0.5000000
vn -0.7500000 0.4330127 0.5000000
vn -0.6123724 0.3535534 0.7071068
vn -0.5000000 0.5000000 0.7071068
vn -0.6123724 0.6123724 0.5000000
vn -0.8365163 0.2241439 0.5000000
vn -0.6830127 0.1830127 0.7071068
vn -0.6123724 0.3535534 0.7071068
vn -0.7500000 0.4330127 0.5000000
vn -0.8660254 0.0000000 0.5000000
vn -0.7071068 0.0000000 0.7071068
vn -0.6830127 0.1830127 0.7071068
vn -0.8365163 0.2241439 0.5000000
vn -0.8365163 -0.2241439 0.5000000
vn -0.6830127 -0.1830127 0.7071068
vn -0.7071068 0.0000000 0.7071068
vn -0.8660254 0.0000000 0.5000000
vn -0.7500000 -0.4330127 0.5000000
vn -0.6123724 -0.3535534 0.7071068
vn -0.6830127 -0.1830127 0.7071068
vn -0.8365163 -0.2241439 0.5000000
vn -0.6123724 -0.6123724 0.5000000
vn -0.5000000 -0.5000000 0.7071068
vn -0.6123724 -0.3535534 0.7071068
vn -0.7500000 -0.4330127 0.5000000
vn -0.4330127 -0.7500000 0.5000000
vn -0.3535534 -0.6123724 0.7071068
vn -0.5000000 -0.5000000 0.7071068
vn -0.6123724 -0.6123724 0.5000000
vn -0.2241439 -0.8365163 0.5000000
vn -0.1830127 -0.6830127 0.7071068
vn -0.3535534 -0.6123724 0.7071068
vn -0.4330127 -0.7500000 0.5000000
vn -0.0000000 -0.8660254 0.5000000
vn -0.0000000 -0.7071068 0.7071068
vn -0.1830127 -0.6830127 0.7071068
vn -0.2241439 -0.8365163 0.5000000
vn 0.2241439 -0.8365163 0.5000000
vn 0.1830127 -0.6830127 0.7071068
vn -0.0000000 -0.7071068 0.7071068
vn -0.0000000 -0.8660254 0.5000000
vn 0.4330127 -0.7500000 0.5000000
vn 0.3535534 -0.6123724 0.7071068
vn 0.1830127 -0.6830127 0.7071068
vn 0.2241439 -0.8365163 0.5000000
vn 0.6123724 -0.6123724 0.5000000
vn 0.5000000 -0.5000000 0.7071068
vn 0.3535534 -0.6123724 0.7071068
vn 0.4330127 -0.7500000 0.5000000
vn 0.7500000 -0.4330127 0.5000000
vn 0.6123724 -0.3535534 0.7071068
vn 0.5000000 -0.5000000 0.7071068
vn 0.6123724 -0.6123724 0.5000000
vn 0.8365163 -0.2241439 0.5000000
vn 0.6830127 -0.1830127 0.7071068
vn 0.6123724 -0.3535534 0.7071068
vn 0.7500000 -0.4330127 0.5000000
vn 0.8660254 -0.0000000 0.5000000
vn 0.7071068 -0.0000000 0.7071068
vn 0.6830127 -0.1830127 0.7071068
vn 0.8365163 -0.2241439 0.5000000
vn 0.6830127 0.1830127 0.7071068
vn 0.4829629 0.1294095 0.8660254
vn 0.5000000 0.0000000 0.8660254
vn 0.7071068 0.0000000 0.7071068
vn 0.6123724 0.3535534 0.7071068
vn 0.4330127 0.2500000 0.8660254
vn 0.4829629 0.1294095 0.8660254
vn 0.6830127 0.1830127 0.7071068
vn 0.5000000 0.5000000 0.7071068
vn 0.3535534 0.3535534 0.8660254
vn 0.4330127 0.2500000 0.8660254
vn 0.6123724 0.3535534 0.7071068
vn 0.3535534 0.6123724 0.7071068
vn 0.2500000 0.4330127 0.8660254
vn 0.3535534 0.3535534 0.8660254
vn 0.5000000 0.5000000 0.7071068
vn 0.1830127 0.6830127 0.7071068
vn 0.1294095 0.4829629 0.8660254
vn 0.2500000 0.4330127 0.8660254
vn 0.3535534 0.6123724 0.7071068
vn 0.0000000 0.7071068 0.7071068
vn 0.0000000 0.5000000 0.8660254
vn 0.1294095 0.4829629 0.8660254
vn 0.1830127 0.6830127 0.7071068
vn -0.1830127 0.6830127 0.7071068
vn -0.1294095 0.4829629 0.8660254
vn 0.0000000 0.5000000 0.8660254
vn 0.0000000 0.7071068 0.7071068
vn -0.3535534 0.6123724 0.7071068
vn -0.2500000 0.4330127 0.8660254
vn -0.1294095 0.4829629 0.8660254
vn -0.1830127 0.6830127 0.7071068
vn -0.5000000 0.5000000 0.7071068
vn -0.3535534 0.3535534 0.8660254
vn -0.2500000 0.4330127 0.8660254
vn -0.3535534 0.6123724 0.7071068
vn -0.6123724 0.3535534 0.7071068
vn -0.4330127 0.2500000 0.8660254
vn -0.3535534 0.3535534 0.8660254
vn -0.5000000 0.5000000 0.7071068
vn -0.6830127 0.1830127 0.7071068
vn -0.4829629 0.1294095 0.8660254
vn -0.4330127 0.2500000 0.8660254
vn -0.6123724 0.3535534 0.7071068
vn -0.7071068 0.0000000 0.7071068
vn -0.5000000 0.0000000 0.8660254
vn -0.4829629 0.1294095 0.8660254
vn -0.6830127 0.1830127 0.7071068
vn -0.6830127 -0.1830127 0.7071068
vn -0.4829629 -0.1294095 0.8660254
vn -0.5000000 0.0000000 0.8660254
vn -0.7071068 0.0000000 0.7071068
vn -0.6123724 -0.3535534 0.7071068
vn -0.4330127 -0.2500000 0.8660254
vn -0.4829629 -0.1294095 0.8660254
vn -0.6830127 -0.1830127 0.7071068
vn -0.5000000 -0.5000000 0.7071068
vn -0.3535534 -0.3535534 0.8660254
vn -0.4330127 -0.2500000 0.8660254
vn -0.6123724 -0.3535534 0.7071068
vn -0.3535534 -0.6123724 0.7071068
vn -0.2500000 -0.4330127 0.8660254
vn -0.3535534 -0.3535534 0.8660254
vn -0.5000000 -0.5000000 0.7071068
vn -0.1830127 -0.6830127 0.7071068
vn -0.1294095 -0.4829629 0.8660254
vn -0.2500000 -0.4330127 0.8660254
vn -0.3535534 -0.6123724 0.7071068
vn -0.0000000 -0.7071068 0.7071068
vn -0.0000000 -0.5000000 0.8660254
vn -0.1294095 -0.4829629 0.8660254
vn -0.1830127 -0.6830127 0.7071068
vn 0.1830127 -0.6830127 0.7071068
vn 0.1294095 -0.4829629 0.8660254
vn -0.0000000 -0.5000000 0.8660254
vn -0.0000000 -0.7071068 0.7071068
vn 0.3535534 -0.6123724 0.7071068
vn 0.2500000 -0.4330127 0.8660254
vn 0.1294095 -0.4829629 0.8660254
vn 0.1830127 -0.6830127 0.7071068
vn 0.5000000 -0.5000000 0.7071068
vn 0.3535534 -0.3535534 0.8660254
vn 0.2500000 -0.4330127 0.8660254
vn 0.3535534 -0.6123724 0.7071068
vn 0.6123724 -0.3535534 0.7071068
vn 0.4330127 -0.2500000 0.8660254
vn 0.3535534 -0.3535534 0.8660254
vn 0.5000000 -0.5000000 0.7071068
vn 0.6830127 -0.1830127 0.7071068
vn 0.4829629 -0.1294095 0.8660254
vn 0.4330127 -0.2500000 0.8660254
vn 0.6123724 -0.3535534 0.7071068
vn 0.7071068 -0.0000000 0.7071068
vn 0.5000000 -0.0000000 0.8660254
vn 0.4829629 -0.1294095 0.8660254
vn 0.6830127 -0.1830127 0.7071068
vn 0.4829629 0.1294095 0.8660254
vn 0.2500000 0.0669873 0.9659258
vn 0.2588190 0.0000000 0.9659258
vn 0.5000000 0.0000000 0.8660254
vn 0.4330127 0.2500000 0.8660254
vn 0.2241439 0.1294095 0.9659258
vn 0.2500000 0.0669873 0.9659258
vn 0.4829629 0.1294095 0.8660254
vn 0.3535534 0.3535534 0.8660254
vn 0.1830127 0.1830127 0.9659258
vn 0.2241439 0.1294095 0.9659258
vn 0.4330127 0.2500000 0.8660254
vn 0.2500000 0.4330127 0.8660254
vn 0.1294095 0.2241439 0.9659258
vn 0.1830127 0.1830127 0.9659258
vn 0.3535534 0.3535534 0.8660254
vn 0.1294095 0.4829629 0.8660254
vn 0.0669873 0.2500000 0.9659258
vn 0.1294095 0.2241439 0.9659258
vn 0.2500000 0.4330127 0.8660254
vn 0.0000000 0.5000000 0.8660254
vn 0.0000000 0.2588190 0.9659258
vn 0.0669873 0.2500000 0.9659258
vn 0.1294095 0.4829629 0.8660254
vn -0.1294095 0.4829629 0.8660254
vn -0.0669873 0.2500000 0.9659258
vn 0.0000000 0.2588190 0.9659258
vn 0.0000000 0.5000000 0.8660254
vn -0.2500000 0.4330127 0.8660254
vn -0.1294095 0.2241439 0.9659258
vn -0.0669873 0.2500000 0.9659258
vn -0.1294095 0.4829629 0.8660254
vn -0.3535534 0.3535534 0.8660254
vn -0.1830127 0.1830127 0.9659258
vn -0.1294095 0.2241439 0.9659258
vn -0.2500000 0.4330127 0.8660254
vn -0.4330127 0.2500000 0.8660254
vn -0.2241439 0.1294095 0.9659258
vn -0.1830127 0.1830127 0.9659258
vn -0.3535534 0.3535534 0.8660254
vn -0.4829629 0.1294095 0.8660254
vn -0.2500000 0.0669873 0.9659258
vn -0.2241439 0.1294095 0.9659258
vn -0.4330127 0.2500000 0.8660254
vn -0.5000000 0.0000000 0.8660254
vn -0.2588190 0.0000000 0.9659258
vn -0.2500000 0.0669873 0.9659258
vn -0.4829629 0.1294095 0.8660254
vn -0.4829629 -0.1294095 0.8660254
vn -0.2500000 -0.0669873 0.9659258
vn -0.2588190 0.0000000 0.9659258
vn -0.5000000 0.0000000 0.8660254
vn -0.4330127 -0.2500000 0.8660254
vn -0.2241439 -0.1294095 0.9659258
vn -0.2500000 -0.0669873 0.9659258
vn -0.4829629 -0.1294095 0.8660254
vn -0.3535534 -0.3535534 0.8660254
vn -0.1830127 -0.1830127 0.9659258
vn -0.2241439 -0.1294095 0.9659258
vn -0.4330127 -0.2500000 0.8660254
vn -0.2500000 -0.4330127 0.8660254
vn -0.1294095 -0.2241439 0.9659258
vn -0.1830127 -0.1830127 0.9659258
vn -0.3535534 -0.3535534 0.8660254
vn -0.1294095 -0.4829629 0.8660254
vn -0.0669873 -0.2500000 0.9659258
vn -0.1294095 -0.2241439 0.9659258
vn -0.2500000 -0.4330127 0.8660254
vn -0.0000000 -0.5000000 0.8660254
vn -0.0000000 -0.2588190 0.9659258
vn -0.0669873 -0.2500000 0.9659258
vn -0.1294095 -0.4829629 0.8660254
vn 0.1294095 -0.4829629 0.8660254
vn 0.0669873 -0.2500000 0.9659258
vn -0.0000000 -0.2588190 0.9659258
vn -0.0000000 -0.5000000 0.8660254
vn 0.2500000 -0.4330127 0.8660254
vn 0.1294095 -0.2241439 0.9659258
vn 0.0669873 -0.2500000 0.9659258
vn 0.1294095 -0.4829629 0.8660254
vn 0.3535534 -0.3535534 0.8660254
vn 0.1830127 -0.1830127 0.9659258
vn 0.1294095 -0.2241439 0.9659258
vn 0.2500000 -0.4330127 0.8660254
vn 0.4330127 -0.2500000 0.8660254
vn 0.2241439 -0.1294095 0.9659258
vn 0.1830127 -0.1830127 0.9659258
vn 0.3535534 -0.3535534 0.8660254
vn 0.4829629 -0.1294095 0.8660254
vn 0.2500000 -0.0669873 0.9659258
vn 0.2241439 -0.1294095 0.9659258
vn 0.4330127 -0.2500000 0.8660254
vn 0.5000000 -0.0000000 0.8660254
vn 0.2588190 -0.0000000 0.9659258
vn 0.2500000 -0.0669873 0.9659258
vn 0.4829629 -0.1294095 0.8660254
vn 0.2500000 0.0669873 0.9659258
vn 0.0000000 0.0000000 1.0000000
vn 0.2588190 0.0000000 0.9659258
vn 0.2241439 0.1294095 0.9659258
vn 0.0000000 0.0000000 1.0000000
vn 0.2500000 0.0669873 0.9659258
vn 0.1830127 0.1830127 0.9659258
vn 0.0000000 0.0000000 1.0000000
vn 0.2241439 0.1294095 0.9659258
vn 0.1294095 0.2241439 0.9659258
vn 0.0000000 0.0000000 1.0000000
vn 0.1830127 0.1830127 0.9659258
vn 0.0669873 0.2500000 0.9659258
vn 0.0000000 0.0000000 1.0000000
vn 0.1294095 0.2241439 0.9659258
vn 0.0000000 0.2588190 0.9659258
vn 0.0000000 0.0000000 1.0000000
vn 0.0669873 0.2500000 0.9659258
vn -0.0669873 0.2500000 0.9659258
vn 0.0000000 0.0000000 1.0000000
vn 0.0000000 0.2588190 0.9659258
vn -0.1294095 0.2241439 0.9659258
vn -0.0000000 0.0000000 1.0000000
vn -0.0669873 0.2500000 0.9659258
vn -0.1830127 0.1830127 0.9659258
vn -0.0000000 0.0000000 1.0000000
vn -0.1294095 0.2241439 0.9659258
vn -0.2241439 0.1294095 0.9659258
vn -0.0000000 0.0000000 1.0000000
vn -0.1830127 0.1830127 0.9659258
vn -0.2500000 0.0669873 0.9659258
vn -0.0000000 0.0000000 1.0000000
vn -0.2241439 0.1294095 0.9659258
vn -0.2588190 0.0000000 0.9659258
vn -0.0000000 0.0000000 1.0000000
vn -0.2500000 0.0669873 0.9659258
vn -0.2500000 -0.0669873 0.9659258
vn -0.0000000 0.0000000 1.0000000
vn -0.2588190 0.0000000 0.9659258
vn -0.2241439 -0.1294095 0.9659258
vn -0.0000000 -0.0000000 1.0000000
vn -0.2500000 -0.0669873 0.9659258
vn -0.1830127 -0.1830127 0.9659258
vn -0.0000000 -0.0000000 1.0000000
vn -0.2241439 -0.1294095 0.9659258
vn -0.1294095 -0.2241439 0.9659258
vn -0.0000000 -0.0000000 1.0000000
vn -0.1830127 -0.1830127 0.9659258
vn -0.0669873 -0.2500000 0.9659258
vn -0.0000000 -0.0000000 1.0000000
vn -0.1294095 -0.2241439 0.9659258
vn -0.0000000 -0.2588190 0.9659258
vn -0.0000000 -0.0000000 1.0000000
vn -0.0669873 -0.2500000 0.9659258
vn 0.0669873 -0.2500000 0.9659258
vn -0.0000000 -0.0000000 1.0000000
vn -0.0000000 -0.2588190 0.9659258
vn 0.1294095 -0.2241439 0.9659258
vn 0.0000000 -0.0000000 1.0000000
vn 0.0669873 -0.2500000 0.9659258
vn 0.1830127 -0.1830127 0.9659258
vn 0.0000000 -0.0000000 1.0000000
vn 0.1294095 -0.2241439 0.9659258
vn 0.2241439 -0.1294095 0.9659258
vn 0.0000000 -0.0000000 1.0000000
vn 0.1830127 -0.1830127 0.9659258
vn 0.2500000 -0.0669873 0.9659258
vn 0.0000000 -0.0000000 1.0000000
vn 0.2241439 -0.1294095 0.9659258
vn 0.2588190 -0.0000000 0.9659258
vn 0.0000000 -0.0000000 1.0000000
vn 0.2500000 -0.0669873 0.9659258
vn 0.4776682 0.1477601 -0.8660254
vn 0.4982005 0.1541115 -0.8532561
vn 0.5125935 0.0959267 -0.8532561
vn 0.4914681 0.0919733 -0.8660254
vn 0.4575582 0.2015950 -0.8660254
vn 0.4772260 0.2102604 -0.8532561
vn 0.4982005 0.1541115 -0.8532561
vn 0.4776682 0.1477601 -0.8660254
vn 0.4314035 0.2527667 -0.8660254
vn 0.4499471 0.2636317 -0.8532561
vn 0.4772260 0.2102604 -0.8532561
vn 0.4575582 0.2015950 -0.8660254
vn 0.3397928 0.3667981 -0.8660254
vn 0.3543985 0.3825647 -0.8532561
vn 0.3959557 0.3393717 -0.8532561
vn 0.3796372 0.3253852 -0.8660254
vn 0.2954595 0.4033654 -0.8660254
vn 0.3081596 0.4207038 -0.8532561
vn 0.3543985 0.3825647 -0.8532561
vn 0.3397928 0.3667981 -0.8660254
vn 0.2472231 0.4346041 -0.8660254
vn 0.2578498 0.4532853 -0.8532561
vn 0.3081596 0.4207038 -0.8532561
vn 0.2954595 0.4033654 -0.8660254
vn 0.1108701 0.4875529 -0.8660254
vn 0.1156358 0.5085100 -0.8532561
vn 0.1732218 0.4918824 -0.8532561
vn 0.1660829 0.4716105 -0.8660254
vn 0.0541927 0.4970545 -0.8660254
vn 0.0565222 0.5184200 -0.8532561
vn 0.1156358 0.5085100 -0.8532561
vn 0.1108701 0.4875529 -0.8660254
vn -0.0032006 0.4999898 -0.8660254
vn -0.0033382 0.5214815 -0.8532561
vn 0.0565222 0.5184200 -0.8532561
vn 0.0541927 0.4970545 -0.8660254
vn -0.1477601 0.4776682 -0.8660254
vn -0.1541115 0.4982005 -0.8532561
vn -0.0959267 0.5125935 -0.8532561
vn -0.0919733 0.4914681 -0.8660254
vn -0.2015950 0.4575582 -0.8660254
vn -0.2102604 0.4772260 -0.8532561
vn -0.1541115 0.4982005 -0.8532561
vn -0.1477601 0.4776682 -0.8660254
vn -0.2527667 0.4314035 -0.8660254
vn -0.2636317 0.4499471 -0.8532561
vn -0.2102604 0.4772260 -0.8532561
vn -0.2015950 0.4575582 -0.8660254
vn -0.3667981 0.3397928 -0.8660254
vn -0.3825647 0.3543985 -0.8532561
vn -0.3393717 0.3959557 -0.8532561
vn -0.3253852 0.3796372 -0.8660254
vn -0.4033654 0.2954595 -0.8660254
vn -0.4207038 0.3081596 -0.8532561
vn -0.3825647 0.3543985 -0.8532561
vn -0.3667981 0.3397928 -0.8660254
vn -0.4346041 0.2472231 -0.8660254
vn -0.4532853 0.2578498 -0.8532561
vn -0.4207038 0.3081596 -0.8532561
vn -0.4033654 0.2954595 -0.8660254
vn -0.4875529 0.1108701 -0.8660254
vn -0.5085100 0.1156358 -0.8532561
vn -0.4918824 0.1732218 -0.8532561
vn -0.4716105 0.1660829 -0.8660254
vn -0.4970545 0.0541927 -0.8660254
vn -0.5184200 0.0565222 -0.8532561
vn -0.5085100 0.1156358 -0.8532561
vn -0.4875529 0.1108701 -0.8660254
vn -0.4999898 -0.0032006 -0.8660254
vn -0.5214815 -0.0033382 -0.8532561
vn -0.5184200 0.0565222 -0.8532561
vn -0.4970545 0.0541927 -0.8660254
vn -0.4776682 -0.1477601 -0.8660254
vn -0.4982005 -0.1541115 -0.8532561
vn -0.5125935 -0.0959267 -0.8532561
vn -0.4914681 -0.0919733 -0.8660254
vn -0.4575582 -0.2015950 -0.8660254
vn -0.4772260 -0.2102604 -0.8532561
vn -0.4982005 -0.1541115 -0.8532561
vn -0.4776682 -0.1477601 -0.8660254
vn -0.4314035 -0.2527667 -0.8660254
vn -0.4499471 -0.2636317 -0.8532561
vn -0.4772260 -0.2102604 -0.8532561
vn -0.4575582 -0.2015950 -0.8660254
vn -0.3397928 -0.3667981 -0.8660254
vn -0.3543985 -0.3825647 -0.8532561
vn -0.3959557 -0.3393717 -0.8532561
vn -0.3796372 -0.3253852 -0.8660254
vn -0.2954595 -0.4033654 -0.8660254
vn -0.3081596 -0.4207038 -0.8532561
vn -0.3543985 -0.3825647 -0.8532561
vn -0.3397928 -0.3667981 -0.8660254
vn -0.2472231 -0.4346041 -0.8660254
vn -0.2578498 -0.4532853 -0.8532561
vn -0.3081596 -0.4207038 -0.8532561
vn -0.2954595 -0.4033654 -0.8660254
vn -0.1108701 -0.4875529 -0.8660254
vn -0.1156358 -0.5085100 -0.8532561
vn -0.1732218 -0.4918824 -0.8532561
vn -0.1660829 -0.4716105 -0.8660254
vn -0.0541927 -0.4970545 -0.8660254
vn -0.0565222 -0.5184200 -0.8532561
vn -0.1156358 -0.5085100 -0.8532561
vn -0.1108701 -0.4875529 -0.8660254
vn 0.0032006 -0.4999898 -0.8660254
vn 0.0033382 -0.5214815 -0.8532561
vn -0.0565222 -0.5184200 -0.8532561
vn -0.0541927 -0.4970545 -0.8660254
vn 0.1477601 -0.4776682 -0.8660254
vn 0.1541115 -0.4982005 -0.8532561
vn 0.0959267 -0.5125935 -0.8532561
vn 0.0919733 -0.4914681 -0.8660254
vn 0.2015950 -0.4575582 -0.8660254
vn 0.2102604 -0.4772260 -0.8532561
vn 0.1541115 -0.4982005 -0.8532561
vn 0.1477601 -0.4776682 -0.8660254
vn 0.2527667 -0.4314035 -0.8660254
vn 0.2636317 -0.4499471 -0.8532561
vn 0.2102604 -0.4772260 -0.8532561
vn 0.2015950 -0.4575582 -0.8660254
vn 0.3667981 -0.3397928 -0.8660254
vn 0.3825647 -0.3543985 -0.8532561
vn 0.3393717 -0.3959557 -0.8532561
vn 0.3253852 -0.3796372 -0.8660254
vn 0.4033654 -0.2954595 -0.8660254
vn 0.4207038 -0.3081596 -0.8532561
vn 0.3825647 -0.3543985 -0.8532561
vn 0.3667981 -0.3397928 -0.8660254
vn 0.4346041 -0.2472231 -0.8660254
vn 0.4532853 -0.2578498 -0.8532561
vn 0.4207038 -0.3081596 -0.8532561
vn 0.4033654 -0.2954595 -0.8660254
vn 0.4875529 -0.1108701 -0.8660254
vn 0.5085100 -0.1156358 -0.8532561
vn 0.4918824 -0.1732218 -0.8532561
vn 0.4716105 -0.1660829 -0.8660254
vn 0.4970545 -0.0541927 -0.8660254
vn 0.5184200 -0.0565222 -0.8532561
vn 0.5085100 -0.1156358 -0.8532561
vn 0.4875529 -0.1108701 -0.8660254
vn 0.4999898 0.0032006 -0.8660254
vn 0.5214815 0.0033382 -0.8532561
vn 0.5184200 -0.0565222 -0.8532561
vn 0.4970545 -0.0541927 -0.8660254
vn 0.7760042 0.3844703 -0.5000000
vn 0.7869612 0.3898990 -0.4781954
vn 0.8265028 0.2970224 -0.4781954
vn 0.8149952 0.2928869 -0.5000000
vn 0.7267619 0.4709747 -0.5000000
vn 0.7370236 0.4776248 -0.4781954
vn 0.7869612 0.3898990 -0.4781954
vn 0.7760042 0.3844703 -0.5000000
vn 0.6679186 0.5512574 -0.5000000
vn 0.6773495 0.5590410 -0.4781954
vn 0.7370236 0.4776248 -0.4781954
vn 0.7267619 0.4709747 -0.5000000
vn 0.4798042 0.7209632 -0.5000000
vn 0.4865789 0.7311430 -0.4781954
vn 0.5672612 0.6704803 -0.4781954
vn 0.5593631 0.6611451 -0.5000000
vn 0.3939069 0.7712570 -0.5000000
vn 0.3994687 0.7821470 -0.4781954
vn 0.4865789 0.7311430 -0.4781954
vn 0.4798042 0.7209632 -0.5000000
vn 0.3028058 0.8113622 -0.5000000
vn 0.3070814 0.8228185 -0.4781954
vn 0.3994687 0.7821470 -0.4781954
vn 0.3939069 0.7712570 -0.5000000
vn 0.0550410 0.8642745 -0.5000000
vn 0.0558182 0.8764779 -0.4781954
vn 0.1560224 0.8642836 -0.4781954
vn 0.1538501 0.8522500 -0.5000000
vn -0.0444952 0.8648816 -0.5000000
vn -0.0451234 0.8770935 -0.4781954
vn 0.0558182 0.8764779 -0.4781954
vn 0.0550410 0.8642745 -0.5000000
vn -0.1434436 0.8540632 -0.5000000
vn -0.1454690 0.8661224 -0.4781954
vn -0.0451234 0.8770935 -0.4781954
vn -0.0444952 0.8648816 -0.5000000
vn -0.3844703 0.7760042 -0.5000000
vn -0.3898990 0.7869612 -0.4781954
vn -0.2970224 0.8265028 -0.4781954
vn -0.2928869 0.8149952 -0.5000000
vn -0.4709747 0.7267619 -0.5000000
vn -0.4776248 0.7370236 -0.4781954
vn -0.3898990 0.7869612 -0.4781954
vn -0.3844703 0.7760042 -0.5000000
vn -0.5512574 0.6679186 -0.5000000
vn -0.5590410 0.6773495 -0.4781954
vn -0.4776248 0.7370236 -0.4781954
vn -0.4709747 0.7267619 -0.5000000
vn -0.7209632 0.4798042 -0.5000000
vn -0.7311430 0.4865789 -0.4781954
vn -0.6704803 0.5672612 -0.4781954
vn -0.6611451 0.5593631 -0.5000000
vn -0.7712570 0.3939069 -0.5000000
vn -0.7821470 0.3994687 -0.4781954
vn -0.7311430 0.4865789 -0.4781954
vn -0.7209632 0.4798042 -0.5000000
vn -0.8113622 0.3028058 -0.5000000
vn -0.8228185 0.3070814 -0.4781954
vn -0.7821470 0.3994687 -0.4781954
vn -0.7712570 0.3939069 -0.5000000
vn -0.8642745 0.0550410 -0.5000000
vn -0.8764779 0.0558182 -0.4781954
vn -0.8642836 0.1560224 -0.4781954
vn -0.8522500 0.1538501 -0.5000000
vn -0.8648816 -0.0444952 -0.5000000
vn -0.8770935 -0.0451234 -0.4781954
vn -0.8764779 0.0558182 -0.4781954
vn -0.8642745 0.0550410 -0.5000000
vn -0.8540632 -0.1434436 -0.5000000
vn -0.8661224 -0.1454690 -0.4781954
vn -0.8770935 -0.0451234 -0.4781954
vn -0.8648816 -0.0444952 -0.5000000
vn -0.7760042 -0.3844703 -0.5000000
vn -0.7869612 -0.3898990 -0.4781954
vn -0.8265028 -0.2970224 -0.4781954
vn -0.8149952 -0.2928869 -0.5000000
vn -0.7267619 -0.4709747 -0.5000000
vn -0.7370236 -0.4776248 -0.4781954
vn -0.7869612 -0.3898990 -0.4781954
vn -0.7760042 -0.3844703 -0.5000000
vn -0.6679186 -0.5512574 -0.5000000
vn -0.6773495 -0.5590410 -0.4781954
vn -0.7370236 -0.4776248 -0.4781954
vn -0.7267619 -0.4709747 -0.5000000
vn -0.4798042 -0.7209632 -0.5000000
vn -0.4865789 -0.7311430 -0.4781954
vn -0.5672612 -0.6704803 -0.4781954
vn -0.5593631 -0.6611451 -0.5000000
vn -0.3939069 -0.7712570 -0.5000000
vn -0.3994687 -0.7821470 -0.4781954
vn -0.4865789 -0.7311430 -0.4781954
vn -0.4798042 -0.7209632 -0.5000000
vn -0.3028058 -0.8113622 -0.5000000
vn -0.3070814 -0.8228185 -0.4781954
vn -0.3994687 -0.7821470 -0.4781954
vn -0.3939069 -0.7712570 -0.5000000
vn -0.0550410 -0.8642745 -0.5000000
vn -0.0558182 -0.8764779 -0.4781954
vn -0.1560224 -0.8642836 -0.4781954
vn -0.1538501 -0.8522500 -0.5000000
vn 0.0444952 -0.8648816 -0.5000000
vn 0.0451234 -0.8770935 -0.4781954
vn -0.0558182 -0.8764779 -0.4781954
vn -0.0550410 -0.8642745 -0.5000000
vn 0.1434436 -0.8540632 -0.5000000
vn 0.1454690 -0.8661224 -0.4781954
vn 0.0451234 -0.8770935 -0.4781954
vn 0.0444952 -0.8648816 -0.5000000
vn 0.3844703 -0.7760042 -0.5000000
vn 0.3898990 -0.7869612 -0.4781954
vn 0.2970224 -0.8265028 -0.4781954
vn 0.2928869 -0.8149952 -0.5000000
vn 0.4709747 -0.7267619 -0.5000000
vn 0.4776248 -0.7370236 -0.4781954
vn 0.3898990 -0.7869612 -0.4781954
vn 0.3844703 -0.7760042 -0.5000000
vn 0.5512574 -0.6679186 -0.5000000
vn 0.5590410 -0.6773495 -0.4781954
vn 0.4776248 -0.7370236 -0.4781954
vn 0.4709747 -0.7267619 -0.5000000
vn 0.7209632 -0.4798042 -0.5000000
vn 0.7311430 -0.4865789 -0.4781954
vn 0.6704803 -0.5672612 -0.4781954
vn 0.6611451 -0.5593631 -0.5000000
vn 0.7712570 -0.3939069 -0.5000000
vn 0.7821470 -0.3994687 -0.4781954
vn 0.7311430 -0.4865789 -0.4781954
vn 0.7209632 -0.4798042 -0.5000000
vn 0.8113622 -0.3028058 -0.5000000
vn 0.8228185 -0.3070814 -0.4781954
vn 0.7821470 -0.3994687 -0.4781954
vn 0.7712570 -0.3939069 -0.5000000
vn 0.8642745 -0.0550410 -0.5000000
vn 0.8764779 -0.0558182 -0.4781954
vn 0.8642836 -0.1560224 -0.4781954
vn 0.8522500 -0.1538501 -0.5000000
vn 0.8648816 0.0444952 -0.5000000
vn 0.8770935 0.0451234 -0.4781954
vn 0.8764779 -0.0558182 -0.4781954
vn 0.8642745 -0.0550410 -0.5000000
vn 0.8540632 0.1434436 -0.5000000
vn 0.8661224 0.1454690 -0.4781954
vn 0.8770935 0.0451234 -0.4781954
vn 0.8648816 0.0444952 -0.5000000
vn 0.8138785 0.5810352 -0.0000000
vn 0.8136241 0.5808536 0.0249974
vn 0.8749010 0.4836563 0.0249974
vn 0.8751745 0.4838074 -0.0000000
vn 0.7418308 0.6705872 -0.0000000
vn 0.7415989 0.6703776 0.0249974
vn 0.8136241 0.5808536 0.0249974
vn 0.8138785 0.5810352 -0.0000000
vn 0.6599831 0.7512804 -0.0000000
vn 0.6597769 0.7510456 0.0249974
vn 0.7415989 0.6703776 0.0249974
vn 0.7418308 0.6705872 -0.0000000
vn 0.4143218 0.9101304 -0.0000000
vn 0.4141924 0.9098460 0.0249974
vn 0.5158584 0.8563091 0.0249974
vn 0.5160196 0.8565768 -0.0000000
vn 0.3071507 0.9516609 -0.0000000
vn 0.3070547 0.9513635 0.0249974
vn 0.4141924 0.9098460 0.0249974
vn 0.4143218 0.9101304 -0.0000000
vn 0.1959220 0.9806195 -0.0000000
vn 0.1958607 0.9803131 0.0249974
vn 0.3070547 0.9513635 0.0249974
vn 0.3071507 0.9516609 -0.0000000
vn -0.0962520 0.9953570 -0.0000000
vn -0.0962219 0.9950460 0.0249974
vn 0.0185919 0.9995146 0.0249974
vn 0.0185977 0.9998270 -0.0000000
vn -0.2098301 0.9777379 -0.0000000
vn -0.2097646 0.9774323 0.0249974
vn -0.0962219 0.9950460 0.0249974
vn -0.0962520 0.9953570 -0.0000000
vn -0.3206363 0.9472024 -0.0000000
vn -0.3205361 0.9469064 0.0249974
vn -0.2097646 0.9774323 0.0249974
vn -0.2098301 0.9777379 -0.0000000
vn -0.5810352 0.8138785 -0.0000000
vn -0.5808536 0.8136241 0.0249974
vn -0.4836563 0.8749010 0.0249974
vn -0.4838074 0.8751745 -0.0000000
vn -0.6705872 0.7418308 -0.0000000
vn -0.6703776 0.7415989 0.0249974
vn -0.5808536 0.8136241 0.0249974
vn -0.5810352 0.8138785 -0.0000000
vn -0.7512804 0.6599831 -0.0000000
vn -0.7510456 0.6597769 0.0249974
vn -0.6703776 0.7415989 0.0249974
vn -0.6705872 0.7418308 -0.0000000
vn -0.9101304 0.4143218 -0.0000000
vn -0.9098460 0.4141924 0.0249974
vn -0.8563091 0.5158584 0.0249974
vn -0.8565768 0.5160196 -0.0000000
vn -0.9516609 0.3071507 -0.0000000
vn -0.9513635 0.3070547 0.0249974
vn -0.9098460 0.4141924 0.0249974
vn -0.9101304 0.4143218 -0.0000000
vn -0.9806195 0.1959220 -0.0000000
vn -0.9803131 0.1958607 0.0249974
vn -0.9513635 0.3070547 0.0249974
vn -0.9516609 0.3071507 -0.0000000
vn -0.9953570 -0.0962520 -0.0000000
vn -0.9950460 -0.0962219 0.0249974
vn -0.9995146 0.0185919 0.0249974
vn -0.9998270 0.0185977 -0.0000000
vn -0.9777379 -0.2098301 -0.0000000
vn -0.9774323 -0.2097646 0.0249974
vn -0.9950460 -0.0962219 0.0249974
vn -0.9953570 -0.0962520 -0.0000000
vn -0.9472024 -0.3206363 -0.0000000
vn -0.9469064 -0.3205361 0.0249974
vn -0.9774323 -0.2097646 0.0249974
vn -0.9777379 -0.2098301 -0.0000000
vn -0.8138785 -0.5810352 -0.0000000
vn -0.8136241 -0.5808536 0.0249974
vn -0.8749010 -0.4836563 0.0249974
vn -0.8751745 -0.4838074 -0.0000000
vn -0.7418308 -0.6705872 -0.0000000
vn -0.7415989 -0.6703776 0.0249974
vn -0.8136241 -0.5808536 0.0249974
vn -0.8138785 -0.5810352 -0.0000000
vn -0.6599831 -0.7512804 -0.0000000
vn -0.6597769 -0.7510456 0.0249974
vn -0.7415989 -0.6703776 0.0249974
vn -0.7418308 -0.6705872 -0.0000000
vn -0.4143218 -0.9101304 -0.0000000
vn -0.4141924 -0.9098460 0.0249974
vn -0.5158584 -0.8563091 0.0249974
vn -0.5160196 -0.8565768 -0.0000000
vn -0.3071507 -0.9516609 -0.0000000
vn -0.3070547 -0.9513635 0.0249974
vn -0.4141924 -0.9098460 0.0249974
vn -0.4143218 -0.9101304 -0.0000000
vn -0.1959220 -0.9806195 -0.0000000
vn -0.1958607 -0.9803131 0.0249974
vn -0.3070547 -0.9513635 0.0249974
vn -0.3071507 -0.9516609 -0.0000000
vn 0.0962520 -0.9953570 -0.0000000
vn 0.0962219 -0.9950460 0.0249974
vn -0.0185919 -0.9995146 0.0249974
vn -0.0185977 -0.9998270 -0.0000000
vn 0.2098301 -0.9777379 -0.0000000
vn 0.2097646 -0.9774323 0.0249974
vn 0.0962219 -0.9950460 0.0249974
vn 0.0962520 -0.9953570 -0.0000000
vn 0.3206363 -0.9472024 -0.0000000
vn 0.3205361 -0.9469064 0.0249974
vn 0.2097646 -0.9774323 0.0249974
vn 0.2098301 -0.9777379 -0.0000000
vn 0.5810352 -0.8138785 -0.0000000
vn 0.5808536 -0.8136241 0.0249974
vn 0.4836563 -0.8749010 0.0249974
vn 0.4838074 -0.8751745 -0.0000000
vn 0.6705872 -0.7418308 -0.0000000
vn 0.6703776 -0.7415989 0.0249974
vn 0.5808536 -0.8136241 0.0249974
vn 0.5810352 -0.8138785 -0.0000000
vn 0.7512804 -0.6599831 -0.0000000
vn 0.7510456 -0.6597769 0.0249974
vn 0.6703776 -0.7415989 0.0249974
vn 0.6705872 -0.7418308 -0.0000000
vn 0.9101304 -0.4143218 -0.0000000
vn 0.9098460 -0.4141924 0.0249974
vn 0.8563091 -0.5158584 0.0249974
vn 0.8565768 -0.5160196 -0.0000000
vn 0.9516609 -0.3071507 -0.0000000
vn 0.9513635 -0.3070547 0.0249974
vn 0.9098460 -0.4141924 0.0249974
vn 0.9101304 -0.4143218 -0.0000000
vn 0.9806195 -0.1959220 -0.0000000
vn 0.9803131 -0.1958607 0.0249974
vn 0.9513635 -0.3070547 0.0249974
vn 0.9516609 -0.3071507 -0.0000000
vn 0.9953570 0.0962520 -0.0000000
vn 0.9950460 0.0962219 0.0249974
vn 0.9995146 -0.0185919 0.0249974
vn 0.9998270 -0.0185977 -0.0000000
vn 0.9777379 0.2098301 -0.0000000
vn 0.9774323 0.2097646 0.0249974
vn 0.9950460 0.0962219 0.0249974
vn 0.9953570 0.0962520 -0.0000000
vn 0.9472024 0.3206363 -0.0000000
vn 0.9469064 0.3205361 0.0249974
vn 0.9774323 0.2097646 0.0249974
vn 0.9777379 0.2098301 -0.0000000
vn 0.6156692 0.6090578 0.5000000
vn 0.6065913 0.6000774 0.5214921
vn 0.6714415 0.5265095 0.5214921
vn 0.6814899 0.5343889 0.5000000
vn 0.5417152 0.6756809 0.5000000
vn 0.5337277 0.6657181 0.5214921
vn 0.6065913 0.6000774 0.5214921
vn 0.6156692 0.6090578 0.5000000
vn 0.4606049 0.7333779 0.5000000
vn 0.4538134 0.7225644 0.5214921
vn 0.5337277 0.6657181 0.5214921
vn 0.5417152 0.6756809 0.5000000
vn 0.2286562 0.8352942 0.5000000
vn 0.2252848 0.8229780 0.5214921
vn 0.3182307 0.7916913 0.5214921
vn 0.3229931 0.8035393 0.5000000
vn 0.1312987 0.8560144 0.5000000
vn 0.1293627 0.8433927 0.5214921
vn 0.2252848 0.8229780 0.5214921
vn 0.2286562 0.8352942 0.5000000
vn 0.0322066 0.8654263 0.5000000
vn 0.0317317 0.8526658 0.5214921
vn 0.1293627 0.8433927 0.5214921
vn 0.1312987 0.8560144 0.5000000
vn -0.2196250 0.8377141 0.5000000
vn -0.2163867 0.8253622 0.5214921
vn -0.1202498 0.8447402 0.5214921
vn -0.1220494 0.8573820 0.5000000
vn -0.3142992 0.8069796 0.5000000
vn -0.3096650 0.7950809 0.5214921
vn -0.2163867 0.8253622 0.5214921
vn -0.2196250 0.8377141 0.5000000
vn -0.4048214 0.7655845 0.5000000
vn -0.3988524 0.7542961 0.5214921
vn -0.3096650 0.7950809 0.5214921
vn -0.3142992 0.8069796 0.5000000
vn -0.6090578 0.6156692 0.5000000
vn -0.6000774 0.6065913 0.5214921
vn -0.5265095 0.6714415 0.5214921
vn -0.5343889 0.6814899 0.5000000
vn -0.6756809 0.5417152 0.5000000
vn -0.6657181 0.5337277 0.5214921
vn -0.6000774 0.6065913 0.5214921
vn -0.6090578 0.6156692 0.5000000
vn -0.7333779 0.4606049 0.5000000
vn -0.7225644 0.4538134 0.5214921
vn -0.6657181 0.5337277 0.5214921
vn -0.6756809 0.5417152 0.5000000
vn -0.8352942 0.2286562 0.5000000
vn -0.8229780 0.2252848 0.5214921
vn -0.7916913 0.3182307 0.5214921
vn -0.8035393 0.3229931 0.5000000
vn -0.8560144 0.1312987 0.5000000
vn -0.8433927 0.1293627 0.5214921
vn -0.8229780 0.2252848 0.5214921
vn -0.8352942 0.2286562 0.5000000
vn -0.8654263 0.0322066 0.5000000
vn -0.8526658 0.0317317 0.5214921
vn -0.8433927 0.1293627 0.5214921
vn -0.8560144 0.1312987 0.5000000
vn -0.8377141 -0.2196250 0.5000000
vn -0.8253622 -0.2163867 0.5214921
vn -0.8447402 -0.1202498 0.5214921
vn -0.8573820 -0.1220494 0.5000000
vn -0.8069796 -0.3142992 0.5000000
vn -0.7950809 -0.3096650 0.5214921
vn -0.8253622 -0.2163867 0.5214921
vn -0.8377141 -0.2196250 0.5000000
vn -0.7655845 -0.4048214 0.5000000
vn -0.7542961 -0.3988524 0.5214921
vn -0.7950809 -0.3096650 0.5214921
vn -0.8069796 -0.3142992 0.5000000
vn -0.6156692 -0.6090578 0.5000000
vn -0.6065913 -0.6000774 0.5214921
vn -0.6714415 -0.5265095 0.5214921
vn -0.6814899 -0.5343889 0.5000000
vn -0.5417152 -0.6756809 0.5000000
vn -0.5337277 -0.6657181 0.5214921
vn -0.6065913 -0.6000774 0.5214921
vn -0.6156692 -0.6090578 0.5000000
vn -0.4606049 -0.7333779 0.5000000
vn -0.4538134 -0.7225644 0.5214921
vn -0.5337277 -0.6657181 0.5214921
vn -0.5417152 -0.6756809 0.5000000
vn -0.2286562 -0.8352942 0.5000000
vn -0.2252848 -0.8229780 0.5214921
vn -0.3182307 -0.7916913 0.5214921
vn -0.3229931 -0.8035393 0.5000000
vn -0.1312987 -0.8560144 0.5000000
vn -0.1293627 -0.8433927 0.5214921
vn -0.2252848 -0.8229780 0.5214921
vn -0.2286562 -0.8352942 0.5000000
vn -0.0322066 -0.8654263 0.5000000
vn -0.0317317 -0.8526658 0.5214921
vn -0.1293627 -0.8433927 0.5214921
vn -0.1312987 -0.8560144 0.5000000
vn 0.2196250 -0.8377141 0.5000000
vn 0.2163867 -0.8253622 0.5214921
vn 0.1202498 -0.8447402 0.5214921
vn 0.1220494 -0.8573820 0.5000000
vn 0.3142992 -0.8069796 0.5000000
vn 0.3096650 -0.7950809 0.5214921
vn 0.2163867 -0.8253622 0.5214921
vn 0.2196250 -0.8377141 0.5000000
vn 0.4048214 -0.7655845 0.5000000
vn 0.3988524 -0.7542961 0.5214921
vn 0.3096650 -0.7950809 0.5214921
vn 0.3142992 -0.8069796 0.5000000
vn 0.6090578 -0.6156692 0.5000000
vn 0.6000774 -0.6065913 0.5214921
vn 0.5265095 -0.6714415 0.5214921
vn 0.5343889 -0.6814899 0.5000000
vn 0.6756809 -0.5417152 0.5000000
vn 0.6657181 -0.5337277 0.5214921
vn 0.6000774 -0.6065913 0.5214921
vn 0.6090578 -0.6156692 0.5000000
vn 0.7333779 -0.4606049 0.5000000
vn 0.7225644 -0.4538134 0.5214921
vn 0.6657181 -0.5337277 0.5214921
vn 0.6756809 -0.5417152 0.5000000
vn 0.8352942 -0.2286562 0.5000000
vn 0.8229780 -0.2252848 0.5214921
vn 0.7916913 -0.3182307 0.5214921
vn 0.8035393 -0.3229931 0.5000000
vn 0.8560144 -0.1312987 0.5000000
vn 0.8433927 -0.1293627 0.5214921
vn 0.8229780 -0.2252848 0.5214921
vn 0.8352942 -0.2286562 0.5000000
vn 0.8654263 -0.0322066 0.5000000
vn 0.8526658 -0.0317317 0.5214921
vn 0.8433927 -0.1293627 0.5214921
vn 0.8560144 -0.1312987 0.5000000
vn 0.8377141 0.2196250 0.5000000
vn 0.8253622 0.2163867 0.5214921
vn 0.8447402 0.1202498 0.5214921
vn 0.8573820 0.1220494 0.5000000
vn 0.8069796 0.3142992 0.5000000
vn 0.7950809 0.3096650 0.5214921
vn 0.8253622 0.2163867 0.5214921
vn 0.8377141 0.2196250 0.5000000
vn 0.7655845 0.4048214 0.5000000
vn 0.7542961 0.3988524 0.5214921
vn 0.7950809 0.3096650 0.5214921
vn 0.8069796 0.3142992 0.5000000
vn 0.2948940 0.4037791 0.8660254
vn 0.2820339 0.3861706 0.8782535
vn 0.3244828 0.3512574 0.8782535
vn 0.3392785 0.3672739 0.8660254
vn 0.2466139 0.4349501 0.8660254
vn 0.2358592 0.4159823 0.8782535
vn 0.2820339 0.3861706 0.8782535
vn 0.2948940 0.4037791 0.8660254
vn 0.1950758 0.4603753 0.8660254
vn 0.1865687 0.4402987 0.8782535
vn 0.2358592 0.4159823 0.8782535
vn 0.2466139 0.4349501 0.8660254
vn 0.0534962 0.4971299 0.8660254
vn 0.0511633 0.4754505 0.8782535
vn 0.1053817 0.4664392 0.8782535
vn 0.1101868 0.4877078 0.8660254
vn -0.0039012 0.4999848 0.8660254
vn -0.0037311 0.4781808 0.8782535
vn 0.0511633 0.4754505 0.8782535
vn 0.0534962 0.4971299 0.8660254
vn -0.0612470 0.4962346 0.8660254
vn -0.0585761 0.4745942 0.8782535
vn -0.0037311 0.4781808 0.8782535
vn -0.0039012 0.4999848 0.8660254
vn -0.2022359 0.4572752 0.8660254
vn -0.1934166 0.4373338 0.8782535
vn -0.1419564 0.4566390 0.8782535
vn -0.1484293 0.4774607 0.8660254
vn -0.2533709 0.4310489 0.8660254
vn -0.2423216 0.4122512 0.8782535
vn -0.1934166 0.4373338 0.8782535
vn -0.2022359 0.4572752 0.8660254
vn -0.3011588 0.3991283 0.8660254
vn -0.2880255 0.3817226 0.8782535
vn -0.2423216 0.4122512 0.8782535
vn -0.2533709 0.4310489 0.8660254
vn -0.4037791 0.2948940 0.8660254
vn -0.3861706 0.2820339 0.8782535
vn -0.3512574 0.3244828 0.8782535
vn -0.3672739 0.3392785 0.8660254
vn -0.4349501 0.2466139 0.8660254
vn -0.4159823 0.2358592 0.8782535
vn -0.3861706 0.2820339 0.8782535
vn -0.4037791 0.2948940 0.8660254
vn -0.4603753 0.1950758 0.8660254
vn -0.4402987 0.1865687 0.8782535
vn -0.4159823 0.2358592 0.8782535
vn -0.4349501 0.2466139 0.8660254
vn -0.4971299 0.0534962 0.8660254
vn -0.4754505 0.0511633 0.8782535
vn -0.4664392 0.1053817 0.8782535
vn -0.4877078 0.1101868 0.8660254
vn -0.4999848 -0.0039012 0.8660254
vn -0.4781808 -0.0037311 0.8782535
vn -0.4754505 0.0511633 0.8782535
vn -0.4971299 0.0534962 0.8660254
vn -0.4962346 -0.0612470 0.8660254
vn -0.4745942 -0.0585761 0.8782535
vn -0.4781808 -0.0037311 0.8782535
vn -0.4999848 -0.0039012 0.8660254
vn -0.4572752 -0.2022359 0.8660254
vn -0.4373338 -0.1934166 0.8782535
vn -0.4566390 -0.1419564 0.8782535
vn -0.4774607 -0.1484293 0.8660254
vn -0.4310489 -0.2533709 0.8660254
vn -0.4122512 -0.2423216 0.8782535
vn -0.4373338 -0.1934166 0.8782535
vn -0.4572752 -0.2022359 0.8660254
vn -0.3991283 -0.3011588 0.8660254
vn -0.3817226 -0.2880255 0.8782535
vn -0.4122512 -0.2423216 0.8782535
vn -0.4310489 -0.2533709 0.8660254
vn -0.2948940 -0.4037791 0.8660254
vn -0.2820339 -0.3861706 0.8782535
vn -0.3244828 -0.3512574 0.8782535
vn -0.3392785 -0.3672739 0.8660254
vn -0.2466139 -0.4349501 0.8660254
vn -0.2358592 -0.4159823 0.8782535
vn -0.2820339 -0.3861706 0.8782535
vn -0.2948940 -0.4037791 0.8660254
vn -0.1950758 -0.4603753 0.8660254
vn -0.1865687 -0.4402987 0.8782535
vn -0.2358592 -0.4159823 0.8782535
vn -0.2466139 -0.4349501 0.8660254
vn -0.0534962 -0.4971299 0.8660254
vn -0.0511633 -0.4754505 0.8782535
vn -0.1053817 -0.4664392 0.8782535
vn -0.1101868 -0.4877078 0.8660254
vn 0.0039012 -0.4999848 0.8660254
vn 0.0037311 -0.4781808 0.8782535
vn -0.0511633 -0.4754505 0.8782535
vn -0.0534962 -0.4971299 0.8660254
vn 0.0612470 -0.4962346 0.8660254
vn 0.0585761 -0.4745942 0.8782535
vn 0.0037311 -0.4781808 0.8782535
vn 0.0039012 -0.4999848 0.8660254
vn 0.2022359 -0.4572752 0.8660254
vn 0.1934166 -0.4373338 0.8782535
vn 0.1419564 -0.4566390 0.8782535
vn 0.1484293 -0.4774607 0.8660254
vn 0.2533709 -0.4310489 0.8660254
vn 0.2423216 -0.4122512 0.8782535
vn 0.1934166 -0.4373338 0.8782535
vn 0.2022359 -0.4572752 0.8660254
vn 0.3011588 -0.3991283 0.8660254
vn 0.2880255 -0.3817226 0.8782535
vn 0.2423216 -0.4122512 0.8782535
vn 0.2533709 -0.4310489 0.8660254
vn 0.4037791 -0.2948940 0.8660254
vn 0.3861706 -0.2820339 0.8782535
vn 0.3512574 -0.3244828 0.8782535
vn 0.3672739 -0.3392785 0.8660254
vn 0.4349501 -0.2466139 0.8660254
vn 0.4159823 -0.2358592 0.8782535
vn 0.3861706 -0.2820339 0.8782535
vn 0.4037791 -0.2948940 0.8660254
vn 0.4603753 -0.1950758 0.8660254
vn 0.4402987 -0.1865687 0.8782535
vn 0.4159823 -0.2358592 0.8782535
vn 0.4349501 -0.2466139 0.8660254
vn 0.4971299 -0.0534962 0.8660254
vn 0.4754505 -0.0511633 0.8782535
vn 0.4664392 -0.1053817 0.8782535
vn 0.4877078 -0.1101868 0.8660254
vn 0.4999848 0.0039012 0.8660254
vn 0.4781808 0.0037311 0.8782535
vn 0.4754505 -0.0511633 0.8782535
vn 0.4971299 -0.0534962 0.8660254
vn 0.4962346 0.0612470 0.8660254
vn 0.4745942 0.0585761 0.8782535
vn 0.4781808 0.0037311 0.8782535
vn 0.4999848 0.0039012 0.8660254
vn 0.4572752 0.2022359 0.8660254
vn 0.4373338 0.1934166 0.8782535
vn 0.4566390 0.1419564 0.8782535
vn 0.4774607 0.1484293 0.8660254
vn 0.4310489 0.2533709 0.8660254
vn 0.4122512 0.2423216 0.8782535
vn 0.4373338 0.1934166 0.8782535
vn 0.4572752 0.2022359 0.8660254
vn 0.3991283 0.3011588 0.8660254
vn 0.3817226 0.2880255 0.8782535
vn 0.4122512 0.2423216 0.8782535
vn 0.4310489 0.2533709 0.8660254
vn 0.1483334 0.6062023 -0.7813552
vn 0.1483334 0.6062023 -0.7813552
vn 0.1483334 0.6062023 -0.7813552
vn 0.1483334 0.6062023 -0.7813552
vn 0.1457954 0.6215494 -0.7696883
vn 0.1457954 0.6215494 -0.7696883
vn 0.1457954 0.6215494 -0.7696883
vn 0.1457954 0.6215494 -0.7696883
vn 0.1407628 0.6365014 -0.7583217
vn 0.1407628 0.6365014 -0.7583217
vn 0.1407628 0.6365014 -0.7583217
vn 0.1407628 0.6365014 -0.7583217
vn 0.1333217 0.6508027 -0.7474498
vn 0.1333217 0.6508027 -0.7474498
vn 0.1333217 0.6508027 -0.7474498
vn 0.1333217 0.6508027 -0.7474498
vn 0.1235994 0.6642083 -0.7372588
vn 0.1235994 0.6642083 -0.7372588
vn 0.1235994 0.6642083 -0.7372588
vn 0.1235994 0.6642083 -0.7372588
vn 0.1117623 0.6764890 -0.7279229
vn 0.1117623 0.6764890 -0.7279229
vn 0.1117623 0.6764890 -0.7279229
vn 0.1117623 0.6764890 -0.7279229
vn 0.0980129 0.6874347 -0.7196020
vn 0.0980129 0.6874347 -0.7196020
vn 0.0980129 0.6874347 -0.7196020
vn 0.0980129 0.6874347 -0.7196020
vn 0.0825865 0.6968580 -0.7124383
vn 0.0825865 0.6968580 -0.7124383
vn 0.0825865 0.6968580 -0.7124383
vn 0.0825865 0.6968580 -0.7124383
vn 0.0657470 0.7045978 -0.7065545
vn 0.0657470 0.7045978 -0.7065545
vn 0.0657470 0.7045978 -0.7065545
vn 0.0657470 0.7045978 -0.7065545
vn 0.0477825 0.7105215 -0.7020513
vn 0.0477825 0.7105215 -0.7020513
vn 0.0477825 0.7105215 -0.7020513
vn 0.0477825 0.7105215 -0.7020513
vn 0.0290005 0.7145279 -0.6990056
vn 0.0290005 0.7145279 -0.6990056
vn 0.0290005 0.7145279 -0.6990056
vn 0.0290005 0.7145279 -0.6990056
vn 0.0097223 0.7165484 -0.6974696
vn 0.0097223 0.7165484 -0.6974696
vn 0.0097223 0.7165484 -0.6974696
vn 0.0097223 0.7165484 -0.6974696
vn -0.0097223 0.7165484 -0.6974696
vn -0.0097223 0.7165484 -0.6974696
vn -0.0097223 0.7165484 -0.6974696
vn -0.0097223 0.7165484 -0.6974696
vn -0.0290005 0.7145279 -0.6990056
vn -0.0290005 0.7145279 -0.6990056
vn -0.0290005 0.7145279 -0.6990056
vn -0.0290005 0.7145279 -0.6990056
vn -0.0477825 0.7105215 -0.7020513
vn -0.0477825 0.7105215 -0.7020513
vn -0.0477825 0.7105215 -0.7020513
vn -0.0477825 0.7105215 -0.7020513
vn -0.0657470 0.7045978 -0.7065545
vn -0.0657470 0.7045978 -0.7065545
vn -0.0657470 0.7045978 -0.7065545
vn -0.0657470 0.7045978 -0.7065545
vn -0.0825865 0.6968580 -0.7124383
vn -0.0825865 0.6968580 -0.7124383
vn -0.0825865 0.6968580 -0.7124383
vn -0.0825865 0.6968580 -0.7124383
vn -0.0980129 0.6874347 -0.7196020
vn -0.0980129 0.6874347 -0.7196020
vn -0.0980129 0.6874347 -0.7196020
vn -0.0980129 0.6874347 -0.7196020
vn -0.1117623 0.6764890 -0.7279229
vn -0.1117623 0.6764890 -0.7279229
vn -0.1117623 0.6764890 -0.7279229
vn -0.1117623 0.6764890 -0.7279229
vn -0.1235994 0.6642083 -0.7372588
vn -0.1235994 0.6642083 -0.7372588
vn -0.1235994 0.6642083 -0.7372588
vn -0.1235994 0.6642083 -0.7372588
vn -0.1333217 0.6508027 -0.7474498
vn -0.1333217 0.6508027 -0.7474498
vn -0.1333217 0.6508027 -0.7474498
vn -0.1333217 0.6508027 -0.7474498
vn -0.1407628 0.6365014 -0.7583217
vn -0.1407628 0.6365014 -0.7583217
vn -0.1407628 0.6365014 -0.7583217
vn -0.1407628 0.6365014 -0.7583217
vn -0.1457954 0.6215494 -0.7696883
vn -0.1457954 0.6215494 -0.7696883
vn -0.1457954 0.6215494 -0.7696883
vn -0.1457954 0.6215494 -0.7696883
vn -0.1483334 0.6062023 -0.7813552
vn -0.1483334 0.6062023 -0.7813552
vn -0.1483334 0.6062023 -0.7813552
vn -0.1483334 0.6062023 -0.7813552
vn -0.1483334 0.5907228 -0.7931228
vn -0.1483334 0.5907228 -0.7931228
vn -0.1483334 0.5907228 -0.7931228
vn -0.1483334 0.5907228 -0.7931228
vn -0.1457954 0.5753757 -0.8047897
vn -0.1457954 0.5753757 -0.8047897
vn -0.1457954 0.5753757 -0.8047897
vn -0.1457954 0.5753757 -0.8047897
vn -0.1407628 0.5604237 -0.8161563
vn -0.1407628 0.5604237 -0.8161563
vn -0.1407628 0.5604237 -0.8161563
vn -0.1407628 0.5604237 -0.8161563
vn -0.1333217 0.5461225 -0.8270282
vn -0.1333217 0.5461225 -0.8270282
vn -0.1333217 0.5461225 -0.8270282
vn -0.1333217 0.5461225 -0.8270282
vn -0.1235994 0.5327168 -0.8372192
vn -0.1235994 0.5327168 -0.8372192
vn -0.1235994 0.5327168 -0.8372192
vn -0.1235994 0.5327168 -0.8372192
vn -0.1117623 0.5204361 -0.8465551
vn -0.1117623 0.5204361 -0.8465551
vn -0.1117623 0.5204361 -0.8465551
vn -0.1117623 0.5204361 -0.8465551
vn -0.0980129 0.5094904 -0.8548760
vn -0.0980129 0.5094904 -0.8548760
vn -0.0980129 0.5094904 -0.8548760
vn -0.0980129 0.5094904 -0.8548760
vn -0.0825865 0.5000671 -0.8620397
vn -0.0825865 0.5000671 -0.8620397
vn -0.0825865 0.5000671 -0.8620397
vn -0.0825865 0.5000671 -0.8620397
vn -0.0657470 0.4923273 -0.8679235
vn -0.0657470 0.4923273 -0.8679235
vn -0.0657470 0.4923273 -0.8679235
vn -0.0657470 0.4923273 -0.8679235
vn -0.0477825 0.4864036 -0.8724267
vn -0.0477825 0.4864036 -0.8724267
vn -0.0477825 0.4864036 -0.8724267
vn -0.0477825 0.4864036 -0.8724267
vn -0.0290005 0.4823972 -0.8754724
vn -0.0290005 0.4823972 -0.8754724
vn -0.0290005 0.4823972 -0.8754724
vn -0.0290005 0.4823972 -0.8754724
vn -0.0097223 0.4803767 -0.8770084
vn -0.0097223 0.4803767 -0.8770084
vn -0.0097223 0.4803767 -0.8770084
vn -0.0097223 0.4803767 -0.8770084
vn 0.0097223 0.4803767 -0.8770084
vn 0.0097223 0.4803767 -0.8770084
vn 0.0097223 0.4803767 -0.8770084
vn 0.0097223 0.4803767 -0.8770084
vn 0.0290005 0.4823972 -0.8754724
vn 0.0290005 0.4823972 -0.8754724
vn 0.0290005 0.4823972 -0.8754724
vn 0.0290005 0.4823972 -0.8754724
vn 0.0477825 0.4864036 -0.8724267
vn 0.0477825 0.4864036 -0.8724267
vn 0.0477825 0.4864036 -0.8724267
vn 0.0477825 0.4864036 -0.8724267
vn 0.0657470 0.4923273 -0.8679235
vn 0.0657470 0.4923273 -0.8679235
vn 0.0657470 0.4923273 -0.8679235
vn 0.0657470 0.4923273 -0.8679235
vn 0.0825865 0.5000671 -0.8620397
vn 0.0825865 0.5000671 -0.8620397
vn 0.0825865 0.5000671 -0.8620397
vn 0.0825865 0.5000671 -0.8620397
vn 0.0980129 0.5094904 -0.8548760
vn 0.0980129 0.5094904 -0.8548760
vn 0.0980129 0.5094904 -0.8548760
vn 0.0980129 0.5094904 -0.8548760
vn 0.1117623 0.5204361 -0.8465551
vn 0.1117623 0.5204361 -0.8465551
vn 0.1117623 0.5204361 -0.8465551
vn 0.1117623 0.5204361 -0.8465551
vn 0.1235994 0.5327168 -0.8372192
vn 0.1235994 0.5327168 -0.8372192
vn 0.1235994 0.5327168 -0.8372192
vn 0.1235994 0.5327168 -0.8372192
vn 0.1333217 0.5461225 -0.8270282
vn 0.1333217 0.5461225 -0.8270282
vn 0.1333217 0.5461225 -0.8270282
vn 0.1333217 0.5461225 -0.8270282
vn 0.1407628 0.5604237 -0.8161563
vn 0.1407628 0.5604237 -0.8161563
vn 0.1407628 0.5604237 -0.8161563
vn 0.1407628 0.5604237 -0.8161563
vn 0.1457954 0.5753757 -0.8047897
vn 0.1457954 0.5753757 -0.8047897
vn 0.1457954 0.5753757 -0.8047897
vn 0.1457954 0.5753757 -0.8047897
vn 0.1483334 0.5907228 -0.7931228
vn 0.1483334 0.5907228 -0.7931228
vn 0.1483334 0.5907228 -0.7931228
vn 0.1483334 0.5907228 -0.7931228
vn 0.9978589 0.0520664 0.0395811
vn 0.9978589 0.0520664 0.0395811
vn 0.9978589 0.0520664 0.0395811
vn 0.9978589 0.0520664 0.0395811
vn 0.9807853 0.1553082 0.1180660
vn 0.9807853 0.1553082 0.1180660
vn 0.9807853 0.1553082 0.1180660
vn 0.9807853 0.1553082 0.1180660
vn 0.9469301 0.2558928 0.1945308
vn 0.9469301 0.2558928 0.1945308
vn 0.9469301 0.2558928 0.1945308
vn 0.9469301 0.2558928 0.1945308
vn 0.8968727 0.3520989 0.2676671
vn 0.8968727 0.3520989 0.2676671
vn 0.8968727 0.3520989 0.2676671
vn 0.8968727 0.3520989 0.2676671
vn 0.8314696 0.4422805 0.3362236
vn 0.8314696 0.4422805 0.3362236
vn 0.8314696 0.4422805 0.3362236
vn 0.8314696 0.4422805 0.3362236
vn 0.7518398 0.5248945 0.3990271
vn 0.7518398 0.5248945 0.3990271
vn 0.7518398 0.5248945 0.3990271
vn 0.7518398 0.5248945 0.3990271
vn 0.6593458 0.5985275 0.4550032
vn 0.6593458 0.5985275 0.4550032
vn 0.6593458 0.5985275 0.4550032
vn 0.6593458 0.5985275 0.4550032
vn 0.5555702 0.6619195 0.5031941
vn 0.5555702 0.6619195 0.5031941
vn 0.5555702 0.6619195 0.5031941
vn 0.5555702 0.6619195 0.5031941
vn 0.4422887 0.7139859 0.5427752
vn 0.4422887 0.7139859 0.5427752
vn 0.4422887 0.7139859 0.5427752
vn 0.4422887 0.7139859 0.5427752
vn 0.3214395 0.7538357 0.5730692
vn 0.3214395 0.7538357 0.5730692
vn 0.3214395 0.7538357 0.5730692
vn 0.3214395 0.7538357 0.5730692
vn 0.1950903 0.7807873 0.5935579
vn 0.1950903 0.7807873 0.5935579
vn 0.1950903 0.7807873 0.5935579
vn 0.1950903 0.7807873 0.5935579
vn 0.0654031 0.7943793 0.6038907
vn 0.0654031 0.7943793 0.6038907
vn 0.0654031 0.7943793 0.6038907
vn 0.0654031 0.7943793 0.6038907
vn -0.0654031 0.7943793 0.6038907
vn -0.0654031 0.7943793 0.6038907
vn -0.0654031 0.7943793 0.6038907
vn -0.0654031 0.7943793 0.6038907
vn -0.1950903 0.7807873 0.5935579
vn -0.1950903 0.7807873 0.5935579
vn -0.1950903 0.7807873 0.5935579
vn -0.1950903 0.7807873 0.5935579
vn -0.3214395 0.7538357 0.5730692
vn -0.3214395 0.7538357 0.5730692
vn -0.3214395 0.7538357 0.5730692
vn -0.3214395 0.7538357 0.5730692
vn -0.4422887 0.7139859 0.5427752
vn -0.4422887 0.7139859 0.5427752
vn -0.4422887 0.7139859 0.5427752
vn -0.4422887 0.7139859 0.5427752
vn -0.5555702 0.6619195 0.5031941
vn -0.5555702 0.6619195 0.5031941
vn -0.5555702 0.6619195 0.5031941
vn -0.5555702 0.6619195 0.5031941
vn -0.6593458 0.5985275 0.4550032
vn -0.6593458 0.5985275 0.4550032
vn -0.6593458 0.5985275 0.4550032
vn -0.6593458 0.5985275 0.4550032
vn -0.7518398 0.5248945 0.3990271
vn -0.7518398 0.5248945 0.3990271
vn -0.7518398 0.5248945 0.3990271
vn -0.7518398 0.5248945 0.3990271
vn -0.8314696 0.4422805 0.3362236
vn -0.8314696 0.4422805 0.3362236
vn -0.8314696 0.4422805 0.3362236
vn -0.8314696 0.4422805 0.3362236
vn -0.8968727 0.3520989 0.2676671
vn -0.8968727 0.3520989 0.2676671
vn -0.8968727 0.3520989 0.2676671
vn -0.8968727 0.3520989 0.2676671
vn -0.9469301 0.2558928 0.1945308
vn -0.9469301 0.2558928 0.1945308
vn -0.9469301 0.2558928 0.1945308
vn -0.9469301 0.2558928 0.1945308
vn -0.9807853 0.1553082 0.1180660
vn -0.9807853 0.1553082 0.1180660
vn -0.9807853 0.1553082 0.1180660
vn -0.9807853 0.1553082 0.1180660
vn -0.9978589 0.0520664 0.0395811
vn -0.9978589 0.0520664 0.0395811
vn -0.9978589 0.0520664 0.0395811
vn -0.9978589 0.0520664 0.0395811
vn -0.9978589 -0.0520664 -0.0395811
vn -0.9978589 -0.0520664 -0.0395811
vn -0.9978589 -0.0520664 -0.0395811
vn -0.9978589 -0.0520664 -0.0395811
vn -0.9807853 -0.1553082 -0.1180660
vn -0.9807853 -0.1553082 -0.1180660
vn -0.9807853 -0.1553082 -0.1180660
vn -0.9807853 -0.1553082 -0.1180660
vn -0.9469301 -0.2558928 -0.1945308
vn -0.9469301 -0.2558928 -0.1945308
vn -0.9469301 -0.2558928 -0.1945308
vn -0.9469301 -0.2558928 -0.1945308
vn -0.8968727 -0.3520989 -0.2676671
vn -0.8968727 -0.3520989 -0.2676671
vn -0.8968727 -0.3520989 -0.2676671
vn -0.8968727 -0.3520989 -0.2676671
vn -0.8314696 -0.4422805 -0.3362236
vn -0.8314696 -0.4422805 -0.3362236
vn -0.8314696 -0.4422805 -0.3362236
vn -0.8314696 -0.4422805 -0.3362236
vn -0.7518398 -0.5248945 -0.3990271
vn -0.7518398 -0.5248945 -0.3990271
vn -0.7518398 -0.5248945 -0.3990271
vn -0.7518398 -0.5248945 -0.3990271
vn -0.6593458 -0.5985275 -0.4550032
vn -0.6593458 -0.5985275 -0.4550032
vn -0.6593458 -0.5985275 -0.4550032
vn -0.6593458 -0.5985275 -0.4550032
vn -0.5555702 -0.6619195 -0.5031941
vn -0.5555702 -0.6619195 -0.5031941
vn -0.5555702 -0.6619195 -0.5031941
vn -0.5555702 -0.6619195 -0.5031941
vn -0.4422887 -0.7139859 -0.5427752
vn -0.4422887 -0.7139859 -0.5427752
vn -0.4422887 -0.7139859 -0.5427752
vn -0.4422887 -0.7139859 -0.5427752
vn -0.3214395 -0.7538357 -0.5730692
vn -0.3214395 -0.7538357 -0.5730692
vn -0.3214395 -0.7538357 -0.5730692
vn -0.3214395 -0.7538357 -0.5730692
vn -0.1950903 -0.7807873 -0.5935579
vn -0.1950903 -0.7807873 -0.5935579
vn -0.1950903 -0.7807873 -0.5935579
vn -0.1950903 -0.7807873 -0.5935579
vn -0.0654031 -0.7943793 -0.6038907
vn -0.0654031 -0.7943793 -0.6038907
vn -0.0654031 -0.7943793 -0.6038907
vn -0.0654031 -0.7943793 -0.6038907
vn 0.0654031 -0.7943793 -0.6038907
vn 0.0654031 -0.7943793 -0.6038907
vn 0.0654031 -0.7943793 -0.6038907
vn 0.0654031 -0.7943793 -0.6038907
vn 0.1950903 -0.7807873 -0.5935579
vn 0.1950903 -0.7807873 -0.5935579
vn 0.1950903 -0.7807873 -0.5935579
vn 0.1950903 -0.7807873 -0.5935579
vn 0.3214395 -0.7538357 -0.5730692
vn 0.3214395 -0.7538357 -0.5730692
vn 0.3214395 -0.7538357 -0.5730692
vn 0.3214395 -0.7538357 -0.5730692
vn 0.4422887 -0.7139859 -0.5427752
vn 0.4422887 -0.7139859 -0.5427752
vn 0.4422887 -0.7139859 -0.5427752
vn 0.4422887 -0.7139859 -0.5427752
vn 0.5555702 -0.6619195 -0.5031941
vn 0.5555702 -0.6619195 -0.5031941
vn 0.5555702 -0.6619195 -0.5031941
vn 0.5555702 -0.6619195 -0.5031941
vn 0.6593458 -0.5985275 -0.4550032
vn 0.6593458 -0.5985275 -0.4550032
vn 0.6593458 -0.5985275 -0.4550032
vn 0.6593458 -0.5985275 -0.4550032
vn 0.7518398 -0.5248945 -0.3990271
vn 0.7518398 -0.5248945 -0.3990271
vn 0.7518398 -0.5248945 -0.3990271
vn 0.7518398 -0.5248945 -0.3990271
vn 0.8314696 -0.4422805 -0.3362236
vn 0.8314696 -0.4422805 -0.3362236
vn 0.8314696 -0.4422805 -0.3362236
vn 0.8314696 -0.4422805 -0.3362236
vn 0.8968727 -0.3520989 -0.2676671
vn 0.8968727 -0.3520989 -0.2676671
vn 0.8968727 -0.3520989 -0.2676671
vn 0.8968727 -0.3520989 -0.2676671
vn 0.9469301 -0.2558928 -0.1945308
vn 0.9469301 -0.2558928 -0.1945308
vn 0.9469301 -0.2558928 -0.1945308
vn 0.9469301 -0.2558928 -0.1945308
vn 0.9807853 -0.1553082 -0.1180660
vn 0.9807853 -0.1553082 -0.1180660
vn 0.9807853 -0.1553082 -0.1180660
vn 0.9807853 -0.1553082 -0.1180660
vn 0.9978589 -0.0520664 -0.0395811
vn 0.9978589 -0.0520664 -0.0395811
vn 0.9978589 -0.0520664 -0.0395811
vn 0.9978589 -0.0520664 -0.0395811
vn 0.1483334 -0.5907228 0.7931228
vn 0.1483334 -0.5907228 0.7931228
vn 0.1483334 -0.5907228 0.7931228
vn 0.1483334 -0.5907228 0.7931228
vn 0.1457954 -0.5753757 0.8047897
vn 0.1457954 -0.5753757 0.8047897
vn 0.1457954 -0.5753757 0.8047897
vn 0.1457954 -0.5753757 0.8047897
vn 0.1407628 -0.5604237 0.8161563
vn 0.1407628 -0.5604237 0.8161563
vn 0.1407628 -0.5604237 0.8161563
vn 0.1407628 -0.5604237 0.8161563
vn 0.1333217 -0.5461225 0.8270282
vn 0.1333217 -0.5461225 0.8270282
vn 0.1333217 -0.5461225 0.8270282
vn 0.1333217 -0.5461225 0.8270282
vn 0.1235994 -0.5327168 0.8372192
vn 0.1235994 -0.5327168 0.8372192
vn 0.1235994 -0.5327168 0.8372192
vn 0.1235994 -0.5327168 0.8372192
vn 0.1117623 -0.5204361 0.8465551
vn 0.1117623 -0.5204361 0.8465551
vn 0.1117623 -0.5204361 0.8465551
vn 0.1117623 -0.5204361 0.8465551
vn 0.0980129 -0.5094904 0.8548760
vn 0.0980129 -0.5094904 0.8548760
vn 0.0980129 -0.5094904 0.8548760
vn 0.0980129 -0.5094904 0.8548760
vn 0.0825865 -0.5000671 0.8620397
vn 0.0825865 -0.5000671 0.8620397
vn 0.0825865 -0.5000671 0.8620397
vn 0.0825865 -0.5000671 0.8620397
vn 0.0657470 -0.4923273 0.8679235
vn 0.0657470 -0.4923273 0.8679235
vn 0.0657470 -0.4923273 0.8679235
vn 0.0657470 -0.4923273 0.8679235
vn 0.0477825 -0.4864036 0.8724267
vn 0.0477825 -0.4864036 0.8724267
vn 0.0477825 -0.4864036 0.8724267
vn 0.0477825 -0.4864036 0.8724267
vn 0.0290005 -0.4823972 0.8754724
vn 0.0290005 -0.4823972 0.8754724
vn 0.0290005 -0.4823972 0.8754724
vn 0.0290005 -0.4823972 0.8754724
vn 0.0097223 -0.4803767 0.8770084
vn 0.0097223 -0.4803767 0.8770084
vn 0.0097223 -0.4803767 0.8770084
vn 0.0097223 -0.4803767 0.8770084
vn -0.0097223 -0.4803767 0.8770084
vn -0.0097223 -0.4803767 0.8770084
vn -0.0097223 -0.4803767 0.8770084
vn -0.0097223 -0.4803767 0.8770084
vn -0.0290005 -0.4823972 0.8754724
vn -0.0290005 -0.4823972 0.8754724
vn -0.0290005 -0.4823972 0.8754724
vn -0.0290005 -0.4823972 0.8754724
vn -0.0477825 -0.4864036 0.8724267
vn -0.0477825 -0.4864036 0.8724267
vn -0.0477825 -0.4864036 0.8724267
vn -0.0477825 -0.4864036 0.8724267
vn -0.0657470 -0.4923273 0.8679235
vn -0.0657470 -0.4923273 0.8679235
vn -0.0657470 -0.4923273 0.8679235
vn -0.0657470 -0.4923273 0.8679235
vn -0.0825865 -0.5000671 0.8620397
vn -0.0825865 -0.5000671 0.8620397
vn -0.0825865 -0.5000671 0.8620397
vn -0.0825865 -0.5000671 0.8620397
vn -0.0980129 -0.5094904 0.8548760
vn -0.0980129 -0.5094904 0.8548760
vn -0.0980129 -0.5094904 0.8548760
vn -0.0980129 -0.5094904 0.8548760
vn -0.1117623 -0.5204361 0.8465551
vn -0.1117623 -0.5204361 0.8465551
vn -0.1117623 -0.5204361 0.8465551
vn -0.1117623 -0.5204361 0.8465551
vn -0.1235994 -0.5327168 0.8372192
vn -0.1235994 -0.5327168 0.8372192
vn -0.1235994 -0.5327168 0.8372192
vn -0.1235994 -0.5327168 0.8372192
vn -0.1333217 -0.5461225 0.8270282
vn -0.1333217 -0.5461225 0.8270282
vn -0.1333217 -0.5461225 0.8270282
vn -0.1333217 -0.5461225 0.8270282
vn -0.1407628 -0.5604237 0.8161563
vn -0.1407628 -0.5604237 0.8161563
vn -0.1407628 -0.5604237 0.8161563
vn -0.1407628 -0.5604237 0.8161563
vn -0.1457954 -0.5753757 0.8047897
vn -0.1457954 -0.5753757 0.8047897
vn -0.1457954 -0.5753757 0.8047897
vn -0.1457954 -0.5753757 0.8047897
vn -0.1483334 -0.5907228 0.7931228
vn -0.1483334 -0.5907228 0.7931228
vn -0.1483334 -0.5907228 0.7931228
vn -0.1483334 -0.5907228 0.7931228
vn -0.1483334 -0.6062023 0.7813552
vn -0.1483334 -0.6062023 0.7813552
vn -0.1483334 -0.6062023 0.7813552
vn -0.1483334 -0.6062023 0.7813552
vn -0.1457954 -0.6215494 0.7696883
vn -0.1457954 -0.6215494 0.7696883
vn -0.1457954 -0.6215494 0.7696883
vn -0.1457954 -0.6215494 0.7696883
vn -0.1407628 -0.6365014 0.7583217
vn -0.1407628 -0.6365014 0.7583217
vn -0.1407628 -0.6365014 0.7583217
vn -0.1407628 -0.6365014 0.7583217
vn -0.1333217 -0.6508027 0.7474498
vn -0.1333217 -0.6508027 0.7474498
vn -0.1333217 -0.6508027 0.7474498
vn -0.1333217 -0.6508027 0.7474498
vn -0.1235994 -0.6642083 0.7372588
vn -0.1235994 -0.6642083 0.7372588
vn -0.1235994 -0.6642083 0.7372588
vn -0.1235994 -0.6642083 0.7372588
vn -0.1117623 -0.6764890 0.7279229
vn -0.1117623 -0.6764890 0.7279229
vn -0.1117623 -0.6764890 0.7279229
vn -0.1117623 -0.6764890 0.7279229
vn -0.0980129 -0.6874347 0.7196020
vn -0.0980129 -0.6874347 0.7196020
vn -0.0980129 -0.6874347 0.7196020
vn -0.0980129 -0.6874347 0.7196020
vn -0.0825865 -0.6968580 0.7124383
vn -0.0825865 -0.6968580 0.7124383
vn -0.0825865 -0.6968580 0.7124383
vn -0.0825865 -0.6968580 0.7124383
vn -0.0657470 -0.7045978 0.7065545
vn -0.0657470 -0.7045978 0.7065545
vn -0.0657470 -0.7045978 0.7065545
vn -0.0657470 -0.7045978 0.7065545
vn -0.0477825 -0.7105215 0.7020513
vn -0.0477825 -0.7105215 0.7020513
vn -0.0477825 -0.7105215 0.7020513
vn -0.0477825 -0.7105215 0.7020513
vn -0.0290005 -0.7145279 0.6990056
vn -0.0290005 -0.7145279 0.6990056
vn -0.0290005 -0.7145279 0.6990056
vn -0.0290005 -0.7145279 0.6990056
vn -0.0097223 -0.7165484 0.6974696
vn -0.0097223 -0.7165484 0.6974696
vn -0.0097223 -0.7165484 0.6974696
vn -0.0097223 -0.7165484 0.6974696
vn 0.0097223 -0.7165484 0.6974696
vn 0.0097223 -0.7165484 0.6974696
vn 0.0097223 -0.7165484 0.6974696
vn 0.0097223 -0.7165484 0.6974696
vn 0.0290005 -0.7145279 0.6990056
vn 0.0290005 -0.7145279 0.6990056
vn 0.0290005 -0.7145279 0.6990056
vn 0.0290005 -0.7145279 0.6990056
vn 0.0477825 -0.7105215 0.7020513
vn 0.0477825 -0.7105215 0.7020513
vn 0.0477825 -0.7105215 0.7020513
vn 0.0477825 -0.7105215 0.7020513
vn 0.0657470 -0.7045978 0.7065545
vn 0.0657470 -0.7045978 0.7065545
vn 0.0657470 -0.7045978 0.7065545
vn 0.0657470 -0.7045978 0.7065545
vn 0.0825865 -0.6968580 0.7124383
vn 0.0825865 -0.6968580 0.7124383
vn 0.0825865 -0.6968580 0.7124383
vn 0.0825865 -0.6968580 0.7124383
vn 0.0980129 -0.6874347 0.7196020
vn 0.0980129 -0.6874347 0.7196020
vn 0.0980129 -0.6874347 0.7196020
vn 0.0980129 -0.6874347 0.7196020
vn 0.1117623 -0.6764890 0.7279229
vn 0.1117623 -0.6764890 0.7279229
vn 0.1117623 -0.6764890 0.7279229
vn 0.1117623 -0.6764890 0.7279229
vn 0.1235994 -0.6642083 0.7372588
vn 0.1235994 -0.6642083 0.7372588
vn 0.1235994 -0.6642083 0.7372588
vn 0.1235994 -0.6642083 0.7372588
vn 0.1333217 -0.6508027 0.7474498
vn 0.1333217 -0.6508027 0.7474498
vn 0.1333217 -0.6508027 0.7474498
vn 0.1333217 -0.6508027 0.7474498
vn 0.1407628 -0.6365014 0.7583217
vn 0.1407628 -0.6365014 0.7583217
vn 0.1407628 -0.6365014 0.7583217
vn 0.1407628 -0.6365014 0.7583217
vn 0.1457954 -0.6215494 0.7696883
vn 0.1457954 -0.6215494 0.7696883
vn 0.1457954 -0.6215494 0.7696883
vn 0.1457954 -0.6215494 0.7696883
vn 0.1483334 -0.6062023 0.7813552
vn 0.1483334 -0.6062023 0.7813552
vn 0.1483334 -0.6062023 0.7813552
vn 0.1483334 -0.6062023 0.7813552
vn 0.7165484 0.0097223 -0.6974696
vn 0.7165484 0.0097223 -0.6974696
vn 0.7165484 0.0097223 -0.6974696
vn 0.7165484 0.0097223 -0.6974696
vn 0.7145279 0.0290005 -0.6990056
vn 0.7145279 0.0290005 -0.6990056
vn 0.7145279 0.0290005 -0.6990056
vn 0.7145279 0.0290005 -0.6990056
vn 0.7105215 0.0477825 -0.7020513
vn 0.7105215 0.0477825 -0.7020513
vn 0.7105215 0.0477825 -0.7020513
vn 0.7105215 0.0477825 -0.7020513
vn 0.7045978 0.0657470 -0.7065545
vn 0.7045978 0.0657470 -0.7065545
vn 0.7045978 0.0657470 -0.7065545
vn 0.7045978 0.0657470 -0.7065545
vn 0.6968580 0.0825865 -0.7124383
vn 0.6968580 0.0825865 -0.7124383
vn 0.6968580 0.0825865 -0.7124383
vn 0.6968580 0.0825865 -0.7124383
vn 0.6874347 0.0980129 -0.7196020
vn 0.6874347 0.0980129 -0.7196020
vn 0.6874347 0.0980129 -0.7196020
vn 0.6874347 0.0980129 -0.7196020
vn 0.6764890 0.1117623 -0.7279229
vn 0.6764890 0.1117623 -0.7279229
vn 0.6764890 0.1117623 -0.7279229
vn 0.6764890 0.1117623 -0.7279229
vn 0.6642083 0.1235994 -0.7372588
vn 0.6642083 0.1235994 -0.7372588
vn 0.6642083 0.1235994 -0.7372588
vn 0.6642083 0.1235994 -0.7372588
vn 0.6508027 0.1333217 -0.7474498
vn 0.6508027 0.1333217 -0.7474498
vn 0.6508027 0.1333217 -0.7474498
vn 0.6508027 0.1333217 -0.7474498
vn 0.6365014 0.1407628 -0.7583217
vn 0.6365014 0.1407628 -0.7583217
vn 0.6365014 0.1407628 -0.7583217
vn 0.6365014 0.1407628 -0.7583217
vn 0.6215494 0.1457954 -0.7696883
vn 0.6215494 0.1457954 -0.7696883
vn 0.6215494 0.1457954 -0.7696883
vn 0.6215494 0.1457954 -0.7696883
vn 0.6062023 0.1483334 -0.7813552
vn 0.6062023 0.1483334 -0.7813552
vn 0.6062023 0.1483334 -0.7813552
vn 0.6062023 0.1483334 -0.7813552
vn 0.5907228 0.1483334 -0.7931228
vn 0.5907228 0.1483334 -0.7931228
vn 0.5907228 0.1483334 -0.7931228
vn 0.5907228 0.1483334 -0.7931228
vn 0.5753757 0.1457954 -0.8047897
vn 0.5753757 0.1457954 -0.8047897
vn 0.5753757 0.1457954 -0.8047897
vn 0.5753757 0.1457954 -0.8047897
vn 0.5604237 0.1407628 -0.8161563
vn 0.5604237 0.1407628 -0.8161563
vn 0.5604237 0.1407628 -0.8161563
vn 0.5604237 0.1407628 -0.8161563
vn 0.5461225 0.1333217 -0.8270282
vn 0.5461225 0.1333217 -0.8270282
vn 0.5461225 0.1333217 -0.8270282
vn 0.5461225 0.1333217 -0.8270282
vn 0.5327168 0.1235994 -0.8372192
vn 0.5327168 0.1235994 -0.8372192
vn 0.5327168 0.1235994 -0.8372192
vn 0.5327168 0.1235994 -0.8372192
vn 0.5204361 0.1117623 -0.8465551
vn 0.5204361 0.1117623 -0.8465551
vn 0.5204361 0.1117623 -0.8465551
vn 0.5204361 0.1117623 -0.8465551
vn 0.5094904 0.0980129 -0.8548760
vn 0.5094904 0.0980129 -0.8548760
vn 0.5094904 0.0980129 -0.8548760
vn 0.5094904 0.0980129 -0.8548760
vn 0.5000671 0.0825865 -0.8620397
vn 0.5000671 0.0825865 -0.8620397
vn 0.5000671 0.0825865 -0.8620397
vn 0.5000671 0.0825865 -0.8620397
vn 0.4923273 0.0657470 -0.8679235
vn 0.4923273 0.0657470 -0.8679235
vn 0.4923273 0.0657470 -0.8679235
vn 0.4923273 0.0657470 -0.8679235
vn 0.4864036 0.0477825 -0.8724267
vn 0.4864036 0.0477825 -0.8724267
vn 0.4864036 0.0477825 -0.8724267
vn 0.4864036 0.0477825 -0.8724267
vn 0.4823972 0.0290005 -0.8754724
vn 0.4823972 0.0290005 -0.8754724
vn 0.4823972 0.0290005 -0.8754724
vn 0.4823972 0.0290005 -0.8754724
vn 0.4803767 0.0097223 -0.8770084
vn 0.4803767 0.0097223 -0.8770084
vn 0.4803767 0.0097223 -0.8770084
vn 0.4803767 0.0097223 -0.8770084
vn 0.4803767 -0.0097223 -0.8770084
vn 0.4803767 -0.0097223 -0.8770084
vn 0.4803767 -0.0097223 -0.8770084
vn 0.4803767 -0.0097223 -0.8770084
vn 0.4823972 -0.0290005 -0.8754724
vn 0.4823972 -0.0290005 -0.8754724
vn 0.4823972 -0.0290005 -0.8754724
vn 0.4823972 -0.0290005 -0.8754724
vn 0.4864036 -0.0477825 -0.8724267
vn 0.4864036 -0.0477825 -0.8724267
vn 0.4864036 -0.0477825 -0.8724267
vn 0.4864036 -0.0477825 -0.8724267
vn 0.4923273 -0.0657470 -0.8679235
vn 0.4923273 -0.0657470 -0.8679235
vn 0.4923273 -0.0657470 -0.8679235
vn 0.4923273 -0.0657470 -0.8679235
vn 0.5000671 -0.0825865 -0.8620397
vn 0.5000671 -0.0825865 -0.8620397
vn 0.5000671 -0.0825865 -0.8620397
vn 0.5000671 -0.0825865 -0.8620397
vn 0.5094904 -0.0980129 -0.8548760
vn 0.5094904 -0.0980129 -0.8548760
vn 0.5094904 -0.0980129 -0.8548760
vn 0.5094904 -0.0980129 -0.8548760
vn 0.5204361 -0.1117623 -0.8465551
vn 0.5204361 -0.1117623 -0.8465551
vn 0.5204361 -0.1117623 -0.8465551
vn 0.5204361 -0.1117623 -0.8465551
vn 0.5327168 -0.1235994 -0.8372192
vn 0.5327168 -0.1235994 -0.8372192
vn 0.5327168 -0.1235994 -0.8372192
vn 0.5327168 -0.1235994 -0.8372192
vn 0.5461225 -0.1333217 -0.8270282
vn 0.5461225 -0.1333217 -0.8270282
vn 0.5461225 -0.1333217 -0.8270282
vn 0.5461225 -0.1333217 -0.8270282
vn 0.5604237 -0.1407628 -0.8161563
vn 0.5604237 -0.1407628 -0.8161563
vn 0.5604237 -0.1407628 -0.8161563
vn 0.5604237 -0.1407628 -0.8161563
vn 0.5753757 -0.1457954 -0.8047897
vn 0.5753757 -0.1457954 -0.8047897
vn 0.5753757 -0.1457954 -0.8047897
vn 0.5753757 -0.1457954 -0.8047897
vn 0.5907228 -0.1483334 -0.7931228
vn 0.5907228 -0.1483334 -0.7931228
vn 0.5907228 -0.1483334 -0.7931228
vn 0.5907228 -0.1483334 -0.7931228
vn 0.6062023 -0.1483334 -0.7813552
vn 0.6062023 -0.1483334 -0.7813552
vn 0.6062023 -0.1483334 -0.7813552
vn 0.6062023 -0.1483334 -0.7813552
vn 0.6215494 -0.1457954 -0.7696883
vn 0.6215494 -0.1457954 -0.7696883
vn 0.6215494 -0.1457954 -0.7696883
vn 0.6215494 -0.1457954 -0.7696883
vn 0.6365014 -0.1407628 -0.7583217
vn 0.6365014 -0.1407628 -0.7583217
vn 0.6365014 -0.1407628 -0.7583217
vn 0.6365014 -0.1407628 -0.7583217
vn 0.6508027 -0.1333217 -0.7474498
vn 0.6508027 -0.1333217 -0.7474498
vn 0.6508027 -0.1333217 -0.7474498
vn 0.6508027 -0.1333217 -0.7474498
vn 0.6642083 -0.1235994 -0.7372588
vn 0.6642083 -0.1235994 -0.7372588
vn 0.6642083 -0.1235994 -0.7372588
vn 0.6642083 -0.1235994 -0.7372588
vn 0.6764890 -0.1117623 -0.7279229
vn 0.6764890 -0.1117623 -0.7279229
vn 0.6764890 -0.1117623 -0.7279229
vn 0.6764890 -0.1117623 -0.7279229
vn 0.6874347 -0.0980129 -0.7196020
vn 0.6874347 -0.0980129 -0.7196020
vn 0.6874347 -0.0980129 -0.7196020
vn 0.6874347 -0.0980129 -0.7196020
vn 0.6968580 -0.0825865 -0.7124383
vn 0.6968580 -0.0825865 -0.7124383
vn 0.6968580 -0.0825865 -0.7124383
vn 0.6968580 -0.0825865 -0.7124383
vn 0.7045978 -0.0657470 -0.7065545
vn 0.7045978 -0.0657470 -0.7065545
vn 0.7045978 -0.0657470 -0.7065545
vn 0.7045978 -0.0657470 -0.7065545
vn 0.7105215 -0.0477825 -0.7020513
vn 0.7105215 -0.0477825 -0.7020513
vn 0.7105215 -0.0477825 -0.7020513
vn 0.7105215 -0.0477825 -0.7020513
vn 0.7145279 -0.0290005 -0.6990056
vn 0.7145279 -0.0290005 -0.6990056
vn 0.7145279 -0.0290005 -0.6990056
vn 0.7145279 -0.0290005 -0.6990056
vn 0.7165484 -0.0097223 -0.6974696
vn 0.7165484 -0.0097223 -0.6974696
vn 0.7165484 -0.0097223 -0.6974696
vn 0.7165484 -0.0097223 -0.6974696
vn 0.7943793 0.0654031 0.6038907
vn 0.7943793 0.0654031 0.6038907
vn 0.7943793 0.0654031 0.6038907
vn 0.7943793 0.0654031 0.6038907
vn 0.7807873 0.1950903 0.5935579
vn 0.7807873 0.1950903 0.5935579
vn 0.7807873 0.1950903 0.5935579
vn 0.7807873 0.1950903 0.5935579
vn 0.7538357 0.3214395 0.5730692
vn 0.7538357 0.3214395 0.5730692
vn 0.7538357 0.3214395 0.5730692
vn 0.7538357 0.3214395 0.5730692
vn 0.7139859 0.4422887 0.5427752
vn 0.7139859 0.4422887 0.5427752
vn 0.7139859 0.4422887 0.5427752
vn 0.7139859 0.4422887 0.5427752
vn 0.6619195 0.5555702 0.5031941
vn 0.6619195 0.5555702 0.5031941
vn 0.6619195 0.5555702 0.5031941
vn 0.6619195 0.5555702 0.5031941
vn 0.5985275 0.6593458 0.4550032
vn 0.5985275 0.6593458 0.4550032
vn 0.5985275 0.6593458 0.4550032
vn 0.5985275 0.6593458 0.4550032
vn 0.5248945 0.7518398 0.3990271
vn 0.5248945 0.7518398 0.3990271
vn 0.5248945 0.7518398 0.3990271
vn 0.5248945 0.7518398 0.3990271
vn 0.4422805 0.8314696 0.3362236
vn 0.4422805 0.8314696 0.3362236
vn 0.4422805 0.8314696 0.3362236
vn 0.4422805 0.8314696 0.3362236
vn 0.3520989 0.8968727 0.2676671
vn 0.3520989 0.8968727 0.2676671
vn 0.3520989 0.8968727 0.2676671
vn 0.3520989 0.8968727 0.2676671
vn 0.2558928 0.9469301 0.1945308
vn 0.2558928 0.9469301 0.1945308
vn 0.2558928 0.9469301 0.1945308
vn 0.2558928 0.9469301 0.1945308
vn 0.1553082 0.9807853 0.1180660
vn 0.1553082 0.9807853 0.1180660
vn 0.1553082 0.9807853 0.1180660
vn 0.1553082 0.9807853 0.1180660
vn 0.0520664 0.9978589 0.0395811
vn 0.0520664 0.9978589 0.0395811
vn 0.0520664 0.9978589 0.0395811
vn 0.0520664 0.9978589 0.0395811
vn -0.0520664 0.9978589 -0.0395811
vn -0.0520664 0.9978589 -0.0395811
vn -0.0520664 0.9978589 -0.0395811
vn -0.0520664 0.9978589 -0.0395811
vn -0.1553082 0.9807853 -0.1180660
vn -0.1553082 0.9807853 -0.1180660
vn -0.1553082 0.9807853 -0.1180660
vn -0.1553082 0.9807853 -0.1180660
vn -0.2558928 0.9469301 -0.1945308
vn -0.2558928 0.9469301 -0.1945308
vn -0.2558928 0.9469301 -0.1945308
vn -0.2558928 0.9469301 -0.1945308
vn -0.3520989 0.8968727 -0.2676671
vn -0.3520989 0.8968727 -0.2676671
vn -0.3520989 0.8968727 -0.2676671
vn -0.3520989 0.8968727 -0.2676671
vn -0.4422805 0.8314696 -0.3362236
vn -0.4422805 0.8314696 -0.3362236
vn -0.4422805 0.8314696 -0.3362236
vn -0.4422805 0.8314696 -0.3362236
vn -0.5248945 0.7518398 -0.3990271
vn -0.5248945 0.7518398 -0.3990271
vn -0.5248945 0.7518398 -0.3990271
vn -0.5248945 0.7518398 -0.3990271
vn -0.5985275 0.6593458 -0.4550032
vn -0.5985275 0.6593458 -0.4550032
vn -0.5985275 0.6593458 -0.4550032
vn -0.5985275 0.6593458 -0.4550032
vn -0.6619195 0.5555702 -0.5031941
vn -0.6619195 0.5555702 -0.5031941
vn -0.6619195 0.5555702 -0.5031941
vn -0.6619195 0.5555702 -0.5031941
vn -0.7139859 0.4422887 -0.5427752
vn -0.7139859 0.4422887 -0.5427752
vn -0.7139859 0.4422887 -0.5427752
vn -0.7139859 0.4422887 -0.5427752
vn -0.7538357 0.3214395 -0.5730692
vn -0.7538357 0.3214395 -0.5730692
vn -0.7538357 0.3214395 -0.5730692
vn -0.7538357 0.3214395 -0.5730692
vn -0.7807873 0.1950903 -0.5935579
vn -0.7807873 0.1950903 -0.5935579
vn -0.7807873 0.1950903 -0.5935579
vn -0.7807873 0.1950903 -0.5935579
vn -0.7943793 0.0654031 -0.6038907
vn -0.7943793 0.0654031 -0.6038907
vn -0.7943793 0.0654031 -0.6038907
vn -0.7943793 0.0654031 -0.6038907
vn -0.7943793 -0.0654031 -0.6038907
vn -0.7943793 -0.0654031 -0.6038907
vn -0.7943793 -0.0654031 -0.6038907
vn -0.7943793 -0.0654031 -0.6038907
vn -0.7807873 -0.1950903 -0.5935579
vn -0.7807873 -0.1950903 -0.5935579
vn -0.7807873 -0.1950903 -0.5935579
vn -0.7807873 -0.1950903 -0.5935579
vn -0.7538357 -0.3214395 -0.5730692
vn -0.7538357 -0.3214395 -0.5730692
vn -0.7538357 -0.3214395 -0.5730692
vn -0.7538357 -0.3214395 -0.5730692
vn -0.7139859 -0.4422887 -0.5427752
vn -0.7139859 -0.4422887 -0.5427752
vn -0.7139859 -0.4422887 -0.5427752
vn -0.7139859 -0.4422887 -0.5427752
vn -0.6619195 -0.5555702 -0.5031941
vn -0.6619195 -0.5555702 -0.5031941
vn -0.6619195 -0.5555702 -0.5031941
vn -0.6619195 -0.5555702 -0.5031941
vn -0.5985275 -0.6593458 -0.4550032
vn -0.5985275 -0.6593458 -0.4550032
vn -0.5985275 -0.6593458 -0.4550032
vn -0.5985275 -0.6593458 -0.4550032
vn -0.5248945 -0.7518398 -0.3990271
vn -0.5248945 -0.7518398 -0.3990271
vn -0.5248945 -0.7518398 -0.3990271
vn -0.5248945 -0.7518398 -0.3990271
vn -0.4422805 -0.8314696 -0.3362236
vn -0.4422805 -0.8314696 -0.3362236
vn -0.4422805 -0.8314696 -0.3362236
vn -0.4422805 -0.8314696 -0.3362236
vn -0.3520989 -0.8968727 -0.2676671
vn -0.3520989 -0.8968727 -0.2676671
vn -0.3520989 -0.8968727 -0.2676671
vn -0.3520989 -0.8968727 -0.2676671
vn -0.2558928 -0.9469301 -0.1945308
vn -0.2558928 -0.9469301 -0.1945308
vn -0.2558928 -0.9469301 -0.1945308
vn -0.2558928 -0.9469301 -0.1945308
vn -0.1553082 -0.9807853 -0.1180660
vn -0.1553082 -0.9807853 -0.1180660
vn -0.1553082 -0.9807853 -0.1180660
vn -0.1553082 -0.9807853 -0.1180660
vn -0.0520664 -0.9978589 -0.0395811
vn -0.0520664 -0.9978589 -0.0395811
vn -0.0520664 -0.9978589 -0.0395811
vn -0.0520664 -0.9978589 -0.0395811
vn 0.0520664 -0.9978589 0.0395811
vn 0.0520664 -0.9978589 0.0395811
vn 0.0520664 -0.9978589 0.0395811
vn 0.0520664 -0.9978589 0.0395811
vn 0.1553082 -0.9807853 0.1180660
vn 0.1553082 -0.9807853 0.1180660
vn 0.1553082 -0.9807853 0.1180660
vn 0.1553082 -0.9807853 0.1180660
vn 0.2558928 -0.9469301 0.1945308
vn 0.2558928 -0.9469301 0.1945308
vn 0.2558928 -0.9469301 0.1945308
vn 0.2558928 -0.9469301 0.1945308
vn 0.3520989 -0.8968727 0.2676671
vn 0.3520989 -0.8968727 0.2676671
vn 0.3520989 -0.8968727 0.2676671
vn 0.3520989 -0.8968727 0.2676671
vn 0.4422805 -0.8314696 0.3362236
vn 0.4422805 -0.8314696 0.3362236
vn 0.4422805 -0.8314696 0.3362236
vn 0.4422805 -0.8314696 0.3362236
vn 0.5248945 -0.7518398 0.3990271
vn 0.5248945 -0.7518398 0.3990271
vn 0.5248945 -0.7518398 0.3990271
vn 0.5248945 -0.7518398 0.3990271
vn 0.5985275 -0.6593458 0.4550032
vn 0.5985275 -0.6593458 0.4550032
vn 0.5985275 -0.6593458 0.4550032
vn 0.5985275 -0.6593458 0.4550032
vn 0.6619195 -0.5555702 0.5031941
vn 0.6619195 -0.5555702 0.5031941
vn 0.6619195 -0.5555702 0.5031941
vn 0.6619195 -0.5555702 0.5031941
vn 0.7139859 -0.4422887 0.5427752
vn 0.7139859 -0.4422887 0.5427752
vn 0.7139859 -0.4422887 0.5427752
vn 0.7139859 -0.4422887 0.5427752
vn 0.7538357 -0.3214395 0.5730692
vn 0.7538357 -0.3214395 0.5730692
vn 0.7538357 -0.3214395 0.5730692
vn 0.7538357 -0.3214395 0.5730692
vn 0.7807873 -0.1950903 0.5935579
vn 0.7807873 -0.1950903 0.5935579
vn 0.7807873 -0.1950903 0.5935579
vn 0.7807873 -0.1950903 0.5935579
vn 0.7943793 -0.0654031 0.6038907
vn 0.7943793 -0.0654031 0.6038907
vn 0.7943793 -0.0654031 0.6038907
vn 0.7943793 -0.0654031 0.6038907
vn -0.4803767 0.0097223 0.8770084
vn -0.4803767 0.0097223 0.8770084
vn -0.4803767 0.0097223 0.8770084
vn -0.4803767 0.0097223 0.8770084
vn -0.4823972 0.0290005 0.8754724
vn -0.4823972 0.0290005 0.8754724
vn -0.4823972 0.0290005 0.8754724
vn -0.4823972 0.0290005 0.8754724
vn -0.4864036 0.0477825 0.8724267
vn -0.4864036 0.0477825 0.8724267
vn -0.4864036 0.0477825 0.8724267
vn -0.4864036 0.0477825 0.8724267
vn -0.4923273 0.0657470 0.8679235
vn -0.4923273 0.0657470 0.8679235
vn -0.4923273 0.0657470 0.8679235
vn -0.4923273 0.0657470 0.8679235
vn -0.5000671 0.0825865 0.8620397
vn -0.5000671 0.0825865 0.8620397
vn -0.5000671 0.0825865 0.8620397
vn -0.5000671 0.0825865 0.8620397
vn -0.5094904 0.0980129 0.8548760
vn -0.5094904 0.0980129 0.8548760
vn -0.5094904 0.0980129 0.8548760
vn -0.5094904 0.0980129 0.8548760
vn -0.5204361 0.1117623 0.8465551
vn -0.5204361 0.1117623 0.8465551
vn -0.5204361 0.1117623 0.8465551
vn -0.5204361 0.1117623 0.8465551
vn -0.5327168 0.1235994 0.8372192
vn -0.5327168 0.1235994 0.8372192
vn -0.5327168 0.1235994 0.8372192
vn -0.5327168 0.1235994 0.8372192
vn -0.5461225 0.1333217 0.8270282
vn -0.5461225 0.1333217 0.8270282
vn -0.5461225 0.1333217 0.8270282
vn -0.5461225 0.1333217 0.8270282
vn -0.5604237 0.1407628 0.8161563
vn -0.5604237 0.1407628 0.8161563
vn -0.5604237 0.1407628 0.8161563
vn -0.5604237 0.1407628 0.8161563
vn -0.5753757 0.1457954 0.8047897
vn -0.5753757 0.1457954 0.8047897
vn -0.5753757 0.1457954 0.8047897
vn -0.5753757 0.1457954 0.8047897
vn -0.5907228 0.1483334 0.7931228
vn -0.5907228 0.1483334 0.7931228
vn -0.5907228 0.1483334 0.7931228
vn -0.5907228 0.1483334 0.7931228
vn -0.6062023 0.1483334 0.7813552
vn -0.6062023 0.1483334 0.7813552
vn -0.6062023 0.1483334 0.7813552
vn -0.6062023 0.1483334 0.7813552
vn -0.6215494 0.1457954 0.7696883
vn -0.6215494 0.1457954 0.7696883
vn -0.6215494 0.1457954 0.7696883
vn -0.6215494 0.1457954 0.7696883
vn -0.6365014 0.1407628 0.7583217
vn -0.6365014 0.1407628 0.7583217
vn -0.6365014 0.1407628 0.7583217
vn -0.6365014 0.1407628 0.7583217
vn -0.6508027 0.1333217 0.7474498
vn -0.6508027 0.1333217 0.7474498
vn -0.6508027 0.1333217 0.7474498
vn -0.6508027 0.1333217 0.7474498
vn -0.6642083 0.1235994 0.7372588
vn -0.6642083 0.1235994 0.7372588
vn -0.6642083 0.1235994 0.7372588
vn -0.6642083 0.1235994 0.7372588
vn -0.6764890 0.1117623 0.7279229
vn -0.6764890 0.1117623 0.7279229
vn -0.6764890 0.1117623 0.7279229
vn -0.6764890 0.1117623 0.7279229
vn -0.6874347 0.0980129 0.7196020
vn -0.6874347 0.0980129 0.7196020
vn -0.6874347 0.0980129 0.7196020
vn -0.6874347 0.0980129 0.7196020
vn -0.6968580 0.0825865 0.7124383
vn -0.6968580 0.0825865 0.7124383
vn -0.6968580 0.0825865 0.7124383
vn -0.6968580 0.0825865 0.7124383
vn -0.7045978 0.0657470 0.7065545
vn -0.7045978 0.0657470 0.7065545
vn -0.7045978 0.0657470 0.7065545
vn -0.7045978 0.0657470 0.7065545
vn -0.7105215 0.0477825 0.7020513
vn -0.7105215 0.0477825 0.7020513
vn -0.7105215 0.0477825 0.7020513
vn -0.7105215 0.0477825 0.7020513
vn -0.7145279 0.0290005 0.6990056
vn -0.7145279 0.0290005 0.6990056
vn -0.7145279 0.0290005 0.6990056
vn -0.7145279 0.0290005 0.6990056
vn -0.7165484 0.0097223 0.6974696
vn -0.7165484 0.0097223 0.6974696
vn -0.7165484 0.0097223 0.6974696
vn -0.7165484 0.0097223 0.6974696
vn -0.7165484 -0.0097223 0.6974696
vn -0.7165484 -0.0097223 0.6974696
vn -0.7165484 -0.0097223 0.6974696
vn -0.7165484 -0.0097223 0.6974696
vn -0.7145279 -0.0290005 0.6990056
vn -0.7145279 -0.0290005 0.6990056
vn -0.7145279 -0.0290005 0.6990056
vn -0.7145279 -0.0290005 0.6990056
vn -0.7105215 -0.0477825 0.7020513
vn -0.7105215 -0.0477825 0.7020513
vn -0.7105215 -0.0477825 0.7020513
vn -0.7105215 -0.0477825 0.7020513
vn -0.7045978 -0.0657470 0.7065545
vn -0.7045978 -0.0657470 0.7065545
vn -0.7045978 -0.0657470 0.7065545
vn -0.7045978 -0.0657470 0.7065545
vn -0.6968580 -0.0825865 0.7124383
vn -0.6968580 -0.0825865 0.7124383
vn -0.6968580 -0.0825865 0.7124383
vn -0.6968580 -0.0825865 0.7124383
vn -0.6874347 -0.0980129 0.7196020
vn -0.6874347 -0.0980129 0.7196020
vn -0.6874347 -0.0980129 0.7196020
vn -0.6874347 -0.0980129 0.7196020
vn -0.6764890 -0.1117623 0.7279229
vn -0.6764890 -0.1117623 0.7279229
vn -0.6764890 -0.1117623 0.7279229
vn -0.6764890 -0.1117623 0.7279229
vn -0.6642083 -0.1235994 0.7372588
vn -0.6642083 -0.1235994 0.7372588
vn -0.6642083 -0.1235994 0.7372588
vn -0.6642083 -0.1235994 0.7372588
vn -0.6508027 -0.1333217 0.7474498
vn -0.6508027 -0.1333217 0.7474498
vn -0.6508027 -0.1333217 0.7474498
vn -0.6508027 -0.1333217 0.7474498
vn -0.6365014 -0.1407628 0.7583217
vn -0.6365014 -0.1407628 0.7583217
vn -0.6365014 -0.1407628 0.7583217
vn -0.6365014 -0.1407628 0.7583217
vn -0.6215494 -0.1457954 0.7696883
vn -0.6215494 -0.1457954 0.7696883
vn -0.6215494 -0.1457954 0.7696883
vn -0.6215494 -0.1457954 0.7696883
vn -0.6062023 -0.1483334 0.7813552
vn -0.6062023 -0.1483334 0.7813552
vn -0.6062023 -0.1483334 0.7813552
vn -0.6062023 -0.1483334 0.7813552
vn -0.5907228 -0.1483334 0.7931228
vn -0.5907228 -0.1483334 0.7931228
vn -0.5907228 -0.1483334 0.7931228
vn -0.5907228 -0.1483334 0.7931228
vn -0.5753757 -0.1457954 0.8047897
vn -0.5753757 -0.1457954 0.8047897
vn -0.5753757 -0.1457954 0.8047897
vn -0.5753757 -0.1457954 0.8047897
vn -0.5604237 -0.1407628 0.8161563
vn -0.5604237 -0.1407628 0.8161563
vn -0.5604237 -0.1407628 0.8161563
vn -0.5604237 -0.1407628 0.8161563
vn -0.5461225 -0.1333217 0.8270282
vn -0.5461225 -0.1333217 0.8270282
vn -0.5461225 -0.1333217 0.8270282
vn -0.5461225 -0.1333217 0.8270282
vn -0.5327168 -0.1235994 0.8372192
vn -0.5327168 -0.1235994 0.8372192
vn -0.5327168 -0.1235994 0.8372192
vn -0.5327168 -0.1235994 0.8372192
vn -0.5204361 -0.1117623 0.8465551
vn -0.5204361 -0.1117623 0.8465551
vn -0.5204361 -0.1117623 0.8465551
vn -0.5204361 -0.1117623 0.8465551
vn -0.5094904 -0.0980129 0.8548760
vn -0.5094904 -0.0980129 0.8548760
vn -0.5094904 -0.0980129 0.8548760
vn -0.5094904 -0.0980129 0.8548760
vn -0.5000671 -0.0825865 0.8620397
vn -0.5000671 -0.0825865 0.8620397
vn -0.5000671 -0.0825865 0.8620397
vn -0.5000671 -0.0825865 0.8620397
vn -0.4923273 -0.0657470 0.8679235
vn -0.4923273 -0.0657470 0.8679235
vn -0.4923273 -0.0657470 0.8679235
vn -0.4923273 -0.0657470 0.8679235
vn -0.4864036 -0.0477825 0.8724267
vn -0.4864036 -0.0477825 0.8724267
vn -0.4864036 -0.0477825 0.8724267
vn -0.4864036 -0.0477825 0.8724267
vn -0.4823972 -0.0290005 0.8754724
vn -0.4823972 -0.0290005 0.8754724
vn -0.4823972 -0.0290005 0.8754724
vn -0.4823972 -0.0290005 0.8754724
vn -0.4803767 -0.0097223 0.8770084
vn -0.4803767 -0.0097223 0.8770084
vn -0.4803767 -0.0097223 0.8770084
vn -0.4803767 -0.0097223 0.8770084
vn 0.4846534 0.0638058 -0.8723760
vn 0.4846534 0.0638058 -0.8723760
vn 0.4846534 0.0638058 -0.8723760
vn 0.4846534 0.0638058 -0.8723760
vn 0.4516250 0.1870692 -0.8723760
vn 0.4516250 0.1870692 -0.8723760
vn 0.4516250 0.1870692 -0.8723760
vn 0.4516250 0.1870692 -0.8723760
vn 0.3878192 0.2975841 -0.8723760
vn 0.3878192 0.2975841 -0.8723760
vn 0.3878192 0.2975841 -0.8723760
vn 0.3878192 0.2975841 -0.8723760
vn 0.2975841 0.3878192 -0.8723760
vn 0.2975841 0.3878192 -0.8723760
vn 0.2975841 0.3878192 -0.8723760
vn 0.2975841 0.3878192 -0.8723760
vn 0.1870692 0.4516250 -0.8723760
vn 0.1870692 0.4516250 -0.8723760
vn 0.1870692 0.4516250 -0.8723760
vn 0.1870692 0.4516250 -0.8723760
vn 0.0638058 0.4846534 -0.8723760
vn 0.0638058 0.4846534 -0.8723760
vn 0.0638058 0.4846534 -0.8723760
vn 0.0638058 0.4846534 -0.8723760
vn -0.0638058 0.4846534 -0.8723760
vn -0.0638058 0.4846534 -0.8723760
vn -0.0638058 0.4846534 -0.8723760
vn -0.0638058 0.4846534 -0.8723760
vn -0.1870692 0.4516250 -0.8723760
vn -0.1870692 0.4516250 -0.8723760
vn -0.1870692 0.4516250 -0.8723760
vn -0.1870692 0.4516250 -0.8723760
vn -0.2975841 0.3878192 -0.8723760
vn -0.2975841 0.3878192 -0.8723760
vn -0.2975841 0.3878192 -0.8723760
vn -0.2975841 0.3878192 -0.8723760
vn -0.3878192 0.2975841 -0.8723760
vn -0.3878192 0.2975841 -0.8723760
vn -0.3878192 0.2975841 -0.8723760
vn -0.3878192 0.2975841 -0.8723760
vn -0.4516250 0.1870692 -0.8723760
vn -0.4516250 0.1870692 -0.8723760
vn -0.4516250 0.1870692 -0.8723760
vn -0.4516250 0.1870692 -0.8723760
vn -0.4846534 0.0638058 -0.8723760
vn -0.4846534 0.0638058 -0.8723760
vn -0.4846534 0.0638058 -0.8723760
vn -0.4846534 0.0638058 -0.8723760
vn -0.4846534 -0.0638058 -0.8723760
vn -0.4846534 -0.0638058 -0.8723760
vn -0.4846534 -0.0638058 -0.8723760
vn -0.4846534 -0.0638058 -0.8723760
vn -0.4516250 -0.1870692 -0.8723760
vn -0.4516250 -0.1870692 -0.8723760
vn -0.4516250 -0.1870692 -0.8723760
vn -0.4516250 -0.1870692 -0.8723760
vn -0.3878192 -0.2975841 -0.8723760
vn -0.3878192 -0.2975841 -0.8723760
vn -0.3878192 -0.2975841 -0.8723760
vn -0.3878192 -0.2975841 -0.8723760
vn -0.2975841 -0.3878192 -0.8723760
vn -0.2975841 -0.3878192 -0.8723760
vn -0.2975841 -0.3878192 -0.8723760
vn -0.2975841 -0.3878192 -0.8723760
vn -0.1870692 -0.4516250 -0.8723760
vn -0.1870692 -0.4516250 -0.8723760
vn -0.1870692 -0.4516250 -0.8723760
vn -0.1870692 -0.4516250 -0.8723760
vn -0.0638058 -0.4846534 -0.8723760
vn -0.0638058 -0.4846534 -0.8723760
vn -0.0638058 -0.4846534 -0.8723760
vn -0.0638058 -0.4846534 -0.8723760
vn 0.0638058 -0.4846534 -0.8723760
vn 0.0638058 -0.4846534 -0.8723760
vn 0.0638058 -0.4846534 -0.8723760
vn 0.0638058 -0.4846534 -0.8723760
vn 0.1870692 -0.4516250 -0.8723760
vn 0.1870692 -0.4516250 -0.8723760
vn 0.1870692 -0.4516250 -0.8723760
vn 0.1870692 -0.4516250 -0.8723760
vn 0.2975841 -0.3878192 -0.8723760
vn 0.2975841 -0.3878192 -0.8723760
vn 0.2975841 -0.3878192 -0.8723760
vn 0.2975841 -0.3878192 -0.8723760
vn 0.3878192 -0.2975841 -0.8723760
vn 0.3878192 -0.2975841 -0.8723760
vn 0.3878192 -0.2975841 -0.8723760
vn 0.3878192 -0.2975841 -0.8723760
vn 0.4516250 -0.1870692 -0.8723760
vn 0.4516250 -0.1870692 -0.8723760
vn 0.4516250 -0.1870692 -0.8723760
vn 0.4516250 -0.1870692 -0.8723760
vn 0.4846534 -0.0638058 -0.8723760
vn 0.4846534 -0.0638058 -0.8723760
vn 0.4846534 -0.0638058 -0.8723760
vn 0.4846534 -0.0638058 -0.8723760
vn 0.9263782 0.1219600 -0.3562993
vn 0.9263782 0.1219600 -0.3562993
vn 0.9263782 0.1219600 -0.3562993
vn 0.9263782 0.1219600 -0.3562993
vn 0.8632471 0.3575686 -0.3562993
vn 0.8632471 0.3575686 -0.3562993
vn 0.8632471 0.3575686 -0.3562993
vn 0.8632471 0.3575686 -0.3562993
vn 0.7412870 0.5688096 -0.3562993
vn 0.7412870 0.5688096 -0.3562993
vn 0.7412870 0.5688096 -0.3562993
vn 0.7412870 0.5688096 -0.3562993
vn 0.5688096 0.7412870 -0.3562993
vn 0.5688096 0.7412870 -0.3562993
vn 0.5688096 0.7412870 -0.3562993
vn 0.5688096 0.7412870 -0.3562993
vn 0.3575686 0.8632471 -0.3562993
vn 0.3575686 0.8632471 -0.3562993
vn 0.3575686 0.8632471 -0.3562993
vn 0.3575686 0.8632471 -0.3562993
vn 0.1219600 0.9263782 -0.3562993
vn 0.1219600 0.9263782 -0.3562993
vn 0.1219600 0.9263782 -0.3562993
vn 0.1219600 0.9263782 -0.3562993
vn -0.1219600 0.9263782 -0.3562993
vn -0.1219600 0.9263782 -0.3562993
vn -0.1219600 0.9263782 -0.3562993
vn -0.1219600 0.9263782 -0.3562993
vn -0.3575686 0.8632471 -0.3562993
vn -0.3575686 0.8632471 -0.3562993
vn -0.3575686 0.8632471 -0.3562993
vn -0.3575686 0.8632471 -0.3562993
vn -0.5688096 0.7412870 -0.3562993
vn -0.5688096 0.7412870 -0.3562993
vn -0.5688096 0.7412870 -0.3562993
vn -0.5688096 0.7412870 -0.3562993
vn -0.7412870 0.5688096 -0.3562993
vn -0.7412870 0.5688096 -0.3562993
vn -0.7412870 0.5688096 -0.3562993
vn -0.7412870 0.5688096 -0.3562993
vn -0.8632471 0.3575686 -0.3562993
vn -0.8632471 0.3575686 -0.3562993
vn -0.8632471 0.3575686 -0.3562993
vn -0.8632471 0.3575686 -0.3562993
vn -0.9263782 0.1219600 -0.3562993
vn -0.9263782 0.1219600 -0.3562993
vn -0.9263782 0.1219600 -0.3562993
vn -0.9263782 0.1219600 -0.3562993
vn -0.9263782 -0.1219600 -0.3562993
vn -0.9263782 -0.1219600 -0.3562993
vn -0.9263782 -0.1219600 -0.3562993
vn -0.9263782 -0.1219600 -0.3562993
vn -0.8632471 -0.3575686 -0.3562993
vn -0.8632471 -0.3575686 -0.3562993
vn -0.8632471 -0.3575686 -0.3562993
vn -0.8632471 -0.3575686 -0.3562993
vn -0.7412870 -0.5688096 -0.3562993
vn -0.7412870 -0.5688096 -0.3562993
vn -0.7412870 -0.5688096 -0.3562993
vn -0.7412870 -0.5688096 -0.3562993
vn -0.5688096 -0.7412870 -0.3562993
vn -0.5688096 -0.7412870 -0.3562993
vn -0.5688096 -0.7412870 -0.3562993
vn -0.5688096 -0.7412870 -0.3562993
vn -0.3575686 -0.8632471 -0.3562993
vn -0.3575686 -0.8632471 -0.3562993
vn -0.3575686 -0.8632471 -0.3562993
vn -0.3575686 -0.8632471 -0.3562993
vn -0.1219600 -0.9263782 -0.3562993
vn -0.1219600 -0.9263782 -0.3562993
vn -0.1219600 -0.9263782 -0.3562993
vn -0.1219600 -0.9263782 -0.3562993
vn 0.1219600 -0.9263782 -0.3562993
vn 0.1219600 -0.9263782 -0.3562993
vn 0.1219600 -0.9263782 -0.3562993
vn 0.1219600 -0.9263782 -0.3562993
vn 0.3575686 -0.8632471 -0.3562993
vn 0.3575686 -0.8632471 -0.3562993
vn 0.3575686 -0.8632471 -0.3562993
vn 0.3575686 -0.8632471 -0.3562993
vn 0.5688096 -0.7412870 -0.3562993
vn 0.5688096 -0.7412870 -0.3562993
vn 0.5688096 -0.7412870 -0.3562993
vn 0.5688096 -0.7412870 -0.3562993
vn 0.7412870 -0.5688096 -0.3562993
vn 0.7412870 -0.5688096 -0.3562993
vn 0.7412870 -0.5688096 -0.3562993
vn 0.7412870 -0.5688096 -0.3562993
vn 0.8632471 -0.3575686 -0.3562993
vn 0.8632471 -0.3575686 -0.3562993
vn 0.8632471 -0.3575686 -0.3562993
vn 0.8632471 -0.3575686 -0.3562993
vn 0.9263782 -0.1219600 -0.3562993
vn 0.9263782 -0.1219600 -0.3562993
vn 0.9263782 -0.1219600 -0.3562993
vn 0.9263782 -0.1219600 -0.3562993
vn 0.4320305 0.0568779 0.9000636
vn 0.4320305 0.0568779 0.9000636
vn 0.4320305 0.0568779 0.9000636
vn 0.4320305 0.0568779 0.9000636
vn 0.4025884 0.1667576 0.9000636
vn 0.4025884 0.1667576 0.9000636
vn 0.4025884 0.1667576 0.9000636
vn 0.4025884 0.1667576 0.9000636
vn 0.3457105 0.2652730 0.9000636
vn 0.3457105 0.2652730 0.9000636
vn 0.3457105 0.2652730 0.9000636
vn 0.3457105 0.2652730 0.9000636
vn 0.2652730 0.3457105 0.9000636
vn 0.2652730 0.3457105 0.9000636
vn 0.2652730 0.3457105 0.9000636
vn 0.2652730 0.3457105 0.9000636
vn 0.1667576 0.4025884 0.9000636
vn 0.1667576 0.4025884 0.9000636
vn 0.1667576 0.4025884 0.9000636
vn 0.1667576 0.4025884 0.9000636
vn 0.0568779 0.4320305 0.9000636
vn 0.0568779 0.4320305 0.9000636
vn 0.0568779 0.4320305 0.9000636
vn 0.0568779 0.4320305 0.9000636
vn -0.0568779 0.4320305 0.9000636
vn -0.0568779 0.4320305 0.9000636
vn -0.0568779 0.4320305 0.9000636
vn -0.0568779 0.4320305 0.9000636
vn -0.1667576 0.4025884 0.9000636
vn -0.1667576 0.4025884 0.9000636
vn -0.1667576 0.4025884 0.9000636
vn -0.1667576 0.4025884 0.9000636
vn -0.2652730 0.3457105 0.9000636
vn -0.2652730 0.3457105 0.9000636
vn -0.2652730 0.3457105 0.9000636
vn -0.2652730 0.3457105 0.9000636
vn -0.3457105 0.2652730 0.9000636
vn -0.3457105 0.2652730 0.9000636
vn -0.3457105 0.2652730 0.9000636
vn -0.3457105 0.2652730 0.9000636
vn -0.4025884 0.1667576 0.9000636
vn -0.4025884 0.1667576 0.9000636
vn -0.4025884 0.1667576 0.9000636
vn -0.4025884 0.1667576 0.9000636
vn -0.4320305 0.0568779 0.9000636
vn -0.4320305 0.0568779 0.9000636
vn -0.4320305 0.0568779 0.9000636
vn -0.4320305 0.0568779 0.9000636
vn -0.4320305 -0.0568779 0.9000636
vn -0.4320305 -0.0568779 0.9000636
vn -0.4320305 -0.0568779 0.9000636
vn -0.4320305 -0.0568779 0.9000636
vn -0.4025884 -0.1667576 0.9000636
vn -0.4025884 -0.1667576 0.9000636
vn -0.4025884 -0.1667576 0.9000636
vn -0.4025884 -0.1667576 0.9000636
vn -0.3457105 -0.2652730 0.9000636
vn -0.3457105 -0.2652730 0.9000636
vn -0.3457105 -0.2652730 0.9000636
vn -0.3457105 -0.2652730 0.9000636
vn -0.2652730 -0.3457105 0.9000636
vn -0.2652730 -0.3457105 0.9000636
vn -0.2652730 -0.3457105 0.9000636
vn -0.2652730 -0.3457105 0.9000636
vn -0.1667576 -0.4025884 0.9000636
vn -0.1667576 -0.4025884 0.9000636
vn -0.1667576 -0.4025884 0.9000636
vn -0.1667576 -0.4025884 0.9000636
vn -0.0568779 -0.4320305 0.9000636
vn -0.0568779 -0.4320305 0.9000636
vn -0.0568779 -0.4320305 0.9000636
vn -0.0568779 -0.4320305 0.9000636
vn 0.0568779 -0.4320305 0.9000636
vn 0.0568779 -0.4320305 0.9000636
vn 0.0568779 -0.4320305 0.9000636
vn 0.0568779 -0.4320305 0.9000636
vn 0.1667576 -0.4025884 0.9000636
vn 0.1667576 -0.4025884 0.9000636
vn 0.1667576 -0.4025884 0.9000636
vn 0.1667576 -0.4025884 0.9000636
vn 0.2652730 -0.3457105 0.9000636
vn 0.2652730 -0.3457105 0.9000636
vn 0.2652730 -0.3457105 0.9000636
vn 0.2652730 -0.3457105 0.9000636
vn 0.3457105 -0.2652730 0.9000636
vn 0.3457105 -0.2652730 0.9000636
vn 0.3457105 -0.2652730 0.9000636
vn 0.3457105 -0.2652730 0.9000636
vn 0.4025884 -0.1667576 0.9000636
vn 0.4025884 -0.1667576 0.9000636
vn 0.4025884 -0.1667576 0.9000636
vn 0.4025884 -0.1667576 0.9000636
vn 0.4320305 -0.0568779 0.9000636
vn 0.4320305 -0.0568779 0.9000636
vn 0.4320305 -0.0568779 0.9000636
vn 0.4320305 -0.0568779 0.9000636
vn 0.0116271 0.0015307 -0.9999312
vn 0.0116271 0.0015307 -0.9999312
vn 0.0116271 0.0015307 -0.9999312
vn 0.0108347 0.0044879 -0.9999312
vn 0.0108347 0.0044879 -0.9999312
vn 0.0108347 0.0044879 -0.9999312
vn 0.0093040 0.0071392 -0.9999312
vn 0.0093040 0.0071392 -0.9999312
vn 0.0093040 0.0071392 -0.9999312
vn 0.0071392 0.0093040 -0.9999312
vn 0.0071392 0.0093040 -0.9999312
vn 0.0071392 0.0093040 -0.9999312
vn 0.0044879 0.0108347 -0.9999312
vn 0.0044879 0.0108347 -0.9999312
vn 0.0044879 0.0108347 -0.9999312
vn 0.0015307 0.0116271 -0.9999312
vn 0.0015307 0.0116271 -0.9999312
vn 0.0015307 0.0116271 -0.9999312
vn -0.0015307 0.0116271 -0.9999312
vn -0.0015307 0.0116271 -0.9999312
vn -0.0015307 0.0116271 -0.9999312
vn -0.0044879 0.0108347 -0.9999312
vn -0.0044879 0.0108347 -0.9999312
vn -0.0044879 0.0108347 -0.9999312
vn -0.0071392 0.0093040 -0.9999312
vn -0.0071392 0.0093040 -0.9999312
vn -0.0071392 0.0093040 -0.9999312
vn -0.0093040 0.0071392 -0.9999312
vn -0.0093040 0.0071392 -0.9999312
vn -0.0093040 0.0071392 -0.9999312
vn -0.0108347 0.0044879 -0.9999312
vn -0.0108347 0.0044879 -0.9999312
vn -0.0108347 0.0044879 -0.9999312
vn -0.0116271 0.0015307 -0.9999312
vn -0.0116271 0.0015307 -0.9999312
vn -0.0116271 0.0015307 -0.9999312
vn -0.0116271 -0.0015307 -0.9999312
vn -0.0116271 -0.0015307 -0.9999312
vn -0.0116271 -0.0015307 -0.9999312
vn -0.0108347 -0.0044879 -0.9999312
vn -0.0108347 -0.0044879 -0.9999312
vn -0.0108347 -0.0044879 -0.9999312
vn -0.0093040 -0.0071392 -0.9999312
vn -0.0093040 -0.0071392 -0.9999312
vn -0.0093040 -0.0071392 -0.9999312
vn -0.0071392 -0.0093040 -0.9999312
vn -0.0071392 -0.0093040 -0.9999312
vn -0.0071392 -0.0093040 -0.9999312
vn -0.0044879 -0.0108347 -0.9999312
vn -0.0044879 -0.0108347 -0.9999312
vn -0.0044879 -0.0108347 -0.9999312
vn -0.0015307 -0.0116271 -0.9999312
vn -0.0015307 -0.0116271 -0.9999312
vn -0.0015307 -0.0116271 -0.9999312
vn 0.0015307 -0.0116271 -0.9999312
vn 0.0015307 -0.0116271 -0.9999312
vn 0.0015307 -0.0116271 -0.9999312
vn 0.0044879 -0.0108347 -0.9999312
vn 0.0044879 -0.0108347 -0.9999312
vn 0.0044879 -0.0108347 -0.9999312
vn 0.0071392 -0.0093040 -0.9999312
vn 0.0071392 -0.0093040 -0.9999312
vn 0.0071392 -0.0093040 -0.9999312
vn 0.0093040 -0.0071392 -0.9999312
vn 0.0093040 -0.0071392 -0.9999312
vn 0.0093040 -0.0071392 -0.9999312
vn 0.0108347 -0.0044879 -0.9999312
vn 0.0108347 -0.0044879 -0.9999312
vn 0.0108347 -0.0044879 -0.9999312
vn 0.0116271 -0.0015307 -0.9999312
vn 0.0116271 -0.0015307 -0.9999312
vn 0.0116271 -0.0015307 -0.9999312
vn 0.1104199 0.0145370 -0.9937787
vn 0.1104199 0.0145370 -0.9937787
vn 0.1104199 0.0145370 -0.9937787
vn 0.1104199 0.0145370 -0.9937787
vn 0.1028949 0.0426205 -0.9937787
vn 0.1028949 0.0426205 -0.9937787
vn 0.1028949 0.0426205 -0.9937787
vn 0.1028949 0.0426205 -0.9937787
vn 0.0883579 0.0677994 -0.9937787
vn 0.0883579 0.0677994 -0.9937787
vn 0.0883579 0.0677994 -0.9937787
vn 0.0883579 0.0677994 -0.9937787
vn 0.0677994 0.0883579 -0.9937787
vn 0.0677994 0.0883579 -0.9937787
vn 0.0677994 0.0883579 -0.9937787
vn 0.0677994 0.0883579 -0.9937787
vn 0.0426205 0.1028949 -0.9937787
vn 0.0426205 0.1028949 -0.9937787
vn 0.0426205 0.1028949 -0.9937787
vn 0.0426205 0.1028949 -0.9937787
vn 0.0145370 0.1104199 -0.9937787
vn 0.0145370 0.1104199 -0.9937787
vn 0.0145370 0.1104199 -0.9937787
vn 0.0145370 0.1104199 -0.9937787
vn -0.0145370 0.1104199 -0.9937787
vn -0.0145370 0.1104199 -0.9937787
vn -0.0145370 0.1104199 -0.9937787
vn -0.0145370 0.1104199 -0.9937787
vn -0.0426205 0.1028949 -0.9937787
vn -0.0426205 0.1028949 -0.9937787
vn -0.0426205 0.1028949 -0.9937787
vn -0.0426205 0.1028949 -0.9937787
vn -0.0677994 0.0883579 -0.9937787
vn -0.0677994 0.0883579 -0.9937787
vn -0.0677994 0.0883579 -0.9937787
vn -0.0677994 0.0883579 -0.9937787
vn -0.0883579 0.0677994 -0.9937787
vn -0.0883579 0.0677994 -0.9937787
vn -0.0883579 0.0677994 -0.9937787
vn -0.0883579 0.0677994 -0.9937787
vn -0.1028949 0.0426205 -0.9937787
vn -0.1028949 0.0426205 -0.9937787
vn -0.1028949 0.0426205 -0.9937787
vn -0.1028949 0.0426205 -0.9937787
vn -0.1104199 0.0145370 -0.9937787
vn -0.1104199 0.0145370 -0.9937787
vn -0.1104199 0.0145370 -0.9937787
vn -0.1104199 0.0145370 -0.9937787
vn -0.1104199 -0.0145370 -0.9937787
vn -0.1104199 -0.0145370 -0.9937787
vn -0.1104199 -0.0145370 -0.9937787
vn -0.1104199 -0.0145370 -0.9937787
vn -0.1028949 -0.0426205 -0.9937787
vn -0.1028949 -0.0426205 -0.9937787
vn -0.1028949 -0.0426205 -0.9937787
vn -0.1028949 -0.0426205 -0.9937787
vn -0.0883579 -0.0677994 -0.9937787
vn -0.0883579 -0.0677994 -0.9937787
vn -0.0883579 -0.0677994 -0.9937787
vn -0.0883579 -0.0677994 -0.9937787
vn -0.0677994 -0.0883579 -0.9937787
vn -0.0677994 -0.0883579 -0.9937787
vn -0.0677994 -0.0883579 -0.9937787
vn -0.0677994 -0.0883579 -0.9937787
vn -0.0426205 -0.1028949 -0.9937787
vn -0.0426205 -0.1028949 -0.9937787
vn -0.0426205 -0.1028949 -0.9937787
vn -0.0426205 -0.1028949 -0.9937787
vn -0.0145370 -0.1104199 -0.9937787
vn -0.0145370 -0.1104199 -0.9937787
vn -0.0145370 -0.1104199 -0.9937787
vn -0.0145370 -0.1104199 -0.9937787
vn 0.0145370 -0.1104199 -0.9937787
vn 0.0145370 -0.1104199 -0.9937787
vn 0.0145370 -0.1104199 -0.9937787
vn 0.0145370 -0.1104199 -0.9937787
vn 0.0426205 -0.1028949 -0.9937787
vn 0.0426205 -0.1028949 -0.9937787
vn 0.0426205 -0.1028949 -0.9937787
vn 0.0426205 -0.1028949 -0.9937787
vn 0.0677994 -0.0883579 -0.9937787
vn 0.0677994 -0.0883579 -0.9937787
vn 0.0677994 -0.0883579 -0.9937787
vn 0.0677994 -0.0883579 -0.9937787
vn 0.0883579 -0.0677994 -0.9937787
vn 0.0883579 -0.0677994 -0.9937787
vn 0.0883579 -0.0677994 -0.9937787
vn 0.0883579 -0.0677994 -0.9937787
vn 0.1028949 -0.0426205 -0.9937787
vn 0.1028949 -0.0426205 -0.9937787
vn 0.1028949 -0.0426205 -0.9937787
vn 0.1028949 -0.0426205 -0.9937787
vn 0.1104199 -0.0145370 -0.9937787
vn 0.1104199 -0.0145370 -0.9937787
vn 0.1104199 -0.0145370 -0.9937787
vn 0.1104199 -0.0145370 -0.9937787
vn 0.4846534 -0.0638058 0.8723760
vn 0.4846534 -0.0638058 0.8723760
vn 0.4846534 -0.0638058 0.8723760
vn 0.4846534 -0.0638058 0.8723760
vn 0.4516250 -0.1870692 0.8723760
vn 0.4516250 -0.1870692 0.8723760
vn 0.4516250 -0.1870692 0.8723760
vn 0.4516250 -0.1870692 0.8723760
vn 0.3878192 -0.2975841 0.8723760
vn 0.3878192 -0.2975841 0.8723760
vn 0.3878192 -0.2975841 0.8723760
vn 0.3878192 -0.2975841 0.8723760
vn 0.2975841 -0.3878192 0.8723760
vn 0.2975841 -0.3878192 0.8723760
vn 0.2975841 -0.3878192 0.8723760
vn 0.2975841 -0.3878192 0.8723760
vn 0.1870692 -0.4516250 0.8723760
vn 0.1870692 -0.4516250 0.8723760
vn 0.1870692 -0.4516250 0.8723760
vn 0.1870692 -0.4516250 0.8723760
vn 0.0638058 -0.4846534 0.8723760
vn 0.0638058 -0.4846534 0.8723760
vn 0.0638058 -0.4846534 0.8723760
vn 0.0638058 -0.4846534 0.8723760
vn -0.0638058 -0.4846534 0.8723760
vn -0.0638058 -0.4846534 0.8723760
vn -0.0638058 -0.4846534 0.8723760
vn -0.0638058 -0.4846534 0.8723760
vn -0.1870692 -0.4516250 0.8723760
vn -0.1870692 -0.4516250 0.8723760
vn -0.1870692 -0.4516250 0.8723760
vn -0.1870692 -0.4516250 0.8723760
vn -0.2975841 -0.3878192 0.8723760
vn -0.2975841 -0.3878192 0.8723760
vn -0.2975841 -0.3878192 0.8723760
vn -0.2975841 -0.3878192 0.8723760
vn -0.3878192 -0.2975841 0.8723760
vn -0.3878192 -0.2975841 0.8723760
vn -0.3878192 -0.2975841 0.8723760
vn -0.3878192 -0.2975841 0.8723760
vn -0.4516250 -0.1870692 0.8723760
vn -0.4516250 -0.1870692 0.8723760
vn -0.4516250 -0.1870692 0.8723760
vn -0.4516250 -0.1870692 0.8723760
vn -0.4846534 -0.0638058 0.8723760
vn -0.4846534 -0.0638058 0.8723760
vn -0.4846534 -0.0638058 0.8723760
vn -0.4846534 -0.0638058 0.8723760
vn -0.4846534 0.0638058 0.8723760
vn -0.4846534 0.0638058 0.8723760
vn -0.4846534 0.0638058 0.8723760
vn -0.4846534 0.0638058 0.8723760
vn -0.4516250 0.1870692 0.8723760
vn -0.4516250 0.1870692 0.8723760
vn -0.4516250 0.1870692 0.8723760
vn -0.4516250 0.1870692 0.8723760
vn -0.3878192 0.2975841 0.8723760
vn -0.3878192 0.2975841 0.8723760
vn -0.3878192 0.2975841 0.8723760
vn -0.3878192 0.2975841 0.8723760
vn -0.2975841 0.3878192 0.8723760
vn -0.2975841 0.3878192 0.8723760
vn -0.2975841 0.3878192 0.8723760
vn -0.2975841 0.3878192 0.8723760
vn -0.1870692 0.4516250 0.8723760
vn -0.1870692 0.4516250 0.8723760
vn -0.1870692 0.4516250 0.8723760
vn -0.1870692 0.4516250 0.8723760
vn -0.0638058 0.4846534 0.8723760
vn -0.0638058 0.4846534 0.8723760
vn -0.0638058 0.4846534 0.8723760
vn -0.0638058 0.4846534 0.8723760
vn 0.0638058 0.4846534 0.8723760
vn 0.0638058 0.4846534 0.8723760
vn 0.0638058 0.4846534 0.8723760
vn 0.0638058 0.4846534 0.8723760
vn 0.1870692 0.4516250 0.8723760
vn 0.1870692 0.4516250 0.8723760
vn 0.1870692 0.4516250 0.8723760
vn 0.1870692 0.4516250 0.8723760
vn 0.2975841 0.3878192 0.8723760
vn 0.2975841 0.3878192 0.8723760
vn 0.2975841 0.3878192 0.8723760
vn 0.2975841 0.3878192 0.8723760
vn 0.3878192 0.2975841 0.8723760
vn 0.3878192 0.2975841 0.8723760
vn 0.3878192 0.2975841 0.8723760
vn 0.3878192 0.2975841 0.8723760
vn 0.4516250 0.1870692 0.8723760
vn 0.4516250 0.1870692 0.8723760
vn 0.4516250 0.1870692 0.8723760
vn 0.4516250 0.1870692 0.8723760
vn 0.4846534 0.0638058 0.8723760
vn 0.4846534 0.0638058 0.8723760
vn 0.4846534 0.0638058 0.8723760
vn 0.4846534 0.0638058 0.8723760
vn 0.9263782 -0.1219600 0.3562993
vn 0.9263782 -0.1219600 0.3562993
vn 0.9263782 -0.1219600 0.3562993
vn 0.9263782 -0.1219600 0.3562993
vn 0.8632471 -0.3575686 0.3562993
vn 0.8632471 -0.3575686 0.3562993
vn 0.8632471 -0.3575686 0.3562993
vn 0.8632471 -0.3575686 0.3562993
vn 0.7412870 -0.5688096 0.3562993
vn 0.7412870 -0.5688096 0.3562993
vn 0.7412870 -0.5688096 0.3562993
vn 0.7412870 -0.5688096 0.3562993
vn 0.5688096 -0.7412870 0.3562993
vn 0.5688096 -0.7412870 0.3562993
vn 0.5688096 -0.7412870 0.3562993
vn 0.5688096 -0.7412870 0.3562993
vn 0.3575686 -0.8632471 0.3562993
vn 0.3575686 -0.8632471 0.3562993
vn 0.3575686 -0.8632471 0.3562993
vn 0.3575686 -0.8632471 0.3562993
vn 0.1219600 -0.9263782 0.3562993
vn 0.1219600 -0.9263782 0.3562993
vn 0.1219600 -0.9263782 0.3562993
vn 0.1219600 -0.9263782 0.3562993
vn -0.1219600 -0.9263782 0.3562993
vn -0.1219600 -0.9263782 0.3562993
vn -0.1219600 -0.9263782 0.3562993
vn -0.1219600 -0.9263782 0.3562993
vn -0.3575686 -0.8632471 0.3562993
vn -0.3575686 -0.8632471 0.3562993
vn -0.3575686 -0.8632471 0.3562993
vn -0.3575686 -0.8632471 0.3562993
vn -0.5688096 -0.7412870 0.3562993
vn -0.5688096 -0.7412870 0.3562993
vn -0.5688096 -0.7412870 0.3562993
vn -0.5688096 -0.7412870 0.3562993
vn -0.7412870 -0.5688096 0.3562993
vn -0.7412870 -0.5688096 0.3562993
vn -0.7412870 -0.5688096 0.3562993
vn -0.7412870 -0.5688096 0.3562993
vn -0.8632471 -0.3575686 0.3562993
vn -0.8632471 -0.3575686 0.3562993
vn -0.8632471 -0.3575686 0.3562993
vn -0.8632471 -0.3575686 0.3562993
vn -0.9263782 -0.1219600 0.3562993
vn -0.9263782 -0.1219600 0.3562993
vn -0.9263782 -0.1219600 0.3562993
vn -0.9263782 -0.1219600 0.3562993
vn -0.9263782 0.1219600 0.3562993
vn -0.9263782 0.1219600 0.3562993
vn -0.9263782 0.1219600 0.3562993
vn -0.9263782 0.1219600 0.3562993
vn -0.8632471 0.3575686 0.3562993
vn -0.8632471 0.3575686 0.3562993
vn -0.8632471 0.3575686 0.3562993
vn -0.8632471 0.3575686 0.3562993
vn -0.7412870 0.5688096 0.3562993
vn -0.7412870 0.5688096 0.3562993
vn -0.7412870 0.5688096 0.3562993
vn -0.7412870 0.5688096 0.3562993
vn -0.5688096 0.7412870 0.3562993
vn -0.5688096 0.7412870 0.3562993
vn -0.5688096 0.7412870 0.3562993
vn -0.5688096 0.7412870 0.3562993
vn -0.3575686 0.8632471 0.3562993
vn -0.3575686 0.8632471 0.3562993
vn -0.3575686 0.8632471 0.3562993
vn -0.3575686 0.8632471 0.3562993
vn -0.1219600 0.9263782 0.3562993
vn -0.1219600 0.9263782 0.3562993
vn -0.1219600 0.9263782 0.3562993
vn -0.1219600 0.9263782 0.3562993
vn 0.1219600 0.9263782 0.3562993
vn 0.1219600 0.9263782 0.3562993
vn 0.1219600 0.9263782 0.3562993
vn 0.1219600 0.9263782 0.3562993
vn 0.3575686 0.8632471 0.3562993
vn 0.3575686 0.8632471 0.3562993
vn 0.3575686 0.8632471 0.3562993
vn 0.3575686 0.8632471 0.3562993
vn 0.5688096 0.7412870 0.3562993
vn 0.5688096 0.7412870 0.3562993
vn 0.5688096 0.7412870 0.3562993
vn 0.5688096 0.7412870 0.3562993
vn 0.7412870 0.5688096 0.3562993
vn 0.7412870 0.5688096 0.3562993
vn 0.7412870 0.5688096 0.3562993
vn 0.7412870 0.5688096 0.3562993
vn 0.8632471 0.3575686 0.3562993
vn 0.8632471 0.3575686 0.3562993
vn 0.8632471 0.3575686 0.3562993
vn 0.8632471 0.3575686 0.3562993
vn 0.9263782 0.1219600 0.3562993
vn 0.9263782 0.1219600 0.3562993
vn 0.9263782 0.1219600 0.3562993
vn 0.9263782 0.1219600 0.3562993
vn 0.4320305 -0.0568779 -0.9000636
vn 0.4320305 -0.0568779 -0.9000636
vn 0.4320305 -0.0568779 -0.9000636
vn 0.4320305 -0.0568779 -0.9000636
vn 0.4025884 -0.1667576 -0.9000636
vn 0.4025884 -0.1667576 -0.9000636
vn 0.4025884 -0.1667576 -0.9000636
vn 0.4025884 -0.1667576 -0.9000636
vn 0.3457105 -0.2652730 -0.9000636
vn 0.3457105 -0.2652730 -0.9000636
vn 0.3457105 -0.2652730 -0.9000636
vn 0.3457105 -0.2652730 -0.9000636
vn 0.2652730 -0.3457105 -0.9000636
vn 0.2652730 -0.3457105 -0.9000636
vn 0.2652730 -0.3457105 -0.9000636
vn 0.2652730 -0.3457105 -0.9000636
vn 0.1667576 -0.4025884 -0.9000636
vn 0.1667576 -0.4025884 -0.9000636
vn 0.1667576 -0.4025884 -0.9000636
vn 0.1667576 -0.4025884 -0.9000636
vn 0.0568779 -0.4320305 -0.9000636
vn 0.0568779 -0.4320305 -0.9000636
vn 0.0568779 -0.4320305 -0.9000636
vn 0.0568779 -0.4320305 -0.9000636
vn -0.0568779 -0.4320305 -0.9000636
vn -0.0568779 -0.4320305 -0.9000636
vn -0.0568779 -0.4320305 -0.9000636
vn -0.0568779 -0.4320305 -0.9000636
vn -0.1667576 -0.4025884 -0.9000636
vn -0.1667576 -0.4025884 -0.9000636
vn -0.1667576 -0.4025884 -0.9000636
vn -0.1667576 -0.4025884 -0.9000636
vn -0.2652730 -0.3457105 -0.9000636
vn -0.2652730 -0.3457105 -0.9000636
vn -0.2652730 -0.3457105 -0.9000636
vn -0.2652730 -0.3457105 -0.9000636
vn -0.3457105 -0.2652730 -0.9000636
vn -0.3457105 -0.2652730 -0.9000636
vn -0.3457105 -0.2652730 -0.9000636
vn -0.3457105 -0.2652730 -0.9000636
vn -0.4025884 -0.1667576 -0.9000636
vn -0.4025884 -0.1667576 -0.9000636
vn -0.4025884 -0.1667576 -0.9000636
vn -0.4025884 -0.1667576 -0.9000636
vn -0.4320305 -0.0568779 -0.9000636
vn -0.4320305 -0.0568779 -0.9000636
vn -0.4320305 -0.0568779 -0.9000636
vn -0.4320305 -0.0568779 -0.9000636
vn -0.4320305 0.0568779 -0.9000636
vn -0.4320305 0.0568779 -0.9000636
vn -0.4320305 0.0568779 -0.9000636
vn -0.4320305 0.0568779 -0.9000636
vn -0.4025884 0.1667576 -0.9000636
vn -0.4025884 0.1667576 -0.9000636
vn -0.4025884 0.1667576 -0.9000636
vn -0.4025884 0.1667576 -0.9000636
vn -0.3457105 0.2652730 -0.9000636
vn -0.3457105 0.2652730 -0.9000636
vn -0.3457105 0.2652730 -0.9000636
vn -0.3457105 0.2652730 -0.9000636
vn -0.2652730 0.3457105 -0.9000636
vn -0.2652730 0.3457105 -0.9000636
vn -0.2652730 0.3457105 -0.9000636
vn -0.2652730 0.3457105 -0.9000636
vn -0.1667576 0.4025884 -0.9000636
vn -0.1667576 0.4025884 -0.9000636
vn -0.1667576 0.4025884 -0.9000636
vn -0.1667576 0.4025884 -0.9000636
vn -0.0568779 0.4320305 -0.9000636
vn -0.0568779 0.4320305 -0.9000636
vn -0.0568779 0.4320305 -0.9000636
vn -0.0568779 0.4320305 -0.9000636
vn 0.0568779 0.4320305 -0.9000636
vn 0.0568779 0.4320305 -0.9000636
vn 0.0568779 0.4320305 -0.9000636
vn 0.0568779 0.4320305 -0.9000636
vn 0.1667576 0.4025884 -0.9000636
vn 0.1667576 0.4025884 -0.9000636
vn 0.1667576 0.4025884 -0.9000636
vn 0.1667576 0.4025884 -0.9000636
vn 0.2652730 0.3457105 -0.9000636
vn 0.2652730 0.3457105 -0.9000636
vn 0.2652730 0.3457105 -0.9000636
vn 0.2652730 0.3457105 -0.9000636
vn 0.3457105 0.2652730 -0.9000636
vn 0.3457105 0.2652730 -0.9000636
vn 0.3457105 0.2652730 -0.9000636
vn 0.3457105 0.2652730 -0.9000636
vn 0.4025884 0.1667576 -0.9000636
vn 0.4025884 0.1667576 -0.9000636
vn 0.4025884 0.1667576 -0.9000636
vn 0.4025884 0.1667576 -0.9000636
vn 0.4320305 0.0568779 -0.9000636
vn 0.4320305 0.0568779 -0.9000636
vn 0.4320305 0.0568779 -0.9000636
vn 0.4320305 0.0568779 -0.9000636
vn 0.0116271 -0.0015307 0.9999312
vn 0.0116271 -0.0015307 0.9999312
vn 0.0116271 -0.0015307 0.9999312
vn 0.0108347 -0.0044879 0.9999312
vn 0.0108347 -0.0044879 0.9999312
vn 0.0108347 -0.0044879 0.9999312
vn 0.0093040 -0.0071392 0.9999312
vn 0.0093040 -0.0071392 0.9999312
vn 0.0093040 -0.0071392 0.9999312
vn 0.0071392 -0.0093040 0.9999312
vn 0.0071392 -0.0093040 0.9999312
vn 0.0071392 -0.0093040 0.9999312
vn 0.0044879 -0.0108347 0.9999312
vn 0.0044879 -0.0108347 0.9999312
vn 0.0044879 -0.0108347 0.9999312
vn 0.0015307 -0.0116271 0.9999312
vn 0.0015307 -0.0116271 0.9999312
vn 0.0015307 -0.0116271 0.9999312
vn -0.0015307 -0.0116271 0.9999312
vn -0.0015307 -0.0116271 0.9999312
vn -0.0015307 -0.0116271 0.9999312
vn -0.0044879 -0.0108347 0.9999312
vn -0.0044879 -0.0108347 0.9999312
vn -0.0044879 -0.0108347 0.9999312
vn -0.0071392 -0.0093040 0.9999312
vn -0.0071392 -0.0093040 0.9999312
vn -0.0071392 -0.0093040 0.9999312
vn -0.0093040 -0.0071392 0.9999312
vn -0.0093040 -0.0071392 0.9999312
vn -0.0093040 -0.0071392 0.9999312
vn -0.0108347 -0.0044879 0.9999312
vn -0.0108347 -0.0044879 0.9999312
vn -0.0108347 -0.0044879 0.9999312
vn -0.0116271 -0.0015307 0.9999312
vn -0.0116271 -0.0015307 0.9999312
vn -0.0116271 -0.0015307 0.9999312
vn -0.0116271 0.0015307 0.9999312
vn -0.0116271 0.0015307 0.9999312
vn -0.0116271 0.0015307 0.9999312
vn -0.0108347 0.0044879 0.9999312
vn -0.0108347 0.0044879 0.9999312
vn -0.0108347 0.0044879 0.9999312
vn -0.0093040 0.0071392 0.9999312
vn -0.0093040 0.0071392 0.9999312
vn -0.0093040 0.0071392 0.9999312
vn -0.0071392 0.0093040 0.9999312
vn -0.0071392 0.0093040 0.9999312
vn -0.0071392 0.0093040 0.9999312
vn -0.0044879 0.0108347 0.9999312
vn -0.0044879 0.0108347 0.9999312
vn -0.0044879 0.0108347 0.9999312
vn -0.0015307 0.0116271 0.9999312
vn -0.0015307 0.0116271 0.9999312
vn -0.0015307 0.0116271 0.9999312
vn 0.0015307 0.0116271 0.9999312
vn 0.0015307 0.0116271 0.9999312
vn 0.0015307 0.0116271 0.9999312
vn 0.0044879 0.0108347 0.9999312
vn 0.0044879 0.0108347 0.9999312
vn 0.0044879 0.0108347 0.9999312
vn 0.0071392 0.0093040 0.9999312
vn 0.0071392 0.0093040 0.9999312
vn 0.0071392 0.0093040 0.9999312
vn 0.0093040 0.0071392 0.9999312
vn 0.0093040 0.0071392 0.9999312
vn 0.0093040 0.0071392 0.9999312
vn 0.0108347 0.0044879 0.9999312
vn 0.0108347 0.0044879 0.9999312
vn 0.0108347 0.0044879 0.9999312
vn 0.0116271 0.0015307 0.9999312
vn 0.0116271 0.0015307 0.9999312
vn 0.0116271 0.0015307 0.9999312
vn 0.1104199 -0.0145370 0.9937787
vn 0.1104199 -0.0145370 0.9937787
vn 0.1104199 -0.0145370 0.9937787
vn 0.1104199 -0.0145370 0.9937787
vn 0.1028949 -0.0426205 0.9937787
vn 0.1028949 -0.0426205 0.9937787
vn 0.1028949 -0.0426205 0.9937787
vn 0.1028949 -0.0426205 0.9937787
vn 0.0883579 -0.0677994 0.9937787
vn 0.0883579 -0.0677994 0.9937787
vn 0.0883579 -0.0677994 0.9937787
vn 0.0883579 -0.0677994 0.9937787
vn 0.0677994 -0.0883579 0.9937787
vn 0.0677994 -0.0883579 0.9937787
vn 0.0677994 -0.0883579 0.9937787
vn 0.0677994 -0.0883579 0.9937787
vn 0.0426205 -0.1028949 0.9937787
vn 0.0426205 -0.1028949 0.9937787
vn 0.0426205 -0.1028949 0.9937787
vn 0.0426205 -0.1028949 0.9937787
vn 0.0145370 -0.1104199 0.9937787
vn 0.0145370 -0.1104199 0.9937787
vn 0.0145370 -0.1104199 0.9937787
vn 0.0145370 -0.1104199 0.9937787
vn -0.0145370 -0.1104199 0.9937787
vn -0.0145370 -0.1104199 0.9937787
vn -0.0145370 -0.1104199 0.9937787
vn -0.0145370 -0.1104199 0.9937787
vn -0.0426205 -0.1028949 0.9937787
vn -0.0426205 -0.1028949 0.9937787
vn -0.0426205 -0.1028949 0.9937787
vn -0.0426205 -0.1028949 0.9937787
vn -0.0677994 -0.0883579 0.9937787
vn -0.0677994 -0.0883579 0.9937787
vn -0.0677994 -0.0883579 0.9937787
vn -0.0677994 -0.0883579 0.9937787
vn -0.0883579 -0.0677994 0.9937787
vn -0.0883579 -0.0677994 0.9937787
vn -0.0883579 -0.0677994 0.9937787
vn -0.0883579 -0.0677994 0.9937787
vn -0.1028949 -0.0426205 0.9937787
vn -0.1028949 -0.0426205 0.9937787
vn -0.1028949 -0.0426205 0.9937787
vn -0.1028949 -0.0426205 0.9937787
vn -0.1104199 -0.0145370 0.9937787
vn -0.1104199 -0.0145370 0.9937787
vn -0.1104199 -0.0145370 0.9937787
vn -0.1104199 -0.0145370 0.9937787
vn -0.1104199 0.0145370 0.9937787
vn -0.1104199 0.0145370 0.9937787
vn -0.1104199 0.0145370 0.9937787
vn -0.1104199 0.0145370 0.9937787
vn -0.1028949 0.0426205 0.9937787
vn -0.1028949 0.0426205 0.9937787
vn -0.1028949 0.0426205 0.9937787
vn -0.1028949 0.0426205 0.9937787
vn -0.0883579 0.0677994 0.9937787
vn -0.0883579 0.0677994 0.9937787
vn -0.0883579 0.0677994 0.9937787
vn -0.0883579 0.0677994 0.9937787
vn -0.0677994 0.0883579 0.9937787
vn -0.0677994 0.0883579 0.9937787
vn -0.0677994 0.0883579 0.9937787
vn -0.0677994 0.0883579 0.9937787
vn -0.0426205 0.1028949 0.9937787
vn -0.0426205 0.1028949 0.9937787
vn -0.0426205 0.1028949 0.9937787
vn -0.0426205 0.1028949 0.9937787
vn -0.0145370 0.1104199 0.9937787
vn -0.0145370 0.1104199 0.9937787
vn -0.0145370 0.1104199 0.9937787
vn -0.0145370 0.1104199 0.9937787
vn 0.0145370 0.1104199 0.9937787
vn 0.0145370 0.1104199 0.9937787
vn 0.0145370 0.1104199 0.9937787
vn 0.0145370 0.1104199 0.9937787
vn 0.0426205 0.1028949 0.9937787
vn 0.0426205 0.1028949 0.9937787
vn 0.0426205 0.1028949 0.9937787
vn 0.0426205 0.1028949 0.9937787
vn 0.0677994 0.0883579 0.9937787
vn 0.0677994 0.0883579 0.9937787
vn 0.0677994 0.0883579 0.9937787
vn 0.0677994 0.0883579 0.9937787
vn 0.0883579 0.0677994 0.9937787
vn 0.0883579 0.0677994 0.9937787
vn 0.0883579 0.0677994 0.9937787
vn 0.0883579 0.0677994 0.9937787
vn 0.1028949 0.0426205 0.9937787
vn 0.1028949 0.0426205 0.9937787
vn 0.1028949 0.0426205 0.9937787
vn 0.1028949 0.0426205 0.9937787
vn 0.1104199 0.0145370 0.9937787
vn 0.1104199 0.0145370 0.9937787
vn 0.1104199 0.0145370 0.9937787
vn 0.1104199 0.0145370 0.9937787
vn 0.3982702 -0.0164380 -0.9171208
vn 0.5649665 -0.0344727 -0.8243934
vn 0.5627242 -0.0609673 -0.8243934
vn 0.3980066 -0.0219125 -0.9171208
vn 0.3984586 -0.0109604 -0.9171208
vn 0.5659621 -0.0079020 -0.8243934
vn 0.5649665 -0.0344727 -0.8243934
vn 0.3982702 -0.0164380 -0.9171208
vn 0.3985716 -0.0054807 -0.9171208
vn 0.5657087 0.0186862 -0.8243934
vn 0.5659621 -0.0079020 -0.8243934
vn 0.3984586 -0.0109604 -0.9171208
vn 0.3986093 0.0000000 -0.9171208
vn 0.5642070 0.0452331 -0.8243934
vn 0.5657087 0.0186862 -0.8243934
vn 0.3985716 -0.0054807 -0.9171208
vn 0.3985716 0.0054807 -0.9171208
vn 0.5614601 0.0716802 -0.8243934
vn 0.5642070 0.0452331 -0.8243934
vn 0.3986093 0.0000000 -0.9171208
vn 0.3984586 0.0109604 -0.9171208
vn 0.5574743 0.0979691 -0.8243934
vn 0.5614601 0.0716802 -0.8243934
vn 0.3985716 0.0054807 -0.9171208
vn 0.3982702 0.0164380 -0.9171208
vn 0.5522582 0.1240418 -0.8243934
vn 0.5574743 0.0979691 -0.8243934
vn 0.3984586 0.0109604 -0.9171208
vn 0.3980066 0.0219125 -0.9171208
vn 0.5458235 0.1498408 -0.8243934
vn 0.5522582 0.1240418 -0.8243934
vn 0.3982702 0.0164380 -0.9171208
vn 0.5649665 -0.0344727 -0.8243934
vn 0.7115928 -0.0396291 -0.7014736
vn 0.7075390 -0.0855771 -0.7014736
vn 0.5627242 -0.0609673 -0.8243934
vn 0.5659621 -0.0079020 -0.8243934
vn 0.7126660 0.0064849 -0.7014736
vn 0.7115928 -0.0396291 -0.7014736
vn 0.5649665 -0.0344727 -0.8243934
vn 0.5657087 0.0186862 -0.8243934
vn 0.7107539 0.0525717 -0.7014736
vn 0.7126660 0.0064849 -0.7014736
vn 0.5659621 -0.0079020 -0.8243934
vn 0.5642070 0.0452331 -0.8243934
vn 0.7058645 0.0984383 -0.7014736
vn 0.7107539 0.0525717 -0.7014736
vn 0.5657087 0.0186862 -0.8243934
vn 0.5614601 0.0716802 -0.8243934
vn 0.6980185 0.1438925 -0.7014736
vn 0.7058645 0.0984383 -0.7014736
vn 0.5642070 0.0452331 -0.8243934
vn 0.5574743 0.0979691 -0.8243934
vn 0.6872485 0.1887440 -0.7014736
vn 0.6980185 0.1438925 -0.7014736
vn 0.5614601 0.0716802 -0.8243934
vn 0.5522582 0.1240418 -0.8243934
vn 0.6735998 0.2328049 -0.7014736
vn 0.6872485 0.1887440 -0.7014736
vn 0.5574743 0.0979691 -0.8243934
vn 0.5458235 0.1498408 -0.8243934
vn 0.6571295 0.2758906 -0.7014736
vn 0.6735998 0.2328049 -0.7014736
vn 0.5522582 0.1240418 -0.8243934
vn 0.7115928 -0.0396291 -0.7014736
vn 0.8310624 -0.0606432 -0.5528631
vn 0.8238585 -0.1248979 -0.5528631
vn 0.7075390 -0.0855771 -0.7014736
vn 0.7126660 0.0064849 -0.7014736
vn 0.8332626 0.0039766 -0.5528631
vn 0.8310624 -0.0606432 -0.5528631
vn 0.7115928 -0.0396291 -0.7014736
vn 0.7107539 0.0525717 -0.7014736
vn 0.8304458 0.0685724 -0.5528631
vn 0.8332626 0.0039766 -0.5528631
vn 0.7126660 0.0064849 -0.7014736
vn 0.7058645 0.0984383 -0.7014736
vn 0.8226289 0.1327554 -0.5528631
vn 0.8304458 0.0685724 -0.5528631
vn 0.7107539 0.0525717 -0.7014736
vn 0.6980185 0.1438925 -0.7014736
vn 0.8098591 0.1961391 -0.5528631
vn 0.8226289 0.1327554 -0.5528631
vn 0.7058645 0.0984383 -0.7014736
vn 0.6872485 0.1887440 -0.7014736
vn 0.7922133 0.2583418 -0.5528631
vn 0.8098591 0.1961391 -0.5528631
vn 0.6980185 0.1438925 -0.7014736
vn 0.6735998 0.2328049 -0.7014736
vn 0.7697976 0.3189891 -0.5528631
vn 0.7922133 0.2583418 -0.5528631
vn 0.6872485 0.1887440 -0.7014736
vn 0.6571295 0.2758906 -0.7014736
vn 0.7427470 0.3777159 -0.5528631
vn 0.7697976 0.3189891 -0.5528631
vn 0.6735998 0.2328049 -0.7014736
vn 0.8310624 -0.0606432 -0.5528631
vn 0.9165507 -0.1116924 -0.3840047
vn 0.9034537 -0.1905564 -0.3840047
vn 0.8238585 -0.1248979 -0.5528631
vn 0.8332626 0.0039766 -0.5528631
vn 0.9227768 -0.0319912 -0.3840047
vn 0.9165507 -0.1116924 -0.3840047
vn 0.8310624 -0.0606432 -0.5528631
vn 0.8304458 0.0685724 -0.5528631
vn 0.9220852 0.0479499 -0.3840047
vn 0.9227768 -0.0319912 -0.3840047
vn 0.8332626 0.0039766 -0.5528631
vn 0.8226289 0.1327554 -0.5528631
vn 0.9144813 0.1275315 -0.3840047
vn 0.9220852 0.0479499 -0.3840047
vn 0.8304458 0.0685724 -0.5528631
vn 0.8098591 0.1961391 -0.5528631
vn 0.9000220 0.2061571 -0.3840047
vn 0.9144813 0.1275315 -0.3840047
vn 0.8226289 0.1327554 -0.5528631
vn 0.7922133 0.2583418 -0.5528631
vn 0.8788157 0.2832372 -0.3840047
vn 0.9000220 0.2061571 -0.3840047
vn 0.8098591 0.1961391 -0.5528631
vn 0.7697976 0.3189891 -0.5528631
vn 0.8510214 0.3581940 -0.3840047
vn 0.8788157 0.2832372 -0.3840047
vn 0.7922133 0.2583418 -0.5528631
vn 0.7427470 0.3777159 -0.5528631
vn 0.8168474 0.4304657 -0.3840047
vn 0.8510214 0.3581940 -0.3840047
vn 0.7697976 0.3189891 -0.5528631
vn 0.9165507 -0.1116924 -0.3840047
vn 0.9608374 -0.1906757 -0.2010826
vn 0.9392657 -0.2781111 -0.2010826
vn 0.9034537 -0.1905564 -0.3840047
vn 0.9227768 -0.0319912 -0.3840047
vn 0.9742881 -0.1016287 -0.2010826
vn 0.9608374 -0.1906757 -0.2010826
vn 0.9165507 -0.1116924 -0.3840047
vn 0.9220852 0.0479499 -0.3840047
vn 0.9795041 -0.0117227 -0.2010826
vn 0.9742881 -0.1016287 -0.2010826
vn 0.9227768 -0.0319912 -0.3840047
vn 0.9144813 0.1275315 -0.3840047
vn 0.9764413 0.0782824 -0.2010826
vn 0.9795041 -0.0117227 -0.2010826
vn 0.9220852 0.0479499 -0.3840047
vn 0.9000220 0.2061571 -0.3840047
vn 0.9651256 0.1676258 -0.2010826
vn 0.9764413 0.0782824 -0.2010826
vn 0.9144813 0.1275315 -0.3840047
vn 0.8788157 0.2832372 -0.3840047
vn 0.9456525 0.2555524 -0.2010826
vn 0.9651256 0.1676258 -0.2010826
vn 0.9000220 0.2061571 -0.3840047
vn 0.8510214 0.3581940 -0.3840047
vn 0.9181868 0.3413191 -0.2010826
vn 0.9456525 0.2555524 -0.2010826
vn 0.8788157 0.2832372 -0.3840047
vn 0.8168474 0.4304657 -0.3840047
vn 0.8829605 0.4242010 -0.2010826
vn 0.9181868 0.3413191 -0.2010826
vn 0.8510214 0.3581940 -0.3840047
vn 0.9608374 -0.1906757 -0.2010826
vn 0.9606533 -0.2775406 -0.0107961
vn 0.9304534 -0.3662512 -0.0107961
vn 0.9392657 -0.2781111 -0.2010826
vn 0.9742881 -0.1016287 -0.2010826
vn 0.9824161 -0.1863924 -0.0107961
vn 0.9606533 -0.2775406 -0.0107961
vn 0.9608374 -0.1906757 -0.2010826
vn 0.9795041 -0.0117227 -0.2010826
vn 0.9955507 -0.0936073 -0.0107961
vn 0.9824161 -0.1863924 -0.0107961
vn 0.9742881 -0.1016287 -0.2010826
vn 0.9764413 0.0782824 -0.2010826
vn 0.9999417 0.0000000 -0.0107961
vn 0.9955507 -0.0936073 -0.0107961
vn 0.9795041 -0.0117227 -0.2010826
vn 0.9651256 0.1676258 -0.2010826
vn 0.9955507 0.0936073 -0.0107961
vn 0.9999417 0.0000000 -0.0107961
vn 0.9764413 0.0782824 -0.2010826
vn 0.9456525 0.2555524 -0.2010826
vn 0.9824161 0.1863924 -0.0107961
vn 0.9955507 0.0936073 -0.0107961
vn 0.9651256 0.1676258 -0.2010826
vn 0.9181868 0.3413191 -0.2010826
vn 0.9606533 0.2775406 -0.0107961
vn 0.9824161 0.1863924 -0.0107961
vn 0.9456525 0.2555524 -0.2010826
vn 0.8829605 0.4242010 -0.2010826
vn 0.9304534 0.3662512 -0.0107961
vn 0.9606533 0.2775406 -0.0107961
vn 0.9181868 0.3413191 -0.2010826
vn 0.9606533 -0.2775406 -0.0107961
vn 0.9220423 -0.3427523 0.1798858
vn 0.8866681 -0.4259822 0.1798858
vn 0.9304534 -0.3662512 -0.0107961
vn 0.9824161 -0.1863924 -0.0107961
vn 0.9496233 -0.2566255 0.1798858
vn 0.9220423 -0.3427523 0.1798858
vn 0.9606533 -0.2775406 -0.0107961
vn 0.9955507 -0.0936073 -0.0107961
vn 0.9691781 -0.1683297 0.1798858
vn 0.9496233 -0.2566255 0.1798858
vn 0.9824161 -0.1863924 -0.0107961
vn 0.9999417 0.0000000 -0.0107961
vn 0.9805414 -0.0786111 0.1798858
vn 0.9691781 -0.1683297 0.1798858
vn 0.9955507 -0.0936073 -0.0107961
vn 0.9955507 0.0936073 -0.0107961
vn 0.9836171 0.0117719 0.1798858
vn 0.9805414 -0.0786111 0.1798858
vn 0.9999417 0.0000000 -0.0107961
vn 0.9824161 0.1863924 -0.0107961
vn 0.9783792 0.1020554 0.1798858
vn 0.9836171 0.0117719 0.1798858
vn 0.9955507 0.0936073 -0.0107961
vn 0.9606533 0.2775406 -0.0107961
vn 0.9648720 0.1914763 0.1798858
vn 0.9783792 0.1020554 0.1798858
vn 0.9824161 0.1863924 -0.0107961
vn 0.9304534 0.3662512 -0.0107961
vn 0.9432096 0.2792789 0.1798858
vn 0.9648720 0.1914763 0.1798858
vn 0.9606533 0.2775406 -0.0107961
vn 0.9220423 -0.3427523 0.1798858
vn 0.8584647 -0.3613269 0.3639796
vn 0.8239919 -0.4342307 0.3639796
vn 0.8866681 -0.4259822 0.1798858
vn 0.9496233 -0.2566255 0.1798858
vn 0.8865022 -0.2857145 0.3639796
vn 0.8584647 -0.3613269 0.3639796
vn 0.9220423 -0.3427523 0.1798858
vn 0.9691781 -0.1683297 0.1798858
vn 0.9078939 -0.2079602 0.3639796
vn 0.8865022 -0.2857145 0.3639796
vn 0.9496233 -0.2566255 0.1798858
vn 0.9805414 -0.0786111 0.1798858
vn 0.9224797 -0.1286469 0.3639796
vn 0.9078939 -0.2079602 0.3639796
vn 0.9691781 -0.1683297 0.1798858
vn 0.9836171 0.0117719 0.1798858
vn 0.9301501 -0.0483693 0.3639796
vn 0.9224797 -0.1286469 0.3639796
vn 0.9805414 -0.0786111 0.1798858
vn 0.9783792 0.1020554 0.1798858
vn 0.9308477 0.0322710 0.3639796
vn 0.9301501 -0.0483693 0.3639796
vn 0.9836171 0.0117719 0.1798858
vn 0.9648720 0.1914763 0.1798858
vn 0.9245672 0.1126693 0.3639796
vn 0.9308477 0.0322710 0.3639796
vn 0.9783792 0.1020554 0.1798858
vn 0.9432096 0.2792789 0.1798858
vn 0.9113557 0.1922230 0.3639796
vn 0.9245672 0.1126693 0.3639796
vn 0.9648720 0.1914763 0.1798858
vn 0.8584647 -0.3613269 0.3639796
vn 0.7806457 -0.3234844 0.5347431
vn 0.7532139 -0.3830387 0.5347431
vn 0.8239919 -0.4342307 0.3639796
vn 0.8865022 -0.2857145 0.3639796
vn 0.8033773 -0.2619824 0.5347431
vn 0.7806457 -0.3234844 0.5347431
vn 0.8584647 -0.3613269 0.3639796
vn 0.9078939 -0.2079602 0.3639796
vn 0.8212718 -0.1989031 0.5347431
vn 0.8033773 -0.2619824 0.5347431
vn 0.8865022 -0.2857145 0.3639796
vn 0.9224797 -0.1286469 0.3639796
vn 0.8342216 -0.1346262 0.5347431
vn 0.8212718 -0.1989031 0.5347431
vn 0.9078939 -0.2079602 0.3639796
vn 0.9301501 -0.0483693 0.3639796
vn 0.8421486 -0.0695388 0.5347431
vn 0.8342216 -0.1346262 0.5347431
vn 0.9224797 -0.1286469 0.3639796
vn 0.9308477 0.0322710 0.3639796
vn 0.8450051 -0.0040326 0.5347431
vn 0.8421486 -0.0695388 0.5347431
vn 0.9301501 -0.0483693 0.3639796
vn 0.9245672 0.1126693 0.3639796
vn 0.8427739 0.0614978 0.5347431
vn 0.8450051 -0.0040326 0.5347431
vn 0.9308477 0.0322710 0.3639796
vn 0.9113557 0.1922230 0.3639796
vn 0.8354685 0.1266580 0.5347431
vn 0.8427739 0.0614978 0.5347431
vn 0.9245672 0.1126693 0.3639796
vn 0.7806457 -0.3234844 0.5347431
vn 0.6877575 -0.2376980 0.6859223
vn 0.6709410 -0.2816893 0.6859223
vn 0.7532139 -0.3830387 0.5347431
vn 0.8033773 -0.2619824 0.5347431
vn 0.7016930 -0.1927110 0.6859223
vn 0.6877575 -0.2376980 0.6859223
vn 0.7806457 -0.3234844 0.5347431
vn 0.8212718 -0.1989031 0.5347431
vn 0.7126893 -0.1469168 0.6859223
vn 0.7016930 -0.1927110 0.6859223
vn 0.8033773 -0.2619824 0.5347431
vn 0.8342216 -0.1346262 0.5347431
vn 0.7207003 -0.1005072 0.6859223
vn 0.7126893 -0.1469168 0.6859223
vn 0.8212718 -0.1989031 0.5347431
vn 0.8421486 -0.0695388 0.5347431
vn 0.7256924 -0.0536766 0.6859223
vn 0.7207003 -0.1005072 0.6859223
vn 0.8342216 -0.1346262 0.5347431
vn 0.8450051 -0.0040326 0.5347431
vn 0.7276447 -0.0066212 0.6859223
vn 0.7256924 -0.0536766 0.6859223
vn 0.8421486 -0.0695388 0.5347431
vn 0.8427739 0.0614978 0.5347431
vn 0.7265490 0.0404620 0.6859223
vn 0.7276447 -0.0066212 0.6859223
vn 0.8450051 -0.0040326 0.5347431
vn 0.8354685 0.1266580 0.5347431
vn 0.7224100 0.0873757 0.6859223
vn 0.7265490 0.0404620 0.6859223
vn 0.8427739 0.0614978 0.5347431
vn 0.6877575 -0.2376980 0.6859223
vn 0.5694963 -0.1279136 0.8119804
vn 0.5628607 -0.1545179 0.8119804
vn 0.6709410 -0.2816893 0.6859223
vn 0.7016930 -0.1927110 0.6859223
vn 0.5748751 -0.1010271 0.8119804
vn 0.5694963 -0.1279136 0.8119804
vn 0.6877575 -0.2376980 0.6859223
vn 0.7126893 -0.1469168 0.6859223
vn 0.5789854 -0.0739176 0.8119804
vn 0.5748751 -0.1010271 0.8119804
vn 0.7016930 -0.1927110 0.6859223
vn 0.7207003 -0.1005072 0.6859223
vn 0.5818180 -0.0466450 0.8119804
vn 0.5789854 -0.0739176 0.8119804
vn 0.7126893 -0.1469168 0.6859223
vn 0.7256924 -0.0536766 0.6859223
vn 0.5833666 -0.0192694 0.8119804
vn 0.5818180 -0.0466450 0.8119804
vn 0.7207003 -0.1005072 0.6859223
vn 0.7276447 -0.0066212 0.6859223
vn 0.5836279 0.0081486 0.8119804
vn 0.5833666 -0.0192694 0.8119804
vn 0.7256924 -0.0536766 0.6859223
vn 0.7265490 0.0404620 0.6859223
vn 0.5826012 0.0355487 0.8119804
vn 0.5836279 0.0081486 0.8119804
vn 0.7276447 -0.0066212 0.6859223
vn 0.7224100 0.0873757 0.6859223
vn 0.5802889 0.0628703 0.8119804
vn 0.5826012 0.0355487 0.8119804
vn 0.7265490 0.0404620 0.6859223
vn 0.5694963 -0.1279136 0.8119804
vn 0.4179621 -0.0172507 0.9083007
vn 0.4176854 -0.0229959 0.9083007
vn 0.5628607 -0.1545179 0.8119804
vn 0.5748751 -0.1010271 0.8119804
vn 0.4181598 -0.0115023 0.9083007
vn 0.4179621 -0.0172507 0.9083007
vn 0.5694963 -0.1279136 0.8119804
vn 0.5789854 -0.0739176 0.8119804
vn 0.4182784 -0.0057517 0.9083007
vn 0.4181598 -0.0115023 0.9083007
vn 0.5748751 -0.1010271 0.8119804
vn 0.5818180 -0.0466450 0.8119804
vn 0.4183179 -0.0000000 0.9083007
vn 0.4182784 -0.0057517 0.9083007
vn 0.5789854 -0.0739176 0.8119804
vn 0.5833666 -0.0192694 0.8119804
vn 0.4182784 0.0057517 0.9083007
vn 0.4183179 -0.0000000 0.9083007
vn 0.5818180 -0.0466450 0.8119804
vn 0.5836279 0.0081486 0.8119804
vn 0.4181598 0.0115023 0.9083007
vn 0.4182784 0.0057517 0.9083007
vn 0.5833666 -0.0192694 0.8119804
vn 0.5826012 0.0355487 0.8119804
vn 0.4179621 0.0172507 0.9083007
vn 0.4181598 0.0115023 0.9083007
vn 0.5836279 0.0081486 0.8119804
vn 0.5802889 0.0628703 0.8119804
vn 0.4176854 0.0229959 0.9083007
vn 0.4179621 0.0172507 0.9083007
vn 0.5826012 0.0355487 0.8119804
vn -0.3980066 0.0219125 0.9171208
vn -0.5627242 0.0609673 0.8243934
vn -0.5649665 0.0344727 0.8243934
vn -0.3982702 0.0164380 0.9171208
vn -0.3982702 0.0164380 0.9171208
vn -0.5649665 0.0344727 0.8243934
vn -0.5659621 0.0079020 0.8243934
vn -0.3984586 0.0109604 0.9171208
vn -0.3984586 0.0109604 0.9171208
vn -0.5659621 0.0079020 0.8243934
vn -0.5657087 -0.0186862 0.8243934
vn -0.3985716 0.0054807 0.9171208
vn -0.3985716 0.0054807 0.9171208
vn -0.5657087 -0.0186862 0.8243934
vn -0.5642070 -0.0452331 0.8243934
vn -0.3986093 -0.0000000 0.9171208
vn -0.3986093 -0.0000000 0.9171208
vn -0.5642070 -0.0452331 0.8243934
vn -0.5614601 -0.0716802 0.8243934
vn -0.3985716 -0.0054807 0.9171208
vn -0.3985716 -0.0054807 0.9171208
vn -0.5614601 -0.0716802 0.8243934
vn -0.5574743 -0.0979691 0.8243934
vn -0.3984586 -0.0109604 0.9171208
vn -0.3984586 -0.0109604 0.9171208
vn -0.5574743 -0.0979691 0.8243934
vn -0.5522582 -0.1240418 0.8243934
vn -0.3982702 -0.0164380 0.9171208
vn -0.3982702 -0.0164380 0.9171208
vn -0.5522582 -0.1240418 0.8243934
vn -0.5458235 -0.1498408 0.8243934
vn -0.3980066 -0.0219125 0.9171208
vn -0.5627242 0.0609673 0.8243934
vn -0.7075390 0.0855771 0.7014736
vn -0.7115928 0.0396291 0.7014736
vn -0.5649665 0.0344727 0.8243934
vn -0.5649665 0.0344727 0.8243934
vn -0.7115928 0.0396291 0.7014736
vn -0.7126660 -0.0064849 0.7014736
vn -0.5659621 0.0079020 0.8243934
vn -0.5659621 0.0079020 0.8243934
vn -0.7126660 -0.0064849 0.7014736
vn -0.7107539 -0.0525717 0.7014736
vn -0.5657087 -0.0186862 0.8243934
vn -0.5657087 -0.0186862 0.8243934
vn -0.7107539 -0.0525717 0.7014736
vn -0.7058645 -0.0984383 0.7014736
vn -0.5642070 -0.0452331 0.8243934
vn -0.5642070 -0.0452331 0.8243934
vn -0.7058645 -0.0984383 0.7014736
vn -0.6980185 -0.1438925 0.7014736
vn -0.5614601 -0.0716802 0.8243934
vn -0.5614601 -0.0716802 0.8243934
vn -0.6980185 -0.1438925 0.7014736
vn -0.6872485 -0.1887440 0.7014736
vn -0.5574743 -0.0979691 0.8243934
vn -0.5574743 -0.0979691 0.8243934
vn -0.6872485 -0.1887440 0.7014736
vn -0.6735998 -0.2328049 0.7014736
vn -0.5522582 -0.1240418 0.8243934
vn -0.5522582 -0.1240418 0.8243934
vn -0.6735998 -0.2328049 0.7014736
vn -0.6571295 -0.2758906 0.7014736
vn -0.5458235 -0.1498408 0.8243934
vn -0.7075390 0.0855771 0.7014736
vn -0.8238585 0.1248979 0.5528631
vn -0.8310624 0.0606432 0.5528631
vn -0.7115928 0.0396291 0.7014736
vn -0.7115928 0.0396291 0.7014736
vn -0.8310624 0.0606432 0.5528631
vn -0.8332626 -0.0039766 0.5528631
vn -0.7126660 -0.0064849 0.7014736
vn -0.7126660 -0.0064849 0.7014736
vn -0.8332626 -0.0039766 0.5528631
vn -0.8304458 -0.0685724 0.5528631
vn -0.7107539 -0.0525717 0.7014736
vn -0.7107539 -0.0525717 0.7014736
vn -0.8304458 -0.0685724 0.5528631
vn -0.8226289 -0.1327554 0.5528631
vn -0.7058645 -0.0984383 0.7014736
vn -0.7058645 -0.0984383 0.7014736
vn -0.8226289 -0.1327554 0.5528631
vn -0.8098591 -0.1961391 0.5528631
vn -0.6980185 -0.1438925 0.7014736
vn -0.6980185 -0.1438925 0.7014736
vn -0.8098591 -0.1961391 0.5528631
vn -0.7922133 -0.2583418 0.5528631
vn -0.6872485 -0.1887440 0.7014736
vn -0.6872485 -0.1887440 0.7014736
vn -0.7922133 -0.2583418 0.5528631
vn -0.7697976 -0.3189891 0.5528631
vn -0.6735998 -0.2328049 0.7014736
vn -0.6735998 -0.2328049 0.7014736
vn -0.7697976 -0.3189891 0.5528631
vn -0.7427470 -0.3777159 0.5528631
vn -0.6571295 -0.2758906 0.7014736
vn -0.8238585 0.1248979 0.5528631
vn -0.9034537 0.1905564 0.3840047
vn -0.9165507 0.1116924 0.3840047
vn -0.8310624 0.0606432 0.5528631
vn -0.8310624 0.0606432 0.5528631
vn -0.9165507 0.1116924 0.3840047
vn -0.9227768 0.0319912 0.3840047
vn -0.8332626 -0.0039766 0.5528631
vn -0.8332626 -0.0039766 0.5528631
vn -0.9227768 0.0319912 0.3840047
vn -0.9220852 -0.0479499 0.3840047
vn -0.8304458 -0.0685724 0.5528631
vn -0.8304458 -0.0685724 0.5528631
vn -0.9220852 -0.0479499 0.3840047
vn -0.9144813 -0.1275315 0.3840047
vn -0.8226289 -0.1327554 0.5528631
vn -0.8226289 -0.1327554 0.5528631
vn -0.9144813 -0.1275315 0.3840047
vn -0.9000220 -0.2061571 0.3840047
vn -0.8098591 -0.1961391 0.5528631
vn -0.8098591 -0.1961391 0.5528631
vn -0.9000220 -0.2061571 0.3840047
vn -0.8788157 -0.2832372 0.3840047
vn -0.7922133 -0.2583418 0.5528631
vn -0.7922133 -0.2583418 0.5528631
vn -0.8788157 -0.2832372 0.3840047
vn -0.8510214 -0.3581940 0.3840047
vn -0.7697976 -0.3189891 0.5528631
vn -0.7697976 -0.3189891 0.5528631
vn -0.8510214 -0.3581940 0.3840047
vn -0.8168474 -0.4304657 0.3840047
vn -0.7427470 -0.3777159 0.5528631
vn -0.9034537 0.1905564 0.3840047
vn -0.9392657 0.2781111 0.2010826
vn -0.9608374 0.1906757 0.2010826
vn -0.9165507 0.1116924 0.3840047
vn -0.9165507 0.1116924 0.3840047
vn -0.9608374 0.1906757 0.2010826
vn -0.9742881 0.1016287 0.2010826
vn -0.9227768 0.0319912 0.3840047
vn -0.9227768 0.0319912 0.3840047
vn -0.9742881 0.1016287 0.2010826
vn -0.9795041 0.0117227 0.2010826
vn -0.9220852 -0.0479499 0.3840047
vn -0.9220852 -0.0479499 0.3840047
vn -0.9795041 0.0117227 0.2010826
vn -0.9764413 -0.0782824 0.2010826
vn -0.9144813 -0.1275315 0.3840047
vn -0.9144813 -0.1275315 0.3840047
vn -0.9764413 -0.0782824 0.2010826
vn -0.9651256 -0.1676258 0.2010826
vn -0.9000220 -0.2061571 0.3840047
vn -0.9000220 -0.2061571 0.3840047
vn -0.9651256 -0.1676258 0.2010826
vn -0.9456525 -0.2555524 0.2010826
vn -0.8788157 -0.2832372 0.3840047
vn -0.8788157 -0.2832372 0.3840047
vn -0.9456525 -0.2555524 0.2010826
vn -0.9181868 -0.3413191 0.2010826
vn -0.8510214 -0.3581940 0.3840047
vn -0.8510214 -0.3581940 0.3840047
vn -0.9181868 -0.3413191 0.2010826
vn -0.8829605 -0.4242010 0.2010826
vn -0.8168474 -0.4304657 0.3840047
vn -0.9392657 0.2781111 0.2010826
vn -0.9304534 0.3662512 0.0107961
vn -0.9606533 0.2775406 0.0107961
vn -0.9608374 0.1906757 0.2010826
vn -0.9608374 0.1906757 0.2010826
vn -0.9606533 0.2775406 0.0107961
vn -0.9824161 0.1863924 0.0107961
vn -0.9742881 0.1016287 0.2010826
vn -0.9742881 0.1016287 0.2010826
vn -0.9824161 0.1863924 0.0107961
vn -0.9955507 0.0936073 0.0107961
vn -0.9795041 0.0117227 0.2010826
vn -0.9795041 0.0117227 0.2010826
vn -0.9955507 0.0936073 0.0107961
vn -0.9999417 -0.0000000 0.0107961
vn -0.9764413 -0.0782824 0.2010826
vn -0.9764413 -0.0782824 0.2010826
vn -0.9999417 -0.0000000 0.0107961
vn -0.9955507 -0.0936073 0.0107961
vn -0.9651256 -0.1676258 0.2010826
vn -0.9651256 -0.1676258 0.2010826
vn -0.9955507 -0.0936073 0.0107961
vn -0.9824161 -0.1863924 0.0107961
vn -0.9456525 -0.2555524 0.2010826
vn -0.9456525 -0.2555524 0.2010826
vn -0.9824161 -0.1863924 0.0107961
vn -0.9606533 -0.2775406 0.0107961
vn -0.9181868 -0.3413191 0.2010826
vn -0.9181868 -0.3413191 0.2010826
vn -0.9606533 -0.2775406 0.0107961
vn -0.9304534 -0.3662512 0.0107961
vn -0.8829605 -0.4242010 0.2010826
vn -0.9304534 0.3662512 0.0107961
vn -0.8866681 0.4259822 -0.1798858
vn -0.9220423 0.3427523 -0.1798858
vn -0.9606533 0.2775406 0.0107961
vn -0.9606533 0.2775406 0.0107961
vn -0.9220423 0.3427523 -0.1798858
vn -0.9496233 0.2566255 -0.1798858
vn -0.9824161 0.1863924 0.0107961
vn -0.9824161 0.1863924 0.0107961
vn -0.9496233 0.2566255 -0.1798858
vn -0.9691781 0.1683297 -0.1798858
vn -0.9955507 0.0936073 0.0107961
vn -0.9955507 0.0936073 0.0107961
vn -0.9691781 0.1683297 -0.1798858
vn -0.9805414 0.0786111 -0.1798858
vn -0.9999417 -0.0000000 0.0107961
vn -0.9999417 -0.0000000 0.0107961
vn -0.9805414 0.0786111 -0.1798858
vn -0.9836171 -0.0117719 -0.1798858
vn -0.9955507 -0.0936073 0.0107961
vn -0.9955507 -0.0936073 0.0107961
vn -0.9836171 -0.0117719 -0.1798858
vn -0.9783792 -0.1020554 -0.1798858
vn -0.9824161 -0.1863924 0.0107961
vn -0.9824161 -0.1863924 0.0107961
vn -0.9783792 -0.1020554 -0.1798858
vn -0.9648720 -0.1914763 -0.1798858
vn -0.9606533 -0.2775406 0.0107961
vn -0.9606533 -0.2775406 0.0107961
vn -0.9648720 -0.1914763 -0.1798858
vn -0.9432096 -0.2792789 -0.1798858
vn -0.9304534 -0.3662512 0.0107961
vn -0.8866681 0.4259822 -0.1798858
vn -0.8239919 0.4342307 -0.3639796
vn -0.8584647 0.3613269 -0.3639796
vn -0.9220423 0.3427523 -0.1798858
vn -0.9220423 0.3427523 -0.1798858
vn -0.8584647 0.3613269 -0.3639796
vn -0.8865022 0.2857145 -0.3639796
vn -0.9496233 0.2566255 -0.1798858
vn -0.9496233 0.2566255 -0.1798858
vn -0.8865022 0.2857145 -0.3639796
vn -0.9078939 0.2079602 -0.3639796
vn -0.9691781 0.1683297 -0.1798858
vn -0.9691781 0.1683297 -0.1798858
vn -0.9078939 0.2079602 -0.3639796
vn -0.9224797 0.1286469 -0.3639796
vn -0.9805414 0.0786111 -0.1798858
vn -0.9805414 0.0786111 -0.1798858
vn -0.9224797 0.1286469 -0.3639796
vn -0.9301501 0.0483693 -0.3639796
vn -0.9836171 -0.0117719 -0.1798858
vn -0.9836171 -0.0117719 -0.1798858
vn -0.9301501 0.0483693 -0.3639796
vn -0.9308477 -0.0322710 -0.3639796
vn -0.9783792 -0.1020554 -0.1798858
vn -0.9783792 -0.1020554 -0.1798858
vn -0.9308477 -0.0322710 -0.3639796
vn -0.9245672 -0.1126693 -0.3639796
vn -0.9648720 -0.1914763 -0.1798858
vn -0.9648720 -0.1914763 -0.1798858
vn -0.9245672 -0.1126693 -0.3639796
vn -0.9113557 -0.1922230 -0.3639796
vn -0.9432096 -0.2792789 -0.1798858
vn -0.8239919 0.4342307 -0.3639796
vn -0.7532139 0.3830387 -0.5347431
vn -0.7806457 0.3234844 -0.5347431
vn -0.8584647 0.3613269 -0.3639796
vn -0.8584647 0.3613269 -0.3639796
vn -0.7806457 0.3234844 -0.5347431
vn -0.8033773 0.2619824 -0.5347431
vn -0.8865022 0.2857145 -0.3639796
vn -0.8865022 0.2857145 -0.3639796
vn -0.8033773 0.2619824 -0.5347431
vn -0.8212718 0.1989031 -0.5347431
vn -0.9078939 0.2079602 -0.3639796
vn -0.9078939 0.2079602 -0.3639796
vn -0.8212718 0.1989031 -0.5347431
vn -0.8342216 0.1346262 -0.5347431
vn -0.9224797 0.1286469 -0.3639796
vn -0.9224797 0.1286469 -0.3639796
vn -0.8342216 0.1346262 -0.5347431
vn -0.8421486 0.0695388 -0.5347431
vn -0.9301501 0.0483693 -0.3639796
vn -0.9301501 0.0483693 -0.3639796
vn -0.8421486 0.0695388 -0.5347431
vn -0.8450051 0.0040326 -0.5347431
vn -0.9308477 -0.0322710 -0.3639796
vn -0.9308477 -0.0322710 -0.3639796
vn -0.8450051 0.0040326 -0.5347431
vn -0.8427739 -0.0614978 -0.5347431
vn -0.9245672 -0.1126693 -0.3639796
vn -0.9245672 -0.1126693 -0.3639796
vn -0.8427739 -0.0614978 -0.5347431
vn -0.8354685 -0.1266580 -0.5347431
vn -0.9113557 -0.1922230 -0.3639796
vn -0.7532139 0.3830387 -0.5347431
vn -0.6709410 0.2816893 -0.6859223
vn -0.6877575 0.2376980 -0.6859223
vn -0.7806457 0.3234844 -0.5347431
vn -0.7806457 0.3234844 -0.5347431
vn -0.6877575 0.2376980 -0.6859223
vn -0.7016930 0.1927110 -0.6859223
vn -0.8033773 0.2619824 -0.5347431
vn -0.8033773 0.2619824 -0.5347431
vn -0.7016930 0.1927110 -0.6859223
vn -0.7126893 0.1469168 -0.6859223
vn -0.8212718 0.1989031 -0.5347431
vn -0.8212718 0.1989031 -0.5347431
vn -0.7126893 0.1469168 -0.6859223
vn -0.7207003 0.1005072 -0.6859223
vn -0.8342216 0.1346262 -0.5347431
vn -0.8342216 0.1346262 -0.5347431
vn -0.7207003 0.1005072 -0.6859223
vn -0.7256924 0.0536766 -0.6859223
vn -0.8421486 0.0695388 -0.5347431
vn -0.8421486 0.0695388 -0.5347431
vn -0.7256924 0.0536766 -0.6859223
vn -0.7276447 0.0066212 -0.6859223
vn -0.8450051 0.0040326 -0.5347431
vn -0.8450051 0.0040326 -0.5347431
vn -0.7276447 0.0066212 -0.6859223
vn -0.7265490 -0.0404620 -0.6859223
vn -0.8427739 -0.0614978 -0.5347431
vn -0.8427739 -0.0614978 -0.5347431
vn -0.7265490 -0.0404620 -0.6859223
vn -0.7224100 -0.0873757 -0.6859223
vn -0.8354685 -0.1266580 -0.5347431
vn -0.6709410 0.2816893 -0.6859223
vn -0.5628607 0.1545179 -0.8119804
vn -0.5694963 0.1279136 -0.8119804
vn -0.6877575 0.2376980 -0.6859223
vn -0.6877575 0.2376980 -0.6859223
vn -0.5694963 0.1279136 -0.8119804
vn -0.5748751 0.1010271 -0.8119804
vn -0.7016930 0.1927110 -0.6859223
vn -0.7016930 0.1927110 -0.6859223
vn -0.5748751 0.1010271 -0.8119804
vn -0.5789854 0.0739176 -0.8119804
vn -0.7126893 0.1469168 -0.6859223
vn -0.7126893 0.1469168 -0.6859223
vn -0.5789854 0.0739176 -0.8119804
vn -0.5818180 0.0466450 -0.8119804
vn -0.7207003 0.1005072 -0.6859223
vn -0.7207003 0.1005072 -0.6859223
vn -0.5818180 0.0466450 -0.8119804
vn -0.5833666 0.0192694 -0.8119804
vn -0.7256924 0.0536766 -0.6859223
vn -0.7256924 0.0536766 -0.6859223
vn -0.5833666 0.0192694 -0.8119804
vn -0.5836279 -0.0081486 -0.8119804
vn -0.7276447 0.0066212 -0.6859223
vn -0.7276447 0.0066212 -0.6859223
vn -0.5836279 -0.0081486 -0.8119804
vn -0.5826012 -0.0355487 -0.8119804
vn -0.7265490 -0.0404620 -0.6859223
vn -0.7265490 -0.0404620 -0.6859223
vn -0.5826012 -0.0355487 -0.8119804
vn -0.5802889 -0.0628703 -0.8119804
vn -0.7224100 -0.0873757 -0.6859223
vn -0.5628607 0.1545179 -0.8119804
vn -0.4176854 0.0229959 -0.9083007
vn -0.4179621 0.0172507 -0.9083007
vn -0.5694963 0.1279136 -0.8119804
vn -0.5694963 0.1279136 -0.8119804
vn -0.4179621 0.0172507 -0.9083007
vn -0.4181598 0.0115023 -0.9083007
vn -0.5748751 0.1010271 -0.8119804
vn -0.5748751 0.1010271 -0.8119804
vn -0.4181598 0.0115023 -0.9083007
vn -0.4182784 0.0057517 -0.9083007
vn -0.5789854 0.0739176 -0.8119804
vn -0.5789854 0.0739176 -0.8119804
vn -0.4182784 0.0057517 -0.9083007
vn -0.4183179 0.0000000 -0.9083007
vn -0.5818180 0.0466450 -0.8119804
vn -0.5818180 0.0466450 -0.8119804
vn -0.4183179 0.0000000 -0.9083007
vn -0.4182784 -0.0057517 -0.9083007
vn -0.5833666 0.0192694 -0.8119804
vn -0.5833666 0.0192694 -0.8119804
vn -0.4182784 -0.0057517 -0.9083007
vn -0.4181598 -0.0115023 -0.9083007
vn -0.5836279 -0.0081486 -0.8119804
vn -0.5836279 -0.0081486 -0.8119804
vn -0.4181598 -0.0115023 -0.9083007
vn -0.4179621 -0.0172507 -0.9083007
vn -0.5826012 -0.0355487 -0.8119804
vn -0.5826012 -0.0355487 -0.8119804
vn -0.4179621 -0.0172507 -0.9083007
vn -0.4176854 -0.0229959 -0.9083007
vn -0.5802889 -0.0628703 -0.8119804
vn -0.9160624 0.0441196 -0.3986014
vn -0.9160624 0.0441196 -0.3986014
vn -0.9160624 0.0441196 -0.3986014
vn -0.9160624 0.0441196 -0.3986014
vn -0.9165825 0.0315199 -0.3986014
vn -0.9165825 0.0315199 -0.3986014
vn -0.9165825 0.0315199 -0.3986014
vn -0.9165825 0.0315199 -0.3986014
vn -0.9169292 0.0189143 -0.3986014
vn -0.9169292 0.0189143 -0.3986014
vn -0.9169292 0.0189143 -0.3986014
vn -0.9169292 0.0189143 -0.3986014
vn -0.9171026 0.0063052 -0.3986014
vn -0.9171026 0.0063052 -0.3986014
vn -0.9171026 0.0063052 -0.3986014
vn -0.9171026 0.0063052 -0.3986014
vn -0.9171026 -0.0063052 -0.3986014
vn -0.9171026 -0.0063052 -0.3986014
vn -0.9171026 -0.0063052 -0.3986014
vn -0.9171026 -0.0063052 -0.3986014
vn -0.9169292 -0.0189143 -0.3986014
vn -0.9169292 -0.0189143 -0.3986014
vn -0.9169292 -0.0189143 -0.3986014
vn -0.9169292 -0.0189143 -0.3986014
vn -0.9165825 -0.0315199 -0.3986014
vn -0.9165825 -0.0315199 -0.3986014
vn -0.9165825 -0.0315199 -0.3986014
vn -0.9165825 -0.0315199 -0.3986014
vn -0.9160624 -0.0441196 -0.3986014
vn -0.9160624 -0.0441196 -0.3986014
vn -0.9160624 -0.0441196 -0.3986014
vn -0.9160624 -0.0441196 -0.3986014
vn -0.5549059 0.8018403 -0.2216566
vn -0.5549059 0.8018403 -0.2216566
vn -0.5549059 0.8018403 -0.2216566
vn -0.5549059 0.8018403 -0.2216566
vn -0.5905176 0.7668016 -0.2516034
vn -0.5905176 0.7668016 -0.2516034
vn -0.5905176 0.7668016 -0.2516034
vn -0.5905176 0.7668016 -0.2516034
vn -0.5664892 0.7946752 -0.2181313
vn -0.5664892 0.7946752 -0.2181313
vn -0.5664892 0.7946752 -0.2181313
vn -0.5664892 0.7946752 -0.2181313
vn -0.4868359 0.8715244 -0.0586173
vn -0.4868359 0.8715244 -0.0586173
vn -0.4868359 0.8715244 -0.0586173
vn -0.4868359 0.8715244 -0.0586173
vn -0.3941337 0.9025544 0.1733613
vn -0.3941337 0.9025544 0.1733613
vn -0.3941337 0.9025544 0.1733613
vn -0.3941337 0.9025544 0.1733613
vn -0.3395057 0.8728403 0.3505505
vn -0.3395057 0.8728403 0.3505505
vn -0.3395057 0.8728403 0.3505505
vn -0.3395057 0.8728403 0.3505505
vn -0.3299618 0.8503445 0.4099261
vn -0.3299618 0.8503445 0.4099261
vn -0.3299618 0.8503445 0.4099261
vn -0.3299618 0.8503445 0.4099261
vn -0.3271584 0.8748911 0.3571174
vn -0.3271584 0.8748911 0.3571174
vn -0.3271584 0.8748911 0.3571174
vn -0.3271584 0.8748911 0.3571174
vn -0.2876715 0.9299001 0.2291964
vn -0.2876715 0.9299001 0.2291964
vn -0.2876715 0.9299001 0.2291964
vn -0.2876715 0.9299001 0.2291964
vn -0.2092179 0.9731069 0.0963888
vn -0.2092179 0.9731069 0.0963888
vn -0.2092179 0.9731069 0.0963888
vn -0.2092179 0.9731069 0.0963888
vn -0.1459274 0.9889069 0.0277188
vn -0.1459274 0.9889069 0.0277188
vn -0.1459274 0.9889069 0.0277188
vn -0.1459274 0.9889069 0.0277188
vn -0.1999128 0.9775077 0.0671826
vn -0.1999128 0.9775077 0.0671826
vn -0.1999128 0.9775077 0.0671826
vn -0.1999128 0.9775077 0.0671826
vn -0.9072528 -0.0436953 0.4183098
vn -0.9072528 -0.0436953 0.4183098
vn -0.9072528 -0.0436953 0.4183098
vn -0.9072528 -0.0436953 0.4183098
vn -0.9077678 -0.0312168 0.4183098
vn -0.9077678 -0.0312168 0.4183098
vn -0.9077678 -0.0312168 0.4183098
vn -0.9077678 -0.0312168 0.4183098
vn -0.9081112 -0.0187325 0.4183098
vn -0.9081112 -0.0187325 0.4183098
vn -0.9081112 -0.0187325 0.4183098
vn -0.9081112 -0.0187325 0.4183098
vn -0.9082830 -0.0062445 0.4183098
vn -0.9082830 -0.0062445 0.4183098
vn -0.9082830 -0.0062445 0.4183098
vn -0.9082830 -0.0062445 0.4183098
vn -0.9082830 0.0062445 0.4183098
vn -0.9082830 0.0062445 0.4183098
vn -0.9082830 0.0062445 0.4183098
vn -0.9082830 0.0062445 0.4183098
vn -0.9081112 0.0187325 0.4183098
vn -0.9081112 0.0187325 0.4183098
vn -0.9081112 0.0187325 0.4183098
vn -0.9081112 0.0187325 0.4183098
vn -0.9077678 0.0312168 0.4183098
vn -0.9077678 0.0312168 0.4183098
vn -0.9077678 0.0312168 0.4183098
vn -0.9077678 0.0312168 0.4183098
vn -0.9072528 0.0436953 0.4183098
vn -0.9072528 0.0436953 0.4183098
vn -0.9072528 0.0436953 0.4183098
vn -0.9072528 0.0436953 0.4183098
vn -0.5607520 -0.7931052 0.2377844
vn -0.5607520 -0.7931052 0.2377844
vn -0.5607520 -0.7931052 0.2377844
vn -0.5607520 -0.7931052 0.2377844
vn -0.5900761 -0.7630206 0.2638368
vn -0.5900761 -0.7630206 0.2638368
vn -0.5900761 -0.7630206 0.2638368
vn -0.5900761 -0.7630206 0.2638368
vn -0.5640692 -0.7943282 0.2255408
vn -0.5640692 -0.7943282 0.2255408
vn -0.5640692 -0.7943282 0.2255408
vn -0.5640692 -0.7943282 0.2255408
vn -0.4859717 -0.8719153 0.0599602
vn -0.4859717 -0.8719153 0.0599602
vn -0.4859717 -0.8719153 0.0599602
vn -0.4859717 -0.8719153 0.0599602
vn -0.3971521 -0.9008017 -0.1755748
vn -0.3971521 -0.9008017 -0.1755748
vn -0.3971521 -0.9008017 -0.1755748
vn -0.3971521 -0.9008017 -0.1755748
vn -0.3463733 -0.8695802 -0.3519316
vn -0.3463733 -0.8695802 -0.3519316
vn -0.3463733 -0.8695802 -0.3519316
vn -0.3463733 -0.8695802 -0.3519316
vn -0.3384407 -0.8477642 -0.4083549
vn -0.3384407 -0.8477642 -0.4083549
vn -0.3384407 -0.8477642 -0.4083549
vn -0.3384407 -0.8477642 -0.4083549
vn -0.3343028 -0.8739216 -0.3528494
vn -0.3343028 -0.8739216 -0.3528494
vn -0.3343028 -0.8739216 -0.3528494
vn -0.3343028 -0.8739216 -0.3528494
vn -0.2914440 -0.9299394 -0.2242167
vn -0.2914440 -0.9299394 -0.2242167
vn -0.2914440 -0.9299394 -0.2242167
vn -0.2914440 -0.9299394 -0.2242167
vn -0.2100330 -0.9732500 -0.0931163
vn -0.2100330 -0.9732500 -0.0931163
vn -0.2100330 -0.9732500 -0.0931163
vn -0.2100330 -0.9732500 -0.0931163
vn -0.1457188 -0.9889757 -0.0263276
vn -0.1457188 -0.9889757 -0.0263276
vn -0.1457188 -0.9889757 -0.0263276
vn -0.1457188 -0.9889757 -0.0263276
vn -0.1970159 -0.9784301 -0.0621225
vn -0.1970159 -0.9784301 -0.0621225
vn -0.1970159 -0.9784301 -0.0621225
vn -0.1970159 -0.9784301 -0.0621225
vn 0.4493532 -0.0342413 -0.8926977
vn 0.5819011 -0.0487326 -0.8117981
vn 0.5807062 -0.0613525 -0.8117981
vn 0.4488789 -0.0399814 -0.8926977
vn 0.5819011 -0.0487326 -0.8117981
vn 0.7004263 -0.0603970 -0.7111647
vn 0.6984605 -0.0799860 -0.7111647
vn 0.5807062 -0.0613525 -0.8117981
vn 0.7004263 -0.0603970 -0.7111647
vn 0.8008902 -0.0814680 -0.5932436
vn 0.7977808 -0.1077398 -0.5932436
vn 0.6984605 -0.0799860 -0.7111647
vn 0.8008902 -0.0814680 -0.5932436
vn 0.8792706 -0.1202209 -0.4609014
vn 0.8742894 -0.1522761 -0.4609014
vn 0.7977808 -0.1077398 -0.5932436
vn 0.8792706 -0.1202209 -0.4609014
vn 0.9313675 -0.1784387 -0.3173552
vn 0.9236658 -0.2147725 -0.3173552
vn 0.8742894 -0.1522761 -0.4609014
vn 0.9313675 -0.1784387 -0.3173552
vn 0.9539811 -0.2496651 -0.1660944
vn 0.9430239 -0.2883030 -0.1660944
vn 0.9236658 -0.2147725 -0.3173552
vn 0.9539811 -0.2496651 -0.1660944
vn 0.9471956 -0.3204744 -0.0107961
vn 0.9331741 -0.3592625 -0.0107961
vn 0.9430239 -0.2883030 -0.1660944
vn 0.9471956 -0.3204744 -0.0107961
vn 0.9158019 -0.3746333 0.1447646
vn 0.8997878 -0.4116129 0.1447646
vn 0.9331741 -0.3592625 -0.0107961
vn 0.9158019 -0.3746333 0.1447646
vn 0.8678954 -0.3983259 0.2968063
vn 0.8516320 -0.4320057 0.2968063
vn 0.8997878 -0.4116129 0.1447646
vn 0.8678954 -0.3983259 0.2968063
vn 0.8108331 -0.3840703 0.4416330
vn 0.7962544 -0.4134480 0.4416330
vn 0.8516320 -0.4320057 0.2968063
vn 0.8108331 -0.3840703 0.4416330
vn 0.7470886 -0.3322656 0.5757240
vn 0.7357676 -0.3566341 0.5757240
vn 0.7962544 -0.4134480 0.4416330
vn 0.7470886 -0.3322656 0.5757240
vn 0.6729405 -0.2509698 0.6958199
vn 0.6656492 -0.2697145 0.6958199
vn 0.7357676 -0.3566341 0.5757240
vn 0.6729405 -0.2509698 0.6958199
vn 0.5811437 -0.1544968 0.7990011
vn 0.5776531 -0.1670752 0.7990011
vn 0.6656492 -0.2697145 0.6958199
vn 0.5811437 -0.1544968 0.7990011
vn 0.4660939 -0.0590943 0.8827595
vn 0.4653006 -0.0650463 0.8827595
vn 0.5776531 -0.1670752 0.7990011
vn 0.4463160 0.0623924 -0.8926977
vn 0.5609465 0.1622431 -0.8117981
vn 0.5643361 0.1500285 -0.8117981
vn 0.4470770 0.0566832 -0.8926977
vn 0.5609465 0.1622431 -0.8117981
vn 0.6515702 0.2640098 -0.7111647
vn 0.6587072 0.2456616 -0.7111647
vn 0.5643361 0.1500285 -0.8117981
vn 0.6515702 0.2640098 -0.7111647
vn 0.7244104 0.3511292 -0.5932436
vn 0.7355567 0.3271368 -0.5932436
vn 0.6587072 0.2456616 -0.7111647
vn 0.7244104 0.3511292 -0.5932436
vn 0.7876063 0.4089575 -0.4609014
vn 0.8020266 0.3798989 -0.4609014
vn 0.7355567 0.3271368 -0.5932436
vn 0.7876063 0.4089575 -0.4609014
vn 0.8457184 0.4290059 -0.3173552
vn 0.8618689 0.3955600 -0.3173552
vn 0.8020266 0.3798989 -0.4609014
vn 0.8457184 0.4290059 -0.3173552
vn 0.8967357 0.4102167 -0.1660944
vn 0.9126955 0.3733625 -0.1660944
vn 0.8618689 0.3955600 -0.3173552
vn 0.8967357 0.4102167 -0.1660944
vn 0.9331741 0.3592625 -0.0107961
vn 0.9471956 0.3204744 -0.0107961
vn 0.9126955 0.3733625 -0.1660944
vn 0.9331741 0.3592625 -0.0107961
vn 0.9462335 0.2892842 0.1447646
vn 0.9572280 0.2505149 0.1447646
vn 0.9471956 0.3204744 -0.0107961
vn 0.9462335 0.2892842 0.1447646
vn 0.9301244 0.2162743 0.2968063
vn 0.9378800 0.1796864 0.2968063
vn 0.9572280 0.2505149 0.1447646
vn 0.9301244 0.2162743 0.2968063
vn 0.8838893 0.1539481 0.4416330
vn 0.8889253 0.1215409 0.4416330
vn 0.9378800 0.1796864 0.2968063
vn 0.8838893 0.1539481 0.4416330
vn 0.8102883 0.1094290 0.5757240
vn 0.8134464 0.0827453 0.5757240
vn 0.8889253 0.1215409 0.4416330
vn 0.8102883 0.1094290 0.5757240
vn 0.7135527 0.0817143 0.6958199
vn 0.7155610 0.0617020 0.6958199
vn 0.8134464 0.0827453 0.5757240
vn 0.7135527 0.0817143 0.6958199
vn 0.5980013 0.0631797 0.7990011
vn 0.5992318 0.0501840 0.7990011
vn 0.7155610 0.0617020 0.6958199
vn 0.5980013 0.0631797 0.7990011
vn 0.4679725 0.0416820 0.8827595
vn 0.4684670 0.0356978 0.8827595
vn 0.5992318 0.0501840 0.7990011
vn 0.8171135 0.1633030 -0.5528631
vn 0.8737221 0.1702869 -0.4556447
vn 0.8845378 0.0999039 -0.4556447
vn 0.8270028 0.1020236 -0.5528631
vn 0.8737221 0.1702869 -0.4556447
vn 0.9218268 0.1608626 -0.3526451
vn 0.9320980 0.0826729 -0.3526451
vn 0.8845378 0.0999039 -0.4556447
vn 0.9218268 0.1608626 -0.3526451
vn 0.9599726 0.1354391 -0.2451712
vn 0.9681299 0.0511417 -0.2451712
vn 0.9320980 0.0826729 -0.3526451
vn 0.9599726 0.1354391 -0.2451712
vn 0.9861578 0.0968464 -0.1345867
vn 0.9908651 0.0085319 -0.1345867
vn 0.9681299 0.0511417 -0.2451712
vn 0.9861578 0.0968464 -0.1345867
vn 0.9985009 0.0499894 -0.0222945
vn 0.9989529 -0.0399506 -0.0222945
vn 0.9908651 0.0085319 -0.1345867
vn 0.9985009 0.0499894 -0.0222945
vn 0.9959158 0.0010848 0.0902806
vn 0.9920246 -0.0879579 0.0902806
vn 0.9989529 -0.0399506 -0.0222945
vn 0.9959158 0.0010848 0.0902806
vn 0.9784831 -0.0434037 0.2017102
vn 0.9708992 -0.1291035 0.2017102
vn 0.9920246 -0.0879579 0.0902806
vn 0.9784831 -0.0434037 0.2017102
vn 0.9473500 -0.0778959 0.3105805
vn 0.9373123 -0.1580677 0.3105805
vn 0.9708992 -0.1291035 0.2017102
vn 0.9473500 -0.0778959 0.3105805
vn 0.9042263 -0.0986204 0.4155102
vn 0.8932839 -0.1714499 0.4155102
vn 0.9373123 -0.1580677 0.3105805
vn 0.9042263 -0.0986204 0.4155102
vn 0.8507377 -0.1041499 0.5151680
vn 0.8404189 -0.1682202 0.5151680
vn 0.8932839 -0.1714499 0.4155102
vn 0.8882988 0.1531451 -0.4329802
vn 0.9318888 0.1395503 -0.3348267
vn 0.9373191 0.0965609 -0.3348267
vn 0.8941662 0.1139955 -0.4329802
vn 0.9318888 0.1395503 -0.3348267
vn 0.9659970 0.1123077 -0.2328880
vn 0.9702388 0.0663319 -0.2328880
vn 0.9373191 0.0965609 -0.3348267
vn 0.9659970 0.1123077 -0.2328880
vn 0.9889575 0.0741481 -0.1283166
vn 0.9913867 0.0262150 -0.1283166
vn 0.9702388 0.0663319 -0.2328880
vn 0.9889575 0.0741481 -0.1283166
vn 0.9993194 0.0293875 -0.0222945
vn 0.9995643 -0.0193416 -0.0222945
vn 0.9913867 0.0262150 -0.1283166
vn 0.9993194 0.0293875 -0.0222945
vn 0.9963278 -0.0166849 0.0839796
vn 0.9943458 -0.0649910 0.0839796
vn 0.9995643 -0.0193416 -0.0222945
vn 0.9963278 -0.0166849 0.0839796
vn 0.9801671 -0.0586208 0.1893044
vn 0.9762541 -0.1053177 0.1893044
vn 0.9943458 -0.0649910 0.0839796
vn 0.9801671 -0.0586208 0.1893044
vn 0.9518655 -0.0916635 0.2924890
vn 0.9465947 -0.1356782 0.2924890
vn 0.9762541 -0.1053177 0.1893044
vn 0.9518655 -0.0916635 0.2924890
vn 0.9129087 -0.1124532 0.3923671
vn 0.9070151 -0.1528777 0.3923671
vn 0.9465947 -0.1356782 0.2924890
vn 0.8235202 0.2401214 -0.5139613
vn 0.8443210 0.2460687 -0.4759961
vn 0.8791303 0.0236152 -0.4759961
vn 0.8573245 0.0289570 -0.5139613
vn 0.8902569 -0.0235426 0.4548499
vn 0.8693607 -0.0290893 0.4933211
vn 0.8350592 -0.2435374 0.4933211
vn 0.8550167 -0.2491145 0.4548499
vn 0.2133708 0.3366932 -0.9171208
vn 0.3123375 0.4720390 -0.8243934
vn 0.3341613 0.4568498 -0.8243934
vn 0.2179800 0.3337276 -0.9171208
vn 0.2087213 0.3395951 -0.9171208
vn 0.2898243 0.4861866 -0.8243934
vn 0.3123375 0.4720390 -0.8243934
vn 0.2133708 0.3366932 -0.9171208
vn 0.2040323 0.3424328 -0.9171208
vn 0.2666716 0.4992612 -0.8243934
vn 0.2898243 0.4861866 -0.8243934
vn 0.2087213 0.3395951 -0.9171208
vn 0.1993047 0.3452058 -0.9171208
vn 0.2429305 0.5112341 -0.8243934
vn 0.2666716 0.4992612 -0.8243934
vn 0.2040323 0.3424328 -0.9171208
vn 0.1945394 0.3479135 -0.9171208
vn 0.2186532 0.5220788 -0.8243934
vn 0.2429305 0.5112341 -0.8243934
vn 0.1993047 0.3452058 -0.9171208
vn 0.1897373 0.3505555 -0.9171208
vn 0.1938934 0.5317714 -0.8243934
vn 0.2186532 0.5220788 -0.8243934
vn 0.1945394 0.3479135 -0.9171208
vn 0.1848994 0.3531311 -0.9171208
vn 0.1687057 0.5402906 -0.8243934
vn 0.1938934 0.5317714 -0.8243934
vn 0.1897373 0.3505555 -0.9171208
vn 0.1800265 0.3556400 -0.9171208
vn 0.1431458 0.5476174 -0.8243934
vn 0.1687057 0.5402906 -0.8243934
vn 0.1848994 0.3531311 -0.9171208
vn 0.3123375 0.4720390 -0.8243934
vn 0.3901162 0.5964429 -0.7014736
vn 0.4278814 0.5699582 -0.7014736
vn 0.3341613 0.4568498 -0.8243934
vn 0.2898243 0.4861866 -0.8243934
vn 0.3507169 0.6204293 -0.7014736
vn 0.3901162 0.5964429 -0.7014736
vn 0.3123375 0.4720390 -0.8243934
vn 0.2666716 0.4992612 -0.8243934
vn 0.3098485 0.6418167 -0.7014736
vn 0.3507169 0.6204293 -0.7014736
vn 0.2898243 0.4861866 -0.8243934
vn 0.2429305 0.5112341 -0.8243934
vn 0.2676822 0.6605158 -0.7014736
vn 0.3098485 0.6418167 -0.7014736
vn 0.2666716 0.4992612 -0.8243934
vn 0.2186532 0.5220788 -0.8243934
vn 0.2243947 0.6764480 -0.7014736
vn 0.2676822 0.6605158 -0.7014736
vn 0.2429305 0.5112341 -0.8243934
vn 0.1938934 0.5317714 -0.8243934
vn 0.1801671 0.6895467 -0.7014736
vn 0.2243947 0.6764480 -0.7014736
vn 0.2186532 0.5220788 -0.8243934
vn 0.1687057 0.5402906 -0.8243934
vn 0.1351849 0.6997570 -0.7014736
vn 0.1801671 0.6895467 -0.7014736
vn 0.1938934 0.5317714 -0.8243934
vn 0.1431458 0.5476174 -0.8243934
vn 0.0896365 0.7070362 -0.7014736
vn 0.1351849 0.6997570 -0.7014736
vn 0.1687057 0.5402906 -0.8243934
vn 0.3901162 0.5964429 -0.7014736
vn 0.4680498 0.6893996 -0.5528631
vn 0.5200940 0.6510335 -0.5528631
vn 0.4278814 0.5699582 -0.7014736
vn 0.3507169 0.6204293 -0.7014736
vn 0.4131875 0.7236149 -0.5528631
vn 0.4680498 0.6893996 -0.5528631
vn 0.3901162 0.5964429 -0.7014736
vn 0.3098485 0.6418167 -0.7014736
vn 0.3558374 0.7534734 -0.5528631
vn 0.4131875 0.7236149 -0.5528631
vn 0.3507169 0.6204293 -0.7014736
vn 0.2676822 0.6605158 -0.7014736
vn 0.2963449 0.7787953 -0.5528631
vn 0.3558374 0.7534734 -0.5528631
vn 0.3098485 0.6418167 -0.7014736
vn 0.2243947 0.6764480 -0.7014736
vn 0.2350681 0.7994281 -0.5528631
vn 0.2963449 0.7787953 -0.5528631
vn 0.2676822 0.6605158 -0.7014736
vn 0.1801671 0.6895467 -0.7014736
vn 0.1723760 0.8152477 -0.5528631
vn 0.2350681 0.7994281 -0.5528631
vn 0.2243947 0.6764480 -0.7014736
vn 0.1351849 0.6997570 -0.7014736
vn 0.1086461 0.8261588 -0.5528631
vn 0.1723760 0.8152477 -0.5528631
vn 0.1801671 0.6895467 -0.7014736
vn 0.0896365 0.7070362 -0.7014736
vn 0.0442620 0.8320957 -0.5528631
vn 0.1086461 0.8261588 -0.5528631
vn 0.1351849 0.6997570 -0.7014736
vn 0.4680498 0.6893996 -0.5528631
vn 0.5550038 0.7379100 -0.3840047
vn 0.6167535 0.6871357 -0.3840047
vn 0.5200940 0.6510335 -0.5528631
vn 0.4131875 0.7236149 -0.5528631
vn 0.4890935 0.7831525 -0.3840047
vn 0.5550038 0.7379100 -0.3840047
vn 0.4680498 0.6893996 -0.5528631
vn 0.3558374 0.7534734 -0.5528631
vn 0.4195168 0.8225242 -0.3840047
vn 0.4890935 0.7831525 -0.3840047
vn 0.4131875 0.7236149 -0.5528631
vn 0.2963449 0.7787953 -0.5528631
vn 0.3467951 0.8557298 -0.3840047
vn 0.4195168 0.8225242 -0.3840047
vn 0.3558374 0.7534734 -0.5528631
vn 0.2350681 0.7994281 -0.5528631
vn 0.2714738 0.8825205 -0.3840047
vn 0.3467951 0.8557298 -0.3840047
vn 0.2963449 0.7787953 -0.5528631
vn 0.1723760 0.8152477 -0.5528631
vn 0.1941173 0.9026953 -0.3840047
vn 0.2714738 0.8825205 -0.3840047
vn 0.2350681 0.7994281 -0.5528631
vn 0.1086461 0.8261588 -0.5528631
vn 0.1153056 0.9161032 -0.3840047
vn 0.1941173 0.9026953 -0.3840047
vn 0.1723760 0.8152477 -0.5528631
vn 0.0442620 0.8320957 -0.5528631
vn 0.0356295 0.9226434 -0.3840047
vn 0.1153056 0.9161032 -0.3840047
vn 0.1086461 0.8261588 -0.5528631
vn 0.5550038 0.7379100 -0.3840047
vn 0.6455487 0.7367718 -0.2010826
vn 0.7104841 0.6743724 -0.2010826
vn 0.6167535 0.6871357 -0.3840047
vn 0.4890935 0.7831525 -0.3840047
vn 0.5751571 0.7929439 -0.2010826
vn 0.6455487 0.7367718 -0.2010826
vn 0.5550038 0.7379100 -0.3840047
vn 0.4195168 0.8225242 -0.3840047
vn 0.4999042 0.8424141 -0.2010826
vn 0.5751571 0.7929439 -0.2010826
vn 0.4890935 0.7831525 -0.3840047
vn 0.3467951 0.8557298 -0.3840047
vn 0.4204261 0.8847642 -0.2010826
vn 0.4999042 0.8424141 -0.2010826
vn 0.4195168 0.8225242 -0.3840047
vn 0.2714738 0.8825205 -0.3840047
vn 0.3373946 0.9196362 -0.2010826
vn 0.4204261 0.8847642 -0.2010826
vn 0.3467951 0.8557298 -0.3840047
vn 0.1941173 0.9026953 -0.3840047
vn 0.2515114 0.9467353 -0.2010826
vn 0.3373946 0.9196362 -0.2010826
vn 0.2714738 0.8825205 -0.3840047
vn 0.1153056 0.9161032 -0.3840047
vn 0.1635024 0.9658327 -0.2010826
vn 0.2515114 0.9467353 -0.2010826
vn 0.1941173 0.9026953 -0.3840047
vn 0.0356295 0.9226434 -0.3840047
vn 0.0741114 0.9767667 -0.2010826
vn 0.1635024 0.9658327 -0.2010826
vn 0.1153056 0.9161032 -0.3840047
vn 0.6455487 0.7367718 -0.2010826
vn 0.7206838 0.6931798 -0.0107961
vn 0.7824095 0.6226707 -0.0107961
vn 0.7104841 0.6743724 -0.2010826
vn 0.5751571 0.7929439 -0.2010826
vn 0.6526286 0.7576010 -0.0107961
vn 0.7206838 0.6931798 -0.0107961
vn 0.6455487 0.7367718 -0.2010826
vn 0.4999042 0.8424141 -0.2010826
vn 0.5788416 0.8153685 -0.0107961
vn 0.6526286 0.7576010 -0.0107961
vn 0.5751571 0.7929439 -0.2010826
vn 0.4204261 0.8847642 -0.2010826
vn 0.4999709 0.8659749 -0.0107961
vn 0.5788416 0.8153685 -0.0107961
vn 0.4999042 0.8424141 -0.2010826
vn 0.3373946 0.9196362 -0.2010826
vn 0.4167091 0.9089758 -0.0107961
vn 0.4999709 0.8659749 -0.0107961
vn 0.4204261 0.8847642 -0.2010826
vn 0.2515114 0.9467353 -0.2010826
vn 0.3297874 0.9439935 -0.0107961
vn 0.4167091 0.9089758 -0.0107961
vn 0.3373946 0.9196362 -0.2010826
vn 0.1635024 0.9658327 -0.2010826
vn 0.2399694 0.9707204 -0.0107961
vn 0.3297874 0.9439935 -0.0107961
vn 0.2515114 0.9467353 -0.2010826
vn 0.0741114 0.9767667 -0.2010826
vn 0.1480439 0.9889219 -0.0107961
vn 0.2399694 0.9707204 -0.0107961
vn 0.1635024 0.9658327 -0.2010826
vn 0.7206838 0.6931798 -0.0107961
vn 0.7578534 0.6271359 0.1798858
vn 0.8122455 0.5548860 0.1798858
vn 0.7824095 0.6226707 -0.0107961
vn 0.6526286 0.7576010 -0.0107961
vn 0.6970559 0.6940852 0.1798858
vn 0.7578534 0.6271359 0.1798858
vn 0.7206838 0.6931798 -0.0107961
vn 0.5788416 0.8153685 -0.0107961
vn 0.6303668 0.7551680 0.1798858
vn 0.6970559 0.6940852 0.1798858
vn 0.6526286 0.7576010 -0.0107961
vn 0.4999709 0.8659749 -0.0107961
vn 0.5583499 0.8098682 0.1798858
vn 0.6303668 0.7551680 0.1798858
vn 0.5788416 0.8153685 -0.0107961
vn 0.4167091 0.9089758 -0.0107961
vn 0.4816138 0.8577233 0.1798858
vn 0.5583499 0.8098682 0.1798858
vn 0.4999709 0.8659749 -0.0107961
vn 0.3297874 0.9439935 -0.0107961
vn 0.4008070 0.8983289 0.1798858
vn 0.4816138 0.8577233 0.1798858
vn 0.4167091 0.9089758 -0.0107961
vn 0.2399694 0.9707204 -0.0107961
vn 0.3166126 0.9313418 0.1798858
vn 0.4008070 0.8983289 0.1798858
vn 0.3297874 0.9439935 -0.0107961
vn 0.1480439 0.9889219 -0.0107961
vn 0.2297422 0.9564829 0.1798858
vn 0.3166126 0.9313418 0.1798858
vn 0.2399694 0.9707204 -0.0107961
vn 0.7578534 0.6271359 0.1798858
vn 0.7421507 0.5627888 0.3639796
vn 0.7880507 0.4964825 0.3639796
vn 0.8122455 0.5548860 0.1798858
vn 0.6970559 0.6940852 0.1798858
vn 0.6906871 0.6248762 0.3639796
vn 0.7421507 0.5627888 0.3639796
vn 0.7578534 0.6271359 0.1798858
vn 0.6303668 0.7551680 0.1798858
vn 0.6340458 0.6822791 0.3639796
vn 0.6906871 0.6248762 0.3639796
vn 0.6970559 0.6940852 0.1798858
vn 0.5583499 0.8098682 0.1798858
vn 0.5726514 0.7345674 0.3639796
vn 0.6340458 0.6822791 0.3639796
vn 0.6303668 0.7551680 0.1798858
vn 0.4816138 0.8577233 0.1798858
vn 0.5069641 0.7813490 0.3639796
vn 0.5726514 0.7345674 0.3639796
vn 0.5583499 0.8098682 0.1798858
vn 0.4008070 0.8983289 0.1798858
vn 0.4374764 0.8222732 0.3639796
vn 0.5069641 0.7813490 0.3639796
vn 0.4816138 0.8577233 0.1798858
vn 0.3166126 0.9313418 0.1798858
vn 0.3647091 0.8570333 0.3639796
vn 0.4374764 0.8222732 0.3639796
vn 0.4008070 0.8983289 0.1798858
vn 0.2297422 0.9564829 0.1798858
vn 0.2892078 0.8853687 0.3639796
vn 0.3647091 0.8570333 0.3639796
vn 0.3166126 0.9313418 0.1798858
vn 0.7421507 0.5627888 0.3639796
vn 0.6704685 0.5143168 0.5347431
vn 0.7083282 0.4607830 0.5347431
vn 0.7880507 0.4964825 0.3639796
vn 0.6906871 0.6248762 0.3639796
vn 0.6285721 0.5647539 0.5347431
vn 0.6704685 0.5143168 0.5347431
vn 0.7421507 0.5627888 0.3639796
vn 0.6340458 0.6822791 0.3639796
vn 0.5828911 0.6117907 0.5347431
vn 0.6285721 0.5647539 0.5347431
vn 0.6906871 0.6248762 0.3639796
vn 0.5726514 0.7345674 0.3639796
vn 0.5337005 0.6551440 0.5347431
vn 0.5828911 0.6117907 0.5347431
vn 0.6340458 0.6822791 0.3639796
vn 0.5069641 0.7813490 0.3639796
vn 0.4812966 0.6945527 0.5347431
vn 0.5337005 0.6551440 0.5347431
vn 0.5726514 0.7345674 0.3639796
vn 0.4374764 0.8222732 0.3639796
vn 0.4259949 0.7297796 0.5347431
vn 0.4812966 0.6945527 0.5347431
vn 0.5069641 0.7813490 0.3639796
vn 0.3647091 0.8570333 0.3639796
vn 0.3681283 0.7606125 0.5347431
vn 0.4259949 0.7297796 0.5347431
vn 0.4374764 0.8222732 0.3639796
vn 0.2892078 0.8853687 0.3639796
vn 0.3080452 0.7868659 0.5347431
vn 0.3681283 0.7606125 0.5347431
vn 0.3647091 0.8570333 0.3639796
vn 0.6704685 0.5143168 0.5347431
vn 0.5497312 0.4767664 0.6859223
vn 0.5794206 0.4402073 0.6859223
vn 0.7083282 0.4607830 0.5347431
vn 0.6285721 0.5647539 0.5347431
vn 0.5177392 0.5113285 0.6859223
vn 0.5497312 0.4767664 0.6859223
vn 0.6704685 0.5143168 0.5347431
vn 0.5828911 0.6117907 0.5347431
vn 0.4835784 0.5437487 0.6859223
vn 0.5177392 0.5113285 0.6859223
vn 0.6285721 0.5647539 0.5347431
vn 0.5337005 0.6551440 0.5347431
vn 0.4473920 0.5738912 0.6859223
vn 0.4835784 0.5437487 0.6859223
vn 0.5828911 0.6117907 0.5347431
vn 0.4812966 0.6945527 0.5347431
vn 0.4093315 0.6016298 0.6859223
vn 0.4473920 0.5738912 0.6859223
vn 0.5337005 0.6551440 0.5347431
vn 0.4259949 0.7297796 0.5347431
vn 0.3695565 0.6268482 0.6859223
vn 0.4093315 0.6016298 0.6859223
vn 0.4812966 0.6945527 0.5347431
vn 0.3681283 0.7606125 0.5347431
vn 0.3282334 0.6494409 0.6859223
vn 0.3695565 0.6268482 0.6859223
vn 0.4259949 0.7297796 0.5347431
vn 0.3080452 0.7868659 0.5347431
vn 0.2855354 0.6693132 0.6859223
vn 0.3282334 0.6494409 0.6859223
vn 0.3681283 0.7606125 0.5347431
vn 0.5497312 0.4767664 0.6859223
vn 0.3955246 0.4292414 0.8119804
vn 0.4152468 0.4101927 0.8119804
vn 0.5794206 0.4402073 0.6859223
vn 0.5177392 0.5113285 0.6859223
vn 0.3749296 0.4473429 0.8119804
vn 0.3955246 0.4292414 0.8119804
vn 0.5497312 0.4767664 0.6859223
vn 0.4835784 0.5437487 0.6859223
vn 0.3535072 0.4644573 0.8119804
vn 0.3749296 0.4473429 0.8119804
vn 0.5177392 0.5113285 0.6859223
vn 0.4473920 0.5738912 0.6859223
vn 0.3313047 0.4805466 0.8119804
vn 0.3535072 0.4644573 0.8119804
vn 0.4835784 0.5437487 0.6859223
vn 0.4093315 0.6016298 0.6859223
vn 0.3083711 0.4955756 0.8119804
vn 0.3313047 0.4805466 0.8119804
vn 0.4473920 0.5738912 0.6859223
vn 0.3695565 0.6268482 0.6859223
vn 0.2847570 0.5095109 0.8119804
vn 0.3083711 0.4955756 0.8119804
vn 0.4093315 0.6016298 0.6859223
vn 0.3282334 0.6494409 0.6859223
vn 0.2605145 0.5223218 0.8119804
vn 0.2847570 0.5095109 0.8119804
vn 0.3695565 0.6268482 0.6859223
vn 0.2855354 0.6693132 0.6859223
vn 0.2356971 0.5339801 0.8119804
vn 0.2605145 0.5223218 0.8119804
vn 0.3282334 0.6494409 0.6859223
vn 0.3955246 0.4292414 0.8119804
vn 0.2239206 0.3533404 0.9083007
vn 0.2287577 0.3502282 0.9083007
vn 0.4152468 0.4101927 0.8119804
vn 0.3749296 0.4473429 0.8119804
vn 0.2190412 0.3563858 0.9083007
vn 0.2239206 0.3533404 0.9083007
vn 0.3955246 0.4292414 0.8119804
vn 0.3535072 0.4644573 0.8119804
vn 0.2141203 0.3593639 0.9083007
vn 0.2190412 0.3563858 0.9083007
vn 0.3749296 0.4473429 0.8119804
vn 0.3313047 0.4805466 0.8119804
vn 0.2091590 0.3622740 0.9083007
vn 0.2141203 0.3593639 0.9083007
vn 0.3535072 0.4644573 0.8119804
vn 0.3083711 0.4955756 0.8119804
vn 0.2041581 0.3651156 0.9083007
vn 0.2091590 0.3622740 0.9083007
vn 0.3313047 0.4805466 0.8119804
vn 0.2847570 0.5095109 0.8119804
vn 0.1991186 0.3678881 0.9083007
vn 0.2041581 0.3651156 0.9083007
vn 0.3083711 0.4955756 0.8119804
vn 0.2605145 0.5223218 0.8119804
vn 0.1940415 0.3705912 0.9083007
vn 0.1991186 0.3678881 0.9083007
vn 0.2847570 0.5095109 0.8119804
vn 0.2356971 0.5339801 0.8119804
vn 0.1889277 0.3732241 0.9083007
vn 0.1940415 0.3705912 0.9083007
vn 0.2605145 0.5223218 0.8119804
vn -0.2179800 -0.3337276 0.9171208
vn -0.3341613 -0.4568498 0.8243934
vn -0.3123375 -0.4720390 0.8243934
vn -0.2133708 -0.3366932 0.9171208
vn -0.2133708 -0.3366932 0.9171208
vn -0.3123375 -0.4720390 0.8243934
vn -0.2898243 -0.4861866 0.8243934
vn -0.2087213 -0.3395951 0.9171208
vn -0.2087213 -0.3395951 0.9171208
vn -0.2898243 -0.4861866 0.8243934
vn -0.2666716 -0.4992612 0.8243934
vn -0.2040323 -0.3424328 0.9171208
vn -0.2040323 -0.3424328 0.9171208
vn -0.2666716 -0.4992612 0.8243934
vn -0.2429305 -0.5112341 0.8243934
vn -0.1993047 -0.3452058 0.9171208
vn -0.1993047 -0.3452058 0.9171208
vn -0.2429305 -0.5112341 0.8243934
vn -0.2186532 -0.5220788 0.8243934
vn -0.1945394 -0.3479135 0.9171208
vn -0.1945394 -0.3479135 0.9171208
vn -0.2186532 -0.5220788 0.8243934
vn -0.1938934 -0.5317714 0.8243934
vn -0.1897373 -0.3505555 0.9171208
vn -0.1897373 -0.3505555 0.9171208
vn -0.1938934 -0.5317714 0.8243934
vn -0.1687057 -0.5402906 0.8243934
vn -0.1848994 -0.3531311 0.9171208
vn -0.1848994 -0.3531311 0.9171208
vn -0.1687057 -0.5402906 0.8243934
vn -0.1431458 -0.5476174 0.8243934
vn -0.1800265 -0.3556400 0.9171208
vn -0.3341613 -0.4568498 0.8243934
vn -0.4278814 -0.5699582 0.7014736
vn -0.3901162 -0.5964429 0.7014736
vn -0.3123375 -0.4720390 0.8243934
vn -0.3123375 -0.4720390 0.8243934
vn -0.3901162 -0.5964429 0.7014736
vn -0.3507169 -0.6204293 0.7014736
vn -0.2898243 -0.4861866 0.8243934
vn -0.2898243 -0.4861866 0.8243934
vn -0.3507169 -0.6204293 0.7014736
vn -0.3098485 -0.6418167 0.7014736
vn -0.2666716 -0.4992612 0.8243934
vn -0.2666716 -0.4992612 0.8243934
vn -0.3098485 -0.6418167 0.7014736
vn -0.2676822 -0.6605158 0.7014736
vn -0.2429305 -0.5112341 0.8243934
vn -0.2429305 -0.5112341 0.8243934
vn -0.2676822 -0.6605158 0.7014736
vn -0.2243947 -0.6764480 0.7014736
vn -0.2186532 -0.5220788 0.8243934
vn -0.2186532 -0.5220788 0.8243934
vn -0.2243947 -0.6764480 0.7014736
vn -0.1801671 -0.6895467 0.7014736
vn -0.1938934 -0.5317714 0.8243934
vn -0.1938934 -0.5317714 0.8243934
vn -0.1801671 -0.6895467 0.7014736
vn -0.1351849 -0.6997570 0.7014736
vn -0.1687057 -0.5402906 0.8243934
vn -0.1687057 -0.5402906 0.8243934
vn -0.1351849 -0.6997570 0.7014736
vn -0.0896365 -0.7070362 0.7014736
vn -0.1431458 -0.5476174 0.8243934
vn -0.4278814 -0.5699582 0.7014736
vn -0.5200940 -0.6510335 0.5528631
vn -0.4680498 -0.6893996 0.5528631
vn -0.3901162 -0.5964429 0.7014736
vn -0.3901162 -0.5964429 0.7014736
vn -0.4680498 -0.6893996 0.5528631
vn -0.4131875 -0.7236149 0.5528631
vn -0.3507169 -0.6204293 0.7014736
vn -0.3507169 -0.6204293 0.7014736
vn -0.4131875 -0.7236149 0.5528631
vn -0.3558374 -0.7534734 0.5528631
vn -0.3098485 -0.6418167 0.7014736
vn -0.3098485 -0.6418167 0.7014736
vn -0.3558374 -0.7534734 0.5528631
vn -0.2963449 -0.7787953 0.5528631
vn -0.2676822 -0.6605158 0.7014736
vn -0.2676822 -0.6605158 0.7014736
vn -0.2963449 -0.7787953 0.5528631
vn -0.2350681 -0.7994281 0.5528631
vn -0.2243947 -0.6764480 0.7014736
vn -0.2243947 -0.6764480 0.7014736
vn -0.2350681 -0.7994281 0.5528631
vn -0.1723760 -0.8152477 0.5528631
vn -0.1801671 -0.6895467 0.7014736
vn -0.1801671 -0.6895467 0.7014736
vn -0.1723760 -0.8152477 0.5528631
vn -0.1086461 -0.8261588 0.5528631
vn -0.1351849 -0.6997570 0.7014736
vn -0.1351849 -0.6997570 0.7014736
vn -0.1086461 -0.8261588 0.5528631
vn -0.0442620 -0.8320957 0.5528631
vn -0.0896365 -0.7070362 0.7014736
vn -0.5200940 -0.6510335 0.5528631
vn -0.6167535 -0.6871357 0.3840047
vn -0.5550038 -0.7379100 0.3840047
vn -0.4680498 -0.6893996 0.5528631
vn -0.4680498 -0.6893996 0.5528631
vn -0.5550038 -0.7379100 0.3840047
vn -0.4890935 -0.7831525 0.3840047
vn -0.4131875 -0.7236149 0.5528631
vn -0.4131875 -0.7236149 0.5528631
vn -0.4890935 -0.7831525 0.3840047
vn -0.4195168 -0.8225242 0.3840047
vn -0.3558374 -0.7534734 0.5528631
vn -0.3558374 -0.7534734 0.5528631
vn -0.4195168 -0.8225242 0.3840047
vn -0.3467951 -0.8557298 0.3840047
vn -0.2963449 -0.7787953 0.5528631
vn -0.2963449 -0.7787953 0.5528631
vn -0.3467951 -0.8557298 0.3840047
vn -0.2714738 -0.8825205 0.3840047
vn -0.2350681 -0.7994281 0.5528631
vn -0.2350681 -0.7994281 0.5528631
vn -0.2714738 -0.8825205 0.3840047
vn -0.1941173 -0.9026953 0.3840047
vn -0.1723760 -0.8152477 0.5528631
vn -0.1723760 -0.8152477 0.5528631
vn -0.1941173 -0.9026953 0.3840047
vn -0.1153056 -0.9161032 0.3840047
vn -0.1086461 -0.8261588 0.5528631
vn -0.1086461 -0.8261588 0.5528631
vn -0.1153056 -0.9161032 0.3840047
vn -0.0356295 -0.9226434 0.3840047
vn -0.0442620 -0.8320957 0.5528631
vn -0.6167535 -0.6871357 0.3840047
vn -0.7104841 -0.6743724 0.2010826
vn -0.6455487 -0.7367718 0.2010826
vn -0.5550038 -0.7379100 0.3840047
vn -0.5550038 -0.7379100 0.3840047
vn -0.6455487 -0.7367718 0.2010826
vn -0.5751571 -0.7929439 0.2010826
vn -0.4890935 -0.7831525 0.3840047
vn -0.4890935 -0.7831525 0.3840047
vn -0.5751571 -0.7929439 0.2010826
vn -0.4999042 -0.8424141 0.2010826
vn -0.4195168 -0.8225242 0.3840047
vn -0.4195168 -0.8225242 0.3840047
vn -0.4999042 -0.8424141 0.2010826
vn -0.4204261 -0.8847642 0.2010826
vn -0.3467951 -0.8557298 0.3840047
vn -0.3467951 -0.8557298 0.3840047
vn -0.4204261 -0.8847642 0.2010826
vn -0.3373946 -0.9196362 0.2010826
vn -0.2714738 -0.8825205 0.3840047
vn -0.2714738 -0.8825205 0.3840047
vn -0.3373946 -0.9196362 0.2010826
vn -0.2515114 -0.9467353 0.2010826
vn -0.1941173 -0.9026953 0.3840047
vn -0.1941173 -0.9026953 0.3840047
vn -0.2515114 -0.9467353 0.2010826
vn -0.1635024 -0.9658327 0.2010826
vn -0.1153056 -0.9161032 0.3840047
vn -0.1153056 -0.9161032 0.3840047
vn -0.1635024 -0.9658327 0.2010826
vn -0.0741114 -0.9767667 0.2010826
vn -0.0356295 -0.9226434 0.3840047
vn -0.7104841 -0.6743724 0.2010826
vn -0.7824095 -0.6226707 0.0107961
vn -0.7206838 -0.6931798 0.0107961
vn -0.6455487 -0.7367718 0.2010826
vn -0.6455487 -0.7367718 0.2010826
vn -0.7206838 -0.6931798 0.0107961
vn -0.6526286 -0.7576010 0.0107961
vn -0.5751571 -0.7929439 0.2010826
vn -0.5751571 -0.7929439 0.2010826
vn -0.6526286 -0.7576010 0.0107961
vn -0.5788416 -0.8153685 0.0107961
vn -0.4999042 -0.8424141 0.2010826
vn -0.4999042 -0.8424141 0.2010826
vn -0.5788416 -0.8153685 0.0107961
vn -0.4999709 -0.8659749 0.0107961
vn -0.4204261 -0.8847642 0.2010826
vn -0.4204261 -0.8847642 0.2010826
vn -0.4999709 -0.8659749 0.0107961
vn -0.4167091 -0.9089758 0.0107961
vn -0.3373946 -0.9196362 0.2010826
vn -0.3373946 -0.9196362 0.2010826
vn -0.4167091 -0.9089758 0.0107961
vn -0.3297874 -0.9439935 0.0107961
vn -0.2515114 -0.9467353 0.2010826
vn -0.2515114 -0.9467353 0.2010826
vn -0.3297874 -0.9439935 0.0107961
vn -0.2399694 -0.9707204 0.0107961
vn -0.1635024 -0.9658327 0.2010826
vn -0.1635024 -0.9658327 0.2010826
vn -0.2399694 -0.9707204 0.0107961
vn -0.1480439 -0.9889219 0.0107961
vn -0.0741114 -0.9767667 0.2010826
vn -0.7824095 -0.6226707 0.0107961
vn -0.8122455 -0.5548860 -0.1798858
vn -0.7578534 -0.6271359 -0.1798858
vn -0.7206838 -0.6931798 0.0107961
vn -0.7206838 -0.6931798 0.0107961
vn -0.7578534 -0.6271359 -0.1798858
vn -0.6970559 -0.6940852 -0.1798858
vn -0.6526286 -0.7576010 0.0107961
vn -0.6526286 -0.7576010 0.0107961
vn -0.6970559 -0.6940852 -0.1798858
vn -0.6303668 -0.7551680 -0.1798858
vn -0.5788416 -0.8153685 0.0107961
vn -0.5788416 -0.8153685 0.0107961
vn -0.6303668 -0.7551680 -0.1798858
vn -0.5583499 -0.8098682 -0.1798858
vn -0.4999709 -0.8659749 0.0107961
vn -0.4999709 -0.8659749 0.0107961
vn -0.5583499 -0.8098682 -0.1798858
vn -0.4816138 -0.8577233 -0.1798858
vn -0.4167091 -0.9089758 0.0107961
vn -0.4167091 -0.9089758 0.0107961
vn -0.4816138 -0.8577233 -0.1798858
vn -0.4008070 -0.8983289 -0.1798858
vn -0.3297874 -0.9439935 0.0107961
vn -0.3297874 -0.9439935 0.0107961
vn -0.4008070 -0.8983289 -0.1798858
vn -0.3166126 -0.9313418 -0.1798858
vn -0.2399694 -0.9707204 0.0107961
vn -0.2399694 -0.9707204 0.0107961
vn -0.3166126 -0.9313418 -0.1798858
vn -0.2297422 -0.9564829 -0.1798858
vn -0.1480439 -0.9889219 0.0107961
vn -0.8122455 -0.5548860 -0.1798858
vn -0.7880507 -0.4964825 -0.3639796
vn -0.7421507 -0.5627888 -0.3639796
vn -0.7578534 -0.6271359 -0.1798858
vn -0.7578534 -0.6271359 -0.1798858
vn -0.7421507 -0.5627888 -0.3639796
vn -0.6906871 -0.6248762 -0.3639796
vn -0.6970559 -0.6940852 -0.1798858
vn -0.6970559 -0.6940852 -0.1798858
vn -0.6906871 -0.6248762 -0.3639796
vn -0.6340458 -0.6822791 -0.3639796
vn -0.6303668 -0.7551680 -0.1798858
vn -0.6303668 -0.7551680 -0.1798858
vn -0.6340458 -0.6822791 -0.3639796
vn -0.5726514 -0.7345674 -0.3639796
vn -0.5583499 -0.8098682 -0.1798858
vn -0.5583499 -0.8098682 -0.1798858
vn -0.5726514 -0.7345674 -0.3639796
vn -0.5069641 -0.7813490 -0.3639796
vn -0.4816138 -0.8577233 -0.1798858
vn -0.4816138 -0.8577233 -0.1798858
vn -0.5069641 -0.7813490 -0.3639796
vn -0.4374764 -0.8222732 -0.3639796
vn -0.4008070 -0.8983289 -0.1798858
vn -0.4008070 -0.8983289 -0.1798858
vn -0.4374764 -0.8222732 -0.3639796
vn -0.3647091 -0.8570333 -0.3639796
vn -0.3166126 -0.9313418 -0.1798858
vn -0.3166126 -0.9313418 -0.1798858
vn -0.3647091 -0.8570333 -0.3639796
vn -0.2892078 -0.8853687 -0.3639796
vn -0.2297422 -0.9564829 -0.1798858
vn -0.7880507 -0.4964825 -0.3639796
vn -0.7083282 -0.4607830 -0.5347431
vn -0.6704685 -0.5143168 -0.5347431
vn -0.7421507 -0.5627888 -0.3639796
vn -0.7421507 -0.5627888 -0.3639796
vn -0.6704685 -0.5143168 -0.5347431
vn -0.6285721 -0.5647539 -0.5347431
vn -0.6906871 -0.6248762 -0.3639796
vn -0.6906871 -0.6248762 -0.3639796
vn -0.6285721 -0.5647539 -0.5347431
vn -0.5828911 -0.6117907 -0.5347431
vn -0.6340458 -0.6822791 -0.3639796
vn -0.6340458 -0.6822791 -0.3639796
vn -0.5828911 -0.6117907 -0.5347431
vn -0.5337005 -0.6551440 -0.5347431
vn -0.5726514 -0.7345674 -0.3639796
vn -0.5726514 -0.7345674 -0.3639796
vn -0.5337005 -0.6551440 -0.5347431
vn -0.4812966 -0.6945527 -0.5347431
vn -0.5069641 -0.7813490 -0.3639796
vn -0.5069641 -0.7813490 -0.3639796
vn -0.4812966 -0.6945527 -0.5347431
vn -0.4259949 -0.7297796 -0.5347431
vn -0.4374764 -0.8222732 -0.3639796
vn -0.4374764 -0.8222732 -0.3639796
vn -0.4259949 -0.7297796 -0.5347431
vn -0.3681283 -0.7606125 -0.5347431
vn -0.3647091 -0.8570333 -0.3639796
vn -0.3647091 -0.8570333 -0.3639796
vn -0.3681283 -0.7606125 -0.5347431
vn -0.3080452 -0.7868659 -0.5347431
vn -0.2892078 -0.8853687 -0.3639796
vn -0.7083282 -0.4607830 -0.5347431
vn -0.5794206 -0.4402073 -0.6859223
vn -0.5497312 -0.4767664 -0.6859223
vn -0.6704685 -0.5143168 -0.5347431
vn -0.6704685 -0.5143168 -0.5347431
vn -0.5497312 -0.4767664 -0.6859223
vn -0.5177392 -0.5113285 -0.6859223
vn -0.6285721 -0.5647539 -0.5347431
vn -0.6285721 -0.5647539 -0.5347431
vn -0.5177392 -0.5113285 -0.6859223
vn -0.4835784 -0.5437487 -0.6859223
vn -0.5828911 -0.6117907 -0.5347431
vn -0.5828911 -0.6117907 -0.5347431
vn -0.4835784 -0.5437487 -0.6859223
vn -0.4473920 -0.5738912 -0.6859223
vn -0.5337005 -0.6551440 -0.5347431
vn -0.5337005 -0.6551440 -0.5347431
vn -0.4473920 -0.5738912 -0.6859223
vn -0.4093315 -0.6016298 -0.6859223
vn -0.4812966 -0.6945527 -0.5347431
vn -0.4812966 -0.6945527 -0.5347431
vn -0.4093315 -0.6016298 -0.6859223
vn -0.3695565 -0.6268482 -0.6859223
vn -0.4259949 -0.7297796 -0.5347431
vn -0.4259949 -0.7297796 -0.5347431
vn -0.3695565 -0.6268482 -0.6859223
vn -0.3282334 -0.6494409 -0.6859223
vn -0.3681283 -0.7606125 -0.5347431
vn -0.3681283 -0.7606125 -0.5347431
vn -0.3282334 -0.6494409 -0.6859223
vn -0.2855354 -0.6693132 -0.6859223
vn -0.3080452 -0.7868659 -0.5347431
vn -0.5794206 -0.4402073 -0.6859223
vn -0.4152468 -0.4101927 -0.8119804
vn -0.3955246 -0.4292414 -0.8119804
vn -0.5497312 -0.4767664 -0.6859223
vn -0.5497312 -0.4767664 -0.6859223
vn -0.3955246 -0.4292414 -0.8119804
vn -0.3749296 -0.4473429 -0.8119804
vn -0.5177392 -0.5113285 -0.6859223
vn -0.5177392 -0.5113285 -0.6859223
vn -0.3749296 -0.4473429 -0.8119804
vn -0.3535072 -0.4644573 -0.8119804
vn -0.4835784 -0.5437487 -0.6859223
vn -0.4835784 -0.5437487 -0.6859223
vn -0.3535072 -0.4644573 -0.8119804
vn -0.3313047 -0.4805466 -0.8119804
vn -0.4473920 -0.5738912 -0.6859223
vn -0.4473920 -0.5738912 -0.6859223
vn -0.3313047 -0.4805466 -0.8119804
vn -0.3083711 -0.4955756 -0.8119804
vn -0.4093315 -0.6016298 -0.6859223
vn -0.4093315 -0.6016298 -0.6859223
vn -0.3083711 -0.4955756 -0.8119804
vn -0.2847570 -0.5095109 -0.8119804
vn -0.3695565 -0.6268482 -0.6859223
vn -0.3695565 -0.6268482 -0.6859223
vn -0.2847570 -0.5095109 -0.8119804
vn -0.2605145 -0.5223218 -0.8119804
vn -0.3282334 -0.6494409 -0.6859223
vn -0.3282334 -0.6494409 -0.6859223
vn -0.2605145 -0.5223218 -0.8119804
vn -0.2356971 -0.5339801 -0.8119804
vn -0.2855354 -0.6693132 -0.6859223
vn -0.4152468 -0.4101927 -0.8119804
vn -0.2287577 -0.3502282 -0.9083007
vn -0.2239206 -0.3533404 -0.9083007
vn -0.3955246 -0.4292414 -0.8119804
vn -0.3955246 -0.4292414 -0.8119804
vn -0.2239206 -0.3533404 -0.9083007
vn -0.2190412 -0.3563858 -0.9083007
vn -0.3749296 -0.4473429 -0.8119804
vn -0.3749296 -0.4473429 -0.8119804
vn -0.2190412 -0.3563858 -0.9083007
vn -0.2141203 -0.3593639 -0.9083007
vn -0.3535072 -0.4644573 -0.8119804
vn -0.3535072 -0.4644573 -0.8119804
vn -0.2141203 -0.3593639 -0.9083007
vn -0.2091590 -0.3622740 -0.9083007
vn -0.3313047 -0.4805466 -0.8119804
vn -0.3313047 -0.4805466 -0.8119804
vn -0.2091590 -0.3622740 -0.9083007
vn -0.2041581 -0.3651156 -0.9083007
vn -0.3083711 -0.4955756 -0.8119804
vn -0.3083711 -0.4955756 -0.8119804
vn -0.2041581 -0.3651156 -0.9083007
vn -0.1991186 -0.3678881 -0.9083007
vn -0.2847570 -0.5095109 -0.8119804
vn -0.2847570 -0.5095109 -0.8119804
vn -0.1991186 -0.3678881 -0.9083007
vn -0.1940415 -0.3705912 -0.9083007
vn -0.2605145 -0.5223218 -0.8119804
vn -0.2605145 -0.5223218 -0.8119804
vn -0.1940415 -0.3705912 -0.9083007
vn -0.1889277 -0.3732241 -0.9083007
vn -0.2356971 -0.5339801 -0.8119804
vn -0.4962399 -0.7712736 -0.3986014
vn -0.4962399 -0.7712736 -0.3986014
vn -0.4962399 -0.7712736 -0.3986014
vn -0.4962399 -0.7712736 -0.3986014
vn -0.4855883 -0.7780237 -0.3986014
vn -0.4855883 -0.7780237 -0.3986014
vn -0.4855883 -0.7780237 -0.3986014
vn -0.4855883 -0.7780237 -0.3986014
vn -0.4748449 -0.7846268 -0.3986014
vn -0.4748449 -0.7846268 -0.3986014
vn -0.4748449 -0.7846268 -0.3986014
vn -0.4748449 -0.7846268 -0.3986014
vn -0.4640117 -0.7910816 -0.3986014
vn -0.4640117 -0.7910816 -0.3986014
vn -0.4640117 -0.7910816 -0.3986014
vn -0.4640117 -0.7910816 -0.3986014
vn -0.4530909 -0.7973867 -0.3986014
vn -0.4530909 -0.7973867 -0.3986014
vn -0.4530909 -0.7973867 -0.3986014
vn -0.4530909 -0.7973867 -0.3986014
vn -0.4420843 -0.8035412 -0.3986014
vn -0.4420843 -0.8035412 -0.3986014
vn -0.4420843 -0.8035412 -0.3986014
vn -0.4420843 -0.8035412 -0.3986014
vn -0.4309942 -0.8095437 -0.3986014
vn -0.4309942 -0.8095437 -0.3986014
vn -0.4309942 -0.8095437 -0.3986014
vn -0.4309942 -0.8095437 -0.3986014
vn -0.4198225 -0.8153931 -0.3986014
vn -0.4198225 -0.8153931 -0.3986014
vn -0.4198225 -0.8153931 -0.3986014
vn -0.4198225 -0.8153931 -0.3986014
vn -0.9718670 -0.0796424 -0.2216566
vn -0.9718670 -0.0796424 -0.2216566
vn -0.9718670 -0.0796424 -0.2216566
vn -0.9718670 -0.0796424 -0.2216566
vn -0.9593285 -0.1280024 -0.2516034
vn -0.9593285 -0.1280024 -0.2516034
vn -0.9593285 -0.1280024 -0.2516034
vn -0.9593285 -0.1280024 -0.2516034
vn -0.9714535 -0.0932564 -0.2181313
vn -0.9714535 -0.0932564 -0.2181313
vn -0.9714535 -0.0932564 -0.2181313
vn -0.9714535 -0.0932564 -0.2181313
vn -0.9981802 0.0141499 -0.0586173
vn -0.9981802 0.0141499 -0.0586173
vn -0.9981802 0.0141499 -0.0586173
vn -0.9981802 0.0141499 -0.0586173
vn -0.9787019 0.1099474 0.1733613
vn -0.9787019 0.1099474 0.1733613
vn -0.9787019 0.1099474 0.1733613
vn -0.9787019 0.1099474 0.1733613
vn -0.9256547 0.1423996 0.3505505
vn -0.9256547 0.1423996 0.3505505
vn -0.9256547 0.1423996 0.3505505
vn -0.9256547 0.1423996 0.3505505
vn -0.9014009 0.1394170 0.4099261
vn -0.9014009 0.1394170 0.4099261
vn -0.9014009 0.1394170 0.4099261
vn -0.9014009 0.1394170 0.4099261
vn -0.9212572 0.1541181 0.3571174
vn -0.9212572 0.1541181 0.3571174
vn -0.9212572 0.1541181 0.3571174
vn -0.9212572 0.1541181 0.3571174
vn -0.9491528 0.2158192 0.2291964
vn -0.9491528 0.2158192 0.2291964
vn -0.9491528 0.2158192 0.2291964
vn -0.9491528 0.2158192 0.2291964
vn -0.9473443 0.3053654 0.0963888
vn -0.9473443 0.3053654 0.0963888
vn -0.9473443 0.3053654 0.0963888
vn -0.9473443 0.3053654 0.0963888
vn -0.9293822 0.3680766 0.0277188
vn -0.9293822 0.3680766 0.0277188
vn -0.9293822 0.3680766 0.0277188
vn -0.9293822 0.3680766 0.0277188
vn -0.9465029 0.3156243 0.0671826
vn -0.9465029 0.3156243 0.0671826
vn -0.9465029 0.3156243 0.0671826
vn -0.9465029 0.3156243 0.0671826
vn -0.4157852 -0.8075516 0.4183098
vn -0.4157852 -0.8075516 0.4183098
vn -0.4157852 -0.8075516 0.4183098
vn -0.4157852 -0.8075516 0.4183098
vn -0.4268494 -0.8017584 0.4183098
vn -0.4268494 -0.8017584 0.4183098
vn -0.4268494 -0.8017584 0.4183098
vn -0.4268494 -0.8017584 0.4183098
vn -0.4378328 -0.7958136 0.4183098
vn -0.4378328 -0.7958136 0.4183098
vn -0.4378328 -0.7958136 0.4183098
vn -0.4378328 -0.7958136 0.4183098
vn -0.4487335 -0.7897184 0.4183098
vn -0.4487335 -0.7897184 0.4183098
vn -0.4487335 -0.7897184 0.4183098
vn -0.4487335 -0.7897184 0.4183098
vn -0.4595494 -0.7834738 0.4183098
vn -0.4595494 -0.7834738 0.4183098
vn -0.4595494 -0.7834738 0.4183098
vn -0.4595494 -0.7834738 0.4183098
vn -0.4702784 -0.7770812 0.4183098
vn -0.4702784 -0.7770812 0.4183098
vn -0.4702784 -0.7770812 0.4183098
vn -0.4702784 -0.7770812 0.4183098
vn -0.4809185 -0.7705416 0.4183098
vn -0.4809185 -0.7705416 0.4183098
vn -0.4809185 -0.7705416 0.4183098
vn -0.4809185 -0.7705416 0.4183098
vn -0.4914676 -0.7638563 0.4183098
vn -0.4914676 -0.7638563 0.4183098
vn -0.4914676 -0.7638563 0.4183098
vn -0.4914676 -0.7638563 0.4183098
vn 0.4064732 -0.8821780 0.2377844
vn 0.4064732 -0.8821780 0.2377844
vn 0.4064732 -0.8821780 0.2377844
vn 0.4064732 -0.8821780 0.2377844
vn 0.3657572 -0.8925312 0.2638368
vn 0.3657572 -0.8925312 0.2638368
vn 0.3657572 -0.8925312 0.2638368
vn 0.3657572 -0.8925312 0.2638368
vn 0.4058738 -0.8856624 0.2255408
vn 0.4058738 -0.8856624 0.2255408
vn 0.4058738 -0.8856624 0.2255408
vn 0.4058738 -0.8856624 0.2255408
vn 0.5121150 -0.8568215 0.0599602
vn 0.5121150 -0.8568215 0.0599602
vn 0.5121150 -0.8568215 0.0599602
vn 0.5121150 -0.8568215 0.0599602
vn 0.5815411 -0.7943447 -0.1755748
vn 0.5815411 -0.7943447 -0.1755748
vn 0.5815411 -0.7943447 -0.1755748
vn 0.5815411 -0.7943447 -0.1755748
vn 0.5798918 -0.7347582 -0.3519316
vn 0.5798918 -0.7347582 -0.3519316
vn 0.5798918 -0.7347582 -0.3519316
vn 0.5798918 -0.7347582 -0.3519316
vn 0.5649650 -0.7169803 -0.4083549
vn 0.5649650 -0.7169803 -0.4083549
vn 0.5649650 -0.7169803 -0.4083549
vn 0.5649650 -0.7169803 -0.4083549
vn 0.5896869 -0.7264755 -0.3528494
vn 0.5896869 -0.7264755 -0.3528494
vn 0.5896869 -0.7264755 -0.3528494
vn 0.5896869 -0.7264755 -0.3528494
vn 0.6596292 -0.7173676 -0.2242167
vn 0.6596292 -0.7173676 -0.2242167
vn 0.6596292 -0.7173676 -0.2242167
vn 0.6596292 -0.7173676 -0.2242167
vn 0.7378427 -0.6685189 -0.0931163
vn 0.7378427 -0.6685189 -0.0931163
vn 0.7378427 -0.6685189 -0.0931163
vn 0.7378427 -0.6685189 -0.0931163
vn 0.7836186 -0.6206841 -0.0263276
vn 0.7836186 -0.6206841 -0.0263276
vn 0.7836186 -0.6206841 -0.0263276
vn 0.7836186 -0.6206841 -0.0263276
vn 0.7488374 -0.6598359 -0.0621225
vn 0.7488374 -0.6598359 -0.0621225
vn 0.7488374 -0.6598359 -0.0621225
vn 0.7488374 -0.6598359 -0.0621225
vn 0.2543304 0.3720307 -0.8926977
vn 0.3331543 0.4795748 -0.8117981
vn 0.3434859 0.4722301 -0.8117981
vn 0.2590643 0.3687499 -0.8926977
vn 0.3331543 0.4795748 -0.8117981
vn 0.4025185 0.5763885 -0.7111647
vn 0.4185001 0.5648915 -0.7111647
vn 0.3434859 0.4722301 -0.8117981
vn 0.4025185 0.5763885 -0.7111647
vn 0.4709985 0.6528572 -0.5932436
vn 0.4921958 0.6370285 -0.5932436
vn 0.4185001 0.5648915 -0.7111647
vn 0.4709985 0.6528572 -0.5932436
vn 0.5437497 0.7013603 -0.4609014
vn 0.5690197 0.6810188 -0.4609014
vn 0.4921958 0.6370285 -0.5932436
vn 0.5437497 0.7013603 -0.4609014
vn 0.6202161 0.7173686 -0.3173552
vn 0.6478313 0.6925318 -0.3173552
vn 0.5690197 0.6810188 -0.4609014
vn 0.6202161 0.7173686 -0.3173552
vn 0.6932069 0.7013393 -0.1660944
vn 0.7211896 0.6725311 -0.1660944
vn 0.6478313 0.6925318 -0.3173552
vn 0.6932069 0.7013393 -0.1660944
vn 0.7511368 0.6600583 -0.0107961
vn 0.7777175 0.6285212 -0.0107961
vn 0.7211896 0.6725311 -0.1660944
vn 0.7511368 0.6600583 -0.0107961
vn 0.7823429 0.6057911 0.1447646
vn 0.8063611 0.5734326 0.1447646
vn 0.7777175 0.6285212 -0.0107961
vn 0.7823429 0.6057911 0.1447646
vn 0.7789081 0.5524565 0.2968063
vn 0.7999439 0.5215321 0.2968063
vn 0.8063611 0.5734326 0.1447646
vn 0.7789081 0.5524565 0.2968063
vn 0.7380312 0.5101669 0.4416330
vn 0.7561837 0.4828525 0.4416330
vn 0.7999439 0.5215321 0.2968063
vn 0.7380312 0.5101669 0.4416330
vn 0.6612947 0.4808650 0.5757240
vn 0.6767380 0.4588764 0.5757240
vn 0.7561837 0.4828525 0.4416330
vn 0.6612947 0.4808650 0.5757240
vn 0.5538165 0.4572986 0.6958199
vn 0.5664042 0.4416119 0.6958199
vn 0.6767380 0.4588764 0.5757240
vn 0.5538165 0.4572986 0.6958199
vn 0.4243700 0.4260368 0.7990011
vn 0.4335179 0.4167246 0.7990011
vn 0.5664042 0.4416119 0.6958199
vn 0.4243700 0.4260368 0.7990011
vn 0.2842241 0.3741020 0.8827595
vn 0.2889820 0.3704390 0.8827595
vn 0.4335179 0.4167246 0.7990011
vn 0.1691246 0.4177172 -0.8926977
vn 0.1399665 0.5669155 -0.8117981
vn 0.1522396 0.5637436 -0.8117981
vn 0.1744494 0.4155216 -0.8926977
vn 0.1399665 0.5669155 -0.8117981
vn 0.0971459 0.6962812 -0.7111647
vn 0.1166044 0.6932880 -0.7111647
vn 0.1522396 0.5637436 -0.8117981
vn 0.0971459 0.6962812 -0.7111647
vn 0.0581184 0.8029224 -0.5932436
vn 0.0844696 0.8005791 -0.5932436
vn 0.1166044 0.6932880 -0.7111647
vn 0.0581184 0.8029224 -0.5932436
vn 0.0396355 0.8865658 -0.4609014
vn 0.0720112 0.8845249 -0.4609014
vn 0.0844696 0.8005791 -0.5932436
vn 0.0396355 0.8865658 -0.4609014
vn 0.0513292 0.9469166 -0.3173552
vn 0.0883694 0.9441804 -0.3173552
vn 0.0720112 0.8845249 -0.4609014
vn 0.0513292 0.9469166 -0.3173552
vn 0.0931098 0.9817042 -0.1660944
vn 0.1330063 0.9770987 -0.1660944
vn 0.0883694 0.9441804 -0.3173552
vn 0.0931098 0.9817042 -0.1660944
vn 0.1554565 0.9877837 -0.0107961
vn 0.1960588 0.9805327 -0.0107961
vn 0.1330063 0.9770987 -0.1660944
vn 0.1554565 0.9877837 -0.0107961
vn 0.2225892 0.9641044 0.1447646
vn 0.2616618 0.9542412 0.1447646
vn 0.1960588 0.9805327 -0.0107961
vn 0.2225892 0.9641044 0.1447646
vn 0.2777632 0.9136485 0.2968063
vn 0.3133270 0.9020711 0.2968063
vn 0.2616618 0.9542412 0.1447646
vn 0.2777632 0.9136485 0.2968063
vn 0.3086216 0.8424446 0.4416330
vn 0.3392051 0.8306023 0.4416330
vn 0.3133270 0.9020711 0.2968063
vn 0.3086216 0.8424446 0.4416330
vn 0.3103759 0.7564447 0.5757240
vn 0.3350637 0.7458379 0.5757240
vn 0.3392051 0.8306023 0.4416330
vn 0.3103759 0.7564447 0.5757240
vn 0.2860097 0.6588119 0.6958199
vn 0.3043450 0.6505450 0.6958199
vn 0.3350637 0.7458379 0.5757240
vn 0.2860097 0.6588119 0.6958199
vn 0.2442854 0.5494742 0.7990011
vn 0.2561553 0.5440420 0.7990011
vn 0.3043450 0.6505450 0.6958199
vn 0.2442854 0.5494742 0.7990011
vn 0.1978885 0.4261171 0.8827595
vn 0.2033183 0.4235532 0.8827595
vn 0.2561553 0.5440420 0.7990011
vn 0.2671322 0.7892926 -0.5528631
vn 0.2893883 0.8418090 -0.4556447
vn 0.3557495 0.8159842 -0.4556447
vn 0.3251463 0.7672172 -0.5528631
vn 0.2893883 0.8418090 -0.4556447
vn 0.3216023 0.8787567 -0.3526451
vn 0.3944522 0.8485570 -0.3526451
vn 0.3557495 0.8159842 -0.4556447
vn 0.3216023 0.8787567 -0.3526451
vn 0.3626926 0.8990802 -0.2451712
vn 0.4397750 0.8639960 -0.2451712
vn 0.3944522 0.8485570 -0.3526451
vn 0.3626926 0.8990802 -0.2451712
vn 0.4092074 0.9024609 -0.1345867
vn 0.4880437 0.8623803 -0.1345867
vn 0.4397750 0.8639960 -0.2451712
vn 0.4092074 0.9024609 -0.1345867
vn 0.4559584 0.8897218 -0.0222945
vn 0.5340747 0.8451433 -0.0222945
vn 0.4880437 0.8623803 -0.1345867
vn 0.4559584 0.8897218 -0.0222945
vn 0.4970185 0.8630307 0.0902806
vn 0.5721861 0.8151395 0.0902806
vn 0.5340747 0.8451433 -0.0222945
vn 0.4970185 0.8630307 0.0902806
vn 0.5268303 0.8256893 0.2017102
vn 0.5972565 0.7762716 0.2017102
vn 0.5721861 0.8151395 0.0902806
vn 0.5268303 0.8256893 0.2017102
vn 0.5411348 0.7814812 0.3105805
vn 0.6055468 0.7327024 0.3105805
vn 0.5972565 0.7762716 0.2017102
vn 0.5411348 0.7814812 0.3105805
vn 0.5375209 0.7337728 0.4155102
vn 0.5951220 0.6878816 0.4155102
vn 0.6055468 0.7327024 0.3105805
vn 0.5375209 0.7337728 0.4155102
vn 0.5155653 0.6846856 0.5151680
vn 0.5658924 0.6437140 0.5151680
vn 0.5951220 0.6878816 0.4155102
vn 0.3115218 0.8458619 -0.4329802
vn 0.3450903 0.8768145 -0.3348267
vn 0.3850354 0.8600226 -0.3348267
vn 0.3483601 0.8313684 -0.4329802
vn 0.3450903 0.8768145 -0.3348267
vn 0.3857372 0.8927318 -0.2328880
vn 0.4276743 0.8734174 -0.2328880
vn 0.3850354 0.8600226 -0.3348267
vn 0.3857372 0.8927318 -0.2328880
vn 0.4302646 0.8935364 -0.1283166
vn 0.4729905 0.8716736 -0.1283166
vn 0.4276743 0.8734174 -0.2328880
vn 0.4302646 0.8935364 -0.1283166
vn 0.4742094 0.8801298 -0.0222945
vn 0.5165325 0.8559773 -0.0222945
vn 0.4729905 0.8716736 -0.1283166
vn 0.4742094 0.8801298 -0.0222945
vn 0.5126134 0.8545027 0.0839796
vn 0.5534568 0.8286332 0.0839796
vn 0.5165325 0.8559773 -0.0222945
vn 0.5126134 0.8545027 0.0839796
vn 0.5408506 0.8195392 0.1893044
vn 0.5793348 0.7928020 0.1893044
vn 0.5534568 0.8286332 0.0839796
vn 0.5408506 0.8195392 0.1893044
vn 0.5553157 0.7785080 0.2924890
vn 0.5907982 0.7519360 0.2924890
vn 0.5793348 0.7928020 0.1893044
vn 0.5553157 0.7785080 0.2924890
vn 0.5538417 0.7343755 0.3923671
vn 0.5859035 0.7090593 0.3923671
vn 0.5907982 0.7519360 0.2924890
vn 0.2038088 0.8332501 -0.5139613
vn 0.2090588 0.8542378 -0.4759961
vn 0.4191138 0.7731568 -0.4759961
vn 0.4035848 0.7569433 -0.5139613
vn 0.4655169 0.7592138 0.4548499
vn 0.4598724 0.7383439 0.4933211
vn 0.6284392 0.6014137 0.4933211
vn 0.6432478 0.6159089 0.4548499
vn -0.1848994 0.3531311 -0.9171208
vn -0.2526290 0.5065117 -0.8243934
vn -0.2285628 0.5178171 -0.8243934
vn -0.1800265 0.3556400 -0.9171208
vn -0.1897373 0.3505555 -0.9171208
vn -0.2761377 0.4940885 -0.8243934
vn -0.2526290 0.5065117 -0.8243934
vn -0.1848994 0.3531311 -0.9171208
vn -0.1945394 0.3479135 -0.9171208
vn -0.2990371 0.4805750 -0.8243934
vn -0.2761377 0.4940885 -0.8243934
vn -0.1897373 0.3505555 -0.9171208
vn -0.1993047 0.3452058 -0.9171208
vn -0.3212765 0.4660010 -0.8243934
vn -0.2990371 0.4805750 -0.8243934
vn -0.1945394 0.3479135 -0.9171208
vn -0.2040323 0.3424328 -0.9171208
vn -0.3428069 0.4503986 -0.8243934
vn -0.3212765 0.4660010 -0.8243934
vn -0.1993047 0.3452058 -0.9171208
vn -0.2087213 0.3395951 -0.9171208
vn -0.3635809 0.4338023 -0.8243934
vn -0.3428069 0.4503986 -0.8243934
vn -0.2040323 0.3424328 -0.9171208
vn -0.2133708 0.3366932 -0.9171208
vn -0.3835525 0.4162487 -0.8243934
vn -0.3635809 0.4338023 -0.8243934
vn -0.2087213 0.3395951 -0.9171208
vn -0.2179800 0.3337276 -0.9171208
vn -0.4026777 0.3977766 -0.8243934
vn -0.3835525 0.4162487 -0.8243934
vn -0.2133708 0.3366932 -0.9171208
vn -0.2526290 0.5065117 -0.8243934
vn -0.3214766 0.6360720 -0.7014736
vn -0.2796576 0.6555353 -0.7014736
vn -0.2285628 0.5178171 -0.8243934
vn -0.2761377 0.4940885 -0.8243934
vn -0.3619491 0.6139444 -0.7014736
vn -0.3214766 0.6360720 -0.7014736
vn -0.2526290 0.5065117 -0.8243934
vn -0.2990371 0.4805750 -0.8243934
vn -0.4009053 0.5892451 -0.7014736
vn -0.3619491 0.6139444 -0.7014736
vn -0.2761377 0.4940885 -0.8243934
vn -0.3212765 0.4660010 -0.8243934
vn -0.4381823 0.5620775 -0.7014736
vn -0.4009053 0.5892451 -0.7014736
vn -0.2990371 0.4805750 -0.8243934
vn -0.3428069 0.4503986 -0.8243934
vn -0.4736238 0.5325555 -0.7014736
vn -0.4381823 0.5620775 -0.7014736
vn -0.3212765 0.4660010 -0.8243934
vn -0.3635809 0.4338023 -0.8243934
vn -0.5070814 0.5008027 -0.7014736
vn -0.4736238 0.5325555 -0.7014736
vn -0.3428069 0.4503986 -0.8243934
vn -0.3835525 0.4162487 -0.8243934
vn -0.5384149 0.4669521 -0.7014736
vn -0.5070814 0.5008027 -0.7014736
vn -0.3635809 0.4338023 -0.8243934
vn -0.4026777 0.3977766 -0.8243934
vn -0.5674931 0.4311455 -0.7014736
vn -0.5384149 0.4669521 -0.7014736
vn -0.3835525 0.4162487 -0.8243934
vn -0.3214766 0.6360720 -0.7014736
vn -0.3630126 0.7500428 -0.5528631
vn -0.3037645 0.7759314 -0.5528631
vn -0.2796576 0.6555353 -0.7014736
vn -0.3619491 0.6139444 -0.7014736
vn -0.4200751 0.7196383 -0.5528631
vn -0.3630126 0.7500428 -0.5528631
vn -0.3214766 0.6360720 -0.7014736
vn -0.4009053 0.5892451 -0.7014736
vn -0.4746084 0.6849009 -0.5528631
vn -0.4200751 0.7196383 -0.5528631
vn -0.3619491 0.6139444 -0.7014736
vn -0.4381823 0.5620775 -0.7014736
vn -0.5262840 0.6460399 -0.5528631
vn -0.4746084 0.6849009 -0.5528631
vn -0.4009053 0.5892451 -0.7014736
vn -0.4736238 0.5325555 -0.7014736
vn -0.5747910 0.6032890 -0.5528631
vn -0.5262840 0.6460399 -0.5528631
vn -0.4381823 0.5620775 -0.7014736
vn -0.5070814 0.5008027 -0.7014736
vn -0.6198372 0.5569059 -0.5528631
vn -0.5747910 0.6032890 -0.5528631
vn -0.4736238 0.5325555 -0.7014736
vn -0.5384149 0.4669521 -0.7014736
vn -0.6611515 0.5071697 -0.5528631
vn -0.6198372 0.5569059 -0.5528631
vn -0.5070814 0.5008027 -0.7014736
vn -0.5674931 0.4311455 -0.7014736
vn -0.6984850 0.4543798 -0.5528631
vn -0.6611515 0.5071697 -0.5528631
vn -0.5384149 0.4669521 -0.7014736
vn -0.3630126 0.7500428 -0.5528631
vn -0.3615469 0.8496024 -0.3840047
vn -0.2867002 0.8776921 -0.3840047
vn -0.3037645 0.7759314 -0.5528631
vn -0.4200751 0.7196383 -0.5528631
vn -0.4336832 0.8151437 -0.3840047
vn -0.3615469 0.8496024 -0.3840047
vn -0.3630126 0.7500428 -0.5528631
vn -0.4746084 0.6849009 -0.5528631
vn -0.5025684 0.7745743 -0.3840047
vn -0.4336832 0.8151437 -0.3840047
vn -0.4200751 0.7196383 -0.5528631
vn -0.5262840 0.6460399 -0.5528631
vn -0.5676862 0.7281983 -0.3840047
vn -0.5025684 0.7745743 -0.3840047
vn -0.4746084 0.6849009 -0.5528631
vn -0.5747910 0.6032890 -0.5528631
vn -0.6285483 0.6763634 -0.3840047
vn -0.5676862 0.7281983 -0.3840047
vn -0.5262840 0.6460399 -0.5528631
vn -0.6198372 0.5569059 -0.5528631
vn -0.6846985 0.6194581 -0.3840047
vn -0.6285483 0.6763634 -0.3840047
vn -0.5747910 0.6032890 -0.5528631
vn -0.6611515 0.5071697 -0.5528631
vn -0.7357158 0.5579091 -0.3840047
vn -0.6846985 0.6194581 -0.3840047
vn -0.6198372 0.5569059 -0.5528631
vn -0.6984850 0.4543798 -0.5528631
vn -0.7812179 0.4921778 -0.3840047
vn -0.7357158 0.5579091 -0.3840047
vn -0.6611515 0.5071697 -0.5528631
vn -0.3615469 0.8496024 -0.3840047
vn -0.3152887 0.9274475 -0.2010826
vn -0.2287815 0.9524835 -0.2010826
vn -0.2867002 0.8776921 -0.3840047
vn -0.4336832 0.8151437 -0.3840047
vn -0.3991311 0.8945726 -0.2010826
vn -0.3152887 0.9274475 -0.2010826
vn -0.3615469 0.8496024 -0.3840047
vn -0.5025684 0.7745743 -0.3840047
vn -0.4795999 0.8541368 -0.2010826
vn -0.3991311 0.8945726 -0.2010826
vn -0.4336832 0.8151437 -0.3840047
vn -0.5676862 0.7281983 -0.3840047
vn -0.5560152 0.8064818 -0.2010826
vn -0.4795999 0.8541368 -0.2010826
vn -0.5025684 0.7745743 -0.3840047
vn -0.6285483 0.6763634 -0.3840047
vn -0.6277310 0.7520104 -0.2010826
vn -0.5560152 0.8064818 -0.2010826
vn -0.5676862 0.7281983 -0.3840047
vn -0.6846985 0.6194581 -0.3840047
vn -0.6941412 0.6911829 -0.2010826
vn -0.6277310 0.7520104 -0.2010826
vn -0.6285483 0.6763634 -0.3840047
vn -0.7357158 0.5579091 -0.3840047
vn -0.7546845 0.6245135 -0.2010826
vn -0.6941412 0.6911829 -0.2010826
vn -0.6846985 0.6194581 -0.3840047
vn -0.7812179 0.4921778 -0.3840047
vn -0.8088491 0.5525657 -0.2010826
vn -0.7546845 0.6245135 -0.2010826
vn -0.7357158 0.5579091 -0.3840047
vn -0.3152887 0.9274475 -0.2010826
vn -0.2399694 0.9707204 -0.0107961
vn -0.1480439 0.9889219 -0.0107961
vn -0.2287815 0.9524835 -0.2010826
vn -0.3991311 0.8945726 -0.2010826
vn -0.3297874 0.9439935 -0.0107961
vn -0.2399694 0.9707204 -0.0107961
vn -0.3152887 0.9274475 -0.2010826
vn -0.4795999 0.8541368 -0.2010826
vn -0.4167091 0.9089758 -0.0107961
vn -0.3297874 0.9439935 -0.0107961
vn -0.3991311 0.8945726 -0.2010826
vn -0.5560152 0.8064818 -0.2010826
vn -0.4999709 0.8659749 -0.0107961
vn -0.4167091 0.9089758 -0.0107961
vn -0.4795999 0.8541368 -0.2010826
vn -0.6277310 0.7520104 -0.2010826
vn -0.5788416 0.8153685 -0.0107961
vn -0.4999709 0.8659749 -0.0107961
vn -0.5560152 0.8064818 -0.2010826
vn -0.6941412 0.6911829 -0.2010826
vn -0.6526286 0.7576010 -0.0107961
vn -0.5788416 0.8153685 -0.0107961
vn -0.6277310 0.7520104 -0.2010826
vn -0.7546845 0.6245135 -0.2010826
vn -0.7206838 0.6931798 -0.0107961
vn -0.6526286 0.7576010 -0.0107961
vn -0.6941412 0.6911829 -0.2010826
vn -0.8088491 0.5525657 -0.2010826
vn -0.7824095 0.6226707 -0.0107961
vn -0.7206838 0.6931798 -0.0107961
vn -0.7546845 0.6245135 -0.2010826
vn -0.2399694 0.9707204 -0.0107961
vn -0.1641889 0.9698882 0.1798858
vn -0.0744226 0.9808682 0.1798858
vn -0.1480439 0.9889219 -0.0107961
vn -0.3297874 0.9439935 -0.0107961
vn -0.2525675 0.9507107 0.1798858
vn -0.1641889 0.9698882 0.1798858
vn -0.2399694 0.9707204 -0.0107961
vn -0.4167091 0.9089758 -0.0107961
vn -0.3388113 0.9234977 0.1798858
vn -0.2525675 0.9507107 0.1798858
vn -0.3297874 0.9439935 -0.0107961
vn -0.4999709 0.8659749 -0.0107961
vn -0.4221915 0.8884793 0.1798858
vn -0.3388113 0.9234977 0.1798858
vn -0.4167091 0.9089758 -0.0107961
vn -0.5788416 0.8153685 -0.0107961
vn -0.5020033 0.8459514 0.1798858
vn -0.4221915 0.8884793 0.1798858
vn -0.4999709 0.8659749 -0.0107961
vn -0.6526286 0.7576010 -0.0107961
vn -0.5775722 0.7962735 0.1798858
vn -0.5020033 0.8459514 0.1798858
vn -0.5788416 0.8153685 -0.0107961
vn -0.7206838 0.6931798 -0.0107961
vn -0.6482594 0.7398655 0.1798858
vn -0.5775722 0.7962735 0.1798858
vn -0.6526286 0.7576010 -0.0107961
vn -0.7824095 0.6226707 -0.0107961
vn -0.7134674 0.6772041 0.1798858
vn -0.6482594 0.7398655 0.1798858
vn -0.7206838 0.6931798 -0.0107961
vn -0.1641889 0.9698882 0.1798858
vn -0.1163141 0.9241157 0.3639796
vn -0.0359411 0.9307132 0.3639796
vn -0.0744226 0.9808682 0.1798858
vn -0.2525675 0.9507107 0.1798858
vn -0.1958151 0.9105906 0.3639796
vn -0.1163141 0.9241157 0.3639796
vn -0.1641889 0.9698882 0.1798858
vn -0.3388113 0.9234977 0.1798858
vn -0.2738482 0.8902393 0.3639796
vn -0.1958151 0.9105906 0.3639796
vn -0.2525675 0.9507107 0.1798858
vn -0.4221915 0.8884793 0.1798858
vn -0.3498283 0.8632143 0.3639796
vn -0.2738482 0.8902393 0.3639796
vn -0.3388113 0.9234977 0.1798858
vn -0.5020033 0.8459514 0.1798858
vn -0.4231860 0.8297183 0.3639796
vn -0.3498283 0.8632143 0.3639796
vn -0.4221915 0.8884793 0.1798858
vn -0.5775722 0.7962735 0.1798858
vn -0.4933713 0.7900023 0.3639796
vn -0.4231860 0.8297183 0.3639796
vn -0.5020033 0.8459514 0.1798858
vn -0.6482594 0.7398655 0.1798858
vn -0.5598581 0.7443640 0.3639796
vn -0.4933713 0.7900023 0.3639796
vn -0.5775722 0.7962735 0.1798858
vn -0.7134674 0.6772041 0.1798858
vn -0.6221479 0.6931456 0.3639796
vn -0.5598581 0.7443640 0.3639796
vn -0.6482594 0.7398655 0.1798858
vn -0.1163141 0.9241157 0.3639796
vn -0.1101771 0.8378012 0.5347431
vn -0.0448857 0.8438217 0.5347431
vn -0.0359411 0.9307132 0.3639796
vn -0.1958151 0.9105906 0.3639796
vn -0.1748052 0.8267363 0.5347431
vn -0.1101771 0.8378012 0.5347431
vn -0.1163141 0.9241157 0.3639796
vn -0.2738482 0.8902393 0.3639796
vn -0.2383808 0.8106938 0.5347431
vn -0.1748052 0.8267363 0.5347431
vn -0.1958151 0.9105906 0.3639796
vn -0.3498283 0.8632143 0.3639796
vn -0.3005211 0.7897702 0.5347431
vn -0.2383808 0.8106938 0.5347431
vn -0.2738482 0.8902393 0.3639796
vn -0.4231860 0.8297183 0.3639796
vn -0.3608519 0.7640914 0.5347431
vn -0.3005211 0.7897702 0.5347431
vn -0.3498283 0.8632143 0.3639796
vn -0.4933713 0.7900023 0.3639796
vn -0.4190102 0.7338122 0.5347431
vn -0.3608519 0.7640914 0.5347431
vn -0.4231860 0.8297183 0.3639796
vn -0.5598581 0.7443640 0.3639796
vn -0.4746456 0.6991147 0.5347431
vn -0.4190102 0.7338122 0.5347431
vn -0.4933713 0.7900023 0.3639796
vn -0.6221479 0.6931456 0.3639796
vn -0.5274233 0.6602079 0.5347431
vn -0.4746456 0.6991147 0.5347431
vn -0.5598581 0.7443640 0.3639796
vn -0.1101771 0.8378012 0.5347431
vn -0.1380262 0.7144644 0.6859223
vn -0.0915204 0.7218966 0.6859223
vn -0.0448857 0.8438217 0.5347431
vn -0.1748052 0.8267363 0.5347431
vn -0.1839539 0.7040395 0.6859223
vn -0.1380262 0.7144644 0.6859223
vn -0.1101771 0.8378012 0.5347431
vn -0.2383808 0.8106938 0.5347431
vn -0.2291110 0.6906655 0.6859223
vn -0.1839539 0.7040395 0.6859223
vn -0.1748052 0.8267363 0.5347431
vn -0.3005211 0.7897702 0.5347431
vn -0.2733083 0.6743984 0.6859223
vn -0.2291110 0.6906655 0.6859223
vn -0.2383808 0.8106938 0.5347431
vn -0.3608519 0.7640914 0.5347431
vn -0.3163609 0.6553064 0.6859223
vn -0.2733083 0.6743984 0.6859223
vn -0.3005211 0.7897702 0.5347431
vn -0.4190102 0.7338122 0.5347431
vn -0.3580882 0.6334694 0.6859223
vn -0.3163609 0.6553064 0.6859223
vn -0.3608519 0.7640914 0.5347431
vn -0.4746456 0.6991147 0.5347431
vn -0.3983156 0.6089789 0.6859223
vn -0.3580882 0.6334694 0.6859223
vn -0.4190102 0.7338122 0.5347431
vn -0.5274233 0.6602079 0.5347431
vn -0.4368746 0.5819375 0.6859223
vn -0.3983156 0.6089789 0.6859223
vn -0.4746456 0.6991147 0.5347431
vn -0.1380262 0.7144644 0.6859223
vn -0.1739717 0.5571551 0.8119804
vn -0.1476139 0.5647106 0.8119804
vn -0.0915204 0.7218966 0.6859223
vn -0.1839539 0.7040395 0.6859223
vn -0.1999455 0.5483700 0.8119804
vn -0.1739717 0.5571551 0.8119804
vn -0.1380262 0.7144644 0.6859223
vn -0.2291110 0.6906655 0.6859223
vn -0.2254782 0.5383749 0.8119804
vn -0.1999455 0.5483700 0.8119804
vn -0.1839539 0.7040395 0.6859223
vn -0.2733083 0.6743984 0.6859223
vn -0.2505132 0.5271916 0.8119804
vn -0.2254782 0.5383749 0.8119804
vn -0.2291110 0.6906655 0.6859223
vn -0.3163609 0.6553064 0.6859223
vn -0.2749955 0.5148450 0.8119804
vn -0.2505132 0.5271916 0.8119804
vn -0.2733083 0.6743984 0.6859223
vn -0.3580882 0.6334694 0.6859223
vn -0.2988708 0.5013623 0.8119804
vn -0.2749955 0.5148450 0.8119804
vn -0.3163609 0.6553064 0.6859223
vn -0.3983156 0.6089789 0.6859223
vn -0.3220867 0.4867731 0.8119804
vn -0.2988708 0.5013623 0.8119804
vn -0.3580882 0.6334694 0.6859223
vn -0.4368746 0.5819375 0.6859223
vn -0.3445918 0.4711098 0.8119804
vn -0.3220867 0.4867731 0.8119804
vn -0.3983156 0.6089789 0.6859223
vn -0.1739717 0.5571551 0.8119804
vn -0.1940415 0.3705912 0.9083007
vn -0.1889277 0.3732241 0.9083007
vn -0.1476139 0.5647106 0.8119804
vn -0.1999455 0.5483700 0.8119804
vn -0.1991186 0.3678881 0.9083007
vn -0.1940415 0.3705912 0.9083007
vn -0.1739717 0.5571551 0.8119804
vn -0.2254782 0.5383749 0.8119804
vn -0.2041581 0.3651156 0.9083007
vn -0.1991186 0.3678881 0.9083007
vn -0.1999455 0.5483700 0.8119804
vn -0.2505132 0.5271916 0.8119804
vn -0.2091590 0.3622740 0.9083007
vn -0.2041581 0.3651156 0.9083007
vn -0.2254782 0.5383749 0.8119804
vn -0.2749955 0.5148450 0.8119804
vn -0.2141203 0.3593639 0.9083007
vn -0.2091590 0.3622740 0.9083007
vn -0.2505132 0.5271916 0.8119804
vn -0.2988708 0.5013623 0.8119804
vn -0.2190412 0.3563858 0.9083007
vn -0.2141203 0.3593639 0.9083007
vn -0.2749955 0.5148450 0.8119804
vn -0.3220867 0.4867731 0.8119804
vn -0.2239206 0.3533404 0.9083007
vn -0.2190412 0.3563858 0.9083007
vn -0.2988708 0.5013623 0.8119804
vn -0.3445918 0.4711098 0.8119804
vn -0.2287577 0.3502282 0.9083007
vn -0.2239206 0.3533404 0.9083007
vn -0.3220867 0.4867731 0.8119804
vn 0.1800265 -0.3556400 0.9171208
vn 0.2285628 -0.5178171 0.8243934
vn 0.2526290 -0.5065117 0.8243934
vn 0.1848994 -0.3531311 0.9171208
vn 0.1848994 -0.3531311 0.9171208
vn 0.2526290 -0.5065117 0.8243934
vn 0.2761377 -0.4940885 0.8243934
vn 0.1897373 -0.3505555 0.9171208
vn 0.1897373 -0.3505555 0.9171208
vn 0.2761377 -0.4940885 0.8243934
vn 0.2990371 -0.4805750 0.8243934
vn 0.1945394 -0.3479135 0.9171208
vn 0.1945394 -0.3479135 0.9171208
vn 0.2990371 -0.4805750 0.8243934
vn 0.3212765 -0.4660010 0.8243934
vn 0.1993047 -0.3452058 0.9171208
vn 0.1993047 -0.3452058 0.9171208
vn 0.3212765 -0.4660010 0.8243934
vn 0.3428069 -0.4503986 0.8243934
vn 0.2040323 -0.3424328 0.9171208
vn 0.2040323 -0.3424328 0.9171208
vn 0.3428069 -0.4503986 0.8243934
vn 0.3635809 -0.4338023 0.8243934
vn 0.2087213 -0.3395951 0.9171208
vn 0.2087213 -0.3395951 0.9171208
vn 0.3635809 -0.4338023 0.8243934
vn 0.3835525 -0.4162487 0.8243934
vn 0.2133708 -0.3366932 0.9171208
vn 0.2133708 -0.3366932 0.9171208
vn 0.3835525 -0.4162487 0.8243934
vn 0.4026777 -0.3977766 0.8243934
vn 0.2179800 -0.3337276 0.9171208
vn 0.2285628 -0.5178171 0.8243934
vn 0.2796576 -0.6555353 0.7014736
vn 0.3214766 -0.6360720 0.7014736
vn 0.2526290 -0.5065117 0.8243934
vn 0.2526290 -0.5065117 0.8243934
vn 0.3214766 -0.6360720 0.7014736
vn 0.3619491 -0.6139444 0.7014736
vn 0.2761377 -0.4940885 0.8243934
vn 0.2761377 -0.4940885 0.8243934
vn 0.3619491 -0.6139444 0.7014736
vn 0.4009053 -0.5892451 0.7014736
vn 0.2990371 -0.4805750 0.8243934
vn 0.2990371 -0.4805750 0.8243934
vn 0.4009053 -0.5892451 0.7014736
vn 0.4381823 -0.5620775 0.7014736
vn 0.3212765 -0.4660010 0.8243934
vn 0.3212765 -0.4660010 0.8243934
vn 0.4381823 -0.5620775 0.7014736
vn 0.4736238 -0.5325555 0.7014736
vn 0.3428069 -0.4503986 0.8243934
vn 0.3428069 -0.4503986 0.8243934
vn 0.4736238 -0.5325555 0.7014736
vn 0.5070814 -0.5008027 0.7014736
vn 0.3635809 -0.4338023 0.8243934
vn 0.3635809 -0.4338023 0.8243934
vn 0.5070814 -0.5008027 0.7014736
vn 0.5384149 -0.4669521 0.7014736
vn 0.3835525 -0.4162487 0.8243934
vn 0.3835525 -0.4162487 0.8243934
vn 0.5384149 -0.4669521 0.7014736
vn 0.5674931 -0.4311455 0.7014736
vn 0.4026777 -0.3977766 0.8243934
vn 0.2796576 -0.6555353 0.7014736
vn 0.3037645 -0.7759314 0.5528631
vn 0.3630126 -0.7500428 0.5528631
vn 0.3214766 -0.6360720 0.7014736
vn 0.3214766 -0.6360720 0.7014736
vn 0.3630126 -0.7500428 0.5528631
vn 0.4200751 -0.7196383 0.5528631
vn 0.3619491 -0.6139444 0.7014736
vn 0.3619491 -0.6139444 0.7014736
vn 0.4200751 -0.7196383 0.5528631
vn 0.4746084 -0.6849009 0.5528631
vn 0.4009053 -0.5892451 0.7014736
vn 0.4009053 -0.5892451 0.7014736
vn 0.4746084 -0.6849009 0.5528631
vn 0.5262840 -0.6460399 0.5528631
vn 0.4381823 -0.5620775 0.7014736
vn 0.4381823 -0.5620775 0.7014736
vn 0.5262840 -0.6460399 0.5528631
vn 0.5747910 -0.6032890 0.5528631
vn 0.4736238 -0.5325555 0.7014736
vn 0.4736238 -0.5325555 0.7014736
vn 0.5747910 -0.6032890 0.5528631
vn 0.6198372 -0.5569059 0.5528631
vn 0.5070814 -0.5008027 0.7014736
vn 0.5070814 -0.5008027 0.7014736
vn 0.6198372 -0.5569059 0.5528631
vn 0.6611515 -0.5071697 0.5528631
vn 0.5384149 -0.4669521 0.7014736
vn 0.5384149 -0.4669521 0.7014736
vn 0.6611515 -0.5071697 0.5528631
vn 0.6984850 -0.4543798 0.5528631
vn 0.5674931 -0.4311455 0.7014736
vn 0.3037645 -0.7759314 0.5528631
vn 0.2867002 -0.8776921 0.3840047
vn 0.3615469 -0.8496024 0.3840047
vn 0.3630126 -0.7500428 0.5528631
vn 0.3630126 -0.7500428 0.5528631
vn 0.3615469 -0.8496024 0.3840047
vn 0.4336832 -0.8151437 0.3840047
vn 0.4200751 -0.7196383 0.5528631
vn 0.4200751 -0.7196383 0.5528631
vn 0.4336832 -0.8151437 0.3840047
vn 0.5025684 -0.7745743 0.3840047
vn 0.4746084 -0.6849009 0.5528631
vn 0.4746084 -0.6849009 0.5528631
vn 0.5025684 -0.7745743 0.3840047
vn 0.5676862 -0.7281983 0.3840047
vn 0.5262840 -0.6460399 0.5528631
vn 0.5262840 -0.6460399 0.5528631
vn 0.5676862 -0.7281983 0.3840047
vn 0.6285483 -0.6763634 0.3840047
vn 0.5747910 -0.6032890 0.5528631
vn 0.5747910 -0.6032890 0.5528631
vn 0.6285483 -0.6763634 0.3840047
vn 0.6846985 -0.6194581 0.3840047
vn 0.6198372 -0.5569059 0.5528631
vn 0.6198372 -0.5569059 0.5528631
vn 0.6846985 -0.6194581 0.3840047
vn 0.7357158 -0.5579091 0.3840047
vn 0.6611515 -0.5071697 0.5528631
vn 0.6611515 -0.5071697 0.5528631
vn 0.7357158 -0.5579091 0.3840047
vn 0.7812179 -0.4921778 0.3840047
vn 0.6984850 -0.4543798 0.5528631
vn 0.2867002 -0.8776921 0.3840047
vn 0.2287815 -0.9524835 0.2010826
vn 0.3152887 -0.9274475 0.2010826
vn 0.3615469 -0.8496024 0.3840047
vn 0.3615469 -0.8496024 0.3840047
vn 0.3152887 -0.9274475 0.2010826
vn 0.3991311 -0.8945726 0.2010826
vn 0.4336832 -0.8151437 0.3840047
vn 0.4336832 -0.8151437 0.3840047
vn 0.3991311 -0.8945726 0.2010826
vn 0.4795999 -0.8541368 0.2010826
vn 0.5025684 -0.7745743 0.3840047
vn 0.5025684 -0.7745743 0.3840047
vn 0.4795999 -0.8541368 0.2010826
vn 0.5560152 -0.8064818 0.2010826
vn 0.5676862 -0.7281983 0.3840047
vn 0.5676862 -0.7281983 0.3840047
vn 0.5560152 -0.8064818 0.2010826
vn 0.6277310 -0.7520104 0.2010826
vn 0.6285483 -0.6763634 0.3840047
vn 0.6285483 -0.6763634 0.3840047
vn 0.6277310 -0.7520104 0.2010826
vn 0.6941412 -0.6911829 0.2010826
vn 0.6846985 -0.6194581 0.3840047
vn 0.6846985 -0.6194581 0.3840047
vn 0.6941412 -0.6911829 0.2010826
vn 0.7546845 -0.6245135 0.2010826
vn 0.7357158 -0.5579091 0.3840047
vn 0.7357158 -0.5579091 0.3840047
vn 0.7546845 -0.6245135 0.2010826
vn 0.8088491 -0.5525657 0.2010826
vn 0.7812179 -0.4921778 0.3840047
vn 0.2287815 -0.9524835 0.2010826
vn 0.1480439 -0.9889219 0.0107961
vn 0.2399694 -0.9707204 0.0107961
vn 0.3152887 -0.9274475 0.2010826
vn 0.3152887 -0.9274475 0.2010826
vn 0.2399694 -0.9707204 0.0107961
vn 0.3297874 -0.9439935 0.0107961
vn 0.3991311 -0.8945726 0.2010826
vn 0.3991311 -0.8945726 0.2010826
vn 0.3297874 -0.9439935 0.0107961
vn 0.4167091 -0.9089758 0.0107961
vn 0.4795999 -0.8541368 0.2010826
vn 0.4795999 -0.8541368 0.2010826
vn 0.4167091 -0.9089758 0.0107961
vn 0.4999709 -0.8659749 0.0107961
vn 0.5560152 -0.8064818 0.2010826
vn 0.5560152 -0.8064818 0.2010826
vn 0.4999709 -0.8659749 0.0107961
vn 0.5788416 -0.8153685 0.0107961
vn 0.6277310 -0.7520104 0.2010826
vn 0.6277310 -0.7520104 0.2010826
vn 0.5788416 -0.8153685 0.0107961
vn 0.6526286 -0.7576010 0.0107961
vn 0.6941412 -0.6911829 0.2010826
vn 0.6941412 -0.6911829 0.2010826
vn 0.6526286 -0.7576010 0.0107961
vn 0.7206838 -0.6931798 0.0107961
vn 0.7546845 -0.6245135 0.2010826
vn 0.7546845 -0.6245135 0.2010826
vn 0.7206838 -0.6931798 0.0107961
vn 0.7824095 -0.6226707 0.0107961
vn 0.8088491 -0.5525657 0.2010826
vn 0.1480439 -0.9889219 0.0107961
vn 0.0744226 -0.9808682 -0.1798858
vn 0.1641889 -0.9698882 -0.1798858
vn 0.2399694 -0.9707204 0.0107961
vn 0.2399694 -0.9707204 0.0107961
vn 0.1641889 -0.9698882 -0.1798858
vn 0.2525675 -0.9507107 -0.1798858
vn 0.3297874 -0.9439935 0.0107961
vn 0.3297874 -0.9439935 0.0107961
vn 0.2525675 -0.9507107 -0.1798858
vn 0.3388113 -0.9234977 -0.1798858
vn 0.4167091 -0.9089758 0.0107961
vn 0.4167091 -0.9089758 0.0107961
vn 0.3388113 -0.9234977 -0.1798858
vn 0.4221915 -0.8884793 -0.1798858
vn 0.4999709 -0.8659749 0.0107961
vn 0.4999709 -0.8659749 0.0107961
vn 0.4221915 -0.8884793 -0.1798858
vn 0.5020033 -0.8459514 -0.1798858
vn 0.5788416 -0.8153685 0.0107961
vn 0.5788416 -0.8153685 0.0107961
vn 0.5020033 -0.8459514 -0.1798858
vn 0.5775722 -0.7962735 -0.1798858
vn 0.6526286 -0.7576010 0.0107961
vn 0.6526286 -0.7576010 0.0107961
vn 0.5775722 -0.7962735 -0.1798858
vn 0.6482594 -0.7398655 -0.1798858
vn 0.7206838 -0.6931798 0.0107961
vn 0.7206838 -0.6931798 0.0107961
vn 0.6482594 -0.7398655 -0.1798858
vn 0.7134674 -0.6772041 -0.1798858
vn 0.7824095 -0.6226707 0.0107961
vn 0.0744226 -0.9808682 -0.1798858
vn 0.0359411 -0.9307132 -0.3639796
vn 0.1163141 -0.9241157 -0.3639796
vn 0.1641889 -0.9698882 -0.1798858
vn 0.1641889 -0.9698882 -0.1798858
vn 0.1163141 -0.9241157 -0.3639796
vn 0.1958151 -0.9105906 -0.3639796
vn 0.2525675 -0.9507107 -0.1798858
vn 0.2525675 -0.9507107 -0.1798858
vn 0.1958151 -0.9105906 -0.3639796
vn 0.2738482 -0.8902393 -0.3639796
vn 0.3388113 -0.9234977 -0.1798858
vn 0.3388113 -0.9234977 -0.1798858
vn 0.2738482 -0.8902393 -0.3639796
vn 0.3498283 -0.8632143 -0.3639796
vn 0.4221915 -0.8884793 -0.1798858
vn 0.4221915 -0.8884793 -0.1798858
vn 0.3498283 -0.8632143 -0.3639796
vn 0.4231860 -0.8297183 -0.3639796
vn 0.5020033 -0.8459514 -0.1798858
vn 0.5020033 -0.8459514 -0.1798858
vn 0.4231860 -0.8297183 -0.3639796
vn 0.4933713 -0.7900023 -0.3639796
vn 0.5775722 -0.7962735 -0.1798858
vn 0.5775722 -0.7962735 -0.1798858
vn 0.4933713 -0.7900023 -0.3639796
vn 0.5598581 -0.7443640 -0.3639796
vn 0.6482594 -0.7398655 -0.1798858
vn 0.6482594 -0.7398655 -0.1798858
vn 0.5598581 -0.7443640 -0.3639796
vn 0.6221479 -0.6931456 -0.3639796
vn 0.7134674 -0.6772041 -0.1798858
vn 0.0359411 -0.9307132 -0.3639796
vn 0.0448857 -0.8438217 -0.5347431
vn 0.1101771 -0.8378012 -0.5347431
vn 0.1163141 -0.9241157 -0.3639796
vn 0.1163141 -0.9241157 -0.3639796
vn 0.1101771 -0.8378012 -0.5347431
vn 0.1748052 -0.8267363 -0.5347431
vn 0.1958151 -0.9105906 -0.3639796
vn 0.1958151 -0.9105906 -0.3639796
vn 0.1748052 -0.8267363 -0.5347431
vn 0.2383808 -0.8106938 -0.5347431
vn 0.2738482 -0.8902393 -0.3639796
vn 0.2738482 -0.8902393 -0.3639796
vn 0.2383808 -0.8106938 -0.5347431
vn 0.3005211 -0.7897702 -0.5347431
vn 0.3498283 -0.8632143 -0.3639796
vn 0.3498283 -0.8632143 -0.3639796
vn 0.3005211 -0.7897702 -0.5347431
vn 0.3608519 -0.7640914 -0.5347431
vn 0.4231860 -0.8297183 -0.3639796
vn 0.4231860 -0.8297183 -0.3639796
vn 0.3608519 -0.7640914 -0.5347431
vn 0.4190102 -0.7338122 -0.5347431
vn 0.4933713 -0.7900023 -0.3639796
vn 0.4933713 -0.7900023 -0.3639796
vn 0.4190102 -0.7338122 -0.5347431
vn 0.4746456 -0.6991147 -0.5347431
vn 0.5598581 -0.7443640 -0.3639796
vn 0.5598581 -0.7443640 -0.3639796
vn 0.4746456 -0.6991147 -0.5347431
vn 0.5274233 -0.6602079 -0.5347431
vn 0.6221479 -0.6931456 -0.3639796
vn 0.0448857 -0.8438217 -0.5347431
vn 0.0915204 -0.7218966 -0.6859223
vn 0.1380262 -0.7144644 -0.6859223
vn 0.1101771 -0.8378012 -0.5347431
vn 0.1101771 -0.8378012 -0.5347431
vn 0.1380262 -0.7144644 -0.6859223
vn 0.1839539 -0.7040395 -0.6859223
vn 0.1748052 -0.8267363 -0.5347431
vn 0.1748052 -0.8267363 -0.5347431
vn 0.1839539 -0.7040395 -0.6859223
vn 0.2291110 -0.6906655 -0.6859223
vn 0.2383808 -0.8106938 -0.5347431
vn 0.2383808 -0.8106938 -0.5347431
vn 0.2291110 -0.6906655 -0.6859223
vn 0.2733083 -0.6743984 -0.6859223
vn 0.3005211 -0.7897702 -0.5347431
vn 0.3005211 -0.7897702 -0.5347431
vn 0.2733083 -0.6743984 -0.6859223
vn 0.3163609 -0.6553064 -0.6859223
vn 0.3608519 -0.7640914 -0.5347431
vn 0.3608519 -0.7640914 -0.5347431
vn 0.3163609 -0.6553064 -0.6859223
vn 0.3580882 -0.6334694 -0.6859223
vn 0.4190102 -0.7338122 -0.5347431
vn 0.4190102 -0.7338122 -0.5347431
vn 0.3580882 -0.6334694 -0.6859223
vn 0.3983156 -0.6089789 -0.6859223
vn 0.4746456 -0.6991147 -0.5347431
vn 0.4746456 -0.6991147 -0.5347431
vn 0.3983156 -0.6089789 -0.6859223
vn 0.4368746 -0.5819375 -0.6859223
vn 0.5274233 -0.6602079 -0.5347431
vn 0.0915204 -0.7218966 -0.6859223
vn 0.1476139 -0.5647106 -0.8119804
vn 0.1739717 -0.5571551 -0.8119804
vn 0.1380262 -0.7144644 -0.6859223
vn 0.1380262 -0.7144644 -0.6859223
vn 0.1739717 -0.5571551 -0.8119804
vn 0.1999455 -0.5483700 -0.8119804
vn 0.1839539 -0.7040395 -0.6859223
vn 0.1839539 -0.7040395 -0.6859223
vn 0.1999455 -0.5483700 -0.8119804
vn 0.2254782 -0.5383749 -0.8119804
vn 0.2291110 -0.6906655 -0.6859223
vn 0.2291110 -0.6906655 -0.6859223
vn 0.2254782 -0.5383749 -0.8119804
vn 0.2505132 -0.5271916 -0.8119804
vn 0.2733083 -0.6743984 -0.6859223
vn 0.2733083 -0.6743984 -0.6859223
vn 0.2505132 -0.5271916 -0.8119804
vn 0.2749955 -0.5148450 -0.8119804
vn 0.3163609 -0.6553064 -0.6859223
vn 0.3163609 -0.6553064 -0.6859223
vn 0.2749955 -0.5148450 -0.8119804
vn 0.2988708 -0.5013623 -0.8119804
vn 0.3580882 -0.6334694 -0.6859223
vn 0.3580882 -0.6334694 -0.6859223
vn 0.2988708 -0.5013623 -0.8119804
vn 0.3220867 -0.4867731 -0.8119804
vn 0.3983156 -0.6089789 -0.6859223
vn 0.3983156 -0.6089789 -0.6859223
vn 0.3220867 -0.4867731 -0.8119804
vn 0.3445918 -0.4711098 -0.8119804
vn 0.4368746 -0.5819375 -0.6859223
vn 0.1476139 -0.5647106 -0.8119804
vn 0.1889277 -0.3732241 -0.9083007
vn 0.1940415 -0.3705912 -0.9083007
vn 0.1739717 -0.5571551 -0.8119804
vn 0.1739717 -0.5571551 -0.8119804
vn 0.1940415 -0.3705912 -0.9083007
vn 0.1991186 -0.3678881 -0.9083007
vn 0.1999455 -0.5483700 -0.8119804
vn 0.1999455 -0.5483700 -0.8119804
vn 0.1991186 -0.3678881 -0.9083007
vn 0.2041581 -0.3651156 -0.9083007
vn 0.2254782 -0.5383749 -0.8119804
vn 0.2254782 -0.5383749 -0.8119804
vn 0.2041581 -0.3651156 -0.9083007
vn 0.2091590 -0.3622740 -0.9083007
vn 0.2505132 -0.5271916 -0.8119804
vn 0.2505132 -0.5271916 -0.8119804
vn 0.2091590 -0.3622740 -0.9083007
vn 0.2141203 -0.3593639 -0.9083007
vn 0.2749955 -0.5148450 -0.8119804
vn 0.2749955 -0.5148450 -0.8119804
vn 0.2141203 -0.3593639 -0.9083007
vn 0.2190412 -0.3563858 -0.9083007
vn 0.2988708 -0.5013623 -0.8119804
vn 0.2988708 -0.5013623 -0.8119804
vn 0.2190412 -0.3563858 -0.9083007
vn 0.2239206 -0.3533404 -0.9083007
vn 0.3220867 -0.4867731 -0.8119804
vn 0.3220867 -0.4867731 -0.8119804
vn 0.2239206 -0.3533404 -0.9083007
vn 0.2287577 -0.3502282 -0.9083007
vn 0.3445918 -0.4711098 -0.8119804
vn 0.4198225 -0.8153931 -0.3986014
vn 0.4198225 -0.8153931 -0.3986014
vn 0.4198225 -0.8153931 -0.3986014
vn 0.4198225 -0.8153931 -0.3986014
vn 0.4309942 -0.8095437 -0.3986014
vn 0.4309942 -0.8095437 -0.3986014
vn 0.4309942 -0.8095437 -0.3986014
vn 0.4309942 -0.8095437 -0.3986014
vn 0.4420843 -0.8035412 -0.3986014
vn 0.4420843 -0.8035412 -0.3986014
vn 0.4420843 -0.8035412 -0.3986014
vn 0.4420843 -0.8035412 -0.3986014
vn 0.4530909 -0.7973867 -0.3986014
vn 0.4530909 -0.7973867 -0.3986014
vn 0.4530909 -0.7973867 -0.3986014
vn 0.4530909 -0.7973867 -0.3986014
vn 0.4640117 -0.7910816 -0.3986014
vn 0.4640117 -0.7910816 -0.3986014
vn 0.4640117 -0.7910816 -0.3986014
vn 0.4640117 -0.7910816 -0.3986014
vn 0.4748449 -0.7846268 -0.3986014
vn 0.4748449 -0.7846268 -0.3986014
vn 0.4748449 -0.7846268 -0.3986014
vn 0.4748449 -0.7846268 -0.3986014
vn 0.4855883 -0.7780237 -0.3986014
vn 0.4855883 -0.7780237 -0.3986014
vn 0.4855883 -0.7780237 -0.3986014
vn 0.4855883 -0.7780237 -0.3986014
vn 0.4962399 -0.7712736 -0.3986014
vn 0.4962399 -0.7712736 -0.3986014
vn 0.4962399 -0.7712736 -0.3986014
vn 0.4962399 -0.7712736 -0.3986014
vn -0.4169611 -0.8814827 -0.2216566
vn -0.4169611 -0.8814827 -0.2216566
vn -0.4169611 -0.8814827 -0.2216566
vn -0.4169611 -0.8814827 -0.2216566
vn -0.3688109 -0.8948040 -0.2516034
vn -0.3688109 -0.8948040 -0.2516034
vn -0.3688109 -0.8948040 -0.2516034
vn -0.3688109 -0.8948040 -0.2516034
vn -0.4049643 -0.8879317 -0.2181313
vn -0.4049643 -0.8879317 -0.2181313
vn -0.4049643 -0.8879317 -0.2181313
vn -0.4049643 -0.8879317 -0.2181313
vn -0.5113443 -0.8573745 -0.0586173
vn -0.5113443 -0.8573745 -0.0586173
vn -0.5113443 -0.8573745 -0.0586173
vn -0.5113443 -0.8573745 -0.0586173
vn -0.5845682 -0.7926070 0.1733613
vn -0.5845682 -0.7926070 0.1733613
vn -0.5845682 -0.7926070 0.1733613
vn -0.5845682 -0.7926070 0.1733613
vn -0.5861490 -0.7304407 0.3505505
vn -0.5861490 -0.7304407 0.3505505
vn -0.5861490 -0.7304407 0.3505505
vn -0.5861490 -0.7304407 0.3505505
vn -0.5714391 -0.7109276 0.4099261
vn -0.5714391 -0.7109276 0.4099261
vn -0.5714391 -0.7109276 0.4099261
vn -0.5714391 -0.7109276 0.4099261
vn -0.5940987 -0.7207731 0.3571174
vn -0.5940987 -0.7207731 0.3571174
vn -0.5940987 -0.7207731 0.3571174
vn -0.5940987 -0.7207731 0.3571174
vn -0.6614813 -0.7140808 0.2291964
vn -0.6614813 -0.7140808 0.2291964
vn -0.6614813 -0.7140808 0.2291964
vn -0.6614813 -0.7140808 0.2291964
vn -0.7381263 -0.6677415 0.0963888
vn -0.7381263 -0.6677415 0.0963888
vn -0.7381263 -0.6677415 0.0963888
vn -0.7381263 -0.6677415 0.0963888
vn -0.7834548 -0.6208303 0.0277188
vn -0.7834548 -0.6208303 0.0277188
vn -0.7834548 -0.6208303 0.0277188
vn -0.7834548 -0.6208303 0.0277188
vn -0.7465901 -0.6618835 0.0671826
vn -0.7465901 -0.6618835 0.0671826
vn -0.7465901 -0.6618835 0.0671826
vn -0.7465901 -0.6618835 0.0671826
vn 0.4914676 -0.7638563 0.4183098
vn 0.4914676 -0.7638563 0.4183098
vn 0.4914676 -0.7638563 0.4183098
vn 0.4914676 -0.7638563 0.4183098
vn 0.4809185 -0.7705416 0.4183098
vn 0.4809185 -0.7705416 0.4183098
vn 0.4809185 -0.7705416 0.4183098
vn 0.4809185 -0.7705416 0.4183098
vn 0.4702784 -0.7770812 0.4183098
vn 0.4702784 -0.7770812 0.4183098
vn 0.4702784 -0.7770812 0.4183098
vn 0.4702784 -0.7770812 0.4183098
vn 0.4595494 -0.7834738 0.4183098
vn 0.4595494 -0.7834738 0.4183098
vn 0.4595494 -0.7834738 0.4183098
vn 0.4595494 -0.7834738 0.4183098
vn 0.4487335 -0.7897184 0.4183098
vn 0.4487335 -0.7897184 0.4183098
vn 0.4487335 -0.7897184 0.4183098
vn 0.4487335 -0.7897184 0.4183098
vn 0.4378328 -0.7958136 0.4183098
vn 0.4378328 -0.7958136 0.4183098
vn 0.4378328 -0.7958136 0.4183098
vn 0.4378328 -0.7958136 0.4183098
vn 0.4268494 -0.8017584 0.4183098
vn 0.4268494 -0.8017584 0.4183098
vn 0.4268494 -0.8017584 0.4183098
vn 0.4268494 -0.8017584 0.4183098
vn 0.4157852 -0.8075516 0.4183098
vn 0.4157852 -0.8075516 0.4183098
vn 0.4157852 -0.8075516 0.4183098
vn 0.4157852 -0.8075516 0.4183098
vn 0.9672252 -0.0890729 0.2377844
vn 0.9672252 -0.0890729 0.2377844
vn 0.9672252 -0.0890729 0.2377844
vn 0.9672252 -0.0890729 0.2377844
vn 0.9558332 -0.1295106 0.2638368
vn 0.9558332 -0.1295106 0.2638368
vn 0.9558332 -0.1295106 0.2638368
vn 0.9558332 -0.1295106 0.2638368
vn 0.9699430 -0.0913342 0.2255408
vn 0.9699430 -0.0913342 0.2255408
vn 0.9699430 -0.0913342 0.2255408
vn 0.9699430 -0.0913342 0.2255408
vn 0.9980866 0.0150939 0.0599602
vn 0.9980866 0.0150939 0.0599602
vn 0.9980866 0.0150939 0.0599602
vn 0.9980866 0.0150939 0.0599602
vn 0.9786932 0.1064570 -0.1755748
vn 0.9786932 0.1064570 -0.1755748
vn 0.9786932 0.1064570 -0.1755748
vn 0.9786932 0.1064570 -0.1755748
vn 0.9262652 0.1348220 -0.3519316
vn 0.9262652 0.1348220 -0.3519316
vn 0.9262652 0.1348220 -0.3519316
vn 0.9262652 0.1348220 -0.3519316
vn 0.9034057 0.1307839 -0.4083549
vn 0.9034057 0.1307839 -0.4083549
vn 0.9034057 0.1307839 -0.4083549
vn 0.9034057 0.1307839 -0.4083549
vn 0.9239897 0.1474460 -0.3528494
vn 0.9239897 0.1474460 -0.3528494
vn 0.9239897 0.1474460 -0.3528494
vn 0.9239897 0.1474460 -0.3528494
vn 0.9510731 0.2125718 -0.2242167
vn 0.9510731 0.2125718 -0.2242167
vn 0.9510731 0.2125718 -0.2242167
vn 0.9510731 0.2125718 -0.2242167
vn 0.9478757 0.3047311 -0.0931163
vn 0.9478757 0.3047311 -0.0931163
vn 0.9478757 0.3047311 -0.0931163
vn 0.9478757 0.3047311 -0.0931163
vn 0.9293375 0.3682916 -0.0263276
vn 0.9293375 0.3682916 -0.0263276
vn 0.9293375 0.3682916 -0.0263276
vn 0.9293375 0.3682916 -0.0263276
vn 0.9458533 0.3185943 -0.0621225
vn 0.9458533 0.3185943 -0.0621225
vn 0.9458533 0.3185943 -0.0621225
vn 0.9458533 0.3185943 -0.0621225
vn -0.1950228 0.4062719 -0.8926977
vn -0.2487469 0.5283075 -0.8117981
vn -0.2372203 0.5335825 -0.8117981
vn -0.1898146 0.4087312 -0.8926977
vn -0.2487469 0.5283075 -0.8117981
vn -0.2979079 0.6367855 -0.7111647
vn -0.2799604 0.6448775 -0.7111647
vn -0.2372203 0.5335825 -0.8117981
vn -0.2979079 0.6367855 -0.7111647
vn -0.3298917 0.7343252 -0.5932436
vn -0.3055850 0.7447684 -0.5932436
vn -0.2799604 0.6448775 -0.7111647
vn -0.3298917 0.7343252 -0.5932436
vn -0.3355210 0.8215812 -0.4609014
vn -0.3052697 0.8332949 -0.4609014
vn -0.3055850 0.7447684 -0.5932436
vn -0.3355210 0.8215812 -0.4609014
vn -0.3111513 0.8958072 -0.3173552
vn -0.2758344 0.9073043 -0.3173552
vn -0.3052697 0.8332949 -0.4609014
vn -0.3111513 0.8958072 -0.3173552
vn -0.2607742 0.9510044 -0.1660944
vn -0.2218342 0.9608341 -0.1660944
vn -0.2758344 0.9073043 -0.3173552
vn -0.2607742 0.9510044 -0.1660944
vn -0.1960588 0.9805327 -0.0107961
vn -0.1554565 0.9877837 -0.0107961
vn -0.2218342 0.9608341 -0.1660944
vn -0.1960588 0.9805327 -0.0107961
vn -0.1334590 0.9804243 0.1447646
vn -0.0934267 0.9850455 0.1447646
vn -0.1554565 0.9877837 -0.0107961
vn -0.1334590 0.9804243 0.1447646
vn -0.0889873 0.9507824 0.2968063
vn -0.0516881 0.9535378 0.2968063
vn -0.0934267 0.9850455 0.1447646
vn -0.0889873 0.9507824 0.2968063
vn -0.0728019 0.8942372 0.4416330
vn -0.0400707 0.8963005 0.4416330
vn -0.0516881 0.9535378 0.2968063
vn -0.0728019 0.8942372 0.4416330
vn -0.0857939 0.8131305 0.5757240
vn -0.0590296 0.8155105 0.5757240
vn -0.0400707 0.8963005 0.4416330
vn -0.0857939 0.8131305 0.5757240
vn -0.1191240 0.7082684 0.6958199
vn -0.0992450 0.7113263 0.6958199
vn -0.0590296 0.8155105 0.5757240
vn -0.1191240 0.7082684 0.6958199
vn -0.1567737 0.5805336 0.7990011
vn -0.1441352 0.5837999 0.7990011
vn -0.0992450 0.7113263 0.6958199
vn -0.1567737 0.5805336 0.7990011
vn -0.1818698 0.4331963 0.8827595
vn -0.1763186 0.4354853 0.8827595
vn -0.1441352 0.5837999 0.7990011
vn -0.2771914 0.3553248 -0.8926977
vn -0.4209799 0.4046723 -0.8117981
vn -0.4120965 0.4137152 -0.8117981
vn -0.2726275 0.3588384 -0.8926977
vn -0.4209799 0.4046723 -0.8117981
vn -0.5544242 0.4322714 -0.7111647
vn -0.5421028 0.4476264 -0.7111647
vn -0.4120965 0.4137152 -0.8117981
vn -0.5544242 0.4322714 -0.7111647
vn -0.6662920 0.4517932 -0.5932436
vn -0.6510871 0.4734424 -0.5932436
vn -0.5421028 0.4476264 -0.7111647
vn -0.6662920 0.4517932 -0.5932436
vn -0.7479708 0.4776083 -0.4609014
vn -0.7300154 0.5046260 -0.4609014
vn -0.6510871 0.4734424 -0.5932436
vn -0.7479708 0.4776083 -0.4609014
vn -0.7943892 0.5179107 -0.3173552
vn -0.7734995 0.5486203 -0.3173552
vn -0.7300154 0.5046260 -0.4609014
vn -0.7943892 0.5179107 -0.3173552
vn -0.8036259 0.5714876 -0.1660944
vn -0.7796892 0.6037362 -0.1660944
vn -0.7734995 0.5486203 -0.3173552
vn -0.8036259 0.5714876 -0.1660944
vn -0.7777175 0.6285212 -0.0107961
vn -0.7511368 0.6600583 -0.0107961
vn -0.7796892 0.6037362 -0.1660944
vn -0.7777175 0.6285212 -0.0107961
vn -0.7236442 0.6748201 0.1447646
vn -0.6955663 0.7037263 0.1447646
vn -0.7511368 0.6600583 -0.0107961
vn -0.7236442 0.6748201 0.1447646
vn -0.6523612 0.6973742 0.2968063
vn -0.6245529 0.7223847 0.2968063
vn -0.6955663 0.7037263 0.1447646
vn -0.6523612 0.6973742 0.2968063
vn -0.5752676 0.6884965 0.4416330
vn -0.5497202 0.7090614 0.4416330
vn -0.6245529 0.7223847 0.2968063
vn -0.5752676 0.6884965 0.4416330
vn -0.4999124 0.6470158 0.5757240
vn -0.4783827 0.6630926 0.5757240
vn -0.5497202 0.7090614 0.4416330
vn -0.4999124 0.6470158 0.5757240
vn -0.4275430 0.5770976 0.6958199
vn -0.4112160 0.5888430 0.6958199
vn -0.4783827 0.6630926 0.5757240
vn -0.4275430 0.5770976 0.6958199
vn -0.3537159 0.4862945 0.7990011
vn -0.3430766 0.4938580 0.7990011
vn -0.4112160 0.5888430 0.6958199
vn -0.3537159 0.4862945 0.7990011
vn -0.2700839 0.3844350 0.8827595
vn -0.2651487 0.3878554 0.8827595
vn -0.3430766 0.4938580 0.7990011
vn -0.5499813 0.6259896 -0.5528631
vn -0.5843338 0.6715221 -0.4556447
vn -0.5287882 0.7160802 -0.4556447
vn -0.5018564 0.6651936 -0.5528631
vn -0.5843338 0.6715221 -0.4556447
vn -0.6002245 0.7178941 -0.3526451
vn -0.5376458 0.7658841 -0.3526451
vn -0.5287882 0.7160802 -0.4556447
vn -0.6002245 0.7178941 -0.3526451
vn -0.5972800 0.7636411 -0.2451712
vn -0.5283550 0.8128543 -0.2451712
vn -0.5376458 0.7658841 -0.3526451
vn -0.5972800 0.7636411 -0.2451712
vn -0.5769504 0.8056145 -0.1345867
vn -0.5028214 0.8538484 -0.1345867
vn -0.5283550 0.8128543 -0.2451712
vn -0.5769504 0.8056145 -0.1345867
vn -0.5425425 0.8397325 -0.0222945
vn -0.4648782 0.8850939 -0.0222945
vn -0.5028214 0.8538484 -0.1345867
vn -0.5425425 0.8397325 -0.0222945
vn -0.4988973 0.8619460 0.0902806
vn -0.4198385 0.9030975 0.0902806
vn -0.4648782 0.8850939 -0.0222945
vn -0.4988973 0.8619460 0.0902806
vn -0.4516528 0.8690931 0.2017102
vn -0.3736427 0.9053751 0.2017102
vn -0.4198385 0.9030975 0.0902806
vn -0.4516528 0.8690931 0.2017102
vn -0.4062152 0.8593771 0.3105805
vn -0.3317655 0.8907701 0.3105805
vn -0.3736427 0.9053751 0.2017102
vn -0.4062152 0.8593771 0.3105805
vn -0.3667054 0.8323932 0.4155102
vn -0.2981620 0.8593315 0.4155102
vn -0.3317655 0.8907701 0.3105805
vn -0.3667054 0.8323932 0.4155102
vn -0.3351724 0.7888354 0.5151680
vn -0.2745264 0.8119342 0.5151680
vn -0.2981620 0.8593315 0.4155102
vn -0.5767770 0.6927167 -0.4329802
vn -0.5867985 0.7372642 -0.3348267
vn -0.5522837 0.7634617 -0.3348267
vn -0.5458061 0.7173729 -0.4329802
vn -0.5867985 0.7372642 -0.3348267
vn -0.5802598 0.7804241 -0.2328880
vn -0.5425645 0.8070854 -0.2328880
vn -0.5522837 0.7634617 -0.3348267
vn -0.5802598 0.7804241 -0.2328880
vn -0.5586929 0.8193882 -0.1283166
vn -0.5183962 0.8454586 -0.1283166
vn -0.5425645 0.8070854 -0.2328880
vn -0.5586929 0.8193882 -0.1283166
vn -0.5251100 0.8507423 -0.0222945
vn -0.4830319 0.8753189 -0.0222945
vn -0.5183962 0.8454586 -0.1283166
vn -0.5251100 0.8507423 -0.0222945
vn -0.4837143 0.8711876 0.0839796
vn -0.4408890 0.8936242 0.0839796
vn -0.4830319 0.8753189 -0.0222945
vn -0.4837143 0.8711876 0.0839796
vn -0.4393164 0.8781600 0.1893044
vn -0.3969193 0.8981197 0.1893044
vn -0.4408890 0.8936242 0.0839796
vn -0.4393164 0.8781600 0.1893044
vn -0.3965498 0.8701715 0.2924890
vn -0.3557966 0.8876142 0.2924890
vn -0.3969193 0.8981197 0.1893044
vn -0.3965498 0.8701715 0.2924890
vn -0.3590670 0.8468287 0.3923671
vn -0.3211116 0.8619370 0.3923671
vn -0.3557966 0.8876142 0.2924890
vn -0.6197114 0.5931287 -0.5139613
vn -0.6352622 0.6081691 -0.4759961
vn -0.4600165 0.7495415 -0.4759961
vn -0.4537397 0.7279863 -0.5139613
vn -0.4247399 0.7827564 0.4548499
vn -0.4094883 0.7674331 0.4933211
vn -0.2066200 0.8449512 0.4933211
vn -0.2117689 0.8650234 0.4548499
vn -0.3982702 0.0164380 -0.9171208
vn -0.5649665 0.0344727 -0.8243934
vn -0.5627242 0.0609673 -0.8243934
vn -0.3980066 0.0219125 -0.9171208
vn -0.3984586 0.0109604 -0.9171208
vn -0.5659621 0.0079020 -0.8243934
vn -0.5649665 0.0344727 -0.8243934
vn -0.3982702 0.0164380 -0.9171208
vn -0.3985716 0.0054807 -0.9171208
vn -0.5657087 -0.0186862 -0.8243934
vn -0.5659621 0.0079020 -0.8243934
vn -0.3984586 0.0109604 -0.9171208
vn -0.3986093 0.0000000 -0.9171208
vn -0.5642070 -0.0452331 -0.8243934
vn -0.5657087 -0.0186862 -0.8243934
vn -0.3985716 0.0054807 -0.9171208
vn -0.3985716 -0.0054807 -0.9171208
vn -0.5614601 -0.0716802 -0.8243934
vn -0.5642070 -0.0452331 -0.8243934
vn -0.3986093 0.0000000 -0.9171208
vn -0.3984586 -0.0109604 -0.9171208
vn -0.5574743 -0.0979691 -0.8243934
vn -0.5614601 -0.0716802 -0.8243934
vn -0.3985716 -0.0054807 -0.9171208
vn -0.3982702 -0.0164380 -0.9171208
vn -0.5522582 -0.1240418 -0.8243934
vn -0.5574743 -0.0979691 -0.8243934
vn -0.3984586 -0.0109604 -0.9171208
vn -0.3980066 -0.0219125 -0.9171208
vn -0.5458235 -0.1498408 -0.8243934
vn -0.5522582 -0.1240418 -0.8243934
vn -0.3982702 -0.0164380 -0.9171208
vn -0.5649665 0.0344727 -0.8243934
vn -0.7115928 0.0396291 -0.7014736
vn -0.7075390 0.0855771 -0.7014736
vn -0.5627242 0.0609673 -0.8243934
vn -0.5659621 0.0079020 -0.8243934
vn -0.7126660 -0.0064849 -0.7014736
vn -0.7115928 0.0396291 -0.7014736
vn -0.5649665 0.0344727 -0.8243934
vn -0.5657087 -0.0186862 -0.8243934
vn -0.7107539 -0.0525717 -0.7014736
vn -0.7126660 -0.0064849 -0.7014736
vn -0.5659621 0.0079020 -0.8243934
vn -0.5642070 -0.0452331 -0.8243934
vn -0.7058645 -0.0984383 -0.7014736
vn -0.7107539 -0.0525717 -0.7014736
vn -0.5657087 -0.0186862 -0.8243934
vn -0.5614601 -0.0716802 -0.8243934
vn -0.6980185 -0.1438925 -0.7014736
vn -0.7058645 -0.0984383 -0.7014736
vn -0.5642070 -0.0452331 -0.8243934
vn -0.5574743 -0.0979691 -0.8243934
vn -0.6872485 -0.1887440 -0.7014736
vn -0.6980185 -0.1438925 -0.7014736
vn -0.5614601 -0.0716802 -0.8243934
vn -0.5522582 -0.1240418 -0.8243934
vn -0.6735998 -0.2328049 -0.7014736
vn -0.6872485 -0.1887440 -0.7014736
vn -0.5574743 -0.0979691 -0.8243934
vn -0.5458235 -0.1498408 -0.8243934
vn -0.6571295 -0.2758906 -0.7014736
vn -0.6735998 -0.2328049 -0.7014736
vn -0.5522582 -0.1240418 -0.8243934
vn -0.7115928 0.0396291 -0.7014736
vn -0.8310624 0.0606432 -0.5528631
vn -0.8238585 0.1248979 -0.5528631
vn -0.7075390 0.0855771 -0.7014736
vn -0.7126660 -0.0064849 -0.7014736
vn -0.8332626 -0.0039766 -0.5528631
vn -0.8310624 0.0606432 -0.5528631
vn -0.7115928 0.0396291 -0.7014736
vn -0.7107539 -0.0525717 -0.7014736
vn -0.8304458 -0.0685724 -0.5528631
vn -0.8332626 -0.0039766 -0.5528631
vn -0.7126660 -0.0064849 -0.7014736
vn -0.7058645 -0.0984383 -0.7014736
vn -0.8226289 -0.1327554 -0.5528631
vn -0.8304458 -0.0685724 -0.5528631
vn -0.7107539 -0.0525717 -0.7014736
vn -0.6980185 -0.1438925 -0.7014736
vn -0.8098591 -0.1961391 -0.5528631
vn -0.8226289 -0.1327554 -0.5528631
vn -0.7058645 -0.0984383 -0.7014736
vn -0.6872485 -0.1887440 -0.7014736
vn -0.7922133 -0.2583418 -0.5528631
vn -0.8098591 -0.1961391 -0.5528631
vn -0.6980185 -0.1438925 -0.7014736
vn -0.6735998 -0.2328049 -0.7014736
vn -0.7697976 -0.3189891 -0.5528631
vn -0.7922133 -0.2583418 -0.5528631
vn -0.6872485 -0.1887440 -0.7014736
vn -0.6571295 -0.2758906 -0.7014736
vn -0.7427470 -0.3777159 -0.5528631
vn -0.7697976 -0.3189891 -0.5528631
vn -0.6735998 -0.2328049 -0.7014736
vn -0.8310624 0.0606432 -0.5528631
vn -0.9165507 0.1116924 -0.3840047
vn -0.9034537 0.1905564 -0.3840047
vn -0.8238585 0.1248979 -0.5528631
vn -0.8332626 -0.0039766 -0.5528631
vn -0.9227768 0.0319912 -0.3840047
vn -0.9165507 0.1116924 -0.3840047
vn -0.8310624 0.0606432 -0.5528631
vn -0.8304458 -0.0685724 -0.5528631
vn -0.9220852 -0.0479499 -0.3840047
vn -0.9227768 0.0319912 -0.3840047
vn -0.8332626 -0.0039766 -0.5528631
vn -0.8226289 -0.1327554 -0.5528631
vn -0.9144813 -0.1275315 -0.3840047
vn -0.9220852 -0.0479499 -0.3840047
vn -0.8304458 -0.0685724 -0.5528631
vn -0.8098591 -0.1961391 -0.5528631
vn -0.9000220 -0.2061571 -0.3840047
vn -0.9144813 -0.1275315 -0.3840047
vn -0.8226289 -0.1327554 -0.5528631
vn -0.7922133 -0.2583418 -0.5528631
vn -0.8788157 -0.2832372 -0.3840047
vn -0.9000220 -0.2061571 -0.3840047
vn -0.8098591 -0.1961391 -0.5528631
vn -0.7697976 -0.3189891 -0.5528631
vn -0.8510214 -0.3581940 -0.3840047
vn -0.8788157 -0.2832372 -0.3840047
vn -0.7922133 -0.2583418 -0.5528631
vn -0.7427470 -0.3777159 -0.5528631
vn -0.8168474 -0.4304657 -0.3840047
vn -0.8510214 -0.3581940 -0.3840047
vn -0.7697976 -0.3189891 -0.5528631
vn -0.9165507 0.1116924 -0.3840047
vn -0.9608374 0.1906757 -0.2010826
vn -0.9392657 0.2781111 -0.2010826
vn -0.9034537 0.1905564 -0.3840047
vn -0.9227768 0.0319912 -0.3840047
vn -0.9742881 0.1016287 -0.2010826
vn -0.9608374 0.1906757 -0.2010826
vn -0.9165507 0.1116924 -0.3840047
vn -0.9220852 -0.0479499 -0.3840047
vn -0.9795041 0.0117227 -0.2010826
vn -0.9742881 0.1016287 -0.2010826
vn -0.9227768 0.0319912 -0.3840047
vn -0.9144813 -0.1275315 -0.3840047
vn -0.9764413 -0.0782824 -0.2010826
vn -0.9795041 0.0117227 -0.2010826
vn -0.9220852 -0.0479499 -0.3840047
vn -0.9000220 -0.2061571 -0.3840047
vn -0.9651256 -0.1676258 -0.2010826
vn -0.9764413 -0.0782824 -0.2010826
vn -0.9144813 -0.1275315 -0.3840047
vn -0.8788157 -0.2832372 -0.3840047
vn -0.9456525 -0.2555524 -0.2010826
vn -0.9651256 -0.1676258 -0.2010826
vn -0.9000220 -0.2061571 -0.3840047
vn -0.8510214 -0.3581940 -0.3840047
vn -0.9181868 -0.3413191 -0.2010826
vn -0.9456525 -0.2555524 -0.2010826
vn -0.8788157 -0.2832372 -0.3840047
vn -0.8168474 -0.4304657 -0.3840047
vn -0.8829605 -0.4242010 -0.2010826
vn -0.9181868 -0.3413191 -0.2010826
vn -0.8510214 -0.3581940 -0.3840047
vn -0.9608374 0.1906757 -0.2010826
vn -0.9606533 0.2775406 -0.0107961
vn -0.9304534 0.3662512 -0.0107961
vn -0.9392657 0.2781111 -0.2010826
vn -0.9742881 0.1016287 -0.2010826
vn -0.9824161 0.1863924 -0.0107961
vn -0.9606533 0.2775406 -0.0107961
vn -0.9608374 0.1906757 -0.2010826
vn -0.9795041 0.0117227 -0.2010826
vn -0.9955507 0.0936073 -0.0107961
vn -0.9824161 0.1863924 -0.0107961
vn -0.9742881 0.1016287 -0.2010826
vn -0.9764413 -0.0782824 -0.2010826
vn -0.9999417 0.0000000 -0.0107961
vn -0.9955507 0.0936073 -0.0107961
vn -0.9795041 0.0117227 -0.2010826
vn -0.9651256 -0.1676258 -0.2010826
vn -0.9955507 -0.0936073 -0.0107961
vn -0.9999417 0.0000000 -0.0107961
vn -0.9764413 -0.0782824 -0.2010826
vn -0.9456525 -0.2555524 -0.2010826
vn -0.9824161 -0.1863924 -0.0107961
vn -0.9955507 -0.0936073 -0.0107961
vn -0.9651256 -0.1676258 -0.2010826
vn -0.9181868 -0.3413191 -0.2010826
vn -0.9606533 -0.2775406 -0.0107961
vn -0.9824161 -0.1863924 -0.0107961
vn -0.9456525 -0.2555524 -0.2010826
vn -0.8829605 -0.4242010 -0.2010826
vn -0.9304534 -0.3662512 -0.0107961
vn -0.9606533 -0.2775406 -0.0107961
vn -0.9181868 -0.3413191 -0.2010826
vn -0.9606533 0.2775406 -0.0107961
vn -0.9220423 0.3427523 0.1798858
vn -0.8866681 0.4259822 0.1798858
vn -0.9304534 0.3662512 -0.0107961
vn -0.9824161 0.1863924 -0.0107961
vn -0.9496233 0.2566255 0.1798858
vn -0.9220423 0.3427523 0.1798858
vn -0.9606533 0.2775406 -0.0107961
vn -0.9955507 0.0936073 -0.0107961
vn -0.9691781 0.1683297 0.1798858
vn -0.9496233 0.2566255 0.1798858
vn -0.9824161 0.1863924 -0.0107961
vn -0.9999417 0.0000000 -0.0107961
vn -0.9805414 0.0786111 0.1798858
vn -0.9691781 0.1683297 0.1798858
vn -0.9955507 0.0936073 -0.0107961
vn -0.9955507 -0.0936073 -0.0107961
vn -0.9836171 -0.0117719 0.1798858
vn -0.9805414 0.0786111 0.1798858
vn -0.9999417 0.0000000 -0.0107961
vn -0.9824161 -0.1863924 -0.0107961
vn -0.9783792 -0.1020554 0.1798858
vn -0.9836171 -0.0117719 0.1798858
vn -0.9955507 -0.0936073 -0.0107961
vn -0.9606533 -0.2775406 -0.0107961
vn -0.9648720 -0.1914763 0.1798858
vn -0.9783792 -0.1020554 0.1798858
vn -0.9824161 -0.1863924 -0.0107961
vn -0.9304534 -0.3662512 -0.0107961
vn -0.9432096 -0.2792789 0.1798858
vn -0.9648720 -0.1914763 0.1798858
vn -0.9606533 -0.2775406 -0.0107961
vn -0.9220423 0.3427523 0.1798858
vn -0.8584647 0.3613269 0.3639796
vn -0.8239919 0.4342307 0.3639796
vn -0.8866681 0.4259822 0.1798858
vn -0.9496233 0.2566255 0.1798858
vn -0.8865022 0.2857145 0.3639796
vn -0.8584647 0.3613269 0.3639796
vn -0.9220423 0.3427523 0.1798858
vn -0.9691781 0.1683297 0.1798858
vn -0.9078939 0.2079602 0.3639796
vn -0.8865022 0.2857145 0.3639796
vn -0.9496233 0.2566255 0.1798858
vn -0.9805414 0.0786111 0.1798858
vn -0.9224797 0.1286469 0.3639796
vn -0.9078939 0.2079602 0.3639796
vn -0.9691781 0.1683297 0.1798858
vn -0.9836171 -0.0117719 0.1798858
vn -0.9301501 0.0483693 0.3639796
vn -0.9224797 0.1286469 0.3639796
vn -0.9805414 0.0786111 0.1798858
vn -0.9783792 -0.1020554 0.1798858
vn -0.9308477 -0.0322710 0.3639796
vn -0.9301501 0.0483693 0.3639796
vn -0.9836171 -0.0117719 0.1798858
vn -0.9648720 -0.1914763 0.1798858
vn -0.9245672 -0.1126693 0.3639796
vn -0.9308477 -0.0322710 0.3639796
vn -0.9783792 -0.1020554 0.1798858
vn -0.9432096 -0.2792789 0.1798858
vn -0.9113557 -0.1922230 0.3639796
vn -0.9245672 -0.1126693 0.3639796
vn -0.9648720 -0.1914763 0.1798858
vn -0.8584647 0.3613269 0.3639796
vn -0.7806457 0.3234844 0.5347431
vn -0.7532139 0.3830387 0.5347431
vn -0.8239919 0.4342307 0.3639796
vn -0.8865022 0.2857145 0.3639796
vn -0.8033773 0.2619824 0.5347431
vn -0.7806457 0.3234844 0.5347431
vn -0.8584647 0.3613269 0.3639796
vn -0.9078939 0.2079602 0.3639796
vn -0.8212718 0.1989031 0.5347431
vn -0.8033773 0.2619824 0.5347431
vn -0.8865022 0.2857145 0.3639796
vn -0.9224797 0.1286469 0.3639796
vn -0.8342216 0.1346262 0.5347431
vn -0.8212718 0.1989031 0.5347431
vn -0.9078939 0.2079602 0.3639796
vn -0.9301501 0.0483693 0.3639796
vn -0.8421486 0.0695388 0.5347431
vn -0.8342216 0.1346262 0.5347431
vn -0.9224797 0.1286469 0.3639796
vn -0.9308477 -0.0322710 0.3639796
vn -0.8450051 0.0040326 0.5347431
vn -0.8421486 0.0695388 0.5347431
vn -0.9301501 0.0483693 0.3639796
vn -0.9245672 -0.1126693 0.3639796
vn -0.8427739 -0.0614978 0.5347431
vn -0.8450051 0.0040326 0.5347431
vn -0.9308477 -0.0322710 0.3639796
vn -0.9113557 -0.1922230 0.3639796
vn -0.8354685 -0.1266580 0.5347431
vn -0.8427739 -0.0614978 0.5347431
vn -0.9245672 -0.1126693 0.3639796
vn -0.7806457 0.3234844 0.5347431
vn -0.6877575 0.2376980 0.6859223
vn -0.6709410 0.2816893 0.6859223
vn -0.7532139 0.3830387 0.5347431
vn -0.8033773 0.2619824 0.5347431
vn -0.7016930 0.1927110 0.6859223
vn -0.6877575 0.2376980 0.6859223
vn -0.7806457 0.3234844 0.5347431
vn -0.8212718 0.1989031 0.5347431
vn -0.7126893 0.1469168 0.6859223
vn -0.7016930 0.1927110 0.6859223
vn -0.8033773 0.2619824 0.5347431
vn -0.8342216 0.1346262 0.5347431
vn -0.7207003 0.1005072 0.6859223
vn -0.7126893 0.1469168 0.6859223
vn -0.8212718 0.1989031 0.5347431
vn -0.8421486 0.0695388 0.5347431
vn -0.7256924 0.0536766 0.6859223
vn -0.7207003 0.1005072 0.6859223
vn -0.8342216 0.1346262 0.5347431
vn -0.8450051 0.0040326 0.5347431
vn -0.7276447 0.0066212 0.6859223
vn -0.7256924 0.0536766 0.6859223
vn -0.8421486 0.0695388 0.5347431
vn -0.8427739 -0.0614978 0.5347431
vn -0.7265490 -0.0404620 0.6859223
vn -0.7276447 0.0066212 0.6859223
vn -0.8450051 0.0040326 0.5347431
vn -0.8354685 -0.1266580 0.5347431
vn -0.7224100 -0.0873757 0.6859223
vn -0.7265490 -0.0404620 0.6859223
vn -0.8427739 -0.0614978 0.5347431
vn -0.6877575 0.2376980 0.6859223
vn -0.5694963 0.1279136 0.8119804
vn -0.5628607 0.1545179 0.8119804
vn -0.6709410 0.2816893 0.6859223
vn -0.7016930 0.1927110 0.6859223
vn -0.5748751 0.1010271 0.8119804
vn -0.5694963 0.1279136 0.8119804
vn -0.6877575 0.2376980 0.6859223
vn -0.7126893 0.1469168 0.6859223
vn -0.5789854 0.0739176 0.8119804
vn -0.5748751 0.1010271 0.8119804
vn -0.7016930 0.1927110 0.6859223
vn -0.7207003 0.1005072 0.6859223
vn -0.5818180 0.0466450 0.8119804
vn -0.5789854 0.0739176 0.8119804
vn -0.7126893 0.1469168 0.6859223
vn -0.7256924 0.0536766 0.6859223
vn -0.5833666 0.0192694 0.8119804
vn -0.5818180 0.0466450 0.8119804
vn -0.7207003 0.1005072 0.6859223
vn -0.7276447 0.0066212 0.6859223
vn -0.5836279 -0.0081486 0.8119804
vn -0.5833666 0.0192694 0.8119804
vn -0.7256924 0.0536766 0.6859223
vn -0.7265490 -0.0404620 0.6859223
vn -0.5826012 -0.0355487 0.8119804
vn -0.5836279 -0.0081486 0.8119804
vn -0.7276447 0.0066212 0.6859223
vn -0.7224100 -0.0873757 0.6859223
vn -0.5802889 -0.0628703 0.8119804
vn -0.5826012 -0.0355487 0.8119804
vn -0.7265490 -0.0404620 0.6859223
vn -0.5694963 0.1279136 0.8119804
vn -0.4179621 0.0172507 0.9083007
vn -0.4176854 0.0229959 0.9083007
vn -0.5628607 0.1545179 0.8119804
vn -0.5748751 0.1010271 0.8119804
vn -0.4181598 0.0115023 0.9083007
vn -0.4179621 0.0172507 0.9083007
vn -0.5694963 0.1279136 0.8119804
vn -0.5789854 0.0739176 0.8119804
vn -0.4182784 0.0057517 0.9083007
vn -0.4181598 0.0115023 0.9083007
vn -0.5748751 0.1010271 0.8119804
vn -0.5818180 0.0466450 0.8119804
vn -0.4183179 0.0000000 0.9083007
vn -0.4182784 0.0057517 0.9083007
vn -0.5789854 0.0739176 0.8119804
vn -0.5833666 0.0192694 0.8119804
vn -0.4182784 -0.0057517 0.9083007
vn -0.4183179 0.0000000 0.9083007
vn -0.5818180 0.0466450 0.8119804
vn -0.5836279 -0.0081486 0.8119804
vn -0.4181598 -0.0115023 0.9083007
vn -0.4182784 -0.0057517 0.9083007
vn -0.5833666 0.0192694 0.8119804
vn -0.5826012 -0.0355487 0.8119804
vn -0.4179621 -0.0172507 0.9083007
vn -0.4181598 -0.0115023 0.9083007
vn -0.5836279 -0.0081486 0.8119804
vn -0.5802889 -0.0628703 0.8119804
vn -0.4176854 -0.0229959 0.9083007
vn -0.4179621 -0.0172507 0.9083007
vn -0.5826012 -0.0355487 0.8119804
vn 0.3980066 -0.0219125 0.9171208
vn 0.5627242 -0.0609673 0.8243934
vn 0.5649665 -0.0344727 0.8243934
vn 0.3982702 -0.0164380 0.9171208
vn 0.3982702 -0.0164380 0.9171208
vn 0.5649665 -0.0344727 0.8243934
vn 0.5659621 -0.0079020 0.8243934
vn 0.3984586 -0.0109604 0.9171208
vn 0.3984586 -0.0109604 0.9171208
vn 0.5659621 -0.0079020 0.8243934
vn 0.5657087 0.0186862 0.8243934
vn 0.3985716 -0.0054807 0.9171208
vn 0.3985716 -0.0054807 0.9171208
vn 0.5657087 0.0186862 0.8243934
vn 0.5642070 0.0452331 0.8243934
vn 0.3986093 -0.0000000 0.9171208
vn 0.3986093 -0.0000000 0.9171208
vn 0.5642070 0.0452331 0.8243934
vn 0.5614601 0.0716802 0.8243934
vn 0.3985716 0.0054807 0.9171208
vn 0.3985716 0.0054807 0.9171208
vn 0.5614601 0.0716802 0.8243934
vn 0.5574743 0.0979691 0.8243934
vn 0.3984586 0.0109604 0.9171208
vn 0.3984586 0.0109604 0.9171208
vn 0.5574743 0.0979691 0.8243934
vn 0.5522582 0.1240418 0.8243934
vn 0.3982702 0.0164380 0.9171208
vn 0.3982702 0.0164380 0.9171208
vn 0.5522582 0.1240418 0.8243934
vn 0.5458235 0.1498408 0.8243934
vn 0.3980066 0.0219125 0.9171208
vn 0.5627242 -0.0609673 0.8243934
vn 0.7075390 -0.0855771 0.7014736
vn 0.7115928 -0.0396291 0.7014736
vn 0.5649665 -0.0344727 0.8243934
vn 0.5649665 -0.0344727 0.8243934
vn 0.7115928 -0.0396291 0.7014736
vn 0.7126660 0.0064849 0.7014736
vn 0.5659621 -0.0079020 0.8243934
vn 0.5659621 -0.0079020 0.8243934
vn 0.7126660 0.0064849 0.7014736
vn 0.7107539 0.0525717 0.7014736
vn 0.5657087 0.0186862 0.8243934
vn 0.5657087 0.0186862 0.8243934
vn 0.7107539 0.0525717 0.7014736
vn 0.7058645 0.0984383 0.7014736
vn 0.5642070 0.0452331 0.8243934
vn 0.5642070 0.0452331 0.8243934
vn 0.7058645 0.0984383 0.7014736
vn 0.6980185 0.1438925 0.7014736
vn 0.5614601 0.0716802 0.8243934
vn 0.5614601 0.0716802 0.8243934
vn 0.6980185 0.1438925 0.7014736
vn 0.6872485 0.1887440 0.7014736
vn 0.5574743 0.0979691 0.8243934
vn 0.5574743 0.0979691 0.8243934
vn 0.6872485 0.1887440 0.7014736
vn 0.6735998 0.2328049 0.7014736
vn 0.5522582 0.1240418 0.8243934
vn 0.5522582 0.1240418 0.8243934
vn 0.6735998 0.2328049 0.7014736
vn 0.6571295 0.2758906 0.7014736
vn 0.5458235 0.1498408 0.8243934
vn 0.7075390 -0.0855771 0.7014736
vn 0.8238585 -0.1248979 0.5528631
vn 0.8310624 -0.0606432 0.5528631
vn 0.7115928 -0.0396291 0.7014736
vn 0.7115928 -0.0396291 0.7014736
vn 0.8310624 -0.0606432 0.5528631
vn 0.8332626 0.0039766 0.5528631
vn 0.7126660 0.0064849 0.7014736
vn 0.7126660 0.0064849 0.7014736
vn 0.8332626 0.0039766 0.5528631
vn 0.8304458 0.0685724 0.5528631
vn 0.7107539 0.0525717 0.7014736
vn 0.7107539 0.0525717 0.7014736
vn 0.8304458 0.0685724 0.5528631
vn 0.8226289 0.1327554 0.5528631
vn 0.7058645 0.0984383 0.7014736
vn 0.7058645 0.0984383 0.7014736
vn 0.8226289 0.1327554 0.5528631
vn 0.8098591 0.1961391 0.5528631
vn 0.6980185 0.1438925 0.7014736
vn 0.6980185 0.1438925 0.7014736
vn 0.8098591 0.1961391 0.5528631
vn 0.7922133 0.2583418 0.5528631
vn 0.6872485 0.1887440 0.7014736
vn 0.6872485 0.1887440 0.7014736
vn 0.7922133 0.2583418 0.5528631
vn 0.7697976 0.3189891 0.5528631
vn 0.6735998 0.2328049 0.7014736
vn 0.6735998 0.2328049 0.7014736
vn 0.7697976 0.3189891 0.5528631
vn 0.7427470 0.3777159 0.5528631
vn 0.6571295 0.2758906 0.7014736
vn 0.8238585 -0.1248979 0.5528631
vn 0.9034537 -0.1905564 0.3840047
vn 0.9165507 -0.1116924 0.3840047
vn 0.8310624 -0.0606432 0.5528631
vn 0.8310624 -0.0606432 0.5528631
vn 0.9165507 -0.1116924 0.3840047
vn 0.9227768 -0.0319912 0.3840047
vn 0.8332626 0.0039766 0.5528631
vn 0.8332626 0.0039766 0.5528631
vn 0.9227768 -0.0319912 0.3840047
vn 0.9220852 0.0479499 0.3840047
vn 0.8304458 0.0685724 0.5528631
vn 0.8304458 0.0685724 0.5528631
vn 0.9220852 0.0479499 0.3840047
vn 0.9144813 0.1275315 0.3840047
vn 0.8226289 0.1327554 0.5528631
vn 0.8226289 0.1327554 0.5528631
vn 0.9144813 0.1275315 0.3840047
vn 0.9000220 0.2061571 0.3840047
vn 0.8098591 0.1961391 0.5528631
vn 0.8098591 0.1961391 0.5528631
vn 0.9000220 0.2061571 0.3840047
vn 0.8788157 0.2832372 0.3840047
vn 0.7922133 0.2583418 0.5528631
vn 0.7922133 0.2583418 0.5528631
vn 0.8788157 0.2832372 0.3840047
vn 0.8510214 0.3581940 0.3840047
vn 0.7697976 0.3189891 0.5528631
vn 0.7697976 0.3189891 0.5528631
vn 0.8510214 0.3581940 0.3840047
vn 0.8168474 0.4304657 0.3840047
vn 0.7427470 0.3777159 0.5528631
vn 0.9034537 -0.1905564 0.3840047
vn 0.9392657 -0.2781111 0.2010826
vn 0.9608374 -0.1906757 0.2010826
vn 0.9165507 -0.1116924 0.3840047
vn 0.9165507 -0.1116924 0.3840047
vn 0.9608374 -0.1906757 0.2010826
vn 0.9742881 -0.1016287 0.2010826
vn 0.9227768 -0.0319912 0.3840047
vn 0.9227768 -0.0319912 0.3840047
vn 0.9742881 -0.1016287 0.2010826
vn 0.9795041 -0.0117227 0.2010826
vn 0.9220852 0.0479499 0.3840047
vn 0.9220852 0.0479499 0.3840047
vn 0.9795041 -0.0117227 0.2010826
vn 0.9764413 0.0782824 0.2010826
vn 0.9144813 0.1275315 0.3840047
vn 0.9144813 0.1275315 0.3840047
vn 0.9764413 0.0782824 0.2010826
vn 0.9651256 0.1676258 0.2010826
vn 0.9000220 0.2061571 0.3840047
vn 0.9000220 0.2061571 0.3840047
vn 0.9651256 0.1676258 0.2010826
vn 0.9456525 0.2555524 0.2010826
vn 0.8788157 0.2832372 0.3840047
vn 0.8788157 0.2832372 0.3840047
vn 0.9456525 0.2555524 0.2010826
vn 0.9181868 0.3413191 0.2010826
vn 0.8510214 0.3581940 0.3840047
vn 0.8510214 0.3581940 0.3840047
vn 0.9181868 0.3413191 0.2010826
vn 0.8829605 0.4242010 0.2010826
vn 0.8168474 0.4304657 0.3840047
vn 0.9392657 -0.2781111 0.2010826
vn 0.9304534 -0.3662512 0.0107961
vn 0.9606533 -0.2775406 0.0107961
vn 0.9608374 -0.1906757 0.2010826
vn 0.9608374 -0.1906757 0.2010826
vn 0.9606533 -0.2775406 0.0107961
vn 0.9824161 -0.1863924 0.0107961
vn 0.9742881 -0.1016287 0.2010826
vn 0.9742881 -0.1016287 0.2010826
vn 0.9824161 -0.1863924 0.0107961
vn 0.9955507 -0.0936073 0.0107961
vn 0.9795041 -0.0117227 0.2010826
vn 0.9795041 -0.0117227 0.2010826
vn 0.9955507 -0.0936073 0.0107961
vn 0.9999417 -0.0000000 0.0107961
vn 0.9764413 0.0782824 0.2010826
vn 0.9764413 0.0782824 0.2010826
vn 0.9999417 -0.0000000 0.0107961
vn 0.9955507 0.0936073 0.0107961
vn 0.9651256 0.1676258 0.2010826
vn 0.9651256 0.1676258 0.2010826
vn 0.9955507 0.0936073 0.0107961
vn 0.9824161 0.1863924 0.0107961
vn 0.9456525 0.2555524 0.2010826
vn 0.9456525 0.2555524 0.2010826
vn 0.9824161 0.1863924 0.0107961
vn 0.9606533 0.2775406 0.0107961
vn 0.9181868 0.3413191 0.2010826
vn 0.9181868 0.3413191 0.2010826
vn 0.9606533 0.2775406 0.0107961
vn 0.9304534 0.3662512 0.0107961
vn 0.8829605 0.4242010 0.2010826
vn 0.9304534 -0.3662512 0.0107961
vn 0.8866681 -0.4259822 -0.1798858
vn 0.9220423 -0.3427523 -0.1798858
vn 0.9606533 -0.2775406 0.0107961
vn 0.9606533 -0.2775406 0.0107961
vn 0.9220423 -0.3427523 -0.1798858
vn 0.9496233 -0.2566255 -0.1798858
vn 0.9824161 -0.1863924 0.0107961
vn 0.9824161 -0.1863924 0.0107961
vn 0.9496233 -0.2566255 -0.1798858
vn 0.9691781 -0.1683297 -0.1798858
vn 0.9955507 -0.0936073 0.0107961
vn 0.9955507 -0.0936073 0.0107961
vn 0.9691781 -0.1683297 -0.1798858
vn 0.9805414 -0.0786111 -0.1798858
vn 0.9999417 -0.0000000 0.0107961
vn 0.9999417 -0.0000000 0.0107961
vn 0.9805414 -0.0786111 -0.1798858
vn 0.9836171 0.0117719 -0.1798858
vn 0.9955507 0.0936073 0.0107961
vn 0.9955507 0.0936073 0.0107961
vn 0.9836171 0.0117719 -0.1798858
vn 0.9783792 0.1020554 -0.1798858
vn 0.9824161 0.1863924 0.0107961
vn 0.9824161 0.1863924 0.0107961
vn 0.9783792 0.1020554 -0.1798858
vn 0.9648720 0.1914763 -0.1798858
vn 0.9606533 0.2775406 0.0107961
vn 0.9606533 0.2775406 0.0107961
vn 0.9648720 0.1914763 -0.1798858
vn 0.9432096 0.2792789 -0.1798858
vn 0.9304534 0.3662512 0.0107961
vn 0.8866681 -0.4259822 -0.1798858
vn 0.8239919 -0.4342307 -0.3639796
vn 0.8584647 -0.3613269 -0.3639796
vn 0.9220423 -0.3427523 -0.1798858
vn 0.9220423 -0.3427523 -0.1798858
vn 0.8584647 -0.3613269 -0.3639796
vn 0.8865022 -0.2857145 -0.3639796
vn 0.9496233 -0.2566255 -0.1798858
vn 0.9496233 -0.2566255 -0.1798858
vn 0.8865022 -0.2857145 -0.3639796
vn 0.9078939 -0.2079602 -0.3639796
vn 0.9691781 -0.1683297 -0.1798858
vn 0.9691781 -0.1683297 -0.1798858
vn 0.9078939 -0.2079602 -0.3639796
vn 0.9224797 -0.1286469 -0.3639796
vn 0.9805414 -0.0786111 -0.1798858
vn 0.9805414 -0.0786111 -0.1798858
vn 0.9224797 -0.1286469 -0.3639796
vn 0.9301501 -0.0483693 -0.3639796
vn 0.9836171 0.0117719 -0.1798858
vn 0.9836171 0.0117719 -0.1798858
vn 0.9301501 -0.0483693 -0.3639796
vn 0.9308477 0.0322710 -0.3639796
vn 0.9783792 0.1020554 -0.1798858
vn 0.9783792 0.1020554 -0.1798858
vn 0.9308477 0.0322710 -0.3639796
vn 0.9245672 0.1126693 -0.3639796
vn 0.9648720 0.1914763 -0.1798858
vn 0.9648720 0.1914763 -0.1798858
vn 0.9245672 0.1126693 -0.3639796
vn 0.9113557 0.1922230 -0.3639796
vn 0.9432096 0.2792789 -0.1798858
vn 0.8239919 -0.4342307 -0.3639796
vn 0.7532139 -0.3830387 -0.5347431
vn 0.7806457 -0.3234844 -0.5347431
vn 0.8584647 -0.3613269 -0.3639796
vn 0.8584647 -0.3613269 -0.3639796
vn 0.7806457 -0.3234844 -0.5347431
vn 0.8033773 -0.2619824 -0.5347431
vn 0.8865022 -0.2857145 -0.3639796
vn 0.8865022 -0.2857145 -0.3639796
vn 0.8033773 -0.2619824 -0.5347431
vn 0.8212718 -0.1989031 -0.5347431
vn 0.9078939 -0.2079602 -0.3639796
vn 0.9078939 -0.2079602 -0.3639796
vn 0.8212718 -0.1989031 -0.5347431
vn 0.8342216 -0.1346262 -0.5347431
vn 0.9224797 -0.1286469 -0.3639796
vn 0.9224797 -0.1286469 -0.3639796
vn 0.8342216 -0.1346262 -0.5347431
vn 0.8421486 -0.0695388 -0.5347431
vn 0.9301501 -0.0483693 -0.3639796
vn 0.9301501 -0.0483693 -0.3639796
vn 0.8421486 -0.0695388 -0.5347431
vn 0.8450051 -0.0040326 -0.5347431
vn 0.9308477 0.0322710 -0.3639796
vn 0.9308477 0.0322710 -0.3639796
vn 0.8450051 -0.0040326 -0.5347431
vn 0.8427739 0.0614978 -0.5347431
vn 0.9245672 0.1126693 -0.3639796
vn 0.9245672 0.1126693 -0.3639796
vn 0.8427739 0.0614978 -0.5347431
vn 0.8354685 0.1266580 -0.5347431
vn 0.9113557 0.1922230 -0.3639796
vn 0.7532139 -0.3830387 -0.5347431
vn 0.6709410 -0.2816893 -0.6859223
vn 0.6877575 -0.2376980 -0.6859223
vn 0.7806457 -0.3234844 -0.5347431
vn 0.7806457 -0.3234844 -0.5347431
vn 0.6877575 -0.2376980 -0.6859223
vn 0.7016930 -0.1927110 -0.6859223
vn 0.8033773 -0.2619824 -0.5347431
vn 0.8033773 -0.2619824 -0.5347431
vn 0.7016930 -0.1927110 -0.6859223
vn 0.7126893 -0.1469168 -0.6859223
vn 0.8212718 -0.1989031 -0.5347431
vn 0.8212718 -0.1989031 -0.5347431
vn 0.7126893 -0.1469168 -0.6859223
vn 0.7207003 -0.1005072 -0.6859223
vn 0.8342216 -0.1346262 -0.5347431
vn 0.8342216 -0.1346262 -0.5347431
vn 0.7207003 -0.1005072 -0.6859223
vn 0.7256924 -0.0536766 -0.6859223
vn 0.8421486 -0.0695388 -0.5347431
vn 0.8421486 -0.0695388 -0.5347431
vn 0.7256924 -0.0536766 -0.6859223
vn 0.7276447 -0.0066212 -0.6859223
vn 0.8450051 -0.0040326 -0.5347431
vn 0.8450051 -0.0040326 -0.5347431
vn 0.7276447 -0.0066212 -0.6859223
vn 0.7265490 0.0404620 -0.6859223
vn 0.8427739 0.0614978 -0.5347431
vn 0.8427739 0.0614978 -0.5347431
vn 0.7265490 0.0404620 -0.6859223
vn 0.7224100 0.0873757 -0.6859223
vn 0.8354685 0.1266580 -0.5347431
vn 0.6709410 -0.2816893 -0.6859223
vn 0.5628607 -0.1545179 -0.8119804
vn 0.5694963 -0.1279136 -0.8119804
vn 0.6877575 -0.2376980 -0.6859223
vn 0.6877575 -0.2376980 -0.6859223
vn 0.5694963 -0.1279136 -0.8119804
vn 0.5748751 -0.1010271 -0.8119804
vn 0.7016930 -0.1927110 -0.6859223
vn 0.7016930 -0.1927110 -0.6859223
vn 0.5748751 -0.1010271 -0.8119804
vn 0.5789854 -0.0739176 -0.8119804
vn 0.7126893 -0.1469168 -0.6859223
vn 0.7126893 -0.1469168 -0.6859223
vn 0.5789854 -0.0739176 -0.8119804
vn 0.5818180 -0.0466450 -0.8119804
vn 0.7207003 -0.1005072 -0.6859223
vn 0.7207003 -0.1005072 -0.6859223
vn 0.5818180 -0.0466450 -0.8119804
vn 0.5833666 -0.0192694 -0.8119804
vn 0.7256924 -0.0536766 -0.6859223
vn 0.7256924 -0.0536766 -0.6859223
vn 0.5833666 -0.0192694 -0.8119804
vn 0.5836279 0.0081486 -0.8119804
vn 0.7276447 -0.0066212 -0.6859223
vn 0.7276447 -0.0066212 -0.6859223
vn 0.5836279 0.0081486 -0.8119804
vn 0.5826012 0.0355487 -0.8119804
vn 0.7265490 0.0404620 -0.6859223
vn 0.7265490 0.0404620 -0.6859223
vn 0.5826012 0.0355487 -0.8119804
vn 0.5802889 0.0628703 -0.8119804
vn 0.7224100 0.0873757 -0.6859223
vn 0.5628607 -0.1545179 -0.8119804
vn 0.4176854 -0.0229959 -0.9083007
vn 0.4179621 -0.0172507 -0.9083007
vn 0.5694963 -0.1279136 -0.8119804
vn 0.5694963 -0.1279136 -0.8119804
vn 0.4179621 -0.0172507 -0.9083007
vn 0.4181598 -0.0115023 -0.9083007
vn 0.5748751 -0.1010271 -0.8119804
vn 0.5748751 -0.1010271 -0.8119804
vn 0.4181598 -0.0115023 -0.9083007
vn 0.4182784 -0.0057517 -0.9083007
vn 0.5789854 -0.0739176 -0.8119804
vn 0.5789854 -0.0739176 -0.8119804
vn 0.4182784 -0.0057517 -0.9083007
vn 0.4183179 -0.0000000 -0.9083007
vn 0.5818180 -0.0466450 -0.8119804
vn 0.5818180 -0.0466450 -0.8119804
vn 0.4183179 -0.0000000 -0.9083007
vn 0.4182784 0.0057517 -0.9083007
vn 0.5833666 -0.0192694 -0.8119804
vn 0.5833666 -0.0192694 -0.8119804
vn 0.4182784 0.0057517 -0.9083007
vn 0.4181598 0.0115023 -0.9083007
vn 0.5836279 0.0081486 -0.8119804
vn 0.5836279 0.0081486 -0.8119804
vn 0.4181598 0.0115023 -0.9083007
vn 0.4179621 0.0172507 -0.9083007
vn 0.5826012 0.0355487 -0.8119804
vn 0.5826012 0.0355487 -0.8119804
vn 0.4179621 0.0172507 -0.9083007
vn 0.4176854 0.0229959 -0.9083007
vn 0.5802889 0.0628703 -0.8119804
vn 0.9160624 -0.0441196 -0.3986014
vn 0.9160624 -0.0441196 -0.3986014
vn 0.9160624 -0.0441196 -0.3986014
vn 0.9160624 -0.0441196 -0.3986014
vn 0.9165825 -0.0315199 -0.3986014
vn 0.9165825 -0.0315199 -0.3986014
vn 0.9165825 -0.0315199 -0.3986014
vn 0.9165825 -0.0315199 -0.3986014
vn 0.9169292 -0.0189143 -0.3986014
vn 0.9169292 -0.0189143 -0.3986014
vn 0.9169292 -0.0189143 -0.3986014
vn 0.9169292 -0.0189143 -0.3986014
vn 0.9171026 -0.0063052 -0.3986014
vn 0.9171026 -0.0063052 -0.3986014
vn 0.9171026 -0.0063052 -0.3986014
vn 0.9171026 -0.0063052 -0.3986014
vn 0.9171026 0.0063052 -0.3986014
vn 0.9171026 0.0063052 -0.3986014
vn 0.9171026 0.0063052 -0.3986014
vn 0.9171026 0.0063052 -0.3986014
vn 0.9169292 0.0189143 -0.3986014
vn 0.9169292 0.0189143 -0.3986014
vn 0.9169292 0.0189143 -0.3986014
vn 0.9169292 0.0189143 -0.3986014
vn 0.9165825 0.0315199 -0.3986014
vn 0.9165825 0.0315199 -0.3986014
vn 0.9165825 0.0315199 -0.3986014
vn 0.9165825 0.0315199 -0.3986014
vn 0.9160624 0.0441196 -0.3986014
vn 0.9160624 0.0441196 -0.3986014
vn 0.9160624 0.0441196 -0.3986014
vn 0.9160624 0.0441196 -0.3986014
vn 0.5549059 -0.8018403 -0.2216566
vn 0.5549059 -0.8018403 -0.2216566
vn 0.5549059 -0.8018403 -0.2216566
vn 0.5549059 -0.8018403 -0.2216566
vn 0.5905176 -0.7668016 -0.2516034
vn 0.5905176 -0.7668016 -0.2516034
vn 0.5905176 -0.7668016 -0.2516034
vn 0.5905176 -0.7668016 -0.2516034
vn 0.5664892 -0.7946752 -0.2181313
vn 0.5664892 -0.7946752 -0.2181313
vn 0.5664892 -0.7946752 -0.2181313
vn 0.5664892 -0.7946752 -0.2181313
vn 0.4868359 -0.8715244 -0.0586173
vn 0.4868359 -0.8715244 -0.0586173
vn 0.4868359 -0.8715244 -0.0586173
vn 0.4868359 -0.8715244 -0.0586173
vn 0.3941337 -0.9025544 0.1733613
vn 0.3941337 -0.9025544 0.1733613
vn 0.3941337 -0.9025544 0.1733613
vn 0.3941337 -0.9025544 0.1733613
vn 0.3395057 -0.8728403 0.3505505
vn 0.3395057 -0.8728403 0.3505505
vn 0.3395057 -0.8728403 0.3505505
vn 0.3395057 -0.8728403 0.3505505
vn 0.3299618 -0.8503445 0.4099261
vn 0.3299618 -0.8503445 0.4099261
vn 0.3299618 -0.8503445 0.4099261
vn 0.3299618 -0.8503445 0.4099261
vn 0.3271584 -0.8748911 0.3571174
vn 0.3271584 -0.8748911 0.3571174
vn 0.3271584 -0.8748911 0.3571174
vn 0.3271584 -0.8748911 0.3571174
vn 0.2876715 -0.9299001 0.2291964
vn 0.2876715 -0.9299001 0.2291964
vn 0.2876715 -0.9299001 0.2291964
vn 0.2876715 -0.9299001 0.2291964
vn 0.2092179 -0.9731069 0.0963888
vn 0.2092179 -0.9731069 0.0963888
vn 0.2092179 -0.9731069 0.0963888
vn 0.2092179 -0.9731069 0.0963888
vn 0.1459274 -0.9889069 0.0277188
vn 0.1459274 -0.9889069 0.0277188
vn 0.1459274 -0.9889069 0.0277188
vn 0.1459274 -0.9889069 0.0277188
vn 0.1999128 -0.9775077 0.0671826
vn 0.1999128 -0.9775077 0.0671826
vn 0.1999128 -0.9775077 0.0671826
vn 0.1999128 -0.9775077 0.0671826
vn 0.9072528 0.0436953 0.4183098
vn 0.9072528 0.0436953 0.4183098
vn 0.9072528 0.0436953 0.4183098
vn 0.9072528 0.0436953 0.4183098
vn 0.9077678 0.0312168 0.4183098
vn 0.9077678 0.0312168 0.4183098
vn 0.9077678 0.0312168 0.4183098
vn 0.9077678 0.0312168 0.4183098
vn 0.9081112 0.0187325 0.4183098
vn 0.9081112 0.0187325 0.4183098
vn 0.9081112 0.0187325 0.4183098
vn 0.9081112 0.0187325 0.4183098
vn 0.9082830 0.0062445 0.4183098
vn 0.9082830 0.0062445 0.4183098
vn 0.9082830 0.0062445 0.4183098
vn 0.9082830 0.0062445 0.4183098
vn 0.9082830 -0.0062445 0.4183098
vn 0.9082830 -0.0062445 0.4183098
vn 0.9082830 -0.0062445 0.4183098
vn 0.9082830 -0.0062445 0.4183098
vn 0.9081112 -0.0187325 0.4183098
vn 0.9081112 -0.0187325 0.4183098
vn 0.9081112 -0.0187325 0.4183098
vn 0.9081112 -0.0187325 0.4183098
vn 0.9077678 -0.0312168 0.4183098
vn 0.9077678 -0.0312168 0.4183098
vn 0.9077678 -0.0312168 0.4183098
vn 0.9077678 -0.0312168 0.4183098
vn 0.9072528 -0.0436953 0.4183098
vn 0.9072528 -0.0436953 0.4183098
vn 0.9072528 -0.0436953 0.4183098
vn 0.9072528 -0.0436953 0.4183098
vn 0.5607520 0.7931052 0.2377844
vn 0.5607520 0.7931052 0.2377844
vn 0.5607520 0.7931052 0.2377844
vn 0.5607520 0.7931052 0.2377844
vn 0.5900761 0.7630206 0.2638368
vn 0.5900761 0.7630206 0.2638368
vn 0.5900761 0.7630206 0.2638368
vn 0.5900761 0.7630206 0.2638368
vn 0.5640692 0.7943282 0.2255408
vn 0.5640692 0.7943282 0.2255408
vn 0.5640692 0.7943282 0.2255408
vn 0.5640692 0.7943282 0.2255408
vn 0.4859717 0.8719153 0.0599602
vn 0.4859717 0.8719153 0.0599602
vn 0.4859717 0.8719153 0.0599602
vn 0.4859717 0.8719153 0.0599602
vn 0.3971521 0.9008017 -0.1755748
vn 0.3971521 0.9008017 -0.1755748
vn 0.3971521 0.9008017 -0.1755748
vn 0.3971521 0.9008017 -0.1755748
vn 0.3463733 0.8695802 -0.3519316
vn 0.3463733 0.8695802 -0.3519316
vn 0.3463733 0.8695802 -0.3519316
vn 0.3463733 0.8695802 -0.3519316
vn 0.3384407 0.8477642 -0.4083549
vn 0.3384407 0.8477642 -0.4083549
vn 0.3384407 0.8477642 -0.4083549
vn 0.3384407 0.8477642 -0.4083549
vn 0.3343028 0.8739216 -0.3528494
vn 0.3343028 0.8739216 -0.3528494
vn 0.3343028 0.8739216 -0.3528494
vn 0.3343028 0.8739216 -0.3528494
vn 0.2914440 0.9299394 -0.2242167
vn 0.2914440 0.9299394 -0.2242167
vn 0.2914440 0.9299394 -0.2242167
vn 0.2914440 0.9299394 -0.2242167
vn 0.2100330 0.9732500 -0.0931163
vn 0.2100330 0.9732500 -0.0931163
vn 0.2100330 0.9732500 -0.0931163
vn 0.2100330 0.9732500 -0.0931163
vn 0.1457188 0.9889757 -0.0263276
vn 0.1457188 0.9889757 -0.0263276
vn 0.1457188 0.9889757 -0.0263276
vn 0.1457188 0.9889757 -0.0263276
vn 0.1970159 0.9784301 -0.0621225
vn 0.1970159 0.9784301 -0.0621225
vn 0.1970159 0.9784301 -0.0621225
vn 0.1970159 0.9784301 -0.0621225
vn -0.4493532 0.0342413 -0.8926977
vn -0.5819011 0.0487326 -0.8117981
vn -0.5807062 0.0613525 -0.8117981
vn -0.4488789 0.0399814 -0.8926977
vn -0.5819011 0.0487326 -0.8117981
vn -0.7004263 0.0603970 -0.7111647
vn -0.6984605 0.0799860 -0.7111647
vn -0.5807062 0.0613525 -0.8117981
vn -0.7004263 0.0603970 -0.7111647
vn -0.8008902 0.0814680 -0.5932436
vn -0.7977808 0.1077398 -0.5932436
vn -0.6984605 0.0799860 -0.7111647
vn -0.8008902 0.0814680 -0.5932436
vn -0.8792706 0.1202209 -0.4609014
vn -0.8742894 0.1522761 -0.4609014
vn -0.7977808 0.1077398 -0.5932436
vn -0.8792706 0.1202209 -0.4609014
vn -0.9313675 0.1784387 -0.3173552
vn -0.9236658 0.2147725 -0.3173552
vn -0.8742894 0.1522761 -0.4609014
vn -0.9313675 0.1784387 -0.3173552
vn -0.9539811 0.2496651 -0.1660944
vn -0.9430239 0.2883030 -0.1660944
vn -0.9236658 0.2147725 -0.3173552
vn -0.9539811 0.2496651 -0.1660944
vn -0.9471956 0.3204744 -0.0107961
vn -0.9331741 0.3592625 -0.0107961
vn -0.9430239 0.2883030 -0.1660944
vn -0.9471956 0.3204744 -0.0107961
vn -0.9158019 0.3746333 0.1447646
vn -0.8997878 0.4116129 0.1447646
vn -0.9331741 0.3592625 -0.0107961
vn -0.9158019 0.3746333 0.1447646
vn -0.8678954 0.3983259 0.2968063
vn -0.8516320 0.4320057 0.2968063
vn -0.8997878 0.4116129 0.1447646
vn -0.8678954 0.3983259 0.2968063
vn -0.8108331 0.3840703 0.4416330
vn -0.7962544 0.4134480 0.4416330
vn -0.8516320 0.4320057 0.2968063
vn -0.8108331 0.3840703 0.4416330
vn -0.7470886 0.3322656 0.5757240
vn -0.7357676 0.3566341 0.5757240
vn -0.7962544 0.4134480 0.4416330
vn -0.7470886 0.3322656 0.5757240
vn -0.6729405 0.2509698 0.6958199
vn -0.6656492 0.2697145 0.6958199
vn -0.7357676 0.3566341 0.5757240
vn -0.6729405 0.2509698 0.6958199
vn -0.5811437 0.1544968 0.7990011
vn -0.5776531 0.1670752 0.7990011
vn -0.6656492 0.2697145 0.6958199
vn -0.5811437 0.1544968 0.7990011
vn -0.4660939 0.0590943 0.8827595
vn -0.4653006 0.0650463 0.8827595
vn -0.5776531 0.1670752 0.7990011
vn -0.4463160 -0.0623924 -0.8926977
vn -0.5609465 -0.1622431 -0.8117981
vn -0.5643361 -0.1500285 -0.8117981
vn -0.4470770 -0.0566832 -0.8926977
vn -0.5609465 -0.1622431 -0.8117981
vn -0.6515702 -0.2640098 -0.7111647
vn -0.6587072 -0.2456616 -0.7111647
vn -0.5643361 -0.1500285 -0.8117981
vn -0.6515702 -0.2640098 -0.7111647
vn -0.7244104 -0.3511292 -0.5932436
vn -0.7355567 -0.3271368 -0.5932436
vn -0.6587072 -0.2456616 -0.7111647
vn -0.7244104 -0.3511292 -0.5932436
vn -0.7876063 -0.4089575 -0.4609014
vn -0.8020266 -0.3798989 -0.4609014
vn -0.7355567 -0.3271368 -0.5932436
vn -0.7876063 -0.4089575 -0.4609014
vn -0.8457184 -0.4290059 -0.3173552
vn -0.8618689 -0.3955600 -0.3173552
vn -0.8020266 -0.3798989 -0.4609014
vn -0.8457184 -0.4290059 -0.3173552
vn -0.8967357 -0.4102167 -0.1660944
vn -0.9126955 -0.3733625 -0.1660944
vn -0.8618689 -0.3955600 -0.3173552
vn -0.8967357 -0.4102167 -0.1660944
vn -0.9331741 -0.3592625 -0.0107961
vn -0.9471956 -0.3204744 -0.0107961
vn -0.9126955 -0.3733625 -0.1660944
vn -0.9331741 -0.3592625 -0.0107961
vn -0.9462335 -0.2892842 0.1447646
vn -0.9572280 -0.2505149 0.1447646
vn -0.9471956 -0.3204744 -0.0107961
vn -0.9462335 -0.2892842 0.1447646
vn -0.9301244 -0.2162743 0.2968063
vn -0.9378800 -0.1796864 0.2968063
vn -0.9572280 -0.2505149 0.1447646
vn -0.9301244 -0.2162743 0.2968063
vn -0.8838893 -0.1539481 0.4416330
vn -0.8889253 -0.1215409 0.4416330
vn -0.9378800 -0.1796864 0.2968063
vn -0.8838893 -0.1539481 0.4416330
vn -0.8102883 -0.1094290 0.5757240
vn -0.8134464 -0.0827453 0.5757240
vn -0.8889253 -0.1215409 0.4416330
vn -0.8102883 -0.1094290 0.5757240
vn -0.7135527 -0.0817143 0.6958199
vn -0.7155610 -0.0617020 0.6958199
vn -0.8134464 -0.0827453 0.5757240
vn -0.7135527 -0.0817143 0.6958199
vn -0.5980013 -0.0631797 0.7990011
vn -0.5992318 -0.0501840 0.7990011
vn -0.7155610 -0.0617020 0.6958199
vn -0.5980013 -0.0631797 0.7990011
vn -0.4679725 -0.0416820 0.8827595
vn -0.4684670 -0.0356978 0.8827595
vn -0.5992318 -0.0501840 0.7990011
vn -0.8171135 -0.1633030 -0.5528631
vn -0.8737221 -0.1702869 -0.4556447
vn -0.8845378 -0.0999039 -0.4556447
vn -0.8270028 -0.1020236 -0.5528631
vn -0.8737221 -0.1702869 -0.4556447
vn -0.9218268 -0.1608626 -0.3526451
vn -0.9320980 -0.0826729 -0.3526451
vn -0.8845378 -0.0999039 -0.4556447
vn -0.9218268 -0.1608626 -0.3526451
vn -0.9599726 -0.1354391 -0.2451712
vn -0.9681299 -0.0511417 -0.2451712
vn -0.9320980 -0.0826729 -0.3526451
vn -0.9599726 -0.1354391 -0.2451712
vn -0.9861578 -0.0968464 -0.1345867
vn -0.9908651 -0.0085319 -0.1345867
vn -0.9681299 -0.0511417 -0.2451712
vn -0.9861578 -0.0968464 -0.1345867
vn -0.9985009 -0.0499894 -0.0222945
vn -0.9989529 0.0399506 -0.0222945
vn -0.9908651 -0.0085319 -0.1345867
vn -0.9985009 -0.0499894 -0.0222945
vn -0.9959158 -0.0010848 0.0902806
vn -0.9920246 0.0879579 0.0902806
vn -0.9989529 0.0399506 -0.0222945
vn -0.9959158 -0.0010848 0.0902806
vn -0.9784831 0.0434037 0.2017102
vn -0.9708992 0.1291035 0.2017102
vn -0.9920246 0.0879579 0.0902806
vn -0.9784831 0.0434037 0.2017102
vn -0.9473500 0.0778959 0.3105805
vn -0.9373123 0.1580677 0.3105805
vn -0.9708992 0.1291035 0.2017102
vn -0.9473500 0.0778959 0.3105805
vn -0.9042263 0.0986204 0.4155102
vn -0.8932839 0.1714499 0.4155102
vn -0.9373123 0.1580677 0.3105805
vn -0.9042263 0.0986204 0.4155102
vn -0.8507377 0.1041499 0.5151680
vn -0.8404189 0.1682202 0.5151680
vn -0.8932839 0.1714499 0.4155102
vn -0.8882988 -0.1531451 -0.4329802
vn -0.9318888 -0.1395503 -0.3348267
vn -0.9373191 -0.0965609 -0.3348267
vn -0.8941662 -0.1139955 -0.4329802
vn -0.9318888 -0.1395503 -0.3348267
vn -0.9659970 -0.1123077 -0.2328880
vn -0.9702388 -0.0663319 -0.2328880
vn -0.9373191 -0.0965609 -0.3348267
vn -0.9659970 -0.1123077 -0.2328880
vn -0.9889575 -0.0741481 -0.1283166
vn -0.9913867 -0.0262150 -0.1283166
vn -0.9702388 -0.0663319 -0.2328880
vn -0.9889575 -0.0741481 -0.1283166
vn -0.9993194 -0.0293875 -0.0222945
vn -0.9995643 0.0193416 -0.0222945
vn -0.9913867 -0.0262150 -0.1283166
vn -0.9993194 -0.0293875 -0.0222945
vn -0.9963278 0.0166849 0.0839796
vn -0.9943458 0.0649910 0.0839796
vn -0.9995643 0.0193416 -0.0222945
vn -0.9963278 0.0166849 0.0839796
vn -0.9801671 0.0586208 0.1893044
vn -0.9762541 0.1053177 0.1893044
vn -0.9943458 0.0649910 0.0839796
vn -0.9801671 0.0586208 0.1893044
vn -0.9518655 0.0916635 0.2924890
vn -0.9465947 0.1356782 0.2924890
vn -0.9762541 0.1053177 0.1893044
vn -0.9518655 0.0916635 0.2924890
vn -0.9129087 0.1124532 0.3923671
vn -0.9070151 0.1528777 0.3923671
vn -0.9465947 0.1356782 0.2924890
vn -0.8235202 -0.2401214 -0.5139613
vn -0.8443210 -0.2460687 -0.4759961
vn -0.8791303 -0.0236152 -0.4759961
vn -0.8573245 -0.0289570 -0.5139613
vn -0.8902569 0.0235426 0.4548499
vn -0.8693607 0.0290893 0.4933211
vn -0.8350592 0.2435374 0.4933211
vn -0.8550167 0.2491145 0.4548499
vn -0.2133708 -0.3366932 -0.9171208
vn -0.3123375 -0.4720390 -0.8243934
vn -0.3341613 -0.4568498 -0.8243934
vn -0.2179800 -0.3337276 -0.9171208
vn -0.2087213 -0.3395951 -0.9171208
vn -0.2898243 -0.4861866 -0.8243934
vn -0.3123375 -0.4720390 -0.8243934
vn -0.2133708 -0.3366932 -0.9171208
vn -0.2040323 -0.3424328 -0.9171208
vn -0.2666716 -0.4992612 -0.8243934
vn -0.2898243 -0.4861866 -0.8243934
vn -0.2087213 -0.3395951 -0.9171208
vn -0.1993047 -0.3452058 -0.9171208
vn -0.2429305 -0.5112341 -0.8243934
vn -0.2666716 -0.4992612 -0.8243934
vn -0.2040323 -0.3424328 -0.9171208
vn -0.1945394 -0.3479135 -0.9171208
vn -0.2186532 -0.5220788 -0.8243934
vn -0.2429305 -0.5112341 -0.8243934
vn -0.1993047 -0.3452058 -0.9171208
vn -0.1897373 -0.3505555 -0.9171208
vn -0.1938934 -0.5317714 -0.8243934
vn -0.2186532 -0.5220788 -0.8243934
vn -0.1945394 -0.3479135 -0.9171208
vn -0.1848994 -0.3531311 -0.9171208
vn -0.1687057 -0.5402906 -0.8243934
vn -0.1938934 -0.5317714 -0.8243934
vn -0.1897373 -0.3505555 -0.9171208
vn -0.1800265 -0.3556400 -0.9171208
vn -0.1431458 -0.5476174 -0.8243934
vn -0.1687057 -0.5402906 -0.8243934
vn -0.1848994 -0.3531311 -0.9171208
vn -0.3123375 -0.4720390 -0.8243934
vn -0.3901162 -0.5964429 -0.7014736
vn -0.4278814 -0.5699582 -0.7014736
vn -0.3341613 -0.4568498 -0.8243934
vn -0.2898243 -0.4861866 -0.8243934
vn -0.3507169 -0.6204293 -0.7014736
vn -0.3901162 -0.5964429 -0.7014736
vn -0.3123375 -0.4720390 -0.8243934
vn -0.2666716 -0.4992612 -0.8243934
vn -0.3098485 -0.6418167 -0.7014736
vn -0.3507169 -0.6204293 -0.7014736
vn -0.2898243 -0.4861866 -0.8243934
vn -0.2429305 -0.5112341 -0.8243934
vn -0.2676822 -0.6605158 -0.7014736
vn -0.3098485 -0.6418167 -0.7014736
vn -0.2666716 -0.4992612 -0.8243934
vn -0.2186532 -0.5220788 -0.8243934
vn -0.2243947 -0.6764480 -0.7014736
vn -0.2676822 -0.6605158 -0.7014736
vn -0.2429305 -0.5112341 -0.8243934
vn -0.1938934 -0.5317714 -0.8243934
vn -0.1801671 -0.6895467 -0.7014736
vn -0.2243947 -0.6764480 -0.7014736
vn -0.2186532 -0.5220788 -0.8243934
vn -0.1687057 -0.5402906 -0.8243934
vn -0.1351849 -0.6997570 -0.7014736
vn -0.1801671 -0.6895467 -0.7014736
vn -0.1938934 -0.5317714 -0.8243934
vn -0.1431458 -0.5476174 -0.8243934
vn -0.0896365 -0.7070362 -0.7014736
vn -0.1351849 -0.6997570 -0.7014736
vn -0.1687057 -0.5402906 -0.8243934
vn -0.3901162 -0.5964429 -0.7014736
vn -0.4680498 -0.6893996 -0.5528631
vn -0.5200940 -0.6510335 -0.5528631
vn -0.4278814 -0.5699582 -0.7014736
vn -0.3507169 -0.6204293 -0.7014736
vn -0.4131875 -0.7236149 -0.5528631
vn -0.4680498 -0.6893996 -0.5528631
vn -0.3901162 -0.5964429 -0.7014736
vn -0.3098485 -0.6418167 -0.7014736
vn -0.3558374 -0.7534734 -0.5528631
vn -0.4131875 -0.7236149 -0.5528631
vn -0.3507169 -0.6204293 -0.7014736
vn -0.2676822 -0.6605158 -0.7014736
vn -0.2963449 -0.7787953 -0.5528631
vn -0.3558374 -0.7534734 -0.5528631
vn -0.3098485 -0.6418167 -0.7014736
vn -0.2243947 -0.6764480 -0.7014736
vn -0.2350681 -0.7994281 -0.5528631
vn -0.2963449 -0.7787953 -0.5528631
vn -0.2676822 -0.6605158 -0.7014736
vn -0.1801671 -0.6895467 -0.7014736
vn -0.1723760 -0.8152477 -0.5528631
vn -0.2350681 -0.7994281 -0.5528631
vn -0.2243947 -0.6764480 -0.7014736
vn -0.1351849 -0.6997570 -0.7014736
vn -0.1086461 -0.8261588 -0.5528631
vn -0.1723760 -0.8152477 -0.5528631
vn -0.1801671 -0.6895467 -0.7014736
vn -0.0896365 -0.7070362 -0.7014736
vn -0.0442620 -0.8320957 -0.5528631
vn -0.1086461 -0.8261588 -0.5528631
vn -0.1351849 -0.6997570 -0.7014736
vn -0.4680498 -0.6893996 -0.5528631
vn -0.5550038 -0.7379100 -0.3840047
vn -0.6167535 -0.6871357 -0.3840047
vn -0.5200940 -0.6510335 -0.5528631
vn -0.4131875 -0.7236149 -0.5528631
vn -0.4890935 -0.7831525 -0.3840047
vn -0.5550038 -0.7379100 -0.3840047
vn -0.4680498 -0.6893996 -0.5528631
vn -0.3558374 -0.7534734 -0.5528631
vn -0.4195168 -0.8225242 -0.3840047
vn -0.4890935 -0.7831525 -0.3840047
vn -0.4131875 -0.7236149 -0.5528631
vn -0.2963449 -0.7787953 -0.5528631
vn -0.3467951 -0.8557298 -0.3840047
vn -0.4195168 -0.8225242 -0.3840047
vn -0.3558374 -0.7534734 -0.5528631
vn -0.2350681 -0.7994281 -0.5528631
vn -0.2714738 -0.8825205 -0.3840047
vn -0.3467951 -0.8557298 -0.3840047
vn -0.2963449 -0.7787953 -0.5528631
vn -0.1723760 -0.8152477 -0.5528631
vn -0.1941173 -0.9026953 -0.3840047
vn -0.2714738 -0.8825205 -0.3840047
vn -0.2350681 -0.7994281 -0.5528631
vn -0.1086461 -0.8261588 -0.5528631
vn -0.1153056 -0.9161032 -0.3840047
vn -0.1941173 -0.9026953 -0.3840047
vn -0.1723760 -0.8152477 -0.5528631
vn -0.0442620 -0.8320957 -0.5528631
vn -0.0356295 -0.9226434 -0.3840047
vn -0.1153056 -0.9161032 -0.3840047
vn -0.1086461 -0.8261588 -0.5528631
vn -0.5550038 -0.7379100 -0.3840047
vn -0.6455487 -0.7367718 -0.2010826
vn -0.7104841 -0.6743724 -0.2010826
vn -0.6167535 -0.6871357 -0.3840047
vn -0.4890935 -0.7831525 -0.3840047
vn -0.5751571 -0.7929439 -0.2010826
vn -0.6455487 -0.7367718 -0.2010826
vn -0.5550038 -0.7379100 -0.3840047
vn -0.4195168 -0.8225242 -0.3840047
vn -0.4999042 -0.8424141 -0.2010826
vn -0.5751571 -0.7929439 -0.2010826
vn -0.4890935 -0.7831525 -0.3840047
vn -0.3467951 -0.8557298 -0.3840047
vn -0.4204261 -0.8847642 -0.2010826
vn -0.4999042 -0.8424141 -0.2010826
vn -0.4195168 -0.8225242 -0.3840047
vn -0.2714738 -0.8825205 -0.3840047
vn -0.3373946 -0.9196362 -0.2010826
vn -0.4204261 -0.8847642 -0.2010826
vn -0.3467951 -0.8557298 -0.3840047
vn -0.1941173 -0.9026953 -0.3840047
vn -0.2515114 -0.9467353 -0.2010826
vn -0.3373946 -0.9196362 -0.2010826
vn -0.2714738 -0.8825205 -0.3840047
vn -0.1153056 -0.9161032 -0.3840047
vn -0.1635024 -0.9658327 -0.2010826
vn -0.2515114 -0.9467353 -0.2010826
vn -0.1941173 -0.9026953 -0.3840047
vn -0.0356295 -0.9226434 -0.3840047
vn -0.0741114 -0.9767667 -0.2010826
vn -0.1635024 -0.9658327 -0.2010826
vn -0.1153056 -0.9161032 -0.3840047
vn -0.6455487 -0.7367718 -0.2010826
vn -0.7206838 -0.6931798 -0.0107961
vn -0.7824095 -0.6226707 -0.0107961
vn -0.7104841 -0.6743724 -0.2010826
vn -0.5751571 -0.7929439 -0.2010826
vn -0.6526286 -0.7576010 -0.0107961
vn -0.7206838 -0.6931798 -0.0107961
vn -0.6455487 -0.7367718 -0.2010826
vn -0.4999042 -0.8424141 -0.2010826
vn -0.5788416 -0.8153685 -0.0107961
vn -0.6526286 -0.7576010 -0.0107961
vn -0.5751571 -0.7929439 -0.2010826
vn -0.4204261 -0.8847642 -0.2010826
vn -0.4999709 -0.8659749 -0.0107961
vn -0.5788416 -0.8153685 -0.0107961
vn -0.4999042 -0.8424141 -0.2010826
vn -0.3373946 -0.9196362 -0.2010826
vn -0.4167091 -0.9089758 -0.0107961
vn -0.4999709 -0.8659749 -0.0107961
vn -0.4204261 -0.8847642 -0.2010826
vn -0.2515114 -0.9467353 -0.2010826
vn -0.3297874 -0.9439935 -0.0107961
vn -0.4167091 -0.9089758 -0.0107961
vn -0.3373946 -0.9196362 -0.2010826
vn -0.1635024 -0.9658327 -0.2010826
vn -0.2399694 -0.9707204 -0.0107961
vn -0.3297874 -0.9439935 -0.0107961
vn -0.2515114 -0.9467353 -0.2010826
vn -0.0741114 -0.9767667 -0.2010826
vn -0.1480439 -0.9889219 -0.0107961
vn -0.2399694 -0.9707204 -0.0107961
vn -0.1635024 -0.9658327 -0.2010826
vn -0.7206838 -0.6931798 -0.0107961
vn -0.7578534 -0.6271359 0.1798858
vn -0.8122455 -0.5548860 0.1798858
vn -0.7824095 -0.6226707 -0.0107961
vn -0.6526286 -0.7576010 -0.0107961
vn -0.6970559 -0.6940852 0.1798858
vn -0.7578534 -0.6271359 0.1798858
vn -0.7206838 -0.6931798 -0.0107961
vn -0.5788416 -0.8153685 -0.0107961
vn -0.6303668 -0.7551680 0.1798858
vn -0.6970559 -0.6940852 0.1798858
vn -0.6526286 -0.7576010 -0.0107961
vn -0.4999709 -0.8659749 -0.0107961
vn -0.5583499 -0.8098682 0.1798858
vn -0.6303668 -0.7551680 0.1798858
vn -0.5788416 -0.8153685 -0.0107961
vn -0.4167091 -0.9089758 -0.0107961
vn -0.4816138 -0.8577233 0.1798858
vn -0.5583499 -0.8098682 0.1798858
vn -0.4999709 -0.8659749 -0.0107961
vn -0.3297874 -0.9439935 -0.0107961
vn -0.4008070 -0.8983289 0.1798858
vn -0.4816138 -0.8577233 0.1798858
vn -0.4167091 -0.9089758 -0.0107961
vn -0.2399694 -0.9707204 -0.0107961
vn -0.3166126 -0.9313418 0.1798858
vn -0.4008070 -0.8983289 0.1798858
vn -0.3297874 -0.9439935 -0.0107961
vn -0.1480439 -0.9889219 -0.0107961
vn -0.2297422 -0.9564829 0.1798858
vn -0.3166126 -0.9313418 0.1798858
vn -0.2399694 -0.9707204 -0.0107961
vn -0.7578534 -0.6271359 0.1798858
vn -0.7421507 -0.5627888 0.3639796
vn -0.7880507 -0.4964825 0.3639796
vn -0.8122455 -0.5548860 0.1798858
vn -0.6970559 -0.6940852 0.1798858
vn -0.6906871 -0.6248762 0.3639796
vn -0.7421507 -0.5627888 0.3639796
vn -0.7578534 -0.6271359 0.1798858
vn -0.6303668 -0.7551680 0.1798858
vn -0.6340458 -0.6822791 0.3639796
vn -0.6906871 -0.6248762 0.3639796
vn -0.6970559 -0.6940852 0.1798858
vn -0.5583499 -0.8098682 0.1798858
vn -0.5726514 -0.7345674 0.3639796
vn -0.6340458 -0.6822791 0.3639796
vn -0.6303668 -0.7551680 0.1798858
vn -0.4816138 -0.8577233 0.1798858
vn -0.5069641 -0.7813490 0.3639796
vn -0.5726514 -0.7345674 0.3639796
vn -0.5583499 -0.8098682 0.1798858
vn -0.4008070 -0.8983289 0.1798858
vn -0.4374764 -0.8222732 0.3639796
vn -0.5069641 -0.7813490 0.3639796
vn -0.4816138 -0.8577233 0.1798858
vn -0.3166126 -0.9313418 0.1798858
vn -0.3647091 -0.8570333 0.3639796
vn -0.4374764 -0.8222732 0.3639796
vn -0.4008070 -0.8983289 0.1798858
vn -0.2297422 -0.9564829 0.1798858
vn -0.2892078 -0.8853687 0.3639796
vn -0.3647091 -0.8570333 0.3639796
vn -0.3166126 -0.9313418 0.1798858
vn -0.7421507 -0.5627888 0.3639796
vn -0.6704685 -0.5143168 0.5347431
vn -0.7083282 -0.4607830 0.5347431
vn -0.7880507 -0.4964825 0.3639796
vn -0.6906871 -0.6248762 0.3639796
vn -0.6285721 -0.5647539 0.5347431
vn -0.6704685 -0.5143168 0.5347431
vn -0.7421507 -0.5627888 0.3639796
vn -0.6340458 -0.6822791 0.3639796
vn -0.5828911 -0.6117907 0.5347431
vn -0.6285721 -0.5647539 0.5347431
vn -0.6906871 -0.6248762 0.3639796
vn -0.5726514 -0.7345674 0.3639796
vn -0.5337005 -0.6551440 0.5347431
vn -0.5828911 -0.6117907 0.5347431
vn -0.6340458 -0.6822791 0.3639796
vn -0.5069641 -0.7813490 0.3639796
vn -0.4812966 -0.6945527 0.5347431
vn -0.5337005 -0.6551440 0.5347431
vn -0.5726514 -0.7345674 0.3639796
vn -0.4374764 -0.8222732 0.3639796
vn -0.4259949 -0.7297796 0.5347431
vn -0.4812966 -0.6945527 0.5347431
vn -0.5069641 -0.7813490 0.3639796
vn -0.3647091 -0.8570333 0.3639796
vn -0.3681283 -0.7606125 0.5347431
vn -0.4259949 -0.7297796 0.5347431
vn -0.4374764 -0.8222732 0.3639796
vn -0.2892078 -0.8853687 0.3639796
vn -0.3080452 -0.7868659 0.5347431
vn -0.3681283 -0.7606125 0.5347431
vn -0.3647091 -0.8570333 0.3639796
vn -0.6704685 -0.5143168 0.5347431
vn -0.5497312 -0.4767664 0.6859223
vn -0.5794206 -0.4402073 0.6859223
vn -0.7083282 -0.4607830 0.5347431
vn -0.6285721 -0.5647539 0.5347431
vn -0.5177392 -0.5113285 0.6859223
vn -0.5497312 -0.4767664 0.6859223
vn -0.6704685 -0.5143168 0.5347431
vn -0.5828911 -0.6117907 0.5347431
vn -0.4835784 -0.5437487 0.6859223
vn -0.5177392 -0.5113285 0.6859223
vn -0.6285721 -0.5647539 0.5347431
vn -0.5337005 -0.6551440 0.5347431
vn -0.4473920 -0.5738912 0.6859223
vn -0.4835784 -0.5437487 0.6859223
vn -0.5828911 -0.6117907 0.5347431
vn -0.4812966 -0.6945527 0.5347431
vn -0.4093315 -0.6016298 0.6859223
vn -0.4473920 -0.5738912 0.6859223
vn -0.5337005 -0.6551440 0.5347431
vn -0.4259949 -0.7297796 0.5347431
vn -0.3695565 -0.6268482 0.6859223
vn -0.4093315 -0.6016298 0.6859223
vn -0.4812966 -0.6945527 0.5347431
vn -0.3681283 -0.7606125 0.5347431
vn -0.3282334 -0.6494409 0.6859223
vn -0.3695565 -0.6268482 0.6859223
vn -0.4259949 -0.7297796 0.5347431
vn -0.3080452 -0.7868659 0.5347431
vn -0.2855354 -0.6693132 0.6859223
vn -0.3282334 -0.6494409 0.6859223
vn -0.3681283 -0.7606125 0.5347431
vn -0.5497312 -0.4767664 0.6859223
vn -0.3955246 -0.4292414 0.8119804
vn -0.4152468 -0.4101927 0.8119804
vn -0.5794206 -0.4402073 0.6859223
vn -0.5177392 -0.5113285 0.6859223
vn -0.3749296 -0.4473429 0.8119804
vn -0.3955246 -0.4292414 0.8119804
vn -0.5497312 -0.4767664 0.6859223
vn -0.4835784 -0.5437487 0.6859223
vn -0.3535072 -0.4644573 0.8119804
vn -0.3749296 -0.4473429 0.8119804
vn -0.5177392 -0.5113285 0.6859223
vn -0.4473920 -0.5738912 0.6859223
vn -0.3313047 -0.4805466 0.8119804
vn -0.3535072 -0.4644573 0.8119804
vn -0.4835784 -0.5437487 0.6859223
vn -0.4093315 -0.6016298 0.6859223
vn -0.3083711 -0.4955756 0.8119804
vn -0.3313047 -0.4805466 0.8119804
vn -0.4473920 -0.5738912 0.6859223
vn -0.3695565 -0.6268482 0.6859223
vn -0.2847570 -0.5095109 0.8119804
vn -0.3083711 -0.4955756 0.8119804
vn -0.4093315 -0.6016298 0.6859223
vn -0.3282334 -0.6494409 0.6859223
vn -0.2605145 -0.5223218 0.8119804
vn -0.2847570 -0.5095109 0.8119804
vn -0.3695565 -0.6268482 0.6859223
vn -0.2855354 -0.6693132 0.6859223
vn -0.2356971 -0.5339801 0.8119804
vn -0.2605145 -0.5223218 0.8119804
vn -0.3282334 -0.6494409 0.6859223
vn -0.3955246 -0.4292414 0.8119804
vn -0.2239206 -0.3533404 0.9083007
vn -0.2287577 -0.3502282 0.9083007
vn -0.4152468 -0.4101927 0.8119804
vn -0.3749296 -0.4473429 0.8119804
vn -0.2190412 -0.3563858 0.9083007
vn -0.2239206 -0.3533404 0.9083007
vn -0.3955246 -0.4292414 0.8119804
vn -0.3535072 -0.4644573 0.8119804
vn -0.2141203 -0.3593639 0.9083007
vn -0.2190412 -0.3563858 0.9083007
vn -0.3749296 -0.4473429 0.8119804
vn -0.3313047 -0.4805466 0.8119804
vn -0.2091590 -0.3622740 0.9083007
vn -0.2141203 -0.3593639 0.9083007
vn -0.3535072 -0.4644573 0.8119804
vn -0.3083711 -0.4955756 0.8119804
vn -0.2041581 -0.3651156 0.9083007
vn -0.2091590 -0.3622740 0.9083007
vn -0.3313047 -0.4805466 0.8119804
vn -0.2847570 -0.5095109 0.8119804
vn -0.1991186 -0.3678881 0.9083007
vn -0.2041581 -0.3651156 0.9083007
vn -0.3083711 -0.4955756 0.8119804
vn -0.2605145 -0.5223218 0.8119804
vn -0.1940415 -0.3705912 0.9083007
vn -0.1991186 -0.3678881 0.9083007
vn -0.2847570 -0.5095109 0.8119804
vn -0.2356971 -0.5339801 0.8119804
vn -0.1889277 -0.3732241 0.9083007
vn -0.1940415 -0.3705912 0.9083007
vn -0.2605145 -0.5223218 0.8119804
vn 0.2179800 0.3337276 0.9171208
vn 0.3341613 0.4568498 0.8243934
vn 0.3123375 0.4720390 0.8243934
vn 0.2133708 0.3366932 0.9171208
vn 0.2133708 0.3366932 0.9171208
vn 0.3123375 0.4720390 0.8243934
vn 0.2898243 0.4861866 0.8243934
vn 0.2087213 0.3395951 0.9171208
vn 0.2087213 0.3395951 0.9171208
vn 0.2898243 0.4861866 0.8243934
vn 0.2666716 0.4992612 0.8243934
vn 0.2040323 0.3424328 0.9171208
vn 0.2040323 0.3424328 0.9171208
vn 0.2666716 0.4992612 0.8243934
vn 0.2429305 0.5112341 0.8243934
vn 0.1993047 0.3452058 0.9171208
vn 0.1993047 0.3452058 0.9171208
vn 0.2429305 0.5112341 0.8243934
vn 0.2186532 0.5220788 0.8243934
vn 0.1945394 0.3479135 0.9171208
vn 0.1945394 0.3479135 0.9171208
vn 0.2186532 0.5220788 0.8243934
vn 0.1938934 0.5317714 0.8243934
vn 0.1897373 0.3505555 0.9171208
vn 0.1897373 0.3505555 0.9171208
vn 0.1938934 0.5317714 0.8243934
vn 0.1687057 0.5402906 0.8243934
vn 0.1848994 0.3531311 0.9171208
vn 0.1848994 0.3531311 0.9171208
vn 0.1687057 0.5402906 0.8243934
vn 0.1431458 0.5476174 0.8243934
vn 0.1800265 0.3556400 0.9171208
vn 0.3341613 0.4568498 0.8243934
vn 0.4278814 0.5699582 0.7014736
vn 0.3901162 0.5964429 0.7014736
vn 0.3123375 0.4720390 0.8243934
vn 0.3123375 0.4720390 0.8243934
vn 0.3901162 0.5964429 0.7014736
vn 0.3507169 0.6204293 0.7014736
vn 0.2898243 0.4861866 0.8243934
vn 0.2898243 0.4861866 0.8243934
vn 0.3507169 0.6204293 0.7014736
vn 0.3098485 0.6418167 0.7014736
vn 0.2666716 0.4992612 0.8243934
vn 0.2666716 0.4992612 0.8243934
vn 0.3098485 0.6418167 0.7014736
vn 0.2676822 0.6605158 0.7014736
vn 0.2429305 0.5112341 0.8243934
vn 0.2429305 0.5112341 0.8243934
vn 0.2676822 0.6605158 0.7014736
vn 0.2243947 0.6764480 0.7014736
vn 0.2186532 0.5220788 0.8243934
vn 0.2186532 0.5220788 0.8243934
vn 0.2243947 0.6764480 0.7014736
vn 0.1801671 0.6895467 0.7014736
vn 0.1938934 0.5317714 0.8243934
vn 0.1938934 0.5317714 0.8243934
vn 0.1801671 0.6895467 0.7014736
vn 0.1351849 0.6997570 0.7014736
vn 0.1687057 0.5402906 0.8243934
vn 0.1687057 0.5402906 0.8243934
vn 0.1351849 0.6997570 0.7014736
vn 0.0896365 0.7070362 0.7014736
vn 0.1431458 0.5476174 0.8243934
vn 0.4278814 0.5699582 0.7014736
vn 0.5200940 0.6510335 0.5528631
vn 0.4680498 0.6893996 0.5528631
vn 0.3901162 0.5964429 0.7014736
vn 0.3901162 0.5964429 0.7014736
vn 0.4680498 0.6893996 0.5528631
vn 0.4131875 0.7236149 0.5528631
vn 0.3507169 0.6204293 0.7014736
vn 0.3507169 0.6204293 0.7014736
vn 0.4131875 0.7236149 0.5528631
vn 0.3558374 0.7534734 0.5528631
vn 0.3098485 0.6418167 0.7014736
vn 0.3098485 0.6418167 0.7014736
vn 0.3558374 0.7534734 0.5528631
vn 0.2963449 0.7787953 0.5528631
vn 0.2676822 0.6605158 0.7014736
vn 0.2676822 0.6605158 0.7014736
vn 0.2963449 0.7787953 0.5528631
vn 0.2350681 0.7994281 0.5528631
vn 0.2243947 0.6764480 0.7014736
vn 0.2243947 0.6764480 0.7014736
vn 0.2350681 0.7994281 0.5528631
vn 0.1723760 0.8152477 0.5528631
vn 0.1801671 0.6895467 0.7014736
vn 0.1801671 0.6895467 0.7014736
vn 0.1723760 0.8152477 0.5528631
vn 0.1086461 0.8261588 0.5528631
vn 0.1351849 0.6997570 0.7014736
vn 0.1351849 0.6997570 0.7014736
vn 0.1086461 0.8261588 0.5528631
vn 0.0442620 0.8320957 0.5528631
vn 0.0896365 0.7070362 0.7014736
vn 0.5200940 0.6510335 0.5528631
vn 0.6167535 0.6871357 0.3840047
vn 0.5550038 0.7379100 0.3840047
vn 0.4680498 0.6893996 0.5528631
vn 0.4680498 0.6893996 0.5528631
vn 0.5550038 0.7379100 0.3840047
vn 0.4890935 0.7831525 0.3840047
vn 0.4131875 0.7236149 0.5528631
vn 0.4131875 0.7236149 0.5528631
vn 0.4890935 0.7831525 0.3840047
vn 0.4195168 0.8225242 0.3840047
vn 0.3558374 0.7534734 0.5528631
vn 0.3558374 0.7534734 0.5528631
vn 0.4195168 0.8225242 0.3840047
vn 0.3467951 0.8557298 0.3840047
vn 0.2963449 0.7787953 0.5528631
vn 0.2963449 0.7787953 0.5528631
vn 0.3467951 0.8557298 0.3840047
vn 0.2714738 0.8825205 0.3840047
vn 0.2350681 0.7994281 0.5528631
vn 0.2350681 0.7994281 0.5528631
vn 0.2714738 0.8825205 0.3840047
vn 0.1941173 0.9026953 0.3840047
vn 0.1723760 0.8152477 0.5528631
vn 0.1723760 0.8152477 0.5528631
vn 0.1941173 0.9026953 0.3840047
vn 0.1153056 0.9161032 0.3840047
vn 0.1086461 0.8261588 0.5528631
vn 0.1086461 0.8261588 0.5528631
vn 0.1153056 0.9161032 0.3840047
vn 0.0356295 0.9226434 0.3840047
vn 0.0442620 0.8320957 0.5528631
vn 0.6167535 0.6871357 0.3840047
vn 0.7104841 0.6743724 0.2010826
vn 0.6455487 0.7367718 0.2010826
vn 0.5550038 0.7379100 0.3840047
vn 0.5550038 0.7379100 0.3840047
vn 0.6455487 0.7367718 0.2010826
vn 0.5751571 0.7929439 0.2010826
vn 0.4890935 0.7831525 0.3840047
vn 0.4890935 0.7831525 0.3840047
vn 0.5751571 0.7929439 0.2010826
vn 0.4999042 0.8424141 0.2010826
vn 0.4195168 0.8225242 0.3840047
vn 0.4195168 0.8225242 0.3840047
vn 0.4999042 0.8424141 0.2010826
vn 0.4204261 0.8847642 0.2010826
vn 0.3467951 0.8557298 0.3840047
vn 0.3467951 0.8557298 0.3840047
vn 0.4204261 0.8847642 0.2010826
vn 0.3373946 0.9196362 0.2010826
vn 0.2714738 0.8825205 0.3840047
vn 0.2714738 0.8825205 0.3840047
vn 0.3373946 0.9196362 0.2010826
vn 0.2515114 0.9467353 0.2010826
vn 0.1941173 0.9026953 0.3840047
vn 0.1941173 0.9026953 0.3840047
vn 0.2515114 0.9467353 0.2010826
vn 0.1635024 0.9658327 0.2010826
vn 0.1153056 0.9161032 0.3840047
vn 0.1153056 0.9161032 0.3840047
vn 0.1635024 0.9658327 0.2010826
vn 0.0741114 0.9767667 0.2010826
vn 0.0356295 0.9226434 0.3840047
vn 0.7104841 0.6743724 0.2010826
vn 0.7824095 0.6226707 0.0107961
vn 0.7206838 0.6931798 0.0107961
vn 0.6455487 0.7367718 0.2010826
vn 0.6455487 0.7367718 0.2010826
vn 0.7206838 0.6931798 0.0107961
vn 0.6526286 0.7576010 0.0107961
vn 0.5751571 0.7929439 0.2010826
vn 0.5751571 0.7929439 0.2010826
vn 0.6526286 0.7576010 0.0107961
vn 0.5788416 0.8153685 0.0107961
vn 0.4999042 0.8424141 0.2010826
vn 0.4999042 0.8424141 0.2010826
vn 0.5788416 0.8153685 0.0107961
vn 0.4999709 0.8659749 0.0107961
vn 0.4204261 0.8847642 0.2010826
vn 0.4204261 0.8847642 0.2010826
vn 0.4999709 0.8659749 0.0107961
vn 0.4167091 0.9089758 0.0107961
vn 0.3373946 0.9196362 0.2010826
vn 0.3373946 0.9196362 0.2010826
vn 0.4167091 0.9089758 0.0107961
vn 0.3297874 0.9439935 0.0107961
vn 0.2515114 0.9467353 0.2010826
vn 0.2515114 0.9467353 0.2010826
vn 0.3297874 0.9439935 0.0107961
vn 0.2399694 0.9707204 0.0107961
vn 0.1635024 0.9658327 0.2010826
vn 0.1635024 0.9658327 0.2010826
vn 0.2399694 0.9707204 0.0107961
vn 0.1480439 0.9889219 0.0107961
vn 0.0741114 0.9767667 0.2010826
vn 0.7824095 0.6226707 0.0107961
vn 0.8122455 0.5548860 -0.1798858
vn 0.7578534 0.6271359 -0.1798858
vn 0.7206838 0.6931798 0.0107961
vn 0.7206838 0.6931798 0.0107961
vn 0.7578534 0.6271359 -0.1798858
vn 0.6970559 0.6940852 -0.1798858
vn 0.6526286 0.7576010 0.0107961
vn 0.6526286 0.7576010 0.0107961
vn 0.6970559 0.6940852 -0.1798858
vn 0.6303668 0.7551680 -0.1798858
vn 0.5788416 0.8153685 0.0107961
vn 0.5788416 0.8153685 0.0107961
vn 0.6303668 0.7551680 -0.1798858
vn 0.5583499 0.8098682 -0.1798858
vn 0.4999709 0.8659749 0.0107961
vn 0.4999709 0.8659749 0.0107961
vn 0.5583499 0.8098682 -0.1798858
vn 0.4816138 0.8577233 -0.1798858
vn 0.4167091 0.9089758 0.0107961
vn 0.4167091 0.9089758 0.0107961
vn 0.4816138 0.8577233 -0.1798858
vn 0.4008070 0.8983289 -0.1798858
vn 0.3297874 0.9439935 0.0107961
vn 0.3297874 0.9439935 0.0107961
vn 0.4008070 0.8983289 -0.1798858
vn 0.3166126 0.9313418 -0.1798858
vn 0.2399694 0.9707204 0.0107961
vn 0.2399694 0.9707204 0.0107961
vn 0.3166126 0.9313418 -0.1798858
vn 0.2297422 0.9564829 -0.1798858
vn 0.1480439 0.9889219 0.0107961
vn 0.8122455 0.5548860 -0.1798858
vn 0.7880507 0.4964825 -0.3639796
vn 0.7421507 0.5627888 -0.3639796
vn 0.7578534 0.6271359 -0.1798858
vn 0.7578534 0.6271359 -0.1798858
vn 0.7421507 0.5627888 -0.3639796
vn 0.6906871 0.6248762 -0.3639796
vn 0.6970559 0.6940852 -0.1798858
vn 0.6970559 0.6940852 -0.1798858
vn 0.6906871 0.6248762 -0.3639796
vn 0.6340458 0.6822791 -0.3639796
vn 0.6303668 0.7551680 -0.1798858
vn 0.6303668 0.7551680 -0.1798858
vn 0.6340458 0.6822791 -0.3639796
vn 0.5726514 0.7345674 -0.3639796
vn 0.5583499 0.8098682 -0.1798858
vn 0.5583499 0.8098682 -0.1798858
vn 0.5726514 0.7345674 -0.3639796
vn 0.5069641 0.7813490 -0.3639796
vn 0.4816138 0.8577233 -0.1798858
vn 0.4816138 0.8577233 -0.1798858
vn 0.5069641 0.7813490 -0.3639796
vn 0.4374764 0.8222732 -0.3639796
vn 0.4008070 0.8983289 -0.1798858
vn 0.4008070 0.8983289 -0.1798858
vn 0.4374764 0.8222732 -0.3639796
vn 0.3647091 0.8570333 -0.3639796
vn 0.3166126 0.9313418 -0.1798858
vn 0.3166126 0.9313418 -0.1798858
vn 0.3647091 0.8570333 -0.3639796
vn 0.2892078 0.8853687 -0.3639796
vn 0.2297422 0.9564829 -0.1798858
vn 0.7880507 0.4964825 -0.3639796
vn 0.7083282 0.4607830 -0.5347431
vn 0.6704685 0.5143168 -0.5347431
vn 0.7421507 0.5627888 -0.3639796
vn 0.7421507 0.5627888 -0.3639796
vn 0.6704685 0.5143168 -0.5347431
vn 0.6285721 0.5647539 -0.5347431
vn 0.6906871 0.6248762 -0.3639796
vn 0.6906871 0.6248762 -0.3639796
vn 0.6285721 0.5647539 -0.5347431
vn 0.5828911 0.6117907 -0.5347431
vn 0.6340458 0.6822791 -0.3639796
vn 0.6340458 0.6822791 -0.3639796
vn 0.5828911 0.6117907 -0.5347431
vn 0.5337005 0.6551440 -0.5347431
vn 0.5726514 0.7345674 -0.3639796
vn 0.5726514 0.7345674 -0.3639796
vn 0.5337005 0.6551440 -0.5347431
vn 0.4812966 0.6945527 -0.5347431
vn 0.5069641 0.7813490 -0.3639796
vn 0.5069641 0.7813490 -0.3639796
vn 0.4812966 0.6945527 -0.5347431
vn 0.4259949 0.7297796 -0.5347431
vn 0.4374764 0.8222732 -0.3639796
vn 0.4374764 0.8222732 -0.3639796
vn 0.4259949 0.7297796 -0.5347431
vn 0.3681283 0.7606125 -0.5347431
vn 0.3647091 0.8570333 -0.3639796
vn 0.3647091 0.8570333 -0.3639796
vn 0.3681283 0.7606125 -0.5347431
vn 0.3080452 0.7868659 -0.5347431
vn 0.2892078 0.8853687 -0.3639796
vn 0.7083282 0.4607830 -0.5347431
vn 0.5794206 0.4402073 -0.6859223
vn 0.5497312 0.4767664 -0.6859223
vn 0.6704685 0.5143168 -0.5347431
vn 0.6704685 0.5143168 -0.5347431
vn 0.5497312 0.4767664 -0.6859223
vn 0.5177392 0.5113285 -0.6859223
vn 0.6285721 0.5647539 -0.5347431
vn 0.6285721 0.5647539 -0.5347431
vn 0.5177392 0.5113285 -0.6859223
vn 0.4835784 0.5437487 -0.6859223
vn 0.5828911 0.6117907 -0.5347431
vn 0.5828911 0.6117907 -0.5347431
vn 0.4835784 0.5437487 -0.6859223
vn 0.4473920 0.5738912 -0.6859223
vn 0.5337005 0.6551440 -0.5347431
vn 0.5337005 0.6551440 -0.5347431
vn 0.4473920 0.5738912 -0.6859223
vn 0.4093315 0.6016298 -0.6859223
vn 0.4812966 0.6945527 -0.5347431
vn 0.4812966 0.6945527 -0.5347431
vn 0.4093315 0.6016298 -0.6859223
vn 0.3695565 0.6268482 -0.6859223
vn 0.4259949 0.7297796 -0.5347431
vn 0.4259949 0.7297796 -0.5347431
vn 0.3695565 0.6268482 -0.6859223
vn 0.3282334 0.6494409 -0.6859223
vn 0.3681283 0.7606125 -0.5347431
vn 0.3681283 0.7606125 -0.5347431
vn 0.3282334 0.6494409 -0.6859223
vn 0.2855354 0.6693132 -0.6859223
vn 0.3080452 0.7868659 -0.5347431
vn 0.5794206 0.4402073 -0.6859223
vn 0.4152468 0.4101927 -0.8119804
vn 0.3955246 0.4292414 -0.8119804
vn 0.5497312 0.4767664 -0.6859223
vn 0.5497312 0.4767664 -0.6859223
vn 0.3955246 0.4292414 -0.8119804
vn 0.3749296 0.4473429 -0.8119804
vn 0.5177392 0.5113285 -0.6859223
vn 0.5177392 0.5113285 -0.6859223
vn 0.3749296 0.4473429 -0.8119804
vn 0.3535072 0.4644573 -0.8119804
vn 0.4835784 0.5437487 -0.6859223
vn 0.4835784 0.5437487 -0.6859223
vn 0.3535072 0.4644573 -0.8119804
vn 0.3313047 0.4805466 -0.8119804
vn 0.4473920 0.5738912 -0.6859223
vn 0.4473920 0.5738912 -0.6859223
vn 0.3313047 0.4805466 -0.8119804
vn 0.3083711 0.4955756 -0.8119804
vn 0.4093315 0.6016298 -0.6859223
vn 0.4093315 0.6016298 -0.6859223
vn 0.3083711 0.4955756 -0.8119804
vn 0.2847570 0.5095109 -0.8119804
vn 0.3695565 0.6268482 -0.6859223
vn 0.3695565 0.6268482 -0.6859223
vn 0.2847570 0.5095109 -0.8119804
vn 0.2605145 0.5223218 -0.8119804
vn 0.3282334 0.6494409 -0.6859223
vn 0.3282334 0.6494409 -0.6859223
vn 0.2605145 0.5223218 -0.8119804
vn 0.2356971 0.5339801 -0.8119804
vn 0.2855354 0.6693132 -0.6859223
vn 0.4152468 0.4101927 -0.8119804
vn 0.2287577 0.3502282 -0.9083007
vn 0.2239206 0.3533404 -0.9083007
vn 0.3955246 0.4292414 -0.8119804
vn 0.3955246 0.4292414 -0.8119804
vn 0.2239206 0.3533404 -0.9083007
vn 0.2190412 0.3563858 -0.9083007
vn 0.3749296 0.4473429 -0.8119804
vn 0.3749296 0.4473429 -0.8119804
vn 0.2190412 0.3563858 -0.9083007
vn 0.2141203 0.3593639 -0.9083007
vn 0.3535072 0.4644573 -0.8119804
vn 0.3535072 0.4644573 -0.8119804
vn 0.2141203 0.3593639 -0.9083007
vn 0.2091590 0.3622740 -0.9083007
vn 0.3313047 0.4805466 -0.8119804
vn 0.3313047 0.4805466 -0.8119804
vn 0.2091590 0.3622740 -0.9083007
vn 0.2041581 0.3651156 -0.9083007
vn 0.3083711 0.4955756 -0.8119804
vn 0.3083711 0.4955756 -0.8119804
vn 0.2041581 0.3651156 -0.9083007
vn 0.1991186 0.3678881 -0.9083007
vn 0.2847570 0.5095109 -0.8119804
vn 0.2847570 0.5095109 -0.8119804
vn 0.1991186 0.3678881 -0.9083007
vn 0.1940415 0.3705912 -0.9083007
vn 0.2605145 0.5223218 -0.8119804
vn 0.2605145 0.5223218 -0.8119804
vn 0.1940415 0.3705912 -0.9083007
vn 0.1889277 0.3732241 -0.9083007
vn 0.2356971 0.5339801 -0.8119804
vn 0.4962399 0.7712736 -0.3986014
vn 0.4962399 0.7712736 -0.3986014
vn 0.4962399 0.7712736 -0.3986014
vn 0.4962399 0.7712736 -0.3986014
vn 0.4855883 0.7780237 -0.3986014
vn 0.4855883 0.7780237 -0.3986014
vn 0.4855883 0.7780237 -0.3986014
vn 0.4855883 0.7780237 -0.3986014
vn 0.4748449 0.7846268 -0.3986014
vn 0.4748449 0.7846268 -0.3986014
vn 0.4748449 0.7846268 -0.3986014
vn 0.4748449 0.7846268 -0.3986014
vn 0.4640117 0.7910816 -0.3986014
vn 0.4640117 0.7910816 -0.3986014
vn 0.4640117 0.7910816 -0.3986014
vn 0.4640117 0.7910816 -0.3986014
vn 0.4530909 0.7973867 -0.3986014
vn 0.4530909 0.7973867 -0.3986014
vn 0.4530909 0.7973867 -0.3986014
vn 0.4530909 0.7973867 -0.3986014
vn 0.4420843 0.8035412 -0.3986014
vn 0.4420843 0.8035412 -0.3986014
vn 0.4420843 0.8035412 -0.3986014
vn 0.4420843 0.8035412 -0.3986014
vn 0.4309942 0.8095437 -0.3986014
vn 0.4309942 0.8095437 -0.3986014
vn 0.4309942 0.8095437 -0.3986014
vn 0.4309942 0.8095437 -0.3986014
vn 0.4198225 0.8153931 -0.3986014
vn 0.4198225 0.8153931 -0.3986014
vn 0.4198225 0.8153931 -0.3986014
vn 0.4198225 0.8153931 -0.3986014
vn 0.9718670 0.0796424 -0.2216566
vn 0.9718670 0.0796424 -0.2216566
vn 0.9718670 0.0796424 -0.2216566
vn 0.9718670 0.0796424 -0.2216566
vn 0.9593285 0.1280024 -0.2516034
vn 0.9593285 0.1280024 -0.2516034
vn 0.9593285 0.1280024 -0.2516034
vn 0.9593285 0.1280024 -0.2516034
vn 0.9714535 0.0932564 -0.2181313
vn 0.9714535 0.0932564 -0.2181313
vn 0.9714535 0.0932564 -0.2181313
vn 0.9714535 0.0932564 -0.2181313
vn 0.9981802 -0.0141499 -0.0586173
vn 0.9981802 -0.0141499 -0.0586173
vn 0.9981802 -0.0141499 -0.0586173
vn 0.9981802 -0.0141499 -0.0586173
vn 0.9787019 -0.1099474 0.1733613
vn 0.9787019 -0.1099474 0.1733613
vn 0.9787019 -0.1099474 0.1733613
vn 0.9787019 -0.1099474 0.1733613
vn 0.9256547 -0.1423996 0.3505505
vn 0.9256547 -0.1423996 0.3505505
vn 0.9256547 -0.1423996 0.3505505
vn 0.9256547 -0.1423996 0.3505505
vn 0.9014009 -0.1394170 0.4099261
vn 0.9014009 -0.1394170 0.4099261
vn 0.9014009 -0.1394170 0.4099261
vn 0.9014009 -0.1394170 0.4099261
vn 0.9212572 -0.1541181 0.3571174
vn 0.9212572 -0.1541181 0.3571174
vn 0.9212572 -0.1541181 0.3571174
vn 0.9212572 -0.1541181 0.3571174
vn 0.9491528 -0.2158192 0.2291964
vn 0.9491528 -0.2158192 0.2291964
vn 0.9491528 -0.2158192 0.2291964
vn 0.9491528 -0.2158192 0.2291964
vn 0.9473443 -0.3053654 0.0963888
vn 0.9473443 -0.3053654 0.0963888
vn 0.9473443 -0.3053654 0.0963888
vn 0.9473443 -0.3053654 0.0963888
vn 0.9293822 -0.3680766 0.0277188
vn 0.9293822 -0.3680766 0.0277188
vn 0.9293822 -0.3680766 0.0277188
vn 0.9293822 -0.3680766 0.0277188
vn 0.9465029 -0.3156243 0.0671826
vn 0.9465029 -0.3156243 0.0671826
vn 0.9465029 -0.3156243 0.0671826
vn 0.9465029 -0.3156243 0.0671826
vn 0.4157852 0.8075516 0.4183098
vn 0.4157852 0.8075516 0.4183098
vn 0.4157852 0.8075516 0.4183098
vn 0.4157852 0.8075516 0.4183098
vn 0.4268494 0.8017584 0.4183098
vn 0.4268494 0.8017584 0.4183098
vn 0.4268494 0.8017584 0.4183098
vn 0.4268494 0.8017584 0.4183098
vn 0.4378328 0.7958136 0.4183098
vn 0.4378328 0.7958136 0.4183098
vn 0.4378328 0.7958136 0.4183098
vn 0.4378328 0.7958136 0.4183098
vn 0.4487335 0.7897184 0.4183098
vn 0.4487335 0.7897184 0.4183098
vn 0.4487335 0.7897184 0.4183098
vn 0.4487335 0.7897184 0.4183098
vn 0.4595494 0.7834738 0.4183098
vn 0.4595494 0.7834738 0.4183098
vn 0.4595494 0.7834738 0.4183098
vn 0.4595494 0.7834738 0.4183098
vn 0.4702784 0.7770812 0.4183098
vn 0.4702784 0.7770812 0.4183098
vn 0.4702784 0.7770812 0.4183098
vn 0.4702784 0.7770812 0.4183098
vn 0.4809185 0.7705416 0.4183098
vn 0.4809185 0.7705416 0.4183098
vn 0.4809185 0.7705416 0.4183098
vn 0.4809185 0.7705416 0.4183098
vn 0.4914676 0.7638563 0.4183098
vn 0.4914676 0.7638563 0.4183098
vn 0.4914676 0.7638563 0.4183098
vn 0.4914676 0.7638563 0.4183098
vn -0.4064732 0.8821780 0.2377844
vn -0.4064732 0.8821780 0.2377844
vn -0.4064732 0.8821780 0.2377844
vn -0.4064732 0.8821780 0.2377844
vn -0.3657572 0.8925312 0.2638368
vn -0.3657572 0.8925312 0.2638368
vn -0.3657572 0.8925312 0.2638368
vn -0.3657572 0.8925312 0.2638368
vn -0.4058738 0.8856624 0.2255408
vn -0.4058738 0.8856624 0.2255408
vn -0.4058738 0.8856624 0.2255408
vn -0.4058738 0.8856624 0.2255408
vn -0.5121150 0.8568215 0.0599602
vn -0.5121150 0.8568215 0.0599602
vn -0.5121150 0.8568215 0.0599602
vn -0.5121150 0.8568215 0.0599602
vn -0.5815411 0.7943447 -0.1755748
vn -0.5815411 0.7943447 -0.1755748
vn -0.5815411 0.7943447 -0.1755748
vn -0.5815411 0.7943447 -0.1755748
vn -0.5798918 0.7347582 -0.3519316
vn -0.5798918 0.7347582 -0.3519316
vn -0.5798918 0.7347582 -0.3519316
vn -0.5798918 0.7347582 -0.3519316
vn -0.5649650 0.7169803 -0.4083549
vn -0.5649650 0.7169803 -0.4083549
vn -0.5649650 0.7169803 -0.4083549
vn -0.5649650 0.7169803 -0.4083549
vn -0.5896869 0.7264755 -0.3528494
vn -0.5896869 0.7264755 -0.3528494
vn -0.5896869 0.7264755 -0.3528494
vn -0.5896869 0.7264755 -0.3528494
vn -0.6596292 0.7173676 -0.2242167
vn -0.6596292 0.7173676 -0.2242167
vn -0.6596292 0.7173676 -0.2242167
vn -0.6596292 0.7173676 -0.2242167
vn -0.7378427 0.6685189 -0.0931163
vn -0.7378427 0.6685189 -0.0931163
vn -0.7378427 0.6685189 -0.0931163
vn -0.7378427 0.6685189 -0.0931163
vn -0.7836186 0.6206841 -0.0263276
vn -0.7836186 0.6206841 -0.0263276
vn -0.7836186 0.6206841 -0.0263276
vn -0.7836186 0.6206841 -0.0263276
vn -0.7488374 0.6598359 -0.0621225
vn -0.7488374 0.6598359 -0.0621225
vn -0.7488374 0.6598359 -0.0621225
vn -0.7488374 0.6598359 -0.0621225
vn -0.2543304 -0.3720307 -0.8926977
vn -0.3331543 -0.4795748 -0.8117981
vn -0.3434859 -0.4722301 -0.8117981
vn -0.2590643 -0.3687499 -0.8926977
vn -0.3331543 -0.4795748 -0.8117981
vn -0.4025185 -0.5763885 -0.7111647
vn -0.4185001 -0.5648915 -0.7111647
vn -0.3434859 -0.4722301 -0.8117981
vn -0.4025185 -0.5763885 -0.7111647
vn -0.4709985 -0.6528572 -0.5932436
vn -0.4921958 -0.6370285 -0.5932436
vn -0.4185001 -0.5648915 -0.7111647
vn -0.4709985 -0.6528572 -0.5932436
vn -0.5437497 -0.7013603 -0.4609014
vn -0.5690197 -0.6810188 -0.4609014
vn -0.4921958 -0.6370285 -0.5932436
vn -0.5437497 -0.7013603 -0.4609014
vn -0.6202161 -0.7173686 -0.3173552
vn -0.6478313 -0.6925318 -0.3173552
vn -0.5690197 -0.6810188 -0.4609014
vn -0.6202161 -0.7173686 -0.3173552
vn -0.6932069 -0.7013393 -0.1660944
vn -0.7211896 -0.6725311 -0.1660944
vn -0.6478313 -0.6925318 -0.3173552
vn -0.6932069 -0.7013393 -0.1660944
vn -0.7511368 -0.6600583 -0.0107961
vn -0.7777175 -0.6285212 -0.0107961
vn -0.7211896 -0.6725311 -0.1660944
vn -0.7511368 -0.6600583 -0.0107961
vn -0.7823429 -0.6057911 0.1447646
vn -0.8063611 -0.5734326 0.1447646
vn -0.7777175 -0.6285212 -0.0107961
vn -0.7823429 -0.6057911 0.1447646
vn -0.7789081 -0.5524565 0.2968063
vn -0.7999439 -0.5215321 0.2968063
vn -0.8063611 -0.5734326 0.1447646
vn -0.7789081 -0.5524565 0.2968063
vn -0.7380312 -0.5101669 0.4416330
vn -0.7561837 -0.4828525 0.4416330
vn -0.7999439 -0.5215321 0.2968063
vn -0.7380312 -0.5101669 0.4416330
vn -0.6612947 -0.4808650 0.5757240
vn -0.6767380 -0.4588764 0.5757240
vn -0.7561837 -0.4828525 0.4416330
vn -0.6612947 -0.4808650 0.5757240
vn -0.5538165 -0.4572986 0.6958199
vn -0.5664042 -0.4416119 0.6958199
vn -0.6767380 -0.4588764 0.5757240
vn -0.5538165 -0.4572986 0.6958199
vn -0.4243700 -0.4260368 0.7990011
vn -0.4335179 -0.4167246 0.7990011
vn -0.5664042 -0.4416119 0.6958199
vn -0.4243700 -0.4260368 0.7990011
vn -0.2842241 -0.3741020 0.8827595
vn -0.2889820 -0.3704390 0.8827595
vn -0.4335179 -0.4167246 0.7990011
vn -0.1691246 -0.4177172 -0.8926977
vn -0.1399665 -0.5669155 -0.8117981
vn -0.1522396 -0.5637436 -0.8117981
vn -0.1744494 -0.4155216 -0.8926977
vn -0.1399665 -0.5669155 -0.8117981
vn -0.0971459 -0.6962812 -0.7111647
vn -0.1166044 -0.6932880 -0.7111647
vn -0.1522396 -0.5637436 -0.8117981
vn -0.0971459 -0.6962812 -0.7111647
vn -0.0581184 -0.8029224 -0.5932436
vn -0.0844696 -0.8005791 -0.5932436
vn -0.1166044 -0.6932880 -0.7111647
vn -0.0581184 -0.8029224 -0.5932436
vn -0.0396355 -0.8865658 -0.4609014
vn -0.0720112 -0.8845249 -0.4609014
vn -0.0844696 -0.8005791 -0.5932436
vn -0.0396355 -0.8865658 -0.4609014
vn -0.0513292 -0.9469166 -0.3173552
vn -0.0883694 -0.9441804 -0.3173552
vn -0.0720112 -0.8845249 -0.4609014
vn -0.0513292 -0.9469166 -0.3173552
vn -0.0931098 -0.9817042 -0.1660944
vn -0.1330063 -0.9770987 -0.1660944
vn -0.0883694 -0.9441804 -0.3173552
vn -0.0931098 -0.9817042 -0.1660944
vn -0.1554565 -0.9877837 -0.0107961
vn -0.1960588 -0.9805327 -0.0107961
vn -0.1330063 -0.9770987 -0.1660944
vn -0.1554565 -0.9877837 -0.0107961
vn -0.2225892 -0.9641044 0.1447646
vn -0.2616618 -0.9542412 0.1447646
vn -0.1960588 -0.9805327 -0.0107961
vn -0.2225892 -0.9641044 0.1447646
vn -0.2777632 -0.9136485 0.2968063
vn -0.3133270 -0.9020711 0.2968063
vn -0.2616618 -0.9542412 0.1447646
vn -0.2777632 -0.9136485 0.2968063
vn -0.3086216 -0.8424446 0.4416330
vn -0.3392051 -0.8306023 0.4416330
vn -0.3133270 -0.9020711 0.2968063
vn -0.3086216 -0.8424446 0.4416330
vn -0.3103759 -0.7564447 0.5757240
vn -0.3350637 -0.7458379 0.5757240
vn -0.3392051 -0.8306023 0.4416330
vn -0.3103759 -0.7564447 0.5757240
vn -0.2860097 -0.6588119 0.6958199
vn -0.3043450 -0.6505450 0.6958199
vn -0.3350637 -0.7458379 0.5757240
vn -0.2860097 -0.6588119 0.6958199
vn -0.2442854 -0.5494742 0.7990011
vn -0.2561553 -0.5440420 0.7990011
vn -0.3043450 -0.6505450 0.6958199
vn -0.2442854 -0.5494742 0.7990011
vn -0.1978885 -0.4261171 0.8827595
vn -0.2033183 -0.4235532 0.8827595
vn -0.2561553 -0.5440420 0.7990011
vn -0.2671322 -0.7892926 -0.5528631
vn -0.2893883 -0.8418090 -0.4556447
vn -0.3557495 -0.8159842 -0.4556447
vn -0.3251463 -0.7672172 -0.5528631
vn -0.2893883 -0.8418090 -0.4556447
vn -0.3216023 -0.8787567 -0.3526451
vn -0.3944522 -0.8485570 -0.3526451
vn -0.3557495 -0.8159842 -0.4556447
vn -0.3216023 -0.8787567 -0.3526451
vn -0.3626926 -0.8990802 -0.2451712
vn -0.4397750 -0.8639960 -0.2451712
vn -0.3944522 -0.8485570 -0.3526451
vn -0.3626926 -0.8990802 -0.2451712
vn -0.4092074 -0.9024609 -0.1345867
vn -0.4880437 -0.8623803 -0.1345867
vn -0.4397750 -0.8639960 -0.2451712
vn -0.4092074 -0.9024609 -0.1345867
vn -0.4559584 -0.8897218 -0.0222945
vn -0.5340747 -0.8451433 -0.0222945
vn -0.4880437 -0.8623803 -0.1345867
vn -0.4559584 -0.8897218 -0.0222945
vn -0.4970185 -0.8630307 0.0902806
vn -0.5721861 -0.8151395 0.0902806
vn -0.5340747 -0.8451433 -0.0222945
vn -0.4970185 -0.8630307 0.0902806
vn -0.5268303 -0.8256893 0.2017102
vn -0.5972565 -0.7762716 0.2017102
vn -0.5721861 -0.8151395 0.0902806
vn -0.5268303 -0.8256893 0.2017102
vn -0.5411348 -0.7814812 0.3105805
vn -0.6055468 -0.7327024 0.3105805
vn -0.5972565 -0.7762716 0.2017102
vn -0.5411348 -0.7814812 0.3105805
vn -0.5375209 -0.7337728 0.4155102
vn -0.5951220 -0.6878816 0.4155102
vn -0.6055468 -0.7327024 0.3105805
vn -0.5375209 -0.7337728 0.4155102
vn -0.5155653 -0.6846856 0.5151680
vn -0.5658924 -0.6437140 0.5151680
vn -0.5951220 -0.6878816 0.4155102
vn -0.3115218 -0.8458619 -0.4329802
vn -0.3450903 -0.8768145 -0.3348267
vn -0.3850354 -0.8600226 -0.3348267
vn -0.3483601 -0.8313684 -0.4329802
vn -0.3450903 -0.8768145 -0.3348267
vn -0.3857372 -0.8927318 -0.2328880
vn -0.4276743 -0.8734174 -0.2328880
vn -0.3850354 -0.8600226 -0.3348267
vn -0.3857372 -0.8927318 -0.2328880
vn -0.4302646 -0.8935364 -0.1283166
vn -0.4729905 -0.8716736 -0.1283166
vn -0.4276743 -0.8734174 -0.2328880
vn -0.4302646 -0.8935364 -0.1283166
vn -0.4742094 -0.8801298 -0.0222945
vn -0.5165325 -0.8559773 -0.0222945
vn -0.4729905 -0.8716736 -0.1283166
vn -0.4742094 -0.8801298 -0.0222945
vn -0.5126134 -0.8545027 0.0839796
vn -0.5534568 -0.8286332 0.0839796
vn -0.5165325 -0.8559773 -0.0222945
vn -0.5126134 -0.8545027 0.0839796
vn -0.5408506 -0.8195392 0.1893044
vn -0.5793348 -0.7928020 0.1893044
vn -0.5534568 -0.8286332 0.0839796
vn -0.5408506 -0.8195392 0.1893044
vn -0.5553157 -0.7785080 0.2924890
vn -0.5907982 -0.7519360 0.2924890
vn -0.5793348 -0.7928020 0.1893044
vn -0.5553157 -0.7785080 0.2924890
vn -0.5538417 -0.7343755 0.3923671
vn -0.5859035 -0.7090593 0.3923671
vn -0.5907982 -0.7519360 0.2924890
vn -0.2038088 -0.8332501 -0.5139613
vn -0.2090588 -0.8542378 -0.4759961
vn -0.4191138 -0.7731568 -0.4759961
vn -0.4035848 -0.7569433 -0.5139613
vn -0.4655169 -0.7592138 0.4548499
vn -0.4598724 -0.7383439 0.4933211
vn -0.6284392 -0.6014137 0.4933211
vn -0.6432478 -0.6159089 0.4548499
vn 0.1848994 -0.3531311 -0.9171208
vn 0.2526290 -0.5065117 -0.8243934
vn 0.2285628 -0.5178171 -0.8243934
vn 0.1800265 -0.3556400 -0.9171208
vn 0.1897373 -0.3505555 -0.9171208
vn 0.2761377 -0.4940885 -0.8243934
vn 0.2526290 -0.5065117 -0.8243934
vn 0.1848994 -0.3531311 -0.9171208
vn 0.1945394 -0.3479135 -0.9171208
vn 0.2990371 -0.4805750 -0.8243934
vn 0.2761377 -0.4940885 -0.8243934
vn 0.1897373 -0.3505555 -0.9171208
vn 0.1993047 -0.3452058 -0.9171208
vn 0.3212765 -0.4660010 -0.8243934
vn 0.2990371 -0.4805750 -0.8243934
vn 0.1945394 -0.3479135 -0.9171208
vn 0.2040323 -0.3424328 -0.9171208
vn 0.3428069 -0.4503986 -0.8243934
vn 0.3212765 -0.4660010 -0.8243934
vn 0.1993047 -0.3452058 -0.9171208
vn 0.2087213 -0.3395951 -0.9171208
vn 0.3635809 -0.4338023 -0.8243934
vn 0.3428069 -0.4503986 -0.8243934
vn 0.2040323 -0.3424328 -0.9171208
vn 0.2133708 -0.3366932 -0.9171208
vn 0.3835525 -0.4162487 -0.8243934
vn 0.3635809 -0.4338023 -0.8243934
vn 0.2087213 -0.3395951 -0.9171208
vn 0.2179800 -0.3337276 -0.9171208
vn 0.4026777 -0.3977766 -0.8243934
vn 0.3835525 -0.4162487 -0.8243934
vn 0.2133708 -0.3366932 -0.9171208
vn 0.2526290 -0.5065117 -0.8243934
vn 0.3214766 -0.6360720 -0.7014736
vn 0.2796576 -0.6555353 -0.7014736
vn 0.2285628 -0.5178171 -0.8243934
vn 0.2761377 -0.4940885 -0.8243934
vn 0.3619491 -0.6139444 -0.7014736
vn 0.3214766 -0.6360720 -0.7014736
vn 0.2526290 -0.5065117 -0.8243934
vn 0.2990371 -0.4805750 -0.8243934
vn 0.4009053 -0.5892451 -0.7014736
vn 0.3619491 -0.6139444 -0.7014736
vn 0.2761377 -0.4940885 -0.8243934
vn 0.3212765 -0.4660010 -0.8243934
vn 0.4381823 -0.5620775 -0.7014736
vn 0.4009053 -0.5892451 -0.7014736
vn 0.2990371 -0.4805750 -0.8243934
vn 0.3428069 -0.4503986 -0.8243934
vn 0.4736238 -0.5325555 -0.7014736
vn 0.4381823 -0.5620775 -0.7014736
vn 0.3212765 -0.4660010 -0.8243934
vn 0.3635809 -0.4338023 -0.8243934
vn 0.5070814 -0.5008027 -0.7014736
vn 0.4736238 -0.5325555 -0.7014736
vn 0.3428069 -0.4503986 -0.8243934
vn 0.3835525 -0.4162487 -0.8243934
vn 0.5384149 -0.4669521 -0.7014736
vn 0.5070814 -0.5008027 -0.7014736
vn 0.3635809 -0.4338023 -0.8243934
vn 0.4026777 -0.3977766 -0.8243934
vn 0.5674931 -0.4311455 -0.7014736
vn 0.5384149 -0.4669521 -0.7014736
vn 0.3835525 -0.4162487 -0.8243934
vn 0.3214766 -0.6360720 -0.7014736
vn 0.3630126 -0.7500428 -0.5528631
vn 0.3037645 -0.7759314 -0.5528631
vn 0.2796576 -0.6555353 -0.7014736
vn 0.3619491 -0.6139444 -0.7014736
vn 0.4200751 -0.7196383 -0.5528631
vn 0.3630126 -0.7500428 -0.5528631
vn 0.3214766 -0.6360720 -0.7014736
vn 0.4009053 -0.5892451 -0.7014736
vn 0.4746084 -0.6849009 -0.5528631
vn 0.4200751 -0.7196383 -0.5528631
vn 0.3619491 -0.6139444 -0.7014736
vn 0.4381823 -0.5620775 -0.7014736
vn 0.5262840 -0.6460399 -0.5528631
vn 0.4746084 -0.6849009 -0.5528631
vn 0.4009053 -0.5892451 -0.7014736
vn 0.4736238 -0.5325555 -0.7014736
vn 0.5747910 -0.6032890 -0.5528631
vn 0.5262840 -0.6460399 -0.5528631
vn 0.4381823 -0.5620775 -0.7014736
vn 0.5070814 -0.5008027 -0.7014736
vn 0.6198372 -0.5569059 -0.5528631
vn 0.5747910 -0.6032890 -0.5528631
vn 0.4736238 -0.5325555 -0.7014736
vn 0.5384149 -0.4669521 -0.7014736
vn 0.6611515 -0.5071697 -0.5528631
vn 0.6198372 -0.5569059 -0.5528631
vn 0.5070814 -0.5008027 -0.7014736
vn 0.5674931 -0.4311455 -0.7014736
vn 0.6984850 -0.4543798 -0.5528631
vn 0.6611515 -0.5071697 -0.5528631
vn 0.5384149 -0.4669521 -0.7014736
vn 0.3630126 -0.7500428 -0.5528631
vn 0.3615469 -0.8496024 -0.3840047
vn 0.2867002 -0.8776921 -0.3840047
vn 0.3037645 -0.7759314 -0.5528631
vn 0.4200751 -0.7196383 -0.5528631
vn 0.4336832 -0.8151437 -0.3840047
vn 0.3615469 -0.8496024 -0.3840047
vn 0.3630126 -0.7500428 -0.5528631
vn 0.4746084 -0.6849009 -0.5528631
vn 0.5025684 -0.7745743 -0.3840047
vn 0.4336832 -0.8151437 -0.3840047
vn 0.4200751 -0.7196383 -0.5528631
vn 0.5262840 -0.6460399 -0.5528631
vn 0.5676862 -0.7281983 -0.3840047
vn 0.5025684 -0.7745743 -0.3840047
vn 0.4746084 -0.6849009 -0.5528631
vn 0.5747910 -0.6032890 -0.5528631
vn 0.6285483 -0.6763634 -0.3840047
vn 0.5676862 -0.7281983 -0.3840047
vn 0.5262840 -0.6460399 -0.5528631
vn 0.6198372 -0.5569059 -0.5528631
vn 0.6846985 -0.6194581 -0.3840047
vn 0.6285483 -0.6763634 -0.3840047
vn 0.5747910 -0.6032890 -0.5528631
vn 0.6611515 -0.5071697 -0.5528631
vn 0.7357158 -0.5579091 -0.3840047
vn 0.6846985 -0.6194581 -0.3840047
vn 0.6198372 -0.5569059 -0.5528631
vn 0.6984850 -0.4543798 -0.5528631
vn 0.7812179 -0.4921778 -0.3840047
vn 0.7357158 -0.5579091 -0.3840047
vn 0.6611515 -0.5071697 -0.5528631
vn 0.3615469 -0.8496024 -0.3840047
vn 0.3152887 -0.9274475 -0.2010826
vn 0.2287815 -0.9524835 -0.2010826
vn 0.2867002 -0.8776921 -0.3840047
vn 0.4336832 -0.8151437 -0.3840047
vn 0.3991311 -0.8945726 -0.2010826
vn 0.3152887 -0.9274475 -0.2010826
vn 0.3615469 -0.8496024 -0.3840047
vn 0.5025684 -0.7745743 -0.3840047
vn 0.4795999 -0.8541368 -0.2010826
vn 0.3991311 -0.8945726 -0.2010826
vn 0.4336832 -0.8151437 -0.3840047
vn 0.5676862 -0.7281983 -0.3840047
vn 0.5560152 -0.8064818 -0.2010826
vn 0.4795999 -0.8541368 -0.2010826
vn 0.5025684 -0.7745743 -0.3840047
vn 0.6285483 -0.6763634 -0.3840047
vn 0.6277310 -0.7520104 -0.2010826
vn 0.5560152 -0.8064818 -0.2010826
vn 0.5676862 -0.7281983 -0.3840047
vn 0.6846985 -0.6194581 -0.3840047
vn 0.6941412 -0.6911829 -0.2010826
vn 0.6277310 -0.7520104 -0.2010826
vn 0.6285483 -0.6763634 -0.3840047
vn 0.7357158 -0.5579091 -0.3840047
vn 0.7546845 -0.6245135 -0.2010826
vn 0.6941412 -0.6911829 -0.2010826
vn 0.6846985 -0.6194581 -0.3840047
vn 0.7812179 -0.4921778 -0.3840047
vn 0.8088491 -0.5525657 -0.2010826
vn 0.7546845 -0.6245135 -0.2010826
vn 0.7357158 -0.5579091 -0.3840047
vn 0.3152887 -0.9274475 -0.2010826
vn 0.2399694 -0.9707204 -0.0107961
vn 0.1480439 -0.9889219 -0.0107961
vn 0.2287815 -0.9524835 -0.2010826
vn 0.3991311 -0.8945726 -0.2010826
vn 0.3297874 -0.9439935 -0.0107961
vn 0.2399694 -0.9707204 -0.0107961
vn 0.3152887 -0.9274475 -0.2010826
vn 0.4795999 -0.8541368 -0.2010826
vn 0.4167091 -0.9089758 -0.0107961
vn 0.3297874 -0.9439935 -0.0107961
vn 0.3991311 -0.8945726 -0.2010826
vn 0.5560152 -0.8064818 -0.2010826
vn 0.4999709 -0.8659749 -0.0107961
vn 0.4167091 -0.9089758 -0.0107961
vn 0.4795999 -0.8541368 -0.2010826
vn 0.6277310 -0.7520104 -0.2010826
vn 0.5788416 -0.8153685 -0.0107961
vn 0.4999709 -0.8659749 -0.0107961
vn 0.5560152 -0.8064818 -0.2010826
vn 0.6941412 -0.6911829 -0.2010826
vn 0.6526286 -0.7576010 -0.0107961
vn 0.5788416 -0.8153685 -0.0107961
vn 0.6277310 -0.7520104 -0.2010826
vn 0.7546845 -0.6245135 -0.2010826
vn 0.7206838 -0.6931798 -0.0107961
vn 0.6526286 -0.7576010 -0.0107961
vn 0.6941412 -0.6911829 -0.2010826
vn 0.8088491 -0.5525657 -0.2010826
vn 0.7824095 -0.6226707 -0.0107961
vn 0.7206838 -0.6931798 -0.0107961
vn 0.7546845 -0.6245135 -0.2010826
vn 0.2399694 -0.9707204 -0.0107961
vn 0.1641889 -0.9698882 0.1798858
vn 0.0744226 -0.9808682 0.1798858
vn 0.1480439 -0.9889219 -0.0107961
vn 0.3297874 -0.9439935 -0.0107961
vn 0.2525675 -0.9507107 0.1798858
vn 0.1641889 -0.9698882 0.1798858
vn 0.2399694 -0.9707204 -0.0107961
vn 0.4167091 -0.9089758 -0.0107961
vn 0.3388113 -0.9234977 0.1798858
vn 0.2525675 -0.9507107 0.1798858
vn 0.3297874 -0.9439935 -0.0107961
vn 0.4999709 -0.8659749 -0.0107961
vn 0.4221915 -0.8884793 0.1798858
vn 0.3388113 -0.9234977 0.1798858
vn 0.4167091 -0.9089758 -0.0107961
vn 0.5788416 -0.8153685 -0.0107961
vn 0.5020033 -0.8459514 0.1798858
vn 0.4221915 -0.8884793 0.1798858
vn 0.4999709 -0.8659749 -0.0107961
vn 0.6526286 -0.7576010 -0.0107961
vn 0.5775722 -0.7962735 0.1798858
vn 0.5020033 -0.8459514 0.1798858
vn 0.5788416 -0.8153685 -0.0107961
vn 0.7206838 -0.6931798 -0.0107961
vn 0.6482594 -0.7398655 0.1798858
vn 0.5775722 -0.7962735 0.1798858
vn 0.6526286 -0.7576010 -0.0107961
vn 0.7824095 -0.6226707 -0.0107961
vn 0.7134674 -0.6772041 0.1798858
vn 0.6482594 -0.7398655 0.1798858
vn 0.7206838 -0.6931798 -0.0107961
vn 0.1641889 -0.9698882 0.1798858
vn 0.1163141 -0.9241157 0.3639796
vn 0.0359411 -0.9307132 0.3639796
vn 0.0744226 -0.9808682 0.1798858
vn 0.2525675 -0.9507107 0.1798858
vn 0.1958151 -0.9105906 0.3639796
vn 0.1163141 -0.9241157 0.3639796
vn 0.1641889 -0.9698882 0.1798858
vn 0.3388113 -0.9234977 0.1798858
vn 0.2738482 -0.8902393 0.3639796
vn 0.1958151 -0.9105906 0.3639796
vn 0.2525675 -0.9507107 0.1798858
vn 0.4221915 -0.8884793 0.1798858
vn 0.3498283 -0.8632143 0.3639796
vn 0.2738482 -0.8902393 0.3639796
vn 0.3388113 -0.9234977 0.1798858
vn 0.5020033 -0.8459514 0.1798858
vn 0.4231860 -0.8297183 0.3639796
vn 0.3498283 -0.8632143 0.3639796
vn 0.4221915 -0.8884793 0.1798858
vn 0.5775722 -0.7962735 0.1798858
vn 0.4933713 -0.7900023 0.3639796
vn 0.4231860 -0.8297183 0.3639796
vn 0.5020033 -0.8459514 0.1798858
vn 0.6482594 -0.7398655 0.1798858
vn 0.5598581 -0.7443640 0.3639796
vn 0.4933713 -0.7900023 0.3639796
vn 0.5775722 -0.7962735 0.1798858
vn 0.7134674 -0.6772041 0.1798858
vn 0.6221479 -0.6931456 0.3639796
vn 0.5598581 -0.7443640 0.3639796
vn 0.6482594 -0.7398655 0.1798858
vn 0.1163141 -0.9241157 0.3639796
vn 0.1101771 -0.8378012 0.5347431
vn 0.0448857 -0.8438217 0.5347431
vn 0.0359411 -0.9307132 0.3639796
vn 0.1958151 -0.9105906 0.3639796
vn 0.1748052 -0.8267363 0.5347431
vn 0.1101771 -0.8378012 0.5347431
vn 0.1163141 -0.9241157 0.3639796
vn 0.2738482 -0.8902393 0.3639796
vn 0.2383808 -0.8106938 0.5347431
vn 0.1748052 -0.8267363 0.5347431
vn 0.1958151 -0.9105906 0.3639796
vn 0.3498283 -0.8632143 0.3639796
vn 0.3005211 -0.7897702 0.5347431
vn 0.2383808 -0.8106938 0.5347431
vn 0.2738482 -0.8902393 0.3639796
vn 0.4231860 -0.8297183 0.3639796
vn 0.3608519 -0.7640914 0.5347431
vn 0.3005211 -0.7897702 0.5347431
vn 0.3498283 -0.8632143 0.3639796
vn 0.4933713 -0.7900023 0.3639796
vn 0.4190102 -0.7338122 0.5347431
vn 0.3608519 -0.7640914 0.5347431
vn 0.4231860 -0.8297183 0.3639796
vn 0.5598581 -0.7443640 0.3639796
vn 0.4746456 -0.6991147 0.5347431
vn 0.4190102 -0.7338122 0.5347431
vn 0.4933713 -0.7900023 0.3639796
vn 0.6221479 -0.6931456 0.3639796
vn 0.5274233 -0.6602079 0.5347431
vn 0.4746456 -0.6991147 0.5347431
vn 0.5598581 -0.7443640 0.3639796
vn 0.1101771 -0.8378012 0.5347431
vn 0.1380262 -0.7144644 0.6859223
vn 0.0915204 -0.7218966 0.6859223
vn 0.0448857 -0.8438217 0.5347431
vn 0.1748052 -0.8267363 0.5347431
vn 0.1839539 -0.7040395 0.6859223
vn 0.1380262 -0.7144644 0.6859223
vn 0.1101771 -0.8378012 0.5347431
vn 0.2383808 -0.8106938 0.5347431
vn 0.2291110 -0.6906655 0.6859223
vn 0.1839539 -0.7040395 0.6859223
vn 0.1748052 -0.8267363 0.5347431
vn 0.3005211 -0.7897702 0.5347431
vn 0.2733083 -0.6743984 0.6859223
vn 0.2291110 -0.6906655 0.6859223
vn 0.2383808 -0.8106938 0.5347431
vn 0.3608519 -0.7640914 0.5347431
vn 0.3163609 -0.6553064 0.6859223
vn 0.2733083 -0.6743984 0.6859223
vn 0.3005211 -0.7897702 0.5347431
vn 0.4190102 -0.7338122 0.5347431
vn 0.3580882 -0.6334694 0.6859223
vn 0.3163609 -0.6553064 0.6859223
vn 0.3608519 -0.7640914 0.5347431
vn 0.4746456 -0.6991147 0.5347431
vn 0.3983156 -0.6089789 0.6859223
vn 0.3580882 -0.6334694 0.6859223
vn 0.4190102 -0.7338122 0.5347431
vn 0.5274233 -0.6602079 0.5347431
vn 0.4368746 -0.5819375 0.6859223
vn 0.3983156 -0.6089789 0.6859223
vn 0.4746456 -0.6991147 0.5347431
vn 0.1380262 -0.7144644 0.6859223
vn 0.1739717 -0.5571551 0.8119804
vn 0.1476139 -0.5647106 0.8119804
vn 0.0915204 -0.7218966 0.6859223
vn 0.1839539 -0.7040395 0.6859223
vn 0.1999455 -0.5483700 0.8119804
vn 0.1739717 -0.5571551 0.8119804
vn 0.1380262 -0.7144644 0.6859223
vn 0.2291110 -0.6906655 0.6859223
vn 0.2254782 -0.5383749 0.8119804
vn 0.1999455 -0.5483700 0.8119804
vn 0.1839539 -0.7040395 0.6859223
vn 0.2733083 -0.6743984 0.6859223
vn 0.2505132 -0.5271916 0.8119804
vn 0.2254782 -0.5383749 0.8119804
vn 0.2291110 -0.6906655 0.6859223
vn 0.3163609 -0.6553064 0.6859223
vn 0.2749955 -0.5148450 0.8119804
vn 0.2505132 -0.5271916 0.8119804
vn 0.2733083 -0.6743984 0.6859223
vn 0.3580882 -0.6334694 0.6859223
vn 0.2988708 -0.5013623 0.8119804
vn 0.2749955 -0.5148450 0.8119804
vn 0.3163609 -0.6553064 0.6859223
vn 0.3983156 -0.6089789 0.6859223
vn 0.3220867 -0.4867731 0.8119804
vn 0.2988708 -0.5013623 0.8119804
vn 0.3580882 -0.6334694 0.6859223
vn 0.4368746 -0.5819375 0.6859223
vn 0.3445918 -0.4711098 0.8119804
vn 0.3220867 -0.4867731 0.8119804
vn 0.3983156 -0.6089789 0.6859223
vn 0.1739717 -0.5571551 0.8119804
vn 0.1940415 -0.3705912 0.9083007
vn 0.1889277 -0.3732241 0.9083007
vn 0.1476139 -0.5647106 0.8119804
vn 0.1999455 -0.5483700 0.8119804
vn 0.1991186 -0.3678881 0.9083007
vn 0.1940415 -0.3705912 0.9083007
vn 0.1739717 -0.5571551 0.8119804
vn 0.2254782 -0.5383749 0.8119804
vn 0.2041581 -0.3651156 0.9083007
vn 0.1991186 -0.3678881 0.9083007
vn 0.1999455 -0.5483700 0.8119804
vn 0.2505132 -0.5271916 0.8119804
vn 0.2091590 -0.3622740 0.9083007
vn 0.2041581 -0.3651156 0.9083007
vn 0.2254782 -0.5383749 0.8119804
vn 0.2749955 -0.5148450 0.8119804
vn 0.2141203 -0.3593639 0.9083007
vn 0.2091590 -0.3622740 0.9083007
vn 0.2505132 -0.5271916 0.8119804
vn 0.2988708 -0.5013623 0.8119804
vn 0.2190412 -0.3563858 0.9083007
vn 0.2141203 -0.3593639 0.9083007
vn 0.2749955 -0.5148450 0.8119804
vn 0.3220867 -0.4867731 0.8119804
vn 0.2239206 -0.3533404 0.9083007
vn 0.2190412 -0.3563858 0.9083007
vn 0.2988708 -0.5013623 0.8119804
vn 0.3445918 -0.4711098 0.8119804
vn 0.2287577 -0.3502282 0.9083007
vn 0.2239206 -0.3533404 0.9083007
vn 0.3220867 -0.4867731 0.8119804
vn -0.1800265 0.3556400 0.9171208
vn -0.2285628 0.5178171 0.8243934
vn -0.2526290 0.5065117 0.8243934
vn -0.1848994 0.3531311 0.9171208
vn -0.1848994 0.3531311 0.9171208
vn -0.2526290 0.5065117 0.8243934
vn -0.2761377 0.4940885 0.8243934
vn -0.1897373 0.3505555 0.9171208
vn -0.1897373 0.3505555 0.9171208
vn -0.2761377 0.4940885 0.8243934
vn -0.2990371 0.4805750 0.8243934
vn -0.1945394 0.3479135 0.9171208
vn -0.1945394 0.3479135 0.9171208
vn -0.2990371 0.4805750 0.8243934
vn -0.3212765 0.4660010 0.8243934
vn -0.1993047 0.3452058 0.9171208
vn -0.1993047 0.3452058 0.9171208
vn -0.3212765 0.4660010 0.8243934
vn -0.3428069 0.4503986 0.8243934
vn -0.2040323 0.3424328 0.9171208
vn -0.2040323 0.3424328 0.9171208
vn -0.3428069 0.4503986 0.8243934
vn -0.3635809 0.4338023 0.8243934
vn -0.2087213 0.3395951 0.9171208
vn -0.2087213 0.3395951 0.9171208
vn -0.3635809 0.4338023 0.8243934
vn -0.3835525 0.4162487 0.8243934
vn -0.2133708 0.3366932 0.9171208
vn -0.2133708 0.3366932 0.9171208
vn -0.3835525 0.4162487 0.8243934
vn -0.4026777 0.3977766 0.8243934
vn -0.2179800 0.3337276 0.9171208
vn -0.2285628 0.5178171 0.8243934
vn -0.2796576 0.6555353 0.7014736
vn -0.3214766 0.6360720 0.7014736
vn -0.2526290 0.5065117 0.8243934
vn -0.2526290 0.5065117 0.8243934
vn -0.3214766 0.6360720 0.7014736
vn -0.3619491 0.6139444 0.7014736
vn -0.2761377 0.4940885 0.8243934
vn -0.2761377 0.4940885 0.8243934
vn -0.3619491 0.6139444 0.7014736
vn -0.4009053 0.5892451 0.7014736
vn -0.2990371 0.4805750 0.8243934
vn -0.2990371 0.4805750 0.8243934
vn -0.4009053 0.5892451 0.7014736
vn -0.4381823 0.5620775 0.7014736
vn -0.3212765 0.4660010 0.8243934
vn -0.3212765 0.4660010 0.8243934
vn -0.4381823 0.5620775 0.7014736
vn -0.4736238 0.5325555 0.7014736
vn -0.3428069 0.4503986 0.8243934
vn -0.3428069 0.4503986 0.8243934
vn -0.4736238 0.5325555 0.7014736
vn -0.5070814 0.5008027 0.7014736
vn -0.3635809 0.4338023 0.8243934
vn -0.3635809 0.4338023 0.8243934
vn -0.5070814 0.5008027 0.7014736
vn -0.5384149 0.4669521 0.7014736
vn -0.3835525 0.4162487 0.8243934
vn -0.3835525 0.4162487 0.8243934
vn -0.5384149 0.4669521 0.7014736
vn -0.5674931 0.4311455 0.7014736
vn -0.4026777 0.3977766 0.8243934
vn -0.2796576 0.6555353 0.7014736
vn -0.3037645 0.7759314 0.5528631
vn -0.3630126 0.7500428 0.5528631
vn -0.3214766 0.6360720 0.7014736
vn -0.3214766 0.6360720 0.7014736
vn -0.3630126 0.7500428 0.5528631
vn -0.4200751 0.7196383 0.5528631
vn -0.3619491 0.6139444 0.7014736
vn -0.3619491 0.6139444 0.7014736
vn -0.4200751 0.7196383 0.5528631
vn -0.4746084 0.6849009 0.5528631
vn -0.4009053 0.5892451 0.7014736
vn -0.4009053 0.5892451 0.7014736
vn -0.4746084 0.6849009 0.5528631
vn -0.5262840 0.6460399 0.5528631
vn -0.4381823 0.5620775 0.7014736
vn -0.4381823 0.5620775 0.7014736
vn -0.5262840 0.6460399 0.5528631
vn -0.5747910 0.6032890 0.5528631
vn -0.4736238 0.5325555 0.7014736
vn -0.4736238 0.5325555 0.7014736
vn -0.5747910 0.6032890 0.5528631
vn -0.6198372 0.5569059 0.5528631
vn -0.5070814 0.5008027 0.7014736
vn -0.5070814 0.5008027 0.7014736
vn -0.6198372 0.5569059 0.5528631
vn -0.6611515 0.5071697 0.5528631
vn -0.5384149 0.4669521 0.7014736
vn -0.5384149 0.4669521 0.7014736
vn -0.6611515 0.5071697 0.5528631
vn -0.6984850 0.4543798 0.5528631
vn -0.5674931 0.4311455 0.7014736
vn -0.3037645 0.7759314 0.5528631
vn -0.2867002 0.8776921 0.3840047
vn -0.3615469 0.8496024 0.3840047
vn -0.3630126 0.7500428 0.5528631
vn -0.3630126 0.7500428 0.5528631
vn -0.3615469 0.8496024 0.3840047
vn -0.4336832 0.8151437 0.3840047
vn -0.4200751 0.7196383 0.5528631
vn -0.4200751 0.7196383 0.5528631
vn -0.4336832 0.8151437 0.3840047
vn -0.5025684 0.7745743 0.3840047
vn -0.4746084 0.6849009 0.5528631
vn -0.4746084 0.6849009 0.5528631
vn -0.5025684 0.7745743 0.3840047
vn -0.5676862 0.7281983 0.3840047
vn -0.5262840 0.6460399 0.5528631
vn -0.5262840 0.6460399 0.5528631
vn -0.5676862 0.7281983 0.3840047
vn -0.6285483 0.6763634 0.3840047
vn -0.5747910 0.6032890 0.5528631
vn -0.5747910 0.6032890 0.5528631
vn -0.6285483 0.6763634 0.3840047
vn -0.6846985 0.6194581 0.3840047
vn -0.6198372 0.5569059 0.5528631
vn -0.6198372 0.5569059 0.5528631
vn -0.6846985 0.6194581 0.3840047
vn -0.7357158 0.5579091 0.3840047
vn -0.6611515 0.5071697 0.5528631
vn -0.6611515 0.5071697 0.5528631
vn -0.7357158 0.5579091 0.3840047
vn -0.7812179 0.4921778 0.3840047
vn -0.6984850 0.4543798 0.5528631
vn -0.2867002 0.8776921 0.3840047
vn -0.2287815 0.9524835 0.2010826
vn -0.3152887 0.9274475 0.2010826
vn -0.3615469 0.8496024 0.3840047
vn -0.3615469 0.8496024 0.3840047
vn -0.3152887 0.9274475 0.2010826
vn -0.3991311 0.8945726 0.2010826
vn -0.4336832 0.8151437 0.3840047
vn -0.4336832 0.8151437 0.3840047
vn -0.3991311 0.8945726 0.2010826
vn -0.4795999 0.8541368 0.2010826
vn -0.5025684 0.7745743 0.3840047
vn -0.5025684 0.7745743 0.3840047
vn -0.4795999 0.8541368 0.2010826
vn -0.5560152 0.8064818 0.2010826
vn -0.5676862 0.7281983 0.3840047
vn -0.5676862 0.7281983 0.3840047
vn -0.5560152 0.8064818 0.2010826
vn -0.6277310 0.7520104 0.2010826
vn -0.6285483 0.6763634 0.3840047
vn -0.6285483 0.6763634 0.3840047
vn -0.6277310 0.7520104 0.2010826
vn -0.6941412 0.6911829 0.2010826
vn -0.6846985 0.6194581 0.3840047
vn -0.6846985 0.6194581 0.3840047
vn -0.6941412 0.6911829 0.2010826
vn -0.7546845 0.6245135 0.2010826
vn -0.7357158 0.5579091 0.3840047
vn -0.7357158 0.5579091 0.3840047
vn -0.7546845 0.6245135 0.2010826
vn -0.8088491 0.5525657 0.2010826
vn -0.7812179 0.4921778 0.3840047
vn -0.2287815 0.9524835 0.2010826
vn -0.1480439 0.9889219 0.0107961
vn -0.2399694 0.9707204 0.0107961
vn -0.3152887 0.9274475 0.2010826
vn -0.3152887 0.9274475 0.2010826
vn -0.2399694 0.9707204 0.0107961
vn -0.3297874 0.9439935 0.0107961
vn -0.3991311 0.8945726 0.2010826
vn -0.3991311 0.8945726 0.2010826
vn -0.3297874 0.9439935 0.0107961
vn -0.4167091 0.9089758 0.0107961
vn -0.4795999 0.8541368 0.2010826
vn -0.4795999 0.8541368 0.2010826
vn -0.4167091 0.9089758 0.0107961
vn -0.4999709 0.8659749 0.0107961
vn -0.5560152 0.8064818 0.2010826
vn -0.5560152 0.8064818 0.2010826
vn -0.4999709 0.8659749 0.0107961
vn -0.5788416 0.8153685 0.0107961
vn -0.6277310 0.7520104 0.2010826
vn -0.6277310 0.7520104 0.2010826
vn -0.5788416 0.8153685 0.0107961
vn -0.6526286 0.7576010 0.0107961
vn -0.6941412 0.6911829 0.2010826
vn -0.6941412 0.6911829 0.2010826
vn -0.6526286 0.7576010 0.0107961
vn -0.7206838 0.6931798 0.0107961
vn -0.7546845 0.6245135 0.2010826
vn -0.7546845 0.6245135 0.2010826
vn -0.7206838 0.6931798 0.0107961
vn -0.7824095 0.6226707 0.0107961
vn -0.8088491 0.5525657 0.2010826
vn -0.1480439 0.9889219 0.0107961
vn -0.0744226 0.9808682 -0.1798858
vn -0.1641889 0.9698882 -0.1798858
vn -0.2399694 0.9707204 0.0107961
vn -0.2399694 0.9707204 0.0107961
vn -0.1641889 0.9698882 -0.1798858
vn -0.2525675 0.9507107 -0.1798858
vn -0.3297874 0.9439935 0.0107961
vn -0.3297874 0.9439935 0.0107961
vn -0.2525675 0.9507107 -0.1798858
vn -0.3388113 0.9234977 -0.1798858
vn -0.4167091 0.9089758 0.0107961
vn -0.4167091 0.9089758 0.0107961
vn -0.3388113 0.9234977 -0.1798858
vn -0.4221915 0.8884793 -0.1798858
vn -0.4999709 0.8659749 0.0107961
vn -0.4999709 0.8659749 0.0107961
vn -0.4221915 0.8884793 -0.1798858
vn -0.5020033 0.8459514 -0.1798858
vn -0.5788416 0.8153685 0.0107961
vn -0.5788416 0.8153685 0.0107961
vn -0.5020033 0.8459514 -0.1798858
vn -0.5775722 0.7962735 -0.1798858
vn -0.6526286 0.7576010 0.0107961
vn -0.6526286 0.7576010 0.0107961
vn -0.5775722 0.7962735 -0.1798858
vn -0.6482594 0.7398655 -0.1798858
vn -0.7206838 0.6931798 0.0107961
vn -0.7206838 0.6931798 0.0107961
vn -0.6482594 0.7398655 -0.1798858
vn -0.7134674 0.6772041 -0.1798858
vn -0.7824095 0.6226707 0.0107961
vn -0.0744226 0.9808682 -0.1798858
vn -0.0359411 0.9307132 -0.3639796
vn -0.1163141 0.9241157 -0.3639796
vn -0.1641889 0.9698882 -0.1798858
vn -0.1641889 0.9698882 -0.1798858
vn -0.1163141 0.9241157 -0.3639796
vn -0.1958151 0.9105906 -0.3639796
vn -0.2525675 0.9507107 -0.1798858
vn -0.2525675 0.9507107 -0.1798858
vn -0.1958151 0.9105906 -0.3639796
vn -0.2738482 0.8902393 -0.3639796
vn -0.3388113 0.9234977 -0.1798858
vn -0.3388113 0.9234977 -0.1798858
vn -0.2738482 0.8902393 -0.3639796
vn -0.3498283 0.8632143 -0.3639796
vn -0.4221915 0.8884793 -0.1798858
vn -0.4221915 0.8884793 -0.1798858
vn -0.3498283 0.8632143 -0.3639796
vn -0.4231860 0.8297183 -0.3639796
vn -0.5020033 0.8459514 -0.1798858
vn -0.5020033 0.8459514 -0.1798858
vn -0.4231860 0.8297183 -0.3639796
vn -0.4933713 0.7900023 -0.3639796
vn -0.5775722 0.7962735 -0.1798858
vn -0.5775722 0.7962735 -0.1798858
vn -0.4933713 0.7900023 -0.3639796
vn -0.5598581 0.7443640 -0.3639796
vn -0.6482594 0.7398655 -0.1798858
vn -0.6482594 0.7398655 -0.1798858
vn -0.5598581 0.7443640 -0.3639796
vn -0.6221479 0.6931456 -0.3639796
vn -0.7134674 0.6772041 -0.1798858
vn -0.0359411 0.9307132 -0.3639796
vn -0.0448857 0.8438217 -0.5347431
vn -0.1101771 0.8378012 -0.5347431
vn -0.1163141 0.9241157 -0.3639796
vn -0.1163141 0.9241157 -0.3639796
vn -0.1101771 0.8378012 -0.5347431
vn -0.1748052 0.8267363 -0.5347431
vn -0.1958151 0.9105906 -0.3639796
vn -0.1958151 0.9105906 -0.3639796
vn -0.1748052 0.8267363 -0.5347431
vn -0.2383808 0.8106938 -0.5347431
vn -0.2738482 0.8902393 -0.3639796
vn -0.2738482 0.8902393 -0.3639796
vn -0.2383808 0.8106938 -0.5347431
vn -0.3005211 0.7897702 -0.5347431
vn -0.3498283 0.8632143 -0.3639796
vn -0.3498283 0.8632143 -0.3639796
vn -0.3005211 0.7897702 -0.5347431
vn -0.3608519 0.7640914 -0.5347431
vn -0.4231860 0.8297183 -0.3639796
vn -0.4231860 0.8297183 -0.3639796
vn -0.3608519 0.7640914 -0.5347431
vn -0.4190102 0.7338122 -0.5347431
vn -0.4933713 0.7900023 -0.3639796
vn -0.4933713 0.7900023 -0.3639796
vn -0.4190102 0.7338122 -0.5347431
vn -0.4746456 0.6991147 -0.5347431
vn -0.5598581 0.7443640 -0.3639796
vn -0.5598581 0.7443640 -0.3639796
vn -0.4746456 0.6991147 -0.5347431
vn -0.5274233 0.6602079 -0.5347431
vn -0.6221479 0.6931456 -0.3639796
vn -0.0448857 0.8438217 -0.5347431
vn -0.0915204 0.7218966 -0.6859223
vn -0.1380262 0.7144644 -0.6859223
vn -0.1101771 0.8378012 -0.5347431
vn -0.1101771 0.8378012 -0.5347431
vn -0.1380262 0.7144644 -0.6859223
vn -0.1839539 0.7040395 -0.6859223
vn -0.1748052 0.8267363 -0.5347431
vn -0.1748052 0.8267363 -0.5347431
vn -0.1839539 0.7040395 -0.6859223
vn -0.2291110 0.6906655 -0.6859223
vn -0.2383808 0.8106938 -0.5347431
vn -0.2383808 0.8106938 -0.5347431
vn -0.2291110 0.6906655 -0.6859223
vn -0.2733083 0.6743984 -0.6859223
vn -0.3005211 0.7897702 -0.5347431
vn -0.3005211 0.7897702 -0.5347431
vn -0.2733083 0.6743984 -0.6859223
vn -0.3163609 0.6553064 -0.6859223
vn -0.3608519 0.7640914 -0.5347431
vn -0.3608519 0.7640914 -0.5347431
vn -0.3163609 0.6553064 -0.6859223
vn -0.3580882 0.6334694 -0.6859223
vn -0.4190102 0.7338122 -0.5347431
vn -0.4190102 0.7338122 -0.5347431
vn -0.3580882 0.6334694 -0.6859223
vn -0.3983156 0.6089789 -0.6859223
vn -0.4746456 0.6991147 -0.5347431
vn -0.4746456 0.6991147 -0.5347431
vn -0.3983156 0.6089789 -0.6859223
vn -0.4368746 0.5819375 -0.6859223
vn -0.5274233 0.6602079 -0.5347431
vn -0.0915204 0.7218966 -0.6859223
vn -0.1476139 0.5647106 -0.8119804
vn -0.1739717 0.5571551 -0.8119804
vn -0.1380262 0.7144644 -0.6859223
vn -0.1380262 0.7144644 -0.6859223
vn -0.1739717 0.5571551 -0.8119804
vn -0.1999455 0.5483700 -0.8119804
vn -0.1839539 0.7040395 -0.6859223
vn -0.1839539 0.7040395 -0.6859223
vn -0.1999455 0.5483700 -0.8119804
vn -0.2254782 0.5383749 -0.8119804
vn -0.2291110 0.6906655 -0.6859223
vn -0.2291110 0.6906655 -0.6859223
vn -0.2254782 0.5383749 -0.8119804
vn -0.2505132 0.5271916 -0.8119804
vn -0.2733083 0.6743984 -0.6859223
vn -0.2733083 0.6743984 -0.6859223
vn -0.2505132 0.5271916 -0.8119804
vn -0.2749955 0.5148450 -0.8119804
vn -0.3163609 0.6553064 -0.6859223
vn -0.3163609 0.6553064 -0.6859223
vn -0.2749955 0.5148450 -0.8119804
vn -0.2988708 0.5013623 -0.8119804
vn -0.3580882 0.6334694 -0.6859223
vn -0.3580882 0.6334694 -0.6859223
vn -0.2988708 0.5013623 -0.8119804
vn -0.3220867 0.4867731 -0.8119804
vn -0.3983156 0.6089789 -0.6859223
vn -0.3983156 0.6089789 -0.6859223
vn -0.3220867 0.4867731 -0.8119804
vn -0.3445918 0.4711098 -0.8119804
vn -0.4368746 0.5819375 -0.6859223
vn -0.1476139 0.5647106 -0.8119804
vn -0.1889277 0.3732241 -0.9083007
vn -0.1940415 0.3705912 -0.9083007
vn -0.1739717 0.5571551 -0.8119804
vn -0.1739717 0.5571551 -0.8119804
vn -0.1940415 0.3705912 -0.9083007
vn -0.1991186 0.3678881 -0.9083007
vn -0.1999455 0.5483700 -0.8119804
vn -0.1999455 0.5483700 -0.8119804
vn -0.1991186 0.3678881 -0.9083007
vn -0.2041581 0.3651156 -0.9083007
vn -0.2254782 0.5383749 -0.8119804
vn -0.2254782 0.5383749 -0.8119804
vn -0.2041581 0.3651156 -0.9083007
vn -0.2091590 0.3622740 -0.9083007
vn -0.2505132 0.5271916 -0.8119804
vn -0.2505132 0.5271916 -0.8119804
vn -0.2091590 0.3622740 -0.9083007
vn -0.2141203 0.3593639 -0.9083007
vn -0.2749955 0.5148450 -0.8119804
vn -0.2749955 0.5148450 -0.8119804
vn -0.2141203 0.3593639 -0.9083007
vn -0.2190412 0.3563858 -0.9083007
vn -0.2988708 0.5013623 -0.8119804
vn -0.2988708 0.5013623 -0.8119804
vn -0.2190412 0.3563858 -0.9083007
vn -0.2239206 0.3533404 -0.9083007
vn -0.3220867 0.4867731 -0.8119804
vn -0.3220867 0.4867731 -0.8119804
vn -0.2239206 0.3533404 -0.9083007
vn -0.2287577 0.3502282 -0.9083007
vn -0.3445918 0.4711098 -0.8119804
vn -0.4198225 0.8153931 -0.3986014
vn -0.4198225 0.8153931 -0.3986014
vn -0.4198225 0.8153931 -0.3986014
vn -0.4198225 0.8153931 -0.3986014
vn -0.4309942 0.8095437 -0.3986014
vn -0.4309942 0.8095437 -0.3986014
vn -0.4309942 0.8095437 -0.3986014
vn -0.4309942 0.8095437 -0.3986014
vn -0.4420843 0.8035412 -0.3986014
vn -0.4420843 0.8035412 -0.3986014
vn -0.4420843 0.8035412 -0.3986014
vn -0.4420843 0.8035412 -0.3986014
vn -0.4530909 0.7973867 -0.3986014
vn -0.4530909 0.7973867 -0.3986014
vn -0.4530909 0.7973867 -0.3986014
vn -0.4530909 0.7973867 -0.3986014
vn -0.4640117 0.7910816 -0.3986014
vn -0.4640117 0.7910816 -0.3986014
vn -0.4640117 0.7910816 -0.3986014
vn -0.4640117 0.7910816 -0.3986014
vn -0.4748449 0.7846268 -0.3986014
vn -0.4748449 0.7846268 -0.3986014
vn -0.4748449 0.7846268 -0.3986014
vn -0.4748449 0.7846268 -0.3986014
vn -0.4855883 0.7780237 -0.3986014
vn -0.4855883 0.7780237 -0.3986014
vn -0.4855883 0.7780237 -0.3986014
vn -0.4855883 0.7780237 -0.3986014
vn -0.4962399 0.7712736 -0.3986014
vn -0.4962399 0.7712736 -0.3986014
vn -0.4962399 0.7712736 -0.3986014
vn -0.4962399 0.7712736 -0.3986014
vn 0.4169611 0.8814827 -0.2216566
vn 0.4169611 0.8814827 -0.2216566
vn 0.4169611 0.8814827 -0.2216566
vn 0.4169611 0.8814827 -0.2216566
vn 0.3688109 0.8948040 -0.2516034
vn 0.3688109 0.8948040 -0.2516034
vn 0.3688109 0.8948040 -0.2516034
vn 0.3688109 0.8948040 -0.2516034
vn 0.4049643 0.8879317 -0.2181313
vn 0.4049643 0.8879317 -0.2181313
vn 0.4049643 0.8879317 -0.2181313
vn 0.4049643 0.8879317 -0.2181313
vn 0.5113443 0.8573745 -0.0586173
vn 0.5113443 0.8573745 -0.0586173
vn 0.5113443 0.8573745 -0.0586173
vn 0.5113443 0.8573745 -0.0586173
vn 0.5845682 0.7926070 0.1733613
vn 0.5845682 0.7926070 0.1733613
vn 0.5845682 0.7926070 0.1733613
vn 0.5845682 0.7926070 0.1733613
vn 0.5861490 0.7304407 0.3505505
vn 0.5861490 0.7304407 0.3505505
vn 0.5861490 0.7304407 0.3505505
vn 0.5861490 0.7304407 0.3505505
vn 0.5714391 0.7109276 0.4099261
vn 0.5714391 0.7109276 0.4099261
vn 0.5714391 0.7109276 0.4099261
vn 0.5714391 0.7109276 0.4099261
vn 0.5940987 0.7207731 0.3571174
vn 0.5940987 0.7207731 0.3571174
vn 0.5940987 0.7207731 0.3571174
vn 0.5940987 0.7207731 0.3571174
vn 0.6614813 0.7140808 0.2291964
vn 0.6614813 0.7140808 0.2291964
vn 0.6614813 0.7140808 0.2291964
vn 0.6614813 0.7140808 0.2291964
vn 0.7381263 0.6677415 0.0963888
vn 0.7381263 0.6677415 0.0963888
vn 0.7381263 0.6677415 0.0963888
vn 0.7381263 0.6677415 0.0963888
vn 0.7834548 0.6208303 0.0277188
vn 0.7834548 0.6208303 0.0277188
vn 0.7834548 0.6208303 0.0277188
vn 0.7834548 0.6208303 0.0277188
vn 0.7465901 0.6618835 0.0671826
vn 0.7465901 0.6618835 0.0671826
vn 0.7465901 0.6618835 0.0671826
vn 0.7465901 0.6618835 0.0671826
vn -0.4914676 0.7638563 0.4183098
vn -0.4914676 0.7638563 0.4183098
vn -0.4914676 0.7638563 0.4183098
vn -0.4914676 0.7638563 0.4183098
vn -0.4809185 0.7705416 0.4183098
vn -0.4809185 0.7705416 0.4183098
vn -0.4809185 0.7705416 0.4183098
vn -0.4809185 0.7705416 0.4183098
vn -0.4702784 0.7770812 0.4183098
vn -0.4702784 0.7770812 0.4183098
vn -0.4702784 0.7770812 0.4183098
vn -0.4702784 0.7770812 0.4183098
vn -0.4595494 0.7834738 0.4183098
vn -0.4595494 0.7834738 0.4183098
vn -0.4595494 0.7834738 0.4183098
vn -0.4595494 0.7834738 0.4183098
vn -0.4487335 0.7897184 0.4183098
vn -0.4487335 0.7897184 0.4183098
vn -0.4487335 0.7897184 0.4183098
vn -0.4487335 0.7897184 0.4183098
vn -0.4378328 0.7958136 0.4183098
vn -0.4378328 0.7958136 0.4183098
vn -0.4378328 0.7958136 0.4183098
vn -0.4378328 0.7958136 0.4183098
vn -0.4268494 0.8017584 0.4183098
vn -0.4268494 0.8017584 0.4183098
vn -0.4268494 0.8017584 0.4183098
vn -0.4268494 0.8017584 0.4183098
vn -0.4157852 0.8075516 0.4183098
vn -0.4157852 0.8075516 0.4183098
vn -0.4157852 0.8075516 0.4183098
vn -0.4157852 0.8075516 0.4183098
vn -0.9672252 0.0890729 0.2377844
vn -0.9672252 0.0890729 0.2377844
vn -0.9672252 0.0890729 0.2377844
vn -0.9672252 0.0890729 0.2377844
vn -0.9558332 0.1295106 0.2638368
vn -0.9558332 0.1295106 0.2638368
vn -0.9558332 0.1295106 0.2638368
vn -0.9558332 0.1295106 0.2638368
vn -0.9699430 0.0913342 0.2255408
vn -0.9699430 0.0913342 0.2255408
vn -0.9699430 0.0913342 0.2255408
vn -0.9699430 0.0913342 0.2255408
vn -0.9980866 -0.0150939 0.0599602
vn -0.9980866 -0.0150939 0.0599602
vn -0.9980866 -0.0150939 0.0599602
vn -0.9980866 -0.0150939 0.0599602
vn -0.9786932 -0.1064570 -0.1755748
vn -0.9786932 -0.1064570 -0.1755748
vn -0.9786932 -0.1064570 -0.1755748
vn -0.9786932 -0.1064570 -0.1755748
vn -0.9262652 -0.1348220 -0.3519316
vn -0.9262652 -0.1348220 -0.3519316
vn -0.9262652 -0.1348220 -0.3519316
vn -0.9262652 -0.1348220 -0.3519316
vn -0.9034057 -0.1307839 -0.4083549
vn -0.9034057 -0.1307839 -0.4083549
vn -0.9034057 -0.1307839 -0.4083549
vn -0.9034057 -0.1307839 -0.4083549
vn -0.9239897 -0.1474460 -0.3528494
vn -0.9239897 -0.1474460 -0.3528494
vn -0.9239897 -0.1474460 -0.3528494
vn -0.9239897 -0.1474460 -0.3528494
vn -0.9510731 -0.2125718 -0.2242167
vn -0.9510731 -0.2125718 -0.2242167
vn -0.9510731 -0.2125718 -0.2242167
vn -0.9510731 -0.2125718 -0.2242167
vn -0.9478757 -0.3047311 -0.0931163
vn -0.9478757 -0.3047311 -0.0931163
vn -0.9478757 -0.3047311 -0.0931163
vn -0.9478757 -0.3047311 -0.0931163
vn -0.9293375 -0.3682916 -0.0263276
vn -0.9293375 -0.3682916 -0.0263276
vn -0.9293375 -0.3682916 -0.0263276
vn -0.9293375 -0.3682916 -0.0263276
vn -0.9458533 -0.3185943 -0.0621225
vn -0.9458533 -0.3185943 -0.0621225
vn -0.9458533 -0.3185943 -0.0621225
vn -0.9458533 -0.3185943 -0.0621225
vn 0.1950228 -0.4062719 -0.8926977
vn 0.2487469 -0.5283075 -0.8117981
vn 0.2372203 -0.5335825 -0.8117981
vn 0.1898146 -0.4087312 -0.8926977
vn 0.2487469 -0.5283075 -0.8117981
vn 0.2979079 -0.6367855 -0.7111647
vn 0.2799604 -0.6448775 -0.7111647
vn 0.2372203 -0.5335825 -0.8117981
vn 0.2979079 -0.6367855 -0.7111647
vn 0.3298917 -0.7343252 -0.5932436
vn 0.3055850 -0.7447684 -0.5932436
vn 0.2799604 -0.6448775 -0.7111647
vn 0.3298917 -0.7343252 -0.5932436
vn 0.3355210 -0.8215812 -0.4609014
vn 0.3052697 -0.8332949 -0.4609014
vn 0.3055850 -0.7447684 -0.5932436
vn 0.3355210 -0.8215812 -0.4609014
vn 0.3111513 -0.8958072 -0.3173552
vn 0.2758344 -0.9073043 -0.3173552
vn 0.3052697 -0.8332949 -0.4609014
vn 0.3111513 -0.8958072 -0.3173552
vn 0.2607742 -0.9510044 -0.1660944
vn 0.2218342 -0.9608341 -0.1660944
vn 0.2758344 -0.9073043 -0.3173552
vn 0.2607742 -0.9510044 -0.1660944
vn 0.1960588 -0.9805327 -0.0107961
vn 0.1554565 -0.9877837 -0.0107961
vn 0.2218342 -0.9608341 -0.1660944
vn 0.1960588 -0.9805327 -0.0107961
vn 0.1334590 -0.9804243 0.1447646
vn 0.0934267 -0.9850455 0.1447646
vn 0.1554565 -0.9877837 -0.0107961
vn 0.1334590 -0.9804243 0.1447646
vn 0.0889873 -0.9507824 0.2968063
vn 0.0516881 -0.9535378 0.2968063
vn 0.0934267 -0.9850455 0.1447646
vn 0.0889873 -0.9507824 0.2968063
vn 0.0728019 -0.8942372 0.4416330
vn 0.0400707 -0.8963005 0.4416330
vn 0.0516881 -0.9535378 0.2968063
vn 0.0728019 -0.8942372 0.4416330
vn 0.0857939 -0.8131305 0.5757240
vn 0.0590296 -0.8155105 0.5757240
vn 0.0400707 -0.8963005 0.4416330
vn 0.0857939 -0.8131305 0.5757240
vn 0.1191240 -0.7082684 0.6958199
vn 0.0992450 -0.7113263 0.6958199
vn 0.0590296 -0.8155105 0.5757240
vn 0.1191240 -0.7082684 0.6958199
vn 0.1567737 -0.5805336 0.7990011
vn 0.1441352 -0.5837999 0.7990011
vn 0.0992450 -0.7113263 0.6958199
vn 0.1567737 -0.5805336 0.7990011
vn 0.1818698 -0.4331963 0.8827595
vn 0.1763186 -0.4354853 0.8827595
vn 0.1441352 -0.5837999 0.7990011
vn 0.2771914 -0.3553248 -0.8926977
vn 0.4209799 -0.4046723 -0.8117981
vn 0.4120965 -0.4137152 -0.8117981
vn 0.2726275 -0.3588384 -0.8926977
vn 0.4209799 -0.4046723 -0.8117981
vn 0.5544242 -0.4322714 -0.7111647
vn 0.5421028 -0.4476264 -0.7111647
vn 0.4120965 -0.4137152 -0.8117981
vn 0.5544242 -0.4322714 -0.7111647
vn 0.6662920 -0.4517932 -0.5932436
vn 0.6510871 -0.4734424 -0.5932436
vn 0.5421028 -0.4476264 -0.7111647
vn 0.6662920 -0.4517932 -0.5932436
vn 0.7479708 -0.4776083 -0.4609014
vn 0.7300154 -0.5046260 -0.4609014
vn 0.6510871 -0.4734424 -0.5932436
vn 0.7479708 -0.4776083 -0.4609014
vn 0.7943892 -0.5179107 -0.3173552
vn 0.7734995 -0.5486203 -0.3173552
vn 0.7300154 -0.5046260 -0.4609014
vn 0.7943892 -0.5179107 -0.3173552
vn 0.8036259 -0.5714876 -0.1660944
vn 0.7796892 -0.6037362 -0.1660944
vn 0.7734995 -0.5486203 -0.3173552
vn 0.8036259 -0.5714876 -0.1660944
vn 0.7777175 -0.6285212 -0.0107961
vn 0.7511368 -0.6600583 -0.0107961
vn 0.7796892 -0.6037362 -0.1660944
vn 0.7777175 -0.6285212 -0.0107961
vn 0.7236442 -0.6748201 0.1447646
vn 0.6955663 -0.7037263 0.1447646
vn 0.7511368 -0.6600583 -0.0107961
vn 0.7236442 -0.6748201 0.1447646
vn 0.6523612 -0.6973742 0.2968063
vn 0.6245529 -0.7223847 0.2968063
vn 0.6955663 -0.7037263 0.1447646
vn 0.6523612 -0.6973742 0.2968063
vn 0.5752676 -0.6884965 0.4416330
vn 0.5497202 -0.7090614 0.4416330
vn 0.6245529 -0.7223847 0.2968063
vn 0.5752676 -0.6884965 0.4416330
vn 0.4999124 -0.6470158 0.5757240
vn 0.4783827 -0.6630926 0.5757240
vn 0.5497202 -0.7090614 0.4416330
vn 0.4999124 -0.6470158 0.5757240
vn 0.4275430 -0.5770976 0.6958199
vn 0.4112160 -0.5888430 0.6958199
vn 0.4783827 -0.6630926 0.5757240
vn 0.4275430 -0.5770976 0.6958199
vn 0.3537159 -0.4862945 0.7990011
vn 0.3430766 -0.4938580 0.7990011
vn 0.4112160 -0.5888430 0.6958199
vn 0.3537159 -0.4862945 0.7990011
vn 0.2700839 -0.3844350 0.8827595
vn 0.2651487 -0.3878554 0.8827595
vn 0.3430766 -0.4938580 0.7990011
vn 0.5499813 -0.6259896 -0.5528631
vn 0.5843338 -0.6715221 -0.4556447
vn 0.5287882 -0.7160802 -0.4556447
vn 0.5018564 -0.6651936 -0.5528631
vn 0.5843338 -0.6715221 -0.4556447
vn 0.6002245 -0.7178941 -0.3526451
vn 0.5376458 -0.7658841 -0.3526451
vn 0.5287882 -0.7160802 -0.4556447
vn 0.6002245 -0.7178941 -0.3526451
vn 0.5972800 -0.7636411 -0.2451712
vn 0.5283550 -0.8128543 -0.2451712
vn 0.5376458 -0.7658841 -0.3526451
vn 0.5972800 -0.7636411 -0.2451712
vn 0.5769504 -0.8056145 -0.1345867
vn 0.5028214 -0.8538484 -0.1345867
vn 0.5283550 -0.8128543 -0.2451712
vn 0.5769504 -0.8056145 -0.1345867
vn 0.5425425 -0.8397325 -0.0222945
vn 0.4648782 -0.8850939 -0.0222945
vn 0.5028214 -0.8538484 -0.1345867
vn 0.5425425 -0.8397325 -0.0222945
vn 0.4988973 -0.8619460 0.0902806
vn 0.4198385 -0.9030975 0.0902806
vn 0.4648782 -0.8850939 -0.0222945
vn 0.4988973 -0.8619460 0.0902806
vn 0.4516528 -0.8690931 0.2017102
vn 0.3736427 -0.9053751 0.2017102
vn 0.4198385 -0.9030975 0.0902806
vn 0.4516528 -0.8690931 0.2017102
vn 0.4062152 -0.8593771 0.3105805
vn 0.3317655 -0.8907701 0.3105805
vn 0.3736427 -0.9053751 0.2017102
vn 0.4062152 -0.8593771 0.3105805
vn 0.3667054 -0.8323932 0.4155102
vn 0.2981620 -0.8593315 0.4155102
vn 0.3317655 -0.8907701 0.3105805
vn 0.3667054 -0.8323932 0.4155102
vn 0.3351724 -0.7888354 0.5151680
vn 0.2745264 -0.8119342 0.5151680
vn 0.2981620 -0.8593315 0.4155102
vn 0.5767770 -0.6927167 -0.4329802
vn 0.5867985 -0.7372642 -0.3348267
vn 0.5522837 -0.7634617 -0.3348267
vn 0.5458061 -0.7173729 -0.4329802
vn 0.5867985 -0.7372642 -0.3348267
vn 0.5802598 -0.7804241 -0.2328880
vn 0.5425645 -0.8070854 -0.2328880
vn 0.5522837 -0.7634617 -0.3348267
vn 0.5802598 -0.7804241 -0.2328880
vn 0.5586929 -0.8193882 -0.1283166
vn 0.5183962 -0.8454586 -0.1283166
vn 0.5425645 -0.8070854 -0.2328880
vn 0.5586929 -0.8193882 -0.1283166
vn 0.5251100 -0.8507423 -0.0222945
vn 0.4830319 -0.8753189 -0.0222945
vn 0.5183962 -0.8454586 -0.1283166
vn 0.5251100 -0.8507423 -0.0222945
vn 0.4837143 -0.8711876 0.0839796
vn 0.4408890 -0.8936242 0.0839796
vn 0.4830319 -0.8753189 -0.0222945
vn 0.4837143 -0.8711876 0.0839796
vn 0.4393164 -0.8781600 0.1893044
vn 0.3969193 -0.8981197 0.1893044
vn 0.4408890 -0.8936242 0.0839796
vn 0.4393164 -0.8781600 0.1893044
vn 0.3965498 -0.8701715 0.2924890
vn 0.3557966 -0.8876142 0.2924890
vn 0.3969193 -0.8981197 0.1893044
vn 0.3965498 -0.8701715 0.2924890
vn 0.3590670 -0.8468287 0.3923671
vn 0.3211116 -0.8619370 0.3923671
vn 0.3557966 -0.8876142 0.2924890
vn 0.6197114 -0.5931287 -0.5139613
vn 0.6352622 -0.6081691 -0.4759961
vn 0.4600165 -0.7495415 -0.4759961
vn 0.4537397 -0.7279863 -0.5139613
vn 0.4247399 -0.7827564 0.4548499
vn 0.4094883 -0.7674331 0.4933211
vn 0.2066200 -0.8449512 0.4933211
vn 0.2117689 -0.8650234 0.4548499
g energy_core
usemtl mana_core
f 1/1/1 2/1/2 3/1/3
f 4/1/4 5/1/5 6/1/6
f 7/1/7 8/1/8 9/1/9
f 10/1/10 11/1/11 12/1/12
f 13/1/13 14/1/14 15/1/15
f 16/1/16 17/1/17 18/1/18
f 19/1/19 20/1/20 21/1/21
f 22/1/22 23/1/23 24/1/24
f 25/1/25 26/1/26 27/1/27
f 28/1/28 29/1/29 30/1/30
f 31/1/31 32/1/32 33/1/33
f 34/1/34 35/1/35 36/1/36
f 37/1/37 38/1/38 39/1/39
f 40/1/40 41/1/41 42/1/42
f 43/1/43 44/1/44 45/1/45
f 46/1/46 47/1/47 48/1/48
f 49/1/49 50/1/50 51/1/51
f 52/1/52 53/1/53 54/1/54
f 55/1/55 56/1/56 57/1/57
f 58/1/58 59/1/59 60/1/60
f 61/1/61 62/1/62 63/1/63
f 64/1/64 65/1/65 66/1/66
f 67/1/67 68/1/68 69/1/69
f 70/1/70 71/1/71 72/1/72
f 73/1/73 74/1/74 75/1/75 76/1/76
f 77/1/77 78/1/78 79/1/79 80/1/80
f 81/1/81 82/1/82 83/1/83 84/1/84
f 85/1/85 86/1/86 87/1/87 88/1/88
f 89/1/89 90/1/90 91/1/91 92/1/92
f 93/1/93 94/1/94 95/1/95 96/1/96
f 97/1/97 98/1/98 99/1/99 100/1/100
f 101/1/101 102/1/102 103/1/103 104/1/104
f 105/1/105 106/1/106 107/1/107 108/1/108
f 109/1/109 110/1/110 111/1/111 112/1/112
f 113/1/113 114/1/114 115/1/115 116/1/116
f 117/1/117 118/1/118 119/1/119 120/1/120
f 121/1/121 122/1/122 123/1/123 124/1/124
f 125/1/125 126/1/126 127/1/127 128/1/128
f 129/1/129 130/1/130 131/1/131 132/1/132
f 133/1/133 134/1/134 135/1/135 136/1/136
f 137/1/137 138/1/138 139/1/139 140/1/140
f 141/1/141 142/1/142 143/1/143 144/1/144
f 145/1/145 146/1/146 147/1/147 148/1/148
f 149/1/149 150/1/150 151/1/151 152/1/152
f 153/1/153 154/1/154 155/1/155 156/1/156
f 157/1/157 158/1/158 159/1/159 160/1/160
f 161/1/161 162/1/162 163/1/163 164/1/164
f 165/1/165 166/1/166 167/1/167 168/1/168
f 169/1/169 170/1/170 171/1/171 172/1/172
f 173/1/173 174/1/174 175/1/175 176/1/176
f 177/1/177 178/1/178 179/1/179 180/1/180
f 181/1/181 182/1/182 183/1/183 184/1/184
f 185/1/185 186/1/186 187/1/187 188/1/188
f 189/1/189 190/1/190 191/1/191 192/1/192
f 193/1/193 194/1/194 195/1/195 196/1/196
f 197/1/197 198/1/198 199/1/199 200/1/200
f 201/1/201 202/1/202 203/1/203 204/1/204
f 205/1/205 206/1/206 207/1/207 208/1/208
f 209/1/209 210/1/210 211/1/211 212/1/212
f 213/1/213 214/1/214 215/1/215 216/1/216
f 217/1/217 218/1/218 219/1/219 220/1/220
f 221/1/221 222/1/222 223/1/223 224/1/224
f 225/1/225 226/1/226 227/1/227 228/1/228
f 229/1/229 230/1/230 231/1/231 232/1/232
f 233/1/233 234/1/234 235/1/235 236/1/236
f 237/1/237 238/1/238 239/1/239 240/1/240
f 241/1/241 242/1/242 243/1/243 244/1/244
f 245/1/245 246/1/246 247/1/247 248/1/248
f 249/1/249 250/1/250 251/1/251 252/1/252
f 253/1/253 254/1/254 255/1/255 256/1/256
f 257/1/257 258/1/258 259/1/259 260/1/260
f 261/1/261 262/1/262 263/1/263 264/1/264
f 265/1/265 266/1/266 267/1/267 268/1/268
f 269/1/269 270/1/270 271/1/271 272/1/272
f 273/1/273 274/1/274 275/1/275 276/1/276
f 277/1/277 278/1/278 279/1/279 280/1/280
f 281/1/281 282/1/282 283/1/283 284/1/284
f 285/1/285 286/1/286 287/1/287 288/1/288
f 289/1/289 290/1/290 291/1/291 292/1/292
f 293/1/293 294/1/294 295/1/295 296/1/296
f 297/1/297 298/1/298 299/1/299 300/1/300
f 301/1/301 302/1/302 303/1/303 304/1/304
f 305/1/305 306/1/306 307/1/307 308/1/308
f 309/1/309 310/1/310 311/1/311 312/1/312
f 313/1/313 314/1/314 315/1/315 316/1/316
f 317/1/317 318/1/318 319/1/319 320/1/320
f 321/1/321 322/1/322 323/1/323 324/1/324
f 325/1/325 326/1/326 327/1/327 328/1/328
f 329/1/329 330/1/330 331/1/331 332/1/332
f 333/1/333 334/1/334 335/1/335 336/1/336
f 337/1/337 338/1/338 339/1/339 340/1/340
f 341/1/341 342/1/342 343/1/343 344/1/344
f 345/1/345 346/1/346 347/1/347 348/1/348
f 349/1/349 350/1/350 351/1/351 352/1/352
f 353/1/353 354/1/354 355/1/355 356/1/356
f 357/1/357 358/1/358 359/1/359 360/1/360
f 361/1/361 362/1/362 363/1/363 364/1/364
f 365/1/365 366/1/366 367/1/367 368/1/368
f 369/1/369 370/1/370 371/1/371 372/1/372
f 373/1/373 374/1/374 375/1/375 376/1/376
f 377/1/377 378/1/378 379/1/379 380/1/380
f 381/1/381 382/1/382 383/1/383 384/1/384
f 385/1/385 386/1/386 387/1/387 388/1/388
f 389/1/389 390/1/390 391/1/391 392/1/392
f 393/1/393 394/1/394 395/1/395 396/1/396
f 397/1/397 398/1/398 399/1/399 400/1/400
f 401/1/401 402/1/402 403/1/403 404/1/404
f 405/1/405 406/1/406 407/1/407 408/1/408
f 409/1/409 410/1/410 411/1/411 412/1/412
f 413/1/413 414/1/414 415/1/415 416/1/416
f 417/1/417 418/1/418 419/1/419 420/1/420
f 421/1/421 422/1/422 423/1/423 424/1/424
f 425/1/425 426/1/426 427/1/427 428/1/428
f 429/1/429 430/1/430 431/1/431 432/1/432
f 433/1/433 434/1/434 435/1/435 436/1/436
f 437/1/437 438/1/438 439/1/439 440/1/440
f 441/1/441 442/1/442 443/1/443 444/1/444
f 445/1/445 446/1/446 447/1/447 448/1/448
f 449/1/449 450/1/450 451/1/451 452/1/452
f 453/1/453 454/1/454 455/1/455 456/1/456
f 457/1/457 458/1/458 459/1/459 460/1/460
f 461/1/461 462/1/462 463/1/463 464/1/464
f 465/1/465 466/1/466 467/1/467 468/1/468
f 469/1/469 470/1/470 471/1/471 472/1/472
f 473/1/473 474/1/474 475/1/475 476/1/476
f 477/1/477 478/1/478 479/1/479 480/1/480
f 481/1/481 482/1/482 483/1/483 484/1/484
f 485/1/485 486/1/486 487/1/487 488/1/488
f 489/1/489 490/1/490 491/1/491 492/1/492
f 493/1/493 494/1/494 495/1/495 496/1/496
f 497/1/497 498/1/498 499/1/499 500/1/500
f 501/1/501 502/1/502 503/1/503 504/1/504
f 505/1/505 506/1/506 507/1/507 508/1/508
f 509/1/509 510/1/510 511/1/511 512/1/512
f 513/1/513 514/1/514 515/1/515 516/1/516
f 517/1/517 518/1/518 519/1/519 520/1/520
f 521/1/521 522/1/522 523/1/523 524/1/524
f 525/1/525 526/1/526 527/1/527 528/1/528
f 529/1/529 530/1/530 531/1/531 532/1/532
f 533/1/533 534/1/534 535/1/535 536/1/536
f 537/1/537 538/1/538 539/1/539 540/1/540
f 541/1/541 542/1/542 543/1/543 544/1/544
f 545/1/545 546/1/546 547/1/547 548/1/548
f 549/1/549 550/1/550 551/1/551 552/1/552
f 553/1/553 554/1/554 555/1/555 556/1/556
f 557/1/557 558/1/558 559/1/559 560/1/560
f 561/1/561 562/1/562 563/1/563 564/1/564
f 565/1/565 566/1/566 567/1/567 568/1/568
f 569/1/569 570/1/570 571/1/571 572/1/572
f 573/1/573 574/1/574 575/1/575 576/1/576
f 577/1/577 578/1/578 579/1/579 580/1/580
f 581/1/581 582/1/582 583/1/583 584/1/584
f 585/1/585 586/1/586 587/1/587 588/1/588
f 589/1/589 590/1/590 591/1/591 592/1/592
f 593/1/593 594/1/594 595/1/595 596/1/596
f 597/1/597 598/1/598 599/1/599 600/1/600
f 601/1/601 602/1/602 603/1/603 604/1/604
f 605/1/605 606/1/606 607/1/607 608/1/608
f 609/1/609 610/1/610 611/1/611 612/1/612
f 613/1/613 614/1/614 615/1/615 616/1/616
f 617/1/617 618/1/618 619/1/619 620/1/620
f 621/1/621 622/1/622 623/1/623 624/1/624
f 625/1/625 626/1/626 627/1/627 628/1/628
f 629/1/629 630/1/630 631/1/631 632/1/632
f 633/1/633 634/1/634 635/1/635 636/1/636
f 637/1/637 638/1/638 639/1/639 640/1/640
f 641/1/641 642/1/642 643/1/643 644/1/644
f 645/1/645 646/1/646 647/1/647 648/1/648
f 649/1/649 650/1/650 651/1/651 652/1/652
f 653/1/653 654/1/654 655/1/655 656/1/656
f 657/1/657 658/1/658 659/1/659 660/1/660
f 661/1/661 662/1/662 663/1/663 664/1/664
f 665/1/665 666/1/666 667/1/667 668/1/668
f 669/1/669 670/1/670 671/1/671 672/1/672
f 673/1/673 674/1/674 675/1/675 676/1/676
f 677/1/677 678/1/678 679/1/679 680/1/680
f 681/1/681 682/1/682 683/1/683 684/1/684
f 685/1/685 686/1/686 687/1/687 688/1/688
f 689/1/689 690/1/690 691/1/691 692/1/692
f 693/1/693 694/1/694 695/1/695 696/1/696
f 697/1/697 698/1/698 699/1/699 700/1/700
f 701/1/701 702/1/702 703/1/703 704/1/704
f 705/1/705 706/1/706 707/1/707 708/1/708
f 709/1/709 710/1/710 711/1/711 712/1/712
f 713/1/713 714/1/714 715/1/715 716/1/716
f 717/1/717 718/1/718 719/1/719 720/1/720
f 721/1/721 722/1/722 723/1/723 724/1/724
f 725/1/725 726/1/726 727/1/727 728/1/728
f 729/1/729 730/1/730 731/1/731 732/1/732
f 733/1/733 734/1/734 735/1/735 736/1/736
f 737/1/737 738/1/738 739/1/739 740/1/740
f 741/1/741 742/1/742 743/1/743 744/1/744
f 745/1/745 746/1/746 747/1/747 748/1/748
f 749/1/749 750/1/750 751/1/751 752/1/752
f 753/1/753 754/1/754 755/1/755 756/1/756
f 757/1/757 758/1/758 759/1/759 760/1/760
f 761/1/761 762/1/762 763/1/763 764/1/764
f 765/1/765 766/1/766 767/1/767 768/1/768
f 769/1/769 770/1/770 771/1/771 772/1/772
f 773/1/773 774/1/774 775/1/775 776/1/776
f 777/1/777 778/1/778 779/1/779 780/1/780
f 781/1/781 782/1/782 783/1/783 784/1/784
f 785/1/785 786/1/786 787/1/787 788/1/788
f 789/1/789 790/1/790 791/1/791 792/1/792
f 793/1/793 794/1/794 795/1/795 796/1/796
f 797/1/797 798/1/798 799/1/799 800/1/800
f 801/1/801 802/1/802 803/1/803 804/1/804
f 805/1/805 806/1/806 807/1/807 808/1/808
f 809/1/809 810/1/810 811/1/811 812/1/812
f 813/1/813 814/1/814 815/1/815 816/1/816
f 817/1/817 818/1/818 819/1/819 820/1/820
f 821/1/821 822/1/822 823/1/823 824/1/824
f 825/1/825 826/1/826 827/1/827 828/1/828
f 829/1/829 830/1/830 831/1/831 832/1/832
f 833/1/833 834/1/834 835/1/835 836/1/836
f 837/1/837 838/1/838 839/1/839 840/1/840
f 841/1/841 842/1/842 843/1/843 844/1/844
f 845/1/845 846/1/846 847/1/847 848/1/848
f 849/1/849 850/1/850 851/1/851 852/1/852
f 853/1/853 854/1/854 855/1/855 856/1/856
f 857/1/857 858/1/858 859/1/859 860/1/860
f 861/1/861 862/1/862 863/1/863 864/1/864
f 865/1/865 866/1/866 867/1/867 868/1/868
f 869/1/869 870/1/870 871/1/871 872/1/872
f 873/1/873 874/1/874 875/1/875 876/1/876
f 877/1/877 878/1/878 879/1/879 880/1/880
f 881/1/881 882/1/882 883/1/883 884/1/884
f 885/1/885 886/1/886 887/1/887 888/1/888
f 889/1/889 890/1/890 891/1/891 892/1/892
f 893/1/893 894/1/894 895/1/895 896/1/896
f 897/1/897 898/1/898 899/1/899 900/1/900
f 901/1/901 902/1/902 903/1/903 904/1/904
f 905/1/905 906/1/906 907/1/907 908/1/908
f 909/1/909 910/1/910 911/1/911 912/1/912
f 913/1/913 914/1/914 915/1/915 916/1/916
f 917/1/917 918/1/918 919/1/919 920/1/920
f 921/1/921 922/1/922 923/1/923 924/1/924
f 925/1/925 926/1/926 927/1/927 928/1/928
f 929/1/929 930/1/930 931/1/931 932/1/932
f 933/1/933 934/1/934 935/1/935 936/1/936
f 937/1/937 938/1/938 939/1/939 940/1/940
f 941/1/941 942/1/942 943/1/943 944/1/944
f 945/1/945 946/1/946 947/1/947 948/1/948
f 949/1/949 950/1/950 951/1/951 952/1/952
f 953/1/953 954/1/954 955/1/955 956/1/956
f 957/1/957 958/1/958 959/1/959 960/1/960
f 961/1/961 962/1/962 963/1/963 964/1/964
f 965/1/965 966/1/966 967/1/967 968/1/968
f 969/1/969 970/1/970 971/1/971 972/1/972
f 973/1/973 974/1/974 975/1/975 976/1/976
f 977/1/977 978/1/978 979/1/979 980/1/980
f 981/1/981 982/1/982 983/1/983 984/1/984
f 985/1/985 986/1/986 987/1/987 988/1/988
f 989/1/989 990/1/990 991/1/991 992/1/992
f 993/1/993 994/1/994 995/1/995 996/1/996
f 997/1/997 998/1/998 999/1/999 1000/1/1000
f 1001/1/1001 1002/1/1002 1003/1/1003 1004/1/1004
f 1005/1/1005 1006/1/1006 1007/1/1007 1008/1/1008
f 1009/1/1009 1010/1/1010 1011/1/1011 1012/1/1012
f 1013/1/1013 1014/1/1014 1015/1/1015 1016/1/1016
f 1017/1/1017 1018/1/1018 1019/1/1019 1020/1/1020
f 1021/1/1021 1022/1/1022 1023/1/1023 1024/1/1024
f 1025/1/1025 1026/1/1026 1027/1/1027 1028/1/1028
f 1029/1/1029 1030/1/1030 1031/1/1031 1032/1/1032
f 1033/1/1033 1034/1/1034 1035/1/1035
f 1036/1/1036 1037/1/1037 1038/1/1038
f 1039/1/1039 1040/1/1040 1041/1/1041
f 1042/1/1042 1043/1/1043 1044/1/1044
f 1045/1/1045 1046/1/1046 1047/1/1047
f 1048/1/1048 1049/1/1049 1050/1/1050
f 1051/1/1051 1052/1/1052 1053/1/1053
f 1054/1/1054 1055/1/1055 1056/1/1056
f 1057/1/1057 1058/1/1058 1059/1/1059
f 1060/1/1060 1061/1/1061 1062/1/1062
f 1063/1/1063 1064/1/1064 1065/1/1065
f 1066/1/1066 1067/1/1067 1068/1/1068
f 1069/1/1069 1070/1/1070 1071/1/1071
f 1072/1/1072 1073/1/1073 1074/1/1074
f 1075/1/1075 1076/1/1076 1077/1/1077
f 1078/1/1078 1079/1/1079 1080/1/1080
f 1081/1/1081 1082/1/1082 1083/1/1083
f 1084/1/1084 1085/1/1085 1086/1/1086
f 1087/1/1087 1088/1/1088 1089/1/1089
f 1090/1/1090 1091/1/1091 1092/1/1092
f 1093/1/1093 1094/1/1094 1095/1/1095
f 1096/1/1096 1097/1/1097 1098/1/1098
f 1099/1/1099 1100/1/1100 1101/1/1101
f 1102/1/1102 1103/1/1103 1104/1/1104
usemtl mana_light
f 1105/1/1105 1106/1/1106 1107/1/1107 1108/1/1108
f 1109/1/1109 1110/1/1110 1111/1/1111 1112/1/1112
f 1113/1/1113 1114/1/1114 1115/1/1115 1116/1/1116
f 1117/1/1117 1118/1/1118 1119/1/1119 1120/1/1120
f 1121/1/1121 1122/1/1122 1123/1/1123 1124/1/1124
f 1125/1/1125 1126/1/1126 1127/1/1127 1128/1/1128
f 1129/1/1129 1130/1/1130 1131/1/1131 1132/1/1132
f 1133/1/1133 1134/1/1134 1135/1/1135 1136/1/1136
f 1137/1/1137 1138/1/1138 1139/1/1139 1140/1/1140
f 1141/1/1141 1142/1/1142 1143/1/1143 1144/1/1144
f 1145/1/1145 1146/1/1146 1147/1/1147 1148/1/1148
f 1149/1/1149 1150/1/1150 1151/1/1151 1152/1/1152
f 1153/1/1153 1154/1/1154 1155/1/1155 1156/1/1156
f 1157/1/1157 1158/1/1158 1159/1/1159 1160/1/1160
f 1161/1/1161 1162/1/1162 1163/1/1163 1164/1/1164
f 1165/1/1165 1166/1/1166 1167/1/1167 1168/1/1168
f 1169/1/1169 1170/1/1170 1171/1/1171 1172/1/1172
f 1173/1/1173 1174/1/1174 1175/1/1175 1176/1/1176
f 1177/1/1177 1178/1/1178 1179/1/1179 1180/1/1180
f 1181/1/1181 1182/1/1182 1183/1/1183 1184/1/1184
f 1185/1/1185 1186/1/1186 1187/1/1187 1188/1/1188
f 1189/1/1189 1190/1/1190 1191/1/1191 1192/1/1192
f 1193/1/1193 1194/1/1194 1195/1/1195 1196/1/1196
f 1197/1/1197 1198/1/1198 1199/1/1199 1200/1/1200
f 1201/1/1201 1202/1/1202 1203/1/1203 1204/1/1204
f 1205/1/1205 1206/1/1206 1207/1/1207 1208/1/1208
f 1209/1/1209 1210/1/1210 1211/1/1211 1212/1/1212
f 1213/1/1213 1214/1/1214 1215/1/1215 1216/1/1216
f 1217/1/1217 1218/1/1218 1219/1/1219 1220/1/1220
f 1221/1/1221 1222/1/1222 1223/1/1223 1224/1/1224
f 1225/1/1225 1226/1/1226 1227/1/1227 1228/1/1228
f 1229/1/1229 1230/1/1230 1231/1/1231 1232/1/1232
f 1233/1/1233 1234/1/1234 1235/1/1235 1236/1/1236
f 1237/1/1237 1238/1/1238 1239/1/1239 1240/1/1240
f 1241/1/1241 1242/1/1242 1243/1/1243 1244/1/1244
f 1245/1/1245 1246/1/1246 1247/1/1247 1248/1/1248
f 1249/1/1249 1250/1/1250 1251/1/1251 1252/1/1252
f 1253/1/1253 1254/1/1254 1255/1/1255 1256/1/1256
f 1257/1/1257 1258/1/1258 1259/1/1259 1260/1/1260
f 1261/1/1261 1262/1/1262 1263/1/1263 1264/1/1264
f 1265/1/1265 1266/1/1266 1267/1/1267 1268/1/1268
f 1269/1/1269 1270/1/1270 1271/1/1271 1272/1/1272
f 1273/1/1273 1274/1/1274 1275/1/1275 1276/1/1276
f 1277/1/1277 1278/1/1278 1279/1/1279 1280/1/1280
f 1281/1/1281 1282/1/1282 1283/1/1283 1284/1/1284
f 1285/1/1285 1286/1/1286 1287/1/1287 1288/1/1288
f 1289/1/1289 1290/1/1290 1291/1/1291 1292/1/1292
f 1293/1/1293 1294/1/1294 1295/1/1295 1296/1/1296
f 1297/1/1297 1298/1/1298 1299/1/1299 1300/1/1300
f 1301/1/1301 1302/1/1302 1303/1/1303 1304/1/1304
f 1305/1/1305 1306/1/1306 1307/1/1307 1308/1/1308
f 1309/1/1309 1310/1/1310 1311/1/1311 1312/1/1312
f 1313/1/1313 1314/1/1314 1315/1/1315 1316/1/1316
f 1317/1/1317 1318/1/1318 1319/1/1319 1320/1/1320
f 1321/1/1321 1322/1/1322 1323/1/1323 1324/1/1324
f 1325/1/1325 1326/1/1326 1327/1/1327 1328/1/1328
f 1329/1/1329 1330/1/1330 1331/1/1331 1332/1/1332
f 1333/1/1333 1334/1/1334 1335/1/1335 1336/1/1336
f 1337/1/1337 1338/1/1338 1339/1/1339 1340/1/1340
f 1341/1/1341 1342/1/1342 1343/1/1343 1344/1/1344
f 1345/1/1345 1346/1/1346 1347/1/1347 1348/1/1348
f 1349/1/1349 1350/1/1350 1351/1/1351 1352/1/1352
f 1353/1/1353 1354/1/1354 1355/1/1355 1356/1/1356
f 1357/1/1357 1358/1/1358 1359/1/1359 1360/1/1360
f 1361/1/1361 1362/1/1362 1363/1/1363 1364/1/1364
f 1365/1/1365 1366/1/1366 1367/1/1367 1368/1/1368
f 1369/1/1369 1370/1/1370 1371/1/1371 1372/1/1372
f 1373/1/1373 1374/1/1374 1375/1/1375 1376/1/1376
f 1377/1/1377 1378/1/1378 1379/1/1379 1380/1/1380
f 1381/1/1381 1382/1/1382 1383/1/1383 1384/1/1384
f 1385/1/1385 1386/1/1386 1387/1/1387 1388/1/1388
f 1389/1/1389 1390/1/1390 1391/1/1391 1392/1/1392
f 1393/1/1393 1394/1/1394 1395/1/1395 1396/1/1396
f 1397/1/1397 1398/1/1398 1399/1/1399 1400/1/1400
f 1401/1/1401 1402/1/1402 1403/1/1403 1404/1/1404
f 1405/1/1405 1406/1/1406 1407/1/1407 1408/1/1408
f 1409/1/1409 1410/1/1410 1411/1/1411 1412/1/1412
f 1413/1/1413 1414/1/1414 1415/1/1415 1416/1/1416
f 1417/1/1417 1418/1/1418 1419/1/1419 1420/1/1420
f 1421/1/1421 1422/1/1422 1423/1/1423 1424/1/1424
f 1425/1/1425 1426/1/1426 1427/1/1427 1428/1/1428
f 1429/1/1429 1430/1/1430 1431/1/1431 1432/1/1432
f 1433/1/1433 1434/1/1434 1435/1/1435 1436/1/1436
f 1437/1/1437 1438/1/1438 1439/1/1439 1440/1/1440
f 1441/1/1441 1442/1/1442 1443/1/1443 1444/1/1444
f 1445/1/1445 1446/1/1446 1447/1/1447 1448/1/1448
f 1449/1/1449 1450/1/1450 1451/1/1451 1452/1/1452
f 1453/1/1453 1454/1/1454 1455/1/1455 1456/1/1456
f 1457/1/1457 1458/1/1458 1459/1/1459 1460/1/1460
f 1461/1/1461 1462/1/1462 1463/1/1463 1464/1/1464
f 1465/1/1465 1466/1/1466 1467/1/1467 1468/1/1468
f 1469/1/1469 1470/1/1470 1471/1/1471 1472/1/1472
f 1473/1/1473 1474/1/1474 1475/1/1475 1476/1/1476
f 1477/1/1477 1478/1/1478 1479/1/1479 1480/1/1480
f 1481/1/1481 1482/1/1482 1483/1/1483 1484/1/1484
f 1485/1/1485 1486/1/1486 1487/1/1487 1488/1/1488
f 1489/1/1489 1490/1/1490 1491/1/1491 1492/1/1492
f 1493/1/1493 1494/1/1494 1495/1/1495 1496/1/1496
f 1497/1/1497 1498/1/1498 1499/1/1499 1500/1/1500
f 1501/1/1501 1502/1/1502 1503/1/1503 1504/1/1504
f 1505/1/1505 1506/1/1506 1507/1/1507 1508/1/1508
f 1509/1/1509 1510/1/1510 1511/1/1511 1512/1/1512
f 1513/1/1513 1514/1/1514 1515/1/1515 1516/1/1516
f 1517/1/1517 1518/1/1518 1519/1/1519 1520/1/1520
f 1521/1/1521 1522/1/1522 1523/1/1523 1524/1/1524
f 1525/1/1525 1526/1/1526 1527/1/1527 1528/1/1528
f 1529/1/1529 1530/1/1530 1531/1/1531 1532/1/1532
f 1533/1/1533 1534/1/1534 1535/1/1535 1536/1/1536
f 1537/1/1537 1538/1/1538 1539/1/1539 1540/1/1540
f 1541/1/1541 1542/1/1542 1543/1/1543 1544/1/1544
f 1545/1/1545 1546/1/1546 1547/1/1547 1548/1/1548
f 1549/1/1549 1550/1/1550 1551/1/1551 1552/1/1552
f 1553/1/1553 1554/1/1554 1555/1/1555 1556/1/1556
f 1557/1/1557 1558/1/1558 1559/1/1559 1560/1/1560
f 1561/1/1561 1562/1/1562 1563/1/1563 1564/1/1564
f 1565/1/1565 1566/1/1566 1567/1/1567 1568/1/1568
f 1569/1/1569 1570/1/1570 1571/1/1571 1572/1/1572
f 1573/1/1573 1574/1/1574 1575/1/1575 1576/1/1576
f 1577/1/1577 1578/1/1578 1579/1/1579 1580/1/1580
f 1581/1/1581 1582/1/1582 1583/1/1583 1584/1/1584
f 1585/1/1585 1586/1/1586 1587/1/1587 1588/1/1588
f 1589/1/1589 1590/1/1590 1591/1/1591 1592/1/1592
f 1593/1/1593 1594/1/1594 1595/1/1595 1596/1/1596
f 1597/1/1597 1598/1/1598 1599/1/1599 1600/1/1600
f 1601/1/1601 1602/1/1602 1603/1/1603 1604/1/1604
f 1605/1/1605 1606/1/1606 1607/1/1607 1608/1/1608
f 1609/1/1609 1610/1/1610 1611/1/1611 1612/1/1612
f 1613/1/1613 1614/1/1614 1615/1/1615 1616/1/1616
f 1617/1/1617 1618/1/1618 1619/1/1619 1620/1/1620
f 1621/1/1621 1622/1/1622 1623/1/1623 1624/1/1624
f 1625/1/1625 1626/1/1626 1627/1/1627 1628/1/1628
f 1629/1/1629 1630/1/1630 1631/1/1631 1632/1/1632
f 1633/1/1633 1634/1/1634 1635/1/1635 1636/1/1636
f 1637/1/1637 1638/1/1638 1639/1/1639 1640/1/1640
f 1641/1/1641 1642/1/1642 1643/1/1643 1644/1/1644
f 1645/1/1645 1646/1/1646 1647/1/1647 1648/1/1648
f 1649/1/1649 1650/1/1650 1651/1/1651 1652/1/1652
f 1653/1/1653 1654/1/1654 1655/1/1655 1656/1/1656
f 1657/1/1657 1658/1/1658 1659/1/1659 1660/1/1660
f 1661/1/1661 1662/1/1662 1663/1/1663 1664/1/1664
f 1665/1/1665 1666/1/1666 1667/1/1667 1668/1/1668
f 1669/1/1669 1670/1/1670 1671/1/1671 1672/1/1672
f 1673/1/1673 1674/1/1674 1675/1/1675 1676/1/1676
f 1677/1/1677 1678/1/1678 1679/1/1679 1680/1/1680
f 1681/1/1681 1682/1/1682 1683/1/1683 1684/1/1684
f 1685/1/1685 1686/1/1686 1687/1/1687 1688/1/1688
f 1689/1/1689 1690/1/1690 1691/1/1691 1692/1/1692
f 1693/1/1693 1694/1/1694 1695/1/1695 1696/1/1696
f 1697/1/1697 1698/1/1698 1699/1/1699 1700/1/1700
f 1701/1/1701 1702/1/1702 1703/1/1703 1704/1/1704
f 1705/1/1705 1706/1/1706 1707/1/1707 1708/1/1708
f 1709/1/1709 1710/1/1710 1711/1/1711 1712/1/1712
f 1713/1/1713 1714/1/1714 1715/1/1715 1716/1/1716
f 1717/1/1717 1718/1/1718 1719/1/1719 1720/1/1720
f 1721/1/1721 1722/1/1722 1723/1/1723 1724/1/1724
f 1725/1/1725 1726/1/1726 1727/1/1727 1728/1/1728
f 1729/1/1729 1730/1/1730 1731/1/1731 1732/1/1732
f 1733/1/1733 1734/1/1734 1735/1/1735 1736/1/1736
f 1737/1/1737 1738/1/1738 1739/1/1739 1740/1/1740
f 1741/1/1741 1742/1/1742 1743/1/1743 1744/1/1744
f 1745/1/1745 1746/1/1746 1747/1/1747 1748/1/1748
f 1749/1/1749 1750/1/1750 1751/1/1751 1752/1/1752
f 1753/1/1753 1754/1/1754 1755/1/1755 1756/1/1756
f 1757/1/1757 1758/1/1758 1759/1/1759 1760/1/1760
f 1761/1/1761 1762/1/1762 1763/1/1763 1764/1/1764
f 1765/1/1765 1766/1/1766 1767/1/1767 1768/1/1768
f 1769/1/1769 1770/1/1770 1771/1/1771 1772/1/1772
f 1773/1/1773 1774/1/1774 1775/1/1775 1776/1/1776
f 1777/1/1777 1778/1/1778 1779/1/1779 1780/1/1780
f 1781/1/1781 1782/1/1782 1783/1/1783 1784/1/1784
f 1785/1/1785 1786/1/1786 1787/1/1787 1788/1/1788
f 1789/1/1789 1790/1/1790 1791/1/1791 1792/1/1792
f 1793/1/1793 1794/1/1794 1795/1/1795 1796/1/1796
f 1797/1/1797 1798/1/1798 1799/1/1799 1800/1/1800
f 1801/1/1801 1802/1/1802 1803/1/1803 1804/1/1804
f 1805/1/1805 1806/1/1806 1807/1/1807 1808/1/1808
f 1809/1/1809 1810/1/1810 1811/1/1811 1812/1/1812
f 1813/1/1813 1814/1/1814 1815/1/1815 1816/1/1816
f 1817/1/1817 1818/1/1818 1819/1/1819 1820/1/1820
f 1821/1/1821 1822/1/1822 1823/1/1823 1824/1/1824
usemtl gold
f 1825/1/1825 1826/1/1826 1827/1/1827 1828/1/1828
f 1829/1/1829 1830/1/1830 1831/1/1831 1832/1/1832
f 1833/1/1833 1834/1/1834 1835/1/1835 1836/1/1836
f 1837/1/1837 1838/1/1838 1839/1/1839 1840/1/1840
f 1841/1/1841 1842/1/1842 1843/1/1843 1844/1/1844
f 1845/1/1845 1846/1/1846 1847/1/1847 1848/1/1848
f 1849/1/1849 1850/1/1850 1851/1/1851 1852/1/1852
f 1853/1/1853 1854/1/1854 1855/1/1855 1856/1/1856
f 1857/1/1857 1858/1/1858 1859/1/1859 1860/1/1860
f 1861/1/1861 1862/1/1862 1863/1/1863 1864/1/1864
f 1865/1/1865 1866/1/1866 1867/1/1867 1868/1/1868
f 1869/1/1869 1870/1/1870 1871/1/1871 1872/1/1872
f 1873/1/1873 1874/1/1874 1875/1/1875 1876/1/1876
f 1877/1/1877 1878/1/1878 1879/1/1879 1880/1/1880
f 1881/1/1881 1882/1/1882 1883/1/1883 1884/1/1884
f 1885/1/1885 1886/1/1886 1887/1/1887 1888/1/1888
f 1889/1/1889 1890/1/1890 1891/1/1891 1892/1/1892
f 1893/1/1893 1894/1/1894 1895/1/1895 1896/1/1896
f 1897/1/1897 1898/1/1898 1899/1/1899 1900/1/1900
f 1901/1/1901 1902/1/1902 1903/1/1903 1904/1/1904
f 1905/1/1905 1906/1/1906 1907/1/1907 1908/1/1908
f 1909/1/1909 1910/1/1910 1911/1/1911 1912/1/1912
f 1913/1/1913 1914/1/1914 1915/1/1915 1916/1/1916
f 1917/1/1917 1918/1/1918 1919/1/1919 1920/1/1920
f 1921/1/1921 1922/1/1922 1923/1/1923 1924/1/1924
f 1925/1/1925 1926/1/1926 1927/1/1927 1928/1/1928
f 1929/1/1929 1930/1/1930 1931/1/1931 1932/1/1932
f 1933/1/1933 1934/1/1934 1935/1/1935 1936/1/1936
f 1937/1/1937 1938/1/1938 1939/1/1939 1940/1/1940
f 1941/1/1941 1942/1/1942 1943/1/1943 1944/1/1944
f 1945/1/1945 1946/1/1946 1947/1/1947 1948/1/1948
f 1949/1/1949 1950/1/1950 1951/1/1951 1952/1/1952
f 1953/1/1953 1954/1/1954 1955/1/1955 1956/1/1956
f 1957/1/1957 1958/1/1958 1959/1/1959 1960/1/1960
f 1961/1/1961 1962/1/1962 1963/1/1963 1964/1/1964
f 1965/1/1965 1966/1/1966 1967/1/1967 1968/1/1968
f 1969/1/1969 1970/1/1970 1971/1/1971 1972/1/1972
f 1973/1/1973 1974/1/1974 1975/1/1975 1976/1/1976
f 1977/1/1977 1978/1/1978 1979/1/1979 1980/1/1980
f 1981/1/1981 1982/1/1982 1983/1/1983 1984/1/1984
f 1985/1/1985 1986/1/1986 1987/1/1987 1988/1/1988
f 1989/1/1989 1990/1/1990 1991/1/1991 1992/1/1992
f 1993/1/1993 1994/1/1994 1995/1/1995 1996/1/1996
f 1997/1/1997 1998/1/1998 1999/1/1999 2000/1/2000
f 2001/1/2001 2002/1/2002 2003/1/2003 2004/1/2004
f 2005/1/2005 2006/1/2006 2007/1/2007 2008/1/2008
f 2009/1/2009 2010/1/2010 2011/1/2011 2012/1/2012
f 2013/1/2013 2014/1/2014 2015/1/2015 2016/1/2016
f 2017/1/2017 2018/1/2018 2019/1/2019 2020/1/2020
f 2021/1/2021 2022/1/2022 2023/1/2023 2024/1/2024
f 2025/1/2025 2026/1/2026 2027/1/2027 2028/1/2028
f 2029/1/2029 2030/1/2030 2031/1/2031 2032/1/2032
f 2033/1/2033 2034/1/2034 2035/1/2035 2036/1/2036
f 2037/1/2037 2038/1/2038 2039/1/2039 2040/1/2040
f 2041/1/2041 2042/1/2042 2043/1/2043 2044/1/2044
f 2045/1/2045 2046/1/2046 2047/1/2047 2048/1/2048
f 2049/1/2049 2050/1/2050 2051/1/2051 2052/1/2052
f 2053/1/2053 2054/1/2054 2055/1/2055 2056/1/2056
f 2057/1/2057 2058/1/2058 2059/1/2059 2060/1/2060
f 2061/1/2061 2062/1/2062 2063/1/2063 2064/1/2064
f 2065/1/2065 2066/1/2066 2067/1/2067 2068/1/2068
f 2069/1/2069 2070/1/2070 2071/1/2071 2072/1/2072
f 2073/1/2073 2074/1/2074 2075/1/2075 2076/1/2076
f 2077/1/2077 2078/1/2078 2079/1/2079 2080/1/2080
f 2081/1/2081 2082/1/2082 2083/1/2083 2084/1/2084
f 2085/1/2085 2086/1/2086 2087/1/2087 2088/1/2088
f 2089/1/2089 2090/1/2090 2091/1/2091 2092/1/2092
f 2093/1/2093 2094/1/2094 2095/1/2095 2096/1/2096
f 2097/1/2097 2098/1/2098 2099/1/2099 2100/1/2100
f 2101/1/2101 2102/1/2102 2103/1/2103 2104/1/2104
f 2105/1/2105 2106/1/2106 2107/1/2107 2108/1/2108
f 2109/1/2109 2110/1/2110 2111/1/2111 2112/1/2112
f 2113/1/2113 2114/1/2114 2115/1/2115 2116/1/2116
f 2117/1/2117 2118/1/2118 2119/1/2119 2120/1/2120
f 2121/1/2121 2122/1/2122 2123/1/2123 2124/1/2124
f 2125/1/2125 2126/1/2126 2127/1/2127 2128/1/2128
f 2129/1/2129 2130/1/2130 2131/1/2131 2132/1/2132
f 2133/1/2133 2134/1/2134 2135/1/2135 2136/1/2136
f 2137/1/2137 2138/1/2138 2139/1/2139 2140/1/2140
f 2141/1/2141 2142/1/2142 2143/1/2143 2144/1/2144
f 2145/1/2145 2146/1/2146 2147/1/2147 2148/1/2148
f 2149/1/2149 2150/1/2150 2151/1/2151 2152/1/2152
f 2153/1/2153 2154/1/2154 2155/1/2155 2156/1/2156
f 2157/1/2157 2158/1/2158 2159/1/2159 2160/1/2160
f 2161/1/2161 2162/1/2162 2163/1/2163 2164/1/2164
f 2165/1/2165 2166/1/2166 2167/1/2167 2168/1/2168
f 2169/1/2169 2170/1/2170 2171/1/2171 2172/1/2172
f 2173/1/2173 2174/1/2174 2175/1/2175 2176/1/2176
f 2177/1/2177 2178/1/2178 2179/1/2179 2180/1/2180
f 2181/1/2181 2182/1/2182 2183/1/2183 2184/1/2184
f 2185/1/2185 2186/1/2186 2187/1/2187 2188/1/2188
f 2189/1/2189 2190/1/2190 2191/1/2191 2192/1/2192
f 2193/1/2193 2194/1/2194 2195/1/2195 2196/1/2196
f 2197/1/2197 2198/1/2198 2199/1/2199 2200/1/2200
f 2201/1/2201 2202/1/2202 2203/1/2203 2204/1/2204
f 2205/1/2205 2206/1/2206 2207/1/2207 2208/1/2208
f 2209/1/2209 2210/1/2210 2211/1/2211 2212/1/2212
f 2213/1/2213 2214/1/2214 2215/1/2215 2216/1/2216
f 2217/1/2217 2218/1/2218 2219/1/2219 2220/1/2220
f 2221/1/2221 2222/1/2222 2223/1/2223 2224/1/2224
f 2225/1/2225 2226/1/2226 2227/1/2227 2228/1/2228
f 2229/1/2229 2230/1/2230 2231/1/2231 2232/1/2232
f 2233/1/2233 2234/1/2234 2235/1/2235 2236/1/2236
f 2237/1/2237 2238/1/2238 2239/1/2239 2240/1/2240
f 2241/1/2241 2242/1/2242 2243/1/2243 2244/1/2244
f 2245/1/2245 2246/1/2246 2247/1/2247 2248/1/2248
f 2249/1/2249 2250/1/2250 2251/1/2251 2252/1/2252
f 2253/1/2253 2254/1/2254 2255/1/2255 2256/1/2256
f 2257/1/2257 2258/1/2258 2259/1/2259 2260/1/2260
f 2261/1/2261 2262/1/2262 2263/1/2263 2264/1/2264
f 2265/1/2265 2266/1/2266 2267/1/2267 2268/1/2268
f 2269/1/2269 2270/1/2270 2271/1/2271 2272/1/2272
f 2273/1/2273 2274/1/2274 2275/1/2275 2276/1/2276
f 2277/1/2277 2278/1/2278 2279/1/2279 2280/1/2280
f 2281/1/2281 2282/1/2282 2283/1/2283 2284/1/2284
f 2285/1/2285 2286/1/2286 2287/1/2287 2288/1/2288
f 2289/1/2289 2290/1/2290 2291/1/2291 2292/1/2292
f 2293/1/2293 2294/1/2294 2295/1/2295 2296/1/2296
f 2297/1/2297 2298/1/2298 2299/1/2299 2300/1/2300
f 2301/1/2301 2302/1/2302 2303/1/2303 2304/1/2304
f 2305/1/2305 2306/1/2306 2307/1/2307 2308/1/2308
f 2309/1/2309 2310/1/2310 2311/1/2311 2312/1/2312
f 2313/1/2313 2314/1/2314 2315/1/2315 2316/1/2316
f 2317/1/2317 2318/1/2318 2319/1/2319 2320/1/2320
f 2321/1/2321 2322/1/2322 2323/1/2323 2324/1/2324
f 2325/1/2325 2326/1/2326 2327/1/2327 2328/1/2328
f 2329/1/2329 2330/1/2330 2331/1/2331 2332/1/2332
f 2333/1/2333 2334/1/2334 2335/1/2335 2336/1/2336
f 2337/1/2337 2338/1/2338 2339/1/2339 2340/1/2340
f 2341/1/2341 2342/1/2342 2343/1/2343 2344/1/2344
f 2345/1/2345 2346/1/2346 2347/1/2347 2348/1/2348
f 2349/1/2349 2350/1/2350 2351/1/2351 2352/1/2352
f 2353/1/2353 2354/1/2354 2355/1/2355 2356/1/2356
f 2357/1/2357 2358/1/2358 2359/1/2359 2360/1/2360
f 2361/1/2361 2362/1/2362 2363/1/2363 2364/1/2364
f 2365/1/2365 2366/1/2366 2367/1/2367 2368/1/2368
f 2369/1/2369 2370/1/2370 2371/1/2371 2372/1/2372
f 2373/1/2373 2374/1/2374 2375/1/2375 2376/1/2376
f 2377/1/2377 2378/1/2378 2379/1/2379 2380/1/2380
f 2381/1/2381 2382/1/2382 2383/1/2383 2384/1/2384
f 2385/1/2385 2386/1/2386 2387/1/2387 2388/1/2388
f 2389/1/2389 2390/1/2390 2391/1/2391 2392/1/2392
f 2393/1/2393 2394/1/2394 2395/1/2395 2396/1/2396
f 2397/1/2397 2398/1/2398 2399/1/2399 2400/1/2400
f 2401/1/2401 2402/1/2402 2403/1/2403 2404/1/2404
f 2405/1/2405 2406/1/2406 2407/1/2407 2408/1/2408
f 2409/1/2409 2410/1/2410 2411/1/2411 2412/1/2412
f 2413/1/2413 2414/1/2414 2415/1/2415 2416/1/2416
f 2417/1/2417 2418/1/2418 2419/1/2419 2420/1/2420
f 2421/1/2421 2422/1/2422 2423/1/2423 2424/1/2424
f 2425/1/2425 2426/1/2426 2427/1/2427 2428/1/2428
f 2429/1/2429 2430/1/2430 2431/1/2431 2432/1/2432
f 2433/1/2433 2434/1/2434 2435/1/2435 2436/1/2436
f 2437/1/2437 2438/1/2438 2439/1/2439 2440/1/2440
f 2441/1/2441 2442/1/2442 2443/1/2443 2444/1/2444
f 2445/1/2445 2446/1/2446 2447/1/2447 2448/1/2448
f 2449/1/2449 2450/1/2450 2451/1/2451 2452/1/2452
f 2453/1/2453 2454/1/2454 2455/1/2455 2456/1/2456
f 2457/1/2457 2458/1/2458 2459/1/2459 2460/1/2460
f 2461/1/2461 2462/1/2462 2463/1/2463 2464/1/2464
f 2465/1/2465 2466/1/2466 2467/1/2467 2468/1/2468
f 2469/1/2469 2470/1/2470 2471/1/2471 2472/1/2472
f 2473/1/2473 2474/1/2474 2475/1/2475 2476/1/2476
f 2477/1/2477 2478/1/2478 2479/1/2479 2480/1/2480
f 2481/1/2481 2482/1/2482 2483/1/2483 2484/1/2484
f 2485/1/2485 2486/1/2486 2487/1/2487 2488/1/2488
f 2489/1/2489 2490/1/2490 2491/1/2491 2492/1/2492
f 2493/1/2493 2494/1/2494 2495/1/2495 2496/1/2496
f 2497/1/2497 2498/1/2498 2499/1/2499 2500/1/2500
f 2501/1/2501 2502/1/2502 2503/1/2503 2504/1/2504
f 2505/1/2505 2506/1/2506 2507/1/2507 2508/1/2508
f 2509/1/2509 2510/1/2510 2511/1/2511 2512/1/2512
f 2513/1/2513 2514/1/2514 2515/1/2515 2516/1/2516
f 2517/1/2517 2518/1/2518 2519/1/2519 2520/1/2520
f 2521/1/2521 2522/1/2522 2523/1/2523 2524/1/2524
f 2525/1/2525 2526/1/2526 2527/1/2527 2528/1/2528
f 2529/1/2529 2530/1/2530 2531/1/2531 2532/1/2532
f 2533/1/2533 2534/1/2534 2535/1/2535 2536/1/2536
f 2537/1/2537 2538/1/2538 2539/1/2539 2540/1/2540
f 2541/1/2541 2542/1/2542 2543/1/2543 2544/1/2544
f 2545/1/2545 2546/1/2546 2547/1/2547 2548/1/2548
f 2549/1/2549 2550/1/2550 2551/1/2551 2552/1/2552
f 2553/1/2553 2554/1/2554 2555/1/2555 2556/1/2556
f 2557/1/2557 2558/1/2558 2559/1/2559 2560/1/2560
f 2561/1/2561 2562/1/2562 2563/1/2563 2564/1/2564
f 2565/1/2565 2566/1/2566 2567/1/2567 2568/1/2568
f 2569/1/2569 2570/1/2570 2571/1/2571 2572/1/2572
f 2573/1/2573 2574/1/2574 2575/1/2575 2576/1/2576
f 2577/1/2577 2578/1/2578 2579/1/2579 2580/1/2580
f 2581/1/2581 2582/1/2582 2583/1/2583 2584/1/2584
f 2585/1/2585 2586/1/2586 2587/1/2587 2588/1/2588
f 2589/1/2589 2590/1/2590 2591/1/2591 2592/1/2592
f 2593/1/2593 2594/1/2594 2595/1/2595 2596/1/2596
f 2597/1/2597 2598/1/2598 2599/1/2599 2600/1/2600
f 2601/1/2601 2602/1/2602 2603/1/2603 2604/1/2604
f 2605/1/2605 2606/1/2606 2607/1/2607 2608/1/2608
f 2609/1/2609 2610/1/2610 2611/1/2611 2612/1/2612
f 2613/1/2613 2614/1/2614 2615/1/2615 2616/1/2616
f 2617/1/2617 2618/1/2618 2619/1/2619 2620/1/2620
f 2621/1/2621 2622/1/2622 2623/1/2623 2624/1/2624
f 2625/1/2625 2626/1/2626 2627/1/2627 2628/1/2628
f 2629/1/2629 2630/1/2630 2631/1/2631 2632/1/2632
f 2633/1/2633 2634/1/2634 2635/1/2635 2636/1/2636
f 2637/1/2637 2638/1/2638 2639/1/2639 2640/1/2640
f 2641/1/2641 2642/1/2642 2643/1/2643 2644/1/2644
f 2645/1/2645 2646/1/2646 2647/1/2647 2648/1/2648
f 2649/1/2649 2650/1/2650 2651/1/2651 2652/1/2652
f 2653/1/2653 2654/1/2654 2655/1/2655 2656/1/2656
f 2657/1/2657 2658/1/2658 2659/1/2659 2660/1/2660
f 2661/1/2661 2662/1/2662 2663/1/2663 2664/1/2664
f 2665/1/2665 2666/1/2666 2667/1/2667 2668/1/2668
f 2669/1/2669 2670/1/2670 2671/1/2671 2672/1/2672
f 2673/1/2673 2674/1/2674 2675/1/2675 2676/1/2676
f 2677/1/2677 2678/1/2678 2679/1/2679 2680/1/2680
f 2681/1/2681 2682/1/2682 2683/1/2683 2684/1/2684
f 2685/1/2685 2686/1/2686 2687/1/2687 2688/1/2688
f 2689/1/2689 2690/1/2690 2691/1/2691 2692/1/2692
f 2693/1/2693 2694/1/2694 2695/1/2695 2696/1/2696
f 2697/1/2697 2698/1/2698 2699/1/2699 2700/1/2700
f 2701/1/2701 2702/1/2702 2703/1/2703 2704/1/2704
f 2705/1/2705 2706/1/2706 2707/1/2707 2708/1/2708
f 2709/1/2709 2710/1/2710 2711/1/2711 2712/1/2712
f 2713/1/2713 2714/1/2714 2715/1/2715 2716/1/2716
f 2717/1/2717 2718/1/2718 2719/1/2719 2720/1/2720
f 2721/1/2721 2722/1/2722 2723/1/2723 2724/1/2724
f 2725/1/2725 2726/1/2726 2727/1/2727 2728/1/2728
f 2729/1/2729 2730/1/2730 2731/1/2731 2732/1/2732
f 2733/1/2733 2734/1/2734 2735/1/2735 2736/1/2736
f 2737/1/2737 2738/1/2738 2739/1/2739 2740/1/2740
f 2741/1/2741 2742/1/2742 2743/1/2743 2744/1/2744
f 2745/1/2745 2746/1/2746 2747/1/2747 2748/1/2748
f 2749/1/2749 2750/1/2750 2751/1/2751 2752/1/2752
f 2753/1/2753 2754/1/2754 2755/1/2755 2756/1/2756
f 2757/1/2757 2758/1/2758 2759/1/2759 2760/1/2760
f 2761/1/2761 2762/1/2762 2763/1/2763 2764/1/2764
f 2765/1/2765 2766/1/2766 2767/1/2767 2768/1/2768
f 2769/1/2769 2770/1/2770 2771/1/2771 2772/1/2772
f 2773/1/2773 2774/1/2774 2775/1/2775 2776/1/2776
f 2777/1/2777 2778/1/2778 2779/1/2779 2780/1/2780
f 2781/1/2781 2782/1/2782 2783/1/2783 2784/1/2784
f 2785/1/2785 2786/1/2786 2787/1/2787 2788/1/2788
f 2789/1/2789 2790/1/2790 2791/1/2791 2792/1/2792
f 2793/1/2793 2794/1/2794 2795/1/2795 2796/1/2796
f 2797/1/2797 2798/1/2798 2799/1/2799 2800/1/2800
f 2801/1/2801 2802/1/2802 2803/1/2803 2804/1/2804
f 2805/1/2805 2806/1/2806 2807/1/2807 2808/1/2808
f 2809/1/2809 2810/1/2810 2811/1/2811 2812/1/2812
f 2813/1/2813 2814/1/2814 2815/1/2815 2816/1/2816
f 2817/1/2817 2818/1/2818 2819/1/2819 2820/1/2820
f 2821/1/2821 2822/1/2822 2823/1/2823 2824/1/2824
f 2825/1/2825 2826/1/2826 2827/1/2827 2828/1/2828
f 2829/1/2829 2830/1/2830 2831/1/2831 2832/1/2832
f 2833/1/2833 2834/1/2834 2835/1/2835 2836/1/2836
f 2837/1/2837 2838/1/2838 2839/1/2839 2840/1/2840
f 2841/1/2841 2842/1/2842 2843/1/2843 2844/1/2844
f 2845/1/2845 2846/1/2846 2847/1/2847 2848/1/2848
f 2849/1/2849 2850/1/2850 2851/1/2851 2852/1/2852
f 2853/1/2853 2854/1/2854 2855/1/2855 2856/1/2856
f 2857/1/2857 2858/1/2858 2859/1/2859 2860/1/2860
f 2861/1/2861 2862/1/2862 2863/1/2863 2864/1/2864
f 2865/1/2865 2866/1/2866 2867/1/2867 2868/1/2868
f 2869/1/2869 2870/1/2870 2871/1/2871 2872/1/2872
f 2873/1/2873 2874/1/2874 2875/1/2875 2876/1/2876
f 2877/1/2877 2878/1/2878 2879/1/2879 2880/1/2880
f 2881/1/2881 2882/1/2882 2883/1/2883 2884/1/2884
f 2885/1/2885 2886/1/2886 2887/1/2887 2888/1/2888
f 2889/1/2889 2890/1/2890 2891/1/2891 2892/1/2892
f 2893/1/2893 2894/1/2894 2895/1/2895 2896/1/2896
f 2897/1/2897 2898/1/2898 2899/1/2899 2900/1/2900
f 2901/1/2901 2902/1/2902 2903/1/2903 2904/1/2904
f 2905/1/2905 2906/1/2906 2907/1/2907 2908/1/2908
f 2909/1/2909 2910/1/2910 2911/1/2911 2912/1/2912
f 2913/1/2913 2914/1/2914 2915/1/2915 2916/1/2916
f 2917/1/2917 2918/1/2918 2919/1/2919 2920/1/2920
f 2921/1/2921 2922/1/2922 2923/1/2923 2924/1/2924
f 2925/1/2925 2926/1/2926 2927/1/2927 2928/1/2928
f 2929/1/2929 2930/1/2930 2931/1/2931 2932/1/2932
f 2933/1/2933 2934/1/2934 2935/1/2935 2936/1/2936
f 2937/1/2937 2938/1/2938 2939/1/2939 2940/1/2940
f 2941/1/2941 2942/1/2942 2943/1/2943 2944/1/2944
f 2945/1/2945 2946/1/2946 2947/1/2947 2948/1/2948
f 2949/1/2949 2950/1/2950 2951/1/2951 2952/1/2952
f 2953/1/2953 2954/1/2954 2955/1/2955 2956/1/2956
f 2957/1/2957 2958/1/2958 2959/1/2959 2960/1/2960
f 2961/1/2961 2962/1/2962 2963/1/2963 2964/1/2964
f 2965/1/2965 2966/1/2966 2967/1/2967 2968/1/2968
f 2969/1/2969 2970/1/2970 2971/1/2971 2972/1/2972
f 2973/1/2973 2974/1/2974 2975/1/2975 2976/1/2976
g suspension_collars
f 2977/1/2977 2978/1/2978 2979/1/2979 2980/1/2980
f 2981/1/2981 2982/1/2982 2983/1/2983 2984/1/2984
f 2985/1/2985 2986/1/2986 2987/1/2987 2988/1/2988
f 2989/1/2989 2990/1/2990 2991/1/2991 2992/1/2992
f 2993/1/2993 2994/1/2994 2995/1/2995 2996/1/2996
f 2997/1/2997 2998/1/2998 2999/1/2999 3000/1/3000
f 3001/1/3001 3002/1/3002 3003/1/3003 3004/1/3004
f 3005/1/3005 3006/1/3006 3007/1/3007 3008/1/3008
f 3009/1/3009 3010/1/3010 3011/1/3011 3012/1/3012
f 3013/1/3013 3014/1/3014 3015/1/3015 3016/1/3016
f 3017/1/3017 3018/1/3018 3019/1/3019 3020/1/3020
f 3021/1/3021 3022/1/3022 3023/1/3023 3024/1/3024
f 3025/1/3025 3026/1/3026 3027/1/3027 3028/1/3028
f 3029/1/3029 3030/1/3030 3031/1/3031 3032/1/3032
f 3033/1/3033 3034/1/3034 3035/1/3035 3036/1/3036
f 3037/1/3037 3038/1/3038 3039/1/3039 3040/1/3040
f 3041/1/3041 3042/1/3042 3043/1/3043 3044/1/3044
f 3045/1/3045 3046/1/3046 3047/1/3047 3048/1/3048
f 3049/1/3049 3050/1/3050 3051/1/3051 3052/1/3052
f 3053/1/3053 3054/1/3054 3055/1/3055 3056/1/3056
f 3057/1/3057 3058/1/3058 3059/1/3059 3060/1/3060
f 3061/1/3061 3062/1/3062 3063/1/3063 3064/1/3064
f 3065/1/3065 3066/1/3066 3067/1/3067 3068/1/3068
f 3069/1/3069 3070/1/3070 3071/1/3071 3072/1/3072
f 3073/1/3073 3074/1/3074 3075/1/3075 3076/1/3076
f 3077/1/3077 3078/1/3078 3079/1/3079 3080/1/3080
f 3081/1/3081 3082/1/3082 3083/1/3083 3084/1/3084
f 3085/1/3085 3086/1/3086 3087/1/3087 3088/1/3088
f 3089/1/3089 3090/1/3090 3091/1/3091 3092/1/3092
f 3093/1/3093 3094/1/3094 3095/1/3095 3096/1/3096
f 3097/1/3097 3098/1/3098 3099/1/3099 3100/1/3100
f 3101/1/3101 3102/1/3102 3103/1/3103 3104/1/3104
f 3105/1/3105 3106/1/3106 3107/1/3107 3108/1/3108
f 3109/1/3109 3110/1/3110 3111/1/3111 3112/1/3112
f 3113/1/3113 3114/1/3114 3115/1/3115 3116/1/3116
f 3117/1/3117 3118/1/3118 3119/1/3119 3120/1/3120
f 3121/1/3121 3122/1/3122 3123/1/3123 3124/1/3124
f 3125/1/3125 3126/1/3126 3127/1/3127 3128/1/3128
f 3129/1/3129 3130/1/3130 3131/1/3131 3132/1/3132
f 3133/1/3133 3134/1/3134 3135/1/3135 3136/1/3136
f 3137/1/3137 3138/1/3138 3139/1/3139 3140/1/3140
f 3141/1/3141 3142/1/3142 3143/1/3143 3144/1/3144
f 3145/1/3145 3146/1/3146 3147/1/3147 3148/1/3148
f 3149/1/3149 3150/1/3150 3151/1/3151 3152/1/3152
f 3153/1/3153 3154/1/3154 3155/1/3155 3156/1/3156
f 3157/1/3157 3158/1/3158 3159/1/3159 3160/1/3160
f 3161/1/3161 3162/1/3162 3163/1/3163 3164/1/3164
f 3165/1/3165 3166/1/3166 3167/1/3167 3168/1/3168
f 3169/1/3169 3170/1/3170 3171/1/3171 3172/1/3172
f 3173/1/3173 3174/1/3174 3175/1/3175 3176/1/3176
f 3177/1/3177 3178/1/3178 3179/1/3179 3180/1/3180
f 3181/1/3181 3182/1/3182 3183/1/3183 3184/1/3184
f 3185/1/3185 3186/1/3186 3187/1/3187 3188/1/3188
f 3189/1/3189 3190/1/3190 3191/1/3191 3192/1/3192
f 3193/1/3193 3194/1/3194 3195/1/3195 3196/1/3196
f 3197/1/3197 3198/1/3198 3199/1/3199 3200/1/3200
f 3201/1/3201 3202/1/3202 3203/1/3203 3204/1/3204
f 3205/1/3205 3206/1/3206 3207/1/3207 3208/1/3208
f 3209/1/3209 3210/1/3210 3211/1/3211 3212/1/3212
f 3213/1/3213 3214/1/3214 3215/1/3215 3216/1/3216
f 3217/1/3217 3218/1/3218 3219/1/3219 3220/1/3220
f 3221/1/3221 3222/1/3222 3223/1/3223 3224/1/3224
f 3225/1/3225 3226/1/3226 3227/1/3227 3228/1/3228
f 3229/1/3229 3230/1/3230 3231/1/3231 3232/1/3232
f 3233/1/3233 3234/1/3234 3235/1/3235 3236/1/3236
f 3237/1/3237 3238/1/3238 3239/1/3239 3240/1/3240
f 3241/1/3241 3242/1/3242 3243/1/3243 3244/1/3244
f 3245/1/3245 3246/1/3246 3247/1/3247 3248/1/3248
f 3249/1/3249 3250/1/3250 3251/1/3251 3252/1/3252
f 3253/1/3253 3254/1/3254 3255/1/3255 3256/1/3256
f 3257/1/3257 3258/1/3258 3259/1/3259 3260/1/3260
f 3261/1/3261 3262/1/3262 3263/1/3263 3264/1/3264
usemtl mana_light
f 3265/1/3265 3266/1/3266 3267/1/3267
f 3268/1/3268 3269/1/3269 3270/1/3270
f 3271/1/3271 3272/1/3272 3273/1/3273
f 3274/1/3274 3275/1/3275 3276/1/3276
f 3277/1/3277 3278/1/3278 3279/1/3279
f 3280/1/3280 3281/1/3281 3282/1/3282
f 3283/1/3283 3284/1/3284 3285/1/3285
f 3286/1/3286 3287/1/3287 3288/1/3288
f 3289/1/3289 3290/1/3290 3291/1/3291
f 3292/1/3292 3293/1/3293 3294/1/3294
f 3295/1/3295 3296/1/3296 3297/1/3297
f 3298/1/3298 3299/1/3299 3300/1/3300
f 3301/1/3301 3302/1/3302 3303/1/3303
f 3304/1/3304 3305/1/3305 3306/1/3306
f 3307/1/3307 3308/1/3308 3309/1/3309
f 3310/1/3310 3311/1/3311 3312/1/3312
f 3313/1/3313 3314/1/3314 3315/1/3315
f 3316/1/3316 3317/1/3317 3318/1/3318
f 3319/1/3319 3320/1/3320 3321/1/3321
f 3322/1/3322 3323/1/3323 3324/1/3324
f 3325/1/3325 3326/1/3326 3327/1/3327
f 3328/1/3328 3329/1/3329 3330/1/3330
f 3331/1/3331 3332/1/3332 3333/1/3333
f 3334/1/3334 3335/1/3335 3336/1/3336
f 3337/1/3337 3338/1/3338 3339/1/3339 3340/1/3340
f 3341/1/3341 3342/1/3342 3343/1/3343 3344/1/3344
f 3345/1/3345 3346/1/3346 3347/1/3347 3348/1/3348
f 3349/1/3349 3350/1/3350 3351/1/3351 3352/1/3352
f 3353/1/3353 3354/1/3354 3355/1/3355 3356/1/3356
f 3357/1/3357 3358/1/3358 3359/1/3359 3360/1/3360
f 3361/1/3361 3362/1/3362 3363/1/3363 3364/1/3364
f 3365/1/3365 3366/1/3366 3367/1/3367 3368/1/3368
f 3369/1/3369 3370/1/3370 3371/1/3371 3372/1/3372
f 3373/1/3373 3374/1/3374 3375/1/3375 3376/1/3376
f 3377/1/3377 3378/1/3378 3379/1/3379 3380/1/3380
f 3381/1/3381 3382/1/3382 3383/1/3383 3384/1/3384
f 3385/1/3385 3386/1/3386 3387/1/3387 3388/1/3388
f 3389/1/3389 3390/1/3390 3391/1/3391 3392/1/3392
f 3393/1/3393 3394/1/3394 3395/1/3395 3396/1/3396
f 3397/1/3397 3398/1/3398 3399/1/3399 3400/1/3400
f 3401/1/3401 3402/1/3402 3403/1/3403 3404/1/3404
f 3405/1/3405 3406/1/3406 3407/1/3407 3408/1/3408
f 3409/1/3409 3410/1/3410 3411/1/3411 3412/1/3412
f 3413/1/3413 3414/1/3414 3415/1/3415 3416/1/3416
f 3417/1/3417 3418/1/3418 3419/1/3419 3420/1/3420
f 3421/1/3421 3422/1/3422 3423/1/3423 3424/1/3424
f 3425/1/3425 3426/1/3426 3427/1/3427 3428/1/3428
f 3429/1/3429 3430/1/3430 3431/1/3431 3432/1/3432
usemtl gold
f 3433/1/3433 3434/1/3434 3435/1/3435 3436/1/3436
f 3437/1/3437 3438/1/3438 3439/1/3439 3440/1/3440
f 3441/1/3441 3442/1/3442 3443/1/3443 3444/1/3444
f 3445/1/3445 3446/1/3446 3447/1/3447 3448/1/3448
f 3449/1/3449 3450/1/3450 3451/1/3451 3452/1/3452
f 3453/1/3453 3454/1/3454 3455/1/3455 3456/1/3456
f 3457/1/3457 3458/1/3458 3459/1/3459 3460/1/3460
f 3461/1/3461 3462/1/3462 3463/1/3463 3464/1/3464
f 3465/1/3465 3466/1/3466 3467/1/3467 3468/1/3468
f 3469/1/3469 3470/1/3470 3471/1/3471 3472/1/3472
f 3473/1/3473 3474/1/3474 3475/1/3475 3476/1/3476
f 3477/1/3477 3478/1/3478 3479/1/3479 3480/1/3480
f 3481/1/3481 3482/1/3482 3483/1/3483 3484/1/3484
f 3485/1/3485 3486/1/3486 3487/1/3487 3488/1/3488
f 3489/1/3489 3490/1/3490 3491/1/3491 3492/1/3492
f 3493/1/3493 3494/1/3494 3495/1/3495 3496/1/3496
f 3497/1/3497 3498/1/3498 3499/1/3499 3500/1/3500
f 3501/1/3501 3502/1/3502 3503/1/3503 3504/1/3504
f 3505/1/3505 3506/1/3506 3507/1/3507 3508/1/3508
f 3509/1/3509 3510/1/3510 3511/1/3511 3512/1/3512
f 3513/1/3513 3514/1/3514 3515/1/3515 3516/1/3516
f 3517/1/3517 3518/1/3518 3519/1/3519 3520/1/3520
f 3521/1/3521 3522/1/3522 3523/1/3523 3524/1/3524
f 3525/1/3525 3526/1/3526 3527/1/3527 3528/1/3528
f 3529/1/3529 3530/1/3530 3531/1/3531 3532/1/3532
f 3533/1/3533 3534/1/3534 3535/1/3535 3536/1/3536
f 3537/1/3537 3538/1/3538 3539/1/3539 3540/1/3540
f 3541/1/3541 3542/1/3542 3543/1/3543 3544/1/3544
f 3545/1/3545 3546/1/3546 3547/1/3547 3548/1/3548
f 3549/1/3549 3550/1/3550 3551/1/3551 3552/1/3552
f 3553/1/3553 3554/1/3554 3555/1/3555 3556/1/3556
f 3557/1/3557 3558/1/3558 3559/1/3559 3560/1/3560
f 3561/1/3561 3562/1/3562 3563/1/3563 3564/1/3564
f 3565/1/3565 3566/1/3566 3567/1/3567 3568/1/3568
f 3569/1/3569 3570/1/3570 3571/1/3571 3572/1/3572
f 3573/1/3573 3574/1/3574 3575/1/3575 3576/1/3576
f 3577/1/3577 3578/1/3578 3579/1/3579 3580/1/3580
f 3581/1/3581 3582/1/3582 3583/1/3583 3584/1/3584
f 3585/1/3585 3586/1/3586 3587/1/3587 3588/1/3588
f 3589/1/3589 3590/1/3590 3591/1/3591 3592/1/3592
f 3593/1/3593 3594/1/3594 3595/1/3595 3596/1/3596
f 3597/1/3597 3598/1/3598 3599/1/3599 3600/1/3600
f 3601/1/3601 3602/1/3602 3603/1/3603 3604/1/3604
f 3605/1/3605 3606/1/3606 3607/1/3607 3608/1/3608
f 3609/1/3609 3610/1/3610 3611/1/3611 3612/1/3612
f 3613/1/3613 3614/1/3614 3615/1/3615 3616/1/3616
f 3617/1/3617 3618/1/3618 3619/1/3619 3620/1/3620
f 3621/1/3621 3622/1/3622 3623/1/3623 3624/1/3624
f 3625/1/3625 3626/1/3626 3627/1/3627 3628/1/3628
f 3629/1/3629 3630/1/3630 3631/1/3631 3632/1/3632
f 3633/1/3633 3634/1/3634 3635/1/3635 3636/1/3636
f 3637/1/3637 3638/1/3638 3639/1/3639 3640/1/3640
f 3641/1/3641 3642/1/3642 3643/1/3643 3644/1/3644
f 3645/1/3645 3646/1/3646 3647/1/3647 3648/1/3648
f 3649/1/3649 3650/1/3650 3651/1/3651 3652/1/3652
f 3653/1/3653 3654/1/3654 3655/1/3655 3656/1/3656
f 3657/1/3657 3658/1/3658 3659/1/3659 3660/1/3660
f 3661/1/3661 3662/1/3662 3663/1/3663 3664/1/3664
f 3665/1/3665 3666/1/3666 3667/1/3667 3668/1/3668
f 3669/1/3669 3670/1/3670 3671/1/3671 3672/1/3672
f 3673/1/3673 3674/1/3674 3675/1/3675 3676/1/3676
f 3677/1/3677 3678/1/3678 3679/1/3679 3680/1/3680
f 3681/1/3681 3682/1/3682 3683/1/3683 3684/1/3684
f 3685/1/3685 3686/1/3686 3687/1/3687 3688/1/3688
f 3689/1/3689 3690/1/3690 3691/1/3691 3692/1/3692
f 3693/1/3693 3694/1/3694 3695/1/3695 3696/1/3696
f 3697/1/3697 3698/1/3698 3699/1/3699 3700/1/3700
f 3701/1/3701 3702/1/3702 3703/1/3703 3704/1/3704
f 3705/1/3705 3706/1/3706 3707/1/3707 3708/1/3708
f 3709/1/3709 3710/1/3710 3711/1/3711 3712/1/3712
f 3713/1/3713 3714/1/3714 3715/1/3715 3716/1/3716
f 3717/1/3717 3718/1/3718 3719/1/3719 3720/1/3720
usemtl mana_light
f 3721/1/3721 3722/1/3722 3723/1/3723
f 3724/1/3724 3725/1/3725 3726/1/3726
f 3727/1/3727 3728/1/3728 3729/1/3729
f 3730/1/3730 3731/1/3731 3732/1/3732
f 3733/1/3733 3734/1/3734 3735/1/3735
f 3736/1/3736 3737/1/3737 3738/1/3738
f 3739/1/3739 3740/1/3740 3741/1/3741
f 3742/1/3742 3743/1/3743 3744/1/3744
f 3745/1/3745 3746/1/3746 3747/1/3747
f 3748/1/3748 3749/1/3749 3750/1/3750
f 3751/1/3751 3752/1/3752 3753/1/3753
f 3754/1/3754 3755/1/3755 3756/1/3756
f 3757/1/3757 3758/1/3758 3759/1/3759
f 3760/1/3760 3761/1/3761 3762/1/3762
f 3763/1/3763 3764/1/3764 3765/1/3765
f 3766/1/3766 3767/1/3767 3768/1/3768
f 3769/1/3769 3770/1/3770 3771/1/3771
f 3772/1/3772 3773/1/3773 3774/1/3774
f 3775/1/3775 3776/1/3776 3777/1/3777
f 3778/1/3778 3779/1/3779 3780/1/3780
f 3781/1/3781 3782/1/3782 3783/1/3783
f 3784/1/3784 3785/1/3785 3786/1/3786
f 3787/1/3787 3788/1/3788 3789/1/3789
f 3790/1/3790 3791/1/3791 3792/1/3792
f 3793/1/3793 3794/1/3794 3795/1/3795 3796/1/3796
f 3797/1/3797 3798/1/3798 3799/1/3799 3800/1/3800
f 3801/1/3801 3802/1/3802 3803/1/3803 3804/1/3804
f 3805/1/3805 3806/1/3806 3807/1/3807 3808/1/3808
f 3809/1/3809 3810/1/3810 3811/1/3811 3812/1/3812
f 3813/1/3813 3814/1/3814 3815/1/3815 3816/1/3816
f 3817/1/3817 3818/1/3818 3819/1/3819 3820/1/3820
f 3821/1/3821 3822/1/3822 3823/1/3823 3824/1/3824
f 3825/1/3825 3826/1/3826 3827/1/3827 3828/1/3828
f 3829/1/3829 3830/1/3830 3831/1/3831 3832/1/3832
f 3833/1/3833 3834/1/3834 3835/1/3835 3836/1/3836
f 3837/1/3837 3838/1/3838 3839/1/3839 3840/1/3840
f 3841/1/3841 3842/1/3842 3843/1/3843 3844/1/3844
f 3845/1/3845 3846/1/3846 3847/1/3847 3848/1/3848
f 3849/1/3849 3850/1/3850 3851/1/3851 3852/1/3852
f 3853/1/3853 3854/1/3854 3855/1/3855 3856/1/3856
f 3857/1/3857 3858/1/3858 3859/1/3859 3860/1/3860
f 3861/1/3861 3862/1/3862 3863/1/3863 3864/1/3864
f 3865/1/3865 3866/1/3866 3867/1/3867 3868/1/3868
f 3869/1/3869 3870/1/3870 3871/1/3871 3872/1/3872
f 3873/1/3873 3874/1/3874 3875/1/3875 3876/1/3876
f 3877/1/3877 3878/1/3878 3879/1/3879 3880/1/3880
f 3881/1/3881 3882/1/3882 3883/1/3883 3884/1/3884
f 3885/1/3885 3886/1/3886 3887/1/3887 3888/1/3888
g shell_0_ceramic_petal
usemtl ceramic
f 3889/1/3889 3890/1/3890 3891/1/3891 3892/1/3892
f 3893/1/3893 3894/1/3894 3895/1/3895 3896/1/3896
f 3897/1/3897 3898/1/3898 3899/1/3899 3900/1/3900
f 3901/1/3901 3902/1/3902 3903/1/3903 3904/1/3904
f 3905/1/3905 3906/1/3906 3907/1/3907 3908/1/3908
f 3909/1/3909 3910/1/3910 3911/1/3911 3912/1/3912
f 3913/1/3913 3914/1/3914 3915/1/3915 3916/1/3916
f 3917/1/3917 3918/1/3918 3919/1/3919 3920/1/3920
f 3921/1/3921 3922/1/3922 3923/1/3923 3924/1/3924
f 3925/1/3925 3926/1/3926 3927/1/3927 3928/1/3928
f 3929/1/3929 3930/1/3930 3931/1/3931 3932/1/3932
f 3933/1/3933 3934/1/3934 3935/1/3935 3936/1/3936
f 3937/1/3937 3938/1/3938 3939/1/3939 3940/1/3940
f 3941/1/3941 3942/1/3942 3943/1/3943 3944/1/3944
f 3945/1/3945 3946/1/3946 3947/1/3947 3948/1/3948
f 3949/1/3949 3950/1/3950 3951/1/3951 3952/1/3952
f 3953/1/3953 3954/1/3954 3955/1/3955 3956/1/3956
f 3957/1/3957 3958/1/3958 3959/1/3959 3960/1/3960
f 3961/1/3961 3962/1/3962 3963/1/3963 3964/1/3964
f 3965/1/3965 3966/1/3966 3967/1/3967 3968/1/3968
f 3969/1/3969 3970/1/3970 3971/1/3971 3972/1/3972
f 3973/1/3973 3974/1/3974 3975/1/3975 3976/1/3976
f 3977/1/3977 3978/1/3978 3979/1/3979 3980/1/3980
f 3981/1/3981 3982/1/3982 3983/1/3983 3984/1/3984
f 3985/1/3985 3986/1/3986 3987/1/3987 3988/1/3988
f 3989/1/3989 3990/1/3990 3991/1/3991 3992/1/3992
f 3993/1/3993 3994/1/3994 3995/1/3995 3996/1/3996
f 3997/1/3997 3998/1/3998 3999/1/3999 4000/1/4000
f 4001/1/4001 4002/1/4002 4003/1/4003 4004/1/4004
f 4005/1/4005 4006/1/4006 4007/1/4007 4008/1/4008
f 4009/1/4009 4010/1/4010 4011/1/4011 4012/1/4012
f 4013/1/4013 4014/1/4014 4015/1/4015 4016/1/4016
f 4017/1/4017 4018/1/4018 4019/1/4019 4020/1/4020
f 4021/1/4021 4022/1/4022 4023/1/4023 4024/1/4024
f 4025/1/4025 4026/1/4026 4027/1/4027 4028/1/4028
f 4029/1/4029 4030/1/4030 4031/1/4031 4032/1/4032
f 4033/1/4033 4034/1/4034 4035/1/4035 4036/1/4036
f 4037/1/4037 4038/1/4038 4039/1/4039 4040/1/4040
f 4041/1/4041 4042/1/4042 4043/1/4043 4044/1/4044
f 4045/1/4045 4046/1/4046 4047/1/4047 4048/1/4048
f 4049/1/4049 4050/1/4050 4051/1/4051 4052/1/4052
f 4053/1/4053 4054/1/4054 4055/1/4055 4056/1/4056
f 4057/1/4057 4058/1/4058 4059/1/4059 4060/1/4060
f 4061/1/4061 4062/1/4062 4063/1/4063 4064/1/4064
f 4065/1/4065 4066/1/4066 4067/1/4067 4068/1/4068
f 4069/1/4069 4070/1/4070 4071/1/4071 4072/1/4072
f 4073/1/4073 4074/1/4074 4075/1/4075 4076/1/4076
f 4077/1/4077 4078/1/4078 4079/1/4079 4080/1/4080
f 4081/1/4081 4082/1/4082 4083/1/4083 4084/1/4084
f 4085/1/4085 4086/1/4086 4087/1/4087 4088/1/4088
f 4089/1/4089 4090/1/4090 4091/1/4091 4092/1/4092
f 4093/1/4093 4094/1/4094 4095/1/4095 4096/1/4096
f 4097/1/4097 4098/1/4098 4099/1/4099 4100/1/4100
f 4101/1/4101 4102/1/4102 4103/1/4103 4104/1/4104
f 4105/1/4105 4106/1/4106 4107/1/4107 4108/1/4108
f 4109/1/4109 4110/1/4110 4111/1/4111 4112/1/4112
f 4113/1/4113 4114/1/4114 4115/1/4115 4116/1/4116
f 4117/1/4117 4118/1/4118 4119/1/4119 4120/1/4120
f 4121/1/4121 4122/1/4122 4123/1/4123 4124/1/4124
f 4125/1/4125 4126/1/4126 4127/1/4127 4128/1/4128
f 4129/1/4129 4130/1/4130 4131/1/4131 4132/1/4132
f 4133/1/4133 4134/1/4134 4135/1/4135 4136/1/4136
f 4137/1/4137 4138/1/4138 4139/1/4139 4140/1/4140
f 4141/1/4141 4142/1/4142 4143/1/4143 4144/1/4144
f 4145/1/4145 4146/1/4146 4147/1/4147 4148/1/4148
f 4149/1/4149 4150/1/4150 4151/1/4151 4152/1/4152
f 4153/1/4153 4154/1/4154 4155/1/4155 4156/1/4156
f 4157/1/4157 4158/1/4158 4159/1/4159 4160/1/4160
f 4161/1/4161 4162/1/4162 4163/1/4163 4164/1/4164
f 4165/1/4165 4166/1/4166 4167/1/4167 4168/1/4168
f 4169/1/4169 4170/1/4170 4171/1/4171 4172/1/4172
f 4173/1/4173 4174/1/4174 4175/1/4175 4176/1/4176
f 4177/1/4177 4178/1/4178 4179/1/4179 4180/1/4180
f 4181/1/4181 4182/1/4182 4183/1/4183 4184/1/4184
f 4185/1/4185 4186/1/4186 4187/1/4187 4188/1/4188
f 4189/1/4189 4190/1/4190 4191/1/4191 4192/1/4192
f 4193/1/4193 4194/1/4194 4195/1/4195 4196/1/4196
f 4197/1/4197 4198/1/4198 4199/1/4199 4200/1/4200
f 4201/1/4201 4202/1/4202 4203/1/4203 4204/1/4204
f 4205/1/4205 4206/1/4206 4207/1/4207 4208/1/4208
f 4209/1/4209 4210/1/4210 4211/1/4211 4212/1/4212
f 4213/1/4213 4214/1/4214 4215/1/4215 4216/1/4216
f 4217/1/4217 4218/1/4218 4219/1/4219 4220/1/4220
f 4221/1/4221 4222/1/4222 4223/1/4223 4224/1/4224
f 4225/1/4225 4226/1/4226 4227/1/4227 4228/1/4228
f 4229/1/4229 4230/1/4230 4231/1/4231 4232/1/4232
f 4233/1/4233 4234/1/4234 4235/1/4235 4236/1/4236
f 4237/1/4237 4238/1/4238 4239/1/4239 4240/1/4240
f 4241/1/4241 4242/1/4242 4243/1/4243 4244/1/4244
f 4245/1/4245 4246/1/4246 4247/1/4247 4248/1/4248
f 4249/1/4249 4250/1/4250 4251/1/4251 4252/1/4252
f 4253/1/4253 4254/1/4254 4255/1/4255 4256/1/4256
f 4257/1/4257 4258/1/4258 4259/1/4259 4260/1/4260
f 4261/1/4261 4262/1/4262 4263/1/4263 4264/1/4264
f 4265/1/4265 4266/1/4266 4267/1/4267 4268/1/4268
f 4269/1/4269 4270/1/4270 4271/1/4271 4272/1/4272
usemtl ceramic_shadow
f 4273/1/4273 4274/1/4274 4275/1/4275 4276/1/4276
f 4277/1/4277 4278/1/4278 4279/1/4279 4280/1/4280
f 4281/1/4281 4282/1/4282 4283/1/4283 4284/1/4284
f 4285/1/4285 4286/1/4286 4287/1/4287 4288/1/4288
f 4289/1/4289 4290/1/4290 4291/1/4291 4292/1/4292
f 4293/1/4293 4294/1/4294 4295/1/4295 4296/1/4296
f 4297/1/4297 4298/1/4298 4299/1/4299 4300/1/4300
f 4301/1/4301 4302/1/4302 4303/1/4303 4304/1/4304
f 4305/1/4305 4306/1/4306 4307/1/4307 4308/1/4308
f 4309/1/4309 4310/1/4310 4311/1/4311 4312/1/4312
f 4313/1/4313 4314/1/4314 4315/1/4315 4316/1/4316
f 4317/1/4317 4318/1/4318 4319/1/4319 4320/1/4320
f 4321/1/4321 4322/1/4322 4323/1/4323 4324/1/4324
f 4325/1/4325 4326/1/4326 4327/1/4327 4328/1/4328
f 4329/1/4329 4330/1/4330 4331/1/4331 4332/1/4332
f 4333/1/4333 4334/1/4334 4335/1/4335 4336/1/4336
f 4337/1/4337 4338/1/4338 4339/1/4339 4340/1/4340
f 4341/1/4341 4342/1/4342 4343/1/4343 4344/1/4344
f 4345/1/4345 4346/1/4346 4347/1/4347 4348/1/4348
f 4349/1/4349 4350/1/4350 4351/1/4351 4352/1/4352
f 4353/1/4353 4354/1/4354 4355/1/4355 4356/1/4356
f 4357/1/4357 4358/1/4358 4359/1/4359 4360/1/4360
f 4361/1/4361 4362/1/4362 4363/1/4363 4364/1/4364
f 4365/1/4365 4366/1/4366 4367/1/4367 4368/1/4368
f 4369/1/4369 4370/1/4370 4371/1/4371 4372/1/4372
f 4373/1/4373 4374/1/4374 4375/1/4375 4376/1/4376
f 4377/1/4377 4378/1/4378 4379/1/4379 4380/1/4380
f 4381/1/4381 4382/1/4382 4383/1/4383 4384/1/4384
f 4385/1/4385 4386/1/4386 4387/1/4387 4388/1/4388
f 4389/1/4389 4390/1/4390 4391/1/4391 4392/1/4392
f 4393/1/4393 4394/1/4394 4395/1/4395 4396/1/4396
f 4397/1/4397 4398/1/4398 4399/1/4399 4400/1/4400
f 4401/1/4401 4402/1/4402 4403/1/4403 4404/1/4404
f 4405/1/4405 4406/1/4406 4407/1/4407 4408/1/4408
f 4409/1/4409 4410/1/4410 4411/1/4411 4412/1/4412
f 4413/1/4413 4414/1/4414 4415/1/4415 4416/1/4416
f 4417/1/4417 4418/1/4418 4419/1/4419 4420/1/4420
f 4421/1/4421 4422/1/4422 4423/1/4423 4424/1/4424
f 4425/1/4425 4426/1/4426 4427/1/4427 4428/1/4428
f 4429/1/4429 4430/1/4430 4431/1/4431 4432/1/4432
f 4433/1/4433 4434/1/4434 4435/1/4435 4436/1/4436
f 4437/1/4437 4438/1/4438 4439/1/4439 4440/1/4440
f 4441/1/4441 4442/1/4442 4443/1/4443 4444/1/4444
f 4445/1/4445 4446/1/4446 4447/1/4447 4448/1/4448
f 4449/1/4449 4450/1/4450 4451/1/4451 4452/1/4452
f 4453/1/4453 4454/1/4454 4455/1/4455 4456/1/4456
f 4457/1/4457 4458/1/4458 4459/1/4459 4460/1/4460
f 4461/1/4461 4462/1/4462 4463/1/4463 4464/1/4464
f 4465/1/4465 4466/1/4466 4467/1/4467 4468/1/4468
f 4469/1/4469 4470/1/4470 4471/1/4471 4472/1/4472
f 4473/1/4473 4474/1/4474 4475/1/4475 4476/1/4476
f 4477/1/4477 4478/1/4478 4479/1/4479 4480/1/4480
f 4481/1/4481 4482/1/4482 4483/1/4483 4484/1/4484
f 4485/1/4485 4486/1/4486 4487/1/4487 4488/1/4488
f 4489/1/4489 4490/1/4490 4491/1/4491 4492/1/4492
f 4493/1/4493 4494/1/4494 4495/1/4495 4496/1/4496
f 4497/1/4497 4498/1/4498 4499/1/4499 4500/1/4500
f 4501/1/4501 4502/1/4502 4503/1/4503 4504/1/4504
f 4505/1/4505 4506/1/4506 4507/1/4507 4508/1/4508
f 4509/1/4509 4510/1/4510 4511/1/4511 4512/1/4512
f 4513/1/4513 4514/1/4514 4515/1/4515 4516/1/4516
f 4517/1/4517 4518/1/4518 4519/1/4519 4520/1/4520
f 4521/1/4521 4522/1/4522 4523/1/4523 4524/1/4524
f 4525/1/4525 4526/1/4526 4527/1/4527 4528/1/4528
f 4529/1/4529 4530/1/4530 4531/1/4531 4532/1/4532
f 4533/1/4533 4534/1/4534 4535/1/4535 4536/1/4536
f 4537/1/4537 4538/1/4538 4539/1/4539 4540/1/4540
f 4541/1/4541 4542/1/4542 4543/1/4543 4544/1/4544
f 4545/1/4545 4546/1/4546 4547/1/4547 4548/1/4548
f 4549/1/4549 4550/1/4550 4551/1/4551 4552/1/4552
f 4553/1/4553 4554/1/4554 4555/1/4555 4556/1/4556
f 4557/1/4557 4558/1/4558 4559/1/4559 4560/1/4560
f 4561/1/4561 4562/1/4562 4563/1/4563 4564/1/4564
f 4565/1/4565 4566/1/4566 4567/1/4567 4568/1/4568
f 4569/1/4569 4570/1/4570 4571/1/4571 4572/1/4572
f 4573/1/4573 4574/1/4574 4575/1/4575 4576/1/4576
f 4577/1/4577 4578/1/4578 4579/1/4579 4580/1/4580
f 4581/1/4581 4582/1/4582 4583/1/4583 4584/1/4584
f 4585/1/4585 4586/1/4586 4587/1/4587 4588/1/4588
f 4589/1/4589 4590/1/4590 4591/1/4591 4592/1/4592
f 4593/1/4593 4594/1/4594 4595/1/4595 4596/1/4596
f 4597/1/4597 4598/1/4598 4599/1/4599 4600/1/4600
f 4601/1/4601 4602/1/4602 4603/1/4603 4604/1/4604
f 4605/1/4605 4606/1/4606 4607/1/4607 4608/1/4608
f 4609/1/4609 4610/1/4610 4611/1/4611 4612/1/4612
f 4613/1/4613 4614/1/4614 4615/1/4615 4616/1/4616
f 4617/1/4617 4618/1/4618 4619/1/4619 4620/1/4620
f 4621/1/4621 4622/1/4622 4623/1/4623 4624/1/4624
f 4625/1/4625 4626/1/4626 4627/1/4627 4628/1/4628
f 4629/1/4629 4630/1/4630 4631/1/4631 4632/1/4632
f 4633/1/4633 4634/1/4634 4635/1/4635 4636/1/4636
f 4637/1/4637 4638/1/4638 4639/1/4639 4640/1/4640
f 4641/1/4641 4642/1/4642 4643/1/4643 4644/1/4644
f 4645/1/4645 4646/1/4646 4647/1/4647 4648/1/4648
f 4649/1/4649 4650/1/4650 4651/1/4651 4652/1/4652
f 4653/1/4653 4654/1/4654 4655/1/4655 4656/1/4656
usemtl gold
f 4657/1/4657 4658/1/4658 4659/1/4659 4660/1/4660
f 4661/1/4661 4662/1/4662 4663/1/4663 4664/1/4664
f 4665/1/4665 4666/1/4666 4667/1/4667 4668/1/4668
f 4669/1/4669 4670/1/4670 4671/1/4671 4672/1/4672
f 4673/1/4673 4674/1/4674 4675/1/4675 4676/1/4676
f 4677/1/4677 4678/1/4678 4679/1/4679 4680/1/4680
f 4681/1/4681 4682/1/4682 4683/1/4683 4684/1/4684
f 4685/1/4685 4686/1/4686 4687/1/4687 4688/1/4688
f 4689/1/4689 4690/1/4690 4691/1/4691 4692/1/4692
f 4693/1/4693 4694/1/4694 4695/1/4695 4696/1/4696
f 4697/1/4697 4698/1/4698 4699/1/4699 4700/1/4700
f 4701/1/4701 4702/1/4702 4703/1/4703 4704/1/4704
f 4705/1/4705 4706/1/4706 4707/1/4707 4708/1/4708
f 4709/1/4709 4710/1/4710 4711/1/4711 4712/1/4712
f 4713/1/4713 4714/1/4714 4715/1/4715 4716/1/4716
f 4717/1/4717 4718/1/4718 4719/1/4719 4720/1/4720
f 4721/1/4721 4722/1/4722 4723/1/4723 4724/1/4724
f 4725/1/4725 4726/1/4726 4727/1/4727 4728/1/4728
f 4729/1/4729 4730/1/4730 4731/1/4731 4732/1/4732
f 4733/1/4733 4734/1/4734 4735/1/4735 4736/1/4736
f 4737/1/4737 4738/1/4738 4739/1/4739 4740/1/4740
f 4741/1/4741 4742/1/4742 4743/1/4743 4744/1/4744
f 4745/1/4745 4746/1/4746 4747/1/4747 4748/1/4748
f 4749/1/4749 4750/1/4750 4751/1/4751 4752/1/4752
f 4753/1/4753 4754/1/4754 4755/1/4755 4756/1/4756
f 4757/1/4757 4758/1/4758 4759/1/4759 4760/1/4760
f 4761/1/4761 4762/1/4762 4763/1/4763 4764/1/4764
f 4765/1/4765 4766/1/4766 4767/1/4767 4768/1/4768
f 4769/1/4769 4770/1/4770 4771/1/4771 4772/1/4772
f 4773/1/4773 4774/1/4774 4775/1/4775 4776/1/4776
f 4777/1/4777 4778/1/4778 4779/1/4779 4780/1/4780
f 4781/1/4781 4782/1/4782 4783/1/4783 4784/1/4784
f 4785/1/4785 4786/1/4786 4787/1/4787 4788/1/4788
f 4789/1/4789 4790/1/4790 4791/1/4791 4792/1/4792
f 4793/1/4793 4794/1/4794 4795/1/4795 4796/1/4796
f 4797/1/4797 4798/1/4798 4799/1/4799 4800/1/4800
f 4801/1/4801 4802/1/4802 4803/1/4803 4804/1/4804
f 4805/1/4805 4806/1/4806 4807/1/4807 4808/1/4808
f 4809/1/4809 4810/1/4810 4811/1/4811 4812/1/4812
f 4813/1/4813 4814/1/4814 4815/1/4815 4816/1/4816
g shell_0_gold_inlay
usemtl gold_edge
f 4817/1/4817 4818/1/4818 4819/1/4819 4820/1/4820
f 4821/1/4821 4822/1/4822 4823/1/4823 4824/1/4824
f 4825/1/4825 4826/1/4826 4827/1/4827 4828/1/4828
f 4829/1/4829 4830/1/4830 4831/1/4831 4832/1/4832
f 4833/1/4833 4834/1/4834 4835/1/4835 4836/1/4836
f 4837/1/4837 4838/1/4838 4839/1/4839 4840/1/4840
f 4841/1/4841 4842/1/4842 4843/1/4843 4844/1/4844
f 4845/1/4845 4846/1/4846 4847/1/4847 4848/1/4848
f 4849/1/4849 4850/1/4850 4851/1/4851 4852/1/4852
f 4853/1/4853 4854/1/4854 4855/1/4855 4856/1/4856
f 4857/1/4857 4858/1/4858 4859/1/4859 4860/1/4860
f 4861/1/4861 4862/1/4862 4863/1/4863 4864/1/4864
f 4865/1/4865 4866/1/4866 4867/1/4867 4868/1/4868
f 4869/1/4869 4870/1/4870 4871/1/4871 4872/1/4872
f 4873/1/4873 4874/1/4874 4875/1/4875 4876/1/4876
f 4877/1/4877 4878/1/4878 4879/1/4879 4880/1/4880
f 4881/1/4881 4882/1/4882 4883/1/4883 4884/1/4884
f 4885/1/4885 4886/1/4886 4887/1/4887 4888/1/4888
f 4889/1/4889 4890/1/4890 4891/1/4891 4892/1/4892
f 4893/1/4893 4894/1/4894 4895/1/4895 4896/1/4896
f 4897/1/4897 4898/1/4898 4899/1/4899 4900/1/4900
f 4901/1/4901 4902/1/4902 4903/1/4903 4904/1/4904
f 4905/1/4905 4906/1/4906 4907/1/4907 4908/1/4908
f 4909/1/4909 4910/1/4910 4911/1/4911 4912/1/4912
f 4913/1/4913 4914/1/4914 4915/1/4915 4916/1/4916
f 4917/1/4917 4918/1/4918 4919/1/4919 4920/1/4920
f 4921/1/4921 4922/1/4922 4923/1/4923 4924/1/4924
f 4925/1/4925 4926/1/4926 4927/1/4927 4928/1/4928
usemtl navy
f 4929/1/4929 4930/1/4930 4931/1/4931 4932/1/4932
f 4933/1/4933 4934/1/4934 4935/1/4935 4936/1/4936
f 4937/1/4937 4938/1/4938 4939/1/4939 4940/1/4940
f 4941/1/4941 4942/1/4942 4943/1/4943 4944/1/4944
f 4945/1/4945 4946/1/4946 4947/1/4947 4948/1/4948
f 4949/1/4949 4950/1/4950 4951/1/4951 4952/1/4952
f 4953/1/4953 4954/1/4954 4955/1/4955 4956/1/4956
f 4957/1/4957 4958/1/4958 4959/1/4959 4960/1/4960
f 4961/1/4961 4962/1/4962 4963/1/4963 4964/1/4964
f 4965/1/4965 4966/1/4966 4967/1/4967 4968/1/4968
usemtl mana_light
f 4969/1/4969 4970/1/4970 4971/1/4971 4972/1/4972
f 4973/1/4973 4974/1/4974 4975/1/4975 4976/1/4976
f 4977/1/4977 4978/1/4978 4979/1/4979 4980/1/4980
f 4981/1/4981 4982/1/4982 4983/1/4983 4984/1/4984
f 4985/1/4985 4986/1/4986 4987/1/4987 4988/1/4988
f 4989/1/4989 4990/1/4990 4991/1/4991 4992/1/4992
f 4993/1/4993 4994/1/4994 4995/1/4995 4996/1/4996
f 4997/1/4997 4998/1/4998 4999/1/4999 5000/1/5000
usemtl gold
f 5001/1/5001 5002/1/5002 5003/1/5003 5004/1/5004
f 5005/1/5005 5006/1/5006 5007/1/5007 5008/1/5008
g shell_1_ceramic_petal
usemtl ceramic
f 5009/1/5009 5010/1/5010 5011/1/5011 5012/1/5012
f 5013/1/5013 5014/1/5014 5015/1/5015 5016/1/5016
f 5017/1/5017 5018/1/5018 5019/1/5019 5020/1/5020
f 5021/1/5021 5022/1/5022 5023/1/5023 5024/1/5024
f 5025/1/5025 5026/1/5026 5027/1/5027 5028/1/5028
f 5029/1/5029 5030/1/5030 5031/1/5031 5032/1/5032
f 5033/1/5033 5034/1/5034 5035/1/5035 5036/1/5036
f 5037/1/5037 5038/1/5038 5039/1/5039 5040/1/5040
f 5041/1/5041 5042/1/5042 5043/1/5043 5044/1/5044
f 5045/1/5045 5046/1/5046 5047/1/5047 5048/1/5048
f 5049/1/5049 5050/1/5050 5051/1/5051 5052/1/5052
f 5053/1/5053 5054/1/5054 5055/1/5055 5056/1/5056
f 5057/1/5057 5058/1/5058 5059/1/5059 5060/1/5060
f 5061/1/5061 5062/1/5062 5063/1/5063 5064/1/5064
f 5065/1/5065 5066/1/5066 5067/1/5067 5068/1/5068
f 5069/1/5069 5070/1/5070 5071/1/5071 5072/1/5072
f 5073/1/5073 5074/1/5074 5075/1/5075 5076/1/5076
f 5077/1/5077 5078/1/5078 5079/1/5079 5080/1/5080
f 5081/1/5081 5082/1/5082 5083/1/5083 5084/1/5084
f 5085/1/5085 5086/1/5086 5087/1/5087 5088/1/5088
f 5089/1/5089 5090/1/5090 5091/1/5091 5092/1/5092
f 5093/1/5093 5094/1/5094 5095/1/5095 5096/1/5096
f 5097/1/5097 5098/1/5098 5099/1/5099 5100/1/5100
f 5101/1/5101 5102/1/5102 5103/1/5103 5104/1/5104
f 5105/1/5105 5106/1/5106 5107/1/5107 5108/1/5108
f 5109/1/5109 5110/1/5110 5111/1/5111 5112/1/5112
f 5113/1/5113 5114/1/5114 5115/1/5115 5116/1/5116
f 5117/1/5117 5118/1/5118 5119/1/5119 5120/1/5120
f 5121/1/5121 5122/1/5122 5123/1/5123 5124/1/5124
f 5125/1/5125 5126/1/5126 5127/1/5127 5128/1/5128
f 5129/1/5129 5130/1/5130 5131/1/5131 5132/1/5132
f 5133/1/5133 5134/1/5134 5135/1/5135 5136/1/5136
f 5137/1/5137 5138/1/5138 5139/1/5139 5140/1/5140
f 5141/1/5141 5142/1/5142 5143/1/5143 5144/1/5144
f 5145/1/5145 5146/1/5146 5147/1/5147 5148/1/5148
f 5149/1/5149 5150/1/5150 5151/1/5151 5152/1/5152
f 5153/1/5153 5154/1/5154 5155/1/5155 5156/1/5156
f 5157/1/5157 5158/1/5158 5159/1/5159 5160/1/5160
f 5161/1/5161 5162/1/5162 5163/1/5163 5164/1/5164
f 5165/1/5165 5166/1/5166 5167/1/5167 5168/1/5168
f 5169/1/5169 5170/1/5170 5171/1/5171 5172/1/5172
f 5173/1/5173 5174/1/5174 5175/1/5175 5176/1/5176
f 5177/1/5177 5178/1/5178 5179/1/5179 5180/1/5180
f 5181/1/5181 5182/1/5182 5183/1/5183 5184/1/5184
f 5185/1/5185 5186/1/5186 5187/1/5187 5188/1/5188
f 5189/1/5189 5190/1/5190 5191/1/5191 5192/1/5192
f 5193/1/5193 5194/1/5194 5195/1/5195 5196/1/5196
f 5197/1/5197 5198/1/5198 5199/1/5199 5200/1/5200
f 5201/1/5201 5202/1/5202 5203/1/5203 5204/1/5204
f 5205/1/5205 5206/1/5206 5207/1/5207 5208/1/5208
f 5209/1/5209 5210/1/5210 5211/1/5211 5212/1/5212
f 5213/1/5213 5214/1/5214 5215/1/5215 5216/1/5216
f 5217/1/5217 5218/1/5218 5219/1/5219 5220/1/5220
f 5221/1/5221 5222/1/5222 5223/1/5223 5224/1/5224
f 5225/1/5225 5226/1/5226 5227/1/5227 5228/1/5228
f 5229/1/5229 5230/1/5230 5231/1/5231 5232/1/5232
f 5233/1/5233 5234/1/5234 5235/1/5235 5236/1/5236
f 5237/1/5237 5238/1/5238 5239/1/5239 5240/1/5240
f 5241/1/5241 5242/1/5242 5243/1/5243 5244/1/5244
f 5245/1/5245 5246/1/5246 5247/1/5247 5248/1/5248
f 5249/1/5249 5250/1/5250 5251/1/5251 5252/1/5252
f 5253/1/5253 5254/1/5254 5255/1/5255 5256/1/5256
f 5257/1/5257 5258/1/5258 5259/1/5259 5260/1/5260
f 5261/1/5261 5262/1/5262 5263/1/5263 5264/1/5264
f 5265/1/5265 5266/1/5266 5267/1/5267 5268/1/5268
f 5269/1/5269 5270/1/5270 5271/1/5271 5272/1/5272
f 5273/1/5273 5274/1/5274 5275/1/5275 5276/1/5276
f 5277/1/5277 5278/1/5278 5279/1/5279 5280/1/5280
f 5281/1/5281 5282/1/5282 5283/1/5283 5284/1/5284
f 5285/1/5285 5286/1/5286 5287/1/5287 5288/1/5288
f 5289/1/5289 5290/1/5290 5291/1/5291 5292/1/5292
f 5293/1/5293 5294/1/5294 5295/1/5295 5296/1/5296
f 5297/1/5297 5298/1/5298 5299/1/5299 5300/1/5300
f 5301/1/5301 5302/1/5302 5303/1/5303 5304/1/5304
f 5305/1/5305 5306/1/5306 5307/1/5307 5308/1/5308
f 5309/1/5309 5310/1/5310 5311/1/5311 5312/1/5312
f 5313/1/5313 5314/1/5314 5315/1/5315 5316/1/5316
f 5317/1/5317 5318/1/5318 5319/1/5319 5320/1/5320
f 5321/1/5321 5322/1/5322 5323/1/5323 5324/1/5324
f 5325/1/5325 5326/1/5326 5327/1/5327 5328/1/5328
f 5329/1/5329 5330/1/5330 5331/1/5331 5332/1/5332
f 5333/1/5333 5334/1/5334 5335/1/5335 5336/1/5336
f 5337/1/5337 5338/1/5338 5339/1/5339 5340/1/5340
f 5341/1/5341 5342/1/5342 5343/1/5343 5344/1/5344
f 5345/1/5345 5346/1/5346 5347/1/5347 5348/1/5348
f 5349/1/5349 5350/1/5350 5351/1/5351 5352/1/5352
f 5353/1/5353 5354/1/5354 5355/1/5355 5356/1/5356
f 5357/1/5357 5358/1/5358 5359/1/5359 5360/1/5360
f 5361/1/5361 5362/1/5362 5363/1/5363 5364/1/5364
f 5365/1/5365 5366/1/5366 5367/1/5367 5368/1/5368
f 5369/1/5369 5370/1/5370 5371/1/5371 5372/1/5372
f 5373/1/5373 5374/1/5374 5375/1/5375 5376/1/5376
f 5377/1/5377 5378/1/5378 5379/1/5379 5380/1/5380
f 5381/1/5381 5382/1/5382 5383/1/5383 5384/1/5384
f 5385/1/5385 5386/1/5386 5387/1/5387 5388/1/5388
f 5389/1/5389 5390/1/5390 5391/1/5391 5392/1/5392
usemtl ceramic_shadow
f 5393/1/5393 5394/1/5394 5395/1/5395 5396/1/5396
f 5397/1/5397 5398/1/5398 5399/1/5399 5400/1/5400
f 5401/1/5401 5402/1/5402 5403/1/5403 5404/1/5404
f 5405/1/5405 5406/1/5406 5407/1/5407 5408/1/5408
f 5409/1/5409 5410/1/5410 5411/1/5411 5412/1/5412
f 5413/1/5413 5414/1/5414 5415/1/5415 5416/1/5416
f 5417/1/5417 5418/1/5418 5419/1/5419 5420/1/5420
f 5421/1/5421 5422/1/5422 5423/1/5423 5424/1/5424
f 5425/1/5425 5426/1/5426 5427/1/5427 5428/1/5428
f 5429/1/5429 5430/1/5430 5431/1/5431 5432/1/5432
f 5433/1/5433 5434/1/5434 5435/1/5435 5436/1/5436
f 5437/1/5437 5438/1/5438 5439/1/5439 5440/1/5440
f 5441/1/5441 5442/1/5442 5443/1/5443 5444/1/5444
f 5445/1/5445 5446/1/5446 5447/1/5447 5448/1/5448
f 5449/1/5449 5450/1/5450 5451/1/5451 5452/1/5452
f 5453/1/5453 5454/1/5454 5455/1/5455 5456/1/5456
f 5457/1/5457 5458/1/5458 5459/1/5459 5460/1/5460
f 5461/1/5461 5462/1/5462 5463/1/5463 5464/1/5464
f 5465/1/5465 5466/1/5466 5467/1/5467 5468/1/5468
f 5469/1/5469 5470/1/5470 5471/1/5471 5472/1/5472
f 5473/1/5473 5474/1/5474 5475/1/5475 5476/1/5476
f 5477/1/5477 5478/1/5478 5479/1/5479 5480/1/5480
f 5481/1/5481 5482/1/5482 5483/1/5483 5484/1/5484
f 5485/1/5485 5486/1/5486 5487/1/5487 5488/1/5488
f 5489/1/5489 5490/1/5490 5491/1/5491 5492/1/5492
f 5493/1/5493 5494/1/5494 5495/1/5495 5496/1/5496
f 5497/1/5497 5498/1/5498 5499/1/5499 5500/1/5500
f 5501/1/5501 5502/1/5502 5503/1/5503 5504/1/5504
f 5505/1/5505 5506/1/5506 5507/1/5507 5508/1/5508
f 5509/1/5509 5510/1/5510 5511/1/5511 5512/1/5512
f 5513/1/5513 5514/1/5514 5515/1/5515 5516/1/5516
f 5517/1/5517 5518/1/5518 5519/1/5519 5520/1/5520
f 5521/1/5521 5522/1/5522 5523/1/5523 5524/1/5524
f 5525/1/5525 5526/1/5526 5527/1/5527 5528/1/5528
f 5529/1/5529 5530/1/5530 5531/1/5531 5532/1/5532
f 5533/1/5533 5534/1/5534 5535/1/5535 5536/1/5536
f 5537/1/5537 5538/1/5538 5539/1/5539 5540/1/5540
f 5541/1/5541 5542/1/5542 5543/1/5543 5544/1/5544
f 5545/1/5545 5546/1/5546 5547/1/5547 5548/1/5548
f 5549/1/5549 5550/1/5550 5551/1/5551 5552/1/5552
f 5553/1/5553 5554/1/5554 5555/1/5555 5556/1/5556
f 5557/1/5557 5558/1/5558 5559/1/5559 5560/1/5560
f 5561/1/5561 5562/1/5562 5563/1/5563 5564/1/5564
f 5565/1/5565 5566/1/5566 5567/1/5567 5568/1/5568
f 5569/1/5569 5570/1/5570 5571/1/5571 5572/1/5572
f 5573/1/5573 5574/1/5574 5575/1/5575 5576/1/5576
f 5577/1/5577 5578/1/5578 5579/1/5579 5580/1/5580
f 5581/1/5581 5582/1/5582 5583/1/5583 5584/1/5584
f 5585/1/5585 5586/1/5586 5587/1/5587 5588/1/5588
f 5589/1/5589 5590/1/5590 5591/1/5591 5592/1/5592
f 5593/1/5593 5594/1/5594 5595/1/5595 5596/1/5596
f 5597/1/5597 5598/1/5598 5599/1/5599 5600/1/5600
f 5601/1/5601 5602/1/5602 5603/1/5603 5604/1/5604
f 5605/1/5605 5606/1/5606 5607/1/5607 5608/1/5608
f 5609/1/5609 5610/1/5610 5611/1/5611 5612/1/5612
f 5613/1/5613 5614/1/5614 5615/1/5615 5616/1/5616
f 5617/1/5617 5618/1/5618 5619/1/5619 5620/1/5620
f 5621/1/5621 5622/1/5622 5623/1/5623 5624/1/5624
f 5625/1/5625 5626/1/5626 5627/1/5627 5628/1/5628
f 5629/1/5629 5630/1/5630 5631/1/5631 5632/1/5632
f 5633/1/5633 5634/1/5634 5635/1/5635 5636/1/5636
f 5637/1/5637 5638/1/5638 5639/1/5639 5640/1/5640
f 5641/1/5641 5642/1/5642 5643/1/5643 5644/1/5644
f 5645/1/5645 5646/1/5646 5647/1/5647 5648/1/5648
f 5649/1/5649 5650/1/5650 5651/1/5651 5652/1/5652
f 5653/1/5653 5654/1/5654 5655/1/5655 5656/1/5656
f 5657/1/5657 5658/1/5658 5659/1/5659 5660/1/5660
f 5661/1/5661 5662/1/5662 5663/1/5663 5664/1/5664
f 5665/1/5665 5666/1/5666 5667/1/5667 5668/1/5668
f 5669/1/5669 5670/1/5670 5671/1/5671 5672/1/5672
f 5673/1/5673 5674/1/5674 5675/1/5675 5676/1/5676
f 5677/1/5677 5678/1/5678 5679/1/5679 5680/1/5680
f 5681/1/5681 5682/1/5682 5683/1/5683 5684/1/5684
f 5685/1/5685 5686/1/5686 5687/1/5687 5688/1/5688
f 5689/1/5689 5690/1/5690 5691/1/5691 5692/1/5692
f 5693/1/5693 5694/1/5694 5695/1/5695 5696/1/5696
f 5697/1/5697 5698/1/5698 5699/1/5699 5700/1/5700
f 5701/1/5701 5702/1/5702 5703/1/5703 5704/1/5704
f 5705/1/5705 5706/1/5706 5707/1/5707 5708/1/5708
f 5709/1/5709 5710/1/5710 5711/1/5711 5712/1/5712
f 5713/1/5713 5714/1/5714 5715/1/5715 5716/1/5716
f 5717/1/5717 5718/1/5718 5719/1/5719 5720/1/5720
f 5721/1/5721 5722/1/5722 5723/1/5723 5724/1/5724
f 5725/1/5725 5726/1/5726 5727/1/5727 5728/1/5728
f 5729/1/5729 5730/1/5730 5731/1/5731 5732/1/5732
f 5733/1/5733 5734/1/5734 5735/1/5735 5736/1/5736
f 5737/1/5737 5738/1/5738 5739/1/5739 5740/1/5740
f 5741/1/5741 5742/1/5742 5743/1/5743 5744/1/5744
f 5745/1/5745 5746/1/5746 5747/1/5747 5748/1/5748
f 5749/1/5749 5750/1/5750 5751/1/5751 5752/1/5752
f 5753/1/5753 5754/1/5754 5755/1/5755 5756/1/5756
f 5757/1/5757 5758/1/5758 5759/1/5759 5760/1/5760
f 5761/1/5761 5762/1/5762 5763/1/5763 5764/1/5764
f 5765/1/5765 5766/1/5766 5767/1/5767 5768/1/5768
f 5769/1/5769 5770/1/5770 5771/1/5771 5772/1/5772
f 5773/1/5773 5774/1/5774 5775/1/5775 5776/1/5776
usemtl gold
f 5777/1/5777 5778/1/5778 5779/1/5779 5780/1/5780
f 5781/1/5781 5782/1/5782 5783/1/5783 5784/1/5784
f 5785/1/5785 5786/1/5786 5787/1/5787 5788/1/5788
f 5789/1/5789 5790/1/5790 5791/1/5791 5792/1/5792
f 5793/1/5793 5794/1/5794 5795/1/5795 5796/1/5796
f 5797/1/5797 5798/1/5798 5799/1/5799 5800/1/5800
f 5801/1/5801 5802/1/5802 5803/1/5803 5804/1/5804
f 5805/1/5805 5806/1/5806 5807/1/5807 5808/1/5808
f 5809/1/5809 5810/1/5810 5811/1/5811 5812/1/5812
f 5813/1/5813 5814/1/5814 5815/1/5815 5816/1/5816
f 5817/1/5817 5818/1/5818 5819/1/5819 5820/1/5820
f 5821/1/5821 5822/1/5822 5823/1/5823 5824/1/5824
f 5825/1/5825 5826/1/5826 5827/1/5827 5828/1/5828
f 5829/1/5829 5830/1/5830 5831/1/5831 5832/1/5832
f 5833/1/5833 5834/1/5834 5835/1/5835 5836/1/5836
f 5837/1/5837 5838/1/5838 5839/1/5839 5840/1/5840
f 5841/1/5841 5842/1/5842 5843/1/5843 5844/1/5844
f 5845/1/5845 5846/1/5846 5847/1/5847 5848/1/5848
f 5849/1/5849 5850/1/5850 5851/1/5851 5852/1/5852
f 5853/1/5853 5854/1/5854 5855/1/5855 5856/1/5856
f 5857/1/5857 5858/1/5858 5859/1/5859 5860/1/5860
f 5861/1/5861 5862/1/5862 5863/1/5863 5864/1/5864
f 5865/1/5865 5866/1/5866 5867/1/5867 5868/1/5868
f 5869/1/5869 5870/1/5870 5871/1/5871 5872/1/5872
f 5873/1/5873 5874/1/5874 5875/1/5875 5876/1/5876
f 5877/1/5877 5878/1/5878 5879/1/5879 5880/1/5880
f 5881/1/5881 5882/1/5882 5883/1/5883 5884/1/5884
f 5885/1/5885 5886/1/5886 5887/1/5887 5888/1/5888
f 5889/1/5889 5890/1/5890 5891/1/5891 5892/1/5892
f 5893/1/5893 5894/1/5894 5895/1/5895 5896/1/5896
f 5897/1/5897 5898/1/5898 5899/1/5899 5900/1/5900
f 5901/1/5901 5902/1/5902 5903/1/5903 5904/1/5904
f 5905/1/5905 5906/1/5906 5907/1/5907 5908/1/5908
f 5909/1/5909 5910/1/5910 5911/1/5911 5912/1/5912
f 5913/1/5913 5914/1/5914 5915/1/5915 5916/1/5916
f 5917/1/5917 5918/1/5918 5919/1/5919 5920/1/5920
f 5921/1/5921 5922/1/5922 5923/1/5923 5924/1/5924
f 5925/1/5925 5926/1/5926 5927/1/5927 5928/1/5928
f 5929/1/5929 5930/1/5930 5931/1/5931 5932/1/5932
f 5933/1/5933 5934/1/5934 5935/1/5935 5936/1/5936
g shell_1_gold_inlay
usemtl gold_edge
f 5937/1/5937 5938/1/5938 5939/1/5939 5940/1/5940
f 5941/1/5941 5942/1/5942 5943/1/5943 5944/1/5944
f 5945/1/5945 5946/1/5946 5947/1/5947 5948/1/5948
f 5949/1/5949 5950/1/5950 5951/1/5951 5952/1/5952
f 5953/1/5953 5954/1/5954 5955/1/5955 5956/1/5956
f 5957/1/5957 5958/1/5958 5959/1/5959 5960/1/5960
f 5961/1/5961 5962/1/5962 5963/1/5963 5964/1/5964
f 5965/1/5965 5966/1/5966 5967/1/5967 5968/1/5968
f 5969/1/5969 5970/1/5970 5971/1/5971 5972/1/5972
f 5973/1/5973 5974/1/5974 5975/1/5975 5976/1/5976
f 5977/1/5977 5978/1/5978 5979/1/5979 5980/1/5980
f 5981/1/5981 5982/1/5982 5983/1/5983 5984/1/5984
f 5985/1/5985 5986/1/5986 5987/1/5987 5988/1/5988
f 5989/1/5989 5990/1/5990 5991/1/5991 5992/1/5992
f 5993/1/5993 5994/1/5994 5995/1/5995 5996/1/5996
f 5997/1/5997 5998/1/5998 5999/1/5999 6000/1/6000
f 6001/1/6001 6002/1/6002 6003/1/6003 6004/1/6004
f 6005/1/6005 6006/1/6006 6007/1/6007 6008/1/6008
f 6009/1/6009 6010/1/6010 6011/1/6011 6012/1/6012
f 6013/1/6013 6014/1/6014 6015/1/6015 6016/1/6016
f 6017/1/6017 6018/1/6018 6019/1/6019 6020/1/6020
f 6021/1/6021 6022/1/6022 6023/1/6023 6024/1/6024
f 6025/1/6025 6026/1/6026 6027/1/6027 6028/1/6028
f 6029/1/6029 6030/1/6030 6031/1/6031 6032/1/6032
f 6033/1/6033 6034/1/6034 6035/1/6035 6036/1/6036
f 6037/1/6037 6038/1/6038 6039/1/6039 6040/1/6040
f 6041/1/6041 6042/1/6042 6043/1/6043 6044/1/6044
f 6045/1/6045 6046/1/6046 6047/1/6047 6048/1/6048
usemtl navy
f 6049/1/6049 6050/1/6050 6051/1/6051 6052/1/6052
f 6053/1/6053 6054/1/6054 6055/1/6055 6056/1/6056
f 6057/1/6057 6058/1/6058 6059/1/6059 6060/1/6060
f 6061/1/6061 6062/1/6062 6063/1/6063 6064/1/6064
f 6065/1/6065 6066/1/6066 6067/1/6067 6068/1/6068
f 6069/1/6069 6070/1/6070 6071/1/6071 6072/1/6072
f 6073/1/6073 6074/1/6074 6075/1/6075 6076/1/6076
f 6077/1/6077 6078/1/6078 6079/1/6079 6080/1/6080
f 6081/1/6081 6082/1/6082 6083/1/6083 6084/1/6084
f 6085/1/6085 6086/1/6086 6087/1/6087 6088/1/6088
usemtl mana_light
f 6089/1/6089 6090/1/6090 6091/1/6091 6092/1/6092
f 6093/1/6093 6094/1/6094 6095/1/6095 6096/1/6096
f 6097/1/6097 6098/1/6098 6099/1/6099 6100/1/6100
f 6101/1/6101 6102/1/6102 6103/1/6103 6104/1/6104
f 6105/1/6105 6106/1/6106 6107/1/6107 6108/1/6108
f 6109/1/6109 6110/1/6110 6111/1/6111 6112/1/6112
f 6113/1/6113 6114/1/6114 6115/1/6115 6116/1/6116
f 6117/1/6117 6118/1/6118 6119/1/6119 6120/1/6120
usemtl gold
f 6121/1/6121 6122/1/6122 6123/1/6123 6124/1/6124
f 6125/1/6125 6126/1/6126 6127/1/6127 6128/1/6128
g shell_2_ceramic_petal
usemtl ceramic
f 6129/1/6129 6130/1/6130 6131/1/6131 6132/1/6132
f 6133/1/6133 6134/1/6134 6135/1/6135 6136/1/6136
f 6137/1/6137 6138/1/6138 6139/1/6139 6140/1/6140
f 6141/1/6141 6142/1/6142 6143/1/6143 6144/1/6144
f 6145/1/6145 6146/1/6146 6147/1/6147 6148/1/6148
f 6149/1/6149 6150/1/6150 6151/1/6151 6152/1/6152
f 6153/1/6153 6154/1/6154 6155/1/6155 6156/1/6156
f 6157/1/6157 6158/1/6158 6159/1/6159 6160/1/6160
f 6161/1/6161 6162/1/6162 6163/1/6163 6164/1/6164
f 6165/1/6165 6166/1/6166 6167/1/6167 6168/1/6168
f 6169/1/6169 6170/1/6170 6171/1/6171 6172/1/6172
f 6173/1/6173 6174/1/6174 6175/1/6175 6176/1/6176
f 6177/1/6177 6178/1/6178 6179/1/6179 6180/1/6180
f 6181/1/6181 6182/1/6182 6183/1/6183 6184/1/6184
f 6185/1/6185 6186/1/6186 6187/1/6187 6188/1/6188
f 6189/1/6189 6190/1/6190 6191/1/6191 6192/1/6192
f 6193/1/6193 6194/1/6194 6195/1/6195 6196/1/6196
f 6197/1/6197 6198/1/6198 6199/1/6199 6200/1/6200
f 6201/1/6201 6202/1/6202 6203/1/6203 6204/1/6204
f 6205/1/6205 6206/1/6206 6207/1/6207 6208/1/6208
f 6209/1/6209 6210/1/6210 6211/1/6211 6212/1/6212
f 6213/1/6213 6214/1/6214 6215/1/6215 6216/1/6216
f 6217/1/6217 6218/1/6218 6219/1/6219 6220/1/6220
f 6221/1/6221 6222/1/6222 6223/1/6223 6224/1/6224
f 6225/1/6225 6226/1/6226 6227/1/6227 6228/1/6228
f 6229/1/6229 6230/1/6230 6231/1/6231 6232/1/6232
f 6233/1/6233 6234/1/6234 6235/1/6235 6236/1/6236
f 6237/1/6237 6238/1/6238 6239/1/6239 6240/1/6240
f 6241/1/6241 6242/1/6242 6243/1/6243 6244/1/6244
f 6245/1/6245 6246/1/6246 6247/1/6247 6248/1/6248
f 6249/1/6249 6250/1/6250 6251/1/6251 6252/1/6252
f 6253/1/6253 6254/1/6254 6255/1/6255 6256/1/6256
f 6257/1/6257 6258/1/6258 6259/1/6259 6260/1/6260
f 6261/1/6261 6262/1/6262 6263/1/6263 6264/1/6264
f 6265/1/6265 6266/1/6266 6267/1/6267 6268/1/6268
f 6269/1/6269 6270/1/6270 6271/1/6271 6272/1/6272
f 6273/1/6273 6274/1/6274 6275/1/6275 6276/1/6276
f 6277/1/6277 6278/1/6278 6279/1/6279 6280/1/6280
f 6281/1/6281 6282/1/6282 6283/1/6283 6284/1/6284
f 6285/1/6285 6286/1/6286 6287/1/6287 6288/1/6288
f 6289/1/6289 6290/1/6290 6291/1/6291 6292/1/6292
f 6293/1/6293 6294/1/6294 6295/1/6295 6296/1/6296
f 6297/1/6297 6298/1/6298 6299/1/6299 6300/1/6300
f 6301/1/6301 6302/1/6302 6303/1/6303 6304/1/6304
f 6305/1/6305 6306/1/6306 6307/1/6307 6308/1/6308
f 6309/1/6309 6310/1/6310 6311/1/6311 6312/1/6312
f 6313/1/6313 6314/1/6314 6315/1/6315 6316/1/6316
f 6317/1/6317 6318/1/6318 6319/1/6319 6320/1/6320
f 6321/1/6321 6322/1/6322 6323/1/6323 6324/1/6324
f 6325/1/6325 6326/1/6326 6327/1/6327 6328/1/6328
f 6329/1/6329 6330/1/6330 6331/1/6331 6332/1/6332
f 6333/1/6333 6334/1/6334 6335/1/6335 6336/1/6336
f 6337/1/6337 6338/1/6338 6339/1/6339 6340/1/6340
f 6341/1/6341 6342/1/6342 6343/1/6343 6344/1/6344
f 6345/1/6345 6346/1/6346 6347/1/6347 6348/1/6348
f 6349/1/6349 6350/1/6350 6351/1/6351 6352/1/6352
f 6353/1/6353 6354/1/6354 6355/1/6355 6356/1/6356
f 6357/1/6357 6358/1/6358 6359/1/6359 6360/1/6360
f 6361/1/6361 6362/1/6362 6363/1/6363 6364/1/6364
f 6365/1/6365 6366/1/6366 6367/1/6367 6368/1/6368
f 6369/1/6369 6370/1/6370 6371/1/6371 6372/1/6372
f 6373/1/6373 6374/1/6374 6375/1/6375 6376/1/6376
f 6377/1/6377 6378/1/6378 6379/1/6379 6380/1/6380
f 6381/1/6381 6382/1/6382 6383/1/6383 6384/1/6384
f 6385/1/6385 6386/1/6386 6387/1/6387 6388/1/6388
f 6389/1/6389 6390/1/6390 6391/1/6391 6392/1/6392
f 6393/1/6393 6394/1/6394 6395/1/6395 6396/1/6396
f 6397/1/6397 6398/1/6398 6399/1/6399 6400/1/6400
f 6401/1/6401 6402/1/6402 6403/1/6403 6404/1/6404
f 6405/1/6405 6406/1/6406 6407/1/6407 6408/1/6408
f 6409/1/6409 6410/1/6410 6411/1/6411 6412/1/6412
f 6413/1/6413 6414/1/6414 6415/1/6415 6416/1/6416
f 6417/1/6417 6418/1/6418 6419/1/6419 6420/1/6420
f 6421/1/6421 6422/1/6422 6423/1/6423 6424/1/6424
f 6425/1/6425 6426/1/6426 6427/1/6427 6428/1/6428
f 6429/1/6429 6430/1/6430 6431/1/6431 6432/1/6432
f 6433/1/6433 6434/1/6434 6435/1/6435 6436/1/6436
f 6437/1/6437 6438/1/6438 6439/1/6439 6440/1/6440
f 6441/1/6441 6442/1/6442 6443/1/6443 6444/1/6444
f 6445/1/6445 6446/1/6446 6447/1/6447 6448/1/6448
f 6449/1/6449 6450/1/6450 6451/1/6451 6452/1/6452
f 6453/1/6453 6454/1/6454 6455/1/6455 6456/1/6456
f 6457/1/6457 6458/1/6458 6459/1/6459 6460/1/6460
f 6461/1/6461 6462/1/6462 6463/1/6463 6464/1/6464
f 6465/1/6465 6466/1/6466 6467/1/6467 6468/1/6468
f 6469/1/6469 6470/1/6470 6471/1/6471 6472/1/6472
f 6473/1/6473 6474/1/6474 6475/1/6475 6476/1/6476
f 6477/1/6477 6478/1/6478 6479/1/6479 6480/1/6480
f 6481/1/6481 6482/1/6482 6483/1/6483 6484/1/6484
f 6485/1/6485 6486/1/6486 6487/1/6487 6488/1/6488
f 6489/1/6489 6490/1/6490 6491/1/6491 6492/1/6492
f 6493/1/6493 6494/1/6494 6495/1/6495 6496/1/6496
f 6497/1/6497 6498/1/6498 6499/1/6499 6500/1/6500
f 6501/1/6501 6502/1/6502 6503/1/6503 6504/1/6504
f 6505/1/6505 6506/1/6506 6507/1/6507 6508/1/6508
f 6509/1/6509 6510/1/6510 6511/1/6511 6512/1/6512
usemtl ceramic_shadow
f 6513/1/6513 6514/1/6514 6515/1/6515 6516/1/6516
f 6517/1/6517 6518/1/6518 6519/1/6519 6520/1/6520
f 6521/1/6521 6522/1/6522 6523/1/6523 6524/1/6524
f 6525/1/6525 6526/1/6526 6527/1/6527 6528/1/6528
f 6529/1/6529 6530/1/6530 6531/1/6531 6532/1/6532
f 6533/1/6533 6534/1/6534 6535/1/6535 6536/1/6536
f 6537/1/6537 6538/1/6538 6539/1/6539 6540/1/6540
f 6541/1/6541 6542/1/6542 6543/1/6543 6544/1/6544
f 6545/1/6545 6546/1/6546 6547/1/6547 6548/1/6548
f 6549/1/6549 6550/1/6550 6551/1/6551 6552/1/6552
f 6553/1/6553 6554/1/6554 6555/1/6555 6556/1/6556
f 6557/1/6557 6558/1/6558 6559/1/6559 6560/1/6560
f 6561/1/6561 6562/1/6562 6563/1/6563 6564/1/6564
f 6565/1/6565 6566/1/6566 6567/1/6567 6568/1/6568
f 6569/1/6569 6570/1/6570 6571/1/6571 6572/1/6572
f 6573/1/6573 6574/1/6574 6575/1/6575 6576/1/6576
f 6577/1/6577 6578/1/6578 6579/1/6579 6580/1/6580
f 6581/1/6581 6582/1/6582 6583/1/6583 6584/1/6584
f 6585/1/6585 6586/1/6586 6587/1/6587 6588/1/6588
f 6589/1/6589 6590/1/6590 6591/1/6591 6592/1/6592
f 6593/1/6593 6594/1/6594 6595/1/6595 6596/1/6596
f 6597/1/6597 6598/1/6598 6599/1/6599 6600/1/6600
f 6601/1/6601 6602/1/6602 6603/1/6603 6604/1/6604
f 6605/1/6605 6606/1/6606 6607/1/6607 6608/1/6608
f 6609/1/6609 6610/1/6610 6611/1/6611 6612/1/6612
f 6613/1/6613 6614/1/6614 6615/1/6615 6616/1/6616
f 6617/1/6617 6618/1/6618 6619/1/6619 6620/1/6620
f 6621/1/6621 6622/1/6622 6623/1/6623 6624/1/6624
f 6625/1/6625 6626/1/6626 6627/1/6627 6628/1/6628
f 6629/1/6629 6630/1/6630 6631/1/6631 6632/1/6632
f 6633/1/6633 6634/1/6634 6635/1/6635 6636/1/6636
f 6637/1/6637 6638/1/6638 6639/1/6639 6640/1/6640
f 6641/1/6641 6642/1/6642 6643/1/6643 6644/1/6644
f 6645/1/6645 6646/1/6646 6647/1/6647 6648/1/6648
f 6649/1/6649 6650/1/6650 6651/1/6651 6652/1/6652
f 6653/1/6653 6654/1/6654 6655/1/6655 6656/1/6656
f 6657/1/6657 6658/1/6658 6659/1/6659 6660/1/6660
f 6661/1/6661 6662/1/6662 6663/1/6663 6664/1/6664
f 6665/1/6665 6666/1/6666 6667/1/6667 6668/1/6668
f 6669/1/6669 6670/1/6670 6671/1/6671 6672/1/6672
f 6673/1/6673 6674/1/6674 6675/1/6675 6676/1/6676
f 6677/1/6677 6678/1/6678 6679/1/6679 6680/1/6680
f 6681/1/6681 6682/1/6682 6683/1/6683 6684/1/6684
f 6685/1/6685 6686/1/6686 6687/1/6687 6688/1/6688
f 6689/1/6689 6690/1/6690 6691/1/6691 6692/1/6692
f 6693/1/6693 6694/1/6694 6695/1/6695 6696/1/6696
f 6697/1/6697 6698/1/6698 6699/1/6699 6700/1/6700
f 6701/1/6701 6702/1/6702 6703/1/6703 6704/1/6704
f 6705/1/6705 6706/1/6706 6707/1/6707 6708/1/6708
f 6709/1/6709 6710/1/6710 6711/1/6711 6712/1/6712
f 6713/1/6713 6714/1/6714 6715/1/6715 6716/1/6716
f 6717/1/6717 6718/1/6718 6719/1/6719 6720/1/6720
f 6721/1/6721 6722/1/6722 6723/1/6723 6724/1/6724
f 6725/1/6725 6726/1/6726 6727/1/6727 6728/1/6728
f 6729/1/6729 6730/1/6730 6731/1/6731 6732/1/6732
f 6733/1/6733 6734/1/6734 6735/1/6735 6736/1/6736
f 6737/1/6737 6738/1/6738 6739/1/6739 6740/1/6740
f 6741/1/6741 6742/1/6742 6743/1/6743 6744/1/6744
f 6745/1/6745 6746/1/6746 6747/1/6747 6748/1/6748
f 6749/1/6749 6750/1/6750 6751/1/6751 6752/1/6752
f 6753/1/6753 6754/1/6754 6755/1/6755 6756/1/6756
f 6757/1/6757 6758/1/6758 6759/1/6759 6760/1/6760
f 6761/1/6761 6762/1/6762 6763/1/6763 6764/1/6764
f 6765/1/6765 6766/1/6766 6767/1/6767 6768/1/6768
f 6769/1/6769 6770/1/6770 6771/1/6771 6772/1/6772
f 6773/1/6773 6774/1/6774 6775/1/6775 6776/1/6776
f 6777/1/6777 6778/1/6778 6779/1/6779 6780/1/6780
f 6781/1/6781 6782/1/6782 6783/1/6783 6784/1/6784
f 6785/1/6785 6786/1/6786 6787/1/6787 6788/1/6788
f 6789/1/6789 6790/1/6790 6791/1/6791 6792/1/6792
f 6793/1/6793 6794/1/6794 6795/1/6795 6796/1/6796
f 6797/1/6797 6798/1/6798 6799/1/6799 6800/1/6800
f 6801/1/6801 6802/1/6802 6803/1/6803 6804/1/6804
f 6805/1/6805 6806/1/6806 6807/1/6807 6808/1/6808
f 6809/1/6809 6810/1/6810 6811/1/6811 6812/1/6812
f 6813/1/6813 6814/1/6814 6815/1/6815 6816/1/6816
f 6817/1/6817 6818/1/6818 6819/1/6819 6820/1/6820
f 6821/1/6821 6822/1/6822 6823/1/6823 6824/1/6824
f 6825/1/6825 6826/1/6826 6827/1/6827 6828/1/6828
f 6829/1/6829 6830/1/6830 6831/1/6831 6832/1/6832
f 6833/1/6833 6834/1/6834 6835/1/6835 6836/1/6836
f 6837/1/6837 6838/1/6838 6839/1/6839 6840/1/6840
f 6841/1/6841 6842/1/6842 6843/1/6843 6844/1/6844
f 6845/1/6845 6846/1/6846 6847/1/6847 6848/1/6848
f 6849/1/6849 6850/1/6850 6851/1/6851 6852/1/6852
f 6853/1/6853 6854/1/6854 6855/1/6855 6856/1/6856
f 6857/1/6857 6858/1/6858 6859/1/6859 6860/1/6860
f 6861/1/6861 6862/1/6862 6863/1/6863 6864/1/6864
f 6865/1/6865 6866/1/6866 6867/1/6867 6868/1/6868
f 6869/1/6869 6870/1/6870 6871/1/6871 6872/1/6872
f 6873/1/6873 6874/1/6874 6875/1/6875 6876/1/6876
f 6877/1/6877 6878/1/6878 6879/1/6879 6880/1/6880
f 6881/1/6881 6882/1/6882 6883/1/6883 6884/1/6884
f 6885/1/6885 6886/1/6886 6887/1/6887 6888/1/6888
f 6889/1/6889 6890/1/6890 6891/1/6891 6892/1/6892
f 6893/1/6893 6894/1/6894 6895/1/6895 6896/1/6896
usemtl gold
f 6897/1/6897 6898/1/6898 6899/1/6899 6900/1/6900
f 6901/1/6901 6902/1/6902 6903/1/6903 6904/1/6904
f 6905/1/6905 6906/1/6906 6907/1/6907 6908/1/6908
f 6909/1/6909 6910/1/6910 6911/1/6911 6912/1/6912
f 6913/1/6913 6914/1/6914 6915/1/6915 6916/1/6916
f 6917/1/6917 6918/1/6918 6919/1/6919 6920/1/6920
f 6921/1/6921 6922/1/6922 6923/1/6923 6924/1/6924
f 6925/1/6925 6926/1/6926 6927/1/6927 6928/1/6928
f 6929/1/6929 6930/1/6930 6931/1/6931 6932/1/6932
f 6933/1/6933 6934/1/6934 6935/1/6935 6936/1/6936
f 6937/1/6937 6938/1/6938 6939/1/6939 6940/1/6940
f 6941/1/6941 6942/1/6942 6943/1/6943 6944/1/6944
f 6945/1/6945 6946/1/6946 6947/1/6947 6948/1/6948
f 6949/1/6949 6950/1/6950 6951/1/6951 6952/1/6952
f 6953/1/6953 6954/1/6954 6955/1/6955 6956/1/6956
f 6957/1/6957 6958/1/6958 6959/1/6959 6960/1/6960
f 6961/1/6961 6962/1/6962 6963/1/6963 6964/1/6964
f 6965/1/6965 6966/1/6966 6967/1/6967 6968/1/6968
f 6969/1/6969 6970/1/6970 6971/1/6971 6972/1/6972
f 6973/1/6973 6974/1/6974 6975/1/6975 6976/1/6976
f 6977/1/6977 6978/1/6978 6979/1/6979 6980/1/6980
f 6981/1/6981 6982/1/6982 6983/1/6983 6984/1/6984
f 6985/1/6985 6986/1/6986 6987/1/6987 6988/1/6988
f 6989/1/6989 6990/1/6990 6991/1/6991 6992/1/6992
f 6993/1/6993 6994/1/6994 6995/1/6995 6996/1/6996
f 6997/1/6997 6998/1/6998 6999/1/6999 7000/1/7000
f 7001/1/7001 7002/1/7002 7003/1/7003 7004/1/7004
f 7005/1/7005 7006/1/7006 7007/1/7007 7008/1/7008
f 7009/1/7009 7010/1/7010 7011/1/7011 7012/1/7012
f 7013/1/7013 7014/1/7014 7015/1/7015 7016/1/7016
f 7017/1/7017 7018/1/7018 7019/1/7019 7020/1/7020
f 7021/1/7021 7022/1/7022 7023/1/7023 7024/1/7024
f 7025/1/7025 7026/1/7026 7027/1/7027 7028/1/7028
f 7029/1/7029 7030/1/7030 7031/1/7031 7032/1/7032
f 7033/1/7033 7034/1/7034 7035/1/7035 7036/1/7036
f 7037/1/7037 7038/1/7038 7039/1/7039 7040/1/7040
f 7041/1/7041 7042/1/7042 7043/1/7043 7044/1/7044
f 7045/1/7045 7046/1/7046 7047/1/7047 7048/1/7048
f 7049/1/7049 7050/1/7050 7051/1/7051 7052/1/7052
f 7053/1/7053 7054/1/7054 7055/1/7055 7056/1/7056
g shell_2_gold_inlay
usemtl gold_edge
f 7057/1/7057 7058/1/7058 7059/1/7059 7060/1/7060
f 7061/1/7061 7062/1/7062 7063/1/7063 7064/1/7064
f 7065/1/7065 7066/1/7066 7067/1/7067 7068/1/7068
f 7069/1/7069 7070/1/7070 7071/1/7071 7072/1/7072
f 7073/1/7073 7074/1/7074 7075/1/7075 7076/1/7076
f 7077/1/7077 7078/1/7078 7079/1/7079 7080/1/7080
f 7081/1/7081 7082/1/7082 7083/1/7083 7084/1/7084
f 7085/1/7085 7086/1/7086 7087/1/7087 7088/1/7088
f 7089/1/7089 7090/1/7090 7091/1/7091 7092/1/7092
f 7093/1/7093 7094/1/7094 7095/1/7095 7096/1/7096
f 7097/1/7097 7098/1/7098 7099/1/7099 7100/1/7100
f 7101/1/7101 7102/1/7102 7103/1/7103 7104/1/7104
f 7105/1/7105 7106/1/7106 7107/1/7107 7108/1/7108
f 7109/1/7109 7110/1/7110 7111/1/7111 7112/1/7112
f 7113/1/7113 7114/1/7114 7115/1/7115 7116/1/7116
f 7117/1/7117 7118/1/7118 7119/1/7119 7120/1/7120
f 7121/1/7121 7122/1/7122 7123/1/7123 7124/1/7124
f 7125/1/7125 7126/1/7126 7127/1/7127 7128/1/7128
f 7129/1/7129 7130/1/7130 7131/1/7131 7132/1/7132
f 7133/1/7133 7134/1/7134 7135/1/7135 7136/1/7136
f 7137/1/7137 7138/1/7138 7139/1/7139 7140/1/7140
f 7141/1/7141 7142/1/7142 7143/1/7143 7144/1/7144
f 7145/1/7145 7146/1/7146 7147/1/7147 7148/1/7148
f 7149/1/7149 7150/1/7150 7151/1/7151 7152/1/7152
f 7153/1/7153 7154/1/7154 7155/1/7155 7156/1/7156
f 7157/1/7157 7158/1/7158 7159/1/7159 7160/1/7160
f 7161/1/7161 7162/1/7162 7163/1/7163 7164/1/7164
f 7165/1/7165 7166/1/7166 7167/1/7167 7168/1/7168
usemtl navy
f 7169/1/7169 7170/1/7170 7171/1/7171 7172/1/7172
f 7173/1/7173 7174/1/7174 7175/1/7175 7176/1/7176
f 7177/1/7177 7178/1/7178 7179/1/7179 7180/1/7180
f 7181/1/7181 7182/1/7182 7183/1/7183 7184/1/7184
f 7185/1/7185 7186/1/7186 7187/1/7187 7188/1/7188
f 7189/1/7189 7190/1/7190 7191/1/7191 7192/1/7192
f 7193/1/7193 7194/1/7194 7195/1/7195 7196/1/7196
f 7197/1/7197 7198/1/7198 7199/1/7199 7200/1/7200
f 7201/1/7201 7202/1/7202 7203/1/7203 7204/1/7204
f 7205/1/7205 7206/1/7206 7207/1/7207 7208/1/7208
usemtl mana_light
f 7209/1/7209 7210/1/7210 7211/1/7211 7212/1/7212
f 7213/1/7213 7214/1/7214 7215/1/7215 7216/1/7216
f 7217/1/7217 7218/1/7218 7219/1/7219 7220/1/7220
f 7221/1/7221 7222/1/7222 7223/1/7223 7224/1/7224
f 7225/1/7225 7226/1/7226 7227/1/7227 7228/1/7228
f 7229/1/7229 7230/1/7230 7231/1/7231 7232/1/7232
f 7233/1/7233 7234/1/7234 7235/1/7235 7236/1/7236
f 7237/1/7237 7238/1/7238 7239/1/7239 7240/1/7240
usemtl gold
f 7241/1/7241 7242/1/7242 7243/1/7243 7244/1/7244
f 7245/1/7245 7246/1/7246 7247/1/7247 7248/1/7248
g shell_3_ceramic_petal
usemtl ceramic
f 7249/1/7249 7250/1/7250 7251/1/7251 7252/1/7252
f 7253/1/7253 7254/1/7254 7255/1/7255 7256/1/7256
f 7257/1/7257 7258/1/7258 7259/1/7259 7260/1/7260
f 7261/1/7261 7262/1/7262 7263/1/7263 7264/1/7264
f 7265/1/7265 7266/1/7266 7267/1/7267 7268/1/7268
f 7269/1/7269 7270/1/7270 7271/1/7271 7272/1/7272
f 7273/1/7273 7274/1/7274 7275/1/7275 7276/1/7276
f 7277/1/7277 7278/1/7278 7279/1/7279 7280/1/7280
f 7281/1/7281 7282/1/7282 7283/1/7283 7284/1/7284
f 7285/1/7285 7286/1/7286 7287/1/7287 7288/1/7288
f 7289/1/7289 7290/1/7290 7291/1/7291 7292/1/7292
f 7293/1/7293 7294/1/7294 7295/1/7295 7296/1/7296
f 7297/1/7297 7298/1/7298 7299/1/7299 7300/1/7300
f 7301/1/7301 7302/1/7302 7303/1/7303 7304/1/7304
f 7305/1/7305 7306/1/7306 7307/1/7307 7308/1/7308
f 7309/1/7309 7310/1/7310 7311/1/7311 7312/1/7312
f 7313/1/7313 7314/1/7314 7315/1/7315 7316/1/7316
f 7317/1/7317 7318/1/7318 7319/1/7319 7320/1/7320
f 7321/1/7321 7322/1/7322 7323/1/7323 7324/1/7324
f 7325/1/7325 7326/1/7326 7327/1/7327 7328/1/7328
f 7329/1/7329 7330/1/7330 7331/1/7331 7332/1/7332
f 7333/1/7333 7334/1/7334 7335/1/7335 7336/1/7336
f 7337/1/7337 7338/1/7338 7339/1/7339 7340/1/7340
f 7341/1/7341 7342/1/7342 7343/1/7343 7344/1/7344
f 7345/1/7345 7346/1/7346 7347/1/7347 7348/1/7348
f 7349/1/7349 7350/1/7350 7351/1/7351 7352/1/7352
f 7353/1/7353 7354/1/7354 7355/1/7355 7356/1/7356
f 7357/1/7357 7358/1/7358 7359/1/7359 7360/1/7360
f 7361/1/7361 7362/1/7362 7363/1/7363 7364/1/7364
f 7365/1/7365 7366/1/7366 7367/1/7367 7368/1/7368
f 7369/1/7369 7370/1/7370 7371/1/7371 7372/1/7372
f 7373/1/7373 7374/1/7374 7375/1/7375 7376/1/7376
f 7377/1/7377 7378/1/7378 7379/1/7379 7380/1/7380
f 7381/1/7381 7382/1/7382 7383/1/7383 7384/1/7384
f 7385/1/7385 7386/1/7386 7387/1/7387 7388/1/7388
f 7389/1/7389 7390/1/7390 7391/1/7391 7392/1/7392
f 7393/1/7393 7394/1/7394 7395/1/7395 7396/1/7396
f 7397/1/7397 7398/1/7398 7399/1/7399 7400/1/7400
f 7401/1/7401 7402/1/7402 7403/1/7403 7404/1/7404
f 7405/1/7405 7406/1/7406 7407/1/7407 7408/1/7408
f 7409/1/7409 7410/1/7410 7411/1/7411 7412/1/7412
f 7413/1/7413 7414/1/7414 7415/1/7415 7416/1/7416
f 7417/1/7417 7418/1/7418 7419/1/7419 7420/1/7420
f 7421/1/7421 7422/1/7422 7423/1/7423 7424/1/7424
f 7425/1/7425 7426/1/7426 7427/1/7427 7428/1/7428
f 7429/1/7429 7430/1/7430 7431/1/7431 7432/1/7432
f 7433/1/7433 7434/1/7434 7435/1/7435 7436/1/7436
f 7437/1/7437 7438/1/7438 7439/1/7439 7440/1/7440
f 7441/1/7441 7442/1/7442 7443/1/7443 7444/1/7444
f 7445/1/7445 7446/1/7446 7447/1/7447 7448/1/7448
f 7449/1/7449 7450/1/7450 7451/1/7451 7452/1/7452
f 7453/1/7453 7454/1/7454 7455/1/7455 7456/1/7456
f 7457/1/7457 7458/1/7458 7459/1/7459 7460/1/7460
f 7461/1/7461 7462/1/7462 7463/1/7463 7464/1/7464
f 7465/1/7465 7466/1/7466 7467/1/7467 7468/1/7468
f 7469/1/7469 7470/1/7470 7471/1/7471 7472/1/7472
f 7473/1/7473 7474/1/7474 7475/1/7475 7476/1/7476
f 7477/1/7477 7478/1/7478 7479/1/7479 7480/1/7480
f 7481/1/7481 7482/1/7482 7483/1/7483 7484/1/7484
f 7485/1/7485 7486/1/7486 7487/1/7487 7488/1/7488
f 7489/1/7489 7490/1/7490 7491/1/7491 7492/1/7492
f 7493/1/7493 7494/1/7494 7495/1/7495 7496/1/7496
f 7497/1/7497 7498/1/7498 7499/1/7499 7500/1/7500
f 7501/1/7501 7502/1/7502 7503/1/7503 7504/1/7504
f 7505/1/7505 7506/1/7506 7507/1/7507 7508/1/7508
f 7509/1/7509 7510/1/7510 7511/1/7511 7512/1/7512
f 7513/1/7513 7514/1/7514 7515/1/7515 7516/1/7516
f 7517/1/7517 7518/1/7518 7519/1/7519 7520/1/7520
f 7521/1/7521 7522/1/7522 7523/1/7523 7524/1/7524
f 7525/1/7525 7526/1/7526 7527/1/7527 7528/1/7528
f 7529/1/7529 7530/1/7530 7531/1/7531 7532/1/7532
f 7533/1/7533 7534/1/7534 7535/1/7535 7536/1/7536
f 7537/1/7537 7538/1/7538 7539/1/7539 7540/1/7540
f 7541/1/7541 7542/1/7542 7543/1/7543 7544/1/7544
f 7545/1/7545 7546/1/7546 7547/1/7547 7548/1/7548
f 7549/1/7549 7550/1/7550 7551/1/7551 7552/1/7552
f 7553/1/7553 7554/1/7554 7555/1/7555 7556/1/7556
f 7557/1/7557 7558/1/7558 7559/1/7559 7560/1/7560
f 7561/1/7561 7562/1/7562 7563/1/7563 7564/1/7564
f 7565/1/7565 7566/1/7566 7567/1/7567 7568/1/7568
f 7569/1/7569 7570/1/7570 7571/1/7571 7572/1/7572
f 7573/1/7573 7574/1/7574 7575/1/7575 7576/1/7576
f 7577/1/7577 7578/1/7578 7579/1/7579 7580/1/7580
f 7581/1/7581 7582/1/7582 7583/1/7583 7584/1/7584
f 7585/1/7585 7586/1/7586 7587/1/7587 7588/1/7588
f 7589/1/7589 7590/1/7590 7591/1/7591 7592/1/7592
f 7593/1/7593 7594/1/7594 7595/1/7595 7596/1/7596
f 7597/1/7597 7598/1/7598 7599/1/7599 7600/1/7600
f 7601/1/7601 7602/1/7602 7603/1/7603 7604/1/7604
f 7605/1/7605 7606/1/7606 7607/1/7607 7608/1/7608
f 7609/1/7609 7610/1/7610 7611/1/7611 7612/1/7612
f 7613/1/7613 7614/1/7614 7615/1/7615 7616/1/7616
f 7617/1/7617 7618/1/7618 7619/1/7619 7620/1/7620
f 7621/1/7621 7622/1/7622 7623/1/7623 7624/1/7624
f 7625/1/7625 7626/1/7626 7627/1/7627 7628/1/7628
f 7629/1/7629 7630/1/7630 7631/1/7631 7632/1/7632
usemtl ceramic_shadow
f 7633/1/7633 7634/1/7634 7635/1/7635 7636/1/7636
f 7637/1/7637 7638/1/7638 7639/1/7639 7640/1/7640
f 7641/1/7641 7642/1/7642 7643/1/7643 7644/1/7644
f 7645/1/7645 7646/1/7646 7647/1/7647 7648/1/7648
f 7649/1/7649 7650/1/7650 7651/1/7651 7652/1/7652
f 7653/1/7653 7654/1/7654 7655/1/7655 7656/1/7656
f 7657/1/7657 7658/1/7658 7659/1/7659 7660/1/7660
f 7661/1/7661 7662/1/7662 7663/1/7663 7664/1/7664
f 7665/1/7665 7666/1/7666 7667/1/7667 7668/1/7668
f 7669/1/7669 7670/1/7670 7671/1/7671 7672/1/7672
f 7673/1/7673 7674/1/7674 7675/1/7675 7676/1/7676
f 7677/1/7677 7678/1/7678 7679/1/7679 7680/1/7680
f 7681/1/7681 7682/1/7682 7683/1/7683 7684/1/7684
f 7685/1/7685 7686/1/7686 7687/1/7687 7688/1/7688
f 7689/1/7689 7690/1/7690 7691/1/7691 7692/1/7692
f 7693/1/7693 7694/1/7694 7695/1/7695 7696/1/7696
f 7697/1/7697 7698/1/7698 7699/1/7699 7700/1/7700
f 7701/1/7701 7702/1/7702 7703/1/7703 7704/1/7704
f 7705/1/7705 7706/1/7706 7707/1/7707 7708/1/7708
f 7709/1/7709 7710/1/7710 7711/1/7711 7712/1/7712
f 7713/1/7713 7714/1/7714 7715/1/7715 7716/1/7716
f 7717/1/7717 7718/1/7718 7719/1/7719 7720/1/7720
f 7721/1/7721 7722/1/7722 7723/1/7723 7724/1/7724
f 7725/1/7725 7726/1/7726 7727/1/7727 7728/1/7728
f 7729/1/7729 7730/1/7730 7731/1/7731 7732/1/7732
f 7733/1/7733 7734/1/7734 7735/1/7735 7736/1/7736
f 7737/1/7737 7738/1/7738 7739/1/7739 7740/1/7740
f 7741/1/7741 7742/1/7742 7743/1/7743 7744/1/7744
f 7745/1/7745 7746/1/7746 7747/1/7747 7748/1/7748
f 7749/1/7749 7750/1/7750 7751/1/7751 7752/1/7752
f 7753/1/7753 7754/1/7754 7755/1/7755 7756/1/7756
f 7757/1/7757 7758/1/7758 7759/1/7759 7760/1/7760
f 7761/1/7761 7762/1/7762 7763/1/7763 7764/1/7764
f 7765/1/7765 7766/1/7766 7767/1/7767 7768/1/7768
f 7769/1/7769 7770/1/7770 7771/1/7771 7772/1/7772
f 7773/1/7773 7774/1/7774 7775/1/7775 7776/1/7776
f 7777/1/7777 7778/1/7778 7779/1/7779 7780/1/7780
f 7781/1/7781 7782/1/7782 7783/1/7783 7784/1/7784
f 7785/1/7785 7786/1/7786 7787/1/7787 7788/1/7788
f 7789/1/7789 7790/1/7790 7791/1/7791 7792/1/7792
f 7793/1/7793 7794/1/7794 7795/1/7795 7796/1/7796
f 7797/1/7797 7798/1/7798 7799/1/7799 7800/1/7800
f 7801/1/7801 7802/1/7802 7803/1/7803 7804/1/7804
f 7805/1/7805 7806/1/7806 7807/1/7807 7808/1/7808
f 7809/1/7809 7810/1/7810 7811/1/7811 7812/1/7812
f 7813/1/7813 7814/1/7814 7815/1/7815 7816/1/7816
f 7817/1/7817 7818/1/7818 7819/1/7819 7820/1/7820
f 7821/1/7821 7822/1/7822 7823/1/7823 7824/1/7824
f 7825/1/7825 7826/1/7826 7827/1/7827 7828/1/7828
f 7829/1/7829 7830/1/7830 7831/1/7831 7832/1/7832
f 7833/1/7833 7834/1/7834 7835/1/7835 7836/1/7836
f 7837/1/7837 7838/1/7838 7839/1/7839 7840/1/7840
f 7841/1/7841 7842/1/7842 7843/1/7843 7844/1/7844
f 7845/1/7845 7846/1/7846 7847/1/7847 7848/1/7848
f 7849/1/7849 7850/1/7850 7851/1/7851 7852/1/7852
f 7853/1/7853 7854/1/7854 7855/1/7855 7856/1/7856
f 7857/1/7857 7858/1/7858 7859/1/7859 7860/1/7860
f 7861/1/7861 7862/1/7862 7863/1/7863 7864/1/7864
f 7865/1/7865 7866/1/7866 7867/1/7867 7868/1/7868
f 7869/1/7869 7870/1/7870 7871/1/7871 7872/1/7872
f 7873/1/7873 7874/1/7874 7875/1/7875 7876/1/7876
f 7877/1/7877 7878/1/7878 7879/1/7879 7880/1/7880
f 7881/1/7881 7882/1/7882 7883/1/7883 7884/1/7884
f 7885/1/7885 7886/1/7886 7887/1/7887 7888/1/7888
f 7889/1/7889 7890/1/7890 7891/1/7891 7892/1/7892
f 7893/1/7893 7894/1/7894 7895/1/7895 7896/1/7896
f 7897/1/7897 7898/1/7898 7899/1/7899 7900/1/7900
f 7901/1/7901 7902/1/7902 7903/1/7903 7904/1/7904
f 7905/1/7905 7906/1/7906 7907/1/7907 7908/1/7908
f 7909/1/7909 7910/1/7910 7911/1/7911 7912/1/7912
f 7913/1/7913 7914/1/7914 7915/1/7915 7916/1/7916
f 7917/1/7917 7918/1/7918 7919/1/7919 7920/1/7920
f 7921/1/7921 7922/1/7922 7923/1/7923 7924/1/7924
f 7925/1/7925 7926/1/7926 7927/1/7927 7928/1/7928
f 7929/1/7929 7930/1/7930 7931/1/7931 7932/1/7932
f 7933/1/7933 7934/1/7934 7935/1/7935 7936/1/7936
f 7937/1/7937 7938/1/7938 7939/1/7939 7940/1/7940
f 7941/1/7941 7942/1/7942 7943/1/7943 7944/1/7944
f 7945/1/7945 7946/1/7946 7947/1/7947 7948/1/7948
f 7949/1/7949 7950/1/7950 7951/1/7951 7952/1/7952
f 7953/1/7953 7954/1/7954 7955/1/7955 7956/1/7956
f 7957/1/7957 7958/1/7958 7959/1/7959 7960/1/7960
f 7961/1/7961 7962/1/7962 7963/1/7963 7964/1/7964
f 7965/1/7965 7966/1/7966 7967/1/7967 7968/1/7968
f 7969/1/7969 7970/1/7970 7971/1/7971 7972/1/7972
f 7973/1/7973 7974/1/7974 7975/1/7975 7976/1/7976
f 7977/1/7977 7978/1/7978 7979/1/7979 7980/1/7980
f 7981/1/7981 7982/1/7982 7983/1/7983 7984/1/7984
f 7985/1/7985 7986/1/7986 7987/1/7987 7988/1/7988
f 7989/1/7989 7990/1/7990 7991/1/7991 7992/1/7992
f 7993/1/7993 7994/1/7994 7995/1/7995 7996/1/7996
f 7997/1/7997 7998/1/7998 7999/1/7999 8000/1/8000
f 8001/1/8001 8002/1/8002 8003/1/8003 8004/1/8004
f 8005/1/8005 8006/1/8006 8007/1/8007 8008/1/8008
f 8009/1/8009 8010/1/8010 8011/1/8011 8012/1/8012
f 8013/1/8013 8014/1/8014 8015/1/8015 8016/1/8016
usemtl gold
f 8017/1/8017 8018/1/8018 8019/1/8019 8020/1/8020
f 8021/1/8021 8022/1/8022 8023/1/8023 8024/1/8024
f 8025/1/8025 8026/1/8026 8027/1/8027 8028/1/8028
f 8029/1/8029 8030/1/8030 8031/1/8031 8032/1/8032
f 8033/1/8033 8034/1/8034 8035/1/8035 8036/1/8036
f 8037/1/8037 8038/1/8038 8039/1/8039 8040/1/8040
f 8041/1/8041 8042/1/8042 8043/1/8043 8044/1/8044
f 8045/1/8045 8046/1/8046 8047/1/8047 8048/1/8048
f 8049/1/8049 8050/1/8050 8051/1/8051 8052/1/8052
f 8053/1/8053 8054/1/8054 8055/1/8055 8056/1/8056
f 8057/1/8057 8058/1/8058 8059/1/8059 8060/1/8060
f 8061/1/8061 8062/1/8062 8063/1/8063 8064/1/8064
f 8065/1/8065 8066/1/8066 8067/1/8067 8068/1/8068
f 8069/1/8069 8070/1/8070 8071/1/8071 8072/1/8072
f 8073/1/8073 8074/1/8074 8075/1/8075 8076/1/8076
f 8077/1/8077 8078/1/8078 8079/1/8079 8080/1/8080
f 8081/1/8081 8082/1/8082 8083/1/8083 8084/1/8084
f 8085/1/8085 8086/1/8086 8087/1/8087 8088/1/8088
f 8089/1/8089 8090/1/8090 8091/1/8091 8092/1/8092
f 8093/1/8093 8094/1/8094 8095/1/8095 8096/1/8096
f 8097/1/8097 8098/1/8098 8099/1/8099 8100/1/8100
f 8101/1/8101 8102/1/8102 8103/1/8103 8104/1/8104
f 8105/1/8105 8106/1/8106 8107/1/8107 8108/1/8108
f 8109/1/8109 8110/1/8110 8111/1/8111 8112/1/8112
f 8113/1/8113 8114/1/8114 8115/1/8115 8116/1/8116
f 8117/1/8117 8118/1/8118 8119/1/8119 8120/1/8120
f 8121/1/8121 8122/1/8122 8123/1/8123 8124/1/8124
f 8125/1/8125 8126/1/8126 8127/1/8127 8128/1/8128
f 8129/1/8129 8130/1/8130 8131/1/8131 8132/1/8132
f 8133/1/8133 8134/1/8134 8135/1/8135 8136/1/8136
f 8137/1/8137 8138/1/8138 8139/1/8139 8140/1/8140
f 8141/1/8141 8142/1/8142 8143/1/8143 8144/1/8144
f 8145/1/8145 8146/1/8146 8147/1/8147 8148/1/8148
f 8149/1/8149 8150/1/8150 8151/1/8151 8152/1/8152
f 8153/1/8153 8154/1/8154 8155/1/8155 8156/1/8156
f 8157/1/8157 8158/1/8158 8159/1/8159 8160/1/8160
f 8161/1/8161 8162/1/8162 8163/1/8163 8164/1/8164
f 8165/1/8165 8166/1/8166 8167/1/8167 8168/1/8168
f 8169/1/8169 8170/1/8170 8171/1/8171 8172/1/8172
f 8173/1/8173 8174/1/8174 8175/1/8175 8176/1/8176
g shell_3_gold_inlay
usemtl gold_edge
f 8177/1/8177 8178/1/8178 8179/1/8179 8180/1/8180
f 8181/1/8181 8182/1/8182 8183/1/8183 8184/1/8184
f 8185/1/8185 8186/1/8186 8187/1/8187 8188/1/8188
f 8189/1/8189 8190/1/8190 8191/1/8191 8192/1/8192
f 8193/1/8193 8194/1/8194 8195/1/8195 8196/1/8196
f 8197/1/8197 8198/1/8198 8199/1/8199 8200/1/8200
f 8201/1/8201 8202/1/8202 8203/1/8203 8204/1/8204
f 8205/1/8205 8206/1/8206 8207/1/8207 8208/1/8208
f 8209/1/8209 8210/1/8210 8211/1/8211 8212/1/8212
f 8213/1/8213 8214/1/8214 8215/1/8215 8216/1/8216
f 8217/1/8217 8218/1/8218 8219/1/8219 8220/1/8220
f 8221/1/8221 8222/1/8222 8223/1/8223 8224/1/8224
f 8225/1/8225 8226/1/8226 8227/1/8227 8228/1/8228
f 8229/1/8229 8230/1/8230 8231/1/8231 8232/1/8232
f 8233/1/8233 8234/1/8234 8235/1/8235 8236/1/8236
f 8237/1/8237 8238/1/8238 8239/1/8239 8240/1/8240
f 8241/1/8241 8242/1/8242 8243/1/8243 8244/1/8244
f 8245/1/8245 8246/1/8246 8247/1/8247 8248/1/8248
f 8249/1/8249 8250/1/8250 8251/1/8251 8252/1/8252
f 8253/1/8253 8254/1/8254 8255/1/8255 8256/1/8256
f 8257/1/8257 8258/1/8258 8259/1/8259 8260/1/8260
f 8261/1/8261 8262/1/8262 8263/1/8263 8264/1/8264
f 8265/1/8265 8266/1/8266 8267/1/8267 8268/1/8268
f 8269/1/8269 8270/1/8270 8271/1/8271 8272/1/8272
f 8273/1/8273 8274/1/8274 8275/1/8275 8276/1/8276
f 8277/1/8277 8278/1/8278 8279/1/8279 8280/1/8280
f 8281/1/8281 8282/1/8282 8283/1/8283 8284/1/8284
f 8285/1/8285 8286/1/8286 8287/1/8287 8288/1/8288
usemtl navy
f 8289/1/8289 8290/1/8290 8291/1/8291 8292/1/8292
f 8293/1/8293 8294/1/8294 8295/1/8295 8296/1/8296
f 8297/1/8297 8298/1/8298 8299/1/8299 8300/1/8300
f 8301/1/8301 8302/1/8302 8303/1/8303 8304/1/8304
f 8305/1/8305 8306/1/8306 8307/1/8307 8308/1/8308
f 8309/1/8309 8310/1/8310 8311/1/8311 8312/1/8312
f 8313/1/8313 8314/1/8314 8315/1/8315 8316/1/8316
f 8317/1/8317 8318/1/8318 8319/1/8319 8320/1/8320
f 8321/1/8321 8322/1/8322 8323/1/8323 8324/1/8324
f 8325/1/8325 8326/1/8326 8327/1/8327 8328/1/8328
usemtl mana_light
f 8329/1/8329 8330/1/8330 8331/1/8331 8332/1/8332
f 8333/1/8333 8334/1/8334 8335/1/8335 8336/1/8336
f 8337/1/8337 8338/1/8338 8339/1/8339 8340/1/8340
f 8341/1/8341 8342/1/8342 8343/1/8343 8344/1/8344
f 8345/1/8345 8346/1/8346 8347/1/8347 8348/1/8348
f 8349/1/8349 8350/1/8350 8351/1/8351 8352/1/8352
f 8353/1/8353 8354/1/8354 8355/1/8355 8356/1/8356
f 8357/1/8357 8358/1/8358 8359/1/8359 8360/1/8360
usemtl gold
f 8361/1/8361 8362/1/8362 8363/1/8363 8364/1/8364
f 8365/1/8365 8366/1/8366 8367/1/8367 8368/1/8368
g shell_4_ceramic_petal
usemtl ceramic
f 8369/1/8369 8370/1/8370 8371/1/8371 8372/1/8372
f 8373/1/8373 8374/1/8374 8375/1/8375 8376/1/8376
f 8377/1/8377 8378/1/8378 8379/1/8379 8380/1/8380
f 8381/1/8381 8382/1/8382 8383/1/8383 8384/1/8384
f 8385/1/8385 8386/1/8386 8387/1/8387 8388/1/8388
f 8389/1/8389 8390/1/8390 8391/1/8391 8392/1/8392
f 8393/1/8393 8394/1/8394 8395/1/8395 8396/1/8396
f 8397/1/8397 8398/1/8398 8399/1/8399 8400/1/8400
f 8401/1/8401 8402/1/8402 8403/1/8403 8404/1/8404
f 8405/1/8405 8406/1/8406 8407/1/8407 8408/1/8408
f 8409/1/8409 8410/1/8410 8411/1/8411 8412/1/8412
f 8413/1/8413 8414/1/8414 8415/1/8415 8416/1/8416
f 8417/1/8417 8418/1/8418 8419/1/8419 8420/1/8420
f 8421/1/8421 8422/1/8422 8423/1/8423 8424/1/8424
f 8425/1/8425 8426/1/8426 8427/1/8427 8428/1/8428
f 8429/1/8429 8430/1/8430 8431/1/8431 8432/1/8432
f 8433/1/8433 8434/1/8434 8435/1/8435 8436/1/8436
f 8437/1/8437 8438/1/8438 8439/1/8439 8440/1/8440
f 8441/1/8441 8442/1/8442 8443/1/8443 8444/1/8444
f 8445/1/8445 8446/1/8446 8447/1/8447 8448/1/8448
f 8449/1/8449 8450/1/8450 8451/1/8451 8452/1/8452
f 8453/1/8453 8454/1/8454 8455/1/8455 8456/1/8456
f 8457/1/8457 8458/1/8458 8459/1/8459 8460/1/8460
f 8461/1/8461 8462/1/8462 8463/1/8463 8464/1/8464
f 8465/1/8465 8466/1/8466 8467/1/8467 8468/1/8468
f 8469/1/8469 8470/1/8470 8471/1/8471 8472/1/8472
f 8473/1/8473 8474/1/8474 8475/1/8475 8476/1/8476
f 8477/1/8477 8478/1/8478 8479/1/8479 8480/1/8480
f 8481/1/8481 8482/1/8482 8483/1/8483 8484/1/8484
f 8485/1/8485 8486/1/8486 8487/1/8487 8488/1/8488
f 8489/1/8489 8490/1/8490 8491/1/8491 8492/1/8492
f 8493/1/8493 8494/1/8494 8495/1/8495 8496/1/8496
f 8497/1/8497 8498/1/8498 8499/1/8499 8500/1/8500
f 8501/1/8501 8502/1/8502 8503/1/8503 8504/1/8504
f 8505/1/8505 8506/1/8506 8507/1/8507 8508/1/8508
f 8509/1/8509 8510/1/8510 8511/1/8511 8512/1/8512
f 8513/1/8513 8514/1/8514 8515/1/8515 8516/1/8516
f 8517/1/8517 8518/1/8518 8519/1/8519 8520/1/8520
f 8521/1/8521 8522/1/8522 8523/1/8523 8524/1/8524
f 8525/1/8525 8526/1/8526 8527/1/8527 8528/1/8528
f 8529/1/8529 8530/1/8530 8531/1/8531 8532/1/8532
f 8533/1/8533 8534/1/8534 8535/1/8535 8536/1/8536
f 8537/1/8537 8538/1/8538 8539/1/8539 8540/1/8540
f 8541/1/8541 8542/1/8542 8543/1/8543 8544/1/8544
f 8545/1/8545 8546/1/8546 8547/1/8547 8548/1/8548
f 8549/1/8549 8550/1/8550 8551/1/8551 8552/1/8552
f 8553/1/8553 8554/1/8554 8555/1/8555 8556/1/8556
f 8557/1/8557 8558/1/8558 8559/1/8559 8560/1/8560
f 8561/1/8561 8562/1/8562 8563/1/8563 8564/1/8564
f 8565/1/8565 8566/1/8566 8567/1/8567 8568/1/8568
f 8569/1/8569 8570/1/8570 8571/1/8571 8572/1/8572
f 8573/1/8573 8574/1/8574 8575/1/8575 8576/1/8576
f 8577/1/8577 8578/1/8578 8579/1/8579 8580/1/8580
f 8581/1/8581 8582/1/8582 8583/1/8583 8584/1/8584
f 8585/1/8585 8586/1/8586 8587/1/8587 8588/1/8588
f 8589/1/8589 8590/1/8590 8591/1/8591 8592/1/8592
f 8593/1/8593 8594/1/8594 8595/1/8595 8596/1/8596
f 8597/1/8597 8598/1/8598 8599/1/8599 8600/1/8600
f 8601/1/8601 8602/1/8602 8603/1/8603 8604/1/8604
f 8605/1/8605 8606/1/8606 8607/1/8607 8608/1/8608
f 8609/1/8609 8610/1/8610 8611/1/8611 8612/1/8612
f 8613/1/8613 8614/1/8614 8615/1/8615 8616/1/8616
f 8617/1/8617 8618/1/8618 8619/1/8619 8620/1/8620
f 8621/1/8621 8622/1/8622 8623/1/8623 8624/1/8624
f 8625/1/8625 8626/1/8626 8627/1/8627 8628/1/8628
f 8629/1/8629 8630/1/8630 8631/1/8631 8632/1/8632
f 8633/1/8633 8634/1/8634 8635/1/8635 8636/1/8636
f 8637/1/8637 8638/1/8638 8639/1/8639 8640/1/8640
f 8641/1/8641 8642/1/8642 8643/1/8643 8644/1/8644
f 8645/1/8645 8646/1/8646 8647/1/8647 8648/1/8648
f 8649/1/8649 8650/1/8650 8651/1/8651 8652/1/8652
f 8653/1/8653 8654/1/8654 8655/1/8655 8656/1/8656
f 8657/1/8657 8658/1/8658 8659/1/8659 8660/1/8660
f 8661/1/8661 8662/1/8662 8663/1/8663 8664/1/8664
f 8665/1/8665 8666/1/8666 8667/1/8667 8668/1/8668
f 8669/1/8669 8670/1/8670 8671/1/8671 8672/1/8672
f 8673/1/8673 8674/1/8674 8675/1/8675 8676/1/8676
f 8677/1/8677 8678/1/8678 8679/1/8679 8680/1/8680
f 8681/1/8681 8682/1/8682 8683/1/8683 8684/1/8684
f 8685/1/8685 8686/1/8686 8687/1/8687 8688/1/8688
f 8689/1/8689 8690/1/8690 8691/1/8691 8692/1/8692
f 8693/1/8693 8694/1/8694 8695/1/8695 8696/1/8696
f 8697/1/8697 8698/1/8698 8699/1/8699 8700/1/8700
f 8701/1/8701 8702/1/8702 8703/1/8703 8704/1/8704
f 8705/1/8705 8706/1/8706 8707/1/8707 8708/1/8708
f 8709/1/8709 8710/1/8710 8711/1/8711 8712/1/8712
f 8713/1/8713 8714/1/8714 8715/1/8715 8716/1/8716
f 8717/1/8717 8718/1/8718 8719/1/8719 8720/1/8720
f 8721/1/8721 8722/1/8722 8723/1/8723 8724/1/8724
f 8725/1/8725 8726/1/8726 8727/1/8727 8728/1/8728
f 8729/1/8729 8730/1/8730 8731/1/8731 8732/1/8732
f 8733/1/8733 8734/1/8734 8735/1/8735 8736/1/8736
f 8737/1/8737 8738/1/8738 8739/1/8739 8740/1/8740
f 8741/1/8741 8742/1/8742 8743/1/8743 8744/1/8744
f 8745/1/8745 8746/1/8746 8747/1/8747 8748/1/8748
f 8749/1/8749 8750/1/8750 8751/1/8751 8752/1/8752
usemtl ceramic_shadow
f 8753/1/8753 8754/1/8754 8755/1/8755 8756/1/8756
f 8757/1/8757 8758/1/8758 8759/1/8759 8760/1/8760
f 8761/1/8761 8762/1/8762 8763/1/8763 8764/1/8764
f 8765/1/8765 8766/1/8766 8767/1/8767 8768/1/8768
f 8769/1/8769 8770/1/8770 8771/1/8771 8772/1/8772
f 8773/1/8773 8774/1/8774 8775/1/8775 8776/1/8776
f 8777/1/8777 8778/1/8778 8779/1/8779 8780/1/8780
f 8781/1/8781 8782/1/8782 8783/1/8783 8784/1/8784
f 8785/1/8785 8786/1/8786 8787/1/8787 8788/1/8788
f 8789/1/8789 8790/1/8790 8791/1/8791 8792/1/8792
f 8793/1/8793 8794/1/8794 8795/1/8795 8796/1/8796
f 8797/1/8797 8798/1/8798 8799/1/8799 8800/1/8800
f 8801/1/8801 8802/1/8802 8803/1/8803 8804/1/8804
f 8805/1/8805 8806/1/8806 8807/1/8807 8808/1/8808
f 8809/1/8809 8810/1/8810 8811/1/8811 8812/1/8812
f 8813/1/8813 8814/1/8814 8815/1/8815 8816/1/8816
f 8817/1/8817 8818/1/8818 8819/1/8819 8820/1/8820
f 8821/1/8821 8822/1/8822 8823/1/8823 8824/1/8824
f 8825/1/8825 8826/1/8826 8827/1/8827 8828/1/8828
f 8829/1/8829 8830/1/8830 8831/1/8831 8832/1/8832
f 8833/1/8833 8834/1/8834 8835/1/8835 8836/1/8836
f 8837/1/8837 8838/1/8838 8839/1/8839 8840/1/8840
f 8841/1/8841 8842/1/8842 8843/1/8843 8844/1/8844
f 8845/1/8845 8846/1/8846 8847/1/8847 8848/1/8848
f 8849/1/8849 8850/1/8850 8851/1/8851 8852/1/8852
f 8853/1/8853 8854/1/8854 8855/1/8855 8856/1/8856
f 8857/1/8857 8858/1/8858 8859/1/8859 8860/1/8860
f 8861/1/8861 8862/1/8862 8863/1/8863 8864/1/8864
f 8865/1/8865 8866/1/8866 8867/1/8867 8868/1/8868
f 8869/1/8869 8870/1/8870 8871/1/8871 8872/1/8872
f 8873/1/8873 8874/1/8874 8875/1/8875 8876/1/8876
f 8877/1/8877 8878/1/8878 8879/1/8879 8880/1/8880
f 8881/1/8881 8882/1/8882 8883/1/8883 8884/1/8884
f 8885/1/8885 8886/1/8886 8887/1/8887 8888/1/8888
f 8889/1/8889 8890/1/8890 8891/1/8891 8892/1/8892
f 8893/1/8893 8894/1/8894 8895/1/8895 8896/1/8896
f 8897/1/8897 8898/1/8898 8899/1/8899 8900/1/8900
f 8901/1/8901 8902/1/8902 8903/1/8903 8904/1/8904
f 8905/1/8905 8906/1/8906 8907/1/8907 8908/1/8908
f 8909/1/8909 8910/1/8910 8911/1/8911 8912/1/8912
f 8913/1/8913 8914/1/8914 8915/1/8915 8916/1/8916
f 8917/1/8917 8918/1/8918 8919/1/8919 8920/1/8920
f 8921/1/8921 8922/1/8922 8923/1/8923 8924/1/8924
f 8925/1/8925 8926/1/8926 8927/1/8927 8928/1/8928
f 8929/1/8929 8930/1/8930 8931/1/8931 8932/1/8932
f 8933/1/8933 8934/1/8934 8935/1/8935 8936/1/8936
f 8937/1/8937 8938/1/8938 8939/1/8939 8940/1/8940
f 8941/1/8941 8942/1/8942 8943/1/8943 8944/1/8944
f 8945/1/8945 8946/1/8946 8947/1/8947 8948/1/8948
f 8949/1/8949 8950/1/8950 8951/1/8951 8952/1/8952
f 8953/1/8953 8954/1/8954 8955/1/8955 8956/1/8956
f 8957/1/8957 8958/1/8958 8959/1/8959 8960/1/8960
f 8961/1/8961 8962/1/8962 8963/1/8963 8964/1/8964
f 8965/1/8965 8966/1/8966 8967/1/8967 8968/1/8968
f 8969/1/8969 8970/1/8970 8971/1/8971 8972/1/8972
f 8973/1/8973 8974/1/8974 8975/1/8975 8976/1/8976
f 8977/1/8977 8978/1/8978 8979/1/8979 8980/1/8980
f 8981/1/8981 8982/1/8982 8983/1/8983 8984/1/8984
f 8985/1/8985 8986/1/8986 8987/1/8987 8988/1/8988
f 8989/1/8989 8990/1/8990 8991/1/8991 8992/1/8992
f 8993/1/8993 8994/1/8994 8995/1/8995 8996/1/8996
f 8997/1/8997 8998/1/8998 8999/1/8999 9000/1/9000
f 9001/1/9001 9002/1/9002 9003/1/9003 9004/1/9004
f 9005/1/9005 9006/1/9006 9007/1/9007 9008/1/9008
f 9009/1/9009 9010/1/9010 9011/1/9011 9012/1/9012
f 9013/1/9013 9014/1/9014 9015/1/9015 9016/1/9016
f 9017/1/9017 9018/1/9018 9019/1/9019 9020/1/9020
f 9021/1/9021 9022/1/9022 9023/1/9023 9024/1/9024
f 9025/1/9025 9026/1/9026 9027/1/9027 9028/1/9028
f 9029/1/9029 9030/1/9030 9031/1/9031 9032/1/9032
f 9033/1/9033 9034/1/9034 9035/1/9035 9036/1/9036
f 9037/1/9037 9038/1/9038 9039/1/9039 9040/1/9040
f 9041/1/9041 9042/1/9042 9043/1/9043 9044/1/9044
f 9045/1/9045 9046/1/9046 9047/1/9047 9048/1/9048
f 9049/1/9049 9050/1/9050 9051/1/9051 9052/1/9052
f 9053/1/9053 9054/1/9054 9055/1/9055 9056/1/9056
f 9057/1/9057 9058/1/9058 9059/1/9059 9060/1/9060
f 9061/1/9061 9062/1/9062 9063/1/9063 9064/1/9064
f 9065/1/9065 9066/1/9066 9067/1/9067 9068/1/9068
f 9069/1/9069 9070/1/9070 9071/1/9071 9072/1/9072
f 9073/1/9073 9074/1/9074 9075/1/9075 9076/1/9076
f 9077/1/9077 9078/1/9078 9079/1/9079 9080/1/9080
f 9081/1/9081 9082/1/9082 9083/1/9083 9084/1/9084
f 9085/1/9085 9086/1/9086 9087/1/9087 9088/1/9088
f 9089/1/9089 9090/1/9090 9091/1/9091 9092/1/9092
f 9093/1/9093 9094/1/9094 9095/1/9095 9096/1/9096
f 9097/1/9097 9098/1/9098 9099/1/9099 9100/1/9100
f 9101/1/9101 9102/1/9102 9103/1/9103 9104/1/9104
f 9105/1/9105 9106/1/9106 9107/1/9107 9108/1/9108
f 9109/1/9109 9110/1/9110 9111/1/9111 9112/1/9112
f 9113/1/9113 9114/1/9114 9115/1/9115 9116/1/9116
f 9117/1/9117 9118/1/9118 9119/1/9119 9120/1/9120
f 9121/1/9121 9122/1/9122 9123/1/9123 9124/1/9124
f 9125/1/9125 9126/1/9126 9127/1/9127 9128/1/9128
f 9129/1/9129 9130/1/9130 9131/1/9131 9132/1/9132
f 9133/1/9133 9134/1/9134 9135/1/9135 9136/1/9136
usemtl gold
f 9137/1/9137 9138/1/9138 9139/1/9139 9140/1/9140
f 9141/1/9141 9142/1/9142 9143/1/9143 9144/1/9144
f 9145/1/9145 9146/1/9146 9147/1/9147 9148/1/9148
f 9149/1/9149 9150/1/9150 9151/1/9151 9152/1/9152
f 9153/1/9153 9154/1/9154 9155/1/9155 9156/1/9156
f 9157/1/9157 9158/1/9158 9159/1/9159 9160/1/9160
f 9161/1/9161 9162/1/9162 9163/1/9163 9164/1/9164
f 9165/1/9165 9166/1/9166 9167/1/9167 9168/1/9168
f 9169/1/9169 9170/1/9170 9171/1/9171 9172/1/9172
f 9173/1/9173 9174/1/9174 9175/1/9175 9176/1/9176
f 9177/1/9177 9178/1/9178 9179/1/9179 9180/1/9180
f 9181/1/9181 9182/1/9182 9183/1/9183 9184/1/9184
f 9185/1/9185 9186/1/9186 9187/1/9187 9188/1/9188
f 9189/1/9189 9190/1/9190 9191/1/9191 9192/1/9192
f 9193/1/9193 9194/1/9194 9195/1/9195 9196/1/9196
f 9197/1/9197 9198/1/9198 9199/1/9199 9200/1/9200
f 9201/1/9201 9202/1/9202 9203/1/9203 9204/1/9204
f 9205/1/9205 9206/1/9206 9207/1/9207 9208/1/9208
f 9209/1/9209 9210/1/9210 9211/1/9211 9212/1/9212
f 9213/1/9213 9214/1/9214 9215/1/9215 9216/1/9216
f 9217/1/9217 9218/1/9218 9219/1/9219 9220/1/9220
f 9221/1/9221 9222/1/9222 9223/1/9223 9224/1/9224
f 9225/1/9225 9226/1/9226 9227/1/9227 9228/1/9228
f 9229/1/9229 9230/1/9230 9231/1/9231 9232/1/9232
f 9233/1/9233 9234/1/9234 9235/1/9235 9236/1/9236
f 9237/1/9237 9238/1/9238 9239/1/9239 9240/1/9240
f 9241/1/9241 9242/1/9242 9243/1/9243 9244/1/9244
f 9245/1/9245 9246/1/9246 9247/1/9247 9248/1/9248
f 9249/1/9249 9250/1/9250 9251/1/9251 9252/1/9252
f 9253/1/9253 9254/1/9254 9255/1/9255 9256/1/9256
f 9257/1/9257 9258/1/9258 9259/1/9259 9260/1/9260
f 9261/1/9261 9262/1/9262 9263/1/9263 9264/1/9264
f 9265/1/9265 9266/1/9266 9267/1/9267 9268/1/9268
f 9269/1/9269 9270/1/9270 9271/1/9271 9272/1/9272
f 9273/1/9273 9274/1/9274 9275/1/9275 9276/1/9276
f 9277/1/9277 9278/1/9278 9279/1/9279 9280/1/9280
f 9281/1/9281 9282/1/9282 9283/1/9283 9284/1/9284
f 9285/1/9285 9286/1/9286 9287/1/9287 9288/1/9288
f 9289/1/9289 9290/1/9290 9291/1/9291 9292/1/9292
f 9293/1/9293 9294/1/9294 9295/1/9295 9296/1/9296
g shell_4_gold_inlay
usemtl gold_edge
f 9297/1/9297 9298/1/9298 9299/1/9299 9300/1/9300
f 9301/1/9301 9302/1/9302 9303/1/9303 9304/1/9304
f 9305/1/9305 9306/1/9306 9307/1/9307 9308/1/9308
f 9309/1/9309 9310/1/9310 9311/1/9311 9312/1/9312
f 9313/1/9313 9314/1/9314 9315/1/9315 9316/1/9316
f 9317/1/9317 9318/1/9318 9319/1/9319 9320/1/9320
f 9321/1/9321 9322/1/9322 9323/1/9323 9324/1/9324
f 9325/1/9325 9326/1/9326 9327/1/9327 9328/1/9328
f 9329/1/9329 9330/1/9330 9331/1/9331 9332/1/9332
f 9333/1/9333 9334/1/9334 9335/1/9335 9336/1/9336
f 9337/1/9337 9338/1/9338 9339/1/9339 9340/1/9340
f 9341/1/9341 9342/1/9342 9343/1/9343 9344/1/9344
f 9345/1/9345 9346/1/9346 9347/1/9347 9348/1/9348
f 9349/1/9349 9350/1/9350 9351/1/9351 9352/1/9352
f 9353/1/9353 9354/1/9354 9355/1/9355 9356/1/9356
f 9357/1/9357 9358/1/9358 9359/1/9359 9360/1/9360
f 9361/1/9361 9362/1/9362 9363/1/9363 9364/1/9364
f 9365/1/9365 9366/1/9366 9367/1/9367 9368/1/9368
f 9369/1/9369 9370/1/9370 9371/1/9371 9372/1/9372
f 9373/1/9373 9374/1/9374 9375/1/9375 9376/1/9376
f 9377/1/9377 9378/1/9378 9379/1/9379 9380/1/9380
f 9381/1/9381 9382/1/9382 9383/1/9383 9384/1/9384
f 9385/1/9385 9386/1/9386 9387/1/9387 9388/1/9388
f 9389/1/9389 9390/1/9390 9391/1/9391 9392/1/9392
f 9393/1/9393 9394/1/9394 9395/1/9395 9396/1/9396
f 9397/1/9397 9398/1/9398 9399/1/9399 9400/1/9400
f 9401/1/9401 9402/1/9402 9403/1/9403 9404/1/9404
f 9405/1/9405 9406/1/9406 9407/1/9407 9408/1/9408
usemtl navy
f 9409/1/9409 9410/1/9410 9411/1/9411 9412/1/9412
f 9413/1/9413 9414/1/9414 9415/1/9415 9416/1/9416
f 9417/1/9417 9418/1/9418 9419/1/9419 9420/1/9420
f 9421/1/9421 9422/1/9422 9423/1/9423 9424/1/9424
f 9425/1/9425 9426/1/9426 9427/1/9427 9428/1/9428
f 9429/1/9429 9430/1/9430 9431/1/9431 9432/1/9432
f 9433/1/9433 9434/1/9434 9435/1/9435 9436/1/9436
f 9437/1/9437 9438/1/9438 9439/1/9439 9440/1/9440
f 9441/1/9441 9442/1/9442 9443/1/9443 9444/1/9444
f 9445/1/9445 9446/1/9446 9447/1/9447 9448/1/9448
usemtl mana_light
f 9449/1/9449 9450/1/9450 9451/1/9451 9452/1/9452
f 9453/1/9453 9454/1/9454 9455/1/9455 9456/1/9456
f 9457/1/9457 9458/1/9458 9459/1/9459 9460/1/9460
f 9461/1/9461 9462/1/9462 9463/1/9463 9464/1/9464
f 9465/1/9465 9466/1/9466 9467/1/9467 9468/1/9468
f 9469/1/9469 9470/1/9470 9471/1/9471 9472/1/9472
f 9473/1/9473 9474/1/9474 9475/1/9475 9476/1/9476
f 9477/1/9477 9478/1/9478 9479/1/9479 9480/1/9480
usemtl gold
f 9481/1/9481 9482/1/9482 9483/1/9483 9484/1/9484
f 9485/1/9485 9486/1/9486 9487/1/9487 9488/1/9488
g shell_5_ceramic_petal
usemtl ceramic
f 9489/1/9489 9490/1/9490 9491/1/9491 9492/1/9492
f 9493/1/9493 9494/1/9494 9495/1/9495 9496/1/9496
f 9497/1/9497 9498/1/9498 9499/1/9499 9500/1/9500
f 9501/1/9501 9502/1/9502 9503/1/9503 9504/1/9504
f 9505/1/9505 9506/1/9506 9507/1/9507 9508/1/9508
f 9509/1/9509 9510/1/9510 9511/1/9511 9512/1/9512
f 9513/1/9513 9514/1/9514 9515/1/9515 9516/1/9516
f 9517/1/9517 9518/1/9518 9519/1/9519 9520/1/9520
f 9521/1/9521 9522/1/9522 9523/1/9523 9524/1/9524
f 9525/1/9525 9526/1/9526 9527/1/9527 9528/1/9528
f 9529/1/9529 9530/1/9530 9531/1/9531 9532/1/9532
f 9533/1/9533 9534/1/9534 9535/1/9535 9536/1/9536
f 9537/1/9537 9538/1/9538 9539/1/9539 9540/1/9540
f 9541/1/9541 9542/1/9542 9543/1/9543 9544/1/9544
f 9545/1/9545 9546/1/9546 9547/1/9547 9548/1/9548
f 9549/1/9549 9550/1/9550 9551/1/9551 9552/1/9552
f 9553/1/9553 9554/1/9554 9555/1/9555 9556/1/9556
f 9557/1/9557 9558/1/9558 9559/1/9559 9560/1/9560
f 9561/1/9561 9562/1/9562 9563/1/9563 9564/1/9564
f 9565/1/9565 9566/1/9566 9567/1/9567 9568/1/9568
f 9569/1/9569 9570/1/9570 9571/1/9571 9572/1/9572
f 9573/1/9573 9574/1/9574 9575/1/9575 9576/1/9576
f 9577/1/9577 9578/1/9578 9579/1/9579 9580/1/9580
f 9581/1/9581 9582/1/9582 9583/1/9583 9584/1/9584
f 9585/1/9585 9586/1/9586 9587/1/9587 9588/1/9588
f 9589/1/9589 9590/1/9590 9591/1/9591 9592/1/9592
f 9593/1/9593 9594/1/9594 9595/1/9595 9596/1/9596
f 9597/1/9597 9598/1/9598 9599/1/9599 9600/1/9600
f 9601/1/9601 9602/1/9602 9603/1/9603 9604/1/9604
f 9605/1/9605 9606/1/9606 9607/1/9607 9608/1/9608
f 9609/1/9609 9610/1/9610 9611/1/9611 9612/1/9612
f 9613/1/9613 9614/1/9614 9615/1/9615 9616/1/9616
f 9617/1/9617 9618/1/9618 9619/1/9619 9620/1/9620
f 9621/1/9621 9622/1/9622 9623/1/9623 9624/1/9624
f 9625/1/9625 9626/1/9626 9627/1/9627 9628/1/9628
f 9629/1/9629 9630/1/9630 9631/1/9631 9632/1/9632
f 9633/1/9633 9634/1/9634 9635/1/9635 9636/1/9636
f 9637/1/9637 9638/1/9638 9639/1/9639 9640/1/9640
f 9641/1/9641 9642/1/9642 9643/1/9643 9644/1/9644
f 9645/1/9645 9646/1/9646 9647/1/9647 9648/1/9648
f 9649/1/9649 9650/1/9650 9651/1/9651 9652/1/9652
f 9653/1/9653 9654/1/9654 9655/1/9655 9656/1/9656
f 9657/1/9657 9658/1/9658 9659/1/9659 9660/1/9660
f 9661/1/9661 9662/1/9662 9663/1/9663 9664/1/9664
f 9665/1/9665 9666/1/9666 9667/1/9667 9668/1/9668
f 9669/1/9669 9670/1/9670 9671/1/9671 9672/1/9672
f 9673/1/9673 9674/1/9674 9675/1/9675 9676/1/9676
f 9677/1/9677 9678/1/9678 9679/1/9679 9680/1/9680
f 9681/1/9681 9682/1/9682 9683/1/9683 9684/1/9684
f 9685/1/9685 9686/1/9686 9687/1/9687 9688/1/9688
f 9689/1/9689 9690/1/9690 9691/1/9691 9692/1/9692
f 9693/1/9693 9694/1/9694 9695/1/9695 9696/1/9696
f 9697/1/9697 9698/1/9698 9699/1/9699 9700/1/9700
f 9701/1/9701 9702/1/9702 9703/1/9703 9704/1/9704
f 9705/1/9705 9706/1/9706 9707/1/9707 9708/1/9708
f 9709/1/9709 9710/1/9710 9711/1/9711 9712/1/9712
f 9713/1/9713 9714/1/9714 9715/1/9715 9716/1/9716
f 9717/1/9717 9718/1/9718 9719/1/9719 9720/1/9720
f 9721/1/9721 9722/1/9722 9723/1/9723 9724/1/9724
f 9725/1/9725 9726/1/9726 9727/1/9727 9728/1/9728
f 9729/1/9729 9730/1/9730 9731/1/9731 9732/1/9732
f 9733/1/9733 9734/1/9734 9735/1/9735 9736/1/9736
f 9737/1/9737 9738/1/9738 9739/1/9739 9740/1/9740
f 9741/1/9741 9742/1/9742 9743/1/9743 9744/1/9744
f 9745/1/9745 9746/1/9746 9747/1/9747 9748/1/9748
f 9749/1/9749 9750/1/9750 9751/1/9751 9752/1/9752
f 9753/1/9753 9754/1/9754 9755/1/9755 9756/1/9756
f 9757/1/9757 9758/1/9758 9759/1/9759 9760/1/9760
f 9761/1/9761 9762/1/9762 9763/1/9763 9764/1/9764
f 9765/1/9765 9766/1/9766 9767/1/9767 9768/1/9768
f 9769/1/9769 9770/1/9770 9771/1/9771 9772/1/9772
f 9773/1/9773 9774/1/9774 9775/1/9775 9776/1/9776
f 9777/1/9777 9778/1/9778 9779/1/9779 9780/1/9780
f 9781/1/9781 9782/1/9782 9783/1/9783 9784/1/9784
f 9785/1/9785 9786/1/9786 9787/1/9787 9788/1/9788
f 9789/1/9789 9790/1/9790 9791/1/9791 9792/1/9792
f 9793/1/9793 9794/1/9794 9795/1/9795 9796/1/9796
f 9797/1/9797 9798/1/9798 9799/1/9799 9800/1/9800
f 9801/1/9801 9802/1/9802 9803/1/9803 9804/1/9804
f 9805/1/9805 9806/1/9806 9807/1/9807 9808/1/9808
f 9809/1/9809 9810/1/9810 9811/1/9811 9812/1/9812
f 9813/1/9813 9814/1/9814 9815/1/9815 9816/1/9816
f 9817/1/9817 9818/1/9818 9819/1/9819 9820/1/9820
f 9821/1/9821 9822/1/9822 9823/1/9823 9824/1/9824
f 9825/1/9825 9826/1/9826 9827/1/9827 9828/1/9828
f 9829/1/9829 9830/1/9830 9831/1/9831 9832/1/9832
f 9833/1/9833 9834/1/9834 9835/1/9835 9836/1/9836
f 9837/1/9837 9838/1/9838 9839/1/9839 9840/1/9840
f 9841/1/9841 9842/1/9842 9843/1/9843 9844/1/9844
f 9845/1/9845 9846/1/9846 9847/1/9847 9848/1/9848
f 9849/1/9849 9850/1/9850 9851/1/9851 9852/1/9852
f 9853/1/9853 9854/1/9854 9855/1/9855 9856/1/9856
f 9857/1/9857 9858/1/9858 9859/1/9859 9860/1/9860
f 9861/1/9861 9862/1/9862 9863/1/9863 9864/1/9864
f 9865/1/9865 9866/1/9866 9867/1/9867 9868/1/9868
f 9869/1/9869 9870/1/9870 9871/1/9871 9872/1/9872
usemtl ceramic_shadow
f 9873/1/9873 9874/1/9874 9875/1/9875 9876/1/9876
f 9877/1/9877 9878/1/9878 9879/1/9879 9880/1/9880
f 9881/1/9881 9882/1/9882 9883/1/9883 9884/1/9884
f 9885/1/9885 9886/1/9886 9887/1/9887 9888/1/9888
f 9889/1/9889 9890/1/9890 9891/1/9891 9892/1/9892
f 9893/1/9893 9894/1/9894 9895/1/9895 9896/1/9896
f 9897/1/9897 9898/1/9898 9899/1/9899 9900/1/9900
f 9901/1/9901 9902/1/9902 9903/1/9903 9904/1/9904
f 9905/1/9905 9906/1/9906 9907/1/9907 9908/1/9908
f 9909/1/9909 9910/1/9910 9911/1/9911 9912/1/9912
f 9913/1/9913 9914/1/9914 9915/1/9915 9916/1/9916
f 9917/1/9917 9918/1/9918 9919/1/9919 9920/1/9920
f 9921/1/9921 9922/1/9922 9923/1/9923 9924/1/9924
f 9925/1/9925 9926/1/9926 9927/1/9927 9928/1/9928
f 9929/1/9929 9930/1/9930 9931/1/9931 9932/1/9932
f 9933/1/9933 9934/1/9934 9935/1/9935 9936/1/9936
f 9937/1/9937 9938/1/9938 9939/1/9939 9940/1/9940
f 9941/1/9941 9942/1/9942 9943/1/9943 9944/1/9944
f 9945/1/9945 9946/1/9946 9947/1/9947 9948/1/9948
f 9949/1/9949 9950/1/9950 9951/1/9951 9952/1/9952
f 9953/1/9953 9954/1/9954 9955/1/9955 9956/1/9956
f 9957/1/9957 9958/1/9958 9959/1/9959 9960/1/9960
f 9961/1/9961 9962/1/9962 9963/1/9963 9964/1/9964
f 9965/1/9965 9966/1/9966 9967/1/9967 9968/1/9968
f 9969/1/9969 9970/1/9970 9971/1/9971 9972/1/9972
f 9973/1/9973 9974/1/9974 9975/1/9975 9976/1/9976
f 9977/1/9977 9978/1/9978 9979/1/9979 9980/1/9980
f 9981/1/9981 9982/1/9982 9983/1/9983 9984/1/9984
f 9985/1/9985 9986/1/9986 9987/1/9987 9988/1/9988
f 9989/1/9989 9990/1/9990 9991/1/9991 9992/1/9992
f 9993/1/9993 9994/1/9994 9995/1/9995 9996/1/9996
f 9997/1/9997 9998/1/9998 9999/1/9999 10000/1/10000
f 10001/1/10001 10002/1/10002 10003/1/10003 10004/1/10004
f 10005/1/10005 10006/1/10006 10007/1/10007 10008/1/10008
f 10009/1/10009 10010/1/10010 10011/1/10011 10012/1/10012
f 10013/1/10013 10014/1/10014 10015/1/10015 10016/1/10016
f 10017/1/10017 10018/1/10018 10019/1/10019 10020/1/10020
f 10021/1/10021 10022/1/10022 10023/1/10023 10024/1/10024
f 10025/1/10025 10026/1/10026 10027/1/10027 10028/1/10028
f 10029/1/10029 10030/1/10030 10031/1/10031 10032/1/10032
f 10033/1/10033 10034/1/10034 10035/1/10035 10036/1/10036
f 10037/1/10037 10038/1/10038 10039/1/10039 10040/1/10040
f 10041/1/10041 10042/1/10042 10043/1/10043 10044/1/10044
f 10045/1/10045 10046/1/10046 10047/1/10047 10048/1/10048
f 10049/1/10049 10050/1/10050 10051/1/10051 10052/1/10052
f 10053/1/10053 10054/1/10054 10055/1/10055 10056/1/10056
f 10057/1/10057 10058/1/10058 10059/1/10059 10060/1/10060
f 10061/1/10061 10062/1/10062 10063/1/10063 10064/1/10064
f 10065/1/10065 10066/1/10066 10067/1/10067 10068/1/10068
f 10069/1/10069 10070/1/10070 10071/1/10071 10072/1/10072
f 10073/1/10073 10074/1/10074 10075/1/10075 10076/1/10076
f 10077/1/10077 10078/1/10078 10079/1/10079 10080/1/10080
f 10081/1/10081 10082/1/10082 10083/1/10083 10084/1/10084
f 10085/1/10085 10086/1/10086 10087/1/10087 10088/1/10088
f 10089/1/10089 10090/1/10090 10091/1/10091 10092/1/10092
f 10093/1/10093 10094/1/10094 10095/1/10095 10096/1/10096
f 10097/1/10097 10098/1/10098 10099/1/10099 10100/1/10100
f 10101/1/10101 10102/1/10102 10103/1/10103 10104/1/10104
f 10105/1/10105 10106/1/10106 10107/1/10107 10108/1/10108
f 10109/1/10109 10110/1/10110 10111/1/10111 10112/1/10112
f 10113/1/10113 10114/1/10114 10115/1/10115 10116/1/10116
f 10117/1/10117 10118/1/10118 10119/1/10119 10120/1/10120
f 10121/1/10121 10122/1/10122 10123/1/10123 10124/1/10124
f 10125/1/10125 10126/1/10126 10127/1/10127 10128/1/10128
f 10129/1/10129 10130/1/10130 10131/1/10131 10132/1/10132
f 10133/1/10133 10134/1/10134 10135/1/10135 10136/1/10136
f 10137/1/10137 10138/1/10138 10139/1/10139 10140/1/10140
f 10141/1/10141 10142/1/10142 10143/1/10143 10144/1/10144
f 10145/1/10145 10146/1/10146 10147/1/10147 10148/1/10148
f 10149/1/10149 10150/1/10150 10151/1/10151 10152/1/10152
f 10153/1/10153 10154/1/10154 10155/1/10155 10156/1/10156
f 10157/1/10157 10158/1/10158 10159/1/10159 10160/1/10160
f 10161/1/10161 10162/1/10162 10163/1/10163 10164/1/10164
f 10165/1/10165 10166/1/10166 10167/1/10167 10168/1/10168
f 10169/1/10169 10170/1/10170 10171/1/10171 10172/1/10172
f 10173/1/10173 10174/1/10174 10175/1/10175 10176/1/10176
f 10177/1/10177 10178/1/10178 10179/1/10179 10180/1/10180
f 10181/1/10181 10182/1/10182 10183/1/10183 10184/1/10184
f 10185/1/10185 10186/1/10186 10187/1/10187 10188/1/10188
f 10189/1/10189 10190/1/10190 10191/1/10191 10192/1/10192
f 10193/1/10193 10194/1/10194 10195/1/10195 10196/1/10196
f 10197/1/10197 10198/1/10198 10199/1/10199 10200/1/10200
f 10201/1/10201 10202/1/10202 10203/1/10203 10204/1/10204
f 10205/1/10205 10206/1/10206 10207/1/10207 10208/1/10208
f 10209/1/10209 10210/1/10210 10211/1/10211 10212/1/10212
f 10213/1/10213 10214/1/10214 10215/1/10215 10216/1/10216
f 10217/1/10217 10218/1/10218 10219/1/10219 10220/1/10220
f 10221/1/10221 10222/1/10222 10223/1/10223 10224/1/10224
f 10225/1/10225 10226/1/10226 10227/1/10227 10228/1/10228
f 10229/1/10229 10230/1/10230 10231/1/10231 10232/1/10232
f 10233/1/10233 10234/1/10234 10235/1/10235 10236/1/10236
f 10237/1/10237 10238/1/10238 10239/1/10239 10240/1/10240
f 10241/1/10241 10242/1/10242 10243/1/10243 10244/1/10244
f 10245/1/10245 10246/1/10246 10247/1/10247 10248/1/10248
f 10249/1/10249 10250/1/10250 10251/1/10251 10252/1/10252
f 10253/1/10253 10254/1/10254 10255/1/10255 10256/1/10256
usemtl gold
f 10257/1/10257 10258/1/10258 10259/1/10259 10260/1/10260
f 10261/1/10261 10262/1/10262 10263/1/10263 10264/1/10264
f 10265/1/10265 10266/1/10266 10267/1/10267 10268/1/10268
f 10269/1/10269 10270/1/10270 10271/1/10271 10272/1/10272
f 10273/1/10273 10274/1/10274 10275/1/10275 10276/1/10276
f 10277/1/10277 10278/1/10278 10279/1/10279 10280/1/10280
f 10281/1/10281 10282/1/10282 10283/1/10283 10284/1/10284
f 10285/1/10285 10286/1/10286 10287/1/10287 10288/1/10288
f 10289/1/10289 10290/1/10290 10291/1/10291 10292/1/10292
f 10293/1/10293 10294/1/10294 10295/1/10295 10296/1/10296
f 10297/1/10297 10298/1/10298 10299/1/10299 10300/1/10300
f 10301/1/10301 10302/1/10302 10303/1/10303 10304/1/10304
f 10305/1/10305 10306/1/10306 10307/1/10307 10308/1/10308
f 10309/1/10309 10310/1/10310 10311/1/10311 10312/1/10312
f 10313/1/10313 10314/1/10314 10315/1/10315 10316/1/10316
f 10317/1/10317 10318/1/10318 10319/1/10319 10320/1/10320
f 10321/1/10321 10322/1/10322 10323/1/10323 10324/1/10324
f 10325/1/10325 10326/1/10326 10327/1/10327 10328/1/10328
f 10329/1/10329 10330/1/10330 10331/1/10331 10332/1/10332
f 10333/1/10333 10334/1/10334 10335/1/10335 10336/1/10336
f 10337/1/10337 10338/1/10338 10339/1/10339 10340/1/10340
f 10341/1/10341 10342/1/10342 10343/1/10343 10344/1/10344
f 10345/1/10345 10346/1/10346 10347/1/10347 10348/1/10348
f 10349/1/10349 10350/1/10350 10351/1/10351 10352/1/10352
f 10353/1/10353 10354/1/10354 10355/1/10355 10356/1/10356
f 10357/1/10357 10358/1/10358 10359/1/10359 10360/1/10360
f 10361/1/10361 10362/1/10362 10363/1/10363 10364/1/10364
f 10365/1/10365 10366/1/10366 10367/1/10367 10368/1/10368
f 10369/1/10369 10370/1/10370 10371/1/10371 10372/1/10372
f 10373/1/10373 10374/1/10374 10375/1/10375 10376/1/10376
f 10377/1/10377 10378/1/10378 10379/1/10379 10380/1/10380
f 10381/1/10381 10382/1/10382 10383/1/10383 10384/1/10384
f 10385/1/10385 10386/1/10386 10387/1/10387 10388/1/10388
f 10389/1/10389 10390/1/10390 10391/1/10391 10392/1/10392
f 10393/1/10393 10394/1/10394 10395/1/10395 10396/1/10396
f 10397/1/10397 10398/1/10398 10399/1/10399 10400/1/10400
f 10401/1/10401 10402/1/10402 10403/1/10403 10404/1/10404
f 10405/1/10405 10406/1/10406 10407/1/10407 10408/1/10408
f 10409/1/10409 10410/1/10410 10411/1/10411 10412/1/10412
f 10413/1/10413 10414/1/10414 10415/1/10415 10416/1/10416
g shell_5_gold_inlay
usemtl gold_edge
f 10417/1/10417 10418/1/10418 10419/1/10419 10420/1/10420
f 10421/1/10421 10422/1/10422 10423/1/10423 10424/1/10424
f 10425/1/10425 10426/1/10426 10427/1/10427 10428/1/10428
f 10429/1/10429 10430/1/10430 10431/1/10431 10432/1/10432
f 10433/1/10433 10434/1/10434 10435/1/10435 10436/1/10436
f 10437/1/10437 10438/1/10438 10439/1/10439 10440/1/10440
f 10441/1/10441 10442/1/10442 10443/1/10443 10444/1/10444
f 10445/1/10445 10446/1/10446 10447/1/10447 10448/1/10448
f 10449/1/10449 10450/1/10450 10451/1/10451 10452/1/10452
f 10453/1/10453 10454/1/10454 10455/1/10455 10456/1/10456
f 10457/1/10457 10458/1/10458 10459/1/10459 10460/1/10460
f 10461/1/10461 10462/1/10462 10463/1/10463 10464/1/10464
f 10465/1/10465 10466/1/10466 10467/1/10467 10468/1/10468
f 10469/1/10469 10470/1/10470 10471/1/10471 10472/1/10472
f 10473/1/10473 10474/1/10474 10475/1/10475 10476/1/10476
f 10477/1/10477 10478/1/10478 10479/1/10479 10480/1/10480
f 10481/1/10481 10482/1/10482 10483/1/10483 10484/1/10484
f 10485/1/10485 10486/1/10486 10487/1/10487 10488/1/10488
f 10489/1/10489 10490/1/10490 10491/1/10491 10492/1/10492
f 10493/1/10493 10494/1/10494 10495/1/10495 10496/1/10496
f 10497/1/10497 10498/1/10498 10499/1/10499 10500/1/10500
f 10501/1/10501 10502/1/10502 10503/1/10503 10504/1/10504
f 10505/1/10505 10506/1/10506 10507/1/10507 10508/1/10508
f 10509/1/10509 10510/1/10510 10511/1/10511 10512/1/10512
f 10513/1/10513 10514/1/10514 10515/1/10515 10516/1/10516
f 10517/1/10517 10518/1/10518 10519/1/10519 10520/1/10520
f 10521/1/10521 10522/1/10522 10523/1/10523 10524/1/10524
f 10525/1/10525 10526/1/10526 10527/1/10527 10528/1/10528
usemtl navy
f 10529/1/10529 10530/1/10530 10531/1/10531 10532/1/10532
f 10533/1/10533 10534/1/10534 10535/1/10535 10536/1/10536
f 10537/1/10537 10538/1/10538 10539/1/10539 10540/1/10540
f 10541/1/10541 10542/1/10542 10543/1/10543 10544/1/10544
f 10545/1/10545 10546/1/10546 10547/1/10547 10548/1/10548
f 10549/1/10549 10550/1/10550 10551/1/10551 10552/1/10552
f 10553/1/10553 10554/1/10554 10555/1/10555 10556/1/10556
f 10557/1/10557 10558/1/10558 10559/1/10559 10560/1/10560
f 10561/1/10561 10562/1/10562 10563/1/10563 10564/1/10564
f 10565/1/10565 10566/1/10566 10567/1/10567 10568/1/10568
usemtl mana_light
f 10569/1/10569 10570/1/10570 10571/1/10571 10572/1/10572
f 10573/1/10573 10574/1/10574 10575/1/10575 10576/1/10576
f 10577/1/10577 10578/1/10578 10579/1/10579 10580/1/10580
f 10581/1/10581 10582/1/10582 10583/1/10583 10584/1/10584
f 10585/1/10585 10586/1/10586 10587/1/10587 10588/1/10588
f 10589/1/10589 10590/1/10590 10591/1/10591 10592/1/10592
f 10593/1/10593 10594/1/10594 10595/1/10595 10596/1/10596
f 10597/1/10597 10598/1/10598 10599/1/10599 10600/1/10600
usemtl gold
f 10601/1/10601 10602/1/10602 10603/1/10603 10604/1/10604
f 10605/1/10605 10606/1/10606 10607/1/10607 10608/1/10608
