# Relics-P04; model coordinates in block units; front faces -Z
mtllib rf_hive.mtl
v 0.5508204 0.5101088 0.2395034
v 0.5518160 0.5000000 0.2395034
v 0.5000000 0.5000000 0.2344000
v 0.5478717 0.5198291 0.2395034
v 0.5430834 0.5287874 0.2395034
v 0.5366394 0.5366394 0.2395034
v 0.5287874 0.5430834 0.2395034
v 0.5198291 0.5478717 0.2395034
v 0.5101088 0.5508204 0.2395034
v 0.5000000 0.5518160 0.2395034
v 0.4898912 0.5508204 0.2395034
v 0.4801709 0.5478717 0.2395034
v 0.4712126 0.5430834 0.2395034
v 0.4633606 0.5366394 0.2395034
v 0.4569166 0.5287874 0.2395034
v 0.4521283 0.5198291 0.2395034
v 0.4491796 0.5101088 0.2395034
v 0.4481840 0.5000000 0.2395034
v 0.4491796 0.4898912 0.2395034
v 0.4521283 0.4801709 0.2395034
v 0.4569166 0.4712126 0.2395034
v 0.4633606 0.4633606 0.2395034
v 0.4712126 0.4569166 0.2395034
v 0.4801709 0.4521283 0.2395034
v 0.4898912 0.4491796 0.2395034
v 0.5000000 0.4481840 0.2395034
v 0.5101088 0.4491796 0.2395034
v 0.5198291 0.4521283 0.2395034
v 0.5287874 0.4569166 0.2395034
v 0.5366394 0.4633606 0.2395034
v 0.5430834 0.4712126 0.2395034
v 0.5478717 0.4801709 0.2395034
v 0.5508204 0.4898912 0.2395034
v 0.5996877 0.5198291 0.2546176
v 0.6016407 0.5000000 0.2546176
v 0.5939038 0.5388962 0.2546176
v 0.5845112 0.5564686 0.2546176
v 0.5718708 0.5718708 0.2546176
v 0.5564686 0.5845112 0.2546176
v 0.5388962 0.5939038 0.2546176
v 0.5198291 0.5996877 0.2546176
v 0.5000000 0.6016407 0.2546176
v 0.4801709 0.5996877 0.2546176
v 0.4611038 0.5939038 0.2546176
v 0.4435314 0.5845112 0.2546176
v 0.4281292 0.5718708 0.2546176
v 0.4154888 0.5564686 0.2546176
v 0.4060962 0.5388962 0.2546176
v 0.4003123 0.5198291 0.2546176
v 0.3983593 0.5000000 0.2546176
v 0.4003123 0.4801709 0.2546176
v 0.4060962 0.4611038 0.2546176
v 0.4154888 0.4435314 0.2546176
v 0.4281292 0.4281292 0.2546176
v 0.4435314 0.4154888 0.2546176
v 0.4611038 0.4060962 0.2546176
v 0.4801709 0.4003123 0.2546176
v 0.5000000 0.3983593 0.2546176
v 0.5198291 0.4003123 0.2546176
v 0.5388962 0.4060962 0.2546176
v 0.5564686 0.4154888 0.2546176
v 0.5718708 0.4281292 0.2546176
v 0.5845112 0.4435314 0.2546176
v 0.5939038 0.4611038 0.2546176
v 0.5996877 0.4801709 0.2546176
v 0.6447241 0.5287874 0.2791617
v 0.6475595 0.5000000 0.2791617
v 0.6363272 0.5564686 0.2791617
v 0.6226912 0.5819796 0.2791617
v 0.6043403 0.6043403 0.2791617
v 0.5819796 0.6226912 0.2791617
v 0.5564686 0.6363272 0.2791617
v 0.5287874 0.6447241 0.2791617
v 0.5000000 0.6475595 0.2791617
v 0.4712126 0.6447241 0.2791617
v 0.4435314 0.6363272 0.2791617
v 0.4180204 0.6226912 0.2791617
v 0.3956597 0.6043403 0.2791617
v 0.3773088 0.5819796 0.2791617
v 0.3636728 0.5564686 0.2791617
v 0.3552759 0.5287874 0.2791617
v 0.3524405 0.5000000 0.2791617
v 0.3552759 0.4712126 0.2791617
v 0.3636728 0.4435314 0.2791617
v 0.3773088 0.4180204 0.2791617
v 0.3956597 0.3956597 0.2791617
v 0.4180204 0.3773088 0.2791617
v 0.4435314 0.3636728 0.2791617
v 0.4712126 0.3552759 0.2791617
v 0.5000000 0.3524405 0.2791617
v 0.5287874 0.3552759 0.2791617
v 0.5564686 0.3636728 0.2791617
v 0.5819796 0.3773088 0.2791617
v 0.6043403 0.3956597 0.2791617
v 0.6226912 0.4180204 0.2791617
v 0.6363272 0.4435314 0.2791617
v 0.6447241 0.4712126 0.2791617
v 0.6841989 0.5366394 0.3121924
v 0.6878076 0.5000000 0.3121924
v 0.6735116 0.5718708 0.3121924
v 0.6561563 0.6043403 0.3121924
v 0.6328000 0.6328000 0.3121924
v 0.6043403 0.6561563 0.3121924
v 0.5718708 0.6735116 0.3121924
v 0.5366394 0.6841989 0.3121924
v 0.5000000 0.6878076 0.3121924
v 0.4633606 0.6841989 0.3121924
v 0.4281292 0.6735116 0.3121924
v 0.3956597 0.6561563 0.3121924
v 0.3672000 0.6328000 0.3121924
v 0.3438437 0.6043403 0.3121924
v 0.3264884 0.5718708 0.3121924
v 0.3158011 0.5366394 0.3121924
v 0.3121924 0.5000000 0.3121924
v 0.3158011 0.4633606 0.3121924
v 0.3264884 0.4281292 0.3121924
v 0.3438437 0.3956597 0.3121924
v 0.3672000 0.3672000 0.3121924
v 0.3956597 0.3438437 0.3121924
v 0.4281292 0.3264884 0.3121924
v 0.4633606 0.3158011 0.3121924
v 0.5000000 0.3121924 0.3121924
v 0.5366394 0.3158011 0.3121924
v 0.5718708 0.3264884 0.3121924
v 0.6043403 0.3438437 0.3121924
v 0.6328000 0.3672000 0.3121924
v 0.6561563 0.3956597 0.3121924
v 0.6735116 0.4281292 0.3121924
v 0.6841989 0.4633606 0.3121924
v 0.7165950 0.5430834 0.3524405
v 0.7208383 0.5000000 0.3524405
v 0.7040280 0.5845112 0.3524405
v 0.6836204 0.6226912 0.3524405
v 0.6561563 0.6561563 0.3524405
v 0.6226912 0.6836204 0.3524405
v 0.5845112 0.7040280 0.3524405
v 0.5430834 0.7165950 0.3524405
v 0.5000000 0.7208383 0.3524405
v 0.4569166 0.7165950 0.3524405
v 0.4154888 0.7040280 0.3524405
v 0.3773088 0.6836204 0.3524405
v 0.3438437 0.6561563 0.3524405
v 0.3163796 0.6226912 0.3524405
v 0.2959720 0.5845112 0.3524405
v 0.2834050 0.5430834 0.3524405
v 0.2791617 0.5000000 0.3524405
v 0.2834050 0.4569166 0.3524405
v 0.2959720 0.4154888 0.3524405
v 0.3163796 0.3773088 0.3524405
v 0.3438437 0.3438437 0.3524405
v 0.3773088 0.3163796 0.3524405
v 0.4154888 0.2959720 0.3524405
v 0.4569166 0.2834050 0.3524405
v 0.5000000 0.2791617 0.3524405
v 0.5430834 0.2834050 0.3524405
v 0.5845112 0.2959720 0.3524405
v 0.6226912 0.3163796 0.3524405
v 0.6561563 0.3438437 0.3524405
v 0.6836204 0.3773088 0.3524405
v 0.7040280 0.4154888 0.3524405
v 0.7165950 0.4569166 0.3524405
v 0.7406674 0.5478717 0.3983593
v 0.7453824 0.5000000 0.3983593
v 0.7267038 0.5939038 0.3983593
v 0.7040280 0.6363272 0.3983593
v 0.6735116 0.6735116 0.3983593
v 0.6363272 0.7040280 0.3983593
v 0.5939038 0.7267038 0.3983593
v 0.5478717 0.7406674 0.3983593
v 0.5000000 0.7453824 0.3983593
v 0.4521283 0.7406674 0.3983593
v 0.4060962 0.7267038 0.3983593
v 0.3636728 0.7040280 0.3983593
v 0.3264884 0.6735116 0.3983593
v 0.2959720 0.6363272 0.3983593
v 0.2732962 0.5939038 0.3983593
v 0.2593326 0.5478717 0.3983593
v 0.2546176 0.5000000 0.3983593
v 0.2593326 0.4521283 0.3983593
v 0.2732962 0.4060962 0.3983593
v 0.2959720 0.3636728 0.3983593
v 0.3264884 0.3264884 0.3983593
v 0.3636728 0.2959720 0.3983593
v 0.4060962 0.2732962 0.3983593
v 0.4521283 0.2593326 0.3983593
v 0.5000000 0.2546176 0.3983593
v 0.5478717 0.2593326 0.3983593
v 0.5939038 0.2732962 0.3983593
v 0.6363272 0.2959720 0.3983593
v 0.6735116 0.3264884 0.3983593
v 0.7040280 0.3636728 0.3983593
v 0.7267038 0.4060962 0.3983593
v 0.7406674 0.4521283 0.3983593
v 0.7554912 0.5508204 0.4481840
v 0.7604966 0.5000000 0.4481840
v 0.7406674 0.5996877 0.4481840
v 0.7165950 0.6447241 0.4481840
v 0.6841989 0.6841989 0.4481840
v 0.6447241 0.7165950 0.4481840
v 0.5996877 0.7406674 0.4481840
v 0.5508204 0.7554912 0.4481840
v 0.5000000 0.7604966 0.4481840
v 0.4491796 0.7554912 0.4481840
v 0.4003123 0.7406674 0.4481840
v 0.3552759 0.7165950 0.4481840
v 0.3158011 0.6841989 0.4481840
v 0.2834050 0.6447241 0.4481840
v 0.2593326 0.5996877 0.4481840
v 0.2445088 0.5508204 0.4481840
v 0.2395034 0.5000000 0.4481840
v 0.2445088 0.4491796 0.4481840
v 0.2593326 0.4003123 0.4481840
v 0.2834050 0.3552759 0.4481840
v 0.3158011 0.3158011 0.4481840
v 0.3552759 0.2834050 0.4481840
v 0.4003123 0.2593326 0.4481840
v 0.4491796 0.2445088 0.4481840
v 0.5000000 0.2395034 0.4481840
v 0.5508204 0.2445088 0.4481840
v 0.5996877 0.2593326 0.4481840
v 0.6447241 0.2834050 0.4481840
v 0.6841989 0.3158011 0.4481840
v 0.7165950 0.3552759 0.4481840
v 0.7406674 0.4003123 0.4481840
v 0.7554912 0.4491796 0.4481840
v 0.7604966 0.5518160 0.5000000
v 0.7656000 0.5000000 0.5000000
v 0.7453824 0.6016407 0.5000000
v 0.7208383 0.6475595 0.5000000
v 0.6878076 0.6878076 0.5000000
v 0.6475595 0.7208383 0.5000000
v 0.6016407 0.7453824 0.5000000
v 0.5518160 0.7604966 0.5000000
v 0.5000000 0.7656000 0.5000000
v 0.4481840 0.7604966 0.5000000
v 0.3983593 0.7453824 0.5000000
v 0.3524405 0.7208383 0.5000000
v 0.3121924 0.6878076 0.5000000
v 0.2791617 0.6475595 0.5000000
v 0.2546176 0.6016407 0.5000000
v 0.2395034 0.5518160 0.5000000
v 0.2344000 0.5000000 0.5000000
v 0.2395034 0.4481840 0.5000000
v 0.2546176 0.3983593 0.5000000
v 0.2791617 0.3524405 0.5000000
v 0.3121924 0.3121924 0.5000000
v 0.3524405 0.2791617 0.5000000
v 0.3983593 0.2546176 0.5000000
v 0.4481840 0.2395034 0.5000000
v 0.5000000 0.2344000 0.5000000
v 0.5518160 0.2395034 0.5000000
v 0.6016407 0.2546176 0.5000000
v 0.6475595 0.2791617 0.5000000
v 0.6878076 0.3121924 0.5000000
v 0.7208383 0.3524405 0.5000000
v 0.7453824 0.3983593 0.5000000
v 0.7604966 0.4481840 0.5000000
v 0.7554912 0.5508204 0.5518160
v 0.7604966 0.5000000 0.5518160
v 0.7406674 0.5996877 0.5518160
v 0.7165950 0.6447241 0.5518160
v 0.6841989 0.6841989 0.5518160
v 0.6447241 0.7165950 0.5518160
v 0.5996877 0.7406674 0.5518160
v 0.5508204 0.7554912 0.5518160
v 0.5000000 0.7604966 0.5518160
v 0.4491796 0.7554912 0.5518160
v 0.4003123 0.7406674 0.5518160
v 0.3552759 0.7165950 0.5518160
v 0.3158011 0.6841989 0.5518160
v 0.2834050 0.6447241 0.5518160
v 0.2593326 0.5996877 0.5518160
v 0.2445088 0.5508204 0.5518160
v 0.2395034 0.5000000 0.5518160
v 0.2445088 0.4491796 0.5518160
v 0.2593326 0.4003123 0.5518160
v 0.2834050 0.3552759 0.5518160
v 0.3158011 0.3158011 0.5518160
v 0.3552759 0.2834050 0.5518160
v 0.4003123 0.2593326 0.5518160
v 0.4491796 0.2445088 0.5518160
v 0.5000000 0.2395034 0.5518160
v 0.5508204 0.2445088 0.5518160
v 0.5996877 0.2593326 0.5518160
v 0.6447241 0.2834050 0.5518160
v 0.6841989 0.3158011 0.5518160
v 0.7165950 0.3552759 0.5518160
v 0.7406674 0.4003123 0.5518160
v 0.7554912 0.4491796 0.5518160
v 0.7406674 0.5478717 0.6016407
v 0.7453824 0.5000000 0.6016407
v 0.7267038 0.5939038 0.6016407
v 0.7040280 0.6363272 0.6016407
v 0.6735116 0.6735116 0.6016407
v 0.6363272 0.7040280 0.6016407
v 0.5939038 0.7267038 0.6016407
v 0.5478717 0.7406674 0.6016407
v 0.5000000 0.7453824 0.6016407
v 0.4521283 0.7406674 0.6016407
v 0.4060962 0.7267038 0.6016407
v 0.3636728 0.7040280 0.6016407
v 0.3264884 0.6735116 0.6016407
v 0.2959720 0.6363272 0.6016407
v 0.2732962 0.5939038 0.6016407
v 0.2593326 0.5478717 0.6016407
v 0.2546176 0.5000000 0.6016407
v 0.2593326 0.4521283 0.6016407
v 0.2732962 0.4060962 0.6016407
v 0.2959720 0.3636728 0.6016407
v 0.3264884 0.3264884 0.6016407
v 0.3636728 0.2959720 0.6016407
v 0.4060962 0.2732962 0.6016407
v 0.4521283 0.2593326 0.6016407
v 0.5000000 0.2546176 0.6016407
v 0.5478717 0.2593326 0.6016407
v 0.5939038 0.2732962 0.6016407
v 0.6363272 0.2959720 0.6016407
v 0.6735116 0.3264884 0.6016407
v 0.7040280 0.3636728 0.6016407
v 0.7267038 0.4060962 0.6016407
v 0.7406674 0.4521283 0.6016407
v 0.7165950 0.5430834 0.6475595
v 0.7208383 0.5000000 0.6475595
v 0.7040280 0.5845112 0.6475595
v 0.6836204 0.6226912 0.6475595
v 0.6561563 0.6561563 0.6475595
v 0.6226912 0.6836204 0.6475595
v 0.5845112 0.7040280 0.6475595
v 0.5430834 0.7165950 0.6475595
v 0.5000000 0.7208383 0.6475595
v 0.4569166 0.7165950 0.6475595
v 0.4154888 0.7040280 0.6475595
v 0.3773088 0.6836204 0.6475595
v 0.3438437 0.6561563 0.6475595
v 0.3163796 0.6226912 0.6475595
v 0.2959720 0.5845112 0.6475595
v 0.2834050 0.5430834 0.6475595
v 0.2791617 0.5000000 0.6475595
v 0.2834050 0.4569166 0.6475595
v 0.2959720 0.4154888 0.6475595
v 0.3163796 0.3773088 0.6475595
v 0.3438437 0.3438437 0.6475595
v 0.3773088 0.3163796 0.6475595
v 0.4154888 0.2959720 0.6475595
v 0.4569166 0.2834050 0.6475595
v 0.5000000 0.2791617 0.6475595
v 0.5430834 0.2834050 0.6475595
v 0.5845112 0.2959720 0.6475595
v 0.6226912 0.3163796 0.6475595
v 0.6561563 0.3438437 0.6475595
v 0.6836204 0.3773088 0.6475595
v 0.7040280 0.4154888 0.6475595
v 0.7165950 0.4569166 0.6475595
v 0.6841989 0.5366394 0.6878076
v 0.6878076 0.5000000 0.6878076
v 0.6735116 0.5718708 0.6878076
v 0.6561563 0.6043403 0.6878076
v 0.6328000 0.6328000 0.6878076
v 0.6043403 0.6561563 0.6878076
v 0.5718708 0.6735116 0.6878076
v 0.5366394 0.6841989 0.6878076
v 0.5000000 0.6878076 0.6878076
v 0.4633606 0.6841989 0.6878076
v 0.4281292 0.6735116 0.6878076
v 0.3956597 0.6561563 0.6878076
v 0.3672000 0.6328000 0.6878076
v 0.3438437 0.6043403 0.6878076
v 0.3264884 0.5718708 0.6878076
v 0.3158011 0.5366394 0.6878076
v 0.3121924 0.5000000 0.6878076
v 0.3158011 0.4633606 0.6878076
v 0.3264884 0.4281292 0.6878076
v 0.3438437 0.3956597 0.6878076
v 0.3672000 0.3672000 0.6878076
v 0.3956597 0.3438437 0.6878076
v 0.4281292 0.3264884 0.6878076
v 0.4633606 0.3158011 0.6878076
v 0.5000000 0.3121924 0.6878076
v 0.5366394 0.3158011 0.6878076
v 0.5718708 0.3264884 0.6878076
v 0.6043403 0.3438437 0.6878076
v 0.6328000 0.3672000 0.6878076
v 0.6561563 0.3956597 0.6878076
v 0.6735116 0.4281292 0.6878076
v 0.6841989 0.4633606 0.6878076
v 0.6447241 0.5287874 0.7208383
v 0.6475595 0.5000000 0.7208383
v 0.6363272 0.5564686 0.7208383
v 0.6226912 0.5819796 0.7208383
v 0.6043403 0.6043403 0.7208383
v 0.5819796 0.6226912 0.7208383
v 0.5564686 0.6363272 0.7208383
v 0.5287874 0.6447241 0.7208383
v 0.5000000 0.6475595 0.7208383
v 0.4712126 0.6447241 0.7208383
v 0.4435314 0.6363272 0.7208383
v 0.4180204 0.6226912 0.7208383
v 0.3956597 0.6043403 0.7208383
v 0.3773088 0.5819796 0.7208383
v 0.3636728 0.5564686 0.7208383
v 0.3552759 0.5287874 0.7208383
v 0.3524405 0.5000000 0.7208383
v 0.3552759 0.4712126 0.7208383
v 0.3636728 0.4435314 0.7208383
v 0.3773088 0.4180204 0.7208383
v 0.3956597 0.3956597 0.7208383
v 0.4180204 0.3773088 0.7208383
v 0.4435314 0.3636728 0.7208383
v 0.4712126 0.3552759 0.7208383
v 0.5000000 0.3524405 0.7208383
v 0.5287874 0.3552759 0.7208383
v 0.5564686 0.3636728 0.7208383
v 0.5819796 0.3773088 0.7208383
v 0.6043403 0.3956597 0.7208383
v 0.6226912 0.4180204 0.7208383
v 0.6363272 0.4435314 0.7208383
v 0.6447241 0.4712126 0.7208383
v 0.5996877 0.5198291 0.7453824
v 0.6016407 0.5000000 0.7453824
v 0.5939038 0.5388962 0.7453824
v 0.5845112 0.5564686 0.7453824
v 0.5718708 0.5718708 0.7453824
v 0.5564686 0.5845112 0.7453824
v 0.5388962 0.5939038 0.7453824
v 0.5198291 0.5996877 0.7453824
v 0.5000000 0.6016407 0.7453824
v 0.4801709 0.5996877 0.7453824
v 0.4611038 0.5939038 0.7453824
v 0.4435314 0.5845112 0.7453824
v 0.4281292 0.5718708 0.7453824
v 0.4154888 0.5564686 0.7453824
v 0.4060962 0.5388962 0.7453824
v 0.4003123 0.5198291 0.7453824
v 0.3983593 0.5000000 0.7453824
v 0.4003123 0.4801709 0.7453824
v 0.4060962 0.4611038 0.7453824
v 0.4154888 0.4435314 0.7453824
v 0.4281292 0.4281292 0.7453824
v 0.4435314 0.4154888 0.7453824
v 0.4611038 0.4060962 0.7453824
v 0.4801709 0.4003123 0.7453824
v 0.5000000 0.3983593 0.7453824
v 0.5198291 0.4003123 0.7453824
v 0.5388962 0.4060962 0.7453824
v 0.5564686 0.4154888 0.7453824
v 0.5718708 0.4281292 0.7453824
v 0.5845112 0.4435314 0.7453824
v 0.5939038 0.4611038 0.7453824
v 0.5996877 0.4801709 0.7453824
v 0.5508204 0.5101088 0.7604966
v 0.5518160 0.5000000 0.7604966
v 0.5478717 0.5198291 0.7604966
v 0.5430834 0.5287874 0.7604966
v 0.5366394 0.5366394 0.7604966
v 0.5287874 0.5430834 0.7604966
v 0.5198291 0.5478717 0.7604966
v 0.5101088 0.5508204 0.7604966
v 0.5000000 0.5518160 0.7604966
v 0.4898912 0.5508204 0.7604966
v 0.4801709 0.5478717 0.7604966
v 0.4712126 0.5430834 0.7604966
v 0.4633606 0.5366394 0.7604966
v 0.4569166 0.5287874 0.7604966
v 0.4521283 0.5198291 0.7604966
v 0.4491796 0.5101088 0.7604966
v 0.4481840 0.5000000 0.7604966
v 0.4491796 0.4898912 0.7604966
v 0.4521283 0.4801709 0.7604966
v 0.4569166 0.4712126 0.7604966
v 0.4633606 0.4633606 0.7604966
v 0.4712126 0.4569166 0.7604966
v 0.4801709 0.4521283 0.7604966
v 0.4898912 0.4491796 0.7604966
v 0.5000000 0.4481840 0.7604966
v 0.5101088 0.4491796 0.7604966
v 0.5198291 0.4521283 0.7604966
v 0.5287874 0.4569166 0.7604966
v 0.5366394 0.4633606 0.7604966
v 0.5430834 0.4712126 0.7604966
v 0.5478717 0.4801709 0.7604966
v 0.5508204 0.4898912 0.7604966
v 0.5000000 0.5000000 0.7656000
v 0.7610263 0.5519214 0.4622789
v 0.7636350 0.5524403 0.4997859
v 0.7687999 0.5000000 0.4997859
v 0.7661401 0.5000000 0.4622789
v 0.7458814 0.6018474 0.4622789
v 0.7483387 0.6028653 0.4997859
v 0.7212874 0.6478595 0.4622789
v 0.7234990 0.6493372 0.4997859
v 0.6881895 0.6881895 0.4622789
v 0.6900702 0.6900702 0.4997859
v 0.6478595 0.7212874 0.4622789
v 0.6493372 0.7234990 0.4997859
v 0.6018474 0.7458814 0.4622789
v 0.6028653 0.7483387 0.4997859
v 0.5519214 0.7610263 0.4622789
v 0.5524403 0.7636350 0.4997859
v 0.5000000 0.7661401 0.4622789
v 0.5000000 0.7687999 0.4997859
v 0.4480786 0.7610263 0.4622789
v 0.4475597 0.7636350 0.4997859
v 0.3981526 0.7458814 0.4622789
v 0.3971347 0.7483387 0.4997859
v 0.3521405 0.7212874 0.4622789
v 0.3506628 0.7234990 0.4997859
v 0.3118105 0.6881895 0.4622789
v 0.3099298 0.6900702 0.4997859
v 0.2787126 0.6478595 0.4622789
v 0.2765010 0.6493372 0.4997859
v 0.2541186 0.6018474 0.4622789
v 0.2516613 0.6028653 0.4997859
v 0.2389737 0.5519214 0.4622789
v 0.2363650 0.5524403 0.4997859
v 0.2338599 0.5000000 0.4622789
v 0.2312001 0.5000000 0.4997859
v 0.2389737 0.4480786 0.4622789
v 0.2363650 0.4475597 0.4997859
v 0.2541186 0.3981526 0.4622789
v 0.2516613 0.3971347 0.4997859
v 0.2787126 0.3521405 0.4622789
v 0.2765010 0.3506628 0.4997859
v 0.3118105 0.3118105 0.4622789
v 0.3099298 0.3099298 0.4997859
v 0.3521405 0.2787126 0.4622789
v 0.3506628 0.2765010 0.4997859
v 0.3981526 0.2541186 0.4622789
v 0.3971347 0.2516613 0.4997859
v 0.4480786 0.2389737 0.4622789
v 0.4475597 0.2363650 0.4997859
v 0.5000000 0.2338599 0.4622789
v 0.5000000 0.2312001 0.4997859
v 0.5519214 0.2389737 0.4622789
v 0.5524403 0.2363650 0.4997859
v 0.6018474 0.2541186 0.4622789
v 0.6028653 0.2516613 0.4997859
v 0.6478595 0.2787126 0.4622789
v 0.6493372 0.2765010 0.4997859
v 0.6881895 0.3118105 0.4622789
v 0.6900702 0.3099298 0.4997859
v 0.7212874 0.3521405 0.4622789
v 0.7234990 0.3506628 0.4997859
v 0.7458814 0.3981526 0.4622789
v 0.7483387 0.3971347 0.4997859
v 0.7610263 0.4480786 0.4622789
v 0.7636350 0.4475597 0.4997859
v 0.7610849 0.5519330 0.5372972
v 0.7661998 0.5000000 0.5372972
v 0.7459366 0.6018703 0.5372972
v 0.7213371 0.6478927 0.5372972
v 0.6882317 0.6882317 0.5372972
v 0.6478927 0.7213371 0.5372972
v 0.6018703 0.7459366 0.5372972
v 0.5519330 0.7610849 0.5372972
v 0.5000000 0.7661998 0.5372972
v 0.4480670 0.7610849 0.5372972
v 0.3981297 0.7459366 0.5372972
v 0.3521073 0.7213371 0.5372972
v 0.3117683 0.6882317 0.5372972
v 0.2786629 0.6478927 0.5372972
v 0.2540634 0.6018703 0.5372972
v 0.2389151 0.5519330 0.5372972
v 0.2338002 0.5000000 0.5372972
v 0.2389151 0.4480670 0.5372972
v 0.2540634 0.3981297 0.5372972
v 0.2786629 0.3521073 0.5372972
v 0.3117683 0.3117683 0.5372972
v 0.3521073 0.2786629 0.5372972
v 0.3981297 0.2540634 0.5372972
v 0.4480670 0.2389151 0.5372972
v 0.5000000 0.2338002 0.5372972
v 0.5519330 0.2389151 0.5372972
v 0.6018703 0.2540634 0.5372972
v 0.6478927 0.2786629 0.5372972
v 0.6882317 0.3117683 0.5372972
v 0.7213371 0.3521073 0.5372972
v 0.7459366 0.3981297 0.5372972
v 0.7610849 0.4480670 0.5372972
v 0.7662435 0.5386035 0.4727908
v 0.7662860 0.5386096 0.5267807
v 0.7690167 0.5053811 0.5267807
v 0.7689737 0.5053802 0.4727908
v 0.7471801 0.6061970 0.4727908
v 0.7472196 0.6062139 0.5267807
v 0.7584575 0.5748243 0.5267807
v 0.7584162 0.5748124 0.4727908
v 0.7112719 0.6665533 0.4727908
v 0.7113056 0.6665799 0.5267807
v 0.7302848 0.6391685 0.5267807
v 0.7302480 0.6391463 0.4727908
v 0.6609658 0.7155593 0.4727908
v 0.6609915 0.7155938 0.5267807
v 0.6864186 0.6940285 0.5267807
v 0.6863888 0.6939975 0.4727908
v 0.5996902 0.7498754 0.4727908
v 0.5997061 0.7499153 0.5267807
v 0.6298482 0.7356658 0.5267807
v 0.6298275 0.7356282 0.4727908
v 0.5316208 0.7671628 0.4727908
v 0.5316259 0.7672055 0.5267807
v 0.5644290 0.7612429 0.5267807
v 0.5644187 0.7612012 0.4727908
v 0.4613965 0.7662435 0.4727908
v 0.4613904 0.7662860 0.5267807
v 0.4946189 0.7690167 0.5267807
v 0.4946198 0.7689737 0.4727908
v 0.3938030 0.7471801 0.4727908
v 0.3937861 0.7472196 0.5267807
v 0.4251757 0.7584575 0.5267807
v 0.4251876 0.7584162 0.4727908
v 0.3334467 0.7112719 0.4727908
v 0.3334201 0.7113056 0.5267807
v 0.3608315 0.7302848 0.5267807
v 0.3608537 0.7302480 0.4727908
v 0.2844407 0.6609658 0.4727908
v 0.2844062 0.6609915 0.5267807
v 0.3059715 0.6864186 0.5267807
v 0.3060025 0.6863888 0.4727908
v 0.2501246 0.5996902 0.4727908
v 0.2500847 0.5997061 0.5267807
v 0.2643342 0.6298482 0.5267807
v 0.2643718 0.6298275 0.4727908
v 0.2328372 0.5316208 0.4727908
v 0.2327945 0.5316259 0.5267807
v 0.2387571 0.5644290 0.5267807
v 0.2387988 0.5644187 0.4727908
v 0.2337565 0.4613965 0.4727908
v 0.2337140 0.4613904 0.5267807
v 0.2309833 0.4946189 0.5267807
v 0.2310263 0.4946198 0.4727908
v 0.2528199 0.3938030 0.4727908
v 0.2527804 0.3937861 0.5267807
v 0.2415425 0.4251757 0.5267807
v 0.2415838 0.4251876 0.4727908
v 0.2887281 0.3334467 0.4727908
v 0.2886944 0.3334201 0.5267807
v 0.2697152 0.3608315 0.5267807
v 0.2697520 0.3608537 0.4727908
v 0.3390342 0.2844407 0.4727908
v 0.3390085 0.2844062 0.5267807
v 0.3135814 0.3059715 0.5267807
v 0.3136112 0.3060025 0.4727908
v 0.4003098 0.2501246 0.4727908
v 0.4002939 0.2500847 0.5267807
v 0.3701518 0.2643342 0.5267807
v 0.3701725 0.2643718 0.4727908
v 0.4683792 0.2328372 0.4727908
v 0.4683741 0.2327945 0.5267807
v 0.4355710 0.2387571 0.5267807
v 0.4355813 0.2387988 0.4727908
v 0.5386035 0.2337565 0.4727908
v 0.5386096 0.2337140 0.5267807
v 0.5053811 0.2309833 0.5267807
v 0.5053802 0.2310263 0.4727908
v 0.6061970 0.2528199 0.4727908
v 0.6062139 0.2527804 0.5267807
v 0.5748243 0.2415425 0.5267807
v 0.5748124 0.2415838 0.4727908
v 0.6665533 0.2887281 0.4727908
v 0.6665799 0.2886944 0.5267807
v 0.6391685 0.2697152 0.5267807
v 0.6391463 0.2697520 0.4727908
v 0.7155593 0.3390342 0.4727908
v 0.7155938 0.3390085 0.5267807
v 0.6940285 0.3135814 0.5267807
v 0.6939975 0.3136112 0.4727908
v 0.7498754 0.4003098 0.4727908
v 0.7499153 0.4002939 0.5267807
v 0.7356658 0.3701518 0.5267807
v 0.7356282 0.3701725 0.4727908
v 0.7671628 0.4683792 0.4727908
v 0.7672055 0.4683741 0.5267807
v 0.7612429 0.4355710 0.5267807
v 0.7612012 0.4355813 0.4727908
v 0.6048000 0.5000000 0.2496000
v 0.6035097 0.5163943 0.2496000
v 0.6240537 0.5196482 0.2360000
v 0.6256000 0.5000000 0.2360000
v 0.5996707 0.5323850 0.2496000
v 0.6194527 0.5388125 0.2360000
v 0.5933775 0.5475782 0.2496000
v 0.6119104 0.5570212 0.2360000
v 0.5847850 0.5615999 0.2496000
v 0.6016125 0.5738258 0.2360000
v 0.5741048 0.5741048 0.2496000
v 0.5888126 0.5888126 0.2360000
v 0.5615999 0.5847850 0.2496000
v 0.5738258 0.6016125 0.2360000
v 0.5475782 0.5933775 0.2496000
v 0.5570212 0.6119104 0.2360000
v 0.5323850 0.5996707 0.2496000
v 0.5388125 0.6194527 0.2360000
v 0.5163943 0.6035097 0.2496000
v 0.5196482 0.6240537 0.2360000
v 0.5000000 0.6048000 0.2496000
v 0.5000000 0.6256000 0.2360000
v 0.4836057 0.6035097 0.2496000
v 0.4803518 0.6240537 0.2360000
v 0.4676150 0.5996707 0.2496000
v 0.4611875 0.6194527 0.2360000
v 0.4524218 0.5933775 0.2496000
v 0.4429788 0.6119104 0.2360000
v 0.4384001 0.5847850 0.2496000
v 0.4261742 0.6016125 0.2360000
v 0.4258952 0.5741048 0.2496000
v 0.4111874 0.5888126 0.2360000
v 0.4152150 0.5615999 0.2496000
v 0.3983875 0.5738258 0.2360000
v 0.4066225 0.5475782 0.2496000
v 0.3880896 0.5570212 0.2360000
v 0.4003293 0.5323850 0.2496000
v 0.3805473 0.5388125 0.2360000
v 0.3964903 0.5163943 0.2496000
v 0.3759463 0.5196482 0.2360000
v 0.3952000 0.5000000 0.2496000
v 0.3744000 0.5000000 0.2360000
v 0.3964903 0.4836057 0.2496000
v 0.3759463 0.4803518 0.2360000
v 0.4003293 0.4676150 0.2496000
v 0.3805473 0.4611875 0.2360000
v 0.4066225 0.4524218 0.2496000
v 0.3880896 0.4429788 0.2360000
v 0.4152150 0.4384001 0.2496000
v 0.3983875 0.4261742 0.2360000
v 0.4258952 0.4258952 0.2496000
v 0.4111874 0.4111874 0.2360000
v 0.4384001 0.4152150 0.2496000
v 0.4261742 0.3983875 0.2360000
v 0.4524218 0.4066225 0.2496000
v 0.4429788 0.3880896 0.2360000
v 0.4676150 0.4003293 0.2496000
v 0.4611875 0.3805473 0.2360000
v 0.4836057 0.3964903 0.2496000
v 0.4803518 0.3759463 0.2360000
v 0.5000000 0.3952000 0.2496000
v 0.5000000 0.3744000 0.2360000
v 0.5163943 0.3964903 0.2496000
v 0.5196482 0.3759463 0.2360000
v 0.5323850 0.4003293 0.2496000
v 0.5388125 0.3805473 0.2360000
v 0.5475782 0.4066225 0.2496000
v 0.5570212 0.3880896 0.2360000
v 0.5615999 0.4152150 0.2496000
v 0.5738258 0.3983875 0.2360000
v 0.5741048 0.4258952 0.2496000
v 0.5888126 0.4111874 0.2360000
v 0.5847850 0.4384001 0.2496000
v 0.6016125 0.4261742 0.2360000
v 0.5933775 0.4524218 0.2496000
v 0.6119104 0.4429788 0.2360000
v 0.5996707 0.4676150 0.2496000
v 0.6194527 0.4611875 0.2360000
v 0.6035097 0.4836057 0.2496000
v 0.6240537 0.4803518 0.2360000
v 0.6485483 0.5235277 0.2456000
v 0.6504000 0.5000000 0.2456000
v 0.6430389 0.5464762 0.2456000
v 0.6340074 0.5682802 0.2456000
v 0.6216762 0.5884029 0.2456000
v 0.6063489 0.6063489 0.2456000
v 0.5884029 0.6216762 0.2456000
v 0.5682802 0.6340074 0.2456000
v 0.5464762 0.6430389 0.2456000
v 0.5235277 0.6485483 0.2456000
v 0.5000000 0.6504000 0.2456000
v 0.4764723 0.6485483 0.2456000
v 0.4535238 0.6430389 0.2456000
v 0.4317198 0.6340074 0.2456000
v 0.4115971 0.6216762 0.2456000
v 0.3936511 0.6063489 0.2456000
v 0.3783238 0.5884029 0.2456000
v 0.3659926 0.5682802 0.2456000
v 0.3569611 0.5464762 0.2456000
v 0.3514517 0.5235277 0.2456000
v 0.3496000 0.5000000 0.2456000
v 0.3514517 0.4764723 0.2456000
v 0.3569611 0.4535238 0.2456000
v 0.3659926 0.4317198 0.2456000
v 0.3783238 0.4115971 0.2456000
v 0.3936511 0.3936511 0.2456000
v 0.4115971 0.3783238 0.2456000
v 0.4317198 0.3659926 0.2456000
v 0.4535238 0.3569611 0.2456000
v 0.4764723 0.3514517 0.2456000
v 0.5000000 0.3496000 0.2456000
v 0.5235277 0.3514517 0.2456000
v 0.5464762 0.3569611 0.2456000
v 0.5682802 0.3659926 0.2456000
v 0.5884029 0.3783238 0.2456000
v 0.6063489 0.3936511 0.2456000
v 0.6216762 0.4115971 0.2456000
v 0.6340074 0.4317198 0.2456000
v 0.6430389 0.4535238 0.2456000
v 0.6485483 0.4764723 0.2456000
v 0.6517089 0.5240283 0.2672000
v 0.6536000 0.5000000 0.2672000
v 0.6460823 0.5474650 0.2672000
v 0.6368586 0.5697329 0.2672000
v 0.6242650 0.5902838 0.2672000
v 0.6086116 0.6086116 0.2672000
v 0.5902838 0.6242650 0.2672000
v 0.5697329 0.6368586 0.2672000
v 0.5474650 0.6460823 0.2672000
v 0.5240283 0.6517089 0.2672000
v 0.5000000 0.6536000 0.2672000
v 0.4759717 0.6517089 0.2672000
v 0.4525350 0.6460823 0.2672000
v 0.4302671 0.6368586 0.2672000
v 0.4097162 0.6242650 0.2672000
v 0.3913884 0.6086116 0.2672000
v 0.3757350 0.5902838 0.2672000
v 0.3631414 0.5697329 0.2672000
v 0.3539177 0.5474650 0.2672000
v 0.3482911 0.5240283 0.2672000
v 0.3464000 0.5000000 0.2672000
v 0.3482911 0.4759717 0.2672000
v 0.3539177 0.4525350 0.2672000
v 0.3631414 0.4302671 0.2672000
v 0.3757350 0.4097162 0.2672000
v 0.3913884 0.3913884 0.2672000
v 0.4097162 0.3757350 0.2672000
v 0.4302671 0.3631414 0.2672000
v 0.4525350 0.3539177 0.2672000
v 0.4759717 0.3482911 0.2672000
v 0.5000000 0.3464000 0.2672000
v 0.5240283 0.3482911 0.2672000
v 0.5474650 0.3539177 0.2672000
v 0.5697329 0.3631414 0.2672000
v 0.5902838 0.3757350 0.2672000
v 0.6086116 0.3913884 0.2672000
v 0.6242650 0.4097162 0.2672000
v 0.6368586 0.4302671 0.2672000
v 0.6460823 0.4525350 0.2672000
v 0.6517089 0.4759717 0.2672000
v 0.6390665 0.5220260 0.2776000
v 0.6408000 0.5000000 0.2776000
v 0.6339088 0.5435096 0.2776000
v 0.6254537 0.5639219 0.2776000
v 0.6139096 0.5827602 0.2776000
v 0.5995606 0.5995606 0.2776000
v 0.5827602 0.6139096 0.2776000
v 0.5639219 0.6254537 0.2776000
v 0.5435096 0.6339088 0.2776000
v 0.5220260 0.6390665 0.2776000
v 0.5000000 0.6408000 0.2776000
v 0.4779740 0.6390665 0.2776000
v 0.4564904 0.6339088 0.2776000
v 0.4360781 0.6254537 0.2776000
v 0.4172398 0.6139096 0.2776000
v 0.4004394 0.5995606 0.2776000
v 0.3860904 0.5827602 0.2776000
v 0.3745463 0.5639219 0.2776000
v 0.3660912 0.5435096 0.2776000
v 0.3609335 0.5220260 0.2776000
v 0.3592000 0.5000000 0.2776000
v 0.3609335 0.4779740 0.2776000
v 0.3660912 0.4564904 0.2776000
v 0.3745463 0.4360781 0.2776000
v 0.3860904 0.4172398 0.2776000
v 0.4004394 0.4004394 0.2776000
v 0.4172398 0.3860904 0.2776000
v 0.4360781 0.3745463 0.2776000
v 0.4564904 0.3660912 0.2776000
v 0.4779740 0.3609335 0.2776000
v 0.5000000 0.3592000 0.2776000
v 0.5220260 0.3609335 0.2776000
v 0.5435096 0.3660912 0.2776000
v 0.5639219 0.3745463 0.2776000
v 0.5827602 0.3860904 0.2776000
v 0.5995606 0.4004394 0.2776000
v 0.6139096 0.4172398 0.2776000
v 0.6254537 0.4360781 0.2776000
v 0.6339088 0.4564904 0.2776000
v 0.6390665 0.4779740 0.2776000
v 0.5816000 0.5000000 0.2456000
v 0.5805954 0.5127651 0.2456000
v 0.5987688 0.5156434 0.2328000
v 0.6000000 0.5000000 0.2328000
v 0.5776062 0.5252158 0.2456000
v 0.5951057 0.5309017 0.2328000
v 0.5727061 0.5370456 0.2456000
v 0.5891007 0.5453990 0.2328000
v 0.5660158 0.5479633 0.2456000
v 0.5809017 0.5587785 0.2328000
v 0.5576999 0.5576999 0.2456000
v 0.5707107 0.5707107 0.2328000
v 0.5479633 0.5660158 0.2456000
v 0.5587785 0.5809017 0.2328000
v 0.5370456 0.5727061 0.2456000
v 0.5453990 0.5891007 0.2328000
v 0.5252158 0.5776062 0.2456000
v 0.5309017 0.5951057 0.2328000
v 0.5127651 0.5805954 0.2456000
v 0.5156434 0.5987688 0.2328000
v 0.5000000 0.5816000 0.2456000
v 0.5000000 0.6000000 0.2328000
v 0.4872349 0.5805954 0.2456000
v 0.4843566 0.5987688 0.2328000
v 0.4747842 0.5776062 0.2456000
v 0.4690983 0.5951057 0.2328000
v 0.4629544 0.5727061 0.2456000
v 0.4546010 0.5891007 0.2328000
v 0.4520367 0.5660158 0.2456000
v 0.4412215 0.5809017 0.2328000
v 0.4423001 0.5576999 0.2456000
v 0.4292893 0.5707107 0.2328000
v 0.4339842 0.5479633 0.2456000
v 0.4190983 0.5587785 0.2328000
v 0.4272939 0.5370456 0.2456000
v 0.4108993 0.5453990 0.2328000
v 0.4223938 0.5252158 0.2456000
v 0.4048943 0.5309017 0.2328000
v 0.4194046 0.5127651 0.2456000
v 0.4012312 0.5156434 0.2328000
v 0.4184000 0.5000000 0.2456000
v 0.4000000 0.5000000 0.2328000
v 0.4194046 0.4872349 0.2456000
v 0.4012312 0.4843566 0.2328000
v 0.4223938 0.4747842 0.2456000
v 0.4048943 0.4690983 0.2328000
v 0.4272939 0.4629544 0.2456000
v 0.4108993 0.4546010 0.2328000
v 0.4339842 0.4520367 0.2456000
v 0.4190983 0.4412215 0.2328000
v 0.4423001 0.4423001 0.2456000
v 0.4292893 0.4292893 0.2328000
v 0.4520367 0.4339842 0.2456000
v 0.4412215 0.4190983 0.2328000
v 0.4629544 0.4272939 0.2456000
v 0.4546010 0.4108993 0.2328000
v 0.4747842 0.4223938 0.2456000
v 0.4690983 0.4048943 0.2328000
v 0.4872349 0.4194046 0.2456000
v 0.4843566 0.4012312 0.2328000
v 0.5000000 0.4184000 0.2456000
v 0.5000000 0.4000000 0.2328000
v 0.5127651 0.4194046 0.2456000
v 0.5156434 0.4012312 0.2328000
v 0.5252158 0.4223938 0.2456000
v 0.5309017 0.4048943 0.2328000
v 0.5370456 0.4272939 0.2456000
v 0.5453990 0.4108993 0.2328000
v 0.5479633 0.4339842 0.2456000
v 0.5587785 0.4190983 0.2328000
v 0.5576999 0.4423001 0.2456000
v 0.5707107 0.4292893 0.2328000
v 0.5660158 0.4520367 0.2456000
v 0.5809017 0.4412215 0.2328000
v 0.5727061 0.4629544 0.2456000
v 0.5891007 0.4546010 0.2328000
v 0.5776062 0.4747842 0.2456000
v 0.5951057 0.4690983 0.2328000
v 0.5805954 0.4872349 0.2456000
v 0.5987688 0.4843566 0.2328000
v 0.6153620 0.5182715 0.2368000
v 0.6168000 0.5000000 0.2368000
v 0.6110834 0.5360932 0.2368000
v 0.6040696 0.5530261 0.2368000
v 0.5944932 0.5686533 0.2368000
v 0.5825901 0.5825901 0.2368000
v 0.5686533 0.5944932 0.2368000
v 0.5530261 0.6040696 0.2368000
v 0.5360932 0.6110834 0.2368000
v 0.5182715 0.6153620 0.2368000
v 0.5000000 0.6168000 0.2368000
v 0.4817285 0.6153620 0.2368000
v 0.4639068 0.6110834 0.2368000
v 0.4469739 0.6040696 0.2368000
v 0.4313467 0.5944932 0.2368000
v 0.4174099 0.5825901 0.2368000
v 0.4055068 0.5686533 0.2368000
v 0.3959304 0.5530261 0.2368000
v 0.3889166 0.5360932 0.2368000
v 0.3846380 0.5182715 0.2368000
v 0.3832000 0.5000000 0.2368000
v 0.3846380 0.4817285 0.2368000
v 0.3889166 0.4639068 0.2368000
v 0.3959304 0.4469739 0.2368000
v 0.4055068 0.4313467 0.2368000
v 0.4174099 0.4174099 0.2368000
v 0.4313467 0.4055068 0.2368000
v 0.4469739 0.3959304 0.2368000
v 0.4639068 0.3889166 0.2368000
v 0.4817285 0.3846380 0.2368000
v 0.5000000 0.3832000 0.2368000
v 0.5182715 0.3846380 0.2368000
v 0.5360932 0.3889166 0.2368000
v 0.5530261 0.3959304 0.2368000
v 0.5686533 0.4055068 0.2368000
v 0.5825901 0.4174099 0.2368000
v 0.5944932 0.4313467 0.2368000
v 0.6040696 0.4469739 0.2368000
v 0.6110834 0.4639068 0.2368000
v 0.6153620 0.4817285 0.2368000
v 0.6248438 0.5197733 0.2472000
v 0.6264000 0.5000000 0.2472000
v 0.6202135 0.5390597 0.2472000
v 0.6126232 0.5573844 0.2472000
v 0.6022597 0.5742961 0.2472000
v 0.5893783 0.5893783 0.2472000
v 0.5742961 0.6022597 0.2472000
v 0.5573844 0.6126232 0.2472000
v 0.5390597 0.6202135 0.2472000
v 0.5197733 0.6248438 0.2472000
v 0.5000000 0.6264000 0.2472000
v 0.4802267 0.6248438 0.2472000
v 0.4609403 0.6202135 0.2472000
v 0.4426156 0.6126232 0.2472000
v 0.4257039 0.6022597 0.2472000
v 0.4106217 0.5893783 0.2472000
v 0.3977403 0.5742961 0.2472000
v 0.3873768 0.5573844 0.2472000
v 0.3797865 0.5390597 0.2472000
v 0.3751562 0.5197733 0.2472000
v 0.3736000 0.5000000 0.2472000
v 0.3751562 0.4802267 0.2472000
v 0.3797865 0.4609403 0.2472000
v 0.3873768 0.4426156 0.2472000
v 0.3977403 0.4257039 0.2472000
v 0.4106217 0.4106217 0.2472000
v 0.4257039 0.3977403 0.2472000
v 0.4426156 0.3873768 0.2472000
v 0.4609403 0.3797865 0.2472000
v 0.4802267 0.3751562 0.2472000
v 0.5000000 0.3736000 0.2472000
v 0.5197733 0.3751562 0.2472000
v 0.5390597 0.3797865 0.2472000
v 0.5573844 0.3873768 0.2472000
v 0.5742961 0.3977403 0.2472000
v 0.5893783 0.4106217 0.2472000
v 0.6022597 0.4257039 0.2472000
v 0.6126232 0.4426156 0.2472000
v 0.6202135 0.4609403 0.2472000
v 0.6248438 0.4802267 0.2472000
v 0.7729344 0.5093974 0.4779947
v 0.7759878 0.5000000 0.4779947
v 0.7600000 0.5000000 0.4728000
v 0.7649405 0.5152053 0.4779947
v 0.7550595 0.5152053 0.4779947
v 0.7470656 0.5093974 0.4779947
v 0.7440122 0.5000000 0.4779947
v 0.7470656 0.4906026 0.4779947
v 0.7550595 0.4847947 0.4779947
v 0.7649405 0.4847947 0.4779947
v 0.7729344 0.4906026 0.4779947
v 0.7809282 0.5152053 0.4915947
v 0.7858687 0.5000000 0.4915947
v 0.7679939 0.5246026 0.4915947
v 0.7520061 0.5246026 0.4915947
v 0.7390718 0.5152053 0.4915947
v 0.7341313 0.5000000 0.4915947
v 0.7390718 0.4847947 0.4915947
v 0.7520061 0.4753974 0.4915947
v 0.7679939 0.4753974 0.4915947
v 0.7809282 0.4847947 0.4915947
v 0.7809282 0.5152053 0.5084053
v 0.7858687 0.5000000 0.5084053
v 0.7679939 0.5246026 0.5084053
v 0.7520061 0.5246026 0.5084053
v 0.7390718 0.5152053 0.5084053
v 0.7341313 0.5000000 0.5084053
v 0.7390718 0.4847947 0.5084053
v 0.7520061 0.4753974 0.5084053
v 0.7679939 0.4753974 0.5084053
v 0.7809282 0.4847947 0.5084053
v 0.7729344 0.5093974 0.5220053
v 0.7759878 0.5000000 0.5220053
v 0.7649405 0.5152053 0.5220053
v 0.7550595 0.5152053 0.5220053
v 0.7470656 0.5093974 0.5220053
v 0.7440122 0.5000000 0.5220053
v 0.7470656 0.4906026 0.5220053
v 0.7550595 0.4847947 0.5220053
v 0.7649405 0.4847947 0.5220053
v 0.7729344 0.4906026 0.5220053
v 0.7600000 0.5000000 0.5272000
v 0.7192000 0.5096000 0.5000000
v 0.7192000 0.5083138 0.5048000
v 0.7232000 0.5131636 0.5076000
v 0.7232000 0.5152000 0.5000000
v 0.7192000 0.5048000 0.5083138
v 0.7232000 0.5076000 0.5131636
v 0.7192000 0.5000000 0.5096000
v 0.7232000 0.5000000 0.5152000
v 0.7192000 0.4952000 0.5083138
v 0.7232000 0.4924000 0.5131636
v 0.7192000 0.4916862 0.5048000
v 0.7232000 0.4868364 0.5076000
v 0.7192000 0.4904000 0.5000000
v 0.7232000 0.4848000 0.5000000
v 0.7192000 0.4916862 0.4952000
v 0.7232000 0.4868364 0.4924000
v 0.7192000 0.4952000 0.4916862
v 0.7232000 0.4924000 0.4868364
v 0.7192000 0.5000000 0.4904000
v 0.7232000 0.5000000 0.4848000
v 0.7192000 0.5048000 0.4916862
v 0.7232000 0.5076000 0.4868364
v 0.7192000 0.5083138 0.4952000
v 0.7232000 0.5131636 0.4924000
v 0.7304000 0.5131636 0.5076000
v 0.7304000 0.5152000 0.5000000
v 0.7304000 0.5076000 0.5131636
v 0.7304000 0.5000000 0.5152000
v 0.7304000 0.4924000 0.5131636
v 0.7304000 0.4868364 0.5076000
v 0.7304000 0.4848000 0.5000000
v 0.7304000 0.4868364 0.4924000
v 0.7304000 0.4924000 0.4868364
v 0.7304000 0.5000000 0.4848000
v 0.7304000 0.5076000 0.4868364
v 0.7304000 0.5131636 0.4924000
v 0.6967821 0.6932451 0.5019947
v 0.6998355 0.6838478 0.5019947
v 0.6838478 0.6838478 0.4968000
v 0.6887883 0.6990530 0.5019947
v 0.6789073 0.6990530 0.5019947
v 0.6709134 0.6932451 0.5019947
v 0.6678600 0.6838478 0.5019947
v 0.6709134 0.6744504 0.5019947
v 0.6789073 0.6686425 0.5019947
v 0.6887883 0.6686425 0.5019947
v 0.6967821 0.6744504 0.5019947
v 0.7047760 0.6990530 0.5155947
v 0.7097165 0.6838478 0.5155947
v 0.6918416 0.7084504 0.5155947
v 0.6758539 0.7084504 0.5155947
v 0.6629195 0.6990530 0.5155947
v 0.6579790 0.6838478 0.5155947
v 0.6629195 0.6686425 0.5155947
v 0.6758539 0.6592451 0.5155947
v 0.6918416 0.6592451 0.5155947
v 0.7047760 0.6686425 0.5155947
v 0.7047760 0.6990530 0.5324053
v 0.7097165 0.6838478 0.5324053
v 0.6918416 0.7084504 0.5324053
v 0.6758539 0.7084504 0.5324053
v 0.6629195 0.6990530 0.5324053
v 0.6579790 0.6838478 0.5324053
v 0.6629195 0.6686425 0.5324053
v 0.6758539 0.6592451 0.5324053
v 0.6918416 0.6592451 0.5324053
v 0.7047760 0.6686425 0.5324053
v 0.6967821 0.6932451 0.5460053
v 0.6998355 0.6838478 0.5460053
v 0.6887883 0.6990530 0.5460053
v 0.6789073 0.6990530 0.5460053
v 0.6709134 0.6932451 0.5460053
v 0.6678600 0.6838478 0.5460053
v 0.6709134 0.6744504 0.5460053
v 0.6789073 0.6686425 0.5460053
v 0.6887883 0.6686425 0.5460053
v 0.6967821 0.6744504 0.5460053
v 0.6838478 0.6838478 0.5512000
v 0.6483317 0.6619082 0.5202498
v 0.6489292 0.6606867 0.5250295
v 0.6481344 0.6667505 0.5281853
v 0.6471884 0.6686844 0.5206175
v 0.6511855 0.6579737 0.5285284
v 0.6517068 0.6624548 0.5337253
v 0.6544960 0.6544960 0.5298091
v 0.6569485 0.6569485 0.5357531
v 0.6579737 0.6511855 0.5285284
v 0.6624548 0.6517068 0.5337253
v 0.6606867 0.6489292 0.5250295
v 0.6667505 0.6481344 0.5281853
v 0.6619082 0.6483317 0.5202498
v 0.6686844 0.6471884 0.5206175
v 0.6613107 0.6495531 0.5154701
v 0.6677384 0.6491223 0.5130496
v 0.6590544 0.6522662 0.5119711
v 0.6641660 0.6534179 0.5075096
v 0.6557439 0.6557439 0.5106904
v 0.6589243 0.6589243 0.5054818
v 0.6522662 0.6590544 0.5119711
v 0.6534179 0.6641660 0.5075096
v 0.6495531 0.6613107 0.5154701
v 0.6491223 0.6677384 0.5130496
v 0.6532040 0.6718201 0.5288471
v 0.6522580 0.6737540 0.5212793
v 0.6567764 0.6675245 0.5343871
v 0.6620181 0.6620181 0.5364149
v 0.6675245 0.6567764 0.5343871
v 0.6718201 0.6532040 0.5288471
v 0.6737540 0.6522580 0.5212793
v 0.6728080 0.6541919 0.5137114
v 0.6692356 0.6584876 0.5081714
v 0.6639939 0.6639939 0.5061436
v 0.6584876 0.6692356 0.5081714
v 0.6541919 0.6728080 0.5137114
v 0.5129344 0.7693974 0.4779947
v 0.5159878 0.7600000 0.4779947
v 0.5000000 0.7600000 0.4728000
v 0.5049405 0.7752053 0.4779947
v 0.4950595 0.7752053 0.4779947
v 0.4870656 0.7693974 0.4779947
v 0.4840122 0.7600000 0.4779947
v 0.4870656 0.7506026 0.4779947
v 0.4950595 0.7447947 0.4779947
v 0.5049405 0.7447947 0.4779947
v 0.5129344 0.7506026 0.4779947
v 0.5209282 0.7752053 0.4915947
v 0.5258687 0.7600000 0.4915947
v 0.5079939 0.7846026 0.4915947
v 0.4920061 0.7846026 0.4915947
v 0.4790718 0.7752053 0.4915947
v 0.4741313 0.7600000 0.4915947
v 0.4790718 0.7447947 0.4915947
v 0.4920061 0.7353974 0.4915947
v 0.5079939 0.7353974 0.4915947
v 0.5209282 0.7447947 0.4915947
v 0.5209282 0.7752053 0.5084053
v 0.5258687 0.7600000 0.5084053
v 0.5079939 0.7846026 0.5084053
v 0.4920061 0.7846026 0.5084053
v 0.4790718 0.7752053 0.5084053
v 0.4741313 0.7600000 0.5084053
v 0.4790718 0.7447947 0.5084053
v 0.4920061 0.7353974 0.5084053
v 0.5079939 0.7353974 0.5084053
v 0.5209282 0.7447947 0.5084053
v 0.5129344 0.7693974 0.5220053
v 0.5159878 0.7600000 0.5220053
v 0.5049405 0.7752053 0.5220053
v 0.4950595 0.7752053 0.5220053
v 0.4870656 0.7693974 0.5220053
v 0.4840122 0.7600000 0.5220053
v 0.4870656 0.7506026 0.5220053
v 0.4950595 0.7447947 0.5220053
v 0.5049405 0.7447947 0.5220053
v 0.5129344 0.7506026 0.5220053
v 0.5000000 0.7600000 0.5272000
v 0.4904000 0.7192000 0.5000000
v 0.4916862 0.7192000 0.5048000
v 0.4868364 0.7232000 0.5076000
v 0.4848000 0.7232000 0.5000000
v 0.4952000 0.7192000 0.5083138
v 0.4924000 0.7232000 0.5131636
v 0.5000000 0.7192000 0.5096000
v 0.5000000 0.7232000 0.5152000
v 0.5048000 0.7192000 0.5083138
v 0.5076000 0.7232000 0.5131636
v 0.5083138 0.7192000 0.5048000
v 0.5131636 0.7232000 0.5076000
v 0.5096000 0.7192000 0.5000000
v 0.5152000 0.7232000 0.5000000
v 0.5083138 0.7192000 0.4952000
v 0.5131636 0.7232000 0.4924000
v 0.5048000 0.7192000 0.4916862
v 0.5076000 0.7232000 0.4868364
v 0.5000000 0.7192000 0.4904000
v 0.5000000 0.7232000 0.4848000
v 0.4952000 0.7192000 0.4916862
v 0.4924000 0.7232000 0.4868364
v 0.4916862 0.7192000 0.4952000
v 0.4868364 0.7232000 0.4924000
v 0.4868364 0.7304000 0.5076000
v 0.4848000 0.7304000 0.5000000
v 0.4924000 0.7304000 0.5131636
v 0.5000000 0.7304000 0.5152000
v 0.5076000 0.7304000 0.5131636
v 0.5131636 0.7304000 0.5076000
v 0.5152000 0.7304000 0.5000000
v 0.5131636 0.7304000 0.4924000
v 0.5076000 0.7304000 0.4868364
v 0.5000000 0.7304000 0.4848000
v 0.4924000 0.7304000 0.4868364
v 0.4868364 0.7304000 0.4924000
v 0.3290866 0.6932451 0.4539947
v 0.3321400 0.6838478 0.4539947
v 0.3161522 0.6838478 0.4488000
v 0.3210927 0.6990530 0.4539947
v 0.3112117 0.6990530 0.4539947
v 0.3032179 0.6932451 0.4539947
v 0.3001645 0.6838478 0.4539947
v 0.3032179 0.6744504 0.4539947
v 0.3112117 0.6686425 0.4539947
v 0.3210927 0.6686425 0.4539947
v 0.3290866 0.6744504 0.4539947
v 0.3370805 0.6990530 0.4675947
v 0.3420210 0.6838478 0.4675947
v 0.3241461 0.7084504 0.4675947
v 0.3081584 0.7084504 0.4675947
v 0.2952240 0.6990530 0.4675947
v 0.2902835 0.6838478 0.4675947
v 0.2952240 0.6686425 0.4675947
v 0.3081584 0.6592451 0.4675947
v 0.3241461 0.6592451 0.4675947
v 0.3370805 0.6686425 0.4675947
v 0.3370805 0.6990530 0.4844053
v 0.3420210 0.6838478 0.4844053
v 0.3241461 0.7084504 0.4844053
v 0.3081584 0.7084504 0.4844053
v 0.2952240 0.6990530 0.4844053
v 0.2902835 0.6838478 0.4844053
v 0.2952240 0.6686425 0.4844053
v 0.3081584 0.6592451 0.4844053
v 0.3241461 0.6592451 0.4844053
v 0.3370805 0.6686425 0.4844053
v 0.3290866 0.6932451 0.4980053
v 0.3321400 0.6838478 0.4980053
v 0.3210927 0.6990530 0.4980053
v 0.3112117 0.6990530 0.4980053
v 0.3032179 0.6932451 0.4980053
v 0.3001645 0.6838478 0.4980053
v 0.3032179 0.6744504 0.4980053
v 0.3112117 0.6686425 0.4980053
v 0.3210927 0.6686425 0.4980053
v 0.3290866 0.6744504 0.4980053
v 0.3161522 0.6838478 0.5032000
v 0.3380918 0.6483317 0.4797502
v 0.3386893 0.6495531 0.4845299
v 0.3322616 0.6491223 0.4869504
v 0.3313156 0.6471884 0.4793825
v 0.3409456 0.6522662 0.4880289
v 0.3358340 0.6534179 0.4924904
v 0.3442561 0.6557439 0.4893096
v 0.3410757 0.6589243 0.4945182
v 0.3477338 0.6590544 0.4880289
v 0.3465821 0.6641660 0.4924904
v 0.3504469 0.6613107 0.4845299
v 0.3508777 0.6677384 0.4869504
v 0.3516683 0.6619082 0.4797502
v 0.3528116 0.6686844 0.4793825
v 0.3510708 0.6606867 0.4749705
v 0.3518656 0.6667505 0.4718147
v 0.3488145 0.6579737 0.4714716
v 0.3482932 0.6624548 0.4662747
v 0.3455040 0.6544960 0.4701909
v 0.3430515 0.6569485 0.4642469
v 0.3420263 0.6511855 0.4714716
v 0.3375452 0.6517068 0.4662747
v 0.3393133 0.6489292 0.4749705
v 0.3332495 0.6481344 0.4718147
v 0.3271920 0.6541919 0.4862886
v 0.3262460 0.6522580 0.4787207
v 0.3307644 0.6584876 0.4918286
v 0.3360061 0.6639939 0.4938564
v 0.3415124 0.6692356 0.4918286
v 0.3458081 0.6728080 0.4862886
v 0.3477420 0.6737540 0.4787207
v 0.3467960 0.6718201 0.4711529
v 0.3432236 0.6675245 0.4656129
v 0.3379819 0.6620181 0.4635851
v 0.3324755 0.6567764 0.4656129
v 0.3281799 0.6532040 0.4711529
v 0.2529344 0.5093974 0.4779947
v 0.2559878 0.5000000 0.4779947
v 0.2400000 0.5000000 0.4728000
v 0.2449405 0.5152053 0.4779947
v 0.2350595 0.5152053 0.4779947
v 0.2270656 0.5093974 0.4779947
v 0.2240122 0.5000000 0.4779947
v 0.2270656 0.4906026 0.4779947
v 0.2350595 0.4847947 0.4779947
v 0.2449405 0.4847947 0.4779947
v 0.2529344 0.4906026 0.4779947
v 0.2609282 0.5152053 0.4915947
v 0.2658687 0.5000000 0.4915947
v 0.2479939 0.5246026 0.4915947
v 0.2320061 0.5246026 0.4915947
v 0.2190718 0.5152053 0.4915947
v 0.2141313 0.5000000 0.4915947
v 0.2190718 0.4847947 0.4915947
v 0.2320061 0.4753974 0.4915947
v 0.2479939 0.4753974 0.4915947
v 0.2609282 0.4847947 0.4915947
v 0.2609282 0.5152053 0.5084053
v 0.2658687 0.5000000 0.5084053
v 0.2479939 0.5246026 0.5084053
v 0.2320061 0.5246026 0.5084053
v 0.2190718 0.5152053 0.5084053
v 0.2141313 0.5000000 0.5084053
v 0.2190718 0.4847947 0.5084053
v 0.2320061 0.4753974 0.5084053
v 0.2479939 0.4753974 0.5084053
v 0.2609282 0.4847947 0.5084053
v 0.2529344 0.5093974 0.5220053
v 0.2559878 0.5000000 0.5220053
v 0.2449405 0.5152053 0.5220053
v 0.2350595 0.5152053 0.5220053
v 0.2270656 0.5093974 0.5220053
v 0.2240122 0.5000000 0.5220053
v 0.2270656 0.4906026 0.5220053
v 0.2350595 0.4847947 0.5220053
v 0.2449405 0.4847947 0.5220053
v 0.2529344 0.4906026 0.5220053
v 0.2400000 0.5000000 0.5272000
v 0.2808000 0.4904000 0.5000000
v 0.2808000 0.4916862 0.5048000
v 0.2768000 0.4868364 0.5076000
v 0.2768000 0.4848000 0.5000000
v 0.2808000 0.4952000 0.5083138
v 0.2768000 0.4924000 0.5131636
v 0.2808000 0.5000000 0.5096000
v 0.2768000 0.5000000 0.5152000
v 0.2808000 0.5048000 0.5083138
v 0.2768000 0.5076000 0.5131636
v 0.2808000 0.5083138 0.5048000
v 0.2768000 0.5131636 0.5076000
v 0.2808000 0.5096000 0.5000000
v 0.2768000 0.5152000 0.5000000
v 0.2808000 0.5083138 0.4952000
v 0.2768000 0.5131636 0.4924000
v 0.2808000 0.5048000 0.4916862
v 0.2768000 0.5076000 0.4868364
v 0.2808000 0.5000000 0.4904000
v 0.2768000 0.5000000 0.4848000
v 0.2808000 0.4952000 0.4916862
v 0.2768000 0.4924000 0.4868364
v 0.2808000 0.4916862 0.4952000
v 0.2768000 0.4868364 0.4924000
v 0.2696000 0.4868364 0.5076000
v 0.2696000 0.4848000 0.5000000
v 0.2696000 0.4924000 0.5131636
v 0.2696000 0.5000000 0.5152000
v 0.2696000 0.5076000 0.5131636
v 0.2696000 0.5131636 0.5076000
v 0.2696000 0.5152000 0.5000000
v 0.2696000 0.5131636 0.4924000
v 0.2696000 0.5076000 0.4868364
v 0.2696000 0.5000000 0.4848000
v 0.2696000 0.4924000 0.4868364
v 0.2696000 0.4868364 0.4924000
v 0.3290866 0.3255496 0.5019947
v 0.3321400 0.3161522 0.5019947
v 0.3161522 0.3161522 0.4968000
v 0.3210927 0.3313575 0.5019947
v 0.3112117 0.3313575 0.5019947
v 0.3032179 0.3255496 0.5019947
v 0.3001645 0.3161522 0.5019947
v 0.3032179 0.3067549 0.5019947
v 0.3112117 0.3009470 0.5019947
v 0.3210927 0.3009470 0.5019947
v 0.3290866 0.3067549 0.5019947
v 0.3370805 0.3313575 0.5155947
v 0.3420210 0.3161522 0.5155947
v 0.3241461 0.3407549 0.5155947
v 0.3081584 0.3407549 0.5155947
v 0.2952240 0.3313575 0.5155947
v 0.2902835 0.3161522 0.5155947
v 0.2952240 0.3009470 0.5155947
v 0.3081584 0.2915496 0.5155947
v 0.3241461 0.2915496 0.5155947
v 0.3370805 0.3009470 0.5155947
v 0.3370805 0.3313575 0.5324053
v 0.3420210 0.3161522 0.5324053
v 0.3241461 0.3407549 0.5324053
v 0.3081584 0.3407549 0.5324053
v 0.2952240 0.3313575 0.5324053
v 0.2902835 0.3161522 0.5324053
v 0.2952240 0.3009470 0.5324053
v 0.3081584 0.2915496 0.5324053
v 0.3241461 0.2915496 0.5324053
v 0.3370805 0.3009470 0.5324053
v 0.3290866 0.3255496 0.5460053
v 0.3321400 0.3161522 0.5460053
v 0.3210927 0.3313575 0.5460053
v 0.3112117 0.3313575 0.5460053
v 0.3032179 0.3255496 0.5460053
v 0.3001645 0.3161522 0.5460053
v 0.3032179 0.3067549 0.5460053
v 0.3112117 0.3009470 0.5460053
v 0.3210927 0.3009470 0.5460053
v 0.3290866 0.3067549 0.5460053
v 0.3161522 0.3161522 0.5512000
v 0.3516683 0.3380918 0.5202498
v 0.3510708 0.3393133 0.5250295
v 0.3518656 0.3332495 0.5281853
v 0.3528116 0.3313156 0.5206175
v 0.3488145 0.3420263 0.5285284
v 0.3482932 0.3375452 0.5337253
v 0.3455040 0.3455040 0.5298091
v 0.3430515 0.3430515 0.5357531
v 0.3420263 0.3488145 0.5285284
v 0.3375452 0.3482932 0.5337253
v 0.3393133 0.3510708 0.5250295
v 0.3332495 0.3518656 0.5281853
v 0.3380918 0.3516683 0.5202498
v 0.3313156 0.3528116 0.5206175
v 0.3386893 0.3504469 0.5154701
v 0.3322616 0.3508777 0.5130496
v 0.3409456 0.3477338 0.5119711
v 0.3358340 0.3465821 0.5075096
v 0.3442561 0.3442561 0.5106904
v 0.3410757 0.3410757 0.5054818
v 0.3477338 0.3409456 0.5119711
v 0.3465821 0.3358340 0.5075096
v 0.3504469 0.3386893 0.5154701
v 0.3508777 0.3322616 0.5130496
v 0.3467960 0.3281799 0.5288471
v 0.3477420 0.3262460 0.5212793
v 0.3432236 0.3324755 0.5343871
v 0.3379819 0.3379819 0.5364149
v 0.3324755 0.3432236 0.5343871
v 0.3281799 0.3467960 0.5288471
v 0.3262460 0.3477420 0.5212793
v 0.3271920 0.3458081 0.5137114
v 0.3307644 0.3415124 0.5081714
v 0.3360061 0.3360061 0.5061436
v 0.3415124 0.3307644 0.5081714
v 0.3458081 0.3271920 0.5137114
v 0.5129344 0.2493974 0.4779947
v 0.5159878 0.2400000 0.4779947
v 0.5000000 0.2400000 0.4728000
v 0.5049405 0.2552053 0.4779947
v 0.4950595 0.2552053 0.4779947
v 0.4870656 0.2493974 0.4779947
v 0.4840122 0.2400000 0.4779947
v 0.4870656 0.2306026 0.4779947
v 0.4950595 0.2247947 0.4779947
v 0.5049405 0.2247947 0.4779947
v 0.5129344 0.2306026 0.4779947
v 0.5209282 0.2552053 0.4915947
v 0.5258687 0.2400000 0.4915947
v 0.5079939 0.2646026 0.4915947
v 0.4920061 0.2646026 0.4915947
v 0.4790718 0.2552053 0.4915947
v 0.4741313 0.2400000 0.4915947
v 0.4790718 0.2247947 0.4915947
v 0.4920061 0.2153974 0.4915947
v 0.5079939 0.2153974 0.4915947
v 0.5209282 0.2247947 0.4915947
v 0.5209282 0.2552053 0.5084053
v 0.5258687 0.2400000 0.5084053
v 0.5079939 0.2646026 0.5084053
v 0.4920061 0.2646026 0.5084053
v 0.4790718 0.2552053 0.5084053
v 0.4741313 0.2400000 0.5084053
v 0.4790718 0.2247947 0.5084053
v 0.4920061 0.2153974 0.5084053
v 0.5079939 0.2153974 0.5084053
v 0.5209282 0.2247947 0.5084053
v 0.5129344 0.2493974 0.5220053
v 0.5159878 0.2400000 0.5220053
v 0.5049405 0.2552053 0.5220053
v 0.4950595 0.2552053 0.5220053
v 0.4870656 0.2493974 0.5220053
v 0.4840122 0.2400000 0.5220053
v 0.4870656 0.2306026 0.5220053
v 0.4950595 0.2247947 0.5220053
v 0.5049405 0.2247947 0.5220053
v 0.5129344 0.2306026 0.5220053
v 0.5000000 0.2400000 0.5272000
v 0.5096000 0.2808000 0.5000000
v 0.5083138 0.2808000 0.5048000
v 0.5131636 0.2768000 0.5076000
v 0.5152000 0.2768000 0.5000000
v 0.5048000 0.2808000 0.5083138
v 0.5076000 0.2768000 0.5131636
v 0.5000000 0.2808000 0.5096000
v 0.5000000 0.2768000 0.5152000
v 0.4952000 0.2808000 0.5083138
v 0.4924000 0.2768000 0.5131636
v 0.4916862 0.2808000 0.5048000
v 0.4868364 0.2768000 0.5076000
v 0.4904000 0.2808000 0.5000000
v 0.4848000 0.2768000 0.5000000
v 0.4916862 0.2808000 0.4952000
v 0.4868364 0.2768000 0.4924000
v 0.4952000 0.2808000 0.4916862
v 0.4924000 0.2768000 0.4868364
v 0.5000000 0.2808000 0.4904000
v 0.5000000 0.2768000 0.4848000
v 0.5048000 0.2808000 0.4916862
v 0.5076000 0.2768000 0.4868364
v 0.5083138 0.2808000 0.4952000
v 0.5131636 0.2768000 0.4924000
v 0.5131636 0.2696000 0.5076000
v 0.5152000 0.2696000 0.5000000
v 0.5076000 0.2696000 0.5131636
v 0.5000000 0.2696000 0.5152000
v 0.4924000 0.2696000 0.5131636
v 0.4868364 0.2696000 0.5076000
v 0.4848000 0.2696000 0.5000000
v 0.4868364 0.2696000 0.4924000
v 0.4924000 0.2696000 0.4868364
v 0.5000000 0.2696000 0.4848000
v 0.5076000 0.2696000 0.4868364
v 0.5131636 0.2696000 0.4924000
v 0.6967821 0.3255496 0.4539947
v 0.6998355 0.3161522 0.4539947
v 0.6838478 0.3161522 0.4488000
v 0.6887883 0.3313575 0.4539947
v 0.6789073 0.3313575 0.4539947
v 0.6709134 0.3255496 0.4539947
v 0.6678600 0.3161522 0.4539947
v 0.6709134 0.3067549 0.4539947
v 0.6789073 0.3009470 0.4539947
v 0.6887883 0.3009470 0.4539947
v 0.6967821 0.3067549 0.4539947
v 0.7047760 0.3313575 0.4675947
v 0.7097165 0.3161522 0.4675947
v 0.6918416 0.3407549 0.4675947
v 0.6758539 0.3407549 0.4675947
v 0.6629195 0.3313575 0.4675947
v 0.6579790 0.3161522 0.4675947
v 0.6629195 0.3009470 0.4675947
v 0.6758539 0.2915496 0.4675947
v 0.6918416 0.2915496 0.4675947
v 0.7047760 0.3009470 0.4675947
v 0.7047760 0.3313575 0.4844053
v 0.7097165 0.3161522 0.4844053
v 0.6918416 0.3407549 0.4844053
v 0.6758539 0.3407549 0.4844053
v 0.6629195 0.3313575 0.4844053
v 0.6579790 0.3161522 0.4844053
v 0.6629195 0.3009470 0.4844053
v 0.6758539 0.2915496 0.4844053
v 0.6918416 0.2915496 0.4844053
v 0.7047760 0.3009470 0.4844053
v 0.6967821 0.3255496 0.4980053
v 0.6998355 0.3161522 0.4980053
v 0.6887883 0.3313575 0.4980053
v 0.6789073 0.3313575 0.4980053
v 0.6709134 0.3255496 0.4980053
v 0.6678600 0.3161522 0.4980053
v 0.6709134 0.3067549 0.4980053
v 0.6789073 0.3009470 0.4980053
v 0.6887883 0.3009470 0.4980053
v 0.6967821 0.3067549 0.4980053
v 0.6838478 0.3161522 0.5032000
v 0.6619082 0.3516683 0.4797502
v 0.6613107 0.3504469 0.4845299
v 0.6677384 0.3508777 0.4869504
v 0.6686844 0.3528116 0.4793825
v 0.6590544 0.3477338 0.4880289
v 0.6641660 0.3465821 0.4924904
v 0.6557439 0.3442561 0.4893096
v 0.6589243 0.3410757 0.4945182
v 0.6522662 0.3409456 0.4880289
v 0.6534179 0.3358340 0.4924904
v 0.6495531 0.3386893 0.4845299
v 0.6491223 0.3322616 0.4869504
v 0.6483317 0.3380918 0.4797502
v 0.6471884 0.3313156 0.4793825
v 0.6489292 0.3393133 0.4749705
v 0.6481344 0.3332495 0.4718147
v 0.6511855 0.3420263 0.4714716
v 0.6517068 0.3375452 0.4662747
v 0.6544960 0.3455040 0.4701909
v 0.6569485 0.3430515 0.4642469
v 0.6579737 0.3488145 0.4714716
v 0.6624548 0.3482932 0.4662747
v 0.6606867 0.3510708 0.4749705
v 0.6667505 0.3518656 0.4718147
v 0.6728080 0.3458081 0.4862886
v 0.6737540 0.3477420 0.4787207
v 0.6692356 0.3415124 0.4918286
v 0.6639939 0.3360061 0.4938564
v 0.6584876 0.3307644 0.4918286
v 0.6541919 0.3271920 0.4862886
v 0.6522580 0.3262460 0.4787207
v 0.6532040 0.3281799 0.4711529
v 0.6567764 0.3324755 0.4656129
v 0.6620181 0.3379819 0.4635851
v 0.6675245 0.3432236 0.4656129
v 0.6718201 0.3467960 0.4711529
v 0.7556357 0.5336000 0.5157627
v 0.7556357 0.4664000 0.5157627
v 0.7340939 0.4664000 0.3960860
v 0.7414635 0.5336000 0.5183137
v 0.7199217 0.4664000 0.3986370
v 0.7414635 0.4664000 0.5183137
v 0.7340939 0.5336000 0.3960860
v 0.7199217 0.5336000 0.3986370
v 0.7531641 0.5188160 0.4890256
v 0.7531641 0.4811840 0.4890256
v 0.7411007 0.4811840 0.4220067
v 0.7506131 0.5188160 0.4894848
v 0.7385497 0.4811840 0.4224659
v 0.7506131 0.4811840 0.4894848
v 0.7411007 0.5188160 0.4220067
v 0.7385497 0.5188160 0.4224659
v 0.7533461 0.5243439 0.4489926
v 0.7563159 0.5192000 0.4489926
v 0.7503762 0.5192000 0.4465323
v 0.7474064 0.5243439 0.4489926
v 0.7444365 0.5192000 0.4489926
v 0.7474064 0.5140561 0.4489926
v 0.7533461 0.5140561 0.4489926
v 0.7545762 0.5264746 0.4549323
v 0.7587762 0.5192000 0.4549323
v 0.7461762 0.5264746 0.4549323
v 0.7419762 0.5192000 0.4549323
v 0.7461762 0.5119254 0.4549323
v 0.7545762 0.5119254 0.4549323
v 0.7533461 0.5243439 0.4608720
v 0.7563159 0.5192000 0.4608720
v 0.7474064 0.5243439 0.4608720
v 0.7444365 0.5192000 0.4608720
v 0.7474064 0.5140561 0.4608720
v 0.7533461 0.5140561 0.4608720
v 0.7503762 0.5192000 0.4633323
v 0.7533461 0.4859439 0.4489926
v 0.7563159 0.4808000 0.4489926
v 0.7503762 0.4808000 0.4465323
v 0.7474064 0.4859439 0.4489926
v 0.7444365 0.4808000 0.4489926
v 0.7474064 0.4756561 0.4489926
v 0.7533461 0.4756561 0.4489926
v 0.7545762 0.4880746 0.4549323
v 0.7587762 0.4808000 0.4549323
v 0.7461762 0.4880746 0.4549323
v 0.7419762 0.4808000 0.4549323
v 0.7461762 0.4735254 0.4549323
v 0.7545762 0.4735254 0.4549323
v 0.7533461 0.4859439 0.4608720
v 0.7563159 0.4808000 0.4608720
v 0.7474064 0.4859439 0.4608720
v 0.7444365 0.4808000 0.4608720
v 0.7474064 0.4756561 0.4608720
v 0.7533461 0.4756561 0.4608720
v 0.7503762 0.4808000 0.4633323
v 0.4664000 0.7556357 0.5157627
v 0.5336000 0.7556357 0.5157627
v 0.5336000 0.7340939 0.3960860
v 0.4664000 0.7414635 0.5183137
v 0.5336000 0.7199217 0.3986370
v 0.5336000 0.7414635 0.5183137
v 0.4664000 0.7340939 0.3960860
v 0.4664000 0.7199217 0.3986370
v 0.4811840 0.7531641 0.4890256
v 0.5188160 0.7531641 0.4890256
v 0.5188160 0.7411007 0.4220067
v 0.4811840 0.7506131 0.4894848
v 0.5188160 0.7385497 0.4224659
v 0.5188160 0.7506131 0.4894848
v 0.4811840 0.7411007 0.4220067
v 0.4811840 0.7385497 0.4224659
v 0.4837698 0.7555202 0.4489926
v 0.4867397 0.7503762 0.4489926
v 0.4808000 0.7503762 0.4465323
v 0.4778302 0.7555202 0.4489926
v 0.4748603 0.7503762 0.4489926
v 0.4778302 0.7452323 0.4489926
v 0.4837698 0.7452323 0.4489926
v 0.4850000 0.7576509 0.4549323
v 0.4892000 0.7503762 0.4549323
v 0.4766000 0.7576509 0.4549323
v 0.4724000 0.7503762 0.4549323
v 0.4766000 0.7431016 0.4549323
v 0.4850000 0.7431016 0.4549323
v 0.4837698 0.7555202 0.4608720
v 0.4867397 0.7503762 0.4608720
v 0.4778302 0.7555202 0.4608720
v 0.4748603 0.7503762 0.4608720
v 0.4778302 0.7452323 0.4608720
v 0.4837698 0.7452323 0.4608720
v 0.4808000 0.7503762 0.4633323
v 0.5221698 0.7555202 0.4489926
v 0.5251397 0.7503762 0.4489926
v 0.5192000 0.7503762 0.4465323
v 0.5162302 0.7555202 0.4489926
v 0.5132603 0.7503762 0.4489926
v 0.5162302 0.7452323 0.4489926
v 0.5221698 0.7452323 0.4489926
v 0.5234000 0.7576509 0.4549323
v 0.5276000 0.7503762 0.4549323
v 0.5150000 0.7576509 0.4549323
v 0.5108000 0.7503762 0.4549323
v 0.5150000 0.7431016 0.4549323
v 0.5234000 0.7431016 0.4549323
v 0.5221698 0.7555202 0.4608720
v 0.5251397 0.7503762 0.4608720
v 0.5162302 0.7555202 0.4608720
v 0.5132603 0.7503762 0.4608720
v 0.5162302 0.7452323 0.4608720
v 0.5221698 0.7452323 0.4608720
v 0.5192000 0.7503762 0.4633323
v 0.2443643 0.4664000 0.5157627
v 0.2443643 0.5336000 0.5157627
v 0.2659061 0.5336000 0.3960860
v 0.2585365 0.4664000 0.5183137
v 0.2800783 0.5336000 0.3986370
v 0.2585365 0.5336000 0.5183137
v 0.2659061 0.4664000 0.3960860
v 0.2800783 0.4664000 0.3986370
v 0.2468359 0.4811840 0.4890256
v 0.2468359 0.5188160 0.4890256
v 0.2588993 0.5188160 0.4220067
v 0.2493869 0.4811840 0.4894848
v 0.2614503 0.5188160 0.4224659
v 0.2493869 0.5188160 0.4894848
v 0.2588993 0.4811840 0.4220067
v 0.2614503 0.4811840 0.4224659
v 0.2525936 0.4859439 0.4489926
v 0.2555635 0.4808000 0.4489926
v 0.2496238 0.4808000 0.4465323
v 0.2466539 0.4859439 0.4489926
v 0.2436841 0.4808000 0.4489926
v 0.2466539 0.4756561 0.4489926
v 0.2525936 0.4756561 0.4489926
v 0.2538238 0.4880746 0.4549323
v 0.2580238 0.4808000 0.4549323
v 0.2454238 0.4880746 0.4549323
v 0.2412238 0.4808000 0.4549323
v 0.2454238 0.4735254 0.4549323
v 0.2538238 0.4735254 0.4549323
v 0.2525936 0.4859439 0.4608720
v 0.2555635 0.4808000 0.4608720
v 0.2466539 0.4859439 0.4608720
v 0.2436841 0.4808000 0.4608720
v 0.2466539 0.4756561 0.4608720
v 0.2525936 0.4756561 0.4608720
v 0.2496238 0.4808000 0.4633323
v 0.2525936 0.5243439 0.4489926
v 0.2555635 0.5192000 0.4489926
v 0.2496238 0.5192000 0.4465323
v 0.2466539 0.5243439 0.4489926
v 0.2436841 0.5192000 0.4489926
v 0.2466539 0.5140561 0.4489926
v 0.2525936 0.5140561 0.4489926
v 0.2538238 0.5264746 0.4549323
v 0.2580238 0.5192000 0.4549323
v 0.2454238 0.5264746 0.4549323
v 0.2412238 0.5192000 0.4549323
v 0.2454238 0.5119254 0.4549323
v 0.2538238 0.5119254 0.4549323
v 0.2525936 0.5243439 0.4608720
v 0.2555635 0.5192000 0.4608720
v 0.2466539 0.5243439 0.4608720
v 0.2436841 0.5192000 0.4608720
v 0.2466539 0.5140561 0.4608720
v 0.2525936 0.5140561 0.4608720
v 0.2496238 0.5192000 0.4633323
v 0.5336000 0.2443643 0.5157627
v 0.4664000 0.2443643 0.5157627
v 0.4664000 0.2659061 0.3960860
v 0.5336000 0.2585365 0.5183137
v 0.4664000 0.2800783 0.3986370
v 0.4664000 0.2585365 0.5183137
v 0.5336000 0.2659061 0.3960860
v 0.5336000 0.2800783 0.3986370
v 0.5188160 0.2468359 0.4890256
v 0.4811840 0.2468359 0.4890256
v 0.4811840 0.2588993 0.4220067
v 0.5188160 0.2493869 0.4894848
v 0.4811840 0.2614503 0.4224659
v 0.4811840 0.2493869 0.4894848
v 0.5188160 0.2588993 0.4220067
v 0.5188160 0.2614503 0.4224659
v 0.5221698 0.2547677 0.4489926
v 0.5251397 0.2496238 0.4489926
v 0.5192000 0.2496238 0.4465323
v 0.5162302 0.2547677 0.4489926
v 0.5132603 0.2496238 0.4489926
v 0.5162302 0.2444798 0.4489926
v 0.5221698 0.2444798 0.4489926
v 0.5234000 0.2568984 0.4549323
v 0.5276000 0.2496238 0.4549323
v 0.5150000 0.2568984 0.4549323
v 0.5108000 0.2496238 0.4549323
v 0.5150000 0.2423491 0.4549323
v 0.5234000 0.2423491 0.4549323
v 0.5221698 0.2547677 0.4608720
v 0.5251397 0.2496238 0.4608720
v 0.5162302 0.2547677 0.4608720
v 0.5132603 0.2496238 0.4608720
v 0.5162302 0.2444798 0.4608720
v 0.5221698 0.2444798 0.4608720
v 0.5192000 0.2496238 0.4633323
v 0.4837698 0.2547677 0.4489926
v 0.4867397 0.2496238 0.4489926
v 0.4808000 0.2496238 0.4465323
v 0.4778302 0.2547677 0.4489926
v 0.4748603 0.2496238 0.4489926
v 0.4778302 0.2444798 0.4489926
v 0.4837698 0.2444798 0.4489926
v 0.4850000 0.2568984 0.4549323
v 0.4892000 0.2496238 0.4549323
v 0.4766000 0.2568984 0.4549323
v 0.4724000 0.2496238 0.4549323
v 0.4766000 0.2423491 0.4549323
v 0.4850000 0.2423491 0.4549323
v 0.4837698 0.2547677 0.4608720
v 0.4867397 0.2496238 0.4608720
v 0.4778302 0.2547677 0.4608720
v 0.4748603 0.2496238 0.4608720
v 0.4778302 0.2444798 0.4608720
v 0.4837698 0.2444798 0.4608720
v 0.4808000 0.2496238 0.4633323
v 0.5000000 0.5000000 0.2392000
v 0.5679530 0.5107627 0.2264000
v 0.5688000 0.5000000 0.2264000
v 0.5654327 0.5212604 0.2264000
v 0.5613012 0.5312345 0.2264000
v 0.5556604 0.5404396 0.2264000
v 0.5486489 0.5486489 0.2264000
v 0.5404396 0.5556604 0.2264000
v 0.5312345 0.5613012 0.2264000
v 0.5212604 0.5654327 0.2264000
v 0.5107627 0.5679530 0.2264000
v 0.5000000 0.5688000 0.2264000
v 0.4892373 0.5679530 0.2264000
v 0.4787396 0.5654327 0.2264000
v 0.4687655 0.5613012 0.2264000
v 0.4595604 0.5556604 0.2264000
v 0.4513511 0.5486489 0.2264000
v 0.4443396 0.5404396 0.2264000
v 0.4386988 0.5312345 0.2264000
v 0.4345673 0.5212604 0.2264000
v 0.4320470 0.5107627 0.2264000
v 0.4312000 0.5000000 0.2264000
v 0.4320470 0.4892373 0.2264000
v 0.4345673 0.4787396 0.2264000
v 0.4386988 0.4687655 0.2264000
v 0.4443396 0.4595604 0.2264000
v 0.4513511 0.4513511 0.2264000
v 0.4595604 0.4443396 0.2264000
v 0.4687655 0.4386988 0.2264000
v 0.4787396 0.4345673 0.2264000
v 0.4892373 0.4320470 0.2264000
v 0.5000000 0.4312000 0.2264000
v 0.5107627 0.4320470 0.2264000
v 0.5212604 0.4345673 0.2264000
v 0.5312345 0.4386988 0.2264000
v 0.5404396 0.4443396 0.2264000
v 0.5486489 0.4513511 0.2264000
v 0.5556604 0.4595604 0.2264000
v 0.5613012 0.4687655 0.2264000
v 0.5654327 0.4787396 0.2264000
v 0.5679530 0.4892373 0.2264000
v 0.5884969 0.5140165 0.2320000
v 0.5896000 0.5000000 0.2320000
v 0.5852147 0.5276879 0.2320000
v 0.5798342 0.5406775 0.2320000
v 0.5724879 0.5526656 0.2320000
v 0.5633568 0.5633568 0.2320000
v 0.5526656 0.5724879 0.2320000
v 0.5406775 0.5798342 0.2320000
v 0.5276879 0.5852147 0.2320000
v 0.5140165 0.5884969 0.2320000
v 0.5000000 0.5896000 0.2320000
v 0.4859835 0.5884969 0.2320000
v 0.4723121 0.5852147 0.2320000
v 0.4593225 0.5798342 0.2320000
v 0.4473344 0.5724879 0.2320000
v 0.4366432 0.5633568 0.2320000
v 0.4275121 0.5526656 0.2320000
v 0.4201658 0.5406775 0.2320000
v 0.4147853 0.5276879 0.2320000
v 0.4115031 0.5140165 0.2320000
v 0.4104000 0.5000000 0.2320000
v 0.4115031 0.4859835 0.2320000
v 0.4147853 0.4723121 0.2320000
v 0.4201658 0.4593225 0.2320000
v 0.4275121 0.4473344 0.2320000
v 0.4366432 0.4366432 0.2320000
v 0.4473344 0.4275121 0.2320000
v 0.4593225 0.4201658 0.2320000
v 0.4723121 0.4147853 0.2320000
v 0.4859835 0.4115031 0.2320000
v 0.5000000 0.4104000 0.2320000
v 0.5140165 0.4115031 0.2320000
v 0.5276879 0.4147853 0.2320000
v 0.5406775 0.4201658 0.2320000
v 0.5526656 0.4275121 0.2320000
v 0.5633568 0.4366432 0.2320000
v 0.5724879 0.4473344 0.2320000
v 0.5798342 0.4593225 0.2320000
v 0.5852147 0.4723121 0.2320000
v 0.5884969 0.4859835 0.2320000
v 0.5971885 0.5153932 0.2440000
v 0.5984000 0.5000000 0.2440000
v 0.5935840 0.5304073 0.2440000
v 0.5876750 0.5446727 0.2440000
v 0.5796073 0.5578381 0.2440000
v 0.5695793 0.5695793 0.2440000
v 0.5578381 0.5796073 0.2440000
v 0.5446727 0.5876750 0.2440000
v 0.5304073 0.5935840 0.2440000
v 0.5153932 0.5971885 0.2440000
v 0.5000000 0.5984000 0.2440000
v 0.4846068 0.5971885 0.2440000
v 0.4695927 0.5935840 0.2440000
v 0.4553273 0.5876750 0.2440000
v 0.4421619 0.5796073 0.2440000
v 0.4304207 0.5695793 0.2440000
v 0.4203927 0.5578381 0.2440000
v 0.4123250 0.5446727 0.2440000
v 0.4064160 0.5304073 0.2440000
v 0.4028115 0.5153932 0.2440000
v 0.4016000 0.5000000 0.2440000
v 0.4028115 0.4846068 0.2440000
v 0.4064160 0.4695927 0.2440000
v 0.4123250 0.4553273 0.2440000
v 0.4203927 0.4421619 0.2440000
v 0.4304207 0.4304207 0.2440000
v 0.4421619 0.4203927 0.2440000
v 0.4553273 0.4123250 0.2440000
v 0.4695927 0.4064160 0.2440000
v 0.4846068 0.4028115 0.2440000
v 0.5000000 0.4016000 0.2440000
v 0.5153932 0.4028115 0.2440000
v 0.5304073 0.4064160 0.2440000
v 0.5446727 0.4123250 0.2440000
v 0.5578381 0.4203927 0.2440000
v 0.5695793 0.4304207 0.2440000
v 0.5796073 0.4421619 0.2440000
v 0.5876750 0.4553273 0.2440000
v 0.5935840 0.4695927 0.2440000
v 0.5971885 0.4846068 0.2440000
v 0.6071786 0.5021439 0.2356000
v 0.6027237 0.5306541 0.2356000
v 0.6134561 0.5338567 0.2356000
v 0.6183763 0.5023678 0.2356000
v 0.5981997 0.5429961 0.2356000
v 0.5831736 0.5676314 0.2356000
v 0.5918633 0.5746973 0.2356000
v 0.6084593 0.5474883 0.2356000
v 0.5742708 0.5773026 0.2356000
v 0.5509609 0.5943124 0.2356000
v 0.5562852 0.6041659 0.2356000
v 0.5820304 0.5853790 0.2356000
v 0.5390348 0.5998405 0.2356000
v 0.5109900 0.6066352 0.2356000
v 0.5121382 0.6177762 0.2356000
v 0.5431131 0.6102716 0.2356000
v 0.4978561 0.6071786 0.2356000
v 0.4693459 0.6027237 0.2356000
v 0.4661433 0.6134561 0.2356000
v 0.4976322 0.6183763 0.2356000
v 0.4570039 0.5981997 0.2356000
v 0.4323686 0.5831736 0.2356000
v 0.4253027 0.5918633 0.2356000
v 0.4525117 0.6084593 0.2356000
v 0.4226974 0.5742708 0.2356000
v 0.4056876 0.5509609 0.2356000
v 0.3958341 0.5562852 0.2356000
v 0.4146210 0.5820304 0.2356000
v 0.4001595 0.5390348 0.2356000
v 0.3933648 0.5109900 0.2356000
v 0.3822238 0.5121382 0.2356000
v 0.3897284 0.5431131 0.2356000
v 0.3928214 0.4978561 0.2356000
v 0.3972763 0.4693459 0.2356000
v 0.3865439 0.4661433 0.2356000
v 0.3816237 0.4976322 0.2356000
v 0.4018003 0.4570039 0.2356000
v 0.4168264 0.4323686 0.2356000
v 0.4081367 0.4253027 0.2356000
v 0.3915407 0.4525117 0.2356000
v 0.4257292 0.4226974 0.2356000
v 0.4490391 0.4056876 0.2356000
v 0.4437148 0.3958341 0.2356000
v 0.4179696 0.4146210 0.2356000
v 0.4609652 0.4001595 0.2356000
v 0.4890100 0.3933648 0.2356000
v 0.4878618 0.3822238 0.2356000
v 0.4568869 0.3897284 0.2356000
v 0.5021439 0.3928214 0.2356000
v 0.5306541 0.3972763 0.2356000
v 0.5338567 0.3865439 0.2356000
v 0.5023678 0.3816237 0.2356000
v 0.5429961 0.4018003 0.2356000
v 0.5676314 0.4168264 0.2356000
v 0.5746973 0.4081367 0.2356000
v 0.5474883 0.3915407 0.2356000
v 0.5773026 0.4257292 0.2356000
v 0.5943124 0.4490391 0.2356000
v 0.6041659 0.4437148 0.2356000
v 0.5853790 0.4179696 0.2356000
v 0.5998405 0.4609652 0.2356000
v 0.6066352 0.4890100 0.2356000
v 0.6177762 0.4878618 0.2356000
v 0.6102716 0.4568869 0.2356000
v 0.5214774 0.5124000 0.1818451
v 0.5248000 0.5000000 0.1818451
v 0.5000000 0.5000000 0.1752000
v 0.5124000 0.5214774 0.1818451
v 0.5000000 0.5248000 0.1818451
v 0.4876000 0.5214774 0.1818451
v 0.4785226 0.5124000 0.1818451
v 0.4752000 0.5000000 0.1818451
v 0.4785226 0.4876000 0.1818451
v 0.4876000 0.4785226 0.1818451
v 0.5000000 0.4752000 0.1818451
v 0.5124000 0.4785226 0.1818451
v 0.5214774 0.4876000 0.1818451
v 0.5372000 0.5214774 0.2000000
v 0.5429549 0.5000000 0.2000000
v 0.5214774 0.5372000 0.2000000
v 0.5000000 0.5429549 0.2000000
v 0.4785226 0.5372000 0.2000000
v 0.4628000 0.5214774 0.2000000
v 0.4570451 0.5000000 0.2000000
v 0.4628000 0.4785226 0.2000000
v 0.4785226 0.4628000 0.2000000
v 0.5000000 0.4570451 0.2000000
v 0.5214774 0.4628000 0.2000000
v 0.5372000 0.4785226 0.2000000
v 0.5429549 0.5248000 0.2248000
v 0.5496000 0.5000000 0.2248000
v 0.5248000 0.5429549 0.2248000
v 0.5000000 0.5496000 0.2248000
v 0.4752000 0.5429549 0.2248000
v 0.4570451 0.5248000 0.2248000
v 0.4504000 0.5000000 0.2248000
v 0.4570451 0.4752000 0.2248000
v 0.4752000 0.4570451 0.2248000
v 0.5000000 0.4504000 0.2248000
v 0.5248000 0.4570451 0.2248000
v 0.5429549 0.4752000 0.2248000
v 0.5372000 0.5214774 0.2496000
v 0.5429549 0.5000000 0.2496000
v 0.5214774 0.5372000 0.2496000
v 0.5000000 0.5429549 0.2496000
v 0.4785226 0.5372000 0.2496000
v 0.4628000 0.5214774 0.2496000
v 0.4570451 0.5000000 0.2496000
v 0.4628000 0.4785226 0.2496000
v 0.4785226 0.4628000 0.2496000
v 0.5000000 0.4570451 0.2496000
v 0.5214774 0.4628000 0.2496000
v 0.5372000 0.4785226 0.2496000
v 0.5214774 0.5124000 0.2677549
v 0.5248000 0.5000000 0.2677549
v 0.5124000 0.5214774 0.2677549
v 0.5000000 0.5248000 0.2677549
v 0.4876000 0.5214774 0.2677549
v 0.4785226 0.5124000 0.2677549
v 0.4752000 0.5000000 0.2677549
v 0.4785226 0.4876000 0.2677549
v 0.4876000 0.4785226 0.2677549
v 0.5000000 0.4752000 0.2677549
v 0.5124000 0.4785226 0.2677549
v 0.5214774 0.4876000 0.2677549
v 0.5000000 0.5000000 0.2744000
v 0.6005774 0.4503777 0.2347344
v 0.6880959 0.4060259 0.2916618
v 0.6614945 0.3653496 0.2916618
v 0.5866754 0.4288272 0.2347344
v 0.6092204 0.4745228 0.2347344
v 0.7046474 0.4517233 0.2916618
v 0.6121525 0.5000000 0.2347344
v 0.7102646 0.5000000 0.2916618
v 0.6092204 0.5254772 0.2347344
v 0.7046474 0.5482767 0.2916618
v 0.6005774 0.5496223 0.2347344
v 0.6880959 0.5939741 0.2916618
v 0.5866754 0.5711728 0.2347344
v 0.6614945 0.6346504 0.2916618
v 0.7490455 0.3740151 0.3850154
v 0.7130159 0.3196669 0.3850154
v 0.7714811 0.4352401 0.3850154
v 0.7790982 0.5000000 0.3850154
v 0.7714811 0.5647599 0.3850154
v 0.7490455 0.6259849 0.3850154
v 0.7130159 0.6803331 0.3850154
v 0.7705762 0.3614199 0.4997579
v 0.7305419 0.3018426 0.4997579
v 0.7955259 0.4287231 0.4997579
v 0.8039999 0.5000000 0.4997579
v 0.7955259 0.5712769 0.4997579
v 0.7705762 0.6385801 0.4997579
v 0.7305419 0.6981574 0.4997579
v 0.7492086 0.3739326 0.6145399
v 0.7131554 0.3195488 0.6145399
v 0.7716589 0.4351977 0.6145399
v 0.7792810 0.5000000 0.6145399
v 0.7716589 0.5648023 0.6145399
v 0.7492086 0.6260674 0.6145399
v 0.7131554 0.6804512 0.6145399
v 0.6883925 0.4058778 0.7080031
v 0.6617491 0.3651373 0.7080031
v 0.7049701 0.4516471 0.7080031
v 0.7105961 0.5000000 0.7080031
v 0.7049701 0.5483529 0.7080031
v 0.6883925 0.5941222 0.7080031
v 0.6617491 0.6348627 0.7080031
v 0.6009561 0.4501908 0.7650866
v 0.5870018 0.4285592 0.7650866
v 0.6096317 0.4744268 0.7650866
v 0.6125748 0.5000000 0.7650866
v 0.6096317 0.5255732 0.7650866
v 0.6009561 0.5498092 0.7650866
v 0.5870018 0.5714408 0.7650866
v 0.5823416 0.4323859 0.2479977
v 0.6536380 0.3719002 0.3017972
v 0.6789453 0.4105976 0.3017972
v 0.5955485 0.4528588 0.2479977
v 0.6946915 0.4540719 0.3017972
v 0.6037594 0.4757966 0.2479977
v 0.7000355 0.5000000 0.3017972
v 0.6065449 0.5000000 0.2479977
v 0.6946915 0.5459281 0.3017972
v 0.6037594 0.5242034 0.2479977
v 0.6789453 0.5894024 0.3017972
v 0.5955485 0.5471412 0.2479977
v 0.6536380 0.6280998 0.3017972
v 0.5823416 0.5676141 0.2479977
v 0.7028541 0.3282696 0.3905007
v 0.7371648 0.3800252 0.3905007
v 0.7585302 0.4383295 0.3905007
v 0.7657839 0.5000000 0.3905007
v 0.7585302 0.5616705 0.3905007
v 0.7371648 0.6199748 0.3905007
v 0.7028541 0.6717304 0.3905007
v 0.7196215 0.3112290 0.4997694
v 0.7577595 0.3679842 0.4997694
v 0.7815273 0.4320994 0.4997694
v 0.7895999 0.5000000 0.4997694
v 0.7815273 0.5679006 0.4997694
v 0.7577595 0.6320158 0.4997694
v 0.7196215 0.6887710 0.4997694
v 0.7029869 0.3281572 0.6090758
v 0.7373201 0.3799466 0.6090758
v 0.7586995 0.4382891 0.6090758
v 0.7659580 0.5000000 0.6090758
v 0.7586995 0.5617109 0.6090758
v 0.7373201 0.6200534 0.6090758
v 0.7029869 0.6718428 0.6090758
v 0.6538802 0.3716982 0.6978840
v 0.6792274 0.4104567 0.6978840
v 0.6949985 0.4539994 0.6978840
v 0.7003509 0.5000000 0.6978840
v 0.6949985 0.5460006 0.6978840
v 0.6792274 0.5895433 0.6978840
v 0.6538802 0.6283018 0.6978840
v 0.5826517 0.4321313 0.7518323
v 0.5959083 0.4526813 0.7518323
v 0.6041501 0.4757055 0.7518323
v 0.6069461 0.5000000 0.7518323
v 0.6041501 0.5242945 0.7518323
v 0.5959083 0.5473187 0.7518323
v 0.5826517 0.5678687 0.7518323
v 0.8118000 0.4568000 0.4456000
v 0.8118000 0.5432000 0.4456000
v 0.8118000 0.5432000 0.5544000
v 0.8058000 0.4568000 0.4456000
v 0.8058000 0.5432000 0.5544000
v 0.8058000 0.5432000 0.4456000
v 0.8118000 0.4568000 0.5544000
v 0.8058000 0.4568000 0.5544000
v 0.8127600 0.4758080 0.4695360
v 0.8127600 0.5241920 0.4695360
v 0.8127600 0.5241920 0.5304640
v 0.8116800 0.4758080 0.4695360
v 0.8116800 0.5241920 0.5304640
v 0.8116800 0.5241920 0.4695360
v 0.8127600 0.4758080 0.5304640
v 0.8116800 0.4758080 0.5304640
v 0.8164000 0.4696000 0.4652000
v 0.8164000 0.5304000 0.4652000
v 0.8164000 0.5304000 0.4708000
v 0.8132000 0.4696000 0.4652000
v 0.8132000 0.5304000 0.4708000
v 0.8132000 0.5304000 0.4652000
v 0.8164000 0.4696000 0.4708000
v 0.8132000 0.4696000 0.4708000
v 0.8164000 0.4696000 0.4812000
v 0.8164000 0.5304000 0.4812000
v 0.8164000 0.5304000 0.4868000
v 0.8132000 0.4696000 0.4812000
v 0.8132000 0.5304000 0.4868000
v 0.8132000 0.5304000 0.4812000
v 0.8164000 0.4696000 0.4868000
v 0.8132000 0.4696000 0.4868000
v 0.8164000 0.4696000 0.4972000
v 0.8164000 0.5304000 0.4972000
v 0.8164000 0.5304000 0.5028000
v 0.8132000 0.4696000 0.4972000
v 0.8132000 0.5304000 0.5028000
v 0.8132000 0.5304000 0.4972000
v 0.8164000 0.4696000 0.5028000
v 0.8132000 0.4696000 0.5028000
v 0.8164000 0.4696000 0.5132000
v 0.8164000 0.5304000 0.5132000
v 0.8164000 0.5304000 0.5188000
v 0.8132000 0.4696000 0.5132000
v 0.8132000 0.5304000 0.5188000
v 0.8132000 0.5304000 0.5132000
v 0.8164000 0.4696000 0.5188000
v 0.8132000 0.4696000 0.5188000
v 0.8164000 0.4696000 0.5292000
v 0.8164000 0.5304000 0.5292000
v 0.8164000 0.5304000 0.5348000
v 0.8132000 0.4696000 0.5292000
v 0.8132000 0.5304000 0.5348000
v 0.8132000 0.5304000 0.5292000
v 0.8164000 0.4696000 0.5348000
v 0.8132000 0.4696000 0.5348000
v 0.7424099 0.5000000 0.3192150
v 0.7497274 0.5212003 0.3290268
v 0.7424099 0.5244800 0.3192150
v 0.7550841 0.5122400 0.3362096
v 0.7570448 0.5000000 0.3388387
v 0.7550841 0.4877600 0.3362096
v 0.7497274 0.4787997 0.3290268
v 0.7424099 0.4755200 0.3192150
v 0.7350924 0.4787997 0.3094032
v 0.7297356 0.4877600 0.3022204
v 0.7277749 0.5000000 0.2995913
v 0.7297356 0.5122400 0.3022204
v 0.7350924 0.5212003 0.3094032
v 0.7553501 0.5235559 0.3265300
v 0.7472196 0.5272000 0.3156280
v 0.7613021 0.5136000 0.3345109
v 0.7634807 0.5000000 0.3374321
v 0.7613021 0.4864000 0.3345109
v 0.7553501 0.4764441 0.3265300
v 0.7472196 0.4728000 0.3156280
v 0.7390890 0.4764441 0.3047260
v 0.7331371 0.4864000 0.2967451
v 0.7309585 0.5000000 0.2938239
v 0.7331371 0.5136000 0.2967451
v 0.7390890 0.5235559 0.3047260
v 0.7640076 0.5235559 0.3200734
v 0.7558771 0.5272000 0.3091714
v 0.7699596 0.5136000 0.3280543
v 0.7721382 0.5000000 0.3309755
v 0.7699596 0.4864000 0.3280543
v 0.7640076 0.4764441 0.3200734
v 0.7558771 0.4728000 0.3091714
v 0.7477465 0.4764441 0.2982694
v 0.7417946 0.4864000 0.2902885
v 0.7396160 0.5000000 0.2873673
v 0.7417946 0.5136000 0.2902885
v 0.7477465 0.5235559 0.2982694
v 0.7668706 0.5188447 0.3145451
v 0.7603662 0.5217600 0.3058235
v 0.7716322 0.5108800 0.3209298
v 0.7733750 0.5000000 0.3232668
v 0.7716322 0.4891200 0.3209298
v 0.7668706 0.4811553 0.3145451
v 0.7603662 0.4782400 0.3058235
v 0.7538617 0.4811553 0.2971019
v 0.7491001 0.4891200 0.2907172
v 0.7473573 0.5000000 0.2883803
v 0.7491001 0.5108800 0.2907172
v 0.7538617 0.5188447 0.2971019
v 0.7656510 0.5153113 0.3129098
v 0.7603662 0.5176800 0.3058235
v 0.7695198 0.5088400 0.3180974
v 0.7709359 0.5000000 0.3199962
v 0.7695198 0.4911600 0.3180974
v 0.7656510 0.4846887 0.3129098
v 0.7603662 0.4823200 0.3058235
v 0.7550813 0.4846887 0.2987372
v 0.7512125 0.4911600 0.2935497
v 0.7497965 0.5000000 0.2916509
v 0.7512125 0.5088400 0.2935497
v 0.7550813 0.5153113 0.2987372
v 0.7560316 0.5153113 0.3200839
v 0.7507467 0.5176800 0.3129975
v 0.7599004 0.5088400 0.3252714
v 0.7613164 0.5000000 0.3271702
v 0.7599004 0.4911600 0.3252714
v 0.7560316 0.4846887 0.3200839
v 0.7507467 0.4823200 0.3129975
v 0.7454619 0.4846887 0.3059112
v 0.7415931 0.4911600 0.3007237
v 0.7401770 0.5000000 0.2988249
v 0.7415931 0.5088400 0.3007237
v 0.7454619 0.5153113 0.3059112
v 0.7507467 0.5000000 0.3129975
v 0.7510674 0.5182240 0.3127584
v 0.7565148 0.5157824 0.3200628
v 0.7582085 0.5179025 0.3203265
v 0.7520293 0.5206720 0.3120410
v 0.7605026 0.5091120 0.3254099
v 0.7627320 0.5103360 0.3263920
v 0.7619623 0.5000000 0.3273671
v 0.7643877 0.5000000 0.3286121
v 0.7605026 0.4908880 0.3254099
v 0.7627320 0.4896640 0.3263920
v 0.7565148 0.4842176 0.3200628
v 0.7582085 0.4820975 0.3203265
v 0.7510674 0.4817760 0.3127584
v 0.7520293 0.4793280 0.3120410
v 0.7456199 0.4842176 0.3054540
v 0.7458501 0.4820975 0.3037555
v 0.7416321 0.4908880 0.3001069
v 0.7413266 0.4896640 0.2976900
v 0.7401724 0.5000000 0.2981497
v 0.7396709 0.5000000 0.2954699
v 0.7416321 0.5091120 0.3001069
v 0.7413266 0.5103360 0.2976900
v 0.7456199 0.5157824 0.3054540
v 0.7458501 0.5179025 0.3037555
v 0.7614150 0.5179025 0.3179352
v 0.7552358 0.5206720 0.3096497
v 0.7659385 0.5103360 0.3240006
v 0.7675942 0.5000000 0.3262207
v 0.7659385 0.4896640 0.3240006
v 0.7614150 0.4820975 0.3179352
v 0.7552358 0.4793280 0.3096497
v 0.7490566 0.4820975 0.3013641
v 0.7445331 0.4896640 0.2952987
v 0.7428774 0.5000000 0.2930786
v 0.7445331 0.5103360 0.2952987
v 0.7490566 0.5179025 0.3013641
v 0.7613245 0.5157824 0.3164758
v 0.7558771 0.5182240 0.3091714
v 0.7653124 0.5091120 0.3218229
v 0.7667720 0.5000000 0.3237801
v 0.7653124 0.4908880 0.3218229
v 0.7613245 0.4842176 0.3164758
v 0.7558771 0.4817760 0.3091714
v 0.7504296 0.4842176 0.3018670
v 0.7464418 0.4908880 0.2965199
v 0.7449822 0.5000000 0.2945627
v 0.7464418 0.5091120 0.2965199
v 0.7504296 0.5157824 0.3018670
v 0.7511315 0.5000000 0.3127106
v 0.7556846 0.5131913 0.3188157
v 0.7511315 0.5152320 0.3127106
v 0.7590177 0.5076160 0.3232850
v 0.7602377 0.5000000 0.3249208
v 0.7590177 0.4923840 0.3232850
v 0.7556846 0.4868087 0.3188157
v 0.7511315 0.4847680 0.3127106
v 0.7465784 0.4868087 0.3066054
v 0.7432453 0.4923840 0.3021362
v 0.7420253 0.5000000 0.3005003
v 0.7432453 0.5076160 0.3021362
v 0.7465784 0.5131913 0.3066054
v 0.7573520 0.5131913 0.3175722
v 0.7527989 0.5152320 0.3114671
v 0.7606851 0.5076160 0.3220415
v 0.7619051 0.5000000 0.3236774
v 0.7606851 0.4923840 0.3220415
v 0.7573520 0.4868087 0.3175722
v 0.7527989 0.4847680 0.3114671
v 0.7482458 0.4868087 0.3053619
v 0.7449127 0.4923840 0.3008927
v 0.7436927 0.5000000 0.2992568
v 0.7449127 0.5076160 0.3008927
v 0.7482458 0.5131913 0.3053619
v 0.7527989 0.5000000 0.3114671
v 0.7677176 0.6166201 0.3958108
v 0.7630487 0.6268005 0.3958108
v 0.7727214 0.6312366 0.4327068
v 0.7624774 0.6142168 0.3974735
v 0.7674812 0.6288333 0.4343696
v 0.7578085 0.6243972 0.3974735
v 0.7773903 0.6210562 0.4327068
v 0.7721501 0.6186529 0.4343696
v 0.7696569 0.6202202 0.4036619
v 0.7670423 0.6259213 0.4036619
v 0.7724590 0.6284055 0.4243237
v 0.7687136 0.6197876 0.4039612
v 0.7715157 0.6279729 0.4246230
v 0.7660990 0.6254887 0.4039612
v 0.7750736 0.6227045 0.4243237
v 0.7741304 0.6222719 0.4246230
v 0.7444893 0.5000000 0.6779627
v 0.7372861 0.5212003 0.6878587
v 0.7444893 0.5244800 0.6779627
v 0.7320129 0.5122400 0.6951031
v 0.7300828 0.5000000 0.6977547
v 0.7320129 0.4877600 0.6951031
v 0.7372861 0.4787997 0.6878587
v 0.7444893 0.4755200 0.6779627
v 0.7516926 0.4787997 0.6680667
v 0.7569657 0.4877600 0.6608224
v 0.7588958 0.5000000 0.6581707
v 0.7569657 0.5122400 0.6608224
v 0.7516926 0.5212003 0.6680667
v 0.7413367 0.5235559 0.6924893
v 0.7493403 0.5272000 0.6814937
v 0.7354776 0.5136000 0.7005386
v 0.7333331 0.5000000 0.7034848
v 0.7354776 0.4864000 0.7005386
v 0.7413367 0.4764441 0.6924893
v 0.7493403 0.4728000 0.6814937
v 0.7573439 0.4764441 0.6704982
v 0.7632030 0.4864000 0.6624489
v 0.7653475 0.5000000 0.6595026
v 0.7632030 0.5136000 0.6624489
v 0.7573439 0.5235559 0.6704982
v 0.7500684 0.5235559 0.6988451
v 0.7580721 0.5272000 0.6878496
v 0.7442094 0.5136000 0.7068944
v 0.7420648 0.5000000 0.7098407
v 0.7442094 0.4864000 0.7068944
v 0.7500684 0.4764441 0.6988451
v 0.7580721 0.4728000 0.6878496
v 0.7660757 0.4764441 0.6768540
v 0.7719347 0.4864000 0.6688047
v 0.7740793 0.5000000 0.6658585
v 0.7719347 0.5136000 0.6688047
v 0.7660757 0.5235559 0.6768540
v 0.7561967 0.5188447 0.6999416
v 0.7625996 0.5217600 0.6911452
v 0.7515095 0.5108800 0.7063810
v 0.7497938 0.5000000 0.7087380
v 0.7515095 0.4891200 0.7063810
v 0.7561967 0.4811553 0.6999416
v 0.7625996 0.4782400 0.6911452
v 0.7690025 0.4811553 0.6823487
v 0.7736898 0.4891200 0.6759093
v 0.7754054 0.5000000 0.6735523
v 0.7736898 0.5108800 0.6759093
v 0.7690025 0.5188447 0.6823487
v 0.7573973 0.5153113 0.6982923
v 0.7625996 0.5176800 0.6911452
v 0.7535889 0.5088400 0.7035243
v 0.7521949 0.5000000 0.7054394
v 0.7535889 0.4911600 0.7035243
v 0.7573973 0.4846887 0.6982923
v 0.7625996 0.4823200 0.6911452
v 0.7678020 0.4846887 0.6839981
v 0.7716104 0.4911600 0.6787660
v 0.7730043 0.5000000 0.6768509
v 0.7716104 0.5088400 0.6787660
v 0.7678020 0.5153113 0.6839981
v 0.7476953 0.5153113 0.6912303
v 0.7528977 0.5176800 0.6840831
v 0.7438869 0.5088400 0.6964623
v 0.7424930 0.5000000 0.6983774
v 0.7438869 0.4911600 0.6964623
v 0.7476953 0.4846887 0.6912303
v 0.7528977 0.4823200 0.6840831
v 0.7581000 0.4846887 0.6769360
v 0.7619084 0.4911600 0.6717040
v 0.7633024 0.5000000 0.6697889
v 0.7619084 0.5088400 0.6717040
v 0.7581000 0.5153113 0.6769360
v 0.7528977 0.5000000 0.6840831
v 0.7532211 0.5182240 0.6843185
v 0.7478587 0.5157824 0.6916856
v 0.7481085 0.5179025 0.6933814
v 0.7541913 0.5206720 0.6850248
v 0.7439331 0.5091120 0.6970786
v 0.7436556 0.5103360 0.6994988
v 0.7424962 0.5000000 0.6990526
v 0.7420258 0.5000000 0.7017380
v 0.7439331 0.4908880 0.6970786
v 0.7436556 0.4896640 0.6994988
v 0.7478587 0.4842176 0.6916856
v 0.7481085 0.4820975 0.6933814
v 0.7532211 0.4817760 0.6843185
v 0.7541913 0.4793280 0.6850248
v 0.7585835 0.4842176 0.6769515
v 0.7602740 0.4820975 0.6766681
v 0.7625091 0.4908880 0.6715585
v 0.7647269 0.4896640 0.6705507
v 0.7639459 0.5000000 0.6695845
v 0.7663568 0.5000000 0.6683115
v 0.7625091 0.5091120 0.6715585
v 0.7647269 0.5103360 0.6705507
v 0.7585835 0.5157824 0.6769515
v 0.7602740 0.5179025 0.6766681
v 0.7513425 0.5179025 0.6957354
v 0.7574253 0.5206720 0.6873788
v 0.7468896 0.5103360 0.7018528
v 0.7452598 0.5000000 0.7040920
v 0.7468896 0.4896640 0.7018528
v 0.7513425 0.4820975 0.6957354
v 0.7574253 0.4793280 0.6873788
v 0.7635080 0.4820975 0.6790221
v 0.7679609 0.4896640 0.6729047
v 0.7695908 0.5000000 0.6706655
v 0.7679609 0.5103360 0.6729047
v 0.7635080 0.5179025 0.6790221
v 0.7527096 0.5157824 0.6952166
v 0.7580721 0.5182240 0.6878496
v 0.7487841 0.5091120 0.7006096
v 0.7473472 0.5000000 0.7025836
v 0.7487841 0.4908880 0.7006096
v 0.7527096 0.4842176 0.6952166
v 0.7580721 0.4817760 0.6878496
v 0.7634345 0.4842176 0.6804825
v 0.7673600 0.4908880 0.6750895
v 0.7687969 0.5000000 0.6731155
v 0.7673600 0.5091120 0.6750895
v 0.7634345 0.5157824 0.6804825
v 0.7532858 0.5000000 0.6843656
v 0.7488037 0.5131913 0.6905231
v 0.7532858 0.5152320 0.6843656
v 0.7455227 0.5076160 0.6950307
v 0.7443217 0.5000000 0.6966806
v 0.7455227 0.4923840 0.6950307
v 0.7488037 0.4868087 0.6905231
v 0.7532858 0.4847680 0.6843656
v 0.7577678 0.4868087 0.6782081
v 0.7610488 0.4923840 0.6737005
v 0.7622498 0.5000000 0.6720506
v 0.7610488 0.5076160 0.6737005
v 0.7577678 0.5131913 0.6782081
v 0.7504854 0.5131913 0.6917472
v 0.7549674 0.5152320 0.6855897
v 0.7472043 0.5076160 0.6962548
v 0.7460034 0.5000000 0.6979047
v 0.7472043 0.4923840 0.6962548
v 0.7504854 0.4868087 0.6917472
v 0.7549674 0.4847680 0.6855897
v 0.7594495 0.4868087 0.6794322
v 0.7627305 0.4923840 0.6749246
v 0.7639315 0.5000000 0.6732747
v 0.7627305 0.5076160 0.6749246
v 0.7594495 0.5131913 0.6794322
v 0.7549674 0.5000000 0.6855897
v 0.7774874 0.6211007 0.5668111
v 0.7728184 0.6312811 0.5668111
v 0.7631992 0.6268695 0.6037241
v 0.7722448 0.6186963 0.5651576
v 0.7579566 0.6244651 0.6020706
v 0.7675758 0.6288768 0.5651576
v 0.7678681 0.6166891 0.6037241
v 0.7626255 0.6142847 0.6020706
v 0.7751828 0.6227545 0.5751966
v 0.7725682 0.6284556 0.5751966
v 0.7671814 0.6259851 0.5958678
v 0.7742391 0.6223218 0.5748989
v 0.7662377 0.6255523 0.5955702
v 0.7716245 0.6280228 0.5748989
v 0.7697960 0.6202840 0.5958678
v 0.7688523 0.6198513 0.5955702
v 0.6749046 0.3951570 0.2854485
v 0.6797729 0.3958064 0.2890999
v 0.6780511 0.4004062 0.2854485
v 0.6766264 0.3905573 0.2890999
v 0.6717581 0.3899078 0.2854485
v 0.6700363 0.3945076 0.2817972
v 0.6731828 0.3997567 0.2817972
v 0.6838592 0.3937534 0.2851566
v 0.6819461 0.3988642 0.2810995
v 0.6803631 0.3879210 0.2851566
v 0.6749538 0.3871994 0.2810995
v 0.6730407 0.3923102 0.2770425
v 0.6765369 0.3981426 0.2770425
v 0.6902408 0.3899281 0.2773283
v 0.6883277 0.3950389 0.2732713
v 0.6867447 0.3840956 0.2773283
v 0.6813355 0.3833740 0.2732713
v 0.6794224 0.3884849 0.2692143
v 0.6829185 0.3943173 0.2692143
v 0.6924680 0.3878002 0.2724578
v 0.6909375 0.3918889 0.2692122
v 0.6896711 0.3831343 0.2724578
v 0.6853437 0.3825570 0.2692122
v 0.6838132 0.3866457 0.2659666
v 0.6866101 0.3913116 0.2659666
v 0.6916566 0.3876920 0.2718493
v 0.6904131 0.3910140 0.2692122
v 0.6893841 0.3839009 0.2718493
v 0.6858681 0.3834319 0.2692122
v 0.6846246 0.3867539 0.2665751
v 0.6868971 0.3905450 0.2665751
v 0.6845659 0.3919424 0.2805473
v 0.6833224 0.3952644 0.2779102
v 0.6822934 0.3881513 0.2805473
v 0.6787774 0.3876823 0.2779102
v 0.6775339 0.3910043 0.2752732
v 0.6798064 0.3947954 0.2752732
v 0.6810499 0.3914733 0.2779102
v 0.6836287 0.3952394 0.2776203
v 0.6849104 0.3918151 0.2803385
v 0.6861063 0.3914550 0.2798339
v 0.6846524 0.3953393 0.2767505
v 0.6825680 0.3879074 0.2803385
v 0.6834493 0.3870224 0.2798339
v 0.6789438 0.3874239 0.2776203
v 0.6793383 0.3864740 0.2767505
v 0.6776621 0.3908482 0.2749021
v 0.6778843 0.3903582 0.2736672
v 0.6800045 0.3947559 0.2749021
v 0.6805414 0.3947908 0.2736672
v 0.6884699 0.3900382 0.2769345
v 0.6870160 0.3939225 0.2738512
v 0.6858129 0.3856056 0.2769345
v 0.6817018 0.3850572 0.2738512
v 0.6802479 0.3889414 0.2707678
v 0.6829049 0.3933740 0.2707678
v 0.6884558 0.3896899 0.2759895
v 0.6871740 0.3931142 0.2732713
v 0.6861134 0.3857822 0.2759895
v 0.6824892 0.3852987 0.2732713
v 0.6812074 0.3887230 0.2705531
v 0.6835498 0.3926307 0.2705531
v 0.6813335 0.3913033 0.2775623
v 0.6843627 0.3917074 0.2798343
v 0.6832914 0.3945695 0.2775623
v 0.6824049 0.3884413 0.2798343
v 0.6793757 0.3880372 0.2775623
v 0.6783044 0.3908992 0.2752904
v 0.6802622 0.3941654 0.2752904
v 0.6855917 0.3909707 0.2783266
v 0.6845204 0.3938327 0.2760547
v 0.6836339 0.3877045 0.2783266
v 0.6806048 0.3873004 0.2760547
v 0.6795334 0.3901625 0.2737827
v 0.6814912 0.3934286 0.2737827
v 0.6825626 0.3905666 0.2760547
v 0.6751975 0.3949815 0.7142264
v 0.6734807 0.3995782 0.7178839
v 0.6783440 0.4002306 0.7142264
v 0.6703341 0.3943290 0.7178839
v 0.6720509 0.3897323 0.7142264
v 0.6769143 0.3903847 0.7105690
v 0.6800608 0.3956339 0.7105690
v 0.6768412 0.3979602 0.7226327
v 0.6822449 0.3986851 0.7185688
v 0.6733451 0.3921278 0.7226327
v 0.6752526 0.3870203 0.7185688
v 0.6806563 0.3877452 0.7145050
v 0.6841524 0.3935776 0.7145050
v 0.6832335 0.3941284 0.7304490
v 0.6886372 0.3948534 0.7263852
v 0.6797374 0.3882960 0.7304490
v 0.6816450 0.3831885 0.7263852
v 0.6870487 0.3839134 0.7223214
v 0.6905448 0.3897459 0.7223214
v 0.6869296 0.3911201 0.7336892
v 0.6912525 0.3917000 0.7304381
v 0.6841327 0.3864542 0.7336892
v 0.6856587 0.3823682 0.7304381
v 0.6899817 0.3829481 0.7271871
v 0.6927786 0.3876140 0.7271871
v 0.6872157 0.3903540 0.7330796
v 0.6907281 0.3908252 0.7304381
v 0.6849433 0.3865629 0.7330796
v 0.6861832 0.3832430 0.7304381
v 0.6896956 0.3837142 0.7277966
v 0.6919680 0.3875053 0.7277966
v 0.6801131 0.3946115 0.7243948
v 0.6836255 0.3950827 0.7217533
v 0.6778407 0.3908204 0.7243948
v 0.6790806 0.3875005 0.7217533
v 0.6825930 0.3879717 0.7191118
v 0.6848654 0.3917628 0.7191118
v 0.6813530 0.3912916 0.7217533
v 0.6839322 0.3950574 0.7220428
v 0.6803117 0.3945717 0.7247655
v 0.6808503 0.3946056 0.7259998
v 0.6849571 0.3951566 0.7229113
v 0.6779693 0.3906640 0.7247655
v 0.6781933 0.3901730 0.7259998
v 0.6792474 0.3872420 0.7220428
v 0.6796430 0.3862913 0.7229113
v 0.6828679 0.3877277 0.7193200
v 0.6837498 0.3868422 0.7198228
v 0.6852103 0.3916354 0.7193200
v 0.6864069 0.3912749 0.7198228
v 0.6832178 0.3931865 0.7288947
v 0.6873246 0.3937374 0.7258062
v 0.6805608 0.3887538 0.7288947
v 0.6820105 0.3848721 0.7258062
v 0.6861173 0.3854231 0.7227177
v 0.6887744 0.3898557 0.7227177
v 0.6838630 0.3924430 0.7291080
v 0.6874835 0.3929287 0.7263852
v 0.6815206 0.3885352 0.7291080
v 0.6827987 0.3851132 0.7263852
v 0.6864192 0.3855989 0.7236624
v 0.6887616 0.3895066 0.7236624
v 0.6816371 0.3911213 0.7221007
v 0.6805689 0.3939815 0.7243764
v 0.6835950 0.3943875 0.7221007
v 0.6786111 0.3907154 0.7243764
v 0.6796793 0.3878552 0.7221007
v 0.6827054 0.3882611 0.7198249
v 0.6846632 0.3915273 0.7198249
v 0.6818000 0.3932435 0.7258818
v 0.6848261 0.3936495 0.7236061
v 0.6798422 0.3899774 0.7258818
v 0.6809104 0.3871172 0.7236061
v 0.6839365 0.3875231 0.7213303
v 0.6858943 0.3907893 0.7213303
v 0.6828683 0.3903833 0.7236061
v 0.6749046 0.6048430 0.2854485
v 0.6766264 0.6094427 0.2890999
v 0.6717581 0.6100922 0.2854485
v 0.6797729 0.6041936 0.2890999
v 0.6780511 0.5995938 0.2854485
v 0.6731828 0.6002433 0.2817972
v 0.6700363 0.6054924 0.2817972
v 0.6803631 0.6120790 0.2851566
v 0.6749538 0.6128006 0.2810995
v 0.6838592 0.6062466 0.2851566
v 0.6819461 0.6011358 0.2810995
v 0.6765369 0.6018574 0.2770425
v 0.6730407 0.6076898 0.2770425
v 0.6867447 0.6159044 0.2773283
v 0.6813355 0.6166260 0.2732713
v 0.6902408 0.6100719 0.2773283
v 0.6883277 0.6049611 0.2732713
v 0.6829185 0.6056827 0.2692143
v 0.6794224 0.6115151 0.2692143
v 0.6896711 0.6168657 0.2724578
v 0.6853437 0.6174430 0.2692122
v 0.6924680 0.6121998 0.2724578
v 0.6909375 0.6081111 0.2692122
v 0.6866101 0.6086884 0.2659666
v 0.6838132 0.6133543 0.2659666
v 0.6893841 0.6160991 0.2718493
v 0.6858681 0.6165681 0.2692122
v 0.6916566 0.6123080 0.2718493
v 0.6904131 0.6089860 0.2692122
v 0.6868971 0.6094550 0.2665751
v 0.6846246 0.6132461 0.2665751
v 0.6822934 0.6118487 0.2805473
v 0.6787774 0.6123177 0.2779102
v 0.6845659 0.6080576 0.2805473
v 0.6833224 0.6047356 0.2779102
v 0.6798064 0.6052046 0.2752732
v 0.6775339 0.6089957 0.2752732
v 0.6810499 0.6085267 0.2779102
v 0.6789438 0.6125761 0.2776203
v 0.6825680 0.6120926 0.2803385
v 0.6834493 0.6129776 0.2798339
v 0.6793383 0.6135260 0.2767505
v 0.6849104 0.6081849 0.2803385
v 0.6861063 0.6085450 0.2798339
v 0.6836287 0.6047606 0.2776203
v 0.6846524 0.6046607 0.2767505
v 0.6800045 0.6052441 0.2749021
v 0.6805414 0.6052092 0.2736672
v 0.6776621 0.6091518 0.2749021
v 0.6778843 0.6096418 0.2736672
v 0.6858129 0.6143944 0.2769345
v 0.6817018 0.6149428 0.2738512
v 0.6884699 0.6099618 0.2769345
v 0.6870160 0.6060775 0.2738512
v 0.6829049 0.6066260 0.2707678
v 0.6802479 0.6110586 0.2707678
v 0.6861134 0.6142178 0.2759895
v 0.6824892 0.6147013 0.2732713
v 0.6884558 0.6103101 0.2759895
v 0.6871740 0.6068858 0.2732713
v 0.6835498 0.6073693 0.2705531
v 0.6812074 0.6112770 0.2705531
v 0.6813335 0.6086967 0.2775623
v 0.6824049 0.6115587 0.2798343
v 0.6793757 0.6119628 0.2775623
v 0.6843627 0.6082926 0.2798343
v 0.6832914 0.6054305 0.2775623
v 0.6802622 0.6058346 0.2752904
v 0.6783044 0.6091008 0.2752904
v 0.6836339 0.6122955 0.2783266
v 0.6806048 0.6126996 0.2760547
v 0.6855917 0.6090293 0.2783266
v 0.6845204 0.6061673 0.2760547
v 0.6814912 0.6065714 0.2737827
v 0.6795334 0.6098375 0.2737827
v 0.6825626 0.6094334 0.2760547
v 0.6751975 0.6050185 0.7142264
v 0.6703341 0.6056710 0.7178839
v 0.6720509 0.6102677 0.7142264
v 0.6734807 0.6004218 0.7178839
v 0.6783440 0.5997694 0.7142264
v 0.6800608 0.6043661 0.7105690
v 0.6769143 0.6096153 0.7105690
v 0.6733451 0.6078722 0.7226327
v 0.6752526 0.6129797 0.7185688
v 0.6768412 0.6020398 0.7226327
v 0.6822449 0.6013149 0.7185688
v 0.6841524 0.6064224 0.7145050
v 0.6806563 0.6122548 0.7145050
v 0.6797374 0.6117040 0.7304490
v 0.6816450 0.6168115 0.7263852
v 0.6832335 0.6058716 0.7304490
v 0.6886372 0.6051466 0.7263852
v 0.6905448 0.6102541 0.7223214
v 0.6870487 0.6160866 0.7223214
v 0.6841327 0.6135458 0.7336892
v 0.6856587 0.6176318 0.7304381
v 0.6869296 0.6088799 0.7336892
v 0.6912525 0.6083000 0.7304381
v 0.6927786 0.6123860 0.7271871
v 0.6899817 0.6170519 0.7271871
v 0.6849433 0.6134371 0.7330796
v 0.6861832 0.6167570 0.7304381
v 0.6872157 0.6096460 0.7330796
v 0.6907281 0.6091748 0.7304381
v 0.6919680 0.6124947 0.7277966
v 0.6896956 0.6162858 0.7277966
v 0.6778407 0.6091796 0.7243948
v 0.6790806 0.6124995 0.7217533
v 0.6801131 0.6053885 0.7243948
v 0.6836255 0.6049173 0.7217533
v 0.6848654 0.6082372 0.7191118
v 0.6825930 0.6120283 0.7191118
v 0.6813530 0.6087084 0.7217533
v 0.6792474 0.6127580 0.7220428
v 0.6779693 0.6093360 0.7247655
v 0.6781933 0.6098270 0.7259998
v 0.6796430 0.6137087 0.7229113
v 0.6803117 0.6054283 0.7247655
v 0.6808503 0.6053944 0.7259998
v 0.6839322 0.6049426 0.7220428
v 0.6849571 0.6048434 0.7229113
v 0.6852103 0.6083646 0.7193200
v 0.6864069 0.6087251 0.7198228
v 0.6828679 0.6122723 0.7193200
v 0.6837498 0.6131578 0.7198228
v 0.6805608 0.6112462 0.7288947
v 0.6820105 0.6151279 0.7258062
v 0.6832178 0.6068135 0.7288947
v 0.6873246 0.6062626 0.7258062
v 0.6887744 0.6101443 0.7227177
v 0.6861173 0.6145769 0.7227177
v 0.6815206 0.6114648 0.7291080
v 0.6827987 0.6148868 0.7263852
v 0.6838630 0.6075570 0.7291080
v 0.6874835 0.6070713 0.7263852
v 0.6887616 0.6104934 0.7236624
v 0.6864192 0.6144011 0.7236624
v 0.6816371 0.6088787 0.7221007
v 0.6786111 0.6092846 0.7243764
v 0.6796793 0.6121448 0.7221007
v 0.6805689 0.6060185 0.7243764
v 0.6835950 0.6056125 0.7221007
v 0.6846632 0.6084727 0.7198249
v 0.6827054 0.6117389 0.7198249
v 0.6798422 0.6100226 0.7258818
v 0.6809104 0.6128828 0.7236061
v 0.6818000 0.6067565 0.7258818
v 0.6848261 0.6063505 0.7236061
v 0.6858943 0.6092107 0.7213303
v 0.6839365 0.6124769 0.7213303
v 0.6828683 0.6096167 0.7236061
v 0.5496223 0.6005774 0.2347344
v 0.5939741 0.6880959 0.2916618
v 0.6346504 0.6614945 0.2916618
v 0.5711728 0.5866754 0.2347344
v 0.5254772 0.6092204 0.2347344
v 0.5482767 0.7046474 0.2916618
v 0.5000000 0.6121525 0.2347344
v 0.5000000 0.7102646 0.2916618
v 0.4745228 0.6092204 0.2347344
v 0.4517233 0.7046474 0.2916618
v 0.4503777 0.6005774 0.2347344
v 0.4060259 0.6880959 0.2916618
v 0.4288272 0.5866754 0.2347344
v 0.3653496 0.6614945 0.2916618
v 0.6259849 0.7490455 0.3850154
v 0.6803331 0.7130159 0.3850154
v 0.5647599 0.7714811 0.3850154
v 0.5000000 0.7790982 0.3850154
v 0.4352401 0.7714811 0.3850154
v 0.3740151 0.7490455 0.3850154
v 0.3196669 0.7130159 0.3850154
v 0.6385801 0.7705762 0.4997579
v 0.6981574 0.7305419 0.4997579
v 0.5712769 0.7955259 0.4997579
v 0.5000000 0.8039999 0.4997579
v 0.4287231 0.7955259 0.4997579
v 0.3614199 0.7705762 0.4997579
v 0.3018426 0.7305419 0.4997579
v 0.6260674 0.7492086 0.6145399
v 0.6804512 0.7131554 0.6145399
v 0.5648023 0.7716589 0.6145399
v 0.5000000 0.7792810 0.6145399
v 0.4351977 0.7716589 0.6145399
v 0.3739326 0.7492086 0.6145399
v 0.3195488 0.7131554 0.6145399
v 0.5941222 0.6883925 0.7080031
v 0.6348627 0.6617491 0.7080031
v 0.5483529 0.7049701 0.7080031
v 0.5000000 0.7105961 0.7080031
v 0.4516471 0.7049701 0.7080031
v 0.4058778 0.6883925 0.7080031
v 0.3651373 0.6617491 0.7080031
v 0.5498092 0.6009561 0.7650866
v 0.5714408 0.5870018 0.7650866
v 0.5255732 0.6096317 0.7650866
v 0.5000000 0.6125748 0.7650866
v 0.4744268 0.6096317 0.7650866
v 0.4501908 0.6009561 0.7650866
v 0.4285592 0.5870018 0.7650866
v 0.5676141 0.5823416 0.2479977
v 0.6280998 0.6536380 0.3017972
v 0.5894024 0.6789453 0.3017972
v 0.5471412 0.5955485 0.2479977
v 0.5459281 0.6946915 0.3017972
v 0.5242034 0.6037594 0.2479977
v 0.5000000 0.7000355 0.3017972
v 0.5000000 0.6065449 0.2479977
v 0.4540719 0.6946915 0.3017972
v 0.4757966 0.6037594 0.2479977
v 0.4105976 0.6789453 0.3017972
v 0.4528588 0.5955485 0.2479977
v 0.3719002 0.6536380 0.3017972
v 0.4323859 0.5823416 0.2479977
v 0.6717304 0.7028541 0.3905007
v 0.6199748 0.7371648 0.3905007
v 0.5616705 0.7585302 0.3905007
v 0.5000000 0.7657839 0.3905007
v 0.4383295 0.7585302 0.3905007
v 0.3800252 0.7371648 0.3905007
v 0.3282696 0.7028541 0.3905007
v 0.6887710 0.7196215 0.4997694
v 0.6320158 0.7577595 0.4997694
v 0.5679006 0.7815273 0.4997694
v 0.5000000 0.7895999 0.4997694
v 0.4320994 0.7815273 0.4997694
v 0.3679842 0.7577595 0.4997694
v 0.3112290 0.7196215 0.4997694
v 0.6718428 0.7029869 0.6090758
v 0.6200534 0.7373201 0.6090758
v 0.5617109 0.7586995 0.6090758
v 0.5000000 0.7659580 0.6090758
v 0.4382891 0.7586995 0.6090758
v 0.3799466 0.7373201 0.6090758
v 0.3281572 0.7029869 0.6090758
v 0.6283018 0.6538802 0.6978840
v 0.5895433 0.6792274 0.6978840
v 0.5460006 0.6949985 0.6978840
v 0.5000000 0.7003509 0.6978840
v 0.4539994 0.6949985 0.6978840
v 0.4104567 0.6792274 0.6978840
v 0.3716982 0.6538802 0.6978840
v 0.5678687 0.5826517 0.7518323
v 0.5473187 0.5959083 0.7518323
v 0.5242945 0.6041501 0.7518323
v 0.5000000 0.6069461 0.7518323
v 0.4757055 0.6041501 0.7518323
v 0.4526813 0.5959083 0.7518323
v 0.4321313 0.5826517 0.7518323
v 0.5432000 0.8118000 0.4456000
v 0.4568000 0.8118000 0.4456000
v 0.4568000 0.8118000 0.5544000
v 0.5432000 0.8058000 0.4456000
v 0.4568000 0.8058000 0.5544000
v 0.4568000 0.8058000 0.4456000
v 0.5432000 0.8118000 0.5544000
v 0.5432000 0.8058000 0.5544000
v 0.5241920 0.8127600 0.4695360
v 0.4758080 0.8127600 0.4695360
v 0.4758080 0.8127600 0.5304640
v 0.5241920 0.8116800 0.4695360
v 0.4758080 0.8116800 0.5304640
v 0.4758080 0.8116800 0.4695360
v 0.5241920 0.8127600 0.5304640
v 0.5241920 0.8116800 0.5304640
v 0.5304000 0.8164000 0.4652000
v 0.4696000 0.8164000 0.4652000
v 0.4696000 0.8164000 0.4708000
v 0.5304000 0.8132000 0.4652000
v 0.4696000 0.8132000 0.4708000
v 0.4696000 0.8132000 0.4652000
v 0.5304000 0.8164000 0.4708000
v 0.5304000 0.8132000 0.4708000
v 0.5304000 0.8164000 0.4812000
v 0.4696000 0.8164000 0.4812000
v 0.4696000 0.8164000 0.4868000
v 0.5304000 0.8132000 0.4812000
v 0.4696000 0.8132000 0.4868000
v 0.4696000 0.8132000 0.4812000
v 0.5304000 0.8164000 0.4868000
v 0.5304000 0.8132000 0.4868000
v 0.5304000 0.8164000 0.4972000
v 0.4696000 0.8164000 0.4972000
v 0.4696000 0.8164000 0.5028000
v 0.5304000 0.8132000 0.4972000
v 0.4696000 0.8132000 0.5028000
v 0.4696000 0.8132000 0.4972000
v 0.5304000 0.8164000 0.5028000
v 0.5304000 0.8132000 0.5028000
v 0.5304000 0.8164000 0.5132000
v 0.4696000 0.8164000 0.5132000
v 0.4696000 0.8164000 0.5188000
v 0.5304000 0.8132000 0.5132000
v 0.4696000 0.8132000 0.5188000
v 0.4696000 0.8132000 0.5132000
v 0.5304000 0.8164000 0.5188000
v 0.5304000 0.8132000 0.5188000
v 0.5304000 0.8164000 0.5292000
v 0.4696000 0.8164000 0.5292000
v 0.4696000 0.8164000 0.5348000
v 0.5304000 0.8132000 0.5292000
v 0.4696000 0.8132000 0.5348000
v 0.4696000 0.8132000 0.5292000
v 0.5304000 0.8164000 0.5348000
v 0.5304000 0.8132000 0.5348000
v 0.5000000 0.7424099 0.3192150
v 0.4787997 0.7497274 0.3290268
v 0.4755200 0.7424099 0.3192150
v 0.4877600 0.7550841 0.3362096
v 0.5000000 0.7570448 0.3388387
v 0.5122400 0.7550841 0.3362096
v 0.5212003 0.7497274 0.3290268
v 0.5244800 0.7424099 0.3192150
v 0.5212003 0.7350924 0.3094032
v 0.5122400 0.7297356 0.3022204
v 0.5000000 0.7277749 0.2995913
v 0.4877600 0.7297356 0.3022204
v 0.4787997 0.7350924 0.3094032
v 0.4764441 0.7553501 0.3265300
v 0.4728000 0.7472196 0.3156280
v 0.4864000 0.7613021 0.3345109
v 0.5000000 0.7634807 0.3374321
v 0.5136000 0.7613021 0.3345109
v 0.5235559 0.7553501 0.3265300
v 0.5272000 0.7472196 0.3156280
v 0.5235559 0.7390890 0.3047260
v 0.5136000 0.7331371 0.2967451
v 0.5000000 0.7309585 0.2938239
v 0.4864000 0.7331371 0.2967451
v 0.4764441 0.7390890 0.3047260
v 0.4764441 0.7640076 0.3200734
v 0.4728000 0.7558771 0.3091714
v 0.4864000 0.7699596 0.3280543
v 0.5000000 0.7721382 0.3309755
v 0.5136000 0.7699596 0.3280543
v 0.5235559 0.7640076 0.3200734
v 0.5272000 0.7558771 0.3091714
v 0.5235559 0.7477465 0.2982694
v 0.5136000 0.7417946 0.2902885
v 0.5000000 0.7396160 0.2873673
v 0.4864000 0.7417946 0.2902885
v 0.4764441 0.7477465 0.2982694
v 0.4811553 0.7668706 0.3145451
v 0.4782400 0.7603662 0.3058235
v 0.4891200 0.7716322 0.3209298
v 0.5000000 0.7733750 0.3232668
v 0.5108800 0.7716322 0.3209298
v 0.5188447 0.7668706 0.3145451
v 0.5217600 0.7603662 0.3058235
v 0.5188447 0.7538617 0.2971019
v 0.5108800 0.7491001 0.2907172
v 0.5000000 0.7473573 0.2883803
v 0.4891200 0.7491001 0.2907172
v 0.4811553 0.7538617 0.2971019
v 0.4846887 0.7656510 0.3129098
v 0.4823200 0.7603662 0.3058235
v 0.4911600 0.7695198 0.3180974
v 0.5000000 0.7709359 0.3199962
v 0.5088400 0.7695198 0.3180974
v 0.5153113 0.7656510 0.3129098
v 0.5176800 0.7603662 0.3058235
v 0.5153113 0.7550813 0.2987372
v 0.5088400 0.7512125 0.2935497
v 0.5000000 0.7497965 0.2916509
v 0.4911600 0.7512125 0.2935497
v 0.4846887 0.7550813 0.2987372
v 0.4846887 0.7560316 0.3200839
v 0.4823200 0.7507467 0.3129975
v 0.4911600 0.7599004 0.3252714
v 0.5000000 0.7613164 0.3271702
v 0.5088400 0.7599004 0.3252714
v 0.5153113 0.7560316 0.3200839
v 0.5176800 0.7507467 0.3129975
v 0.5153113 0.7454619 0.3059112
v 0.5088400 0.7415931 0.3007237
v 0.5000000 0.7401770 0.2988249
v 0.4911600 0.7415931 0.3007237
v 0.4846887 0.7454619 0.3059112
v 0.5000000 0.7507467 0.3129975
v 0.4817760 0.7510674 0.3127584
v 0.4842176 0.7565148 0.3200628
v 0.4820975 0.7582085 0.3203265
v 0.4793280 0.7520293 0.3120410
v 0.4908880 0.7605026 0.3254099
v 0.4896640 0.7627320 0.3263920
v 0.5000000 0.7619623 0.3273671
v 0.5000000 0.7643877 0.3286121
v 0.5091120 0.7605026 0.3254099
v 0.5103360 0.7627320 0.3263920
v 0.5157824 0.7565148 0.3200628
v 0.5179025 0.7582085 0.3203265
v 0.5182240 0.7510674 0.3127584
v 0.5206720 0.7520293 0.3120410
v 0.5157824 0.7456199 0.3054540
v 0.5179025 0.7458501 0.3037555
v 0.5091120 0.7416321 0.3001069
v 0.5103360 0.7413266 0.2976900
v 0.5000000 0.7401724 0.2981497
v 0.5000000 0.7396709 0.2954699
v 0.4908880 0.7416321 0.3001069
v 0.4896640 0.7413266 0.2976900
v 0.4842176 0.7456199 0.3054540
v 0.4820975 0.7458501 0.3037555
v 0.4820975 0.7614150 0.3179352
v 0.4793280 0.7552358 0.3096497
v 0.4896640 0.7659385 0.3240006
v 0.5000000 0.7675942 0.3262207
v 0.5103360 0.7659385 0.3240006
v 0.5179025 0.7614150 0.3179352
v 0.5206720 0.7552358 0.3096497
v 0.5179025 0.7490566 0.3013641
v 0.5103360 0.7445331 0.2952987
v 0.5000000 0.7428774 0.2930786
v 0.4896640 0.7445331 0.2952987
v 0.4820975 0.7490566 0.3013641
v 0.4842176 0.7613245 0.3164758
v 0.4817760 0.7558771 0.3091714
v 0.4908880 0.7653124 0.3218229
v 0.5000000 0.7667720 0.3237801
v 0.5091120 0.7653124 0.3218229
v 0.5157824 0.7613245 0.3164758
v 0.5182240 0.7558771 0.3091714
v 0.5157824 0.7504296 0.3018670
v 0.5091120 0.7464418 0.2965199
v 0.5000000 0.7449822 0.2945627
v 0.4908880 0.7464418 0.2965199
v 0.4842176 0.7504296 0.3018670
v 0.5000000 0.7511315 0.3127106
v 0.4868087 0.7556846 0.3188157
v 0.4847680 0.7511315 0.3127106
v 0.4923840 0.7590177 0.3232850
v 0.5000000 0.7602377 0.3249208
v 0.5076160 0.7590177 0.3232850
v 0.5131913 0.7556846 0.3188157
v 0.5152320 0.7511315 0.3127106
v 0.5131913 0.7465784 0.3066054
v 0.5076160 0.7432453 0.3021362
v 0.5000000 0.7420253 0.3005003
v 0.4923840 0.7432453 0.3021362
v 0.4868087 0.7465784 0.3066054
v 0.4868087 0.7573520 0.3175722
v 0.4847680 0.7527989 0.3114671
v 0.4923840 0.7606851 0.3220415
v 0.5000000 0.7619051 0.3236774
v 0.5076160 0.7606851 0.3220415
v 0.5131913 0.7573520 0.3175722
v 0.5152320 0.7527989 0.3114671
v 0.5131913 0.7482458 0.3053619
v 0.5076160 0.7449127 0.3008927
v 0.5000000 0.7436927 0.2992568
v 0.4923840 0.7449127 0.3008927
v 0.4868087 0.7482458 0.3053619
v 0.5000000 0.7527989 0.3114671
v 0.3833799 0.7677176 0.3958108
v 0.3731995 0.7630487 0.3958108
v 0.3687634 0.7727214 0.4327068
v 0.3857832 0.7624774 0.3974735
v 0.3711667 0.7674812 0.4343696
v 0.3756028 0.7578085 0.3974735
v 0.3789438 0.7773903 0.4327068
v 0.3813471 0.7721501 0.4343696
v 0.3797798 0.7696569 0.4036619
v 0.3740787 0.7670423 0.4036619
v 0.3715945 0.7724590 0.4243237
v 0.3802124 0.7687136 0.4039612
v 0.3720271 0.7715157 0.4246230
v 0.3745113 0.7660990 0.4039612
v 0.3772955 0.7750736 0.4243237
v 0.3777281 0.7741304 0.4246230
v 0.5000000 0.7444893 0.6779627
v 0.4787997 0.7372861 0.6878587
v 0.4755200 0.7444893 0.6779627
v 0.4877600 0.7320129 0.6951031
v 0.5000000 0.7300828 0.6977547
v 0.5122400 0.7320129 0.6951031
v 0.5212003 0.7372861 0.6878587
v 0.5244800 0.7444893 0.6779627
v 0.5212003 0.7516926 0.6680667
v 0.5122400 0.7569657 0.6608224
v 0.5000000 0.7588958 0.6581707
v 0.4877600 0.7569657 0.6608224
v 0.4787997 0.7516926 0.6680667
v 0.4764441 0.7413367 0.6924893
v 0.4728000 0.7493403 0.6814937
v 0.4864000 0.7354776 0.7005386
v 0.5000000 0.7333331 0.7034848
v 0.5136000 0.7354776 0.7005386
v 0.5235559 0.7413367 0.6924893
v 0.5272000 0.7493403 0.6814937
v 0.5235559 0.7573439 0.6704982
v 0.5136000 0.7632030 0.6624489
v 0.5000000 0.7653475 0.6595026
v 0.4864000 0.7632030 0.6624489
v 0.4764441 0.7573439 0.6704982
v 0.4764441 0.7500684 0.6988451
v 0.4728000 0.7580721 0.6878496
v 0.4864000 0.7442094 0.7068944
v 0.5000000 0.7420648 0.7098407
v 0.5136000 0.7442094 0.7068944
v 0.5235559 0.7500684 0.6988451
v 0.5272000 0.7580721 0.6878496
v 0.5235559 0.7660757 0.6768540
v 0.5136000 0.7719347 0.6688047
v 0.5000000 0.7740793 0.6658585
v 0.4864000 0.7719347 0.6688047
v 0.4764441 0.7660757 0.6768540
v 0.4811553 0.7561967 0.6999416
v 0.4782400 0.7625996 0.6911452
v 0.4891200 0.7515095 0.7063810
v 0.5000000 0.7497938 0.7087380
v 0.5108800 0.7515095 0.7063810
v 0.5188447 0.7561967 0.6999416
v 0.5217600 0.7625996 0.6911452
v 0.5188447 0.7690025 0.6823487
v 0.5108800 0.7736898 0.6759093
v 0.5000000 0.7754054 0.6735523
v 0.4891200 0.7736898 0.6759093
v 0.4811553 0.7690025 0.6823487
v 0.4846887 0.7573973 0.6982923
v 0.4823200 0.7625996 0.6911452
v 0.4911600 0.7535889 0.7035243
v 0.5000000 0.7521949 0.7054394
v 0.5088400 0.7535889 0.7035243
v 0.5153113 0.7573973 0.6982923
v 0.5176800 0.7625996 0.6911452
v 0.5153113 0.7678020 0.6839981
v 0.5088400 0.7716104 0.6787660
v 0.5000000 0.7730043 0.6768509
v 0.4911600 0.7716104 0.6787660
v 0.4846887 0.7678020 0.6839981
v 0.4846887 0.7476953 0.6912303
v 0.4823200 0.7528977 0.6840831
v 0.4911600 0.7438869 0.6964623
v 0.5000000 0.7424930 0.6983774
v 0.5088400 0.7438869 0.6964623
v 0.5153113 0.7476953 0.6912303
v 0.5176800 0.7528977 0.6840831
v 0.5153113 0.7581000 0.6769360
v 0.5088400 0.7619084 0.6717040
v 0.5000000 0.7633024 0.6697889
v 0.4911600 0.7619084 0.6717040
v 0.4846887 0.7581000 0.6769360
v 0.5000000 0.7528977 0.6840831
v 0.4817760 0.7532211 0.6843185
v 0.4842176 0.7478587 0.6916856
v 0.4820975 0.7481085 0.6933814
v 0.4793280 0.7541913 0.6850248
v 0.4908880 0.7439331 0.6970786
v 0.4896640 0.7436556 0.6994988
v 0.5000000 0.7424962 0.6990526
v 0.5000000 0.7420258 0.7017380
v 0.5091120 0.7439331 0.6970786
v 0.5103360 0.7436556 0.6994988
v 0.5157824 0.7478587 0.6916856
v 0.5179025 0.7481085 0.6933814
v 0.5182240 0.7532211 0.6843185
v 0.5206720 0.7541913 0.6850248
v 0.5157824 0.7585835 0.6769515
v 0.5179025 0.7602740 0.6766681
v 0.5091120 0.7625091 0.6715585
v 0.5103360 0.7647269 0.6705507
v 0.5000000 0.7639459 0.6695845
v 0.5000000 0.7663568 0.6683115
v 0.4908880 0.7625091 0.6715585
v 0.4896640 0.7647269 0.6705507
v 0.4842176 0.7585835 0.6769515
v 0.4820975 0.7602740 0.6766681
v 0.4820975 0.7513425 0.6957354
v 0.4793280 0.7574253 0.6873788
v 0.4896640 0.7468896 0.7018528
v 0.5000000 0.7452598 0.7040920
v 0.5103360 0.7468896 0.7018528
v 0.5179025 0.7513425 0.6957354
v 0.5206720 0.7574253 0.6873788
v 0.5179025 0.7635080 0.6790221
v 0.5103360 0.7679609 0.6729047
v 0.5000000 0.7695908 0.6706655
v 0.4896640 0.7679609 0.6729047
v 0.4820975 0.7635080 0.6790221
v 0.4842176 0.7527096 0.6952166
v 0.4817760 0.7580721 0.6878496
v 0.4908880 0.7487841 0.7006096
v 0.5000000 0.7473472 0.7025836
v 0.5091120 0.7487841 0.7006096
v 0.5157824 0.7527096 0.6952166
v 0.5182240 0.7580721 0.6878496
v 0.5157824 0.7634345 0.6804825
v 0.5091120 0.7673600 0.6750895
v 0.5000000 0.7687969 0.6731155
v 0.4908880 0.7673600 0.6750895
v 0.4842176 0.7634345 0.6804825
v 0.5000000 0.7532858 0.6843656
v 0.4868087 0.7488037 0.6905231
v 0.4847680 0.7532858 0.6843656
v 0.4923840 0.7455227 0.6950307
v 0.5000000 0.7443217 0.6966806
v 0.5076160 0.7455227 0.6950307
v 0.5131913 0.7488037 0.6905231
v 0.5152320 0.7532858 0.6843656
v 0.5131913 0.7577678 0.6782081
v 0.5076160 0.7610488 0.6737005
v 0.5000000 0.7622498 0.6720506
v 0.4923840 0.7610488 0.6737005
v 0.4868087 0.7577678 0.6782081
v 0.4868087 0.7504854 0.6917472
v 0.4847680 0.7549674 0.6855897
v 0.4923840 0.7472043 0.6962548
v 0.5000000 0.7460034 0.6979047
v 0.5076160 0.7472043 0.6962548
v 0.5131913 0.7504854 0.6917472
v 0.5152320 0.7549674 0.6855897
v 0.5131913 0.7594495 0.6794322
v 0.5076160 0.7627305 0.6749246
v 0.5000000 0.7639315 0.6732747
v 0.4923840 0.7627305 0.6749246
v 0.4868087 0.7594495 0.6794322
v 0.5000000 0.7549674 0.6855897
v 0.3788993 0.7774874 0.5668111
v 0.3687189 0.7728184 0.5668111
v 0.3731305 0.7631992 0.6037241
v 0.3813037 0.7722448 0.5651576
v 0.3755349 0.7579566 0.6020706
v 0.3711232 0.7675758 0.5651576
v 0.3833109 0.7678681 0.6037241
v 0.3857153 0.7626255 0.6020706
v 0.3772455 0.7751828 0.5751966
v 0.3715444 0.7725682 0.5751966
v 0.3740149 0.7671814 0.5958678
v 0.3776782 0.7742391 0.5748989
v 0.3744477 0.7662377 0.5955702
v 0.3719772 0.7716245 0.5748989
v 0.3797160 0.7697960 0.5958678
v 0.3801487 0.7688523 0.5955702
v 0.6048430 0.6749046 0.2854485
v 0.6041936 0.6797729 0.2890999
v 0.5995938 0.6780511 0.2854485
v 0.6094427 0.6766264 0.2890999
v 0.6100922 0.6717581 0.2854485
v 0.6054924 0.6700363 0.2817972
v 0.6002433 0.6731828 0.2817972
v 0.6062466 0.6838592 0.2851566
v 0.6011358 0.6819461 0.2810995
v 0.6120790 0.6803631 0.2851566
v 0.6128006 0.6749538 0.2810995
v 0.6076898 0.6730407 0.2770425
v 0.6018574 0.6765369 0.2770425
v 0.6100719 0.6902408 0.2773283
v 0.6049611 0.6883277 0.2732713
v 0.6159044 0.6867447 0.2773283
v 0.6166260 0.6813355 0.2732713
v 0.6115151 0.6794224 0.2692143
v 0.6056827 0.6829185 0.2692143
v 0.6121998 0.6924680 0.2724578
v 0.6081111 0.6909375 0.2692122
v 0.6168657 0.6896711 0.2724578
v 0.6174430 0.6853437 0.2692122
v 0.6133543 0.6838132 0.2659666
v 0.6086884 0.6866101 0.2659666
v 0.6123080 0.6916566 0.2718493
v 0.6089860 0.6904131 0.2692122
v 0.6160991 0.6893841 0.2718493
v 0.6165681 0.6858681 0.2692122
v 0.6132461 0.6846246 0.2665751
v 0.6094550 0.6868971 0.2665751
v 0.6080576 0.6845659 0.2805473
v 0.6047356 0.6833224 0.2779102
v 0.6118487 0.6822934 0.2805473
v 0.6123177 0.6787774 0.2779102
v 0.6089957 0.6775339 0.2752732
v 0.6052046 0.6798064 0.2752732
v 0.6085267 0.6810499 0.2779102
v 0.6047606 0.6836287 0.2776203
v 0.6081849 0.6849104 0.2803385
v 0.6085450 0.6861063 0.2798339
v 0.6046607 0.6846524 0.2767505
v 0.6120926 0.6825680 0.2803385
v 0.6129776 0.6834493 0.2798339
v 0.6125761 0.6789438 0.2776203
v 0.6135260 0.6793383 0.2767505
v 0.6091518 0.6776621 0.2749021
v 0.6096418 0.6778843 0.2736672
v 0.6052441 0.6800045 0.2749021
v 0.6052092 0.6805414 0.2736672
v 0.6099618 0.6884699 0.2769345
v 0.6060775 0.6870160 0.2738512
v 0.6143944 0.6858129 0.2769345
v 0.6149428 0.6817018 0.2738512
v 0.6110586 0.6802479 0.2707678
v 0.6066260 0.6829049 0.2707678
v 0.6103101 0.6884558 0.2759895
v 0.6068858 0.6871740 0.2732713
v 0.6142178 0.6861134 0.2759895
v 0.6147013 0.6824892 0.2732713
v 0.6112770 0.6812074 0.2705531
v 0.6073693 0.6835498 0.2705531
v 0.6086967 0.6813335 0.2775623
v 0.6082926 0.6843627 0.2798343
v 0.6054305 0.6832914 0.2775623
v 0.6115587 0.6824049 0.2798343
v 0.6119628 0.6793757 0.2775623
v 0.6091008 0.6783044 0.2752904
v 0.6058346 0.6802622 0.2752904
v 0.6090293 0.6855917 0.2783266
v 0.6061673 0.6845204 0.2760547
v 0.6122955 0.6836339 0.2783266
v 0.6126996 0.6806048 0.2760547
v 0.6098375 0.6795334 0.2737827
v 0.6065714 0.6814912 0.2737827
v 0.6094334 0.6825626 0.2760547
v 0.6050185 0.6751975 0.7142264
v 0.6004218 0.6734807 0.7178839
v 0.5997694 0.6783440 0.7142264
v 0.6056710 0.6703341 0.7178839
v 0.6102677 0.6720509 0.7142264
v 0.6096153 0.6769143 0.7105690
v 0.6043661 0.6800608 0.7105690
v 0.6020398 0.6768412 0.7226327
v 0.6013149 0.6822449 0.7185688
v 0.6078722 0.6733451 0.7226327
v 0.6129797 0.6752526 0.7185688
v 0.6122548 0.6806563 0.7145050
v 0.6064224 0.6841524 0.7145050
v 0.6058716 0.6832335 0.7304490
v 0.6051466 0.6886372 0.7263852
v 0.6117040 0.6797374 0.7304490
v 0.6168115 0.6816450 0.7263852
v 0.6160866 0.6870487 0.7223214
v 0.6102541 0.6905448 0.7223214
v 0.6088799 0.6869296 0.7336892
v 0.6083000 0.6912525 0.7304381
v 0.6135458 0.6841327 0.7336892
v 0.6176318 0.6856587 0.7304381
v 0.6170519 0.6899817 0.7271871
v 0.6123860 0.6927786 0.7271871
v 0.6096460 0.6872157 0.7330796
v 0.6091748 0.6907281 0.7304381
v 0.6134371 0.6849433 0.7330796
v 0.6167570 0.6861832 0.7304381
v 0.6162858 0.6896956 0.7277966
v 0.6124947 0.6919680 0.7277966
v 0.6053885 0.6801131 0.7243948
v 0.6049173 0.6836255 0.7217533
v 0.6091796 0.6778407 0.7243948
v 0.6124995 0.6790806 0.7217533
v 0.6120283 0.6825930 0.7191118
v 0.6082372 0.6848654 0.7191118
v 0.6087084 0.6813530 0.7217533
v 0.6049426 0.6839322 0.7220428
v 0.6054283 0.6803117 0.7247655
v 0.6053944 0.6808503 0.7259998
v 0.6048434 0.6849571 0.7229113
v 0.6093360 0.6779693 0.7247655
v 0.6098270 0.6781933 0.7259998
v 0.6127580 0.6792474 0.7220428
v 0.6137087 0.6796430 0.7229113
v 0.6122723 0.6828679 0.7193200
v 0.6131578 0.6837498 0.7198228
v 0.6083646 0.6852103 0.7193200
v 0.6087251 0.6864069 0.7198228
v 0.6068135 0.6832178 0.7288947
v 0.6062626 0.6873246 0.7258062
v 0.6112462 0.6805608 0.7288947
v 0.6151279 0.6820105 0.7258062
v 0.6145769 0.6861173 0.7227177
v 0.6101443 0.6887744 0.7227177
v 0.6075570 0.6838630 0.7291080
v 0.6070713 0.6874835 0.7263852
v 0.6114648 0.6815206 0.7291080
v 0.6148868 0.6827987 0.7263852
v 0.6144011 0.6864192 0.7236624
v 0.6104934 0.6887616 0.7236624
v 0.6088787 0.6816371 0.7221007
v 0.6060185 0.6805689 0.7243764
v 0.6056125 0.6835950 0.7221007
v 0.6092846 0.6786111 0.7243764
v 0.6121448 0.6796793 0.7221007
v 0.6117389 0.6827054 0.7198249
v 0.6084727 0.6846632 0.7198249
v 0.6067565 0.6818000 0.7258818
v 0.6063505 0.6848261 0.7236061
v 0.6100226 0.6798422 0.7258818
v 0.6128828 0.6809104 0.7236061
v 0.6124769 0.6839365 0.7213303
v 0.6092107 0.6858943 0.7213303
v 0.6096167 0.6828683 0.7236061
v 0.3951570 0.6749046 0.2854485
v 0.3905573 0.6766264 0.2890999
v 0.3899078 0.6717581 0.2854485
v 0.3958064 0.6797729 0.2890999
v 0.4004062 0.6780511 0.2854485
v 0.3997567 0.6731828 0.2817972
v 0.3945076 0.6700363 0.2817972
v 0.3879210 0.6803631 0.2851566
v 0.3871994 0.6749538 0.2810995
v 0.3937534 0.6838592 0.2851566
v 0.3988642 0.6819461 0.2810995
v 0.3981426 0.6765369 0.2770425
v 0.3923102 0.6730407 0.2770425
v 0.3840956 0.6867447 0.2773283
v 0.3833740 0.6813355 0.2732713
v 0.3899281 0.6902408 0.2773283
v 0.3950389 0.6883277 0.2732713
v 0.3943173 0.6829185 0.2692143
v 0.3884849 0.6794224 0.2692143
v 0.3831343 0.6896711 0.2724578
v 0.3825570 0.6853437 0.2692122
v 0.3878002 0.6924680 0.2724578
v 0.3918889 0.6909375 0.2692122
v 0.3913116 0.6866101 0.2659666
v 0.3866457 0.6838132 0.2659666
v 0.3839009 0.6893841 0.2718493
v 0.3834319 0.6858681 0.2692122
v 0.3876920 0.6916566 0.2718493
v 0.3910140 0.6904131 0.2692122
v 0.3905450 0.6868971 0.2665751
v 0.3867539 0.6846246 0.2665751
v 0.3881513 0.6822934 0.2805473
v 0.3876823 0.6787774 0.2779102
v 0.3919424 0.6845659 0.2805473
v 0.3952644 0.6833224 0.2779102
v 0.3947954 0.6798064 0.2752732
v 0.3910043 0.6775339 0.2752732
v 0.3914733 0.6810499 0.2779102
v 0.3874239 0.6789438 0.2776203
v 0.3879074 0.6825680 0.2803385
v 0.3870224 0.6834493 0.2798339
v 0.3864740 0.6793383 0.2767505
v 0.3918151 0.6849104 0.2803385
v 0.3914550 0.6861063 0.2798339
v 0.3952394 0.6836287 0.2776203
v 0.3953393 0.6846524 0.2767505
v 0.3947559 0.6800045 0.2749021
v 0.3947908 0.6805414 0.2736672
v 0.3908482 0.6776621 0.2749021
v 0.3903582 0.6778843 0.2736672
v 0.3856056 0.6858129 0.2769345
v 0.3850572 0.6817018 0.2738512
v 0.3900382 0.6884699 0.2769345
v 0.3939225 0.6870160 0.2738512
v 0.3933740 0.6829049 0.2707678
v 0.3889414 0.6802479 0.2707678
v 0.3857822 0.6861134 0.2759895
v 0.3852987 0.6824892 0.2732713
v 0.3896899 0.6884558 0.2759895
v 0.3931142 0.6871740 0.2732713
v 0.3926307 0.6835498 0.2705531
v 0.3887230 0.6812074 0.2705531
v 0.3913033 0.6813335 0.2775623
v 0.3884413 0.6824049 0.2798343
v 0.3880372 0.6793757 0.2775623
v 0.3917074 0.6843627 0.2798343
v 0.3945695 0.6832914 0.2775623
v 0.3941654 0.6802622 0.2752904
v 0.3908992 0.6783044 0.2752904
v 0.3877045 0.6836339 0.2783266
v 0.3873004 0.6806048 0.2760547
v 0.3909707 0.6855917 0.2783266
v 0.3938327 0.6845204 0.2760547
v 0.3934286 0.6814912 0.2737827
v 0.3901625 0.6795334 0.2737827
v 0.3905666 0.6825626 0.2760547
v 0.3949815 0.6751975 0.7142264
v 0.3943290 0.6703341 0.7178839
v 0.3897323 0.6720509 0.7142264
v 0.3995782 0.6734807 0.7178839
v 0.4002306 0.6783440 0.7142264
v 0.3956339 0.6800608 0.7105690
v 0.3903847 0.6769143 0.7105690
v 0.3921278 0.6733451 0.7226327
v 0.3870203 0.6752526 0.7185688
v 0.3979602 0.6768412 0.7226327
v 0.3986851 0.6822449 0.7185688
v 0.3935776 0.6841524 0.7145050
v 0.3877452 0.6806563 0.7145050
v 0.3882960 0.6797374 0.7304490
v 0.3831885 0.6816450 0.7263852
v 0.3941284 0.6832335 0.7304490
v 0.3948534 0.6886372 0.7263852
v 0.3897459 0.6905448 0.7223214
v 0.3839134 0.6870487 0.7223214
v 0.3864542 0.6841327 0.7336892
v 0.3823682 0.6856587 0.7304381
v 0.3911201 0.6869296 0.7336892
v 0.3917000 0.6912525 0.7304381
v 0.3876140 0.6927786 0.7271871
v 0.3829481 0.6899817 0.7271871
v 0.3865629 0.6849433 0.7330796
v 0.3832430 0.6861832 0.7304381
v 0.3903540 0.6872157 0.7330796
v 0.3908252 0.6907281 0.7304381
v 0.3875053 0.6919680 0.7277966
v 0.3837142 0.6896956 0.7277966
v 0.3908204 0.6778407 0.7243948
v 0.3875005 0.6790806 0.7217533
v 0.3946115 0.6801131 0.7243948
v 0.3950827 0.6836255 0.7217533
v 0.3917628 0.6848654 0.7191118
v 0.3879717 0.6825930 0.7191118
v 0.3912916 0.6813530 0.7217533
v 0.3872420 0.6792474 0.7220428
v 0.3906640 0.6779693 0.7247655
v 0.3901730 0.6781933 0.7259998
v 0.3862913 0.6796430 0.7229113
v 0.3945717 0.6803117 0.7247655
v 0.3946056 0.6808503 0.7259998
v 0.3950574 0.6839322 0.7220428
v 0.3951566 0.6849571 0.7229113
v 0.3916354 0.6852103 0.7193200
v 0.3912749 0.6864069 0.7198228
v 0.3877277 0.6828679 0.7193200
v 0.3868422 0.6837498 0.7198228
v 0.3887538 0.6805608 0.7288947
v 0.3848721 0.6820105 0.7258062
v 0.3931865 0.6832178 0.7288947
v 0.3937374 0.6873246 0.7258062
v 0.3898557 0.6887744 0.7227177
v 0.3854231 0.6861173 0.7227177
v 0.3885352 0.6815206 0.7291080
v 0.3851132 0.6827987 0.7263852
v 0.3924430 0.6838630 0.7291080
v 0.3929287 0.6874835 0.7263852
v 0.3895066 0.6887616 0.7236624
v 0.3855989 0.6864192 0.7236624
v 0.3911213 0.6816371 0.7221007
v 0.3907154 0.6786111 0.7243764
v 0.3878552 0.6796793 0.7221007
v 0.3939815 0.6805689 0.7243764
v 0.3943875 0.6835950 0.7221007
v 0.3915273 0.6846632 0.7198249
v 0.3882611 0.6827054 0.7198249
v 0.3899774 0.6798422 0.7258818
v 0.3871172 0.6809104 0.7236061
v 0.3932435 0.6818000 0.7258818
v 0.3936495 0.6848261 0.7236061
v 0.3907893 0.6858943 0.7213303
v 0.3875231 0.6839365 0.7213303
v 0.3903833 0.6828683 0.7236061
v 0.3994226 0.5496223 0.2347344
v 0.3119041 0.5939741 0.2916618
v 0.3385055 0.6346504 0.2916618
v 0.4133246 0.5711728 0.2347344
v 0.3907796 0.5254772 0.2347344
v 0.2953526 0.5482767 0.2916618
v 0.3878475 0.5000000 0.2347344
v 0.2897354 0.5000000 0.2916618
v 0.3907796 0.4745228 0.2347344
v 0.2953526 0.4517233 0.2916618
v 0.3994226 0.4503777 0.2347344
v 0.3119041 0.4060259 0.2916618
v 0.4133246 0.4288272 0.2347344
v 0.3385055 0.3653496 0.2916618
v 0.2509545 0.6259849 0.3850154
v 0.2869841 0.6803331 0.3850154
v 0.2285189 0.5647599 0.3850154
v 0.2209018 0.5000000 0.3850154
v 0.2285189 0.4352401 0.3850154
v 0.2509545 0.3740151 0.3850154
v 0.2869841 0.3196669 0.3850154
v 0.2294238 0.6385801 0.4997579
v 0.2694581 0.6981574 0.4997579
v 0.2044741 0.5712769 0.4997579
v 0.1960001 0.5000000 0.4997579
v 0.2044741 0.4287231 0.4997579
v 0.2294238 0.3614199 0.4997579
v 0.2694581 0.3018426 0.4997579
v 0.2507914 0.6260674 0.6145399
v 0.2868446 0.6804512 0.6145399
v 0.2283411 0.5648023 0.6145399
v 0.2207190 0.5000000 0.6145399
v 0.2283411 0.4351977 0.6145399
v 0.2507914 0.3739326 0.6145399
v 0.2868446 0.3195488 0.6145399
v 0.3116075 0.5941222 0.7080031
v 0.3382509 0.6348627 0.7080031
v 0.2950299 0.5483529 0.7080031
v 0.2894039 0.5000000 0.7080031
v 0.2950299 0.4516471 0.7080031
v 0.3116075 0.4058778 0.7080031
v 0.3382509 0.3651373 0.7080031
v 0.3990439 0.5498092 0.7650866
v 0.4129982 0.5714408 0.7650866
v 0.3903683 0.5255732 0.7650866
v 0.3874252 0.5000000 0.7650866
v 0.3903683 0.4744268 0.7650866
v 0.3990439 0.4501908 0.7650866
v 0.4129982 0.4285592 0.7650866
v 0.4176584 0.5676141 0.2479977
v 0.3463620 0.6280998 0.3017972
v 0.3210547 0.5894024 0.3017972
v 0.4044515 0.5471412 0.2479977
v 0.3053085 0.5459281 0.3017972
v 0.3962406 0.5242034 0.2479977
v 0.2999645 0.5000000 0.3017972
v 0.3934551 0.5000000 0.2479977
v 0.3053085 0.4540719 0.3017972
v 0.3962406 0.4757966 0.2479977
v 0.3210547 0.4105976 0.3017972
v 0.4044515 0.4528588 0.2479977
v 0.3463620 0.3719002 0.3017972
v 0.4176584 0.4323859 0.2479977
v 0.2971459 0.6717304 0.3905007
v 0.2628352 0.6199748 0.3905007
v 0.2414698 0.5616705 0.3905007
v 0.2342161 0.5000000 0.3905007
v 0.2414698 0.4383295 0.3905007
v 0.2628352 0.3800252 0.3905007
v 0.2971459 0.3282696 0.3905007
v 0.2803785 0.6887710 0.4997694
v 0.2422405 0.6320158 0.4997694
v 0.2184727 0.5679006 0.4997694
v 0.2104001 0.5000000 0.4997694
v 0.2184727 0.4320994 0.4997694
v 0.2422405 0.3679842 0.4997694
v 0.2803785 0.3112290 0.4997694
v 0.2970131 0.6718428 0.6090758
v 0.2626799 0.6200534 0.6090758
v 0.2413005 0.5617109 0.6090758
v 0.2340420 0.5000000 0.6090758
v 0.2413005 0.4382891 0.6090758
v 0.2626799 0.3799466 0.6090758
v 0.2970131 0.3281572 0.6090758
v 0.3461198 0.6283018 0.6978840
v 0.3207726 0.5895433 0.6978840
v 0.3050015 0.5460006 0.6978840
v 0.2996491 0.5000000 0.6978840
v 0.3050015 0.4539994 0.6978840
v 0.3207726 0.4104567 0.6978840
v 0.3461198 0.3716982 0.6978840
v 0.4173483 0.5678687 0.7518323
v 0.4040917 0.5473187 0.7518323
v 0.3958499 0.5242945 0.7518323
v 0.3930539 0.5000000 0.7518323
v 0.3958499 0.4757055 0.7518323
v 0.4040917 0.4526813 0.7518323
v 0.4173483 0.4321313 0.7518323
v 0.1882000 0.5432000 0.4456000
v 0.1882000 0.4568000 0.4456000
v 0.1882000 0.4568000 0.5544000
v 0.1942000 0.5432000 0.4456000
v 0.1942000 0.4568000 0.5544000
v 0.1942000 0.4568000 0.4456000
v 0.1882000 0.5432000 0.5544000
v 0.1942000 0.5432000 0.5544000
v 0.1872400 0.5241920 0.4695360
v 0.1872400 0.4758080 0.4695360
v 0.1872400 0.4758080 0.5304640
v 0.1883200 0.5241920 0.4695360
v 0.1883200 0.4758080 0.5304640
v 0.1883200 0.4758080 0.4695360
v 0.1872400 0.5241920 0.5304640
v 0.1883200 0.5241920 0.5304640
v 0.1836000 0.5304000 0.4652000
v 0.1836000 0.4696000 0.4652000
v 0.1836000 0.4696000 0.4708000
v 0.1868000 0.5304000 0.4652000
v 0.1868000 0.4696000 0.4708000
v 0.1868000 0.4696000 0.4652000
v 0.1836000 0.5304000 0.4708000
v 0.1868000 0.5304000 0.4708000
v 0.1836000 0.5304000 0.4812000
v 0.1836000 0.4696000 0.4812000
v 0.1836000 0.4696000 0.4868000
v 0.1868000 0.5304000 0.4812000
v 0.1868000 0.4696000 0.4868000
v 0.1868000 0.4696000 0.4812000
v 0.1836000 0.5304000 0.4868000
v 0.1868000 0.5304000 0.4868000
v 0.1836000 0.5304000 0.4972000
v 0.1836000 0.4696000 0.4972000
v 0.1836000 0.4696000 0.5028000
v 0.1868000 0.5304000 0.4972000
v 0.1868000 0.4696000 0.5028000
v 0.1868000 0.4696000 0.4972000
v 0.1836000 0.5304000 0.5028000
v 0.1868000 0.5304000 0.5028000
v 0.1836000 0.5304000 0.5132000
v 0.1836000 0.4696000 0.5132000
v 0.1836000 0.4696000 0.5188000
v 0.1868000 0.5304000 0.5132000
v 0.1868000 0.4696000 0.5188000
v 0.1868000 0.4696000 0.5132000
v 0.1836000 0.5304000 0.5188000
v 0.1868000 0.5304000 0.5188000
v 0.1836000 0.5304000 0.5292000
v 0.1836000 0.4696000 0.5292000
v 0.1836000 0.4696000 0.5348000
v 0.1868000 0.5304000 0.5292000
v 0.1868000 0.4696000 0.5348000
v 0.1868000 0.4696000 0.5292000
v 0.1836000 0.5304000 0.5348000
v 0.1868000 0.5304000 0.5348000
v 0.2575901 0.5000000 0.3192150
v 0.2502726 0.4787997 0.3290268
v 0.2575901 0.4755200 0.3192150
v 0.2449159 0.4877600 0.3362096
v 0.2429552 0.5000000 0.3388387
v 0.2449159 0.5122400 0.3362096
v 0.2502726 0.5212003 0.3290268
v 0.2575901 0.5244800 0.3192150
v 0.2649076 0.5212003 0.3094032
v 0.2702644 0.5122400 0.3022204
v 0.2722251 0.5000000 0.2995913
v 0.2702644 0.4877600 0.3022204
v 0.2649076 0.4787997 0.3094032
v 0.2446499 0.4764441 0.3265300
v 0.2527804 0.4728000 0.3156280
v 0.2386979 0.4864000 0.3345109
v 0.2365193 0.5000000 0.3374321
v 0.2386979 0.5136000 0.3345109
v 0.2446499 0.5235559 0.3265300
v 0.2527804 0.5272000 0.3156280
v 0.2609110 0.5235559 0.3047260
v 0.2668629 0.5136000 0.2967451
v 0.2690415 0.5000000 0.2938239
v 0.2668629 0.4864000 0.2967451
v 0.2609110 0.4764441 0.3047260
v 0.2359924 0.4764441 0.3200734
v 0.2441229 0.4728000 0.3091714
v 0.2300404 0.4864000 0.3280543
v 0.2278618 0.5000000 0.3309755
v 0.2300404 0.5136000 0.3280543
v 0.2359924 0.5235559 0.3200734
v 0.2441229 0.5272000 0.3091714
v 0.2522535 0.5235559 0.2982694
v 0.2582054 0.5136000 0.2902885
v 0.2603840 0.5000000 0.2873673
v 0.2582054 0.4864000 0.2902885
v 0.2522535 0.4764441 0.2982694
v 0.2331294 0.4811553 0.3145451
v 0.2396338 0.4782400 0.3058235
v 0.2283678 0.4891200 0.3209298
v 0.2266250 0.5000000 0.3232668
v 0.2283678 0.5108800 0.3209298
v 0.2331294 0.5188447 0.3145451
v 0.2396338 0.5217600 0.3058235
v 0.2461383 0.5188447 0.2971019
v 0.2508999 0.5108800 0.2907172
v 0.2526427 0.5000000 0.2883803
v 0.2508999 0.4891200 0.2907172
v 0.2461383 0.4811553 0.2971019
v 0.2343490 0.4846887 0.3129098
v 0.2396338 0.4823200 0.3058235
v 0.2304802 0.4911600 0.3180974
v 0.2290641 0.5000000 0.3199962
v 0.2304802 0.5088400 0.3180974
v 0.2343490 0.5153113 0.3129098
v 0.2396338 0.5176800 0.3058235
v 0.2449187 0.5153113 0.2987372
v 0.2487875 0.5088400 0.2935497
v 0.2502035 0.5000000 0.2916509
v 0.2487875 0.4911600 0.2935497
v 0.2449187 0.4846887 0.2987372
v 0.2439684 0.4846887 0.3200839
v 0.2492533 0.4823200 0.3129975
v 0.2400996 0.4911600 0.3252714
v 0.2386836 0.5000000 0.3271702
v 0.2400996 0.5088400 0.3252714
v 0.2439684 0.5153113 0.3200839
v 0.2492533 0.5176800 0.3129975
v 0.2545381 0.5153113 0.3059112
v 0.2584069 0.5088400 0.3007237
v 0.2598230 0.5000000 0.2988249
v 0.2584069 0.4911600 0.3007237
v 0.2545381 0.4846887 0.3059112
v 0.2492533 0.5000000 0.3129975
v 0.2489326 0.4817760 0.3127584
v 0.2434852 0.4842176 0.3200628
v 0.2417915 0.4820975 0.3203265
v 0.2479707 0.4793280 0.3120410
v 0.2394974 0.4908880 0.3254099
v 0.2372680 0.4896640 0.3263920
v 0.2380377 0.5000000 0.3273671
v 0.2356123 0.5000000 0.3286121
v 0.2394974 0.5091120 0.3254099
v 0.2372680 0.5103360 0.3263920
v 0.2434852 0.5157824 0.3200628
v 0.2417915 0.5179025 0.3203265
v 0.2489326 0.5182240 0.3127584
v 0.2479707 0.5206720 0.3120410
v 0.2543801 0.5157824 0.3054540
v 0.2541499 0.5179025 0.3037555
v 0.2583679 0.5091120 0.3001069
v 0.2586734 0.5103360 0.2976900
v 0.2598276 0.5000000 0.2981497
v 0.2603291 0.5000000 0.2954699
v 0.2583679 0.4908880 0.3001069
v 0.2586734 0.4896640 0.2976900
v 0.2543801 0.4842176 0.3054540
v 0.2541499 0.4820975 0.3037555
v 0.2385850 0.4820975 0.3179352
v 0.2447642 0.4793280 0.3096497
v 0.2340615 0.4896640 0.3240006
v 0.2324058 0.5000000 0.3262207
v 0.2340615 0.5103360 0.3240006
v 0.2385850 0.5179025 0.3179352
v 0.2447642 0.5206720 0.3096497
v 0.2509434 0.5179025 0.3013641
v 0.2554669 0.5103360 0.2952987
v 0.2571226 0.5000000 0.2930786
v 0.2554669 0.4896640 0.2952987
v 0.2509434 0.4820975 0.3013641
v 0.2386755 0.4842176 0.3164758
v 0.2441229 0.4817760 0.3091714
v 0.2346876 0.4908880 0.3218229
v 0.2332280 0.5000000 0.3237801
v 0.2346876 0.5091120 0.3218229
v 0.2386755 0.5157824 0.3164758
v 0.2441229 0.5182240 0.3091714
v 0.2495704 0.5157824 0.3018670
v 0.2535582 0.5091120 0.2965199
v 0.2550178 0.5000000 0.2945627
v 0.2535582 0.4908880 0.2965199
v 0.2495704 0.4842176 0.3018670
v 0.2488685 0.5000000 0.3127106
v 0.2443154 0.4868087 0.3188157
v 0.2488685 0.4847680 0.3127106
v 0.2409823 0.4923840 0.3232850
v 0.2397623 0.5000000 0.3249208
v 0.2409823 0.5076160 0.3232850
v 0.2443154 0.5131913 0.3188157
v 0.2488685 0.5152320 0.3127106
v 0.2534216 0.5131913 0.3066054
v 0.2567547 0.5076160 0.3021362
v 0.2579747 0.5000000 0.3005003
v 0.2567547 0.4923840 0.3021362
v 0.2534216 0.4868087 0.3066054
v 0.2426480 0.4868087 0.3175722
v 0.2472011 0.4847680 0.3114671
v 0.2393149 0.4923840 0.3220415
v 0.2380949 0.5000000 0.3236774
v 0.2393149 0.5076160 0.3220415
v 0.2426480 0.5131913 0.3175722
v 0.2472011 0.5152320 0.3114671
v 0.2517542 0.5131913 0.3053619
v 0.2550873 0.5076160 0.3008927
v 0.2563073 0.5000000 0.2992568
v 0.2550873 0.4923840 0.3008927
v 0.2517542 0.4868087 0.3053619
v 0.2472011 0.5000000 0.3114671
v 0.2322824 0.3833799 0.3958108
v 0.2369513 0.3731995 0.3958108
v 0.2272786 0.3687634 0.4327068
v 0.2375226 0.3857832 0.3974735
v 0.2325188 0.3711667 0.4343696
v 0.2421915 0.3756028 0.3974735
v 0.2226097 0.3789438 0.4327068
v 0.2278499 0.3813471 0.4343696
v 0.2303431 0.3797798 0.4036619
v 0.2329577 0.3740787 0.4036619
v 0.2275410 0.3715945 0.4243237
v 0.2312864 0.3802124 0.4039612
v 0.2284843 0.3720271 0.4246230
v 0.2339010 0.3745113 0.4039612
v 0.2249264 0.3772955 0.4243237
v 0.2258696 0.3777281 0.4246230
v 0.2555107 0.5000000 0.6779627
v 0.2627139 0.4787997 0.6878587
v 0.2555107 0.4755200 0.6779627
v 0.2679871 0.4877600 0.6951031
v 0.2699172 0.5000000 0.6977547
v 0.2679871 0.5122400 0.6951031
v 0.2627139 0.5212003 0.6878587
v 0.2555107 0.5244800 0.6779627
v 0.2483074 0.5212003 0.6680667
v 0.2430343 0.5122400 0.6608224
v 0.2411042 0.5000000 0.6581707
v 0.2430343 0.4877600 0.6608224
v 0.2483074 0.4787997 0.6680667
v 0.2586633 0.4764441 0.6924893
v 0.2506597 0.4728000 0.6814937
v 0.2645224 0.4864000 0.7005386
v 0.2666669 0.5000000 0.7034848
v 0.2645224 0.5136000 0.7005386
v 0.2586633 0.5235559 0.6924893
v 0.2506597 0.5272000 0.6814937
v 0.2426561 0.5235559 0.6704982
v 0.2367970 0.5136000 0.6624489
v 0.2346525 0.5000000 0.6595026
v 0.2367970 0.4864000 0.6624489
v 0.2426561 0.4764441 0.6704982
v 0.2499316 0.4764441 0.6988451
v 0.2419279 0.4728000 0.6878496
v 0.2557906 0.4864000 0.7068944
v 0.2579352 0.5000000 0.7098407
v 0.2557906 0.5136000 0.7068944
v 0.2499316 0.5235559 0.6988451
v 0.2419279 0.5272000 0.6878496
v 0.2339243 0.5235559 0.6768540
v 0.2280653 0.5136000 0.6688047
v 0.2259207 0.5000000 0.6658585
v 0.2280653 0.4864000 0.6688047
v 0.2339243 0.4764441 0.6768540
v 0.2438033 0.4811553 0.6999416
v 0.2374004 0.4782400 0.6911452
v 0.2484905 0.4891200 0.7063810
v 0.2502062 0.5000000 0.7087380
v 0.2484905 0.5108800 0.7063810
v 0.2438033 0.5188447 0.6999416
v 0.2374004 0.5217600 0.6911452
v 0.2309975 0.5188447 0.6823487
v 0.2263102 0.5108800 0.6759093
v 0.2245946 0.5000000 0.6735523
v 0.2263102 0.4891200 0.6759093
v 0.2309975 0.4811553 0.6823487
v 0.2426027 0.4846887 0.6982923
v 0.2374004 0.4823200 0.6911452
v 0.2464111 0.4911600 0.7035243
v 0.2478051 0.5000000 0.7054394
v 0.2464111 0.5088400 0.7035243
v 0.2426027 0.5153113 0.6982923
v 0.2374004 0.5176800 0.6911452
v 0.2321980 0.5153113 0.6839981
v 0.2283896 0.5088400 0.6787660
v 0.2269957 0.5000000 0.6768509
v 0.2283896 0.4911600 0.6787660
v 0.2321980 0.4846887 0.6839981
v 0.2523047 0.4846887 0.6912303
v 0.2471023 0.4823200 0.6840831
v 0.2561131 0.4911600 0.6964623
v 0.2575070 0.5000000 0.6983774
v 0.2561131 0.5088400 0.6964623
v 0.2523047 0.5153113 0.6912303
v 0.2471023 0.5176800 0.6840831
v 0.2419000 0.5153113 0.6769360
v 0.2380916 0.5088400 0.6717040
v 0.2366976 0.5000000 0.6697889
v 0.2380916 0.4911600 0.6717040
v 0.2419000 0.4846887 0.6769360
v 0.2471023 0.5000000 0.6840831
v 0.2467789 0.4817760 0.6843185
v 0.2521413 0.4842176 0.6916856
v 0.2518915 0.4820975 0.6933814
v 0.2458087 0.4793280 0.6850248
v 0.2560669 0.4908880 0.6970786
v 0.2563444 0.4896640 0.6994988
v 0.2575038 0.5000000 0.6990526
v 0.2579742 0.5000000 0.7017380
v 0.2560669 0.5091120 0.6970786
v 0.2563444 0.5103360 0.6994988
v 0.2521413 0.5157824 0.6916856
v 0.2518915 0.5179025 0.6933814
v 0.2467789 0.5182240 0.6843185
v 0.2458087 0.5206720 0.6850248
v 0.2414165 0.5157824 0.6769515
v 0.2397260 0.5179025 0.6766681
v 0.2374909 0.5091120 0.6715585
v 0.2352731 0.5103360 0.6705507
v 0.2360541 0.5000000 0.6695845
v 0.2336432 0.5000000 0.6683115
v 0.2374909 0.4908880 0.6715585
v 0.2352731 0.4896640 0.6705507
v 0.2414165 0.4842176 0.6769515
v 0.2397260 0.4820975 0.6766681
v 0.2486575 0.4820975 0.6957354
v 0.2425747 0.4793280 0.6873788
v 0.2531104 0.4896640 0.7018528
v 0.2547402 0.5000000 0.7040920
v 0.2531104 0.5103360 0.7018528
v 0.2486575 0.5179025 0.6957354
v 0.2425747 0.5206720 0.6873788
v 0.2364920 0.5179025 0.6790221
v 0.2320391 0.5103360 0.6729047
v 0.2304092 0.5000000 0.6706655
v 0.2320391 0.4896640 0.6729047
v 0.2364920 0.4820975 0.6790221
v 0.2472904 0.4842176 0.6952166
v 0.2419279 0.4817760 0.6878496
v 0.2512159 0.4908880 0.7006096
v 0.2526528 0.5000000 0.7025836
v 0.2512159 0.5091120 0.7006096
v 0.2472904 0.5157824 0.6952166
v 0.2419279 0.5182240 0.6878496
v 0.2365655 0.5157824 0.6804825
v 0.2326400 0.5091120 0.6750895
v 0.2312031 0.5000000 0.6731155
v 0.2326400 0.4908880 0.6750895
v 0.2365655 0.4842176 0.6804825
v 0.2467142 0.5000000 0.6843656
v 0.2511963 0.4868087 0.6905231
v 0.2467142 0.4847680 0.6843656
v 0.2544773 0.4923840 0.6950307
v 0.2556783 0.5000000 0.6966806
v 0.2544773 0.5076160 0.6950307
v 0.2511963 0.5131913 0.6905231
v 0.2467142 0.5152320 0.6843656
v 0.2422322 0.5131913 0.6782081
v 0.2389512 0.5076160 0.6737005
v 0.2377502 0.5000000 0.6720506
v 0.2389512 0.4923840 0.6737005
v 0.2422322 0.4868087 0.6782081
v 0.2495146 0.4868087 0.6917472
v 0.2450326 0.4847680 0.6855897
v 0.2527957 0.4923840 0.6962548
v 0.2539966 0.5000000 0.6979047
v 0.2527957 0.5076160 0.6962548
v 0.2495146 0.5131913 0.6917472
v 0.2450326 0.5152320 0.6855897
v 0.2405505 0.5131913 0.6794322
v 0.2372695 0.5076160 0.6749246
v 0.2360685 0.5000000 0.6732747
v 0.2372695 0.4923840 0.6749246
v 0.2405505 0.4868087 0.6794322
v 0.2450326 0.5000000 0.6855897
v 0.2225126 0.3788993 0.5668111
v 0.2271816 0.3687189 0.5668111
v 0.2368008 0.3731305 0.6037241
v 0.2277552 0.3813037 0.5651576
v 0.2420434 0.3755349 0.6020706
v 0.2324242 0.3711232 0.5651576
v 0.2321319 0.3833109 0.6037241
v 0.2373745 0.3857153 0.6020706
v 0.2248172 0.3772455 0.5751966
v 0.2274318 0.3715444 0.5751966
v 0.2328186 0.3740149 0.5958678
v 0.2257609 0.3776782 0.5748989
v 0.2337623 0.3744477 0.5955702
v 0.2283755 0.3719772 0.5748989
v 0.2302040 0.3797160 0.5958678
v 0.2311477 0.3801487 0.5955702
v 0.3250954 0.6048430 0.2854485
v 0.3202271 0.6041936 0.2890999
v 0.3219489 0.5995938 0.2854485
v 0.3233736 0.6094427 0.2890999
v 0.3282419 0.6100922 0.2854485
v 0.3299637 0.6054924 0.2817972
v 0.3268172 0.6002433 0.2817972
v 0.3161408 0.6062466 0.2851566
v 0.3180539 0.6011358 0.2810995
v 0.3196369 0.6120790 0.2851566
v 0.3250462 0.6128006 0.2810995
v 0.3269593 0.6076898 0.2770425
v 0.3234631 0.6018574 0.2770425
v 0.3097592 0.6100719 0.2773283
v 0.3116723 0.6049611 0.2732713
v 0.3132553 0.6159044 0.2773283
v 0.3186645 0.6166260 0.2732713
v 0.3205776 0.6115151 0.2692143
v 0.3170815 0.6056827 0.2692143
v 0.3075320 0.6121998 0.2724578
v 0.3090625 0.6081111 0.2692122
v 0.3103289 0.6168657 0.2724578
v 0.3146563 0.6174430 0.2692122
v 0.3161868 0.6133543 0.2659666
v 0.3133899 0.6086884 0.2659666
v 0.3083434 0.6123080 0.2718493
v 0.3095869 0.6089860 0.2692122
v 0.3106159 0.6160991 0.2718493
v 0.3141319 0.6165681 0.2692122
v 0.3153754 0.6132461 0.2665751
v 0.3131029 0.6094550 0.2665751
v 0.3154341 0.6080576 0.2805473
v 0.3166776 0.6047356 0.2779102
v 0.3177066 0.6118487 0.2805473
v 0.3212226 0.6123177 0.2779102
v 0.3224661 0.6089957 0.2752732
v 0.3201936 0.6052046 0.2752732
v 0.3189501 0.6085267 0.2779102
v 0.3163713 0.6047606 0.2776203
v 0.3150896 0.6081849 0.2803385
v 0.3138937 0.6085450 0.2798339
v 0.3153476 0.6046607 0.2767505
v 0.3174320 0.6120926 0.2803385
v 0.3165507 0.6129776 0.2798339
v 0.3210562 0.6125761 0.2776203
v 0.3206617 0.6135260 0.2767505
v 0.3223379 0.6091518 0.2749021
v 0.3221157 0.6096418 0.2736672
v 0.3199955 0.6052441 0.2749021
v 0.3194586 0.6052092 0.2736672
v 0.3115301 0.6099618 0.2769345
v 0.3129840 0.6060775 0.2738512
v 0.3141871 0.6143944 0.2769345
v 0.3182982 0.6149428 0.2738512
v 0.3197521 0.6110586 0.2707678
v 0.3170951 0.6066260 0.2707678
v 0.3115442 0.6103101 0.2759895
v 0.3128260 0.6068858 0.2732713
v 0.3138866 0.6142178 0.2759895
v 0.3175108 0.6147013 0.2732713
v 0.3187926 0.6112770 0.2705531
v 0.3164502 0.6073693 0.2705531
v 0.3186665 0.6086967 0.2775623
v 0.3156373 0.6082926 0.2798343
v 0.3167086 0.6054305 0.2775623
v 0.3175951 0.6115587 0.2798343
v 0.3206243 0.6119628 0.2775623
v 0.3216956 0.6091008 0.2752904
v 0.3197378 0.6058346 0.2752904
v 0.3144083 0.6090293 0.2783266
v 0.3154796 0.6061673 0.2760547
v 0.3163661 0.6122955 0.2783266
v 0.3193952 0.6126996 0.2760547
v 0.3204666 0.6098375 0.2737827
v 0.3185088 0.6065714 0.2737827
v 0.3174374 0.6094334 0.2760547
v 0.3248025 0.6050185 0.7142264
v 0.3265193 0.6004218 0.7178839
v 0.3216560 0.5997694 0.7142264
v 0.3296659 0.6056710 0.7178839
v 0.3279491 0.6102677 0.7142264
v 0.3230857 0.6096153 0.7105690
v 0.3199392 0.6043661 0.7105690
v 0.3231588 0.6020398 0.7226327
v 0.3177551 0.6013149 0.7185688
v 0.3266549 0.6078722 0.7226327
v 0.3247474 0.6129797 0.7185688
v 0.3193437 0.6122548 0.7145050
v 0.3158476 0.6064224 0.7145050
v 0.3167665 0.6058716 0.7304490
v 0.3113628 0.6051466 0.7263852
v 0.3202626 0.6117040 0.7304490
v 0.3183550 0.6168115 0.7263852
v 0.3129513 0.6160866 0.7223214
v 0.3094552 0.6102541 0.7223214
v 0.3130704 0.6088799 0.7336892
v 0.3087475 0.6083000 0.7304381
v 0.3158673 0.6135458 0.7336892
v 0.3143413 0.6176318 0.7304381
v 0.3100183 0.6170519 0.7271871
v 0.3072214 0.6123860 0.7271871
v 0.3127843 0.6096460 0.7330796
v 0.3092719 0.6091748 0.7304381
v 0.3150567 0.6134371 0.7330796
v 0.3138168 0.6167570 0.7304381
v 0.3103044 0.6162858 0.7277966
v 0.3080320 0.6124947 0.7277966
v 0.3198869 0.6053885 0.7243948
v 0.3163745 0.6049173 0.7217533
v 0.3221593 0.6091796 0.7243948
v 0.3209194 0.6124995 0.7217533
v 0.3174070 0.6120283 0.7191118
v 0.3151346 0.6082372 0.7191118
v 0.3186470 0.6087084 0.7217533
v 0.3160678 0.6049426 0.7220428
v 0.3196883 0.6054283 0.7247655
v 0.3191497 0.6053944 0.7259998
v 0.3150429 0.6048434 0.7229113
v 0.3220307 0.6093360 0.7247655
v 0.3218067 0.6098270 0.7259998
v 0.3207526 0.6127580 0.7220428
v 0.3203570 0.6137087 0.7229113
v 0.3171321 0.6122723 0.7193200
v 0.3162502 0.6131578 0.7198228
v 0.3147897 0.6083646 0.7193200
v 0.3135931 0.6087251 0.7198228
v 0.3167822 0.6068135 0.7288947
v 0.3126754 0.6062626 0.7258062
v 0.3194392 0.6112462 0.7288947
v 0.3179895 0.6151279 0.7258062
v 0.3138827 0.6145769 0.7227177
v 0.3112256 0.6101443 0.7227177
v 0.3161370 0.6075570 0.7291080
v 0.3125165 0.6070713 0.7263852
v 0.3184794 0.6114648 0.7291080
v 0.3172013 0.6148868 0.7263852
v 0.3135808 0.6144011 0.7236624
v 0.3112384 0.6104934 0.7236624
v 0.3183629 0.6088787 0.7221007
v 0.3194311 0.6060185 0.7243764
v 0.3164050 0.6056125 0.7221007
v 0.3213889 0.6092846 0.7243764
v 0.3203207 0.6121448 0.7221007
v 0.3172946 0.6117389 0.7198249
v 0.3153368 0.6084727 0.7198249
v 0.3182000 0.6067565 0.7258818
v 0.3151739 0.6063505 0.7236061
v 0.3201578 0.6100226 0.7258818
v 0.3190896 0.6128828 0.7236061
v 0.3160635 0.6124769 0.7213303
v 0.3141057 0.6092107 0.7213303
v 0.3171317 0.6096167 0.7236061
v 0.3250954 0.3951570 0.2854485
v 0.3233736 0.3905573 0.2890999
v 0.3282419 0.3899078 0.2854485
v 0.3202271 0.3958064 0.2890999
v 0.3219489 0.4004062 0.2854485
v 0.3268172 0.3997567 0.2817972
v 0.3299637 0.3945076 0.2817972
v 0.3196369 0.3879210 0.2851566
v 0.3250462 0.3871994 0.2810995
v 0.3161408 0.3937534 0.2851566
v 0.3180539 0.3988642 0.2810995
v 0.3234631 0.3981426 0.2770425
v 0.3269593 0.3923102 0.2770425
v 0.3132553 0.3840956 0.2773283
v 0.3186645 0.3833740 0.2732713
v 0.3097592 0.3899281 0.2773283
v 0.3116723 0.3950389 0.2732713
v 0.3170815 0.3943173 0.2692143
v 0.3205776 0.3884849 0.2692143
v 0.3103289 0.3831343 0.2724578
v 0.3146563 0.3825570 0.2692122
v 0.3075320 0.3878002 0.2724578
v 0.3090625 0.3918889 0.2692122
v 0.3133899 0.3913116 0.2659666
v 0.3161868 0.3866457 0.2659666
v 0.3106159 0.3839009 0.2718493
v 0.3141319 0.3834319 0.2692122
v 0.3083434 0.3876920 0.2718493
v 0.3095869 0.3910140 0.2692122
v 0.3131029 0.3905450 0.2665751
v 0.3153754 0.3867539 0.2665751
v 0.3177066 0.3881513 0.2805473
v 0.3212226 0.3876823 0.2779102
v 0.3154341 0.3919424 0.2805473
v 0.3166776 0.3952644 0.2779102
v 0.3201936 0.3947954 0.2752732
v 0.3224661 0.3910043 0.2752732
v 0.3189501 0.3914733 0.2779102
v 0.3210562 0.3874239 0.2776203
v 0.3174320 0.3879074 0.2803385
v 0.3165507 0.3870224 0.2798339
v 0.3206617 0.3864740 0.2767505
v 0.3150896 0.3918151 0.2803385
v 0.3138937 0.3914550 0.2798339
v 0.3163713 0.3952394 0.2776203
v 0.3153476 0.3953393 0.2767505
v 0.3199955 0.3947559 0.2749021
v 0.3194586 0.3947908 0.2736672
v 0.3223379 0.3908482 0.2749021
v 0.3221157 0.3903582 0.2736672
v 0.3141871 0.3856056 0.2769345
v 0.3182982 0.3850572 0.2738512
v 0.3115301 0.3900382 0.2769345
v 0.3129840 0.3939225 0.2738512
v 0.3170951 0.3933740 0.2707678
v 0.3197521 0.3889414 0.2707678
v 0.3138866 0.3857822 0.2759895
v 0.3175108 0.3852987 0.2732713
v 0.3115442 0.3896899 0.2759895
v 0.3128260 0.3931142 0.2732713
v 0.3164502 0.3926307 0.2705531
v 0.3187926 0.3887230 0.2705531
v 0.3186665 0.3913033 0.2775623
v 0.3175951 0.3884413 0.2798343
v 0.3206243 0.3880372 0.2775623
v 0.3156373 0.3917074 0.2798343
v 0.3167086 0.3945695 0.2775623
v 0.3197378 0.3941654 0.2752904
v 0.3216956 0.3908992 0.2752904
v 0.3163661 0.3877045 0.2783266
v 0.3193952 0.3873004 0.2760547
v 0.3144083 0.3909707 0.2783266
v 0.3154796 0.3938327 0.2760547
v 0.3185088 0.3934286 0.2737827
v 0.3204666 0.3901625 0.2737827
v 0.3174374 0.3905666 0.2760547
v 0.3248025 0.3949815 0.7142264
v 0.3296659 0.3943290 0.7178839
v 0.3279491 0.3897323 0.7142264
v 0.3265193 0.3995782 0.7178839
v 0.3216560 0.4002306 0.7142264
v 0.3199392 0.3956339 0.7105690
v 0.3230857 0.3903847 0.7105690
v 0.3266549 0.3921278 0.7226327
v 0.3247474 0.3870203 0.7185688
v 0.3231588 0.3979602 0.7226327
v 0.3177551 0.3986851 0.7185688
v 0.3158476 0.3935776 0.7145050
v 0.3193437 0.3877452 0.7145050
v 0.3202626 0.3882960 0.7304490
v 0.3183550 0.3831885 0.7263852
v 0.3167665 0.3941284 0.7304490
v 0.3113628 0.3948534 0.7263852
v 0.3094552 0.3897459 0.7223214
v 0.3129513 0.3839134 0.7223214
v 0.3158673 0.3864542 0.7336892
v 0.3143413 0.3823682 0.7304381
v 0.3130704 0.3911201 0.7336892
v 0.3087475 0.3917000 0.7304381
v 0.3072214 0.3876140 0.7271871
v 0.3100183 0.3829481 0.7271871
v 0.3150567 0.3865629 0.7330796
v 0.3138168 0.3832430 0.7304381
v 0.3127843 0.3903540 0.7330796
v 0.3092719 0.3908252 0.7304381
v 0.3080320 0.3875053 0.7277966
v 0.3103044 0.3837142 0.7277966
v 0.3221593 0.3908204 0.7243948
v 0.3209194 0.3875005 0.7217533
v 0.3198869 0.3946115 0.7243948
v 0.3163745 0.3950827 0.7217533
v 0.3151346 0.3917628 0.7191118
v 0.3174070 0.3879717 0.7191118
v 0.3186470 0.3912916 0.7217533
v 0.3207526 0.3872420 0.7220428
v 0.3220307 0.3906640 0.7247655
v 0.3218067 0.3901730 0.7259998
v 0.3203570 0.3862913 0.7229113
v 0.3196883 0.3945717 0.7247655
v 0.3191497 0.3946056 0.7259998
v 0.3160678 0.3950574 0.7220428
v 0.3150429 0.3951566 0.7229113
v 0.3147897 0.3916354 0.7193200
v 0.3135931 0.3912749 0.7198228
v 0.3171321 0.3877277 0.7193200
v 0.3162502 0.3868422 0.7198228
v 0.3194392 0.3887538 0.7288947
v 0.3179895 0.3848721 0.7258062
v 0.3167822 0.3931865 0.7288947
v 0.3126754 0.3937374 0.7258062
v 0.3112256 0.3898557 0.7227177
v 0.3138827 0.3854231 0.7227177
v 0.3184794 0.3885352 0.7291080
v 0.3172013 0.3851132 0.7263852
v 0.3161370 0.3924430 0.7291080
v 0.3125165 0.3929287 0.7263852
v 0.3112384 0.3895066 0.7236624
v 0.3135808 0.3855989 0.7236624
v 0.3183629 0.3911213 0.7221007
v 0.3213889 0.3907154 0.7243764
v 0.3203207 0.3878552 0.7221007
v 0.3194311 0.3939815 0.7243764
v 0.3164050 0.3943875 0.7221007
v 0.3153368 0.3915273 0.7198249
v 0.3172946 0.3882611 0.7198249
v 0.3201578 0.3899774 0.7258818
v 0.3190896 0.3871172 0.7236061
v 0.3182000 0.3932435 0.7258818
v 0.3151739 0.3936495 0.7236061
v 0.3141057 0.3907893 0.7213303
v 0.3160635 0.3875231 0.7213303
v 0.3171317 0.3903833 0.7236061
v 0.4503777 0.3994226 0.2347344
v 0.4060259 0.3119041 0.2916618
v 0.3653496 0.3385055 0.2916618
v 0.4288272 0.4133246 0.2347344
v 0.4745228 0.3907796 0.2347344
v 0.4517233 0.2953526 0.2916618
v 0.5000000 0.3878475 0.2347344
v 0.5000000 0.2897354 0.2916618
v 0.5254772 0.3907796 0.2347344
v 0.5482767 0.2953526 0.2916618
v 0.5496223 0.3994226 0.2347344
v 0.5939741 0.3119041 0.2916618
v 0.5711728 0.4133246 0.2347344
v 0.6346504 0.3385055 0.2916618
v 0.3740151 0.2509545 0.3850154
v 0.3196669 0.2869841 0.3850154
v 0.4352401 0.2285189 0.3850154
v 0.5000000 0.2209018 0.3850154
v 0.5647599 0.2285189 0.3850154
v 0.6259849 0.2509545 0.3850154
v 0.6803331 0.2869841 0.3850154
v 0.3614199 0.2294238 0.4997579
v 0.3018426 0.2694581 0.4997579
v 0.4287231 0.2044741 0.4997579
v 0.5000000 0.1960001 0.4997579
v 0.5712769 0.2044741 0.4997579
v 0.6385801 0.2294238 0.4997579
v 0.6981574 0.2694581 0.4997579
v 0.3739326 0.2507914 0.6145399
v 0.3195488 0.2868446 0.6145399
v 0.4351977 0.2283411 0.6145399
v 0.5000000 0.2207190 0.6145399
v 0.5648023 0.2283411 0.6145399
v 0.6260674 0.2507914 0.6145399
v 0.6804512 0.2868446 0.6145399
v 0.4058778 0.3116075 0.7080031
v 0.3651373 0.3382509 0.7080031
v 0.4516471 0.2950299 0.7080031
v 0.5000000 0.2894039 0.7080031
v 0.5483529 0.2950299 0.7080031
v 0.5941222 0.3116075 0.7080031
v 0.6348627 0.3382509 0.7080031
v 0.4501908 0.3990439 0.7650866
v 0.4285592 0.4129982 0.7650866
v 0.4744268 0.3903683 0.7650866
v 0.5000000 0.3874252 0.7650866
v 0.5255732 0.3903683 0.7650866
v 0.5498092 0.3990439 0.7650866
v 0.5714408 0.4129982 0.7650866
v 0.4323859 0.4176584 0.2479977
v 0.3719002 0.3463620 0.3017972
v 0.4105976 0.3210547 0.3017972
v 0.4528588 0.4044515 0.2479977
v 0.4540719 0.3053085 0.3017972
v 0.4757966 0.3962406 0.2479977
v 0.5000000 0.2999645 0.3017972
v 0.5000000 0.3934551 0.2479977
v 0.5459281 0.3053085 0.3017972
v 0.5242034 0.3962406 0.2479977
v 0.5894024 0.3210547 0.3017972
v 0.5471412 0.4044515 0.2479977
v 0.6280998 0.3463620 0.3017972
v 0.5676141 0.4176584 0.2479977
v 0.3282696 0.2971459 0.3905007
v 0.3800252 0.2628352 0.3905007
v 0.4383295 0.2414698 0.3905007
v 0.5000000 0.2342161 0.3905007
v 0.5616705 0.2414698 0.3905007
v 0.6199748 0.2628352 0.3905007
v 0.6717304 0.2971459 0.3905007
v 0.3112290 0.2803785 0.4997694
v 0.3679842 0.2422405 0.4997694
v 0.4320994 0.2184727 0.4997694
v 0.5000000 0.2104001 0.4997694
v 0.5679006 0.2184727 0.4997694
v 0.6320158 0.2422405 0.4997694
v 0.6887710 0.2803785 0.4997694
v 0.3281572 0.2970131 0.6090758
v 0.3799466 0.2626799 0.6090758
v 0.4382891 0.2413005 0.6090758
v 0.5000000 0.2340420 0.6090758
v 0.5617109 0.2413005 0.6090758
v 0.6200534 0.2626799 0.6090758
v 0.6718428 0.2970131 0.6090758
v 0.3716982 0.3461198 0.6978840
v 0.4104567 0.3207726 0.6978840
v 0.4539994 0.3050015 0.6978840
v 0.5000000 0.2996491 0.6978840
v 0.5460006 0.3050015 0.6978840
v 0.5895433 0.3207726 0.6978840
v 0.6283018 0.3461198 0.6978840
v 0.4321313 0.4173483 0.7518323
v 0.4526813 0.4040917 0.7518323
v 0.4757055 0.3958499 0.7518323
v 0.5000000 0.3930539 0.7518323
v 0.5242945 0.3958499 0.7518323
v 0.5473187 0.4040917 0.7518323
v 0.5678687 0.4173483 0.7518323
v 0.4568000 0.1882000 0.4456000
v 0.5432000 0.1882000 0.4456000
v 0.5432000 0.1882000 0.5544000
v 0.4568000 0.1942000 0.4456000
v 0.5432000 0.1942000 0.5544000
v 0.5432000 0.1942000 0.4456000
v 0.4568000 0.1882000 0.5544000
v 0.4568000 0.1942000 0.5544000
v 0.4758080 0.1872400 0.4695360
v 0.5241920 0.1872400 0.4695360
v 0.5241920 0.1872400 0.5304640
v 0.4758080 0.1883200 0.4695360
v 0.5241920 0.1883200 0.5304640
v 0.5241920 0.1883200 0.4695360
v 0.4758080 0.1872400 0.5304640
v 0.4758080 0.1883200 0.5304640
v 0.4696000 0.1836000 0.4652000
v 0.5304000 0.1836000 0.4652000
v 0.5304000 0.1836000 0.4708000
v 0.4696000 0.1868000 0.4652000
v 0.5304000 0.1868000 0.4708000
v 0.5304000 0.1868000 0.4652000
v 0.4696000 0.1836000 0.4708000
v 0.4696000 0.1868000 0.4708000
v 0.4696000 0.1836000 0.4812000
v 0.5304000 0.1836000 0.4812000
v 0.5304000 0.1836000 0.4868000
v 0.4696000 0.1868000 0.4812000
v 0.5304000 0.1868000 0.4868000
v 0.5304000 0.1868000 0.4812000
v 0.4696000 0.1836000 0.4868000
v 0.4696000 0.1868000 0.4868000
v 0.4696000 0.1836000 0.4972000
v 0.5304000 0.1836000 0.4972000
v 0.5304000 0.1836000 0.5028000
v 0.4696000 0.1868000 0.4972000
v 0.5304000 0.1868000 0.5028000
v 0.5304000 0.1868000 0.4972000
v 0.4696000 0.1836000 0.5028000
v 0.4696000 0.1868000 0.5028000
v 0.4696000 0.1836000 0.5132000
v 0.5304000 0.1836000 0.5132000
v 0.5304000 0.1836000 0.5188000
v 0.4696000 0.1868000 0.5132000
v 0.5304000 0.1868000 0.5188000
v 0.5304000 0.1868000 0.5132000
v 0.4696000 0.1836000 0.5188000
v 0.4696000 0.1868000 0.5188000
v 0.4696000 0.1836000 0.5292000
v 0.5304000 0.1836000 0.5292000
v 0.5304000 0.1836000 0.5348000
v 0.4696000 0.1868000 0.5292000
v 0.5304000 0.1868000 0.5348000
v 0.5304000 0.1868000 0.5292000
v 0.4696000 0.1836000 0.5348000
v 0.4696000 0.1868000 0.5348000
v 0.5000000 0.2575901 0.3192150
v 0.5212003 0.2502726 0.3290268
v 0.5244800 0.2575901 0.3192150
v 0.5122400 0.2449159 0.3362096
v 0.5000000 0.2429552 0.3388387
v 0.4877600 0.2449159 0.3362096
v 0.4787997 0.2502726 0.3290268
v 0.4755200 0.2575901 0.3192150
v 0.4787997 0.2649076 0.3094032
v 0.4877600 0.2702644 0.3022204
v 0.5000000 0.2722251 0.2995913
v 0.5122400 0.2702644 0.3022204
v 0.5212003 0.2649076 0.3094032
v 0.5235559 0.2446499 0.3265300
v 0.5272000 0.2527804 0.3156280
v 0.5136000 0.2386979 0.3345109
v 0.5000000 0.2365193 0.3374321
v 0.4864000 0.2386979 0.3345109
v 0.4764441 0.2446499 0.3265300
v 0.4728000 0.2527804 0.3156280
v 0.4764441 0.2609110 0.3047260
v 0.4864000 0.2668629 0.2967451
v 0.5000000 0.2690415 0.2938239
v 0.5136000 0.2668629 0.2967451
v 0.5235559 0.2609110 0.3047260
v 0.5235559 0.2359924 0.3200734
v 0.5272000 0.2441229 0.3091714
v 0.5136000 0.2300404 0.3280543
v 0.5000000 0.2278618 0.3309755
v 0.4864000 0.2300404 0.3280543
v 0.4764441 0.2359924 0.3200734
v 0.4728000 0.2441229 0.3091714
v 0.4764441 0.2522535 0.2982694
v 0.4864000 0.2582054 0.2902885
v 0.5000000 0.2603840 0.2873673
v 0.5136000 0.2582054 0.2902885
v 0.5235559 0.2522535 0.2982694
v 0.5188447 0.2331294 0.3145451
v 0.5217600 0.2396338 0.3058235
v 0.5108800 0.2283678 0.3209298
v 0.5000000 0.2266250 0.3232668
v 0.4891200 0.2283678 0.3209298
v 0.4811553 0.2331294 0.3145451
v 0.4782400 0.2396338 0.3058235
v 0.4811553 0.2461383 0.2971019
v 0.4891200 0.2508999 0.2907172
v 0.5000000 0.2526427 0.2883803
v 0.5108800 0.2508999 0.2907172
v 0.5188447 0.2461383 0.2971019
v 0.5153113 0.2343490 0.3129098
v 0.5176800 0.2396338 0.3058235
v 0.5088400 0.2304802 0.3180974
v 0.5000000 0.2290641 0.3199962
v 0.4911600 0.2304802 0.3180974
v 0.4846887 0.2343490 0.3129098
v 0.4823200 0.2396338 0.3058235
v 0.4846887 0.2449187 0.2987372
v 0.4911600 0.2487875 0.2935497
v 0.5000000 0.2502035 0.2916509
v 0.5088400 0.2487875 0.2935497
v 0.5153113 0.2449187 0.2987372
v 0.5153113 0.2439684 0.3200839
v 0.5176800 0.2492533 0.3129975
v 0.5088400 0.2400996 0.3252714
v 0.5000000 0.2386836 0.3271702
v 0.4911600 0.2400996 0.3252714
v 0.4846887 0.2439684 0.3200839
v 0.4823200 0.2492533 0.3129975
v 0.4846887 0.2545381 0.3059112
v 0.4911600 0.2584069 0.3007237
v 0.5000000 0.2598230 0.2988249
v 0.5088400 0.2584069 0.3007237
v 0.5153113 0.2545381 0.3059112
v 0.5000000 0.2492533 0.3129975
v 0.5182240 0.2489326 0.3127584
v 0.5157824 0.2434852 0.3200628
v 0.5179025 0.2417915 0.3203265
v 0.5206720 0.2479707 0.3120410
v 0.5091120 0.2394974 0.3254099
v 0.5103360 0.2372680 0.3263920
v 0.5000000 0.2380377 0.3273671
v 0.5000000 0.2356123 0.3286121
v 0.4908880 0.2394974 0.3254099
v 0.4896640 0.2372680 0.3263920
v 0.4842176 0.2434852 0.3200628
v 0.4820975 0.2417915 0.3203265
v 0.4817760 0.2489326 0.3127584
v 0.4793280 0.2479707 0.3120410
v 0.4842176 0.2543801 0.3054540
v 0.4820975 0.2541499 0.3037555
v 0.4908880 0.2583679 0.3001069
v 0.4896640 0.2586734 0.2976900
v 0.5000000 0.2598276 0.2981497
v 0.5000000 0.2603291 0.2954699
v 0.5091120 0.2583679 0.3001069
v 0.5103360 0.2586734 0.2976900
v 0.5157824 0.2543801 0.3054540
v 0.5179025 0.2541499 0.3037555
v 0.5179025 0.2385850 0.3179352
v 0.5206720 0.2447642 0.3096497
v 0.5103360 0.2340615 0.3240006
v 0.5000000 0.2324058 0.3262207
v 0.4896640 0.2340615 0.3240006
v 0.4820975 0.2385850 0.3179352
v 0.4793280 0.2447642 0.3096497
v 0.4820975 0.2509434 0.3013641
v 0.4896640 0.2554669 0.2952987
v 0.5000000 0.2571226 0.2930786
v 0.5103360 0.2554669 0.2952987
v 0.5179025 0.2509434 0.3013641
v 0.5157824 0.2386755 0.3164758
v 0.5182240 0.2441229 0.3091714
v 0.5091120 0.2346876 0.3218229
v 0.5000000 0.2332280 0.3237801
v 0.4908880 0.2346876 0.3218229
v 0.4842176 0.2386755 0.3164758
v 0.4817760 0.2441229 0.3091714
v 0.4842176 0.2495704 0.3018670
v 0.4908880 0.2535582 0.2965199
v 0.5000000 0.2550178 0.2945627
v 0.5091120 0.2535582 0.2965199
v 0.5157824 0.2495704 0.3018670
v 0.5000000 0.2488685 0.3127106
v 0.5131913 0.2443154 0.3188157
v 0.5152320 0.2488685 0.3127106
v 0.5076160 0.2409823 0.3232850
v 0.5000000 0.2397623 0.3249208
v 0.4923840 0.2409823 0.3232850
v 0.4868087 0.2443154 0.3188157
v 0.4847680 0.2488685 0.3127106
v 0.4868087 0.2534216 0.3066054
v 0.4923840 0.2567547 0.3021362
v 0.5000000 0.2579747 0.3005003
v 0.5076160 0.2567547 0.3021362
v 0.5131913 0.2534216 0.3066054
v 0.5131913 0.2426480 0.3175722
v 0.5152320 0.2472011 0.3114671
v 0.5076160 0.2393149 0.3220415
v 0.5000000 0.2380949 0.3236774
v 0.4923840 0.2393149 0.3220415
v 0.4868087 0.2426480 0.3175722
v 0.4847680 0.2472011 0.3114671
v 0.4868087 0.2517542 0.3053619
v 0.4923840 0.2550873 0.3008927
v 0.5000000 0.2563073 0.2992568
v 0.5076160 0.2550873 0.3008927
v 0.5131913 0.2517542 0.3053619
v 0.5000000 0.2472011 0.3114671
v 0.6166201 0.2322824 0.3958108
v 0.6268005 0.2369513 0.3958108
v 0.6312366 0.2272786 0.4327068
v 0.6142168 0.2375226 0.3974735
v 0.6288333 0.2325188 0.4343696
v 0.6243972 0.2421915 0.3974735
v 0.6210562 0.2226097 0.4327068
v 0.6186529 0.2278499 0.4343696
v 0.6202202 0.2303431 0.4036619
v 0.6259213 0.2329577 0.4036619
v 0.6284055 0.2275410 0.4243237
v 0.6197876 0.2312864 0.4039612
v 0.6279729 0.2284843 0.4246230
v 0.6254887 0.2339010 0.4039612
v 0.6227045 0.2249264 0.4243237
v 0.6222719 0.2258696 0.4246230
v 0.5000000 0.2555107 0.6779627
v 0.5212003 0.2627139 0.6878587
v 0.5244800 0.2555107 0.6779627
v 0.5122400 0.2679871 0.6951031
v 0.5000000 0.2699172 0.6977547
v 0.4877600 0.2679871 0.6951031
v 0.4787997 0.2627139 0.6878587
v 0.4755200 0.2555107 0.6779627
v 0.4787997 0.2483074 0.6680667
v 0.4877600 0.2430343 0.6608224
v 0.5000000 0.2411042 0.6581707
v 0.5122400 0.2430343 0.6608224
v 0.5212003 0.2483074 0.6680667
v 0.5235559 0.2586633 0.6924893
v 0.5272000 0.2506597 0.6814937
v 0.5136000 0.2645224 0.7005386
v 0.5000000 0.2666669 0.7034848
v 0.4864000 0.2645224 0.7005386
v 0.4764441 0.2586633 0.6924893
v 0.4728000 0.2506597 0.6814937
v 0.4764441 0.2426561 0.6704982
v 0.4864000 0.2367970 0.6624489
v 0.5000000 0.2346525 0.6595026
v 0.5136000 0.2367970 0.6624489
v 0.5235559 0.2426561 0.6704982
v 0.5235559 0.2499316 0.6988451
v 0.5272000 0.2419279 0.6878496
v 0.5136000 0.2557906 0.7068944
v 0.5000000 0.2579352 0.7098407
v 0.4864000 0.2557906 0.7068944
v 0.4764441 0.2499316 0.6988451
v 0.4728000 0.2419279 0.6878496
v 0.4764441 0.2339243 0.6768540
v 0.4864000 0.2280653 0.6688047
v 0.5000000 0.2259207 0.6658585
v 0.5136000 0.2280653 0.6688047
v 0.5235559 0.2339243 0.6768540
v 0.5188447 0.2438033 0.6999416
v 0.5217600 0.2374004 0.6911452
v 0.5108800 0.2484905 0.7063810
v 0.5000000 0.2502062 0.7087380
v 0.4891200 0.2484905 0.7063810
v 0.4811553 0.2438033 0.6999416
v 0.4782400 0.2374004 0.6911452
v 0.4811553 0.2309975 0.6823487
v 0.4891200 0.2263102 0.6759093
v 0.5000000 0.2245946 0.6735523
v 0.5108800 0.2263102 0.6759093
v 0.5188447 0.2309975 0.6823487
v 0.5153113 0.2426027 0.6982923
v 0.5176800 0.2374004 0.6911452
v 0.5088400 0.2464111 0.7035243
v 0.5000000 0.2478051 0.7054394
v 0.4911600 0.2464111 0.7035243
v 0.4846887 0.2426027 0.6982923
v 0.4823200 0.2374004 0.6911452
v 0.4846887 0.2321980 0.6839981
v 0.4911600 0.2283896 0.6787660
v 0.5000000 0.2269957 0.6768509
v 0.5088400 0.2283896 0.6787660
v 0.5153113 0.2321980 0.6839981
v 0.5153113 0.2523047 0.6912303
v 0.5176800 0.2471023 0.6840831
v 0.5088400 0.2561131 0.6964623
v 0.5000000 0.2575070 0.6983774
v 0.4911600 0.2561131 0.6964623
v 0.4846887 0.2523047 0.6912303
v 0.4823200 0.2471023 0.6840831
v 0.4846887 0.2419000 0.6769360
v 0.4911600 0.2380916 0.6717040
v 0.5000000 0.2366976 0.6697889
v 0.5088400 0.2380916 0.6717040
v 0.5153113 0.2419000 0.6769360
v 0.5000000 0.2471023 0.6840831
v 0.5182240 0.2467789 0.6843185
v 0.5157824 0.2521413 0.6916856
v 0.5179025 0.2518915 0.6933814
v 0.5206720 0.2458087 0.6850248
v 0.5091120 0.2560669 0.6970786
v 0.5103360 0.2563444 0.6994988
v 0.5000000 0.2575038 0.6990526
v 0.5000000 0.2579742 0.7017380
v 0.4908880 0.2560669 0.6970786
v 0.4896640 0.2563444 0.6994988
v 0.4842176 0.2521413 0.6916856
v 0.4820975 0.2518915 0.6933814
v 0.4817760 0.2467789 0.6843185
v 0.4793280 0.2458087 0.6850248
v 0.4842176 0.2414165 0.6769515
v 0.4820975 0.2397260 0.6766681
v 0.4908880 0.2374909 0.6715585
v 0.4896640 0.2352731 0.6705507
v 0.5000000 0.2360541 0.6695845
v 0.5000000 0.2336432 0.6683115
v 0.5091120 0.2374909 0.6715585
v 0.5103360 0.2352731 0.6705507
v 0.5157824 0.2414165 0.6769515
v 0.5179025 0.2397260 0.6766681
v 0.5179025 0.2486575 0.6957354
v 0.5206720 0.2425747 0.6873788
v 0.5103360 0.2531104 0.7018528
v 0.5000000 0.2547402 0.7040920
v 0.4896640 0.2531104 0.7018528
v 0.4820975 0.2486575 0.6957354
v 0.4793280 0.2425747 0.6873788
v 0.4820975 0.2364920 0.6790221
v 0.4896640 0.2320391 0.6729047
v 0.5000000 0.2304092 0.6706655
v 0.5103360 0.2320391 0.6729047
v 0.5179025 0.2364920 0.6790221
v 0.5157824 0.2472904 0.6952166
v 0.5182240 0.2419279 0.6878496
v 0.5091120 0.2512159 0.7006096
v 0.5000000 0.2526528 0.7025836
v 0.4908880 0.2512159 0.7006096
v 0.4842176 0.2472904 0.6952166
v 0.4817760 0.2419279 0.6878496
v 0.4842176 0.2365655 0.6804825
v 0.4908880 0.2326400 0.6750895
v 0.5000000 0.2312031 0.6731155
v 0.5091120 0.2326400 0.6750895
v 0.5157824 0.2365655 0.6804825
v 0.5000000 0.2467142 0.6843656
v 0.5131913 0.2511963 0.6905231
v 0.5152320 0.2467142 0.6843656
v 0.5076160 0.2544773 0.6950307
v 0.5000000 0.2556783 0.6966806
v 0.4923840 0.2544773 0.6950307
v 0.4868087 0.2511963 0.6905231
v 0.4847680 0.2467142 0.6843656
v 0.4868087 0.2422322 0.6782081
v 0.4923840 0.2389512 0.6737005
v 0.5000000 0.2377502 0.6720506
v 0.5076160 0.2389512 0.6737005
v 0.5131913 0.2422322 0.6782081
v 0.5131913 0.2495146 0.6917472
v 0.5152320 0.2450326 0.6855897
v 0.5076160 0.2527957 0.6962548
v 0.5000000 0.2539966 0.6979047
v 0.4923840 0.2527957 0.6962548
v 0.4868087 0.2495146 0.6917472
v 0.4847680 0.2450326 0.6855897
v 0.4868087 0.2405505 0.6794322
v 0.4923840 0.2372695 0.6749246
v 0.5000000 0.2360685 0.6732747
v 0.5076160 0.2372695 0.6749246
v 0.5131913 0.2405505 0.6794322
v 0.5000000 0.2450326 0.6855897
v 0.6211007 0.2225126 0.5668111
v 0.6312811 0.2271816 0.5668111
v 0.6268695 0.2368008 0.6037241
v 0.6186963 0.2277552 0.5651576
v 0.6244651 0.2420434 0.6020706
v 0.6288768 0.2324242 0.5651576
v 0.6166891 0.2321319 0.6037241
v 0.6142847 0.2373745 0.6020706
v 0.6227545 0.2248172 0.5751966
v 0.6284556 0.2274318 0.5751966
v 0.6259851 0.2328186 0.5958678
v 0.6223218 0.2257609 0.5748989
v 0.6255523 0.2337623 0.5955702
v 0.6280228 0.2283755 0.5748989
v 0.6202840 0.2302040 0.5958678
v 0.6198513 0.2311477 0.5955702
v 0.3951570 0.3250954 0.2854485
v 0.3958064 0.3202271 0.2890999
v 0.4004062 0.3219489 0.2854485
v 0.3905573 0.3233736 0.2890999
v 0.3899078 0.3282419 0.2854485
v 0.3945076 0.3299637 0.2817972
v 0.3997567 0.3268172 0.2817972
v 0.3937534 0.3161408 0.2851566
v 0.3988642 0.3180539 0.2810995
v 0.3879210 0.3196369 0.2851566
v 0.3871994 0.3250462 0.2810995
v 0.3923102 0.3269593 0.2770425
v 0.3981426 0.3234631 0.2770425
v 0.3899281 0.3097592 0.2773283
v 0.3950389 0.3116723 0.2732713
v 0.3840956 0.3132553 0.2773283
v 0.3833740 0.3186645 0.2732713
v 0.3884849 0.3205776 0.2692143
v 0.3943173 0.3170815 0.2692143
v 0.3878002 0.3075320 0.2724578
v 0.3918889 0.3090625 0.2692122
v 0.3831343 0.3103289 0.2724578
v 0.3825570 0.3146563 0.2692122
v 0.3866457 0.3161868 0.2659666
v 0.3913116 0.3133899 0.2659666
v 0.3876920 0.3083434 0.2718493
v 0.3910140 0.3095869 0.2692122
v 0.3839009 0.3106159 0.2718493
v 0.3834319 0.3141319 0.2692122
v 0.3867539 0.3153754 0.2665751
v 0.3905450 0.3131029 0.2665751
v 0.3919424 0.3154341 0.2805473
v 0.3952644 0.3166776 0.2779102
v 0.3881513 0.3177066 0.2805473
v 0.3876823 0.3212226 0.2779102
v 0.3910043 0.3224661 0.2752732
v 0.3947954 0.3201936 0.2752732
v 0.3914733 0.3189501 0.2779102
v 0.3952394 0.3163713 0.2776203
v 0.3918151 0.3150896 0.2803385
v 0.3914550 0.3138937 0.2798339
v 0.3953393 0.3153476 0.2767505
v 0.3879074 0.3174320 0.2803385
v 0.3870224 0.3165507 0.2798339
v 0.3874239 0.3210562 0.2776203
v 0.3864740 0.3206617 0.2767505
v 0.3908482 0.3223379 0.2749021
v 0.3903582 0.3221157 0.2736672
v 0.3947559 0.3199955 0.2749021
v 0.3947908 0.3194586 0.2736672
v 0.3900382 0.3115301 0.2769345
v 0.3939225 0.3129840 0.2738512
v 0.3856056 0.3141871 0.2769345
v 0.3850572 0.3182982 0.2738512
v 0.3889414 0.3197521 0.2707678
v 0.3933740 0.3170951 0.2707678
v 0.3896899 0.3115442 0.2759895
v 0.3931142 0.3128260 0.2732713
v 0.3857822 0.3138866 0.2759895
v 0.3852987 0.3175108 0.2732713
v 0.3887230 0.3187926 0.2705531
v 0.3926307 0.3164502 0.2705531
v 0.3913033 0.3186665 0.2775623
v 0.3917074 0.3156373 0.2798343
v 0.3945695 0.3167086 0.2775623
v 0.3884413 0.3175951 0.2798343
v 0.3880372 0.3206243 0.2775623
v 0.3908992 0.3216956 0.2752904
v 0.3941654 0.3197378 0.2752904
v 0.3909707 0.3144083 0.2783266
v 0.3938327 0.3154796 0.2760547
v 0.3877045 0.3163661 0.2783266
v 0.3873004 0.3193952 0.2760547
v 0.3901625 0.3204666 0.2737827
v 0.3934286 0.3185088 0.2737827
v 0.3905666 0.3174374 0.2760547
v 0.3949815 0.3248025 0.7142264
v 0.3995782 0.3265193 0.7178839
v 0.4002306 0.3216560 0.7142264
v 0.3943290 0.3296659 0.7178839
v 0.3897323 0.3279491 0.7142264
v 0.3903847 0.3230857 0.7105690
v 0.3956339 0.3199392 0.7105690
v 0.3979602 0.3231588 0.7226327
v 0.3986851 0.3177551 0.7185688
v 0.3921278 0.3266549 0.7226327
v 0.3870203 0.3247474 0.7185688
v 0.3877452 0.3193437 0.7145050
v 0.3935776 0.3158476 0.7145050
v 0.3941284 0.3167665 0.7304490
v 0.3948534 0.3113628 0.7263852
v 0.3882960 0.3202626 0.7304490
v 0.3831885 0.3183550 0.7263852
v 0.3839134 0.3129513 0.7223214
v 0.3897459 0.3094552 0.7223214
v 0.3911201 0.3130704 0.7336892
v 0.3917000 0.3087475 0.7304381
v 0.3864542 0.3158673 0.7336892
v 0.3823682 0.3143413 0.7304381
v 0.3829481 0.3100183 0.7271871
v 0.3876140 0.3072214 0.7271871
v 0.3903540 0.3127843 0.7330796
v 0.3908252 0.3092719 0.7304381
v 0.3865629 0.3150567 0.7330796
v 0.3832430 0.3138168 0.7304381
v 0.3837142 0.3103044 0.7277966
v 0.3875053 0.3080320 0.7277966
v 0.3946115 0.3198869 0.7243948
v 0.3950827 0.3163745 0.7217533
v 0.3908204 0.3221593 0.7243948
v 0.3875005 0.3209194 0.7217533
v 0.3879717 0.3174070 0.7191118
v 0.3917628 0.3151346 0.7191118
v 0.3912916 0.3186470 0.7217533
v 0.3950574 0.3160678 0.7220428
v 0.3945717 0.3196883 0.7247655
v 0.3946056 0.3191497 0.7259998
v 0.3951566 0.3150429 0.7229113
v 0.3906640 0.3220307 0.7247655
v 0.3901730 0.3218067 0.7259998
v 0.3872420 0.3207526 0.7220428
v 0.3862913 0.3203570 0.7229113
v 0.3877277 0.3171321 0.7193200
v 0.3868422 0.3162502 0.7198228
v 0.3916354 0.3147897 0.7193200
v 0.3912749 0.3135931 0.7198228
v 0.3931865 0.3167822 0.7288947
v 0.3937374 0.3126754 0.7258062
v 0.3887538 0.3194392 0.7288947
v 0.3848721 0.3179895 0.7258062
v 0.3854231 0.3138827 0.7227177
v 0.3898557 0.3112256 0.7227177
v 0.3924430 0.3161370 0.7291080
v 0.3929287 0.3125165 0.7263852
v 0.3885352 0.3184794 0.7291080
v 0.3851132 0.3172013 0.7263852
v 0.3855989 0.3135808 0.7236624
v 0.3895066 0.3112384 0.7236624
v 0.3911213 0.3183629 0.7221007
v 0.3939815 0.3194311 0.7243764
v 0.3943875 0.3164050 0.7221007
v 0.3907154 0.3213889 0.7243764
v 0.3878552 0.3203207 0.7221007
v 0.3882611 0.3172946 0.7198249
v 0.3915273 0.3153368 0.7198249
v 0.3932435 0.3182000 0.7258818
v 0.3936495 0.3151739 0.7236061
v 0.3899774 0.3201578 0.7258818
v 0.3871172 0.3190896 0.7236061
v 0.3875231 0.3160635 0.7213303
v 0.3907893 0.3141057 0.7213303
v 0.3903833 0.3171317 0.7236061
v 0.6048430 0.3250954 0.2854485
v 0.6094427 0.3233736 0.2890999
v 0.6100922 0.3282419 0.2854485
v 0.6041936 0.3202271 0.2890999
v 0.5995938 0.3219489 0.2854485
v 0.6002433 0.3268172 0.2817972
v 0.6054924 0.3299637 0.2817972
v 0.6120790 0.3196369 0.2851566
v 0.6128006 0.3250462 0.2810995
v 0.6062466 0.3161408 0.2851566
v 0.6011358 0.3180539 0.2810995
v 0.6018574 0.3234631 0.2770425
v 0.6076898 0.3269593 0.2770425
v 0.6159044 0.3132553 0.2773283
v 0.6166260 0.3186645 0.2732713
v 0.6100719 0.3097592 0.2773283
v 0.6049611 0.3116723 0.2732713
v 0.6056827 0.3170815 0.2692143
v 0.6115151 0.3205776 0.2692143
v 0.6168657 0.3103289 0.2724578
v 0.6174430 0.3146563 0.2692122
v 0.6121998 0.3075320 0.2724578
v 0.6081111 0.3090625 0.2692122
v 0.6086884 0.3133899 0.2659666
v 0.6133543 0.3161868 0.2659666
v 0.6160991 0.3106159 0.2718493
v 0.6165681 0.3141319 0.2692122
v 0.6123080 0.3083434 0.2718493
v 0.6089860 0.3095869 0.2692122
v 0.6094550 0.3131029 0.2665751
v 0.6132461 0.3153754 0.2665751
v 0.6118487 0.3177066 0.2805473
v 0.6123177 0.3212226 0.2779102
v 0.6080576 0.3154341 0.2805473
v 0.6047356 0.3166776 0.2779102
v 0.6052046 0.3201936 0.2752732
v 0.6089957 0.3224661 0.2752732
v 0.6085267 0.3189501 0.2779102
v 0.6125761 0.3210562 0.2776203
v 0.6120926 0.3174320 0.2803385
v 0.6129776 0.3165507 0.2798339
v 0.6135260 0.3206617 0.2767505
v 0.6081849 0.3150896 0.2803385
v 0.6085450 0.3138937 0.2798339
v 0.6047606 0.3163713 0.2776203
v 0.6046607 0.3153476 0.2767505
v 0.6052441 0.3199955 0.2749021
v 0.6052092 0.3194586 0.2736672
v 0.6091518 0.3223379 0.2749021
v 0.6096418 0.3221157 0.2736672
v 0.6143944 0.3141871 0.2769345
v 0.6149428 0.3182982 0.2738512
v 0.6099618 0.3115301 0.2769345
v 0.6060775 0.3129840 0.2738512
v 0.6066260 0.3170951 0.2707678
v 0.6110586 0.3197521 0.2707678
v 0.6142178 0.3138866 0.2759895
v 0.6147013 0.3175108 0.2732713
v 0.6103101 0.3115442 0.2759895
v 0.6068858 0.3128260 0.2732713
v 0.6073693 0.3164502 0.2705531
v 0.6112770 0.3187926 0.2705531
v 0.6086967 0.3186665 0.2775623
v 0.6115587 0.3175951 0.2798343
v 0.6119628 0.3206243 0.2775623
v 0.6082926 0.3156373 0.2798343
v 0.6054305 0.3167086 0.2775623
v 0.6058346 0.3197378 0.2752904
v 0.6091008 0.3216956 0.2752904
v 0.6122955 0.3163661 0.2783266
v 0.6126996 0.3193952 0.2760547
v 0.6090293 0.3144083 0.2783266
v 0.6061673 0.3154796 0.2760547
v 0.6065714 0.3185088 0.2737827
v 0.6098375 0.3204666 0.2737827
v 0.6094334 0.3174374 0.2760547
v 0.6050185 0.3248025 0.7142264
v 0.6056710 0.3296659 0.7178839
v 0.6102677 0.3279491 0.7142264
v 0.6004218 0.3265193 0.7178839
v 0.5997694 0.3216560 0.7142264
v 0.6043661 0.3199392 0.7105690
v 0.6096153 0.3230857 0.7105690
v 0.6078722 0.3266549 0.7226327
v 0.6129797 0.3247474 0.7185688
v 0.6020398 0.3231588 0.7226327
v 0.6013149 0.3177551 0.7185688
v 0.6064224 0.3158476 0.7145050
v 0.6122548 0.3193437 0.7145050
v 0.6117040 0.3202626 0.7304490
v 0.6168115 0.3183550 0.7263852
v 0.6058716 0.3167665 0.7304490
v 0.6051466 0.3113628 0.7263852
v 0.6102541 0.3094552 0.7223214
v 0.6160866 0.3129513 0.7223214
v 0.6135458 0.3158673 0.7336892
v 0.6176318 0.3143413 0.7304381
v 0.6088799 0.3130704 0.7336892
v 0.6083000 0.3087475 0.7304381
v 0.6123860 0.3072214 0.7271871
v 0.6170519 0.3100183 0.7271871
v 0.6134371 0.3150567 0.7330796
v 0.6167570 0.3138168 0.7304381
v 0.6096460 0.3127843 0.7330796
v 0.6091748 0.3092719 0.7304381
v 0.6124947 0.3080320 0.7277966
v 0.6162858 0.3103044 0.7277966
v 0.6091796 0.3221593 0.7243948
v 0.6124995 0.3209194 0.7217533
v 0.6053885 0.3198869 0.7243948
v 0.6049173 0.3163745 0.7217533
v 0.6082372 0.3151346 0.7191118
v 0.6120283 0.3174070 0.7191118
v 0.6087084 0.3186470 0.7217533
v 0.6127580 0.3207526 0.7220428
v 0.6093360 0.3220307 0.7247655
v 0.6098270 0.3218067 0.7259998
v 0.6137087 0.3203570 0.7229113
v 0.6054283 0.3196883 0.7247655
v 0.6053944 0.3191497 0.7259998
v 0.6049426 0.3160678 0.7220428
v 0.6048434 0.3150429 0.7229113
v 0.6083646 0.3147897 0.7193200
v 0.6087251 0.3135931 0.7198228
v 0.6122723 0.3171321 0.7193200
v 0.6131578 0.3162502 0.7198228
v 0.6112462 0.3194392 0.7288947
v 0.6151279 0.3179895 0.7258062
v 0.6068135 0.3167822 0.7288947
v 0.6062626 0.3126754 0.7258062
v 0.6101443 0.3112256 0.7227177
v 0.6145769 0.3138827 0.7227177
v 0.6114648 0.3184794 0.7291080
v 0.6148868 0.3172013 0.7263852
v 0.6075570 0.3161370 0.7291080
v 0.6070713 0.3125165 0.7263852
v 0.6104934 0.3112384 0.7236624
v 0.6144011 0.3135808 0.7236624
v 0.6088787 0.3183629 0.7221007
v 0.6092846 0.3213889 0.7243764
v 0.6121448 0.3203207 0.7221007
v 0.6060185 0.3194311 0.7243764
v 0.6056125 0.3164050 0.7221007
v 0.6084727 0.3153368 0.7198249
v 0.6117389 0.3172946 0.7198249
v 0.6100226 0.3201578 0.7258818
v 0.6128828 0.3190896 0.7236061
v 0.6067565 0.3182000 0.7258818
v 0.6063505 0.3151739 0.7236061
v 0.6092107 0.3141057 0.7213303
v 0.6124769 0.3160635 0.7213303
v 0.6096167 0.3171317 0.7236061
vt 0.5 0.5
vn 0.1913417 0.0380602 -0.9807853
vn 0.1950903 0.0000000 -0.9807853
vn 0.0000000 0.0000000 -1.0000000
vn 0.1802400 0.0746578 -0.9807853
vn 0.1622117 0.1083864 -0.9807853
vn 0.1379497 0.1379497 -0.9807853
vn 0.1083864 0.1622117 -0.9807853
vn 0.0746578 0.1802400 -0.9807853
vn 0.0380602 0.1913417 -0.9807853
vn 0.0000000 0.1950903 -0.9807853
vn -0.0380602 0.1913417 -0.9807853
vn -0.0746578 0.1802400 -0.9807853
vn -0.0000000 0.0000000 -1.0000000
vn -0.1083864 0.1622117 -0.9807853
vn -0.1379497 0.1379497 -0.9807853
vn -0.1622117 0.1083864 -0.9807853
vn -0.1802400 0.0746578 -0.9807853
vn -0.1913417 0.0380602 -0.9807853
vn -0.1950903 0.0000000 -0.9807853
vn -0.1913417 -0.0380602 -0.9807853
vn -0.1802400 -0.0746578 -0.9807853
vn -0.0000000 -0.0000000 -1.0000000
vn -0.1622117 -0.1083864 -0.9807853
vn -0.1379497 -0.1379497 -0.9807853
vn -0.1083864 -0.1622117 -0.9807853
vn -0.0746578 -0.1802400 -0.9807853
vn -0.0380602 -0.1913417 -0.9807853
vn -0.0000000 -0.1950903 -0.9807853
vn 0.0380602 -0.1913417 -0.9807853
vn 0.0746578 -0.1802400 -0.9807853
vn 0.0000000 -0.0000000 -1.0000000
vn 0.1083864 -0.1622117 -0.9807853
vn 0.1379497 -0.1379497 -0.9807853
vn 0.1622117 -0.1083864 -0.9807853
vn 0.1802400 -0.0746578 -0.9807853
vn 0.1913417 -0.0380602 -0.9807853
vn 0.1950903 -0.0000000 -0.9807853
vn 0.3753303 0.0746578 -0.9238795
vn 0.3826834 0.0000000 -0.9238795
vn 0.3535534 0.1464466 -0.9238795
vn 0.3181896 0.2126075 -0.9238795
vn 0.2705981 0.2705981 -0.9238795
vn 0.2126075 0.3181896 -0.9238795
vn 0.1464466 0.3535534 -0.9238795
vn 0.0746578 0.3753303 -0.9238795
vn 0.0000000 0.3826834 -0.9238795
vn -0.0746578 0.3753303 -0.9238795
vn -0.1464466 0.3535534 -0.9238795
vn -0.2126075 0.3181896 -0.9238795
vn -0.2705981 0.2705981 -0.9238795
vn -0.3181896 0.2126075 -0.9238795
vn -0.3535534 0.1464466 -0.9238795
vn -0.3753303 0.0746578 -0.9238795
vn -0.3826834 0.0000000 -0.9238795
vn -0.3753303 -0.0746578 -0.9238795
vn -0.3535534 -0.1464466 -0.9238795
vn -0.3181896 -0.2126075 -0.9238795
vn -0.2705981 -0.2705981 -0.9238795
vn -0.2126075 -0.3181896 -0.9238795
vn -0.1464466 -0.3535534 -0.9238795
vn -0.0746578 -0.3753303 -0.9238795
vn -0.0000000 -0.3826834 -0.9238795
vn 0.0746578 -0.3753303 -0.9238795
vn 0.1464466 -0.3535534 -0.9238795
vn 0.2126075 -0.3181896 -0.9238795
vn 0.2705981 -0.2705981 -0.9238795
vn 0.3181896 -0.2126075 -0.9238795
vn 0.3535534 -0.1464466 -0.9238795
vn 0.3753303 -0.0746578 -0.9238795
vn 0.3826834 -0.0000000 -0.9238795
vn 0.5448951 0.1083864 -0.8314696
vn 0.5555702 0.0000000 -0.8314696
vn 0.5132800 0.2126075 -0.8314696
vn 0.4619398 0.3086583 -0.8314696
vn 0.3928475 0.3928475 -0.8314696
vn 0.3086583 0.4619398 -0.8314696
vn 0.2126075 0.5132800 -0.8314696
vn 0.1083864 0.5448951 -0.8314696
vn 0.0000000 0.5555702 -0.8314696
vn -0.1083864 0.5448951 -0.8314696
vn -0.2126075 0.5132800 -0.8314696
vn -0.3086583 0.4619398 -0.8314696
vn -0.3928475 0.3928475 -0.8314696
vn -0.4619398 0.3086583 -0.8314696
vn -0.5132800 0.2126075 -0.8314696
vn -0.5448951 0.1083864 -0.8314696
vn -0.5555702 0.0000000 -0.8314696
vn -0.5448951 -0.1083864 -0.8314696
vn -0.5132800 -0.2126075 -0.8314696
vn -0.4619398 -0.3086583 -0.8314696
vn -0.3928475 -0.3928475 -0.8314696
vn -0.3086583 -0.4619398 -0.8314696
vn -0.2126075 -0.5132800 -0.8314696
vn -0.1083864 -0.5448951 -0.8314696
vn -0.0000000 -0.5555702 -0.8314696
vn 0.1083864 -0.5448951 -0.8314696
vn 0.2126075 -0.5132800 -0.8314696
vn 0.3086583 -0.4619398 -0.8314696
vn 0.3928475 -0.3928475 -0.8314696
vn 0.4619398 -0.3086583 -0.8314696
vn 0.5132800 -0.2126075 -0.8314696
vn 0.5448951 -0.1083864 -0.8314696
vn 0.5555702 -0.0000000 -0.8314696
vn 0.6935199 0.1379497 -0.7071068
vn 0.7071068 0.0000000 -0.7071068
vn 0.6532815 0.2705981 -0.7071068
vn 0.5879378 0.3928475 -0.7071068
vn 0.5000000 0.5000000 -0.7071068
vn 0.3928475 0.5879378 -0.7071068
vn 0.2705981 0.6532815 -0.7071068
vn 0.1379497 0.6935199 -0.7071068
vn 0.0000000 0.7071068 -0.7071068
vn -0.1379497 0.6935199 -0.7071068
vn -0.2705981 0.6532815 -0.7071068
vn -0.3928475 0.5879378 -0.7071068
vn -0.5000000 0.5000000 -0.7071068
vn -0.5879378 0.3928475 -0.7071068
vn -0.6532815 0.2705981 -0.7071068
vn -0.6935199 0.1379497 -0.7071068
vn -0.7071068 0.0000000 -0.7071068
vn -0.6935199 -0.1379497 -0.7071068
vn -0.6532815 -0.2705981 -0.7071068
vn -0.5879378 -0.3928475 -0.7071068
vn -0.5000000 -0.5000000 -0.7071068
vn -0.3928475 -0.5879378 -0.7071068
vn -0.2705981 -0.6532815 -0.7071068
vn -0.1379497 -0.6935199 -0.7071068
vn -0.0000000 -0.7071068 -0.7071068
vn 0.1379497 -0.6935199 -0.7071068
vn 0.2705981 -0.6532815 -0.7071068
vn 0.3928475 -0.5879378 -0.7071068
vn 0.5000000 -0.5000000 -0.7071068
vn 0.5879378 -0.3928475 -0.7071068
vn 0.6532815 -0.2705981 -0.7071068
vn 0.6935199 -0.1379497 -0.7071068
vn 0.7071068 -0.0000000 -0.7071068
vn 0.8154932 0.1622117 -0.5555702
vn 0.8314696 0.0000000 -0.5555702
vn 0.7681778 0.3181896 -0.5555702
vn 0.6913417 0.4619398 -0.5555702
vn 0.5879378 0.5879378 -0.5555702
vn 0.4619398 0.6913417 -0.5555702
vn 0.3181896 0.7681778 -0.5555702
vn 0.1622117 0.8154932 -0.5555702
vn 0.0000000 0.8314696 -0.5555702
vn -0.1622117 0.8154932 -0.5555702
vn -0.3181896 0.7681778 -0.5555702
vn -0.4619398 0.6913417 -0.5555702
vn -0.5879378 0.5879378 -0.5555702
vn -0.6913417 0.4619398 -0.5555702
vn -0.7681778 0.3181896 -0.5555702
vn -0.8154932 0.1622117 -0.5555702
vn -0.8314696 0.0000000 -0.5555702
vn -0.8154932 -0.1622117 -0.5555702
vn -0.7681778 -0.3181896 -0.5555702
vn -0.6913417 -0.4619398 -0.5555702
vn -0.5879378 -0.5879378 -0.5555702
vn -0.4619398 -0.6913417 -0.5555702
vn -0.3181896 -0.7681778 -0.5555702
vn -0.1622117 -0.8154932 -0.5555702
vn -0.0000000 -0.8314696 -0.5555702
vn 0.1622117 -0.8154932 -0.5555702
vn 0.3181896 -0.7681778 -0.5555702
vn 0.4619398 -0.6913417 -0.5555702
vn 0.5879378 -0.5879378 -0.5555702
vn 0.6913417 -0.4619398 -0.5555702
vn 0.7681778 -0.3181896 -0.5555702
vn 0.8154932 -0.1622117 -0.5555702
vn 0.8314696 -0.0000000 -0.5555702
vn 0.9061274 0.1802400 -0.3826834
vn 0.9238795 0.0000000 -0.3826834
vn 0.8535534 0.3535534 -0.3826834
vn 0.7681778 0.5132800 -0.3826834
vn 0.6532815 0.6532815 -0.3826834
vn 0.5132800 0.7681778 -0.3826834
vn 0.3535534 0.8535534 -0.3826834
vn 0.1802400 0.9061274 -0.3826834
vn 0.0000000 0.9238795 -0.3826834
vn -0.1802400 0.9061274 -0.3826834
vn -0.3535534 0.8535534 -0.3826834
vn -0.5132800 0.7681778 -0.3826834
vn -0.6532815 0.6532815 -0.3826834
vn -0.7681778 0.5132800 -0.3826834
vn -0.8535534 0.3535534 -0.3826834
vn -0.9061274 0.1802400 -0.3826834
vn -0.9238795 0.0000000 -0.3826834
vn -0.9061274 -0.1802400 -0.3826834
vn -0.8535534 -0.3535534 -0.3826834
vn -0.7681778 -0.5132800 -0.3826834
vn -0.6532815 -0.6532815 -0.3826834
vn -0.5132800 -0.7681778 -0.3826834
vn -0.3535534 -0.8535534 -0.3826834
vn -0.1802400 -0.9061274 -0.3826834
vn -0.0000000 -0.9238795 -0.3826834
vn 0.1802400 -0.9061274 -0.3826834
vn 0.3535534 -0.8535534 -0.3826834
vn 0.5132800 -0.7681778 -0.3826834
vn 0.6532815 -0.6532815 -0.3826834
vn 0.7681778 -0.5132800 -0.3826834
vn 0.8535534 -0.3535534 -0.3826834
vn 0.9061274 -0.1802400 -0.3826834
vn 0.9238795 -0.0000000 -0.3826834
vn 0.9619398 0.1913417 -0.1950903
vn 0.9807853 0.0000000 -0.1950903
vn 0.9061274 0.3753303 -0.1950903
vn 0.8154932 0.5448951 -0.1950903
vn 0.6935199 0.6935199 -0.1950903
vn 0.5448951 0.8154932 -0.1950903
vn 0.3753303 0.9061274 -0.1950903
vn 0.1913417 0.9619398 -0.1950903
vn 0.0000000 0.9807853 -0.1950903
vn -0.1913417 0.9619398 -0.1950903
vn -0.3753303 0.9061274 -0.1950903
vn -0.5448951 0.8154932 -0.1950903
vn -0.6935199 0.6935199 -0.1950903
vn -0.8154932 0.5448951 -0.1950903
vn -0.9061274 0.3753303 -0.1950903
vn -0.9619398 0.1913417 -0.1950903
vn -0.9807853 0.0000000 -0.1950903
vn -0.9619398 -0.1913417 -0.1950903
vn -0.9061274 -0.3753303 -0.1950903
vn -0.8154932 -0.5448951 -0.1950903
vn -0.6935199 -0.6935199 -0.1950903
vn -0.5448951 -0.8154932 -0.1950903
vn -0.3753303 -0.9061274 -0.1950903
vn -0.1913417 -0.9619398 -0.1950903
vn -0.0000000 -0.9807853 -0.1950903
vn 0.1913417 -0.9619398 -0.1950903
vn 0.3753303 -0.9061274 -0.1950903
vn 0.5448951 -0.8154932 -0.1950903
vn 0.6935199 -0.6935199 -0.1950903
vn 0.8154932 -0.5448951 -0.1950903
vn 0.9061274 -0.3753303 -0.1950903
vn 0.9619398 -0.1913417 -0.1950903
vn 0.9807853 -0.0000000 -0.1950903
vn 0.9807853 0.1950903 -0.0000000
vn 1.0000000 0.0000000 -0.0000000
vn 0.9238795 0.3826834 -0.0000000
vn 0.8314696 0.5555702 -0.0000000
vn 0.7071068 0.7071068 -0.0000000
vn 0.5555702 0.8314696 -0.0000000
vn 0.3826834 0.9238795 -0.0000000
vn 0.1950903 0.9807853 -0.0000000
vn 0.0000000 1.0000000 -0.0000000
vn -0.1950903 0.9807853 -0.0000000
vn -0.3826834 0.9238795 -0.0000000
vn -0.5555702 0.8314696 -0.0000000
vn -0.7071068 0.7071068 -0.0000000
vn -0.8314696 0.5555702 -0.0000000
vn -0.9238795 0.3826834 -0.0000000
vn -0.9807853 0.1950903 -0.0000000
vn -1.0000000 0.0000000 -0.0000000
vn -0.9807853 -0.1950903 -0.0000000
vn -0.9238795 -0.3826834 -0.0000000
vn -0.8314696 -0.5555702 -0.0000000
vn -0.7071068 -0.7071068 -0.0000000
vn -0.5555702 -0.8314696 -0.0000000
vn -0.3826834 -0.9238795 -0.0000000
vn -0.1950903 -0.9807853 -0.0000000
vn -0.0000000 -1.0000000 -0.0000000
vn 0.1950903 -0.9807853 -0.0000000
vn 0.3826834 -0.9238795 -0.0000000
vn 0.5555702 -0.8314696 -0.0000000
vn 0.7071068 -0.7071068 -0.0000000
vn 0.8314696 -0.5555702 -0.0000000
vn 0.9238795 -0.3826834 -0.0000000
vn 0.9807853 -0.1950903 -0.0000000
vn 1.0000000 -0.0000000 -0.0000000
vn 0.9619398 0.1913417 0.1950903
vn 0.9807853 0.0000000 0.1950903
vn 0.9061274 0.3753303 0.1950903
vn 0.8154932 0.5448951 0.1950903
vn 0.6935199 0.6935199 0.1950903
vn 0.5448951 0.8154932 0.1950903
vn 0.3753303 0.9061274 0.1950903
vn 0.1913417 0.9619398 0.1950903
vn 0.0000000 0.9807853 0.1950903
vn -0.1913417 0.9619398 0.1950903
vn -0.3753303 0.9061274 0.1950903
vn -0.5448951 0.8154932 0.1950903
vn -0.6935199 0.6935199 0.1950903
vn -0.8154932 0.5448951 0.1950903
vn -0.9061274 0.3753303 0.1950903
vn -0.9619398 0.1913417 0.1950903
vn -0.9807853 0.0000000 0.1950903
vn -0.9619398 -0.1913417 0.1950903
vn -0.9061274 -0.3753303 0.1950903
vn -0.8154932 -0.5448951 0.1950903
vn -0.6935199 -0.6935199 0.1950903
vn -0.5448951 -0.8154932 0.1950903
vn -0.3753303 -0.9061274 0.1950903
vn -0.1913417 -0.9619398 0.1950903
vn -0.0000000 -0.9807853 0.1950903
vn 0.1913417 -0.9619398 0.1950903
vn 0.3753303 -0.9061274 0.1950903
vn 0.5448951 -0.8154932 0.1950903
vn 0.6935199 -0.6935199 0.1950903
vn 0.8154932 -0.5448951 0.1950903
vn 0.9061274 -0.3753303 0.1950903
vn 0.9619398 -0.1913417 0.1950903
vn 0.9807853 -0.0000000 0.1950903
vn 0.9061274 0.1802400 0.3826834
vn 0.9238795 0.0000000 0.3826834
vn 0.8535534 0.3535534 0.3826834
vn 0.7681778 0.5132800 0.3826834
vn 0.6532815 0.6532815 0.3826834
vn 0.5132800 0.7681778 0.3826834
vn 0.3535534 0.8535534 0.3826834
vn 0.1802400 0.9061274 0.3826834
vn 0.0000000 0.9238795 0.3826834
vn -0.1802400 0.9061274 0.3826834
vn -0.3535534 0.8535534 0.3826834
vn -0.5132800 0.7681778 0.3826834
vn -0.6532815 0.6532815 0.3826834
vn -0.7681778 0.5132800 0.3826834
vn -0.8535534 0.3535534 0.3826834
vn -0.9061274 0.1802400 0.3826834
vn -0.9238795 0.0000000 0.3826834
vn -0.9061274 -0.1802400 0.3826834
vn -0.8535534 -0.3535534 0.3826834
vn -0.7681778 -0.5132800 0.3826834
vn -0.6532815 -0.6532815 0.3826834
vn -0.5132800 -0.7681778 0.3826834
vn -0.3535534 -0.8535534 0.3826834
vn -0.1802400 -0.9061274 0.3826834
vn -0.0000000 -0.9238795 0.3826834
vn 0.1802400 -0.9061274 0.3826834
vn 0.3535534 -0.8535534 0.3826834
vn 0.5132800 -0.7681778 0.3826834
vn 0.6532815 -0.6532815 0.3826834
vn 0.7681778 -0.5132800 0.3826834
vn 0.8535534 -0.3535534 0.3826834
vn 0.9061274 -0.1802400 0.3826834
vn 0.9238795 -0.0000000 0.3826834
vn 0.8154932 0.1622117 0.5555702
vn 0.8314696 0.0000000 0.5555702
vn 0.7681778 0.3181896 0.5555702
vn 0.6913417 0.4619398 0.5555702
vn 0.5879378 0.5879378 0.5555702
vn 0.4619398 0.6913417 0.5555702
vn 0.3181896 0.7681778 0.5555702
vn 0.1622117 0.8154932 0.5555702
vn 0.0000000 0.8314696 0.5555702
vn -0.1622117 0.8154932 0.5555702
vn -0.3181896 0.7681778 0.5555702
vn -0.4619398 0.6913417 0.5555702
vn -0.5879378 0.5879378 0.5555702
vn -0.6913417 0.4619398 0.5555702
vn -0.7681778 0.3181896 0.5555702
vn -0.8154932 0.1622117 0.5555702
vn -0.8314696 0.0000000 0.5555702
vn -0.8154932 -0.1622117 0.5555702
vn -0.7681778 -0.3181896 0.5555702
vn -0.6913417 -0.4619398 0.5555702
vn -0.5879378 -0.5879378 0.5555702
vn -0.4619398 -0.6913417 0.5555702
vn -0.3181896 -0.7681778 0.5555702
vn -0.1622117 -0.8154932 0.5555702
vn -0.0000000 -0.8314696 0.5555702
vn 0.1622117 -0.8154932 0.5555702
vn 0.3181896 -0.7681778 0.5555702
vn 0.4619398 -0.6913417 0.5555702
vn 0.5879378 -0.5879378 0.5555702
vn 0.6913417 -0.4619398 0.5555702
vn 0.7681778 -0.3181896 0.5555702
vn 0.8154932 -0.1622117 0.5555702
vn 0.8314696 -0.0000000 0.5555702
vn 0.6935199 0.1379497 0.7071068
vn 0.7071068 0.0000000 0.7071068
vn 0.6532815 0.2705981 0.7071068
vn 0.5879378 0.3928475 0.7071068
vn 0.5000000 0.5000000 0.7071068
vn 0.3928475 0.5879378 0.7071068
vn 0.2705981 0.6532815 0.7071068
vn 0.1379497 0.6935199 0.7071068
vn 0.0000000 0.7071068 0.7071068
vn -0.1379497 0.6935199 0.7071068
vn -0.2705981 0.6532815 0.7071068
vn -0.3928475 0.5879378 0.7071068
vn -0.5000000 0.5000000 0.7071068
vn -0.5879378 0.3928475 0.7071068
vn -0.6532815 0.2705981 0.7071068
vn -0.6935199 0.1379497 0.7071068
vn -0.7071068 0.0000000 0.7071068
vn -0.6935199 -0.1379497 0.7071068
vn -0.6532815 -0.2705981 0.7071068
vn -0.5879378 -0.3928475 0.7071068
vn -0.5000000 -0.5000000 0.7071068
vn -0.3928475 -0.5879378 0.7071068
vn -0.2705981 -0.6532815 0.7071068
vn -0.1379497 -0.6935199 0.7071068
vn -0.0000000 -0.7071068 0.7071068
vn 0.1379497 -0.6935199 0.7071068
vn 0.2705981 -0.6532815 0.7071068
vn 0.3928475 -0.5879378 0.7071068
vn 0.5000000 -0.5000000 0.7071068
vn 0.5879378 -0.3928475 0.7071068
vn 0.6532815 -0.2705981 0.7071068
vn 0.6935199 -0.1379497 0.7071068
vn 0.7071068 -0.0000000 0.7071068
vn 0.5448951 0.1083864 0.8314696
vn 0.5555702 0.0000000 0.8314696
vn 0.5132800 0.2126075 0.8314696
vn 0.4619398 0.3086583 0.8314696
vn 0.3928475 0.3928475 0.8314696
vn 0.3086583 0.4619398 0.8314696
vn 0.2126075 0.5132800 0.8314696
vn 0.1083864 0.5448951 0.8314696
vn 0.0000000 0.5555702 0.8314696
vn -0.1083864 0.5448951 0.8314696
vn -0.2126075 0.5132800 0.8314696
vn -0.3086583 0.4619398 0.8314696
vn -0.3928475 0.3928475 0.8314696
vn -0.4619398 0.3086583 0.8314696
vn -0.5132800 0.2126075 0.8314696
vn -0.5448951 0.1083864 0.8314696
vn -0.5555702 0.0000000 0.8314696
vn -0.5448951 -0.1083864 0.8314696
vn -0.5132800 -0.2126075 0.8314696
vn -0.4619398 -0.3086583 0.8314696
vn -0.3928475 -0.3928475 0.8314696
vn -0.3086583 -0.4619398 0.8314696
vn -0.2126075 -0.5132800 0.8314696
vn -0.1083864 -0.5448951 0.8314696
vn -0.0000000 -0.5555702 0.8314696
vn 0.1083864 -0.5448951 0.8314696
vn 0.2126075 -0.5132800 0.8314696
vn 0.3086583 -0.4619398 0.8314696
vn 0.3928475 -0.3928475 0.8314696
vn 0.4619398 -0.3086583 0.8314696
vn 0.5132800 -0.2126075 0.8314696
vn 0.5448951 -0.1083864 0.8314696
vn 0.5555702 -0.0000000 0.8314696
vn 0.3753303 0.0746578 0.9238795
vn 0.3826834 0.0000000 0.9238795
vn 0.3535534 0.1464466 0.9238795
vn 0.3181896 0.2126075 0.9238795
vn 0.2705981 0.2705981 0.9238795
vn 0.2126075 0.3181896 0.9238795
vn 0.1464466 0.3535534 0.9238795
vn 0.0746578 0.3753303 0.9238795
vn 0.0000000 0.3826834 0.9238795
vn -0.0746578 0.3753303 0.9238795
vn -0.1464466 0.3535534 0.9238795
vn -0.2126075 0.3181896 0.9238795
vn -0.2705981 0.2705981 0.9238795
vn -0.3181896 0.2126075 0.9238795
vn -0.3535534 0.1464466 0.9238795
vn -0.3753303 0.0746578 0.9238795
vn -0.3826834 0.0000000 0.9238795
vn -0.3753303 -0.0746578 0.9238795
vn -0.3535534 -0.1464466 0.9238795
vn -0.3181896 -0.2126075 0.9238795
vn -0.2705981 -0.2705981 0.9238795
vn -0.2126075 -0.3181896 0.9238795
vn -0.1464466 -0.3535534 0.9238795
vn -0.0746578 -0.3753303 0.9238795
vn -0.0000000 -0.3826834 0.9238795
vn 0.0746578 -0.3753303 0.9238795
vn 0.1464466 -0.3535534 0.9238795
vn 0.2126075 -0.3181896 0.9238795
vn 0.2705981 -0.2705981 0.9238795
vn 0.3181896 -0.2126075 0.9238795
vn 0.3535534 -0.1464466 0.9238795
vn 0.3753303 -0.0746578 0.9238795
vn 0.3826834 -0.0000000 0.9238795
vn 0.1913417 0.0380602 0.9807853
vn 0.1950903 0.0000000 0.9807853
vn 0.1802400 0.0746578 0.9807853
vn 0.1622117 0.1083864 0.9807853
vn 0.1379497 0.1379497 0.9807853
vn 0.1083864 0.1622117 0.9807853
vn 0.0746578 0.1802400 0.9807853
vn 0.0380602 0.1913417 0.9807853
vn 0.0000000 0.1950903 0.9807853
vn -0.0380602 0.1913417 0.9807853
vn -0.0746578 0.1802400 0.9807853
vn -0.1083864 0.1622117 0.9807853
vn -0.1379497 0.1379497 0.9807853
vn -0.1622117 0.1083864 0.9807853
vn -0.1802400 0.0746578 0.9807853
vn -0.1913417 0.0380602 0.9807853
vn -0.1950903 0.0000000 0.9807853
vn -0.1913417 -0.0380602 0.9807853
vn -0.1802400 -0.0746578 0.9807853
vn -0.1622117 -0.1083864 0.9807853
vn -0.1379497 -0.1379497 0.9807853
vn -0.1083864 -0.1622117 0.9807853
vn -0.0746578 -0.1802400 0.9807853
vn -0.0380602 -0.1913417 0.9807853
vn -0.0000000 -0.1950903 0.9807853
vn 0.0380602 -0.1913417 0.9807853
vn 0.0746578 -0.1802400 0.9807853
vn 0.1083864 -0.1622117 0.9807853
vn 0.1379497 -0.1379497 0.9807853
vn 0.1622117 -0.1083864 0.9807853
vn 0.1802400 -0.0746578 0.9807853
vn 0.1913417 -0.0380602 0.9807853
vn 0.1950903 -0.0000000 0.9807853
vn 0.0000000 0.0000000 1.0000000
vn -0.0000000 0.0000000 1.0000000
vn -0.0000000 -0.0000000 1.0000000
vn 0.0000000 -0.0000000 1.0000000
vn 0.9710800 0.1931598 -0.1403316
vn 0.9807850 0.1950903 -0.0007963
vn 0.9999997 0.0000000 -0.0007963
vn 0.9901046 0.0000000 -0.1403316
vn 0.9147373 0.3788966 -0.1403316
vn 0.9238792 0.3826833 -0.0007963
vn 0.8232419 0.5500726 -0.1403316
vn 0.8314693 0.5555701 -0.0007963
vn 0.7001096 0.7001096 -0.1403316
vn 0.7071066 0.7071066 -0.0007963
vn 0.5500726 0.8232419 -0.1403316
vn 0.5555701 0.8314693 -0.0007963
vn 0.3788966 0.9147373 -0.1403316
vn 0.3826833 0.9238792 -0.0007963
vn 0.1931598 0.9710800 -0.1403316
vn 0.1950903 0.9807850 -0.0007963
vn 0.0000000 0.9901046 -0.1403316
vn 0.0000000 0.9999997 -0.0007963
vn -0.1931598 0.9710800 -0.1403316
vn -0.1950903 0.9807850 -0.0007963
vn -0.3788966 0.9147373 -0.1403316
vn -0.3826833 0.9238792 -0.0007963
vn -0.5500726 0.8232419 -0.1403316
vn -0.5555701 0.8314693 -0.0007963
vn -0.7001096 0.7001096 -0.1403316
vn -0.7071066 0.7071066 -0.0007963
vn -0.8232419 0.5500726 -0.1403316
vn -0.8314693 0.5555701 -0.0007963
vn -0.9147373 0.3788966 -0.1403316
vn -0.9238792 0.3826833 -0.0007963
vn -0.9710800 0.1931598 -0.1403316
vn -0.9807850 0.1950903 -0.0007963
vn -0.9901046 0.0000000 -0.1403316
vn -0.9999997 0.0000000 -0.0007963
vn -0.9710800 -0.1931598 -0.1403316
vn -0.9807850 -0.1950903 -0.0007963
vn -0.9147373 -0.3788966 -0.1403316
vn -0.9238792 -0.3826833 -0.0007963
vn -0.8232419 -0.5500726 -0.1403316
vn -0.8314693 -0.5555701 -0.0007963
vn -0.7001096 -0.7001096 -0.1403316
vn -0.7071066 -0.7071066 -0.0007963
vn -0.5500726 -0.8232419 -0.1403316
vn -0.5555701 -0.8314693 -0.0007963
vn -0.3788966 -0.9147373 -0.1403316
vn -0.3826833 -0.9238792 -0.0007963
vn -0.1931598 -0.9710800 -0.1403316
vn -0.1950903 -0.9807850 -0.0007963
vn -0.0000000 -0.9901046 -0.1403316
vn -0.0000000 -0.9999997 -0.0007963
vn 0.1931598 -0.9710800 -0.1403316
vn 0.1950903 -0.9807850 -0.0007963
vn 0.3788966 -0.9147373 -0.1403316
vn 0.3826833 -0.9238792 -0.0007963
vn 0.5500726 -0.8232419 -0.1403316
vn 0.5555701 -0.8314693 -0.0007963
vn 0.7001096 -0.7001096 -0.1403316
vn 0.7071066 -0.7071066 -0.0007963
vn 0.8232419 -0.5500726 -0.1403316
vn 0.8314693 -0.5555701 -0.0007963
vn 0.9147373 -0.3788966 -0.1403316
vn 0.9238792 -0.3826833 -0.0007963
vn 0.9710800 -0.1931598 -0.1403316
vn 0.9807850 -0.1950903 -0.0007963
vn 0.9901046 -0.0000000 -0.1403316
vn 0.9999997 -0.0000000 -0.0007963
vn 0.9712980 0.1932032 0.1387545
vn 0.9903268 0.0000000 0.1387545
vn 0.9149427 0.3789817 0.1387545
vn 0.8234266 0.5501961 0.1387545
vn 0.7002668 0.7002668 0.1387545
vn 0.5501961 0.8234266 0.1387545
vn 0.3789817 0.9149427 0.1387545
vn 0.1932032 0.9712980 0.1387545
vn 0.0000000 0.9903268 0.1387545
vn -0.1932032 0.9712980 0.1387545
vn -0.3789817 0.9149427 0.1387545
vn -0.5501961 0.8234266 0.1387545
vn -0.7002668 0.7002668 0.1387545
vn -0.8234266 0.5501961 0.1387545
vn -0.9149427 0.3789817 0.1387545
vn -0.9712980 0.1932032 0.1387545
vn -0.9903268 0.0000000 0.1387545
vn -0.9712980 -0.1932032 0.1387545
vn -0.9149427 -0.3789817 0.1387545
vn -0.8234266 -0.5501961 0.1387545
vn -0.7002668 -0.7002668 0.1387545
vn -0.5501961 -0.8234266 0.1387545
vn -0.3789817 -0.9149427 0.1387545
vn -0.1932032 -0.9712980 0.1387545
vn -0.0000000 -0.9903268 0.1387545
vn 0.1932032 -0.9712980 0.1387545
vn 0.3789817 -0.9149427 0.1387545
vn 0.5501961 -0.8234266 0.1387545
vn 0.7002668 -0.7002668 0.1387545
vn 0.8234266 -0.5501961 0.1387545
vn 0.9149427 -0.3789817 0.1387545
vn 0.9712980 -0.1932032 0.1387545
vn 0.9903268 -0.0000000 0.1387545
vn 0.9846283 0.1427643 -0.1006257
vn 0.9847856 0.1427871 0.0990410
vn 0.9948843 0.0199003 0.0990410
vn 0.9947254 0.0198972 -0.1006257
vn 0.9141277 0.3927403 -0.1006257
vn 0.9142738 0.3928030 0.0990410
vn 0.9558339 0.2767173 0.0990410
vn 0.9556812 0.2766731 -0.1006257
vn 0.7813309 0.6159516 -0.1006257
vn 0.7814558 0.6160501 0.0990410
vn 0.8516449 0.5146764 0.0990410
vn 0.8515089 0.5145941 -0.1006257
vn 0.5952877 0.7971869 -0.1006257
vn 0.5953828 0.7973143 0.0990410
vn 0.6894178 0.7175611 0.0990410
vn 0.6893076 0.7174465 -0.1006257
vn 0.3686766 0.9240952 -0.1006257
vn 0.3687355 0.9242429 0.0990410
vn 0.4802080 0.8715453 0.0990410
vn 0.4801312 0.8714060 -0.1006257
vn 0.1169408 0.9880280 -0.1006257
vn 0.1169595 0.9881859 0.0990410
vn 0.2382728 0.9661351 0.0990410
vn 0.2382347 0.9659807 -0.1006257
vn -0.1427643 0.9846283 -0.1006257
vn -0.1427871 0.9847856 0.0990410
vn -0.0199003 0.9948843 0.0990410
vn -0.0198972 0.9947254 -0.1006257
vn -0.3927403 0.9141277 -0.1006257
vn -0.3928030 0.9142738 0.0990410
vn -0.2767173 0.9558339 0.0990410
vn -0.2766731 0.9556812 -0.1006257
vn -0.6159516 0.7813309 -0.1006257
vn -0.6160501 0.7814558 0.0990410
vn -0.5146764 0.8516449 0.0990410
vn -0.5145941 0.8515089 -0.1006257
vn -0.7971869 0.5952877 -0.1006257
vn -0.7973143 0.5953828 0.0990410
vn -0.7175611 0.6894178 0.0990410
vn -0.7174465 0.6893076 -0.1006257
vn -0.9240952 0.3686766 -0.1006257
vn -0.9242429 0.3687355 0.0990410
vn -0.8715453 0.4802080 0.0990410
vn -0.8714060 0.4801312 -0.1006257
vn -0.9880280 0.1169408 -0.1006257
vn -0.9881859 0.1169595 0.0990410
vn -0.9661351 0.2382728 0.0990410
vn -0.9659807 0.2382347 -0.1006257
vn -0.9846283 -0.1427643 -0.1006257
vn -0.9847856 -0.1427871 0.0990410
vn -0.9948843 -0.0199003 0.0990410
vn -0.9947254 -0.0198972 -0.1006257
vn -0.9141277 -0.3927403 -0.1006257
vn -0.9142738 -0.3928030 0.0990410
vn -0.9558339 -0.2767173 0.0990410
vn -0.9556812 -0.2766731 -0.1006257
vn -0.7813309 -0.6159516 -0.1006257
vn -0.7814558 -0.6160501 0.0990410
vn -0.8516449 -0.5146764 0.0990410
vn -0.8515089 -0.5145941 -0.1006257
vn -0.5952877 -0.7971869 -0.1006257
vn -0.5953828 -0.7973143 0.0990410
vn -0.6894178 -0.7175611 0.0990410
vn -0.6893076 -0.7174465 -0.1006257
vn -0.3686766 -0.9240952 -0.1006257
vn -0.3687355 -0.9242429 0.0990410
vn -0.4802080 -0.8715453 0.0990410
vn -0.4801312 -0.8714060 -0.1006257
vn -0.1169408 -0.9880280 -0.1006257
vn -0.1169595 -0.9881859 0.0990410
vn -0.2382728 -0.9661351 0.0990410
vn -0.2382347 -0.9659807 -0.1006257
vn 0.1427643 -0.9846283 -0.1006257
vn 0.1427871 -0.9847856 0.0990410
vn 0.0199003 -0.9948843 0.0990410
vn 0.0198972 -0.9947254 -0.1006257
vn 0.3927403 -0.9141277 -0.1006257
vn 0.3928030 -0.9142738 0.0990410
vn 0.2767173 -0.9558339 0.0990410
vn 0.2766731 -0.9556812 -0.1006257
vn 0.6159516 -0.7813309 -0.1006257
vn 0.6160501 -0.7814558 0.0990410
vn 0.5146764 -0.8516449 0.0990410
vn 0.5145941 -0.8515089 -0.1006257
vn 0.7971869 -0.5952877 -0.1006257
vn 0.7973143 -0.5953828 0.0990410
vn 0.7175611 -0.6894178 0.0990410
vn 0.7174465 -0.6893076 -0.1006257
vn 0.9240952 -0.3686766 -0.1006257
vn 0.9242429 -0.3687355 0.0990410
vn 0.8715453 -0.4802080 0.0990410
vn 0.8714060 -0.4801312 -0.1006257
vn 0.9880280 -0.1169408 -0.1006257
vn 0.9881859 -0.1169595 0.0990410
vn 0.9661351 -0.2382728 0.0990410
vn 0.9659807 -0.2382347 -0.1006257
vn -0.5467425 -0.0430296 -0.8361944
vn -0.5332799 -0.1280292 -0.8361944
vn -0.5066861 -0.2098763 -0.8361944
vn -0.4676161 -0.2865555 -0.8361944
vn -0.4170318 -0.3561788 -0.8361944
vn -0.3561788 -0.4170318 -0.8361944
vn -0.2865555 -0.4676161 -0.8361944
vn -0.2098763 -0.5066861 -0.8361944
vn -0.1280292 -0.5332799 -0.8361944
vn -0.0430296 -0.5467425 -0.8361944
vn 0.0430296 -0.5467425 -0.8361944
vn 0.1280292 -0.5332799 -0.8361944
vn 0.2098763 -0.5066861 -0.8361944
vn 0.2865555 -0.4676161 -0.8361944
vn 0.3561788 -0.4170318 -0.8361944
vn 0.4170318 -0.3561788 -0.8361944
vn 0.4676161 -0.2865555 -0.8361944
vn 0.5066861 -0.2098763 -0.8361944
vn 0.5332799 -0.1280292 -0.8361944
vn 0.5467425 -0.0430296 -0.8361944
vn 0.5467425 0.0430296 -0.8361944
vn 0.5332799 0.1280292 -0.8361944
vn 0.5066861 0.2098763 -0.8361944
vn 0.4676161 0.2865555 -0.8361944
vn 0.4170318 0.3561788 -0.8361944
vn 0.3561788 0.4170318 -0.8361944
vn 0.2865555 0.4676161 -0.8361944
vn 0.2098763 0.5066861 -0.8361944
vn 0.1280292 0.5332799 -0.8361944
vn 0.0430296 0.5467425 -0.8361944
vn -0.0430296 0.5467425 -0.8361944
vn -0.1280292 0.5332799 -0.8361944
vn -0.2098763 0.5066861 -0.8361944
vn -0.2865555 0.4676161 -0.8361944
vn -0.3561788 0.4170318 -0.8361944
vn -0.4170318 0.3561788 -0.8361944
vn -0.4676161 0.2865555 -0.8361944
vn -0.5066861 0.2098763 -0.8361944
vn -0.5332799 0.1280292 -0.8361944
vn -0.5467425 0.0430296 -0.8361944
vn 0.3608485 0.0283994 -0.9321920
vn 0.3519632 0.0844989 -0.9321920
vn 0.3344114 0.1385177 -0.9321920
vn 0.3086253 0.1891258 -0.9321920
vn 0.2752398 0.2350770 -0.9321920
vn 0.2350770 0.2752398 -0.9321920
vn 0.1891258 0.3086253 -0.9321920
vn 0.1385177 0.3344114 -0.9321920
vn 0.0844989 0.3519632 -0.9321920
vn 0.0283994 0.3608485 -0.9321920
vn -0.0283994 0.3608485 -0.9321920
vn -0.0844989 0.3519632 -0.9321920
vn -0.1385177 0.3344114 -0.9321920
vn -0.1891258 0.3086253 -0.9321920
vn -0.2350770 0.2752398 -0.9321920
vn -0.2752398 0.2350770 -0.9321920
vn -0.3086253 0.1891258 -0.9321920
vn -0.3344114 0.1385177 -0.9321920
vn -0.3519632 0.0844989 -0.9321920
vn -0.3608485 0.0283994 -0.9321920
vn -0.3608485 -0.0283994 -0.9321920
vn -0.3519632 -0.0844989 -0.9321920
vn -0.3344114 -0.1385177 -0.9321920
vn -0.3086253 -0.1891258 -0.9321920
vn -0.2752398 -0.2350770 -0.9321920
vn -0.2350770 -0.2752398 -0.9321920
vn -0.1891258 -0.3086253 -0.9321920
vn -0.1385177 -0.3344114 -0.9321920
vn -0.0844989 -0.3519632 -0.9321920
vn -0.0283994 -0.3608485 -0.9321920
vn 0.0283994 -0.3608485 -0.9321920
vn 0.0844989 -0.3519632 -0.9321920
vn 0.1385177 -0.3344114 -0.9321920
vn 0.1891258 -0.3086253 -0.9321920
vn 0.2350770 -0.2752398 -0.9321920
vn 0.2752398 -0.2350770 -0.9321920
vn 0.3086253 -0.1891258 -0.9321920
vn 0.3344114 -0.1385177 -0.9321920
vn 0.3519632 -0.0844989 -0.9321920
vn 0.3608485 -0.0283994 -0.9321920
vn 0.9862193 0.0776171 -0.1461066
vn 0.9619353 0.2309402 -0.1461066
vn 0.9139653 0.3785768 -0.1461066
vn 0.8434904 0.5168916 -0.1461066
vn 0.7522459 0.6424787 -0.1461066
vn 0.6424787 0.7522459 -0.1461066
vn 0.5168916 0.8434904 -0.1461066
vn 0.3785768 0.9139653 -0.1461066
vn 0.2309402 0.9619353 -0.1461066
vn 0.0776171 0.9862193 -0.1461066
vn -0.0776171 0.9862193 -0.1461066
vn -0.2309402 0.9619353 -0.1461066
vn -0.3785768 0.9139653 -0.1461066
vn -0.5168916 0.8434904 -0.1461066
vn -0.6424787 0.7522459 -0.1461066
vn -0.7522459 0.6424787 -0.1461066
vn -0.8434904 0.5168916 -0.1461066
vn -0.9139653 0.3785768 -0.1461066
vn -0.9619353 0.2309402 -0.1461066
vn -0.9862193 0.0776171 -0.1461066
vn -0.9862193 -0.0776171 -0.1461066
vn -0.9619353 -0.2309402 -0.1461066
vn -0.9139653 -0.3785768 -0.1461066
vn -0.8434904 -0.5168916 -0.1461066
vn -0.7522459 -0.6424787 -0.1461066
vn -0.6424787 -0.7522459 -0.1461066
vn -0.5168916 -0.8434904 -0.1461066
vn -0.3785768 -0.9139653 -0.1461066
vn -0.2309402 -0.9619353 -0.1461066
vn -0.0776171 -0.9862193 -0.1461066
vn 0.0776171 -0.9862193 -0.1461066
vn 0.2309402 -0.9619353 -0.1461066
vn 0.3785768 -0.9139653 -0.1461066
vn 0.5168916 -0.8434904 -0.1461066
vn 0.6424787 -0.7522459 -0.1461066
vn 0.7522459 -0.6424787 -0.1461066
vn 0.8434904 -0.5168916 -0.1461066
vn 0.9139653 -0.3785768 -0.1461066
vn 0.9619353 -0.2309402 -0.1461066
vn 0.9862193 -0.0776171 -0.1461066
vn 0.6298175 0.0495677 0.7751600
vn 0.6143093 0.1474826 0.7751600
vn 0.5836748 0.2417660 0.7751600
vn 0.5386682 0.3300963 0.7751600
vn 0.4803979 0.4102985 0.7751600
vn 0.4102985 0.4803979 0.7751600
vn 0.3300963 0.5386682 0.7751600
vn 0.2417660 0.5836748 0.7751600
vn 0.1474826 0.6143093 0.7751600
vn 0.0495677 0.6298175 0.7751600
vn -0.0495677 0.6298175 0.7751600
vn -0.1474826 0.6143093 0.7751600
vn -0.2417660 0.5836748 0.7751600
vn -0.3300963 0.5386682 0.7751600
vn -0.4102985 0.4803979 0.7751600
vn -0.4803979 0.4102985 0.7751600
vn -0.5386682 0.3300963 0.7751600
vn -0.5836748 0.2417660 0.7751600
vn -0.6143093 0.1474826 0.7751600
vn -0.6298175 0.0495677 0.7751600
vn -0.6298175 -0.0495677 0.7751600
vn -0.6143093 -0.1474826 0.7751600
vn -0.5836748 -0.2417660 0.7751600
vn -0.5386682 -0.3300963 0.7751600
vn -0.4803979 -0.4102985 0.7751600
vn -0.4102985 -0.4803979 0.7751600
vn -0.3300963 -0.5386682 0.7751600
vn -0.2417660 -0.5836748 0.7751600
vn -0.1474826 -0.6143093 0.7751600
vn -0.0495677 -0.6298175 0.7751600
vn 0.0495677 -0.6298175 0.7751600
vn 0.1474826 -0.6143093 0.7751600
vn 0.2417660 -0.5836748 0.7751600
vn 0.3300963 -0.5386682 0.7751600
vn 0.4102985 -0.4803979 0.7751600
vn 0.4803979 -0.4102985 0.7751600
vn 0.5386682 -0.3300963 0.7751600
vn 0.5836748 -0.2417660 0.7751600
vn 0.6143093 -0.1474826 0.7751600
vn 0.6298175 -0.0495677 0.7751600
vn -0.5704886 -0.0448984 -0.8200774
vn -0.5564413 -0.1335897 -0.8200774
vn -0.5286925 -0.2189916 -0.8200774
vn -0.4879256 -0.2990012 -0.8200774
vn -0.4351443 -0.3716484 -0.8200774
vn -0.3716484 -0.4351443 -0.8200774
vn -0.2990012 -0.4879256 -0.8200774
vn -0.2189916 -0.5286925 -0.8200774
vn -0.1335897 -0.5564413 -0.8200774
vn -0.0448984 -0.5704886 -0.8200774
vn 0.0448984 -0.5704886 -0.8200774
vn 0.1335897 -0.5564413 -0.8200774
vn 0.2189916 -0.5286925 -0.8200774
vn 0.2990012 -0.4879256 -0.8200774
vn 0.3716484 -0.4351443 -0.8200774
vn 0.4351443 -0.3716484 -0.8200774
vn 0.4879256 -0.2990012 -0.8200774
vn 0.5286925 -0.2189916 -0.8200774
vn 0.5564413 -0.1335897 -0.8200774
vn 0.5704886 -0.0448984 -0.8200774
vn 0.5704886 0.0448984 -0.8200774
vn 0.5564413 0.1335897 -0.8200774
vn 0.5286925 0.2189916 -0.8200774
vn 0.4879256 0.2990012 -0.8200774
vn 0.4351443 0.3716484 -0.8200774
vn 0.3716484 0.4351443 -0.8200774
vn 0.2990012 0.4879256 -0.8200774
vn 0.2189916 0.5286925 -0.8200774
vn 0.1335897 0.5564413 -0.8200774
vn 0.0448984 0.5704886 -0.8200774
vn -0.0448984 0.5704886 -0.8200774
vn -0.1335897 0.5564413 -0.8200774
vn -0.2189916 0.5286925 -0.8200774
vn -0.2990012 0.4879256 -0.8200774
vn -0.3716484 0.4351443 -0.8200774
vn -0.4351443 0.3716484 -0.8200774
vn -0.4879256 0.2990012 -0.8200774
vn -0.5286925 0.2189916 -0.8200774
vn -0.5564413 0.1335897 -0.8200774
vn -0.5704886 0.0448984 -0.8200774
vn 0.2315821 0.0182259 -0.9726446
vn 0.2258797 0.0542289 -0.9726446
vn 0.2146155 0.0888967 -0.9726446
vn 0.1980667 0.1213755 -0.9726446
vn 0.1766409 0.1508656 -0.9726446
vn 0.1508656 0.1766409 -0.9726446
vn 0.1213755 0.1980667 -0.9726446
vn 0.0888967 0.2146155 -0.9726446
vn 0.0542289 0.2258797 -0.9726446
vn 0.0182259 0.2315821 -0.9726446
vn -0.0182259 0.2315821 -0.9726446
vn -0.0542289 0.2258797 -0.9726446
vn -0.0888967 0.2146155 -0.9726446
vn -0.1213755 0.1980667 -0.9726446
vn -0.1508656 0.1766409 -0.9726446
vn -0.1766409 0.1508656 -0.9726446
vn -0.1980667 0.1213755 -0.9726446
vn -0.2146155 0.0888967 -0.9726446
vn -0.2258797 0.0542289 -0.9726446
vn -0.2315821 0.0182259 -0.9726446
vn -0.2315821 -0.0182259 -0.9726446
vn -0.2258797 -0.0542289 -0.9726446
vn -0.2146155 -0.0888967 -0.9726446
vn -0.1980667 -0.1213755 -0.9726446
vn -0.1766409 -0.1508656 -0.9726446
vn -0.1508656 -0.1766409 -0.9726446
vn -0.1213755 -0.1980667 -0.9726446
vn -0.0888967 -0.2146155 -0.9726446
vn -0.0542289 -0.2258797 -0.9726446
vn -0.0182259 -0.2315821 -0.9726446
vn 0.0182259 -0.2315821 -0.9726446
vn 0.0542289 -0.2258797 -0.9726446
vn 0.0888967 -0.2146155 -0.9726446
vn 0.1213755 -0.1980667 -0.9726446
vn 0.1508656 -0.1766409 -0.9726446
vn 0.1766409 -0.1508656 -0.9726446
vn 0.1980667 -0.1213755 -0.9726446
vn 0.2146155 -0.0888967 -0.9726446
vn 0.2258797 -0.0542289 -0.9726446
vn 0.2315821 -0.0182259 -0.9726446
vn 0.7335778 0.0577338 -0.6771487
vn 0.7155147 0.1717799 -0.6771487
vn 0.6798332 0.2815961 -0.6771487
vn 0.6274120 0.3844786 -0.6771487
vn 0.5595418 0.4778939 -0.6771487
vn 0.4778939 0.5595418 -0.6771487
vn 0.3844786 0.6274120 -0.6771487
vn 0.2815961 0.6798332 -0.6771487
vn 0.1717799 0.7155147 -0.6771487
vn 0.0577338 0.7335778 -0.6771487
vn -0.0577338 0.7335778 -0.6771487
vn -0.1717799 0.7155147 -0.6771487
vn -0.2815961 0.6798332 -0.6771487
vn -0.3844786 0.6274120 -0.6771487
vn -0.4778939 0.5595418 -0.6771487
vn -0.5595418 0.4778939 -0.6771487
vn -0.6274120 0.3844786 -0.6771487
vn -0.6798332 0.2815961 -0.6771487
vn -0.7155147 0.1717799 -0.6771487
vn -0.7335778 0.0577338 -0.6771487
vn -0.7335778 -0.0577338 -0.6771487
vn -0.7155147 -0.1717799 -0.6771487
vn -0.6798332 -0.2815961 -0.6771487
vn -0.6274120 -0.3844786 -0.6771487
vn -0.5595418 -0.4778939 -0.6771487
vn -0.4778939 -0.5595418 -0.6771487
vn -0.3844786 -0.6274120 -0.6771487
vn -0.2815961 -0.6798332 -0.6771487
vn -0.1717799 -0.7155147 -0.6771487
vn -0.0577338 -0.7335778 -0.6771487
vn 0.0577338 -0.7335778 -0.6771487
vn 0.1717799 -0.7155147 -0.6771487
vn 0.2815961 -0.6798332 -0.6771487
vn 0.3844786 -0.6274120 -0.6771487
vn 0.4778939 -0.5595418 -0.6771487
vn 0.5595418 -0.4778939 -0.6771487
vn 0.6274120 -0.3844786 -0.6771487
vn 0.6798332 -0.2815961 -0.6771487
vn 0.7155147 -0.1717799 -0.6771487
vn 0.7335778 -0.0577338 -0.6771487
vn 0.4755283 0.3454915 -0.8090170
vn 0.5877853 0.0000000 -0.8090170
vn 0.1816356 0.5590170 -0.8090170
vn -0.1816356 0.5590170 -0.8090170
vn -0.4755283 0.3454915 -0.8090170
vn -0.5877853 0.0000000 -0.8090170
vn -0.4755283 -0.3454915 -0.8090170
vn -0.1816356 -0.5590170 -0.8090170
vn 0.1816356 -0.5590170 -0.8090170
vn 0.4755283 -0.3454915 -0.8090170
vn 0.5877853 -0.0000000 -0.8090170
vn 0.7694209 0.5590170 -0.3090170
vn 0.9510565 0.0000000 -0.3090170
vn 0.2938926 0.9045085 -0.3090170
vn -0.2938926 0.9045085 -0.3090170
vn -0.7694209 0.5590170 -0.3090170
vn -0.9510565 0.0000000 -0.3090170
vn -0.7694209 -0.5590170 -0.3090170
vn -0.2938926 -0.9045085 -0.3090170
vn 0.2938926 -0.9045085 -0.3090170
vn 0.7694209 -0.5590170 -0.3090170
vn 0.9510565 -0.0000000 -0.3090170
vn 0.7694209 0.5590170 0.3090170
vn 0.9510565 0.0000000 0.3090170
vn 0.2938926 0.9045085 0.3090170
vn -0.2938926 0.9045085 0.3090170
vn -0.7694209 0.5590170 0.3090170
vn -0.9510565 0.0000000 0.3090170
vn -0.7694209 -0.5590170 0.3090170
vn -0.2938926 -0.9045085 0.3090170
vn 0.2938926 -0.9045085 0.3090170
vn 0.7694209 -0.5590170 0.3090170
vn 0.9510565 -0.0000000 0.3090170
vn 0.4755283 0.3454915 0.8090170
vn 0.5877853 0.0000000 0.8090170
vn 0.1816356 0.5590170 0.8090170
vn -0.1816356 0.5590170 0.8090170
vn -0.4755283 0.3454915 0.8090170
vn -0.5877853 0.0000000 0.8090170
vn -0.4755283 -0.3454915 0.8090170
vn -0.1816356 -0.5590170 0.8090170
vn 0.1816356 -0.5590170 0.8090170
vn 0.4755283 -0.3454915 0.8090170
vn 0.5877853 -0.0000000 0.8090170
vn -0.8040406 0.5743147 0.1538872
vn -0.8040406 0.4204276 0.4204276
vn -0.8040406 0.1538872 0.5743147
vn -0.8040406 -0.1538872 0.5743147
vn -0.8040406 -0.4204276 0.4204276
vn -0.8040406 -0.5743147 0.1538872
vn -0.8040406 -0.5743147 -0.1538872
vn -0.8040406 -0.4204276 -0.4204276
vn -0.8040406 -0.1538872 -0.5743147
vn -0.8040406 0.1538872 -0.5743147
vn -0.8040406 0.4204276 -0.4204276
vn -0.8040406 0.5743147 -0.1538872
vn 0.0000000 0.9659258 0.2588190
vn 0.0000000 0.2588190 0.9659258
vn 0.0000000 -0.2588190 0.9659258
vn 0.0000000 -0.7071068 0.7071068
vn 0.0000000 -0.9659258 0.2588190
vn 0.0000000 -0.9659258 -0.2588190
vn 0.0000000 -0.7071068 -0.7071068
vn 0.0000000 -0.2588190 -0.9659258
vn 0.0000000 0.2588190 -0.9659258
vn 0.0000000 0.9659258 -0.2588190
vn -0.9822395 -0.1700358 0.0793308
vn -0.8907487 -0.2961743 0.3447428
vn -0.7122780 -0.4946487 0.4979785
vn -0.4946487 -0.7122780 0.4979785
vn -0.2961743 -0.8907487 0.3447428
vn -0.1700358 -0.9822395 0.0793308
vn -0.1500320 -0.9622357 -0.2271407
vn -0.2415229 -0.8360972 -0.4925527
vn -0.4199935 -0.6376228 -0.6457884
vn -0.6376228 -0.4199935 -0.6457884
vn -0.8360972 -0.2415229 -0.4925527
vn -0.9622357 -0.1500320 -0.2271407
vn -0.6998347 0.6661907 0.2577234
vn -0.5459585 0.4540415 0.7041134
vn -0.2457931 0.1202323 0.9618368
vn 0.1202323 -0.2457931 0.9618368
vn 0.4540415 -0.5459585 0.7041134
vn 0.6661907 -0.6998347 0.2577234
vn 0.6998347 -0.6661907 -0.2577234
vn 0.5459585 -0.4540415 -0.7041134
vn 0.2457931 -0.1202323 -0.9618368
vn -0.1202323 0.2457931 -0.9618368
vn -0.4540415 0.5459585 -0.7041134
vn -0.6661907 0.6998347 -0.2577234
vn -0.5743147 -0.8040406 0.1538872
vn -0.4204276 -0.8040406 0.4204276
vn -0.1538872 -0.8040406 0.5743147
vn 0.1538872 -0.8040406 0.5743147
vn 0.4204276 -0.8040406 0.4204276
vn 0.5743147 -0.8040406 0.1538872
vn 0.5743147 -0.8040406 -0.1538872
vn 0.4204276 -0.8040406 -0.4204276
vn 0.1538872 -0.8040406 -0.5743147
vn -0.1538872 -0.8040406 -0.5743147
vn -0.4204276 -0.8040406 -0.4204276
vn -0.5743147 -0.8040406 -0.1538872
vn -0.9659258 0.0000000 0.2588190
vn -0.2588190 0.0000000 0.9659258
vn 0.2588190 -0.0000000 0.9659258
vn 0.9659258 -0.0000000 0.2588190
vn 0.9659258 -0.0000000 -0.2588190
vn 0.2588190 -0.0000000 -0.9659258
vn -0.2588190 0.0000000 -0.9659258
vn -0.9659258 0.0000000 -0.2588190
vn 0.1500320 -0.9622357 0.2271407
vn 0.2415229 -0.8360972 0.4925527
vn 0.4199935 -0.6376228 0.6457884
vn 0.6376228 -0.4199935 0.6457884
vn 0.8360972 -0.2415229 0.4925527
vn 0.9622357 -0.1500320 0.2271407
vn 0.9822395 -0.1700358 -0.0793308
vn 0.8907487 -0.2961743 -0.3447428
vn 0.7122780 -0.4946487 -0.4979785
vn 0.4946487 -0.7122780 -0.4979785
vn 0.2961743 -0.8907487 -0.3447428
vn 0.1700358 -0.9822395 -0.0793308
vn -0.6998347 -0.6661907 0.2577234
vn -0.5459585 -0.4540415 0.7041134
vn -0.2457931 -0.1202323 0.9618368
vn 0.1202323 0.2457931 0.9618368
vn 0.4540415 0.5459585 0.7041134
vn 0.6661907 0.6998347 0.2577234
vn 0.6998347 0.6661907 -0.2577234
vn 0.5459585 0.4540415 -0.7041134
vn 0.2457931 0.1202323 -0.9618368
vn -0.1202323 -0.2457931 -0.9618368
vn -0.4540415 -0.5459585 -0.7041134
vn -0.6661907 -0.6998347 -0.2577234
vn 0.8040406 -0.5743147 0.1538872
vn 0.8040406 -0.4204276 0.4204276
vn 0.8040406 -0.1538872 0.5743147
vn 0.8040406 0.1538872 0.5743147
vn 0.8040406 0.4204276 0.4204276
vn 0.8040406 0.5743147 0.1538872
vn 0.8040406 0.5743147 -0.1538872
vn 0.8040406 0.4204276 -0.4204276
vn 0.8040406 0.1538872 -0.5743147
vn 0.8040406 -0.1538872 -0.5743147
vn 0.8040406 -0.4204276 -0.4204276
vn 0.8040406 -0.5743147 -0.1538872
vn -0.0000000 -0.9659258 0.2588190
vn -0.0000000 -0.2588190 0.9659258
vn -0.0000000 -0.2588190 -0.9659258
vn -0.0000000 -0.9659258 -0.2588190
vn 0.9822395 0.1700358 0.0793308
vn 0.8907487 0.2961743 0.3447428
vn 0.7122780 0.4946487 0.4979785
vn 0.4946487 0.7122780 0.4979785
vn 0.2961743 0.8907487 0.3447428
vn 0.1700358 0.9822395 0.0793308
vn 0.1500320 0.9622357 -0.2271407
vn 0.2415229 0.8360972 -0.4925527
vn 0.4199935 0.6376228 -0.6457884
vn 0.6376228 0.4199935 -0.6457884
vn 0.8360972 0.2415229 -0.4925527
vn 0.9622357 0.1500320 -0.2271407
vn 0.6998347 -0.6661907 0.2577234
vn 0.5459585 -0.4540415 0.7041134
vn 0.2457931 -0.1202323 0.9618368
vn -0.1202323 0.2457931 0.9618368
vn -0.4540415 0.5459585 0.7041134
vn -0.6661907 0.6998347 0.2577234
vn -0.6998347 0.6661907 -0.2577234
vn -0.5459585 0.4540415 -0.7041134
vn -0.2457931 0.1202323 -0.9618368
vn 0.1202323 -0.2457931 -0.9618368
vn 0.4540415 -0.5459585 -0.7041134
vn 0.6661907 -0.6998347 -0.2577234
vn 0.5743147 0.8040406 0.1538872
vn 0.4204276 0.8040406 0.4204276
vn 0.1538872 0.8040406 0.5743147
vn -0.1538872 0.8040406 0.5743147
vn -0.4204276 0.8040406 0.4204276
vn -0.5743147 0.8040406 0.1538872
vn -0.5743147 0.8040406 -0.1538872
vn -0.4204276 0.8040406 -0.4204276
vn -0.1538872 0.8040406 -0.5743147
vn 0.1538872 0.8040406 -0.5743147
vn 0.4204276 0.8040406 -0.4204276
vn 0.5743147 0.8040406 -0.1538872
vn -0.1500320 0.9622357 0.2271407
vn -0.2415229 0.8360972 0.4925527
vn -0.4199935 0.6376228 0.6457884
vn -0.6376228 0.4199935 0.6457884
vn -0.8360972 0.2415229 0.4925527
vn -0.9622357 0.1500320 0.2271407
vn -0.9822395 0.1700358 -0.0793308
vn -0.8907487 0.2961743 -0.3447428
vn -0.7122780 0.4946487 -0.4979785
vn -0.4946487 0.7122780 -0.4979785
vn -0.2961743 0.8907487 -0.3447428
vn -0.1700358 0.9822395 -0.0793308
vn 0.6998347 0.6661907 0.2577234
vn 0.5459585 0.4540415 0.7041134
vn 0.2457931 0.1202323 0.9618368
vn -0.1202323 -0.2457931 0.9618368
vn -0.4540415 -0.5459585 0.7041134
vn -0.6661907 -0.6998347 0.2577234
vn -0.6998347 -0.6661907 -0.2577234
vn -0.5459585 -0.4540415 -0.7041134
vn -0.2457931 -0.1202323 -0.9618368
vn 0.1202323 0.2457931 -0.9618368
vn 0.4540415 0.5459585 -0.7041134
vn 0.6661907 0.6998347 -0.2577234
vn 0.9841833 0.0000000 -0.1771530
vn -0.9841833 0.0000000 0.1771530
vn 0.1771530 0.0000000 0.9841833
vn -0.1771530 0.0000000 -0.9841833
vn -0.0000000 1.0000000 -0.0000000
vn 0.3535534 0.6123724 -0.7071068
vn -0.3535534 0.6123724 -0.7071068
vn -0.3535534 -0.6123724 -0.7071068
vn 0.3535534 -0.6123724 -0.7071068
vn 0.5000000 0.8660254 -0.0000000
vn -0.5000000 0.8660254 -0.0000000
vn -0.5000000 -0.8660254 -0.0000000
vn 0.5000000 -0.8660254 -0.0000000
vn 0.3535534 0.6123724 0.7071068
vn -0.3535534 0.6123724 0.7071068
vn -0.3535534 -0.6123724 0.7071068
vn 0.3535534 -0.6123724 0.7071068
vn 0.0000000 0.9841833 -0.1771530
vn 0.0000000 -0.9841833 0.1771530
vn -0.0000000 0.1771530 0.9841833
vn -0.0000000 -0.1771530 -0.9841833
vn -1.0000000 -0.0000000 -0.0000000
vn -0.9841833 0.0000000 -0.1771530
vn 0.9841833 -0.0000000 0.1771530
vn 0.9841833 0.0000000 0.1771530
vn -0.1771530 -0.0000000 0.9841833
vn 0.1771530 -0.0000000 -0.9841833
vn -0.0000000 -0.9841833 -0.1771530
vn 0.0000000 0.9841833 0.1771530
vn 0.0000000 -0.9841833 -0.1771530
vn -0.0000000 -0.1771530 0.9841833
vn -0.0000000 0.1771530 -0.9841833
vn 0.0390288 0.0061816 -0.9992190
vn 0.0395153 0.0000000 -0.9992190
vn 0.0375813 0.0122109 -0.9992190
vn 0.0352084 0.0179396 -0.9992190
vn 0.0319686 0.0232265 -0.9992190
vn 0.0279416 0.0279416 -0.9992190
vn 0.0232265 0.0319686 -0.9992190
vn 0.0179396 0.0352084 -0.9992190
vn 0.0122109 0.0375813 -0.9992190
vn 0.0061816 0.0390288 -0.9992190
vn 0.0000000 0.0395153 -0.9992190
vn -0.0061816 0.0390288 -0.9992190
vn -0.0122109 0.0375813 -0.9992190
vn -0.0179396 0.0352084 -0.9992190
vn -0.0232265 0.0319686 -0.9992190
vn -0.0279416 0.0279416 -0.9992190
vn -0.0319686 0.0232265 -0.9992190
vn -0.0352084 0.0179396 -0.9992190
vn -0.0375813 0.0122109 -0.9992190
vn -0.0390288 0.0061816 -0.9992190
vn -0.0395153 0.0000000 -0.9992190
vn -0.0390288 -0.0061816 -0.9992190
vn -0.0375813 -0.0122109 -0.9992190
vn -0.0352084 -0.0179396 -0.9992190
vn -0.0319686 -0.0232265 -0.9992190
vn -0.0279416 -0.0279416 -0.9992190
vn -0.0232265 -0.0319686 -0.9992190
vn -0.0179396 -0.0352084 -0.9992190
vn -0.0122109 -0.0375813 -0.9992190
vn -0.0061816 -0.0390288 -0.9992190
vn -0.0000000 -0.0395153 -0.9992190
vn 0.0061816 -0.0390288 -0.9992190
vn 0.0122109 -0.0375813 -0.9992190
vn 0.0179396 -0.0352084 -0.9992190
vn 0.0232265 -0.0319686 -0.9992190
vn 0.0279416 -0.0279416 -0.9992190
vn 0.0319686 -0.0232265 -0.9992190
vn 0.0352084 -0.0179396 -0.9992190
vn 0.0375813 -0.0122109 -0.9992190
vn 0.0390288 -0.0061816 -0.9992190
vn 0.0395153 -0.0000000 -0.9992190
vn 0.5581155 0.0883968 -0.8250413
vn 0.5650725 0.0000000 -0.8250413
vn 0.5374159 0.1746170 -0.8250413
vn 0.5034833 0.2565375 -0.8250413
vn 0.4571532 0.3321413 -0.8250413
vn 0.3995666 0.3995666 -0.8250413
vn 0.3321413 0.4571532 -0.8250413
vn 0.2565375 0.5034833 -0.8250413
vn 0.1746170 0.5374159 -0.8250413
vn 0.0883968 0.5581155 -0.8250413
vn 0.0000000 0.5650725 -0.8250413
vn -0.0883968 0.5581155 -0.8250413
vn -0.1746170 0.5374159 -0.8250413
vn -0.2565375 0.5034833 -0.8250413
vn -0.3321413 0.4571532 -0.8250413
vn -0.3995666 0.3995666 -0.8250413
vn -0.4571532 0.3321413 -0.8250413
vn -0.5034833 0.2565375 -0.8250413
vn -0.5374159 0.1746170 -0.8250413
vn -0.5581155 0.0883968 -0.8250413
vn -0.5650725 0.0000000 -0.8250413
vn -0.5581155 -0.0883968 -0.8250413
vn -0.5374159 -0.1746170 -0.8250413
vn -0.5034833 -0.2565375 -0.8250413
vn -0.4571532 -0.3321413 -0.8250413
vn -0.3995666 -0.3995666 -0.8250413
vn -0.3321413 -0.4571532 -0.8250413
vn -0.2565375 -0.5034833 -0.8250413
vn -0.1746170 -0.5374159 -0.8250413
vn -0.0883968 -0.5581155 -0.8250413
vn -0.0000000 -0.5650725 -0.8250413
vn 0.0883968 -0.5581155 -0.8250413
vn 0.1746170 -0.5374159 -0.8250413
vn 0.2565375 -0.5034833 -0.8250413
vn 0.3321413 -0.4571532 -0.8250413
vn 0.3995666 -0.3995666 -0.8250413
vn 0.4571532 -0.3321413 -0.8250413
vn 0.5034833 -0.2565375 -0.8250413
vn 0.5374159 -0.1746170 -0.8250413
vn 0.5581155 -0.0883968 -0.8250413
vn 0.5650725 -0.0000000 -0.8250413
vn 0.7964768 0.1261495 -0.5913637
vn 0.8064050 0.0000000 -0.5913637
vn 0.7669367 0.2491928 -0.5913637
vn 0.7185121 0.3661002 -0.5913637
vn 0.6523953 0.4739930 -0.5913637
vn 0.5702144 0.5702144 -0.5913637
vn 0.4739930 0.6523953 -0.5913637
vn 0.3661002 0.7185121 -0.5913637
vn 0.2491928 0.7669367 -0.5913637
vn 0.1261495 0.7964768 -0.5913637
vn 0.0000000 0.8064050 -0.5913637
vn -0.1261495 0.7964768 -0.5913637
vn -0.2491928 0.7669367 -0.5913637
vn -0.3661002 0.7185121 -0.5913637
vn -0.4739930 0.6523953 -0.5913637
vn -0.5702144 0.5702144 -0.5913637
vn -0.6523953 0.4739930 -0.5913637
vn -0.7185121 0.3661002 -0.5913637
vn -0.7669367 0.2491928 -0.5913637
vn -0.7964768 0.1261495 -0.5913637
vn -0.8064050 0.0000000 -0.5913637
vn -0.7964768 -0.1261495 -0.5913637
vn -0.7669367 -0.2491928 -0.5913637
vn -0.7185121 -0.3661002 -0.5913637
vn -0.6523953 -0.4739930 -0.5913637
vn -0.5702144 -0.5702144 -0.5913637
vn -0.4739930 -0.6523953 -0.5913637
vn -0.3661002 -0.7185121 -0.5913637
vn -0.2491928 -0.7669367 -0.5913637
vn -0.1261495 -0.7964768 -0.5913637
vn -0.0000000 -0.8064050 -0.5913637
vn 0.1261495 -0.7964768 -0.5913637
vn 0.2491928 -0.7669367 -0.5913637
vn 0.3661002 -0.7185121 -0.5913637
vn 0.4739930 -0.6523953 -0.5913637
vn 0.5702144 -0.5702144 -0.5913637
vn 0.6523953 -0.4739930 -0.5913637
vn 0.7185121 -0.3661002 -0.5913637
vn 0.7669367 -0.2491928 -0.5913637
vn 0.7964768 -0.1261495 -0.5913637
vn 0.8064050 -0.0000000 -0.5913637
vn 0.4330127 0.2500000 -0.8660254
vn 0.5000000 0.0000000 -0.8660254
vn 0.2500000 0.4330127 -0.8660254
vn 0.0000000 0.5000000 -0.8660254
vn -0.2500000 0.4330127 -0.8660254
vn -0.4330127 0.2500000 -0.8660254
vn -0.5000000 0.0000000 -0.8660254
vn -0.4330127 -0.2500000 -0.8660254
vn -0.2500000 -0.4330127 -0.8660254
vn -0.0000000 -0.5000000 -0.8660254
vn 0.2500000 -0.4330127 -0.8660254
vn 0.4330127 -0.2500000 -0.8660254
vn 0.5000000 -0.0000000 -0.8660254
vn 0.7500000 0.4330127 -0.5000000
vn 0.8660254 0.0000000 -0.5000000
vn 0.4330127 0.7500000 -0.5000000
vn 0.0000000 0.8660254 -0.5000000
vn -0.4330127 0.7500000 -0.5000000
vn -0.7500000 0.4330127 -0.5000000
vn -0.8660254 0.0000000 -0.5000000
vn -0.7500000 -0.4330127 -0.5000000
vn -0.4330127 -0.7500000 -0.5000000
vn -0.0000000 -0.8660254 -0.5000000
vn 0.4330127 -0.7500000 -0.5000000
vn 0.7500000 -0.4330127 -0.5000000
vn 0.8660254 -0.0000000 -0.5000000
vn 0.8660254 0.5000000 -0.0000000
vn -0.8660254 0.5000000 -0.0000000
vn -0.8660254 -0.5000000 -0.0000000
vn 0.8660254 -0.5000000 -0.0000000
vn 0.7500000 0.4330127 0.5000000
vn 0.8660254 0.0000000 0.5000000
vn 0.4330127 0.7500000 0.5000000
vn 0.0000000 0.8660254 0.5000000
vn -0.4330127 0.7500000 0.5000000
vn -0.7500000 0.4330127 0.5000000
vn -0.8660254 0.0000000 0.5000000
vn -0.7500000 -0.4330127 0.5000000
vn -0.4330127 -0.7500000 0.5000000
vn -0.0000000 -0.8660254 0.5000000
vn 0.4330127 -0.7500000 0.5000000
vn 0.7500000 -0.4330127 0.5000000
vn 0.8660254 -0.0000000 0.5000000
vn 0.4330127 0.2500000 0.8660254
vn 0.5000000 0.0000000 0.8660254
vn 0.2500000 0.4330127 0.8660254
vn 0.0000000 0.5000000 0.8660254
vn -0.2500000 0.4330127 0.8660254
vn -0.4330127 0.2500000 0.8660254
vn -0.5000000 0.0000000 0.8660254
vn -0.4330127 -0.2500000 0.8660254
vn -0.2500000 -0.4330127 0.8660254
vn -0.0000000 -0.5000000 0.8660254
vn 0.2500000 -0.4330127 0.8660254
vn 0.4330127 -0.2500000 0.8660254
vn 0.5000000 -0.0000000 0.8660254
vn 0.3492269 -0.1722997 -0.9210610
vn 0.6354591 -0.3174799 -0.7038453
vn 0.5455895 -0.4548999 -0.7038453
vn 0.3009561 -0.2471276 -0.9210610
vn 0.3792374 -0.0884626 -0.9210610
vn 0.6913762 -0.1630971 -0.7038453
vn 0.3894183 0.0000000 -0.9210610
vn 0.7103533 0.0000000 -0.7038453
vn 0.3792374 0.0884626 -0.9210610
vn 0.6913762 0.1630971 -0.7038453
vn 0.3492269 0.1722997 -0.9210610
vn 0.6354591 0.3174799 -0.7038453
vn 0.3009561 0.2471276 -0.9210610
vn 0.5455895 0.4548999 -0.7038453
vn 0.8250462 -0.4173669 -0.3809248
vn 0.7056864 -0.5974136 -0.3809248
vn 0.8993717 -0.2145386 -0.3809248
vn 0.9246060 0.0000000 -0.3809248
vn 0.8993717 0.2145386 -0.3809248
vn 0.8250462 0.4173669 -0.3809248
vn 0.7056864 0.5974136 -0.3809248
vn 0.8900534 -0.4558555 -0.0007963
vn 0.7583616 -0.6518336 -0.0007963
vn 0.9721246 -0.2344634 -0.0007963
vn 0.9721246 0.2344634 -0.0007963
vn 0.8900534 0.4558555 -0.0007963
vn 0.7583616 0.6518336 -0.0007963
vn 0.8255865 -0.4176402 0.3794518
vn 0.7061485 -0.5978049 0.3794518
vn 0.8999607 -0.2146791 0.3794518
vn 0.9252115 0.0000000 0.3794518
vn 0.8999607 0.2146791 0.3794518
vn 0.8255865 0.4176402 0.3794518
vn 0.7061485 0.5978049 0.3794518
vn 0.6364611 -0.3179805 0.7027131
vn 0.5464497 -0.4556172 0.7027131
vn 0.6924664 -0.1633543 0.7027131
vn 0.7114734 0.0000000 0.7027131
vn 0.6924664 0.1633543 0.7027131
vn 0.6364611 0.3179805 0.7027131
vn 0.5464497 0.4556172 0.7027131
vn 0.3505420 -0.1729486 0.9204396
vn 0.3020894 -0.2480582 0.9204396
vn 0.3806655 -0.0887958 0.9204396
vn 0.3908848 0.0000000 0.9204396
vn 0.3806655 0.0887958 0.9204396
vn 0.3505420 0.1729486 0.9204396
vn 0.3020894 0.2480582 0.9204396
vn -0.3009561 0.2471276 0.9210610
vn -0.5455895 0.4548999 0.7038453
vn -0.6354591 0.3174799 0.7038453
vn -0.3492269 0.1722997 0.9210610
vn -0.6913762 0.1630971 0.7038453
vn -0.3792374 0.0884626 0.9210610
vn -0.7103533 -0.0000000 0.7038453
vn -0.3894183 -0.0000000 0.9210610
vn -0.6913762 -0.1630971 0.7038453
vn -0.3792374 -0.0884626 0.9210610
vn -0.6354591 -0.3174799 0.7038453
vn -0.3492269 -0.1722997 0.9210610
vn -0.5455895 -0.4548999 0.7038453
vn -0.3009561 -0.2471276 0.9210610
vn -0.7056864 0.5974136 0.3809248
vn -0.8250462 0.4173669 0.3809248
vn -0.8993717 0.2145386 0.3809248
vn -0.9246060 -0.0000000 0.3809248
vn -0.8993717 -0.2145386 0.3809248
vn -0.8250462 -0.4173669 0.3809248
vn -0.7056864 -0.5974136 0.3809248
vn -0.7583616 0.6518336 0.0007963
vn -0.8900534 0.4558555 0.0007963
vn -0.9721246 0.2344634 0.0007963
vn -0.9999997 -0.0000000 0.0007963
vn -0.9721246 -0.2344634 0.0007963
vn -0.8900534 -0.4558555 0.0007963
vn -0.7583616 -0.6518336 0.0007963
vn -0.7061485 0.5978049 -0.3794518
vn -0.8255865 0.4176402 -0.3794518
vn -0.8999607 0.2146791 -0.3794518
vn -0.9252115 -0.0000000 -0.3794518
vn -0.8999607 -0.2146791 -0.3794518
vn -0.8255865 -0.4176402 -0.3794518
vn -0.7061485 -0.5978049 -0.3794518
vn -0.5464497 0.4556172 -0.7027131
vn -0.6364611 0.3179805 -0.7027131
vn -0.6924664 0.1633543 -0.7027131
vn -0.7114734 -0.0000000 -0.7027131
vn -0.6924664 -0.1633543 -0.7027131
vn -0.6364611 -0.3179805 -0.7027131
vn -0.5464497 -0.4556172 -0.7027131
vn -0.3020894 0.2480582 -0.9204396
vn -0.3505420 0.1729486 -0.9204396
vn -0.3806655 0.0887958 -0.9204396
vn -0.3908848 -0.0000000 -0.9204396
vn -0.3806655 -0.0887958 -0.9204396
vn -0.3505420 -0.1729486 -0.9204396
vn -0.3020894 -0.2480582 -0.9204396
vn -0.7747575 0.4997892 -0.3872488
vn -0.8680374 0.3107242 -0.3872488
vn -0.9159294 0.1054120 -0.3872488
vn -0.9159294 -0.1054120 -0.3872488
vn -0.8680374 -0.3107242 -0.3872488
vn -0.7747575 -0.4997892 -0.3872488
vn -0.6445192 0.7645687 -0.0054567
vn -0.6501379 0.7597058 -0.0129550
vn -0.6517364 0.7582263 -0.0182365
vn -0.6517142 0.7582451 0.0182485
vn -0.6501284 0.7597134 0.0129839
vn -0.6445280 0.7645611 0.0054859
vn -0.7742406 -0.4994558 0.3887099
vn -0.8674583 -0.3105169 0.3887099
vn -0.9153184 -0.1053417 0.3887099
vn -0.9153184 0.1053417 0.3887099
vn -0.8674583 0.3105169 0.3887099
vn -0.7742406 0.4994558 0.3887099
vn -0.6445280 -0.7645611 0.0054859
vn -0.6501284 -0.7597134 0.0129839
vn -0.6517142 -0.7582451 0.0182485
vn -0.6517364 -0.7582263 -0.0182365
vn -0.6501379 -0.7597058 -0.0129550
vn -0.6445192 -0.7645687 -0.0054567
vn 1.0000000 0.0000000 0.0000000
vn -1.0000000 0.0000000 0.0000000
vn -0.8016199 0.0000000 0.5978340
vn -0.1798048 0.8848144 0.4298530
vn 0.0656920 0.6477291 0.7590333
vn 0.2074297 0.2370853 0.9490856
vn 0.2074297 -0.2370853 0.9490856
vn 0.0656920 -0.6477291 0.7590333
vn -0.1798048 -0.8848144 0.4298530
vn -0.4632801 -0.8848144 0.0497484
vn -0.7087770 -0.6477291 -0.2794319
vn -0.8505146 -0.2370853 -0.4694842
vn -0.8505146 0.2370853 -0.4694842
vn -0.7087770 0.6477291 -0.2794319
vn -0.4632801 0.8848144 0.0497484
vn 0.1547308 0.9659258 0.2074745
vn 0.4227325 0.7071068 0.5668309
vn 0.5774633 0.2588190 0.7743054
vn 0.5774633 -0.2588190 0.7743054
vn 0.4227325 -0.7071068 0.5668309
vn 0.1547308 -0.9659258 0.2074745
vn -0.1547308 -0.9659258 -0.2074745
vn -0.4227325 -0.7071068 -0.5668309
vn -0.5774633 -0.2588190 -0.7743054
vn -0.5774633 0.2588190 -0.7743054
vn -0.4227325 0.7071068 -0.5668309
vn -0.1547308 0.9659258 -0.2074745
vn 0.6613537 0.7043878 -0.2577775
vn 0.8567901 0.5156476 0.0042781
vn 0.9696253 0.1887401 0.1555760
vn 0.9696253 -0.1887401 0.1555760
vn 0.8567901 -0.5156476 0.0042781
vn 0.6613537 -0.7043878 -0.2577775
vn 0.4356831 -0.7043878 -0.5603732
vn 0.2402467 -0.5156476 -0.8224287
vn 0.1274114 -0.1887401 -0.9737266
vn 0.1274114 0.1887401 -0.9737266
vn 0.2402467 0.5156476 -0.8224287
vn 0.4356831 0.7043878 -0.5603732
vn 0.8016199 0.0000000 -0.5978340
vn -0.6448136 0.4371275 0.6270047
vn -0.5235301 0.3199996 0.7896306
vn -0.4535070 0.1171280 0.8835227
vn -0.4535070 -0.1171280 0.8835227
vn -0.5235301 -0.3199996 0.7896306
vn -0.6448136 -0.4371275 0.6270047
vn -0.7848598 -0.4371275 0.4392205
vn -0.9061433 -0.3199996 0.2765945
vn -0.9761664 -0.1171280 0.1827024
vn -0.9761664 0.1171280 0.1827024
vn -0.9061433 0.3199996 0.2765945
vn -0.7848598 0.4371275 0.4392205
vn 0.8089268 0.3095605 -0.4998097
vn 0.8948161 0.2266140 -0.3846430
vn 0.9444043 0.0829465 -0.3181514
vn 0.9444043 -0.0829465 -0.3181514
vn 0.8948161 -0.2266140 -0.3846430
vn 0.8089268 -0.3095605 -0.4998097
vn 0.7097503 -0.3095605 -0.6327928
vn 0.6238610 -0.2266140 -0.7479596
vn 0.5742728 -0.0829465 -0.8144511
vn 0.5742728 0.0829465 -0.8144511
vn 0.6238610 0.2266140 -0.7479596
vn 0.7097503 0.3095605 -0.6327928
vn 0.8733662 0.4005441 -0.2771209
vn -0.8733662 -0.4005441 0.2771209
vn -0.2518934 -0.1155236 -0.9608351
vn -0.4168708 0.9089657 -0.0000000
vn 0.2518934 0.1155236 0.9608351
vn 0.4168708 -0.9089657 0.0000000
vn -0.8084964 0.0000000 -0.5885011
vn -0.4638257 0.8848144 -0.0443745
vn -0.7054901 0.6477291 0.2876295
vn -0.8450150 0.2370853 0.4793122
vn -0.8450150 -0.2370853 0.4793122
vn -0.7054901 -0.6477291 0.2876295
vn -0.4638257 -0.8848144 -0.0443745
vn -0.1847758 -0.8848144 -0.4277398
vn 0.0568886 -0.6477291 -0.7597438
vn 0.1964135 -0.2370853 -0.9514264
vn 0.1964135 0.2370853 -0.9514264
vn 0.0568886 0.6477291 -0.7597438
vn -0.1847758 0.8848144 -0.4277398
vn -0.1523153 0.9659258 0.2092543
vn -0.4161331 0.7071068 0.5716933
vn -0.5684484 0.2588190 0.7809476
vn -0.5684484 -0.2588190 0.7809476
vn -0.4161331 -0.7071068 0.5716933
vn -0.1523153 -0.9659258 0.2092543
vn 0.1523153 -0.9659258 -0.2092543
vn 0.4161331 -0.7071068 -0.5716933
vn 0.5684484 -0.2588190 -0.7809476
vn 0.5684484 0.2588190 -0.7809476
vn 0.4161331 0.7071068 -0.5716933
vn 0.1523153 0.9659258 -0.2092543
vn 0.4421499 0.7043878 0.5552849
vn 0.2497645 0.5156476 0.8195884
vn 0.1386907 0.1887401 0.9721842
vn 0.1386907 -0.1887401 0.9721842
vn 0.2497645 -0.5156476 0.8195884
vn 0.4421499 -0.7043878 0.5552849
vn 0.6642975 -0.7043878 0.2500935
vn 0.8566829 -0.5156476 -0.0142101
vn 0.9677567 -0.1887401 -0.1668058
vn 0.9677567 0.1887401 -0.1668058
vn 0.8566829 0.5156476 -0.0142101
vn 0.6642975 0.7043878 0.2500935
vn 0.8084964 0.0000000 0.5885011
vn -0.7898987 0.4371275 -0.4300925
vn -0.9092888 0.3199996 -0.2660716
vn -0.9782188 0.1171280 -0.1713740
vn -0.9782188 -0.1171280 -0.1713740
vn -0.9092888 -0.3199996 -0.2660716
vn -0.7898987 -0.4371275 -0.4300925
vn -0.6520388 -0.4371275 -0.6194876
vn -0.5326486 -0.3199996 -0.7835086
vn -0.4637187 -0.1171280 -0.8782061
vn -0.4637187 0.1171280 -0.8782061
vn -0.5326486 0.3199996 -0.7835086
vn -0.6520388 0.4371275 -0.6194876
vn 0.7170382 0.3095605 0.6245226
vn 0.6324897 0.2266140 0.7406773
vn 0.5836756 0.0829465 0.8077392
vn 0.5836756 -0.0829465 0.8077392
vn 0.6324897 -0.2266140 0.7406773
vn 0.7170382 -0.3095605 0.6245226
vn 0.8146664 -0.3095605 0.4903987
vn 0.8992149 -0.2266140 0.3742441
vn 0.9480290 -0.0829465 0.3071821
vn 0.9480290 0.0829465 0.3071821
vn 0.8992149 0.2266140 0.3742441
vn 0.8146664 0.3095605 0.4903987
vn 0.8737662 0.4007276 0.2755902
vn -0.8737662 -0.4007276 -0.2755902
vn 0.2505021 0.1148855 -0.9612752
vn -0.2505021 -0.1148855 0.9612752
vn -0.4168708 0.9089657 0.0000000
vn 0.4168708 -0.9089657 -0.0000000
vn -0.5908939 0.3541993 0.7248360
vn 0.6947695 0.5884025 0.4136156
vn 0.5610065 -0.3362839 0.7564290
vn -0.1914816 -0.8900882 0.4136156
vn -0.8102067 -0.5192060 -0.2720113
vn -0.6764437 0.4054804 -0.6148248
vn 0.0760444 0.9592847 -0.2720113
vn 0.7561039 0.5564654 0.3444607
vn 0.6216981 -0.3726643 0.6889214
vn -0.1344058 -0.9291296 0.3444607
vn -0.7561039 -0.5564654 -0.3444607
vn -0.6216981 0.3726643 -0.6889214
vn 0.1344058 0.9291296 -0.3444607
vn 0.8615323 0.4716512 0.1879020
vn 0.7300042 -0.4375861 0.5249879
vn -0.0099118 -0.9821378 0.1879020
vn -0.6182997 -0.6174521 -0.4862699
vn -0.4867715 0.2917852 -0.8233559
vn 0.2531445 0.8363369 -0.4862699
vn 0.5908939 -0.3541993 -0.7248360
vn 0.4529129 0.6521304 0.6079439
vn 0.3299652 -0.1977909 0.9230394
vn -0.3616808 -0.7068176 0.6079439
vn -0.9303792 -0.3659230 -0.0222470
vn -0.8074315 0.4839984 -0.3373424
vn -0.1157855 0.9930251 -0.0222470
vn 0.9566731 0.2682716 -0.1131675
vn 0.8446263 -0.5062940 0.1739910
vn 0.2143030 -0.9701893 -0.1131675
vn -0.3039734 -0.6595191 -0.6874843
vn -0.1919265 0.1150464 -0.9746428
vn 0.4383967 0.5789418 -0.6874843
vn -0.5918833 0.3547924 -0.7237379
vn 0.0764164 0.9590617 0.2726926
vn -0.6756030 0.4049764 0.6160801
vn -0.8098347 -0.5194290 0.2726926
vn -0.1920470 -0.8897493 -0.4140823
vn 0.5599724 -0.3356641 -0.7574698
vn 0.6942041 0.5887414 -0.4140823
vn 0.1348767 0.9288474 0.3450375
vn -0.6207563 0.3720997 0.6900750
vn -0.7556330 -0.5567477 0.3450375
vn -0.1348767 -0.9288474 -0.3450375
vn 0.6207563 -0.3720997 -0.6900750
vn 0.7556330 0.5567477 -0.3450375
vn 0.2538090 0.8359386 0.4866083
vn -0.4856461 0.2911107 0.8242587
vn -0.6176352 -0.6178504 0.4866083
vn -0.0101691 -0.9819836 -0.1886924
vn 0.7292861 -0.4371557 -0.5263428
vn 0.8612751 0.4718054 -0.1886924
vn 0.5918833 -0.3547924 0.7237379
vn -0.1157544 0.9930065 0.0232182
vn -0.8069697 0.4837215 0.3388413
vn -0.9303481 -0.3659416 0.0232182
vn -0.3625114 -0.7063198 -0.6080279
vn 0.3287039 -0.1970349 -0.9236509
vn 0.4520824 0.6526283 -0.6080279
vn 0.4393358 0.5783789 0.6873587
vn -0.1905949 0.1142482 0.9749979
vn -0.3030344 -0.6600820 0.6873587
vn 0.2144568 -0.9702816 0.1120802
vn 0.8443875 -0.5061509 -0.1755591
vn 0.9568270 0.2681793 0.1120802
vn -0.5908939 -0.3541993 0.7248360
vn -0.1914816 0.8900882 0.4136156
vn 0.5610065 0.3362839 0.7564290
vn 0.6947695 -0.5884025 0.4136156
vn 0.0760444 -0.9592847 -0.2720113
vn -0.6764437 -0.4054804 -0.6148248
vn -0.8102067 0.5192060 -0.2720113
vn -0.1344058 0.9291296 0.3444607
vn 0.6216981 0.3726643 0.6889214
vn 0.7561039 -0.5564654 0.3444607
vn 0.1344058 -0.9291296 -0.3444607
vn -0.6216981 -0.3726643 -0.6889214
vn -0.7561039 0.5564654 -0.3444607
vn -0.0099118 0.9821378 0.1879020
vn 0.7300042 0.4375861 0.5249879
vn 0.8615323 -0.4716512 0.1879020
vn 0.2531445 -0.8363369 -0.4862699
vn -0.4867715 -0.2917852 -0.8233559
vn -0.6182997 0.6174521 -0.4862699
vn 0.5908939 0.3541993 -0.7248360
vn -0.3616808 0.7068176 0.6079439
vn 0.3299652 0.1977909 0.9230394
vn 0.4529129 -0.6521304 0.6079439
vn -0.1157855 -0.9930251 -0.0222470
vn -0.8074315 -0.4839984 -0.3373424
vn -0.9303792 0.3659230 -0.0222470
vn 0.2143030 0.9701893 -0.1131675
vn 0.8446263 0.5062940 0.1739910
vn 0.9566731 -0.2682716 -0.1131675
vn 0.4383967 -0.5789418 -0.6874843
vn -0.1919265 -0.1150464 -0.9746428
vn -0.3039734 0.6595191 -0.6874843
vn -0.5918833 -0.3547924 -0.7237379
vn -0.8098347 0.5194290 0.2726926
vn -0.6756030 -0.4049764 0.6160801
vn 0.0764164 -0.9590617 0.2726926
vn 0.6942041 -0.5887414 -0.4140823
vn 0.5599724 0.3356641 -0.7574698
vn -0.1920470 0.8897493 -0.4140823
vn -0.7556330 0.5567477 0.3450375
vn -0.6207563 -0.3720997 0.6900750
vn 0.1348767 -0.9288474 0.3450375
vn 0.7556330 -0.5567477 -0.3450375
vn 0.6207563 0.3720997 -0.6900750
vn -0.1348767 0.9288474 -0.3450375
vn -0.6176352 0.6178504 0.4866083
vn -0.4856461 -0.2911107 0.8242587
vn 0.2538090 -0.8359386 0.4866083
vn 0.8612751 -0.4718054 -0.1886924
vn 0.7292861 0.4371557 -0.5263428
vn -0.0101691 0.9819836 -0.1886924
vn 0.5918833 0.3547924 0.7237379
vn -0.9303481 0.3659416 0.0232182
vn -0.8069697 -0.4837215 0.3388413
vn -0.1157544 -0.9930065 0.0232182
vn 0.4520824 -0.6526283 -0.6080279
vn 0.3287039 0.1970349 -0.9236509
vn -0.3625114 0.7063198 -0.6080279
vn -0.3030344 0.6600820 0.6873587
vn -0.1905949 -0.1142482 0.9749979
vn 0.4393358 -0.5783789 0.6873587
vn 0.9568270 -0.2681793 0.1120802
vn 0.8443875 0.5061509 -0.1755591
vn 0.2144568 0.9702816 0.1120802
vn 0.1722997 0.3492269 -0.9210610
vn 0.3174799 0.6354591 -0.7038453
vn 0.4548999 0.5455895 -0.7038453
vn 0.2471276 0.3009561 -0.9210610
vn 0.0884626 0.3792374 -0.9210610
vn 0.1630971 0.6913762 -0.7038453
vn 0.0000000 0.3894183 -0.9210610
vn 0.0000000 0.7103533 -0.7038453
vn -0.0884626 0.3792374 -0.9210610
vn -0.1630971 0.6913762 -0.7038453
vn -0.1722997 0.3492269 -0.9210610
vn -0.3174799 0.6354591 -0.7038453
vn -0.2471276 0.3009561 -0.9210610
vn -0.4548999 0.5455895 -0.7038453
vn 0.4173669 0.8250462 -0.3809248
vn 0.5974136 0.7056864 -0.3809248
vn 0.2145386 0.8993717 -0.3809248
vn 0.0000000 0.9246060 -0.3809248
vn -0.2145386 0.8993717 -0.3809248
vn -0.4173669 0.8250462 -0.3809248
vn -0.5974136 0.7056864 -0.3809248
vn 0.4558555 0.8900534 -0.0007963
vn 0.6518336 0.7583616 -0.0007963
vn 0.2344634 0.9721246 -0.0007963
vn -0.2344634 0.9721246 -0.0007963
vn -0.4558555 0.8900534 -0.0007963
vn -0.6518336 0.7583616 -0.0007963
vn 0.4176402 0.8255865 0.3794518
vn 0.5978049 0.7061485 0.3794518
vn 0.2146791 0.8999607 0.3794518
vn 0.0000000 0.9252115 0.3794518
vn -0.2146791 0.8999607 0.3794518
vn -0.4176402 0.8255865 0.3794518
vn -0.5978049 0.7061485 0.3794518
vn 0.3179805 0.6364611 0.7027131
vn 0.4556172 0.5464497 0.7027131
vn 0.1633543 0.6924664 0.7027131
vn 0.0000000 0.7114734 0.7027131
vn -0.1633543 0.6924664 0.7027131
vn -0.3179805 0.6364611 0.7027131
vn -0.4556172 0.5464497 0.7027131
vn 0.1729486 0.3505420 0.9204396
vn 0.2480582 0.3020894 0.9204396
vn 0.0887958 0.3806655 0.9204396
vn 0.0000000 0.3908848 0.9204396
vn -0.0887958 0.3806655 0.9204396
vn -0.1729486 0.3505420 0.9204396
vn -0.2480582 0.3020894 0.9204396
vn -0.2471276 -0.3009561 0.9210610
vn -0.4548999 -0.5455895 0.7038453
vn -0.3174799 -0.6354591 0.7038453
vn -0.1722997 -0.3492269 0.9210610
vn -0.1630971 -0.6913762 0.7038453
vn -0.0884626 -0.3792374 0.9210610
vn -0.0000000 -0.7103533 0.7038453
vn -0.0000000 -0.3894183 0.9210610
vn 0.1630971 -0.6913762 0.7038453
vn 0.0884626 -0.3792374 0.9210610
vn 0.3174799 -0.6354591 0.7038453
vn 0.1722997 -0.3492269 0.9210610
vn 0.4548999 -0.5455895 0.7038453
vn 0.2471276 -0.3009561 0.9210610
vn -0.5974136 -0.7056864 0.3809248
vn -0.4173669 -0.8250462 0.3809248
vn -0.2145386 -0.8993717 0.3809248
vn -0.0000000 -0.9246060 0.3809248
vn 0.2145386 -0.8993717 0.3809248
vn 0.4173669 -0.8250462 0.3809248
vn 0.5974136 -0.7056864 0.3809248
vn -0.6518336 -0.7583616 0.0007963
vn -0.4558555 -0.8900534 0.0007963
vn -0.2344634 -0.9721246 0.0007963
vn -0.0000000 -0.9999997 0.0007963
vn 0.2344634 -0.9721246 0.0007963
vn 0.4558555 -0.8900534 0.0007963
vn 0.6518336 -0.7583616 0.0007963
vn -0.5978049 -0.7061485 -0.3794518
vn -0.4176402 -0.8255865 -0.3794518
vn -0.2146791 -0.8999607 -0.3794518
vn -0.0000000 -0.9252115 -0.3794518
vn 0.2146791 -0.8999607 -0.3794518
vn 0.4176402 -0.8255865 -0.3794518
vn 0.5978049 -0.7061485 -0.3794518
vn -0.4556172 -0.5464497 -0.7027131
vn -0.3179805 -0.6364611 -0.7027131
vn -0.1633543 -0.6924664 -0.7027131
vn -0.0000000 -0.7114734 -0.7027131
vn 0.1633543 -0.6924664 -0.7027131
vn 0.3179805 -0.6364611 -0.7027131
vn 0.4556172 -0.5464497 -0.7027131
vn -0.2480582 -0.3020894 -0.9204396
vn -0.1729486 -0.3505420 -0.9204396
vn -0.0887958 -0.3806655 -0.9204396
vn -0.0000000 -0.3908848 -0.9204396
vn 0.0887958 -0.3806655 -0.9204396
vn 0.1729486 -0.3505420 -0.9204396
vn 0.2480582 -0.3020894 -0.9204396
vn -0.4997892 -0.7747575 -0.3872488
vn -0.3107242 -0.8680374 -0.3872488
vn -0.1054120 -0.9159294 -0.3872488
vn 0.1054120 -0.9159294 -0.3872488
vn 0.3107242 -0.8680374 -0.3872488
vn 0.4997892 -0.7747575 -0.3872488
vn -0.7645687 -0.6445192 -0.0054567
vn -0.7597058 -0.6501379 -0.0129550
vn -0.7582263 -0.6517364 -0.0182365
vn -0.7582451 -0.6517142 0.0182485
vn -0.7597134 -0.6501284 0.0129839
vn -0.7645611 -0.6445280 0.0054859
vn 0.4994558 -0.7742406 0.3887099
vn 0.3105169 -0.8674583 0.3887099
vn 0.1053417 -0.9153184 0.3887099
vn -0.1053417 -0.9153184 0.3887099
vn -0.3105169 -0.8674583 0.3887099
vn -0.4994558 -0.7742406 0.3887099
vn 0.7645611 -0.6445280 0.0054859
vn 0.7597134 -0.6501284 0.0129839
vn 0.7582451 -0.6517142 0.0182485
vn 0.7582263 -0.6517364 -0.0182365
vn 0.7597058 -0.6501379 -0.0129550
vn 0.7645687 -0.6445192 -0.0054567
vn 0.0000000 1.0000000 0.0000000
vn 0.0000000 -1.0000000 0.0000000
vn -1.0000000 -0.0000000 0.0000000
vn 1.0000000 -0.0000000 0.0000000
vn -0.0000000 -0.8016199 0.5978340
vn -0.8848144 -0.1798048 0.4298530
vn -0.6477291 0.0656920 0.7590333
vn -0.2370853 0.2074297 0.9490856
vn 0.2370853 0.2074297 0.9490856
vn 0.6477291 0.0656920 0.7590333
vn 0.8848144 -0.1798048 0.4298530
vn 0.8848144 -0.4632801 0.0497484
vn 0.6477291 -0.7087770 -0.2794319
vn 0.2370853 -0.8505146 -0.4694842
vn -0.2370853 -0.8505146 -0.4694842
vn -0.6477291 -0.7087770 -0.2794319
vn -0.8848144 -0.4632801 0.0497484
vn -0.9659258 0.1547308 0.2074745
vn -0.7071068 0.4227325 0.5668309
vn -0.2588190 0.5774633 0.7743054
vn 0.2588190 0.5774633 0.7743054
vn 0.7071068 0.4227325 0.5668309
vn 0.9659258 0.1547308 0.2074745
vn 0.9659258 -0.1547308 -0.2074745
vn 0.7071068 -0.4227325 -0.5668309
vn 0.2588190 -0.5774633 -0.7743054
vn -0.2588190 -0.5774633 -0.7743054
vn -0.7071068 -0.4227325 -0.5668309
vn -0.9659258 -0.1547308 -0.2074745
vn -0.7043878 0.6613537 -0.2577775
vn -0.5156476 0.8567901 0.0042781
vn -0.1887401 0.9696253 0.1555760
vn 0.1887401 0.9696253 0.1555760
vn 0.5156476 0.8567901 0.0042781
vn 0.7043878 0.6613537 -0.2577775
vn 0.7043878 0.4356831 -0.5603732
vn 0.5156476 0.2402467 -0.8224287
vn 0.1887401 0.1274114 -0.9737266
vn -0.1887401 0.1274114 -0.9737266
vn -0.5156476 0.2402467 -0.8224287
vn -0.7043878 0.4356831 -0.5603732
vn 0.0000000 0.8016199 -0.5978340
vn -0.4371275 -0.6448136 0.6270047
vn -0.3199996 -0.5235301 0.7896306
vn -0.1171280 -0.4535070 0.8835227
vn 0.1171280 -0.4535070 0.8835227
vn 0.3199996 -0.5235301 0.7896306
vn 0.4371275 -0.6448136 0.6270047
vn 0.4371275 -0.7848598 0.4392205
vn 0.3199996 -0.9061433 0.2765945
vn 0.1171280 -0.9761664 0.1827024
vn -0.1171280 -0.9761664 0.1827024
vn -0.3199996 -0.9061433 0.2765945
vn -0.4371275 -0.7848598 0.4392205
vn -0.3095605 0.8089268 -0.4998097
vn -0.2266140 0.8948161 -0.3846430
vn -0.0829465 0.9444043 -0.3181514
vn 0.0829465 0.9444043 -0.3181514
vn 0.2266140 0.8948161 -0.3846430
vn 0.3095605 0.8089268 -0.4998097
vn 0.3095605 0.7097503 -0.6327928
vn 0.2266140 0.6238610 -0.7479596
vn 0.0829465 0.5742728 -0.8144511
vn -0.0829465 0.5742728 -0.8144511
vn -0.2266140 0.6238610 -0.7479596
vn -0.3095605 0.7097503 -0.6327928
vn -0.4005441 0.8733662 -0.2771209
vn 0.4005441 -0.8733662 0.2771209
vn 0.1155236 -0.2518934 -0.9608351
vn -0.9089657 -0.4168708 -0.0000000
vn -0.1155236 0.2518934 0.9608351
vn 0.9089657 0.4168708 0.0000000
vn -0.0000000 -0.8084964 -0.5885011
vn -0.8848144 -0.4638257 -0.0443745
vn -0.6477291 -0.7054901 0.2876295
vn -0.2370853 -0.8450150 0.4793122
vn 0.2370853 -0.8450150 0.4793122
vn 0.6477291 -0.7054901 0.2876295
vn 0.8848144 -0.4638257 -0.0443745
vn 0.8848144 -0.1847758 -0.4277398
vn 0.6477291 0.0568886 -0.7597438
vn 0.2370853 0.1964135 -0.9514264
vn -0.2370853 0.1964135 -0.9514264
vn -0.6477291 0.0568886 -0.7597438
vn -0.8848144 -0.1847758 -0.4277398
vn -0.9659258 -0.1523153 0.2092543
vn -0.7071068 -0.4161331 0.5716933
vn -0.2588190 -0.5684484 0.7809476
vn 0.2588190 -0.5684484 0.7809476
vn 0.7071068 -0.4161331 0.5716933
vn 0.9659258 -0.1523153 0.2092543
vn 0.9659258 0.1523153 -0.2092543
vn 0.7071068 0.4161331 -0.5716933
vn 0.2588190 0.5684484 -0.7809476
vn -0.2588190 0.5684484 -0.7809476
vn -0.7071068 0.4161331 -0.5716933
vn -0.9659258 0.1523153 -0.2092543
vn -0.7043878 0.4421499 0.5552849
vn -0.5156476 0.2497645 0.8195884
vn -0.1887401 0.1386907 0.9721842
vn 0.1887401 0.1386907 0.9721842
vn 0.5156476 0.2497645 0.8195884
vn 0.7043878 0.4421499 0.5552849
vn 0.7043878 0.6642975 0.2500935
vn 0.5156476 0.8566829 -0.0142101
vn 0.1887401 0.9677567 -0.1668058
vn -0.1887401 0.9677567 -0.1668058
vn -0.5156476 0.8566829 -0.0142101
vn -0.7043878 0.6642975 0.2500935
vn 0.0000000 0.8084964 0.5885011
vn -0.4371275 -0.7898987 -0.4300925
vn -0.3199996 -0.9092888 -0.2660716
vn -0.1171280 -0.9782188 -0.1713740
vn 0.1171280 -0.9782188 -0.1713740
vn 0.3199996 -0.9092888 -0.2660716
vn 0.4371275 -0.7898987 -0.4300925
vn 0.4371275 -0.6520388 -0.6194876
vn 0.3199996 -0.5326486 -0.7835086
vn 0.1171280 -0.4637187 -0.8782061
vn -0.1171280 -0.4637187 -0.8782061
vn -0.3199996 -0.5326486 -0.7835086
vn -0.4371275 -0.6520388 -0.6194876
vn -0.3095605 0.7170382 0.6245226
vn -0.2266140 0.6324897 0.7406773
vn -0.0829465 0.5836756 0.8077392
vn 0.0829465 0.5836756 0.8077392
vn 0.2266140 0.6324897 0.7406773
vn 0.3095605 0.7170382 0.6245226
vn 0.3095605 0.8146664 0.4903987
vn 0.2266140 0.8992149 0.3742441
vn 0.0829465 0.9480290 0.3071821
vn -0.0829465 0.9480290 0.3071821
vn -0.2266140 0.8992149 0.3742441
vn -0.3095605 0.8146664 0.4903987
vn -0.4007276 0.8737662 0.2755902
vn 0.4007276 -0.8737662 -0.2755902
vn -0.1148855 0.2505021 -0.9612752
vn 0.1148855 -0.2505021 0.9612752
vn -0.9089657 -0.4168708 0.0000000
vn 0.9089657 0.4168708 -0.0000000
vn -0.3541993 -0.5908939 0.7248360
vn -0.5884025 0.6947695 0.4136156
vn 0.3362839 0.5610065 0.7564290
vn 0.8900882 -0.1914816 0.4136156
vn 0.5192060 -0.8102067 -0.2720113
vn -0.4054804 -0.6764437 -0.6148248
vn -0.9592847 0.0760444 -0.2720113
vn -0.5564654 0.7561039 0.3444607
vn 0.3726643 0.6216981 0.6889214
vn 0.9291296 -0.1344058 0.3444607
vn 0.5564654 -0.7561039 -0.3444607
vn -0.3726643 -0.6216981 -0.6889214
vn -0.9291296 0.1344058 -0.3444607
vn -0.4716512 0.8615323 0.1879020
vn 0.4375861 0.7300042 0.5249879
vn 0.9821378 -0.0099118 0.1879020
vn 0.6174521 -0.6182997 -0.4862699
vn -0.2917852 -0.4867715 -0.8233559
vn -0.8363369 0.2531445 -0.4862699
vn 0.3541993 0.5908939 -0.7248360
vn -0.6521304 0.4529129 0.6079439
vn 0.1977909 0.3299652 0.9230394
vn 0.7068176 -0.3616808 0.6079439
vn 0.3659230 -0.9303792 -0.0222470
vn -0.4839984 -0.8074315 -0.3373424
vn -0.9930251 -0.1157855 -0.0222470
vn -0.2682716 0.9566731 -0.1131675
vn 0.5062940 0.8446263 0.1739910
vn 0.9701893 0.2143030 -0.1131675
vn 0.6595191 -0.3039734 -0.6874843
vn -0.1150464 -0.1919265 -0.9746428
vn -0.5789418 0.4383967 -0.6874843
vn -0.3547924 -0.5918833 -0.7237379
vn -0.9590617 0.0764164 0.2726926
vn -0.4049764 -0.6756030 0.6160801
vn 0.5194290 -0.8098347 0.2726926
vn 0.8897493 -0.1920470 -0.4140823
vn 0.3356641 0.5599724 -0.7574698
vn -0.5887414 0.6942041 -0.4140823
vn -0.9288474 0.1348767 0.3450375
vn -0.3720997 -0.6207563 0.6900750
vn 0.5567477 -0.7556330 0.3450375
vn 0.9288474 -0.1348767 -0.3450375
vn 0.3720997 0.6207563 -0.6900750
vn -0.5567477 0.7556330 -0.3450375
vn -0.8359386 0.2538090 0.4866083
vn -0.2911107 -0.4856461 0.8242587
vn 0.6178504 -0.6176352 0.4866083
vn 0.9819836 -0.0101691 -0.1886924
vn 0.4371557 0.7292861 -0.5263428
vn -0.4718054 0.8612751 -0.1886924
vn 0.3547924 0.5918833 0.7237379
vn -0.9930065 -0.1157544 0.0232182
vn -0.4837215 -0.8069697 0.3388413
vn 0.3659416 -0.9303481 0.0232182
vn 0.7063198 -0.3625114 -0.6080279
vn 0.1970349 0.3287039 -0.9236509
vn -0.6526283 0.4520824 -0.6080279
vn -0.5783789 0.4393358 0.6873587
vn -0.1142482 -0.1905949 0.9749979
vn 0.6600820 -0.3030344 0.6873587
vn 0.9702816 0.2144568 0.1120802
vn 0.5061509 0.8443875 -0.1755591
vn -0.2681793 0.9568270 0.1120802
vn 0.3541993 -0.5908939 0.7248360
vn -0.8900882 -0.1914816 0.4136156
vn -0.3362839 0.5610065 0.7564290
vn 0.5884025 0.6947695 0.4136156
vn 0.9592847 0.0760444 -0.2720113
vn 0.4054804 -0.6764437 -0.6148248
vn -0.5192060 -0.8102067 -0.2720113
vn -0.9291296 -0.1344058 0.3444607
vn -0.3726643 0.6216981 0.6889214
vn 0.5564654 0.7561039 0.3444607
vn 0.9291296 0.1344058 -0.3444607
vn 0.3726643 -0.6216981 -0.6889214
vn -0.5564654 -0.7561039 -0.3444607
vn -0.9821378 -0.0099118 0.1879020
vn -0.4375861 0.7300042 0.5249879
vn 0.4716512 0.8615323 0.1879020
vn 0.8363369 0.2531445 -0.4862699
vn 0.2917852 -0.4867715 -0.8233559
vn -0.6174521 -0.6182997 -0.4862699
vn -0.3541993 0.5908939 -0.7248360
vn -0.7068176 -0.3616808 0.6079439
vn -0.1977909 0.3299652 0.9230394
vn 0.6521304 0.4529129 0.6079439
vn 0.9930251 -0.1157855 -0.0222470
vn 0.4839984 -0.8074315 -0.3373424
vn -0.3659230 -0.9303792 -0.0222470
vn -0.9701893 0.2143030 -0.1131675
vn -0.5062940 0.8446263 0.1739910
vn 0.2682716 0.9566731 -0.1131675
vn 0.5789418 0.4383967 -0.6874843
vn 0.1150464 -0.1919265 -0.9746428
vn -0.6595191 -0.3039734 -0.6874843
vn 0.3547924 -0.5918833 -0.7237379
vn -0.5194290 -0.8098347 0.2726926
vn 0.4049764 -0.6756030 0.6160801
vn 0.9590617 0.0764164 0.2726926
vn 0.5887414 0.6942041 -0.4140823
vn -0.3356641 0.5599724 -0.7574698
vn -0.8897493 -0.1920470 -0.4140823
vn -0.5567477 -0.7556330 0.3450375
vn 0.3720997 -0.6207563 0.6900750
vn 0.9288474 0.1348767 0.3450375
vn 0.5567477 0.7556330 -0.3450375
vn -0.3720997 0.6207563 -0.6900750
vn -0.9288474 -0.1348767 -0.3450375
vn -0.6178504 -0.6176352 0.4866083
vn 0.2911107 -0.4856461 0.8242587
vn 0.8359386 0.2538090 0.4866083
vn 0.4718054 0.8612751 -0.1886924
vn -0.4371557 0.7292861 -0.5263428
vn -0.9819836 -0.0101691 -0.1886924
vn -0.3547924 0.5918833 0.7237379
vn -0.3659416 -0.9303481 0.0232182
vn 0.4837215 -0.8069697 0.3388413
vn 0.9930065 -0.1157544 0.0232182
vn 0.6526283 0.4520824 -0.6080279
vn -0.1970349 0.3287039 -0.9236509
vn -0.7063198 -0.3625114 -0.6080279
vn -0.6600820 -0.3030344 0.6873587
vn 0.1142482 -0.1905949 0.9749979
vn 0.5783789 0.4393358 0.6873587
vn 0.2681793 0.9568270 0.1120802
vn -0.5061509 0.8443875 -0.1755591
vn -0.9702816 0.2144568 0.1120802
vn -0.3492269 0.1722997 -0.9210610
vn -0.6354591 0.3174799 -0.7038453
vn -0.5455895 0.4548999 -0.7038453
vn -0.3009561 0.2471276 -0.9210610
vn -0.3792374 0.0884626 -0.9210610
vn -0.6913762 0.1630971 -0.7038453
vn -0.3894183 0.0000000 -0.9210610
vn -0.7103533 0.0000000 -0.7038453
vn -0.3792374 -0.0884626 -0.9210610
vn -0.6913762 -0.1630971 -0.7038453
vn -0.3492269 -0.1722997 -0.9210610
vn -0.6354591 -0.3174799 -0.7038453
vn -0.3009561 -0.2471276 -0.9210610
vn -0.5455895 -0.4548999 -0.7038453
vn -0.8250462 0.4173669 -0.3809248
vn -0.7056864 0.5974136 -0.3809248
vn -0.8993717 0.2145386 -0.3809248
vn -0.9246060 0.0000000 -0.3809248
vn -0.8993717 -0.2145386 -0.3809248
vn -0.8250462 -0.4173669 -0.3809248
vn -0.7056864 -0.5974136 -0.3809248
vn -0.8900534 0.4558555 -0.0007963
vn -0.7583616 0.6518336 -0.0007963
vn -0.9721246 0.2344634 -0.0007963
vn -0.9721246 -0.2344634 -0.0007963
vn -0.8900534 -0.4558555 -0.0007963
vn -0.7583616 -0.6518336 -0.0007963
vn -0.8255865 0.4176402 0.3794518
vn -0.7061485 0.5978049 0.3794518
vn -0.8999607 0.2146791 0.3794518
vn -0.9252115 0.0000000 0.3794518
vn -0.8999607 -0.2146791 0.3794518
vn -0.8255865 -0.4176402 0.3794518
vn -0.7061485 -0.5978049 0.3794518
vn -0.6364611 0.3179805 0.7027131
vn -0.5464497 0.4556172 0.7027131
vn -0.6924664 0.1633543 0.7027131
vn -0.7114734 0.0000000 0.7027131
vn -0.6924664 -0.1633543 0.7027131
vn -0.6364611 -0.3179805 0.7027131
vn -0.5464497 -0.4556172 0.7027131
vn -0.3505420 0.1729486 0.9204396
vn -0.3020894 0.2480582 0.9204396
vn -0.3806655 0.0887958 0.9204396
vn -0.3908848 0.0000000 0.9204396
vn -0.3806655 -0.0887958 0.9204396
vn -0.3505420 -0.1729486 0.9204396
vn -0.3020894 -0.2480582 0.9204396
vn 0.3009561 -0.2471276 0.9210610
vn 0.5455895 -0.4548999 0.7038453
vn 0.6354591 -0.3174799 0.7038453
vn 0.3492269 -0.1722997 0.9210610
vn 0.6913762 -0.1630971 0.7038453
vn 0.3792374 -0.0884626 0.9210610
vn 0.7103533 -0.0000000 0.7038453
vn 0.3894183 -0.0000000 0.9210610
vn 0.6913762 0.1630971 0.7038453
vn 0.3792374 0.0884626 0.9210610
vn 0.6354591 0.3174799 0.7038453
vn 0.3492269 0.1722997 0.9210610
vn 0.5455895 0.4548999 0.7038453
vn 0.3009561 0.2471276 0.9210610
vn 0.7056864 -0.5974136 0.3809248
vn 0.8250462 -0.4173669 0.3809248
vn 0.8993717 -0.2145386 0.3809248
vn 0.9246060 -0.0000000 0.3809248
vn 0.8993717 0.2145386 0.3809248
vn 0.8250462 0.4173669 0.3809248
vn 0.7056864 0.5974136 0.3809248
vn 0.7583616 -0.6518336 0.0007963
vn 0.8900534 -0.4558555 0.0007963
vn 0.9721246 -0.2344634 0.0007963
vn 0.9999997 -0.0000000 0.0007963
vn 0.9721246 0.2344634 0.0007963
vn 0.8900534 0.4558555 0.0007963
vn 0.7583616 0.6518336 0.0007963
vn 0.7061485 -0.5978049 -0.3794518
vn 0.8255865 -0.4176402 -0.3794518
vn 0.8999607 -0.2146791 -0.3794518
vn 0.9252115 -0.0000000 -0.3794518
vn 0.8999607 0.2146791 -0.3794518
vn 0.8255865 0.4176402 -0.3794518
vn 0.7061485 0.5978049 -0.3794518
vn 0.5464497 -0.4556172 -0.7027131
vn 0.6364611 -0.3179805 -0.7027131
vn 0.6924664 -0.1633543 -0.7027131
vn 0.7114734 -0.0000000 -0.7027131
vn 0.6924664 0.1633543 -0.7027131
vn 0.6364611 0.3179805 -0.7027131
vn 0.5464497 0.4556172 -0.7027131
vn 0.3020894 -0.2480582 -0.9204396
vn 0.3505420 -0.1729486 -0.9204396
vn 0.3806655 -0.0887958 -0.9204396
vn 0.3908848 -0.0000000 -0.9204396
vn 0.3806655 0.0887958 -0.9204396
vn 0.3505420 0.1729486 -0.9204396
vn 0.3020894 0.2480582 -0.9204396
vn 0.7747575 -0.4997892 -0.3872488
vn 0.8680374 -0.3107242 -0.3872488
vn 0.9159294 -0.1054120 -0.3872488
vn 0.9159294 0.1054120 -0.3872488
vn 0.8680374 0.3107242 -0.3872488
vn 0.7747575 0.4997892 -0.3872488
vn 0.6445192 -0.7645687 -0.0054567
vn 0.6501379 -0.7597058 -0.0129550
vn 0.6517364 -0.7582263 -0.0182365
vn 0.6517142 -0.7582451 0.0182485
vn 0.6501284 -0.7597134 0.0129839
vn 0.6445280 -0.7645611 0.0054859
vn 0.7742406 0.4994558 0.3887099
vn 0.8674583 0.3105169 0.3887099
vn 0.9153184 0.1053417 0.3887099
vn 0.9153184 -0.1053417 0.3887099
vn 0.8674583 -0.3105169 0.3887099
vn 0.7742406 -0.4994558 0.3887099
vn 0.6445280 0.7645611 0.0054859
vn 0.6501284 0.7597134 0.0129839
vn 0.6517142 0.7582451 0.0182485
vn 0.6517364 0.7582263 -0.0182365
vn 0.6501379 0.7597058 -0.0129550
vn 0.6445192 0.7645687 -0.0054567
vn 0.8016199 -0.0000000 0.5978340
vn 0.1798048 -0.8848144 0.4298530
vn -0.0656920 -0.6477291 0.7590333
vn -0.2074297 -0.2370853 0.9490856
vn -0.2074297 0.2370853 0.9490856
vn -0.0656920 0.6477291 0.7590333
vn 0.1798048 0.8848144 0.4298530
vn 0.4632801 0.8848144 0.0497484
vn 0.7087770 0.6477291 -0.2794319
vn 0.8505146 0.2370853 -0.4694842
vn 0.8505146 -0.2370853 -0.4694842
vn 0.7087770 -0.6477291 -0.2794319
vn 0.4632801 -0.8848144 0.0497484
vn -0.1547308 -0.9659258 0.2074745
vn -0.4227325 -0.7071068 0.5668309
vn -0.5774633 -0.2588190 0.7743054
vn -0.5774633 0.2588190 0.7743054
vn -0.4227325 0.7071068 0.5668309
vn -0.1547308 0.9659258 0.2074745
vn 0.1547308 0.9659258 -0.2074745
vn 0.4227325 0.7071068 -0.5668309
vn 0.5774633 0.2588190 -0.7743054
vn 0.5774633 -0.2588190 -0.7743054
vn 0.4227325 -0.7071068 -0.5668309
vn 0.1547308 -0.9659258 -0.2074745
vn -0.6613537 -0.7043878 -0.2577775
vn -0.8567901 -0.5156476 0.0042781
vn -0.9696253 -0.1887401 0.1555760
vn -0.9696253 0.1887401 0.1555760
vn -0.8567901 0.5156476 0.0042781
vn -0.6613537 0.7043878 -0.2577775
vn -0.4356831 0.7043878 -0.5603732
vn -0.2402467 0.5156476 -0.8224287
vn -0.1274114 0.1887401 -0.9737266
vn -0.1274114 -0.1887401 -0.9737266
vn -0.2402467 -0.5156476 -0.8224287
vn -0.4356831 -0.7043878 -0.5603732
vn -0.8016199 0.0000000 -0.5978340
vn 0.6448136 -0.4371275 0.6270047
vn 0.5235301 -0.3199996 0.7896306
vn 0.4535070 -0.1171280 0.8835227
vn 0.4535070 0.1171280 0.8835227
vn 0.5235301 0.3199996 0.7896306
vn 0.6448136 0.4371275 0.6270047
vn 0.7848598 0.4371275 0.4392205
vn 0.9061433 0.3199996 0.2765945
vn 0.9761664 0.1171280 0.1827024
vn 0.9761664 -0.1171280 0.1827024
vn 0.9061433 -0.3199996 0.2765945
vn 0.7848598 -0.4371275 0.4392205
vn -0.8089268 -0.3095605 -0.4998097
vn -0.8948161 -0.2266140 -0.3846430
vn -0.9444043 -0.0829465 -0.3181514
vn -0.9444043 0.0829465 -0.3181514
vn -0.8948161 0.2266140 -0.3846430
vn -0.8089268 0.3095605 -0.4998097
vn -0.7097503 0.3095605 -0.6327928
vn -0.6238610 0.2266140 -0.7479596
vn -0.5742728 0.0829465 -0.8144511
vn -0.5742728 -0.0829465 -0.8144511
vn -0.6238610 -0.2266140 -0.7479596
vn -0.7097503 -0.3095605 -0.6327928
vn -0.8733662 -0.4005441 -0.2771209
vn 0.8733662 0.4005441 0.2771209
vn 0.2518934 0.1155236 -0.9608351
vn -0.2518934 -0.1155236 0.9608351
vn 0.8084964 -0.0000000 -0.5885011
vn 0.4638257 -0.8848144 -0.0443745
vn 0.7054901 -0.6477291 0.2876295
vn 0.8450150 -0.2370853 0.4793122
vn 0.8450150 0.2370853 0.4793122
vn 0.7054901 0.6477291 0.2876295
vn 0.4638257 0.8848144 -0.0443745
vn 0.1847758 0.8848144 -0.4277398
vn -0.0568886 0.6477291 -0.7597438
vn -0.1964135 0.2370853 -0.9514264
vn -0.1964135 -0.2370853 -0.9514264
vn -0.0568886 -0.6477291 -0.7597438
vn 0.1847758 -0.8848144 -0.4277398
vn 0.1523153 -0.9659258 0.2092543
vn 0.4161331 -0.7071068 0.5716933
vn 0.5684484 -0.2588190 0.7809476
vn 0.5684484 0.2588190 0.7809476
vn 0.4161331 0.7071068 0.5716933
vn 0.1523153 0.9659258 0.2092543
vn -0.1523153 0.9659258 -0.2092543
vn -0.4161331 0.7071068 -0.5716933
vn -0.5684484 0.2588190 -0.7809476
vn -0.5684484 -0.2588190 -0.7809476
vn -0.4161331 -0.7071068 -0.5716933
vn -0.1523153 -0.9659258 -0.2092543
vn -0.4421499 -0.7043878 0.5552849
vn -0.2497645 -0.5156476 0.8195884
vn -0.1386907 -0.1887401 0.9721842
vn -0.1386907 0.1887401 0.9721842
vn -0.2497645 0.5156476 0.8195884
vn -0.4421499 0.7043878 0.5552849
vn -0.6642975 0.7043878 0.2500935
vn -0.8566829 0.5156476 -0.0142101
vn -0.9677567 0.1887401 -0.1668058
vn -0.9677567 -0.1887401 -0.1668058
vn -0.8566829 -0.5156476 -0.0142101
vn -0.6642975 -0.7043878 0.2500935
vn -0.8084964 0.0000000 0.5885011
vn 0.7898987 -0.4371275 -0.4300925
vn 0.9092888 -0.3199996 -0.2660716
vn 0.9782188 -0.1171280 -0.1713740
vn 0.9782188 0.1171280 -0.1713740
vn 0.9092888 0.3199996 -0.2660716
vn 0.7898987 0.4371275 -0.4300925
vn 0.6520388 0.4371275 -0.6194876
vn 0.5326486 0.3199996 -0.7835086
vn 0.4637187 0.1171280 -0.8782061
vn 0.4637187 -0.1171280 -0.8782061
vn 0.5326486 -0.3199996 -0.7835086
vn 0.6520388 -0.4371275 -0.6194876
vn -0.7170382 -0.3095605 0.6245226
vn -0.6324897 -0.2266140 0.7406773
vn -0.5836756 -0.0829465 0.8077392
vn -0.5836756 0.0829465 0.8077392
vn -0.6324897 0.2266140 0.7406773
vn -0.7170382 0.3095605 0.6245226
vn -0.8146664 0.3095605 0.4903987
vn -0.8992149 0.2266140 0.3742441
vn -0.9480290 0.0829465 0.3071821
vn -0.9480290 -0.0829465 0.3071821
vn -0.8992149 -0.2266140 0.3742441
vn -0.8146664 -0.3095605 0.4903987
vn -0.8737662 -0.4007276 0.2755902
vn 0.8737662 0.4007276 -0.2755902
vn -0.2505021 -0.1148855 -0.9612752
vn 0.2505021 0.1148855 0.9612752
vn 0.5908939 -0.3541993 0.7248360
vn -0.6947695 -0.5884025 0.4136156
vn -0.5610065 0.3362839 0.7564290
vn 0.1914816 0.8900882 0.4136156
vn 0.8102067 0.5192060 -0.2720113
vn 0.6764437 -0.4054804 -0.6148248
vn -0.0760444 -0.9592847 -0.2720113
vn -0.7561039 -0.5564654 0.3444607
vn -0.6216981 0.3726643 0.6889214
vn 0.1344058 0.9291296 0.3444607
vn 0.7561039 0.5564654 -0.3444607
vn 0.6216981 -0.3726643 -0.6889214
vn -0.1344058 -0.9291296 -0.3444607
vn -0.8615323 -0.4716512 0.1879020
vn -0.7300042 0.4375861 0.5249879
vn 0.0099118 0.9821378 0.1879020
vn 0.6182997 0.6174521 -0.4862699
vn 0.4867715 -0.2917852 -0.8233559
vn -0.2531445 -0.8363369 -0.4862699
vn -0.5908939 0.3541993 -0.7248360
vn -0.4529129 -0.6521304 0.6079439
vn -0.3299652 0.1977909 0.9230394
vn 0.3616808 0.7068176 0.6079439
vn 0.9303792 0.3659230 -0.0222470
vn 0.8074315 -0.4839984 -0.3373424
vn 0.1157855 -0.9930251 -0.0222470
vn -0.9566731 -0.2682716 -0.1131675
vn -0.8446263 0.5062940 0.1739910
vn -0.2143030 0.9701893 -0.1131675
vn 0.3039734 0.6595191 -0.6874843
vn 0.1919265 -0.1150464 -0.9746428
vn -0.4383967 -0.5789418 -0.6874843
vn 0.5918833 -0.3547924 -0.7237379
vn -0.0764164 -0.9590617 0.2726926
vn 0.6756030 -0.4049764 0.6160801
vn 0.8098347 0.5194290 0.2726926
vn 0.1920470 0.8897493 -0.4140823
vn -0.5599724 0.3356641 -0.7574698
vn -0.6942041 -0.5887414 -0.4140823
vn -0.1348767 -0.9288474 0.3450375
vn 0.6207563 -0.3720997 0.6900750
vn 0.7556330 0.5567477 0.3450375
vn 0.1348767 0.9288474 -0.3450375
vn -0.6207563 0.3720997 -0.6900750
vn -0.7556330 -0.5567477 -0.3450375
vn -0.2538090 -0.8359386 0.4866083
vn 0.4856461 -0.2911107 0.8242587
vn 0.6176352 0.6178504 0.4866083
vn 0.0101691 0.9819836 -0.1886924
vn -0.7292861 0.4371557 -0.5263428
vn -0.8612751 -0.4718054 -0.1886924
vn -0.5918833 0.3547924 0.7237379
vn 0.1157544 -0.9930065 0.0232182
vn 0.8069697 -0.4837215 0.3388413
vn 0.9303481 0.3659416 0.0232182
vn 0.3625114 0.7063198 -0.6080279
vn -0.3287039 0.1970349 -0.9236509
vn -0.4520824 -0.6526283 -0.6080279
vn -0.4393358 -0.5783789 0.6873587
vn 0.1905949 -0.1142482 0.9749979
vn 0.3030344 0.6600820 0.6873587
vn -0.2144568 0.9702816 0.1120802
vn -0.8443875 0.5061509 -0.1755591
vn -0.9568270 -0.2681793 0.1120802
vn 0.5908939 0.3541993 0.7248360
vn 0.1914816 -0.8900882 0.4136156
vn -0.5610065 -0.3362839 0.7564290
vn -0.6947695 0.5884025 0.4136156
vn -0.0760444 0.9592847 -0.2720113
vn 0.6764437 0.4054804 -0.6148248
vn 0.8102067 -0.5192060 -0.2720113
vn 0.1344058 -0.9291296 0.3444607
vn -0.6216981 -0.3726643 0.6889214
vn -0.7561039 0.5564654 0.3444607
vn -0.1344058 0.9291296 -0.3444607
vn 0.6216981 0.3726643 -0.6889214
vn 0.7561039 -0.5564654 -0.3444607
vn 0.0099118 -0.9821378 0.1879020
vn -0.7300042 -0.4375861 0.5249879
vn -0.8615323 0.4716512 0.1879020
vn -0.2531445 0.8363369 -0.4862699
vn 0.4867715 0.2917852 -0.8233559
vn 0.6182997 -0.6174521 -0.4862699
vn -0.5908939 -0.3541993 -0.7248360
vn 0.3616808 -0.7068176 0.6079439
vn -0.3299652 -0.1977909 0.9230394
vn -0.4529129 0.6521304 0.6079439
vn 0.1157855 0.9930251 -0.0222470
vn 0.8074315 0.4839984 -0.3373424
vn 0.9303792 -0.3659230 -0.0222470
vn -0.2143030 -0.9701893 -0.1131675
vn -0.8446263 -0.5062940 0.1739910
vn -0.9566731 0.2682716 -0.1131675
vn -0.4383967 0.5789418 -0.6874843
vn 0.1919265 0.1150464 -0.9746428
vn 0.3039734 -0.6595191 -0.6874843
vn 0.5918833 0.3547924 -0.7237379
vn 0.8098347 -0.5194290 0.2726926
vn 0.6756030 0.4049764 0.6160801
vn -0.0764164 0.9590617 0.2726926
vn -0.6942041 0.5887414 -0.4140823
vn -0.5599724 -0.3356641 -0.7574698
vn 0.1920470 -0.8897493 -0.4140823
vn 0.7556330 -0.5567477 0.3450375
vn 0.6207563 0.3720997 0.6900750
vn -0.1348767 0.9288474 0.3450375
vn -0.7556330 0.5567477 -0.3450375
vn -0.6207563 -0.3720997 -0.6900750
vn 0.1348767 -0.9288474 -0.3450375
vn 0.6176352 -0.6178504 0.4866083
vn 0.4856461 0.2911107 0.8242587
vn -0.2538090 0.8359386 0.4866083
vn -0.8612751 0.4718054 -0.1886924
vn -0.7292861 -0.4371557 -0.5263428
vn 0.0101691 -0.9819836 -0.1886924
vn -0.5918833 -0.3547924 0.7237379
vn 0.9303481 -0.3659416 0.0232182
vn 0.8069697 0.4837215 0.3388413
vn 0.1157544 0.9930065 0.0232182
vn -0.4520824 0.6526283 -0.6080279
vn -0.3287039 -0.1970349 -0.9236509
vn 0.3625114 -0.7063198 -0.6080279
vn 0.3030344 -0.6600820 0.6873587
vn 0.1905949 0.1142482 0.9749979
vn -0.4393358 0.5783789 0.6873587
vn -0.9568270 0.2681793 0.1120802
vn -0.8443875 -0.5061509 -0.1755591
vn -0.2144568 -0.9702816 0.1120802
vn -0.1722997 -0.3492269 -0.9210610
vn -0.3174799 -0.6354591 -0.7038453
vn -0.4548999 -0.5455895 -0.7038453
vn -0.2471276 -0.3009561 -0.9210610
vn -0.0884626 -0.3792374 -0.9210610
vn -0.1630971 -0.6913762 -0.7038453
vn -0.0000000 -0.3894183 -0.9210610
vn -0.0000000 -0.7103533 -0.7038453
vn 0.0884626 -0.3792374 -0.9210610
vn 0.1630971 -0.6913762 -0.7038453
vn 0.1722997 -0.3492269 -0.9210610
vn 0.3174799 -0.6354591 -0.7038453
vn 0.2471276 -0.3009561 -0.9210610
vn 0.4548999 -0.5455895 -0.7038453
vn -0.4173669 -0.8250462 -0.3809248
vn -0.5974136 -0.7056864 -0.3809248
vn -0.2145386 -0.8993717 -0.3809248
vn -0.0000000 -0.9246060 -0.3809248
vn 0.2145386 -0.8993717 -0.3809248
vn 0.4173669 -0.8250462 -0.3809248
vn 0.5974136 -0.7056864 -0.3809248
vn -0.4558555 -0.8900534 -0.0007963
vn -0.6518336 -0.7583616 -0.0007963
vn -0.2344634 -0.9721246 -0.0007963
vn 0.2344634 -0.9721246 -0.0007963
vn 0.4558555 -0.8900534 -0.0007963
vn 0.6518336 -0.7583616 -0.0007963
vn -0.4176402 -0.8255865 0.3794518
vn -0.5978049 -0.7061485 0.3794518
vn -0.2146791 -0.8999607 0.3794518
vn -0.0000000 -0.9252115 0.3794518
vn 0.2146791 -0.8999607 0.3794518
vn 0.4176402 -0.8255865 0.3794518
vn 0.5978049 -0.7061485 0.3794518
vn -0.3179805 -0.6364611 0.7027131
vn -0.4556172 -0.5464497 0.7027131
vn -0.1633543 -0.6924664 0.7027131
vn -0.0000000 -0.7114734 0.7027131
vn 0.1633543 -0.6924664 0.7027131
vn 0.3179805 -0.6364611 0.7027131
vn 0.4556172 -0.5464497 0.7027131
vn -0.1729486 -0.3505420 0.9204396
vn -0.2480582 -0.3020894 0.9204396
vn -0.0887958 -0.3806655 0.9204396
vn -0.0000000 -0.3908848 0.9204396
vn 0.0887958 -0.3806655 0.9204396
vn 0.1729486 -0.3505420 0.9204396
vn 0.2480582 -0.3020894 0.9204396
vn 0.2471276 0.3009561 0.9210610
vn 0.4548999 0.5455895 0.7038453
vn 0.3174799 0.6354591 0.7038453
vn 0.1722997 0.3492269 0.9210610
vn 0.1630971 0.6913762 0.7038453
vn 0.0884626 0.3792374 0.9210610
vn 0.0000000 0.7103533 0.7038453
vn 0.0000000 0.3894183 0.9210610
vn -0.1630971 0.6913762 0.7038453
vn -0.0884626 0.3792374 0.9210610
vn -0.3174799 0.6354591 0.7038453
vn -0.1722997 0.3492269 0.9210610
vn -0.4548999 0.5455895 0.7038453
vn -0.2471276 0.3009561 0.9210610
vn 0.5974136 0.7056864 0.3809248
vn 0.4173669 0.8250462 0.3809248
vn 0.2145386 0.8993717 0.3809248
vn 0.0000000 0.9246060 0.3809248
vn -0.2145386 0.8993717 0.3809248
vn -0.4173669 0.8250462 0.3809248
vn -0.5974136 0.7056864 0.3809248
vn 0.6518336 0.7583616 0.0007963
vn 0.4558555 0.8900534 0.0007963
vn 0.2344634 0.9721246 0.0007963
vn 0.0000000 0.9999997 0.0007963
vn -0.2344634 0.9721246 0.0007963
vn -0.4558555 0.8900534 0.0007963
vn -0.6518336 0.7583616 0.0007963
vn 0.5978049 0.7061485 -0.3794518
vn 0.4176402 0.8255865 -0.3794518
vn 0.2146791 0.8999607 -0.3794518
vn 0.0000000 0.9252115 -0.3794518
vn -0.2146791 0.8999607 -0.3794518
vn -0.4176402 0.8255865 -0.3794518
vn -0.5978049 0.7061485 -0.3794518
vn 0.4556172 0.5464497 -0.7027131
vn 0.3179805 0.6364611 -0.7027131
vn 0.1633543 0.6924664 -0.7027131
vn 0.0000000 0.7114734 -0.7027131
vn -0.1633543 0.6924664 -0.7027131
vn -0.3179805 0.6364611 -0.7027131
vn -0.4556172 0.5464497 -0.7027131
vn 0.2480582 0.3020894 -0.9204396
vn 0.1729486 0.3505420 -0.9204396
vn 0.0887958 0.3806655 -0.9204396
vn 0.0000000 0.3908848 -0.9204396
vn -0.0887958 0.3806655 -0.9204396
vn -0.1729486 0.3505420 -0.9204396
vn -0.2480582 0.3020894 -0.9204396
vn 0.4997892 0.7747575 -0.3872488
vn 0.3107242 0.8680374 -0.3872488
vn 0.1054120 0.9159294 -0.3872488
vn -0.1054120 0.9159294 -0.3872488
vn -0.3107242 0.8680374 -0.3872488
vn -0.4997892 0.7747575 -0.3872488
vn 0.7645687 0.6445192 -0.0054567
vn 0.7597058 0.6501379 -0.0129550
vn 0.7582263 0.6517364 -0.0182365
vn 0.7582451 0.6517142 0.0182485
vn 0.7597134 0.6501284 0.0129839
vn 0.7645611 0.6445280 0.0054859
vn -0.4994558 0.7742406 0.3887099
vn -0.3105169 0.8674583 0.3887099
vn -0.1053417 0.9153184 0.3887099
vn 0.1053417 0.9153184 0.3887099
vn 0.3105169 0.8674583 0.3887099
vn 0.4994558 0.7742406 0.3887099
vn -0.7645611 0.6445280 0.0054859
vn -0.7597134 0.6501284 0.0129839
vn -0.7582451 0.6517142 0.0182485
vn -0.7582263 0.6517364 -0.0182365
vn -0.7597058 0.6501379 -0.0129550
vn -0.7645687 0.6445192 -0.0054567
vn 0.0000000 0.8016199 0.5978340
vn 0.8848144 0.1798048 0.4298530
vn 0.6477291 -0.0656920 0.7590333
vn 0.2370853 -0.2074297 0.9490856
vn -0.2370853 -0.2074297 0.9490856
vn -0.6477291 -0.0656920 0.7590333
vn -0.8848144 0.1798048 0.4298530
vn -0.8848144 0.4632801 0.0497484
vn -0.6477291 0.7087770 -0.2794319
vn -0.2370853 0.8505146 -0.4694842
vn 0.2370853 0.8505146 -0.4694842
vn 0.6477291 0.7087770 -0.2794319
vn 0.8848144 0.4632801 0.0497484
vn 0.9659258 -0.1547308 0.2074745
vn 0.7071068 -0.4227325 0.5668309
vn 0.2588190 -0.5774633 0.7743054
vn -0.2588190 -0.5774633 0.7743054
vn -0.7071068 -0.4227325 0.5668309
vn -0.9659258 -0.1547308 0.2074745
vn -0.9659258 0.1547308 -0.2074745
vn -0.7071068 0.4227325 -0.5668309
vn -0.2588190 0.5774633 -0.7743054
vn 0.2588190 0.5774633 -0.7743054
vn 0.7071068 0.4227325 -0.5668309
vn 0.9659258 0.1547308 -0.2074745
vn 0.7043878 -0.6613537 -0.2577775
vn 0.5156476 -0.8567901 0.0042781
vn 0.1887401 -0.9696253 0.1555760
vn -0.1887401 -0.9696253 0.1555760
vn -0.5156476 -0.8567901 0.0042781
vn -0.7043878 -0.6613537 -0.2577775
vn -0.7043878 -0.4356831 -0.5603732
vn -0.5156476 -0.2402467 -0.8224287
vn -0.1887401 -0.1274114 -0.9737266
vn 0.1887401 -0.1274114 -0.9737266
vn 0.5156476 -0.2402467 -0.8224287
vn 0.7043878 -0.4356831 -0.5603732
vn -0.0000000 -0.8016199 -0.5978340
vn 0.4371275 0.6448136 0.6270047
vn 0.3199996 0.5235301 0.7896306
vn 0.1171280 0.4535070 0.8835227
vn -0.1171280 0.4535070 0.8835227
vn -0.3199996 0.5235301 0.7896306
vn -0.4371275 0.6448136 0.6270047
vn -0.4371275 0.7848598 0.4392205
vn -0.3199996 0.9061433 0.2765945
vn -0.1171280 0.9761664 0.1827024
vn 0.1171280 0.9761664 0.1827024
vn 0.3199996 0.9061433 0.2765945
vn 0.4371275 0.7848598 0.4392205
vn 0.3095605 -0.8089268 -0.4998097
vn 0.2266140 -0.8948161 -0.3846430
vn 0.0829465 -0.9444043 -0.3181514
vn -0.0829465 -0.9444043 -0.3181514
vn -0.2266140 -0.8948161 -0.3846430
vn -0.3095605 -0.8089268 -0.4998097
vn -0.3095605 -0.7097503 -0.6327928
vn -0.2266140 -0.6238610 -0.7479596
vn -0.0829465 -0.5742728 -0.8144511
vn 0.0829465 -0.5742728 -0.8144511
vn 0.2266140 -0.6238610 -0.7479596
vn 0.3095605 -0.7097503 -0.6327928
vn 0.4005441 -0.8733662 -0.2771209
vn -0.4005441 0.8733662 0.2771209
vn -0.1155236 0.2518934 -0.9608351
vn 0.1155236 -0.2518934 0.9608351
vn 0.0000000 0.8084964 -0.5885011
vn 0.8848144 0.4638257 -0.0443745
vn 0.6477291 0.7054901 0.2876295
vn 0.2370853 0.8450150 0.4793122
vn -0.2370853 0.8450150 0.4793122
vn -0.6477291 0.7054901 0.2876295
vn -0.8848144 0.4638257 -0.0443745
vn -0.8848144 0.1847758 -0.4277398
vn -0.6477291 -0.0568886 -0.7597438
vn -0.2370853 -0.1964135 -0.9514264
vn 0.2370853 -0.1964135 -0.9514264
vn 0.6477291 -0.0568886 -0.7597438
vn 0.8848144 0.1847758 -0.4277398
vn 0.9659258 0.1523153 0.2092543
vn 0.7071068 0.4161331 0.5716933
vn 0.2588190 0.5684484 0.7809476
vn -0.2588190 0.5684484 0.7809476
vn -0.7071068 0.4161331 0.5716933
vn -0.9659258 0.1523153 0.2092543
vn -0.9659258 -0.1523153 -0.2092543
vn -0.7071068 -0.4161331 -0.5716933
vn -0.2588190 -0.5684484 -0.7809476
vn 0.2588190 -0.5684484 -0.7809476
vn 0.7071068 -0.4161331 -0.5716933
vn 0.9659258 -0.1523153 -0.2092543
vn 0.7043878 -0.4421499 0.5552849
vn 0.5156476 -0.2497645 0.8195884
vn 0.1887401 -0.1386907 0.9721842
vn -0.1887401 -0.1386907 0.9721842
vn -0.5156476 -0.2497645 0.8195884
vn -0.7043878 -0.4421499 0.5552849
vn -0.7043878 -0.6642975 0.2500935
vn -0.5156476 -0.8566829 -0.0142101
vn -0.1887401 -0.9677567 -0.1668058
vn 0.1887401 -0.9677567 -0.1668058
vn 0.5156476 -0.8566829 -0.0142101
vn 0.7043878 -0.6642975 0.2500935
vn -0.0000000 -0.8084964 0.5885011
vn 0.4371275 0.7898987 -0.4300925
vn 0.3199996 0.9092888 -0.2660716
vn 0.1171280 0.9782188 -0.1713740
vn -0.1171280 0.9782188 -0.1713740
vn -0.3199996 0.9092888 -0.2660716
vn -0.4371275 0.7898987 -0.4300925
vn -0.4371275 0.6520388 -0.6194876
vn -0.3199996 0.5326486 -0.7835086
vn -0.1171280 0.4637187 -0.8782061
vn 0.1171280 0.4637187 -0.8782061
vn 0.3199996 0.5326486 -0.7835086
vn 0.4371275 0.6520388 -0.6194876
vn 0.3095605 -0.7170382 0.6245226
vn 0.2266140 -0.6324897 0.7406773
vn 0.0829465 -0.5836756 0.8077392
vn -0.0829465 -0.5836756 0.8077392
vn -0.2266140 -0.6324897 0.7406773
vn -0.3095605 -0.7170382 0.6245226
vn -0.3095605 -0.8146664 0.4903987
vn -0.2266140 -0.8992149 0.3742441
vn -0.0829465 -0.9480290 0.3071821
vn 0.0829465 -0.9480290 0.3071821
vn 0.2266140 -0.8992149 0.3742441
vn 0.3095605 -0.8146664 0.4903987
vn 0.4007276 -0.8737662 0.2755902
vn -0.4007276 0.8737662 -0.2755902
vn 0.1148855 -0.2505021 -0.9612752
vn -0.1148855 0.2505021 0.9612752
vn 0.3541993 0.5908939 0.7248360
vn 0.5884025 -0.6947695 0.4136156
vn -0.3362839 -0.5610065 0.7564290
vn -0.8900882 0.1914816 0.4136156
vn -0.5192060 0.8102067 -0.2720113
vn 0.4054804 0.6764437 -0.6148248
vn 0.9592847 -0.0760444 -0.2720113
vn 0.5564654 -0.7561039 0.3444607
vn -0.3726643 -0.6216981 0.6889214
vn -0.9291296 0.1344058 0.3444607
vn -0.5564654 0.7561039 -0.3444607
vn 0.3726643 0.6216981 -0.6889214
vn 0.9291296 -0.1344058 -0.3444607
vn 0.4716512 -0.8615323 0.1879020
vn -0.4375861 -0.7300042 0.5249879
vn -0.9821378 0.0099118 0.1879020
vn -0.6174521 0.6182997 -0.4862699
vn 0.2917852 0.4867715 -0.8233559
vn 0.8363369 -0.2531445 -0.4862699
vn -0.3541993 -0.5908939 -0.7248360
vn 0.6521304 -0.4529129 0.6079439
vn -0.1977909 -0.3299652 0.9230394
vn -0.7068176 0.3616808 0.6079439
vn -0.3659230 0.9303792 -0.0222470
vn 0.4839984 0.8074315 -0.3373424
vn 0.9930251 0.1157855 -0.0222470
vn 0.2682716 -0.9566731 -0.1131675
vn -0.5062940 -0.8446263 0.1739910
vn -0.9701893 -0.2143030 -0.1131675
vn -0.6595191 0.3039734 -0.6874843
vn 0.1150464 0.1919265 -0.9746428
vn 0.5789418 -0.4383967 -0.6874843
vn 0.3547924 0.5918833 -0.7237379
vn 0.9590617 -0.0764164 0.2726926
vn 0.4049764 0.6756030 0.6160801
vn -0.5194290 0.8098347 0.2726926
vn -0.8897493 0.1920470 -0.4140823
vn -0.3356641 -0.5599724 -0.7574698
vn 0.5887414 -0.6942041 -0.4140823
vn 0.9288474 -0.1348767 0.3450375
vn 0.3720997 0.6207563 0.6900750
vn -0.5567477 0.7556330 0.3450375
vn -0.9288474 0.1348767 -0.3450375
vn -0.3720997 -0.6207563 -0.6900750
vn 0.5567477 -0.7556330 -0.3450375
vn 0.8359386 -0.2538090 0.4866083
vn 0.2911107 0.4856461 0.8242587
vn -0.6178504 0.6176352 0.4866083
vn -0.9819836 0.0101691 -0.1886924
vn -0.4371557 -0.7292861 -0.5263428
vn 0.4718054 -0.8612751 -0.1886924
vn -0.3547924 -0.5918833 0.7237379
vn 0.9930065 0.1157544 0.0232182
vn 0.4837215 0.8069697 0.3388413
vn -0.3659416 0.9303481 0.0232182
vn -0.7063198 0.3625114 -0.6080279
vn -0.1970349 -0.3287039 -0.9236509
vn 0.6526283 -0.4520824 -0.6080279
vn 0.5783789 -0.4393358 0.6873587
vn 0.1142482 0.1905949 0.9749979
vn -0.6600820 0.3030344 0.6873587
vn -0.9702816 -0.2144568 0.1120802
vn -0.5061509 -0.8443875 -0.1755591
vn 0.2681793 -0.9568270 0.1120802
vn -0.3541993 0.5908939 0.7248360
vn 0.8900882 0.1914816 0.4136156
vn 0.3362839 -0.5610065 0.7564290
vn -0.5884025 -0.6947695 0.4136156
vn -0.9592847 -0.0760444 -0.2720113
vn -0.4054804 0.6764437 -0.6148248
vn 0.5192060 0.8102067 -0.2720113
vn 0.9291296 0.1344058 0.3444607
vn 0.3726643 -0.6216981 0.6889214
vn -0.5564654 -0.7561039 0.3444607
vn -0.9291296 -0.1344058 -0.3444607
vn -0.3726643 0.6216981 -0.6889214
vn 0.5564654 0.7561039 -0.3444607
vn 0.9821378 0.0099118 0.1879020
vn 0.4375861 -0.7300042 0.5249879
vn -0.4716512 -0.8615323 0.1879020
vn -0.8363369 -0.2531445 -0.4862699
vn -0.2917852 0.4867715 -0.8233559
vn 0.6174521 0.6182997 -0.4862699
vn 0.3541993 -0.5908939 -0.7248360
vn 0.7068176 0.3616808 0.6079439
vn 0.1977909 -0.3299652 0.9230394
vn -0.6521304 -0.4529129 0.6079439
vn -0.9930251 0.1157855 -0.0222470
vn -0.4839984 0.8074315 -0.3373424
vn 0.3659230 0.9303792 -0.0222470
vn 0.9701893 -0.2143030 -0.1131675
vn 0.5062940 -0.8446263 0.1739910
vn -0.2682716 -0.9566731 -0.1131675
vn -0.5789418 -0.4383967 -0.6874843
vn -0.1150464 0.1919265 -0.9746428
vn 0.6595191 0.3039734 -0.6874843
vn -0.3547924 0.5918833 -0.7237379
vn 0.5194290 0.8098347 0.2726926
vn -0.4049764 0.6756030 0.6160801
vn -0.9590617 -0.0764164 0.2726926
vn -0.5887414 -0.6942041 -0.4140823
vn 0.3356641 -0.5599724 -0.7574698
vn 0.8897493 0.1920470 -0.4140823
vn 0.5567477 0.7556330 0.3450375
vn -0.3720997 0.6207563 0.6900750
vn -0.9288474 -0.1348767 0.3450375
vn -0.5567477 -0.7556330 -0.3450375
vn 0.3720997 -0.6207563 -0.6900750
vn 0.9288474 0.1348767 -0.3450375
vn 0.6178504 0.6176352 0.4866083
vn -0.2911107 0.4856461 0.8242587
vn -0.8359386 -0.2538090 0.4866083
vn -0.4718054 -0.8612751 -0.1886924
vn 0.4371557 -0.7292861 -0.5263428
vn 0.9819836 0.0101691 -0.1886924
vn 0.3547924 -0.5918833 0.7237379
vn 0.3659416 0.9303481 0.0232182
vn -0.4837215 0.8069697 0.3388413
vn -0.9930065 0.1157544 0.0232182
vn -0.6526283 -0.4520824 -0.6080279
vn 0.1970349 -0.3287039 -0.9236509
vn 0.7063198 0.3625114 -0.6080279
vn 0.6600820 0.3030344 0.6873587
vn -0.1142482 0.1905949 0.9749979
vn -0.5783789 -0.4393358 0.6873587
vn -0.2681793 -0.9568270 0.1120802
vn 0.5061509 -0.8443875 -0.1755591
vn 0.9702816 -0.2144568 0.1120802
g body
usemtl graphite
f 1/1/1 2/1/2 3/1/3
f 4/1/4 1/1/1 3/1/3
f 5/1/5 4/1/4 3/1/3
f 6/1/6 5/1/5 3/1/3
f 7/1/7 6/1/6 3/1/3
f 8/1/8 7/1/7 3/1/3
f 9/1/9 8/1/8 3/1/3
f 10/1/10 9/1/9 3/1/3
f 11/1/11 10/1/10 3/1/3
f 12/1/12 11/1/11 3/1/13
f 13/1/14 12/1/12 3/1/13
f 14/1/15 13/1/14 3/1/13
f 15/1/16 14/1/15 3/1/13
f 16/1/17 15/1/16 3/1/13
f 17/1/18 16/1/17 3/1/13
f 18/1/19 17/1/18 3/1/13
f 19/1/20 18/1/19 3/1/13
f 20/1/21 19/1/20 3/1/22
f 21/1/23 20/1/21 3/1/22
f 22/1/24 21/1/23 3/1/22
f 23/1/25 22/1/24 3/1/22
f 24/1/26 23/1/25 3/1/22
f 25/1/27 24/1/26 3/1/22
f 26/1/28 25/1/27 3/1/22
f 27/1/29 26/1/28 3/1/22
f 28/1/30 27/1/29 3/1/31
f 29/1/32 28/1/30 3/1/31
f 30/1/33 29/1/32 3/1/31
f 31/1/34 30/1/33 3/1/31
f 32/1/35 31/1/34 3/1/31
f 33/1/36 32/1/35 3/1/31
f 2/1/37 33/1/36 3/1/31
f 1/1/1 34/1/38 35/1/39 2/1/2
f 4/1/4 36/1/40 34/1/38 1/1/1
f 5/1/5 37/1/41 36/1/40 4/1/4
f 6/1/6 38/1/42 37/1/41 5/1/5
f 7/1/7 39/1/43 38/1/42 6/1/6
f 8/1/8 40/1/44 39/1/43 7/1/7
f 9/1/9 41/1/45 40/1/44 8/1/8
f 10/1/10 42/1/46 41/1/45 9/1/9
f 11/1/11 43/1/47 42/1/46 10/1/10
f 12/1/12 44/1/48 43/1/47 11/1/11
f 13/1/14 45/1/49 44/1/48 12/1/12
f 14/1/15 46/1/50 45/1/49 13/1/14
f 15/1/16 47/1/51 46/1/50 14/1/15
f 16/1/17 48/1/52 47/1/51 15/1/16
f 17/1/18 49/1/53 48/1/52 16/1/17
f 18/1/19 50/1/54 49/1/53 17/1/18
f 19/1/20 51/1/55 50/1/54 18/1/19
f 20/1/21 52/1/56 51/1/55 19/1/20
f 21/1/23 53/1/57 52/1/56 20/1/21
f 22/1/24 54/1/58 53/1/57 21/1/23
f 23/1/25 55/1/59 54/1/58 22/1/24
f 24/1/26 56/1/60 55/1/59 23/1/25
f 25/1/27 57/1/61 56/1/60 24/1/26
f 26/1/28 58/1/62 57/1/61 25/1/27
f 27/1/29 59/1/63 58/1/62 26/1/28
f 28/1/30 60/1/64 59/1/63 27/1/29
f 29/1/32 61/1/65 60/1/64 28/1/30
f 30/1/33 62/1/66 61/1/65 29/1/32
f 31/1/34 63/1/67 62/1/66 30/1/33
f 32/1/35 64/1/68 63/1/67 31/1/34
f 33/1/36 65/1/69 64/1/68 32/1/35
f 2/1/37 35/1/70 65/1/69 33/1/36
f 34/1/38 66/1/71 67/1/72 35/1/39
f 36/1/40 68/1/73 66/1/71 34/1/38
f 37/1/41 69/1/74 68/1/73 36/1/40
f 38/1/42 70/1/75 69/1/74 37/1/41
f 39/1/43 71/1/76 70/1/75 38/1/42
f 40/1/44 72/1/77 71/1/76 39/1/43
f 41/1/45 73/1/78 72/1/77 40/1/44
f 42/1/46 74/1/79 73/1/78 41/1/45
f 43/1/47 75/1/80 74/1/79 42/1/46
f 44/1/48 76/1/81 75/1/80 43/1/47
f 45/1/49 77/1/82 76/1/81 44/1/48
f 46/1/50 78/1/83 77/1/82 45/1/49
f 47/1/51 79/1/84 78/1/83 46/1/50
f 48/1/52 80/1/85 79/1/84 47/1/51
f 49/1/53 81/1/86 80/1/85 48/1/52
f 50/1/54 82/1/87 81/1/86 49/1/53
f 51/1/55 83/1/88 82/1/87 50/1/54
f 52/1/56 84/1/89 83/1/88 51/1/55
f 53/1/57 85/1/90 84/1/89 52/1/56
f 54/1/58 86/1/91 85/1/90 53/1/57
f 55/1/59 87/1/92 86/1/91 54/1/58
f 56/1/60 88/1/93 87/1/92 55/1/59
f 57/1/61 89/1/94 88/1/93 56/1/60
f 58/1/62 90/1/95 89/1/94 57/1/61
f 59/1/63 91/1/96 90/1/95 58/1/62
f 60/1/64 92/1/97 91/1/96 59/1/63
f 61/1/65 93/1/98 92/1/97 60/1/64
f 62/1/66 94/1/99 93/1/98 61/1/65
f 63/1/67 95/1/100 94/1/99 62/1/66
f 64/1/68 96/1/101 95/1/100 63/1/67
f 65/1/69 97/1/102 96/1/101 64/1/68
f 35/1/70 67/1/103 97/1/102 65/1/69
f 66/1/71 98/1/104 99/1/105 67/1/72
f 68/1/73 100/1/106 98/1/104 66/1/71
f 69/1/74 101/1/107 100/1/106 68/1/73
f 70/1/75 102/1/108 101/1/107 69/1/74
f 71/1/76 103/1/109 102/1/108 70/1/75
f 72/1/77 104/1/110 103/1/109 71/1/76
f 73/1/78 105/1/111 104/1/110 72/1/77
f 74/1/79 106/1/112 105/1/111 73/1/78
f 75/1/80 107/1/113 106/1/112 74/1/79
f 76/1/81 108/1/114 107/1/113 75/1/80
f 77/1/82 109/1/115 108/1/114 76/1/81
f 78/1/83 110/1/116 109/1/115 77/1/82
f 79/1/84 111/1/117 110/1/116 78/1/83
f 80/1/85 112/1/118 111/1/117 79/1/84
f 81/1/86 113/1/119 112/1/118 80/1/85
f 82/1/87 114/1/120 113/1/119 81/1/86
f 83/1/88 115/1/121 114/1/120 82/1/87
f 84/1/89 116/1/122 115/1/121 83/1/88
f 85/1/90 117/1/123 116/1/122 84/1/89
f 86/1/91 118/1/124 117/1/123 85/1/90
f 87/1/92 119/1/125 118/1/124 86/1/91
f 88/1/93 120/1/126 119/1/125 87/1/92
f 89/1/94 121/1/127 120/1/126 88/1/93
f 90/1/95 122/1/128 121/1/127 89/1/94
f 91/1/96 123/1/129 122/1/128 90/1/95
f 92/1/97 124/1/130 123/1/129 91/1/96
f 93/1/98 125/1/131 124/1/130 92/1/97
f 94/1/99 126/1/132 125/1/131 93/1/98
f 95/1/100 127/1/133 126/1/132 94/1/99
f 96/1/101 128/1/134 127/1/133 95/1/100
f 97/1/102 129/1/135 128/1/134 96/1/101
f 67/1/103 99/1/136 129/1/135 97/1/102
f 98/1/104 130/1/137 131/1/138 99/1/105
f 100/1/106 132/1/139 130/1/137 98/1/104
f 101/1/107 133/1/140 132/1/139 100/1/106
f 102/1/108 134/1/141 133/1/140 101/1/107
f 103/1/109 135/1/142 134/1/141 102/1/108
f 104/1/110 136/1/143 135/1/142 103/1/109
f 105/1/111 137/1/144 136/1/143 104/1/110
f 106/1/112 138/1/145 137/1/144 105/1/111
f 107/1/113 139/1/146 138/1/145 106/1/112
f 108/1/114 140/1/147 139/1/146 107/1/113
f 109/1/115 141/1/148 140/1/147 108/1/114
f 110/1/116 142/1/149 141/1/148 109/1/115
f 111/1/117 143/1/150 142/1/149 110/1/116
f 112/1/118 144/1/151 143/1/150 111/1/117
f 113/1/119 145/1/152 144/1/151 112/1/118
f 114/1/120 146/1/153 145/1/152 113/1/119
f 115/1/121 147/1/154 146/1/153 114/1/120
f 116/1/122 148/1/155 147/1/154 115/1/121
f 117/1/123 149/1/156 148/1/155 116/1/122
f 118/1/124 150/1/157 149/1/156 117/1/123
f 119/1/125 151/1/158 150/1/157 118/1/124
f 120/1/126 152/1/159 151/1/158 119/1/125
f 121/1/127 153/1/160 152/1/159 120/1/126
f 122/1/128 154/1/161 153/1/160 121/1/127
f 123/1/129 155/1/162 154/1/161 122/1/128
f 124/1/130 156/1/163 155/1/162 123/1/129
f 125/1/131 157/1/164 156/1/163 124/1/130
f 126/1/132 158/1/165 157/1/164 125/1/131
f 127/1/133 159/1/166 158/1/165 126/1/132
f 128/1/134 160/1/167 159/1/166 127/1/133
f 129/1/135 161/1/168 160/1/167 128/1/134
f 99/1/136 131/1/169 161/1/168 129/1/135
f 130/1/137 162/1/170 163/1/171 131/1/138
f 132/1/139 164/1/172 162/1/170 130/1/137
f 133/1/140 165/1/173 164/1/172 132/1/139
f 134/1/141 166/1/174 165/1/173 133/1/140
f 135/1/142 167/1/175 166/1/174 134/1/141
f 136/1/143 168/1/176 167/1/175 135/1/142
f 137/1/144 169/1/177 168/1/176 136/1/143
f 138/1/145 170/1/178 169/1/177 137/1/144
f 139/1/146 171/1/179 170/1/178 138/1/145
f 140/1/147 172/1/180 171/1/179 139/1/146
f 141/1/148 173/1/181 172/1/180 140/1/147
f 142/1/149 174/1/182 173/1/181 141/1/148
f 143/1/150 175/1/183 174/1/182 142/1/149
f 144/1/151 176/1/184 175/1/183 143/1/150
f 145/1/152 177/1/185 176/1/184 144/1/151
f 146/1/153 178/1/186 177/1/185 145/1/152
f 147/1/154 179/1/187 178/1/186 146/1/153
f 148/1/155 180/1/188 179/1/187 147/1/154
f 149/1/156 181/1/189 180/1/188 148/1/155
f 150/1/157 182/1/190 181/1/189 149/1/156
f 151/1/158 183/1/191 182/1/190 150/1/157
f 152/1/159 184/1/192 183/1/191 151/1/158
f 153/1/160 185/1/193 184/1/192 152/1/159
f 154/1/161 186/1/194 185/1/193 153/1/160
f 155/1/162 187/1/195 186/1/194 154/1/161
f 156/1/163 188/1/196 187/1/195 155/1/162
f 157/1/164 189/1/197 188/1/196 156/1/163
f 158/1/165 190/1/198 189/1/197 157/1/164
f 159/1/166 191/1/199 190/1/198 158/1/165
f 160/1/167 192/1/200 191/1/199 159/1/166
f 161/1/168 193/1/201 192/1/200 160/1/167
f 131/1/169 163/1/202 193/1/201 161/1/168
f 162/1/170 194/1/203 195/1/204 163/1/171
f 164/1/172 196/1/205 194/1/203 162/1/170
f 165/1/173 197/1/206 196/1/205 164/1/172
f 166/1/174 198/1/207 197/1/206 165/1/173
f 167/1/175 199/1/208 198/1/207 166/1/174
f 168/1/176 200/1/209 199/1/208 167/1/175
f 169/1/177 201/1/210 200/1/209 168/1/176
f 170/1/178 202/1/211 201/1/210 169/1/177
f 171/1/179 203/1/212 202/1/211 170/1/178
f 172/1/180 204/1/213 203/1/212 171/1/179
f 173/1/181 205/1/214 204/1/213 172/1/180
f 174/1/182 206/1/215 205/1/214 173/1/181
f 175/1/183 207/1/216 206/1/215 174/1/182
f 176/1/184 208/1/217 207/1/216 175/1/183
f 177/1/185 209/1/218 208/1/217 176/1/184
f 178/1/186 210/1/219 209/1/218 177/1/185
f 179/1/187 211/1/220 210/1/219 178/1/186
f 180/1/188 212/1/221 211/1/220 179/1/187
f 181/1/189 213/1/222 212/1/221 180/1/188
f 182/1/190 214/1/223 213/1/222 181/1/189
f 183/1/191 215/1/224 214/1/223 182/1/190
f 184/1/192 216/1/225 215/1/224 183/1/191
f 185/1/193 217/1/226 216/1/225 184/1/192
f 186/1/194 218/1/227 217/1/226 185/1/193
f 187/1/195 219/1/228 218/1/227 186/1/194
f 188/1/196 220/1/229 219/1/228 187/1/195
f 189/1/197 221/1/230 220/1/229 188/1/196
f 190/1/198 222/1/231 221/1/230 189/1/197
f 191/1/199 223/1/232 222/1/231 190/1/198
f 192/1/200 224/1/233 223/1/232 191/1/199
f 193/1/201 225/1/234 224/1/233 192/1/200
f 163/1/202 195/1/235 225/1/234 193/1/201
f 194/1/203 226/1/236 227/1/237 195/1/204
f 196/1/205 228/1/238 226/1/236 194/1/203
f 197/1/206 229/1/239 228/1/238 196/1/205
f 198/1/207 230/1/240 229/1/239 197/1/206
f 199/1/208 231/1/241 230/1/240 198/1/207
f 200/1/209 232/1/242 231/1/241 199/1/208
f 201/1/210 233/1/243 232/1/242 200/1/209
f 202/1/211 234/1/244 233/1/243 201/1/210
f 203/1/212 235/1/245 234/1/244 202/1/211
f 204/1/213 236/1/246 235/1/245 203/1/212
f 205/1/214 237/1/247 236/1/246 204/1/213
f 206/1/215 238/1/248 237/1/247 205/1/214
f 207/1/216 239/1/249 238/1/248 206/1/215
f 208/1/217 240/1/250 239/1/249 207/1/216
f 209/1/218 241/1/251 240/1/250 208/1/217
f 210/1/219 242/1/252 241/1/251 209/1/218
f 211/1/220 243/1/253 242/1/252 210/1/219
f 212/1/221 244/1/254 243/1/253 211/1/220
f 213/1/222 245/1/255 244/1/254 212/1/221
f 214/1/223 246/1/256 245/1/255 213/1/222
f 215/1/224 247/1/257 246/1/256 214/1/223
f 216/1/225 248/1/258 247/1/257 215/1/224
f 217/1/226 249/1/259 248/1/258 216/1/225
f 218/1/227 250/1/260 249/1/259 217/1/226
f 219/1/228 251/1/261 250/1/260 218/1/227
f 220/1/229 252/1/262 251/1/261 219/1/228
f 221/1/230 253/1/263 252/1/262 220/1/229
f 222/1/231 254/1/264 253/1/263 221/1/230
f 223/1/232 255/1/265 254/1/264 222/1/231
f 224/1/233 256/1/266 255/1/265 223/1/232
f 225/1/234 257/1/267 256/1/266 224/1/233
f 195/1/235 227/1/268 257/1/267 225/1/234
f 226/1/236 258/1/269 259/1/270 227/1/237
f 228/1/238 260/1/271 258/1/269 226/1/236
f 229/1/239 261/1/272 260/1/271 228/1/238
f 230/1/240 262/1/273 261/1/272 229/1/239
f 231/1/241 263/1/274 262/1/273 230/1/240
f 232/1/242 264/1/275 263/1/274 231/1/241
f 233/1/243 265/1/276 264/1/275 232/1/242
f 234/1/244 266/1/277 265/1/276 233/1/243
f 235/1/245 267/1/278 266/1/277 234/1/244
f 236/1/246 268/1/279 267/1/278 235/1/245
f 237/1/247 269/1/280 268/1/279 236/1/246
f 238/1/248 270/1/281 269/1/280 237/1/247
f 239/1/249 271/1/282 270/1/281 238/1/248
f 240/1/250 272/1/283 271/1/282 239/1/249
f 241/1/251 273/1/284 272/1/283 240/1/250
f 242/1/252 274/1/285 273/1/284 241/1/251
f 243/1/253 275/1/286 274/1/285 242/1/252
f 244/1/254 276/1/287 275/1/286 243/1/253
f 245/1/255 277/1/288 276/1/287 244/1/254
f 246/1/256 278/1/289 277/1/288 245/1/255
f 247/1/257 279/1/290 278/1/289 246/1/256
f 248/1/258 280/1/291 279/1/290 247/1/257
f 249/1/259 281/1/292 280/1/291 248/1/258
f 250/1/260 282/1/293 281/1/292 249/1/259
f 251/1/261 283/1/294 282/1/293 250/1/260
f 252/1/262 284/1/295 283/1/294 251/1/261
f 253/1/263 285/1/296 284/1/295 252/1/262
f 254/1/264 286/1/297 285/1/296 253/1/263
f 255/1/265 287/1/298 286/1/297 254/1/264
f 256/1/266 288/1/299 287/1/298 255/1/265
f 257/1/267 289/1/300 288/1/299 256/1/266
f 227/1/268 259/1/301 289/1/300 257/1/267
f 258/1/269 290/1/302 291/1/303 259/1/270
f 260/1/271 292/1/304 290/1/302 258/1/269
f 261/1/272 293/1/305 292/1/304 260/1/271
f 262/1/273 294/1/306 293/1/305 261/1/272
f 263/1/274 295/1/307 294/1/306 262/1/273
f 264/1/275 296/1/308 295/1/307 263/1/274
f 265/1/276 297/1/309 296/1/308 264/1/275
f 266/1/277 298/1/310 297/1/309 265/1/276
f 267/1/278 299/1/311 298/1/310 266/1/277
f 268/1/279 300/1/312 299/1/311 267/1/278
f 269/1/280 301/1/313 300/1/312 268/1/279
f 270/1/281 302/1/314 301/1/313 269/1/280
f 271/1/282 303/1/315 302/1/314 270/1/281
f 272/1/283 304/1/316 303/1/315 271/1/282
f 273/1/284 305/1/317 304/1/316 272/1/283
f 274/1/285 306/1/318 305/1/317 273/1/284
f 275/1/286 307/1/319 306/1/318 274/1/285
f 276/1/287 308/1/320 307/1/319 275/1/286
f 277/1/288 309/1/321 308/1/320 276/1/287
f 278/1/289 310/1/322 309/1/321 277/1/288
f 279/1/290 311/1/323 310/1/322 278/1/289
f 280/1/291 312/1/324 311/1/323 279/1/290
f 281/1/292 313/1/325 312/1/324 280/1/291
f 282/1/293 314/1/326 313/1/325 281/1/292
f 283/1/294 315/1/327 314/1/326 282/1/293
f 284/1/295 316/1/328 315/1/327 283/1/294
f 285/1/296 317/1/329 316/1/328 284/1/295
f 286/1/297 318/1/330 317/1/329 285/1/296
f 287/1/298 319/1/331 318/1/330 286/1/297
f 288/1/299 320/1/332 319/1/331 287/1/298
f 289/1/300 321/1/333 320/1/332 288/1/299
f 259/1/301 291/1/334 321/1/333 289/1/300
f 290/1/302 322/1/335 323/1/336 291/1/303
f 292/1/304 324/1/337 322/1/335 290/1/302
f 293/1/305 325/1/338 324/1/337 292/1/304
f 294/1/306 326/1/339 325/1/338 293/1/305
f 295/1/307 327/1/340 326/1/339 294/1/306
f 296/1/308 328/1/341 327/1/340 295/1/307
f 297/1/309 329/1/342 328/1/341 296/1/308
f 298/1/310 330/1/343 329/1/342 297/1/309
f 299/1/311 331/1/344 330/1/343 298/1/310
f 300/1/312 332/1/345 331/1/344 299/1/311
f 301/1/313 333/1/346 332/1/345 300/1/312
f 302/1/314 334/1/347 333/1/346 301/1/313
f 303/1/315 335/1/348 334/1/347 302/1/314
f 304/1/316 336/1/349 335/1/348 303/1/315
f 305/1/317 337/1/350 336/1/349 304/1/316
f 306/1/318 338/1/351 337/1/350 305/1/317
f 307/1/319 339/1/352 338/1/351 306/1/318
f 308/1/320 340/1/353 339/1/352 307/1/319
f 309/1/321 341/1/354 340/1/353 308/1/320
f 310/1/322 342/1/355 341/1/354 309/1/321
f 311/1/323 343/1/356 342/1/355 310/1/322
f 312/1/324 344/1/357 343/1/356 311/1/323
f 313/1/325 345/1/358 344/1/357 312/1/324
f 314/1/326 346/1/359 345/1/358 313/1/325
f 315/1/327 347/1/360 346/1/359 314/1/326
f 316/1/328 348/1/361 347/1/360 315/1/327
f 317/1/329 349/1/362 348/1/361 316/1/328
f 318/1/330 350/1/363 349/1/362 317/1/329
f 319/1/331 351/1/364 350/1/363 318/1/330
f 320/1/332 352/1/365 351/1/364 319/1/331
f 321/1/333 353/1/366 352/1/365 320/1/332
f 291/1/334 323/1/367 353/1/366 321/1/333
f 322/1/335 354/1/368 355/1/369 323/1/336
f 324/1/337 356/1/370 354/1/368 322/1/335
f 325/1/338 357/1/371 356/1/370 324/1/337
f 326/1/339 358/1/372 357/1/371 325/1/338
f 327/1/340 359/1/373 358/1/372 326/1/339
f 328/1/341 360/1/374 359/1/373 327/1/340
f 329/1/342 361/1/375 360/1/374 328/1/341
f 330/1/343 362/1/376 361/1/375 329/1/342
f 331/1/344 363/1/377 362/1/376 330/1/343
f 332/1/345 364/1/378 363/1/377 331/1/344
f 333/1/346 365/1/379 364/1/378 332/1/345
f 334/1/347 366/1/380 365/1/379 333/1/346
f 335/1/348 367/1/381 366/1/380 334/1/347
f 336/1/349 368/1/382 367/1/381 335/1/348
f 337/1/350 369/1/383 368/1/382 336/1/349
f 338/1/351 370/1/384 369/1/383 337/1/350
f 339/1/352 371/1/385 370/1/384 338/1/351
f 340/1/353 372/1/386 371/1/385 339/1/352
f 341/1/354 373/1/387 372/1/386 340/1/353
f 342/1/355 374/1/388 373/1/387 341/1/354
f 343/1/356 375/1/389 374/1/388 342/1/355
f 344/1/357 376/1/390 375/1/389 343/1/356
f 345/1/358 377/1/391 376/1/390 344/1/357
f 346/1/359 378/1/392 377/1/391 345/1/358
f 347/1/360 379/1/393 378/1/392 346/1/359
f 348/1/361 380/1/394 379/1/393 347/1/360
f 349/1/362 381/1/395 380/1/394 348/1/361
f 350/1/363 382/1/396 381/1/395 349/1/362
f 351/1/364 383/1/397 382/1/396 350/1/363
f 352/1/365 384/1/398 383/1/397 351/1/364
f 353/1/366 385/1/399 384/1/398 352/1/365
f 323/1/367 355/1/400 385/1/399 353/1/366
f 354/1/368 386/1/401 387/1/402 355/1/369
f 356/1/370 388/1/403 386/1/401 354/1/368
f 357/1/371 389/1/404 388/1/403 356/1/370
f 358/1/372 390/1/405 389/1/404 357/1/371
f 359/1/373 391/1/406 390/1/405 358/1/372
f 360/1/374 392/1/407 391/1/406 359/1/373
f 361/1/375 393/1/408 392/1/407 360/1/374
f 362/1/376 394/1/409 393/1/408 361/1/375
f 363/1/377 395/1/410 394/1/409 362/1/376
f 364/1/378 396/1/411 395/1/410 363/1/377
f 365/1/379 397/1/412 396/1/411 364/1/378
f 366/1/380 398/1/413 397/1/412 365/1/379
f 367/1/381 399/1/414 398/1/413 366/1/380
f 368/1/382 400/1/415 399/1/414 367/1/381
f 369/1/383 401/1/416 400/1/415 368/1/382
f 370/1/384 402/1/417 401/1/416 369/1/383
f 371/1/385 403/1/418 402/1/417 370/1/384
f 372/1/386 404/1/419 403/1/418 371/1/385
f 373/1/387 405/1/420 404/1/419 372/1/386
f 374/1/388 406/1/421 405/1/420 373/1/387
f 375/1/389 407/1/422 406/1/421 374/1/388
f 376/1/390 408/1/423 407/1/422 375/1/389
f 377/1/391 409/1/424 408/1/423 376/1/390
f 378/1/392 410/1/425 409/1/424 377/1/391
f 379/1/393 411/1/426 410/1/425 378/1/392
f 380/1/394 412/1/427 411/1/426 379/1/393
f 381/1/395 413/1/428 412/1/427 380/1/394
f 382/1/396 414/1/429 413/1/428 381/1/395
f 383/1/397 415/1/430 414/1/429 382/1/396
f 384/1/398 416/1/431 415/1/430 383/1/397
f 385/1/399 417/1/432 416/1/431 384/1/398
f 355/1/400 387/1/433 417/1/432 385/1/399
f 386/1/401 418/1/434 419/1/435 387/1/402
f 388/1/403 420/1/436 418/1/434 386/1/401
f 389/1/404 421/1/437 420/1/436 388/1/403
f 390/1/405 422/1/438 421/1/437 389/1/404
f 391/1/406 423/1/439 422/1/438 390/1/405
f 392/1/407 424/1/440 423/1/439 391/1/406
f 393/1/408 425/1/441 424/1/440 392/1/407
f 394/1/409 426/1/442 425/1/441 393/1/408
f 395/1/410 427/1/443 426/1/442 394/1/409
f 396/1/411 428/1/444 427/1/443 395/1/410
f 397/1/412 429/1/445 428/1/444 396/1/411
f 398/1/413 430/1/446 429/1/445 397/1/412
f 399/1/414 431/1/447 430/1/446 398/1/413
f 400/1/415 432/1/448 431/1/447 399/1/414
f 401/1/416 433/1/449 432/1/448 400/1/415
f 402/1/417 434/1/450 433/1/449 401/1/416
f 403/1/418 435/1/451 434/1/450 402/1/417
f 404/1/419 436/1/452 435/1/451 403/1/418
f 405/1/420 437/1/453 436/1/452 404/1/419
f 406/1/421 438/1/454 437/1/453 405/1/420
f 407/1/422 439/1/455 438/1/454 406/1/421
f 408/1/423 440/1/456 439/1/455 407/1/422
f 409/1/424 441/1/457 440/1/456 408/1/423
f 410/1/425 442/1/458 441/1/457 409/1/424
f 411/1/426 443/1/459 442/1/458 410/1/425
f 412/1/427 444/1/460 443/1/459 411/1/426
f 413/1/428 445/1/461 444/1/460 412/1/427
f 414/1/429 446/1/462 445/1/461 413/1/428
f 415/1/430 447/1/463 446/1/462 414/1/429
f 416/1/431 448/1/464 447/1/463 415/1/430
f 417/1/432 449/1/465 448/1/464 416/1/431
f 387/1/433 419/1/466 449/1/465 417/1/432
f 418/1/434 450/1/467 451/1/468 419/1/435
f 420/1/436 452/1/469 450/1/467 418/1/434
f 421/1/437 453/1/470 452/1/469 420/1/436
f 422/1/438 454/1/471 453/1/470 421/1/437
f 423/1/439 455/1/472 454/1/471 422/1/438
f 424/1/440 456/1/473 455/1/472 423/1/439
f 425/1/441 457/1/474 456/1/473 424/1/440
f 426/1/442 458/1/475 457/1/474 425/1/441
f 427/1/443 459/1/476 458/1/475 426/1/442
f 428/1/444 460/1/477 459/1/476 427/1/443
f 429/1/445 461/1/478 460/1/477 428/1/444
f 430/1/446 462/1/479 461/1/478 429/1/445
f 431/1/447 463/1/480 462/1/479 430/1/446
f 432/1/448 464/1/481 463/1/480 431/1/447
f 433/1/449 465/1/482 464/1/481 432/1/448
f 434/1/450 466/1/483 465/1/482 433/1/449
f 435/1/451 467/1/484 466/1/483 434/1/450
f 436/1/452 468/1/485 467/1/484 435/1/451
f 437/1/453 469/1/486 468/1/485 436/1/452
f 438/1/454 470/1/487 469/1/486 437/1/453
f 439/1/455 471/1/488 470/1/487 438/1/454
f 440/1/456 472/1/489 471/1/488 439/1/455
f 441/1/457 473/1/490 472/1/489 440/1/456
f 442/1/458 474/1/491 473/1/490 441/1/457
f 443/1/459 475/1/492 474/1/491 442/1/458
f 444/1/460 476/1/493 475/1/492 443/1/459
f 445/1/461 477/1/494 476/1/493 444/1/460
f 446/1/462 478/1/495 477/1/494 445/1/461
f 447/1/463 479/1/496 478/1/495 446/1/462
f 448/1/464 480/1/497 479/1/496 447/1/463
f 449/1/465 481/1/498 480/1/497 448/1/464
f 419/1/466 451/1/499 481/1/498 449/1/465
f 450/1/467 482/1/500 451/1/468
f 452/1/469 482/1/500 450/1/467
f 453/1/470 482/1/500 452/1/469
f 454/1/471 482/1/500 453/1/470
f 455/1/472 482/1/500 454/1/471
f 456/1/473 482/1/500 455/1/472
f 457/1/474 482/1/500 456/1/473
f 458/1/475 482/1/500 457/1/474
f 459/1/476 482/1/500 458/1/475
f 460/1/477 482/1/501 459/1/476
f 461/1/478 482/1/501 460/1/477
f 462/1/479 482/1/501 461/1/478
f 463/1/480 482/1/501 462/1/479
f 464/1/481 482/1/501 463/1/480
f 465/1/482 482/1/501 464/1/481
f 466/1/483 482/1/501 465/1/482
f 467/1/484 482/1/501 466/1/483
f 468/1/485 482/1/502 467/1/484
f 469/1/486 482/1/502 468/1/485
f 470/1/487 482/1/502 469/1/486
f 471/1/488 482/1/502 470/1/487
f 472/1/489 482/1/502 471/1/488
f 473/1/490 482/1/502 472/1/489
f 474/1/491 482/1/502 473/1/490
f 475/1/492 482/1/502 474/1/491
f 476/1/493 482/1/503 475/1/492
f 477/1/494 482/1/503 476/1/493
f 478/1/495 482/1/503 477/1/494
f 479/1/496 482/1/503 478/1/495
f 480/1/497 482/1/503 479/1/496
f 481/1/498 482/1/503 480/1/497
f 451/1/499 482/1/503 481/1/498
usemtl steel
f 483/1/504 484/1/505 485/1/506 486/1/507
f 487/1/508 488/1/509 484/1/505 483/1/504
f 489/1/510 490/1/511 488/1/509 487/1/508
f 491/1/512 492/1/513 490/1/511 489/1/510
f 493/1/514 494/1/515 492/1/513 491/1/512
f 495/1/516 496/1/517 494/1/515 493/1/514
f 497/1/518 498/1/519 496/1/517 495/1/516
f 499/1/520 500/1/521 498/1/519 497/1/518
f 501/1/522 502/1/523 500/1/521 499/1/520
f 503/1/524 504/1/525 502/1/523 501/1/522
f 505/1/526 506/1/527 504/1/525 503/1/524
f 507/1/528 508/1/529 506/1/527 505/1/526
f 509/1/530 510/1/531 508/1/529 507/1/528
f 511/1/532 512/1/533 510/1/531 509/1/530
f 513/1/534 514/1/535 512/1/533 511/1/532
f 515/1/536 516/1/537 514/1/535 513/1/534
f 517/1/538 518/1/539 516/1/537 515/1/536
f 519/1/540 520/1/541 518/1/539 517/1/538
f 521/1/542 522/1/543 520/1/541 519/1/540
f 523/1/544 524/1/545 522/1/543 521/1/542
f 525/1/546 526/1/547 524/1/545 523/1/544
f 527/1/548 528/1/549 526/1/547 525/1/546
f 529/1/550 530/1/551 528/1/549 527/1/548
f 531/1/552 532/1/553 530/1/551 529/1/550
f 533/1/554 534/1/555 532/1/553 531/1/552
f 535/1/556 536/1/557 534/1/555 533/1/554
f 537/1/558 538/1/559 536/1/557 535/1/556
f 539/1/560 540/1/561 538/1/559 537/1/558
f 541/1/562 542/1/563 540/1/561 539/1/560
f 543/1/564 544/1/565 542/1/563 541/1/562
f 545/1/566 546/1/567 544/1/565 543/1/564
f 486/1/568 485/1/569 546/1/567 545/1/566
f 484/1/505 547/1/570 548/1/571 485/1/506
f 488/1/509 549/1/572 547/1/570 484/1/505
f 490/1/511 550/1/573 549/1/572 488/1/509
f 492/1/513 551/1/574 550/1/573 490/1/511
f 494/1/515 552/1/575 551/1/574 492/1/513
f 496/1/517 553/1/576 552/1/575 494/1/515
f 498/1/519 554/1/577 553/1/576 496/1/517
f 500/1/521 555/1/578 554/1/577 498/1/519
f 502/1/523 556/1/579 555/1/578 500/1/521
f 504/1/525 557/1/580 556/1/579 502/1/523
f 506/1/527 558/1/581 557/1/580 504/1/525
f 508/1/529 559/1/582 558/1/581 506/1/527
f 510/1/531 560/1/583 559/1/582 508/1/529
f 512/1/533 561/1/584 560/1/583 510/1/531
f 514/1/535 562/1/585 561/1/584 512/1/533
f 516/1/537 563/1/586 562/1/585 514/1/535
f 518/1/539 564/1/587 563/1/586 516/1/537
f 520/1/541 565/1/588 564/1/587 518/1/539
f 522/1/543 566/1/589 565/1/588 520/1/541
f 524/1/545 567/1/590 566/1/589 522/1/543
f 526/1/547 568/1/591 567/1/590 524/1/545
f 528/1/549 569/1/592 568/1/591 526/1/547
f 530/1/551 570/1/593 569/1/592 528/1/549
f 532/1/553 571/1/594 570/1/593 530/1/551
f 534/1/555 572/1/595 571/1/594 532/1/553
f 536/1/557 573/1/596 572/1/595 534/1/555
f 538/1/559 574/1/597 573/1/596 536/1/557
f 540/1/561 575/1/598 574/1/597 538/1/559
f 542/1/563 576/1/599 575/1/598 540/1/561
f 544/1/565 577/1/600 576/1/599 542/1/563
f 546/1/567 578/1/601 577/1/600 544/1/565
f 485/1/569 548/1/602 578/1/601 546/1/567
usemtl graphite
f 579/1/603 580/1/604 581/1/605 582/1/606
f 583/1/607 584/1/608 585/1/609 586/1/610
f 587/1/611 588/1/612 589/1/613 590/1/614
f 591/1/615 592/1/616 593/1/617 594/1/618
f 595/1/619 596/1/620 597/1/621 598/1/622
f 599/1/623 600/1/624 601/1/625 602/1/626
f 603/1/627 604/1/628 605/1/629 606/1/630
f 607/1/631 608/1/632 609/1/633 610/1/634
f 611/1/635 612/1/636 613/1/637 614/1/638
f 615/1/639 616/1/640 617/1/641 618/1/642
f 619/1/643 620/1/644 621/1/645 622/1/646
f 623/1/647 624/1/648 625/1/649 626/1/650
f 627/1/651 628/1/652 629/1/653 630/1/654
f 631/1/655 632/1/656 633/1/657 634/1/658
f 635/1/659 636/1/660 637/1/661 638/1/662
f 639/1/663 640/1/664 641/1/665 642/1/666
f 643/1/667 644/1/668 645/1/669 646/1/670
f 647/1/671 648/1/672 649/1/673 650/1/674
f 651/1/675 652/1/676 653/1/677 654/1/678
f 655/1/679 656/1/680 657/1/681 658/1/682
f 659/1/683 660/1/684 661/1/685 662/1/686
f 663/1/687 664/1/688 665/1/689 666/1/690
f 667/1/691 668/1/692 669/1/693 670/1/694
f 671/1/695 672/1/696 673/1/697 674/1/698
usemtl steel
f 675/1/699 676/1/699 677/1/699 678/1/699
f 676/1/700 679/1/700 680/1/700 677/1/700
f 679/1/701 681/1/701 682/1/701 680/1/701
f 681/1/702 683/1/702 684/1/702 682/1/702
f 683/1/703 685/1/703 686/1/703 684/1/703
f 685/1/704 687/1/704 688/1/704 686/1/704
f 687/1/705 689/1/705 690/1/705 688/1/705
f 689/1/706 691/1/706 692/1/706 690/1/706
f 691/1/707 693/1/707 694/1/707 692/1/707
f 693/1/708 695/1/708 696/1/708 694/1/708
f 695/1/709 697/1/709 698/1/709 696/1/709
f 697/1/710 699/1/710 700/1/710 698/1/710
f 699/1/711 701/1/711 702/1/711 700/1/711
f 701/1/712 703/1/712 704/1/712 702/1/712
f 703/1/713 705/1/713 706/1/713 704/1/713
f 705/1/714 707/1/714 708/1/714 706/1/714
f 707/1/715 709/1/715 710/1/715 708/1/715
f 709/1/716 711/1/716 712/1/716 710/1/716
f 711/1/717 713/1/717 714/1/717 712/1/717
f 713/1/718 715/1/718 716/1/718 714/1/718
f 715/1/719 717/1/719 718/1/719 716/1/719
f 717/1/720 719/1/720 720/1/720 718/1/720
f 719/1/721 721/1/721 722/1/721 720/1/721
f 721/1/722 723/1/722 724/1/722 722/1/722
f 723/1/723 725/1/723 726/1/723 724/1/723
f 725/1/724 727/1/724 728/1/724 726/1/724
f 727/1/725 729/1/725 730/1/725 728/1/725
f 729/1/726 731/1/726 732/1/726 730/1/726
f 731/1/727 733/1/727 734/1/727 732/1/727
f 733/1/728 735/1/728 736/1/728 734/1/728
f 735/1/729 737/1/729 738/1/729 736/1/729
f 737/1/730 739/1/730 740/1/730 738/1/730
f 739/1/731 741/1/731 742/1/731 740/1/731
f 741/1/732 743/1/732 744/1/732 742/1/732
f 743/1/733 745/1/733 746/1/733 744/1/733
f 745/1/734 747/1/734 748/1/734 746/1/734
f 747/1/735 749/1/735 750/1/735 748/1/735
f 749/1/736 751/1/736 752/1/736 750/1/736
f 751/1/737 753/1/737 754/1/737 752/1/737
f 753/1/738 675/1/738 678/1/738 754/1/738
f 678/1/739 677/1/739 755/1/739 756/1/739
f 677/1/740 680/1/740 757/1/740 755/1/740
f 680/1/741 682/1/741 758/1/741 757/1/741
f 682/1/742 684/1/742 759/1/742 758/1/742
f 684/1/743 686/1/743 760/1/743 759/1/743
f 686/1/744 688/1/744 761/1/744 760/1/744
f 688/1/745 690/1/745 762/1/745 761/1/745
f 690/1/746 692/1/746 763/1/746 762/1/746
f 692/1/747 694/1/747 764/1/747 763/1/747
f 694/1/748 696/1/748 765/1/748 764/1/748
f 696/1/749 698/1/749 766/1/749 765/1/749
f 698/1/750 700/1/750 767/1/750 766/1/750
f 700/1/751 702/1/751 768/1/751 767/1/751
f 702/1/752 704/1/752 769/1/752 768/1/752
f 704/1/753 706/1/753 770/1/753 769/1/753
f 706/1/754 708/1/754 771/1/754 770/1/754
f 708/1/755 710/1/755 772/1/755 771/1/755
f 710/1/756 712/1/756 773/1/756 772/1/756
f 712/1/757 714/1/757 774/1/757 773/1/757
f 714/1/758 716/1/758 775/1/758 774/1/758
f 716/1/759 718/1/759 776/1/759 775/1/759
f 718/1/760 720/1/760 777/1/760 776/1/760
f 720/1/761 722/1/761 778/1/761 777/1/761
f 722/1/762 724/1/762 779/1/762 778/1/762
f 724/1/763 726/1/763 780/1/763 779/1/763
f 726/1/764 728/1/764 781/1/764 780/1/764
f 728/1/765 730/1/765 782/1/765 781/1/765
f 730/1/766 732/1/766 783/1/766 782/1/766
f 732/1/767 734/1/767 784/1/767 783/1/767
f 734/1/768 736/1/768 785/1/768 784/1/768
f 736/1/769 738/1/769 786/1/769 785/1/769
f 738/1/770 740/1/770 787/1/770 786/1/770
f 740/1/771 742/1/771 788/1/771 787/1/771
f 742/1/772 744/1/772 789/1/772 788/1/772
f 744/1/773 746/1/773 790/1/773 789/1/773
f 746/1/774 748/1/774 791/1/774 790/1/774
f 748/1/775 750/1/775 792/1/775 791/1/775
f 750/1/776 752/1/776 793/1/776 792/1/776
f 752/1/777 754/1/777 794/1/777 793/1/777
f 754/1/778 678/1/778 756/1/778 794/1/778
f 756/1/779 755/1/779 795/1/779 796/1/779
f 755/1/780 757/1/780 797/1/780 795/1/780
f 757/1/781 758/1/781 798/1/781 797/1/781
f 758/1/782 759/1/782 799/1/782 798/1/782
f 759/1/783 760/1/783 800/1/783 799/1/783
f 760/1/784 761/1/784 801/1/784 800/1/784
f 761/1/785 762/1/785 802/1/785 801/1/785
f 762/1/786 763/1/786 803/1/786 802/1/786
f 763/1/787 764/1/787 804/1/787 803/1/787
f 764/1/788 765/1/788 805/1/788 804/1/788
f 765/1/789 766/1/789 806/1/789 805/1/789
f 766/1/790 767/1/790 807/1/790 806/1/790
f 767/1/791 768/1/791 808/1/791 807/1/791
f 768/1/792 769/1/792 809/1/792 808/1/792
f 769/1/793 770/1/793 810/1/793 809/1/793
f 770/1/794 771/1/794 811/1/794 810/1/794
f 771/1/795 772/1/795 812/1/795 811/1/795
f 772/1/796 773/1/796 813/1/796 812/1/796
f 773/1/797 774/1/797 814/1/797 813/1/797
f 774/1/798 775/1/798 815/1/798 814/1/798
f 775/1/799 776/1/799 816/1/799 815/1/799
f 776/1/800 777/1/800 817/1/800 816/1/800
f 777/1/801 778/1/801 818/1/801 817/1/801
f 778/1/802 779/1/802 819/1/802 818/1/802
f 779/1/803 780/1/803 820/1/803 819/1/803
f 780/1/804 781/1/804 821/1/804 820/1/804
f 781/1/805 782/1/805 822/1/805 821/1/805
f 782/1/806 783/1/806 823/1/806 822/1/806
f 783/1/807 784/1/807 824/1/807 823/1/807
f 784/1/808 785/1/808 825/1/808 824/1/808
f 785/1/809 786/1/809 826/1/809 825/1/809
f 786/1/810 787/1/810 827/1/810 826/1/810
f 787/1/811 788/1/811 828/1/811 827/1/811
f 788/1/812 789/1/812 829/1/812 828/1/812
f 789/1/813 790/1/813 830/1/813 829/1/813
f 790/1/814 791/1/814 831/1/814 830/1/814
f 791/1/815 792/1/815 832/1/815 831/1/815
f 792/1/816 793/1/816 833/1/816 832/1/816
f 793/1/817 794/1/817 834/1/817 833/1/817
f 794/1/818 756/1/818 796/1/818 834/1/818
f 796/1/819 795/1/819 835/1/819 836/1/819
f 795/1/820 797/1/820 837/1/820 835/1/820
f 797/1/821 798/1/821 838/1/821 837/1/821
f 798/1/822 799/1/822 839/1/822 838/1/822
f 799/1/823 800/1/823 840/1/823 839/1/823
f 800/1/824 801/1/824 841/1/824 840/1/824
f 801/1/825 802/1/825 842/1/825 841/1/825
f 802/1/826 803/1/826 843/1/826 842/1/826
f 803/1/827 804/1/827 844/1/827 843/1/827
f 804/1/828 805/1/828 845/1/828 844/1/828
f 805/1/829 806/1/829 846/1/829 845/1/829
f 806/1/830 807/1/830 847/1/830 846/1/830
f 807/1/831 808/1/831 848/1/831 847/1/831
f 808/1/832 809/1/832 849/1/832 848/1/832
f 809/1/833 810/1/833 850/1/833 849/1/833
f 810/1/834 811/1/834 851/1/834 850/1/834
f 811/1/835 812/1/835 852/1/835 851/1/835
f 812/1/836 813/1/836 853/1/836 852/1/836
f 813/1/837 814/1/837 854/1/837 853/1/837
f 814/1/838 815/1/838 855/1/838 854/1/838
f 815/1/839 816/1/839 856/1/839 855/1/839
f 816/1/840 817/1/840 857/1/840 856/1/840
f 817/1/841 818/1/841 858/1/841 857/1/841
f 818/1/842 819/1/842 859/1/842 858/1/842
f 819/1/843 820/1/843 860/1/843 859/1/843
f 820/1/844 821/1/844 861/1/844 860/1/844
f 821/1/845 822/1/845 862/1/845 861/1/845
f 822/1/846 823/1/846 863/1/846 862/1/846
f 823/1/847 824/1/847 864/1/847 863/1/847
f 824/1/848 825/1/848 865/1/848 864/1/848
f 825/1/849 826/1/849 866/1/849 865/1/849
f 826/1/850 827/1/850 867/1/850 866/1/850
f 827/1/851 828/1/851 868/1/851 867/1/851
f 828/1/852 829/1/852 869/1/852 868/1/852
f 829/1/853 830/1/853 870/1/853 869/1/853
f 830/1/854 831/1/854 871/1/854 870/1/854
f 831/1/855 832/1/855 872/1/855 871/1/855
f 832/1/856 833/1/856 873/1/856 872/1/856
f 833/1/857 834/1/857 874/1/857 873/1/857
f 834/1/858 796/1/858 836/1/858 874/1/858
usemtl rubber
f 875/1/859 876/1/859 877/1/859 878/1/859
f 876/1/860 879/1/860 880/1/860 877/1/860
f 879/1/861 881/1/861 882/1/861 880/1/861
f 881/1/862 883/1/862 884/1/862 882/1/862
f 883/1/863 885/1/863 886/1/863 884/1/863
f 885/1/864 887/1/864 888/1/864 886/1/864
f 887/1/865 889/1/865 890/1/865 888/1/865
f 889/1/866 891/1/866 892/1/866 890/1/866
f 891/1/867 893/1/867 894/1/867 892/1/867
f 893/1/868 895/1/868 896/1/868 894/1/868
f 895/1/869 897/1/869 898/1/869 896/1/869
f 897/1/870 899/1/870 900/1/870 898/1/870
f 899/1/871 901/1/871 902/1/871 900/1/871
f 901/1/872 903/1/872 904/1/872 902/1/872
f 903/1/873 905/1/873 906/1/873 904/1/873
f 905/1/874 907/1/874 908/1/874 906/1/874
f 907/1/875 909/1/875 910/1/875 908/1/875
f 909/1/876 911/1/876 912/1/876 910/1/876
f 911/1/877 913/1/877 914/1/877 912/1/877
f 913/1/878 915/1/878 916/1/878 914/1/878
f 915/1/879 917/1/879 918/1/879 916/1/879
f 917/1/880 919/1/880 920/1/880 918/1/880
f 919/1/881 921/1/881 922/1/881 920/1/881
f 921/1/882 923/1/882 924/1/882 922/1/882
f 923/1/883 925/1/883 926/1/883 924/1/883
f 925/1/884 927/1/884 928/1/884 926/1/884
f 927/1/885 929/1/885 930/1/885 928/1/885
f 929/1/886 931/1/886 932/1/886 930/1/886
f 931/1/887 933/1/887 934/1/887 932/1/887
f 933/1/888 935/1/888 936/1/888 934/1/888
f 935/1/889 937/1/889 938/1/889 936/1/889
f 937/1/890 939/1/890 940/1/890 938/1/890
f 939/1/891 941/1/891 942/1/891 940/1/891
f 941/1/892 943/1/892 944/1/892 942/1/892
f 943/1/893 945/1/893 946/1/893 944/1/893
f 945/1/894 947/1/894 948/1/894 946/1/894
f 947/1/895 949/1/895 950/1/895 948/1/895
f 949/1/896 951/1/896 952/1/896 950/1/896
f 951/1/897 953/1/897 954/1/897 952/1/897
f 953/1/898 875/1/898 878/1/898 954/1/898
f 878/1/899 877/1/899 955/1/899 956/1/899
f 877/1/900 880/1/900 957/1/900 955/1/900
f 880/1/901 882/1/901 958/1/901 957/1/901
f 882/1/902 884/1/902 959/1/902 958/1/902
f 884/1/903 886/1/903 960/1/903 959/1/903
f 886/1/904 888/1/904 961/1/904 960/1/904
f 888/1/905 890/1/905 962/1/905 961/1/905
f 890/1/906 892/1/906 963/1/906 962/1/906
f 892/1/907 894/1/907 964/1/907 963/1/907
f 894/1/908 896/1/908 965/1/908 964/1/908
f 896/1/909 898/1/909 966/1/909 965/1/909
f 898/1/910 900/1/910 967/1/910 966/1/910
f 900/1/911 902/1/911 968/1/911 967/1/911
f 902/1/912 904/1/912 969/1/912 968/1/912
f 904/1/913 906/1/913 970/1/913 969/1/913
f 906/1/914 908/1/914 971/1/914 970/1/914
f 908/1/915 910/1/915 972/1/915 971/1/915
f 910/1/916 912/1/916 973/1/916 972/1/916
f 912/1/917 914/1/917 974/1/917 973/1/917
f 914/1/918 916/1/918 975/1/918 974/1/918
f 916/1/919 918/1/919 976/1/919 975/1/919
f 918/1/920 920/1/920 977/1/920 976/1/920
f 920/1/921 922/1/921 978/1/921 977/1/921
f 922/1/922 924/1/922 979/1/922 978/1/922
f 924/1/923 926/1/923 980/1/923 979/1/923
f 926/1/924 928/1/924 981/1/924 980/1/924
f 928/1/925 930/1/925 982/1/925 981/1/925
f 930/1/926 932/1/926 983/1/926 982/1/926
f 932/1/927 934/1/927 984/1/927 983/1/927
f 934/1/928 936/1/928 985/1/928 984/1/928
f 936/1/929 938/1/929 986/1/929 985/1/929
f 938/1/930 940/1/930 987/1/930 986/1/930
f 940/1/931 942/1/931 988/1/931 987/1/931
f 942/1/932 944/1/932 989/1/932 988/1/932
f 944/1/933 946/1/933 990/1/933 989/1/933
f 946/1/934 948/1/934 991/1/934 990/1/934
f 948/1/935 950/1/935 992/1/935 991/1/935
f 950/1/936 952/1/936 993/1/936 992/1/936
f 952/1/937 954/1/937 994/1/937 993/1/937
f 954/1/938 878/1/938 956/1/938 994/1/938
f 956/1/939 955/1/939 995/1/939 996/1/939
f 955/1/940 957/1/940 997/1/940 995/1/940
f 957/1/941 958/1/941 998/1/941 997/1/941
f 958/1/942 959/1/942 999/1/942 998/1/942
f 959/1/943 960/1/943 1000/1/943 999/1/943
f 960/1/944 961/1/944 1001/1/944 1000/1/944
f 961/1/945 962/1/945 1002/1/945 1001/1/945
f 962/1/946 963/1/946 1003/1/946 1002/1/946
f 963/1/947 964/1/947 1004/1/947 1003/1/947
f 964/1/948 965/1/948 1005/1/948 1004/1/948
f 965/1/949 966/1/949 1006/1/949 1005/1/949
f 966/1/950 967/1/950 1007/1/950 1006/1/950
f 967/1/951 968/1/951 1008/1/951 1007/1/951
f 968/1/952 969/1/952 1009/1/952 1008/1/952
f 969/1/953 970/1/953 1010/1/953 1009/1/953
f 970/1/954 971/1/954 1011/1/954 1010/1/954
f 971/1/955 972/1/955 1012/1/955 1011/1/955
f 972/1/956 973/1/956 1013/1/956 1012/1/956
f 973/1/957 974/1/957 1014/1/957 1013/1/957
f 974/1/958 975/1/958 1015/1/958 1014/1/958
f 975/1/959 976/1/959 1016/1/959 1015/1/959
f 976/1/960 977/1/960 1017/1/960 1016/1/960
f 977/1/961 978/1/961 1018/1/961 1017/1/961
f 978/1/962 979/1/962 1019/1/962 1018/1/962
f 979/1/963 980/1/963 1020/1/963 1019/1/963
f 980/1/964 981/1/964 1021/1/964 1020/1/964
f 981/1/965 982/1/965 1022/1/965 1021/1/965
f 982/1/966 983/1/966 1023/1/966 1022/1/966
f 983/1/967 984/1/967 1024/1/967 1023/1/967
f 984/1/968 985/1/968 1025/1/968 1024/1/968
f 985/1/969 986/1/969 1026/1/969 1025/1/969
f 986/1/970 987/1/970 1027/1/970 1026/1/970
f 987/1/971 988/1/971 1028/1/971 1027/1/971
f 988/1/972 989/1/972 1029/1/972 1028/1/972
f 989/1/973 990/1/973 1030/1/973 1029/1/973
f 990/1/974 991/1/974 1031/1/974 1030/1/974
f 991/1/975 992/1/975 1032/1/975 1031/1/975
f 992/1/976 993/1/976 1033/1/976 1032/1/976
f 993/1/977 994/1/977 1034/1/977 1033/1/977
f 994/1/978 956/1/978 996/1/978 1034/1/978
usemtl steel
f 1035/1/979 1036/1/980 1037/1/3
f 1038/1/981 1035/1/979 1037/1/3
f 1039/1/982 1038/1/981 1037/1/3
f 1040/1/983 1039/1/982 1037/1/3
f 1041/1/984 1040/1/983 1037/1/3
f 1042/1/985 1041/1/984 1037/1/3
f 1043/1/986 1042/1/985 1037/1/3
f 1044/1/987 1043/1/986 1037/1/3
f 1045/1/988 1044/1/987 1037/1/3
f 1036/1/989 1045/1/988 1037/1/3
f 1035/1/979 1046/1/990 1047/1/991 1036/1/980
f 1038/1/981 1048/1/992 1046/1/990 1035/1/979
f 1039/1/982 1049/1/993 1048/1/992 1038/1/981
f 1040/1/983 1050/1/994 1049/1/993 1039/1/982
f 1041/1/984 1051/1/995 1050/1/994 1040/1/983
f 1042/1/985 1052/1/996 1051/1/995 1041/1/984
f 1043/1/986 1053/1/997 1052/1/996 1042/1/985
f 1044/1/987 1054/1/998 1053/1/997 1043/1/986
f 1045/1/988 1055/1/999 1054/1/998 1044/1/987
f 1036/1/989 1047/1/1000 1055/1/999 1045/1/988
f 1046/1/990 1056/1/1001 1057/1/1002 1047/1/991
f 1048/1/992 1058/1/1003 1056/1/1001 1046/1/990
f 1049/1/993 1059/1/1004 1058/1/1003 1048/1/992
f 1050/1/994 1060/1/1005 1059/1/1004 1049/1/993
f 1051/1/995 1061/1/1006 1060/1/1005 1050/1/994
f 1052/1/996 1062/1/1007 1061/1/1006 1051/1/995
f 1053/1/997 1063/1/1008 1062/1/1007 1052/1/996
f 1054/1/998 1064/1/1009 1063/1/1008 1053/1/997
f 1055/1/999 1065/1/1010 1064/1/1009 1054/1/998
f 1047/1/1000 1057/1/1011 1065/1/1010 1055/1/999
f 1056/1/1001 1066/1/1012 1067/1/1013 1057/1/1002
f 1058/1/1003 1068/1/1014 1066/1/1012 1056/1/1001
f 1059/1/1004 1069/1/1015 1068/1/1014 1058/1/1003
f 1060/1/1005 1070/1/1016 1069/1/1015 1059/1/1004
f 1061/1/1006 1071/1/1017 1070/1/1016 1060/1/1005
f 1062/1/1007 1072/1/1018 1071/1/1017 1061/1/1006
f 1063/1/1008 1073/1/1019 1072/1/1018 1062/1/1007
f 1064/1/1009 1074/1/1020 1073/1/1019 1063/1/1008
f 1065/1/1010 1075/1/1021 1074/1/1020 1064/1/1009
f 1057/1/1011 1067/1/1022 1075/1/1021 1065/1/1010
f 1066/1/1012 1076/1/500 1067/1/1013
f 1068/1/1014 1076/1/500 1066/1/1012
f 1069/1/1015 1076/1/500 1068/1/1014
f 1070/1/1016 1076/1/501 1069/1/1015
f 1071/1/1017 1076/1/501 1070/1/1016
f 1072/1/1018 1076/1/501 1071/1/1017
f 1073/1/1019 1076/1/502 1072/1/1018
f 1074/1/1020 1076/1/502 1073/1/1019
f 1075/1/1021 1076/1/503 1074/1/1020
f 1067/1/1022 1076/1/503 1075/1/1021
usemtl cyan
f 1077/1/1023 1078/1/1023 1079/1/1023 1080/1/1023
f 1078/1/1024 1081/1/1024 1082/1/1024 1079/1/1024
f 1081/1/1025 1083/1/1025 1084/1/1025 1082/1/1025
f 1083/1/1026 1085/1/1026 1086/1/1026 1084/1/1026
f 1085/1/1027 1087/1/1027 1088/1/1027 1086/1/1027
f 1087/1/1028 1089/1/1028 1090/1/1028 1088/1/1028
f 1089/1/1029 1091/1/1029 1092/1/1029 1090/1/1029
f 1091/1/1030 1093/1/1030 1094/1/1030 1092/1/1030
f 1093/1/1031 1095/1/1031 1096/1/1031 1094/1/1031
f 1095/1/1032 1097/1/1032 1098/1/1032 1096/1/1032
f 1097/1/1033 1099/1/1033 1100/1/1033 1098/1/1033
f 1099/1/1034 1077/1/1034 1080/1/1034 1100/1/1034
f 1080/1/1035 1079/1/1035 1101/1/1035 1102/1/1035
f 1079/1/376 1082/1/376 1103/1/376 1101/1/376
f 1082/1/1036 1084/1/1036 1104/1/1036 1103/1/1036
f 1084/1/1037 1086/1/1037 1105/1/1037 1104/1/1037
f 1086/1/1038 1088/1/1038 1106/1/1038 1105/1/1038
f 1088/1/1039 1090/1/1039 1107/1/1039 1106/1/1039
f 1090/1/1040 1092/1/1040 1108/1/1040 1107/1/1040
f 1092/1/1041 1094/1/1041 1109/1/1041 1108/1/1041
f 1094/1/1042 1096/1/1042 1110/1/1042 1109/1/1042
f 1096/1/1043 1098/1/1043 1111/1/1043 1110/1/1043
f 1098/1/112 1100/1/112 1112/1/112 1111/1/112
f 1100/1/1044 1080/1/1044 1102/1/1044 1112/1/1044
usemtl steel
f 1113/1/979 1114/1/980 1115/1/3
f 1116/1/981 1113/1/979 1115/1/3
f 1117/1/982 1116/1/981 1115/1/3
f 1118/1/983 1117/1/982 1115/1/3
f 1119/1/984 1118/1/983 1115/1/3
f 1120/1/985 1119/1/984 1115/1/3
f 1121/1/986 1120/1/985 1115/1/3
f 1122/1/987 1121/1/986 1115/1/3
f 1123/1/988 1122/1/987 1115/1/3
f 1114/1/989 1123/1/988 1115/1/3
f 1113/1/979 1124/1/990 1125/1/991 1114/1/980
f 1116/1/981 1126/1/992 1124/1/990 1113/1/979
f 1117/1/982 1127/1/993 1126/1/992 1116/1/981
f 1118/1/983 1128/1/994 1127/1/993 1117/1/982
f 1119/1/984 1129/1/995 1128/1/994 1118/1/983
f 1120/1/985 1130/1/996 1129/1/995 1119/1/984
f 1121/1/986 1131/1/997 1130/1/996 1120/1/985
f 1122/1/987 1132/1/998 1131/1/997 1121/1/986
f 1123/1/988 1133/1/999 1132/1/998 1122/1/987
f 1114/1/989 1125/1/1000 1133/1/999 1123/1/988
f 1124/1/990 1134/1/1001 1135/1/1002 1125/1/991
f 1126/1/992 1136/1/1003 1134/1/1001 1124/1/990
f 1127/1/993 1137/1/1004 1136/1/1003 1126/1/992
f 1128/1/994 1138/1/1005 1137/1/1004 1127/1/993
f 1129/1/995 1139/1/1006 1138/1/1005 1128/1/994
f 1130/1/996 1140/1/1007 1139/1/1006 1129/1/995
f 1131/1/997 1141/1/1008 1140/1/1007 1130/1/996
f 1132/1/998 1142/1/1009 1141/1/1008 1131/1/997
f 1133/1/999 1143/1/1010 1142/1/1009 1132/1/998
f 1125/1/1000 1135/1/1011 1143/1/1010 1133/1/999
f 1134/1/1001 1144/1/1012 1145/1/1013 1135/1/1002
f 1136/1/1003 1146/1/1014 1144/1/1012 1134/1/1001
f 1137/1/1004 1147/1/1015 1146/1/1014 1136/1/1003
f 1138/1/1005 1148/1/1016 1147/1/1015 1137/1/1004
f 1139/1/1006 1149/1/1017 1148/1/1016 1138/1/1005
f 1140/1/1007 1150/1/1018 1149/1/1017 1139/1/1006
f 1141/1/1008 1151/1/1019 1150/1/1018 1140/1/1007
f 1142/1/1009 1152/1/1020 1151/1/1019 1141/1/1008
f 1143/1/1010 1153/1/1021 1152/1/1020 1142/1/1009
f 1135/1/1011 1145/1/1022 1153/1/1021 1143/1/1010
f 1144/1/1012 1154/1/500 1145/1/1013
f 1146/1/1014 1154/1/500 1144/1/1012
f 1147/1/1015 1154/1/500 1146/1/1014
f 1148/1/1016 1154/1/501 1147/1/1015
f 1149/1/1017 1154/1/501 1148/1/1016
f 1150/1/1018 1154/1/501 1149/1/1017
f 1151/1/1019 1154/1/502 1150/1/1018
f 1152/1/1020 1154/1/502 1151/1/1019
f 1153/1/1021 1154/1/503 1152/1/1020
f 1145/1/1022 1154/1/503 1153/1/1021
usemtl cyan
f 1155/1/1045 1156/1/1045 1157/1/1045 1158/1/1045
f 1156/1/1046 1159/1/1046 1160/1/1046 1157/1/1046
f 1159/1/1047 1161/1/1047 1162/1/1047 1160/1/1047
f 1161/1/1048 1163/1/1048 1164/1/1048 1162/1/1048
f 1163/1/1049 1165/1/1049 1166/1/1049 1164/1/1049
f 1165/1/1050 1167/1/1050 1168/1/1050 1166/1/1050
f 1167/1/1051 1169/1/1051 1170/1/1051 1168/1/1051
f 1169/1/1052 1171/1/1052 1172/1/1052 1170/1/1052
f 1171/1/1053 1173/1/1053 1174/1/1053 1172/1/1053
f 1173/1/1054 1175/1/1054 1176/1/1054 1174/1/1054
f 1175/1/1055 1177/1/1055 1178/1/1055 1176/1/1055
f 1177/1/1056 1155/1/1056 1158/1/1056 1178/1/1056
f 1158/1/1057 1157/1/1057 1179/1/1057 1180/1/1057
f 1157/1/1058 1160/1/1058 1181/1/1058 1179/1/1058
f 1160/1/1059 1162/1/1059 1182/1/1059 1181/1/1059
f 1162/1/1060 1164/1/1060 1183/1/1060 1182/1/1060
f 1164/1/1061 1166/1/1061 1184/1/1061 1183/1/1061
f 1166/1/1062 1168/1/1062 1185/1/1062 1184/1/1062
f 1168/1/1063 1170/1/1063 1186/1/1063 1185/1/1063
f 1170/1/1064 1172/1/1064 1187/1/1064 1186/1/1064
f 1172/1/1065 1174/1/1065 1188/1/1065 1187/1/1065
f 1174/1/1066 1176/1/1066 1189/1/1066 1188/1/1066
f 1176/1/1067 1178/1/1067 1190/1/1067 1189/1/1067
f 1178/1/1068 1158/1/1068 1180/1/1068 1190/1/1068
usemtl steel
f 1191/1/979 1192/1/980 1193/1/3
f 1194/1/981 1191/1/979 1193/1/3
f 1195/1/982 1194/1/981 1193/1/3
f 1196/1/983 1195/1/982 1193/1/3
f 1197/1/984 1196/1/983 1193/1/3
f 1198/1/985 1197/1/984 1193/1/3
f 1199/1/986 1198/1/985 1193/1/3
f 1200/1/987 1199/1/986 1193/1/3
f 1201/1/988 1200/1/987 1193/1/3
f 1192/1/989 1201/1/988 1193/1/3
f 1191/1/979 1202/1/990 1203/1/991 1192/1/980
f 1194/1/981 1204/1/992 1202/1/990 1191/1/979
f 1195/1/982 1205/1/993 1204/1/992 1194/1/981
f 1196/1/983 1206/1/994 1205/1/993 1195/1/982
f 1197/1/984 1207/1/995 1206/1/994 1196/1/983
f 1198/1/985 1208/1/996 1207/1/995 1197/1/984
f 1199/1/986 1209/1/997 1208/1/996 1198/1/985
f 1200/1/987 1210/1/998 1209/1/997 1199/1/986
f 1201/1/988 1211/1/999 1210/1/998 1200/1/987
f 1192/1/989 1203/1/1000 1211/1/999 1201/1/988
f 1202/1/990 1212/1/1001 1213/1/1002 1203/1/991
f 1204/1/992 1214/1/1003 1212/1/1001 1202/1/990
f 1205/1/993 1215/1/1004 1214/1/1003 1204/1/992
f 1206/1/994 1216/1/1005 1215/1/1004 1205/1/993
f 1207/1/995 1217/1/1006 1216/1/1005 1206/1/994
f 1208/1/996 1218/1/1007 1217/1/1006 1207/1/995
f 1209/1/997 1219/1/1008 1218/1/1007 1208/1/996
f 1210/1/998 1220/1/1009 1219/1/1008 1209/1/997
f 1211/1/999 1221/1/1010 1220/1/1009 1210/1/998
f 1203/1/1000 1213/1/1011 1221/1/1010 1211/1/999
f 1212/1/1001 1222/1/1012 1223/1/1013 1213/1/1002
f 1214/1/1003 1224/1/1014 1222/1/1012 1212/1/1001
f 1215/1/1004 1225/1/1015 1224/1/1014 1214/1/1003
f 1216/1/1005 1226/1/1016 1225/1/1015 1215/1/1004
f 1217/1/1006 1227/1/1017 1226/1/1016 1216/1/1005
f 1218/1/1007 1228/1/1018 1227/1/1017 1217/1/1006
f 1219/1/1008 1229/1/1019 1228/1/1018 1218/1/1007
f 1220/1/1009 1230/1/1020 1229/1/1019 1219/1/1008
f 1221/1/1010 1231/1/1021 1230/1/1020 1220/1/1009
f 1213/1/1011 1223/1/1022 1231/1/1021 1221/1/1010
f 1222/1/1012 1232/1/500 1223/1/1013
f 1224/1/1014 1232/1/500 1222/1/1012
f 1225/1/1015 1232/1/500 1224/1/1014
f 1226/1/1016 1232/1/501 1225/1/1015
f 1227/1/1017 1232/1/501 1226/1/1016
f 1228/1/1018 1232/1/501 1227/1/1017
f 1229/1/1019 1232/1/502 1228/1/1018
f 1230/1/1020 1232/1/502 1229/1/1019
f 1231/1/1021 1232/1/503 1230/1/1020
f 1223/1/1022 1232/1/503 1231/1/1021
usemtl cyan
f 1233/1/1069 1234/1/1069 1235/1/1069 1236/1/1069
f 1234/1/1070 1237/1/1070 1238/1/1070 1235/1/1070
f 1237/1/1071 1239/1/1071 1240/1/1071 1238/1/1071
f 1239/1/1072 1241/1/1072 1242/1/1072 1240/1/1072
f 1241/1/1073 1243/1/1073 1244/1/1073 1242/1/1073
f 1243/1/1074 1245/1/1074 1246/1/1074 1244/1/1074
f 1245/1/1075 1247/1/1075 1248/1/1075 1246/1/1075
f 1247/1/1076 1249/1/1076 1250/1/1076 1248/1/1076
f 1249/1/1077 1251/1/1077 1252/1/1077 1250/1/1077
f 1251/1/1078 1253/1/1078 1254/1/1078 1252/1/1078
f 1253/1/1079 1255/1/1079 1256/1/1079 1254/1/1079
f 1255/1/1080 1233/1/1080 1236/1/1080 1256/1/1080
f 1236/1/1081 1235/1/1081 1257/1/1081 1258/1/1081
f 1235/1/384 1238/1/384 1259/1/384 1257/1/384
f 1238/1/1082 1240/1/1082 1260/1/1082 1259/1/1082
f 1240/1/1083 1242/1/1083 1261/1/1083 1260/1/1083
f 1242/1/400 1244/1/400 1262/1/400 1261/1/400
f 1244/1/1084 1246/1/1084 1263/1/1084 1262/1/1084
f 1246/1/1085 1248/1/1085 1264/1/1085 1263/1/1085
f 1248/1/136 1250/1/136 1265/1/136 1264/1/136
f 1250/1/1086 1252/1/1086 1266/1/1086 1265/1/1086
f 1252/1/1087 1254/1/1087 1267/1/1087 1266/1/1087
f 1254/1/120 1256/1/120 1268/1/120 1267/1/120
f 1256/1/1088 1236/1/1088 1258/1/1088 1268/1/1088
usemtl steel
f 1269/1/979 1270/1/980 1271/1/3
f 1272/1/981 1269/1/979 1271/1/3
f 1273/1/982 1272/1/981 1271/1/3
f 1274/1/983 1273/1/982 1271/1/3
f 1275/1/984 1274/1/983 1271/1/3
f 1276/1/985 1275/1/984 1271/1/3
f 1277/1/986 1276/1/985 1271/1/3
f 1278/1/987 1277/1/986 1271/1/3
f 1279/1/988 1278/1/987 1271/1/3
f 1270/1/989 1279/1/988 1271/1/3
f 1269/1/979 1280/1/990 1281/1/991 1270/1/980
f 1272/1/981 1282/1/992 1280/1/990 1269/1/979
f 1273/1/982 1283/1/993 1282/1/992 1272/1/981
f 1274/1/983 1284/1/994 1283/1/993 1273/1/982
f 1275/1/984 1285/1/995 1284/1/994 1274/1/983
f 1276/1/985 1286/1/996 1285/1/995 1275/1/984
f 1277/1/986 1287/1/997 1286/1/996 1276/1/985
f 1278/1/987 1288/1/998 1287/1/997 1277/1/986
f 1279/1/988 1289/1/999 1288/1/998 1278/1/987
f 1270/1/989 1281/1/1000 1289/1/999 1279/1/988
f 1280/1/990 1290/1/1001 1291/1/1002 1281/1/991
f 1282/1/992 1292/1/1003 1290/1/1001 1280/1/990
f 1283/1/993 1293/1/1004 1292/1/1003 1282/1/992
f 1284/1/994 1294/1/1005 1293/1/1004 1283/1/993
f 1285/1/995 1295/1/1006 1294/1/1005 1284/1/994
f 1286/1/996 1296/1/1007 1295/1/1006 1285/1/995
f 1287/1/997 1297/1/1008 1296/1/1007 1286/1/996
f 1288/1/998 1298/1/1009 1297/1/1008 1287/1/997
f 1289/1/999 1299/1/1010 1298/1/1009 1288/1/998
f 1281/1/1000 1291/1/1011 1299/1/1010 1289/1/999
f 1290/1/1001 1300/1/1012 1301/1/1013 1291/1/1002
f 1292/1/1003 1302/1/1014 1300/1/1012 1290/1/1001
f 1293/1/1004 1303/1/1015 1302/1/1014 1292/1/1003
f 1294/1/1005 1304/1/1016 1303/1/1015 1293/1/1004
f 1295/1/1006 1305/1/1017 1304/1/1016 1294/1/1005
f 1296/1/1007 1306/1/1018 1305/1/1017 1295/1/1006
f 1297/1/1008 1307/1/1019 1306/1/1018 1296/1/1007
f 1298/1/1009 1308/1/1020 1307/1/1019 1297/1/1008
f 1299/1/1010 1309/1/1021 1308/1/1020 1298/1/1009
f 1291/1/1011 1301/1/1022 1309/1/1021 1299/1/1010
f 1300/1/1012 1310/1/500 1301/1/1013
f 1302/1/1014 1310/1/500 1300/1/1012
f 1303/1/1015 1310/1/500 1302/1/1014
f 1304/1/1016 1310/1/501 1303/1/1015
f 1305/1/1017 1310/1/501 1304/1/1016
f 1306/1/1018 1310/1/501 1305/1/1017
f 1307/1/1019 1310/1/502 1306/1/1018
f 1308/1/1020 1310/1/502 1307/1/1019
f 1309/1/1021 1310/1/503 1308/1/1020
f 1301/1/1022 1310/1/503 1309/1/1021
usemtl cyan
f 1311/1/1089 1312/1/1089 1313/1/1089 1314/1/1089
f 1312/1/1090 1315/1/1090 1316/1/1090 1313/1/1090
f 1315/1/1091 1317/1/1091 1318/1/1091 1316/1/1091
f 1317/1/1092 1319/1/1092 1320/1/1092 1318/1/1092
f 1319/1/1093 1321/1/1093 1322/1/1093 1320/1/1093
f 1321/1/1094 1323/1/1094 1324/1/1094 1322/1/1094
f 1323/1/1095 1325/1/1095 1326/1/1095 1324/1/1095
f 1325/1/1096 1327/1/1096 1328/1/1096 1326/1/1096
f 1327/1/1097 1329/1/1097 1330/1/1097 1328/1/1097
f 1329/1/1098 1331/1/1098 1332/1/1098 1330/1/1098
f 1331/1/1099 1333/1/1099 1334/1/1099 1332/1/1099
f 1333/1/1100 1311/1/1100 1314/1/1100 1334/1/1100
f 1314/1/1101 1313/1/1101 1335/1/1101 1336/1/1101
f 1313/1/1102 1316/1/1102 1337/1/1102 1335/1/1102
f 1316/1/1103 1318/1/1103 1338/1/1103 1337/1/1103
f 1318/1/1104 1320/1/1104 1339/1/1104 1338/1/1104
f 1320/1/1105 1322/1/1105 1340/1/1105 1339/1/1105
f 1322/1/1106 1324/1/1106 1341/1/1106 1340/1/1106
f 1324/1/1107 1326/1/1107 1342/1/1107 1341/1/1107
f 1326/1/1108 1328/1/1108 1343/1/1108 1342/1/1108
f 1328/1/1109 1330/1/1109 1344/1/1109 1343/1/1109
f 1330/1/1110 1332/1/1110 1345/1/1110 1344/1/1110
f 1332/1/1111 1334/1/1111 1346/1/1111 1345/1/1111
f 1334/1/1112 1314/1/1112 1336/1/1112 1346/1/1112
usemtl steel
f 1347/1/979 1348/1/980 1349/1/3
f 1350/1/981 1347/1/979 1349/1/3
f 1351/1/982 1350/1/981 1349/1/3
f 1352/1/983 1351/1/982 1349/1/3
f 1353/1/984 1352/1/983 1349/1/3
f 1354/1/985 1353/1/984 1349/1/3
f 1355/1/986 1354/1/985 1349/1/3
f 1356/1/987 1355/1/986 1349/1/3
f 1357/1/988 1356/1/987 1349/1/3
f 1348/1/989 1357/1/988 1349/1/3
f 1347/1/979 1358/1/990 1359/1/991 1348/1/980
f 1350/1/981 1360/1/992 1358/1/990 1347/1/979
f 1351/1/982 1361/1/993 1360/1/992 1350/1/981
f 1352/1/983 1362/1/994 1361/1/993 1351/1/982
f 1353/1/984 1363/1/995 1362/1/994 1352/1/983
f 1354/1/985 1364/1/996 1363/1/995 1353/1/984
f 1355/1/986 1365/1/997 1364/1/996 1354/1/985
f 1356/1/987 1366/1/998 1365/1/997 1355/1/986
f 1357/1/988 1367/1/999 1366/1/998 1356/1/987
f 1348/1/989 1359/1/1000 1367/1/999 1357/1/988
f 1358/1/990 1368/1/1001 1369/1/1002 1359/1/991
f 1360/1/992 1370/1/1003 1368/1/1001 1358/1/990
f 1361/1/993 1371/1/1004 1370/1/1003 1360/1/992
f 1362/1/994 1372/1/1005 1371/1/1004 1361/1/993
f 1363/1/995 1373/1/1006 1372/1/1005 1362/1/994
f 1364/1/996 1374/1/1007 1373/1/1006 1363/1/995
f 1365/1/997 1375/1/1008 1374/1/1007 1364/1/996
f 1366/1/998 1376/1/1009 1375/1/1008 1365/1/997
f 1367/1/999 1377/1/1010 1376/1/1009 1366/1/998
f 1359/1/1000 1369/1/1011 1377/1/1010 1367/1/999
f 1368/1/1001 1378/1/1012 1379/1/1013 1369/1/1002
f 1370/1/1003 1380/1/1014 1378/1/1012 1368/1/1001
f 1371/1/1004 1381/1/1015 1380/1/1014 1370/1/1003
f 1372/1/1005 1382/1/1016 1381/1/1015 1371/1/1004
f 1373/1/1006 1383/1/1017 1382/1/1016 1372/1/1005
f 1374/1/1007 1384/1/1018 1383/1/1017 1373/1/1006
f 1375/1/1008 1385/1/1019 1384/1/1018 1374/1/1007
f 1376/1/1009 1386/1/1020 1385/1/1019 1375/1/1008
f 1377/1/1010 1387/1/1021 1386/1/1020 1376/1/1009
f 1369/1/1011 1379/1/1022 1387/1/1021 1377/1/1010
f 1378/1/1012 1388/1/500 1379/1/1013
f 1380/1/1014 1388/1/500 1378/1/1012
f 1381/1/1015 1388/1/500 1380/1/1014
f 1382/1/1016 1388/1/501 1381/1/1015
f 1383/1/1017 1388/1/501 1382/1/1016
f 1384/1/1018 1388/1/501 1383/1/1017
f 1385/1/1019 1388/1/502 1384/1/1018
f 1386/1/1020 1388/1/502 1385/1/1019
f 1387/1/1021 1388/1/503 1386/1/1020
f 1379/1/1022 1388/1/503 1387/1/1021
usemtl cyan
f 1389/1/1113 1390/1/1113 1391/1/1113 1392/1/1113
f 1390/1/1114 1393/1/1114 1394/1/1114 1391/1/1114
f 1393/1/1115 1395/1/1115 1396/1/1115 1394/1/1115
f 1395/1/1116 1397/1/1116 1398/1/1116 1396/1/1116
f 1397/1/1117 1399/1/1117 1400/1/1117 1398/1/1117
f 1399/1/1118 1401/1/1118 1402/1/1118 1400/1/1118
f 1401/1/1119 1403/1/1119 1404/1/1119 1402/1/1119
f 1403/1/1120 1405/1/1120 1406/1/1120 1404/1/1120
f 1405/1/1121 1407/1/1121 1408/1/1121 1406/1/1121
f 1407/1/1122 1409/1/1122 1410/1/1122 1408/1/1122
f 1409/1/1123 1411/1/1123 1412/1/1123 1410/1/1123
f 1411/1/1124 1389/1/1124 1392/1/1124 1412/1/1124
f 1392/1/1125 1391/1/1125 1413/1/1125 1414/1/1125
f 1391/1/392 1394/1/392 1415/1/392 1413/1/392
f 1394/1/1126 1396/1/1126 1416/1/1126 1415/1/1126
f 1396/1/1036 1398/1/1036 1417/1/1036 1416/1/1036
f 1398/1/376 1400/1/376 1418/1/376 1417/1/376
f 1400/1/1035 1402/1/1035 1419/1/1035 1418/1/1035
f 1402/1/1044 1404/1/1044 1420/1/1044 1419/1/1044
f 1404/1/112 1406/1/112 1421/1/112 1420/1/112
f 1406/1/1043 1408/1/1043 1422/1/1043 1421/1/1043
f 1408/1/1127 1410/1/1127 1423/1/1127 1422/1/1127
f 1410/1/128 1412/1/128 1424/1/128 1423/1/128
f 1412/1/1128 1392/1/1128 1414/1/1128 1424/1/1128
usemtl steel
f 1425/1/979 1426/1/980 1427/1/3
f 1428/1/981 1425/1/979 1427/1/3
f 1429/1/982 1428/1/981 1427/1/3
f 1430/1/983 1429/1/982 1427/1/3
f 1431/1/984 1430/1/983 1427/1/3
f 1432/1/985 1431/1/984 1427/1/3
f 1433/1/986 1432/1/985 1427/1/3
f 1434/1/987 1433/1/986 1427/1/3
f 1435/1/988 1434/1/987 1427/1/3
f 1426/1/989 1435/1/988 1427/1/3
f 1425/1/979 1436/1/990 1437/1/991 1426/1/980
f 1428/1/981 1438/1/992 1436/1/990 1425/1/979
f 1429/1/982 1439/1/993 1438/1/992 1428/1/981
f 1430/1/983 1440/1/994 1439/1/993 1429/1/982
f 1431/1/984 1441/1/995 1440/1/994 1430/1/983
f 1432/1/985 1442/1/996 1441/1/995 1431/1/984
f 1433/1/986 1443/1/997 1442/1/996 1432/1/985
f 1434/1/987 1444/1/998 1443/1/997 1433/1/986
f 1435/1/988 1445/1/999 1444/1/998 1434/1/987
f 1426/1/989 1437/1/1000 1445/1/999 1435/1/988
f 1436/1/990 1446/1/1001 1447/1/1002 1437/1/991
f 1438/1/992 1448/1/1003 1446/1/1001 1436/1/990
f 1439/1/993 1449/1/1004 1448/1/1003 1438/1/992
f 1440/1/994 1450/1/1005 1449/1/1004 1439/1/993
f 1441/1/995 1451/1/1006 1450/1/1005 1440/1/994
f 1442/1/996 1452/1/1007 1451/1/1006 1441/1/995
f 1443/1/997 1453/1/1008 1452/1/1007 1442/1/996
f 1444/1/998 1454/1/1009 1453/1/1008 1443/1/997
f 1445/1/999 1455/1/1010 1454/1/1009 1444/1/998
f 1437/1/1000 1447/1/1011 1455/1/1010 1445/1/999
f 1446/1/1001 1456/1/1012 1457/1/1013 1447/1/1002
f 1448/1/1003 1458/1/1014 1456/1/1012 1446/1/1001
f 1449/1/1004 1459/1/1015 1458/1/1014 1448/1/1003
f 1450/1/1005 1460/1/1016 1459/1/1015 1449/1/1004
f 1451/1/1006 1461/1/1017 1460/1/1016 1450/1/1005
f 1452/1/1007 1462/1/1018 1461/1/1017 1451/1/1006
f 1453/1/1008 1463/1/1019 1462/1/1018 1452/1/1007
f 1454/1/1009 1464/1/1020 1463/1/1019 1453/1/1008
f 1455/1/1010 1465/1/1021 1464/1/1020 1454/1/1009
f 1447/1/1011 1457/1/1022 1465/1/1021 1455/1/1010
f 1456/1/1012 1466/1/500 1457/1/1013
f 1458/1/1014 1466/1/500 1456/1/1012
f 1459/1/1015 1466/1/500 1458/1/1014
f 1460/1/1016 1466/1/501 1459/1/1015
f 1461/1/1017 1466/1/501 1460/1/1016
f 1462/1/1018 1466/1/501 1461/1/1017
f 1463/1/1019 1466/1/502 1462/1/1018
f 1464/1/1020 1466/1/502 1463/1/1019
f 1465/1/1021 1466/1/503 1464/1/1020
f 1457/1/1022 1466/1/503 1465/1/1021
usemtl cyan
f 1467/1/1129 1468/1/1129 1469/1/1129 1470/1/1129
f 1468/1/1130 1471/1/1130 1472/1/1130 1469/1/1130
f 1471/1/1131 1473/1/1131 1474/1/1131 1472/1/1131
f 1473/1/1132 1475/1/1132 1476/1/1132 1474/1/1132
f 1475/1/1133 1477/1/1133 1478/1/1133 1476/1/1133
f 1477/1/1134 1479/1/1134 1480/1/1134 1478/1/1134
f 1479/1/1135 1481/1/1135 1482/1/1135 1480/1/1135
f 1481/1/1136 1483/1/1136 1484/1/1136 1482/1/1136
f 1483/1/1137 1485/1/1137 1486/1/1137 1484/1/1137
f 1485/1/1138 1487/1/1138 1488/1/1138 1486/1/1138
f 1487/1/1139 1489/1/1139 1490/1/1139 1488/1/1139
f 1489/1/1140 1467/1/1140 1470/1/1140 1490/1/1140
f 1470/1/1141 1469/1/1141 1491/1/1141 1492/1/1141
f 1469/1/1142 1472/1/1142 1493/1/1142 1491/1/1142
f 1472/1/1143 1474/1/1143 1494/1/1143 1493/1/1143
f 1474/1/1144 1476/1/1144 1495/1/1144 1494/1/1144
f 1476/1/1145 1478/1/1145 1496/1/1145 1495/1/1145
f 1478/1/1146 1480/1/1146 1497/1/1146 1496/1/1146
f 1480/1/1147 1482/1/1147 1498/1/1147 1497/1/1147
f 1482/1/1148 1484/1/1148 1499/1/1148 1498/1/1148
f 1484/1/1149 1486/1/1149 1500/1/1149 1499/1/1149
f 1486/1/1150 1488/1/1150 1501/1/1150 1500/1/1150
f 1488/1/1151 1490/1/1151 1502/1/1151 1501/1/1151
f 1490/1/1152 1470/1/1152 1492/1/1152 1502/1/1152
usemtl steel
f 1503/1/979 1504/1/980 1505/1/3
f 1506/1/981 1503/1/979 1505/1/3
f 1507/1/982 1506/1/981 1505/1/3
f 1508/1/983 1507/1/982 1505/1/3
f 1509/1/984 1508/1/983 1505/1/3
f 1510/1/985 1509/1/984 1505/1/3
f 1511/1/986 1510/1/985 1505/1/3
f 1512/1/987 1511/1/986 1505/1/3
f 1513/1/988 1512/1/987 1505/1/3
f 1504/1/989 1513/1/988 1505/1/3
f 1503/1/979 1514/1/990 1515/1/991 1504/1/980
f 1506/1/981 1516/1/992 1514/1/990 1503/1/979
f 1507/1/982 1517/1/993 1516/1/992 1506/1/981
f 1508/1/983 1518/1/994 1517/1/993 1507/1/982
f 1509/1/984 1519/1/995 1518/1/994 1508/1/983
f 1510/1/985 1520/1/996 1519/1/995 1509/1/984
f 1511/1/986 1521/1/997 1520/1/996 1510/1/985
f 1512/1/987 1522/1/998 1521/1/997 1511/1/986
f 1513/1/988 1523/1/999 1522/1/998 1512/1/987
f 1504/1/989 1515/1/1000 1523/1/999 1513/1/988
f 1514/1/990 1524/1/1001 1525/1/1002 1515/1/991
f 1516/1/992 1526/1/1003 1524/1/1001 1514/1/990
f 1517/1/993 1527/1/1004 1526/1/1003 1516/1/992
f 1518/1/994 1528/1/1005 1527/1/1004 1517/1/993
f 1519/1/995 1529/1/1006 1528/1/1005 1518/1/994
f 1520/1/996 1530/1/1007 1529/1/1006 1519/1/995
f 1521/1/997 1531/1/1008 1530/1/1007 1520/1/996
f 1522/1/998 1532/1/1009 1531/1/1008 1521/1/997
f 1523/1/999 1533/1/1010 1532/1/1009 1522/1/998
f 1515/1/1000 1525/1/1011 1533/1/1010 1523/1/999
f 1524/1/1001 1534/1/1012 1535/1/1013 1525/1/1002
f 1526/1/1003 1536/1/1014 1534/1/1012 1524/1/1001
f 1527/1/1004 1537/1/1015 1536/1/1014 1526/1/1003
f 1528/1/1005 1538/1/1016 1537/1/1015 1527/1/1004
f 1529/1/1006 1539/1/1017 1538/1/1016 1528/1/1005
f 1530/1/1007 1540/1/1018 1539/1/1017 1529/1/1006
f 1531/1/1008 1541/1/1019 1540/1/1018 1530/1/1007
f 1532/1/1009 1542/1/1020 1541/1/1019 1531/1/1008
f 1533/1/1010 1543/1/1021 1542/1/1020 1532/1/1009
f 1525/1/1011 1535/1/1022 1543/1/1021 1533/1/1010
f 1534/1/1012 1544/1/500 1535/1/1013
f 1536/1/1014 1544/1/500 1534/1/1012
f 1537/1/1015 1544/1/500 1536/1/1014
f 1538/1/1016 1544/1/501 1537/1/1015
f 1539/1/1017 1544/1/501 1538/1/1016
f 1540/1/1018 1544/1/501 1539/1/1017
f 1541/1/1019 1544/1/502 1540/1/1018
f 1542/1/1020 1544/1/502 1541/1/1019
f 1543/1/1021 1544/1/503 1542/1/1020
f 1535/1/1022 1544/1/503 1543/1/1021
usemtl cyan
f 1545/1/1153 1546/1/1153 1547/1/1153 1548/1/1153
f 1546/1/1154 1549/1/1154 1550/1/1154 1547/1/1154
f 1549/1/1155 1551/1/1155 1552/1/1155 1550/1/1155
f 1551/1/1156 1553/1/1156 1554/1/1156 1552/1/1156
f 1553/1/1157 1555/1/1157 1556/1/1157 1554/1/1157
f 1555/1/1158 1557/1/1158 1558/1/1158 1556/1/1158
f 1557/1/1159 1559/1/1159 1560/1/1159 1558/1/1159
f 1559/1/1160 1561/1/1160 1562/1/1160 1560/1/1160
f 1561/1/1161 1563/1/1161 1564/1/1161 1562/1/1161
f 1563/1/1162 1565/1/1162 1566/1/1162 1564/1/1162
f 1565/1/1163 1567/1/1163 1568/1/1163 1566/1/1163
f 1567/1/1164 1545/1/1164 1548/1/1164 1568/1/1164
f 1548/1/1084 1547/1/1084 1569/1/1084 1570/1/1084
f 1547/1/400 1550/1/400 1571/1/400 1569/1/400
f 1550/1/1083 1552/1/1083 1572/1/1083 1571/1/1083
f 1552/1/1082 1554/1/1082 1573/1/1082 1572/1/1082
f 1554/1/384 1556/1/384 1574/1/384 1573/1/384
f 1556/1/1081 1558/1/1081 1575/1/1081 1574/1/1081
f 1558/1/1088 1560/1/1088 1576/1/1088 1575/1/1088
f 1560/1/120 1562/1/120 1577/1/120 1576/1/120
f 1562/1/1087 1564/1/1087 1578/1/1087 1577/1/1087
f 1564/1/1086 1566/1/1086 1579/1/1086 1578/1/1086
f 1566/1/136 1568/1/136 1580/1/136 1579/1/136
f 1568/1/1085 1548/1/1085 1570/1/1085 1580/1/1085
usemtl steel
f 1581/1/979 1582/1/980 1583/1/3
f 1584/1/981 1581/1/979 1583/1/3
f 1585/1/982 1584/1/981 1583/1/3
f 1586/1/983 1585/1/982 1583/1/3
f 1587/1/984 1586/1/983 1583/1/3
f 1588/1/985 1587/1/984 1583/1/3
f 1589/1/986 1588/1/985 1583/1/3
f 1590/1/987 1589/1/986 1583/1/3
f 1591/1/988 1590/1/987 1583/1/3
f 1582/1/989 1591/1/988 1583/1/3
f 1581/1/979 1592/1/990 1593/1/991 1582/1/980
f 1584/1/981 1594/1/992 1592/1/990 1581/1/979
f 1585/1/982 1595/1/993 1594/1/992 1584/1/981
f 1586/1/983 1596/1/994 1595/1/993 1585/1/982
f 1587/1/984 1597/1/995 1596/1/994 1586/1/983
f 1588/1/985 1598/1/996 1597/1/995 1587/1/984
f 1589/1/986 1599/1/997 1598/1/996 1588/1/985
f 1590/1/987 1600/1/998 1599/1/997 1589/1/986
f 1591/1/988 1601/1/999 1600/1/998 1590/1/987
f 1582/1/989 1593/1/1000 1601/1/999 1591/1/988
f 1592/1/990 1602/1/1001 1603/1/1002 1593/1/991
f 1594/1/992 1604/1/1003 1602/1/1001 1592/1/990
f 1595/1/993 1605/1/1004 1604/1/1003 1594/1/992
f 1596/1/994 1606/1/1005 1605/1/1004 1595/1/993
f 1597/1/995 1607/1/1006 1606/1/1005 1596/1/994
f 1598/1/996 1608/1/1007 1607/1/1006 1597/1/995
f 1599/1/997 1609/1/1008 1608/1/1007 1598/1/996
f 1600/1/998 1610/1/1009 1609/1/1008 1599/1/997
f 1601/1/999 1611/1/1010 1610/1/1009 1600/1/998
f 1593/1/1000 1603/1/1011 1611/1/1010 1601/1/999
f 1602/1/1001 1612/1/1012 1613/1/1013 1603/1/1002
f 1604/1/1003 1614/1/1014 1612/1/1012 1602/1/1001
f 1605/1/1004 1615/1/1015 1614/1/1014 1604/1/1003
f 1606/1/1005 1616/1/1016 1615/1/1015 1605/1/1004
f 1607/1/1006 1617/1/1017 1616/1/1016 1606/1/1005
f 1608/1/1007 1618/1/1018 1617/1/1017 1607/1/1006
f 1609/1/1008 1619/1/1019 1618/1/1018 1608/1/1007
f 1610/1/1009 1620/1/1020 1619/1/1019 1609/1/1008
f 1611/1/1010 1621/1/1021 1620/1/1020 1610/1/1009
f 1603/1/1011 1613/1/1022 1621/1/1021 1611/1/1010
f 1612/1/1012 1622/1/500 1613/1/1013
f 1614/1/1014 1622/1/500 1612/1/1012
f 1615/1/1015 1622/1/500 1614/1/1014
f 1616/1/1016 1622/1/501 1615/1/1015
f 1617/1/1017 1622/1/501 1616/1/1016
f 1618/1/1018 1622/1/501 1617/1/1017
f 1619/1/1019 1622/1/502 1618/1/1018
f 1620/1/1020 1622/1/502 1619/1/1019
f 1621/1/1021 1622/1/503 1620/1/1020
f 1613/1/1022 1622/1/503 1621/1/1021
usemtl cyan
f 1623/1/1165 1624/1/1165 1625/1/1165 1626/1/1165
f 1624/1/1166 1627/1/1166 1628/1/1166 1625/1/1166
f 1627/1/1167 1629/1/1167 1630/1/1167 1628/1/1167
f 1629/1/1168 1631/1/1168 1632/1/1168 1630/1/1168
f 1631/1/1169 1633/1/1169 1634/1/1169 1632/1/1169
f 1633/1/1170 1635/1/1170 1636/1/1170 1634/1/1170
f 1635/1/1171 1637/1/1171 1638/1/1171 1636/1/1171
f 1637/1/1172 1639/1/1172 1640/1/1172 1638/1/1172
f 1639/1/1173 1641/1/1173 1642/1/1173 1640/1/1173
f 1641/1/1174 1643/1/1174 1644/1/1174 1642/1/1174
f 1643/1/1175 1645/1/1175 1646/1/1175 1644/1/1175
f 1645/1/1176 1623/1/1176 1626/1/1176 1646/1/1176
f 1626/1/1177 1625/1/1177 1647/1/1177 1648/1/1177
f 1625/1/1178 1628/1/1178 1649/1/1178 1647/1/1178
f 1628/1/1179 1630/1/1179 1650/1/1179 1649/1/1179
f 1630/1/1180 1632/1/1180 1651/1/1180 1650/1/1180
f 1632/1/1181 1634/1/1181 1652/1/1181 1651/1/1181
f 1634/1/1182 1636/1/1182 1653/1/1182 1652/1/1182
f 1636/1/1183 1638/1/1183 1654/1/1183 1653/1/1183
f 1638/1/1184 1640/1/1184 1655/1/1184 1654/1/1184
f 1640/1/1185 1642/1/1185 1656/1/1185 1655/1/1185
f 1642/1/1186 1644/1/1186 1657/1/1186 1656/1/1186
f 1644/1/1187 1646/1/1187 1658/1/1187 1657/1/1187
f 1646/1/1188 1626/1/1188 1648/1/1188 1658/1/1188
usemtl steel
f 1659/1/1189 1660/1/1189 1661/1/1189
usemtl graphite
f 1662/1/1190 1663/1/1190 1664/1/1190
usemtl steel
f 1659/1/1189 1661/1/1189 1665/1/1189
usemtl graphite
f 1662/1/1190 1666/1/1190 1663/1/1190
f 1662/1/1191 1664/1/1191 1660/1/1191 1659/1/1191
f 1664/1/260 1663/1/260 1661/1/260 1660/1/260
f 1663/1/1192 1666/1/1192 1665/1/1192 1661/1/1192
f 1666/1/1193 1662/1/1193 1659/1/1193 1665/1/1193
usemtl cyan
f 1667/1/1189 1668/1/1189 1669/1/1189
usemtl graphite
f 1670/1/1190 1671/1/1190 1672/1/1190
usemtl cyan
f 1667/1/1189 1669/1/1189 1673/1/1189
usemtl graphite
f 1670/1/1190 1674/1/1190 1671/1/1190
f 1670/1/1191 1672/1/1191 1668/1/1191 1667/1/1191
f 1672/1/260 1671/1/260 1669/1/260 1668/1/260
f 1671/1/1192 1674/1/1192 1673/1/1192 1669/1/1192
f 1674/1/1193 1670/1/1193 1667/1/1193 1673/1/1193
usemtl cyan
f 1675/1/1194 1676/1/105 1677/1/3
f 1678/1/1195 1675/1/1194 1677/1/3
f 1679/1/120 1678/1/1195 1677/1/3
f 1680/1/1196 1679/1/120 1677/1/3
f 1681/1/1197 1680/1/1196 1677/1/3
f 1676/1/136 1681/1/1197 1677/1/3
f 1675/1/1194 1682/1/1198 1683/1/237 1676/1/105
f 1678/1/1195 1684/1/1199 1682/1/1198 1675/1/1194
f 1679/1/120 1685/1/252 1684/1/1199 1678/1/1195
f 1680/1/1196 1686/1/1200 1685/1/252 1679/1/120
f 1681/1/1197 1687/1/1201 1686/1/1200 1680/1/1196
f 1676/1/136 1683/1/268 1687/1/1201 1681/1/1197
f 1682/1/1198 1688/1/1202 1689/1/369 1683/1/237
f 1684/1/1199 1690/1/1203 1688/1/1202 1682/1/1198
f 1685/1/252 1691/1/384 1690/1/1203 1684/1/1199
f 1686/1/1200 1692/1/1204 1691/1/384 1685/1/252
f 1687/1/1201 1693/1/1205 1692/1/1204 1686/1/1200
f 1683/1/268 1689/1/400 1693/1/1205 1687/1/1201
f 1688/1/1202 1694/1/500 1689/1/369
f 1690/1/1203 1694/1/500 1688/1/1202
f 1691/1/384 1694/1/501 1690/1/1203
f 1692/1/1204 1694/1/501 1691/1/384
f 1693/1/1205 1694/1/502 1692/1/1204
f 1689/1/400 1694/1/503 1693/1/1205
f 1695/1/1194 1696/1/105 1697/1/3
f 1698/1/1195 1695/1/1194 1697/1/3
f 1699/1/120 1698/1/1195 1697/1/3
f 1700/1/1196 1699/1/120 1697/1/3
f 1701/1/1197 1700/1/1196 1697/1/3
f 1696/1/136 1701/1/1197 1697/1/3
f 1695/1/1194 1702/1/1198 1703/1/237 1696/1/105
f 1698/1/1195 1704/1/1199 1702/1/1198 1695/1/1194
f 1699/1/120 1705/1/252 1704/1/1199 1698/1/1195
f 1700/1/1196 1706/1/1200 1705/1/252 1699/1/120
f 1701/1/1197 1707/1/1201 1706/1/1200 1700/1/1196
f 1696/1/136 1703/1/268 1707/1/1201 1701/1/1197
f 1702/1/1198 1708/1/1202 1709/1/369 1703/1/237
f 1704/1/1199 1710/1/1203 1708/1/1202 1702/1/1198
f 1705/1/252 1711/1/384 1710/1/1203 1704/1/1199
f 1706/1/1200 1712/1/1204 1711/1/384 1705/1/252
f 1707/1/1201 1713/1/1205 1712/1/1204 1706/1/1200
f 1703/1/268 1709/1/400 1713/1/1205 1707/1/1201
f 1708/1/1202 1714/1/500 1709/1/369
f 1710/1/1203 1714/1/500 1708/1/1202
f 1711/1/384 1714/1/501 1710/1/1203
f 1712/1/1204 1714/1/501 1711/1/384
f 1713/1/1205 1714/1/502 1712/1/1204
f 1709/1/400 1714/1/503 1713/1/1205
usemtl steel
f 1715/1/1206 1716/1/1206 1717/1/1206
usemtl graphite
f 1718/1/1207 1719/1/1207 1720/1/1207
usemtl steel
f 1715/1/1206 1717/1/1206 1721/1/1206
usemtl graphite
f 1718/1/1207 1722/1/1207 1719/1/1207
f 1718/1/1208 1720/1/1208 1716/1/1208 1715/1/1208
f 1720/1/268 1719/1/268 1717/1/268 1716/1/268
f 1719/1/1209 1722/1/1209 1721/1/1209 1717/1/1209
f 1722/1/1210 1718/1/1210 1715/1/1210 1721/1/1210
usemtl cyan
f 1723/1/1206 1724/1/1206 1725/1/1206
usemtl graphite
f 1726/1/1207 1727/1/1207 1728/1/1207
usemtl cyan
f 1723/1/1206 1725/1/1206 1729/1/1206
usemtl graphite
f 1726/1/1207 1730/1/1207 1727/1/1207
f 1726/1/1208 1728/1/1208 1724/1/1208 1723/1/1208
f 1728/1/268 1727/1/268 1725/1/268 1724/1/268
f 1727/1/1209 1730/1/1209 1729/1/1209 1725/1/1209
f 1730/1/1210 1726/1/1210 1723/1/1210 1729/1/1210
usemtl cyan
f 1731/1/1194 1732/1/105 1733/1/3
f 1734/1/1195 1731/1/1194 1733/1/3
f 1735/1/120 1734/1/1195 1733/1/3
f 1736/1/1196 1735/1/120 1733/1/3
f 1737/1/1197 1736/1/1196 1733/1/3
f 1732/1/136 1737/1/1197 1733/1/3
f 1731/1/1194 1738/1/1198 1739/1/237 1732/1/105
f 1734/1/1195 1740/1/1199 1738/1/1198 1731/1/1194
f 1735/1/120 1741/1/252 1740/1/1199 1734/1/1195
f 1736/1/1196 1742/1/1200 1741/1/252 1735/1/120
f 1737/1/1197 1743/1/1201 1742/1/1200 1736/1/1196
f 1732/1/136 1739/1/268 1743/1/1201 1737/1/1197
f 1738/1/1198 1744/1/1202 1745/1/369 1739/1/237
f 1740/1/1199 1746/1/1203 1744/1/1202 1738/1/1198
f 1741/1/252 1747/1/384 1746/1/1203 1740/1/1199
f 1742/1/1200 1748/1/1204 1747/1/384 1741/1/252
f 1743/1/1201 1749/1/1205 1748/1/1204 1742/1/1200
f 1739/1/268 1745/1/400 1749/1/1205 1743/1/1201
f 1744/1/1202 1750/1/500 1745/1/369
f 1746/1/1203 1750/1/500 1744/1/1202
f 1747/1/384 1750/1/501 1746/1/1203
f 1748/1/1204 1750/1/501 1747/1/384
f 1749/1/1205 1750/1/502 1748/1/1204
f 1745/1/400 1750/1/503 1749/1/1205
f 1751/1/1194 1752/1/105 1753/1/3
f 1754/1/1195 1751/1/1194 1753/1/3
f 1755/1/120 1754/1/1195 1753/1/3
f 1756/1/1196 1755/1/120 1753/1/3
f 1757/1/1197 1756/1/1196 1753/1/3
f 1752/1/136 1757/1/1197 1753/1/3
f 1751/1/1194 1758/1/1198 1759/1/237 1752/1/105
f 1754/1/1195 1760/1/1199 1758/1/1198 1751/1/1194
f 1755/1/120 1761/1/252 1760/1/1199 1754/1/1195
f 1756/1/1196 1762/1/1200 1761/1/252 1755/1/120
f 1757/1/1197 1763/1/1201 1762/1/1200 1756/1/1196
f 1752/1/136 1759/1/268 1763/1/1201 1757/1/1197
f 1758/1/1198 1764/1/1202 1765/1/369 1759/1/237
f 1760/1/1199 1766/1/1203 1764/1/1202 1758/1/1198
f 1761/1/252 1767/1/384 1766/1/1203 1760/1/1199
f 1762/1/1200 1768/1/1204 1767/1/384 1761/1/252
f 1763/1/1201 1769/1/1205 1768/1/1204 1762/1/1200
f 1759/1/268 1765/1/400 1769/1/1205 1763/1/1201
f 1764/1/1202 1770/1/500 1765/1/369
f 1766/1/1203 1770/1/500 1764/1/1202
f 1767/1/384 1770/1/501 1766/1/1203
f 1768/1/1204 1770/1/501 1767/1/384
f 1769/1/1205 1770/1/502 1768/1/1204
f 1765/1/400 1770/1/503 1769/1/1205
usemtl steel
f 1771/1/1211 1772/1/1211 1773/1/1211
usemtl graphite
f 1774/1/1212 1775/1/1212 1776/1/1212
usemtl steel
f 1771/1/1211 1773/1/1211 1777/1/1211
usemtl graphite
f 1774/1/1213 1778/1/1213 1775/1/1213
f 1774/1/1214 1776/1/1214 1772/1/1214 1771/1/1214
f 1776/1/1193 1775/1/1193 1773/1/1193 1772/1/1193
f 1775/1/1215 1778/1/1215 1777/1/1215 1773/1/1215
f 1778/1/260 1774/1/260 1771/1/260 1777/1/260
usemtl cyan
f 1779/1/1211 1780/1/1211 1781/1/1211
usemtl graphite
f 1782/1/1212 1783/1/1212 1784/1/1212
usemtl cyan
f 1779/1/1211 1781/1/1211 1785/1/1211
usemtl graphite
f 1782/1/1213 1786/1/1213 1783/1/1213
f 1782/1/1214 1784/1/1214 1780/1/1214 1779/1/1214
f 1784/1/1193 1783/1/1193 1781/1/1193 1780/1/1193
f 1783/1/1215 1786/1/1215 1785/1/1215 1781/1/1215
f 1786/1/260 1782/1/260 1779/1/260 1785/1/260
usemtl cyan
f 1787/1/1194 1788/1/105 1789/1/3
f 1790/1/1195 1787/1/1194 1789/1/3
f 1791/1/120 1790/1/1195 1789/1/3
f 1792/1/1196 1791/1/120 1789/1/3
f 1793/1/1197 1792/1/1196 1789/1/3
f 1788/1/136 1793/1/1197 1789/1/3
f 1787/1/1194 1794/1/1198 1795/1/237 1788/1/105
f 1790/1/1195 1796/1/1199 1794/1/1198 1787/1/1194
f 1791/1/120 1797/1/252 1796/1/1199 1790/1/1195
f 1792/1/1196 1798/1/1200 1797/1/252 1791/1/120
f 1793/1/1197 1799/1/1201 1798/1/1200 1792/1/1196
f 1788/1/136 1795/1/268 1799/1/1201 1793/1/1197
f 1794/1/1198 1800/1/1202 1801/1/369 1795/1/237
f 1796/1/1199 1802/1/1203 1800/1/1202 1794/1/1198
f 1797/1/252 1803/1/384 1802/1/1203 1796/1/1199
f 1798/1/1200 1804/1/1204 1803/1/384 1797/1/252
f 1799/1/1201 1805/1/1205 1804/1/1204 1798/1/1200
f 1795/1/268 1801/1/400 1805/1/1205 1799/1/1201
f 1800/1/1202 1806/1/500 1801/1/369
f 1802/1/1203 1806/1/500 1800/1/1202
f 1803/1/384 1806/1/501 1802/1/1203
f 1804/1/1204 1806/1/501 1803/1/384
f 1805/1/1205 1806/1/502 1804/1/1204
f 1801/1/400 1806/1/503 1805/1/1205
f 1807/1/1194 1808/1/105 1809/1/3
f 1810/1/1195 1807/1/1194 1809/1/3
f 1811/1/120 1810/1/1195 1809/1/3
f 1812/1/1196 1811/1/120 1809/1/3
f 1813/1/1197 1812/1/1196 1809/1/3
f 1808/1/136 1813/1/1197 1809/1/3
f 1807/1/1194 1814/1/1198 1815/1/237 1808/1/105
f 1810/1/1195 1816/1/1199 1814/1/1198 1807/1/1194
f 1811/1/120 1817/1/252 1816/1/1199 1810/1/1195
f 1812/1/1196 1818/1/1200 1817/1/252 1811/1/120
f 1813/1/1197 1819/1/1201 1818/1/1200 1812/1/1196
f 1808/1/136 1815/1/268 1819/1/1201 1813/1/1197
f 1814/1/1198 1820/1/1202 1821/1/369 1815/1/237
f 1816/1/1199 1822/1/1203 1820/1/1202 1814/1/1198
f 1817/1/252 1823/1/384 1822/1/1203 1816/1/1199
f 1818/1/1200 1824/1/1204 1823/1/384 1817/1/252
f 1819/1/1201 1825/1/1205 1824/1/1204 1818/1/1200
f 1815/1/268 1821/1/400 1825/1/1205 1819/1/1201
f 1820/1/1202 1826/1/500 1821/1/369
f 1822/1/1203 1826/1/500 1820/1/1202
f 1823/1/384 1826/1/501 1822/1/1203
f 1824/1/1204 1826/1/501 1823/1/384
f 1825/1/1205 1826/1/502 1824/1/1204
f 1821/1/400 1826/1/503 1825/1/1205
usemtl steel
f 1827/1/1216 1828/1/1216 1829/1/1216
usemtl graphite
f 1830/1/1217 1831/1/1217 1832/1/1217
usemtl steel
f 1827/1/1218 1829/1/1218 1833/1/1218
usemtl graphite
f 1830/1/1217 1834/1/1217 1831/1/1217
f 1830/1/1219 1832/1/1219 1828/1/1219 1827/1/1219
f 1832/1/1210 1831/1/1210 1829/1/1210 1828/1/1210
f 1831/1/1220 1834/1/1220 1833/1/1220 1829/1/1220
f 1834/1/268 1830/1/268 1827/1/268 1833/1/268
usemtl cyan
f 1835/1/1216 1836/1/1216 1837/1/1216
usemtl graphite
f 1838/1/1217 1839/1/1217 1840/1/1217
usemtl cyan
f 1835/1/1218 1837/1/1218 1841/1/1218
usemtl graphite
f 1838/1/1217 1842/1/1217 1839/1/1217
f 1838/1/1219 1840/1/1219 1836/1/1219 1835/1/1219
f 1840/1/1210 1839/1/1210 1837/1/1210 1836/1/1210
f 1839/1/1220 1842/1/1220 1841/1/1220 1837/1/1220
f 1842/1/268 1838/1/268 1835/1/268 1841/1/268
usemtl cyan
f 1843/1/1194 1844/1/105 1845/1/3
f 1846/1/1195 1843/1/1194 1845/1/3
f 1847/1/120 1846/1/1195 1845/1/3
f 1848/1/1196 1847/1/120 1845/1/3
f 1849/1/1197 1848/1/1196 1845/1/3
f 1844/1/136 1849/1/1197 1845/1/3
f 1843/1/1194 1850/1/1198 1851/1/237 1844/1/105
f 1846/1/1195 1852/1/1199 1850/1/1198 1843/1/1194
f 1847/1/120 1853/1/252 1852/1/1199 1846/1/1195
f 1848/1/1196 1854/1/1200 1853/1/252 1847/1/120
f 1849/1/1197 1855/1/1201 1854/1/1200 1848/1/1196
f 1844/1/136 1851/1/268 1855/1/1201 1849/1/1197
f 1850/1/1198 1856/1/1202 1857/1/369 1851/1/237
f 1852/1/1199 1858/1/1203 1856/1/1202 1850/1/1198
f 1853/1/252 1859/1/384 1858/1/1203 1852/1/1199
f 1854/1/1200 1860/1/1204 1859/1/384 1853/1/252
f 1855/1/1201 1861/1/1205 1860/1/1204 1854/1/1200
f 1851/1/268 1857/1/400 1861/1/1205 1855/1/1201
f 1856/1/1202 1862/1/500 1857/1/369
f 1858/1/1203 1862/1/500 1856/1/1202
f 1859/1/384 1862/1/501 1858/1/1203
f 1860/1/1204 1862/1/501 1859/1/384
f 1861/1/1205 1862/1/502 1860/1/1204
f 1857/1/400 1862/1/503 1861/1/1205
f 1863/1/1194 1864/1/105 1865/1/3
f 1866/1/1195 1863/1/1194 1865/1/3
f 1867/1/120 1866/1/1195 1865/1/3
f 1868/1/1196 1867/1/120 1865/1/3
f 1869/1/1197 1868/1/1196 1865/1/3
f 1864/1/136 1869/1/1197 1865/1/3
f 1863/1/1194 1870/1/1198 1871/1/237 1864/1/105
f 1866/1/1195 1872/1/1199 1870/1/1198 1863/1/1194
f 1867/1/120 1873/1/252 1872/1/1199 1866/1/1195
f 1868/1/1196 1874/1/1200 1873/1/252 1867/1/120
f 1869/1/1197 1875/1/1201 1874/1/1200 1868/1/1196
f 1864/1/136 1871/1/268 1875/1/1201 1869/1/1197
f 1870/1/1198 1876/1/1202 1877/1/369 1871/1/237
f 1872/1/1199 1878/1/1203 1876/1/1202 1870/1/1198
f 1873/1/252 1879/1/384 1878/1/1203 1872/1/1199
f 1874/1/1200 1880/1/1204 1879/1/384 1873/1/252
f 1875/1/1201 1881/1/1205 1880/1/1204 1874/1/1200
f 1871/1/268 1877/1/400 1881/1/1205 1875/1/1201
f 1876/1/1202 1882/1/500 1877/1/369
f 1878/1/1203 1882/1/500 1876/1/1202
f 1879/1/384 1882/1/501 1878/1/1203
f 1880/1/1204 1882/1/501 1879/1/384
f 1881/1/1205 1882/1/502 1880/1/1204
f 1877/1/400 1882/1/503 1881/1/1205
g core
usemtl red_glass
f 1883/1/3 1884/1/1221 1885/1/1222
f 1883/1/3 1886/1/1223 1884/1/1221
f 1883/1/3 1887/1/1224 1886/1/1223
f 1883/1/3 1888/1/1225 1887/1/1224
f 1883/1/3 1889/1/1226 1888/1/1225
f 1883/1/3 1890/1/1227 1889/1/1226
f 1883/1/3 1891/1/1228 1890/1/1227
f 1883/1/3 1892/1/1229 1891/1/1228
f 1883/1/3 1893/1/1230 1892/1/1229
f 1883/1/3 1894/1/1231 1893/1/1230
f 1883/1/3 1895/1/1232 1894/1/1231
f 1883/1/3 1896/1/1233 1895/1/1232
f 1883/1/3 1897/1/1234 1896/1/1233
f 1883/1/3 1898/1/1235 1897/1/1234
f 1883/1/3 1899/1/1236 1898/1/1235
f 1883/1/3 1900/1/1237 1899/1/1236
f 1883/1/3 1901/1/1238 1900/1/1237
f 1883/1/3 1902/1/1239 1901/1/1238
f 1883/1/3 1903/1/1240 1902/1/1239
f 1883/1/3 1904/1/1241 1903/1/1240
f 1883/1/3 1905/1/1242 1904/1/1241
f 1883/1/3 1906/1/1243 1905/1/1242
f 1883/1/3 1907/1/1244 1906/1/1243
f 1883/1/3 1908/1/1245 1907/1/1244
f 1883/1/3 1909/1/1246 1908/1/1245
f 1883/1/3 1910/1/1247 1909/1/1246
f 1883/1/3 1911/1/1248 1910/1/1247
f 1883/1/3 1912/1/1249 1911/1/1248
f 1883/1/3 1913/1/1250 1912/1/1249
f 1883/1/3 1914/1/1251 1913/1/1250
f 1883/1/3 1915/1/1252 1914/1/1251
f 1883/1/3 1916/1/1253 1915/1/1252
f 1883/1/3 1917/1/1254 1916/1/1253
f 1883/1/3 1918/1/1255 1917/1/1254
f 1883/1/3 1919/1/1256 1918/1/1255
f 1883/1/3 1920/1/1257 1919/1/1256
f 1883/1/3 1921/1/1258 1920/1/1257
f 1883/1/3 1922/1/1259 1921/1/1258
f 1883/1/3 1923/1/1260 1922/1/1259
f 1883/1/3 1885/1/1261 1923/1/1260
f 1885/1/1222 1884/1/1221 1924/1/1262 1925/1/1263
f 1884/1/1221 1886/1/1223 1926/1/1264 1924/1/1262
f 1886/1/1223 1887/1/1224 1927/1/1265 1926/1/1264
f 1887/1/1224 1888/1/1225 1928/1/1266 1927/1/1265
f 1888/1/1225 1889/1/1226 1929/1/1267 1928/1/1266
f 1889/1/1226 1890/1/1227 1930/1/1268 1929/1/1267
f 1890/1/1227 1891/1/1228 1931/1/1269 1930/1/1268
f 1891/1/1228 1892/1/1229 1932/1/1270 1931/1/1269
f 1892/1/1229 1893/1/1230 1933/1/1271 1932/1/1270
f 1893/1/1230 1894/1/1231 1934/1/1272 1933/1/1271
f 1894/1/1231 1895/1/1232 1935/1/1273 1934/1/1272
f 1895/1/1232 1896/1/1233 1936/1/1274 1935/1/1273
f 1896/1/1233 1897/1/1234 1937/1/1275 1936/1/1274
f 1897/1/1234 1898/1/1235 1938/1/1276 1937/1/1275
f 1898/1/1235 1899/1/1236 1939/1/1277 1938/1/1276
f 1899/1/1236 1900/1/1237 1940/1/1278 1939/1/1277
f 1900/1/1237 1901/1/1238 1941/1/1279 1940/1/1278
f 1901/1/1238 1902/1/1239 1942/1/1280 1941/1/1279
f 1902/1/1239 1903/1/1240 1943/1/1281 1942/1/1280
f 1903/1/1240 1904/1/1241 1944/1/1282 1943/1/1281
f 1904/1/1241 1905/1/1242 1945/1/1283 1944/1/1282
f 1905/1/1242 1906/1/1243 1946/1/1284 1945/1/1283
f 1906/1/1243 1907/1/1244 1947/1/1285 1946/1/1284
f 1907/1/1244 1908/1/1245 1948/1/1286 1947/1/1285
f 1908/1/1245 1909/1/1246 1949/1/1287 1948/1/1286
f 1909/1/1246 1910/1/1247 1950/1/1288 1949/1/1287
f 1910/1/1247 1911/1/1248 1951/1/1289 1950/1/1288
f 1911/1/1248 1912/1/1249 1952/1/1290 1951/1/1289
f 1912/1/1249 1913/1/1250 1953/1/1291 1952/1/1290
f 1913/1/1250 1914/1/1251 1954/1/1292 1953/1/1291
f 1914/1/1251 1915/1/1252 1955/1/1293 1954/1/1292
f 1915/1/1252 1916/1/1253 1956/1/1294 1955/1/1293
f 1916/1/1253 1917/1/1254 1957/1/1295 1956/1/1294
f 1917/1/1254 1918/1/1255 1958/1/1296 1957/1/1295
f 1918/1/1255 1919/1/1256 1959/1/1297 1958/1/1296
f 1919/1/1256 1920/1/1257 1960/1/1298 1959/1/1297
f 1920/1/1257 1921/1/1258 1961/1/1299 1960/1/1298
f 1921/1/1258 1922/1/1259 1962/1/1300 1961/1/1299
f 1922/1/1259 1923/1/1260 1963/1/1301 1962/1/1300
f 1923/1/1260 1885/1/1261 1925/1/1302 1963/1/1301
f 1925/1/1263 1924/1/1262 1964/1/1303 1965/1/1304
f 1924/1/1262 1926/1/1264 1966/1/1305 1964/1/1303
f 1926/1/1264 1927/1/1265 1967/1/1306 1966/1/1305
f 1927/1/1265 1928/1/1266 1968/1/1307 1967/1/1306
f 1928/1/1266 1929/1/1267 1969/1/1308 1968/1/1307
f 1929/1/1267 1930/1/1268 1970/1/1309 1969/1/1308
f 1930/1/1268 1931/1/1269 1971/1/1310 1970/1/1309
f 1931/1/1269 1932/1/1270 1972/1/1311 1971/1/1310
f 1932/1/1270 1933/1/1271 1973/1/1312 1972/1/1311
f 1933/1/1271 1934/1/1272 1974/1/1313 1973/1/1312
f 1934/1/1272 1935/1/1273 1975/1/1314 1974/1/1313
f 1935/1/1273 1936/1/1274 1976/1/1315 1975/1/1314
f 1936/1/1274 1937/1/1275 1977/1/1316 1976/1/1315
f 1937/1/1275 1938/1/1276 1978/1/1317 1977/1/1316
f 1938/1/1276 1939/1/1277 1979/1/1318 1978/1/1317
f 1939/1/1277 1940/1/1278 1980/1/1319 1979/1/1318
f 1940/1/1278 1941/1/1279 1981/1/1320 1980/1/1319
f 1941/1/1279 1942/1/1280 1982/1/1321 1981/1/1320
f 1942/1/1280 1943/1/1281 1983/1/1322 1982/1/1321
f 1943/1/1281 1944/1/1282 1984/1/1323 1983/1/1322
f 1944/1/1282 1945/1/1283 1985/1/1324 1984/1/1323
f 1945/1/1283 1946/1/1284 1986/1/1325 1985/1/1324
f 1946/1/1284 1947/1/1285 1987/1/1326 1986/1/1325
f 1947/1/1285 1948/1/1286 1988/1/1327 1987/1/1326
f 1948/1/1286 1949/1/1287 1989/1/1328 1988/1/1327
f 1949/1/1287 1950/1/1288 1990/1/1329 1989/1/1328
f 1950/1/1288 1951/1/1289 1991/1/1330 1990/1/1329
f 1951/1/1289 1952/1/1290 1992/1/1331 1991/1/1330
f 1952/1/1290 1953/1/1291 1993/1/1332 1992/1/1331
f 1953/1/1291 1954/1/1292 1994/1/1333 1993/1/1332
f 1954/1/1292 1955/1/1293 1995/1/1334 1994/1/1333
f 1955/1/1293 1956/1/1294 1996/1/1335 1995/1/1334
f 1956/1/1294 1957/1/1295 1997/1/1336 1996/1/1335
f 1957/1/1295 1958/1/1296 1998/1/1337 1997/1/1336
f 1958/1/1296 1959/1/1297 1999/1/1338 1998/1/1337
f 1959/1/1297 1960/1/1298 2000/1/1339 1999/1/1338
f 1960/1/1298 1961/1/1299 2001/1/1340 2000/1/1339
f 1961/1/1299 1962/1/1300 2002/1/1341 2001/1/1340
f 1962/1/1300 1963/1/1301 2003/1/1342 2002/1/1341
f 1963/1/1301 1925/1/1302 1965/1/1343 2003/1/1342
usemtl red_rim
f 2004/1/3 2005/1/3 2006/1/3 2007/1/3
f 2008/1/3 2009/1/3 2010/1/3 2011/1/3
f 2012/1/3 2013/1/3 2014/1/3 2015/1/3
f 2016/1/3 2017/1/3 2018/1/3 2019/1/3
f 2020/1/13 2021/1/13 2022/1/13 2023/1/13
f 2024/1/3 2025/1/3 2026/1/3 2027/1/3
f 2028/1/3 2029/1/3 2030/1/3 2031/1/3
f 2032/1/3 2033/1/3 2034/1/3 2035/1/3
f 2036/1/31 2037/1/31 2038/1/31 2039/1/31
f 2040/1/3 2041/1/3 2042/1/3 2043/1/3
f 2044/1/3 2045/1/3 2046/1/3 2047/1/3
f 2048/1/3 2049/1/3 2050/1/3 2051/1/3
f 2052/1/3 2053/1/3 2054/1/3 2055/1/3
f 2056/1/3 2057/1/3 2058/1/3 2059/1/3
f 2060/1/3 2061/1/3 2062/1/3 2063/1/3
f 2064/1/3 2065/1/3 2066/1/3 2067/1/3
g fx
usemtl red_glass
f 2068/1/1344 2069/1/1345 2070/1/3
f 2071/1/1346 2068/1/1344 2070/1/3
f 2072/1/1347 2071/1/1346 2070/1/3
f 2073/1/1348 2072/1/1347 2070/1/3
f 2074/1/1349 2073/1/1348 2070/1/3
f 2075/1/1350 2074/1/1349 2070/1/3
f 2076/1/1351 2075/1/1350 2070/1/3
f 2077/1/1352 2076/1/1351 2070/1/3
f 2078/1/1353 2077/1/1352 2070/1/3
f 2079/1/1354 2078/1/1353 2070/1/3
f 2080/1/1355 2079/1/1354 2070/1/3
f 2069/1/1356 2080/1/1355 2070/1/3
f 2068/1/1344 2081/1/1357 2082/1/1358 2069/1/1345
f 2071/1/1346 2083/1/1359 2081/1/1357 2068/1/1344
f 2072/1/1347 2084/1/1360 2083/1/1359 2071/1/1346
f 2073/1/1348 2085/1/1361 2084/1/1360 2072/1/1347
f 2074/1/1349 2086/1/1362 2085/1/1361 2073/1/1348
f 2075/1/1350 2087/1/1363 2086/1/1362 2074/1/1349
f 2076/1/1351 2088/1/1364 2087/1/1363 2075/1/1350
f 2077/1/1352 2089/1/1365 2088/1/1364 2076/1/1351
f 2078/1/1353 2090/1/1366 2089/1/1365 2077/1/1352
f 2079/1/1354 2091/1/1367 2090/1/1366 2078/1/1353
f 2080/1/1355 2092/1/1368 2091/1/1367 2079/1/1354
f 2069/1/1356 2082/1/1369 2092/1/1368 2080/1/1355
f 2081/1/1357 2093/1/1370 2094/1/237 2082/1/1358
f 2083/1/1359 2095/1/1198 2093/1/1370 2081/1/1357
f 2084/1/1360 2096/1/244 2095/1/1198 2083/1/1359
f 2085/1/1361 2097/1/1199 2096/1/244 2084/1/1360
f 2086/1/1362 2098/1/1371 2097/1/1199 2085/1/1361
f 2087/1/1363 2099/1/252 2098/1/1371 2086/1/1362
f 2088/1/1364 2100/1/1372 2099/1/252 2087/1/1363
f 2089/1/1365 2101/1/1200 2100/1/1372 2088/1/1364
f 2090/1/1366 2102/1/260 2101/1/1200 2089/1/1365
f 2091/1/1367 2103/1/1201 2102/1/260 2090/1/1366
f 2092/1/1368 2104/1/1373 2103/1/1201 2091/1/1367
f 2082/1/1369 2094/1/268 2104/1/1373 2092/1/1368
f 2093/1/1370 2105/1/1374 2106/1/1375 2094/1/237
f 2095/1/1198 2107/1/1376 2105/1/1374 2093/1/1370
f 2096/1/244 2108/1/1377 2107/1/1376 2095/1/1198
f 2097/1/1199 2109/1/1378 2108/1/1377 2096/1/244
f 2098/1/1371 2110/1/1379 2109/1/1378 2097/1/1199
f 2099/1/252 2111/1/1380 2110/1/1379 2098/1/1371
f 2100/1/1372 2112/1/1381 2111/1/1380 2099/1/252
f 2101/1/1200 2113/1/1382 2112/1/1381 2100/1/1372
f 2102/1/260 2114/1/1383 2113/1/1382 2101/1/1200
f 2103/1/1201 2115/1/1384 2114/1/1383 2102/1/260
f 2104/1/1373 2116/1/1385 2115/1/1384 2103/1/1201
f 2094/1/268 2106/1/1386 2116/1/1385 2104/1/1373
f 2105/1/1374 2117/1/1387 2118/1/1388 2106/1/1375
f 2107/1/1376 2119/1/1389 2117/1/1387 2105/1/1374
f 2108/1/1377 2120/1/1390 2119/1/1389 2107/1/1376
f 2109/1/1378 2121/1/1391 2120/1/1390 2108/1/1377
f 2110/1/1379 2122/1/1392 2121/1/1391 2109/1/1378
f 2111/1/1380 2123/1/1393 2122/1/1392 2110/1/1379
f 2112/1/1381 2124/1/1394 2123/1/1393 2111/1/1380
f 2113/1/1382 2125/1/1395 2124/1/1394 2112/1/1381
f 2114/1/1383 2126/1/1396 2125/1/1395 2113/1/1382
f 2115/1/1384 2127/1/1397 2126/1/1396 2114/1/1383
f 2116/1/1385 2128/1/1398 2127/1/1397 2115/1/1384
f 2106/1/1386 2118/1/1399 2128/1/1398 2116/1/1385
f 2117/1/1387 2129/1/500 2118/1/1388
f 2119/1/1389 2129/1/500 2117/1/1387
f 2120/1/1390 2129/1/500 2119/1/1389
f 2121/1/1391 2129/1/500 2120/1/1390
f 2122/1/1392 2129/1/501 2121/1/1391
f 2123/1/1393 2129/1/501 2122/1/1392
f 2124/1/1394 2129/1/501 2123/1/1393
f 2125/1/1395 2129/1/502 2124/1/1394
f 2126/1/1396 2129/1/502 2125/1/1395
f 2127/1/1397 2129/1/502 2126/1/1396
f 2128/1/1398 2129/1/503 2127/1/1397
f 2118/1/1399 2129/1/503 2128/1/1398
g shell_0
usemtl silver
f 2130/1/1400 2131/1/1401 2132/1/1402 2133/1/1403
f 2134/1/1404 2135/1/1405 2131/1/1401 2130/1/1400
f 2136/1/1406 2137/1/1407 2135/1/1405 2134/1/1404
f 2138/1/1408 2139/1/1409 2137/1/1407 2136/1/1406
f 2140/1/1410 2141/1/1411 2139/1/1409 2138/1/1408
f 2142/1/1412 2143/1/1413 2141/1/1411 2140/1/1410
f 2131/1/1401 2144/1/1414 2145/1/1415 2132/1/1402
f 2135/1/1405 2146/1/1416 2144/1/1414 2131/1/1401
f 2137/1/1407 2147/1/1417 2146/1/1416 2135/1/1405
f 2139/1/1409 2148/1/1418 2147/1/1417 2137/1/1407
f 2141/1/1411 2149/1/1419 2148/1/1418 2139/1/1409
f 2143/1/1413 2150/1/1420 2149/1/1419 2141/1/1411
f 2144/1/1414 2151/1/1421 2152/1/1422 2145/1/1415
f 2146/1/1416 2153/1/1423 2151/1/1421 2144/1/1414
f 2147/1/1417 2154/1/506 2153/1/1423 2146/1/1416
f 2148/1/1418 2155/1/1424 2154/1/506 2147/1/1417
f 2149/1/1419 2156/1/1425 2155/1/1424 2148/1/1418
f 2150/1/1420 2157/1/1426 2156/1/1425 2149/1/1419
f 2151/1/1421 2158/1/1427 2159/1/1428 2152/1/1422
f 2153/1/1423 2160/1/1429 2158/1/1427 2151/1/1421
f 2154/1/506 2161/1/1430 2160/1/1429 2153/1/1423
f 2155/1/1424 2162/1/1431 2161/1/1430 2154/1/506
f 2156/1/1425 2163/1/1432 2162/1/1431 2155/1/1424
f 2157/1/1426 2164/1/1433 2163/1/1432 2156/1/1425
f 2158/1/1427 2165/1/1434 2166/1/1435 2159/1/1428
f 2160/1/1429 2167/1/1436 2165/1/1434 2158/1/1427
f 2161/1/1430 2168/1/1437 2167/1/1436 2160/1/1429
f 2162/1/1431 2169/1/1438 2168/1/1437 2161/1/1430
f 2163/1/1432 2170/1/1439 2169/1/1438 2162/1/1431
f 2164/1/1433 2171/1/1440 2170/1/1439 2163/1/1432
f 2165/1/1434 2172/1/1441 2173/1/1442 2166/1/1435
f 2167/1/1436 2174/1/1443 2172/1/1441 2165/1/1434
f 2168/1/1437 2175/1/1444 2174/1/1443 2167/1/1436
f 2169/1/1438 2176/1/1445 2175/1/1444 2168/1/1437
f 2170/1/1439 2177/1/1446 2176/1/1445 2169/1/1438
f 2171/1/1440 2178/1/1447 2177/1/1446 2170/1/1439
usemtl graphite
f 2179/1/1448 2180/1/1449 2181/1/1450 2182/1/1451
f 2182/1/1451 2181/1/1450 2183/1/1452 2184/1/1453
f 2184/1/1453 2183/1/1452 2185/1/1454 2186/1/1455
f 2186/1/1455 2185/1/1454 2187/1/1456 2188/1/1457
f 2188/1/1457 2187/1/1456 2189/1/1458 2190/1/1459
f 2190/1/1459 2189/1/1458 2191/1/1460 2192/1/1461
f 2180/1/1449 2193/1/1462 2194/1/1463 2181/1/1450
f 2181/1/1450 2194/1/1463 2195/1/1464 2183/1/1452
f 2183/1/1452 2195/1/1464 2196/1/1465 2185/1/1454
f 2185/1/1454 2196/1/1465 2197/1/1466 2187/1/1456
f 2187/1/1456 2197/1/1466 2198/1/1467 2189/1/1458
f 2189/1/1458 2198/1/1467 2199/1/1468 2191/1/1460
f 2193/1/1462 2200/1/1469 2201/1/1470 2194/1/1463
f 2194/1/1463 2201/1/1470 2202/1/1471 2195/1/1464
f 2195/1/1464 2202/1/1471 2203/1/1472 2196/1/1465
f 2196/1/1465 2203/1/1472 2204/1/1473 2197/1/1466
f 2197/1/1466 2204/1/1473 2205/1/1474 2198/1/1467
f 2198/1/1467 2205/1/1474 2206/1/1475 2199/1/1468
f 2200/1/1469 2207/1/1476 2208/1/1477 2201/1/1470
f 2201/1/1470 2208/1/1477 2209/1/1478 2202/1/1471
f 2202/1/1471 2209/1/1478 2210/1/1479 2203/1/1472
f 2203/1/1472 2210/1/1479 2211/1/1480 2204/1/1473
f 2204/1/1473 2211/1/1480 2212/1/1481 2205/1/1474
f 2205/1/1474 2212/1/1481 2213/1/1482 2206/1/1475
f 2207/1/1476 2214/1/1483 2215/1/1484 2208/1/1477
f 2208/1/1477 2215/1/1484 2216/1/1485 2209/1/1478
f 2209/1/1478 2216/1/1485 2217/1/1486 2210/1/1479
f 2210/1/1479 2217/1/1486 2218/1/1487 2211/1/1480
f 2211/1/1480 2218/1/1487 2219/1/1488 2212/1/1481
f 2212/1/1481 2219/1/1488 2220/1/1489 2213/1/1482
f 2214/1/1483 2221/1/1490 2222/1/1491 2215/1/1484
f 2215/1/1484 2222/1/1491 2223/1/1492 2216/1/1485
f 2216/1/1485 2223/1/1492 2224/1/1493 2217/1/1486
f 2217/1/1486 2224/1/1493 2225/1/1494 2218/1/1487
f 2218/1/1487 2225/1/1494 2226/1/1495 2219/1/1488
f 2219/1/1488 2226/1/1495 2227/1/1496 2220/1/1489
usemtl edge
f 2179/1/1497 2182/1/1497 2130/1/1497 2133/1/1497
f 2182/1/1498 2184/1/1498 2134/1/1498 2130/1/1498
f 2184/1/1499 2186/1/1499 2136/1/1499 2134/1/1499
f 2186/1/1500 2188/1/1500 2138/1/1500 2136/1/1500
f 2188/1/1501 2190/1/1501 2140/1/1501 2138/1/1501
f 2190/1/1502 2192/1/1502 2142/1/1502 2140/1/1502
f 2192/1/1503 2191/1/1503 2143/1/1503 2142/1/1503
f 2191/1/1504 2199/1/1504 2150/1/1504 2143/1/1504
f 2199/1/1505 2206/1/1505 2157/1/1505 2150/1/1505
f 2206/1/1506 2213/1/1506 2164/1/1506 2157/1/1506
f 2213/1/1507 2220/1/1507 2171/1/1507 2164/1/1507
f 2220/1/1508 2227/1/1508 2178/1/1508 2171/1/1508
f 2227/1/1509 2226/1/1509 2177/1/1509 2178/1/1509
f 2226/1/1510 2225/1/1510 2176/1/1510 2177/1/1510
f 2225/1/1511 2224/1/1511 2175/1/1511 2176/1/1511
f 2224/1/1512 2223/1/1512 2174/1/1512 2175/1/1512
f 2223/1/1513 2222/1/1513 2172/1/1513 2174/1/1513
f 2222/1/1514 2221/1/1514 2173/1/1514 2172/1/1514
f 2221/1/1515 2214/1/1515 2166/1/1515 2173/1/1515
f 2214/1/1516 2207/1/1516 2159/1/1516 2166/1/1516
f 2207/1/1517 2200/1/1517 2152/1/1517 2159/1/1517
f 2200/1/1518 2193/1/1518 2145/1/1518 2152/1/1518
f 2193/1/1519 2180/1/1519 2132/1/1519 2145/1/1519
f 2180/1/1520 2179/1/1520 2133/1/1520 2132/1/1520
usemtl steel
f 2228/1/1521 2229/1/1521 2230/1/1521
usemtl edge
f 2231/1/1522 2232/1/1522 2233/1/1522
usemtl steel
f 2228/1/1521 2230/1/1521 2234/1/1521
usemtl edge
f 2231/1/1522 2235/1/1522 2232/1/1522
f 2231/1/13 2233/1/13 2229/1/13 2228/1/13
f 2233/1/1193 2232/1/1193 2230/1/1193 2229/1/1193
f 2232/1/501 2235/1/501 2234/1/501 2230/1/501
f 2235/1/260 2231/1/260 2228/1/260 2234/1/260
usemtl rubber
f 2236/1/1521 2237/1/1521 2238/1/1521
usemtl edge
f 2239/1/1522 2240/1/1522 2241/1/1522
usemtl rubber
f 2236/1/1521 2238/1/1521 2242/1/1521
usemtl edge
f 2239/1/1522 2243/1/1522 2240/1/1522
f 2239/1/13 2241/1/13 2237/1/13 2236/1/13
f 2241/1/1193 2240/1/1193 2238/1/1193 2237/1/1193
f 2240/1/501 2243/1/501 2242/1/501 2238/1/501
f 2243/1/260 2239/1/260 2236/1/260 2242/1/260
usemtl graphite
f 2244/1/1521 2245/1/1521 2246/1/1521
usemtl steel
f 2247/1/1522 2248/1/1522 2249/1/1522
usemtl graphite
f 2244/1/1521 2246/1/1521 2250/1/1521
usemtl steel
f 2247/1/1522 2251/1/1522 2248/1/1522
f 2247/1/13 2249/1/13 2245/1/13 2244/1/13
f 2249/1/1193 2248/1/1193 2246/1/1193 2245/1/1193
f 2248/1/501 2251/1/501 2250/1/501 2246/1/501
f 2251/1/260 2247/1/260 2244/1/260 2250/1/260
usemtl graphite
f 2252/1/1521 2253/1/1521 2254/1/1521
usemtl steel
f 2255/1/1522 2256/1/1522 2257/1/1522
usemtl graphite
f 2252/1/1521 2254/1/1521 2258/1/1521
usemtl steel
f 2255/1/1522 2259/1/1522 2256/1/1522
f 2255/1/13 2257/1/13 2253/1/13 2252/1/13
f 2257/1/1193 2256/1/1193 2254/1/1193 2253/1/1193
f 2256/1/501 2259/1/501 2258/1/501 2254/1/501
f 2259/1/260 2255/1/260 2252/1/260 2258/1/260
usemtl graphite
f 2260/1/1521 2261/1/1521 2262/1/1521
usemtl steel
f 2263/1/1522 2264/1/1522 2265/1/1522
usemtl graphite
f 2260/1/1521 2262/1/1521 2266/1/1521
usemtl steel
f 2263/1/1522 2267/1/1522 2264/1/1522
f 2263/1/13 2265/1/13 2261/1/13 2260/1/13
f 2265/1/1193 2264/1/1193 2262/1/1193 2261/1/1193
f 2264/1/501 2267/1/501 2266/1/501 2262/1/501
f 2267/1/260 2263/1/260 2260/1/260 2266/1/260
usemtl graphite
f 2268/1/1521 2269/1/1521 2270/1/1521
usemtl steel
f 2271/1/1522 2272/1/1522 2273/1/1522
usemtl graphite
f 2268/1/1521 2270/1/1521 2274/1/1521
usemtl steel
f 2271/1/1522 2275/1/1522 2272/1/1522
f 2271/1/13 2273/1/13 2269/1/13 2268/1/13
f 2273/1/1193 2272/1/1193 2270/1/1193 2269/1/1193
f 2272/1/501 2275/1/501 2274/1/501 2270/1/501
f 2275/1/260 2271/1/260 2268/1/260 2274/1/260
usemtl graphite
f 2276/1/1521 2277/1/1521 2278/1/1521
usemtl steel
f 2279/1/1522 2280/1/1522 2281/1/1522
usemtl graphite
f 2276/1/1521 2278/1/1521 2282/1/1521
usemtl steel
f 2279/1/1522 2283/1/1522 2280/1/1522
f 2279/1/13 2281/1/13 2277/1/13 2276/1/13
f 2281/1/1193 2280/1/1193 2278/1/1193 2277/1/1193
f 2280/1/501 2283/1/501 2282/1/501 2278/1/501
f 2283/1/260 2279/1/260 2276/1/260 2282/1/260
usemtl graphite
f 2284/1/1523 2285/1/1523 2286/1/1523
f 2284/1/1523 2287/1/1523 2285/1/1523
f 2284/1/1523 2288/1/1523 2287/1/1523
f 2284/1/1523 2289/1/1523 2288/1/1523
f 2284/1/1523 2290/1/1523 2289/1/1523
f 2284/1/1523 2291/1/1523 2290/1/1523
f 2284/1/1523 2292/1/1523 2291/1/1523
f 2284/1/1523 2293/1/1523 2292/1/1523
f 2284/1/1523 2294/1/1523 2293/1/1523
f 2284/1/1523 2295/1/1523 2294/1/1523
f 2284/1/1523 2296/1/1523 2295/1/1523
f 2284/1/1523 2286/1/1523 2296/1/1523
f 2286/1/1524 2285/1/1524 2297/1/1524 2298/1/1524
f 2285/1/1525 2287/1/1525 2299/1/1525 2297/1/1525
f 2287/1/1526 2288/1/1526 2300/1/1526 2299/1/1526
f 2288/1/1527 2289/1/1527 2301/1/1527 2300/1/1527
f 2289/1/1528 2290/1/1528 2302/1/1528 2301/1/1528
f 2290/1/1529 2291/1/1529 2303/1/1529 2302/1/1529
f 2291/1/1530 2292/1/1530 2304/1/1530 2303/1/1530
f 2292/1/1531 2293/1/1531 2305/1/1531 2304/1/1531
f 2293/1/1532 2294/1/1532 2306/1/1532 2305/1/1532
f 2294/1/1533 2295/1/1533 2307/1/1533 2306/1/1533
f 2295/1/1534 2296/1/1534 2308/1/1534 2307/1/1534
f 2296/1/1535 2286/1/1535 2298/1/1535 2308/1/1535
f 2298/1/1536 2297/1/1536 2309/1/1536 2310/1/1536
f 2297/1/1537 2299/1/1537 2311/1/1537 2309/1/1537
f 2299/1/1538 2300/1/1538 2312/1/1538 2311/1/1538
f 2300/1/1539 2301/1/1539 2313/1/1539 2312/1/1539
f 2301/1/1540 2302/1/1540 2314/1/1540 2313/1/1540
f 2302/1/1541 2303/1/1541 2315/1/1541 2314/1/1541
f 2303/1/1542 2304/1/1542 2316/1/1542 2315/1/1542
f 2304/1/1543 2305/1/1543 2317/1/1543 2316/1/1543
f 2305/1/1544 2306/1/1544 2318/1/1544 2317/1/1544
f 2306/1/1545 2307/1/1545 2319/1/1545 2318/1/1545
f 2307/1/1546 2308/1/1546 2320/1/1546 2319/1/1546
f 2308/1/1547 2298/1/1547 2310/1/1547 2320/1/1547
f 2310/1/1548 2309/1/1548 2321/1/1548 2322/1/1548
f 2309/1/1549 2311/1/1549 2323/1/1549 2321/1/1549
f 2311/1/1550 2312/1/1550 2324/1/1550 2323/1/1550
f 2312/1/1551 2313/1/1551 2325/1/1551 2324/1/1551
f 2313/1/1552 2314/1/1552 2326/1/1552 2325/1/1552
f 2314/1/1553 2315/1/1553 2327/1/1553 2326/1/1553
f 2315/1/1554 2316/1/1554 2328/1/1554 2327/1/1554
f 2316/1/1555 2317/1/1555 2329/1/1555 2328/1/1555
f 2317/1/1556 2318/1/1556 2330/1/1556 2329/1/1556
f 2318/1/1557 2319/1/1557 2331/1/1557 2330/1/1557
f 2319/1/1558 2320/1/1558 2332/1/1558 2331/1/1558
f 2320/1/1559 2310/1/1559 2322/1/1559 2332/1/1559
f 2322/1/1560 2321/1/1560 2333/1/1560 2334/1/1560
f 2321/1/1560 2323/1/1560 2335/1/1560 2333/1/1560
f 2323/1/1560 2324/1/1560 2336/1/1560 2335/1/1560
f 2324/1/1560 2325/1/1560 2337/1/1560 2336/1/1560
f 2325/1/1560 2326/1/1560 2338/1/1560 2337/1/1560
f 2326/1/1560 2327/1/1560 2339/1/1560 2338/1/1560
f 2327/1/1560 2328/1/1560 2340/1/1560 2339/1/1560
f 2328/1/1560 2329/1/1560 2341/1/1560 2340/1/1560
f 2329/1/1560 2330/1/1560 2342/1/1560 2341/1/1560
f 2330/1/1560 2331/1/1560 2343/1/1560 2342/1/1560
f 2331/1/1560 2332/1/1560 2344/1/1560 2343/1/1560
f 2332/1/1560 2322/1/1560 2334/1/1560 2344/1/1560
f 2334/1/1542 2333/1/1542 2345/1/1542 2346/1/1542
f 2333/1/1543 2335/1/1543 2347/1/1543 2345/1/1543
f 2335/1/1544 2336/1/1544 2348/1/1544 2347/1/1544
f 2336/1/1545 2337/1/1545 2349/1/1545 2348/1/1545
f 2337/1/1546 2338/1/1546 2350/1/1546 2349/1/1546
f 2338/1/1547 2339/1/1547 2351/1/1547 2350/1/1547
f 2339/1/1536 2340/1/1536 2352/1/1536 2351/1/1536
f 2340/1/1537 2341/1/1537 2353/1/1537 2352/1/1537
f 2341/1/1538 2342/1/1538 2354/1/1538 2353/1/1538
f 2342/1/1539 2343/1/1539 2355/1/1539 2354/1/1539
f 2343/1/1540 2344/1/1540 2356/1/1540 2355/1/1540
f 2344/1/1541 2334/1/1541 2346/1/1541 2356/1/1541
f 2346/1/1560 2345/1/1560 2357/1/1560
f 2345/1/1560 2347/1/1560 2357/1/1560
f 2347/1/1560 2348/1/1560 2357/1/1560
f 2348/1/1560 2349/1/1560 2357/1/1560
f 2349/1/1560 2350/1/1560 2357/1/1560
f 2350/1/1560 2351/1/1560 2357/1/1560
f 2351/1/1560 2352/1/1560 2357/1/1560
f 2352/1/1560 2353/1/1560 2357/1/1560
f 2353/1/1560 2354/1/1560 2357/1/1560
f 2354/1/1560 2355/1/1560 2357/1/1560
f 2355/1/1560 2356/1/1560 2357/1/1560
f 2356/1/1560 2346/1/1560 2357/1/1560
usemtl edge
f 2358/1/1561 2359/1/1561 2360/1/1561 2361/1/1561
f 2359/1/1562 2362/1/1562 2363/1/1562 2360/1/1562
f 2362/1/1563 2364/1/1563 2365/1/1563 2363/1/1563
f 2364/1/1564 2366/1/1564 2367/1/1564 2365/1/1564
f 2366/1/1565 2368/1/1565 2369/1/1565 2367/1/1565
f 2368/1/1566 2370/1/1566 2371/1/1566 2369/1/1566
f 2370/1/1567 2372/1/1567 2373/1/1567 2371/1/1567
f 2372/1/1568 2374/1/1568 2375/1/1568 2373/1/1568
f 2374/1/1569 2376/1/1569 2377/1/1569 2375/1/1569
f 2376/1/1570 2378/1/1570 2379/1/1570 2377/1/1570
f 2378/1/1571 2380/1/1571 2381/1/1571 2379/1/1571
f 2380/1/1572 2358/1/1572 2361/1/1572 2381/1/1572
f 2361/1/1536 2360/1/1536 2382/1/1536 2383/1/1536
f 2360/1/1537 2363/1/1537 2384/1/1537 2382/1/1537
f 2363/1/1538 2365/1/1538 2385/1/1538 2384/1/1538
f 2365/1/1539 2367/1/1539 2386/1/1539 2385/1/1539
f 2367/1/1540 2369/1/1540 2387/1/1540 2386/1/1540
f 2369/1/1541 2371/1/1541 2388/1/1541 2387/1/1541
f 2371/1/1542 2373/1/1542 2389/1/1542 2388/1/1542
f 2373/1/1543 2375/1/1543 2390/1/1543 2389/1/1543
f 2375/1/1544 2377/1/1544 2391/1/1544 2390/1/1544
f 2377/1/1545 2379/1/1545 2392/1/1545 2391/1/1545
f 2379/1/1546 2381/1/1546 2393/1/1546 2392/1/1546
f 2381/1/1547 2361/1/1547 2383/1/1547 2393/1/1547
f 2383/1/1573 2382/1/1573 2394/1/1573 2395/1/1573
f 2382/1/1574 2384/1/1574 2396/1/1574 2394/1/1574
f 2384/1/1575 2385/1/1575 2397/1/1575 2396/1/1575
f 2385/1/1576 2386/1/1576 2398/1/1576 2397/1/1576
f 2386/1/1577 2387/1/1577 2399/1/1577 2398/1/1577
f 2387/1/1578 2388/1/1578 2400/1/1578 2399/1/1578
f 2388/1/1579 2389/1/1579 2401/1/1579 2400/1/1579
f 2389/1/1580 2390/1/1580 2402/1/1580 2401/1/1580
f 2390/1/1581 2391/1/1581 2403/1/1581 2402/1/1581
f 2391/1/1582 2392/1/1582 2404/1/1582 2403/1/1582
f 2392/1/1583 2393/1/1583 2405/1/1583 2404/1/1583
f 2393/1/1584 2383/1/1584 2395/1/1584 2405/1/1584
f 2395/1/1542 2394/1/1542 2359/1/1542 2358/1/1542
f 2394/1/1543 2396/1/1543 2362/1/1543 2359/1/1543
f 2396/1/1544 2397/1/1544 2364/1/1544 2362/1/1544
f 2397/1/1545 2398/1/1545 2366/1/1545 2364/1/1545
f 2398/1/1546 2399/1/1546 2368/1/1546 2366/1/1546
f 2399/1/1547 2400/1/1547 2370/1/1547 2368/1/1547
f 2400/1/1536 2401/1/1536 2372/1/1536 2370/1/1536
f 2401/1/1537 2402/1/1537 2374/1/1537 2372/1/1537
f 2402/1/1538 2403/1/1538 2376/1/1538 2374/1/1538
f 2403/1/1539 2404/1/1539 2378/1/1539 2376/1/1539
f 2404/1/1540 2405/1/1540 2380/1/1540 2378/1/1540
f 2405/1/1541 2395/1/1541 2358/1/1541 2380/1/1541
usemtl cyan
f 2406/1/1523 2407/1/1523 2408/1/1523
f 2406/1/1523 2409/1/1523 2407/1/1523
f 2406/1/1523 2410/1/1523 2409/1/1523
f 2406/1/1523 2411/1/1523 2410/1/1523
f 2406/1/1523 2412/1/1523 2411/1/1523
f 2406/1/1523 2413/1/1523 2412/1/1523
f 2406/1/1523 2414/1/1523 2413/1/1523
f 2406/1/1523 2415/1/1523 2414/1/1523
f 2406/1/1523 2416/1/1523 2415/1/1523
f 2406/1/1523 2417/1/1523 2416/1/1523
f 2406/1/1523 2418/1/1523 2417/1/1523
f 2406/1/1523 2408/1/1523 2418/1/1523
f 2408/1/1536 2407/1/1536 2419/1/1536 2420/1/1536
f 2407/1/1537 2409/1/1537 2421/1/1537 2419/1/1537
f 2409/1/1538 2410/1/1538 2422/1/1538 2421/1/1538
f 2410/1/1539 2411/1/1539 2423/1/1539 2422/1/1539
f 2411/1/1540 2412/1/1540 2424/1/1540 2423/1/1540
f 2412/1/1541 2413/1/1541 2425/1/1541 2424/1/1541
f 2413/1/1542 2414/1/1542 2426/1/1542 2425/1/1542
f 2414/1/1543 2415/1/1543 2427/1/1543 2426/1/1543
f 2415/1/1544 2416/1/1544 2428/1/1544 2427/1/1544
f 2416/1/1545 2417/1/1545 2429/1/1545 2428/1/1545
f 2417/1/1546 2418/1/1546 2430/1/1546 2429/1/1546
f 2418/1/1547 2408/1/1547 2420/1/1547 2430/1/1547
f 2420/1/1560 2419/1/1560 2431/1/1560
f 2419/1/1560 2421/1/1560 2431/1/1560
f 2421/1/1560 2422/1/1560 2431/1/1560
f 2422/1/1560 2423/1/1560 2431/1/1560
f 2423/1/1560 2424/1/1560 2431/1/1560
f 2424/1/1560 2425/1/1560 2431/1/1560
f 2425/1/1560 2426/1/1560 2431/1/1560
f 2426/1/1560 2427/1/1560 2431/1/1560
f 2427/1/1560 2428/1/1560 2431/1/1560
f 2428/1/1560 2429/1/1560 2431/1/1560
f 2429/1/1560 2430/1/1560 2431/1/1560
f 2430/1/1560 2420/1/1560 2431/1/1560
usemtl steel
f 2432/1/1585 2433/1/1585 2434/1/1585
usemtl silver
f 2435/1/1586 2436/1/1586 2437/1/1586
usemtl steel
f 2432/1/1585 2434/1/1585 2438/1/1585
usemtl silver
f 2435/1/1586 2439/1/1586 2436/1/1586
f 2435/1/1587 2437/1/1587 2433/1/1587 2432/1/1587
f 2437/1/1588 2436/1/1588 2434/1/1588 2433/1/1588
f 2436/1/1589 2439/1/1589 2438/1/1589 2434/1/1589
f 2439/1/1590 2435/1/1590 2432/1/1590 2438/1/1590
usemtl cyan
f 2440/1/1585 2441/1/1585 2442/1/1585
usemtl silver
f 2443/1/1586 2444/1/1586 2445/1/1586
usemtl cyan
f 2440/1/1585 2442/1/1585 2446/1/1585
usemtl silver
f 2443/1/1586 2447/1/1586 2444/1/1586
f 2443/1/1587 2445/1/1587 2441/1/1587 2440/1/1587
f 2445/1/1588 2444/1/1588 2442/1/1588 2441/1/1588
f 2444/1/1589 2447/1/1589 2446/1/1589 2442/1/1589
f 2447/1/1590 2443/1/1590 2440/1/1590 2446/1/1590
usemtl graphite
f 2448/1/1591 2449/1/1591 2450/1/1591
f 2448/1/1591 2451/1/1591 2449/1/1591
f 2448/1/1591 2452/1/1591 2451/1/1591
f 2448/1/1591 2453/1/1591 2452/1/1591
f 2448/1/1591 2454/1/1591 2453/1/1591
f 2448/1/1591 2455/1/1591 2454/1/1591
f 2448/1/1591 2456/1/1591 2455/1/1591
f 2448/1/1591 2457/1/1591 2456/1/1591
f 2448/1/1591 2458/1/1591 2457/1/1591
f 2448/1/1591 2459/1/1591 2458/1/1591
f 2448/1/1591 2460/1/1591 2459/1/1591
f 2448/1/1591 2450/1/1591 2460/1/1591
f 2450/1/1592 2449/1/1592 2461/1/1592 2462/1/1592
f 2449/1/1593 2451/1/1593 2463/1/1593 2461/1/1593
f 2451/1/1594 2452/1/1594 2464/1/1594 2463/1/1594
f 2452/1/1595 2453/1/1595 2465/1/1595 2464/1/1595
f 2453/1/1596 2454/1/1596 2466/1/1596 2465/1/1596
f 2454/1/1597 2455/1/1597 2467/1/1597 2466/1/1597
f 2455/1/1598 2456/1/1598 2468/1/1598 2467/1/1598
f 2456/1/1599 2457/1/1599 2469/1/1599 2468/1/1599
f 2457/1/1600 2458/1/1600 2470/1/1600 2469/1/1600
f 2458/1/1601 2459/1/1601 2471/1/1601 2470/1/1601
f 2459/1/1602 2460/1/1602 2472/1/1602 2471/1/1602
f 2460/1/1603 2450/1/1603 2462/1/1603 2472/1/1603
f 2462/1/1604 2461/1/1604 2473/1/1604 2474/1/1604
f 2461/1/1605 2463/1/1605 2475/1/1605 2473/1/1605
f 2463/1/1606 2464/1/1606 2476/1/1606 2475/1/1606
f 2464/1/1607 2465/1/1607 2477/1/1607 2476/1/1607
f 2465/1/1608 2466/1/1608 2478/1/1608 2477/1/1608
f 2466/1/1609 2467/1/1609 2479/1/1609 2478/1/1609
f 2467/1/1610 2468/1/1610 2480/1/1610 2479/1/1610
f 2468/1/1611 2469/1/1611 2481/1/1611 2480/1/1611
f 2469/1/1612 2470/1/1612 2482/1/1612 2481/1/1612
f 2470/1/1613 2471/1/1613 2483/1/1613 2482/1/1613
f 2471/1/1614 2472/1/1614 2484/1/1614 2483/1/1614
f 2472/1/1615 2462/1/1615 2474/1/1615 2484/1/1615
f 2474/1/1616 2473/1/1616 2485/1/1616 2486/1/1616
f 2473/1/1617 2475/1/1617 2487/1/1617 2485/1/1617
f 2475/1/1618 2476/1/1618 2488/1/1618 2487/1/1618
f 2476/1/1619 2477/1/1619 2489/1/1619 2488/1/1619
f 2477/1/1620 2478/1/1620 2490/1/1620 2489/1/1620
f 2478/1/1621 2479/1/1621 2491/1/1621 2490/1/1621
f 2479/1/1622 2480/1/1622 2492/1/1622 2491/1/1622
f 2480/1/1623 2481/1/1623 2493/1/1623 2492/1/1623
f 2481/1/1624 2482/1/1624 2494/1/1624 2493/1/1624
f 2482/1/1625 2483/1/1625 2495/1/1625 2494/1/1625
f 2483/1/1626 2484/1/1626 2496/1/1626 2495/1/1626
f 2484/1/1627 2474/1/1627 2486/1/1627 2496/1/1627
f 2486/1/1628 2485/1/1628 2497/1/1628 2498/1/1628
f 2485/1/1628 2487/1/1628 2499/1/1628 2497/1/1628
f 2487/1/1628 2488/1/1628 2500/1/1628 2499/1/1628
f 2488/1/1628 2489/1/1628 2501/1/1628 2500/1/1628
f 2489/1/1628 2490/1/1628 2502/1/1628 2501/1/1628
f 2490/1/1628 2491/1/1628 2503/1/1628 2502/1/1628
f 2491/1/1628 2492/1/1628 2504/1/1628 2503/1/1628
f 2492/1/1628 2493/1/1628 2505/1/1628 2504/1/1628
f 2493/1/1628 2494/1/1628 2506/1/1628 2505/1/1628
f 2494/1/1628 2495/1/1628 2507/1/1628 2506/1/1628
f 2495/1/1628 2496/1/1628 2508/1/1628 2507/1/1628
f 2496/1/1628 2486/1/1628 2498/1/1628 2508/1/1628
f 2498/1/1610 2497/1/1610 2509/1/1610 2510/1/1610
f 2497/1/1611 2499/1/1611 2511/1/1611 2509/1/1611
f 2499/1/1612 2500/1/1612 2512/1/1612 2511/1/1612
f 2500/1/1613 2501/1/1613 2513/1/1613 2512/1/1613
f 2501/1/1614 2502/1/1614 2514/1/1614 2513/1/1614
f 2502/1/1615 2503/1/1615 2515/1/1615 2514/1/1615
f 2503/1/1604 2504/1/1604 2516/1/1604 2515/1/1604
f 2504/1/1605 2505/1/1605 2517/1/1605 2516/1/1605
f 2505/1/1606 2506/1/1606 2518/1/1606 2517/1/1606
f 2506/1/1607 2507/1/1607 2519/1/1607 2518/1/1607
f 2507/1/1608 2508/1/1608 2520/1/1608 2519/1/1608
f 2508/1/1609 2498/1/1609 2510/1/1609 2520/1/1609
f 2510/1/1628 2509/1/1628 2521/1/1628
f 2509/1/1628 2511/1/1628 2521/1/1628
f 2511/1/1628 2512/1/1628 2521/1/1628
f 2512/1/1628 2513/1/1628 2521/1/1628
f 2513/1/1628 2514/1/1628 2521/1/1628
f 2514/1/1628 2515/1/1628 2521/1/1628
f 2515/1/1628 2516/1/1628 2521/1/1628
f 2516/1/1628 2517/1/1628 2521/1/1628
f 2517/1/1628 2518/1/1628 2521/1/1628
f 2518/1/1628 2519/1/1628 2521/1/1628
f 2519/1/1628 2520/1/1628 2521/1/1628
f 2520/1/1628 2510/1/1628 2521/1/1628
usemtl edge
f 2522/1/1629 2523/1/1629 2524/1/1629 2525/1/1629
f 2523/1/1630 2526/1/1630 2527/1/1630 2524/1/1630
f 2526/1/1631 2528/1/1631 2529/1/1631 2527/1/1631
f 2528/1/1632 2530/1/1632 2531/1/1632 2529/1/1632
f 2530/1/1633 2532/1/1633 2533/1/1633 2531/1/1633
f 2532/1/1634 2534/1/1634 2535/1/1634 2533/1/1634
f 2534/1/1635 2536/1/1635 2537/1/1635 2535/1/1635
f 2536/1/1636 2538/1/1636 2539/1/1636 2537/1/1636
f 2538/1/1637 2540/1/1637 2541/1/1637 2539/1/1637
f 2540/1/1638 2542/1/1638 2543/1/1638 2541/1/1638
f 2542/1/1639 2544/1/1639 2545/1/1639 2543/1/1639
f 2544/1/1640 2522/1/1640 2525/1/1640 2545/1/1640
f 2525/1/1604 2524/1/1604 2546/1/1604 2547/1/1604
f 2524/1/1605 2527/1/1605 2548/1/1605 2546/1/1605
f 2527/1/1606 2529/1/1606 2549/1/1606 2548/1/1606
f 2529/1/1607 2531/1/1607 2550/1/1607 2549/1/1607
f 2531/1/1608 2533/1/1608 2551/1/1608 2550/1/1608
f 2533/1/1609 2535/1/1609 2552/1/1609 2551/1/1609
f 2535/1/1610 2537/1/1610 2553/1/1610 2552/1/1610
f 2537/1/1611 2539/1/1611 2554/1/1611 2553/1/1611
f 2539/1/1612 2541/1/1612 2555/1/1612 2554/1/1612
f 2541/1/1613 2543/1/1613 2556/1/1613 2555/1/1613
f 2543/1/1614 2545/1/1614 2557/1/1614 2556/1/1614
f 2545/1/1615 2525/1/1615 2547/1/1615 2557/1/1615
f 2547/1/1641 2546/1/1641 2558/1/1641 2559/1/1641
f 2546/1/1642 2548/1/1642 2560/1/1642 2558/1/1642
f 2548/1/1643 2549/1/1643 2561/1/1643 2560/1/1643
f 2549/1/1644 2550/1/1644 2562/1/1644 2561/1/1644
f 2550/1/1645 2551/1/1645 2563/1/1645 2562/1/1645
f 2551/1/1646 2552/1/1646 2564/1/1646 2563/1/1646
f 2552/1/1647 2553/1/1647 2565/1/1647 2564/1/1647
f 2553/1/1648 2554/1/1648 2566/1/1648 2565/1/1648
f 2554/1/1649 2555/1/1649 2567/1/1649 2566/1/1649
f 2555/1/1650 2556/1/1650 2568/1/1650 2567/1/1650
f 2556/1/1651 2557/1/1651 2569/1/1651 2568/1/1651
f 2557/1/1652 2547/1/1652 2559/1/1652 2569/1/1652
f 2559/1/1610 2558/1/1610 2523/1/1610 2522/1/1610
f 2558/1/1611 2560/1/1611 2526/1/1611 2523/1/1611
f 2560/1/1612 2561/1/1612 2528/1/1612 2526/1/1612
f 2561/1/1613 2562/1/1613 2530/1/1613 2528/1/1613
f 2562/1/1614 2563/1/1614 2532/1/1614 2530/1/1614
f 2563/1/1615 2564/1/1615 2534/1/1615 2532/1/1615
f 2564/1/1604 2565/1/1604 2536/1/1604 2534/1/1604
f 2565/1/1605 2566/1/1605 2538/1/1605 2536/1/1605
f 2566/1/1606 2567/1/1606 2540/1/1606 2538/1/1606
f 2567/1/1607 2568/1/1607 2542/1/1607 2540/1/1607
f 2568/1/1608 2569/1/1608 2544/1/1608 2542/1/1608
f 2569/1/1609 2559/1/1609 2522/1/1609 2544/1/1609
usemtl cyan
f 2570/1/1591 2571/1/1591 2572/1/1591
f 2570/1/1591 2573/1/1591 2571/1/1591
f 2570/1/1591 2574/1/1591 2573/1/1591
f 2570/1/1591 2575/1/1591 2574/1/1591
f 2570/1/1591 2576/1/1591 2575/1/1591
f 2570/1/1591 2577/1/1591 2576/1/1591
f 2570/1/1591 2578/1/1591 2577/1/1591
f 2570/1/1591 2579/1/1591 2578/1/1591
f 2570/1/1591 2580/1/1591 2579/1/1591
f 2570/1/1591 2581/1/1591 2580/1/1591
f 2570/1/1591 2582/1/1591 2581/1/1591
f 2570/1/1591 2572/1/1591 2582/1/1591
f 2572/1/1604 2571/1/1604 2583/1/1604 2584/1/1604
f 2571/1/1605 2573/1/1605 2585/1/1605 2583/1/1605
f 2573/1/1606 2574/1/1606 2586/1/1606 2585/1/1606
f 2574/1/1607 2575/1/1607 2587/1/1607 2586/1/1607
f 2575/1/1608 2576/1/1608 2588/1/1608 2587/1/1608
f 2576/1/1609 2577/1/1609 2589/1/1609 2588/1/1609
f 2577/1/1610 2578/1/1610 2590/1/1610 2589/1/1610
f 2578/1/1611 2579/1/1611 2591/1/1611 2590/1/1611
f 2579/1/1612 2580/1/1612 2592/1/1612 2591/1/1612
f 2580/1/1613 2581/1/1613 2593/1/1613 2592/1/1613
f 2581/1/1614 2582/1/1614 2594/1/1614 2593/1/1614
f 2582/1/1615 2572/1/1615 2584/1/1615 2594/1/1615
f 2584/1/1628 2583/1/1628 2595/1/1628
f 2583/1/1628 2585/1/1628 2595/1/1628
f 2585/1/1628 2586/1/1628 2595/1/1628
f 2586/1/1628 2587/1/1628 2595/1/1628
f 2587/1/1628 2588/1/1628 2595/1/1628
f 2588/1/1628 2589/1/1628 2595/1/1628
f 2589/1/1628 2590/1/1628 2595/1/1628
f 2590/1/1628 2591/1/1628 2595/1/1628
f 2591/1/1628 2592/1/1628 2595/1/1628
f 2592/1/1628 2593/1/1628 2595/1/1628
f 2593/1/1628 2594/1/1628 2595/1/1628
f 2594/1/1628 2584/1/1628 2595/1/1628
usemtl steel
f 2596/1/1653 2597/1/1653 2598/1/1653
usemtl silver
f 2599/1/1654 2600/1/1654 2601/1/1654
usemtl steel
f 2596/1/1653 2598/1/1653 2602/1/1653
usemtl silver
f 2599/1/1654 2603/1/1654 2600/1/1654
f 2599/1/1655 2601/1/1655 2597/1/1655 2596/1/1655
f 2601/1/1588 2600/1/1588 2598/1/1588 2597/1/1588
f 2600/1/1656 2603/1/1656 2602/1/1656 2598/1/1656
f 2603/1/1590 2599/1/1590 2596/1/1590 2602/1/1590
usemtl cyan
f 2604/1/1653 2605/1/1653 2606/1/1653
usemtl silver
f 2607/1/1654 2608/1/1654 2609/1/1654
usemtl cyan
f 2604/1/1653 2606/1/1653 2610/1/1653
usemtl silver
f 2607/1/1654 2611/1/1654 2608/1/1654
f 2607/1/1655 2609/1/1655 2605/1/1655 2604/1/1655
f 2609/1/1657 2608/1/1657 2606/1/1657 2605/1/1657
f 2608/1/1656 2611/1/1656 2610/1/1656 2606/1/1656
f 2611/1/1658 2607/1/1658 2604/1/1658 2610/1/1658
usemtl graphite
f 2612/1/1659 2613/1/1659 2614/1/1659
f 2612/1/1659 2615/1/1659 2613/1/1659
f 2612/1/1659 2616/1/1659 2615/1/1659
f 2612/1/1659 2617/1/1659 2616/1/1659
f 2612/1/1659 2618/1/1659 2617/1/1659
f 2612/1/1659 2614/1/1659 2618/1/1659
f 2614/1/1660 2613/1/1660 2619/1/1660 2620/1/1660
f 2613/1/1661 2615/1/1661 2621/1/1661 2619/1/1661
f 2615/1/1662 2616/1/1662 2622/1/1662 2621/1/1662
f 2616/1/1663 2617/1/1663 2623/1/1663 2622/1/1663
f 2617/1/1664 2618/1/1664 2624/1/1664 2623/1/1664
f 2618/1/1665 2614/1/1665 2620/1/1665 2624/1/1665
f 2620/1/1666 2619/1/1666 2625/1/1666 2626/1/1666
f 2619/1/1667 2621/1/1667 2627/1/1667 2625/1/1667
f 2621/1/1668 2622/1/1668 2628/1/1668 2627/1/1668
f 2622/1/1669 2623/1/1669 2629/1/1669 2628/1/1669
f 2623/1/1670 2624/1/1670 2630/1/1670 2629/1/1670
f 2624/1/1671 2620/1/1671 2626/1/1671 2630/1/1671
f 2626/1/1672 2625/1/1672 2631/1/1672 2632/1/1672
f 2625/1/1673 2627/1/1673 2633/1/1673 2631/1/1673
f 2627/1/1674 2628/1/1674 2634/1/1674 2633/1/1674
f 2628/1/1675 2629/1/1675 2635/1/1675 2634/1/1675
f 2629/1/1676 2630/1/1676 2636/1/1676 2635/1/1676
f 2630/1/1677 2626/1/1677 2632/1/1677 2636/1/1677
f 2632/1/1678 2631/1/1678 2637/1/1678 2638/1/1678
f 2631/1/1678 2633/1/1678 2639/1/1678 2637/1/1678
f 2633/1/1678 2634/1/1678 2640/1/1678 2639/1/1678
f 2634/1/1678 2635/1/1678 2641/1/1678 2640/1/1678
f 2635/1/1678 2636/1/1678 2642/1/1678 2641/1/1678
f 2636/1/1678 2632/1/1678 2638/1/1678 2642/1/1678
f 2638/1/1669 2637/1/1669 2643/1/1669 2644/1/1669
f 2637/1/1670 2639/1/1670 2645/1/1670 2643/1/1670
f 2639/1/1671 2640/1/1671 2646/1/1671 2645/1/1671
f 2640/1/1666 2641/1/1666 2647/1/1666 2646/1/1666
f 2641/1/1667 2642/1/1667 2648/1/1667 2647/1/1667
f 2642/1/1668 2638/1/1668 2644/1/1668 2648/1/1668
f 2644/1/1678 2643/1/1678 2649/1/1678
f 2643/1/1678 2645/1/1678 2649/1/1678
f 2645/1/1678 2646/1/1678 2649/1/1678
f 2646/1/1678 2647/1/1678 2649/1/1678
f 2647/1/1678 2648/1/1678 2649/1/1678
f 2648/1/1678 2644/1/1678 2649/1/1678
usemtl steel
f 2650/1/1679 2651/1/1679 2652/1/1679 2653/1/1679
f 2651/1/1680 2654/1/1680 2655/1/1680 2652/1/1680
f 2654/1/1681 2656/1/1681 2657/1/1681 2655/1/1681
f 2656/1/1682 2658/1/1682 2659/1/1682 2657/1/1682
f 2658/1/1683 2660/1/1683 2661/1/1683 2659/1/1683
f 2660/1/1684 2650/1/1684 2653/1/1684 2661/1/1684
f 2653/1/1666 2652/1/1666 2662/1/1666 2663/1/1666
f 2652/1/1667 2655/1/1667 2664/1/1667 2662/1/1667
f 2655/1/1668 2657/1/1668 2665/1/1668 2664/1/1668
f 2657/1/1669 2659/1/1669 2666/1/1669 2665/1/1669
f 2659/1/1670 2661/1/1670 2667/1/1670 2666/1/1670
f 2661/1/1671 2653/1/1671 2663/1/1671 2667/1/1671
f 2663/1/1685 2662/1/1685 2668/1/1685 2669/1/1685
f 2662/1/1686 2664/1/1686 2670/1/1686 2668/1/1686
f 2664/1/1687 2665/1/1687 2671/1/1687 2670/1/1687
f 2665/1/1688 2666/1/1688 2672/1/1688 2671/1/1688
f 2666/1/1689 2667/1/1689 2673/1/1689 2672/1/1689
f 2667/1/1690 2663/1/1690 2669/1/1690 2673/1/1690
f 2669/1/1669 2668/1/1669 2651/1/1669 2650/1/1669
f 2668/1/1670 2670/1/1670 2654/1/1670 2651/1/1670
f 2670/1/1671 2671/1/1671 2656/1/1671 2654/1/1671
f 2671/1/1666 2672/1/1666 2658/1/1666 2656/1/1666
f 2672/1/1667 2673/1/1667 2660/1/1667 2658/1/1667
f 2673/1/1668 2669/1/1668 2650/1/1668 2660/1/1668
usemtl silver
f 2674/1/1659 2675/1/1659 2676/1/1659
f 2674/1/1659 2677/1/1659 2675/1/1659
f 2674/1/1659 2678/1/1659 2677/1/1659
f 2674/1/1659 2679/1/1659 2678/1/1659
f 2674/1/1659 2680/1/1659 2679/1/1659
f 2674/1/1659 2676/1/1659 2680/1/1659
f 2676/1/1666 2675/1/1666 2681/1/1666 2682/1/1666
f 2675/1/1667 2677/1/1667 2683/1/1667 2681/1/1667
f 2677/1/1668 2678/1/1668 2684/1/1668 2683/1/1668
f 2678/1/1669 2679/1/1669 2685/1/1669 2684/1/1669
f 2679/1/1670 2680/1/1670 2686/1/1670 2685/1/1670
f 2680/1/1671 2676/1/1671 2682/1/1671 2686/1/1671
f 2682/1/1678 2681/1/1678 2687/1/1678
f 2681/1/1678 2683/1/1678 2687/1/1678
f 2683/1/1678 2684/1/1678 2687/1/1678
f 2684/1/1678 2685/1/1678 2687/1/1678
f 2685/1/1678 2686/1/1678 2687/1/1678
f 2686/1/1678 2682/1/1678 2687/1/1678
usemtl graphite
f 2688/1/1691 2689/1/1691 2690/1/1691
f 2688/1/1691 2691/1/1691 2689/1/1691
f 2688/1/1691 2692/1/1691 2691/1/1691
f 2688/1/1691 2693/1/1691 2692/1/1691
f 2688/1/1691 2694/1/1691 2693/1/1691
f 2688/1/1691 2690/1/1691 2694/1/1691
f 2690/1/1692 2689/1/1692 2695/1/1692 2696/1/1692
f 2689/1/1693 2691/1/1693 2697/1/1693 2695/1/1693
f 2691/1/1694 2692/1/1694 2698/1/1694 2697/1/1694
f 2692/1/1695 2693/1/1695 2699/1/1695 2698/1/1695
f 2693/1/1696 2694/1/1696 2700/1/1696 2699/1/1696
f 2694/1/1697 2690/1/1697 2696/1/1697 2700/1/1697
f 2696/1/1698 2695/1/1698 2701/1/1698 2702/1/1698
f 2695/1/1699 2697/1/1699 2703/1/1699 2701/1/1699
f 2697/1/1700 2698/1/1700 2704/1/1700 2703/1/1700
f 2698/1/1701 2699/1/1701 2705/1/1701 2704/1/1701
f 2699/1/1702 2700/1/1702 2706/1/1702 2705/1/1702
f 2700/1/1703 2696/1/1703 2702/1/1703 2706/1/1703
f 2702/1/1704 2701/1/1704 2707/1/1704 2708/1/1704
f 2701/1/1705 2703/1/1705 2709/1/1705 2707/1/1705
f 2703/1/1706 2704/1/1706 2710/1/1706 2709/1/1706
f 2704/1/1707 2705/1/1707 2711/1/1707 2710/1/1707
f 2705/1/1708 2706/1/1708 2712/1/1708 2711/1/1708
f 2706/1/1709 2702/1/1709 2708/1/1709 2712/1/1709
f 2708/1/1710 2707/1/1710 2713/1/1710 2714/1/1710
f 2707/1/1710 2709/1/1710 2715/1/1710 2713/1/1710
f 2709/1/1710 2710/1/1710 2716/1/1710 2715/1/1710
f 2710/1/1710 2711/1/1710 2717/1/1710 2716/1/1710
f 2711/1/1710 2712/1/1710 2718/1/1710 2717/1/1710
f 2712/1/1710 2708/1/1710 2714/1/1710 2718/1/1710
f 2714/1/1701 2713/1/1701 2719/1/1701 2720/1/1701
f 2713/1/1702 2715/1/1702 2721/1/1702 2719/1/1702
f 2715/1/1703 2716/1/1703 2722/1/1703 2721/1/1703
f 2716/1/1698 2717/1/1698 2723/1/1698 2722/1/1698
f 2717/1/1699 2718/1/1699 2724/1/1699 2723/1/1699
f 2718/1/1700 2714/1/1700 2720/1/1700 2724/1/1700
f 2720/1/1710 2719/1/1710 2725/1/1710
f 2719/1/1710 2721/1/1710 2725/1/1710
f 2721/1/1710 2722/1/1710 2725/1/1710
f 2722/1/1710 2723/1/1710 2725/1/1710
f 2723/1/1710 2724/1/1710 2725/1/1710
f 2724/1/1710 2720/1/1710 2725/1/1710
usemtl steel
f 2726/1/1711 2727/1/1711 2728/1/1711 2729/1/1711
f 2727/1/1712 2730/1/1712 2731/1/1712 2728/1/1712
f 2730/1/1713 2732/1/1713 2733/1/1713 2731/1/1713
f 2732/1/1714 2734/1/1714 2735/1/1714 2733/1/1714
f 2734/1/1715 2736/1/1715 2737/1/1715 2735/1/1715
f 2736/1/1716 2726/1/1716 2729/1/1716 2737/1/1716
f 2729/1/1698 2728/1/1698 2738/1/1698 2739/1/1698
f 2728/1/1699 2731/1/1699 2740/1/1699 2738/1/1699
f 2731/1/1700 2733/1/1700 2741/1/1700 2740/1/1700
f 2733/1/1701 2735/1/1701 2742/1/1701 2741/1/1701
f 2735/1/1702 2737/1/1702 2743/1/1702 2742/1/1702
f 2737/1/1703 2729/1/1703 2739/1/1703 2743/1/1703
f 2739/1/1717 2738/1/1717 2744/1/1717 2745/1/1717
f 2738/1/1718 2740/1/1718 2746/1/1718 2744/1/1718
f 2740/1/1719 2741/1/1719 2747/1/1719 2746/1/1719
f 2741/1/1720 2742/1/1720 2748/1/1720 2747/1/1720
f 2742/1/1721 2743/1/1721 2749/1/1721 2748/1/1721
f 2743/1/1722 2739/1/1722 2745/1/1722 2749/1/1722
f 2745/1/1701 2744/1/1701 2727/1/1701 2726/1/1701
f 2744/1/1702 2746/1/1702 2730/1/1702 2727/1/1702
f 2746/1/1703 2747/1/1703 2732/1/1703 2730/1/1703
f 2747/1/1698 2748/1/1698 2734/1/1698 2732/1/1698
f 2748/1/1699 2749/1/1699 2736/1/1699 2734/1/1699
f 2749/1/1700 2745/1/1700 2726/1/1700 2736/1/1700
usemtl silver
f 2750/1/1691 2751/1/1691 2752/1/1691
f 2750/1/1691 2753/1/1691 2751/1/1691
f 2750/1/1691 2754/1/1691 2753/1/1691
f 2750/1/1691 2755/1/1691 2754/1/1691
f 2750/1/1691 2756/1/1691 2755/1/1691
f 2750/1/1691 2752/1/1691 2756/1/1691
f 2752/1/1698 2751/1/1698 2757/1/1698 2758/1/1698
f 2751/1/1699 2753/1/1699 2759/1/1699 2757/1/1699
f 2753/1/1700 2754/1/1700 2760/1/1700 2759/1/1700
f 2754/1/1701 2755/1/1701 2761/1/1701 2760/1/1701
f 2755/1/1702 2756/1/1702 2762/1/1702 2761/1/1702
f 2756/1/1703 2752/1/1703 2758/1/1703 2762/1/1703
f 2758/1/1710 2757/1/1710 2763/1/1710
f 2757/1/1710 2759/1/1710 2763/1/1710
f 2759/1/1710 2760/1/1710 2763/1/1710
f 2760/1/1710 2761/1/1710 2763/1/1710
f 2761/1/1710 2762/1/1710 2763/1/1710
f 2762/1/1710 2758/1/1710 2763/1/1710
usemtl graphite
f 2764/1/1723 2765/1/1723 2766/1/1723
f 2764/1/1723 2767/1/1723 2765/1/1723
f 2764/1/1723 2768/1/1723 2767/1/1723
f 2764/1/1723 2769/1/1723 2768/1/1723
f 2764/1/1723 2770/1/1723 2769/1/1723
f 2764/1/1723 2766/1/1723 2770/1/1723
f 2766/1/1724 2765/1/1724 2771/1/1724 2772/1/1724
f 2765/1/1725 2767/1/1725 2773/1/1725 2771/1/1725
f 2767/1/1726 2768/1/1726 2774/1/1726 2773/1/1726
f 2768/1/1727 2769/1/1727 2775/1/1727 2774/1/1727
f 2769/1/1728 2770/1/1728 2776/1/1728 2775/1/1728
f 2770/1/1729 2766/1/1729 2772/1/1729 2776/1/1729
f 2772/1/1730 2771/1/1730 2777/1/1730 2778/1/1730
f 2771/1/1731 2773/1/1731 2779/1/1731 2777/1/1731
f 2773/1/1732 2774/1/1732 2780/1/1732 2779/1/1732
f 2774/1/1733 2775/1/1733 2781/1/1733 2780/1/1733
f 2775/1/1734 2776/1/1734 2782/1/1734 2781/1/1734
f 2776/1/1735 2772/1/1735 2778/1/1735 2782/1/1735
f 2778/1/1736 2777/1/1736 2783/1/1736 2784/1/1736
f 2777/1/1737 2779/1/1737 2785/1/1737 2783/1/1737
f 2779/1/1738 2780/1/1738 2786/1/1738 2785/1/1738
f 2780/1/1739 2781/1/1739 2787/1/1739 2786/1/1739
f 2781/1/1740 2782/1/1740 2788/1/1740 2787/1/1740
f 2782/1/1741 2778/1/1741 2784/1/1741 2788/1/1741
f 2784/1/1742 2783/1/1742 2789/1/1742 2790/1/1742
f 2783/1/1742 2785/1/1742 2791/1/1742 2789/1/1742
f 2785/1/1742 2786/1/1742 2792/1/1742 2791/1/1742
f 2786/1/1742 2787/1/1742 2793/1/1742 2792/1/1742
f 2787/1/1742 2788/1/1742 2794/1/1742 2793/1/1742
f 2788/1/1742 2784/1/1742 2790/1/1742 2794/1/1742
f 2790/1/1733 2789/1/1733 2795/1/1733 2796/1/1733
f 2789/1/1734 2791/1/1734 2797/1/1734 2795/1/1734
f 2791/1/1735 2792/1/1735 2798/1/1735 2797/1/1735
f 2792/1/1730 2793/1/1730 2799/1/1730 2798/1/1730
f 2793/1/1731 2794/1/1731 2800/1/1731 2799/1/1731
f 2794/1/1732 2790/1/1732 2796/1/1732 2800/1/1732
f 2796/1/1742 2795/1/1742 2801/1/1742
f 2795/1/1742 2797/1/1742 2801/1/1742
f 2797/1/1742 2798/1/1742 2801/1/1742
f 2798/1/1742 2799/1/1742 2801/1/1742
f 2799/1/1742 2800/1/1742 2801/1/1742
f 2800/1/1742 2796/1/1742 2801/1/1742
usemtl steel
f 2802/1/1743 2803/1/1743 2804/1/1743 2805/1/1743
f 2803/1/1744 2806/1/1744 2807/1/1744 2804/1/1744
f 2806/1/1745 2808/1/1745 2809/1/1745 2807/1/1745
f 2808/1/1746 2810/1/1746 2811/1/1746 2809/1/1746
f 2810/1/1747 2812/1/1747 2813/1/1747 2811/1/1747
f 2812/1/1748 2802/1/1748 2805/1/1748 2813/1/1748
f 2805/1/1730 2804/1/1730 2814/1/1730 2815/1/1730
f 2804/1/1731 2807/1/1731 2816/1/1731 2814/1/1731
f 2807/1/1732 2809/1/1732 2817/1/1732 2816/1/1732
f 2809/1/1733 2811/1/1733 2818/1/1733 2817/1/1733
f 2811/1/1734 2813/1/1734 2819/1/1734 2818/1/1734
f 2813/1/1735 2805/1/1735 2815/1/1735 2819/1/1735
f 2815/1/1749 2814/1/1749 2820/1/1749 2821/1/1749
f 2814/1/1750 2816/1/1750 2822/1/1750 2820/1/1750
f 2816/1/1751 2817/1/1751 2823/1/1751 2822/1/1751
f 2817/1/1752 2818/1/1752 2824/1/1752 2823/1/1752
f 2818/1/1753 2819/1/1753 2825/1/1753 2824/1/1753
f 2819/1/1754 2815/1/1754 2821/1/1754 2825/1/1754
f 2821/1/1733 2820/1/1733 2803/1/1733 2802/1/1733
f 2820/1/1734 2822/1/1734 2806/1/1734 2803/1/1734
f 2822/1/1735 2823/1/1735 2808/1/1735 2806/1/1735
f 2823/1/1730 2824/1/1730 2810/1/1730 2808/1/1730
f 2824/1/1731 2825/1/1731 2812/1/1731 2810/1/1731
f 2825/1/1732 2821/1/1732 2802/1/1732 2812/1/1732
usemtl silver
f 2826/1/1723 2827/1/1723 2828/1/1723
f 2826/1/1723 2829/1/1723 2827/1/1723
f 2826/1/1723 2830/1/1723 2829/1/1723
f 2826/1/1723 2831/1/1723 2830/1/1723
f 2826/1/1723 2832/1/1723 2831/1/1723
f 2826/1/1723 2828/1/1723 2832/1/1723
f 2828/1/1730 2827/1/1730 2833/1/1730 2834/1/1730
f 2827/1/1731 2829/1/1731 2835/1/1731 2833/1/1731
f 2829/1/1732 2830/1/1732 2836/1/1732 2835/1/1732
f 2830/1/1733 2831/1/1733 2837/1/1733 2836/1/1733
f 2831/1/1734 2832/1/1734 2838/1/1734 2837/1/1734
f 2832/1/1735 2828/1/1735 2834/1/1735 2838/1/1735
f 2834/1/1742 2833/1/1742 2839/1/1742
f 2833/1/1742 2835/1/1742 2839/1/1742
f 2835/1/1742 2836/1/1742 2839/1/1742
f 2836/1/1742 2837/1/1742 2839/1/1742
f 2837/1/1742 2838/1/1742 2839/1/1742
f 2838/1/1742 2834/1/1742 2839/1/1742
usemtl graphite
f 2840/1/1755 2841/1/1755 2842/1/1755
f 2840/1/1755 2843/1/1755 2841/1/1755
f 2840/1/1755 2844/1/1755 2843/1/1755
f 2840/1/1755 2845/1/1755 2844/1/1755
f 2840/1/1755 2846/1/1755 2845/1/1755
f 2840/1/1755 2842/1/1755 2846/1/1755
f 2842/1/1756 2841/1/1756 2847/1/1756 2848/1/1756
f 2841/1/1757 2843/1/1757 2849/1/1757 2847/1/1757
f 2843/1/1758 2844/1/1758 2850/1/1758 2849/1/1758
f 2844/1/1759 2845/1/1759 2851/1/1759 2850/1/1759
f 2845/1/1760 2846/1/1760 2852/1/1760 2851/1/1760
f 2846/1/1761 2842/1/1761 2848/1/1761 2852/1/1761
f 2848/1/1762 2847/1/1762 2853/1/1762 2854/1/1762
f 2847/1/1763 2849/1/1763 2855/1/1763 2853/1/1763
f 2849/1/1764 2850/1/1764 2856/1/1764 2855/1/1764
f 2850/1/1765 2851/1/1765 2857/1/1765 2856/1/1765
f 2851/1/1766 2852/1/1766 2858/1/1766 2857/1/1766
f 2852/1/1767 2848/1/1767 2854/1/1767 2858/1/1767
f 2854/1/1768 2853/1/1768 2859/1/1768 2860/1/1768
f 2853/1/1769 2855/1/1769 2861/1/1769 2859/1/1769
f 2855/1/1770 2856/1/1770 2862/1/1770 2861/1/1770
f 2856/1/1771 2857/1/1771 2863/1/1771 2862/1/1771
f 2857/1/1772 2858/1/1772 2864/1/1772 2863/1/1772
f 2858/1/1773 2854/1/1773 2860/1/1773 2864/1/1773
f 2860/1/1774 2859/1/1774 2865/1/1774 2866/1/1774
f 2859/1/1774 2861/1/1774 2867/1/1774 2865/1/1774
f 2861/1/1774 2862/1/1774 2868/1/1774 2867/1/1774
f 2862/1/1774 2863/1/1774 2869/1/1774 2868/1/1774
f 2863/1/1774 2864/1/1774 2870/1/1774 2869/1/1774
f 2864/1/1774 2860/1/1774 2866/1/1774 2870/1/1774
f 2866/1/1765 2865/1/1765 2871/1/1765 2872/1/1765
f 2865/1/1766 2867/1/1766 2873/1/1766 2871/1/1766
f 2867/1/1767 2868/1/1767 2874/1/1767 2873/1/1767
f 2868/1/1762 2869/1/1762 2875/1/1762 2874/1/1762
f 2869/1/1763 2870/1/1763 2876/1/1763 2875/1/1763
f 2870/1/1764 2866/1/1764 2872/1/1764 2876/1/1764
f 2872/1/1774 2871/1/1774 2877/1/1774
f 2871/1/1774 2873/1/1774 2877/1/1774
f 2873/1/1774 2874/1/1774 2877/1/1774
f 2874/1/1774 2875/1/1774 2877/1/1774
f 2875/1/1774 2876/1/1774 2877/1/1774
f 2876/1/1774 2872/1/1774 2877/1/1774
usemtl steel
f 2878/1/1775 2879/1/1775 2880/1/1775 2881/1/1775
f 2879/1/1776 2882/1/1776 2883/1/1776 2880/1/1776
f 2882/1/1777 2884/1/1777 2885/1/1777 2883/1/1777
f 2884/1/1778 2886/1/1778 2887/1/1778 2885/1/1778
f 2886/1/1779 2888/1/1779 2889/1/1779 2887/1/1779
f 2888/1/1780 2878/1/1780 2881/1/1780 2889/1/1780
f 2881/1/1762 2880/1/1762 2890/1/1762 2891/1/1762
f 2880/1/1763 2883/1/1763 2892/1/1763 2890/1/1763
f 2883/1/1764 2885/1/1764 2893/1/1764 2892/1/1764
f 2885/1/1765 2887/1/1765 2894/1/1765 2893/1/1765
f 2887/1/1766 2889/1/1766 2895/1/1766 2894/1/1766
f 2889/1/1767 2881/1/1767 2891/1/1767 2895/1/1767
f 2891/1/1781 2890/1/1781 2896/1/1781 2897/1/1781
f 2890/1/1782 2892/1/1782 2898/1/1782 2896/1/1782
f 2892/1/1783 2893/1/1783 2899/1/1783 2898/1/1783
f 2893/1/1784 2894/1/1784 2900/1/1784 2899/1/1784
f 2894/1/1785 2895/1/1785 2901/1/1785 2900/1/1785
f 2895/1/1786 2891/1/1786 2897/1/1786 2901/1/1786
f 2897/1/1765 2896/1/1765 2879/1/1765 2878/1/1765
f 2896/1/1766 2898/1/1766 2882/1/1766 2879/1/1766
f 2898/1/1767 2899/1/1767 2884/1/1767 2882/1/1767
f 2899/1/1762 2900/1/1762 2886/1/1762 2884/1/1762
f 2900/1/1763 2901/1/1763 2888/1/1763 2886/1/1763
f 2901/1/1764 2897/1/1764 2878/1/1764 2888/1/1764
usemtl silver
f 2902/1/1755 2903/1/1755 2904/1/1755
f 2902/1/1755 2905/1/1755 2903/1/1755
f 2902/1/1755 2906/1/1755 2905/1/1755
f 2902/1/1755 2907/1/1755 2906/1/1755
f 2902/1/1755 2908/1/1755 2907/1/1755
f 2902/1/1755 2904/1/1755 2908/1/1755
f 2904/1/1762 2903/1/1762 2909/1/1762 2910/1/1762
f 2903/1/1763 2905/1/1763 2911/1/1763 2909/1/1763
f 2905/1/1764 2906/1/1764 2912/1/1764 2911/1/1764
f 2906/1/1765 2907/1/1765 2913/1/1765 2912/1/1765
f 2907/1/1766 2908/1/1766 2914/1/1766 2913/1/1766
f 2908/1/1767 2904/1/1767 2910/1/1767 2914/1/1767
f 2910/1/1774 2909/1/1774 2915/1/1774
f 2909/1/1774 2911/1/1774 2915/1/1774
f 2911/1/1774 2912/1/1774 2915/1/1774
f 2912/1/1774 2913/1/1774 2915/1/1774
f 2913/1/1774 2914/1/1774 2915/1/1774
f 2914/1/1774 2910/1/1774 2915/1/1774
g shell_1
f 2916/1/1787 2917/1/1788 2918/1/1789 2919/1/1790
f 2920/1/1791 2921/1/1792 2917/1/1788 2916/1/1787
f 2922/1/1793 2923/1/1794 2921/1/1792 2920/1/1791
f 2924/1/1795 2925/1/1796 2923/1/1794 2922/1/1793
f 2926/1/1797 2927/1/1798 2925/1/1796 2924/1/1795
f 2928/1/1799 2929/1/1800 2927/1/1798 2926/1/1797
f 2917/1/1788 2930/1/1801 2931/1/1802 2918/1/1789
f 2921/1/1792 2932/1/1803 2930/1/1801 2917/1/1788
f 2923/1/1794 2933/1/1804 2932/1/1803 2921/1/1792
f 2925/1/1796 2934/1/1805 2933/1/1804 2923/1/1794
f 2927/1/1798 2935/1/1806 2934/1/1805 2925/1/1796
f 2929/1/1800 2936/1/1807 2935/1/1806 2927/1/1798
f 2930/1/1801 2937/1/1808 2938/1/1809 2931/1/1802
f 2932/1/1803 2939/1/1810 2937/1/1808 2930/1/1801
f 2933/1/1804 2940/1/521 2939/1/1810 2932/1/1803
f 2934/1/1805 2941/1/1811 2940/1/521 2933/1/1804
f 2935/1/1806 2942/1/1812 2941/1/1811 2934/1/1805
f 2936/1/1807 2943/1/1813 2942/1/1812 2935/1/1806
f 2937/1/1808 2944/1/1814 2945/1/1815 2938/1/1809
f 2939/1/1810 2946/1/1816 2944/1/1814 2937/1/1808
f 2940/1/521 2947/1/1817 2946/1/1816 2939/1/1810
f 2941/1/1811 2948/1/1818 2947/1/1817 2940/1/521
f 2942/1/1812 2949/1/1819 2948/1/1818 2941/1/1811
f 2943/1/1813 2950/1/1820 2949/1/1819 2942/1/1812
f 2944/1/1814 2951/1/1821 2952/1/1822 2945/1/1815
f 2946/1/1816 2953/1/1823 2951/1/1821 2944/1/1814
f 2947/1/1817 2954/1/1824 2953/1/1823 2946/1/1816
f 2948/1/1818 2955/1/1825 2954/1/1824 2947/1/1817
f 2949/1/1819 2956/1/1826 2955/1/1825 2948/1/1818
f 2950/1/1820 2957/1/1827 2956/1/1826 2949/1/1819
f 2951/1/1821 2958/1/1828 2959/1/1829 2952/1/1822
f 2953/1/1823 2960/1/1830 2958/1/1828 2951/1/1821
f 2954/1/1824 2961/1/1831 2960/1/1830 2953/1/1823
f 2955/1/1825 2962/1/1832 2961/1/1831 2954/1/1824
f 2956/1/1826 2963/1/1833 2962/1/1832 2955/1/1825
f 2957/1/1827 2964/1/1834 2963/1/1833 2956/1/1826
usemtl graphite
f 2965/1/1835 2966/1/1836 2967/1/1837 2968/1/1838
f 2968/1/1838 2967/1/1837 2969/1/1839 2970/1/1840
f 2970/1/1840 2969/1/1839 2971/1/1841 2972/1/1842
f 2972/1/1842 2971/1/1841 2973/1/1843 2974/1/1844
f 2974/1/1844 2973/1/1843 2975/1/1845 2976/1/1846
f 2976/1/1846 2975/1/1845 2977/1/1847 2978/1/1848
f 2966/1/1836 2979/1/1849 2980/1/1850 2967/1/1837
f 2967/1/1837 2980/1/1850 2981/1/1851 2969/1/1839
f 2969/1/1839 2981/1/1851 2982/1/1852 2971/1/1841
f 2971/1/1841 2982/1/1852 2983/1/1853 2973/1/1843
f 2973/1/1843 2983/1/1853 2984/1/1854 2975/1/1845
f 2975/1/1845 2984/1/1854 2985/1/1855 2977/1/1847
f 2979/1/1849 2986/1/1856 2987/1/1857 2980/1/1850
f 2980/1/1850 2987/1/1857 2988/1/1858 2981/1/1851
f 2981/1/1851 2988/1/1858 2989/1/1859 2982/1/1852
f 2982/1/1852 2989/1/1859 2990/1/1860 2983/1/1853
f 2983/1/1853 2990/1/1860 2991/1/1861 2984/1/1854
f 2984/1/1854 2991/1/1861 2992/1/1862 2985/1/1855
f 2986/1/1856 2993/1/1863 2994/1/1864 2987/1/1857
f 2987/1/1857 2994/1/1864 2995/1/1865 2988/1/1858
f 2988/1/1858 2995/1/1865 2996/1/1866 2989/1/1859
f 2989/1/1859 2996/1/1866 2997/1/1867 2990/1/1860
f 2990/1/1860 2997/1/1867 2998/1/1868 2991/1/1861
f 2991/1/1861 2998/1/1868 2999/1/1869 2992/1/1862
f 2993/1/1863 3000/1/1870 3001/1/1871 2994/1/1864
f 2994/1/1864 3001/1/1871 3002/1/1872 2995/1/1865
f 2995/1/1865 3002/1/1872 3003/1/1873 2996/1/1866
f 2996/1/1866 3003/1/1873 3004/1/1874 2997/1/1867
f 2997/1/1867 3004/1/1874 3005/1/1875 2998/1/1868
f 2998/1/1868 3005/1/1875 3006/1/1876 2999/1/1869
f 3000/1/1870 3007/1/1877 3008/1/1878 3001/1/1871
f 3001/1/1871 3008/1/1878 3009/1/1879 3002/1/1872
f 3002/1/1872 3009/1/1879 3010/1/1880 3003/1/1873
f 3003/1/1873 3010/1/1880 3011/1/1881 3004/1/1874
f 3004/1/1874 3011/1/1881 3012/1/1882 3005/1/1875
f 3005/1/1875 3012/1/1882 3013/1/1883 3006/1/1876
usemtl edge
f 2965/1/1884 2968/1/1884 2916/1/1884 2919/1/1884
f 2968/1/1885 2970/1/1885 2920/1/1885 2916/1/1885
f 2970/1/1886 2972/1/1886 2922/1/1886 2920/1/1886
f 2972/1/1887 2974/1/1887 2924/1/1887 2922/1/1887
f 2974/1/1888 2976/1/1888 2926/1/1888 2924/1/1888
f 2976/1/1889 2978/1/1889 2928/1/1889 2926/1/1889
f 2978/1/1890 2977/1/1890 2929/1/1890 2928/1/1890
f 2977/1/1891 2985/1/1891 2936/1/1891 2929/1/1891
f 2985/1/1892 2992/1/1892 2943/1/1892 2936/1/1892
f 2992/1/1893 2999/1/1893 2950/1/1893 2943/1/1893
f 2999/1/1894 3006/1/1894 2957/1/1894 2950/1/1894
f 3006/1/1895 3013/1/1895 2964/1/1895 2957/1/1895
f 3013/1/1896 3012/1/1896 2963/1/1896 2964/1/1896
f 3012/1/1897 3011/1/1897 2962/1/1897 2963/1/1897
f 3011/1/1898 3010/1/1898 2961/1/1898 2962/1/1898
f 3010/1/1899 3009/1/1899 2960/1/1899 2961/1/1899
f 3009/1/1900 3008/1/1900 2958/1/1900 2960/1/1900
f 3008/1/1901 3007/1/1901 2959/1/1901 2958/1/1901
f 3007/1/1902 3000/1/1902 2952/1/1902 2959/1/1902
f 3000/1/1903 2993/1/1903 2945/1/1903 2952/1/1903
f 2993/1/1904 2986/1/1904 2938/1/1904 2945/1/1904
f 2986/1/1905 2979/1/1905 2931/1/1905 2938/1/1905
f 2979/1/1906 2966/1/1906 2918/1/1906 2931/1/1906
f 2966/1/1907 2965/1/1907 2919/1/1907 2918/1/1907
usemtl steel
f 3014/1/1908 3015/1/1908 3016/1/1908
usemtl edge
f 3017/1/1909 3018/1/1909 3019/1/1909
usemtl steel
f 3014/1/244 3016/1/244 3020/1/244
usemtl edge
f 3017/1/1909 3021/1/1909 3018/1/1909
f 3017/1/22 3019/1/22 3015/1/22 3014/1/22
f 3019/1/1910 3018/1/1910 3016/1/1910 3015/1/1910
f 3018/1/502 3021/1/502 3020/1/502 3016/1/502
f 3021/1/1911 3017/1/1911 3014/1/1911 3020/1/1911
usemtl rubber
f 3022/1/1908 3023/1/1908 3024/1/1908
usemtl edge
f 3025/1/1909 3026/1/1909 3027/1/1909
usemtl rubber
f 3022/1/244 3024/1/244 3028/1/244
usemtl edge
f 3025/1/1909 3029/1/1909 3026/1/1909
f 3025/1/22 3027/1/22 3023/1/22 3022/1/22
f 3027/1/1910 3026/1/1910 3024/1/1910 3023/1/1910
f 3026/1/502 3029/1/502 3028/1/502 3024/1/502
f 3029/1/1911 3025/1/1911 3022/1/1911 3028/1/1911
usemtl graphite
f 3030/1/1908 3031/1/1908 3032/1/1908
usemtl steel
f 3033/1/1909 3034/1/1909 3035/1/1909
usemtl graphite
f 3030/1/244 3032/1/244 3036/1/244
usemtl steel
f 3033/1/1909 3037/1/1909 3034/1/1909
f 3033/1/22 3035/1/22 3031/1/22 3030/1/22
f 3035/1/1910 3034/1/1910 3032/1/1910 3031/1/1910
f 3034/1/502 3037/1/502 3036/1/502 3032/1/502
f 3037/1/1911 3033/1/1911 3030/1/1911 3036/1/1911
usemtl graphite
f 3038/1/1908 3039/1/1908 3040/1/1908
usemtl steel
f 3041/1/1909 3042/1/1909 3043/1/1909
usemtl graphite
f 3038/1/244 3040/1/244 3044/1/244
usemtl steel
f 3041/1/1909 3045/1/1909 3042/1/1909
f 3041/1/22 3043/1/22 3039/1/22 3038/1/22
f 3043/1/1910 3042/1/1910 3040/1/1910 3039/1/1910
f 3042/1/502 3045/1/502 3044/1/502 3040/1/502
f 3045/1/1911 3041/1/1911 3038/1/1911 3044/1/1911
usemtl graphite
f 3046/1/1908 3047/1/1908 3048/1/1908
usemtl steel
f 3049/1/1909 3050/1/1909 3051/1/1909
usemtl graphite
f 3046/1/244 3048/1/244 3052/1/244
usemtl steel
f 3049/1/1909 3053/1/1909 3050/1/1909
f 3049/1/22 3051/1/22 3047/1/22 3046/1/22
f 3051/1/1910 3050/1/1910 3048/1/1910 3047/1/1910
f 3050/1/502 3053/1/502 3052/1/502 3048/1/502
f 3053/1/1911 3049/1/1911 3046/1/1911 3052/1/1911
usemtl graphite
f 3054/1/1908 3055/1/1908 3056/1/1908
usemtl steel
f 3057/1/1909 3058/1/1909 3059/1/1909
usemtl graphite
f 3054/1/244 3056/1/244 3060/1/244
usemtl steel
f 3057/1/1909 3061/1/1909 3058/1/1909
f 3057/1/22 3059/1/22 3055/1/22 3054/1/22
f 3059/1/1910 3058/1/1910 3056/1/1910 3055/1/1910
f 3058/1/502 3061/1/502 3060/1/502 3056/1/502
f 3061/1/1911 3057/1/1911 3054/1/1911 3060/1/1911
usemtl graphite
f 3062/1/1908 3063/1/1908 3064/1/1908
usemtl steel
f 3065/1/1909 3066/1/1909 3067/1/1909
usemtl graphite
f 3062/1/244 3064/1/244 3068/1/244
usemtl steel
f 3065/1/1909 3069/1/1909 3066/1/1909
f 3065/1/22 3067/1/22 3063/1/22 3062/1/22
f 3067/1/1910 3066/1/1910 3064/1/1910 3063/1/1910
f 3066/1/502 3069/1/502 3068/1/502 3064/1/502
f 3069/1/1911 3065/1/1911 3062/1/1911 3068/1/1911
usemtl graphite
f 3070/1/1912 3071/1/1912 3072/1/1912
f 3070/1/1912 3073/1/1912 3071/1/1912
f 3070/1/1912 3074/1/1912 3073/1/1912
f 3070/1/1912 3075/1/1912 3074/1/1912
f 3070/1/1912 3076/1/1912 3075/1/1912
f 3070/1/1912 3077/1/1912 3076/1/1912
f 3070/1/1912 3078/1/1912 3077/1/1912
f 3070/1/1912 3079/1/1912 3078/1/1912
f 3070/1/1912 3080/1/1912 3079/1/1912
f 3070/1/1912 3081/1/1912 3080/1/1912
f 3070/1/1912 3082/1/1912 3081/1/1912
f 3070/1/1912 3072/1/1912 3082/1/1912
f 3072/1/1913 3071/1/1913 3083/1/1913 3084/1/1913
f 3071/1/1914 3073/1/1914 3085/1/1914 3083/1/1914
f 3073/1/1915 3074/1/1915 3086/1/1915 3085/1/1915
f 3074/1/1916 3075/1/1916 3087/1/1916 3086/1/1916
f 3075/1/1917 3076/1/1917 3088/1/1917 3087/1/1917
f 3076/1/1918 3077/1/1918 3089/1/1918 3088/1/1918
f 3077/1/1919 3078/1/1919 3090/1/1919 3089/1/1919
f 3078/1/1920 3079/1/1920 3091/1/1920 3090/1/1920
f 3079/1/1921 3080/1/1921 3092/1/1921 3091/1/1921
f 3080/1/1922 3081/1/1922 3093/1/1922 3092/1/1922
f 3081/1/1923 3082/1/1923 3094/1/1923 3093/1/1923
f 3082/1/1924 3072/1/1924 3084/1/1924 3094/1/1924
f 3084/1/1925 3083/1/1925 3095/1/1925 3096/1/1925
f 3083/1/1926 3085/1/1926 3097/1/1926 3095/1/1926
f 3085/1/1927 3086/1/1927 3098/1/1927 3097/1/1927
f 3086/1/1928 3087/1/1928 3099/1/1928 3098/1/1928
f 3087/1/1929 3088/1/1929 3100/1/1929 3099/1/1929
f 3088/1/1930 3089/1/1930 3101/1/1930 3100/1/1930
f 3089/1/1931 3090/1/1931 3102/1/1931 3101/1/1931
f 3090/1/1932 3091/1/1932 3103/1/1932 3102/1/1932
f 3091/1/1933 3092/1/1933 3104/1/1933 3103/1/1933
f 3092/1/1934 3093/1/1934 3105/1/1934 3104/1/1934
f 3093/1/1935 3094/1/1935 3106/1/1935 3105/1/1935
f 3094/1/1936 3084/1/1936 3096/1/1936 3106/1/1936
f 3096/1/1937 3095/1/1937 3107/1/1937 3108/1/1937
f 3095/1/1938 3097/1/1938 3109/1/1938 3107/1/1938
f 3097/1/1939 3098/1/1939 3110/1/1939 3109/1/1939
f 3098/1/1940 3099/1/1940 3111/1/1940 3110/1/1940
f 3099/1/1941 3100/1/1941 3112/1/1941 3111/1/1941
f 3100/1/1942 3101/1/1942 3113/1/1942 3112/1/1942
f 3101/1/1943 3102/1/1943 3114/1/1943 3113/1/1943
f 3102/1/1944 3103/1/1944 3115/1/1944 3114/1/1944
f 3103/1/1945 3104/1/1945 3116/1/1945 3115/1/1945
f 3104/1/1946 3105/1/1946 3117/1/1946 3116/1/1946
f 3105/1/1947 3106/1/1947 3118/1/1947 3117/1/1947
f 3106/1/1948 3096/1/1948 3108/1/1948 3118/1/1948
f 3108/1/1949 3107/1/1949 3119/1/1949 3120/1/1949
f 3107/1/1949 3109/1/1949 3121/1/1949 3119/1/1949
f 3109/1/1949 3110/1/1949 3122/1/1949 3121/1/1949
f 3110/1/1949 3111/1/1949 3123/1/1949 3122/1/1949
f 3111/1/1949 3112/1/1949 3124/1/1949 3123/1/1949
f 3112/1/1949 3113/1/1949 3125/1/1949 3124/1/1949
f 3113/1/1949 3114/1/1949 3126/1/1949 3125/1/1949
f 3114/1/1949 3115/1/1949 3127/1/1949 3126/1/1949
f 3115/1/1949 3116/1/1949 3128/1/1949 3127/1/1949
f 3116/1/1949 3117/1/1949 3129/1/1949 3128/1/1949
f 3117/1/1949 3118/1/1949 3130/1/1949 3129/1/1949
f 3118/1/1949 3108/1/1949 3120/1/1949 3130/1/1949
f 3120/1/1931 3119/1/1931 3131/1/1931 3132/1/1931
f 3119/1/1932 3121/1/1932 3133/1/1932 3131/1/1932
f 3121/1/1933 3122/1/1933 3134/1/1933 3133/1/1933
f 3122/1/1934 3123/1/1934 3135/1/1934 3134/1/1934
f 3123/1/1935 3124/1/1935 3136/1/1935 3135/1/1935
f 3124/1/1936 3125/1/1936 3137/1/1936 3136/1/1936
f 3125/1/1925 3126/1/1925 3138/1/1925 3137/1/1925
f 3126/1/1926 3127/1/1926 3139/1/1926 3138/1/1926
f 3127/1/1927 3128/1/1927 3140/1/1927 3139/1/1927
f 3128/1/1928 3129/1/1928 3141/1/1928 3140/1/1928
f 3129/1/1929 3130/1/1929 3142/1/1929 3141/1/1929
f 3130/1/1930 3120/1/1930 3132/1/1930 3142/1/1930
f 3132/1/1949 3131/1/1949 3143/1/1949
f 3131/1/1949 3133/1/1949 3143/1/1949
f 3133/1/1949 3134/1/1949 3143/1/1949
f 3134/1/1949 3135/1/1949 3143/1/1949
f 3135/1/1949 3136/1/1949 3143/1/1949
f 3136/1/1949 3137/1/1949 3143/1/1949
f 3137/1/1949 3138/1/1949 3143/1/1949
f 3138/1/1949 3139/1/1949 3143/1/1949
f 3139/1/1949 3140/1/1949 3143/1/1949
f 3140/1/1949 3141/1/1949 3143/1/1949
f 3141/1/1949 3142/1/1949 3143/1/1949
f 3142/1/1949 3132/1/1949 3143/1/1949
usemtl edge
f 3144/1/1950 3145/1/1950 3146/1/1950 3147/1/1950
f 3145/1/1951 3148/1/1951 3149/1/1951 3146/1/1951
f 3148/1/1952 3150/1/1952 3151/1/1952 3149/1/1952
f 3150/1/1953 3152/1/1953 3153/1/1953 3151/1/1953
f 3152/1/1954 3154/1/1954 3155/1/1954 3153/1/1954
f 3154/1/1955 3156/1/1955 3157/1/1955 3155/1/1955
f 3156/1/1956 3158/1/1956 3159/1/1956 3157/1/1956
f 3158/1/1957 3160/1/1957 3161/1/1957 3159/1/1957
f 3160/1/1958 3162/1/1958 3163/1/1958 3161/1/1958
f 3162/1/1959 3164/1/1959 3165/1/1959 3163/1/1959
f 3164/1/1960 3166/1/1960 3167/1/1960 3165/1/1960
f 3166/1/1961 3144/1/1961 3147/1/1961 3167/1/1961
f 3147/1/1925 3146/1/1925 3168/1/1925 3169/1/1925
f 3146/1/1926 3149/1/1926 3170/1/1926 3168/1/1926
f 3149/1/1927 3151/1/1927 3171/1/1927 3170/1/1927
f 3151/1/1928 3153/1/1928 3172/1/1928 3171/1/1928
f 3153/1/1929 3155/1/1929 3173/1/1929 3172/1/1929
f 3155/1/1930 3157/1/1930 3174/1/1930 3173/1/1930
f 3157/1/1931 3159/1/1931 3175/1/1931 3174/1/1931
f 3159/1/1932 3161/1/1932 3176/1/1932 3175/1/1932
f 3161/1/1933 3163/1/1933 3177/1/1933 3176/1/1933
f 3163/1/1934 3165/1/1934 3178/1/1934 3177/1/1934
f 3165/1/1935 3167/1/1935 3179/1/1935 3178/1/1935
f 3167/1/1936 3147/1/1936 3169/1/1936 3179/1/1936
f 3169/1/1962 3168/1/1962 3180/1/1962 3181/1/1962
f 3168/1/1963 3170/1/1963 3182/1/1963 3180/1/1963
f 3170/1/1964 3171/1/1964 3183/1/1964 3182/1/1964
f 3171/1/1965 3172/1/1965 3184/1/1965 3183/1/1965
f 3172/1/1966 3173/1/1966 3185/1/1966 3184/1/1966
f 3173/1/1967 3174/1/1967 3186/1/1967 3185/1/1967
f 3174/1/1968 3175/1/1968 3187/1/1968 3186/1/1968
f 3175/1/1969 3176/1/1969 3188/1/1969 3187/1/1969
f 3176/1/1970 3177/1/1970 3189/1/1970 3188/1/1970
f 3177/1/1971 3178/1/1971 3190/1/1971 3189/1/1971
f 3178/1/1972 3179/1/1972 3191/1/1972 3190/1/1972
f 3179/1/1973 3169/1/1973 3181/1/1973 3191/1/1973
f 3181/1/1931 3180/1/1931 3145/1/1931 3144/1/1931
f 3180/1/1932 3182/1/1932 3148/1/1932 3145/1/1932
f 3182/1/1933 3183/1/1933 3150/1/1933 3148/1/1933
f 3183/1/1934 3184/1/1934 3152/1/1934 3150/1/1934
f 3184/1/1935 3185/1/1935 3154/1/1935 3152/1/1935
f 3185/1/1936 3186/1/1936 3156/1/1936 3154/1/1936
f 3186/1/1925 3187/1/1925 3158/1/1925 3156/1/1925
f 3187/1/1926 3188/1/1926 3160/1/1926 3158/1/1926
f 3188/1/1927 3189/1/1927 3162/1/1927 3160/1/1927
f 3189/1/1928 3190/1/1928 3164/1/1928 3162/1/1928
f 3190/1/1929 3191/1/1929 3166/1/1929 3164/1/1929
f 3191/1/1930 3181/1/1930 3144/1/1930 3166/1/1930
usemtl cyan
f 3192/1/1912 3193/1/1912 3194/1/1912
f 3192/1/1912 3195/1/1912 3193/1/1912
f 3192/1/1912 3196/1/1912 3195/1/1912
f 3192/1/1912 3197/1/1912 3196/1/1912
f 3192/1/1912 3198/1/1912 3197/1/1912
f 3192/1/1912 3199/1/1912 3198/1/1912
f 3192/1/1912 3200/1/1912 3199/1/1912
f 3192/1/1912 3201/1/1912 3200/1/1912
f 3192/1/1912 3202/1/1912 3201/1/1912
f 3192/1/1912 3203/1/1912 3202/1/1912
f 3192/1/1912 3204/1/1912 3203/1/1912
f 3192/1/1912 3194/1/1912 3204/1/1912
f 3194/1/1925 3193/1/1925 3205/1/1925 3206/1/1925
f 3193/1/1926 3195/1/1926 3207/1/1926 3205/1/1926
f 3195/1/1927 3196/1/1927 3208/1/1927 3207/1/1927
f 3196/1/1928 3197/1/1928 3209/1/1928 3208/1/1928
f 3197/1/1929 3198/1/1929 3210/1/1929 3209/1/1929
f 3198/1/1930 3199/1/1930 3211/1/1930 3210/1/1930
f 3199/1/1931 3200/1/1931 3212/1/1931 3211/1/1931
f 3200/1/1932 3201/1/1932 3213/1/1932 3212/1/1932
f 3201/1/1933 3202/1/1933 3214/1/1933 3213/1/1933
f 3202/1/1934 3203/1/1934 3215/1/1934 3214/1/1934
f 3203/1/1935 3204/1/1935 3216/1/1935 3215/1/1935
f 3204/1/1936 3194/1/1936 3206/1/1936 3216/1/1936
f 3206/1/1949 3205/1/1949 3217/1/1949
f 3205/1/1949 3207/1/1949 3217/1/1949
f 3207/1/1949 3208/1/1949 3217/1/1949
f 3208/1/1949 3209/1/1949 3217/1/1949
f 3209/1/1949 3210/1/1949 3217/1/1949
f 3210/1/1949 3211/1/1949 3217/1/1949
f 3211/1/1949 3212/1/1949 3217/1/1949
f 3212/1/1949 3213/1/1949 3217/1/1949
f 3213/1/1949 3214/1/1949 3217/1/1949
f 3214/1/1949 3215/1/1949 3217/1/1949
f 3215/1/1949 3216/1/1949 3217/1/1949
f 3216/1/1949 3206/1/1949 3217/1/1949
usemtl steel
f 3218/1/1974 3219/1/1974 3220/1/1974
usemtl silver
f 3221/1/1975 3222/1/1975 3223/1/1975
usemtl steel
f 3218/1/1974 3220/1/1974 3224/1/1974
usemtl silver
f 3221/1/1975 3225/1/1975 3222/1/1975
f 3221/1/1976 3223/1/1976 3219/1/1976 3218/1/1976
f 3223/1/1977 3222/1/1977 3220/1/1977 3219/1/1977
f 3222/1/1978 3225/1/1978 3224/1/1978 3220/1/1978
f 3225/1/1979 3221/1/1979 3218/1/1979 3224/1/1979
usemtl cyan
f 3226/1/1974 3227/1/1974 3228/1/1974
usemtl silver
f 3229/1/1975 3230/1/1975 3231/1/1975
usemtl cyan
f 3226/1/1974 3228/1/1974 3232/1/1974
usemtl silver
f 3229/1/1975 3233/1/1975 3230/1/1975
f 3229/1/1976 3231/1/1976 3227/1/1976 3226/1/1976
f 3231/1/1977 3230/1/1977 3228/1/1977 3227/1/1977
f 3230/1/1978 3233/1/1978 3232/1/1978 3228/1/1978
f 3233/1/1979 3229/1/1979 3226/1/1979 3232/1/1979
usemtl graphite
f 3234/1/1980 3235/1/1980 3236/1/1980
f 3234/1/1980 3237/1/1980 3235/1/1980
f 3234/1/1980 3238/1/1980 3237/1/1980
f 3234/1/1980 3239/1/1980 3238/1/1980
f 3234/1/1980 3240/1/1980 3239/1/1980
f 3234/1/1980 3241/1/1980 3240/1/1980
f 3234/1/1980 3242/1/1980 3241/1/1980
f 3234/1/1980 3243/1/1980 3242/1/1980
f 3234/1/1980 3244/1/1980 3243/1/1980
f 3234/1/1980 3245/1/1980 3244/1/1980
f 3234/1/1980 3246/1/1980 3245/1/1980
f 3234/1/1980 3236/1/1980 3246/1/1980
f 3236/1/1981 3235/1/1981 3247/1/1981 3248/1/1981
f 3235/1/1982 3237/1/1982 3249/1/1982 3247/1/1982
f 3237/1/1983 3238/1/1983 3250/1/1983 3249/1/1983
f 3238/1/1984 3239/1/1984 3251/1/1984 3250/1/1984
f 3239/1/1985 3240/1/1985 3252/1/1985 3251/1/1985
f 3240/1/1986 3241/1/1986 3253/1/1986 3252/1/1986
f 3241/1/1987 3242/1/1987 3254/1/1987 3253/1/1987
f 3242/1/1988 3243/1/1988 3255/1/1988 3254/1/1988
f 3243/1/1989 3244/1/1989 3256/1/1989 3255/1/1989
f 3244/1/1990 3245/1/1990 3257/1/1990 3256/1/1990
f 3245/1/1991 3246/1/1991 3258/1/1991 3257/1/1991
f 3246/1/1992 3236/1/1992 3248/1/1992 3258/1/1992
f 3248/1/1993 3247/1/1993 3259/1/1993 3260/1/1993
f 3247/1/1994 3249/1/1994 3261/1/1994 3259/1/1994
f 3249/1/1995 3250/1/1995 3262/1/1995 3261/1/1995
f 3250/1/1996 3251/1/1996 3263/1/1996 3262/1/1996
f 3251/1/1997 3252/1/1997 3264/1/1997 3263/1/1997
f 3252/1/1998 3253/1/1998 3265/1/1998 3264/1/1998
f 3253/1/1999 3254/1/1999 3266/1/1999 3265/1/1999
f 3254/1/2000 3255/1/2000 3267/1/2000 3266/1/2000
f 3255/1/2001 3256/1/2001 3268/1/2001 3267/1/2001
f 3256/1/2002 3257/1/2002 3269/1/2002 3268/1/2002
f 3257/1/2003 3258/1/2003 3270/1/2003 3269/1/2003
f 3258/1/2004 3248/1/2004 3260/1/2004 3270/1/2004
f 3260/1/2005 3259/1/2005 3271/1/2005 3272/1/2005
f 3259/1/2006 3261/1/2006 3273/1/2006 3271/1/2006
f 3261/1/2007 3262/1/2007 3274/1/2007 3273/1/2007
f 3262/1/2008 3263/1/2008 3275/1/2008 3274/1/2008
f 3263/1/2009 3264/1/2009 3276/1/2009 3275/1/2009
f 3264/1/2010 3265/1/2010 3277/1/2010 3276/1/2010
f 3265/1/2011 3266/1/2011 3278/1/2011 3277/1/2011
f 3266/1/2012 3267/1/2012 3279/1/2012 3278/1/2012
f 3267/1/2013 3268/1/2013 3280/1/2013 3279/1/2013
f 3268/1/2014 3269/1/2014 3281/1/2014 3280/1/2014
f 3269/1/2015 3270/1/2015 3282/1/2015 3281/1/2015
f 3270/1/2016 3260/1/2016 3272/1/2016 3282/1/2016
f 3272/1/2017 3271/1/2017 3283/1/2017 3284/1/2017
f 3271/1/2017 3273/1/2017 3285/1/2017 3283/1/2017
f 3273/1/2017 3274/1/2017 3286/1/2017 3285/1/2017
f 3274/1/2017 3275/1/2017 3287/1/2017 3286/1/2017
f 3275/1/2017 3276/1/2017 3288/1/2017 3287/1/2017
f 3276/1/2017 3277/1/2017 3289/1/2017 3288/1/2017
f 3277/1/2017 3278/1/2017 3290/1/2017 3289/1/2017
f 3278/1/2017 3279/1/2017 3291/1/2017 3290/1/2017
f 3279/1/2017 3280/1/2017 3292/1/2017 3291/1/2017
f 3280/1/2017 3281/1/2017 3293/1/2017 3292/1/2017
f 3281/1/2017 3282/1/2017 3294/1/2017 3293/1/2017
f 3282/1/2017 3272/1/2017 3284/1/2017 3294/1/2017
f 3284/1/1999 3283/1/1999 3295/1/1999 3296/1/1999
f 3283/1/2000 3285/1/2000 3297/1/2000 3295/1/2000
f 3285/1/2001 3286/1/2001 3298/1/2001 3297/1/2001
f 3286/1/2002 3287/1/2002 3299/1/2002 3298/1/2002
f 3287/1/2003 3288/1/2003 3300/1/2003 3299/1/2003
f 3288/1/2004 3289/1/2004 3301/1/2004 3300/1/2004
f 3289/1/1993 3290/1/1993 3302/1/1993 3301/1/1993
f 3290/1/1994 3291/1/1994 3303/1/1994 3302/1/1994
f 3291/1/1995 3292/1/1995 3304/1/1995 3303/1/1995
f 3292/1/1996 3293/1/1996 3305/1/1996 3304/1/1996
f 3293/1/1997 3294/1/1997 3306/1/1997 3305/1/1997
f 3294/1/1998 3284/1/1998 3296/1/1998 3306/1/1998
f 3296/1/2017 3295/1/2017 3307/1/2017
f 3295/1/2017 3297/1/2017 3307/1/2017
f 3297/1/2017 3298/1/2017 3307/1/2017
f 3298/1/2017 3299/1/2017 3307/1/2017
f 3299/1/2017 3300/1/2017 3307/1/2017
f 3300/1/2017 3301/1/2017 3307/1/2017
f 3301/1/2017 3302/1/2017 3307/1/2017
f 3302/1/2017 3303/1/2017 3307/1/2017
f 3303/1/2017 3304/1/2017 3307/1/2017
f 3304/1/2017 3305/1/2017 3307/1/2017
f 3305/1/2017 3306/1/2017 3307/1/2017
f 3306/1/2017 3296/1/2017 3307/1/2017
usemtl edge
f 3308/1/2018 3309/1/2018 3310/1/2018 3311/1/2018
f 3309/1/2019 3312/1/2019 3313/1/2019 3310/1/2019
f 3312/1/2020 3314/1/2020 3315/1/2020 3313/1/2020
f 3314/1/2021 3316/1/2021 3317/1/2021 3315/1/2021
f 3316/1/2022 3318/1/2022 3319/1/2022 3317/1/2022
f 3318/1/2023 3320/1/2023 3321/1/2023 3319/1/2023
f 3320/1/2024 3322/1/2024 3323/1/2024 3321/1/2024
f 3322/1/2025 3324/1/2025 3325/1/2025 3323/1/2025
f 3324/1/2026 3326/1/2026 3327/1/2026 3325/1/2026
f 3326/1/2027 3328/1/2027 3329/1/2027 3327/1/2027
f 3328/1/2028 3330/1/2028 3331/1/2028 3329/1/2028
f 3330/1/2029 3308/1/2029 3311/1/2029 3331/1/2029
f 3311/1/1993 3310/1/1993 3332/1/1993 3333/1/1993
f 3310/1/1994 3313/1/1994 3334/1/1994 3332/1/1994
f 3313/1/1995 3315/1/1995 3335/1/1995 3334/1/1995
f 3315/1/1996 3317/1/1996 3336/1/1996 3335/1/1996
f 3317/1/1997 3319/1/1997 3337/1/1997 3336/1/1997
f 3319/1/1998 3321/1/1998 3338/1/1998 3337/1/1998
f 3321/1/1999 3323/1/1999 3339/1/1999 3338/1/1999
f 3323/1/2000 3325/1/2000 3340/1/2000 3339/1/2000
f 3325/1/2001 3327/1/2001 3341/1/2001 3340/1/2001
f 3327/1/2002 3329/1/2002 3342/1/2002 3341/1/2002
f 3329/1/2003 3331/1/2003 3343/1/2003 3342/1/2003
f 3331/1/2004 3311/1/2004 3333/1/2004 3343/1/2004
f 3333/1/2030 3332/1/2030 3344/1/2030 3345/1/2030
f 3332/1/2031 3334/1/2031 3346/1/2031 3344/1/2031
f 3334/1/2032 3335/1/2032 3347/1/2032 3346/1/2032
f 3335/1/2033 3336/1/2033 3348/1/2033 3347/1/2033
f 3336/1/2034 3337/1/2034 3349/1/2034 3348/1/2034
f 3337/1/2035 3338/1/2035 3350/1/2035 3349/1/2035
f 3338/1/2036 3339/1/2036 3351/1/2036 3350/1/2036
f 3339/1/2037 3340/1/2037 3352/1/2037 3351/1/2037
f 3340/1/2038 3341/1/2038 3353/1/2038 3352/1/2038
f 3341/1/2039 3342/1/2039 3354/1/2039 3353/1/2039
f 3342/1/2040 3343/1/2040 3355/1/2040 3354/1/2040
f 3343/1/2041 3333/1/2041 3345/1/2041 3355/1/2041
f 3345/1/1999 3344/1/1999 3309/1/1999 3308/1/1999
f 3344/1/2000 3346/1/2000 3312/1/2000 3309/1/2000
f 3346/1/2001 3347/1/2001 3314/1/2001 3312/1/2001
f 3347/1/2002 3348/1/2002 3316/1/2002 3314/1/2002
f 3348/1/2003 3349/1/2003 3318/1/2003 3316/1/2003
f 3349/1/2004 3350/1/2004 3320/1/2004 3318/1/2004
f 3350/1/1993 3351/1/1993 3322/1/1993 3320/1/1993
f 3351/1/1994 3352/1/1994 3324/1/1994 3322/1/1994
f 3352/1/1995 3353/1/1995 3326/1/1995 3324/1/1995
f 3353/1/1996 3354/1/1996 3328/1/1996 3326/1/1996
f 3354/1/1997 3355/1/1997 3330/1/1997 3328/1/1997
f 3355/1/1998 3345/1/1998 3308/1/1998 3330/1/1998
usemtl cyan
f 3356/1/1980 3357/1/1980 3358/1/1980
f 3356/1/1980 3359/1/1980 3357/1/1980
f 3356/1/1980 3360/1/1980 3359/1/1980
f 3356/1/1980 3361/1/1980 3360/1/1980
f 3356/1/1980 3362/1/1980 3361/1/1980
f 3356/1/1980 3363/1/1980 3362/1/1980
f 3356/1/1980 3364/1/1980 3363/1/1980
f 3356/1/1980 3365/1/1980 3364/1/1980
f 3356/1/1980 3366/1/1980 3365/1/1980
f 3356/1/1980 3367/1/1980 3366/1/1980
f 3356/1/1980 3368/1/1980 3367/1/1980
f 3356/1/1980 3358/1/1980 3368/1/1980
f 3358/1/1993 3357/1/1993 3369/1/1993 3370/1/1993
f 3357/1/1994 3359/1/1994 3371/1/1994 3369/1/1994
f 3359/1/1995 3360/1/1995 3372/1/1995 3371/1/1995
f 3360/1/1996 3361/1/1996 3373/1/1996 3372/1/1996
f 3361/1/1997 3362/1/1997 3374/1/1997 3373/1/1997
f 3362/1/1998 3363/1/1998 3375/1/1998 3374/1/1998
f 3363/1/1999 3364/1/1999 3376/1/1999 3375/1/1999
f 3364/1/2000 3365/1/2000 3377/1/2000 3376/1/2000
f 3365/1/2001 3366/1/2001 3378/1/2001 3377/1/2001
f 3366/1/2002 3367/1/2002 3379/1/2002 3378/1/2002
f 3367/1/2003 3368/1/2003 3380/1/2003 3379/1/2003
f 3368/1/2004 3358/1/2004 3370/1/2004 3380/1/2004
f 3370/1/2017 3369/1/2017 3381/1/2017
f 3369/1/2017 3371/1/2017 3381/1/2017
f 3371/1/2017 3372/1/2017 3381/1/2017
f 3372/1/2017 3373/1/2017 3381/1/2017
f 3373/1/2017 3374/1/2017 3381/1/2017
f 3374/1/2017 3375/1/2017 3381/1/2017
f 3375/1/2017 3376/1/2017 3381/1/2017
f 3376/1/2017 3377/1/2017 3381/1/2017
f 3377/1/2017 3378/1/2017 3381/1/2017
f 3378/1/2017 3379/1/2017 3381/1/2017
f 3379/1/2017 3380/1/2017 3381/1/2017
f 3380/1/2017 3370/1/2017 3381/1/2017
usemtl steel
f 3382/1/2042 3383/1/2042 3384/1/2042
usemtl silver
f 3385/1/2043 3386/1/2043 3387/1/2043
usemtl steel
f 3382/1/2042 3384/1/2042 3388/1/2042
usemtl silver
f 3385/1/2043 3389/1/2043 3386/1/2043
f 3385/1/2044 3387/1/2044 3383/1/2044 3382/1/2044
f 3387/1/1977 3386/1/1977 3384/1/1977 3383/1/1977
f 3386/1/2045 3389/1/2045 3388/1/2045 3384/1/2045
f 3389/1/1979 3385/1/1979 3382/1/1979 3388/1/1979
usemtl cyan
f 3390/1/2042 3391/1/2042 3392/1/2042
usemtl silver
f 3393/1/2043 3394/1/2043 3395/1/2043
usemtl cyan
f 3390/1/2042 3392/1/2042 3396/1/2042
usemtl silver
f 3393/1/2043 3397/1/2043 3394/1/2043
f 3393/1/2044 3395/1/2044 3391/1/2044 3390/1/2044
f 3395/1/2046 3394/1/2046 3392/1/2046 3391/1/2046
f 3394/1/2045 3397/1/2045 3396/1/2045 3392/1/2045
f 3397/1/2047 3393/1/2047 3390/1/2047 3396/1/2047
usemtl graphite
f 3398/1/2048 3399/1/2048 3400/1/2048
f 3398/1/2048 3401/1/2048 3399/1/2048
f 3398/1/2048 3402/1/2048 3401/1/2048
f 3398/1/2048 3403/1/2048 3402/1/2048
f 3398/1/2048 3404/1/2048 3403/1/2048
f 3398/1/2048 3400/1/2048 3404/1/2048
f 3400/1/2049 3399/1/2049 3405/1/2049 3406/1/2049
f 3399/1/2050 3401/1/2050 3407/1/2050 3405/1/2050
f 3401/1/2051 3402/1/2051 3408/1/2051 3407/1/2051
f 3402/1/2052 3403/1/2052 3409/1/2052 3408/1/2052
f 3403/1/2053 3404/1/2053 3410/1/2053 3409/1/2053
f 3404/1/2054 3400/1/2054 3406/1/2054 3410/1/2054
f 3406/1/2055 3405/1/2055 3411/1/2055 3412/1/2055
f 3405/1/2056 3407/1/2056 3413/1/2056 3411/1/2056
f 3407/1/2057 3408/1/2057 3414/1/2057 3413/1/2057
f 3408/1/2058 3409/1/2058 3415/1/2058 3414/1/2058
f 3409/1/2059 3410/1/2059 3416/1/2059 3415/1/2059
f 3410/1/2060 3406/1/2060 3412/1/2060 3416/1/2060
f 3412/1/2061 3411/1/2061 3417/1/2061 3418/1/2061
f 3411/1/2062 3413/1/2062 3419/1/2062 3417/1/2062
f 3413/1/2063 3414/1/2063 3420/1/2063 3419/1/2063
f 3414/1/2064 3415/1/2064 3421/1/2064 3420/1/2064
f 3415/1/2065 3416/1/2065 3422/1/2065 3421/1/2065
f 3416/1/2066 3412/1/2066 3418/1/2066 3422/1/2066
f 3418/1/2067 3417/1/2067 3423/1/2067 3424/1/2067
f 3417/1/2067 3419/1/2067 3425/1/2067 3423/1/2067
f 3419/1/2067 3420/1/2067 3426/1/2067 3425/1/2067
f 3420/1/2067 3421/1/2067 3427/1/2067 3426/1/2067
f 3421/1/2067 3422/1/2067 3428/1/2067 3427/1/2067
f 3422/1/2067 3418/1/2067 3424/1/2067 3428/1/2067
f 3424/1/2058 3423/1/2058 3429/1/2058 3430/1/2058
f 3423/1/2059 3425/1/2059 3431/1/2059 3429/1/2059
f 3425/1/2060 3426/1/2060 3432/1/2060 3431/1/2060
f 3426/1/2055 3427/1/2055 3433/1/2055 3432/1/2055
f 3427/1/2056 3428/1/2056 3434/1/2056 3433/1/2056
f 3428/1/2057 3424/1/2057 3430/1/2057 3434/1/2057
f 3430/1/2067 3429/1/2067 3435/1/2067
f 3429/1/2067 3431/1/2067 3435/1/2067
f 3431/1/2067 3432/1/2067 3435/1/2067
f 3432/1/2067 3433/1/2067 3435/1/2067
f 3433/1/2067 3434/1/2067 3435/1/2067
f 3434/1/2067 3430/1/2067 3435/1/2067
usemtl steel
f 3436/1/2068 3437/1/2068 3438/1/2068 3439/1/2068
f 3437/1/2069 3440/1/2069 3441/1/2069 3438/1/2069
f 3440/1/2070 3442/1/2070 3443/1/2070 3441/1/2070
f 3442/1/2071 3444/1/2071 3445/1/2071 3443/1/2071
f 3444/1/2072 3446/1/2072 3447/1/2072 3445/1/2072
f 3446/1/2073 3436/1/2073 3439/1/2073 3447/1/2073
f 3439/1/2055 3438/1/2055 3448/1/2055 3449/1/2055
f 3438/1/2056 3441/1/2056 3450/1/2056 3448/1/2056
f 3441/1/2057 3443/1/2057 3451/1/2057 3450/1/2057
f 3443/1/2058 3445/1/2058 3452/1/2058 3451/1/2058
f 3445/1/2059 3447/1/2059 3453/1/2059 3452/1/2059
f 3447/1/2060 3439/1/2060 3449/1/2060 3453/1/2060
f 3449/1/2074 3448/1/2074 3454/1/2074 3455/1/2074
f 3448/1/2075 3450/1/2075 3456/1/2075 3454/1/2075
f 3450/1/2076 3451/1/2076 3457/1/2076 3456/1/2076
f 3451/1/2077 3452/1/2077 3458/1/2077 3457/1/2077
f 3452/1/2078 3453/1/2078 3459/1/2078 3458/1/2078
f 3453/1/2079 3449/1/2079 3455/1/2079 3459/1/2079
f 3455/1/2058 3454/1/2058 3437/1/2058 3436/1/2058
f 3454/1/2059 3456/1/2059 3440/1/2059 3437/1/2059
f 3456/1/2060 3457/1/2060 3442/1/2060 3440/1/2060
f 3457/1/2055 3458/1/2055 3444/1/2055 3442/1/2055
f 3458/1/2056 3459/1/2056 3446/1/2056 3444/1/2056
f 3459/1/2057 3455/1/2057 3436/1/2057 3446/1/2057
usemtl silver
f 3460/1/2048 3461/1/2048 3462/1/2048
f 3460/1/2048 3463/1/2048 3461/1/2048
f 3460/1/2048 3464/1/2048 3463/1/2048
f 3460/1/2048 3465/1/2048 3464/1/2048
f 3460/1/2048 3466/1/2048 3465/1/2048
f 3460/1/2048 3462/1/2048 3466/1/2048
f 3462/1/2055 3461/1/2055 3467/1/2055 3468/1/2055
f 3461/1/2056 3463/1/2056 3469/1/2056 3467/1/2056
f 3463/1/2057 3464/1/2057 3470/1/2057 3469/1/2057
f 3464/1/2058 3465/1/2058 3471/1/2058 3470/1/2058
f 3465/1/2059 3466/1/2059 3472/1/2059 3471/1/2059
f 3466/1/2060 3462/1/2060 3468/1/2060 3472/1/2060
f 3468/1/2067 3467/1/2067 3473/1/2067
f 3467/1/2067 3469/1/2067 3473/1/2067
f 3469/1/2067 3470/1/2067 3473/1/2067
f 3470/1/2067 3471/1/2067 3473/1/2067
f 3471/1/2067 3472/1/2067 3473/1/2067
f 3472/1/2067 3468/1/2067 3473/1/2067
usemtl graphite
f 3474/1/2080 3475/1/2080 3476/1/2080
f 3474/1/2080 3477/1/2080 3475/1/2080
f 3474/1/2080 3478/1/2080 3477/1/2080
f 3474/1/2080 3479/1/2080 3478/1/2080
f 3474/1/2080 3480/1/2080 3479/1/2080
f 3474/1/2080 3476/1/2080 3480/1/2080
f 3476/1/2081 3475/1/2081 3481/1/2081 3482/1/2081
f 3475/1/2082 3477/1/2082 3483/1/2082 3481/1/2082
f 3477/1/2083 3478/1/2083 3484/1/2083 3483/1/2083
f 3478/1/2084 3479/1/2084 3485/1/2084 3484/1/2084
f 3479/1/2085 3480/1/2085 3486/1/2085 3485/1/2085
f 3480/1/2086 3476/1/2086 3482/1/2086 3486/1/2086
f 3482/1/2087 3481/1/2087 3487/1/2087 3488/1/2087
f 3481/1/2088 3483/1/2088 3489/1/2088 3487/1/2088
f 3483/1/2089 3484/1/2089 3490/1/2089 3489/1/2089
f 3484/1/2090 3485/1/2090 3491/1/2090 3490/1/2090
f 3485/1/2091 3486/1/2091 3492/1/2091 3491/1/2091
f 3486/1/2092 3482/1/2092 3488/1/2092 3492/1/2092
f 3488/1/2093 3487/1/2093 3493/1/2093 3494/1/2093
f 3487/1/2094 3489/1/2094 3495/1/2094 3493/1/2094
f 3489/1/2095 3490/1/2095 3496/1/2095 3495/1/2095
f 3490/1/2096 3491/1/2096 3497/1/2096 3496/1/2096
f 3491/1/2097 3492/1/2097 3498/1/2097 3497/1/2097
f 3492/1/2098 3488/1/2098 3494/1/2098 3498/1/2098
f 3494/1/2099 3493/1/2099 3499/1/2099 3500/1/2099
f 3493/1/2099 3495/1/2099 3501/1/2099 3499/1/2099
f 3495/1/2099 3496/1/2099 3502/1/2099 3501/1/2099
f 3496/1/2099 3497/1/2099 3503/1/2099 3502/1/2099
f 3497/1/2099 3498/1/2099 3504/1/2099 3503/1/2099
f 3498/1/2099 3494/1/2099 3500/1/2099 3504/1/2099
f 3500/1/2090 3499/1/2090 3505/1/2090 3506/1/2090
f 3499/1/2091 3501/1/2091 3507/1/2091 3505/1/2091
f 3501/1/2092 3502/1/2092 3508/1/2092 3507/1/2092
f 3502/1/2087 3503/1/2087 3509/1/2087 3508/1/2087
f 3503/1/2088 3504/1/2088 3510/1/2088 3509/1/2088
f 3504/1/2089 3500/1/2089 3506/1/2089 3510/1/2089
f 3506/1/2099 3505/1/2099 3511/1/2099
f 3505/1/2099 3507/1/2099 3511/1/2099
f 3507/1/2099 3508/1/2099 3511/1/2099
f 3508/1/2099 3509/1/2099 3511/1/2099
f 3509/1/2099 3510/1/2099 3511/1/2099
f 3510/1/2099 3506/1/2099 3511/1/2099
usemtl steel
f 3512/1/2100 3513/1/2100 3514/1/2100 3515/1/2100
f 3513/1/2101 3516/1/2101 3517/1/2101 3514/1/2101
f 3516/1/2102 3518/1/2102 3519/1/2102 3517/1/2102
f 3518/1/2103 3520/1/2103 3521/1/2103 3519/1/2103
f 3520/1/2104 3522/1/2104 3523/1/2104 3521/1/2104
f 3522/1/2105 3512/1/2105 3515/1/2105 3523/1/2105
f 3515/1/2087 3514/1/2087 3524/1/2087 3525/1/2087
f 3514/1/2088 3517/1/2088 3526/1/2088 3524/1/2088
f 3517/1/2089 3519/1/2089 3527/1/2089 3526/1/2089
f 3519/1/2090 3521/1/2090 3528/1/2090 3527/1/2090
f 3521/1/2091 3523/1/2091 3529/1/2091 3528/1/2091
f 3523/1/2092 3515/1/2092 3525/1/2092 3529/1/2092
f 3525/1/2106 3524/1/2106 3530/1/2106 3531/1/2106
f 3524/1/2107 3526/1/2107 3532/1/2107 3530/1/2107
f 3526/1/2108 3527/1/2108 3533/1/2108 3532/1/2108
f 3527/1/2109 3528/1/2109 3534/1/2109 3533/1/2109
f 3528/1/2110 3529/1/2110 3535/1/2110 3534/1/2110
f 3529/1/2111 3525/1/2111 3531/1/2111 3535/1/2111
f 3531/1/2090 3530/1/2090 3513/1/2090 3512/1/2090
f 3530/1/2091 3532/1/2091 3516/1/2091 3513/1/2091
f 3532/1/2092 3533/1/2092 3518/1/2092 3516/1/2092
f 3533/1/2087 3534/1/2087 3520/1/2087 3518/1/2087
f 3534/1/2088 3535/1/2088 3522/1/2088 3520/1/2088
f 3535/1/2089 3531/1/2089 3512/1/2089 3522/1/2089
usemtl silver
f 3536/1/2080 3537/1/2080 3538/1/2080
f 3536/1/2080 3539/1/2080 3537/1/2080
f 3536/1/2080 3540/1/2080 3539/1/2080
f 3536/1/2080 3541/1/2080 3540/1/2080
f 3536/1/2080 3542/1/2080 3541/1/2080
f 3536/1/2080 3538/1/2080 3542/1/2080
f 3538/1/2087 3537/1/2087 3543/1/2087 3544/1/2087
f 3537/1/2088 3539/1/2088 3545/1/2088 3543/1/2088
f 3539/1/2089 3540/1/2089 3546/1/2089 3545/1/2089
f 3540/1/2090 3541/1/2090 3547/1/2090 3546/1/2090
f 3541/1/2091 3542/1/2091 3548/1/2091 3547/1/2091
f 3542/1/2092 3538/1/2092 3544/1/2092 3548/1/2092
f 3544/1/2099 3543/1/2099 3549/1/2099
f 3543/1/2099 3545/1/2099 3549/1/2099
f 3545/1/2099 3546/1/2099 3549/1/2099
f 3546/1/2099 3547/1/2099 3549/1/2099
f 3547/1/2099 3548/1/2099 3549/1/2099
f 3548/1/2099 3544/1/2099 3549/1/2099
usemtl graphite
f 3550/1/2112 3551/1/2112 3552/1/2112
f 3550/1/2112 3553/1/2112 3551/1/2112
f 3550/1/2112 3554/1/2112 3553/1/2112
f 3550/1/2112 3555/1/2112 3554/1/2112
f 3550/1/2112 3556/1/2112 3555/1/2112
f 3550/1/2112 3552/1/2112 3556/1/2112
f 3552/1/2113 3551/1/2113 3557/1/2113 3558/1/2113
f 3551/1/2114 3553/1/2114 3559/1/2114 3557/1/2114
f 3553/1/2115 3554/1/2115 3560/1/2115 3559/1/2115
f 3554/1/2116 3555/1/2116 3561/1/2116 3560/1/2116
f 3555/1/2117 3556/1/2117 3562/1/2117 3561/1/2117
f 3556/1/2118 3552/1/2118 3558/1/2118 3562/1/2118
f 3558/1/2119 3557/1/2119 3563/1/2119 3564/1/2119
f 3557/1/2120 3559/1/2120 3565/1/2120 3563/1/2120
f 3559/1/2121 3560/1/2121 3566/1/2121 3565/1/2121
f 3560/1/2122 3561/1/2122 3567/1/2122 3566/1/2122
f 3561/1/2123 3562/1/2123 3568/1/2123 3567/1/2123
f 3562/1/2124 3558/1/2124 3564/1/2124 3568/1/2124
f 3564/1/2125 3563/1/2125 3569/1/2125 3570/1/2125
f 3563/1/2126 3565/1/2126 3571/1/2126 3569/1/2126
f 3565/1/2127 3566/1/2127 3572/1/2127 3571/1/2127
f 3566/1/2128 3567/1/2128 3573/1/2128 3572/1/2128
f 3567/1/2129 3568/1/2129 3574/1/2129 3573/1/2129
f 3568/1/2130 3564/1/2130 3570/1/2130 3574/1/2130
f 3570/1/2131 3569/1/2131 3575/1/2131 3576/1/2131
f 3569/1/2131 3571/1/2131 3577/1/2131 3575/1/2131
f 3571/1/2131 3572/1/2131 3578/1/2131 3577/1/2131
f 3572/1/2131 3573/1/2131 3579/1/2131 3578/1/2131
f 3573/1/2131 3574/1/2131 3580/1/2131 3579/1/2131
f 3574/1/2131 3570/1/2131 3576/1/2131 3580/1/2131
f 3576/1/2122 3575/1/2122 3581/1/2122 3582/1/2122
f 3575/1/2123 3577/1/2123 3583/1/2123 3581/1/2123
f 3577/1/2124 3578/1/2124 3584/1/2124 3583/1/2124
f 3578/1/2119 3579/1/2119 3585/1/2119 3584/1/2119
f 3579/1/2120 3580/1/2120 3586/1/2120 3585/1/2120
f 3580/1/2121 3576/1/2121 3582/1/2121 3586/1/2121
f 3582/1/2131 3581/1/2131 3587/1/2131
f 3581/1/2131 3583/1/2131 3587/1/2131
f 3583/1/2131 3584/1/2131 3587/1/2131
f 3584/1/2131 3585/1/2131 3587/1/2131
f 3585/1/2131 3586/1/2131 3587/1/2131
f 3586/1/2131 3582/1/2131 3587/1/2131
usemtl steel
f 3588/1/2132 3589/1/2132 3590/1/2132 3591/1/2132
f 3589/1/2133 3592/1/2133 3593/1/2133 3590/1/2133
f 3592/1/2134 3594/1/2134 3595/1/2134 3593/1/2134
f 3594/1/2135 3596/1/2135 3597/1/2135 3595/1/2135
f 3596/1/2136 3598/1/2136 3599/1/2136 3597/1/2136
f 3598/1/2137 3588/1/2137 3591/1/2137 3599/1/2137
f 3591/1/2119 3590/1/2119 3600/1/2119 3601/1/2119
f 3590/1/2120 3593/1/2120 3602/1/2120 3600/1/2120
f 3593/1/2121 3595/1/2121 3603/1/2121 3602/1/2121
f 3595/1/2122 3597/1/2122 3604/1/2122 3603/1/2122
f 3597/1/2123 3599/1/2123 3605/1/2123 3604/1/2123
f 3599/1/2124 3591/1/2124 3601/1/2124 3605/1/2124
f 3601/1/2138 3600/1/2138 3606/1/2138 3607/1/2138
f 3600/1/2139 3602/1/2139 3608/1/2139 3606/1/2139
f 3602/1/2140 3603/1/2140 3609/1/2140 3608/1/2140
f 3603/1/2141 3604/1/2141 3610/1/2141 3609/1/2141
f 3604/1/2142 3605/1/2142 3611/1/2142 3610/1/2142
f 3605/1/2143 3601/1/2143 3607/1/2143 3611/1/2143
f 3607/1/2122 3606/1/2122 3589/1/2122 3588/1/2122
f 3606/1/2123 3608/1/2123 3592/1/2123 3589/1/2123
f 3608/1/2124 3609/1/2124 3594/1/2124 3592/1/2124
f 3609/1/2119 3610/1/2119 3596/1/2119 3594/1/2119
f 3610/1/2120 3611/1/2120 3598/1/2120 3596/1/2120
f 3611/1/2121 3607/1/2121 3588/1/2121 3598/1/2121
usemtl silver
f 3612/1/2112 3613/1/2112 3614/1/2112
f 3612/1/2112 3615/1/2112 3613/1/2112
f 3612/1/2112 3616/1/2112 3615/1/2112
f 3612/1/2112 3617/1/2112 3616/1/2112
f 3612/1/2112 3618/1/2112 3617/1/2112
f 3612/1/2112 3614/1/2112 3618/1/2112
f 3614/1/2119 3613/1/2119 3619/1/2119 3620/1/2119
f 3613/1/2120 3615/1/2120 3621/1/2120 3619/1/2120
f 3615/1/2121 3616/1/2121 3622/1/2121 3621/1/2121
f 3616/1/2122 3617/1/2122 3623/1/2122 3622/1/2122
f 3617/1/2123 3618/1/2123 3624/1/2123 3623/1/2123
f 3618/1/2124 3614/1/2124 3620/1/2124 3624/1/2124
f 3620/1/2131 3619/1/2131 3625/1/2131
f 3619/1/2131 3621/1/2131 3625/1/2131
f 3621/1/2131 3622/1/2131 3625/1/2131
f 3622/1/2131 3623/1/2131 3625/1/2131
f 3623/1/2131 3624/1/2131 3625/1/2131
f 3624/1/2131 3620/1/2131 3625/1/2131
usemtl graphite
f 3626/1/2144 3627/1/2144 3628/1/2144
f 3626/1/2144 3629/1/2144 3627/1/2144
f 3626/1/2144 3630/1/2144 3629/1/2144
f 3626/1/2144 3631/1/2144 3630/1/2144
f 3626/1/2144 3632/1/2144 3631/1/2144
f 3626/1/2144 3628/1/2144 3632/1/2144
f 3628/1/2145 3627/1/2145 3633/1/2145 3634/1/2145
f 3627/1/2146 3629/1/2146 3635/1/2146 3633/1/2146
f 3629/1/2147 3630/1/2147 3636/1/2147 3635/1/2147
f 3630/1/2148 3631/1/2148 3637/1/2148 3636/1/2148
f 3631/1/2149 3632/1/2149 3638/1/2149 3637/1/2149
f 3632/1/2150 3628/1/2150 3634/1/2150 3638/1/2150
f 3634/1/2151 3633/1/2151 3639/1/2151 3640/1/2151
f 3633/1/2152 3635/1/2152 3641/1/2152 3639/1/2152
f 3635/1/2153 3636/1/2153 3642/1/2153 3641/1/2153
f 3636/1/2154 3637/1/2154 3643/1/2154 3642/1/2154
f 3637/1/2155 3638/1/2155 3644/1/2155 3643/1/2155
f 3638/1/2156 3634/1/2156 3640/1/2156 3644/1/2156
f 3640/1/2157 3639/1/2157 3645/1/2157 3646/1/2157
f 3639/1/2158 3641/1/2158 3647/1/2158 3645/1/2158
f 3641/1/2159 3642/1/2159 3648/1/2159 3647/1/2159
f 3642/1/2160 3643/1/2160 3649/1/2160 3648/1/2160
f 3643/1/2161 3644/1/2161 3650/1/2161 3649/1/2161
f 3644/1/2162 3640/1/2162 3646/1/2162 3650/1/2162
f 3646/1/2163 3645/1/2163 3651/1/2163 3652/1/2163
f 3645/1/2163 3647/1/2163 3653/1/2163 3651/1/2163
f 3647/1/2163 3648/1/2163 3654/1/2163 3653/1/2163
f 3648/1/2163 3649/1/2163 3655/1/2163 3654/1/2163
f 3649/1/2163 3650/1/2163 3656/1/2163 3655/1/2163
f 3650/1/2163 3646/1/2163 3652/1/2163 3656/1/2163
f 3652/1/2154 3651/1/2154 3657/1/2154 3658/1/2154
f 3651/1/2155 3653/1/2155 3659/1/2155 3657/1/2155
f 3653/1/2156 3654/1/2156 3660/1/2156 3659/1/2156
f 3654/1/2151 3655/1/2151 3661/1/2151 3660/1/2151
f 3655/1/2152 3656/1/2152 3662/1/2152 3661/1/2152
f 3656/1/2153 3652/1/2153 3658/1/2153 3662/1/2153
f 3658/1/2163 3657/1/2163 3663/1/2163
f 3657/1/2163 3659/1/2163 3663/1/2163
f 3659/1/2163 3660/1/2163 3663/1/2163
f 3660/1/2163 3661/1/2163 3663/1/2163
f 3661/1/2163 3662/1/2163 3663/1/2163
f 3662/1/2163 3658/1/2163 3663/1/2163
usemtl steel
f 3664/1/2164 3665/1/2164 3666/1/2164 3667/1/2164
f 3665/1/2165 3668/1/2165 3669/1/2165 3666/1/2165
f 3668/1/2166 3670/1/2166 3671/1/2166 3669/1/2166
f 3670/1/2167 3672/1/2167 3673/1/2167 3671/1/2167
f 3672/1/2168 3674/1/2168 3675/1/2168 3673/1/2168
f 3674/1/2169 3664/1/2169 3667/1/2169 3675/1/2169
f 3667/1/2151 3666/1/2151 3676/1/2151 3677/1/2151
f 3666/1/2152 3669/1/2152 3678/1/2152 3676/1/2152
f 3669/1/2153 3671/1/2153 3679/1/2153 3678/1/2153
f 3671/1/2154 3673/1/2154 3680/1/2154 3679/1/2154
f 3673/1/2155 3675/1/2155 3681/1/2155 3680/1/2155
f 3675/1/2156 3667/1/2156 3677/1/2156 3681/1/2156
f 3677/1/2170 3676/1/2170 3682/1/2170 3683/1/2170
f 3676/1/2171 3678/1/2171 3684/1/2171 3682/1/2171
f 3678/1/2172 3679/1/2172 3685/1/2172 3684/1/2172
f 3679/1/2173 3680/1/2173 3686/1/2173 3685/1/2173
f 3680/1/2174 3681/1/2174 3687/1/2174 3686/1/2174
f 3681/1/2175 3677/1/2175 3683/1/2175 3687/1/2175
f 3683/1/2154 3682/1/2154 3665/1/2154 3664/1/2154
f 3682/1/2155 3684/1/2155 3668/1/2155 3665/1/2155
f 3684/1/2156 3685/1/2156 3670/1/2156 3668/1/2156
f 3685/1/2151 3686/1/2151 3672/1/2151 3670/1/2151
f 3686/1/2152 3687/1/2152 3674/1/2152 3672/1/2152
f 3687/1/2153 3683/1/2153 3664/1/2153 3674/1/2153
usemtl silver
f 3688/1/2144 3689/1/2144 3690/1/2144
f 3688/1/2144 3691/1/2144 3689/1/2144
f 3688/1/2144 3692/1/2144 3691/1/2144
f 3688/1/2144 3693/1/2144 3692/1/2144
f 3688/1/2144 3694/1/2144 3693/1/2144
f 3688/1/2144 3690/1/2144 3694/1/2144
f 3690/1/2151 3689/1/2151 3695/1/2151 3696/1/2151
f 3689/1/2152 3691/1/2152 3697/1/2152 3695/1/2152
f 3691/1/2153 3692/1/2153 3698/1/2153 3697/1/2153
f 3692/1/2154 3693/1/2154 3699/1/2154 3698/1/2154
f 3693/1/2155 3694/1/2155 3700/1/2155 3699/1/2155
f 3694/1/2156 3690/1/2156 3696/1/2156 3700/1/2156
f 3696/1/2163 3695/1/2163 3701/1/2163
f 3695/1/2163 3697/1/2163 3701/1/2163
f 3697/1/2163 3698/1/2163 3701/1/2163
f 3698/1/2163 3699/1/2163 3701/1/2163
f 3699/1/2163 3700/1/2163 3701/1/2163
f 3700/1/2163 3696/1/2163 3701/1/2163
g shell_2
f 3702/1/2176 3703/1/2177 3704/1/2178 3705/1/2179
f 3706/1/2180 3707/1/2181 3703/1/2177 3702/1/2176
f 3708/1/2182 3709/1/2183 3707/1/2181 3706/1/2180
f 3710/1/2184 3711/1/2185 3709/1/2183 3708/1/2182
f 3712/1/2186 3713/1/2187 3711/1/2185 3710/1/2184
f 3714/1/2188 3715/1/2189 3713/1/2187 3712/1/2186
f 3703/1/2177 3716/1/2190 3717/1/2191 3704/1/2178
f 3707/1/2181 3718/1/2192 3716/1/2190 3703/1/2177
f 3709/1/2183 3719/1/2193 3718/1/2192 3707/1/2181
f 3711/1/2185 3720/1/2194 3719/1/2193 3709/1/2183
f 3713/1/2187 3721/1/2195 3720/1/2194 3711/1/2185
f 3715/1/2189 3722/1/2196 3721/1/2195 3713/1/2187
f 3716/1/2190 3723/1/2197 3724/1/2198 3717/1/2191
f 3718/1/2192 3725/1/2199 3723/1/2197 3716/1/2190
f 3719/1/2193 3726/1/537 3725/1/2199 3718/1/2192
f 3720/1/2194 3727/1/2200 3726/1/537 3719/1/2193
f 3721/1/2195 3728/1/2201 3727/1/2200 3720/1/2194
f 3722/1/2196 3729/1/2202 3728/1/2201 3721/1/2195
f 3723/1/2197 3730/1/2203 3731/1/2204 3724/1/2198
f 3725/1/2199 3732/1/2205 3730/1/2203 3723/1/2197
f 3726/1/537 3733/1/2206 3732/1/2205 3725/1/2199
f 3727/1/2200 3734/1/2207 3733/1/2206 3726/1/537
f 3728/1/2201 3735/1/2208 3734/1/2207 3727/1/2200
f 3729/1/2202 3736/1/2209 3735/1/2208 3728/1/2201
f 3730/1/2203 3737/1/2210 3738/1/2211 3731/1/2204
f 3732/1/2205 3739/1/2212 3737/1/2210 3730/1/2203
f 3733/1/2206 3740/1/2213 3739/1/2212 3732/1/2205
f 3734/1/2207 3741/1/2214 3740/1/2213 3733/1/2206
f 3735/1/2208 3742/1/2215 3741/1/2214 3734/1/2207
f 3736/1/2209 3743/1/2216 3742/1/2215 3735/1/2208
f 3737/1/2210 3744/1/2217 3745/1/2218 3738/1/2211
f 3739/1/2212 3746/1/2219 3744/1/2217 3737/1/2210
f 3740/1/2213 3747/1/2220 3746/1/2219 3739/1/2212
f 3741/1/2214 3748/1/2221 3747/1/2220 3740/1/2213
f 3742/1/2215 3749/1/2222 3748/1/2221 3741/1/2214
f 3743/1/2216 3750/1/2223 3749/1/2222 3742/1/2215
usemtl graphite
f 3751/1/2224 3752/1/2225 3753/1/2226 3754/1/2227
f 3754/1/2227 3753/1/2226 3755/1/2228 3756/1/2229
f 3756/1/2229 3755/1/2228 3757/1/2230 3758/1/2231
f 3758/1/2231 3757/1/2230 3759/1/2232 3760/1/2233
f 3760/1/2233 3759/1/2232 3761/1/2234 3762/1/2235
f 3762/1/2235 3761/1/2234 3763/1/2236 3764/1/2237
f 3752/1/2225 3765/1/2238 3766/1/2239 3753/1/2226
f 3753/1/2226 3766/1/2239 3767/1/2240 3755/1/2228
f 3755/1/2228 3767/1/2240 3768/1/2241 3757/1/2230
f 3757/1/2230 3768/1/2241 3769/1/2242 3759/1/2232
f 3759/1/2232 3769/1/2242 3770/1/2243 3761/1/2234
f 3761/1/2234 3770/1/2243 3771/1/2244 3763/1/2236
f 3765/1/2238 3772/1/2245 3773/1/2246 3766/1/2239
f 3766/1/2239 3773/1/2246 3774/1/2247 3767/1/2240
f 3767/1/2240 3774/1/2247 3775/1/2248 3768/1/2241
f 3768/1/2241 3775/1/2248 3776/1/2249 3769/1/2242
f 3769/1/2242 3776/1/2249 3777/1/2250 3770/1/2243
f 3770/1/2243 3777/1/2250 3778/1/2251 3771/1/2244
f 3772/1/2245 3779/1/2252 3780/1/2253 3773/1/2246
f 3773/1/2246 3780/1/2253 3781/1/2254 3774/1/2247
f 3774/1/2247 3781/1/2254 3782/1/2255 3775/1/2248
f 3775/1/2248 3782/1/2255 3783/1/2256 3776/1/2249
f 3776/1/2249 3783/1/2256 3784/1/2257 3777/1/2250
f 3777/1/2250 3784/1/2257 3785/1/2258 3778/1/2251
f 3779/1/2252 3786/1/2259 3787/1/2260 3780/1/2253
f 3780/1/2253 3787/1/2260 3788/1/2261 3781/1/2254
f 3781/1/2254 3788/1/2261 3789/1/2262 3782/1/2255
f 3782/1/2255 3789/1/2262 3790/1/2263 3783/1/2256
f 3783/1/2256 3790/1/2263 3791/1/2264 3784/1/2257
f 3784/1/2257 3791/1/2264 3792/1/2265 3785/1/2258
f 3786/1/2259 3793/1/2266 3794/1/2267 3787/1/2260
f 3787/1/2260 3794/1/2267 3795/1/2268 3788/1/2261
f 3788/1/2261 3795/1/2268 3796/1/2269 3789/1/2262
f 3789/1/2262 3796/1/2269 3797/1/2270 3790/1/2263
f 3790/1/2263 3797/1/2270 3798/1/2271 3791/1/2264
f 3791/1/2264 3798/1/2271 3799/1/2272 3792/1/2265
usemtl edge
f 3751/1/2273 3754/1/2273 3702/1/2273 3705/1/2273
f 3754/1/2274 3756/1/2274 3706/1/2274 3702/1/2274
f 3756/1/2275 3758/1/2275 3708/1/2275 3706/1/2275
f 3758/1/2276 3760/1/2276 3710/1/2276 3708/1/2276
f 3760/1/2277 3762/1/2277 3712/1/2277 3710/1/2277
f 3762/1/2278 3764/1/2278 3714/1/2278 3712/1/2278
f 3764/1/2279 3763/1/2279 3715/1/2279 3714/1/2279
f 3763/1/2280 3771/1/2280 3722/1/2280 3715/1/2280
f 3771/1/2281 3778/1/2281 3729/1/2281 3722/1/2281
f 3778/1/2282 3785/1/2282 3736/1/2282 3729/1/2282
f 3785/1/2283 3792/1/2283 3743/1/2283 3736/1/2283
f 3792/1/2284 3799/1/2284 3750/1/2284 3743/1/2284
f 3799/1/2285 3798/1/2285 3749/1/2285 3750/1/2285
f 3798/1/2286 3797/1/2286 3748/1/2286 3749/1/2286
f 3797/1/2287 3796/1/2287 3747/1/2287 3748/1/2287
f 3796/1/2288 3795/1/2288 3746/1/2288 3747/1/2288
f 3795/1/2289 3794/1/2289 3744/1/2289 3746/1/2289
f 3794/1/2290 3793/1/2290 3745/1/2290 3744/1/2290
f 3793/1/2291 3786/1/2291 3738/1/2291 3745/1/2291
f 3786/1/2292 3779/1/2292 3731/1/2292 3738/1/2292
f 3779/1/2293 3772/1/2293 3724/1/2293 3731/1/2293
f 3772/1/2294 3765/1/2294 3717/1/2294 3724/1/2294
f 3765/1/2295 3752/1/2295 3704/1/2295 3717/1/2295
f 3752/1/2296 3751/1/2296 3705/1/2296 3704/1/2296
usemtl steel
f 3800/1/1522 3801/1/1522 3802/1/1522
usemtl edge
f 3803/1/1521 3804/1/1521 3805/1/1521
usemtl steel
f 3800/1/1522 3802/1/1522 3806/1/1522
usemtl edge
f 3803/1/237 3807/1/237 3804/1/237
f 3803/1/22 3805/1/22 3801/1/22 3800/1/22
f 3805/1/260 3804/1/260 3802/1/260 3801/1/260
f 3804/1/502 3807/1/502 3806/1/502 3802/1/502
f 3807/1/1193 3803/1/1193 3800/1/1193 3806/1/1193
usemtl rubber
f 3808/1/1522 3809/1/1522 3810/1/1522
usemtl edge
f 3811/1/1521 3812/1/1521 3813/1/1521
usemtl rubber
f 3808/1/1522 3810/1/1522 3814/1/1522
usemtl edge
f 3811/1/237 3815/1/237 3812/1/237
f 3811/1/22 3813/1/22 3809/1/22 3808/1/22
f 3813/1/260 3812/1/260 3810/1/260 3809/1/260
f 3812/1/502 3815/1/502 3814/1/502 3810/1/502
f 3815/1/1193 3811/1/1193 3808/1/1193 3814/1/1193
usemtl graphite
f 3816/1/1522 3817/1/1522 3818/1/1522
usemtl steel
f 3819/1/1521 3820/1/1521 3821/1/1521
usemtl graphite
f 3816/1/1522 3818/1/1522 3822/1/1522
usemtl steel
f 3819/1/237 3823/1/237 3820/1/237
f 3819/1/22 3821/1/22 3817/1/22 3816/1/22
f 3821/1/260 3820/1/260 3818/1/260 3817/1/260
f 3820/1/502 3823/1/502 3822/1/502 3818/1/502
f 3823/1/1193 3819/1/1193 3816/1/1193 3822/1/1193
usemtl graphite
f 3824/1/1522 3825/1/1522 3826/1/1522
usemtl steel
f 3827/1/1521 3828/1/1521 3829/1/1521
usemtl graphite
f 3824/1/1522 3826/1/1522 3830/1/1522
usemtl steel
f 3827/1/237 3831/1/237 3828/1/237
f 3827/1/22 3829/1/22 3825/1/22 3824/1/22
f 3829/1/260 3828/1/260 3826/1/260 3825/1/260
f 3828/1/502 3831/1/502 3830/1/502 3826/1/502
f 3831/1/1193 3827/1/1193 3824/1/1193 3830/1/1193
usemtl graphite
f 3832/1/1522 3833/1/1522 3834/1/1522
usemtl steel
f 3835/1/1521 3836/1/1521 3837/1/1521
usemtl graphite
f 3832/1/1522 3834/1/1522 3838/1/1522
usemtl steel
f 3835/1/237 3839/1/237 3836/1/237
f 3835/1/22 3837/1/22 3833/1/22 3832/1/22
f 3837/1/260 3836/1/260 3834/1/260 3833/1/260
f 3836/1/502 3839/1/502 3838/1/502 3834/1/502
f 3839/1/1193 3835/1/1193 3832/1/1193 3838/1/1193
usemtl graphite
f 3840/1/1522 3841/1/1522 3842/1/1522
usemtl steel
f 3843/1/1521 3844/1/1521 3845/1/1521
usemtl graphite
f 3840/1/1522 3842/1/1522 3846/1/1522
usemtl steel
f 3843/1/237 3847/1/237 3844/1/237
f 3843/1/22 3845/1/22 3841/1/22 3840/1/22
f 3845/1/260 3844/1/260 3842/1/260 3841/1/260
f 3844/1/502 3847/1/502 3846/1/502 3842/1/502
f 3847/1/1193 3843/1/1193 3840/1/1193 3846/1/1193
usemtl graphite
f 3848/1/1522 3849/1/1522 3850/1/1522
usemtl steel
f 3851/1/1521 3852/1/1521 3853/1/1521
usemtl graphite
f 3848/1/1522 3850/1/1522 3854/1/1522
usemtl steel
f 3851/1/237 3855/1/237 3852/1/237
f 3851/1/22 3853/1/22 3849/1/22 3848/1/22
f 3853/1/260 3852/1/260 3850/1/260 3849/1/260
f 3852/1/502 3855/1/502 3854/1/502 3850/1/502
f 3855/1/1193 3851/1/1193 3848/1/1193 3854/1/1193
usemtl graphite
f 3856/1/2297 3857/1/2297 3858/1/2297
f 3856/1/2297 3859/1/2297 3857/1/2297
f 3856/1/2297 3860/1/2297 3859/1/2297
f 3856/1/2297 3861/1/2297 3860/1/2297
f 3856/1/2297 3862/1/2297 3861/1/2297
f 3856/1/2297 3863/1/2297 3862/1/2297
f 3856/1/2297 3864/1/2297 3863/1/2297
f 3856/1/2297 3865/1/2297 3864/1/2297
f 3856/1/2297 3866/1/2297 3865/1/2297
f 3856/1/2297 3867/1/2297 3866/1/2297
f 3856/1/2297 3868/1/2297 3867/1/2297
f 3856/1/2297 3858/1/2297 3868/1/2297
f 3858/1/2298 3857/1/2298 3869/1/2298 3870/1/2298
f 3857/1/2299 3859/1/2299 3871/1/2299 3869/1/2299
f 3859/1/2300 3860/1/2300 3872/1/2300 3871/1/2300
f 3860/1/2301 3861/1/2301 3873/1/2301 3872/1/2301
f 3861/1/2302 3862/1/2302 3874/1/2302 3873/1/2302
f 3862/1/2303 3863/1/2303 3875/1/2303 3874/1/2303
f 3863/1/2304 3864/1/2304 3876/1/2304 3875/1/2304
f 3864/1/2305 3865/1/2305 3877/1/2305 3876/1/2305
f 3865/1/2306 3866/1/2306 3878/1/2306 3877/1/2306
f 3866/1/2307 3867/1/2307 3879/1/2307 3878/1/2307
f 3867/1/2308 3868/1/2308 3880/1/2308 3879/1/2308
f 3868/1/2309 3858/1/2309 3870/1/2309 3880/1/2309
f 3870/1/2310 3869/1/2310 3881/1/2310 3882/1/2310
f 3869/1/2311 3871/1/2311 3883/1/2311 3881/1/2311
f 3871/1/2312 3872/1/2312 3884/1/2312 3883/1/2312
f 3872/1/2313 3873/1/2313 3885/1/2313 3884/1/2313
f 3873/1/2314 3874/1/2314 3886/1/2314 3885/1/2314
f 3874/1/2315 3875/1/2315 3887/1/2315 3886/1/2315
f 3875/1/2316 3876/1/2316 3888/1/2316 3887/1/2316
f 3876/1/2317 3877/1/2317 3889/1/2317 3888/1/2317
f 3877/1/2318 3878/1/2318 3890/1/2318 3889/1/2318
f 3878/1/2319 3879/1/2319 3891/1/2319 3890/1/2319
f 3879/1/2320 3880/1/2320 3892/1/2320 3891/1/2320
f 3880/1/2321 3870/1/2321 3882/1/2321 3892/1/2321
f 3882/1/2322 3881/1/2322 3893/1/2322 3894/1/2322
f 3881/1/2323 3883/1/2323 3895/1/2323 3893/1/2323
f 3883/1/2324 3884/1/2324 3896/1/2324 3895/1/2324
f 3884/1/2325 3885/1/2325 3897/1/2325 3896/1/2325
f 3885/1/2326 3886/1/2326 3898/1/2326 3897/1/2326
f 3886/1/2327 3887/1/2327 3899/1/2327 3898/1/2327
f 3887/1/2328 3888/1/2328 3900/1/2328 3899/1/2328
f 3888/1/2329 3889/1/2329 3901/1/2329 3900/1/2329
f 3889/1/2330 3890/1/2330 3902/1/2330 3901/1/2330
f 3890/1/2331 3891/1/2331 3903/1/2331 3902/1/2331
f 3891/1/2332 3892/1/2332 3904/1/2332 3903/1/2332
f 3892/1/2333 3882/1/2333 3894/1/2333 3904/1/2333
f 3894/1/2334 3893/1/2334 3905/1/2334 3906/1/2334
f 3893/1/2334 3895/1/2334 3907/1/2334 3905/1/2334
f 3895/1/2334 3896/1/2334 3908/1/2334 3907/1/2334
f 3896/1/2334 3897/1/2334 3909/1/2334 3908/1/2334
f 3897/1/2334 3898/1/2334 3910/1/2334 3909/1/2334
f 3898/1/2334 3899/1/2334 3911/1/2334 3910/1/2334
f 3899/1/2334 3900/1/2334 3912/1/2334 3911/1/2334
f 3900/1/2334 3901/1/2334 3913/1/2334 3912/1/2334
f 3901/1/2334 3902/1/2334 3914/1/2334 3913/1/2334
f 3902/1/2334 3903/1/2334 3915/1/2334 3914/1/2334
f 3903/1/2334 3904/1/2334 3916/1/2334 3915/1/2334
f 3904/1/2334 3894/1/2334 3906/1/2334 3916/1/2334
f 3906/1/2316 3905/1/2316 3917/1/2316 3918/1/2316
f 3905/1/2317 3907/1/2317 3919/1/2317 3917/1/2317
f 3907/1/2318 3908/1/2318 3920/1/2318 3919/1/2318
f 3908/1/2319 3909/1/2319 3921/1/2319 3920/1/2319
f 3909/1/2320 3910/1/2320 3922/1/2320 3921/1/2320
f 3910/1/2321 3911/1/2321 3923/1/2321 3922/1/2321
f 3911/1/2310 3912/1/2310 3924/1/2310 3923/1/2310
f 3912/1/2311 3913/1/2311 3925/1/2311 3924/1/2311
f 3913/1/2312 3914/1/2312 3926/1/2312 3925/1/2312
f 3914/1/2313 3915/1/2313 3927/1/2313 3926/1/2313
f 3915/1/2314 3916/1/2314 3928/1/2314 3927/1/2314
f 3916/1/2315 3906/1/2315 3918/1/2315 3928/1/2315
f 3918/1/2334 3917/1/2334 3929/1/2334
f 3917/1/2334 3919/1/2334 3929/1/2334
f 3919/1/2334 3920/1/2334 3929/1/2334
f 3920/1/2334 3921/1/2334 3929/1/2334
f 3921/1/2334 3922/1/2334 3929/1/2334
f 3922/1/2334 3923/1/2334 3929/1/2334
f 3923/1/2334 3924/1/2334 3929/1/2334
f 3924/1/2334 3925/1/2334 3929/1/2334
f 3925/1/2334 3926/1/2334 3929/1/2334
f 3926/1/2334 3927/1/2334 3929/1/2334
f 3927/1/2334 3928/1/2334 3929/1/2334
f 3928/1/2334 3918/1/2334 3929/1/2334
usemtl edge
f 3930/1/2335 3931/1/2335 3932/1/2335 3933/1/2335
f 3931/1/2336 3934/1/2336 3935/1/2336 3932/1/2336
f 3934/1/2337 3936/1/2337 3937/1/2337 3935/1/2337
f 3936/1/2338 3938/1/2338 3939/1/2338 3937/1/2338
f 3938/1/2339 3940/1/2339 3941/1/2339 3939/1/2339
f 3940/1/2340 3942/1/2340 3943/1/2340 3941/1/2340
f 3942/1/2341 3944/1/2341 3945/1/2341 3943/1/2341
f 3944/1/2342 3946/1/2342 3947/1/2342 3945/1/2342
f 3946/1/2343 3948/1/2343 3949/1/2343 3947/1/2343
f 3948/1/2344 3950/1/2344 3951/1/2344 3949/1/2344
f 3950/1/2345 3952/1/2345 3953/1/2345 3951/1/2345
f 3952/1/2346 3930/1/2346 3933/1/2346 3953/1/2346
f 3933/1/2310 3932/1/2310 3954/1/2310 3955/1/2310
f 3932/1/2311 3935/1/2311 3956/1/2311 3954/1/2311
f 3935/1/2312 3937/1/2312 3957/1/2312 3956/1/2312
f 3937/1/2313 3939/1/2313 3958/1/2313 3957/1/2313
f 3939/1/2314 3941/1/2314 3959/1/2314 3958/1/2314
f 3941/1/2315 3943/1/2315 3960/1/2315 3959/1/2315
f 3943/1/2316 3945/1/2316 3961/1/2316 3960/1/2316
f 3945/1/2317 3947/1/2317 3962/1/2317 3961/1/2317
f 3947/1/2318 3949/1/2318 3963/1/2318 3962/1/2318
f 3949/1/2319 3951/1/2319 3964/1/2319 3963/1/2319
f 3951/1/2320 3953/1/2320 3965/1/2320 3964/1/2320
f 3953/1/2321 3933/1/2321 3955/1/2321 3965/1/2321
f 3955/1/2347 3954/1/2347 3966/1/2347 3967/1/2347
f 3954/1/2348 3956/1/2348 3968/1/2348 3966/1/2348
f 3956/1/2349 3957/1/2349 3969/1/2349 3968/1/2349
f 3957/1/2350 3958/1/2350 3970/1/2350 3969/1/2350
f 3958/1/2351 3959/1/2351 3971/1/2351 3970/1/2351
f 3959/1/2352 3960/1/2352 3972/1/2352 3971/1/2352
f 3960/1/2353 3961/1/2353 3973/1/2353 3972/1/2353
f 3961/1/2354 3962/1/2354 3974/1/2354 3973/1/2354
f 3962/1/2355 3963/1/2355 3975/1/2355 3974/1/2355
f 3963/1/2356 3964/1/2356 3976/1/2356 3975/1/2356
f 3964/1/2357 3965/1/2357 3977/1/2357 3976/1/2357
f 3965/1/2358 3955/1/2358 3967/1/2358 3977/1/2358
f 3967/1/2316 3966/1/2316 3931/1/2316 3930/1/2316
f 3966/1/2317 3968/1/2317 3934/1/2317 3931/1/2317
f 3968/1/2318 3969/1/2318 3936/1/2318 3934/1/2318
f 3969/1/2319 3970/1/2319 3938/1/2319 3936/1/2319
f 3970/1/2320 3971/1/2320 3940/1/2320 3938/1/2320
f 3971/1/2321 3972/1/2321 3942/1/2321 3940/1/2321
f 3972/1/2310 3973/1/2310 3944/1/2310 3942/1/2310
f 3973/1/2311 3974/1/2311 3946/1/2311 3944/1/2311
f 3974/1/2312 3975/1/2312 3948/1/2312 3946/1/2312
f 3975/1/2313 3976/1/2313 3950/1/2313 3948/1/2313
f 3976/1/2314 3977/1/2314 3952/1/2314 3950/1/2314
f 3977/1/2315 3967/1/2315 3930/1/2315 3952/1/2315
usemtl cyan
f 3978/1/2297 3979/1/2297 3980/1/2297
f 3978/1/2297 3981/1/2297 3979/1/2297
f 3978/1/2297 3982/1/2297 3981/1/2297
f 3978/1/2297 3983/1/2297 3982/1/2297
f 3978/1/2297 3984/1/2297 3983/1/2297
f 3978/1/2297 3985/1/2297 3984/1/2297
f 3978/1/2297 3986/1/2297 3985/1/2297
f 3978/1/2297 3987/1/2297 3986/1/2297
f 3978/1/2297 3988/1/2297 3987/1/2297
f 3978/1/2297 3989/1/2297 3988/1/2297
f 3978/1/2297 3990/1/2297 3989/1/2297
f 3978/1/2297 3980/1/2297 3990/1/2297
f 3980/1/2310 3979/1/2310 3991/1/2310 3992/1/2310
f 3979/1/2311 3981/1/2311 3993/1/2311 3991/1/2311
f 3981/1/2312 3982/1/2312 3994/1/2312 3993/1/2312
f 3982/1/2313 3983/1/2313 3995/1/2313 3994/1/2313
f 3983/1/2314 3984/1/2314 3996/1/2314 3995/1/2314
f 3984/1/2315 3985/1/2315 3997/1/2315 3996/1/2315
f 3985/1/2316 3986/1/2316 3998/1/2316 3997/1/2316
f 3986/1/2317 3987/1/2317 3999/1/2317 3998/1/2317
f 3987/1/2318 3988/1/2318 4000/1/2318 3999/1/2318
f 3988/1/2319 3989/1/2319 4001/1/2319 4000/1/2319
f 3989/1/2320 3990/1/2320 4002/1/2320 4001/1/2320
f 3990/1/2321 3980/1/2321 3992/1/2321 4002/1/2321
f 3992/1/2334 3991/1/2334 4003/1/2334
f 3991/1/2334 3993/1/2334 4003/1/2334
f 3993/1/2334 3994/1/2334 4003/1/2334
f 3994/1/2334 3995/1/2334 4003/1/2334
f 3995/1/2334 3996/1/2334 4003/1/2334
f 3996/1/2334 3997/1/2334 4003/1/2334
f 3997/1/2334 3998/1/2334 4003/1/2334
f 3998/1/2334 3999/1/2334 4003/1/2334
f 3999/1/2334 4000/1/2334 4003/1/2334
f 4000/1/2334 4001/1/2334 4003/1/2334
f 4001/1/2334 4002/1/2334 4003/1/2334
f 4002/1/2334 3992/1/2334 4003/1/2334
usemtl steel
f 4004/1/2359 4005/1/2359 4006/1/2359
usemtl silver
f 4007/1/2360 4008/1/2360 4009/1/2360
usemtl steel
f 4004/1/2359 4006/1/2359 4010/1/2359
usemtl silver
f 4007/1/2360 4011/1/2360 4008/1/2360
f 4007/1/2361 4009/1/2361 4005/1/2361 4004/1/2361
f 4009/1/1658 4008/1/1658 4006/1/1658 4005/1/1658
f 4008/1/2362 4011/1/2362 4010/1/2362 4006/1/2362
f 4011/1/1657 4007/1/1657 4004/1/1657 4010/1/1657
usemtl cyan
f 4012/1/2359 4013/1/2359 4014/1/2359
usemtl silver
f 4015/1/2360 4016/1/2360 4017/1/2360
usemtl cyan
f 4012/1/2359 4014/1/2359 4018/1/2359
usemtl silver
f 4015/1/2360 4019/1/2360 4016/1/2360
f 4015/1/2361 4017/1/2361 4013/1/2361 4012/1/2361
f 4017/1/1658 4016/1/1658 4014/1/1658 4013/1/1658
f 4016/1/2362 4019/1/2362 4018/1/2362 4014/1/2362
f 4019/1/1657 4015/1/1657 4012/1/1657 4018/1/1657
usemtl graphite
f 4020/1/2363 4021/1/2363 4022/1/2363
f 4020/1/2363 4023/1/2363 4021/1/2363
f 4020/1/2363 4024/1/2363 4023/1/2363
f 4020/1/2363 4025/1/2363 4024/1/2363
f 4020/1/2363 4026/1/2363 4025/1/2363
f 4020/1/2363 4027/1/2363 4026/1/2363
f 4020/1/2363 4028/1/2363 4027/1/2363
f 4020/1/2363 4029/1/2363 4028/1/2363
f 4020/1/2363 4030/1/2363 4029/1/2363
f 4020/1/2363 4031/1/2363 4030/1/2363
f 4020/1/2363 4032/1/2363 4031/1/2363
f 4020/1/2363 4022/1/2363 4032/1/2363
f 4022/1/2364 4021/1/2364 4033/1/2364 4034/1/2364
f 4021/1/2365 4023/1/2365 4035/1/2365 4033/1/2365
f 4023/1/2366 4024/1/2366 4036/1/2366 4035/1/2366
f 4024/1/2367 4025/1/2367 4037/1/2367 4036/1/2367
f 4025/1/2368 4026/1/2368 4038/1/2368 4037/1/2368
f 4026/1/2369 4027/1/2369 4039/1/2369 4038/1/2369
f 4027/1/2370 4028/1/2370 4040/1/2370 4039/1/2370
f 4028/1/2371 4029/1/2371 4041/1/2371 4040/1/2371
f 4029/1/2372 4030/1/2372 4042/1/2372 4041/1/2372
f 4030/1/2373 4031/1/2373 4043/1/2373 4042/1/2373
f 4031/1/2374 4032/1/2374 4044/1/2374 4043/1/2374
f 4032/1/2375 4022/1/2375 4034/1/2375 4044/1/2375
f 4034/1/2376 4033/1/2376 4045/1/2376 4046/1/2376
f 4033/1/2377 4035/1/2377 4047/1/2377 4045/1/2377
f 4035/1/2378 4036/1/2378 4048/1/2378 4047/1/2378
f 4036/1/2379 4037/1/2379 4049/1/2379 4048/1/2379
f 4037/1/2380 4038/1/2380 4050/1/2380 4049/1/2380
f 4038/1/2381 4039/1/2381 4051/1/2381 4050/1/2381
f 4039/1/2382 4040/1/2382 4052/1/2382 4051/1/2382
f 4040/1/2383 4041/1/2383 4053/1/2383 4052/1/2383
f 4041/1/2384 4042/1/2384 4054/1/2384 4053/1/2384
f 4042/1/2385 4043/1/2385 4055/1/2385 4054/1/2385
f 4043/1/2386 4044/1/2386 4056/1/2386 4055/1/2386
f 4044/1/2387 4034/1/2387 4046/1/2387 4056/1/2387
f 4046/1/2388 4045/1/2388 4057/1/2388 4058/1/2388
f 4045/1/2389 4047/1/2389 4059/1/2389 4057/1/2389
f 4047/1/2390 4048/1/2390 4060/1/2390 4059/1/2390
f 4048/1/2391 4049/1/2391 4061/1/2391 4060/1/2391
f 4049/1/2392 4050/1/2392 4062/1/2392 4061/1/2392
f 4050/1/2393 4051/1/2393 4063/1/2393 4062/1/2393
f 4051/1/2394 4052/1/2394 4064/1/2394 4063/1/2394
f 4052/1/2395 4053/1/2395 4065/1/2395 4064/1/2395
f 4053/1/2396 4054/1/2396 4066/1/2396 4065/1/2396
f 4054/1/2397 4055/1/2397 4067/1/2397 4066/1/2397
f 4055/1/2398 4056/1/2398 4068/1/2398 4067/1/2398
f 4056/1/2399 4046/1/2399 4058/1/2399 4068/1/2399
f 4058/1/2400 4057/1/2400 4069/1/2400 4070/1/2400
f 4057/1/2400 4059/1/2400 4071/1/2400 4069/1/2400
f 4059/1/2400 4060/1/2400 4072/1/2400 4071/1/2400
f 4060/1/2400 4061/1/2400 4073/1/2400 4072/1/2400
f 4061/1/2400 4062/1/2400 4074/1/2400 4073/1/2400
f 4062/1/2400 4063/1/2400 4075/1/2400 4074/1/2400
f 4063/1/2400 4064/1/2400 4076/1/2400 4075/1/2400
f 4064/1/2400 4065/1/2400 4077/1/2400 4076/1/2400
f 4065/1/2400 4066/1/2400 4078/1/2400 4077/1/2400
f 4066/1/2400 4067/1/2400 4079/1/2400 4078/1/2400
f 4067/1/2400 4068/1/2400 4080/1/2400 4079/1/2400
f 4068/1/2400 4058/1/2400 4070/1/2400 4080/1/2400
f 4070/1/2382 4069/1/2382 4081/1/2382 4082/1/2382
f 4069/1/2383 4071/1/2383 4083/1/2383 4081/1/2383
f 4071/1/2384 4072/1/2384 4084/1/2384 4083/1/2384
f 4072/1/2385 4073/1/2385 4085/1/2385 4084/1/2385
f 4073/1/2386 4074/1/2386 4086/1/2386 4085/1/2386
f 4074/1/2387 4075/1/2387 4087/1/2387 4086/1/2387
f 4075/1/2376 4076/1/2376 4088/1/2376 4087/1/2376
f 4076/1/2377 4077/1/2377 4089/1/2377 4088/1/2377
f 4077/1/2378 4078/1/2378 4090/1/2378 4089/1/2378
f 4078/1/2379 4079/1/2379 4091/1/2379 4090/1/2379
f 4079/1/2380 4080/1/2380 4092/1/2380 4091/1/2380
f 4080/1/2381 4070/1/2381 4082/1/2381 4092/1/2381
f 4082/1/2400 4081/1/2400 4093/1/2400
f 4081/1/2400 4083/1/2400 4093/1/2400
f 4083/1/2400 4084/1/2400 4093/1/2400
f 4084/1/2400 4085/1/2400 4093/1/2400
f 4085/1/2400 4086/1/2400 4093/1/2400
f 4086/1/2400 4087/1/2400 4093/1/2400
f 4087/1/2400 4088/1/2400 4093/1/2400
f 4088/1/2400 4089/1/2400 4093/1/2400
f 4089/1/2400 4090/1/2400 4093/1/2400
f 4090/1/2400 4091/1/2400 4093/1/2400
f 4091/1/2400 4092/1/2400 4093/1/2400
f 4092/1/2400 4082/1/2400 4093/1/2400
usemtl edge
f 4094/1/2401 4095/1/2401 4096/1/2401 4097/1/2401
f 4095/1/2402 4098/1/2402 4099/1/2402 4096/1/2402
f 4098/1/2403 4100/1/2403 4101/1/2403 4099/1/2403
f 4100/1/2404 4102/1/2404 4103/1/2404 4101/1/2404
f 4102/1/2405 4104/1/2405 4105/1/2405 4103/1/2405
f 4104/1/2406 4106/1/2406 4107/1/2406 4105/1/2406
f 4106/1/2407 4108/1/2407 4109/1/2407 4107/1/2407
f 4108/1/2408 4110/1/2408 4111/1/2408 4109/1/2408
f 4110/1/2409 4112/1/2409 4113/1/2409 4111/1/2409
f 4112/1/2410 4114/1/2410 4115/1/2410 4113/1/2410
f 4114/1/2411 4116/1/2411 4117/1/2411 4115/1/2411
f 4116/1/2412 4094/1/2412 4097/1/2412 4117/1/2412
f 4097/1/2376 4096/1/2376 4118/1/2376 4119/1/2376
f 4096/1/2377 4099/1/2377 4120/1/2377 4118/1/2377
f 4099/1/2378 4101/1/2378 4121/1/2378 4120/1/2378
f 4101/1/2379 4103/1/2379 4122/1/2379 4121/1/2379
f 4103/1/2380 4105/1/2380 4123/1/2380 4122/1/2380
f 4105/1/2381 4107/1/2381 4124/1/2381 4123/1/2381
f 4107/1/2382 4109/1/2382 4125/1/2382 4124/1/2382
f 4109/1/2383 4111/1/2383 4126/1/2383 4125/1/2383
f 4111/1/2384 4113/1/2384 4127/1/2384 4126/1/2384
f 4113/1/2385 4115/1/2385 4128/1/2385 4127/1/2385
f 4115/1/2386 4117/1/2386 4129/1/2386 4128/1/2386
f 4117/1/2387 4097/1/2387 4119/1/2387 4129/1/2387
f 4119/1/2413 4118/1/2413 4130/1/2413 4131/1/2413
f 4118/1/2414 4120/1/2414 4132/1/2414 4130/1/2414
f 4120/1/2415 4121/1/2415 4133/1/2415 4132/1/2415
f 4121/1/2416 4122/1/2416 4134/1/2416 4133/1/2416
f 4122/1/2417 4123/1/2417 4135/1/2417 4134/1/2417
f 4123/1/2418 4124/1/2418 4136/1/2418 4135/1/2418
f 4124/1/2419 4125/1/2419 4137/1/2419 4136/1/2419
f 4125/1/2420 4126/1/2420 4138/1/2420 4137/1/2420
f 4126/1/2421 4127/1/2421 4139/1/2421 4138/1/2421
f 4127/1/2422 4128/1/2422 4140/1/2422 4139/1/2422
f 4128/1/2423 4129/1/2423 4141/1/2423 4140/1/2423
f 4129/1/2424 4119/1/2424 4131/1/2424 4141/1/2424
f 4131/1/2382 4130/1/2382 4095/1/2382 4094/1/2382
f 4130/1/2383 4132/1/2383 4098/1/2383 4095/1/2383
f 4132/1/2384 4133/1/2384 4100/1/2384 4098/1/2384
f 4133/1/2385 4134/1/2385 4102/1/2385 4100/1/2385
f 4134/1/2386 4135/1/2386 4104/1/2386 4102/1/2386
f 4135/1/2387 4136/1/2387 4106/1/2387 4104/1/2387
f 4136/1/2376 4137/1/2376 4108/1/2376 4106/1/2376
f 4137/1/2377 4138/1/2377 4110/1/2377 4108/1/2377
f 4138/1/2378 4139/1/2378 4112/1/2378 4110/1/2378
f 4139/1/2379 4140/1/2379 4114/1/2379 4112/1/2379
f 4140/1/2380 4141/1/2380 4116/1/2380 4114/1/2380
f 4141/1/2381 4131/1/2381 4094/1/2381 4116/1/2381
usemtl cyan
f 4142/1/2363 4143/1/2363 4144/1/2363
f 4142/1/2363 4145/1/2363 4143/1/2363
f 4142/1/2363 4146/1/2363 4145/1/2363
f 4142/1/2363 4147/1/2363 4146/1/2363
f 4142/1/2363 4148/1/2363 4147/1/2363
f 4142/1/2363 4149/1/2363 4148/1/2363
f 4142/1/2363 4150/1/2363 4149/1/2363
f 4142/1/2363 4151/1/2363 4150/1/2363
f 4142/1/2363 4152/1/2363 4151/1/2363
f 4142/1/2363 4153/1/2363 4152/1/2363
f 4142/1/2363 4154/1/2363 4153/1/2363
f 4142/1/2363 4144/1/2363 4154/1/2363
f 4144/1/2376 4143/1/2376 4155/1/2376 4156/1/2376
f 4143/1/2377 4145/1/2377 4157/1/2377 4155/1/2377
f 4145/1/2378 4146/1/2378 4158/1/2378 4157/1/2378
f 4146/1/2379 4147/1/2379 4159/1/2379 4158/1/2379
f 4147/1/2380 4148/1/2380 4160/1/2380 4159/1/2380
f 4148/1/2381 4149/1/2381 4161/1/2381 4160/1/2381
f 4149/1/2382 4150/1/2382 4162/1/2382 4161/1/2382
f 4150/1/2383 4151/1/2383 4163/1/2383 4162/1/2383
f 4151/1/2384 4152/1/2384 4164/1/2384 4163/1/2384
f 4152/1/2385 4153/1/2385 4165/1/2385 4164/1/2385
f 4153/1/2386 4154/1/2386 4166/1/2386 4165/1/2386
f 4154/1/2387 4144/1/2387 4156/1/2387 4166/1/2387
f 4156/1/2400 4155/1/2400 4167/1/2400
f 4155/1/2400 4157/1/2400 4167/1/2400
f 4157/1/2400 4158/1/2400 4167/1/2400
f 4158/1/2400 4159/1/2400 4167/1/2400
f 4159/1/2400 4160/1/2400 4167/1/2400
f 4160/1/2400 4161/1/2400 4167/1/2400
f 4161/1/2400 4162/1/2400 4167/1/2400
f 4162/1/2400 4163/1/2400 4167/1/2400
f 4163/1/2400 4164/1/2400 4167/1/2400
f 4164/1/2400 4165/1/2400 4167/1/2400
f 4165/1/2400 4166/1/2400 4167/1/2400
f 4166/1/2400 4156/1/2400 4167/1/2400
usemtl steel
f 4168/1/2425 4169/1/2425 4170/1/2425
usemtl silver
f 4171/1/2426 4172/1/2426 4173/1/2426
usemtl steel
f 4168/1/2425 4170/1/2425 4174/1/2425
usemtl silver
f 4171/1/2426 4175/1/2426 4172/1/2426
f 4171/1/2427 4173/1/2427 4169/1/2427 4168/1/2427
f 4173/1/1658 4172/1/1658 4170/1/1658 4169/1/1658
f 4172/1/2428 4175/1/2428 4174/1/2428 4170/1/2428
f 4175/1/1657 4171/1/1657 4168/1/1657 4174/1/1657
usemtl cyan
f 4176/1/2425 4177/1/2425 4178/1/2425
usemtl silver
f 4179/1/2426 4180/1/2426 4181/1/2426
usemtl cyan
f 4176/1/2425 4178/1/2425 4182/1/2425
usemtl silver
f 4179/1/2426 4183/1/2426 4180/1/2426
f 4179/1/2427 4181/1/2427 4177/1/2427 4176/1/2427
f 4181/1/1590 4180/1/1590 4178/1/1590 4177/1/1590
f 4180/1/2428 4183/1/2428 4182/1/2428 4178/1/2428
f 4183/1/1588 4179/1/1588 4176/1/1588 4182/1/1588
usemtl graphite
f 4184/1/2429 4185/1/2429 4186/1/2429
f 4184/1/2429 4187/1/2429 4185/1/2429
f 4184/1/2429 4188/1/2429 4187/1/2429
f 4184/1/2429 4189/1/2429 4188/1/2429
f 4184/1/2429 4190/1/2429 4189/1/2429
f 4184/1/2429 4186/1/2429 4190/1/2429
f 4186/1/2430 4185/1/2430 4191/1/2430 4192/1/2430
f 4185/1/2431 4187/1/2431 4193/1/2431 4191/1/2431
f 4187/1/2432 4188/1/2432 4194/1/2432 4193/1/2432
f 4188/1/2433 4189/1/2433 4195/1/2433 4194/1/2433
f 4189/1/2434 4190/1/2434 4196/1/2434 4195/1/2434
f 4190/1/2435 4186/1/2435 4192/1/2435 4196/1/2435
f 4192/1/2436 4191/1/2436 4197/1/2436 4198/1/2436
f 4191/1/2437 4193/1/2437 4199/1/2437 4197/1/2437
f 4193/1/2438 4194/1/2438 4200/1/2438 4199/1/2438
f 4194/1/2439 4195/1/2439 4201/1/2439 4200/1/2439
f 4195/1/2440 4196/1/2440 4202/1/2440 4201/1/2440
f 4196/1/2441 4192/1/2441 4198/1/2441 4202/1/2441
f 4198/1/2442 4197/1/2442 4203/1/2442 4204/1/2442
f 4197/1/2443 4199/1/2443 4205/1/2443 4203/1/2443
f 4199/1/2444 4200/1/2444 4206/1/2444 4205/1/2444
f 4200/1/2445 4201/1/2445 4207/1/2445 4206/1/2445
f 4201/1/2446 4202/1/2446 4208/1/2446 4207/1/2446
f 4202/1/2447 4198/1/2447 4204/1/2447 4208/1/2447
f 4204/1/2448 4203/1/2448 4209/1/2448 4210/1/2448
f 4203/1/2448 4205/1/2448 4211/1/2448 4209/1/2448
f 4205/1/2448 4206/1/2448 4212/1/2448 4211/1/2448
f 4206/1/2448 4207/1/2448 4213/1/2448 4212/1/2448
f 4207/1/2448 4208/1/2448 4214/1/2448 4213/1/2448
f 4208/1/2448 4204/1/2448 4210/1/2448 4214/1/2448
f 4210/1/2439 4209/1/2439 4215/1/2439 4216/1/2439
f 4209/1/2440 4211/1/2440 4217/1/2440 4215/1/2440
f 4211/1/2441 4212/1/2441 4218/1/2441 4217/1/2441
f 4212/1/2436 4213/1/2436 4219/1/2436 4218/1/2436
f 4213/1/2437 4214/1/2437 4220/1/2437 4219/1/2437
f 4214/1/2438 4210/1/2438 4216/1/2438 4220/1/2438
f 4216/1/2448 4215/1/2448 4221/1/2448
f 4215/1/2448 4217/1/2448 4221/1/2448
f 4217/1/2448 4218/1/2448 4221/1/2448
f 4218/1/2448 4219/1/2448 4221/1/2448
f 4219/1/2448 4220/1/2448 4221/1/2448
f 4220/1/2448 4216/1/2448 4221/1/2448
usemtl steel
f 4222/1/2449 4223/1/2449 4224/1/2449 4225/1/2449
f 4223/1/2450 4226/1/2450 4227/1/2450 4224/1/2450
f 4226/1/2451 4228/1/2451 4229/1/2451 4227/1/2451
f 4228/1/2452 4230/1/2452 4231/1/2452 4229/1/2452
f 4230/1/2453 4232/1/2453 4233/1/2453 4231/1/2453
f 4232/1/2454 4222/1/2454 4225/1/2454 4233/1/2454
f 4225/1/2436 4224/1/2436 4234/1/2436 4235/1/2436
f 4224/1/2437 4227/1/2437 4236/1/2437 4234/1/2437
f 4227/1/2438 4229/1/2438 4237/1/2438 4236/1/2438
f 4229/1/2439 4231/1/2439 4238/1/2439 4237/1/2439
f 4231/1/2440 4233/1/2440 4239/1/2440 4238/1/2440
f 4233/1/2441 4225/1/2441 4235/1/2441 4239/1/2441
f 4235/1/2455 4234/1/2455 4240/1/2455 4241/1/2455
f 4234/1/2456 4236/1/2456 4242/1/2456 4240/1/2456
f 4236/1/2457 4237/1/2457 4243/1/2457 4242/1/2457
f 4237/1/2458 4238/1/2458 4244/1/2458 4243/1/2458
f 4238/1/2459 4239/1/2459 4245/1/2459 4244/1/2459
f 4239/1/2460 4235/1/2460 4241/1/2460 4245/1/2460
f 4241/1/2439 4240/1/2439 4223/1/2439 4222/1/2439
f 4240/1/2440 4242/1/2440 4226/1/2440 4223/1/2440
f 4242/1/2441 4243/1/2441 4228/1/2441 4226/1/2441
f 4243/1/2436 4244/1/2436 4230/1/2436 4228/1/2436
f 4244/1/2437 4245/1/2437 4232/1/2437 4230/1/2437
f 4245/1/2438 4241/1/2438 4222/1/2438 4232/1/2438
usemtl silver
f 4246/1/2429 4247/1/2429 4248/1/2429
f 4246/1/2429 4249/1/2429 4247/1/2429
f 4246/1/2429 4250/1/2429 4249/1/2429
f 4246/1/2429 4251/1/2429 4250/1/2429
f 4246/1/2429 4252/1/2429 4251/1/2429
f 4246/1/2429 4248/1/2429 4252/1/2429
f 4248/1/2436 4247/1/2436 4253/1/2436 4254/1/2436
f 4247/1/2437 4249/1/2437 4255/1/2437 4253/1/2437
f 4249/1/2438 4250/1/2438 4256/1/2438 4255/1/2438
f 4250/1/2439 4251/1/2439 4257/1/2439 4256/1/2439
f 4251/1/2440 4252/1/2440 4258/1/2440 4257/1/2440
f 4252/1/2441 4248/1/2441 4254/1/2441 4258/1/2441
f 4254/1/2448 4253/1/2448 4259/1/2448
f 4253/1/2448 4255/1/2448 4259/1/2448
f 4255/1/2448 4256/1/2448 4259/1/2448
f 4256/1/2448 4257/1/2448 4259/1/2448
f 4257/1/2448 4258/1/2448 4259/1/2448
f 4258/1/2448 4254/1/2448 4259/1/2448
usemtl graphite
f 4260/1/2461 4261/1/2461 4262/1/2461
f 4260/1/2461 4263/1/2461 4261/1/2461
f 4260/1/2461 4264/1/2461 4263/1/2461
f 4260/1/2461 4265/1/2461 4264/1/2461
f 4260/1/2461 4266/1/2461 4265/1/2461
f 4260/1/2461 4262/1/2461 4266/1/2461
f 4262/1/2462 4261/1/2462 4267/1/2462 4268/1/2462
f 4261/1/2463 4263/1/2463 4269/1/2463 4267/1/2463
f 4263/1/2464 4264/1/2464 4270/1/2464 4269/1/2464
f 4264/1/2465 4265/1/2465 4271/1/2465 4270/1/2465
f 4265/1/2466 4266/1/2466 4272/1/2466 4271/1/2466
f 4266/1/2467 4262/1/2467 4268/1/2467 4272/1/2467
f 4268/1/2468 4267/1/2468 4273/1/2468 4274/1/2468
f 4267/1/2469 4269/1/2469 4275/1/2469 4273/1/2469
f 4269/1/2470 4270/1/2470 4276/1/2470 4275/1/2470
f 4270/1/2471 4271/1/2471 4277/1/2471 4276/1/2471
f 4271/1/2472 4272/1/2472 4278/1/2472 4277/1/2472
f 4272/1/2473 4268/1/2473 4274/1/2473 4278/1/2473
f 4274/1/2474 4273/1/2474 4279/1/2474 4280/1/2474
f 4273/1/2475 4275/1/2475 4281/1/2475 4279/1/2475
f 4275/1/2476 4276/1/2476 4282/1/2476 4281/1/2476
f 4276/1/2477 4277/1/2477 4283/1/2477 4282/1/2477
f 4277/1/2478 4278/1/2478 4284/1/2478 4283/1/2478
f 4278/1/2479 4274/1/2479 4280/1/2479 4284/1/2479
f 4280/1/2480 4279/1/2480 4285/1/2480 4286/1/2480
f 4279/1/2480 4281/1/2480 4287/1/2480 4285/1/2480
f 4281/1/2480 4282/1/2480 4288/1/2480 4287/1/2480
f 4282/1/2480 4283/1/2480 4289/1/2480 4288/1/2480
f 4283/1/2480 4284/1/2480 4290/1/2480 4289/1/2480
f 4284/1/2480 4280/1/2480 4286/1/2480 4290/1/2480
f 4286/1/2471 4285/1/2471 4291/1/2471 4292/1/2471
f 4285/1/2472 4287/1/2472 4293/1/2472 4291/1/2472
f 4287/1/2473 4288/1/2473 4294/1/2473 4293/1/2473
f 4288/1/2468 4289/1/2468 4295/1/2468 4294/1/2468
f 4289/1/2469 4290/1/2469 4296/1/2469 4295/1/2469
f 4290/1/2470 4286/1/2470 4292/1/2470 4296/1/2470
f 4292/1/2480 4291/1/2480 4297/1/2480
f 4291/1/2480 4293/1/2480 4297/1/2480
f 4293/1/2480 4294/1/2480 4297/1/2480
f 4294/1/2480 4295/1/2480 4297/1/2480
f 4295/1/2480 4296/1/2480 4297/1/2480
f 4296/1/2480 4292/1/2480 4297/1/2480
usemtl steel
f 4298/1/2481 4299/1/2481 4300/1/2481 4301/1/2481
f 4299/1/2482 4302/1/2482 4303/1/2482 4300/1/2482
f 4302/1/2483 4304/1/2483 4305/1/2483 4303/1/2483
f 4304/1/2484 4306/1/2484 4307/1/2484 4305/1/2484
f 4306/1/2485 4308/1/2485 4309/1/2485 4307/1/2485
f 4308/1/2486 4298/1/2486 4301/1/2486 4309/1/2486
f 4301/1/2468 4300/1/2468 4310/1/2468 4311/1/2468
f 4300/1/2469 4303/1/2469 4312/1/2469 4310/1/2469
f 4303/1/2470 4305/1/2470 4313/1/2470 4312/1/2470
f 4305/1/2471 4307/1/2471 4314/1/2471 4313/1/2471
f 4307/1/2472 4309/1/2472 4315/1/2472 4314/1/2472
f 4309/1/2473 4301/1/2473 4311/1/2473 4315/1/2473
f 4311/1/2487 4310/1/2487 4316/1/2487 4317/1/2487
f 4310/1/2488 4312/1/2488 4318/1/2488 4316/1/2488
f 4312/1/2489 4313/1/2489 4319/1/2489 4318/1/2489
f 4313/1/2490 4314/1/2490 4320/1/2490 4319/1/2490
f 4314/1/2491 4315/1/2491 4321/1/2491 4320/1/2491
f 4315/1/2492 4311/1/2492 4317/1/2492 4321/1/2492
f 4317/1/2471 4316/1/2471 4299/1/2471 4298/1/2471
f 4316/1/2472 4318/1/2472 4302/1/2472 4299/1/2472
f 4318/1/2473 4319/1/2473 4304/1/2473 4302/1/2473
f 4319/1/2468 4320/1/2468 4306/1/2468 4304/1/2468
f 4320/1/2469 4321/1/2469 4308/1/2469 4306/1/2469
f 4321/1/2470 4317/1/2470 4298/1/2470 4308/1/2470
usemtl silver
f 4322/1/2461 4323/1/2461 4324/1/2461
f 4322/1/2461 4325/1/2461 4323/1/2461
f 4322/1/2461 4326/1/2461 4325/1/2461
f 4322/1/2461 4327/1/2461 4326/1/2461
f 4322/1/2461 4328/1/2461 4327/1/2461
f 4322/1/2461 4324/1/2461 4328/1/2461
f 4324/1/2468 4323/1/2468 4329/1/2468 4330/1/2468
f 4323/1/2469 4325/1/2469 4331/1/2469 4329/1/2469
f 4325/1/2470 4326/1/2470 4332/1/2470 4331/1/2470
f 4326/1/2471 4327/1/2471 4333/1/2471 4332/1/2471
f 4327/1/2472 4328/1/2472 4334/1/2472 4333/1/2472
f 4328/1/2473 4324/1/2473 4330/1/2473 4334/1/2473
f 4330/1/2480 4329/1/2480 4335/1/2480
f 4329/1/2480 4331/1/2480 4335/1/2480
f 4331/1/2480 4332/1/2480 4335/1/2480
f 4332/1/2480 4333/1/2480 4335/1/2480
f 4333/1/2480 4334/1/2480 4335/1/2480
f 4334/1/2480 4330/1/2480 4335/1/2480
usemtl graphite
f 4336/1/2493 4337/1/2493 4338/1/2493
f 4336/1/2493 4339/1/2493 4337/1/2493
f 4336/1/2493 4340/1/2493 4339/1/2493
f 4336/1/2493 4341/1/2493 4340/1/2493
f 4336/1/2493 4342/1/2493 4341/1/2493
f 4336/1/2493 4338/1/2493 4342/1/2493
f 4338/1/2494 4337/1/2494 4343/1/2494 4344/1/2494
f 4337/1/2495 4339/1/2495 4345/1/2495 4343/1/2495
f 4339/1/2496 4340/1/2496 4346/1/2496 4345/1/2496
f 4340/1/2497 4341/1/2497 4347/1/2497 4346/1/2497
f 4341/1/2498 4342/1/2498 4348/1/2498 4347/1/2498
f 4342/1/2499 4338/1/2499 4344/1/2499 4348/1/2499
f 4344/1/2500 4343/1/2500 4349/1/2500 4350/1/2500
f 4343/1/2501 4345/1/2501 4351/1/2501 4349/1/2501
f 4345/1/2502 4346/1/2502 4352/1/2502 4351/1/2502
f 4346/1/2503 4347/1/2503 4353/1/2503 4352/1/2503
f 4347/1/2504 4348/1/2504 4354/1/2504 4353/1/2504
f 4348/1/2505 4344/1/2505 4350/1/2505 4354/1/2505
f 4350/1/2506 4349/1/2506 4355/1/2506 4356/1/2506
f 4349/1/2507 4351/1/2507 4357/1/2507 4355/1/2507
f 4351/1/2508 4352/1/2508 4358/1/2508 4357/1/2508
f 4352/1/2509 4353/1/2509 4359/1/2509 4358/1/2509
f 4353/1/2510 4354/1/2510 4360/1/2510 4359/1/2510
f 4354/1/2511 4350/1/2511 4356/1/2511 4360/1/2511
f 4356/1/2512 4355/1/2512 4361/1/2512 4362/1/2512
f 4355/1/2512 4357/1/2512 4363/1/2512 4361/1/2512
f 4357/1/2512 4358/1/2512 4364/1/2512 4363/1/2512
f 4358/1/2512 4359/1/2512 4365/1/2512 4364/1/2512
f 4359/1/2512 4360/1/2512 4366/1/2512 4365/1/2512
f 4360/1/2512 4356/1/2512 4362/1/2512 4366/1/2512
f 4362/1/2503 4361/1/2503 4367/1/2503 4368/1/2503
f 4361/1/2504 4363/1/2504 4369/1/2504 4367/1/2504
f 4363/1/2505 4364/1/2505 4370/1/2505 4369/1/2505
f 4364/1/2500 4365/1/2500 4371/1/2500 4370/1/2500
f 4365/1/2501 4366/1/2501 4372/1/2501 4371/1/2501
f 4366/1/2502 4362/1/2502 4368/1/2502 4372/1/2502
f 4368/1/2512 4367/1/2512 4373/1/2512
f 4367/1/2512 4369/1/2512 4373/1/2512
f 4369/1/2512 4370/1/2512 4373/1/2512
f 4370/1/2512 4371/1/2512 4373/1/2512
f 4371/1/2512 4372/1/2512 4373/1/2512
f 4372/1/2512 4368/1/2512 4373/1/2512
usemtl steel
f 4374/1/2513 4375/1/2513 4376/1/2513 4377/1/2513
f 4375/1/2514 4378/1/2514 4379/1/2514 4376/1/2514
f 4378/1/2515 4380/1/2515 4381/1/2515 4379/1/2515
f 4380/1/2516 4382/1/2516 4383/1/2516 4381/1/2516
f 4382/1/2517 4384/1/2517 4385/1/2517 4383/1/2517
f 4384/1/2518 4374/1/2518 4377/1/2518 4385/1/2518
f 4377/1/2500 4376/1/2500 4386/1/2500 4387/1/2500
f 4376/1/2501 4379/1/2501 4388/1/2501 4386/1/2501
f 4379/1/2502 4381/1/2502 4389/1/2502 4388/1/2502
f 4381/1/2503 4383/1/2503 4390/1/2503 4389/1/2503
f 4383/1/2504 4385/1/2504 4391/1/2504 4390/1/2504
f 4385/1/2505 4377/1/2505 4387/1/2505 4391/1/2505
f 4387/1/2519 4386/1/2519 4392/1/2519 4393/1/2519
f 4386/1/2520 4388/1/2520 4394/1/2520 4392/1/2520
f 4388/1/2521 4389/1/2521 4395/1/2521 4394/1/2521
f 4389/1/2522 4390/1/2522 4396/1/2522 4395/1/2522
f 4390/1/2523 4391/1/2523 4397/1/2523 4396/1/2523
f 4391/1/2524 4387/1/2524 4393/1/2524 4397/1/2524
f 4393/1/2503 4392/1/2503 4375/1/2503 4374/1/2503
f 4392/1/2504 4394/1/2504 4378/1/2504 4375/1/2504
f 4394/1/2505 4395/1/2505 4380/1/2505 4378/1/2505
f 4395/1/2500 4396/1/2500 4382/1/2500 4380/1/2500
f 4396/1/2501 4397/1/2501 4384/1/2501 4382/1/2501
f 4397/1/2502 4393/1/2502 4374/1/2502 4384/1/2502
usemtl silver
f 4398/1/2493 4399/1/2493 4400/1/2493
f 4398/1/2493 4401/1/2493 4399/1/2493
f 4398/1/2493 4402/1/2493 4401/1/2493
f 4398/1/2493 4403/1/2493 4402/1/2493
f 4398/1/2493 4404/1/2493 4403/1/2493
f 4398/1/2493 4400/1/2493 4404/1/2493
f 4400/1/2500 4399/1/2500 4405/1/2500 4406/1/2500
f 4399/1/2501 4401/1/2501 4407/1/2501 4405/1/2501
f 4401/1/2502 4402/1/2502 4408/1/2502 4407/1/2502
f 4402/1/2503 4403/1/2503 4409/1/2503 4408/1/2503
f 4403/1/2504 4404/1/2504 4410/1/2504 4409/1/2504
f 4404/1/2505 4400/1/2505 4406/1/2505 4410/1/2505
f 4406/1/2512 4405/1/2512 4411/1/2512
f 4405/1/2512 4407/1/2512 4411/1/2512
f 4407/1/2512 4408/1/2512 4411/1/2512
f 4408/1/2512 4409/1/2512 4411/1/2512
f 4409/1/2512 4410/1/2512 4411/1/2512
f 4410/1/2512 4406/1/2512 4411/1/2512
usemtl graphite
f 4412/1/2525 4413/1/2525 4414/1/2525
f 4412/1/2525 4415/1/2525 4413/1/2525
f 4412/1/2525 4416/1/2525 4415/1/2525
f 4412/1/2525 4417/1/2525 4416/1/2525
f 4412/1/2525 4418/1/2525 4417/1/2525
f 4412/1/2525 4414/1/2525 4418/1/2525
f 4414/1/2526 4413/1/2526 4419/1/2526 4420/1/2526
f 4413/1/2527 4415/1/2527 4421/1/2527 4419/1/2527
f 4415/1/2528 4416/1/2528 4422/1/2528 4421/1/2528
f 4416/1/2529 4417/1/2529 4423/1/2529 4422/1/2529
f 4417/1/2530 4418/1/2530 4424/1/2530 4423/1/2530
f 4418/1/2531 4414/1/2531 4420/1/2531 4424/1/2531
f 4420/1/2532 4419/1/2532 4425/1/2532 4426/1/2532
f 4419/1/2533 4421/1/2533 4427/1/2533 4425/1/2533
f 4421/1/2534 4422/1/2534 4428/1/2534 4427/1/2534
f 4422/1/2535 4423/1/2535 4429/1/2535 4428/1/2535
f 4423/1/2536 4424/1/2536 4430/1/2536 4429/1/2536
f 4424/1/2537 4420/1/2537 4426/1/2537 4430/1/2537
f 4426/1/2538 4425/1/2538 4431/1/2538 4432/1/2538
f 4425/1/2539 4427/1/2539 4433/1/2539 4431/1/2539
f 4427/1/2540 4428/1/2540 4434/1/2540 4433/1/2540
f 4428/1/2541 4429/1/2541 4435/1/2541 4434/1/2541
f 4429/1/2542 4430/1/2542 4436/1/2542 4435/1/2542
f 4430/1/2543 4426/1/2543 4432/1/2543 4436/1/2543
f 4432/1/2544 4431/1/2544 4437/1/2544 4438/1/2544
f 4431/1/2544 4433/1/2544 4439/1/2544 4437/1/2544
f 4433/1/2544 4434/1/2544 4440/1/2544 4439/1/2544
f 4434/1/2544 4435/1/2544 4441/1/2544 4440/1/2544
f 4435/1/2544 4436/1/2544 4442/1/2544 4441/1/2544
f 4436/1/2544 4432/1/2544 4438/1/2544 4442/1/2544
f 4438/1/2535 4437/1/2535 4443/1/2535 4444/1/2535
f 4437/1/2536 4439/1/2536 4445/1/2536 4443/1/2536
f 4439/1/2537 4440/1/2537 4446/1/2537 4445/1/2537
f 4440/1/2532 4441/1/2532 4447/1/2532 4446/1/2532
f 4441/1/2533 4442/1/2533 4448/1/2533 4447/1/2533
f 4442/1/2534 4438/1/2534 4444/1/2534 4448/1/2534
f 4444/1/2544 4443/1/2544 4449/1/2544
f 4443/1/2544 4445/1/2544 4449/1/2544
f 4445/1/2544 4446/1/2544 4449/1/2544
f 4446/1/2544 4447/1/2544 4449/1/2544
f 4447/1/2544 4448/1/2544 4449/1/2544
f 4448/1/2544 4444/1/2544 4449/1/2544
usemtl steel
f 4450/1/2545 4451/1/2545 4452/1/2545 4453/1/2545
f 4451/1/2546 4454/1/2546 4455/1/2546 4452/1/2546
f 4454/1/2547 4456/1/2547 4457/1/2547 4455/1/2547
f 4456/1/2548 4458/1/2548 4459/1/2548 4457/1/2548
f 4458/1/2549 4460/1/2549 4461/1/2549 4459/1/2549
f 4460/1/2550 4450/1/2550 4453/1/2550 4461/1/2550
f 4453/1/2532 4452/1/2532 4462/1/2532 4463/1/2532
f 4452/1/2533 4455/1/2533 4464/1/2533 4462/1/2533
f 4455/1/2534 4457/1/2534 4465/1/2534 4464/1/2534
f 4457/1/2535 4459/1/2535 4466/1/2535 4465/1/2535
f 4459/1/2536 4461/1/2536 4467/1/2536 4466/1/2536
f 4461/1/2537 4453/1/2537 4463/1/2537 4467/1/2537
f 4463/1/2551 4462/1/2551 4468/1/2551 4469/1/2551
f 4462/1/2552 4464/1/2552 4470/1/2552 4468/1/2552
f 4464/1/2553 4465/1/2553 4471/1/2553 4470/1/2553
f 4465/1/2554 4466/1/2554 4472/1/2554 4471/1/2554
f 4466/1/2555 4467/1/2555 4473/1/2555 4472/1/2555
f 4467/1/2556 4463/1/2556 4469/1/2556 4473/1/2556
f 4469/1/2535 4468/1/2535 4451/1/2535 4450/1/2535
f 4468/1/2536 4470/1/2536 4454/1/2536 4451/1/2536
f 4470/1/2537 4471/1/2537 4456/1/2537 4454/1/2537
f 4471/1/2532 4472/1/2532 4458/1/2532 4456/1/2532
f 4472/1/2533 4473/1/2533 4460/1/2533 4458/1/2533
f 4473/1/2534 4469/1/2534 4450/1/2534 4460/1/2534
usemtl silver
f 4474/1/2525 4475/1/2525 4476/1/2525
f 4474/1/2525 4477/1/2525 4475/1/2525
f 4474/1/2525 4478/1/2525 4477/1/2525
f 4474/1/2525 4479/1/2525 4478/1/2525
f 4474/1/2525 4480/1/2525 4479/1/2525
f 4474/1/2525 4476/1/2525 4480/1/2525
f 4476/1/2532 4475/1/2532 4481/1/2532 4482/1/2532
f 4475/1/2533 4477/1/2533 4483/1/2533 4481/1/2533
f 4477/1/2534 4478/1/2534 4484/1/2534 4483/1/2534
f 4478/1/2535 4479/1/2535 4485/1/2535 4484/1/2535
f 4479/1/2536 4480/1/2536 4486/1/2536 4485/1/2536
f 4480/1/2537 4476/1/2537 4482/1/2537 4486/1/2537
f 4482/1/2544 4481/1/2544 4487/1/2544
f 4481/1/2544 4483/1/2544 4487/1/2544
f 4483/1/2544 4484/1/2544 4487/1/2544
f 4484/1/2544 4485/1/2544 4487/1/2544
f 4485/1/2544 4486/1/2544 4487/1/2544
f 4486/1/2544 4482/1/2544 4487/1/2544
g shell_3
f 4488/1/2557 4489/1/2558 4490/1/2559 4491/1/2560
f 4492/1/2561 4493/1/2562 4489/1/2558 4488/1/2557
f 4494/1/2563 4495/1/2564 4493/1/2562 4492/1/2561
f 4496/1/2565 4497/1/2566 4495/1/2564 4494/1/2563
f 4498/1/2567 4499/1/2568 4497/1/2566 4496/1/2565
f 4500/1/2569 4501/1/2570 4499/1/2568 4498/1/2567
f 4489/1/2558 4502/1/2571 4503/1/2572 4490/1/2559
f 4493/1/2562 4504/1/2573 4502/1/2571 4489/1/2558
f 4495/1/2564 4505/1/2574 4504/1/2573 4493/1/2562
f 4497/1/2566 4506/1/2575 4505/1/2574 4495/1/2564
f 4499/1/2568 4507/1/2576 4506/1/2575 4497/1/2566
f 4501/1/2570 4508/1/2577 4507/1/2576 4499/1/2568
f 4502/1/2571 4509/1/2578 4510/1/2579 4503/1/2572
f 4504/1/2573 4511/1/2580 4509/1/2578 4502/1/2571
f 4505/1/2574 4512/1/553 4511/1/2580 4504/1/2573
f 4506/1/2575 4513/1/2581 4512/1/553 4505/1/2574
f 4507/1/2576 4514/1/2582 4513/1/2581 4506/1/2575
f 4508/1/2577 4515/1/2583 4514/1/2582 4507/1/2576
f 4509/1/2578 4516/1/2584 4517/1/2585 4510/1/2579
f 4511/1/2580 4518/1/2586 4516/1/2584 4509/1/2578
f 4512/1/553 4519/1/2587 4518/1/2586 4511/1/2580
f 4513/1/2581 4520/1/2588 4519/1/2587 4512/1/553
f 4514/1/2582 4521/1/2589 4520/1/2588 4513/1/2581
f 4515/1/2583 4522/1/2590 4521/1/2589 4514/1/2582
f 4516/1/2584 4523/1/2591 4524/1/2592 4517/1/2585
f 4518/1/2586 4525/1/2593 4523/1/2591 4516/1/2584
f 4519/1/2587 4526/1/2594 4525/1/2593 4518/1/2586
f 4520/1/2588 4527/1/2595 4526/1/2594 4519/1/2587
f 4521/1/2589 4528/1/2596 4527/1/2595 4520/1/2588
f 4522/1/2590 4529/1/2597 4528/1/2596 4521/1/2589
f 4523/1/2591 4530/1/2598 4531/1/2599 4524/1/2592
f 4525/1/2593 4532/1/2600 4530/1/2598 4523/1/2591
f 4526/1/2594 4533/1/2601 4532/1/2600 4525/1/2593
f 4527/1/2595 4534/1/2602 4533/1/2601 4526/1/2594
f 4528/1/2596 4535/1/2603 4534/1/2602 4527/1/2595
f 4529/1/2597 4536/1/2604 4535/1/2603 4528/1/2596
usemtl graphite
f 4537/1/2605 4538/1/2606 4539/1/2607 4540/1/2608
f 4540/1/2608 4539/1/2607 4541/1/2609 4542/1/2610
f 4542/1/2610 4541/1/2609 4543/1/2611 4544/1/2612
f 4544/1/2612 4543/1/2611 4545/1/2613 4546/1/2614
f 4546/1/2614 4545/1/2613 4547/1/2615 4548/1/2616
f 4548/1/2616 4547/1/2615 4549/1/2617 4550/1/2618
f 4538/1/2606 4551/1/2619 4552/1/2620 4539/1/2607
f 4539/1/2607 4552/1/2620 4553/1/2621 4541/1/2609
f 4541/1/2609 4553/1/2621 4554/1/2622 4543/1/2611
f 4543/1/2611 4554/1/2622 4555/1/2623 4545/1/2613
f 4545/1/2613 4555/1/2623 4556/1/2624 4547/1/2615
f 4547/1/2615 4556/1/2624 4557/1/2625 4549/1/2617
f 4551/1/2619 4558/1/2626 4559/1/2627 4552/1/2620
f 4552/1/2620 4559/1/2627 4560/1/2628 4553/1/2621
f 4553/1/2621 4560/1/2628 4561/1/2629 4554/1/2622
f 4554/1/2622 4561/1/2629 4562/1/2630 4555/1/2623
f 4555/1/2623 4562/1/2630 4563/1/2631 4556/1/2624
f 4556/1/2624 4563/1/2631 4564/1/2632 4557/1/2625
f 4558/1/2626 4565/1/2633 4566/1/2634 4559/1/2627
f 4559/1/2627 4566/1/2634 4567/1/2635 4560/1/2628
f 4560/1/2628 4567/1/2635 4568/1/2636 4561/1/2629
f 4561/1/2629 4568/1/2636 4569/1/2637 4562/1/2630
f 4562/1/2630 4569/1/2637 4570/1/2638 4563/1/2631
f 4563/1/2631 4570/1/2638 4571/1/2639 4564/1/2632
f 4565/1/2633 4572/1/2640 4573/1/2641 4566/1/2634
f 4566/1/2634 4573/1/2641 4574/1/2642 4567/1/2635
f 4567/1/2635 4574/1/2642 4575/1/2643 4568/1/2636
f 4568/1/2636 4575/1/2643 4576/1/2644 4569/1/2637
f 4569/1/2637 4576/1/2644 4577/1/2645 4570/1/2638
f 4570/1/2638 4577/1/2645 4578/1/2646 4571/1/2639
f 4572/1/2640 4579/1/2647 4580/1/2648 4573/1/2641
f 4573/1/2641 4580/1/2648 4581/1/2649 4574/1/2642
f 4574/1/2642 4581/1/2649 4582/1/2650 4575/1/2643
f 4575/1/2643 4582/1/2650 4583/1/2651 4576/1/2644
f 4576/1/2644 4583/1/2651 4584/1/2652 4577/1/2645
f 4577/1/2645 4584/1/2652 4585/1/2653 4578/1/2646
usemtl edge
f 4537/1/2654 4540/1/2654 4488/1/2654 4491/1/2654
f 4540/1/2655 4542/1/2655 4492/1/2655 4488/1/2655
f 4542/1/2656 4544/1/2656 4494/1/2656 4492/1/2656
f 4544/1/2657 4546/1/2657 4496/1/2657 4494/1/2657
f 4546/1/2658 4548/1/2658 4498/1/2658 4496/1/2658
f 4548/1/2659 4550/1/2659 4500/1/2659 4498/1/2659
f 4550/1/2660 4549/1/2660 4501/1/2660 4500/1/2660
f 4549/1/2661 4557/1/2661 4508/1/2661 4501/1/2661
f 4557/1/2662 4564/1/2662 4515/1/2662 4508/1/2662
f 4564/1/2663 4571/1/2663 4522/1/2663 4515/1/2663
f 4571/1/2664 4578/1/2664 4529/1/2664 4522/1/2664
f 4578/1/2665 4585/1/2665 4536/1/2665 4529/1/2665
f 4585/1/2666 4584/1/2666 4535/1/2666 4536/1/2666
f 4584/1/2667 4583/1/2667 4534/1/2667 4535/1/2667
f 4583/1/2668 4582/1/2668 4533/1/2668 4534/1/2668
f 4582/1/2669 4581/1/2669 4532/1/2669 4533/1/2669
f 4581/1/2670 4580/1/2670 4530/1/2670 4532/1/2670
f 4580/1/2671 4579/1/2671 4531/1/2671 4530/1/2671
f 4579/1/2672 4572/1/2672 4524/1/2672 4531/1/2672
f 4572/1/2673 4565/1/2673 4517/1/2673 4524/1/2673
f 4565/1/2674 4558/1/2674 4510/1/2674 4517/1/2674
f 4558/1/2675 4551/1/2675 4503/1/2675 4510/1/2675
f 4551/1/2676 4538/1/2676 4490/1/2676 4503/1/2676
f 4538/1/2677 4537/1/2677 4491/1/2677 4490/1/2677
usemtl steel
f 4586/1/1909 4587/1/1909 4588/1/1909
usemtl edge
f 4589/1/1908 4590/1/1908 4591/1/1908
usemtl steel
f 4586/1/1909 4588/1/1909 4592/1/1909
usemtl edge
f 4589/1/1908 4593/1/1908 4590/1/1908
f 4589/1/22 4591/1/22 4587/1/22 4586/1/22
f 4591/1/268 4590/1/268 4588/1/268 4587/1/268
f 4590/1/502 4593/1/502 4592/1/502 4588/1/502
f 4593/1/1210 4589/1/1210 4586/1/1210 4592/1/1210
usemtl rubber
f 4594/1/1909 4595/1/1909 4596/1/1909
usemtl edge
f 4597/1/1908 4598/1/1908 4599/1/1908
usemtl rubber
f 4594/1/1909 4596/1/1909 4600/1/1909
usemtl edge
f 4597/1/1908 4601/1/1908 4598/1/1908
f 4597/1/22 4599/1/22 4595/1/22 4594/1/22
f 4599/1/268 4598/1/268 4596/1/268 4595/1/268
f 4598/1/502 4601/1/502 4600/1/502 4596/1/502
f 4601/1/1210 4597/1/1210 4594/1/1210 4600/1/1210
usemtl graphite
f 4602/1/1909 4603/1/1909 4604/1/1909
usemtl steel
f 4605/1/1908 4606/1/1908 4607/1/1908
usemtl graphite
f 4602/1/1909 4604/1/1909 4608/1/1909
usemtl steel
f 4605/1/1908 4609/1/1908 4606/1/1908
f 4605/1/22 4607/1/22 4603/1/22 4602/1/22
f 4607/1/268 4606/1/268 4604/1/268 4603/1/268
f 4606/1/502 4609/1/502 4608/1/502 4604/1/502
f 4609/1/1210 4605/1/1210 4602/1/1210 4608/1/1210
usemtl graphite
f 4610/1/1909 4611/1/1909 4612/1/1909
usemtl steel
f 4613/1/1908 4614/1/1908 4615/1/1908
usemtl graphite
f 4610/1/1909 4612/1/1909 4616/1/1909
usemtl steel
f 4613/1/1908 4617/1/1908 4614/1/1908
f 4613/1/22 4615/1/22 4611/1/22 4610/1/22
f 4615/1/268 4614/1/268 4612/1/268 4611/1/268
f 4614/1/502 4617/1/502 4616/1/502 4612/1/502
f 4617/1/1210 4613/1/1210 4610/1/1210 4616/1/1210
usemtl graphite
f 4618/1/1909 4619/1/1909 4620/1/1909
usemtl steel
f 4621/1/1908 4622/1/1908 4623/1/1908
usemtl graphite
f 4618/1/1909 4620/1/1909 4624/1/1909
usemtl steel
f 4621/1/1908 4625/1/1908 4622/1/1908
f 4621/1/22 4623/1/22 4619/1/22 4618/1/22
f 4623/1/268 4622/1/268 4620/1/268 4619/1/268
f 4622/1/502 4625/1/502 4624/1/502 4620/1/502
f 4625/1/1210 4621/1/1210 4618/1/1210 4624/1/1210
usemtl graphite
f 4626/1/1909 4627/1/1909 4628/1/1909
usemtl steel
f 4629/1/1908 4630/1/1908 4631/1/1908
usemtl graphite
f 4626/1/1909 4628/1/1909 4632/1/1909
usemtl steel
f 4629/1/1908 4633/1/1908 4630/1/1908
f 4629/1/22 4631/1/22 4627/1/22 4626/1/22
f 4631/1/268 4630/1/268 4628/1/268 4627/1/268
f 4630/1/502 4633/1/502 4632/1/502 4628/1/502
f 4633/1/1210 4629/1/1210 4626/1/1210 4632/1/1210
usemtl graphite
f 4634/1/1909 4635/1/1909 4636/1/1909
usemtl steel
f 4637/1/1908 4638/1/1908 4639/1/1908
usemtl graphite
f 4634/1/1909 4636/1/1909 4640/1/1909
usemtl steel
f 4637/1/1908 4641/1/1908 4638/1/1908
f 4637/1/22 4639/1/22 4635/1/22 4634/1/22
f 4639/1/268 4638/1/268 4636/1/268 4635/1/268
f 4638/1/502 4641/1/502 4640/1/502 4636/1/502
f 4641/1/1210 4637/1/1210 4634/1/1210 4640/1/1210
usemtl graphite
f 4642/1/2678 4643/1/2678 4644/1/2678
f 4642/1/2678 4645/1/2678 4643/1/2678
f 4642/1/2678 4646/1/2678 4645/1/2678
f 4642/1/2678 4647/1/2678 4646/1/2678
f 4642/1/2678 4648/1/2678 4647/1/2678
f 4642/1/2678 4649/1/2678 4648/1/2678
f 4642/1/2678 4650/1/2678 4649/1/2678
f 4642/1/2678 4651/1/2678 4650/1/2678
f 4642/1/2678 4652/1/2678 4651/1/2678
f 4642/1/2678 4653/1/2678 4652/1/2678
f 4642/1/2678 4654/1/2678 4653/1/2678
f 4642/1/2678 4644/1/2678 4654/1/2678
f 4644/1/2679 4643/1/2679 4655/1/2679 4656/1/2679
f 4643/1/2680 4645/1/2680 4657/1/2680 4655/1/2680
f 4645/1/2681 4646/1/2681 4658/1/2681 4657/1/2681
f 4646/1/2682 4647/1/2682 4659/1/2682 4658/1/2682
f 4647/1/2683 4648/1/2683 4660/1/2683 4659/1/2683
f 4648/1/2684 4649/1/2684 4661/1/2684 4660/1/2684
f 4649/1/2685 4650/1/2685 4662/1/2685 4661/1/2685
f 4650/1/2686 4651/1/2686 4663/1/2686 4662/1/2686
f 4651/1/2687 4652/1/2687 4664/1/2687 4663/1/2687
f 4652/1/2688 4653/1/2688 4665/1/2688 4664/1/2688
f 4653/1/2689 4654/1/2689 4666/1/2689 4665/1/2689
f 4654/1/2690 4644/1/2690 4656/1/2690 4666/1/2690
f 4656/1/2691 4655/1/2691 4667/1/2691 4668/1/2691
f 4655/1/2692 4657/1/2692 4669/1/2692 4667/1/2692
f 4657/1/2693 4658/1/2693 4670/1/2693 4669/1/2693
f 4658/1/2694 4659/1/2694 4671/1/2694 4670/1/2694
f 4659/1/2695 4660/1/2695 4672/1/2695 4671/1/2695
f 4660/1/2696 4661/1/2696 4673/1/2696 4672/1/2696
f 4661/1/2697 4662/1/2697 4674/1/2697 4673/1/2697
f 4662/1/2698 4663/1/2698 4675/1/2698 4674/1/2698
f 4663/1/2699 4664/1/2699 4676/1/2699 4675/1/2699
f 4664/1/2700 4665/1/2700 4677/1/2700 4676/1/2700
f 4665/1/2701 4666/1/2701 4678/1/2701 4677/1/2701
f 4666/1/2702 4656/1/2702 4668/1/2702 4678/1/2702
f 4668/1/2703 4667/1/2703 4679/1/2703 4680/1/2703
f 4667/1/2704 4669/1/2704 4681/1/2704 4679/1/2704
f 4669/1/2705 4670/1/2705 4682/1/2705 4681/1/2705
f 4670/1/2706 4671/1/2706 4683/1/2706 4682/1/2706
f 4671/1/2707 4672/1/2707 4684/1/2707 4683/1/2707
f 4672/1/2708 4673/1/2708 4685/1/2708 4684/1/2708
f 4673/1/2709 4674/1/2709 4686/1/2709 4685/1/2709
f 4674/1/2710 4675/1/2710 4687/1/2710 4686/1/2710
f 4675/1/2711 4676/1/2711 4688/1/2711 4687/1/2711
f 4676/1/2712 4677/1/2712 4689/1/2712 4688/1/2712
f 4677/1/2713 4678/1/2713 4690/1/2713 4689/1/2713
f 4678/1/2714 4668/1/2714 4680/1/2714 4690/1/2714
f 4680/1/2715 4679/1/2715 4691/1/2715 4692/1/2715
f 4679/1/2715 4681/1/2715 4693/1/2715 4691/1/2715
f 4681/1/2715 4682/1/2715 4694/1/2715 4693/1/2715
f 4682/1/2715 4683/1/2715 4695/1/2715 4694/1/2715
f 4683/1/2715 4684/1/2715 4696/1/2715 4695/1/2715
f 4684/1/2715 4685/1/2715 4697/1/2715 4696/1/2715
f 4685/1/2715 4686/1/2715 4698/1/2715 4697/1/2715
f 4686/1/2715 4687/1/2715 4699/1/2715 4698/1/2715
f 4687/1/2715 4688/1/2715 4700/1/2715 4699/1/2715
f 4688/1/2715 4689/1/2715 4701/1/2715 4700/1/2715
f 4689/1/2715 4690/1/2715 4702/1/2715 4701/1/2715
f 4690/1/2715 4680/1/2715 4692/1/2715 4702/1/2715
f 4692/1/2697 4691/1/2697 4703/1/2697 4704/1/2697
f 4691/1/2698 4693/1/2698 4705/1/2698 4703/1/2698
f 4693/1/2699 4694/1/2699 4706/1/2699 4705/1/2699
f 4694/1/2700 4695/1/2700 4707/1/2700 4706/1/2700
f 4695/1/2701 4696/1/2701 4708/1/2701 4707/1/2701
f 4696/1/2702 4697/1/2702 4709/1/2702 4708/1/2702
f 4697/1/2691 4698/1/2691 4710/1/2691 4709/1/2691
f 4698/1/2692 4699/1/2692 4711/1/2692 4710/1/2692
f 4699/1/2693 4700/1/2693 4712/1/2693 4711/1/2693
f 4700/1/2694 4701/1/2694 4713/1/2694 4712/1/2694
f 4701/1/2695 4702/1/2695 4714/1/2695 4713/1/2695
f 4702/1/2696 4692/1/2696 4704/1/2696 4714/1/2696
f 4704/1/2715 4703/1/2715 4715/1/2715
f 4703/1/2715 4705/1/2715 4715/1/2715
f 4705/1/2715 4706/1/2715 4715/1/2715
f 4706/1/2715 4707/1/2715 4715/1/2715
f 4707/1/2715 4708/1/2715 4715/1/2715
f 4708/1/2715 4709/1/2715 4715/1/2715
f 4709/1/2715 4710/1/2715 4715/1/2715
f 4710/1/2715 4711/1/2715 4715/1/2715
f 4711/1/2715 4712/1/2715 4715/1/2715
f 4712/1/2715 4713/1/2715 4715/1/2715
f 4713/1/2715 4714/1/2715 4715/1/2715
f 4714/1/2715 4704/1/2715 4715/1/2715
usemtl edge
f 4716/1/2716 4717/1/2716 4718/1/2716 4719/1/2716
f 4717/1/2717 4720/1/2717 4721/1/2717 4718/1/2717
f 4720/1/2718 4722/1/2718 4723/1/2718 4721/1/2718
f 4722/1/2719 4724/1/2719 4725/1/2719 4723/1/2719
f 4724/1/2720 4726/1/2720 4727/1/2720 4725/1/2720
f 4726/1/2721 4728/1/2721 4729/1/2721 4727/1/2721
f 4728/1/2722 4730/1/2722 4731/1/2722 4729/1/2722
f 4730/1/2723 4732/1/2723 4733/1/2723 4731/1/2723
f 4732/1/2724 4734/1/2724 4735/1/2724 4733/1/2724
f 4734/1/2725 4736/1/2725 4737/1/2725 4735/1/2725
f 4736/1/2726 4738/1/2726 4739/1/2726 4737/1/2726
f 4738/1/2727 4716/1/2727 4719/1/2727 4739/1/2727
f 4719/1/2691 4718/1/2691 4740/1/2691 4741/1/2691
f 4718/1/2692 4721/1/2692 4742/1/2692 4740/1/2692
f 4721/1/2693 4723/1/2693 4743/1/2693 4742/1/2693
f 4723/1/2694 4725/1/2694 4744/1/2694 4743/1/2694
f 4725/1/2695 4727/1/2695 4745/1/2695 4744/1/2695
f 4727/1/2696 4729/1/2696 4746/1/2696 4745/1/2696
f 4729/1/2697 4731/1/2697 4747/1/2697 4746/1/2697
f 4731/1/2698 4733/1/2698 4748/1/2698 4747/1/2698
f 4733/1/2699 4735/1/2699 4749/1/2699 4748/1/2699
f 4735/1/2700 4737/1/2700 4750/1/2700 4749/1/2700
f 4737/1/2701 4739/1/2701 4751/1/2701 4750/1/2701
f 4739/1/2702 4719/1/2702 4741/1/2702 4751/1/2702
f 4741/1/2728 4740/1/2728 4752/1/2728 4753/1/2728
f 4740/1/2729 4742/1/2729 4754/1/2729 4752/1/2729
f 4742/1/2730 4743/1/2730 4755/1/2730 4754/1/2730
f 4743/1/2731 4744/1/2731 4756/1/2731 4755/1/2731
f 4744/1/2732 4745/1/2732 4757/1/2732 4756/1/2732
f 4745/1/2733 4746/1/2733 4758/1/2733 4757/1/2733
f 4746/1/2734 4747/1/2734 4759/1/2734 4758/1/2734
f 4747/1/2735 4748/1/2735 4760/1/2735 4759/1/2735
f 4748/1/2736 4749/1/2736 4761/1/2736 4760/1/2736
f 4749/1/2737 4750/1/2737 4762/1/2737 4761/1/2737
f 4750/1/2738 4751/1/2738 4763/1/2738 4762/1/2738
f 4751/1/2739 4741/1/2739 4753/1/2739 4763/1/2739
f 4753/1/2697 4752/1/2697 4717/1/2697 4716/1/2697
f 4752/1/2698 4754/1/2698 4720/1/2698 4717/1/2698
f 4754/1/2699 4755/1/2699 4722/1/2699 4720/1/2699
f 4755/1/2700 4756/1/2700 4724/1/2700 4722/1/2700
f 4756/1/2701 4757/1/2701 4726/1/2701 4724/1/2701
f 4757/1/2702 4758/1/2702 4728/1/2702 4726/1/2702
f 4758/1/2691 4759/1/2691 4730/1/2691 4728/1/2691
f 4759/1/2692 4760/1/2692 4732/1/2692 4730/1/2692
f 4760/1/2693 4761/1/2693 4734/1/2693 4732/1/2693
f 4761/1/2694 4762/1/2694 4736/1/2694 4734/1/2694
f 4762/1/2695 4763/1/2695 4738/1/2695 4736/1/2695
f 4763/1/2696 4753/1/2696 4716/1/2696 4738/1/2696
usemtl cyan
f 4764/1/2678 4765/1/2678 4766/1/2678
f 4764/1/2678 4767/1/2678 4765/1/2678
f 4764/1/2678 4768/1/2678 4767/1/2678
f 4764/1/2678 4769/1/2678 4768/1/2678
f 4764/1/2678 4770/1/2678 4769/1/2678
f 4764/1/2678 4771/1/2678 4770/1/2678
f 4764/1/2678 4772/1/2678 4771/1/2678
f 4764/1/2678 4773/1/2678 4772/1/2678
f 4764/1/2678 4774/1/2678 4773/1/2678
f 4764/1/2678 4775/1/2678 4774/1/2678
f 4764/1/2678 4776/1/2678 4775/1/2678
f 4764/1/2678 4766/1/2678 4776/1/2678
f 4766/1/2691 4765/1/2691 4777/1/2691 4778/1/2691
f 4765/1/2692 4767/1/2692 4779/1/2692 4777/1/2692
f 4767/1/2693 4768/1/2693 4780/1/2693 4779/1/2693
f 4768/1/2694 4769/1/2694 4781/1/2694 4780/1/2694
f 4769/1/2695 4770/1/2695 4782/1/2695 4781/1/2695
f 4770/1/2696 4771/1/2696 4783/1/2696 4782/1/2696
f 4771/1/2697 4772/1/2697 4784/1/2697 4783/1/2697
f 4772/1/2698 4773/1/2698 4785/1/2698 4784/1/2698
f 4773/1/2699 4774/1/2699 4786/1/2699 4785/1/2699
f 4774/1/2700 4775/1/2700 4787/1/2700 4786/1/2700
f 4775/1/2701 4776/1/2701 4788/1/2701 4787/1/2701
f 4776/1/2702 4766/1/2702 4778/1/2702 4788/1/2702
f 4778/1/2715 4777/1/2715 4789/1/2715
f 4777/1/2715 4779/1/2715 4789/1/2715
f 4779/1/2715 4780/1/2715 4789/1/2715
f 4780/1/2715 4781/1/2715 4789/1/2715
f 4781/1/2715 4782/1/2715 4789/1/2715
f 4782/1/2715 4783/1/2715 4789/1/2715
f 4783/1/2715 4784/1/2715 4789/1/2715
f 4784/1/2715 4785/1/2715 4789/1/2715
f 4785/1/2715 4786/1/2715 4789/1/2715
f 4786/1/2715 4787/1/2715 4789/1/2715
f 4787/1/2715 4788/1/2715 4789/1/2715
f 4788/1/2715 4778/1/2715 4789/1/2715
usemtl steel
f 4790/1/2740 4791/1/2740 4792/1/2740
usemtl silver
f 4793/1/2741 4794/1/2741 4795/1/2741
usemtl steel
f 4790/1/2740 4792/1/2740 4796/1/2740
usemtl silver
f 4793/1/2741 4797/1/2741 4794/1/2741
f 4793/1/2742 4795/1/2742 4791/1/2742 4790/1/2742
f 4795/1/2047 4794/1/2047 4792/1/2047 4791/1/2047
f 4794/1/2743 4797/1/2743 4796/1/2743 4792/1/2743
f 4797/1/2046 4793/1/2046 4790/1/2046 4796/1/2046
usemtl cyan
f 4798/1/2740 4799/1/2740 4800/1/2740
usemtl silver
f 4801/1/2741 4802/1/2741 4803/1/2741
usemtl cyan
f 4798/1/2740 4800/1/2740 4804/1/2740
usemtl silver
f 4801/1/2741 4805/1/2741 4802/1/2741
f 4801/1/2742 4803/1/2742 4799/1/2742 4798/1/2742
f 4803/1/2047 4802/1/2047 4800/1/2047 4799/1/2047
f 4802/1/2743 4805/1/2743 4804/1/2743 4800/1/2743
f 4805/1/2046 4801/1/2046 4798/1/2046 4804/1/2046
usemtl graphite
f 4806/1/2744 4807/1/2744 4808/1/2744
f 4806/1/2744 4809/1/2744 4807/1/2744
f 4806/1/2744 4810/1/2744 4809/1/2744
f 4806/1/2744 4811/1/2744 4810/1/2744
f 4806/1/2744 4812/1/2744 4811/1/2744
f 4806/1/2744 4813/1/2744 4812/1/2744
f 4806/1/2744 4814/1/2744 4813/1/2744
f 4806/1/2744 4815/1/2744 4814/1/2744
f 4806/1/2744 4816/1/2744 4815/1/2744
f 4806/1/2744 4817/1/2744 4816/1/2744
f 4806/1/2744 4818/1/2744 4817/1/2744
f 4806/1/2744 4808/1/2744 4818/1/2744
f 4808/1/2745 4807/1/2745 4819/1/2745 4820/1/2745
f 4807/1/2746 4809/1/2746 4821/1/2746 4819/1/2746
f 4809/1/2747 4810/1/2747 4822/1/2747 4821/1/2747
f 4810/1/2748 4811/1/2748 4823/1/2748 4822/1/2748
f 4811/1/2749 4812/1/2749 4824/1/2749 4823/1/2749
f 4812/1/2750 4813/1/2750 4825/1/2750 4824/1/2750
f 4813/1/2751 4814/1/2751 4826/1/2751 4825/1/2751
f 4814/1/2752 4815/1/2752 4827/1/2752 4826/1/2752
f 4815/1/2753 4816/1/2753 4828/1/2753 4827/1/2753
f 4816/1/2754 4817/1/2754 4829/1/2754 4828/1/2754
f 4817/1/2755 4818/1/2755 4830/1/2755 4829/1/2755
f 4818/1/2756 4808/1/2756 4820/1/2756 4830/1/2756
f 4820/1/2757 4819/1/2757 4831/1/2757 4832/1/2757
f 4819/1/2758 4821/1/2758 4833/1/2758 4831/1/2758
f 4821/1/2759 4822/1/2759 4834/1/2759 4833/1/2759
f 4822/1/2760 4823/1/2760 4835/1/2760 4834/1/2760
f 4823/1/2761 4824/1/2761 4836/1/2761 4835/1/2761
f 4824/1/2762 4825/1/2762 4837/1/2762 4836/1/2762
f 4825/1/2763 4826/1/2763 4838/1/2763 4837/1/2763
f 4826/1/2764 4827/1/2764 4839/1/2764 4838/1/2764
f 4827/1/2765 4828/1/2765 4840/1/2765 4839/1/2765
f 4828/1/2766 4829/1/2766 4841/1/2766 4840/1/2766
f 4829/1/2767 4830/1/2767 4842/1/2767 4841/1/2767
f 4830/1/2768 4820/1/2768 4832/1/2768 4842/1/2768
f 4832/1/2769 4831/1/2769 4843/1/2769 4844/1/2769
f 4831/1/2770 4833/1/2770 4845/1/2770 4843/1/2770
f 4833/1/2771 4834/1/2771 4846/1/2771 4845/1/2771
f 4834/1/2772 4835/1/2772 4847/1/2772 4846/1/2772
f 4835/1/2773 4836/1/2773 4848/1/2773 4847/1/2773
f 4836/1/2774 4837/1/2774 4849/1/2774 4848/1/2774
f 4837/1/2775 4838/1/2775 4850/1/2775 4849/1/2775
f 4838/1/2776 4839/1/2776 4851/1/2776 4850/1/2776
f 4839/1/2777 4840/1/2777 4852/1/2777 4851/1/2777
f 4840/1/2778 4841/1/2778 4853/1/2778 4852/1/2778
f 4841/1/2779 4842/1/2779 4854/1/2779 4853/1/2779
f 4842/1/2780 4832/1/2780 4844/1/2780 4854/1/2780
f 4844/1/2781 4843/1/2781 4855/1/2781 4856/1/2781
f 4843/1/2781 4845/1/2781 4857/1/2781 4855/1/2781
f 4845/1/2781 4846/1/2781 4858/1/2781 4857/1/2781
f 4846/1/2781 4847/1/2781 4859/1/2781 4858/1/2781
f 4847/1/2781 4848/1/2781 4860/1/2781 4859/1/2781
f 4848/1/2781 4849/1/2781 4861/1/2781 4860/1/2781
f 4849/1/2781 4850/1/2781 4862/1/2781 4861/1/2781
f 4850/1/2781 4851/1/2781 4863/1/2781 4862/1/2781
f 4851/1/2781 4852/1/2781 4864/1/2781 4863/1/2781
f 4852/1/2781 4853/1/2781 4865/1/2781 4864/1/2781
f 4853/1/2781 4854/1/2781 4866/1/2781 4865/1/2781
f 4854/1/2781 4844/1/2781 4856/1/2781 4866/1/2781
f 4856/1/2763 4855/1/2763 4867/1/2763 4868/1/2763
f 4855/1/2764 4857/1/2764 4869/1/2764 4867/1/2764
f 4857/1/2765 4858/1/2765 4870/1/2765 4869/1/2765
f 4858/1/2766 4859/1/2766 4871/1/2766 4870/1/2766
f 4859/1/2767 4860/1/2767 4872/1/2767 4871/1/2767
f 4860/1/2768 4861/1/2768 4873/1/2768 4872/1/2768
f 4861/1/2757 4862/1/2757 4874/1/2757 4873/1/2757
f 4862/1/2758 4863/1/2758 4875/1/2758 4874/1/2758
f 4863/1/2759 4864/1/2759 4876/1/2759 4875/1/2759
f 4864/1/2760 4865/1/2760 4877/1/2760 4876/1/2760
f 4865/1/2761 4866/1/2761 4878/1/2761 4877/1/2761
f 4866/1/2762 4856/1/2762 4868/1/2762 4878/1/2762
f 4868/1/2781 4867/1/2781 4879/1/2781
f 4867/1/2781 4869/1/2781 4879/1/2781
f 4869/1/2781 4870/1/2781 4879/1/2781
f 4870/1/2781 4871/1/2781 4879/1/2781
f 4871/1/2781 4872/1/2781 4879/1/2781
f 4872/1/2781 4873/1/2781 4879/1/2781
f 4873/1/2781 4874/1/2781 4879/1/2781
f 4874/1/2781 4875/1/2781 4879/1/2781
f 4875/1/2781 4876/1/2781 4879/1/2781
f 4876/1/2781 4877/1/2781 4879/1/2781
f 4877/1/2781 4878/1/2781 4879/1/2781
f 4878/1/2781 4868/1/2781 4879/1/2781
usemtl edge
f 4880/1/2782 4881/1/2782 4882/1/2782 4883/1/2782
f 4881/1/2783 4884/1/2783 4885/1/2783 4882/1/2783
f 4884/1/2784 4886/1/2784 4887/1/2784 4885/1/2784
f 4886/1/2785 4888/1/2785 4889/1/2785 4887/1/2785
f 4888/1/2786 4890/1/2786 4891/1/2786 4889/1/2786
f 4890/1/2787 4892/1/2787 4893/1/2787 4891/1/2787
f 4892/1/2788 4894/1/2788 4895/1/2788 4893/1/2788
f 4894/1/2789 4896/1/2789 4897/1/2789 4895/1/2789
f 4896/1/2790 4898/1/2790 4899/1/2790 4897/1/2790
f 4898/1/2791 4900/1/2791 4901/1/2791 4899/1/2791
f 4900/1/2792 4902/1/2792 4903/1/2792 4901/1/2792
f 4902/1/2793 4880/1/2793 4883/1/2793 4903/1/2793
f 4883/1/2757 4882/1/2757 4904/1/2757 4905/1/2757
f 4882/1/2758 4885/1/2758 4906/1/2758 4904/1/2758
f 4885/1/2759 4887/1/2759 4907/1/2759 4906/1/2759
f 4887/1/2760 4889/1/2760 4908/1/2760 4907/1/2760
f 4889/1/2761 4891/1/2761 4909/1/2761 4908/1/2761
f 4891/1/2762 4893/1/2762 4910/1/2762 4909/1/2762
f 4893/1/2763 4895/1/2763 4911/1/2763 4910/1/2763
f 4895/1/2764 4897/1/2764 4912/1/2764 4911/1/2764
f 4897/1/2765 4899/1/2765 4913/1/2765 4912/1/2765
f 4899/1/2766 4901/1/2766 4914/1/2766 4913/1/2766
f 4901/1/2767 4903/1/2767 4915/1/2767 4914/1/2767
f 4903/1/2768 4883/1/2768 4905/1/2768 4915/1/2768
f 4905/1/2794 4904/1/2794 4916/1/2794 4917/1/2794
f 4904/1/2795 4906/1/2795 4918/1/2795 4916/1/2795
f 4906/1/2796 4907/1/2796 4919/1/2796 4918/1/2796
f 4907/1/2797 4908/1/2797 4920/1/2797 4919/1/2797
f 4908/1/2798 4909/1/2798 4921/1/2798 4920/1/2798
f 4909/1/2799 4910/1/2799 4922/1/2799 4921/1/2799
f 4910/1/2800 4911/1/2800 4923/1/2800 4922/1/2800
f 4911/1/2801 4912/1/2801 4924/1/2801 4923/1/2801
f 4912/1/2802 4913/1/2802 4925/1/2802 4924/1/2802
f 4913/1/2803 4914/1/2803 4926/1/2803 4925/1/2803
f 4914/1/2804 4915/1/2804 4927/1/2804 4926/1/2804
f 4915/1/2805 4905/1/2805 4917/1/2805 4927/1/2805
f 4917/1/2763 4916/1/2763 4881/1/2763 4880/1/2763
f 4916/1/2764 4918/1/2764 4884/1/2764 4881/1/2764
f 4918/1/2765 4919/1/2765 4886/1/2765 4884/1/2765
f 4919/1/2766 4920/1/2766 4888/1/2766 4886/1/2766
f 4920/1/2767 4921/1/2767 4890/1/2767 4888/1/2767
f 4921/1/2768 4922/1/2768 4892/1/2768 4890/1/2768
f 4922/1/2757 4923/1/2757 4894/1/2757 4892/1/2757
f 4923/1/2758 4924/1/2758 4896/1/2758 4894/1/2758
f 4924/1/2759 4925/1/2759 4898/1/2759 4896/1/2759
f 4925/1/2760 4926/1/2760 4900/1/2760 4898/1/2760
f 4926/1/2761 4927/1/2761 4902/1/2761 4900/1/2761
f 4927/1/2762 4917/1/2762 4880/1/2762 4902/1/2762
usemtl cyan
f 4928/1/2744 4929/1/2744 4930/1/2744
f 4928/1/2744 4931/1/2744 4929/1/2744
f 4928/1/2744 4932/1/2744 4931/1/2744
f 4928/1/2744 4933/1/2744 4932/1/2744
f 4928/1/2744 4934/1/2744 4933/1/2744
f 4928/1/2744 4935/1/2744 4934/1/2744
f 4928/1/2744 4936/1/2744 4935/1/2744
f 4928/1/2744 4937/1/2744 4936/1/2744
f 4928/1/2744 4938/1/2744 4937/1/2744
f 4928/1/2744 4939/1/2744 4938/1/2744
f 4928/1/2744 4940/1/2744 4939/1/2744
f 4928/1/2744 4930/1/2744 4940/1/2744
f 4930/1/2757 4929/1/2757 4941/1/2757 4942/1/2757
f 4929/1/2758 4931/1/2758 4943/1/2758 4941/1/2758
f 4931/1/2759 4932/1/2759 4944/1/2759 4943/1/2759
f 4932/1/2760 4933/1/2760 4945/1/2760 4944/1/2760
f 4933/1/2761 4934/1/2761 4946/1/2761 4945/1/2761
f 4934/1/2762 4935/1/2762 4947/1/2762 4946/1/2762
f 4935/1/2763 4936/1/2763 4948/1/2763 4947/1/2763
f 4936/1/2764 4937/1/2764 4949/1/2764 4948/1/2764
f 4937/1/2765 4938/1/2765 4950/1/2765 4949/1/2765
f 4938/1/2766 4939/1/2766 4951/1/2766 4950/1/2766
f 4939/1/2767 4940/1/2767 4952/1/2767 4951/1/2767
f 4940/1/2768 4930/1/2768 4942/1/2768 4952/1/2768
f 4942/1/2781 4941/1/2781 4953/1/2781
f 4941/1/2781 4943/1/2781 4953/1/2781
f 4943/1/2781 4944/1/2781 4953/1/2781
f 4944/1/2781 4945/1/2781 4953/1/2781
f 4945/1/2781 4946/1/2781 4953/1/2781
f 4946/1/2781 4947/1/2781 4953/1/2781
f 4947/1/2781 4948/1/2781 4953/1/2781
f 4948/1/2781 4949/1/2781 4953/1/2781
f 4949/1/2781 4950/1/2781 4953/1/2781
f 4950/1/2781 4951/1/2781 4953/1/2781
f 4951/1/2781 4952/1/2781 4953/1/2781
f 4952/1/2781 4942/1/2781 4953/1/2781
usemtl steel
f 4954/1/2806 4955/1/2806 4956/1/2806
usemtl silver
f 4957/1/2807 4958/1/2807 4959/1/2807
usemtl steel
f 4954/1/2806 4956/1/2806 4960/1/2806
usemtl silver
f 4957/1/2807 4961/1/2807 4958/1/2807
f 4957/1/2808 4959/1/2808 4955/1/2808 4954/1/2808
f 4959/1/1979 4958/1/1979 4956/1/1979 4955/1/1979
f 4958/1/2809 4961/1/2809 4960/1/2809 4956/1/2809
f 4961/1/1977 4957/1/1977 4954/1/1977 4960/1/1977
usemtl cyan
f 4962/1/2806 4963/1/2806 4964/1/2806
usemtl silver
f 4965/1/2807 4966/1/2807 4967/1/2807
usemtl cyan
f 4962/1/2806 4964/1/2806 4968/1/2806
usemtl silver
f 4965/1/2807 4969/1/2807 4966/1/2807
f 4965/1/2808 4967/1/2808 4963/1/2808 4962/1/2808
f 4967/1/1979 4966/1/1979 4964/1/1979 4963/1/1979
f 4966/1/2809 4969/1/2809 4968/1/2809 4964/1/2809
f 4969/1/1977 4965/1/1977 4962/1/1977 4968/1/1977
usemtl graphite
f 4970/1/2810 4971/1/2810 4972/1/2810
f 4970/1/2810 4973/1/2810 4971/1/2810
f 4970/1/2810 4974/1/2810 4973/1/2810
f 4970/1/2810 4975/1/2810 4974/1/2810
f 4970/1/2810 4976/1/2810 4975/1/2810
f 4970/1/2810 4972/1/2810 4976/1/2810
f 4972/1/2811 4971/1/2811 4977/1/2811 4978/1/2811
f 4971/1/2812 4973/1/2812 4979/1/2812 4977/1/2812
f 4973/1/2813 4974/1/2813 4980/1/2813 4979/1/2813
f 4974/1/2814 4975/1/2814 4981/1/2814 4980/1/2814
f 4975/1/2815 4976/1/2815 4982/1/2815 4981/1/2815
f 4976/1/2816 4972/1/2816 4978/1/2816 4982/1/2816
f 4978/1/2817 4977/1/2817 4983/1/2817 4984/1/2817
f 4977/1/2818 4979/1/2818 4985/1/2818 4983/1/2818
f 4979/1/2819 4980/1/2819 4986/1/2819 4985/1/2819
f 4980/1/2820 4981/1/2820 4987/1/2820 4986/1/2820
f 4981/1/2821 4982/1/2821 4988/1/2821 4987/1/2821
f 4982/1/2822 4978/1/2822 4984/1/2822 4988/1/2822
f 4984/1/2823 4983/1/2823 4989/1/2823 4990/1/2823
f 4983/1/2824 4985/1/2824 4991/1/2824 4989/1/2824
f 4985/1/2825 4986/1/2825 4992/1/2825 4991/1/2825
f 4986/1/2826 4987/1/2826 4993/1/2826 4992/1/2826
f 4987/1/2827 4988/1/2827 4994/1/2827 4993/1/2827
f 4988/1/2828 4984/1/2828 4990/1/2828 4994/1/2828
f 4990/1/2829 4989/1/2829 4995/1/2829 4996/1/2829
f 4989/1/2829 4991/1/2829 4997/1/2829 4995/1/2829
f 4991/1/2829 4992/1/2829 4998/1/2829 4997/1/2829
f 4992/1/2829 4993/1/2829 4999/1/2829 4998/1/2829
f 4993/1/2829 4994/1/2829 5000/1/2829 4999/1/2829
f 4994/1/2829 4990/1/2829 4996/1/2829 5000/1/2829
f 4996/1/2820 4995/1/2820 5001/1/2820 5002/1/2820
f 4995/1/2821 4997/1/2821 5003/1/2821 5001/1/2821
f 4997/1/2822 4998/1/2822 5004/1/2822 5003/1/2822
f 4998/1/2817 4999/1/2817 5005/1/2817 5004/1/2817
f 4999/1/2818 5000/1/2818 5006/1/2818 5005/1/2818
f 5000/1/2819 4996/1/2819 5002/1/2819 5006/1/2819
f 5002/1/2829 5001/1/2829 5007/1/2829
f 5001/1/2829 5003/1/2829 5007/1/2829
f 5003/1/2829 5004/1/2829 5007/1/2829
f 5004/1/2829 5005/1/2829 5007/1/2829
f 5005/1/2829 5006/1/2829 5007/1/2829
f 5006/1/2829 5002/1/2829 5007/1/2829
usemtl steel
f 5008/1/2830 5009/1/2830 5010/1/2830 5011/1/2830
f 5009/1/2831 5012/1/2831 5013/1/2831 5010/1/2831
f 5012/1/2832 5014/1/2832 5015/1/2832 5013/1/2832
f 5014/1/2833 5016/1/2833 5017/1/2833 5015/1/2833
f 5016/1/2834 5018/1/2834 5019/1/2834 5017/1/2834
f 5018/1/2835 5008/1/2835 5011/1/2835 5019/1/2835
f 5011/1/2817 5010/1/2817 5020/1/2817 5021/1/2817
f 5010/1/2818 5013/1/2818 5022/1/2818 5020/1/2818
f 5013/1/2819 5015/1/2819 5023/1/2819 5022/1/2819
f 5015/1/2820 5017/1/2820 5024/1/2820 5023/1/2820
f 5017/1/2821 5019/1/2821 5025/1/2821 5024/1/2821
f 5019/1/2822 5011/1/2822 5021/1/2822 5025/1/2822
f 5021/1/2836 5020/1/2836 5026/1/2836 5027/1/2836
f 5020/1/2837 5022/1/2837 5028/1/2837 5026/1/2837
f 5022/1/2838 5023/1/2838 5029/1/2838 5028/1/2838
f 5023/1/2839 5024/1/2839 5030/1/2839 5029/1/2839
f 5024/1/2840 5025/1/2840 5031/1/2840 5030/1/2840
f 5025/1/2841 5021/1/2841 5027/1/2841 5031/1/2841
f 5027/1/2820 5026/1/2820 5009/1/2820 5008/1/2820
f 5026/1/2821 5028/1/2821 5012/1/2821 5009/1/2821
f 5028/1/2822 5029/1/2822 5014/1/2822 5012/1/2822
f 5029/1/2817 5030/1/2817 5016/1/2817 5014/1/2817
f 5030/1/2818 5031/1/2818 5018/1/2818 5016/1/2818
f 5031/1/2819 5027/1/2819 5008/1/2819 5018/1/2819
usemtl silver
f 5032/1/2810 5033/1/2810 5034/1/2810
f 5032/1/2810 5035/1/2810 5033/1/2810
f 5032/1/2810 5036/1/2810 5035/1/2810
f 5032/1/2810 5037/1/2810 5036/1/2810
f 5032/1/2810 5038/1/2810 5037/1/2810
f 5032/1/2810 5034/1/2810 5038/1/2810
f 5034/1/2817 5033/1/2817 5039/1/2817 5040/1/2817
f 5033/1/2818 5035/1/2818 5041/1/2818 5039/1/2818
f 5035/1/2819 5036/1/2819 5042/1/2819 5041/1/2819
f 5036/1/2820 5037/1/2820 5043/1/2820 5042/1/2820
f 5037/1/2821 5038/1/2821 5044/1/2821 5043/1/2821
f 5038/1/2822 5034/1/2822 5040/1/2822 5044/1/2822
f 5040/1/2829 5039/1/2829 5045/1/2829
f 5039/1/2829 5041/1/2829 5045/1/2829
f 5041/1/2829 5042/1/2829 5045/1/2829
f 5042/1/2829 5043/1/2829 5045/1/2829
f 5043/1/2829 5044/1/2829 5045/1/2829
f 5044/1/2829 5040/1/2829 5045/1/2829
usemtl graphite
f 5046/1/2842 5047/1/2842 5048/1/2842
f 5046/1/2842 5049/1/2842 5047/1/2842
f 5046/1/2842 5050/1/2842 5049/1/2842
f 5046/1/2842 5051/1/2842 5050/1/2842
f 5046/1/2842 5052/1/2842 5051/1/2842
f 5046/1/2842 5048/1/2842 5052/1/2842
f 5048/1/2843 5047/1/2843 5053/1/2843 5054/1/2843
f 5047/1/2844 5049/1/2844 5055/1/2844 5053/1/2844
f 5049/1/2845 5050/1/2845 5056/1/2845 5055/1/2845
f 5050/1/2846 5051/1/2846 5057/1/2846 5056/1/2846
f 5051/1/2847 5052/1/2847 5058/1/2847 5057/1/2847
f 5052/1/2848 5048/1/2848 5054/1/2848 5058/1/2848
f 5054/1/2849 5053/1/2849 5059/1/2849 5060/1/2849
f 5053/1/2850 5055/1/2850 5061/1/2850 5059/1/2850
f 5055/1/2851 5056/1/2851 5062/1/2851 5061/1/2851
f 5056/1/2852 5057/1/2852 5063/1/2852 5062/1/2852
f 5057/1/2853 5058/1/2853 5064/1/2853 5063/1/2853
f 5058/1/2854 5054/1/2854 5060/1/2854 5064/1/2854
f 5060/1/2855 5059/1/2855 5065/1/2855 5066/1/2855
f 5059/1/2856 5061/1/2856 5067/1/2856 5065/1/2856
f 5061/1/2857 5062/1/2857 5068/1/2857 5067/1/2857
f 5062/1/2858 5063/1/2858 5069/1/2858 5068/1/2858
f 5063/1/2859 5064/1/2859 5070/1/2859 5069/1/2859
f 5064/1/2860 5060/1/2860 5066/1/2860 5070/1/2860
f 5066/1/2861 5065/1/2861 5071/1/2861 5072/1/2861
f 5065/1/2861 5067/1/2861 5073/1/2861 5071/1/2861
f 5067/1/2861 5068/1/2861 5074/1/2861 5073/1/2861
f 5068/1/2861 5069/1/2861 5075/1/2861 5074/1/2861
f 5069/1/2861 5070/1/2861 5076/1/2861 5075/1/2861
f 5070/1/2861 5066/1/2861 5072/1/2861 5076/1/2861
f 5072/1/2852 5071/1/2852 5077/1/2852 5078/1/2852
f 5071/1/2853 5073/1/2853 5079/1/2853 5077/1/2853
f 5073/1/2854 5074/1/2854 5080/1/2854 5079/1/2854
f 5074/1/2849 5075/1/2849 5081/1/2849 5080/1/2849
f 5075/1/2850 5076/1/2850 5082/1/2850 5081/1/2850
f 5076/1/2851 5072/1/2851 5078/1/2851 5082/1/2851
f 5078/1/2861 5077/1/2861 5083/1/2861
f 5077/1/2861 5079/1/2861 5083/1/2861
f 5079/1/2861 5080/1/2861 5083/1/2861
f 5080/1/2861 5081/1/2861 5083/1/2861
f 5081/1/2861 5082/1/2861 5083/1/2861
f 5082/1/2861 5078/1/2861 5083/1/2861
usemtl steel
f 5084/1/2862 5085/1/2862 5086/1/2862 5087/1/2862
f 5085/1/2863 5088/1/2863 5089/1/2863 5086/1/2863
f 5088/1/2864 5090/1/2864 5091/1/2864 5089/1/2864
f 5090/1/2865 5092/1/2865 5093/1/2865 5091/1/2865
f 5092/1/2866 5094/1/2866 5095/1/2866 5093/1/2866
f 5094/1/2867 5084/1/2867 5087/1/2867 5095/1/2867
f 5087/1/2849 5086/1/2849 5096/1/2849 5097/1/2849
f 5086/1/2850 5089/1/2850 5098/1/2850 5096/1/2850
f 5089/1/2851 5091/1/2851 5099/1/2851 5098/1/2851
f 5091/1/2852 5093/1/2852 5100/1/2852 5099/1/2852
f 5093/1/2853 5095/1/2853 5101/1/2853 5100/1/2853
f 5095/1/2854 5087/1/2854 5097/1/2854 5101/1/2854
f 5097/1/2868 5096/1/2868 5102/1/2868 5103/1/2868
f 5096/1/2869 5098/1/2869 5104/1/2869 5102/1/2869
f 5098/1/2870 5099/1/2870 5105/1/2870 5104/1/2870
f 5099/1/2871 5100/1/2871 5106/1/2871 5105/1/2871
f 5100/1/2872 5101/1/2872 5107/1/2872 5106/1/2872
f 5101/1/2873 5097/1/2873 5103/1/2873 5107/1/2873
f 5103/1/2852 5102/1/2852 5085/1/2852 5084/1/2852
f 5102/1/2853 5104/1/2853 5088/1/2853 5085/1/2853
f 5104/1/2854 5105/1/2854 5090/1/2854 5088/1/2854
f 5105/1/2849 5106/1/2849 5092/1/2849 5090/1/2849
f 5106/1/2850 5107/1/2850 5094/1/2850 5092/1/2850
f 5107/1/2851 5103/1/2851 5084/1/2851 5094/1/2851
usemtl silver
f 5108/1/2842 5109/1/2842 5110/1/2842
f 5108/1/2842 5111/1/2842 5109/1/2842
f 5108/1/2842 5112/1/2842 5111/1/2842
f 5108/1/2842 5113/1/2842 5112/1/2842
f 5108/1/2842 5114/1/2842 5113/1/2842
f 5108/1/2842 5110/1/2842 5114/1/2842
f 5110/1/2849 5109/1/2849 5115/1/2849 5116/1/2849
f 5109/1/2850 5111/1/2850 5117/1/2850 5115/1/2850
f 5111/1/2851 5112/1/2851 5118/1/2851 5117/1/2851
f 5112/1/2852 5113/1/2852 5119/1/2852 5118/1/2852
f 5113/1/2853 5114/1/2853 5120/1/2853 5119/1/2853
f 5114/1/2854 5110/1/2854 5116/1/2854 5120/1/2854
f 5116/1/2861 5115/1/2861 5121/1/2861
f 5115/1/2861 5117/1/2861 5121/1/2861
f 5117/1/2861 5118/1/2861 5121/1/2861
f 5118/1/2861 5119/1/2861 5121/1/2861
f 5119/1/2861 5120/1/2861 5121/1/2861
f 5120/1/2861 5116/1/2861 5121/1/2861
usemtl graphite
f 5122/1/2874 5123/1/2874 5124/1/2874
f 5122/1/2874 5125/1/2874 5123/1/2874
f 5122/1/2874 5126/1/2874 5125/1/2874
f 5122/1/2874 5127/1/2874 5126/1/2874
f 5122/1/2874 5128/1/2874 5127/1/2874
f 5122/1/2874 5124/1/2874 5128/1/2874
f 5124/1/2875 5123/1/2875 5129/1/2875 5130/1/2875
f 5123/1/2876 5125/1/2876 5131/1/2876 5129/1/2876
f 5125/1/2877 5126/1/2877 5132/1/2877 5131/1/2877
f 5126/1/2878 5127/1/2878 5133/1/2878 5132/1/2878
f 5127/1/2879 5128/1/2879 5134/1/2879 5133/1/2879
f 5128/1/2880 5124/1/2880 5130/1/2880 5134/1/2880
f 5130/1/2881 5129/1/2881 5135/1/2881 5136/1/2881
f 5129/1/2882 5131/1/2882 5137/1/2882 5135/1/2882
f 5131/1/2883 5132/1/2883 5138/1/2883 5137/1/2883
f 5132/1/2884 5133/1/2884 5139/1/2884 5138/1/2884
f 5133/1/2885 5134/1/2885 5140/1/2885 5139/1/2885
f 5134/1/2886 5130/1/2886 5136/1/2886 5140/1/2886
f 5136/1/2887 5135/1/2887 5141/1/2887 5142/1/2887
f 5135/1/2888 5137/1/2888 5143/1/2888 5141/1/2888
f 5137/1/2889 5138/1/2889 5144/1/2889 5143/1/2889
f 5138/1/2890 5139/1/2890 5145/1/2890 5144/1/2890
f 5139/1/2891 5140/1/2891 5146/1/2891 5145/1/2891
f 5140/1/2892 5136/1/2892 5142/1/2892 5146/1/2892
f 5142/1/2893 5141/1/2893 5147/1/2893 5148/1/2893
f 5141/1/2893 5143/1/2893 5149/1/2893 5147/1/2893
f 5143/1/2893 5144/1/2893 5150/1/2893 5149/1/2893
f 5144/1/2893 5145/1/2893 5151/1/2893 5150/1/2893
f 5145/1/2893 5146/1/2893 5152/1/2893 5151/1/2893
f 5146/1/2893 5142/1/2893 5148/1/2893 5152/1/2893
f 5148/1/2884 5147/1/2884 5153/1/2884 5154/1/2884
f 5147/1/2885 5149/1/2885 5155/1/2885 5153/1/2885
f 5149/1/2886 5150/1/2886 5156/1/2886 5155/1/2886
f 5150/1/2881 5151/1/2881 5157/1/2881 5156/1/2881
f 5151/1/2882 5152/1/2882 5158/1/2882 5157/1/2882
f 5152/1/2883 5148/1/2883 5154/1/2883 5158/1/2883
f 5154/1/2893 5153/1/2893 5159/1/2893
f 5153/1/2893 5155/1/2893 5159/1/2893
f 5155/1/2893 5156/1/2893 5159/1/2893
f 5156/1/2893 5157/1/2893 5159/1/2893
f 5157/1/2893 5158/1/2893 5159/1/2893
f 5158/1/2893 5154/1/2893 5159/1/2893
usemtl steel
f 5160/1/2894 5161/1/2894 5162/1/2894 5163/1/2894
f 5161/1/2895 5164/1/2895 5165/1/2895 5162/1/2895
f 5164/1/2896 5166/1/2896 5167/1/2896 5165/1/2896
f 5166/1/2897 5168/1/2897 5169/1/2897 5167/1/2897
f 5168/1/2898 5170/1/2898 5171/1/2898 5169/1/2898
f 5170/1/2899 5160/1/2899 5163/1/2899 5171/1/2899
f 5163/1/2881 5162/1/2881 5172/1/2881 5173/1/2881
f 5162/1/2882 5165/1/2882 5174/1/2882 5172/1/2882
f 5165/1/2883 5167/1/2883 5175/1/2883 5174/1/2883
f 5167/1/2884 5169/1/2884 5176/1/2884 5175/1/2884
f 5169/1/2885 5171/1/2885 5177/1/2885 5176/1/2885
f 5171/1/2886 5163/1/2886 5173/1/2886 5177/1/2886
f 5173/1/2900 5172/1/2900 5178/1/2900 5179/1/2900
f 5172/1/2901 5174/1/2901 5180/1/2901 5178/1/2901
f 5174/1/2902 5175/1/2902 5181/1/2902 5180/1/2902
f 5175/1/2903 5176/1/2903 5182/1/2903 5181/1/2903
f 5176/1/2904 5177/1/2904 5183/1/2904 5182/1/2904
f 5177/1/2905 5173/1/2905 5179/1/2905 5183/1/2905
f 5179/1/2884 5178/1/2884 5161/1/2884 5160/1/2884
f 5178/1/2885 5180/1/2885 5164/1/2885 5161/1/2885
f 5180/1/2886 5181/1/2886 5166/1/2886 5164/1/2886
f 5181/1/2881 5182/1/2881 5168/1/2881 5166/1/2881
f 5182/1/2882 5183/1/2882 5170/1/2882 5168/1/2882
f 5183/1/2883 5179/1/2883 5160/1/2883 5170/1/2883
usemtl silver
f 5184/1/2874 5185/1/2874 5186/1/2874
f 5184/1/2874 5187/1/2874 5185/1/2874
f 5184/1/2874 5188/1/2874 5187/1/2874
f 5184/1/2874 5189/1/2874 5188/1/2874
f 5184/1/2874 5190/1/2874 5189/1/2874
f 5184/1/2874 5186/1/2874 5190/1/2874
f 5186/1/2881 5185/1/2881 5191/1/2881 5192/1/2881
f 5185/1/2882 5187/1/2882 5193/1/2882 5191/1/2882
f 5187/1/2883 5188/1/2883 5194/1/2883 5193/1/2883
f 5188/1/2884 5189/1/2884 5195/1/2884 5194/1/2884
f 5189/1/2885 5190/1/2885 5196/1/2885 5195/1/2885
f 5190/1/2886 5186/1/2886 5192/1/2886 5196/1/2886
f 5192/1/2893 5191/1/2893 5197/1/2893
f 5191/1/2893 5193/1/2893 5197/1/2893
f 5193/1/2893 5194/1/2893 5197/1/2893
f 5194/1/2893 5195/1/2893 5197/1/2893
f 5195/1/2893 5196/1/2893 5197/1/2893
f 5196/1/2893 5192/1/2893 5197/1/2893
usemtl graphite
f 5198/1/2906 5199/1/2906 5200/1/2906
f 5198/1/2906 5201/1/2906 5199/1/2906
f 5198/1/2906 5202/1/2906 5201/1/2906
f 5198/1/2906 5203/1/2906 5202/1/2906
f 5198/1/2906 5204/1/2906 5203/1/2906
f 5198/1/2906 5200/1/2906 5204/1/2906
f 5200/1/2907 5199/1/2907 5205/1/2907 5206/1/2907
f 5199/1/2908 5201/1/2908 5207/1/2908 5205/1/2908
f 5201/1/2909 5202/1/2909 5208/1/2909 5207/1/2909
f 5202/1/2910 5203/1/2910 5209/1/2910 5208/1/2910
f 5203/1/2911 5204/1/2911 5210/1/2911 5209/1/2911
f 5204/1/2912 5200/1/2912 5206/1/2912 5210/1/2912
f 5206/1/2913 5205/1/2913 5211/1/2913 5212/1/2913
f 5205/1/2914 5207/1/2914 5213/1/2914 5211/1/2914
f 5207/1/2915 5208/1/2915 5214/1/2915 5213/1/2915
f 5208/1/2916 5209/1/2916 5215/1/2916 5214/1/2916
f 5209/1/2917 5210/1/2917 5216/1/2917 5215/1/2917
f 5210/1/2918 5206/1/2918 5212/1/2918 5216/1/2918
f 5212/1/2919 5211/1/2919 5217/1/2919 5218/1/2919
f 5211/1/2920 5213/1/2920 5219/1/2920 5217/1/2920
f 5213/1/2921 5214/1/2921 5220/1/2921 5219/1/2921
f 5214/1/2922 5215/1/2922 5221/1/2922 5220/1/2922
f 5215/1/2923 5216/1/2923 5222/1/2923 5221/1/2923
f 5216/1/2924 5212/1/2924 5218/1/2924 5222/1/2924
f 5218/1/2925 5217/1/2925 5223/1/2925 5224/1/2925
f 5217/1/2925 5219/1/2925 5225/1/2925 5223/1/2925
f 5219/1/2925 5220/1/2925 5226/1/2925 5225/1/2925
f 5220/1/2925 5221/1/2925 5227/1/2925 5226/1/2925
f 5221/1/2925 5222/1/2925 5228/1/2925 5227/1/2925
f 5222/1/2925 5218/1/2925 5224/1/2925 5228/1/2925
f 5224/1/2916 5223/1/2916 5229/1/2916 5230/1/2916
f 5223/1/2917 5225/1/2917 5231/1/2917 5229/1/2917
f 5225/1/2918 5226/1/2918 5232/1/2918 5231/1/2918
f 5226/1/2913 5227/1/2913 5233/1/2913 5232/1/2913
f 5227/1/2914 5228/1/2914 5234/1/2914 5233/1/2914
f 5228/1/2915 5224/1/2915 5230/1/2915 5234/1/2915
f 5230/1/2925 5229/1/2925 5235/1/2925
f 5229/1/2925 5231/1/2925 5235/1/2925
f 5231/1/2925 5232/1/2925 5235/1/2925
f 5232/1/2925 5233/1/2925 5235/1/2925
f 5233/1/2925 5234/1/2925 5235/1/2925
f 5234/1/2925 5230/1/2925 5235/1/2925
usemtl steel
f 5236/1/2926 5237/1/2926 5238/1/2926 5239/1/2926
f 5237/1/2927 5240/1/2927 5241/1/2927 5238/1/2927
f 5240/1/2928 5242/1/2928 5243/1/2928 5241/1/2928
f 5242/1/2929 5244/1/2929 5245/1/2929 5243/1/2929
f 5244/1/2930 5246/1/2930 5247/1/2930 5245/1/2930
f 5246/1/2931 5236/1/2931 5239/1/2931 5247/1/2931
f 5239/1/2913 5238/1/2913 5248/1/2913 5249/1/2913
f 5238/1/2914 5241/1/2914 5250/1/2914 5248/1/2914
f 5241/1/2915 5243/1/2915 5251/1/2915 5250/1/2915
f 5243/1/2916 5245/1/2916 5252/1/2916 5251/1/2916
f 5245/1/2917 5247/1/2917 5253/1/2917 5252/1/2917
f 5247/1/2918 5239/1/2918 5249/1/2918 5253/1/2918
f 5249/1/2932 5248/1/2932 5254/1/2932 5255/1/2932
f 5248/1/2933 5250/1/2933 5256/1/2933 5254/1/2933
f 5250/1/2934 5251/1/2934 5257/1/2934 5256/1/2934
f 5251/1/2935 5252/1/2935 5258/1/2935 5257/1/2935
f 5252/1/2936 5253/1/2936 5259/1/2936 5258/1/2936
f 5253/1/2937 5249/1/2937 5255/1/2937 5259/1/2937
f 5255/1/2916 5254/1/2916 5237/1/2916 5236/1/2916
f 5254/1/2917 5256/1/2917 5240/1/2917 5237/1/2917
f 5256/1/2918 5257/1/2918 5242/1/2918 5240/1/2918
f 5257/1/2913 5258/1/2913 5244/1/2913 5242/1/2913
f 5258/1/2914 5259/1/2914 5246/1/2914 5244/1/2914
f 5259/1/2915 5255/1/2915 5236/1/2915 5246/1/2915
usemtl silver
f 5260/1/2906 5261/1/2906 5262/1/2906
f 5260/1/2906 5263/1/2906 5261/1/2906
f 5260/1/2906 5264/1/2906 5263/1/2906
f 5260/1/2906 5265/1/2906 5264/1/2906
f 5260/1/2906 5266/1/2906 5265/1/2906
f 5260/1/2906 5262/1/2906 5266/1/2906
f 5262/1/2913 5261/1/2913 5267/1/2913 5268/1/2913
f 5261/1/2914 5263/1/2914 5269/1/2914 5267/1/2914
f 5263/1/2915 5264/1/2915 5270/1/2915 5269/1/2915
f 5264/1/2916 5265/1/2916 5271/1/2916 5270/1/2916
f 5265/1/2917 5266/1/2917 5272/1/2917 5271/1/2917
f 5266/1/2918 5262/1/2918 5268/1/2918 5272/1/2918
f 5268/1/2925 5267/1/2925 5273/1/2925
f 5267/1/2925 5269/1/2925 5273/1/2925
f 5269/1/2925 5270/1/2925 5273/1/2925
f 5270/1/2925 5271/1/2925 5273/1/2925
f 5271/1/2925 5272/1/2925 5273/1/2925
f 5272/1/2925 5268/1/2925 5273/1/2925
