# Relics-P04; model coordinates in block units; front faces -Z
mtllib rf_shield.mtl
v 0.6952509 0.5388378 0.2381282
v 0.7376360 0.5472687 0.2775075
v 0.7422916 0.5000000 0.2775075
v 0.6990761 0.5000000 0.2381282
v 0.6839223 0.5761831 0.2381282
v 0.7238482 0.5927210 0.2775075
v 0.6655257 0.6106007 0.2381282
v 0.7014581 0.6346100 0.2775075
v 0.6407680 0.6407680 0.2381282
v 0.6713260 0.6713260 0.2775075
v 0.6106007 0.6655257 0.2381282
v 0.6346100 0.7014581 0.2775075
v 0.5761831 0.6839223 0.2381282
v 0.5927210 0.7238482 0.2775075
v 0.5388378 0.6952509 0.2381282
v 0.5472687 0.7376360 0.2775075
v 0.5000000 0.6990761 0.2381282
v 0.5000000 0.7422916 0.2775075
v 0.4611622 0.6952509 0.2381282
v 0.4527313 0.7376360 0.2775075
v 0.4238169 0.6839223 0.2381282
v 0.4072790 0.7238482 0.2775075
v 0.3893993 0.6655257 0.2381282
v 0.3653900 0.7014581 0.2775075
v 0.3592320 0.6407680 0.2381282
v 0.3286740 0.6713260 0.2775075
v 0.3344743 0.6106007 0.2381282
v 0.2985419 0.6346100 0.2775075
v 0.3160777 0.5761831 0.2381282
v 0.2761518 0.5927210 0.2775075
v 0.3047491 0.5388378 0.2381282
v 0.2623640 0.5472687 0.2775075
v 0.3009239 0.5000000 0.2381282
v 0.2577084 0.5000000 0.2775075
v 0.3047491 0.4611622 0.2381282
v 0.2623640 0.4527313 0.2775075
v 0.3160777 0.4238169 0.2381282
v 0.2761518 0.4072790 0.2775075
v 0.3344743 0.3893993 0.2381282
v 0.2985419 0.3653900 0.2775075
v 0.3592320 0.3592320 0.2381282
v 0.3286740 0.3286740 0.2775075
v 0.3893993 0.3344743 0.2381282
v 0.3653900 0.2985419 0.2775075
v 0.4238169 0.3160777 0.2381282
v 0.4072790 0.2761518 0.2775075
v 0.4611622 0.3047491 0.2381282
v 0.4527313 0.2623640 0.2775075
v 0.5000000 0.3009239 0.2381282
v 0.5000000 0.2577084 0.2775075
v 0.5388378 0.3047491 0.2381282
v 0.5472687 0.2623640 0.2775075
v 0.5761831 0.3160777 0.2381282
v 0.5927210 0.2761518 0.2775075
v 0.6106007 0.3344743 0.2381282
v 0.6346100 0.2985419 0.2775075
v 0.6407680 0.3592320 0.2381282
v 0.6713260 0.3286740 0.2775075
v 0.6655257 0.3893993 0.2381282
v 0.7014581 0.3653900 0.2775075
v 0.6839223 0.4238169 0.2381282
v 0.7238482 0.4072790 0.2775075
v 0.6952509 0.4611622 0.2381282
v 0.7376360 0.4527313 0.2775075
v 0.7725142 0.5542064 0.3239154
v 0.7778530 0.5000000 0.3239154
v 0.7567027 0.6063298 0.3239154
v 0.7310264 0.6543669 0.3239154
v 0.6964718 0.6964718 0.3239154
v 0.6543669 0.7310264 0.3239154
v 0.6063298 0.7567027 0.3239154
v 0.5542064 0.7725142 0.3239154
v 0.5000000 0.7778530 0.3239154
v 0.4457936 0.7725142 0.3239154
v 0.3936702 0.7567027 0.3239154
v 0.3456331 0.7310264 0.3239154
v 0.3035282 0.6964718 0.3239154
v 0.2689736 0.6543669 0.3239154
v 0.2432973 0.6063298 0.3239154
v 0.2274858 0.5542064 0.3239154
v 0.2221470 0.5000000 0.3239154
v 0.2274858 0.4457936 0.3239154
v 0.2432973 0.3936702 0.3239154
v 0.2689736 0.3456331 0.3239154
v 0.3035282 0.3035282 0.3239154
v 0.3456331 0.2689736 0.3239154
v 0.3936702 0.2432973 0.3239154
v 0.4457936 0.2274858 0.3239154
v 0.5000000 0.2221470 0.3239154
v 0.5542064 0.2274858 0.3239154
v 0.6063298 0.2432973 0.3239154
v 0.6543669 0.2689736 0.3239154
v 0.6964718 0.3035282 0.3239154
v 0.7310264 0.3456331 0.3239154
v 0.7567027 0.3936702 0.3239154
v 0.7725142 0.4457936 0.3239154
v 0.7987836 0.5594318 0.3758858
v 0.8046371 0.5000000 0.3758858
v 0.7814480 0.6165796 0.3758858
v 0.7532965 0.6692473 0.3758858
v 0.7154110 0.7154110 0.3758858
v 0.6692473 0.7532965 0.3758858
v 0.6165796 0.7814480 0.3758858
v 0.5594318 0.7987836 0.3758858
v 0.5000000 0.8046371 0.3758858
v 0.4405682 0.7987836 0.3758858
v 0.3834204 0.7814480 0.3758858
v 0.3307527 0.7532965 0.3758858
v 0.2845890 0.7154110 0.3758858
v 0.2467035 0.6692473 0.3758858
v 0.2185520 0.6165796 0.3758858
v 0.2012164 0.5594318 0.3758858
v 0.1953629 0.5000000 0.3758858
v 0.2012164 0.4405682 0.3758858
v 0.2185520 0.3834204 0.3758858
v 0.2467035 0.3307527 0.3758858
v 0.2845890 0.2845890 0.3758858
v 0.3307527 0.2467035 0.3758858
v 0.3834204 0.2185520 0.3758858
v 0.4405682 0.2012164 0.3758858
v 0.5000000 0.1953629 0.3758858
v 0.5594318 0.2012164 0.3758858
v 0.6165796 0.2185520 0.3758858
v 0.6692473 0.2467035 0.3758858
v 0.7154110 0.2845890 0.3758858
v 0.7532965 0.3307527 0.3758858
v 0.7814480 0.3834204 0.3758858
v 0.7987836 0.4405682 0.3758858
v 0.8156144 0.5627796 0.4317770
v 0.8217976 0.5000000 0.4317770
v 0.7973023 0.6231466 0.4317770
v 0.7675650 0.6787812 0.4317770
v 0.7275453 0.7275453 0.4317770
v 0.6787812 0.7675650 0.4317770
v 0.6231466 0.7973023 0.4317770
v 0.5627796 0.8156144 0.4317770
v 0.5000000 0.8217976 0.4317770
v 0.4372204 0.8156144 0.4317770
v 0.3768534 0.7973023 0.4317770
v 0.3212188 0.7675650 0.4317770
v 0.2724547 0.7275453 0.4317770
v 0.2324350 0.6787812 0.4317770
v 0.2026977 0.6231466 0.4317770
v 0.1843856 0.5627796 0.4317770
v 0.1782024 0.5000000 0.4317770
v 0.1843856 0.4372204 0.4317770
v 0.2026977 0.3768534 0.4317770
v 0.2324350 0.3212188 0.4317770
v 0.2724547 0.2724547 0.4317770
v 0.3212188 0.2324350 0.4317770
v 0.3768534 0.2026977 0.4317770
v 0.4372204 0.1843856 0.4317770
v 0.5000000 0.1782024 0.4317770
v 0.5627796 0.1843856 0.4317770
v 0.6231466 0.2026977 0.4317770
v 0.6787812 0.2324350 0.4317770
v 0.7275453 0.2724547 0.4317770
v 0.7675650 0.3212188 0.4317770
v 0.7973023 0.3768534 0.4317770
v 0.8156144 0.4372204 0.4317770
v 0.8224749 0.5641442 0.4898233
v 0.8287925 0.5000000 0.4898233
v 0.8037647 0.6258235 0.4898233
v 0.7733810 0.6826674 0.4898233
v 0.7324914 0.7324914 0.4898233
v 0.6826674 0.7733810 0.4898233
v 0.6258235 0.8037647 0.4898233
v 0.5641442 0.8224749 0.4898233
v 0.5000000 0.8287925 0.4898233
v 0.4358558 0.8224749 0.4898233
v 0.3741765 0.8037647 0.4898233
v 0.3173326 0.7733810 0.4898233
v 0.2675086 0.7324914 0.4898233
v 0.2266190 0.6826674 0.4898233
v 0.1962353 0.6258235 0.4898233
v 0.1775251 0.5641442 0.4898233
v 0.1712075 0.5000000 0.4898233
v 0.1775251 0.4358558 0.4898233
v 0.1962353 0.3741765 0.4898233
v 0.2266190 0.3173326 0.4898233
v 0.2675086 0.2675086 0.4898233
v 0.3173326 0.2266190 0.4898233
v 0.3741765 0.1962353 0.4898233
v 0.4358558 0.1775251 0.4898233
v 0.5000000 0.1712075 0.4898233
v 0.5641442 0.1775251 0.4898233
v 0.6258235 0.1962353 0.4898233
v 0.6826674 0.2266190 0.4898233
v 0.7324914 0.2675086 0.4898233
v 0.7733810 0.3173326 0.4898233
v 0.8037647 0.3741765 0.4898233
v 0.8224749 0.4358558 0.4898233
v 0.8191484 0.5634826 0.5481912
v 0.8254009 0.5000000 0.5481912
v 0.8006312 0.6245255 0.5481912
v 0.7705609 0.6807830 0.5481912
v 0.7300931 0.7300931 0.5481912
v 0.6807830 0.7705609 0.5481912
v 0.6245255 0.8006312 0.5481912
v 0.5634826 0.8191484 0.5481912
v 0.5000000 0.8254009 0.5481912
v 0.4365174 0.8191484 0.5481912
v 0.3754745 0.8006312 0.5481912
v 0.3192170 0.7705609 0.5481912
v 0.2699069 0.7300931 0.5481912
v 0.2294391 0.6807830 0.5481912
v 0.1993688 0.6245255 0.5481912
v 0.1808516 0.5634826 0.5481912
v 0.1745991 0.5000000 0.5481912
v 0.1808516 0.4365174 0.5481912
v 0.1993688 0.3754745 0.5481912
v 0.2294391 0.3192170 0.5481912
v 0.2699069 0.2699069 0.5481912
v 0.3192170 0.2294391 0.5481912
v 0.3754745 0.1993688 0.5481912
v 0.4365174 0.1808516 0.5481912
v 0.5000000 0.1745991 0.5481912
v 0.5634826 0.1808516 0.5481912
v 0.6245255 0.1993688 0.5481912
v 0.6807830 0.2294391 0.5481912
v 0.7300931 0.2699069 0.5481912
v 0.7705609 0.3192170 0.5481912
v 0.8006312 0.3754745 0.5481912
v 0.8191484 0.4365174 0.5481912
v 0.8057399 0.5608154 0.6050366
v 0.8117297 0.5000000 0.6050366
v 0.7880007 0.6192938 0.6050366
v 0.7591938 0.6731877 0.6050366
v 0.7204262 0.7204262 0.6050366
v 0.6731877 0.7591938 0.6050366
v 0.6192938 0.7880007 0.6050366
v 0.5608154 0.8057399 0.6050366
v 0.5000000 0.8117297 0.6050366
v 0.4391846 0.8057399 0.6050366
v 0.3807062 0.7880007 0.6050366
v 0.3268123 0.7591938 0.6050366
v 0.2795738 0.7204262 0.6050366
v 0.2408062 0.6731877 0.6050366
v 0.2119993 0.6192938 0.6050366
v 0.1942601 0.5608154 0.6050366
v 0.1882703 0.5000000 0.6050366
v 0.1942601 0.4391846 0.6050366
v 0.2119993 0.3807062 0.6050366
v 0.2408062 0.3268123 0.6050366
v 0.2795738 0.2795738 0.6050366
v 0.3268123 0.2408062 0.6050366
v 0.3807062 0.2119993 0.6050366
v 0.4391846 0.1942601 0.6050366
v 0.5000000 0.1882703 0.6050366
v 0.5608154 0.1942601 0.6050366
v 0.6192938 0.2119993 0.6050366
v 0.6731877 0.2408062 0.6050366
v 0.7204262 0.2795738 0.6050366
v 0.7591938 0.3268123 0.6050366
v 0.7880007 0.3807062 0.6050366
v 0.8057399 0.4391846 0.6050366
v 0.7826731 0.5562272 0.6585640
v 0.7882110 0.5000000 0.6585640
v 0.7662722 0.6102936 0.6585640
v 0.7396387 0.6601214 0.6585640
v 0.7037959 0.7037959 0.6585640
v 0.6601214 0.7396387 0.6585640
v 0.6102936 0.7662722 0.6585640
v 0.5562272 0.7826731 0.6585640
v 0.5000000 0.7882110 0.6585640
v 0.4437728 0.7826731 0.6585640
v 0.3897064 0.7662722 0.6585640
v 0.3398786 0.7396387 0.6585640
v 0.2962041 0.7037959 0.6585640
v 0.2603613 0.6601214 0.6585640
v 0.2337278 0.6102936 0.6585640
v 0.2173269 0.5562272 0.6585640
v 0.2117890 0.5000000 0.6585640
v 0.2173269 0.4437728 0.6585640
v 0.2337278 0.3897064 0.6585640
v 0.2603613 0.3398786 0.6585640
v 0.2962041 0.2962041 0.6585640
v 0.3398786 0.2603613 0.6585640
v 0.3897064 0.2337278 0.6585640
v 0.4437728 0.2173269 0.6585640
v 0.5000000 0.2117890 0.6585640
v 0.5562272 0.2173269 0.6585640
v 0.6102936 0.2337278 0.6585640
v 0.6601214 0.2603613 0.6585640
v 0.7037959 0.2962041 0.6585640
v 0.7396387 0.3398786 0.6585640
v 0.7662722 0.3897064 0.6585640
v 0.7826731 0.4437728 0.6585640
v 0.7506766 0.5498627 0.7070823
v 0.7555876 0.5000000 0.7070823
v 0.7361322 0.5978092 0.7070823
v 0.7125133 0.6419969 0.7070823
v 0.6807277 0.6807277 0.7070823
v 0.6419969 0.7125133 0.7070823
v 0.5978092 0.7361322 0.7070823
v 0.5498627 0.7506766 0.7070823
v 0.5000000 0.7555876 0.7070823
v 0.4501373 0.7506766 0.7070823
v 0.4021908 0.7361322 0.7070823
v 0.3580031 0.7125133 0.7070823
v 0.3192723 0.6807277 0.7070823
v 0.2874867 0.6419969 0.7070823
v 0.2638678 0.5978092 0.7070823
v 0.2493234 0.5498627 0.7070823
v 0.2444124 0.5000000 0.7070823
v 0.2493234 0.4501373 0.7070823
v 0.2638678 0.4021908 0.7070823
v 0.2874867 0.3580031 0.7070823
v 0.3192723 0.3192723 0.7070823
v 0.3580031 0.2874867 0.7070823
v 0.4021908 0.2638678 0.7070823
v 0.4501373 0.2493234 0.7070823
v 0.5000000 0.2444124 0.7070823
v 0.5498627 0.2493234 0.7070823
v 0.5978092 0.2638678 0.7070823
v 0.6419969 0.2874867 0.7070823
v 0.6807277 0.3192723 0.7070823
v 0.7125133 0.3580031 0.7070823
v 0.7361322 0.4021908 0.7070823
v 0.7506766 0.4501373 0.7070823
v 0.7107612 0.5419230 0.7490588
v 0.7148902 0.5000000 0.7490588
v 0.6985327 0.5822349 0.7490588
v 0.6786747 0.6193866 0.7490588
v 0.6519503 0.6519503 0.7490588
v 0.6193866 0.6786747 0.7490588
v 0.5822349 0.6985327 0.7490588
v 0.5419230 0.7107612 0.7490588
v 0.5000000 0.7148902 0.7490588
v 0.4580770 0.7107612 0.7490588
v 0.4177651 0.6985327 0.7490588
v 0.3806134 0.6786747 0.7490588
v 0.3480497 0.6519503 0.7490588
v 0.3213253 0.6193866 0.7490588
v 0.3014673 0.5822349 0.7490588
v 0.2892388 0.5419230 0.7490588
v 0.2851098 0.5000000 0.7490588
v 0.2892388 0.4580770 0.7490588
v 0.3014673 0.4177651 0.7490588
v 0.3213253 0.3806134 0.7490588
v 0.3480497 0.3480497 0.7490588
v 0.3806134 0.3213253 0.7490588
v 0.4177651 0.3014673 0.7490588
v 0.4580770 0.2892388 0.7490588
v 0.5000000 0.2851098 0.7490588
v 0.5419230 0.2892388 0.7490588
v 0.5822349 0.3014673 0.7490588
v 0.6193866 0.3213253 0.7490588
v 0.6519503 0.3480497 0.7490588
v 0.6786747 0.3806134 0.7490588
v 0.6985327 0.4177651 0.7490588
v 0.7107612 0.4580770 0.7490588
v 0.6641878 0.5326590 0.7831675
v 0.6674044 0.5000000 0.7831675
v 0.6546615 0.5640629 0.7831675
v 0.6391917 0.5930049 0.7831675
v 0.6183728 0.6183728 0.7831675
v 0.5930049 0.6391917 0.7831675
v 0.5640629 0.6546615 0.7831675
v 0.5326590 0.6641878 0.7831675
v 0.5000000 0.6674044 0.7831675
v 0.4673410 0.6641878 0.7831675
v 0.4359371 0.6546615 0.7831675
v 0.4069951 0.6391917 0.7831675
v 0.3816272 0.6183728 0.7831675
v 0.3608083 0.5930049 0.7831675
v 0.3453385 0.5640629 0.7831675
v 0.3358122 0.5326590 0.7831675
v 0.3325956 0.5000000 0.7831675
v 0.3358122 0.4673410 0.7831675
v 0.3453385 0.4359371 0.7831675
v 0.3608083 0.4069951 0.7831675
v 0.3816272 0.3816272 0.7831675
v 0.4069951 0.3608083 0.7831675
v 0.4359371 0.3453385 0.7831675
v 0.4673410 0.3358122 0.7831675
v 0.5000000 0.3325956 0.7831675
v 0.5326590 0.3358122 0.7831675
v 0.5640629 0.3453385 0.7831675
v 0.5930049 0.3608083 0.7831675
v 0.6183728 0.3816272 0.7831675
v 0.6391917 0.4069951 0.7831675
v 0.6546615 0.4359371 0.7831675
v 0.6641878 0.4673410 0.7831675
v 0.6124277 0.5223633 0.8083310
v 0.6146303 0.5000000 0.8083310
v 0.6059046 0.5438671 0.8083310
v 0.5953116 0.5636852 0.8083310
v 0.5810559 0.5810559 0.8083310
v 0.5636852 0.5953116 0.8083310
v 0.5438671 0.6059046 0.8083310
v 0.5223633 0.6124277 0.8083310
v 0.5000000 0.6146303 0.8083310
v 0.4776367 0.6124277 0.8083310
v 0.4561329 0.6059046 0.8083310
v 0.4363148 0.5953116 0.8083310
v 0.4189441 0.5810559 0.8083310
v 0.4046884 0.5636852 0.8083310
v 0.3940954 0.5438671 0.8083310
v 0.3875723 0.5223633 0.8083310
v 0.3853697 0.5000000 0.8083310
v 0.3875723 0.4776367 0.8083310
v 0.3940954 0.4561329 0.8083310
v 0.4046884 0.4363148 0.8083310
v 0.4189441 0.4189441 0.8083310
v 0.4363148 0.4046884 0.8083310
v 0.4561329 0.3940954 0.8083310
v 0.4776367 0.3875723 0.8083310
v 0.5000000 0.3853697 0.8083310
v 0.5223633 0.3875723 0.8083310
v 0.5438671 0.3940954 0.8083310
v 0.5636852 0.4046884 0.8083310
v 0.5810559 0.4189441 0.8083310
v 0.5953116 0.4363148 0.8083310
v 0.6059046 0.4561329 0.8083310
v 0.6124277 0.4776367 0.8083310
v 0.5571160 0.5113611 0.8237542
v 0.5582350 0.5000000 0.8237542
v 0.5538021 0.5222856 0.8237542
v 0.5484206 0.5323536 0.8237542
v 0.5411783 0.5411783 0.8237542
v 0.5323536 0.5484206 0.8237542
v 0.5222856 0.5538021 0.8237542
v 0.5113611 0.5571160 0.8237542
v 0.5000000 0.5582350 0.8237542
v 0.4886389 0.5571160 0.8237542
v 0.4777144 0.5538021 0.8237542
v 0.4676464 0.5484206 0.8237542
v 0.4588217 0.5411783 0.8237542
v 0.4515794 0.5323536 0.8237542
v 0.4461979 0.5222856 0.8237542
v 0.4428840 0.5113611 0.8237542
v 0.4417650 0.5000000 0.8237542
v 0.4428840 0.4886389 0.8237542
v 0.4461979 0.4777144 0.8237542
v 0.4515794 0.4676464 0.8237542
v 0.4588217 0.4588217 0.8237542
v 0.4676464 0.4515794 0.8237542
v 0.4777144 0.4461979 0.8237542
v 0.4886389 0.4428840 0.8237542
v 0.5000000 0.4417650 0.8237542
v 0.5113611 0.4428840 0.8237542
v 0.5222856 0.4461979 0.8237542
v 0.5323536 0.4515794 0.8237542
v 0.5411783 0.4588217 0.8237542
v 0.5484206 0.4676464 0.8237542
v 0.5538021 0.4777144 0.8237542
v 0.5571160 0.4886389 0.8237542
v 0.5000000 0.5000000 0.8289500
v 0.6759155 0.4120747 0.2125356
v 0.6981998 0.3899489 0.2355790
v 0.6754159 0.3563905 0.2355790
v 0.6602896 0.3860511 0.2125356
v 0.6873506 0.4401930 0.2125356
v 0.7146389 0.4270304 0.2355790
v 0.6943224 0.4697360 0.2125356
v 0.7242067 0.4664478 0.2355790
v 0.6966650 0.5000000 0.2125356
v 0.7265971 0.5069394 0.2355790
v 0.6943224 0.5302640 0.2125356
v 0.7217335 0.5472087 0.2355790
v 0.6873506 0.5598070 0.2125356
v 0.7097716 0.5859668 0.2355790
v 0.6759155 0.5879253 0.2125356
v 0.6910943 0.6219729 0.2355790
v 0.6602896 0.6139489 0.2125356
v 0.6662995 0.6540743 0.2355790
v 0.7235043 0.3791945 0.2617465
v 0.6976235 0.3403344 0.2617465
v 0.7418369 0.4221344 0.2617465
v 0.7520022 0.4677040 0.2617465
v 0.7536569 0.5143643 0.2617465
v 0.7467450 0.5605395 0.2617465
v 0.7315001 0.6046702 0.2617465
v 0.7084370 0.6452659 0.2617465
v 0.6783345 0.6809557 0.2617465
v 0.7470139 0.3715376 0.2907289
v 0.7192558 0.3284035 0.2907289
v 0.7663881 0.4190318 0.2907289
v 0.7767208 0.4692742 0.2907289
v 0.7776613 0.5205595 0.2907289
v 0.7691776 0.5711470 0.2907289
v 0.7515578 0.6193196 0.2907289
v 0.7253998 0.6634424 0.2907289
v 0.6915915 0.7020178 0.2907289
v 0.7665395 0.3634313 0.3221838
v 0.7369616 0.3168512 0.3221838
v 0.7870700 0.4146472 0.3221838
v 0.7978563 0.4687602 0.3221838
v 0.7985322 0.5239337 0.3221838
v 0.7890748 0.5782947 0.3221838
v 0.7698051 0.6299981 0.3221838
v 0.7413772 0.6772889 0.3221838
v 0.7047560 0.7185618 0.3221838
v 0.7812586 0.3537282 0.3557396
v 0.7496523 0.3046143 0.3557396
v 0.8033187 0.4078068 0.3557396
v 0.8150839 0.4650146 0.3557396
v 0.8161547 0.5234098 0.3557396
v 0.8064950 0.5810104 0.3557396
v 0.7864324 0.6358614 0.3557396
v 0.7566480 0.6861012 0.3557396
v 0.7181527 0.7300245 0.3557396
v 0.7910154 0.3427043 0.3909999
v 0.7573171 0.2921063 0.3909999
v 0.8148855 0.3986146 0.3909999
v 0.8281213 0.4579488 0.3909999
v 0.8302757 0.5187032 0.3909999
v 0.8212761 0.5788259 0.3909999
v 0.8014264 0.6362865 0.3909999
v 0.7713968 0.6891445 0.3909999
v 0.7322017 0.7356146 0.3909999
v 0.7978471 0.3346195 0.4275480
v 0.7636082 0.2841892 0.4275480
v 0.8225511 0.3903441 0.4275480
v 0.8369293 0.4495791 0.4275480
v 0.8405214 0.5104282 0.4275480
v 0.8332126 0.5709435 0.4275480
v 0.8152366 0.6291876 0.4275480
v 0.7871691 0.6832962 0.4275480
v 0.7499085 0.7315369 0.4275480
v 0.8099707 0.3450719 0.4649521
v 0.7824372 0.2992171 0.4649521
v 0.8301197 0.3946174 0.4649521
v 0.8424045 0.4466735 0.4649521
v 0.8465322 0.5000000 0.4649521
v 0.8424045 0.5533265 0.4649521
v 0.8301197 0.6053826 0.4649521
v 0.8099707 0.6549281 0.4649521
v 0.7824372 0.7007829 0.4649521
v 0.6565792 0.3886888 0.2191899
v 0.6713553 0.3597148 0.2416998
v 0.6936119 0.3924964 0.2416998
v 0.6718434 0.4141100 0.2191899
v 0.7096704 0.4287195 0.2416998
v 0.6830137 0.4415774 0.2191899
v 0.7190168 0.4672245 0.2416998
v 0.6898242 0.4704366 0.2191899
v 0.7213518 0.5067787 0.2416998
v 0.6921125 0.5000000 0.2191899
v 0.7166008 0.5461159 0.2416998
v 0.6898242 0.5295634 0.2191899
v 0.7049158 0.5839769 0.2416998
v 0.6830137 0.5584226 0.2191899
v 0.6866708 0.6191494 0.2416998
v 0.6718434 0.5858900 0.2191899
v 0.6624500 0.6505077 0.2416998
v 0.6565792 0.6113112 0.2191899
v 0.6930489 0.3440304 0.2672616
v 0.7183306 0.3819909 0.2672616
v 0.7362388 0.4239369 0.2672616
v 0.7461688 0.4684516 0.2672616
v 0.7477852 0.5140318 0.2672616
v 0.7410333 0.5591381 0.2672616
v 0.7261413 0.6022472 0.2672616
v 0.7036120 0.6419032 0.2672616
v 0.6742064 0.6767669 0.2672616
v 0.7141805 0.3323756 0.2955731
v 0.7412960 0.3745112 0.2955731
v 0.7602217 0.4209061 0.2955731
v 0.7703152 0.4699855 0.2955731
v 0.7712339 0.5200836 0.2955731
v 0.7629467 0.5695000 0.2955731
v 0.7457347 0.6165576 0.2955731
v 0.7201822 0.6596590 0.2955731
v 0.6871565 0.6973415 0.2955731
v 0.7314764 0.3210907 0.3262999
v 0.7603696 0.3665926 0.3262999
v 0.7804249 0.4166229 0.3262999
v 0.7909615 0.4694834 0.3262999
v 0.7916217 0.5233796 0.3262999
v 0.7823832 0.5764823 0.3262999
v 0.7635596 0.6269889 0.3262999
v 0.7357897 0.6731850 0.3262999
v 0.7000163 0.7135025 0.3262999
v 0.7438733 0.3091371 0.3590790
v 0.7747480 0.3571142 0.3590790
v 0.7962975 0.4099409 0.3590790
v 0.8077903 0.4658244 0.3590790
v 0.8088363 0.5228679 0.3590790
v 0.7994002 0.5791351 0.3590790
v 0.7798020 0.6327165 0.3590790
v 0.7507071 0.6817933 0.3590790
v 0.7131028 0.7246998 0.3590790
v 0.7513607 0.2969187 0.3935230
v 0.7842789 0.3463455 0.3935230
v 0.8075965 0.4009615 0.3935230
v 0.8205259 0.4589222 0.3935230
v 0.8226305 0.5182702 0.3935230
v 0.8138392 0.5770012 0.3935230
v 0.7944489 0.6331317 0.3935230
v 0.7651145 0.6847661 0.3935230
v 0.7268266 0.7301606 0.3935230
v 0.7575062 0.2891848 0.4292251
v 0.7909525 0.3384478 0.4292251
v 0.8150846 0.3928824 0.4292251
v 0.8291300 0.4507463 0.4292251
v 0.8326390 0.5101868 0.4292251
v 0.8254993 0.5693013 0.4292251
v 0.8079395 0.6261972 0.4292251
v 0.7805217 0.6790532 0.4292251
v 0.7441236 0.7261772 0.4292251
v 0.7758993 0.3038649 0.4657634
v 0.8027954 0.3486582 0.4657634
v 0.8224781 0.3970569 0.4657634
v 0.8344784 0.4479079 0.4657634
v 0.8385106 0.5000000 0.4657634
v 0.8344784 0.5520921 0.4657634
v 0.8224781 0.6029431 0.4657634
v 0.8027954 0.6513418 0.4657634
v 0.7758993 0.6961351 0.4657634
v 0.8316094 0.4186739 0.5168135
v 0.8217602 0.4061277 0.5672294
v 0.8000312 0.3505914 0.5672294
v 0.8152757 0.3689277 0.5168135
v 0.8401449 0.4703325 0.5168135
v 0.8333032 0.4646358 0.5672294
v 0.8406816 0.5226888 0.5168135
v 0.8342947 0.5242635 0.5672294
v 0.8332068 0.5745115 0.5168135
v 0.8247033 0.5831230 0.5672294
v 0.8178963 0.6245820 0.5168135
v 0.8048326 0.6393511 0.5672294
v 0.7951101 0.6717229 0.5168135
v 0.7753118 0.6911676 0.5672294
v 0.7653842 0.7148255 0.5168135
v 0.7370753 0.7369324 0.5672294
v 0.7294174 0.7528762 0.5168135
v 0.6913336 0.7751964 0.5672294
v 0.8096437 0.4134612 0.6161604
v 0.7887205 0.3585481 0.6161604
v 0.8202226 0.4712653 0.6161604
v 0.8201038 0.5300293 0.6161604
v 0.8092912 0.5877901 0.6161604
v 0.7881462 0.6426181 0.6161604
v 0.7573751 0.6926817 0.6161604
v 0.7180059 0.7363083 0.6161604
v 0.6713537 0.7720406 0.6161604
v 0.7908993 0.4236827 0.6625260
v 0.7720905 0.3718850 0.6625260
v 0.7999410 0.4780427 0.6625260
v 0.7989121 0.5331400 0.6625260
v 0.7878472 0.5871246 0.6625260
v 0.7671178 0.6381839 0.6625260
v 0.7374199 0.6846037 0.6625260
v 0.6997505 0.7248254 0.6625260
v 0.6553744 0.7574985 0.6625260
v 0.7648046 0.4322432 0.7053021
v 0.7479951 0.3850614 0.7053021
v 0.7727226 0.4817002 0.7053021
v 0.7714830 0.5317716 0.7053021
v 0.7611277 0.5807763 0.7053021
v 0.7420042 0.6270686 0.7053021
v 0.7147548 0.6690942 0.7053021
v 0.6802943 0.7054420 0.7053021
v 0.6397800 0.7348915 0.7053021
v 0.7320388 0.4391247 0.7435439
v 0.7170358 0.3978078 0.7435439
v 0.7392510 0.4824855 0.7435439
v 0.7384303 0.5264344 0.7435439
v 0.7296043 0.5694958 0.7435439
v 0.7130693 0.6102238 0.7435439
v 0.6893804 0.6472510 0.7435439
v 0.6593330 0.6793343 0.7435439
v 0.6239360 0.7053963 0.7435439
v 0.6937249 0.4458580 0.7764068
v 0.6806346 0.4115023 0.7764068
v 0.7003434 0.4820225 0.7764068
v 0.7002691 0.5187875 0.7764068
v 0.6935044 0.5549248 0.7764068
v 0.6802753 0.5892273 0.7764068
v 0.6610237 0.6205490 0.7764068
v 0.6363928 0.6478435 0.7764068
v 0.6072054 0.6701990 0.7764068
v 0.6516413 0.4557592 0.8031651
v 0.6414007 0.4295857 0.8031651
v 0.6570814 0.4833333 0.8031651
v 0.6575487 0.5114351 0.8031651
v 0.6530284 0.5391748 0.8031651
v 0.6436636 0.5656743 0.8031651
v 0.6297508 0.5900948 0.8031651
v 0.6117305 0.6116631 0.8031651
v 0.5901730 0.6296964 0.8031651
v 0.6080860 0.4734923 0.8232277
v 0.6027622 0.4572778 0.8232277
v 0.6108681 0.4903301 0.8232277
v 0.6110431 0.5073953 0.8232277
v 0.6086067 0.5242866 0.8232277
v 0.6036163 0.5406067 0.8232277
v 0.5961893 0.5559720 0.8232277
v 0.5865003 0.5700210 0.8232277
v 0.5747772 0.5824234 0.8232277
v 0.8078400 0.3720191 0.5164169
v 0.7929550 0.3541152 0.5656438
v 0.8141715 0.4083417 0.5656438
v 0.8237884 0.4205920 0.5164169
v 0.8254423 0.4654699 0.5656438
v 0.8321226 0.4710322 0.5164169
v 0.8264103 0.5236912 0.5656438
v 0.8326467 0.5221537 0.5164169
v 0.8170452 0.5811625 0.5656438
v 0.8253481 0.5727542 0.5164169
v 0.7976432 0.6360645 0.5656438
v 0.8103987 0.6216438 0.5164169
v 0.7688186 0.6866590 0.5656438
v 0.7881500 0.6676728 0.5164169
v 0.7314839 0.7313443 0.5656438
v 0.7591251 0.7097588 0.5164169
v 0.6868211 0.7687059 0.5656438
v 0.7240066 0.7469122 0.5164169
v 0.7819111 0.3618843 0.6134208
v 0.8023408 0.4155022 0.6134208
v 0.8126701 0.4719430 0.6134208
v 0.8125541 0.5293210 0.6134208
v 0.8019966 0.5857196 0.6134208
v 0.7813503 0.6392545 0.6134208
v 0.7513049 0.6881373 0.6134208
v 0.7128642 0.7307350 0.6134208
v 0.6673123 0.7656246 0.6134208
v 0.7656733 0.3749066 0.6586929
v 0.7840384 0.4254826 0.6586929
v 0.7928669 0.4785606 0.6586929
v 0.7918623 0.5323584 0.6586929
v 0.7810584 0.5850697 0.6586929
v 0.7608179 0.6349248 0.6586929
v 0.7318203 0.6802498 0.6586929
v 0.6950394 0.7195229 0.6586929
v 0.6517100 0.7514255 0.6586929
v 0.7421462 0.3877722 0.7004601
v 0.7585592 0.4338413 0.7004601
v 0.7662904 0.4821318 0.7004601
v 0.7650801 0.5310223 0.7004601
v 0.7549690 0.5788712 0.7004601
v 0.7362966 0.6240717 0.7004601
v 0.7096898 0.6651061 0.7004601
v 0.6760421 0.7005967 0.7004601
v 0.6364833 0.7293516 0.7004601
v 0.7119170 0.4002180 0.7377999
v 0.7265662 0.4405604 0.7377999
v 0.7336083 0.4828986 0.7377999
v 0.7328070 0.5258110 0.7377999
v 0.7241891 0.5678567 0.7377999
v 0.7080440 0.6076242 0.7377999
v 0.6849139 0.6437781 0.7377999
v 0.6555752 0.6751047 0.7377999
v 0.6210130 0.7005521 0.7377999
v 0.6763743 0.4135895 0.7698878
v 0.6891559 0.4471350 0.7698878
v 0.6956184 0.4824465 0.7698878
v 0.6955458 0.5183444 0.7698878
v 0.6889406 0.5536294 0.7698878
v 0.6760235 0.5871229 0.7698878
v 0.6572260 0.6177059 0.7698878
v 0.6331760 0.6443566 0.7698878
v 0.6046770 0.6661848 0.7698878
v 0.6380658 0.4312464 0.7960150
v 0.6480649 0.4568027 0.7960150
v 0.6533766 0.4837264 0.7960150
v 0.6538329 0.5111654 0.7960150
v 0.6494192 0.5382508 0.7960150
v 0.6402753 0.5641254 0.7960150
v 0.6266906 0.5879699 0.7960150
v 0.6090953 0.6090295 0.7960150
v 0.5880463 0.6266376 0.7960150
v 0.6003385 0.4582854 0.8156044
v 0.6055368 0.4741174 0.8156044
v 0.6082533 0.4905581 0.8156044
v 0.6084241 0.5072209 0.8156044
v 0.6060452 0.5237138 0.8156044
v 0.6011725 0.5396490 0.8156044
v 0.5939207 0.5546519 0.8156044
v 0.5844602 0.5683696 0.8156044
v 0.5730136 0.5804795 0.8156044
v 0.5879253 0.6759155 0.2125356
v 0.6100511 0.6981998 0.2355790
v 0.6436095 0.6754159 0.2355790
v 0.6139489 0.6602896 0.2125356
v 0.5598070 0.6873506 0.2125356
v 0.5729696 0.7146389 0.2355790
v 0.5302640 0.6943224 0.2125356
v 0.5335522 0.7242067 0.2355790
v 0.5000000 0.6966650 0.2125356
v 0.4930606 0.7265971 0.2355790
v 0.4697360 0.6943224 0.2125356
v 0.4527913 0.7217335 0.2355790
v 0.4401930 0.6873506 0.2125356
v 0.4140332 0.7097716 0.2355790
v 0.4120747 0.6759155 0.2125356
v 0.3780271 0.6910943 0.2355790
v 0.3860511 0.6602896 0.2125356
v 0.3459257 0.6662995 0.2355790
v 0.6208055 0.7235043 0.2617465
v 0.6596656 0.6976235 0.2617465
v 0.5778656 0.7418369 0.2617465
v 0.5322960 0.7520022 0.2617465
v 0.4856357 0.7536569 0.2617465
v 0.4394605 0.7467450 0.2617465
v 0.3953298 0.7315001 0.2617465
v 0.3547341 0.7084370 0.2617465
v 0.3190443 0.6783345 0.2617465
v 0.6284624 0.7470139 0.2907289
v 0.6715965 0.7192558 0.2907289
v 0.5809682 0.7663881 0.2907289
v 0.5307258 0.7767208 0.2907289
v 0.4794405 0.7776613 0.2907289
v 0.4288530 0.7691776 0.2907289
v 0.3806804 0.7515578 0.2907289
v 0.3365576 0.7253998 0.2907289
v 0.2979822 0.6915915 0.2907289
v 0.6365687 0.7665395 0.3221838
v 0.6831488 0.7369616 0.3221838
v 0.5853528 0.7870700 0.3221838
v 0.5312398 0.7978563 0.3221838
v 0.4760663 0.7985322 0.3221838
v 0.4217053 0.7890748 0.3221838
v 0.3700019 0.7698051 0.3221838
v 0.3227111 0.7413772 0.3221838
v 0.2814382 0.7047560 0.3221838
v 0.6462718 0.7812586 0.3557396
v 0.6953857 0.7496523 0.3557396
v 0.5921932 0.8033187 0.3557396
v 0.5349854 0.8150839 0.3557396
v 0.4765902 0.8161547 0.3557396
v 0.4189896 0.8064950 0.3557396
v 0.3641386 0.7864324 0.3557396
v 0.3138988 0.7566480 0.3557396
v 0.2699755 0.7181527 0.3557396
v 0.6572957 0.7910154 0.3909999
v 0.7078937 0.7573171 0.3909999
v 0.6013854 0.8148855 0.3909999
v 0.5420512 0.8281213 0.3909999
v 0.4812968 0.8302757 0.3909999
v 0.4211741 0.8212761 0.3909999
v 0.3637135 0.8014264 0.3909999
v 0.3108555 0.7713968 0.3909999
v 0.2643854 0.7322017 0.3909999
v 0.6653805 0.7978471 0.4275480
v 0.7158108 0.7636082 0.4275480
v 0.6096559 0.8225511 0.4275480
v 0.5504209 0.8369293 0.4275480
v 0.4895718 0.8405214 0.4275480
v 0.4290565 0.8332126 0.4275480
v 0.3708124 0.8152366 0.4275480
v 0.3167038 0.7871691 0.4275480
v 0.2684631 0.7499085 0.4275480
v 0.6549281 0.8099707 0.4649521
v 0.7007829 0.7824372 0.4649521
v 0.6053826 0.8301197 0.4649521
v 0.5533265 0.8424045 0.4649521
v 0.5000000 0.8465322 0.4649521
v 0.4466735 0.8424045 0.4649521
v 0.3946174 0.8301197 0.4649521
v 0.3450719 0.8099707 0.4649521
v 0.2992171 0.7824372 0.4649521
v 0.6113112 0.6565792 0.2191899
v 0.6402852 0.6713553 0.2416998
v 0.6075036 0.6936119 0.2416998
v 0.5858900 0.6718434 0.2191899
v 0.5712805 0.7096704 0.2416998
v 0.5584226 0.6830137 0.2191899
v 0.5327755 0.7190168 0.2416998
v 0.5295634 0.6898242 0.2191899
v 0.4932213 0.7213518 0.2416998
v 0.5000000 0.6921125 0.2191899
v 0.4538841 0.7166008 0.2416998
v 0.4704366 0.6898242 0.2191899
v 0.4160231 0.7049158 0.2416998
v 0.4415774 0.6830137 0.2191899
v 0.3808506 0.6866708 0.2416998
v 0.4141100 0.6718434 0.2191899
v 0.3494923 0.6624500 0.2416998
v 0.3886888 0.6565792 0.2191899
v 0.6559696 0.6930489 0.2672616
v 0.6180091 0.7183306 0.2672616
v 0.5760631 0.7362388 0.2672616
v 0.5315484 0.7461688 0.2672616
v 0.4859682 0.7477852 0.2672616
v 0.4408619 0.7410333 0.2672616
v 0.3977528 0.7261413 0.2672616
v 0.3580968 0.7036120 0.2672616
v 0.3232331 0.6742064 0.2672616
v 0.6676244 0.7141805 0.2955731
v 0.6254888 0.7412960 0.2955731
v 0.5790939 0.7602217 0.2955731
v 0.5300145 0.7703152 0.2955731
v 0.4799164 0.7712339 0.2955731
v 0.4305000 0.7629467 0.2955731
v 0.3834424 0.7457347 0.2955731
v 0.3403410 0.7201822 0.2955731
v 0.3026585 0.6871565 0.2955731
v 0.6789093 0.7314764 0.3262999
v 0.6334074 0.7603696 0.3262999
v 0.5833771 0.7804249 0.3262999
v 0.5305166 0.7909615 0.3262999
v 0.4766204 0.7916217 0.3262999
v 0.4235177 0.7823832 0.3262999
v 0.3730111 0.7635596 0.3262999
v 0.3268150 0.7357897 0.3262999
v 0.2864975 0.7000163 0.3262999
v 0.6908629 0.7438733 0.3590790
v 0.6428858 0.7747480 0.3590790
v 0.5900591 0.7962975 0.3590790
v 0.5341756 0.8077903 0.3590790
v 0.4771321 0.8088363 0.3590790
v 0.4208649 0.7994002 0.3590790
v 0.3672835 0.7798020 0.3590790
v 0.3182067 0.7507071 0.3590790
v 0.2753002 0.7131028 0.3590790
v 0.7030813 0.7513607 0.3935230
v 0.6536545 0.7842789 0.3935230
v 0.5990385 0.8075965 0.3935230
v 0.5410778 0.8205259 0.3935230
v 0.4817298 0.8226305 0.3935230
v 0.4229988 0.8138392 0.3935230
v 0.3668683 0.7944489 0.3935230
v 0.3152339 0.7651145 0.3935230
v 0.2698394 0.7268266 0.3935230
v 0.7108152 0.7575062 0.4292251
v 0.6615522 0.7909525 0.4292251
v 0.6071176 0.8150846 0.4292251
v 0.5492537 0.8291300 0.4292251
v 0.4898132 0.8326390 0.4292251
v 0.4306987 0.8254993 0.4292251
v 0.3738028 0.8079395 0.4292251
v 0.3209468 0.7805217 0.4292251
v 0.2738228 0.7441236 0.4292251
v 0.6961351 0.7758993 0.4657634
v 0.6513418 0.8027954 0.4657634
v 0.6029431 0.8224781 0.4657634
v 0.5520921 0.8344784 0.4657634
v 0.5000000 0.8385106 0.4657634
v 0.4479079 0.8344784 0.4657634
v 0.3970569 0.8224781 0.4657634
v 0.3486582 0.8027954 0.4657634
v 0.3038649 0.7758993 0.4657634
v 0.5813261 0.8316094 0.5168135
v 0.5938723 0.8217602 0.5672294
v 0.6494086 0.8000312 0.5672294
v 0.6310723 0.8152757 0.5168135
v 0.5296675 0.8401449 0.5168135
v 0.5353642 0.8333032 0.5672294
v 0.4773112 0.8406816 0.5168135
v 0.4757365 0.8342947 0.5672294
v 0.4254885 0.8332068 0.5168135
v 0.4168770 0.8247033 0.5672294
v 0.3754180 0.8178963 0.5168135
v 0.3606489 0.8048326 0.5672294
v 0.3282771 0.7951101 0.5168135
v 0.3088324 0.7753118 0.5672294
v 0.2851745 0.7653842 0.5168135
v 0.2630676 0.7370753 0.5672294
v 0.2471238 0.7294174 0.5168135
v 0.2248036 0.6913336 0.5672294
v 0.5865388 0.8096437 0.6161604
v 0.6414519 0.7887205 0.6161604
v 0.5287347 0.8202226 0.6161604
v 0.4699707 0.8201038 0.6161604
v 0.4122099 0.8092912 0.6161604
v 0.3573819 0.7881462 0.6161604
v 0.3073183 0.7573751 0.6161604
v 0.2636917 0.7180059 0.6161604
v 0.2279594 0.6713537 0.6161604
v 0.5763173 0.7908993 0.6625260
v 0.6281150 0.7720905 0.6625260
v 0.5219573 0.7999410 0.6625260
v 0.4668600 0.7989121 0.6625260
v 0.4128754 0.7878472 0.6625260
v 0.3618161 0.7671178 0.6625260
v 0.3153963 0.7374199 0.6625260
v 0.2751746 0.6997505 0.6625260
v 0.2425015 0.6553744 0.6625260
v 0.5677568 0.7648046 0.7053021
v 0.6149386 0.7479951 0.7053021
v 0.5182998 0.7727226 0.7053021
v 0.4682284 0.7714830 0.7053021
v 0.4192237 0.7611277 0.7053021
v 0.3729314 0.7420042 0.7053021
v 0.3309058 0.7147548 0.7053021
v 0.2945580 0.6802943 0.7053021
v 0.2651085 0.6397800 0.7053021
v 0.5608753 0.7320388 0.7435439
v 0.6021922 0.7170358 0.7435439
v 0.5175145 0.7392510 0.7435439
v 0.4735656 0.7384303 0.7435439
v 0.4305042 0.7296043 0.7435439
v 0.3897762 0.7130693 0.7435439
v 0.3527490 0.6893804 0.7435439
v 0.3206657 0.6593330 0.7435439
v 0.2946037 0.6239360 0.7435439
v 0.5541420 0.6937249 0.7764068
v 0.5884977 0.6806346 0.7764068
v 0.5179775 0.7003434 0.7764068
v 0.4812125 0.7002691 0.7764068
v 0.4450752 0.6935044 0.7764068
v 0.4107727 0.6802753 0.7764068
v 0.3794510 0.6610237 0.7764068
v 0.3521565 0.6363928 0.7764068
v 0.3298010 0.6072054 0.7764068
v 0.5442408 0.6516413 0.8031651
v 0.5704143 0.6414007 0.8031651
v 0.5166667 0.6570814 0.8031651
v 0.4885649 0.6575487 0.8031651
v 0.4608252 0.6530284 0.8031651
v 0.4343257 0.6436636 0.8031651
v 0.4099052 0.6297508 0.8031651
v 0.3883369 0.6117305 0.8031651
v 0.3703036 0.5901730 0.8031651
v 0.5265077 0.6080860 0.8232277
v 0.5427222 0.6027622 0.8232277
v 0.5096699 0.6108681 0.8232277
v 0.4926047 0.6110431 0.8232277
v 0.4757134 0.6086067 0.8232277
v 0.4593933 0.6036163 0.8232277
v 0.4440280 0.5961893 0.8232277
v 0.4299790 0.5865003 0.8232277
v 0.4175766 0.5747772 0.8232277
v 0.6279809 0.8078400 0.5164169
v 0.6458848 0.7929550 0.5656438
v 0.5916583 0.8141715 0.5656438
v 0.5794080 0.8237884 0.5164169
v 0.5345301 0.8254423 0.5656438
v 0.5289678 0.8321226 0.5164169
v 0.4763088 0.8264103 0.5656438
v 0.4778463 0.8326467 0.5164169
v 0.4188375 0.8170452 0.5656438
v 0.4272458 0.8253481 0.5164169
v 0.3639355 0.7976432 0.5656438
v 0.3783562 0.8103987 0.5164169
v 0.3133410 0.7688186 0.5656438
v 0.3323272 0.7881500 0.5164169
v 0.2686557 0.7314839 0.5656438
v 0.2902412 0.7591251 0.5164169
v 0.2312941 0.6868211 0.5656438
v 0.2530878 0.7240066 0.5164169
v 0.6381157 0.7819111 0.6134208
v 0.5844978 0.8023408 0.6134208
v 0.5280570 0.8126701 0.6134208
v 0.4706790 0.8125541 0.6134208
v 0.4142804 0.8019966 0.6134208
v 0.3607455 0.7813503 0.6134208
v 0.3118627 0.7513049 0.6134208
v 0.2692650 0.7128642 0.6134208
v 0.2343754 0.6673123 0.6134208
v 0.6250934 0.7656733 0.6586929
v 0.5745174 0.7840384 0.6586929
v 0.5214394 0.7928669 0.6586929
v 0.4676416 0.7918623 0.6586929
v 0.4149303 0.7810584 0.6586929
v 0.3650752 0.7608179 0.6586929
v 0.3197502 0.7318203 0.6586929
v 0.2804771 0.6950394 0.6586929
v 0.2485745 0.6517100 0.6586929
v 0.6122278 0.7421462 0.7004601
v 0.5661587 0.7585592 0.7004601
v 0.5178682 0.7662904 0.7004601
v 0.4689777 0.7650801 0.7004601
v 0.4211288 0.7549690 0.7004601
v 0.3759283 0.7362966 0.7004601
v 0.3348939 0.7096898 0.7004601
v 0.2994033 0.6760421 0.7004601
v 0.2706484 0.6364833 0.7004601
v 0.5997820 0.7119170 0.7377999
v 0.5594396 0.7265662 0.7377999
v 0.5171014 0.7336083 0.7377999
v 0.4741890 0.7328070 0.7377999
v 0.4321433 0.7241891 0.7377999
v 0.3923758 0.7080440 0.7377999
v 0.3562219 0.6849139 0.7377999
v 0.3248953 0.6555752 0.7377999
v 0.2994479 0.6210130 0.7377999
v 0.5864105 0.6763743 0.7698878
v 0.5528650 0.6891559 0.7698878
v 0.5175535 0.6956184 0.7698878
v 0.4816556 0.6955458 0.7698878
v 0.4463706 0.6889406 0.7698878
v 0.4128771 0.6760235 0.7698878
v 0.3822941 0.6572260 0.7698878
v 0.3556434 0.6331760 0.7698878
v 0.3338152 0.6046770 0.7698878
v 0.5687536 0.6380658 0.7960150
v 0.5431973 0.6480649 0.7960150
v 0.5162736 0.6533766 0.7960150
v 0.4888346 0.6538329 0.7960150
v 0.4617492 0.6494192 0.7960150
v 0.4358746 0.6402753 0.7960150
v 0.4120301 0.6266906 0.7960150
v 0.3909705 0.6090953 0.7960150
v 0.3733624 0.5880463 0.7960150
v 0.5417146 0.6003385 0.8156044
v 0.5258826 0.6055368 0.8156044
v 0.5094419 0.6082533 0.8156044
v 0.4927791 0.6084241 0.8156044
v 0.4762862 0.6060452 0.8156044
v 0.4603510 0.6011725 0.8156044
v 0.4453481 0.5939207 0.8156044
v 0.4316304 0.5844602 0.8156044
v 0.4195205 0.5730136 0.8156044
v 0.3240845 0.5879253 0.2125356
v 0.3018002 0.6100511 0.2355790
v 0.3245841 0.6436095 0.2355790
v 0.3397104 0.6139489 0.2125356
v 0.3126494 0.5598070 0.2125356
v 0.2853611 0.5729696 0.2355790
v 0.3056776 0.5302640 0.2125356
v 0.2757933 0.5335522 0.2355790
v 0.3033350 0.5000000 0.2125356
v 0.2734029 0.4930606 0.2355790
v 0.3056776 0.4697360 0.2125356
v 0.2782665 0.4527913 0.2355790
v 0.3126494 0.4401930 0.2125356
v 0.2902284 0.4140332 0.2355790
v 0.3240845 0.4120747 0.2125356
v 0.3089057 0.3780271 0.2355790
v 0.3397104 0.3860511 0.2125356
v 0.3337005 0.3459257 0.2355790
v 0.2764957 0.6208055 0.2617465
v 0.3023765 0.6596656 0.2617465
v 0.2581631 0.5778656 0.2617465
v 0.2479978 0.5322960 0.2617465
v 0.2463431 0.4856357 0.2617465
v 0.2532550 0.4394605 0.2617465
v 0.2684999 0.3953298 0.2617465
v 0.2915630 0.3547341 0.2617465
v 0.3216655 0.3190443 0.2617465
v 0.2529861 0.6284624 0.2907289
v 0.2807442 0.6715965 0.2907289
v 0.2336119 0.5809682 0.2907289
v 0.2232792 0.5307258 0.2907289
v 0.2223387 0.4794405 0.2907289
v 0.2308224 0.4288530 0.2907289
v 0.2484422 0.3806804 0.2907289
v 0.2746002 0.3365576 0.2907289
v 0.3084085 0.2979822 0.2907289
v 0.2334605 0.6365687 0.3221838
v 0.2630384 0.6831488 0.3221838
v 0.2129300 0.5853528 0.3221838
v 0.2021437 0.5312398 0.3221838
v 0.2014678 0.4760663 0.3221838
v 0.2109252 0.4217053 0.3221838
v 0.2301949 0.3700019 0.3221838
v 0.2586228 0.3227111 0.3221838
v 0.2952440 0.2814382 0.3221838
v 0.2187414 0.6462718 0.3557396
v 0.2503477 0.6953857 0.3557396
v 0.1966813 0.5921932 0.3557396
v 0.1849161 0.5349854 0.3557396
v 0.1838453 0.4765902 0.3557396
v 0.1935050 0.4189896 0.3557396
v 0.2135676 0.3641386 0.3557396
v 0.2433520 0.3138988 0.3557396
v 0.2818473 0.2699755 0.3557396
v 0.2089846 0.6572957 0.3909999
v 0.2426829 0.7078937 0.3909999
v 0.1851145 0.6013854 0.3909999
v 0.1718787 0.5420512 0.3909999
v 0.1697243 0.4812968 0.3909999
v 0.1787239 0.4211741 0.3909999
v 0.1985736 0.3637135 0.3909999
v 0.2286032 0.3108555 0.3909999
v 0.2677983 0.2643854 0.3909999
v 0.2021529 0.6653805 0.4275480
v 0.2363918 0.7158108 0.4275480
v 0.1774489 0.6096559 0.4275480
v 0.1630707 0.5504209 0.4275480
v 0.1594786 0.4895718 0.4275480
v 0.1667874 0.4290565 0.4275480
v 0.1847634 0.3708124 0.4275480
v 0.2128309 0.3167038 0.4275480
v 0.2500915 0.2684631 0.4275480
v 0.1900293 0.6549281 0.4649521
v 0.2175628 0.7007829 0.4649521
v 0.1698803 0.6053826 0.4649521
v 0.1575955 0.5533265 0.4649521
v 0.1534678 0.5000000 0.4649521
v 0.1575955 0.4466735 0.4649521
v 0.1698803 0.3946174 0.4649521
v 0.1900293 0.3450719 0.4649521
v 0.2175628 0.2992171 0.4649521
v 0.3434208 0.6113112 0.2191899
v 0.3286447 0.6402852 0.2416998
v 0.3063881 0.6075036 0.2416998
v 0.3281566 0.5858900 0.2191899
v 0.2903296 0.5712805 0.2416998
v 0.3169863 0.5584226 0.2191899
v 0.2809832 0.5327755 0.2416998
v 0.3101758 0.5295634 0.2191899
v 0.2786482 0.4932213 0.2416998
v 0.3078875 0.5000000 0.2191899
v 0.2833992 0.4538841 0.2416998
v 0.3101758 0.4704366 0.2191899
v 0.2950842 0.4160231 0.2416998
v 0.3169863 0.4415774 0.2191899
v 0.3133292 0.3808506 0.2416998
v 0.3281566 0.4141100 0.2191899
v 0.3375500 0.3494923 0.2416998
v 0.3434208 0.3886888 0.2191899
v 0.3069511 0.6559696 0.2672616
v 0.2816694 0.6180091 0.2672616
v 0.2637612 0.5760631 0.2672616
v 0.2538312 0.5315484 0.2672616
v 0.2522148 0.4859682 0.2672616
v 0.2589667 0.4408619 0.2672616
v 0.2738587 0.3977528 0.2672616
v 0.2963880 0.3580968 0.2672616
v 0.3257936 0.3232331 0.2672616
v 0.2858195 0.6676244 0.2955731
v 0.2587040 0.6254888 0.2955731
v 0.2397783 0.5790939 0.2955731
v 0.2296848 0.5300145 0.2955731
v 0.2287661 0.4799164 0.2955731
v 0.2370533 0.4305000 0.2955731
v 0.2542653 0.3834424 0.2955731
v 0.2798178 0.3403410 0.2955731
v 0.3128435 0.3026585 0.2955731
v 0.2685236 0.6789093 0.3262999
v 0.2396304 0.6334074 0.3262999
v 0.2195751 0.5833771 0.3262999
v 0.2090385 0.5305166 0.3262999
v 0.2083783 0.4766204 0.3262999
v 0.2176168 0.4235177 0.3262999
v 0.2364404 0.3730111 0.3262999
v 0.2642103 0.3268150 0.3262999
v 0.2999837 0.2864975 0.3262999
v 0.2561267 0.6908629 0.3590790
v 0.2252520 0.6428858 0.3590790
v 0.2037025 0.5900591 0.3590790
v 0.1922097 0.5341756 0.3590790
v 0.1911637 0.4771321 0.3590790
v 0.2005998 0.4208649 0.3590790
v 0.2201980 0.3672835 0.3590790
v 0.2492929 0.3182067 0.3590790
v 0.2868972 0.2753002 0.3590790
v 0.2486393 0.7030813 0.3935230
v 0.2157211 0.6536545 0.3935230
v 0.1924035 0.5990385 0.3935230
v 0.1794741 0.5410778 0.3935230
v 0.1773695 0.4817298 0.3935230
v 0.1861608 0.4229988 0.3935230
v 0.2055511 0.3668683 0.3935230
v 0.2348855 0.3152339 0.3935230
v 0.2731734 0.2698394 0.3935230
v 0.2424938 0.7108152 0.4292251
v 0.2090475 0.6615522 0.4292251
v 0.1849154 0.6071176 0.4292251
v 0.1708700 0.5492537 0.4292251
v 0.1673610 0.4898132 0.4292251
v 0.1745007 0.4306987 0.4292251
v 0.1920605 0.3738028 0.4292251
v 0.2194783 0.3209468 0.4292251
v 0.2558764 0.2738228 0.4292251
v 0.2241007 0.6961351 0.4657634
v 0.1972046 0.6513418 0.4657634
v 0.1775219 0.6029431 0.4657634
v 0.1655216 0.5520921 0.4657634
v 0.1614894 0.5000000 0.4657634
v 0.1655216 0.4479079 0.4657634
v 0.1775219 0.3970569 0.4657634
v 0.1972046 0.3486582 0.4657634
v 0.2241007 0.3038649 0.4657634
v 0.1683906 0.5813261 0.5168135
v 0.1782398 0.5938723 0.5672294
v 0.1999688 0.6494086 0.5672294
v 0.1847243 0.6310723 0.5168135
v 0.1598551 0.5296675 0.5168135
v 0.1666968 0.5353642 0.5672294
v 0.1593184 0.4773112 0.5168135
v 0.1657053 0.4757365 0.5672294
v 0.1667932 0.4254885 0.5168135
v 0.1752967 0.4168770 0.5672294
v 0.1821037 0.3754180 0.5168135
v 0.1951674 0.3606489 0.5672294
v 0.2048899 0.3282771 0.5168135
v 0.2246882 0.3088324 0.5672294
v 0.2346158 0.2851745 0.5168135
v 0.2629247 0.2630676 0.5672294
v 0.2705826 0.2471238 0.5168135
v 0.3086664 0.2248036 0.5672294
v 0.1903563 0.5865388 0.6161604
v 0.2112795 0.6414519 0.6161604
v 0.1797774 0.5287347 0.6161604
v 0.1798962 0.4699707 0.6161604
v 0.1907088 0.4122099 0.6161604
v 0.2118538 0.3573819 0.6161604
v 0.2426249 0.3073183 0.6161604
v 0.2819941 0.2636917 0.6161604
v 0.3286463 0.2279594 0.6161604
v 0.2091007 0.5763173 0.6625260
v 0.2279095 0.6281150 0.6625260
v 0.2000590 0.5219573 0.6625260
v 0.2010879 0.4668600 0.6625260
v 0.2121528 0.4128754 0.6625260
v 0.2328822 0.3618161 0.6625260
v 0.2625801 0.3153963 0.6625260
v 0.3002495 0.2751746 0.6625260
v 0.3446256 0.2425015 0.6625260
v 0.2351954 0.5677568 0.7053021
v 0.2520049 0.6149386 0.7053021
v 0.2272774 0.5182998 0.7053021
v 0.2285170 0.4682284 0.7053021
v 0.2388723 0.4192237 0.7053021
v 0.2579958 0.3729314 0.7053021
v 0.2852452 0.3309058 0.7053021
v 0.3197057 0.2945580 0.7053021
v 0.3602200 0.2651085 0.7053021
v 0.2679612 0.5608753 0.7435439
v 0.2829642 0.6021922 0.7435439
v 0.2607490 0.5175145 0.7435439
v 0.2615697 0.4735656 0.7435439
v 0.2703957 0.4305042 0.7435439
v 0.2869307 0.3897762 0.7435439
v 0.3106196 0.3527490 0.7435439
v 0.3406670 0.3206657 0.7435439
v 0.3760640 0.2946037 0.7435439
v 0.3062751 0.5541420 0.7764068
v 0.3193654 0.5884977 0.7764068
v 0.2996566 0.5179775 0.7764068
v 0.2997309 0.4812125 0.7764068
v 0.3064956 0.4450752 0.7764068
v 0.3197247 0.4107727 0.7764068
v 0.3389763 0.3794510 0.7764068
v 0.3636072 0.3521565 0.7764068
v 0.3927946 0.3298010 0.7764068
v 0.3483587 0.5442408 0.8031651
v 0.3585993 0.5704143 0.8031651
v 0.3429186 0.5166667 0.8031651
v 0.3424513 0.4885649 0.8031651
v 0.3469716 0.4608252 0.8031651
v 0.3563364 0.4343257 0.8031651
v 0.3702492 0.4099052 0.8031651
v 0.3882695 0.3883369 0.8031651
v 0.4098270 0.3703036 0.8031651
v 0.3919140 0.5265077 0.8232277
v 0.3972378 0.5427222 0.8232277
v 0.3891319 0.5096699 0.8232277
v 0.3889569 0.4926047 0.8232277
v 0.3913933 0.4757134 0.8232277
v 0.3963837 0.4593933 0.8232277
v 0.4038107 0.4440280 0.8232277
v 0.4134997 0.4299790 0.8232277
v 0.4252228 0.4175766 0.8232277
v 0.1921600 0.6279809 0.5164169
v 0.2070450 0.6458848 0.5656438
v 0.1858285 0.5916583 0.5656438
v 0.1762116 0.5794080 0.5164169
v 0.1745577 0.5345301 0.5656438
v 0.1678774 0.5289678 0.5164169
v 0.1735897 0.4763088 0.5656438
v 0.1673533 0.4778463 0.5164169
v 0.1829548 0.4188375 0.5656438
v 0.1746519 0.4272458 0.5164169
v 0.2023568 0.3639355 0.5656438
v 0.1896013 0.3783562 0.5164169
v 0.2311814 0.3133410 0.5656438
v 0.2118500 0.3323272 0.5164169
v 0.2685161 0.2686557 0.5656438
v 0.2408749 0.2902412 0.5164169
v 0.3131789 0.2312941 0.5656438
v 0.2759934 0.2530878 0.5164169
v 0.2180889 0.6381157 0.6134208
v 0.1976592 0.5844978 0.6134208
v 0.1873299 0.5280570 0.6134208
v 0.1874459 0.4706790 0.6134208
v 0.1980034 0.4142804 0.6134208
v 0.2186497 0.3607455 0.6134208
v 0.2486951 0.3118627 0.6134208
v 0.2871358 0.2692650 0.6134208
v 0.3326877 0.2343754 0.6134208
v 0.2343267 0.6250934 0.6586929
v 0.2159616 0.5745174 0.6586929
v 0.2071331 0.5214394 0.6586929
v 0.2081377 0.4676416 0.6586929
v 0.2189416 0.4149303 0.6586929
v 0.2391821 0.3650752 0.6586929
v 0.2681797 0.3197502 0.6586929
v 0.3049606 0.2804771 0.6586929
v 0.3482900 0.2485745 0.6586929
v 0.2578538 0.6122278 0.7004601
v 0.2414408 0.5661587 0.7004601
v 0.2337096 0.5178682 0.7004601
v 0.2349199 0.4689777 0.7004601
v 0.2450310 0.4211288 0.7004601
v 0.2637034 0.3759283 0.7004601
v 0.2903102 0.3348939 0.7004601
v 0.3239579 0.2994033 0.7004601
v 0.3635167 0.2706484 0.7004601
v 0.2880830 0.5997820 0.7377999
v 0.2734338 0.5594396 0.7377999
v 0.2663917 0.5171014 0.7377999
v 0.2671930 0.4741890 0.7377999
v 0.2758109 0.4321433 0.7377999
v 0.2919560 0.3923758 0.7377999
v 0.3150861 0.3562219 0.7377999
v 0.3444248 0.3248953 0.7377999
v 0.3789870 0.2994479 0.7377999
v 0.3236257 0.5864105 0.7698878
v 0.3108441 0.5528650 0.7698878
v 0.3043816 0.5175535 0.7698878
v 0.3044542 0.4816556 0.7698878
v 0.3110594 0.4463706 0.7698878
v 0.3239765 0.4128771 0.7698878
v 0.3427740 0.3822941 0.7698878
v 0.3668240 0.3556434 0.7698878
v 0.3953230 0.3338152 0.7698878
v 0.3619342 0.5687536 0.7960150
v 0.3519351 0.5431973 0.7960150
v 0.3466234 0.5162736 0.7960150
v 0.3461671 0.4888346 0.7960150
v 0.3505808 0.4617492 0.7960150
v 0.3597247 0.4358746 0.7960150
v 0.3733094 0.4120301 0.7960150
v 0.3909047 0.3909705 0.7960150
v 0.4119537 0.3733624 0.7960150
v 0.3996615 0.5417146 0.8156044
v 0.3944632 0.5258826 0.8156044
v 0.3917467 0.5094419 0.8156044
v 0.3915759 0.4927791 0.8156044
v 0.3939548 0.4762862 0.8156044
v 0.3988275 0.4603510 0.8156044
v 0.4060793 0.4453481 0.8156044
v 0.4155398 0.4316304 0.8156044
v 0.4269864 0.4195205 0.8156044
v 0.4120747 0.3240845 0.2125356
v 0.3899489 0.3018002 0.2355790
v 0.3563905 0.3245841 0.2355790
v 0.3860511 0.3397104 0.2125356
v 0.4401930 0.3126494 0.2125356
v 0.4270304 0.2853611 0.2355790
v 0.4697360 0.3056776 0.2125356
v 0.4664478 0.2757933 0.2355790
v 0.5000000 0.3033350 0.2125356
v 0.5069394 0.2734029 0.2355790
v 0.5302640 0.3056776 0.2125356
v 0.5472087 0.2782665 0.2355790
v 0.5598070 0.3126494 0.2125356
v 0.5859668 0.2902284 0.2355790
v 0.5879253 0.3240845 0.2125356
v 0.6219729 0.3089057 0.2355790
v 0.6139489 0.3397104 0.2125356
v 0.6540743 0.3337005 0.2355790
v 0.3791945 0.2764957 0.2617465
v 0.3403344 0.3023765 0.2617465
v 0.4221344 0.2581631 0.2617465
v 0.4677040 0.2479978 0.2617465
v 0.5143643 0.2463431 0.2617465
v 0.5605395 0.2532550 0.2617465
v 0.6046702 0.2684999 0.2617465
v 0.6452659 0.2915630 0.2617465
v 0.6809557 0.3216655 0.2617465
v 0.3715376 0.2529861 0.2907289
v 0.3284035 0.2807442 0.2907289
v 0.4190318 0.2336119 0.2907289
v 0.4692742 0.2232792 0.2907289
v 0.5205595 0.2223387 0.2907289
v 0.5711470 0.2308224 0.2907289
v 0.6193196 0.2484422 0.2907289
v 0.6634424 0.2746002 0.2907289
v 0.7020178 0.3084085 0.2907289
v 0.3634313 0.2334605 0.3221838
v 0.3168512 0.2630384 0.3221838
v 0.4146472 0.2129300 0.3221838
v 0.4687602 0.2021437 0.3221838
v 0.5239337 0.2014678 0.3221838
v 0.5782947 0.2109252 0.3221838
v 0.6299981 0.2301949 0.3221838
v 0.6772889 0.2586228 0.3221838
v 0.7185618 0.2952440 0.3221838
v 0.3537282 0.2187414 0.3557396
v 0.3046143 0.2503477 0.3557396
v 0.4078068 0.1966813 0.3557396
v 0.4650146 0.1849161 0.3557396
v 0.5234098 0.1838453 0.3557396
v 0.5810104 0.1935050 0.3557396
v 0.6358614 0.2135676 0.3557396
v 0.6861012 0.2433520 0.3557396
v 0.7300245 0.2818473 0.3557396
v 0.3427043 0.2089846 0.3909999
v 0.2921063 0.2426829 0.3909999
v 0.3986146 0.1851145 0.3909999
v 0.4579488 0.1718787 0.3909999
v 0.5187032 0.1697243 0.3909999
v 0.5788259 0.1787239 0.3909999
v 0.6362865 0.1985736 0.3909999
v 0.6891445 0.2286032 0.3909999
v 0.7356146 0.2677983 0.3909999
v 0.3346195 0.2021529 0.4275480
v 0.2841892 0.2363918 0.4275480
v 0.3903441 0.1774489 0.4275480
v 0.4495791 0.1630707 0.4275480
v 0.5104282 0.1594786 0.4275480
v 0.5709435 0.1667874 0.4275480
v 0.6291876 0.1847634 0.4275480
v 0.6832962 0.2128309 0.4275480
v 0.7315369 0.2500915 0.4275480
v 0.3450719 0.1900293 0.4649521
v 0.2992171 0.2175628 0.4649521
v 0.3946174 0.1698803 0.4649521
v 0.4466735 0.1575955 0.4649521
v 0.5000000 0.1534678 0.4649521
v 0.5533265 0.1575955 0.4649521
v 0.6053826 0.1698803 0.4649521
v 0.6549281 0.1900293 0.4649521
v 0.7007829 0.2175628 0.4649521
v 0.3886888 0.3434208 0.2191899
v 0.3597148 0.3286447 0.2416998
v 0.3924964 0.3063881 0.2416998
v 0.4141100 0.3281566 0.2191899
v 0.4287195 0.2903296 0.2416998
v 0.4415774 0.3169863 0.2191899
v 0.4672245 0.2809832 0.2416998
v 0.4704366 0.3101758 0.2191899
v 0.5067787 0.2786482 0.2416998
v 0.5000000 0.3078875 0.2191899
v 0.5461159 0.2833992 0.2416998
v 0.5295634 0.3101758 0.2191899
v 0.5839769 0.2950842 0.2416998
v 0.5584226 0.3169863 0.2191899
v 0.6191494 0.3133292 0.2416998
v 0.5858900 0.3281566 0.2191899
v 0.6505077 0.3375500 0.2416998
v 0.6113112 0.3434208 0.2191899
v 0.3440304 0.3069511 0.2672616
v 0.3819909 0.2816694 0.2672616
v 0.4239369 0.2637612 0.2672616
v 0.4684516 0.2538312 0.2672616
v 0.5140318 0.2522148 0.2672616
v 0.5591381 0.2589667 0.2672616
v 0.6022472 0.2738587 0.2672616
v 0.6419032 0.2963880 0.2672616
v 0.6767669 0.3257936 0.2672616
v 0.3323756 0.2858195 0.2955731
v 0.3745112 0.2587040 0.2955731
v 0.4209061 0.2397783 0.2955731
v 0.4699855 0.2296848 0.2955731
v 0.5200836 0.2287661 0.2955731
v 0.5695000 0.2370533 0.2955731
v 0.6165576 0.2542653 0.2955731
v 0.6596590 0.2798178 0.2955731
v 0.6973415 0.3128435 0.2955731
v 0.3210907 0.2685236 0.3262999
v 0.3665926 0.2396304 0.3262999
v 0.4166229 0.2195751 0.3262999
v 0.4694834 0.2090385 0.3262999
v 0.5233796 0.2083783 0.3262999
v 0.5764823 0.2176168 0.3262999
v 0.6269889 0.2364404 0.3262999
v 0.6731850 0.2642103 0.3262999
v 0.7135025 0.2999837 0.3262999
v 0.3091371 0.2561267 0.3590790
v 0.3571142 0.2252520 0.3590790
v 0.4099409 0.2037025 0.3590790
v 0.4658244 0.1922097 0.3590790
v 0.5228679 0.1911637 0.3590790
v 0.5791351 0.2005998 0.3590790
v 0.6327165 0.2201980 0.3590790
v 0.6817933 0.2492929 0.3590790
v 0.7246998 0.2868972 0.3590790
v 0.2969187 0.2486393 0.3935230
v 0.3463455 0.2157211 0.3935230
v 0.4009615 0.1924035 0.3935230
v 0.4589222 0.1794741 0.3935230
v 0.5182702 0.1773695 0.3935230
v 0.5770012 0.1861608 0.3935230
v 0.6331317 0.2055511 0.3935230
v 0.6847661 0.2348855 0.3935230
v 0.7301606 0.2731734 0.3935230
v 0.2891848 0.2424938 0.4292251
v 0.3384478 0.2090475 0.4292251
v 0.3928824 0.1849154 0.4292251
v 0.4507463 0.1708700 0.4292251
v 0.5101868 0.1673610 0.4292251
v 0.5693013 0.1745007 0.4292251
v 0.6261972 0.1920605 0.4292251
v 0.6790532 0.2194783 0.4292251
v 0.7261772 0.2558764 0.4292251
v 0.3038649 0.2241007 0.4657634
v 0.3486582 0.1972046 0.4657634
v 0.3970569 0.1775219 0.4657634
v 0.4479079 0.1655216 0.4657634
v 0.5000000 0.1614894 0.4657634
v 0.5520921 0.1655216 0.4657634
v 0.6029431 0.1775219 0.4657634
v 0.6513418 0.1972046 0.4657634
v 0.6961351 0.2241007 0.4657634
v 0.4186739 0.1683906 0.5168135
v 0.4061277 0.1782398 0.5672294
v 0.3505914 0.1999688 0.5672294
v 0.3689277 0.1847243 0.5168135
v 0.4703325 0.1598551 0.5168135
v 0.4646358 0.1666968 0.5672294
v 0.5226888 0.1593184 0.5168135
v 0.5242635 0.1657053 0.5672294
v 0.5745115 0.1667932 0.5168135
v 0.5831230 0.1752967 0.5672294
v 0.6245820 0.1821037 0.5168135
v 0.6393511 0.1951674 0.5672294
v 0.6717229 0.2048899 0.5168135
v 0.6911676 0.2246882 0.5672294
v 0.7148255 0.2346158 0.5168135
v 0.7369324 0.2629247 0.5672294
v 0.7528762 0.2705826 0.5168135
v 0.7751964 0.3086664 0.5672294
v 0.4134612 0.1903563 0.6161604
v 0.3585481 0.2112795 0.6161604
v 0.4712653 0.1797774 0.6161604
v 0.5300293 0.1798962 0.6161604
v 0.5877901 0.1907088 0.6161604
v 0.6426181 0.2118538 0.6161604
v 0.6926817 0.2426249 0.6161604
v 0.7363083 0.2819941 0.6161604
v 0.7720406 0.3286463 0.6161604
v 0.4236827 0.2091007 0.6625260
v 0.3718850 0.2279095 0.6625260
v 0.4780427 0.2000590 0.6625260
v 0.5331400 0.2010879 0.6625260
v 0.5871246 0.2121528 0.6625260
v 0.6381839 0.2328822 0.6625260
v 0.6846037 0.2625801 0.6625260
v 0.7248254 0.3002495 0.6625260
v 0.7574985 0.3446256 0.6625260
v 0.4322432 0.2351954 0.7053021
v 0.3850614 0.2520049 0.7053021
v 0.4817002 0.2272774 0.7053021
v 0.5317716 0.2285170 0.7053021
v 0.5807763 0.2388723 0.7053021
v 0.6270686 0.2579958 0.7053021
v 0.6690942 0.2852452 0.7053021
v 0.7054420 0.3197057 0.7053021
v 0.7348915 0.3602200 0.7053021
v 0.4391247 0.2679612 0.7435439
v 0.3978078 0.2829642 0.7435439
v 0.4824855 0.2607490 0.7435439
v 0.5264344 0.2615697 0.7435439
v 0.5694958 0.2703957 0.7435439
v 0.6102238 0.2869307 0.7435439
v 0.6472510 0.3106196 0.7435439
v 0.6793343 0.3406670 0.7435439
v 0.7053963 0.3760640 0.7435439
v 0.4458580 0.3062751 0.7764068
v 0.4115023 0.3193654 0.7764068
v 0.4820225 0.2996566 0.7764068
v 0.5187875 0.2997309 0.7764068
v 0.5549248 0.3064956 0.7764068
v 0.5892273 0.3197247 0.7764068
v 0.6205490 0.3389763 0.7764068
v 0.6478435 0.3636072 0.7764068
v 0.6701990 0.3927946 0.7764068
v 0.4557592 0.3483587 0.8031651
v 0.4295857 0.3585993 0.8031651
v 0.4833333 0.3429186 0.8031651
v 0.5114351 0.3424513 0.8031651
v 0.5391748 0.3469716 0.8031651
v 0.5656743 0.3563364 0.8031651
v 0.5900948 0.3702492 0.8031651
v 0.6116631 0.3882695 0.8031651
v 0.6296964 0.4098270 0.8031651
v 0.4734923 0.3919140 0.8232277
v 0.4572778 0.3972378 0.8232277
v 0.4903301 0.3891319 0.8232277
v 0.5073953 0.3889569 0.8232277
v 0.5242866 0.3913933 0.8232277
v 0.5406067 0.3963837 0.8232277
v 0.5559720 0.4038107 0.8232277
v 0.5700210 0.4134997 0.8232277
v 0.5824234 0.4252228 0.8232277
v 0.3720191 0.1921600 0.5164169
v 0.3541152 0.2070450 0.5656438
v 0.4083417 0.1858285 0.5656438
v 0.4205920 0.1762116 0.5164169
v 0.4654699 0.1745577 0.5656438
v 0.4710322 0.1678774 0.5164169
v 0.5236912 0.1735897 0.5656438
v 0.5221537 0.1673533 0.5164169
v 0.5811625 0.1829548 0.5656438
v 0.5727542 0.1746519 0.5164169
v 0.6360645 0.2023568 0.5656438
v 0.6216438 0.1896013 0.5164169
v 0.6866590 0.2311814 0.5656438
v 0.6676728 0.2118500 0.5164169
v 0.7313443 0.2685161 0.5656438
v 0.7097588 0.2408749 0.5164169
v 0.7687059 0.3131789 0.5656438
v 0.7469122 0.2759934 0.5164169
v 0.3618843 0.2180889 0.6134208
v 0.4155022 0.1976592 0.6134208
v 0.4719430 0.1873299 0.6134208
v 0.5293210 0.1874459 0.6134208
v 0.5857196 0.1980034 0.6134208
v 0.6392545 0.2186497 0.6134208
v 0.6881373 0.2486951 0.6134208
v 0.7307350 0.2871358 0.6134208
v 0.7656246 0.3326877 0.6134208
v 0.3749066 0.2343267 0.6586929
v 0.4254826 0.2159616 0.6586929
v 0.4785606 0.2071331 0.6586929
v 0.5323584 0.2081377 0.6586929
v 0.5850697 0.2189416 0.6586929
v 0.6349248 0.2391821 0.6586929
v 0.6802498 0.2681797 0.6586929
v 0.7195229 0.3049606 0.6586929
v 0.7514255 0.3482900 0.6586929
v 0.3877722 0.2578538 0.7004601
v 0.4338413 0.2414408 0.7004601
v 0.4821318 0.2337096 0.7004601
v 0.5310223 0.2349199 0.7004601
v 0.5788712 0.2450310 0.7004601
v 0.6240717 0.2637034 0.7004601
v 0.6651061 0.2903102 0.7004601
v 0.7005967 0.3239579 0.7004601
v 0.7293516 0.3635167 0.7004601
v 0.4002180 0.2880830 0.7377999
v 0.4405604 0.2734338 0.7377999
v 0.4828986 0.2663917 0.7377999
v 0.5258110 0.2671930 0.7377999
v 0.5678567 0.2758109 0.7377999
v 0.6076242 0.2919560 0.7377999
v 0.6437781 0.3150861 0.7377999
v 0.6751047 0.3444248 0.7377999
v 0.7005521 0.3789870 0.7377999
v 0.4135895 0.3236257 0.7698878
v 0.4471350 0.3108441 0.7698878
v 0.4824465 0.3043816 0.7698878
v 0.5183444 0.3044542 0.7698878
v 0.5536294 0.3110594 0.7698878
v 0.5871229 0.3239765 0.7698878
v 0.6177059 0.3427740 0.7698878
v 0.6443566 0.3668240 0.7698878
v 0.6661848 0.3953230 0.7698878
v 0.4312464 0.3619342 0.7960150
v 0.4568027 0.3519351 0.7960150
v 0.4837264 0.3466234 0.7960150
v 0.5111654 0.3461671 0.7960150
v 0.5382508 0.3505808 0.7960150
v 0.5641254 0.3597247 0.7960150
v 0.5879699 0.3733094 0.7960150
v 0.6090295 0.3909047 0.7960150
v 0.6266376 0.4119537 0.7960150
v 0.4582854 0.3996615 0.8156044
v 0.4741174 0.3944632 0.8156044
v 0.4905581 0.3917467 0.8156044
v 0.5072209 0.3915759 0.8156044
v 0.5237138 0.3939548 0.8156044
v 0.5396490 0.3988275 0.8156044
v 0.5546519 0.4060793 0.8156044
v 0.5683696 0.4155398 0.8156044
v 0.5804795 0.4269864 0.8156044
v 0.8321629 0.5327152 0.4729738
v 0.8331886 0.5328162 0.5064302
v 0.8348008 0.5000000 0.5064302
v 0.8337701 0.5000000 0.4729738
v 0.8273568 0.5651153 0.4729738
v 0.8283677 0.5653164 0.5064302
v 0.8193981 0.5968883 0.4729738
v 0.8203843 0.5971875 0.5064302
v 0.8083634 0.6277283 0.4729738
v 0.8093156 0.6281227 0.5064302
v 0.7943589 0.6573381 0.4729738
v 0.7952679 0.6578240 0.5064302
v 0.7775197 0.6854327 0.4729738
v 0.7783767 0.6860053 0.5064302
v 0.7580078 0.7117415 0.4729738
v 0.7588045 0.7123954 0.5064302
v 0.7360111 0.7360111 0.4729738
v 0.7367399 0.7367399 0.5064302
v 0.7117415 0.7580078 0.4729738
v 0.7123954 0.7588045 0.5064302
v 0.6854327 0.7775197 0.4729738
v 0.6860053 0.7783767 0.5064302
v 0.6573381 0.7943589 0.4729738
v 0.6578240 0.7952679 0.5064302
v 0.6277283 0.8083634 0.4729738
v 0.6281227 0.8093156 0.5064302
v 0.5968883 0.8193981 0.4729738
v 0.5971875 0.8203843 0.5064302
v 0.5651153 0.8273568 0.4729738
v 0.5653164 0.8283677 0.5064302
v 0.5327152 0.8321629 0.4729738
v 0.5328162 0.8331886 0.5064302
v 0.5000000 0.8337701 0.4729738
v 0.5000000 0.8348008 0.5064302
v 0.4672848 0.8321629 0.4729738
v 0.4671838 0.8331886 0.5064302
v 0.4348847 0.8273568 0.4729738
v 0.4346836 0.8283677 0.5064302
v 0.4031117 0.8193981 0.4729738
v 0.4028125 0.8203843 0.5064302
v 0.3722717 0.8083634 0.4729738
v 0.3718773 0.8093156 0.5064302
v 0.3426619 0.7943589 0.4729738
v 0.3421760 0.7952679 0.5064302
v 0.3145673 0.7775197 0.4729738
v 0.3139947 0.7783767 0.5064302
v 0.2882585 0.7580078 0.4729738
v 0.2876046 0.7588045 0.5064302
v 0.2639889 0.7360111 0.4729738
v 0.2632601 0.7367399 0.5064302
v 0.2419922 0.7117415 0.4729738
v 0.2411955 0.7123954 0.5064302
v 0.2224803 0.6854327 0.4729738
v 0.2216233 0.6860053 0.5064302
v 0.2056411 0.6573381 0.4729738
v 0.2047321 0.6578240 0.5064302
v 0.1916366 0.6277283 0.4729738
v 0.1906844 0.6281227 0.5064302
v 0.1806019 0.5968883 0.4729738
v 0.1796157 0.5971875 0.5064302
v 0.1726432 0.5651153 0.4729738
v 0.1716323 0.5653164 0.5064302
v 0.1678371 0.5327152 0.4729738
v 0.1668114 0.5328162 0.5064302
v 0.1662299 0.5000000 0.4729738
v 0.1651992 0.5000000 0.5064302
v 0.1678371 0.4672848 0.4729738
v 0.1668114 0.4671838 0.5064302
v 0.1726432 0.4348847 0.4729738
v 0.1716323 0.4346836 0.5064302
v 0.1806019 0.4031117 0.4729738
v 0.1796157 0.4028125 0.5064302
v 0.1916366 0.3722717 0.4729738
v 0.1906844 0.3718773 0.5064302
v 0.2056411 0.3426619 0.4729738
v 0.2047321 0.3421760 0.5064302
v 0.2224803 0.3145673 0.4729738
v 0.2216233 0.3139947 0.5064302
v 0.2419922 0.2882585 0.4729738
v 0.2411955 0.2876046 0.5064302
v 0.2639889 0.2639889 0.4729738
v 0.2632601 0.2632601 0.5064302
v 0.2882585 0.2419922 0.4729738
v 0.2876046 0.2411955 0.5064302
v 0.3145673 0.2224803 0.4729738
v 0.3139947 0.2216233 0.5064302
v 0.3426619 0.2056411 0.4729738
v 0.3421760 0.2047321 0.5064302
v 0.3722717 0.1916366 0.4729738
v 0.3718773 0.1906844 0.5064302
v 0.4031117 0.1806019 0.4729738
v 0.4028125 0.1796157 0.5064302
v 0.4348847 0.1726432 0.4729738
v 0.4346836 0.1716323 0.5064302
v 0.4672848 0.1678371 0.4729738
v 0.4671838 0.1668114 0.5064302
v 0.5000000 0.1662299 0.4729738
v 0.5000000 0.1651992 0.5064302
v 0.5327152 0.1678371 0.4729738
v 0.5328162 0.1668114 0.5064302
v 0.5651153 0.1726432 0.4729738
v 0.5653164 0.1716323 0.5064302
v 0.5968883 0.1806019 0.4729738
v 0.5971875 0.1796157 0.5064302
v 0.6277283 0.1916366 0.4729738
v 0.6281227 0.1906844 0.5064302
v 0.6573381 0.2056411 0.4729738
v 0.6578240 0.2047321 0.5064302
v 0.6854327 0.2224803 0.4729738
v 0.6860053 0.2216233 0.5064302
v 0.7117415 0.2419922 0.4729738
v 0.7123954 0.2411955 0.5064302
v 0.7360111 0.2639889 0.4729738
v 0.7367399 0.2632601 0.5064302
v 0.7580078 0.2882585 0.4729738
v 0.7588045 0.2876046 0.5064302
v 0.7775197 0.3145673 0.4729738
v 0.7783767 0.3139947 0.5064302
v 0.7943589 0.3426619 0.4729738
v 0.7952679 0.3421760 0.5064302
v 0.8083634 0.3722717 0.4729738
v 0.8093156 0.3718773 0.5064302
v 0.8193981 0.4031117 0.4729738
v 0.8203843 0.4028125 0.5064302
v 0.8273568 0.4348847 0.4729738
v 0.8283677 0.4346836 0.5064302
v 0.8321629 0.4672848 0.4729738
v 0.8331886 0.4671838 0.5064302
v 0.8337397 0.5301179 0.4762367
v 0.8345723 0.5301931 0.4980528
v 0.8359151 0.5033593 0.4980528
v 0.8350792 0.5033509 0.4762367
v 0.8145727 0.6154699 0.4762367
v 0.8153574 0.6157579 0.4980528
v 0.8235996 0.5901860 0.4980528
v 0.8227944 0.5899616 0.4762367
v 0.7739681 0.6929528 0.4762367
v 0.7746515 0.6934341 0.4980528
v 0.7892313 0.6708667 0.4980528
v 0.7885117 0.6704416 0.4762367
v 0.7146930 0.7572862 0.4762367
v 0.7152286 0.7579280 0.4980528
v 0.7351525 0.7399032 0.4980528
v 0.7345673 0.7393062 0.4762367
v 0.6407870 0.8040861 0.4762367
v 0.6411382 0.8048446 0.4980528
v 0.6650483 0.7925906 0.4980528
v 0.6646376 0.7918626 0.4762367
v 0.5572865 0.8301629 0.4762367
v 0.5574294 0.8309865 0.4980528
v 0.5836964 0.8253385 0.4980528
v 0.5834882 0.8245289 0.4762367
v 0.4698821 0.8337397 0.4762367
v 0.4698069 0.8345723 0.4980528
v 0.4966407 0.8359151 0.4980528
v 0.4966491 0.8350792 0.4762367
v 0.3845301 0.8145727 0.4762367
v 0.3842421 0.8153574 0.4980528
v 0.4098140 0.8235996 0.4980528
v 0.4100384 0.8227944 0.4762367
v 0.3070472 0.7739681 0.4762367
v 0.3065659 0.7746515 0.4980528
v 0.3291333 0.7892313 0.4980528
v 0.3295584 0.7885117 0.4762367
v 0.2427138 0.7146930 0.4762367
v 0.2420720 0.7152286 0.4980528
v 0.2600968 0.7351525 0.4980528
v 0.2606938 0.7345673 0.4762367
v 0.1959139 0.6407870 0.4762367
v 0.1951554 0.6411382 0.4980528
v 0.2074094 0.6650483 0.4980528
v 0.2081374 0.6646376 0.4762367
v 0.1698371 0.5572865 0.4762367
v 0.1690135 0.5574294 0.4980528
v 0.1746615 0.5836964 0.4980528
v 0.1754711 0.5834882 0.4762367
v 0.1662603 0.4698821 0.4762367
v 0.1654277 0.4698069 0.4980528
v 0.1640849 0.4966407 0.4980528
v 0.1649208 0.4966491 0.4762367
v 0.1854273 0.3845301 0.4762367
v 0.1846426 0.3842421 0.4980528
v 0.1764004 0.4098140 0.4980528
v 0.1772056 0.4100384 0.4762367
v 0.2260319 0.3070472 0.4762367
v 0.2253485 0.3065659 0.4980528
v 0.2107687 0.3291333 0.4980528
v 0.2114883 0.3295584 0.4762367
v 0.2853070 0.2427138 0.4762367
v 0.2847714 0.2420720 0.4980528
v 0.2648475 0.2600968 0.4980528
v 0.2654327 0.2606938 0.4762367
v 0.3592130 0.1959139 0.4762367
v 0.3588618 0.1951554 0.4980528
v 0.3349517 0.2074094 0.4980528
v 0.3353624 0.2081374 0.4762367
v 0.4427135 0.1698371 0.4762367
v 0.4425706 0.1690135 0.4980528
v 0.4163036 0.1746615 0.4980528
v 0.4165118 0.1754711 0.4762367
v 0.5301179 0.1662603 0.4762367
v 0.5301931 0.1654277 0.4980528
v 0.5033593 0.1640849 0.4980528
v 0.5033509 0.1649208 0.4762367
v 0.6154699 0.1854273 0.4762367
v 0.6157579 0.1846426 0.4980528
v 0.5901860 0.1764004 0.4980528
v 0.5899616 0.1772056 0.4762367
v 0.6929528 0.2260319 0.4762367
v 0.6934341 0.2253485 0.4980528
v 0.6708667 0.2107687 0.4980528
v 0.6704416 0.2114883 0.4762367
v 0.7572862 0.2853070 0.4762367
v 0.7579280 0.2847714 0.4980528
v 0.7399032 0.2648475 0.4980528
v 0.7393062 0.2654327 0.4762367
v 0.8040861 0.3592130 0.4762367
v 0.8048446 0.3588618 0.4980528
v 0.7925906 0.3349517 0.4980528
v 0.7918626 0.3353624 0.4762367
v 0.8301629 0.4427135 0.4762367
v 0.8309865 0.4425706 0.4980528
v 0.8253385 0.4163036 0.4980528
v 0.8245289 0.4165118 0.4762367
v 0.5903157 0.5242000 0.8232226
v 0.5606559 0.5162527 0.8305634
v 0.5627956 0.5000000 0.8305634
v 0.5935017 0.5000000 0.8232226
v 0.5809748 0.5467508 0.8232226
v 0.5543826 0.5313978 0.8305634
v 0.5661157 0.5661157 0.8232226
v 0.5444032 0.5444032 0.8305634
v 0.5467508 0.5809748 0.8232226
v 0.5313978 0.5543826 0.8305634
v 0.5242000 0.5903157 0.8232226
v 0.5162527 0.5606559 0.8305634
v 0.5000000 0.5935017 0.8232226
v 0.5000000 0.5627956 0.8305634
v 0.4758000 0.5903157 0.8232226
v 0.4837473 0.5606559 0.8305634
v 0.4532492 0.5809748 0.8232226
v 0.4686022 0.5543826 0.8305634
v 0.4338843 0.5661157 0.8232226
v 0.4555968 0.5444032 0.8305634
v 0.4190252 0.5467508 0.8232226
v 0.4456174 0.5313978 0.8305634
v 0.4096843 0.5242000 0.8232226
v 0.4393441 0.5162527 0.8305634
v 0.4064983 0.5000000 0.8232226
v 0.4372044 0.5000000 0.8305634
v 0.4096843 0.4758000 0.8232226
v 0.4393441 0.4837473 0.8305634
v 0.4190252 0.4532492 0.8232226
v 0.4456174 0.4686022 0.8305634
v 0.4338843 0.4338843 0.8232226
v 0.4555968 0.4555968 0.8305634
v 0.4532492 0.4190252 0.8232226
v 0.4686022 0.4456174 0.8305634
v 0.4758000 0.4096843 0.8232226
v 0.4837473 0.4393441 0.8305634
v 0.5000000 0.4064983 0.8232226
v 0.5000000 0.4372044 0.8305634
v 0.5242000 0.4096843 0.8232226
v 0.5162527 0.4393441 0.8305634
v 0.5467508 0.4190252 0.8232226
v 0.5313978 0.4456174 0.8305634
v 0.5661157 0.4338843 0.8232226
v 0.5444032 0.4555968 0.8305634
v 0.5809748 0.4532492 0.8232226
v 0.5543826 0.4686022 0.8305634
v 0.5903157 0.4758000 0.8232226
v 0.5606559 0.4837473 0.8305634
v 0.5304620 0.5081623 0.8349938
v 0.5315366 0.5000000 0.8349938
v 0.5273115 0.5157683 0.8349938
v 0.5222997 0.5222997 0.8349938
v 0.5157683 0.5273115 0.8349938
v 0.5081623 0.5304620 0.8349938
v 0.5000000 0.5315366 0.8349938
v 0.4918377 0.5304620 0.8349938
v 0.4842317 0.5273115 0.8349938
v 0.4777003 0.5222997 0.8349938
v 0.4726885 0.5157683 0.8349938
v 0.4695380 0.5081623 0.8349938
v 0.4684634 0.5000000 0.8349938
v 0.4695380 0.4918377 0.8349938
v 0.4726885 0.4842317 0.8349938
v 0.4777003 0.4777003 0.8349938
v 0.4842317 0.4726885 0.8349938
v 0.4918377 0.4695380 0.8349938
v 0.5000000 0.4684634 0.8349938
v 0.5081623 0.4695380 0.8349938
v 0.5157683 0.4726885 0.8349938
v 0.5222997 0.4777003 0.8349938
v 0.5273115 0.4842317 0.8349938
v 0.5304620 0.4918377 0.8349938
v 0.5000000 0.5000000 0.8364750
v 0.6483500 0.5000000 0.2076000
v 0.6470808 0.5193636 0.2076000
v 0.6588047 0.5209070 0.1710500
v 0.6601750 0.5000000 0.1710500
v 0.6432951 0.5383958 0.2076000
v 0.6547172 0.5414563 0.1710500
v 0.6370575 0.5567711 0.2076000
v 0.6479824 0.5612963 0.1710500
v 0.6284749 0.5741750 0.2076000
v 0.6387156 0.5800875 0.1710500
v 0.6176940 0.5903098 0.2076000
v 0.6270754 0.5975084 0.1710500
v 0.6048993 0.6048993 0.2076000
v 0.6132608 0.6132608 0.1710500
v 0.5903098 0.6176940 0.2076000
v 0.5975084 0.6270754 0.1710500
v 0.5741750 0.6284749 0.2076000
v 0.5800875 0.6387156 0.1710500
v 0.5567711 0.6370575 0.2076000
v 0.5612963 0.6479824 0.1710500
v 0.5383958 0.6432951 0.2076000
v 0.5414563 0.6547172 0.1710500
v 0.5193636 0.6470808 0.2076000
v 0.5209070 0.6588047 0.1710500
v 0.5000000 0.6483500 0.2076000
v 0.5000000 0.6601750 0.1710500
v 0.4806364 0.6470808 0.2076000
v 0.4790930 0.6588047 0.1710500
v 0.4616042 0.6432951 0.2076000
v 0.4585437 0.6547172 0.1710500
v 0.4432289 0.6370575 0.2076000
v 0.4387037 0.6479824 0.1710500
v 0.4258250 0.6284749 0.2076000
v 0.4199125 0.6387156 0.1710500
v 0.4096902 0.6176940 0.2076000
v 0.4024916 0.6270754 0.1710500
v 0.3951007 0.6048993 0.2076000
v 0.3867392 0.6132608 0.1710500
v 0.3823060 0.5903098 0.2076000
v 0.3729246 0.5975084 0.1710500
v 0.3715251 0.5741750 0.2076000
v 0.3612844 0.5800875 0.1710500
v 0.3629425 0.5567711 0.2076000
v 0.3520176 0.5612963 0.1710500
v 0.3567049 0.5383958 0.2076000
v 0.3452828 0.5414563 0.1710500
v 0.3529192 0.5193636 0.2076000
v 0.3411953 0.5209070 0.1710500
v 0.3516500 0.5000000 0.2076000
v 0.3398250 0.5000000 0.1710500
v 0.3529192 0.4806364 0.2076000
v 0.3411953 0.4790930 0.1710500
v 0.3567049 0.4616042 0.2076000
v 0.3452828 0.4585437 0.1710500
v 0.3629425 0.4432289 0.2076000
v 0.3520176 0.4387037 0.1710500
v 0.3715251 0.4258250 0.2076000
v 0.3612844 0.4199125 0.1710500
v 0.3823060 0.4096902 0.2076000
v 0.3729246 0.4024916 0.1710500
v 0.3951007 0.3951007 0.2076000
v 0.3867392 0.3867392 0.1710500
v 0.4096902 0.3823060 0.2076000
v 0.4024916 0.3729246 0.1710500
v 0.4258250 0.3715251 0.2076000
v 0.4199125 0.3612844 0.1710500
v 0.4432289 0.3629425 0.2076000
v 0.4387037 0.3520176 0.1710500
v 0.4616042 0.3567049 0.2076000
v 0.4585437 0.3452828 0.1710500
v 0.4806364 0.3529192 0.2076000
v 0.4790930 0.3411953 0.1710500
v 0.5000000 0.3516500 0.2076000
v 0.5000000 0.3398250 0.1710500
v 0.5193636 0.3529192 0.2076000
v 0.5209070 0.3411953 0.1710500
v 0.5383958 0.3567049 0.2076000
v 0.5414563 0.3452828 0.1710500
v 0.5567711 0.3629425 0.2076000
v 0.5612963 0.3520176 0.1710500
v 0.5741750 0.3715251 0.2076000
v 0.5800875 0.3612844 0.1710500
v 0.5903098 0.3823060 0.2076000
v 0.5975084 0.3729246 0.1710500
v 0.6048993 0.3951007 0.2076000
v 0.6132608 0.3867392 0.1710500
v 0.6176940 0.4096902 0.2076000
v 0.6270754 0.4024916 0.1710500
v 0.6284749 0.4258250 0.2076000
v 0.6387156 0.4199125 0.1710500
v 0.6370575 0.4432289 0.2076000
v 0.6479824 0.4387037 0.1710500
v 0.6432951 0.4616042 0.2076000
v 0.6547172 0.4585437 0.1710500
v 0.6470808 0.4806364 0.2076000
v 0.6588047 0.4790930 0.1710500
v 0.6833182 0.5241343 0.1710500
v 0.6849000 0.5000000 0.1710500
v 0.6785997 0.5478556 0.1710500
v 0.6708253 0.5707582 0.1710500
v 0.6601281 0.5924500 0.1710500
v 0.6466910 0.6125600 0.1710500
v 0.6307440 0.6307440 0.1710500
v 0.6125600 0.6466910 0.1710500
v 0.5924500 0.6601281 0.1710500
v 0.5707582 0.6708253 0.1710500
v 0.5478556 0.6785997 0.1710500
v 0.5241343 0.6833182 0.1710500
v 0.5000000 0.6849000 0.1710500
v 0.4758657 0.6833182 0.1710500
v 0.4521444 0.6785997 0.1710500
v 0.4292418 0.6708253 0.1710500
v 0.4075500 0.6601281 0.1710500
v 0.3874400 0.6466910 0.1710500
v 0.3692560 0.6307440 0.1710500
v 0.3533090 0.6125600 0.1710500
v 0.3398719 0.5924500 0.1710500
v 0.3291747 0.5707582 0.1710500
v 0.3214003 0.5478556 0.1710500
v 0.3166818 0.5241343 0.1710500
v 0.3151000 0.5000000 0.1710500
v 0.3166818 0.4758657 0.1710500
v 0.3214003 0.4521444 0.1710500
v 0.3291747 0.4292418 0.1710500
v 0.3398719 0.4075500 0.1710500
v 0.3533090 0.3874400 0.1710500
v 0.3692560 0.3692560 0.1710500
v 0.3874400 0.3533090 0.1710500
v 0.4075500 0.3398719 0.1710500
v 0.4292418 0.3291747 0.1710500
v 0.4521444 0.3214003 0.1710500
v 0.4758657 0.3166818 0.1710500
v 0.5000000 0.3151000 0.1710500
v 0.5241343 0.3166818 0.1710500
v 0.5478556 0.3214003 0.1710500
v 0.5707582 0.3291747 0.1710500
v 0.5924500 0.3398719 0.1710500
v 0.6125600 0.3533090 0.1710500
v 0.6307440 0.3692560 0.1710500
v 0.6466910 0.3874400 0.1710500
v 0.6601281 0.4075500 0.1710500
v 0.6708253 0.4292418 0.1710500
v 0.6785997 0.4521444 0.1710500
v 0.6833182 0.4758657 0.1710500
v 0.6950420 0.5256778 0.1904000
v 0.6967250 0.5000000 0.1904000
v 0.6900218 0.5509162 0.1904000
v 0.6817502 0.5752834 0.1904000
v 0.6703688 0.5983625 0.1904000
v 0.6560724 0.6197586 0.1904000
v 0.6391056 0.6391056 0.1904000
v 0.6197586 0.6560724 0.1904000
v 0.5983625 0.6703688 0.1904000
v 0.5752834 0.6817502 0.1904000
v 0.5509162 0.6900218 0.1904000
v 0.5256778 0.6950420 0.1904000
v 0.5000000 0.6967250 0.1904000
v 0.4743222 0.6950420 0.1904000
v 0.4490838 0.6900218 0.1904000
v 0.4247166 0.6817502 0.1904000
v 0.4016375 0.6703688 0.1904000
v 0.3802414 0.6560724 0.1904000
v 0.3608944 0.6391056 0.1904000
v 0.3439276 0.6197586 0.1904000
v 0.3296312 0.5983625 0.1904000
v 0.3182498 0.5752834 0.1904000
v 0.3099782 0.5509162 0.1904000
v 0.3049580 0.5256778 0.1904000
v 0.3032750 0.5000000 0.1904000
v 0.3049580 0.4743222 0.1904000
v 0.3099782 0.4490838 0.1904000
v 0.3182498 0.4247166 0.1904000
v 0.3296312 0.4016375 0.1904000
v 0.3439276 0.3802414 0.1904000
v 0.3608944 0.3608944 0.1904000
v 0.3802414 0.3439276 0.1904000
v 0.4016375 0.3296312 0.1904000
v 0.4247166 0.3182498 0.1904000
v 0.4490838 0.3099782 0.1904000
v 0.4743222 0.3049580 0.1904000
v 0.5000000 0.3032750 0.1904000
v 0.5256778 0.3049580 0.1904000
v 0.5509162 0.3099782 0.1904000
v 0.5752834 0.3182498 0.1904000
v 0.5983625 0.3296312 0.1904000
v 0.6197586 0.3439276 0.1904000
v 0.6391056 0.3608944 0.1904000
v 0.6560724 0.3802414 0.1904000
v 0.6703688 0.4016375 0.1904000
v 0.6817502 0.4247166 0.1904000
v 0.6900218 0.4490838 0.1904000
v 0.6950420 0.4743222 0.1904000
v 0.6982394 0.5260987 0.2129750
v 0.6999500 0.5000000 0.2129750
v 0.6931369 0.5517509 0.2129750
v 0.6847297 0.5765176 0.2129750
v 0.6731618 0.5999750 0.2129750
v 0.6586310 0.6217218 0.2129750
v 0.6413860 0.6413860 0.2129750
v 0.6217218 0.6586310 0.2129750
v 0.5999750 0.6731618 0.2129750
v 0.5765176 0.6847297 0.2129750
v 0.5517509 0.6931369 0.2129750
v 0.5260987 0.6982394 0.2129750
v 0.5000000 0.6999500 0.2129750
v 0.4739013 0.6982394 0.2129750
v 0.4482491 0.6931369 0.2129750
v 0.4234824 0.6847297 0.2129750
v 0.4000250 0.6731618 0.2129750
v 0.3782782 0.6586310 0.2129750
v 0.3586140 0.6413860 0.2129750
v 0.3413690 0.6217218 0.2129750
v 0.3268382 0.5999750 0.2129750
v 0.3152703 0.5765176 0.2129750
v 0.3068631 0.5517509 0.2129750
v 0.3017606 0.5260987 0.2129750
v 0.3000500 0.5000000 0.2129750
v 0.3017606 0.4739013 0.2129750
v 0.3068631 0.4482491 0.2129750
v 0.3152703 0.4234824 0.2129750
v 0.3268382 0.4000250 0.2129750
v 0.3413690 0.3782782 0.2129750
v 0.3586140 0.3586140 0.2129750
v 0.3782782 0.3413690 0.2129750
v 0.4000250 0.3268382 0.2129750
v 0.4234824 0.3152703 0.2129750
v 0.4482491 0.3068631 0.2129750
v 0.4739013 0.3017606 0.2129750
v 0.5000000 0.3000500 0.2129750
v 0.5260987 0.3017606 0.2129750
v 0.5517509 0.3068631 0.2129750
v 0.5765176 0.3152703 0.2129750
v 0.5999750 0.3268382 0.2129750
v 0.6217218 0.3413690 0.2129750
v 0.6413860 0.3586140 0.2129750
v 0.6586310 0.3782782 0.2129750
v 0.6731618 0.4000250 0.2129750
v 0.6847297 0.4234824 0.2129750
v 0.6931369 0.4482491 0.2129750
v 0.6982394 0.4739013 0.2129750
v 0.6833182 0.5241343 0.2312500
v 0.6849000 0.5000000 0.2312500
v 0.6785997 0.5478556 0.2312500
v 0.6708253 0.5707582 0.2312500
v 0.6601281 0.5924500 0.2312500
v 0.6466910 0.6125600 0.2312500
v 0.6307440 0.6307440 0.2312500
v 0.6125600 0.6466910 0.2312500
v 0.5924500 0.6601281 0.2312500
v 0.5707582 0.6708253 0.2312500
v 0.5478556 0.6785997 0.2312500
v 0.5241343 0.6833182 0.2312500
v 0.5000000 0.6849000 0.2312500
v 0.4758657 0.6833182 0.2312500
v 0.4521444 0.6785997 0.2312500
v 0.4292418 0.6708253 0.2312500
v 0.4075500 0.6601281 0.2312500
v 0.3874400 0.6466910 0.2312500
v 0.3692560 0.6307440 0.2312500
v 0.3533090 0.6125600 0.2312500
v 0.3398719 0.5924500 0.2312500
v 0.3291747 0.5707582 0.2312500
v 0.3214003 0.5478556 0.2312500
v 0.3166818 0.5241343 0.2312500
v 0.3151000 0.5000000 0.2312500
v 0.3166818 0.4758657 0.2312500
v 0.3214003 0.4521444 0.2312500
v 0.3291747 0.4292418 0.2312500
v 0.3398719 0.4075500 0.2312500
v 0.3533090 0.3874400 0.2312500
v 0.3692560 0.3692560 0.2312500
v 0.3874400 0.3533090 0.2312500
v 0.4075500 0.3398719 0.2312500
v 0.4292418 0.3291747 0.2312500
v 0.4521444 0.3214003 0.2312500
v 0.4758657 0.3166818 0.2312500
v 0.5000000 0.3151000 0.2312500
v 0.5241343 0.3166818 0.2312500
v 0.5478556 0.3214003 0.2312500
v 0.5707582 0.3291747 0.2312500
v 0.5924500 0.3398719 0.2312500
v 0.6125600 0.3533090 0.2312500
v 0.6307440 0.3692560 0.2312500
v 0.6466910 0.3874400 0.2312500
v 0.6601281 0.4075500 0.2312500
v 0.6708253 0.4292418 0.2312500
v 0.6785997 0.4521444 0.2312500
v 0.6833182 0.4758657 0.2312500
v 0.6773750 0.5000000 0.1678250
v 0.6758575 0.5231521 0.1678250
v 0.6811865 0.5238537 0.1678250
v 0.6827500 0.5000000 0.1678250
v 0.6713311 0.5459080 0.1678250
v 0.6765229 0.5472992 0.1678250
v 0.6638731 0.5678785 0.1678250
v 0.6688390 0.5699354 0.1678250
v 0.6536113 0.5886875 0.1678250
v 0.6582661 0.5913750 0.1678250
v 0.6407210 0.6079791 0.1678250
v 0.6449853 0.6112512 0.1678250
v 0.6254231 0.6254231 0.1678250
v 0.6292238 0.6292238 0.1678250
v 0.6079791 0.6407210 0.1678250
v 0.6112512 0.6449853 0.1678250
v 0.5886875 0.6536113 0.1678250
v 0.5913750 0.6582661 0.1678250
v 0.5678785 0.6638731 0.1678250
v 0.5699354 0.6688390 0.1678250
v 0.5459080 0.6713311 0.1678250
v 0.5472992 0.6765229 0.1678250
v 0.5231521 0.6758575 0.1678250
v 0.5238537 0.6811865 0.1678250
v 0.5000000 0.6773750 0.1678250
v 0.5000000 0.6827500 0.1678250
v 0.4768479 0.6758575 0.1678250
v 0.4761463 0.6811865 0.1678250
v 0.4540920 0.6713311 0.1678250
v 0.4527008 0.6765229 0.1678250
v 0.4321215 0.6638731 0.1678250
v 0.4300646 0.6688390 0.1678250
v 0.4113125 0.6536113 0.1678250
v 0.4086250 0.6582661 0.1678250
v 0.3920209 0.6407210 0.1678250
v 0.3887488 0.6449853 0.1678250
v 0.3745769 0.6254231 0.1678250
v 0.3707762 0.6292238 0.1678250
v 0.3592790 0.6079791 0.1678250
v 0.3550147 0.6112512 0.1678250
v 0.3463887 0.5886875 0.1678250
v 0.3417339 0.5913750 0.1678250
v 0.3361269 0.5678785 0.1678250
v 0.3311610 0.5699354 0.1678250
v 0.3286689 0.5459080 0.1678250
v 0.3234771 0.5472992 0.1678250
v 0.3241425 0.5231521 0.1678250
v 0.3188135 0.5238537 0.1678250
v 0.3226250 0.5000000 0.1678250
v 0.3172500 0.5000000 0.1678250
v 0.3241425 0.4768479 0.1678250
v 0.3188135 0.4761463 0.1678250
v 0.3286689 0.4540920 0.1678250
v 0.3234771 0.4527008 0.1678250
v 0.3361269 0.4321215 0.1678250
v 0.3311610 0.4300646 0.1678250
v 0.3463887 0.4113125 0.1678250
v 0.3417339 0.4086250 0.1678250
v 0.3592790 0.3920209 0.1678250
v 0.3550147 0.3887488 0.1678250
v 0.3745769 0.3745769 0.1678250
v 0.3707762 0.3707762 0.1678250
v 0.3920209 0.3592790 0.1678250
v 0.3887488 0.3550147 0.1678250
v 0.4113125 0.3463887 0.1678250
v 0.4086250 0.3417339 0.1678250
v 0.4321215 0.3361269 0.1678250
v 0.4300646 0.3311610 0.1678250
v 0.4540920 0.3286689 0.1678250
v 0.4527008 0.3234771 0.1678250
v 0.4768479 0.3241425 0.1678250
v 0.4761463 0.3188135 0.1678250
v 0.5000000 0.3226250 0.1678250
v 0.5000000 0.3172500 0.1678250
v 0.5231521 0.3241425 0.1678250
v 0.5238537 0.3188135 0.1678250
v 0.5459080 0.3286689 0.1678250
v 0.5472992 0.3234771 0.1678250
v 0.5678785 0.3361269 0.1678250
v 0.5699354 0.3311610 0.1678250
v 0.5886875 0.3463887 0.1678250
v 0.5913750 0.3417339 0.1678250
v 0.6079791 0.3592790 0.1678250
v 0.6112512 0.3550147 0.1678250
v 0.6254231 0.3745769 0.1678250
v 0.6292238 0.3707762 0.1678250
v 0.6407210 0.3920209 0.1678250
v 0.6449853 0.3887488 0.1678250
v 0.6536113 0.4113125 0.1678250
v 0.6582661 0.4086250 0.1678250
v 0.6638731 0.4321215 0.1678250
v 0.6688390 0.4300646 0.1678250
v 0.6713311 0.4540920 0.1678250
v 0.6765229 0.4527008 0.1678250
v 0.6758575 0.4768479 0.1678250
v 0.6811865 0.4761463 0.1678250
v 0.6854498 0.5244149 0.1705125
v 0.6870500 0.5000000 0.1705125
v 0.6806764 0.5484121 0.1705125
v 0.6728117 0.5715809 0.1705125
v 0.6619901 0.5935250 0.1705125
v 0.6483967 0.6138688 0.1705125
v 0.6322643 0.6322643 0.1705125
v 0.6138688 0.6483967 0.1705125
v 0.5935250 0.6619901 0.1705125
v 0.5715809 0.6728117 0.1705125
v 0.5484121 0.6806764 0.1705125
v 0.5244149 0.6854498 0.1705125
v 0.5000000 0.6870500 0.1705125
v 0.4755851 0.6854498 0.1705125
v 0.4515879 0.6806764 0.1705125
v 0.4284191 0.6728117 0.1705125
v 0.4064750 0.6619901 0.1705125
v 0.3861312 0.6483967 0.1705125
v 0.3677357 0.6322643 0.1705125
v 0.3516033 0.6138688 0.1705125
v 0.3380099 0.5935250 0.1705125
v 0.3271883 0.5715809 0.1705125
v 0.3193236 0.5484121 0.1705125
v 0.3145502 0.5244149 0.1705125
v 0.3129500 0.5000000 0.1705125
v 0.3145502 0.4755851 0.1705125
v 0.3193236 0.4515879 0.1705125
v 0.3271883 0.4284191 0.1705125
v 0.3380099 0.4064750 0.1705125
v 0.3516033 0.3861312 0.1705125
v 0.3677357 0.3677357 0.1705125
v 0.3861312 0.3516033 0.1705125
v 0.4064750 0.3380099 0.1705125
v 0.4284191 0.3271883 0.1705125
v 0.4515879 0.3193236 0.1705125
v 0.4755851 0.3145502 0.1705125
v 0.5000000 0.3129500 0.1705125
v 0.5244149 0.3145502 0.1705125
v 0.5484121 0.3193236 0.1705125
v 0.5715809 0.3271883 0.1705125
v 0.5935250 0.3380099 0.1705125
v 0.6138688 0.3516033 0.1705125
v 0.6322643 0.3677357 0.1705125
v 0.6483967 0.3861312 0.1705125
v 0.6619901 0.4064750 0.1705125
v 0.6728117 0.4284191 0.1705125
v 0.6806764 0.4515879 0.1705125
v 0.6854498 0.4755851 0.1705125
v 0.6950420 0.5256778 0.1893250
v 0.6967250 0.5000000 0.1893250
v 0.6900218 0.5509162 0.1893250
v 0.6817502 0.5752834 0.1893250
v 0.6703688 0.5983625 0.1893250
v 0.6560724 0.6197586 0.1893250
v 0.6391056 0.6391056 0.1893250
v 0.6197586 0.6560724 0.1893250
v 0.5983625 0.6703688 0.1893250
v 0.5752834 0.6817502 0.1893250
v 0.5509162 0.6900218 0.1893250
v 0.5256778 0.6950420 0.1893250
v 0.5000000 0.6967250 0.1893250
v 0.4743222 0.6950420 0.1893250
v 0.4490838 0.6900218 0.1893250
v 0.4247166 0.6817502 0.1893250
v 0.4016375 0.6703688 0.1893250
v 0.3802414 0.6560724 0.1893250
v 0.3608944 0.6391056 0.1893250
v 0.3439276 0.6197586 0.1893250
v 0.3296312 0.5983625 0.1893250
v 0.3182498 0.5752834 0.1893250
v 0.3099782 0.5509162 0.1893250
v 0.3049580 0.5256778 0.1893250
v 0.3032750 0.5000000 0.1893250
v 0.3049580 0.4743222 0.1893250
v 0.3099782 0.4490838 0.1893250
v 0.3182498 0.4247166 0.1893250
v 0.3296312 0.4016375 0.1893250
v 0.3439276 0.3802414 0.1893250
v 0.3608944 0.3608944 0.1893250
v 0.3802414 0.3439276 0.1893250
v 0.4016375 0.3296312 0.1893250
v 0.4247166 0.3182498 0.1893250
v 0.4490838 0.3099782 0.1893250
v 0.4743222 0.3049580 0.1893250
v 0.5000000 0.3032750 0.1893250
v 0.5256778 0.3049580 0.1893250
v 0.5509162 0.3099782 0.1893250
v 0.5752834 0.3182498 0.1893250
v 0.5983625 0.3296312 0.1893250
v 0.6197586 0.3439276 0.1893250
v 0.6391056 0.3608944 0.1893250
v 0.6560724 0.3802414 0.1893250
v 0.6703688 0.4016375 0.1893250
v 0.6817502 0.4247166 0.1893250
v 0.6900218 0.4490838 0.1893250
v 0.6950420 0.4743222 0.1893250
v 0.6612402 0.5017737 0.1686850
v 0.6606377 0.5140391 0.1686850
v 0.6772369 0.5154898 0.1686850
v 0.6779017 0.5019570 0.1686850
v 0.6602900 0.5175695 0.1686850
v 0.6584881 0.5297168 0.1686850
v 0.6748652 0.5327875 0.1686850
v 0.6768533 0.5193850 0.1686850
v 0.6577960 0.5331960 0.1686850
v 0.6548122 0.5451082 0.1686850
v 0.6708094 0.5497694 0.1686850
v 0.6741016 0.5366263 0.1686850
v 0.6537824 0.5485029 0.1686850
v 0.6496453 0.5600653 0.1686850
v 0.6651087 0.5662720 0.1686850
v 0.6696733 0.5535149 0.1686850
v 0.6482878 0.5633427 0.1686850
v 0.6430373 0.5744438 0.1686850
v 0.6578178 0.5821364 0.1686850
v 0.6636109 0.5698881 0.1686850
v 0.6413651 0.5775724 0.1686850
v 0.6350518 0.5881055 0.1686850
v 0.6490071 0.5972097 0.1686850
v 0.6559728 0.5855882 0.1686850
v 0.6330809 0.5910551 0.1686850
v 0.6257656 0.6009186 0.1686850
v 0.6387614 0.6113469 0.1686850
v 0.6468326 0.6004641 0.1686850
v 0.6235152 0.6036608 0.1686850
v 0.6152683 0.6127599 0.1686850
v 0.6271793 0.6244117 0.1686850
v 0.6362784 0.6143724 0.1686850
v 0.6127599 0.6152683 0.1686850
v 0.6036608 0.6235152 0.1686850
v 0.6143724 0.6362784 0.1686850
v 0.6244117 0.6271793 0.1686850
v 0.6009186 0.6257656 0.1686850
v 0.5910551 0.6330809 0.1686850
v 0.6004641 0.6468326 0.1686850
v 0.6113469 0.6387614 0.1686850
v 0.5881055 0.6350518 0.1686850
v 0.5775724 0.6413651 0.1686850
v 0.5855882 0.6559728 0.1686850
v 0.5972097 0.6490071 0.1686850
v 0.5744438 0.6430373 0.1686850
v 0.5633427 0.6482878 0.1686850
v 0.5698881 0.6636109 0.1686850
v 0.5821364 0.6578178 0.1686850
v 0.5600653 0.6496453 0.1686850
v 0.5485029 0.6537824 0.1686850
v 0.5535149 0.6696733 0.1686850
v 0.5662720 0.6651087 0.1686850
v 0.5451082 0.6548122 0.1686850
v 0.5331960 0.6577960 0.1686850
v 0.5366263 0.6741016 0.1686850
v 0.5497694 0.6708094 0.1686850
v 0.5297168 0.6584881 0.1686850
v 0.5175695 0.6602900 0.1686850
v 0.5193850 0.6768533 0.1686850
v 0.5327875 0.6748652 0.1686850
v 0.5140391 0.6606377 0.1686850
v 0.5017737 0.6612402 0.1686850
v 0.5019570 0.6779017 0.1686850
v 0.5154898 0.6772369 0.1686850
v 0.4982263 0.6612402 0.1686850
v 0.4859609 0.6606377 0.1686850
v 0.4845102 0.6772369 0.1686850
v 0.4980430 0.6779017 0.1686850
v 0.4824305 0.6602900 0.1686850
v 0.4702832 0.6584881 0.1686850
v 0.4672125 0.6748652 0.1686850
v 0.4806150 0.6768533 0.1686850
v 0.4668040 0.6577960 0.1686850
v 0.4548918 0.6548122 0.1686850
v 0.4502306 0.6708094 0.1686850
v 0.4633737 0.6741016 0.1686850
v 0.4514971 0.6537824 0.1686850
v 0.4399347 0.6496453 0.1686850
v 0.4337280 0.6651087 0.1686850
v 0.4464851 0.6696733 0.1686850
v 0.4366573 0.6482878 0.1686850
v 0.4255562 0.6430373 0.1686850
v 0.4178636 0.6578178 0.1686850
v 0.4301119 0.6636109 0.1686850
v 0.4224276 0.6413651 0.1686850
v 0.4118945 0.6350518 0.1686850
v 0.4027903 0.6490071 0.1686850
v 0.4144118 0.6559728 0.1686850
v 0.4089449 0.6330809 0.1686850
v 0.3990814 0.6257656 0.1686850
v 0.3886531 0.6387614 0.1686850
v 0.3995359 0.6468326 0.1686850
v 0.3963392 0.6235152 0.1686850
v 0.3872401 0.6152683 0.1686850
v 0.3755883 0.6271793 0.1686850
v 0.3856276 0.6362784 0.1686850
v 0.3847317 0.6127599 0.1686850
v 0.3764848 0.6036608 0.1686850
v 0.3637216 0.6143724 0.1686850
v 0.3728207 0.6244117 0.1686850
v 0.3742344 0.6009186 0.1686850
v 0.3669191 0.5910551 0.1686850
v 0.3531674 0.6004641 0.1686850
v 0.3612386 0.6113469 0.1686850
v 0.3649482 0.5881055 0.1686850
v 0.3586349 0.5775724 0.1686850
v 0.3440272 0.5855882 0.1686850
v 0.3509929 0.5972097 0.1686850
v 0.3569627 0.5744438 0.1686850
v 0.3517122 0.5633427 0.1686850
v 0.3363891 0.5698881 0.1686850
v 0.3421822 0.5821364 0.1686850
v 0.3503547 0.5600653 0.1686850
v 0.3462176 0.5485029 0.1686850
v 0.3303267 0.5535149 0.1686850
v 0.3348913 0.5662720 0.1686850
v 0.3451878 0.5451082 0.1686850
v 0.3422040 0.5331960 0.1686850
v 0.3258984 0.5366263 0.1686850
v 0.3291906 0.5497694 0.1686850
v 0.3415119 0.5297168 0.1686850
v 0.3397100 0.5175695 0.1686850
v 0.3231467 0.5193850 0.1686850
v 0.3251348 0.5327875 0.1686850
v 0.3393623 0.5140391 0.1686850
v 0.3387598 0.5017737 0.1686850
v 0.3220983 0.5019570 0.1686850
v 0.3227631 0.5154898 0.1686850
v 0.3387598 0.4982263 0.1686850
v 0.3393623 0.4859609 0.1686850
v 0.3227631 0.4845102 0.1686850
v 0.3220983 0.4980430 0.1686850
v 0.3397100 0.4824305 0.1686850
v 0.3415119 0.4702832 0.1686850
v 0.3251348 0.4672125 0.1686850
v 0.3231467 0.4806150 0.1686850
v 0.3422040 0.4668040 0.1686850
v 0.3451878 0.4548918 0.1686850
v 0.3291906 0.4502306 0.1686850
v 0.3258984 0.4633737 0.1686850
v 0.3462176 0.4514971 0.1686850
v 0.3503547 0.4399347 0.1686850
v 0.3348913 0.4337280 0.1686850
v 0.3303267 0.4464851 0.1686850
v 0.3517122 0.4366573 0.1686850
v 0.3569627 0.4255562 0.1686850
v 0.3421822 0.4178636 0.1686850
v 0.3363891 0.4301119 0.1686850
v 0.3586349 0.4224276 0.1686850
v 0.3649482 0.4118945 0.1686850
v 0.3509929 0.4027903 0.1686850
v 0.3440272 0.4144118 0.1686850
v 0.3669191 0.4089449 0.1686850
v 0.3742344 0.3990814 0.1686850
v 0.3612386 0.3886531 0.1686850
v 0.3531674 0.3995359 0.1686850
v 0.3764848 0.3963392 0.1686850
v 0.3847317 0.3872401 0.1686850
v 0.3728207 0.3755883 0.1686850
v 0.3637216 0.3856276 0.1686850
v 0.3872401 0.3847317 0.1686850
v 0.3963392 0.3764848 0.1686850
v 0.3856276 0.3637216 0.1686850
v 0.3755883 0.3728207 0.1686850
v 0.3990814 0.3742344 0.1686850
v 0.4089449 0.3669191 0.1686850
v 0.3995359 0.3531674 0.1686850
v 0.3886531 0.3612386 0.1686850
v 0.4118945 0.3649482 0.1686850
v 0.4224276 0.3586349 0.1686850
v 0.4144118 0.3440272 0.1686850
v 0.4027903 0.3509929 0.1686850
v 0.4255562 0.3569627 0.1686850
v 0.4366573 0.3517122 0.1686850
v 0.4301119 0.3363891 0.1686850
v 0.4178636 0.3421822 0.1686850
v 0.4399347 0.3503547 0.1686850
v 0.4514971 0.3462176 0.1686850
v 0.4464851 0.3303267 0.1686850
v 0.4337280 0.3348913 0.1686850
v 0.4548918 0.3451878 0.1686850
v 0.4668040 0.3422040 0.1686850
v 0.4633737 0.3258984 0.1686850
v 0.4502306 0.3291906 0.1686850
v 0.4702832 0.3415119 0.1686850
v 0.4824305 0.3397100 0.1686850
v 0.4806150 0.3231467 0.1686850
v 0.4672125 0.3251348 0.1686850
v 0.4859609 0.3393623 0.1686850
v 0.4982263 0.3387598 0.1686850
v 0.4980430 0.3220983 0.1686850
v 0.4845102 0.3227631 0.1686850
v 0.5017737 0.3387598 0.1686850
v 0.5140391 0.3393623 0.1686850
v 0.5154898 0.3227631 0.1686850
v 0.5019570 0.3220983 0.1686850
v 0.5175695 0.3397100 0.1686850
v 0.5297168 0.3415119 0.1686850
v 0.5327875 0.3251348 0.1686850
v 0.5193850 0.3231467 0.1686850
v 0.5331960 0.3422040 0.1686850
v 0.5451082 0.3451878 0.1686850
v 0.5497694 0.3291906 0.1686850
v 0.5366263 0.3258984 0.1686850
v 0.5485029 0.3462176 0.1686850
v 0.5600653 0.3503547 0.1686850
v 0.5662720 0.3348913 0.1686850
v 0.5535149 0.3303267 0.1686850
v 0.5633427 0.3517122 0.1686850
v 0.5744438 0.3569627 0.1686850
v 0.5821364 0.3421822 0.1686850
v 0.5698881 0.3363891 0.1686850
v 0.5775724 0.3586349 0.1686850
v 0.5881055 0.3649482 0.1686850
v 0.5972097 0.3509929 0.1686850
v 0.5855882 0.3440272 0.1686850
v 0.5910551 0.3669191 0.1686850
v 0.6009186 0.3742344 0.1686850
v 0.6113469 0.3612386 0.1686850
v 0.6004641 0.3531674 0.1686850
v 0.6036608 0.3764848 0.1686850
v 0.6127599 0.3847317 0.1686850
v 0.6244117 0.3728207 0.1686850
v 0.6143724 0.3637216 0.1686850
v 0.6152683 0.3872401 0.1686850
v 0.6235152 0.3963392 0.1686850
v 0.6362784 0.3856276 0.1686850
v 0.6271793 0.3755883 0.1686850
v 0.6257656 0.3990814 0.1686850
v 0.6330809 0.4089449 0.1686850
v 0.6468326 0.3995359 0.1686850
v 0.6387614 0.3886531 0.1686850
v 0.6350518 0.4118945 0.1686850
v 0.6413651 0.4224276 0.1686850
v 0.6559728 0.4144118 0.1686850
v 0.6490071 0.4027903 0.1686850
v 0.6430373 0.4255562 0.1686850
v 0.6482878 0.4366573 0.1686850
v 0.6636109 0.4301119 0.1686850
v 0.6578178 0.4178636 0.1686850
v 0.6496453 0.4399347 0.1686850
v 0.6537824 0.4514971 0.1686850
v 0.6696733 0.4464851 0.1686850
v 0.6651087 0.4337280 0.1686850
v 0.6548122 0.4548918 0.1686850
v 0.6577960 0.4668040 0.1686850
v 0.6741016 0.4633737 0.1686850
v 0.6708094 0.4502306 0.1686850
v 0.6584881 0.4702832 0.1686850
v 0.6602900 0.4824305 0.1686850
v 0.6768533 0.4806150 0.1686850
v 0.6748652 0.4672125 0.1686850
v 0.6606377 0.4859609 0.1686850
v 0.6612402 0.4982263 0.1686850
v 0.6779017 0.4980430 0.1686850
v 0.6772369 0.4845102 0.1686850
v 0.6161000 0.5000000 0.1990000
v 0.6151067 0.5151541 0.1990000
v 0.6385544 0.5182410 0.1990000
v 0.6397500 0.5000000 0.1990000
v 0.6121440 0.5300489 0.1990000
v 0.6349881 0.5361700 0.1990000
v 0.6072624 0.5444295 0.1990000
v 0.6291122 0.5534800 0.1990000
v 0.6005455 0.5580500 0.1990000
v 0.6210271 0.5698750 0.1990000
v 0.5921083 0.5706772 0.1990000
v 0.6108711 0.5850744 0.1990000
v 0.5820951 0.5820951 0.1990000
v 0.5988182 0.5988182 0.1990000
v 0.5706772 0.5921083 0.1990000
v 0.5850744 0.6108711 0.1990000
v 0.5580500 0.6005455 0.1990000
v 0.5698750 0.6210271 0.1990000
v 0.5444295 0.6072624 0.1990000
v 0.5534800 0.6291122 0.1990000
v 0.5300489 0.6121440 0.1990000
v 0.5361700 0.6349881 0.1990000
v 0.5151541 0.6151067 0.1990000
v 0.5182410 0.6385544 0.1990000
v 0.5000000 0.6161000 0.1990000
v 0.5000000 0.6397500 0.1990000
v 0.4848459 0.6151067 0.1990000
v 0.4817590 0.6385544 0.1990000
v 0.4699511 0.6121440 0.1990000
v 0.4638300 0.6349881 0.1990000
v 0.4555705 0.6072624 0.1990000
v 0.4465200 0.6291122 0.1990000
v 0.4419500 0.6005455 0.1990000
v 0.4301250 0.6210271 0.1990000
v 0.4293228 0.5921083 0.1990000
v 0.4149256 0.6108711 0.1990000
v 0.4179049 0.5820951 0.1990000
v 0.4011818 0.5988182 0.1990000
v 0.4078917 0.5706772 0.1990000
v 0.3891289 0.5850744 0.1990000
v 0.3994545 0.5580500 0.1990000
v 0.3789729 0.5698750 0.1990000
v 0.3927376 0.5444295 0.1990000
v 0.3708878 0.5534800 0.1990000
v 0.3878560 0.5300489 0.1990000
v 0.3650119 0.5361700 0.1990000
v 0.3848933 0.5151541 0.1990000
v 0.3614456 0.5182410 0.1990000
v 0.3839000 0.5000000 0.1990000
v 0.3602500 0.5000000 0.1990000
v 0.3848933 0.4848459 0.1990000
v 0.3614456 0.4817590 0.1990000
v 0.3878560 0.4699511 0.1990000
v 0.3650119 0.4638300 0.1990000
v 0.3927376 0.4555705 0.1990000
v 0.3708878 0.4465200 0.1990000
v 0.3994545 0.4419500 0.1990000
v 0.3789729 0.4301250 0.1990000
v 0.4078917 0.4293228 0.1990000
v 0.3891289 0.4149256 0.1990000
v 0.4179049 0.4179049 0.1990000
v 0.4011818 0.4011818 0.1990000
v 0.4293228 0.4078917 0.1990000
v 0.4149256 0.3891289 0.1990000
v 0.4419500 0.3994545 0.1990000
v 0.4301250 0.3789729 0.1990000
v 0.4555705 0.3927376 0.1990000
v 0.4465200 0.3708878 0.1990000
v 0.4699511 0.3878560 0.1990000
v 0.4638300 0.3650119 0.1990000
v 0.4848459 0.3848933 0.1990000
v 0.4817590 0.3614456 0.1990000
v 0.5000000 0.3839000 0.1990000
v 0.5000000 0.3602500 0.1990000
v 0.5151541 0.3848933 0.1990000
v 0.5182410 0.3614456 0.1990000
v 0.5300489 0.3878560 0.1990000
v 0.5361700 0.3650119 0.1990000
v 0.5444295 0.3927376 0.1990000
v 0.5534800 0.3708878 0.1990000
v 0.5580500 0.3994545 0.1990000
v 0.5698750 0.3789729 0.1990000
v 0.5706772 0.4078917 0.1990000
v 0.5850744 0.3891289 0.1990000
v 0.5820951 0.4179049 0.1990000
v 0.5988182 0.4011818 0.1990000
v 0.5921083 0.4293228 0.1990000
v 0.6108711 0.4149256 0.1990000
v 0.6005455 0.4419500 0.1990000
v 0.6210271 0.4301250 0.1990000
v 0.6072624 0.4555705 0.1990000
v 0.6291122 0.4465200 0.1990000
v 0.6121440 0.4699511 0.1990000
v 0.6349881 0.4638300 0.1990000
v 0.6151067 0.4848459 0.1990000
v 0.6385544 0.4817590 0.1990000
v 0.6502783 0.5197845 0.1914750
v 0.6515750 0.5000000 0.1914750
v 0.6464102 0.5392305 0.1914750
v 0.6400370 0.5580052 0.1914750
v 0.6312678 0.5757875 0.1914750
v 0.6202525 0.5922730 0.1914750
v 0.6071797 0.6071797 0.1914750
v 0.5922730 0.6202525 0.1914750
v 0.5757875 0.6312678 0.1914750
v 0.5580052 0.6400370 0.1914750
v 0.5392305 0.6464102 0.1914750
v 0.5197845 0.6502783 0.1914750
v 0.5000000 0.6515750 0.1914750
v 0.4802155 0.6502783 0.1914750
v 0.4607695 0.6464102 0.1914750
v 0.4419948 0.6400370 0.1914750
v 0.4242125 0.6312678 0.1914750
v 0.4077270 0.6202525 0.1914750
v 0.3928203 0.6071797 0.1914750
v 0.3797475 0.5922730 0.1914750
v 0.3687322 0.5757875 0.1914750
v 0.3599630 0.5580052 0.1914750
v 0.3535898 0.5392305 0.1914750
v 0.3497217 0.5197845 0.1914750
v 0.3484250 0.5000000 0.1914750
v 0.3497217 0.4802155 0.1914750
v 0.3535898 0.4607695 0.1914750
v 0.3599630 0.4419948 0.1914750
v 0.3687322 0.4242125 0.1914750
v 0.3797475 0.4077270 0.1914750
v 0.3928203 0.3928203 0.1914750
v 0.4077270 0.3797475 0.1914750
v 0.4242125 0.3687322 0.1914750
v 0.4419948 0.3599630 0.1914750
v 0.4607695 0.3535898 0.1914750
v 0.4802155 0.3497217 0.1914750
v 0.5000000 0.3484250 0.1914750
v 0.5197845 0.3497217 0.1914750
v 0.5392305 0.3535898 0.1914750
v 0.5580052 0.3599630 0.1914750
v 0.5757875 0.3687322 0.1914750
v 0.5922730 0.3797475 0.1914750
v 0.6071797 0.3928203 0.1914750
v 0.6202525 0.4077270 0.1914750
v 0.6312678 0.4242125 0.1914750
v 0.6400370 0.4419948 0.1914750
v 0.6464102 0.4607695 0.1914750
v 0.6502783 0.4802155 0.1914750
v 0.6572060 0.5206966 0.1732000
v 0.6585625 0.5000000 0.1732000
v 0.6531596 0.5410390 0.1732000
v 0.6464926 0.5606792 0.1732000
v 0.6373192 0.5792812 0.1732000
v 0.6257961 0.5965267 0.1732000
v 0.6121206 0.6121206 0.1732000
v 0.5965267 0.6257961 0.1732000
v 0.5792812 0.6373192 0.1732000
v 0.5606792 0.6464926 0.1732000
v 0.5410390 0.6531596 0.1732000
v 0.5206966 0.6572060 0.1732000
v 0.5000000 0.6585625 0.1732000
v 0.4793034 0.6572060 0.1732000
v 0.4589610 0.6531596 0.1732000
v 0.4393208 0.6464926 0.1732000
v 0.4207188 0.6373192 0.1732000
v 0.4034733 0.6257961 0.1732000
v 0.3878794 0.6121206 0.1732000
v 0.3742039 0.5965267 0.1732000
v 0.3626808 0.5792812 0.1732000
v 0.3535074 0.5606792 0.1732000
v 0.3468404 0.5410390 0.1732000
v 0.3427940 0.5206966 0.1732000
v 0.3414375 0.5000000 0.1732000
v 0.3427940 0.4793034 0.1732000
v 0.3468404 0.4589610 0.1732000
v 0.3535074 0.4393208 0.1732000
v 0.3626808 0.4207188 0.1732000
v 0.3742039 0.4034733 0.1732000
v 0.3878794 0.3878794 0.1732000
v 0.4034733 0.3742039 0.1732000
v 0.4207187 0.3626808 0.1732000
v 0.4393208 0.3535074 0.1732000
v 0.4589610 0.3468404 0.1732000
v 0.4793034 0.3427940 0.1732000
v 0.5000000 0.3414375 0.1732000
v 0.5206966 0.3427940 0.1732000
v 0.5410390 0.3468404 0.1732000
v 0.5606792 0.3535074 0.1732000
v 0.5792812 0.3626808 0.1732000
v 0.5965267 0.3742039 0.1732000
v 0.6121206 0.3878794 0.1732000
v 0.6257961 0.4034733 0.1732000
v 0.6373192 0.4207187 0.1732000
v 0.6464926 0.4393208 0.1732000
v 0.6531596 0.4589610 0.1732000
v 0.6572060 0.4793034 0.1732000
v 0.6064250 0.5000000 0.1947000
v 0.6055145 0.5138913 0.1947000
v 0.6236332 0.5162766 0.1968500
v 0.6247000 0.5000000 0.1968500
v 0.6027987 0.5275448 0.1947000
v 0.6204510 0.5322747 0.1968500
v 0.5983239 0.5407271 0.1947000
v 0.6152078 0.5477206 0.1968500
v 0.5921668 0.5532125 0.1947000
v 0.6079934 0.5623500 0.1968500
v 0.5844326 0.5647874 0.1947000
v 0.5989312 0.5759126 0.1968500
v 0.5752538 0.5752538 0.1947000
v 0.5881762 0.5881762 0.1968500
v 0.5647874 0.5844326 0.1947000
v 0.5759126 0.5989312 0.1968500
v 0.5532125 0.5921668 0.1947000
v 0.5623500 0.6079934 0.1968500
v 0.5407271 0.5983239 0.1947000
v 0.5477206 0.6152078 0.1968500
v 0.5275448 0.6027987 0.1947000
v 0.5322747 0.6204510 0.1968500
v 0.5138913 0.6055145 0.1947000
v 0.5162766 0.6236332 0.1968500
v 0.5000000 0.6064250 0.1947000
v 0.5000000 0.6247000 0.1968500
v 0.4861087 0.6055145 0.1947000
v 0.4837234 0.6236332 0.1968500
v 0.4724552 0.6027987 0.1947000
v 0.4677253 0.6204510 0.1968500
v 0.4592729 0.5983239 0.1947000
v 0.4522794 0.6152078 0.1968500
v 0.4467875 0.5921668 0.1947000
v 0.4376500 0.6079934 0.1968500
v 0.4352126 0.5844326 0.1947000
v 0.4240874 0.5989312 0.1968500
v 0.4247462 0.5752538 0.1947000
v 0.4118238 0.5881762 0.1968500
v 0.4155674 0.5647874 0.1947000
v 0.4010688 0.5759126 0.1968500
v 0.4078332 0.5532125 0.1947000
v 0.3920066 0.5623500 0.1968500
v 0.4016761 0.5407271 0.1947000
v 0.3847922 0.5477206 0.1968500
v 0.3972013 0.5275448 0.1947000
v 0.3795490 0.5322747 0.1968500
v 0.3944855 0.5138913 0.1947000
v 0.3763668 0.5162766 0.1968500
v 0.3935750 0.5000000 0.1947000
v 0.3753000 0.5000000 0.1968500
v 0.3944855 0.4861087 0.1947000
v 0.3763668 0.4837234 0.1968500
v 0.3972013 0.4724552 0.1947000
v 0.3795490 0.4677253 0.1968500
v 0.4016761 0.4592729 0.1947000
v 0.3847922 0.4522794 0.1968500
v 0.4078332 0.4467875 0.1947000
v 0.3920066 0.4376500 0.1968500
v 0.4155674 0.4352126 0.1947000
v 0.4010688 0.4240874 0.1968500
v 0.4247462 0.4247462 0.1947000
v 0.4118238 0.4118238 0.1968500
v 0.4352126 0.4155674 0.1947000
v 0.4240874 0.4010688 0.1968500
v 0.4467875 0.4078332 0.1947000
v 0.4376500 0.3920066 0.1968500
v 0.4592729 0.4016761 0.1947000
v 0.4522794 0.3847922 0.1968500
v 0.4724552 0.3972013 0.1947000
v 0.4677253 0.3795490 0.1968500
v 0.4861087 0.3944855 0.1947000
v 0.4837234 0.3763668 0.1968500
v 0.5000000 0.3935750 0.1947000
v 0.5000000 0.3753000 0.1968500
v 0.5138913 0.3944855 0.1947000
v 0.5162766 0.3763668 0.1968500
v 0.5275448 0.3972013 0.1947000
v 0.5322747 0.3795490 0.1968500
v 0.5407271 0.4016761 0.1947000
v 0.5477206 0.3847922 0.1968500
v 0.5532125 0.4078332 0.1947000
v 0.5623500 0.3920066 0.1968500
v 0.5647874 0.4155674 0.1947000
v 0.5759126 0.4010688 0.1968500
v 0.5752538 0.4247462 0.1947000
v 0.5881762 0.4118238 0.1968500
v 0.5844326 0.4352126 0.1947000
v 0.5989312 0.4240874 0.1968500
v 0.5921668 0.4467875 0.1947000
v 0.6079934 0.4376500 0.1968500
v 0.5983239 0.4592729 0.1947000
v 0.6152078 0.4522794 0.1968500
v 0.6027987 0.4724552 0.1947000
v 0.6204510 0.4677253 0.1968500
v 0.6055145 0.4861087 0.1947000
v 0.6236332 0.4837234 0.1968500
v 0.6300280 0.5171185 0.1947000
v 0.6311500 0.5000000 0.1947000
v 0.6266812 0.5339441 0.1947000
v 0.6211668 0.5501889 0.1947000
v 0.6135792 0.5655750 0.1947000
v 0.6040483 0.5798391 0.1947000
v 0.5927371 0.5927371 0.1947000
v 0.5798391 0.6040483 0.1947000
v 0.5655750 0.6135792 0.1947000
v 0.5501889 0.6211668 0.1947000
v 0.5339441 0.6266812 0.1947000
v 0.5171185 0.6300280 0.1947000
v 0.5000000 0.6311500 0.1947000
v 0.4828815 0.6300280 0.1947000
v 0.4660559 0.6266812 0.1947000
v 0.4498111 0.6211668 0.1947000
v 0.4344250 0.6135792 0.1947000
v 0.4201609 0.6040483 0.1947000
v 0.4072629 0.5927371 0.1947000
v 0.3959517 0.5798391 0.1947000
v 0.3864208 0.5655750 0.1947000
v 0.3788332 0.5501889 0.1947000
v 0.3733188 0.5339441 0.1947000
v 0.3699720 0.5171185 0.1947000
v 0.3688500 0.5000000 0.1947000
v 0.3699720 0.4828815 0.1947000
v 0.3733188 0.4660559 0.1947000
v 0.3788332 0.4498111 0.1947000
v 0.3864208 0.4344250 0.1947000
v 0.3959517 0.4201609 0.1947000
v 0.4072629 0.4072629 0.1947000
v 0.4201609 0.3959517 0.1947000
v 0.4344250 0.3864208 0.1947000
v 0.4498111 0.3788332 0.1947000
v 0.4660559 0.3733188 0.1947000
v 0.4828815 0.3699720 0.1947000
v 0.5000000 0.3688500 0.1947000
v 0.5171185 0.3699720 0.1947000
v 0.5339441 0.3733188 0.1947000
v 0.5501889 0.3788332 0.1947000
v 0.5655750 0.3864208 0.1947000
v 0.5798391 0.3959517 0.1947000
v 0.5927371 0.4072629 0.1947000
v 0.6040483 0.4201609 0.1947000
v 0.6135792 0.4344250 0.1947000
v 0.6211668 0.4498111 0.1947000
v 0.6266812 0.4660559 0.1947000
v 0.6300280 0.4828815 0.1947000
v 0.6374886 0.5181007 0.1968500
v 0.6386750 0.5000000 0.1968500
v 0.6339498 0.5358917 0.1968500
v 0.6281190 0.5530686 0.1968500
v 0.6200961 0.5693375 0.1968500
v 0.6100183 0.5844200 0.1968500
v 0.5980580 0.5980580 0.1968500
v 0.5844200 0.6100183 0.1968500
v 0.5693375 0.6200961 0.1968500
v 0.5530686 0.6281190 0.1968500
v 0.5358917 0.6339498 0.1968500
v 0.5181007 0.6374886 0.1968500
v 0.5000000 0.6386750 0.1968500
v 0.4818993 0.6374886 0.1968500
v 0.4641083 0.6339498 0.1968500
v 0.4469314 0.6281190 0.1968500
v 0.4306625 0.6200961 0.1968500
v 0.4155800 0.6100183 0.1968500
v 0.4019420 0.5980580 0.1968500
v 0.3899817 0.5844200 0.1968500
v 0.3799039 0.5693375 0.1968500
v 0.3718810 0.5530686 0.1968500
v 0.3660502 0.5358917 0.1968500
v 0.3625114 0.5181007 0.1968500
v 0.3613250 0.5000000 0.1968500
v 0.3625114 0.4818993 0.1968500
v 0.3660502 0.4641083 0.1968500
v 0.3718810 0.4469314 0.1968500
v 0.3799039 0.4306625 0.1968500
v 0.3899817 0.4155800 0.1968500
v 0.4019420 0.4019420 0.1968500
v 0.4155800 0.3899817 0.1968500
v 0.4306625 0.3799039 0.1968500
v 0.4469314 0.3718810 0.1968500
v 0.4641083 0.3660502 0.1968500
v 0.4818993 0.3625114 0.1968500
v 0.5000000 0.3613250 0.1968500
v 0.5181007 0.3625114 0.1968500
v 0.5358917 0.3660502 0.1968500
v 0.5530686 0.3718810 0.1968500
v 0.5693375 0.3799039 0.1968500
v 0.5844200 0.3899817 0.1968500
v 0.5980580 0.4019420 0.1968500
v 0.6100183 0.4155800 0.1968500
v 0.6200961 0.4306625 0.1968500
v 0.6281190 0.4469314 0.1968500
v 0.6339498 0.4641083 0.1968500
v 0.6374886 0.4818993 0.1968500
v 0.6133941 0.5020413 0.1904000
v 0.6131730 0.5073666 0.1904000
v 0.6287276 0.5083791 0.1930875
v 0.6289791 0.5023219 0.1930875
v 0.6121576 0.5168248 0.1904000
v 0.6112433 0.5220756 0.1904000
v 0.6265326 0.5251097 0.1930875
v 0.6275726 0.5191372 0.1930875
v 0.6090020 0.5313203 0.1904000
v 0.6074101 0.5364069 0.1904000
v 0.6221726 0.5414107 0.1930875
v 0.6239833 0.5356250 0.1930875
v 0.6039813 0.5452800 0.1904000
v 0.6017391 0.5501153 0.1904000
v 0.6157222 0.5570032 0.1930875
v 0.6182726 0.5515033 0.1930875
v 0.5971815 0.5584649 0.1904000
v 0.5943274 0.5629662 0.1904000
v 0.6072918 0.5716203 0.1930875
v 0.6105382 0.5665004 0.1930875
v 0.5887189 0.5706495 0.1904000
v 0.5853017 0.5747397 0.1904000
v 0.5970256 0.5850120 0.1930875
v 0.6009125 0.5803596 0.1930875
v 0.5787383 0.5816252 0.1904000
v 0.5748164 0.5852344 0.1904000
v 0.5850992 0.5969491 0.1930875
v 0.5895602 0.5928438 0.1930875
v 0.5674105 0.5912043 0.1904000
v 0.5630510 0.5942707 0.1904000
v 0.5717168 0.6072273 0.1930875
v 0.5766754 0.6037395 0.1930875
v 0.5549292 0.5992229 0.1904000
v 0.5502068 0.6016940 0.1904000
v 0.5571073 0.6156709 0.1930875
v 0.5624787 0.6128601 0.1930875
v 0.5415081 0.6055437 0.1904000
v 0.5365036 0.6073773 0.1904000
v 0.5415206 0.6221353 0.1930875
v 0.5472130 0.6200497 0.1930875
v 0.5273768 0.6100586 0.1904000
v 0.5221757 0.6112233 0.1904000
v 0.5252236 0.6265100 0.1930875
v 0.5311395 0.6251852 0.1930875
v 0.5127771 0.6126905 0.1904000
v 0.5074684 0.6131663 0.1904000
v 0.5084949 0.6287200 0.1930875
v 0.5145331 0.6281787 0.1930875
v 0.4979587 0.6133941 0.1904000
v 0.4926334 0.6131730 0.1904000
v 0.4916209 0.6287276 0.1930875
v 0.4976781 0.6289791 0.1930875
v 0.4831752 0.6121576 0.1904000
v 0.4779244 0.6112433 0.1904000
v 0.4748903 0.6265326 0.1930875
v 0.4808628 0.6275726 0.1930875
v 0.4686797 0.6090020 0.1904000
v 0.4635931 0.6074101 0.1904000
v 0.4585893 0.6221726 0.1930875
v 0.4643750 0.6239833 0.1930875
v 0.4547200 0.6039813 0.1904000
v 0.4498847 0.6017391 0.1904000
v 0.4429968 0.6157222 0.1930875
v 0.4484967 0.6182726 0.1930875
v 0.4415351 0.5971815 0.1904000
v 0.4370338 0.5943274 0.1904000
v 0.4283797 0.6072918 0.1930875
v 0.4334996 0.6105382 0.1930875
v 0.4293505 0.5887189 0.1904000
v 0.4252603 0.5853017 0.1904000
v 0.4149880 0.5970256 0.1930875
v 0.4196404 0.6009125 0.1930875
v 0.4183748 0.5787383 0.1904000
v 0.4147656 0.5748164 0.1904000
v 0.4030509 0.5850992 0.1930875
v 0.4071562 0.5895602 0.1930875
v 0.4087957 0.5674105 0.1904000
v 0.4057293 0.5630510 0.1904000
v 0.3927727 0.5717168 0.1930875
v 0.3962605 0.5766754 0.1930875
v 0.4007771 0.5549292 0.1904000
v 0.3983060 0.5502068 0.1904000
v 0.3843291 0.5571073 0.1930875
v 0.3871399 0.5624787 0.1930875
v 0.3944563 0.5415081 0.1904000
v 0.3926227 0.5365036 0.1904000
v 0.3778647 0.5415206 0.1930875
v 0.3799503 0.5472130 0.1930875
v 0.3899414 0.5273768 0.1904000
v 0.3887767 0.5221757 0.1904000
v 0.3734900 0.5252236 0.1930875
v 0.3748148 0.5311395 0.1930875
v 0.3873095 0.5127771 0.1904000
v 0.3868337 0.5074684 0.1904000
v 0.3712800 0.5084949 0.1930875
v 0.3718213 0.5145331 0.1930875
v 0.3866059 0.4979587 0.1904000
v 0.3868270 0.4926334 0.1904000
v 0.3712724 0.4916209 0.1930875
v 0.3710209 0.4976781 0.1930875
v 0.3878424 0.4831752 0.1904000
v 0.3887567 0.4779244 0.1904000
v 0.3734674 0.4748903 0.1930875
v 0.3724274 0.4808628 0.1930875
v 0.3909980 0.4686797 0.1904000
v 0.3925899 0.4635931 0.1904000
v 0.3778274 0.4585893 0.1930875
v 0.3760167 0.4643750 0.1930875
v 0.3960187 0.4547200 0.1904000
v 0.3982609 0.4498847 0.1904000
v 0.3842778 0.4429968 0.1930875
v 0.3817274 0.4484967 0.1930875
v 0.4028185 0.4415351 0.1904000
v 0.4056726 0.4370338 0.1904000
v 0.3927082 0.4283797 0.1930875
v 0.3894618 0.4334996 0.1930875
v 0.4112811 0.4293505 0.1904000
v 0.4146983 0.4252603 0.1904000
v 0.4029744 0.4149880 0.1930875
v 0.3990875 0.4196404 0.1930875
v 0.4212617 0.4183748 0.1904000
v 0.4251836 0.4147656 0.1904000
v 0.4149008 0.4030509 0.1930875
v 0.4104398 0.4071562 0.1930875
v 0.4325895 0.4087957 0.1904000
v 0.4369490 0.4057293 0.1904000
v 0.4282832 0.3927727 0.1930875
v 0.4233246 0.3962605 0.1930875
v 0.4450708 0.4007771 0.1904000
v 0.4497932 0.3983060 0.1904000
v 0.4428927 0.3843291 0.1930875
v 0.4375213 0.3871399 0.1930875
v 0.4584919 0.3944563 0.1904000
v 0.4634964 0.3926227 0.1904000
v 0.4584794 0.3778647 0.1930875
v 0.4527870 0.3799503 0.1930875
v 0.4726232 0.3899414 0.1904000
v 0.4778243 0.3887767 0.1904000
v 0.4747764 0.3734900 0.1930875
v 0.4688605 0.3748148 0.1930875
v 0.4872229 0.3873095 0.1904000
v 0.4925316 0.3868337 0.1904000
v 0.4915051 0.3712800 0.1930875
v 0.4854669 0.3718213 0.1930875
v 0.5020413 0.3866059 0.1904000
v 0.5073666 0.3868270 0.1904000
v 0.5083791 0.3712724 0.1930875
v 0.5023219 0.3710209 0.1930875
v 0.5168248 0.3878424 0.1904000
v 0.5220756 0.3887567 0.1904000
v 0.5251097 0.3734674 0.1930875
v 0.5191372 0.3724274 0.1930875
v 0.5313203 0.3909980 0.1904000
v 0.5364069 0.3925899 0.1904000
v 0.5414107 0.3778274 0.1930875
v 0.5356250 0.3760167 0.1930875
v 0.5452800 0.3960187 0.1904000
v 0.5501153 0.3982609 0.1904000
v 0.5570032 0.3842778 0.1930875
v 0.5515033 0.3817274 0.1930875
v 0.5584649 0.4028185 0.1904000
v 0.5629662 0.4056726 0.1904000
v 0.5716203 0.3927082 0.1930875
v 0.5665004 0.3894618 0.1930875
v 0.5706495 0.4112811 0.1904000
v 0.5747397 0.4146983 0.1904000
v 0.5850120 0.4029744 0.1930875
v 0.5803596 0.3990875 0.1930875
v 0.5816252 0.4212617 0.1904000
v 0.5852344 0.4251836 0.1904000
v 0.5969491 0.4149008 0.1930875
v 0.5928438 0.4104398 0.1930875
v 0.5912043 0.4325895 0.1904000
v 0.5942707 0.4369490 0.1904000
v 0.6072273 0.4282832 0.1930875
v 0.6037395 0.4233246 0.1930875
v 0.5992229 0.4450708 0.1904000
v 0.6016940 0.4497932 0.1904000
v 0.6156709 0.4428927 0.1930875
v 0.6128601 0.4375213 0.1930875
v 0.6055437 0.4584919 0.1904000
v 0.6073773 0.4634964 0.1904000
v 0.6221353 0.4584794 0.1930875
v 0.6200497 0.4527870 0.1930875
v 0.6100586 0.4726232 0.1904000
v 0.6112233 0.4778243 0.1904000
v 0.6265100 0.4747764 0.1930875
v 0.6251852 0.4688605 0.1930875
v 0.6126905 0.4872229 0.1904000
v 0.6131663 0.4925316 0.1904000
v 0.6287200 0.4915051 0.1930875
v 0.6281787 0.4854669 0.1930875
v 0.5000000 0.5000000 0.1785750
v 0.5136556 0.5017978 0.1790453
v 0.5137734 0.5000000 0.1790453
v 0.5133041 0.5035648 0.1790453
v 0.5127250 0.5052709 0.1790453
v 0.5119281 0.5068867 0.1790453
v 0.5109272 0.5083847 0.1790453
v 0.5097393 0.5097393 0.1790453
v 0.5083847 0.5109272 0.1790453
v 0.5068867 0.5119281 0.1790453
v 0.5052709 0.5127250 0.1790453
v 0.5035648 0.5133041 0.1790453
v 0.5017978 0.5136556 0.1790453
v 0.5000000 0.5137734 0.1790453
v 0.4982022 0.5136556 0.1790453
v 0.4964352 0.5133041 0.1790453
v 0.4947291 0.5127250 0.1790453
v 0.4931133 0.5119281 0.1790453
v 0.4916153 0.5109272 0.1790453
v 0.4902607 0.5097393 0.1790453
v 0.4890728 0.5083847 0.1790453
v 0.4880719 0.5068867 0.1790453
v 0.4872750 0.5052709 0.1790453
v 0.4866959 0.5035648 0.1790453
v 0.4863444 0.5017978 0.1790453
v 0.4862266 0.5000000 0.1790453
v 0.4863444 0.4982022 0.1790453
v 0.4866959 0.4964352 0.1790453
v 0.4872750 0.4947291 0.1790453
v 0.4880719 0.4931133 0.1790453
v 0.4890728 0.4916153 0.1790453
v 0.4902607 0.4902607 0.1790453
v 0.4916153 0.4890728 0.1790453
v 0.4931133 0.4880719 0.1790453
v 0.4947291 0.4872750 0.1790453
v 0.4964352 0.4866959 0.1790453
v 0.4982022 0.4863444 0.1790453
v 0.5000000 0.4862266 0.1790453
v 0.5017978 0.4863444 0.1790453
v 0.5035648 0.4866959 0.1790453
v 0.5052709 0.4872750 0.1790453
v 0.5068867 0.4880719 0.1790453
v 0.5083847 0.4890728 0.1790453
v 0.5097393 0.4902607 0.1790453
v 0.5109272 0.4916153 0.1790453
v 0.5119281 0.4931133 0.1790453
v 0.5127250 0.4947291 0.1790453
v 0.5133041 0.4964352 0.1790453
v 0.5136556 0.4982022 0.1790453
v 0.5273112 0.5035956 0.1804562
v 0.5275469 0.5000000 0.1804562
v 0.5266082 0.5071297 0.1804562
v 0.5254500 0.5105417 0.1804562
v 0.5238563 0.5137734 0.1804562
v 0.5218544 0.5167695 0.1804562
v 0.5194786 0.5194786 0.1804562
v 0.5167695 0.5218544 0.1804562
v 0.5137734 0.5238563 0.1804562
v 0.5105417 0.5254500 0.1804562
v 0.5071297 0.5266082 0.1804562
v 0.5035956 0.5273112 0.1804562
v 0.5000000 0.5275469 0.1804562
v 0.4964044 0.5273112 0.1804562
v 0.4928703 0.5266082 0.1804562
v 0.4894583 0.5254500 0.1804562
v 0.4862266 0.5238563 0.1804562
v 0.4832305 0.5218544 0.1804562
v 0.4805214 0.5194786 0.1804562
v 0.4781456 0.5167695 0.1804562
v 0.4761437 0.5137734 0.1804562
v 0.4745500 0.5105417 0.1804562
v 0.4733918 0.5071297 0.1804562
v 0.4726888 0.5035956 0.1804562
v 0.4724531 0.5000000 0.1804562
v 0.4726888 0.4964044 0.1804562
v 0.4733918 0.4928703 0.1804562
v 0.4745500 0.4894583 0.1804562
v 0.4761437 0.4862266 0.1804562
v 0.4781456 0.4832305 0.1804562
v 0.4805214 0.4805214 0.1804562
v 0.4832305 0.4781456 0.1804562
v 0.4862266 0.4761437 0.1804562
v 0.4894583 0.4745500 0.1804562
v 0.4928703 0.4733918 0.1804562
v 0.4964044 0.4726888 0.1804562
v 0.5000000 0.4724531 0.1804562
v 0.5035956 0.4726888 0.1804562
v 0.5071297 0.4733918 0.1804562
v 0.5105417 0.4745500 0.1804562
v 0.5137734 0.4761437 0.1804562
v 0.5167695 0.4781456 0.1804562
v 0.5194786 0.4805214 0.1804562
v 0.5218544 0.4832305 0.1804562
v 0.5238563 0.4862266 0.1804562
v 0.5254500 0.4894583 0.1804562
v 0.5266082 0.4928703 0.1804562
v 0.5273112 0.4964044 0.1804562
v 0.5409668 0.5053934 0.1828078
v 0.5413203 0.5000000 0.1828078
v 0.5399124 0.5106945 0.1828078
v 0.5381750 0.5158126 0.1828078
v 0.5357844 0.5206602 0.1828078
v 0.5327816 0.5251542 0.1828078
v 0.5292179 0.5292179 0.1828078
v 0.5251542 0.5327816 0.1828078
v 0.5206602 0.5357844 0.1828078
v 0.5158126 0.5381750 0.1828078
v 0.5106945 0.5399124 0.1828078
v 0.5053934 0.5409668 0.1828078
v 0.5000000 0.5413203 0.1828078
v 0.4946066 0.5409668 0.1828078
v 0.4893055 0.5399124 0.1828078
v 0.4841874 0.5381750 0.1828078
v 0.4793398 0.5357844 0.1828078
v 0.4748458 0.5327816 0.1828078
v 0.4707821 0.5292179 0.1828078
v 0.4672184 0.5251542 0.1828078
v 0.4642156 0.5206602 0.1828078
v 0.4618250 0.5158126 0.1828078
v 0.4600876 0.5106945 0.1828078
v 0.4590332 0.5053934 0.1828078
v 0.4586797 0.5000000 0.1828078
v 0.4590332 0.4946066 0.1828078
v 0.4600876 0.4893055 0.1828078
v 0.4618250 0.4841874 0.1828078
v 0.4642156 0.4793398 0.1828078
v 0.4672184 0.4748458 0.1828078
v 0.4707821 0.4707821 0.1828078
v 0.4748458 0.4672184 0.1828078
v 0.4793398 0.4642156 0.1828078
v 0.4841874 0.4618250 0.1828078
v 0.4893055 0.4600876 0.1828078
v 0.4946066 0.4590332 0.1828078
v 0.5000000 0.4586797 0.1828078
v 0.5053934 0.4590332 0.1828078
v 0.5106945 0.4600876 0.1828078
v 0.5158126 0.4618250 0.1828078
v 0.5206602 0.4642156 0.1828078
v 0.5251542 0.4672184 0.1828078
v 0.5292179 0.4707821 0.1828078
v 0.5327816 0.4748458 0.1828078
v 0.5357844 0.4793398 0.1828078
v 0.5381750 0.4841874 0.1828078
v 0.5399124 0.4893055 0.1828078
v 0.5409668 0.4946066 0.1828078
v 0.5546224 0.5071912 0.1861000
v 0.5550937 0.5000000 0.1861000
v 0.5532165 0.5142593 0.1861000
v 0.5509000 0.5210835 0.1861000
v 0.5477126 0.5275469 0.1861000
v 0.5437088 0.5335389 0.1861000
v 0.5389572 0.5389572 0.1861000
v 0.5335389 0.5437088 0.1861000
v 0.5275469 0.5477126 0.1861000
v 0.5210835 0.5509000 0.1861000
v 0.5142593 0.5532165 0.1861000
v 0.5071912 0.5546224 0.1861000
v 0.5000000 0.5550937 0.1861000
v 0.4928088 0.5546224 0.1861000
v 0.4857407 0.5532165 0.1861000
v 0.4789165 0.5509000 0.1861000
v 0.4724531 0.5477126 0.1861000
v 0.4664611 0.5437088 0.1861000
v 0.4610428 0.5389572 0.1861000
v 0.4562912 0.5335389 0.1861000
v 0.4522874 0.5275469 0.1861000
v 0.4491000 0.5210835 0.1861000
v 0.4467835 0.5142593 0.1861000
v 0.4453776 0.5071912 0.1861000
v 0.4449063 0.5000000 0.1861000
v 0.4453776 0.4928088 0.1861000
v 0.4467835 0.4857407 0.1861000
v 0.4491000 0.4789165 0.1861000
v 0.4522874 0.4724531 0.1861000
v 0.4562912 0.4664611 0.1861000
v 0.4610428 0.4610428 0.1861000
v 0.4664611 0.4562912 0.1861000
v 0.4724531 0.4522874 0.1861000
v 0.4789165 0.4491000 0.1861000
v 0.4857407 0.4467835 0.1861000
v 0.4928088 0.4453776 0.1861000
v 0.5000000 0.4449063 0.1861000
v 0.5071912 0.4453776 0.1861000
v 0.5142593 0.4467835 0.1861000
v 0.5210835 0.4491000 0.1861000
v 0.5275469 0.4522874 0.1861000
v 0.5335389 0.4562912 0.1861000
v 0.5389572 0.4610428 0.1861000
v 0.5437088 0.4664611 0.1861000
v 0.5477126 0.4724531 0.1861000
v 0.5509000 0.4789165 0.1861000
v 0.5532165 0.4857407 0.1861000
v 0.5546224 0.4928088 0.1861000
v 0.5682780 0.5089890 0.1903328
v 0.5688672 0.5000000 0.1903328
v 0.5665206 0.5178241 0.1903328
v 0.5636250 0.5263543 0.1903328
v 0.5596407 0.5344336 0.1903328
v 0.5546360 0.5419237 0.1903328
v 0.5486965 0.5486965 0.1903328
v 0.5419237 0.5546360 0.1903328
v 0.5344336 0.5596407 0.1903328
v 0.5263543 0.5636250 0.1903328
v 0.5178241 0.5665206 0.1903328
v 0.5089890 0.5682780 0.1903328
v 0.5000000 0.5688672 0.1903328
v 0.4910110 0.5682780 0.1903328
v 0.4821759 0.5665206 0.1903328
v 0.4736457 0.5636250 0.1903328
v 0.4655664 0.5596407 0.1903328
v 0.4580763 0.5546360 0.1903328
v 0.4513035 0.5486965 0.1903328
v 0.4453640 0.5419237 0.1903328
v 0.4403593 0.5344336 0.1903328
v 0.4363750 0.5263543 0.1903328
v 0.4334794 0.5178241 0.1903328
v 0.4317220 0.5089890 0.1903328
v 0.4311328 0.5000000 0.1903328
v 0.4317220 0.4910110 0.1903328
v 0.4334794 0.4821759 0.1903328
v 0.4363750 0.4736457 0.1903328
v 0.4403593 0.4655664 0.1903328
v 0.4453640 0.4580763 0.1903328
v 0.4513035 0.4513035 0.1903328
v 0.4580763 0.4453640 0.1903328
v 0.4655664 0.4403593 0.1903328
v 0.4736457 0.4363750 0.1903328
v 0.4821759 0.4334794 0.1903328
v 0.4910110 0.4317220 0.1903328
v 0.5000000 0.4311328 0.1903328
v 0.5089890 0.4317220 0.1903328
v 0.5178241 0.4334794 0.1903328
v 0.5263543 0.4363750 0.1903328
v 0.5344336 0.4403593 0.1903328
v 0.5419237 0.4453640 0.1903328
v 0.5486965 0.4513035 0.1903328
v 0.5546360 0.4580763 0.1903328
v 0.5596407 0.4655664 0.1903328
v 0.5636250 0.4736457 0.1903328
v 0.5665206 0.4821759 0.1903328
v 0.5682780 0.4910110 0.1903328
v 0.5819336 0.5107868 0.1955062
v 0.5826406 0.5000000 0.1955062
v 0.5798247 0.5213890 0.1955062
v 0.5763500 0.5316252 0.1955062
v 0.5715689 0.5413203 0.1955062
v 0.5655632 0.5503084 0.1955062
v 0.5584357 0.5584357 0.1955062
v 0.5503084 0.5655632 0.1955062
v 0.5413203 0.5715689 0.1955062
v 0.5316252 0.5763500 0.1955062
v 0.5213890 0.5798247 0.1955062
v 0.5107868 0.5819336 0.1955062
v 0.5000000 0.5826406 0.1955062
v 0.4892132 0.5819336 0.1955062
v 0.4786110 0.5798247 0.1955062
v 0.4683748 0.5763500 0.1955062
v 0.4586797 0.5715689 0.1955062
v 0.4496916 0.5655632 0.1955062
v 0.4415643 0.5584357 0.1955062
v 0.4344368 0.5503084 0.1955062
v 0.4284311 0.5413203 0.1955062
v 0.4236500 0.5316252 0.1955062
v 0.4201753 0.5213890 0.1955062
v 0.4180664 0.5107868 0.1955062
v 0.4173594 0.5000000 0.1955062
v 0.4180664 0.4892132 0.1955062
v 0.4201753 0.4786110 0.1955062
v 0.4236500 0.4683748 0.1955062
v 0.4284311 0.4586797 0.1955062
v 0.4344368 0.4496916 0.1955062
v 0.4415643 0.4415643 0.1955062
v 0.4496916 0.4344368 0.1955062
v 0.4586797 0.4284311 0.1955062
v 0.4683748 0.4236500 0.1955062
v 0.4786110 0.4201753 0.1955062
v 0.4892132 0.4180664 0.1955062
v 0.5000000 0.4173594 0.1955062
v 0.5107868 0.4180664 0.1955062
v 0.5213890 0.4201753 0.1955062
v 0.5316252 0.4236500 0.1955062
v 0.5413203 0.4284311 0.1955062
v 0.5503084 0.4344368 0.1955062
v 0.5584357 0.4415643 0.1955062
v 0.5655632 0.4496916 0.1955062
v 0.5715689 0.4586797 0.1955062
v 0.5763500 0.4683748 0.1955062
v 0.5798247 0.4786110 0.1955062
v 0.5819336 0.4892132 0.1955062
v 0.5955892 0.5125846 0.2016203
v 0.5964141 0.5000000 0.2016203
v 0.5931288 0.5249538 0.2016203
v 0.5890750 0.5368961 0.2016203
v 0.5834970 0.5482070 0.2016203
v 0.5764904 0.5586932 0.2016203
v 0.5681750 0.5681750 0.2016203
v 0.5586932 0.5764904 0.2016203
v 0.5482070 0.5834970 0.2016203
v 0.5368961 0.5890750 0.2016203
v 0.5249538 0.5931288 0.2016203
v 0.5125846 0.5955892 0.2016203
v 0.5000000 0.5964141 0.2016203
v 0.4874154 0.5955892 0.2016203
v 0.4750462 0.5931288 0.2016203
v 0.4631039 0.5890750 0.2016203
v 0.4517930 0.5834970 0.2016203
v 0.4413068 0.5764904 0.2016203
v 0.4318250 0.5681750 0.2016203
v 0.4235096 0.5586932 0.2016203
v 0.4165030 0.5482070 0.2016203
v 0.4109250 0.5368961 0.2016203
v 0.4068712 0.5249538 0.2016203
v 0.4044108 0.5125846 0.2016203
v 0.4035859 0.5000000 0.2016203
v 0.4044108 0.4874154 0.2016203
v 0.4068712 0.4750462 0.2016203
v 0.4109250 0.4631039 0.2016203
v 0.4165030 0.4517930 0.2016203
v 0.4235096 0.4413068 0.2016203
v 0.4318250 0.4318250 0.2016203
v 0.4413068 0.4235096 0.2016203
v 0.4517930 0.4165030 0.2016203
v 0.4631039 0.4109250 0.2016203
v 0.4750462 0.4068712 0.2016203
v 0.4874154 0.4044108 0.2016203
v 0.5000000 0.4035859 0.2016203
v 0.5125846 0.4044108 0.2016203
v 0.5249538 0.4068712 0.2016203
v 0.5368961 0.4109250 0.2016203
v 0.5482070 0.4165030 0.2016203
v 0.5586932 0.4235096 0.2016203
v 0.5681750 0.4318250 0.2016203
v 0.5764904 0.4413068 0.2016203
v 0.5834970 0.4517930 0.2016203
v 0.5890750 0.4631039 0.2016203
v 0.5931288 0.4750462 0.2016203
v 0.5955892 0.4874154 0.2016203
v 0.6092448 0.5143824 0.2086750
v 0.6101875 0.5000000 0.2086750
v 0.6064330 0.5285186 0.2086750
v 0.6018000 0.5421669 0.2086750
v 0.5954252 0.5550937 0.2086750
v 0.5874176 0.5670779 0.2086750
v 0.5779143 0.5779143 0.2086750
v 0.5670779 0.5874176 0.2086750
v 0.5550938 0.5954252 0.2086750
v 0.5421669 0.6018000 0.2086750
v 0.5285186 0.6064330 0.2086750
v 0.5143824 0.6092448 0.2086750
v 0.5000000 0.6101875 0.2086750
v 0.4856176 0.6092448 0.2086750
v 0.4714814 0.6064330 0.2086750
v 0.4578331 0.6018000 0.2086750
v 0.4449063 0.5954252 0.2086750
v 0.4329221 0.5874176 0.2086750
v 0.4220857 0.5779143 0.2086750
v 0.4125824 0.5670779 0.2086750
v 0.4045748 0.5550937 0.2086750
v 0.3982000 0.5421669 0.2086750
v 0.3935670 0.5285186 0.2086750
v 0.3907552 0.5143824 0.2086750
v 0.3898125 0.5000000 0.2086750
v 0.3907552 0.4856176 0.2086750
v 0.3935670 0.4714814 0.2086750
v 0.3982000 0.4578331 0.2086750
v 0.4045748 0.4449063 0.2086750
v 0.4125824 0.4329221 0.2086750
v 0.4220857 0.4220857 0.2086750
v 0.4329221 0.4125824 0.2086750
v 0.4449062 0.4045748 0.2086750
v 0.4578331 0.3982000 0.2086750
v 0.4714814 0.3935670 0.2086750
v 0.4856176 0.3907552 0.2086750
v 0.5000000 0.3898125 0.2086750
v 0.5143824 0.3907552 0.2086750
v 0.5285186 0.3935670 0.2086750
v 0.5421669 0.3982000 0.2086750
v 0.5550938 0.4045748 0.2086750
v 0.5670779 0.4125824 0.2086750
v 0.5779143 0.4220857 0.2086750
v 0.5874176 0.4329221 0.2086750
v 0.5954252 0.4449062 0.2086750
v 0.6018000 0.4578331 0.2086750
v 0.6064330 0.4714814 0.2086750
v 0.6092448 0.4856176 0.2086750
v 0.6601750 0.4946250 0.1748125
v 0.6574875 0.4919375 0.1748125
v 0.6413625 0.4919375 0.1748125
v 0.6413625 0.4919375 0.1882500
v 0.6574875 0.4919375 0.1882500
v 0.6601750 0.4946250 0.1882500
v 0.6601750 0.5053750 0.1748125
v 0.6601750 0.5053750 0.1882500
v 0.6574875 0.5080625 0.1748125
v 0.6574875 0.5080625 0.1882500
v 0.6413625 0.5080625 0.1748125
v 0.6413625 0.5080625 0.1882500
v 0.6386750 0.5053750 0.1748125
v 0.6386750 0.5053750 0.1882500
v 0.6386750 0.4946250 0.1748125
v 0.6386750 0.4946250 0.1882500
v 0.6170615 0.6094601 0.1748125
v 0.6170615 0.6056594 0.1748125
v 0.6056594 0.5942573 0.1748125
v 0.6056594 0.5942573 0.1882500
v 0.6170615 0.6056594 0.1882500
v 0.6170615 0.6094601 0.1882500
v 0.6094601 0.6170615 0.1748125
v 0.6094601 0.6170615 0.1882500
v 0.6056594 0.6170615 0.1748125
v 0.6056594 0.6170615 0.1882500
v 0.5942573 0.6056594 0.1748125
v 0.5942573 0.6056594 0.1882500
v 0.5942573 0.6018587 0.1748125
v 0.5942573 0.6018587 0.1882500
v 0.6018587 0.5942573 0.1748125
v 0.6018587 0.5942573 0.1882500
v 0.5053750 0.6601750 0.1748125
v 0.5080625 0.6574875 0.1748125
v 0.5080625 0.6413625 0.1748125
v 0.5080625 0.6413625 0.1882500
v 0.5080625 0.6574875 0.1882500
v 0.5053750 0.6601750 0.1882500
v 0.4946250 0.6601750 0.1748125
v 0.4946250 0.6601750 0.1882500
v 0.4919375 0.6574875 0.1748125
v 0.4919375 0.6574875 0.1882500
v 0.4919375 0.6413625 0.1748125
v 0.4919375 0.6413625 0.1882500
v 0.4946250 0.6386750 0.1748125
v 0.4946250 0.6386750 0.1882500
v 0.5053750 0.6386750 0.1748125
v 0.5053750 0.6386750 0.1882500
v 0.3905399 0.6170615 0.1748125
v 0.3943406 0.6170615 0.1748125
v 0.4057427 0.6056594 0.1748125
v 0.4057427 0.6056594 0.1882500
v 0.3943406 0.6170615 0.1882500
v 0.3905399 0.6170615 0.1882500
v 0.3829385 0.6094601 0.1748125
v 0.3829385 0.6094601 0.1882500
v 0.3829385 0.6056594 0.1748125
v 0.3829385 0.6056594 0.1882500
v 0.3943406 0.5942573 0.1748125
v 0.3943406 0.5942573 0.1882500
v 0.3981413 0.5942573 0.1748125
v 0.3981413 0.5942573 0.1882500
v 0.4057427 0.6018587 0.1748125
v 0.4057427 0.6018587 0.1882500
v 0.3398250 0.5053750 0.1748125
v 0.3425125 0.5080625 0.1748125
v 0.3586375 0.5080625 0.1748125
v 0.3586375 0.5080625 0.1882500
v 0.3425125 0.5080625 0.1882500
v 0.3398250 0.5053750 0.1882500
v 0.3398250 0.4946250 0.1748125
v 0.3398250 0.4946250 0.1882500
v 0.3425125 0.4919375 0.1748125
v 0.3425125 0.4919375 0.1882500
v 0.3586375 0.4919375 0.1748125
v 0.3586375 0.4919375 0.1882500
v 0.3613250 0.4946250 0.1748125
v 0.3613250 0.4946250 0.1882500
v 0.3613250 0.5053750 0.1748125
v 0.3613250 0.5053750 0.1882500
v 0.3829385 0.3905399 0.1748125
v 0.3829385 0.3943406 0.1748125
v 0.3943406 0.4057427 0.1748125
v 0.3943406 0.4057427 0.1882500
v 0.3829385 0.3943406 0.1882500
v 0.3829385 0.3905399 0.1882500
v 0.3905399 0.3829385 0.1748125
v 0.3905399 0.3829385 0.1882500
v 0.3943406 0.3829385 0.1748125
v 0.3943406 0.3829385 0.1882500
v 0.4057427 0.3943406 0.1748125
v 0.4057427 0.3943406 0.1882500
v 0.4057427 0.3981413 0.1748125
v 0.4057427 0.3981413 0.1882500
v 0.3981413 0.4057427 0.1748125
v 0.3981413 0.4057427 0.1882500
v 0.4946250 0.3398250 0.1748125
v 0.4919375 0.3425125 0.1748125
v 0.4919375 0.3586375 0.1748125
v 0.4919375 0.3586375 0.1882500
v 0.4919375 0.3425125 0.1882500
v 0.4946250 0.3398250 0.1882500
v 0.5053750 0.3398250 0.1748125
v 0.5053750 0.3398250 0.1882500
v 0.5080625 0.3425125 0.1748125
v 0.5080625 0.3425125 0.1882500
v 0.5080625 0.3586375 0.1748125
v 0.5080625 0.3586375 0.1882500
v 0.5053750 0.3613250 0.1748125
v 0.5053750 0.3613250 0.1882500
v 0.4946250 0.3613250 0.1748125
v 0.4946250 0.3613250 0.1882500
v 0.6094601 0.3829385 0.1748125
v 0.6056594 0.3829385 0.1748125
v 0.5942573 0.3943406 0.1748125
v 0.5942573 0.3943406 0.1882500
v 0.6056594 0.3829385 0.1882500
v 0.6094601 0.3829385 0.1882500
v 0.6170615 0.3905399 0.1748125
v 0.6170615 0.3905399 0.1882500
v 0.6170615 0.3943406 0.1748125
v 0.6170615 0.3943406 0.1882500
v 0.6056594 0.4057427 0.1748125
v 0.6056594 0.4057427 0.1882500
v 0.6018587 0.4057427 0.1748125
v 0.6018587 0.4057427 0.1882500
v 0.5942573 0.3981413 0.1748125
v 0.5942573 0.3981413 0.1882500
v 0.2452250 0.4580750 0.2860750
v 0.2312500 0.4441000 0.2860750
v 0.1925500 0.4441000 0.2860750
v 0.1925500 0.4441000 0.3667000
v 0.2312500 0.4441000 0.3667000
v 0.2452250 0.4580750 0.3667000
v 0.2452250 0.5419250 0.2860750
v 0.2452250 0.5419250 0.3667000
v 0.2312500 0.5559000 0.2860750
v 0.2312500 0.5559000 0.3667000
v 0.1925500 0.5559000 0.2860750
v 0.1925500 0.5559000 0.3667000
v 0.1785750 0.5419250 0.2860750
v 0.1785750 0.5419250 0.3667000
v 0.1785750 0.4580750 0.2860750
v 0.1785750 0.4580750 0.3667000
v 0.2382375 0.4634500 0.2833875
v 0.2285625 0.4537750 0.2833875
v 0.1952375 0.4537750 0.2833875
v 0.1952375 0.4537750 0.2860750
v 0.2285625 0.4537750 0.2860750
v 0.2382375 0.4634500 0.2860750
v 0.2382375 0.5365500 0.2833875
v 0.2382375 0.5365500 0.2860750
v 0.2285625 0.5462250 0.2833875
v 0.2285625 0.5462250 0.2860750
v 0.1952375 0.5462250 0.2833875
v 0.1952375 0.5462250 0.2860750
v 0.1855625 0.5365500 0.2833875
v 0.1855625 0.5365500 0.2860750
v 0.1855625 0.4634500 0.2833875
v 0.1855625 0.4634500 0.2860750
v 0.2231875 0.4752750 0.2764000
v 0.2223283 0.4795945 0.2764000
v 0.2264996 0.4813224 0.2764000
v 0.2277025 0.4752750 0.2764000
v 0.2198815 0.4832565 0.2764000
v 0.2230741 0.4864491 0.2764000
v 0.2162195 0.4857033 0.2764000
v 0.2179474 0.4898746 0.2764000
v 0.2119000 0.4865625 0.2764000
v 0.2119000 0.4910775 0.2764000
v 0.2075805 0.4857033 0.2764000
v 0.2058526 0.4898746 0.2764000
v 0.2039185 0.4832565 0.2764000
v 0.2007259 0.4864491 0.2764000
v 0.2014717 0.4795945 0.2764000
v 0.1973004 0.4813224 0.2764000
v 0.2006125 0.4752750 0.2764000
v 0.1960975 0.4752750 0.2764000
v 0.2014717 0.4709555 0.2764000
v 0.1973004 0.4692276 0.2764000
v 0.2039185 0.4672935 0.2764000
v 0.2007259 0.4641009 0.2764000
v 0.2075805 0.4648467 0.2764000
v 0.2058526 0.4606754 0.2764000
v 0.2119000 0.4639875 0.2764000
v 0.2119000 0.4594725 0.2764000
v 0.2162195 0.4648467 0.2764000
v 0.2179474 0.4606754 0.2764000
v 0.2198815 0.4672935 0.2764000
v 0.2230741 0.4641009 0.2764000
v 0.2223283 0.4709555 0.2764000
v 0.2264996 0.4692276 0.2764000
v 0.2294791 0.4825565 0.2823125
v 0.2309275 0.4752750 0.2823125
v 0.2253545 0.4887295 0.2823125
v 0.2191815 0.4928541 0.2823125
v 0.2119000 0.4943025 0.2823125
v 0.2046185 0.4928541 0.2823125
v 0.1984455 0.4887295 0.2823125
v 0.1943209 0.4825565 0.2823125
v 0.1928725 0.4752750 0.2823125
v 0.1943209 0.4679935 0.2823125
v 0.1984455 0.4618205 0.2823125
v 0.2046185 0.4576959 0.2823125
v 0.2119000 0.4562475 0.2823125
v 0.2191815 0.4576959 0.2823125
v 0.2253545 0.4618205 0.2823125
v 0.2294791 0.4679935 0.2823125
v 0.2210375 0.4752750 0.2762925
v 0.2203419 0.4787718 0.2762925
v 0.2223283 0.4795945 0.2762925
v 0.2231875 0.4752750 0.2762925
v 0.2183612 0.4817362 0.2762925
v 0.2198815 0.4832565 0.2762925
v 0.2153968 0.4837169 0.2762925
v 0.2162195 0.4857033 0.2762925
v 0.2119000 0.4844125 0.2762925
v 0.2119000 0.4865625 0.2762925
v 0.2084032 0.4837169 0.2762925
v 0.2075805 0.4857033 0.2762925
v 0.2054388 0.4817362 0.2762925
v 0.2039185 0.4832565 0.2762925
v 0.2034581 0.4787718 0.2762925
v 0.2014717 0.4795945 0.2762925
v 0.2027625 0.4752750 0.2762925
v 0.2006125 0.4752750 0.2762925
v 0.2034581 0.4717782 0.2762925
v 0.2014717 0.4709555 0.2762925
v 0.2054388 0.4688138 0.2762925
v 0.2039185 0.4672935 0.2762925
v 0.2084032 0.4668331 0.2762925
v 0.2075805 0.4648467 0.2762925
v 0.2119000 0.4661375 0.2762925
v 0.2119000 0.4639875 0.2762925
v 0.2153968 0.4668331 0.2762925
v 0.2162195 0.4648467 0.2762925
v 0.2183612 0.4688138 0.2762925
v 0.2198815 0.4672935 0.2762925
v 0.2203419 0.4717782 0.2762925
v 0.2223283 0.4709555 0.2762925
v 0.2119000 0.4752750 0.2796250
v 0.2203419 0.4787718 0.2796250
v 0.2210375 0.4752750 0.2796250
v 0.2183612 0.4817362 0.2796250
v 0.2153968 0.4837169 0.2796250
v 0.2119000 0.4844125 0.2796250
v 0.2084032 0.4837169 0.2796250
v 0.2054388 0.4817362 0.2796250
v 0.2034581 0.4787718 0.2796250
v 0.2027625 0.4752750 0.2796250
v 0.2034581 0.4717782 0.2796250
v 0.2054388 0.4688138 0.2796250
v 0.2084032 0.4668331 0.2796250
v 0.2119000 0.4661375 0.2796250
v 0.2153968 0.4668331 0.2796250
v 0.2183612 0.4688138 0.2796250
v 0.2203419 0.4717782 0.2796250
v 0.2231875 0.5247250 0.2764000
v 0.2223283 0.5290445 0.2764000
v 0.2264996 0.5307724 0.2764000
v 0.2277025 0.5247250 0.2764000
v 0.2198815 0.5327065 0.2764000
v 0.2230741 0.5358991 0.2764000
v 0.2162195 0.5351533 0.2764000
v 0.2179474 0.5393246 0.2764000
v 0.2119000 0.5360125 0.2764000
v 0.2119000 0.5405275 0.2764000
v 0.2075805 0.5351533 0.2764000
v 0.2058526 0.5393246 0.2764000
v 0.2039185 0.5327065 0.2764000
v 0.2007259 0.5358991 0.2764000
v 0.2014717 0.5290445 0.2764000
v 0.1973004 0.5307724 0.2764000
v 0.2006125 0.5247250 0.2764000
v 0.1960975 0.5247250 0.2764000
v 0.2014717 0.5204055 0.2764000
v 0.1973004 0.5186776 0.2764000
v 0.2039185 0.5167435 0.2764000
v 0.2007259 0.5135509 0.2764000
v 0.2075805 0.5142967 0.2764000
v 0.2058526 0.5101254 0.2764000
v 0.2119000 0.5134375 0.2764000
v 0.2119000 0.5089225 0.2764000
v 0.2162195 0.5142967 0.2764000
v 0.2179474 0.5101254 0.2764000
v 0.2198815 0.5167435 0.2764000
v 0.2230741 0.5135509 0.2764000
v 0.2223283 0.5204055 0.2764000
v 0.2264996 0.5186776 0.2764000
v 0.2294791 0.5320065 0.2823125
v 0.2309275 0.5247250 0.2823125
v 0.2253545 0.5381795 0.2823125
v 0.2191815 0.5423041 0.2823125
v 0.2119000 0.5437525 0.2823125
v 0.2046185 0.5423041 0.2823125
v 0.1984455 0.5381795 0.2823125
v 0.1943209 0.5320065 0.2823125
v 0.1928725 0.5247250 0.2823125
v 0.1943209 0.5174435 0.2823125
v 0.1984455 0.5112705 0.2823125
v 0.2046185 0.5071459 0.2823125
v 0.2119000 0.5056975 0.2823125
v 0.2191815 0.5071459 0.2823125
v 0.2253545 0.5112705 0.2823125
v 0.2294791 0.5174435 0.2823125
v 0.2210375 0.5247250 0.2762925
v 0.2203419 0.5282218 0.2762925
v 0.2223283 0.5290445 0.2762925
v 0.2231875 0.5247250 0.2762925
v 0.2183612 0.5311862 0.2762925
v 0.2198815 0.5327065 0.2762925
v 0.2153968 0.5331669 0.2762925
v 0.2162195 0.5351533 0.2762925
v 0.2119000 0.5338625 0.2762925
v 0.2119000 0.5360125 0.2762925
v 0.2084032 0.5331669 0.2762925
v 0.2075805 0.5351533 0.2762925
v 0.2054388 0.5311862 0.2762925
v 0.2039185 0.5327065 0.2762925
v 0.2034581 0.5282218 0.2762925
v 0.2014717 0.5290445 0.2762925
v 0.2027625 0.5247250 0.2762925
v 0.2006125 0.5247250 0.2762925
v 0.2034581 0.5212282 0.2762925
v 0.2014717 0.5204055 0.2762925
v 0.2054388 0.5182638 0.2762925
v 0.2039185 0.5167435 0.2762925
v 0.2084032 0.5162831 0.2762925
v 0.2075805 0.5142967 0.2762925
v 0.2119000 0.5155875 0.2762925
v 0.2119000 0.5134375 0.2762925
v 0.2153968 0.5162831 0.2762925
v 0.2162195 0.5142967 0.2762925
v 0.2183612 0.5182638 0.2762925
v 0.2198815 0.5167435 0.2762925
v 0.2203419 0.5212282 0.2762925
v 0.2223283 0.5204055 0.2762925
v 0.2119000 0.5247250 0.2796250
v 0.2203419 0.5282218 0.2796250
v 0.2210375 0.5247250 0.2796250
v 0.2183612 0.5311862 0.2796250
v 0.2153968 0.5331669 0.2796250
v 0.2119000 0.5338625 0.2796250
v 0.2084032 0.5331669 0.2796250
v 0.2054388 0.5311862 0.2796250
v 0.2034581 0.5282218 0.2796250
v 0.2027625 0.5247250 0.2796250
v 0.2034581 0.5212282 0.2796250
v 0.2054388 0.5182638 0.2796250
v 0.2084032 0.5162831 0.2796250
v 0.2119000 0.5155875 0.2796250
v 0.2153968 0.5162831 0.2796250
v 0.2183612 0.5182638 0.2796250
v 0.2203419 0.5212282 0.2796250
v 0.8214250 0.4580750 0.2860750
v 0.8074500 0.4441000 0.2860750
v 0.7687500 0.4441000 0.2860750
v 0.7687500 0.4441000 0.3667000
v 0.8074500 0.4441000 0.3667000
v 0.8214250 0.4580750 0.3667000
v 0.8214250 0.5419250 0.2860750
v 0.8214250 0.5419250 0.3667000
v 0.8074500 0.5559000 0.2860750
v 0.8074500 0.5559000 0.3667000
v 0.7687500 0.5559000 0.2860750
v 0.7687500 0.5559000 0.3667000
v 0.7547750 0.5419250 0.2860750
v 0.7547750 0.5419250 0.3667000
v 0.7547750 0.4580750 0.2860750
v 0.7547750 0.4580750 0.3667000
v 0.8144375 0.4634500 0.2833875
v 0.8047625 0.4537750 0.2833875
v 0.7714375 0.4537750 0.2833875
v 0.7714375 0.4537750 0.2860750
v 0.8047625 0.4537750 0.2860750
v 0.8144375 0.4634500 0.2860750
v 0.8144375 0.5365500 0.2833875
v 0.8144375 0.5365500 0.2860750
v 0.8047625 0.5462250 0.2833875
v 0.8047625 0.5462250 0.2860750
v 0.7714375 0.5462250 0.2833875
v 0.7714375 0.5462250 0.2860750
v 0.7617625 0.5365500 0.2833875
v 0.7617625 0.5365500 0.2860750
v 0.7617625 0.4634500 0.2833875
v 0.7617625 0.4634500 0.2860750
v 0.7993875 0.4752750 0.2764000
v 0.7985283 0.4795945 0.2764000
v 0.8026996 0.4813224 0.2764000
v 0.8039025 0.4752750 0.2764000
v 0.7960815 0.4832565 0.2764000
v 0.7992741 0.4864491 0.2764000
v 0.7924195 0.4857033 0.2764000
v 0.7941474 0.4898746 0.2764000
v 0.7881000 0.4865625 0.2764000
v 0.7881000 0.4910775 0.2764000
v 0.7837805 0.4857033 0.2764000
v 0.7820526 0.4898746 0.2764000
v 0.7801185 0.4832565 0.2764000
v 0.7769259 0.4864491 0.2764000
v 0.7776717 0.4795945 0.2764000
v 0.7735004 0.4813224 0.2764000
v 0.7768125 0.4752750 0.2764000
v 0.7722975 0.4752750 0.2764000
v 0.7776717 0.4709555 0.2764000
v 0.7735004 0.4692276 0.2764000
v 0.7801185 0.4672935 0.2764000
v 0.7769259 0.4641009 0.2764000
v 0.7837805 0.4648467 0.2764000
v 0.7820526 0.4606754 0.2764000
v 0.7881000 0.4639875 0.2764000
v 0.7881000 0.4594725 0.2764000
v 0.7924195 0.4648467 0.2764000
v 0.7941474 0.4606754 0.2764000
v 0.7960815 0.4672935 0.2764000
v 0.7992741 0.4641009 0.2764000
v 0.7985283 0.4709555 0.2764000
v 0.8026996 0.4692276 0.2764000
v 0.8056791 0.4825565 0.2823125
v 0.8071275 0.4752750 0.2823125
v 0.8015545 0.4887295 0.2823125
v 0.7953815 0.4928541 0.2823125
v 0.7881000 0.4943025 0.2823125
v 0.7808185 0.4928541 0.2823125
v 0.7746455 0.4887295 0.2823125
v 0.7705209 0.4825565 0.2823125
v 0.7690725 0.4752750 0.2823125
v 0.7705209 0.4679935 0.2823125
v 0.7746455 0.4618205 0.2823125
v 0.7808185 0.4576959 0.2823125
v 0.7881000 0.4562475 0.2823125
v 0.7953815 0.4576959 0.2823125
v 0.8015545 0.4618205 0.2823125
v 0.8056791 0.4679935 0.2823125
v 0.7972375 0.4752750 0.2762925
v 0.7965419 0.4787718 0.2762925
v 0.7985283 0.4795945 0.2762925
v 0.7993875 0.4752750 0.2762925
v 0.7945612 0.4817362 0.2762925
v 0.7960815 0.4832565 0.2762925
v 0.7915968 0.4837169 0.2762925
v 0.7924195 0.4857033 0.2762925
v 0.7881000 0.4844125 0.2762925
v 0.7881000 0.4865625 0.2762925
v 0.7846032 0.4837169 0.2762925
v 0.7837805 0.4857033 0.2762925
v 0.7816388 0.4817362 0.2762925
v 0.7801185 0.4832565 0.2762925
v 0.7796581 0.4787718 0.2762925
v 0.7776717 0.4795945 0.2762925
v 0.7789625 0.4752750 0.2762925
v 0.7768125 0.4752750 0.2762925
v 0.7796581 0.4717782 0.2762925
v 0.7776717 0.4709555 0.2762925
v 0.7816388 0.4688138 0.2762925
v 0.7801185 0.4672935 0.2762925
v 0.7846032 0.4668331 0.2762925
v 0.7837805 0.4648467 0.2762925
v 0.7881000 0.4661375 0.2762925
v 0.7881000 0.4639875 0.2762925
v 0.7915968 0.4668331 0.2762925
v 0.7924195 0.4648467 0.2762925
v 0.7945612 0.4688138 0.2762925
v 0.7960815 0.4672935 0.2762925
v 0.7965419 0.4717782 0.2762925
v 0.7985283 0.4709555 0.2762925
v 0.7881000 0.4752750 0.2796250
v 0.7965419 0.4787718 0.2796250
v 0.7972375 0.4752750 0.2796250
v 0.7945612 0.4817362 0.2796250
v 0.7915968 0.4837169 0.2796250
v 0.7881000 0.4844125 0.2796250
v 0.7846032 0.4837169 0.2796250
v 0.7816388 0.4817362 0.2796250
v 0.7796581 0.4787718 0.2796250
v 0.7789625 0.4752750 0.2796250
v 0.7796581 0.4717782 0.2796250
v 0.7816388 0.4688138 0.2796250
v 0.7846032 0.4668331 0.2796250
v 0.7881000 0.4661375 0.2796250
v 0.7915968 0.4668331 0.2796250
v 0.7945612 0.4688138 0.2796250
v 0.7965419 0.4717782 0.2796250
v 0.7993875 0.5247250 0.2764000
v 0.7985283 0.5290445 0.2764000
v 0.8026996 0.5307724 0.2764000
v 0.8039025 0.5247250 0.2764000
v 0.7960815 0.5327065 0.2764000
v 0.7992741 0.5358991 0.2764000
v 0.7924195 0.5351533 0.2764000
v 0.7941474 0.5393246 0.2764000
v 0.7881000 0.5360125 0.2764000
v 0.7881000 0.5405275 0.2764000
v 0.7837805 0.5351533 0.2764000
v 0.7820526 0.5393246 0.2764000
v 0.7801185 0.5327065 0.2764000
v 0.7769259 0.5358991 0.2764000
v 0.7776717 0.5290445 0.2764000
v 0.7735004 0.5307724 0.2764000
v 0.7768125 0.5247250 0.2764000
v 0.7722975 0.5247250 0.2764000
v 0.7776717 0.5204055 0.2764000
v 0.7735004 0.5186776 0.2764000
v 0.7801185 0.5167435 0.2764000
v 0.7769259 0.5135509 0.2764000
v 0.7837805 0.5142967 0.2764000
v 0.7820526 0.5101254 0.2764000
v 0.7881000 0.5134375 0.2764000
v 0.7881000 0.5089225 0.2764000
v 0.7924195 0.5142967 0.2764000
v 0.7941474 0.5101254 0.2764000
v 0.7960815 0.5167435 0.2764000
v 0.7992741 0.5135509 0.2764000
v 0.7985283 0.5204055 0.2764000
v 0.8026996 0.5186776 0.2764000
v 0.8056791 0.5320065 0.2823125
v 0.8071275 0.5247250 0.2823125
v 0.8015545 0.5381795 0.2823125
v 0.7953815 0.5423041 0.2823125
v 0.7881000 0.5437525 0.2823125
v 0.7808185 0.5423041 0.2823125
v 0.7746455 0.5381795 0.2823125
v 0.7705209 0.5320065 0.2823125
v 0.7690725 0.5247250 0.2823125
v 0.7705209 0.5174435 0.2823125
v 0.7746455 0.5112705 0.2823125
v 0.7808185 0.5071459 0.2823125
v 0.7881000 0.5056975 0.2823125
v 0.7953815 0.5071459 0.2823125
v 0.8015545 0.5112705 0.2823125
v 0.8056791 0.5174435 0.2823125
v 0.7972375 0.5247250 0.2762925
v 0.7965419 0.5282218 0.2762925
v 0.7985283 0.5290445 0.2762925
v 0.7993875 0.5247250 0.2762925
v 0.7945612 0.5311862 0.2762925
v 0.7960815 0.5327065 0.2762925
v 0.7915968 0.5331669 0.2762925
v 0.7924195 0.5351533 0.2762925
v 0.7881000 0.5338625 0.2762925
v 0.7881000 0.5360125 0.2762925
v 0.7846032 0.5331669 0.2762925
v 0.7837805 0.5351533 0.2762925
v 0.7816388 0.5311862 0.2762925
v 0.7801185 0.5327065 0.2762925
v 0.7796581 0.5282218 0.2762925
v 0.7776717 0.5290445 0.2762925
v 0.7789625 0.5247250 0.2762925
v 0.7768125 0.5247250 0.2762925
v 0.7796581 0.5212282 0.2762925
v 0.7776717 0.5204055 0.2762925
v 0.7816388 0.5182638 0.2762925
v 0.7801185 0.5167435 0.2762925
v 0.7846032 0.5162831 0.2762925
v 0.7837805 0.5142967 0.2762925
v 0.7881000 0.5155875 0.2762925
v 0.7881000 0.5134375 0.2762925
v 0.7915968 0.5162831 0.2762925
v 0.7924195 0.5142967 0.2762925
v 0.7945612 0.5182638 0.2762925
v 0.7960815 0.5167435 0.2762925
v 0.7965419 0.5212282 0.2762925
v 0.7985283 0.5204055 0.2762925
v 0.7881000 0.5247250 0.2796250
v 0.7965419 0.5282218 0.2796250
v 0.7972375 0.5247250 0.2796250
v 0.7945612 0.5311862 0.2796250
v 0.7915968 0.5331669 0.2796250
v 0.7881000 0.5338625 0.2796250
v 0.7846032 0.5331669 0.2796250
v 0.7816388 0.5311862 0.2796250
v 0.7796581 0.5282218 0.2796250
v 0.7789625 0.5247250 0.2796250
v 0.7796581 0.5212282 0.2796250
v 0.7816388 0.5182638 0.2796250
v 0.7846032 0.5162831 0.2796250
v 0.7881000 0.5155875 0.2796250
v 0.7915968 0.5162831 0.2796250
v 0.7945612 0.5182638 0.2796250
v 0.7965419 0.5212282 0.2796250
v 0.4124947 0.2388627 0.2859025
v 0.4110195 0.2344602 0.2920128
v 0.3961231 0.2399260 0.2920128
v 0.3978453 0.2442379 0.2859025
v 0.4274251 0.2343259 0.2859025
v 0.4262015 0.2298469 0.2920128
v 0.4425884 0.2306420 0.2859025
v 0.4416205 0.2261008 0.2920128
v 0.5961596 0.2419241 0.2859025
v 0.5977808 0.2375732 0.2920128
v 0.5827609 0.2324565 0.2920128
v 0.5813888 0.2368922 0.2859025
v 0.6106217 0.2477845 0.2859025
v 0.6124867 0.2435323 0.2920128
v 0.6247287 0.2544545 0.2859025
v 0.6268315 0.2503148 0.2920128
v 0.4085732 0.2271597 0.3028023
v 0.4072170 0.2231125 0.3091801
v 0.3916840 0.2288119 0.3091801
v 0.3932672 0.2327758 0.3028023
v 0.4241726 0.2224196 0.3028023
v 0.4230478 0.2183021 0.3091801
v 0.4400154 0.2185706 0.3028023
v 0.4391257 0.2143960 0.3091801
v 0.6004690 0.2303583 0.3028023
v 0.6019594 0.2263586 0.3091801
v 0.5862976 0.2210232 0.3091801
v 0.5850363 0.2251009 0.3028023
v 0.6155793 0.2364813 0.3028023
v 0.6172937 0.2325724 0.3091801
v 0.6303185 0.2434503 0.3028023
v 0.6322516 0.2396447 0.3091801
v 0.4049806 0.2164387 0.3204119
v 0.4037484 0.2127614 0.3270341
v 0.3876347 0.2186738 0.3270341
v 0.3890733 0.2222754 0.3204119
v 0.4211930 0.2115123 0.3204119
v 0.4201710 0.2077711 0.3270341
v 0.4376584 0.2075120 0.3204119
v 0.4368499 0.2037189 0.3270341
v 0.6044169 0.2197629 0.3204119
v 0.6057710 0.2161287 0.3270341
v 0.5895238 0.2105939 0.3270341
v 0.5883777 0.2142989 0.3204119
v 0.6201209 0.2261265 0.3204119
v 0.6216787 0.2225749 0.3270341
v 0.6354393 0.2333693 0.3204119
v 0.6371957 0.2299116 0.3270341
v 0.5875053 0.7611373 0.2859025
v 0.5889805 0.7655398 0.2920128
v 0.6038769 0.7600740 0.2920128
v 0.6021547 0.7557621 0.2859025
v 0.5725749 0.7656741 0.2859025
v 0.5737985 0.7701531 0.2920128
v 0.5574116 0.7693580 0.2859025
v 0.5583795 0.7738992 0.2920128
v 0.4038404 0.7580759 0.2859025
v 0.4022192 0.7624268 0.2920128
v 0.4172391 0.7675435 0.2920128
v 0.4186112 0.7631078 0.2859025
v 0.3893783 0.7522155 0.2859025
v 0.3875133 0.7564677 0.2920128
v 0.3752713 0.7455455 0.2859025
v 0.3731685 0.7496852 0.2920128
v 0.5914268 0.7728403 0.3028023
v 0.5927830 0.7768875 0.3091801
v 0.6083160 0.7711881 0.3091801
v 0.6067328 0.7672242 0.3028023
v 0.5758274 0.7775804 0.3028023
v 0.5769522 0.7816979 0.3091801
v 0.5599846 0.7814294 0.3028023
v 0.5608743 0.7856040 0.3091801
v 0.3995310 0.7696417 0.3028023
v 0.3980406 0.7736414 0.3091801
v 0.4137024 0.7789768 0.3091801
v 0.4149637 0.7748991 0.3028023
v 0.3844207 0.7635187 0.3028023
v 0.3827063 0.7674276 0.3091801
v 0.3696815 0.7565497 0.3028023
v 0.3677484 0.7603553 0.3091801
v 0.5950194 0.7835613 0.3204119
v 0.5962516 0.7872386 0.3270341
v 0.6123653 0.7813262 0.3270341
v 0.6109267 0.7777246 0.3204119
v 0.5788070 0.7884877 0.3204119
v 0.5798290 0.7922289 0.3270341
v 0.5623416 0.7924880 0.3204119
v 0.5631501 0.7962811 0.3270341
v 0.3955831 0.7802371 0.3204119
v 0.3942290 0.7838713 0.3270341
v 0.4104762 0.7894061 0.3270341
v 0.4116223 0.7857011 0.3204119
v 0.3798791 0.7738735 0.3204119
v 0.3783213 0.7774251 0.3270341
v 0.3645607 0.7666307 0.3204119
v 0.3628043 0.7700884 0.3270341
v 0.8329680 0.5588716 0.4133737
v 0.8357491 0.5593633 0.4252590
v 0.8376207 0.5475782 0.4252590
v 0.8348241 0.5471841 0.4133737
v 0.6938154 0.7770724 0.4133737
v 0.6954342 0.7793866 0.4252590
v 0.7050911 0.7723767 0.4252590
v 0.7033923 0.7701206 0.4133737
v 0.4411284 0.8329680 0.4133737
v 0.4406367 0.8357491 0.4252590
v 0.4524218 0.8376207 0.4252590
v 0.4528159 0.8348241 0.4133737
v 0.2229276 0.6938154 0.4133737
v 0.2206134 0.6954342 0.4252590
v 0.2276233 0.7050911 0.4252590
v 0.2298794 0.7033923 0.4133737
v 0.1670320 0.4411284 0.4133737
v 0.1642509 0.4406367 0.4252590
v 0.1623793 0.4524218 0.4252590
v 0.1651759 0.4528159 0.4133737
v 0.3061846 0.2229276 0.4133737
v 0.3045658 0.2206134 0.4252590
v 0.2949089 0.2276233 0.4252590
v 0.2966077 0.2298794 0.4133737
v 0.5588716 0.1670320 0.4133737
v 0.5593633 0.1642509 0.4252590
v 0.5475782 0.1623793 0.4252590
v 0.5471841 0.1651759 0.4133737
v 0.7770724 0.3061846 0.4133737
v 0.7793866 0.3045658 0.4252590
v 0.7723767 0.2949089 0.4252590
v 0.7701206 0.2966077 0.4133737
vt 0.5 0.5
vn 0.5935579 0.1180660 -0.7960838
vn 0.7224077 0.1436958 -0.6763717
vn 0.7365605 0.0000000 -0.6763717
vn 0.6051864 0.0000000 -0.7960838
vn 0.5591193 0.2315948 -0.7960838
vn 0.6804931 0.2818695 -0.6763717
vn 0.5031941 0.3362236 -0.7960838
vn 0.6124276 0.4092111 -0.6763717
vn 0.4279314 0.4279314 -0.7960838
vn 0.5208269 0.5208269 -0.6763717
vn 0.3362236 0.5031941 -0.7960838
vn 0.4092111 0.6124276 -0.6763717
vn 0.2315948 0.5591193 -0.7960838
vn 0.2818695 0.6804931 -0.6763717
vn 0.1180660 0.5935579 -0.7960838
vn 0.1436958 0.7224077 -0.6763717
vn 0.0000000 0.6051864 -0.7960838
vn 0.0000000 0.7365605 -0.6763717
vn -0.1180660 0.5935579 -0.7960838
vn -0.1436958 0.7224077 -0.6763717
vn -0.2315948 0.5591193 -0.7960838
vn -0.2818695 0.6804931 -0.6763717
vn -0.3362236 0.5031941 -0.7960838
vn -0.4092111 0.6124276 -0.6763717
vn -0.4279314 0.4279314 -0.7960838
vn -0.5208269 0.5208269 -0.6763717
vn -0.5031941 0.3362236 -0.7960838
vn -0.6124276 0.4092111 -0.6763717
vn -0.5591193 0.2315948 -0.7960838
vn -0.6804931 0.2818695 -0.6763717
vn -0.5935579 0.1180660 -0.7960838
vn -0.7224077 0.1436958 -0.6763717
vn -0.6051864 0.0000000 -0.7960838
vn -0.7365605 0.0000000 -0.6763717
vn -0.5935579 -0.1180660 -0.7960838
vn -0.7224077 -0.1436958 -0.6763717
vn -0.5591193 -0.2315948 -0.7960838
vn -0.6804931 -0.2818695 -0.6763717
vn -0.5031941 -0.3362236 -0.7960838
vn -0.6124276 -0.4092111 -0.6763717
vn -0.4279314 -0.4279314 -0.7960838
vn -0.5208269 -0.5208269 -0.6763717
vn -0.3362236 -0.5031941 -0.7960838
vn -0.4092111 -0.6124276 -0.6763717
vn -0.2315948 -0.5591193 -0.7960838
vn -0.2818695 -0.6804931 -0.6763717
vn -0.1180660 -0.5935579 -0.7960838
vn -0.1436958 -0.7224077 -0.6763717
vn -0.0000000 -0.6051864 -0.7960838
vn -0.0000000 -0.7365605 -0.6763717
vn 0.1180660 -0.5935579 -0.7960838
vn 0.1436958 -0.7224077 -0.6763717
vn 0.2315948 -0.5591193 -0.7960838
vn 0.2818695 -0.6804931 -0.6763717
vn 0.3362236 -0.5031941 -0.7960838
vn 0.4092111 -0.6124276 -0.6763717
vn 0.4279314 -0.4279314 -0.7960838
vn 0.5208269 -0.5208269 -0.6763717
vn 0.5031941 -0.3362236 -0.7960838
vn 0.6124276 -0.4092111 -0.6763717
vn 0.5591193 -0.2315948 -0.7960838
vn 0.6804931 -0.2818695 -0.6763717
vn 0.5935579 -0.1180660 -0.7960838
vn 0.7224077 -0.1436958 -0.6763717
vn 0.6051864 -0.0000000 -0.7960838
vn 0.7365605 -0.0000000 -0.6763717
vn 0.8284365 0.1647863 -0.5352929
vn 0.8446665 0.0000000 -0.5352929
vn 0.7803701 0.3232399 -0.5352929
vn 0.7023145 0.4692716 -0.5352929
vn 0.5972694 0.5972694 -0.5352929
vn 0.4692716 0.7023145 -0.5352929
vn 0.3232399 0.7803701 -0.5352929
vn 0.1647863 0.8284365 -0.5352929
vn 0.0000000 0.8446665 -0.5352929
vn -0.1647863 0.8284365 -0.5352929
vn -0.3232399 0.7803701 -0.5352929
vn -0.4692716 0.7023145 -0.5352929
vn -0.5972694 0.5972694 -0.5352929
vn -0.7023145 0.4692716 -0.5352929
vn -0.7803701 0.3232399 -0.5352929
vn -0.8284365 0.1647863 -0.5352929
vn -0.8446665 0.0000000 -0.5352929
vn -0.8284365 -0.1647863 -0.5352929
vn -0.7803701 -0.3232399 -0.5352929
vn -0.7023145 -0.4692716 -0.5352929
vn -0.5972694 -0.5972694 -0.5352929
vn -0.4692716 -0.7023145 -0.5352929
vn -0.3232399 -0.7803701 -0.5352929
vn -0.1647863 -0.8284365 -0.5352929
vn -0.0000000 -0.8446665 -0.5352929
vn 0.1647863 -0.8284365 -0.5352929
vn 0.3232399 -0.7803701 -0.5352929
vn 0.4692716 -0.7023145 -0.5352929
vn 0.5972694 -0.5972694 -0.5352929
vn 0.7023145 -0.4692716 -0.5352929
vn 0.7803701 -0.3232399 -0.5352929
vn 0.8284365 -0.1647863 -0.5352929
vn 0.8446665 -0.0000000 -0.5352929
vn 0.9082948 0.1806711 -0.3773042
vn 0.9260894 0.0000000 -0.3773042
vn 0.8555950 0.3543991 -0.3773042
vn 0.7700152 0.5145077 -0.3773042
vn 0.6548441 0.6548441 -0.3773042
vn 0.5145077 0.7700152 -0.3773042
vn 0.3543991 0.8555950 -0.3773042
vn 0.1806711 0.9082948 -0.3773042
vn 0.0000000 0.9260894 -0.3773042
vn -0.1806711 0.9082948 -0.3773042
vn -0.3543991 0.8555950 -0.3773042
vn -0.5145077 0.7700152 -0.3773042
vn -0.6548441 0.6548441 -0.3773042
vn -0.7700152 0.5145077 -0.3773042
vn -0.8555950 0.3543991 -0.3773042
vn -0.9082948 0.1806711 -0.3773042
vn -0.9260894 0.0000000 -0.3773042
vn -0.9082948 -0.1806711 -0.3773042
vn -0.8555950 -0.3543991 -0.3773042
vn -0.7700152 -0.5145077 -0.3773042
vn -0.6548441 -0.6548441 -0.3773042
vn -0.5145077 -0.7700152 -0.3773042
vn -0.3543991 -0.8555950 -0.3773042
vn -0.1806711 -0.9082948 -0.3773042
vn -0.0000000 -0.9260894 -0.3773042
vn 0.1806711 -0.9082948 -0.3773042
vn 0.3543991 -0.8555950 -0.3773042
vn 0.5145077 -0.7700152 -0.3773042
vn 0.6548441 -0.6548441 -0.3773042
vn 0.7700152 -0.5145077 -0.3773042
vn 0.8555950 -0.3543991 -0.3773042
vn 0.9082948 -0.1806711 -0.3773042
vn 0.9260894 -0.0000000 -0.3773042
vn 0.9594601 0.1908485 -0.2073964
vn 0.9782570 0.0000000 -0.2073964
vn 0.9037916 0.3743627 -0.2073964
vn 0.8133910 0.5434905 -0.2073964
vn 0.6917322 0.6917322 -0.2073964
vn 0.5434905 0.8133910 -0.2073964
vn 0.3743627 0.9037916 -0.2073964
vn 0.1908485 0.9594601 -0.2073964
vn 0.0000000 0.9782570 -0.2073964
vn -0.1908485 0.9594601 -0.2073964
vn -0.3743627 0.9037916 -0.2073964
vn -0.5434905 0.8133910 -0.2073964
vn -0.6917322 0.6917322 -0.2073964
vn -0.8133910 0.5434905 -0.2073964
vn -0.9037916 0.3743627 -0.2073964
vn -0.9594601 0.1908485 -0.2073964
vn -0.9782570 0.0000000 -0.2073964
vn -0.9594601 -0.1908485 -0.2073964
vn -0.9037916 -0.3743627 -0.2073964
vn -0.8133910 -0.5434905 -0.2073964
vn -0.6917322 -0.6917322 -0.2073964
vn -0.5434905 -0.8133910 -0.2073964
vn -0.3743627 -0.9037916 -0.2073964
vn -0.1908485 -0.9594601 -0.2073964
vn -0.0000000 -0.9782570 -0.2073964
vn 0.1908485 -0.9594601 -0.2073964
vn 0.3743627 -0.9037916 -0.2073964
vn 0.5434905 -0.8133910 -0.2073964
vn 0.6917322 -0.6917322 -0.2073964
vn 0.8133910 -0.5434905 -0.2073964
vn 0.9037916 -0.3743627 -0.2073964
vn 0.9594601 -0.1908485 -0.2073964
vn 0.9782570 -0.0000000 -0.2073964
vn 0.9803158 0.1949969 -0.0309369
vn 0.9995213 0.0000000 -0.0309369
vn 0.9234373 0.3825003 -0.0309369
vn 0.8310716 0.5553043 -0.0309369
vn 0.7067683 0.7067683 -0.0309369
vn 0.5553043 0.8310716 -0.0309369
vn 0.3825003 0.9234373 -0.0309369
vn 0.1949969 0.9803158 -0.0309369
vn 0.0000000 0.9995213 -0.0309369
vn -0.1949969 0.9803158 -0.0309369
vn -0.3825003 0.9234373 -0.0309369
vn -0.5553043 0.8310716 -0.0309369
vn -0.7067683 0.7067683 -0.0309369
vn -0.8310716 0.5553043 -0.0309369
vn -0.9234373 0.3825003 -0.0309369
vn -0.9803158 0.1949969 -0.0309369
vn -0.9995213 0.0000000 -0.0309369
vn -0.9803158 -0.1949969 -0.0309369
vn -0.9234373 -0.3825003 -0.0309369
vn -0.8310716 -0.5553043 -0.0309369
vn -0.7067683 -0.7067683 -0.0309369
vn -0.5553043 -0.8310716 -0.0309369
vn -0.3825003 -0.9234373 -0.0309369
vn -0.1949969 -0.9803158 -0.0309369
vn -0.0000000 -0.9995213 -0.0309369
vn 0.1949969 -0.9803158 -0.0309369
vn 0.3825003 -0.9234373 -0.0309369
vn 0.5553043 -0.8310716 -0.0309369
vn 0.7067683 -0.7067683 -0.0309369
vn 0.8310716 -0.5553043 -0.0309369
vn 0.9234373 -0.3825003 -0.0309369
vn 0.9803158 -0.1949969 -0.0309369
vn 0.9995213 -0.0000000 -0.0309369
vn 0.9702033 0.1929854 0.1464999
vn 0.9892107 0.0000000 0.1464999
vn 0.9139115 0.3785545 0.1464999
vn 0.8224986 0.5495760 0.1464999
vn 0.6994776 0.6994776 0.1464999
vn 0.5495760 0.8224986 0.1464999
vn 0.3785545 0.9139115 0.1464999
vn 0.1929854 0.9702033 0.1464999
vn 0.0000000 0.9892107 0.1464999
vn -0.1929854 0.9702033 0.1464999
vn -0.3785545 0.9139115 0.1464999
vn -0.5495760 0.8224986 0.1464999
vn -0.6994776 0.6994776 0.1464999
vn -0.8224986 0.5495760 0.1464999
vn -0.9139115 0.3785545 0.1464999
vn -0.9702033 0.1929854 0.1464999
vn -0.9892107 0.0000000 0.1464999
vn -0.9702033 -0.1929854 0.1464999
vn -0.9139115 -0.3785545 0.1464999
vn -0.8224986 -0.5495760 0.1464999
vn -0.6994776 -0.6994776 0.1464999
vn -0.5495760 -0.8224986 0.1464999
vn -0.3785545 -0.9139115 0.1464999
vn -0.1929854 -0.9702033 0.1464999
vn -0.0000000 -0.9892107 0.1464999
vn 0.1929854 -0.9702033 0.1464999
vn 0.3785545 -0.9139115 0.1464999
vn 0.5495760 -0.8224986 0.1464999
vn 0.6994776 -0.6994776 0.1464999
vn 0.8224986 -0.5495760 0.1464999
vn 0.9139115 -0.3785545 0.1464999
vn 0.9702033 -0.1929854 0.1464999
vn 0.9892107 -0.0000000 0.1464999
vn 0.9294419 0.1848775 0.3193088
vn 0.9476507 0.0000000 0.3193088
vn 0.8755151 0.3626502 0.3193088
vn 0.7879428 0.5264865 0.3193088
vn 0.6700903 0.6700903 0.3193088
vn 0.5264865 0.7879428 0.3193088
vn 0.3626502 0.8755151 0.3193088
vn 0.1848775 0.9294419 0.3193088
vn 0.0000000 0.9476507 0.3193088
vn -0.1848775 0.9294419 0.3193088
vn -0.3626502 0.8755151 0.3193088
vn -0.5264865 0.7879428 0.3193088
vn -0.6700903 0.6700903 0.3193088
vn -0.7879428 0.5264865 0.3193088
vn -0.8755151 0.3626502 0.3193088
vn -0.9294419 0.1848775 0.3193088
vn -0.9476507 0.0000000 0.3193088
vn -0.9294419 -0.1848775 0.3193088
vn -0.8755151 -0.3626502 0.3193088
vn -0.7879428 -0.5264865 0.3193088
vn -0.6700903 -0.6700903 0.3193088
vn -0.5264865 -0.7879428 0.3193088
vn -0.3626502 -0.8755151 0.3193088
vn -0.1848775 -0.9294419 0.3193088
vn -0.0000000 -0.9476507 0.3193088
vn 0.1848775 -0.9294419 0.3193088
vn 0.3626502 -0.8755151 0.3193088
vn 0.5264865 -0.7879428 0.3193088
vn 0.6700903 -0.6700903 0.3193088
vn 0.7879428 -0.5264865 0.3193088
vn 0.8755151 -0.3626502 0.3193088
vn 0.9294419 -0.1848775 0.3193088
vn 0.9476507 -0.0000000 0.3193088
vn 0.8593193 0.1709292 0.4820306
vn 0.8761544 0.0000000 0.4820306
vn 0.8094611 0.3352898 0.4820306
vn 0.7284957 0.4867653 0.4820306
vn 0.6195347 0.6195347 0.4820306
vn 0.4867653 0.7284957 0.4820306
vn 0.3352898 0.8094611 0.4820306
vn 0.1709292 0.8593193 0.4820306
vn 0.0000000 0.8761544 0.4820306
vn -0.1709292 0.8593193 0.4820306
vn -0.3352898 0.8094611 0.4820306
vn -0.4867653 0.7284957 0.4820306
vn -0.6195347 0.6195347 0.4820306
vn -0.7284957 0.4867653 0.4820306
vn -0.8094611 0.3352898 0.4820306
vn -0.8593193 0.1709292 0.4820306
vn -0.8761544 0.0000000 0.4820306
vn -0.8593193 -0.1709292 0.4820306
vn -0.8094611 -0.3352898 0.4820306
vn -0.7284957 -0.4867653 0.4820306
vn -0.6195347 -0.6195347 0.4820306
vn -0.4867653 -0.7284957 0.4820306
vn -0.3352898 -0.8094611 0.4820306
vn -0.1709292 -0.8593193 0.4820306
vn -0.0000000 -0.8761544 0.4820306
vn 0.1709292 -0.8593193 0.4820306
vn 0.3352898 -0.8094611 0.4820306
vn 0.4867653 -0.7284957 0.4820306
vn 0.6195347 -0.6195347 0.4820306
vn 0.7284957 -0.4867653 0.4820306
vn 0.8094611 -0.3352898 0.4820306
vn 0.8593193 -0.1709292 0.4820306
vn 0.8761544 -0.0000000 0.4820306
vn 0.7620507 0.1515813 0.6295251
vn 0.7769802 0.0000000 0.6295251
vn 0.7178361 0.2973374 0.6295251
vn 0.6460354 0.4316671 0.6295251
vn 0.5494079 0.5494079 0.6295251
vn 0.4316671 0.6460354 0.6295251
vn 0.2973374 0.7178361 0.6295251
vn 0.1515813 0.7620507 0.6295251
vn 0.0000000 0.7769802 0.6295251
vn -0.1515813 0.7620507 0.6295251
vn -0.2973374 0.7178361 0.6295251
vn -0.4316671 0.6460354 0.6295251
vn -0.5494079 0.5494079 0.6295251
vn -0.6460354 0.4316671 0.6295251
vn -0.7178361 0.2973374 0.6295251
vn -0.7620507 0.1515813 0.6295251
vn -0.7769802 0.0000000 0.6295251
vn -0.7620507 -0.1515813 0.6295251
vn -0.7178361 -0.2973374 0.6295251
vn -0.6460354 -0.4316671 0.6295251
vn -0.5494079 -0.5494079 0.6295251
vn -0.4316671 -0.6460354 0.6295251
vn -0.2973374 -0.7178361 0.6295251
vn -0.1515813 -0.7620507 0.6295251
vn -0.0000000 -0.7769802 0.6295251
vn 0.1515813 -0.7620507 0.6295251
vn 0.2973374 -0.7178361 0.6295251
vn 0.4316671 -0.6460354 0.6295251
vn 0.5494079 -0.5494079 0.6295251
vn 0.6460354 -0.4316671 0.6295251
vn 0.7178361 -0.2973374 0.6295251
vn 0.7620507 -0.1515813 0.6295251
vn 0.7769802 -0.0000000 0.6295251
vn 0.6407088 0.1274449 0.7571327
vn 0.6532611 0.0000000 0.7571327
vn 0.6035345 0.2499922 0.7571327
vn 0.5431667 0.3629324 0.7571327
vn 0.4619253 0.4619253 0.7571327
vn 0.3629324 0.5431667 0.7571327
vn 0.2499922 0.6035345 0.7571327
vn 0.1274449 0.6407088 0.7571327
vn 0.0000000 0.6532611 0.7571327
vn -0.1274449 0.6407088 0.7571327
vn -0.2499922 0.6035345 0.7571327
vn -0.3629324 0.5431667 0.7571327
vn -0.4619253 0.4619253 0.7571327
vn -0.5431667 0.3629324 0.7571327
vn -0.6035345 0.2499922 0.7571327
vn -0.6407088 0.1274449 0.7571327
vn -0.6532611 0.0000000 0.7571327
vn -0.6407088 -0.1274449 0.7571327
vn -0.6035345 -0.2499922 0.7571327
vn -0.5431667 -0.3629324 0.7571327
vn -0.4619253 -0.4619253 0.7571327
vn -0.3629324 -0.5431667 0.7571327
vn -0.2499922 -0.6035345 0.7571327
vn -0.1274449 -0.6407088 0.7571327
vn -0.0000000 -0.6532611 0.7571327
vn 0.1274449 -0.6407088 0.7571327
vn 0.2499922 -0.6035345 0.7571327
vn 0.3629324 -0.5431667 0.7571327
vn 0.4619253 -0.4619253 0.7571327
vn 0.5431667 -0.3629324 0.7571327
vn 0.6035345 -0.2499922 0.7571327
vn 0.6407088 -0.1274449 0.7571327
vn 0.6532611 -0.0000000 0.7571327
vn 0.4991269 0.0992825 0.8608225
vn 0.5089054 0.0000000 0.8608225
vn 0.4701673 0.1947497 0.8608225
vn 0.4231394 0.2827327 0.8608225
vn 0.3598504 0.3598504 0.8608225
vn 0.2827327 0.4231394 0.8608225
vn 0.1947497 0.4701673 0.8608225
vn 0.0992825 0.4991269 0.8608225
vn 0.0000000 0.5089054 0.8608225
vn -0.0992825 0.4991269 0.8608225
vn -0.1947497 0.4701673 0.8608225
vn -0.2827327 0.4231394 0.8608225
vn -0.3598504 0.3598504 0.8608225
vn -0.4231394 0.2827327 0.8608225
vn -0.4701673 0.1947497 0.8608225
vn -0.4991269 0.0992825 0.8608225
vn -0.5089054 0.0000000 0.8608225
vn -0.4991269 -0.0992825 0.8608225
vn -0.4701673 -0.1947497 0.8608225
vn -0.4231394 -0.2827327 0.8608225
vn -0.3598504 -0.3598504 0.8608225
vn -0.2827327 -0.4231394 0.8608225
vn -0.1947497 -0.4701673 0.8608225
vn -0.0992825 -0.4991269 0.8608225
vn -0.0000000 -0.5089054 0.8608225
vn 0.0992825 -0.4991269 0.8608225
vn 0.1947497 -0.4701673 0.8608225
vn 0.2827327 -0.4231394 0.8608225
vn 0.3598504 -0.3598504 0.8608225
vn 0.4231394 -0.2827327 0.8608225
vn 0.4701673 -0.1947497 0.8608225
vn 0.4991269 -0.0992825 0.8608225
vn 0.5089054 -0.0000000 0.8608225
vn 0.3417775 0.0679838 0.9373187
vn 0.3484733 0.0000000 0.9373187
vn 0.3219473 0.1333550 0.9373187
vn 0.2897450 0.1936014 0.9373187
vn 0.2464078 0.2464078 0.9373187
vn 0.1936014 0.2897450 0.9373187
vn 0.1333550 0.3219473 0.9373187
vn 0.0679838 0.3417775 0.9373187
vn 0.0000000 0.3484733 0.9373187
vn -0.0679838 0.3417775 0.9373187
vn -0.1333550 0.3219473 0.9373187
vn -0.1936014 0.2897450 0.9373187
vn -0.2464078 0.2464078 0.9373187
vn -0.2897450 0.1936014 0.9373187
vn -0.3219473 0.1333550 0.9373187
vn -0.3417775 0.0679838 0.9373187
vn -0.3484733 0.0000000 0.9373187
vn -0.3417775 -0.0679838 0.9373187
vn -0.3219473 -0.1333550 0.9373187
vn -0.2897450 -0.1936014 0.9373187
vn -0.2464078 -0.2464078 0.9373187
vn -0.1936014 -0.2897450 0.9373187
vn -0.1333550 -0.3219473 0.9373187
vn -0.0679838 -0.3417775 0.9373187
vn -0.0000000 -0.3484733 0.9373187
vn 0.0679838 -0.3417775 0.9373187
vn 0.1333550 -0.3219473 0.9373187
vn 0.1936014 -0.2897450 0.9373187
vn 0.2464078 -0.2464078 0.9373187
vn 0.2897450 -0.1936014 0.9373187
vn 0.3219473 -0.1333550 0.9373187
vn 0.3417775 -0.0679838 0.9373187
vn 0.3484733 -0.0000000 0.9373187
vn 0.1736313 0.0345374 0.9842049
vn 0.1770329 0.0000000 0.9842049
vn 0.1635571 0.0677476 0.9842049
vn 0.1471975 0.0983542 0.9842049
vn 0.1251812 0.1251812 0.9842049
vn 0.0983542 0.1471975 0.9842049
vn 0.0677476 0.1635571 0.9842049
vn 0.0345374 0.1736313 0.9842049
vn 0.0000000 0.1770329 0.9842049
vn -0.0345374 0.1736313 0.9842049
vn -0.0677476 0.1635571 0.9842049
vn -0.0983542 0.1471975 0.9842049
vn -0.1251812 0.1251812 0.9842049
vn -0.1471975 0.0983542 0.9842049
vn -0.1635571 0.0677476 0.9842049
vn -0.1736313 0.0345374 0.9842049
vn -0.1770329 0.0000000 0.9842049
vn -0.1736313 -0.0345374 0.9842049
vn -0.1635571 -0.0677476 0.9842049
vn -0.1471975 -0.0983542 0.9842049
vn -0.1251812 -0.1251812 0.9842049
vn -0.0983542 -0.1471975 0.9842049
vn -0.0677476 -0.1635571 0.9842049
vn -0.0345374 -0.1736313 0.9842049
vn -0.0000000 -0.1770329 0.9842049
vn 0.0345374 -0.1736313 0.9842049
vn 0.0677476 -0.1635571 0.9842049
vn 0.0983542 -0.1471975 0.9842049
vn 0.1251812 -0.1251812 0.9842049
vn 0.1471975 -0.0983542 0.9842049
vn 0.1635571 -0.0677476 0.9842049
vn 0.1736313 -0.0345374 0.9842049
vn 0.1770329 -0.0000000 0.9842049
vn 0.0000000 0.0000000 1.0000000
vn -0.0000000 0.0000000 1.0000000
vn -0.0000000 -0.0000000 1.0000000
vn 0.0000000 -0.0000000 1.0000000
vn 0.5050688 -0.2524412 -0.8253356
vn 0.5690492 -0.3159663 -0.7591761
vn 0.5036344 -0.4123155 -0.7591761
vn 0.4602056 -0.3271574 -0.8253356
vn 0.5379000 -0.1717112 -0.8253356
vn 0.6162472 -0.2095021 -0.7591761
vn 0.5579168 -0.0868906 -0.8253356
vn 0.6437173 -0.0963312 -0.7591761
vn 0.5646425 0.0000000 -0.8253356
vn 0.6505803 0.0199235 -0.7591761
vn 0.5579168 0.0868906 -0.8253356
vn 0.6366164 0.1355405 -0.7591761
vn 0.5379000 0.1717112 -0.8253356
vn 0.6022727 0.2468184 -0.7591761
vn 0.5050688 0.2524412 -0.8253356
vn 0.5486485 0.3501949 -0.7591761
vn 0.4602056 0.3271574 -0.8253356
vn 0.4774606 0.4423608 -0.7591761
vn 0.6417005 -0.3468432 -0.6840469
vn 0.5673945 -0.4584139 -0.6840469
vn 0.6943351 -0.2235589 -0.6840469
vn 0.7235205 -0.0927246 -0.6840469
vn 0.7282712 0.0412412 -0.6840469
vn 0.7084267 0.1738143 -0.6840469
vn 0.6646572 0.3005172 -0.6840469
vn 0.5984409 0.4170711 -0.6840469
vn 0.5120140 0.5195397 -0.6840469
vn 0.7091988 -0.3688270 -0.6008358
vn 0.6295028 -0.4926688 -0.6008358
vn 0.7648238 -0.2324668 -0.6008358
vn 0.7944899 -0.0882164 -0.6008358
vn 0.7971900 0.0590281 -0.6008358
vn 0.7728327 0.2042692 -0.6008358
vn 0.7222446 0.3425771 -0.6008358
vn 0.6471426 0.4692576 -0.6008358
vn 0.5500760 0.5800110 -0.6008358
vn 0.7652583 -0.3921007 -0.5105259
vn 0.6803376 -0.5258365 -0.5105259
vn 0.8242033 -0.2450555 -0.5105259
vn 0.8551717 -0.0896922 -0.5105259
vn 0.8571123 0.0687156 -0.5105259
vn 0.8299592 0.2247910 -0.5105259
vn 0.7746342 0.3732360 -0.5105259
vn 0.6930151 0.5090121 -0.5105259
vn 0.5878725 0.6275103 -0.5105259
vn 0.8075183 -0.4199591 -0.4141842
vn 0.7167737 -0.5609697 -0.4141842
vn 0.8708548 -0.2646947 -0.4141842
vn 0.9046336 -0.1004462 -0.4141842
vn 0.9077081 0.0672115 -0.4141842
vn 0.8799740 0.2325880 -0.4141842
vn 0.8223726 0.3900701 -0.4141842
vn 0.7368590 0.5343129 -0.4141842
vn 0.6263355 0.6604205 -0.4141842
vn 0.8355308 -0.4516097 -0.3129489
vn 0.7387800 -0.5968811 -0.3129489
vn 0.9040640 -0.2910865 -0.3129489
vn 0.9420651 -0.1207327 -0.3129489
vn 0.9482507 0.0536985 -0.3129489
vn 0.9224121 0.2263161 -0.3129489
vn 0.8654216 0.3912906 -0.3129489
vn 0.7792042 0.5430504 -0.3129489
vn 0.6666715 0.6764704 -0.3129489
vn 0.8551452 -0.4748219 -0.2080162
vn 0.7568424 -0.6196118 -0.2080162
vn 0.9260725 -0.3148317 -0.2080162
vn 0.9673536 -0.1447628 -0.2080162
vn 0.9776670 0.0299403 -0.2080162
vn 0.9566827 0.2036850 -0.2080162
vn 0.9050722 0.3709091 -0.2080162
vn 0.8244879 0.5262594 -0.2080162
vn 0.7175094 0.6647627 -0.2080162
vn 0.8899531 -0.4448123 -0.1006257
vn 0.8109020 -0.5764654 -0.1006257
vn 0.9478029 -0.3025626 -0.1006257
vn 0.9830734 -0.1531050 -0.1006257
vn 0.9949243 0.0000000 -0.1006257
vn 0.9830734 0.1531050 -0.1006257
vn 0.9478029 0.3025626 -0.1006257
vn 0.8899531 0.4448123 -0.1006257
vn 0.8109020 0.5764654 -0.1006257
vn -0.4602056 0.3271574 0.8253356
vn -0.5036344 0.4123155 0.7591761
vn -0.5690492 0.3159663 0.7591761
vn -0.5050688 0.2524412 0.8253356
vn -0.6162472 0.2095021 0.7591761
vn -0.5379000 0.1717112 0.8253356
vn -0.6437173 0.0963312 0.7591761
vn -0.5579168 0.0868906 0.8253356
vn -0.6505803 -0.0199235 0.7591761
vn -0.5646425 -0.0000000 0.8253356
vn -0.6366164 -0.1355405 0.7591761
vn -0.5579168 -0.0868906 0.8253356
vn -0.6022727 -0.2468184 0.7591761
vn -0.5379000 -0.1717112 0.8253356
vn -0.5486485 -0.3501949 0.7591761
vn -0.5050688 -0.2524412 0.8253356
vn -0.4774606 -0.4423608 0.7591761
vn -0.4602056 -0.3271574 0.8253356
vn -0.5673945 0.4584139 0.6840469
vn -0.6417005 0.3468432 0.6840469
vn -0.6943351 0.2235589 0.6840469
vn -0.7235205 0.0927246 0.6840469
vn -0.7282712 -0.0412412 0.6840469
vn -0.7084267 -0.1738143 0.6840469
vn -0.6646572 -0.3005172 0.6840469
vn -0.5984409 -0.4170711 0.6840469
vn -0.5120140 -0.5195397 0.6840469
vn -0.6295028 0.4926688 0.6008358
vn -0.7091988 0.3688270 0.6008358
vn -0.7648238 0.2324668 0.6008358
vn -0.7944899 0.0882164 0.6008358
vn -0.7971900 -0.0590281 0.6008358
vn -0.7728327 -0.2042692 0.6008358
vn -0.7222446 -0.3425771 0.6008358
vn -0.6471426 -0.4692576 0.6008358
vn -0.5500760 -0.5800110 0.6008358
vn -0.6803376 0.5258365 0.5105259
vn -0.7652583 0.3921007 0.5105259
vn -0.8242033 0.2450555 0.5105259
vn -0.8551717 0.0896922 0.5105259
vn -0.8571123 -0.0687156 0.5105259
vn -0.8299592 -0.2247910 0.5105259
vn -0.7746342 -0.3732360 0.5105259
vn -0.6930151 -0.5090121 0.5105259
vn -0.5878725 -0.6275103 0.5105259
vn -0.7167737 0.5609697 0.4141842
vn -0.8075183 0.4199591 0.4141842
vn -0.8708548 0.2646947 0.4141842
vn -0.9046336 0.1004462 0.4141842
vn -0.9077081 -0.0672115 0.4141842
vn -0.8799740 -0.2325880 0.4141842
vn -0.8223726 -0.3900701 0.4141842
vn -0.7368590 -0.5343129 0.4141842
vn -0.6263355 -0.6604205 0.4141842
vn -0.7387800 0.5968811 0.3129489
vn -0.8355308 0.4516097 0.3129489
vn -0.9040640 0.2910865 0.3129489
vn -0.9420651 0.1207327 0.3129489
vn -0.9482507 -0.0536985 0.3129489
vn -0.9224121 -0.2263161 0.3129489
vn -0.8654216 -0.3912906 0.3129489
vn -0.7792042 -0.5430504 0.3129489
vn -0.6666715 -0.6764704 0.3129489
vn -0.7568424 0.6196118 0.2080162
vn -0.8551452 0.4748219 0.2080162
vn -0.9260725 0.3148317 0.2080162
vn -0.9673536 0.1447628 0.2080162
vn -0.9776670 -0.0299403 0.2080162
vn -0.9566827 -0.2036850 0.2080162
vn -0.9050722 -0.3709091 0.2080162
vn -0.8244879 -0.5262594 0.2080162
vn -0.7175094 -0.6647627 0.2080162
vn -0.8109020 0.5764654 0.1006257
vn -0.8899531 0.4448123 0.1006257
vn -0.9478029 0.3025626 0.1006257
vn -0.9830734 0.1531050 0.1006257
vn -0.9949243 -0.0000000 0.1006257
vn -0.9830734 -0.1531050 0.1006257
vn -0.9478029 -0.3025626 0.1006257
vn -0.8899531 -0.4448123 0.1006257
vn -0.8109020 -0.5764654 0.1006257
vn -0.7082518 0.4252695 -0.5634938
vn -0.7652586 0.3112138 -0.5634938
vn -0.8040348 0.1897442 -0.5634938
vn -0.8236566 0.0637543 -0.5634938
vn -0.8236566 -0.0637543 -0.5634938
vn -0.8040348 -0.1897442 -0.5634938
vn -0.7652586 -0.3112138 -0.5634938
vn -0.7082518 -0.4252695 -0.5634938
vn -0.8732782 0.3343317 -0.3544115
vn -0.8131029 0.5499101 -0.1909517
vn -0.7724707 0.6267801 -0.1021548
vn -0.7447528 0.6662169 -0.0387086
vn -0.7109326 0.7018781 0.0440683
vn -0.6683318 0.7284164 0.1508054
vn -0.5754623 0.7339910 0.3606942
vn -0.3176924 0.5780862 0.7515902
vn 0.0865242 0.0519534 0.9948942
vn 0.0934884 0.0380197 0.9948942
vn 0.0982256 0.0231803 0.9948942
vn 0.1006227 0.0077886 0.9948942
vn 0.1006227 -0.0077886 0.9948942
vn 0.0982256 -0.0231803 0.9948942
vn 0.0934884 -0.0380197 0.9948942
vn 0.0865242 -0.0519534 0.9948942
vn -0.4515760 -0.7258049 0.5189282
vn -0.6415555 -0.7650807 -0.0553002
vn -0.6545708 -0.7460341 -0.1223528
vn -0.6312514 -0.7743491 -0.0436473
vn -0.5929171 -0.8043503 0.0383387
vn -0.5640212 -0.8216027 0.0827598
vn -0.6073431 -0.7939360 0.0282849
vn -0.7920940 -0.5711846 -0.2152564
vn 0.9700436 -0.2379000 0.0491838
vn 0.9412321 -0.2746008 0.1966634
vn 0.8776690 -0.4370590 0.1966634
vn 0.9222634 -0.3834204 0.0491838
vn 0.9950122 -0.0867851 0.0491838
vn 0.9749983 -0.1034494 0.1966634
vn 0.9965821 0.0663706 0.0491838
vn 0.9778987 0.0709769 0.1966634
vn 0.9747164 0.2179655 0.0491838
vn 0.9498413 0.2431563 0.1966634
vn 0.9299292 0.3644348 0.0491838
vn 0.8917145 0.4076380 0.1966634
vn 0.8632737 0.5023340 0.0491838
vn 0.8053584 0.5592150 0.1966634
vn 0.7763175 0.6284203 0.0491838
vn 0.6935068 0.6930886 0.1966634
vn 0.6711054 0.7397286 0.0491838
vn 0.5597006 0.8050210 0.1966634
vn 0.9057882 -0.2531485 0.3397995
vn 0.8445825 -0.4137834 0.3397995
vn 0.9367341 -0.0840566 0.3397995
vn 0.9363866 0.0878434 0.3397995
vn 0.9047572 0.2568088 0.3397995
vn 0.8429025 0.4171950 0.3397995
vn 0.7528890 0.5636439 0.3397995
vn 0.6377237 0.6912632 0.3397995
vn 0.5012540 0.7957894 0.3397995
vn 0.8509559 -0.2232480 0.4754308
vn 0.7959355 -0.3747696 0.4754308
vn 0.8774052 -0.0642307 0.4754308
vn 0.8743956 0.0969430 0.4754308
vn 0.8420279 0.2548619 0.4754308
vn 0.7813889 0.4042238 0.4754308
vn 0.6945147 0.5400138 0.4754308
vn 0.5843220 0.6576727 0.4754308
vn 0.4545106 0.7532501 0.4754308
vn 0.7746223 -0.1982062 0.6005619
vn 0.7254502 -0.3362253 0.6005619
vn 0.7977843 -0.0535317 0.6005619
vn 0.7941584 0.0929403 0.6005619
vn 0.7638663 0.2362915 0.6005619
vn 0.7079252 0.3717086 0.6005619
vn 0.6282135 0.4946445 0.6005619
vn 0.5274078 0.6009713 0.6005619
vn 0.4088928 0.6871187 0.6005619
vn 0.6787737 -0.1780760 0.7124291
vn 0.6348861 -0.2989388 0.7124291
vn 0.6998713 -0.0512343 0.7124291
vn 0.6974706 0.0773276 0.7124291
vn 0.6716522 0.2032932 0.7124291
vn 0.6232829 0.3224333 0.7124291
vn 0.5539868 0.4307475 0.7124291
vn 0.4660904 0.5245993 0.7124291
vn 0.3625450 0.6008376 0.7124291
vn 0.5666956 -0.1583793 0.8085617
vn 0.5284030 -0.2588787 0.8085617
vn 0.5860566 -0.0525890 0.8085617
vn 0.5858392 0.0549582 0.8085617
vn 0.5660506 0.1606694 0.8085617
vn 0.5273520 0.2610131 0.8085617
vn 0.4710361 0.3526371 0.8085617
vn 0.3989843 0.4324806 0.8085617
vn 0.3136036 0.4978762 0.8085617
vn 0.4435903 -0.1294157 0.8868366
vn 0.4136338 -0.2059801 0.8868366
vn 0.4595039 -0.0487543 0.8868366
vn 0.4608707 0.0334505 0.8868366
vn 0.4476477 0.1145964 0.8868366
vn 0.4202533 0.1921144 0.8868366
vn 0.3795548 0.2635506 0.8868366
vn 0.3268406 0.3266435 0.8868366
vn 0.2637795 0.3793958 0.8868366
vn 0.3161797 -0.0775420 0.9455251
vn 0.3006060 -0.1249735 0.9455251
vn 0.3243181 -0.0282871 0.9455251
vn 0.3248298 0.0216331 0.9455251
vn 0.3177028 0.0710445 0.9455251
vn 0.3031047 0.1187853 0.9455251
vn 0.2813787 0.1637326 0.9455251
vn 0.2530359 0.2048297 0.9455251
vn 0.2187427 0.2411100 0.9455251
vn -0.9222634 0.3834204 -0.0491838
vn -0.8776690 0.4370590 -0.1966634
vn -0.9412321 0.2746008 -0.1966634
vn -0.9700436 0.2379000 -0.0491838
vn -0.9749983 0.1034494 -0.1966634
vn -0.9950122 0.0867851 -0.0491838
vn -0.9778987 -0.0709769 -0.1966634
vn -0.9965821 -0.0663706 -0.0491838
vn -0.9498413 -0.2431563 -0.1966634
vn -0.9747164 -0.2179655 -0.0491838
vn -0.8917145 -0.4076380 -0.1966634
vn -0.9299292 -0.3644348 -0.0491838
vn -0.8053584 -0.5592150 -0.1966634
vn -0.8632737 -0.5023340 -0.0491838
vn -0.6935068 -0.6930886 -0.1966634
vn -0.7763175 -0.6284203 -0.0491838
vn -0.5597006 -0.8050210 -0.1966634
vn -0.6711054 -0.7397286 -0.0491838
vn -0.8445825 0.4137834 -0.3397995
vn -0.9057882 0.2531485 -0.3397995
vn -0.9367341 0.0840566 -0.3397995
vn -0.9363866 -0.0878434 -0.3397995
vn -0.9047572 -0.2568088 -0.3397995
vn -0.8429025 -0.4171950 -0.3397995
vn -0.7528890 -0.5636439 -0.3397995
vn -0.6377237 -0.6912632 -0.3397995
vn -0.5012540 -0.7957894 -0.3397995
vn -0.7959355 0.3747696 -0.4754308
vn -0.8509559 0.2232480 -0.4754308
vn -0.8774052 0.0642307 -0.4754308
vn -0.8743956 -0.0969430 -0.4754308
vn -0.8420279 -0.2548619 -0.4754308
vn -0.7813889 -0.4042238 -0.4754308
vn -0.6945147 -0.5400138 -0.4754308
vn -0.5843220 -0.6576727 -0.4754308
vn -0.4545106 -0.7532501 -0.4754308
vn -0.7254502 0.3362253 -0.6005619
vn -0.7746223 0.1982062 -0.6005619
vn -0.7977843 0.0535317 -0.6005619
vn -0.7941584 -0.0929403 -0.6005619
vn -0.7638663 -0.2362915 -0.6005619
vn -0.7079252 -0.3717086 -0.6005619
vn -0.6282135 -0.4946445 -0.6005619
vn -0.5274078 -0.6009713 -0.6005619
vn -0.4088928 -0.6871187 -0.6005619
vn -0.6348861 0.2989388 -0.7124291
vn -0.6787737 0.1780760 -0.7124291
vn -0.6998713 0.0512343 -0.7124291
vn -0.6974706 -0.0773276 -0.7124291
vn -0.6716522 -0.2032932 -0.7124291
vn -0.6232829 -0.3224333 -0.7124291
vn -0.5539868 -0.4307475 -0.7124291
vn -0.4660904 -0.5245993 -0.7124291
vn -0.3625450 -0.6008376 -0.7124291
vn -0.5284030 0.2588787 -0.8085617
vn -0.5666956 0.1583793 -0.8085617
vn -0.5860566 0.0525890 -0.8085617
vn -0.5858392 -0.0549582 -0.8085617
vn -0.5660506 -0.1606694 -0.8085617
vn -0.5273520 -0.2610131 -0.8085617
vn -0.4710361 -0.3526371 -0.8085617
vn -0.3989843 -0.4324806 -0.8085617
vn -0.3136036 -0.4978762 -0.8085617
vn -0.4136338 0.2059801 -0.8868366
vn -0.4435903 0.1294157 -0.8868366
vn -0.4595039 0.0487543 -0.8868366
vn -0.4608707 -0.0334505 -0.8868366
vn -0.4476477 -0.1145964 -0.8868366
vn -0.4202533 -0.1921144 -0.8868366
vn -0.3795548 -0.2635506 -0.8868366
vn -0.3268406 -0.3266435 -0.8868366
vn -0.2637795 -0.3793958 -0.8868366
vn -0.3006060 0.1249735 -0.9455251
vn -0.3161797 0.0775420 -0.9455251
vn -0.3243181 0.0282871 -0.9455251
vn -0.3248298 -0.0216331 -0.9455251
vn -0.3177028 -0.0710445 -0.9455251
vn -0.3031047 -0.1187853 -0.9455251
vn -0.2813787 -0.1637326 -0.9455251
vn -0.2530359 -0.2048297 -0.9455251
vn -0.2187427 -0.2411100 -0.9455251
vn 0.0468670 -0.0153883 -0.9987826
vn 0.0486688 -0.0080415 -0.9987826
vn 0.0493261 -0.0005056 -0.9987826
vn 0.0488234 0.0070422 -0.9987826
vn 0.0471726 0.0144244 -0.9987826
vn 0.0444125 0.0214674 -0.9987826
vn 0.0406080 0.0280055 -0.9987826
vn 0.0358485 0.0338851 -0.9987826
vn -0.5427765 0.5354468 -0.6470629
vn -0.7579566 0.5932400 -0.2712343
vn -0.8202189 0.5620697 -0.1063895
vn -0.8476362 0.5297834 -0.0290257
vn -0.8678850 0.4962252 0.0231555
vn -0.8816777 0.4688351 0.0532742
vn -0.8980914 0.4320407 0.0822966
vn -0.9268044 0.3544751 0.1240202
vn -0.6873535 -0.6497078 0.3246921
vn -0.7786106 -0.5369736 0.3246921
vn -0.8515578 -0.4116119 0.3246921
vn -0.9044798 -0.2765708 0.3246921
vn -0.9361320 -0.1350258 0.3246921
vn -0.9457701 0.0096945 0.3246921
vn -0.9331674 0.1541868 0.3246921
vn -0.8986204 0.2950532 0.3246921
vn -0.5576424 -0.8272962 0.0679417
vn -0.4252255 -0.9050096 -0.0118695
vn -0.3856245 -0.9216497 -0.0430768
vn -0.4047016 -0.9141612 -0.0229339
vn -0.4398223 -0.8976246 0.0287481
vn -0.4660572 -0.8805526 0.0861264
vn -0.4526123 -0.8907994 0.0402309
vn -0.3315400 -0.8499878 -0.4093921
vn 0.2524412 0.5050688 -0.8253356
vn 0.3159663 0.5690492 -0.7591761
vn 0.4123155 0.5036344 -0.7591761
vn 0.3271574 0.4602056 -0.8253356
vn 0.1717112 0.5379000 -0.8253356
vn 0.2095021 0.6162472 -0.7591761
vn 0.0868906 0.5579168 -0.8253356
vn 0.0963312 0.6437173 -0.7591761
vn 0.0000000 0.5646425 -0.8253356
vn -0.0199235 0.6505803 -0.7591761
vn -0.0868906 0.5579168 -0.8253356
vn -0.1355405 0.6366164 -0.7591761
vn -0.1717112 0.5379000 -0.8253356
vn -0.2468184 0.6022727 -0.7591761
vn -0.2524412 0.5050688 -0.8253356
vn -0.3501949 0.5486485 -0.7591761
vn -0.3271574 0.4602056 -0.8253356
vn -0.4423608 0.4774606 -0.7591761
vn 0.3468432 0.6417005 -0.6840469
vn 0.4584139 0.5673945 -0.6840469
vn 0.2235589 0.6943351 -0.6840469
vn 0.0927246 0.7235205 -0.6840469
vn -0.0412412 0.7282712 -0.6840469
vn -0.1738143 0.7084267 -0.6840469
vn -0.3005172 0.6646572 -0.6840469
vn -0.4170711 0.5984409 -0.6840469
vn -0.5195397 0.5120140 -0.6840469
vn 0.3688270 0.7091988 -0.6008358
vn 0.4926688 0.6295028 -0.6008358
vn 0.2324668 0.7648238 -0.6008358
vn 0.0882164 0.7944899 -0.6008358
vn -0.0590281 0.7971900 -0.6008358
vn -0.2042692 0.7728327 -0.6008358
vn -0.3425771 0.7222446 -0.6008358
vn -0.4692576 0.6471426 -0.6008358
vn -0.5800110 0.5500760 -0.6008358
vn 0.3921007 0.7652583 -0.5105259
vn 0.5258365 0.6803376 -0.5105259
vn 0.2450555 0.8242033 -0.5105259
vn 0.0896922 0.8551717 -0.5105259
vn -0.0687156 0.8571123 -0.5105259
vn -0.2247910 0.8299592 -0.5105259
vn -0.3732360 0.7746342 -0.5105259
vn -0.5090121 0.6930151 -0.5105259
vn -0.6275103 0.5878725 -0.5105259
vn 0.4199591 0.8075183 -0.4141842
vn 0.5609697 0.7167737 -0.4141842
vn 0.2646947 0.8708548 -0.4141842
vn 0.1004462 0.9046336 -0.4141842
vn -0.0672115 0.9077081 -0.4141842
vn -0.2325880 0.8799740 -0.4141842
vn -0.3900701 0.8223726 -0.4141842
vn -0.5343129 0.7368590 -0.4141842
vn -0.6604205 0.6263355 -0.4141842
vn 0.4516097 0.8355308 -0.3129489
vn 0.5968811 0.7387800 -0.3129489
vn 0.2910865 0.9040640 -0.3129489
vn 0.1207327 0.9420651 -0.3129489
vn -0.0536985 0.9482507 -0.3129489
vn -0.2263161 0.9224121 -0.3129489
vn -0.3912906 0.8654216 -0.3129489
vn -0.5430504 0.7792042 -0.3129489
vn -0.6764704 0.6666715 -0.3129489
vn 0.4748219 0.8551452 -0.2080162
vn 0.6196118 0.7568424 -0.2080162
vn 0.3148317 0.9260725 -0.2080162
vn 0.1447628 0.9673536 -0.2080162
vn -0.0299403 0.9776670 -0.2080162
vn -0.2036850 0.9566827 -0.2080162
vn -0.3709091 0.9050722 -0.2080162
vn -0.5262594 0.8244879 -0.2080162
vn -0.6647627 0.7175094 -0.2080162
vn 0.4448123 0.8899531 -0.1006257
vn 0.5764654 0.8109020 -0.1006257
vn 0.3025626 0.9478029 -0.1006257
vn 0.1531050 0.9830734 -0.1006257
vn 0.0000000 0.9949243 -0.1006257
vn -0.1531050 0.9830734 -0.1006257
vn -0.3025626 0.9478029 -0.1006257
vn -0.4448123 0.8899531 -0.1006257
vn -0.5764654 0.8109020 -0.1006257
vn -0.3271574 -0.4602056 0.8253356
vn -0.4123155 -0.5036344 0.7591761
vn -0.3159663 -0.5690492 0.7591761
vn -0.2524412 -0.5050688 0.8253356
vn -0.2095021 -0.6162472 0.7591761
vn -0.1717112 -0.5379000 0.8253356
vn -0.0963312 -0.6437173 0.7591761
vn -0.0868906 -0.5579168 0.8253356
vn 0.0199235 -0.6505803 0.7591761
vn -0.0000000 -0.5646425 0.8253356
vn 0.1355405 -0.6366164 0.7591761
vn 0.0868906 -0.5579168 0.8253356
vn 0.2468184 -0.6022727 0.7591761
vn 0.1717112 -0.5379000 0.8253356
vn 0.3501949 -0.5486485 0.7591761
vn 0.2524412 -0.5050688 0.8253356
vn 0.4423608 -0.4774606 0.7591761
vn 0.3271574 -0.4602056 0.8253356
vn -0.4584139 -0.5673945 0.6840469
vn -0.3468432 -0.6417005 0.6840469
vn -0.2235589 -0.6943351 0.6840469
vn -0.0927246 -0.7235205 0.6840469
vn 0.0412412 -0.7282712 0.6840469
vn 0.1738143 -0.7084267 0.6840469
vn 0.3005172 -0.6646572 0.6840469
vn 0.4170711 -0.5984409 0.6840469
vn 0.5195397 -0.5120140 0.6840469
vn -0.4926688 -0.6295028 0.6008358
vn -0.3688270 -0.7091988 0.6008358
vn -0.2324668 -0.7648238 0.6008358
vn -0.0882164 -0.7944899 0.6008358
vn 0.0590281 -0.7971900 0.6008358
vn 0.2042692 -0.7728327 0.6008358
vn 0.3425771 -0.7222446 0.6008358
vn 0.4692576 -0.6471426 0.6008358
vn 0.5800110 -0.5500760 0.6008358
vn -0.5258365 -0.6803376 0.5105259
vn -0.3921007 -0.7652583 0.5105259
vn -0.2450555 -0.8242033 0.5105259
vn -0.0896922 -0.8551717 0.5105259
vn 0.0687156 -0.8571123 0.5105259
vn 0.2247910 -0.8299592 0.5105259
vn 0.3732360 -0.7746342 0.5105259
vn 0.5090121 -0.6930151 0.5105259
vn 0.6275103 -0.5878725 0.5105259
vn -0.5609697 -0.7167737 0.4141842
vn -0.4199591 -0.8075183 0.4141842
vn -0.2646947 -0.8708548 0.4141842
vn -0.1004462 -0.9046336 0.4141842
vn 0.0672115 -0.9077081 0.4141842
vn 0.2325880 -0.8799740 0.4141842
vn 0.3900701 -0.8223726 0.4141842
vn 0.5343129 -0.7368590 0.4141842
vn 0.6604205 -0.6263355 0.4141842
vn -0.5968811 -0.7387800 0.3129489
vn -0.4516097 -0.8355308 0.3129489
vn -0.2910865 -0.9040640 0.3129489
vn -0.1207327 -0.9420651 0.3129489
vn 0.0536985 -0.9482507 0.3129489
vn 0.2263161 -0.9224121 0.3129489
vn 0.3912906 -0.8654216 0.3129489
vn 0.5430504 -0.7792042 0.3129489
vn 0.6764704 -0.6666715 0.3129489
vn -0.6196118 -0.7568424 0.2080162
vn -0.4748219 -0.8551452 0.2080162
vn -0.3148317 -0.9260725 0.2080162
vn -0.1447628 -0.9673536 0.2080162
vn 0.0299403 -0.9776670 0.2080162
vn 0.2036850 -0.9566827 0.2080162
vn 0.3709091 -0.9050722 0.2080162
vn 0.5262594 -0.8244879 0.2080162
vn 0.6647627 -0.7175094 0.2080162
vn -0.5764654 -0.8109020 0.1006257
vn -0.4448123 -0.8899531 0.1006257
vn -0.3025626 -0.9478029 0.1006257
vn -0.1531050 -0.9830734 0.1006257
vn -0.0000000 -0.9949243 0.1006257
vn 0.1531050 -0.9830734 0.1006257
vn 0.3025626 -0.9478029 0.1006257
vn 0.4448123 -0.8899531 0.1006257
vn 0.5764654 -0.8109020 0.1006257
vn -0.4252695 -0.7082518 -0.5634938
vn -0.3112138 -0.7652586 -0.5634938
vn -0.1897442 -0.8040348 -0.5634938
vn -0.0637543 -0.8236566 -0.5634938
vn 0.0637543 -0.8236566 -0.5634938
vn 0.1897442 -0.8040348 -0.5634938
vn 0.3112138 -0.7652586 -0.5634938
vn 0.4252695 -0.7082518 -0.5634938
vn -0.3343317 -0.8732782 -0.3544115
vn -0.5499101 -0.8131029 -0.1909517
vn -0.6267801 -0.7724707 -0.1021548
vn -0.6662169 -0.7447528 -0.0387086
vn -0.7018781 -0.7109326 0.0440683
vn -0.7284164 -0.6683318 0.1508054
vn -0.7339910 -0.5754623 0.3606942
vn -0.5780862 -0.3176924 0.7515902
vn -0.0519534 0.0865242 0.9948942
vn -0.0380197 0.0934884 0.9948942
vn -0.0231803 0.0982256 0.9948942
vn -0.0077886 0.1006227 0.9948942
vn 0.0077886 0.1006227 0.9948942
vn 0.0231803 0.0982256 0.9948942
vn 0.0380197 0.0934884 0.9948942
vn 0.0519534 0.0865242 0.9948942
vn 0.7258049 -0.4515760 0.5189282
vn 0.7650807 -0.6415555 -0.0553002
vn 0.7460341 -0.6545708 -0.1223528
vn 0.7743491 -0.6312514 -0.0436473
vn 0.8043503 -0.5929171 0.0383387
vn 0.8216027 -0.5640212 0.0827598
vn 0.7939360 -0.6073431 0.0282849
vn 0.5711846 -0.7920940 -0.2152564
vn 0.2379000 0.9700436 0.0491838
vn 0.2746008 0.9412321 0.1966634
vn 0.4370590 0.8776690 0.1966634
vn 0.3834204 0.9222634 0.0491838
vn 0.0867851 0.9950122 0.0491838
vn 0.1034494 0.9749983 0.1966634
vn -0.0663706 0.9965821 0.0491838
vn -0.0709769 0.9778987 0.1966634
vn -0.2179655 0.9747164 0.0491838
vn -0.2431563 0.9498413 0.1966634
vn -0.3644348 0.9299292 0.0491838
vn -0.4076380 0.8917145 0.1966634
vn -0.5023340 0.8632737 0.0491838
vn -0.5592150 0.8053584 0.1966634
vn -0.6284203 0.7763175 0.0491838
vn -0.6930886 0.6935068 0.1966634
vn -0.7397286 0.6711054 0.0491838
vn -0.8050210 0.5597006 0.1966634
vn 0.2531485 0.9057882 0.3397995
vn 0.4137834 0.8445825 0.3397995
vn 0.0840566 0.9367341 0.3397995
vn -0.0878434 0.9363866 0.3397995
vn -0.2568088 0.9047572 0.3397995
vn -0.4171950 0.8429025 0.3397995
vn -0.5636439 0.7528890 0.3397995
vn -0.6912632 0.6377237 0.3397995
vn -0.7957894 0.5012540 0.3397995
vn 0.2232480 0.8509559 0.4754308
vn 0.3747696 0.7959355 0.4754308
vn 0.0642307 0.8774052 0.4754308
vn -0.0969430 0.8743956 0.4754308
vn -0.2548619 0.8420279 0.4754308
vn -0.4042238 0.7813889 0.4754308
vn -0.5400138 0.6945147 0.4754308
vn -0.6576727 0.5843220 0.4754308
vn -0.7532501 0.4545106 0.4754308
vn 0.1982062 0.7746223 0.6005619
vn 0.3362253 0.7254502 0.6005619
vn 0.0535317 0.7977843 0.6005619
vn -0.0929403 0.7941584 0.6005619
vn -0.2362915 0.7638663 0.6005619
vn -0.3717086 0.7079252 0.6005619
vn -0.4946445 0.6282135 0.6005619
vn -0.6009713 0.5274078 0.6005619
vn -0.6871187 0.4088928 0.6005619
vn 0.1780760 0.6787737 0.7124291
vn 0.2989388 0.6348861 0.7124291
vn 0.0512343 0.6998713 0.7124291
vn -0.0773276 0.6974706 0.7124291
vn -0.2032932 0.6716522 0.7124291
vn -0.3224333 0.6232829 0.7124291
vn -0.4307475 0.5539868 0.7124291
vn -0.5245993 0.4660904 0.7124291
vn -0.6008376 0.3625450 0.7124291
vn 0.1583793 0.5666956 0.8085617
vn 0.2588787 0.5284030 0.8085617
vn 0.0525890 0.5860566 0.8085617
vn -0.0549582 0.5858392 0.8085617
vn -0.1606694 0.5660506 0.8085617
vn -0.2610131 0.5273520 0.8085617
vn -0.3526371 0.4710361 0.8085617
vn -0.4324806 0.3989843 0.8085617
vn -0.4978762 0.3136036 0.8085617
vn 0.1294157 0.4435903 0.8868366
vn 0.2059801 0.4136338 0.8868366
vn 0.0487543 0.4595039 0.8868366
vn -0.0334505 0.4608707 0.8868366
vn -0.1145964 0.4476477 0.8868366
vn -0.1921144 0.4202533 0.8868366
vn -0.2635506 0.3795548 0.8868366
vn -0.3266435 0.3268406 0.8868366
vn -0.3793958 0.2637795 0.8868366
vn 0.0775420 0.3161797 0.9455251
vn 0.1249735 0.3006060 0.9455251
vn 0.0282871 0.3243181 0.9455251
vn -0.0216331 0.3248298 0.9455251
vn -0.0710445 0.3177028 0.9455251
vn -0.1187853 0.3031047 0.9455251
vn -0.1637326 0.2813787 0.9455251
vn -0.2048297 0.2530359 0.9455251
vn -0.2411100 0.2187427 0.9455251
vn -0.3834204 -0.9222634 -0.0491838
vn -0.4370590 -0.8776690 -0.1966634
vn -0.2746008 -0.9412321 -0.1966634
vn -0.2379000 -0.9700436 -0.0491838
vn -0.1034494 -0.9749983 -0.1966634
vn -0.0867851 -0.9950122 -0.0491838
vn 0.0709769 -0.9778987 -0.1966634
vn 0.0663706 -0.9965821 -0.0491838
vn 0.2431563 -0.9498413 -0.1966634
vn 0.2179655 -0.9747164 -0.0491838
vn 0.4076380 -0.8917145 -0.1966634
vn 0.3644348 -0.9299292 -0.0491838
vn 0.5592150 -0.8053584 -0.1966634
vn 0.5023340 -0.8632737 -0.0491838
vn 0.6930886 -0.6935068 -0.1966634
vn 0.6284203 -0.7763175 -0.0491838
vn 0.8050210 -0.5597006 -0.1966634
vn 0.7397286 -0.6711054 -0.0491838
vn -0.4137834 -0.8445825 -0.3397995
vn -0.2531485 -0.9057882 -0.3397995
vn -0.0840566 -0.9367341 -0.3397995
vn 0.0878434 -0.9363866 -0.3397995
vn 0.2568088 -0.9047572 -0.3397995
vn 0.4171950 -0.8429025 -0.3397995
vn 0.5636439 -0.7528890 -0.3397995
vn 0.6912632 -0.6377237 -0.3397995
vn 0.7957894 -0.5012540 -0.3397995
vn -0.3747696 -0.7959355 -0.4754308
vn -0.2232480 -0.8509559 -0.4754308
vn -0.0642307 -0.8774052 -0.4754308
vn 0.0969430 -0.8743956 -0.4754308
vn 0.2548619 -0.8420279 -0.4754308
vn 0.4042238 -0.7813889 -0.4754308
vn 0.5400138 -0.6945147 -0.4754308
vn 0.6576727 -0.5843220 -0.4754308
vn 0.7532501 -0.4545106 -0.4754308
vn -0.3362253 -0.7254502 -0.6005619
vn -0.1982062 -0.7746223 -0.6005619
vn -0.0535317 -0.7977843 -0.6005619
vn 0.0929403 -0.7941584 -0.6005619
vn 0.2362915 -0.7638663 -0.6005619
vn 0.3717086 -0.7079252 -0.6005619
vn 0.4946445 -0.6282135 -0.6005619
vn 0.6009713 -0.5274078 -0.6005619
vn 0.6871187 -0.4088928 -0.6005619
vn -0.2989388 -0.6348861 -0.7124291
vn -0.1780760 -0.6787737 -0.7124291
vn -0.0512343 -0.6998713 -0.7124291
vn 0.0773276 -0.6974706 -0.7124291
vn 0.2032932 -0.6716522 -0.7124291
vn 0.3224333 -0.6232829 -0.7124291
vn 0.4307475 -0.5539868 -0.7124291
vn 0.5245993 -0.4660904 -0.7124291
vn 0.6008376 -0.3625450 -0.7124291
vn -0.2588787 -0.5284030 -0.8085617
vn -0.1583793 -0.5666956 -0.8085617
vn -0.0525890 -0.5860566 -0.8085617
vn 0.0549582 -0.5858392 -0.8085617
vn 0.1606694 -0.5660506 -0.8085617
vn 0.2610131 -0.5273520 -0.8085617
vn 0.3526371 -0.4710361 -0.8085617
vn 0.4324806 -0.3989843 -0.8085617
vn 0.4978762 -0.3136036 -0.8085617
vn -0.2059801 -0.4136338 -0.8868366
vn -0.1294157 -0.4435903 -0.8868366
vn -0.0487543 -0.4595039 -0.8868366
vn 0.0334505 -0.4608707 -0.8868366
vn 0.1145964 -0.4476477 -0.8868366
vn 0.1921144 -0.4202533 -0.8868366
vn 0.2635506 -0.3795548 -0.8868366
vn 0.3266435 -0.3268406 -0.8868366
vn 0.3793958 -0.2637795 -0.8868366
vn -0.1249735 -0.3006060 -0.9455251
vn -0.0775420 -0.3161797 -0.9455251
vn -0.0282871 -0.3243181 -0.9455251
vn 0.0216331 -0.3248298 -0.9455251
vn 0.0710445 -0.3177028 -0.9455251
vn 0.1187853 -0.3031047 -0.9455251
vn 0.1637326 -0.2813787 -0.9455251
vn 0.2048297 -0.2530359 -0.9455251
vn 0.2411100 -0.2187427 -0.9455251
vn 0.0153883 0.0468670 -0.9987826
vn 0.0080415 0.0486688 -0.9987826
vn 0.0005056 0.0493261 -0.9987826
vn -0.0070422 0.0488234 -0.9987826
vn -0.0144244 0.0471726 -0.9987826
vn -0.0214674 0.0444125 -0.9987826
vn -0.0280055 0.0406080 -0.9987826
vn -0.0338851 0.0358485 -0.9987826
vn -0.5354468 -0.5427765 -0.6470629
vn -0.5932400 -0.7579566 -0.2712343
vn -0.5620697 -0.8202189 -0.1063895
vn -0.5297834 -0.8476362 -0.0290257
vn -0.4962252 -0.8678850 0.0231555
vn -0.4688351 -0.8816777 0.0532742
vn -0.4320407 -0.8980914 0.0822966
vn -0.3544751 -0.9268044 0.1240202
vn 0.6497078 -0.6873535 0.3246921
vn 0.5369736 -0.7786106 0.3246921
vn 0.4116119 -0.8515578 0.3246921
vn 0.2765708 -0.9044798 0.3246921
vn 0.1350258 -0.9361320 0.3246921
vn -0.0096945 -0.9457701 0.3246921
vn -0.1541868 -0.9331674 0.3246921
vn -0.2950532 -0.8986204 0.3246921
vn 0.8272962 -0.5576424 0.0679417
vn 0.9050096 -0.4252255 -0.0118695
vn 0.9216497 -0.3856245 -0.0430768
vn 0.9141612 -0.4047016 -0.0229339
vn 0.8976246 -0.4398223 0.0287481
vn 0.8805526 -0.4660572 0.0861264
vn 0.8907994 -0.4526123 0.0402309
vn 0.8499878 -0.3315400 -0.4093921
vn -0.5050688 0.2524412 -0.8253356
vn -0.5690492 0.3159663 -0.7591761
vn -0.5036344 0.4123155 -0.7591761
vn -0.4602056 0.3271574 -0.8253356
vn -0.5379000 0.1717112 -0.8253356
vn -0.6162472 0.2095021 -0.7591761
vn -0.5579168 0.0868906 -0.8253356
vn -0.6437173 0.0963312 -0.7591761
vn -0.5646425 0.0000000 -0.8253356
vn -0.6505803 -0.0199235 -0.7591761
vn -0.5579168 -0.0868906 -0.8253356
vn -0.6366164 -0.1355405 -0.7591761
vn -0.5379000 -0.1717112 -0.8253356
vn -0.6022727 -0.2468184 -0.7591761
vn -0.5050688 -0.2524412 -0.8253356
vn -0.5486485 -0.3501949 -0.7591761
vn -0.4602056 -0.3271574 -0.8253356
vn -0.4774606 -0.4423608 -0.7591761
vn -0.6417005 0.3468432 -0.6840469
vn -0.5673945 0.4584139 -0.6840469
vn -0.6943351 0.2235589 -0.6840469
vn -0.7235205 0.0927246 -0.6840469
vn -0.7282712 -0.0412412 -0.6840469
vn -0.7084267 -0.1738143 -0.6840469
vn -0.6646572 -0.3005172 -0.6840469
vn -0.5984409 -0.4170711 -0.6840469
vn -0.5120140 -0.5195397 -0.6840469
vn -0.7091988 0.3688270 -0.6008358
vn -0.6295028 0.4926688 -0.6008358
vn -0.7648238 0.2324668 -0.6008358
vn -0.7944899 0.0882164 -0.6008358
vn -0.7971900 -0.0590281 -0.6008358
vn -0.7728327 -0.2042692 -0.6008358
vn -0.7222446 -0.3425771 -0.6008358
vn -0.6471426 -0.4692576 -0.6008358
vn -0.5500760 -0.5800110 -0.6008358
vn -0.7652583 0.3921007 -0.5105259
vn -0.6803376 0.5258365 -0.5105259
vn -0.8242033 0.2450555 -0.5105259
vn -0.8551717 0.0896922 -0.5105259
vn -0.8571123 -0.0687156 -0.5105259
vn -0.8299592 -0.2247910 -0.5105259
vn -0.7746342 -0.3732360 -0.5105259
vn -0.6930151 -0.5090121 -0.5105259
vn -0.5878725 -0.6275103 -0.5105259
vn -0.8075183 0.4199591 -0.4141842
vn -0.7167737 0.5609697 -0.4141842
vn -0.8708548 0.2646947 -0.4141842
vn -0.9046336 0.1004462 -0.4141842
vn -0.9077081 -0.0672115 -0.4141842
vn -0.8799740 -0.2325880 -0.4141842
vn -0.8223726 -0.3900701 -0.4141842
vn -0.7368590 -0.5343129 -0.4141842
vn -0.6263355 -0.6604205 -0.4141842
vn -0.8355308 0.4516097 -0.3129489
vn -0.7387800 0.5968811 -0.3129489
vn -0.9040640 0.2910865 -0.3129489
vn -0.9420651 0.1207327 -0.3129489
vn -0.9482507 -0.0536985 -0.3129489
vn -0.9224121 -0.2263161 -0.3129489
vn -0.8654216 -0.3912906 -0.3129489
vn -0.7792042 -0.5430504 -0.3129489
vn -0.6666715 -0.6764704 -0.3129489
vn -0.8551452 0.4748219 -0.2080162
vn -0.7568424 0.6196118 -0.2080162
vn -0.9260725 0.3148317 -0.2080162
vn -0.9673536 0.1447628 -0.2080162
vn -0.9776670 -0.0299403 -0.2080162
vn -0.9566827 -0.2036850 -0.2080162
vn -0.9050722 -0.3709091 -0.2080162
vn -0.8244879 -0.5262594 -0.2080162
vn -0.7175094 -0.6647627 -0.2080162
vn -0.8899531 0.4448123 -0.1006257
vn -0.8109020 0.5764654 -0.1006257
vn -0.9478029 0.3025626 -0.1006257
vn -0.9830734 0.1531050 -0.1006257
vn -0.9949243 0.0000000 -0.1006257
vn -0.9830734 -0.1531050 -0.1006257
vn -0.9478029 -0.3025626 -0.1006257
vn -0.8899531 -0.4448123 -0.1006257
vn -0.8109020 -0.5764654 -0.1006257
vn 0.4602056 -0.3271574 0.8253356
vn 0.5036344 -0.4123155 0.7591761
vn 0.5690492 -0.3159663 0.7591761
vn 0.5050688 -0.2524412 0.8253356
vn 0.6162472 -0.2095021 0.7591761
vn 0.5379000 -0.1717112 0.8253356
vn 0.6437173 -0.0963312 0.7591761
vn 0.5579168 -0.0868906 0.8253356
vn 0.6505803 0.0199235 0.7591761
vn 0.5646425 -0.0000000 0.8253356
vn 0.6366164 0.1355405 0.7591761
vn 0.5579168 0.0868906 0.8253356
vn 0.6022727 0.2468184 0.7591761
vn 0.5379000 0.1717112 0.8253356
vn 0.5486485 0.3501949 0.7591761
vn 0.5050688 0.2524412 0.8253356
vn 0.4774606 0.4423608 0.7591761
vn 0.4602056 0.3271574 0.8253356
vn 0.5673945 -0.4584139 0.6840469
vn 0.6417005 -0.3468432 0.6840469
vn 0.6943351 -0.2235589 0.6840469
vn 0.7235205 -0.0927246 0.6840469
vn 0.7282712 0.0412412 0.6840469
vn 0.7084267 0.1738143 0.6840469
vn 0.6646572 0.3005172 0.6840469
vn 0.5984409 0.4170711 0.6840469
vn 0.5120140 0.5195397 0.6840469
vn 0.6295028 -0.4926688 0.6008358
vn 0.7091988 -0.3688270 0.6008358
vn 0.7648238 -0.2324668 0.6008358
vn 0.7944899 -0.0882164 0.6008358
vn 0.7971900 0.0590281 0.6008358
vn 0.7728327 0.2042692 0.6008358
vn 0.7222446 0.3425771 0.6008358
vn 0.6471426 0.4692576 0.6008358
vn 0.5500760 0.5800110 0.6008358
vn 0.6803376 -0.5258365 0.5105259
vn 0.7652583 -0.3921007 0.5105259
vn 0.8242033 -0.2450555 0.5105259
vn 0.8551717 -0.0896922 0.5105259
vn 0.8571123 0.0687156 0.5105259
vn 0.8299592 0.2247910 0.5105259
vn 0.7746342 0.3732360 0.5105259
vn 0.6930151 0.5090121 0.5105259
vn 0.5878725 0.6275103 0.5105259
vn 0.7167737 -0.5609697 0.4141842
vn 0.8075183 -0.4199591 0.4141842
vn 0.8708548 -0.2646947 0.4141842
vn 0.9046336 -0.1004462 0.4141842
vn 0.9077081 0.0672115 0.4141842
vn 0.8799740 0.2325880 0.4141842
vn 0.8223726 0.3900701 0.4141842
vn 0.7368590 0.5343129 0.4141842
vn 0.6263355 0.6604205 0.4141842
vn 0.7387800 -0.5968811 0.3129489
vn 0.8355308 -0.4516097 0.3129489
vn 0.9040640 -0.2910865 0.3129489
vn 0.9420651 -0.1207327 0.3129489
vn 0.9482507 0.0536985 0.3129489
vn 0.9224121 0.2263161 0.3129489
vn 0.8654216 0.3912906 0.3129489
vn 0.7792042 0.5430504 0.3129489
vn 0.6666715 0.6764704 0.3129489
vn 0.7568424 -0.6196118 0.2080162
vn 0.8551452 -0.4748219 0.2080162
vn 0.9260725 -0.3148317 0.2080162
vn 0.9673536 -0.1447628 0.2080162
vn 0.9776670 0.0299403 0.2080162
vn 0.9566827 0.2036850 0.2080162
vn 0.9050722 0.3709091 0.2080162
vn 0.8244879 0.5262594 0.2080162
vn 0.7175094 0.6647627 0.2080162
vn 0.8109020 -0.5764654 0.1006257
vn 0.8899531 -0.4448123 0.1006257
vn 0.9478029 -0.3025626 0.1006257
vn 0.9830734 -0.1531050 0.1006257
vn 0.9949243 -0.0000000 0.1006257
vn 0.9830734 0.1531050 0.1006257
vn 0.9478029 0.3025626 0.1006257
vn 0.8899531 0.4448123 0.1006257
vn 0.8109020 0.5764654 0.1006257
vn 0.7082518 -0.4252695 -0.5634938
vn 0.7652586 -0.3112138 -0.5634938
vn 0.8040348 -0.1897442 -0.5634938
vn 0.8236566 -0.0637543 -0.5634938
vn 0.8236566 0.0637543 -0.5634938
vn 0.8040348 0.1897442 -0.5634938
vn 0.7652586 0.3112138 -0.5634938
vn 0.7082518 0.4252695 -0.5634938
vn 0.8732782 -0.3343317 -0.3544115
vn 0.8131029 -0.5499101 -0.1909517
vn 0.7724707 -0.6267801 -0.1021548
vn 0.7447528 -0.6662169 -0.0387086
vn 0.7109326 -0.7018781 0.0440683
vn 0.6683318 -0.7284164 0.1508054
vn 0.5754623 -0.7339910 0.3606942
vn 0.3176924 -0.5780862 0.7515902
vn -0.0865242 -0.0519534 0.9948942
vn -0.0934884 -0.0380197 0.9948942
vn -0.0982256 -0.0231803 0.9948942
vn -0.1006227 -0.0077886 0.9948942
vn -0.1006227 0.0077886 0.9948942
vn -0.0982256 0.0231803 0.9948942
vn -0.0934884 0.0380197 0.9948942
vn -0.0865242 0.0519534 0.9948942
vn 0.4515760 0.7258049 0.5189282
vn 0.6415555 0.7650807 -0.0553002
vn 0.6545708 0.7460341 -0.1223528
vn 0.6312514 0.7743491 -0.0436473
vn 0.5929171 0.8043503 0.0383387
vn 0.5640212 0.8216027 0.0827598
vn 0.6073431 0.7939360 0.0282849
vn 0.7920940 0.5711846 -0.2152564
vn -0.9700436 0.2379000 0.0491838
vn -0.9412321 0.2746008 0.1966634
vn -0.8776690 0.4370590 0.1966634
vn -0.9222634 0.3834204 0.0491838
vn -0.9950122 0.0867851 0.0491838
vn -0.9749983 0.1034494 0.1966634
vn -0.9965821 -0.0663706 0.0491838
vn -0.9778987 -0.0709769 0.1966634
vn -0.9747164 -0.2179655 0.0491838
vn -0.9498413 -0.2431563 0.1966634
vn -0.9299292 -0.3644348 0.0491838
vn -0.8917145 -0.4076380 0.1966634
vn -0.8632737 -0.5023340 0.0491838
vn -0.8053584 -0.5592150 0.1966634
vn -0.7763175 -0.6284203 0.0491838
vn -0.6935068 -0.6930886 0.1966634
vn -0.6711054 -0.7397286 0.0491838
vn -0.5597006 -0.8050210 0.1966634
vn -0.9057882 0.2531485 0.3397995
vn -0.8445825 0.4137834 0.3397995
vn -0.9367341 0.0840566 0.3397995
vn -0.9363866 -0.0878434 0.3397995
vn -0.9047572 -0.2568088 0.3397995
vn -0.8429025 -0.4171950 0.3397995
vn -0.7528890 -0.5636439 0.3397995
vn -0.6377237 -0.6912632 0.3397995
vn -0.5012540 -0.7957894 0.3397995
vn -0.8509559 0.2232480 0.4754308
vn -0.7959355 0.3747696 0.4754308
vn -0.8774052 0.0642307 0.4754308
vn -0.8743956 -0.0969430 0.4754308
vn -0.8420279 -0.2548619 0.4754308
vn -0.7813889 -0.4042238 0.4754308
vn -0.6945147 -0.5400138 0.4754308
vn -0.5843220 -0.6576727 0.4754308
vn -0.4545106 -0.7532501 0.4754308
vn -0.7746223 0.1982062 0.6005619
vn -0.7254502 0.3362253 0.6005619
vn -0.7977843 0.0535317 0.6005619
vn -0.7941584 -0.0929403 0.6005619
vn -0.7638663 -0.2362915 0.6005619
vn -0.7079252 -0.3717086 0.6005619
vn -0.6282135 -0.4946445 0.6005619
vn -0.5274078 -0.6009713 0.6005619
vn -0.4088928 -0.6871187 0.6005619
vn -0.6787737 0.1780760 0.7124291
vn -0.6348861 0.2989388 0.7124291
vn -0.6998713 0.0512343 0.7124291
vn -0.6974706 -0.0773276 0.7124291
vn -0.6716522 -0.2032932 0.7124291
vn -0.6232829 -0.3224333 0.7124291
vn -0.5539868 -0.4307475 0.7124291
vn -0.4660904 -0.5245993 0.7124291
vn -0.3625450 -0.6008376 0.7124291
vn -0.5666956 0.1583793 0.8085617
vn -0.5284030 0.2588787 0.8085617
vn -0.5860566 0.0525890 0.8085617
vn -0.5858392 -0.0549582 0.8085617
vn -0.5660506 -0.1606694 0.8085617
vn -0.5273520 -0.2610131 0.8085617
vn -0.4710361 -0.3526371 0.8085617
vn -0.3989843 -0.4324806 0.8085617
vn -0.3136036 -0.4978762 0.8085617
vn -0.4435903 0.1294157 0.8868366
vn -0.4136338 0.2059801 0.8868366
vn -0.4595039 0.0487543 0.8868366
vn -0.4608707 -0.0334505 0.8868366
vn -0.4476477 -0.1145964 0.8868366
vn -0.4202533 -0.1921144 0.8868366
vn -0.3795548 -0.2635506 0.8868366
vn -0.3268406 -0.3266435 0.8868366
vn -0.2637795 -0.3793958 0.8868366
vn -0.3161797 0.0775420 0.9455251
vn -0.3006060 0.1249735 0.9455251
vn -0.3243181 0.0282871 0.9455251
vn -0.3248298 -0.0216331 0.9455251
vn -0.3177028 -0.0710445 0.9455251
vn -0.3031047 -0.1187853 0.9455251
vn -0.2813787 -0.1637326 0.9455251
vn -0.2530359 -0.2048297 0.9455251
vn -0.2187427 -0.2411100 0.9455251
vn 0.9222634 -0.3834204 -0.0491838
vn 0.8776690 -0.4370590 -0.1966634
vn 0.9412321 -0.2746008 -0.1966634
vn 0.9700436 -0.2379000 -0.0491838
vn 0.9749983 -0.1034494 -0.1966634
vn 0.9950122 -0.0867851 -0.0491838
vn 0.9778987 0.0709769 -0.1966634
vn 0.9965821 0.0663706 -0.0491838
vn 0.9498413 0.2431563 -0.1966634
vn 0.9747164 0.2179655 -0.0491838
vn 0.8917145 0.4076380 -0.1966634
vn 0.9299292 0.3644348 -0.0491838
vn 0.8053584 0.5592150 -0.1966634
vn 0.8632737 0.5023340 -0.0491838
vn 0.6935068 0.6930886 -0.1966634
vn 0.7763175 0.6284203 -0.0491838
vn 0.5597006 0.8050210 -0.1966634
vn 0.6711054 0.7397286 -0.0491838
vn 0.8445825 -0.4137834 -0.3397995
vn 0.9057882 -0.2531485 -0.3397995
vn 0.9367341 -0.0840566 -0.3397995
vn 0.9363866 0.0878434 -0.3397995
vn 0.9047572 0.2568088 -0.3397995
vn 0.8429025 0.4171950 -0.3397995
vn 0.7528890 0.5636439 -0.3397995
vn 0.6377237 0.6912632 -0.3397995
vn 0.5012540 0.7957894 -0.3397995
vn 0.7959355 -0.3747696 -0.4754308
vn 0.8509559 -0.2232480 -0.4754308
vn 0.8774052 -0.0642307 -0.4754308
vn 0.8743956 0.0969430 -0.4754308
vn 0.8420279 0.2548619 -0.4754308
vn 0.7813889 0.4042238 -0.4754308
vn 0.6945147 0.5400138 -0.4754308
vn 0.5843220 0.6576727 -0.4754308
vn 0.4545106 0.7532501 -0.4754308
vn 0.7254502 -0.3362253 -0.6005619
vn 0.7746223 -0.1982062 -0.6005619
vn 0.7977843 -0.0535317 -0.6005619
vn 0.7941584 0.0929403 -0.6005619
vn 0.7638663 0.2362915 -0.6005619
vn 0.7079252 0.3717086 -0.6005619
vn 0.6282135 0.4946445 -0.6005619
vn 0.5274078 0.6009713 -0.6005619
vn 0.4088928 0.6871187 -0.6005619
vn 0.6348861 -0.2989388 -0.7124291
vn 0.6787737 -0.1780760 -0.7124291
vn 0.6998713 -0.0512343 -0.7124291
vn 0.6974706 0.0773276 -0.7124291
vn 0.6716522 0.2032932 -0.7124291
vn 0.6232829 0.3224333 -0.7124291
vn 0.5539868 0.4307475 -0.7124291
vn 0.4660904 0.5245993 -0.7124291
vn 0.3625450 0.6008376 -0.7124291
vn 0.5284030 -0.2588787 -0.8085617
vn 0.5666956 -0.1583793 -0.8085617
vn 0.5860566 -0.0525890 -0.8085617
vn 0.5858392 0.0549582 -0.8085617
vn 0.5660506 0.1606694 -0.8085617
vn 0.5273520 0.2610131 -0.8085617
vn 0.4710361 0.3526371 -0.8085617
vn 0.3989843 0.4324806 -0.8085617
vn 0.3136036 0.4978762 -0.8085617
vn 0.4136338 -0.2059801 -0.8868366
vn 0.4435903 -0.1294157 -0.8868366
vn 0.4595039 -0.0487543 -0.8868366
vn 0.4608707 0.0334505 -0.8868366
vn 0.4476477 0.1145964 -0.8868366
vn 0.4202533 0.1921144 -0.8868366
vn 0.3795548 0.2635506 -0.8868366
vn 0.3268406 0.3266435 -0.8868366
vn 0.2637795 0.3793958 -0.8868366
vn 0.3006060 -0.1249735 -0.9455251
vn 0.3161797 -0.0775420 -0.9455251
vn 0.3243181 -0.0282871 -0.9455251
vn 0.3248298 0.0216331 -0.9455251
vn 0.3177028 0.0710445 -0.9455251
vn 0.3031047 0.1187853 -0.9455251
vn 0.2813787 0.1637326 -0.9455251
vn 0.2530359 0.2048297 -0.9455251
vn 0.2187427 0.2411100 -0.9455251
vn -0.0468670 0.0153883 -0.9987826
vn -0.0486688 0.0080415 -0.9987826
vn -0.0493261 0.0005056 -0.9987826
vn -0.0488234 -0.0070422 -0.9987826
vn -0.0471726 -0.0144244 -0.9987826
vn -0.0444125 -0.0214674 -0.9987826
vn -0.0406080 -0.0280055 -0.9987826
vn -0.0358485 -0.0338851 -0.9987826
vn 0.5427765 -0.5354468 -0.6470629
vn 0.7579566 -0.5932400 -0.2712343
vn 0.8202189 -0.5620697 -0.1063895
vn 0.8476362 -0.5297834 -0.0290257
vn 0.8678850 -0.4962252 0.0231555
vn 0.8816777 -0.4688351 0.0532742
vn 0.8980914 -0.4320407 0.0822966
vn 0.9268044 -0.3544751 0.1240202
vn 0.6873535 0.6497078 0.3246921
vn 0.7786106 0.5369736 0.3246921
vn 0.8515578 0.4116119 0.3246921
vn 0.9044798 0.2765708 0.3246921
vn 0.9361320 0.1350258 0.3246921
vn 0.9457701 -0.0096945 0.3246921
vn 0.9331674 -0.1541868 0.3246921
vn 0.8986204 -0.2950532 0.3246921
vn 0.5576424 0.8272962 0.0679417
vn 0.4252255 0.9050096 -0.0118695
vn 0.3856245 0.9216497 -0.0430768
vn 0.4047016 0.9141612 -0.0229339
vn 0.4398223 0.8976246 0.0287481
vn 0.4660572 0.8805526 0.0861264
vn 0.4526123 0.8907994 0.0402309
vn 0.3315400 0.8499878 -0.4093921
vn -0.2524412 -0.5050688 -0.8253356
vn -0.3159663 -0.5690492 -0.7591761
vn -0.4123155 -0.5036344 -0.7591761
vn -0.3271574 -0.4602056 -0.8253356
vn -0.1717112 -0.5379000 -0.8253356
vn -0.2095021 -0.6162472 -0.7591761
vn -0.0868906 -0.5579168 -0.8253356
vn -0.0963312 -0.6437173 -0.7591761
vn -0.0000000 -0.5646425 -0.8253356
vn 0.0199235 -0.6505803 -0.7591761
vn 0.0868906 -0.5579168 -0.8253356
vn 0.1355405 -0.6366164 -0.7591761
vn 0.1717112 -0.5379000 -0.8253356
vn 0.2468184 -0.6022727 -0.7591761
vn 0.2524412 -0.5050688 -0.8253356
vn 0.3501949 -0.5486485 -0.7591761
vn 0.3271574 -0.4602056 -0.8253356
vn 0.4423608 -0.4774606 -0.7591761
vn -0.3468432 -0.6417005 -0.6840469
vn -0.4584139 -0.5673945 -0.6840469
vn -0.2235589 -0.6943351 -0.6840469
vn -0.0927246 -0.7235205 -0.6840469
vn 0.0412412 -0.7282712 -0.6840469
vn 0.1738143 -0.7084267 -0.6840469
vn 0.3005172 -0.6646572 -0.6840469
vn 0.4170711 -0.5984409 -0.6840469
vn 0.5195397 -0.5120140 -0.6840469
vn -0.3688270 -0.7091988 -0.6008358
vn -0.4926688 -0.6295028 -0.6008358
vn -0.2324668 -0.7648238 -0.6008358
vn -0.0882164 -0.7944899 -0.6008358
vn 0.0590281 -0.7971900 -0.6008358
vn 0.2042692 -0.7728327 -0.6008358
vn 0.3425771 -0.7222446 -0.6008358
vn 0.4692576 -0.6471426 -0.6008358
vn 0.5800110 -0.5500760 -0.6008358
vn -0.3921007 -0.7652583 -0.5105259
vn -0.5258365 -0.6803376 -0.5105259
vn -0.2450555 -0.8242033 -0.5105259
vn -0.0896922 -0.8551717 -0.5105259
vn 0.0687156 -0.8571123 -0.5105259
vn 0.2247910 -0.8299592 -0.5105259
vn 0.3732360 -0.7746342 -0.5105259
vn 0.5090121 -0.6930151 -0.5105259
vn 0.6275103 -0.5878725 -0.5105259
vn -0.4199591 -0.8075183 -0.4141842
vn -0.5609697 -0.7167737 -0.4141842
vn -0.2646947 -0.8708548 -0.4141842
vn -0.1004462 -0.9046336 -0.4141842
vn 0.0672115 -0.9077081 -0.4141842
vn 0.2325880 -0.8799740 -0.4141842
vn 0.3900701 -0.8223726 -0.4141842
vn 0.5343129 -0.7368590 -0.4141842
vn 0.6604205 -0.6263355 -0.4141842
vn -0.4516097 -0.8355308 -0.3129489
vn -0.5968811 -0.7387800 -0.3129489
vn -0.2910865 -0.9040640 -0.3129489
vn -0.1207327 -0.9420651 -0.3129489
vn 0.0536985 -0.9482507 -0.3129489
vn 0.2263161 -0.9224121 -0.3129489
vn 0.3912906 -0.8654216 -0.3129489
vn 0.5430504 -0.7792042 -0.3129489
vn 0.6764704 -0.6666715 -0.3129489
vn -0.4748219 -0.8551452 -0.2080162
vn -0.6196118 -0.7568424 -0.2080162
vn -0.3148317 -0.9260725 -0.2080162
vn -0.1447628 -0.9673536 -0.2080162
vn 0.0299403 -0.9776670 -0.2080162
vn 0.2036850 -0.9566827 -0.2080162
vn 0.3709091 -0.9050722 -0.2080162
vn 0.5262594 -0.8244879 -0.2080162
vn 0.6647627 -0.7175094 -0.2080162
vn -0.4448123 -0.8899531 -0.1006257
vn -0.5764654 -0.8109020 -0.1006257
vn -0.3025626 -0.9478029 -0.1006257
vn -0.1531050 -0.9830734 -0.1006257
vn -0.0000000 -0.9949243 -0.1006257
vn 0.1531050 -0.9830734 -0.1006257
vn 0.3025626 -0.9478029 -0.1006257
vn 0.4448123 -0.8899531 -0.1006257
vn 0.5764654 -0.8109020 -0.1006257
vn 0.3271574 0.4602056 0.8253356
vn 0.4123155 0.5036344 0.7591761
vn 0.3159663 0.5690492 0.7591761
vn 0.2524412 0.5050688 0.8253356
vn 0.2095021 0.6162472 0.7591761
vn 0.1717112 0.5379000 0.8253356
vn 0.0963312 0.6437173 0.7591761
vn 0.0868906 0.5579168 0.8253356
vn -0.0199235 0.6505803 0.7591761
vn 0.0000000 0.5646425 0.8253356
vn -0.1355405 0.6366164 0.7591761
vn -0.0868906 0.5579168 0.8253356
vn -0.2468184 0.6022727 0.7591761
vn -0.1717112 0.5379000 0.8253356
vn -0.3501949 0.5486485 0.7591761
vn -0.2524412 0.5050688 0.8253356
vn -0.4423608 0.4774606 0.7591761
vn -0.3271574 0.4602056 0.8253356
vn 0.4584139 0.5673945 0.6840469
vn 0.3468432 0.6417005 0.6840469
vn 0.2235589 0.6943351 0.6840469
vn 0.0927246 0.7235205 0.6840469
vn -0.0412412 0.7282712 0.6840469
vn -0.1738143 0.7084267 0.6840469
vn -0.3005172 0.6646572 0.6840469
vn -0.4170711 0.5984409 0.6840469
vn -0.5195397 0.5120140 0.6840469
vn 0.4926688 0.6295028 0.6008358
vn 0.3688270 0.7091988 0.6008358
vn 0.2324668 0.7648238 0.6008358
vn 0.0882164 0.7944899 0.6008358
vn -0.0590281 0.7971900 0.6008358
vn -0.2042692 0.7728327 0.6008358
vn -0.3425771 0.7222446 0.6008358
vn -0.4692576 0.6471426 0.6008358
vn -0.5800110 0.5500760 0.6008358
vn 0.5258365 0.6803376 0.5105259
vn 0.3921007 0.7652583 0.5105259
vn 0.2450555 0.8242033 0.5105259
vn 0.0896922 0.8551717 0.5105259
vn -0.0687156 0.8571123 0.5105259
vn -0.2247910 0.8299592 0.5105259
vn -0.3732360 0.7746342 0.5105259
vn -0.5090121 0.6930151 0.5105259
vn -0.6275103 0.5878725 0.5105259
vn 0.5609697 0.7167737 0.4141842
vn 0.4199591 0.8075183 0.4141842
vn 0.2646947 0.8708548 0.4141842
vn 0.1004462 0.9046336 0.4141842
vn -0.0672115 0.9077081 0.4141842
vn -0.2325880 0.8799740 0.4141842
vn -0.3900701 0.8223726 0.4141842
vn -0.5343129 0.7368590 0.4141842
vn -0.6604205 0.6263355 0.4141842
vn 0.5968811 0.7387800 0.3129489
vn 0.4516097 0.8355308 0.3129489
vn 0.2910865 0.9040640 0.3129489
vn 0.1207327 0.9420651 0.3129489
vn -0.0536985 0.9482507 0.3129489
vn -0.2263161 0.9224121 0.3129489
vn -0.3912906 0.8654216 0.3129489
vn -0.5430504 0.7792042 0.3129489
vn -0.6764704 0.6666715 0.3129489
vn 0.6196118 0.7568424 0.2080162
vn 0.4748219 0.8551452 0.2080162
vn 0.3148317 0.9260725 0.2080162
vn 0.1447628 0.9673536 0.2080162
vn -0.0299403 0.9776670 0.2080162
vn -0.2036850 0.9566827 0.2080162
vn -0.3709091 0.9050722 0.2080162
vn -0.5262594 0.8244879 0.2080162
vn -0.6647627 0.7175094 0.2080162
vn 0.5764654 0.8109020 0.1006257
vn 0.4448123 0.8899531 0.1006257
vn 0.3025626 0.9478029 0.1006257
vn 0.1531050 0.9830734 0.1006257
vn 0.0000000 0.9949243 0.1006257
vn -0.1531050 0.9830734 0.1006257
vn -0.3025626 0.9478029 0.1006257
vn -0.4448123 0.8899531 0.1006257
vn -0.5764654 0.8109020 0.1006257
vn 0.4252695 0.7082518 -0.5634938
vn 0.3112138 0.7652586 -0.5634938
vn 0.1897442 0.8040348 -0.5634938
vn 0.0637543 0.8236566 -0.5634938
vn -0.0637543 0.8236566 -0.5634938
vn -0.1897442 0.8040348 -0.5634938
vn -0.3112138 0.7652586 -0.5634938
vn -0.4252695 0.7082518 -0.5634938
vn 0.3343317 0.8732782 -0.3544115
vn 0.5499101 0.8131029 -0.1909517
vn 0.6267801 0.7724707 -0.1021548
vn 0.6662169 0.7447528 -0.0387086
vn 0.7018781 0.7109326 0.0440683
vn 0.7284164 0.6683318 0.1508054
vn 0.7339910 0.5754623 0.3606942
vn 0.5780862 0.3176924 0.7515902
vn 0.0519534 -0.0865242 0.9948942
vn 0.0380197 -0.0934884 0.9948942
vn 0.0231803 -0.0982256 0.9948942
vn 0.0077886 -0.1006227 0.9948942
vn -0.0077886 -0.1006227 0.9948942
vn -0.0231803 -0.0982256 0.9948942
vn -0.0380197 -0.0934884 0.9948942
vn -0.0519534 -0.0865242 0.9948942
vn -0.7258049 0.4515760 0.5189282
vn -0.7650807 0.6415555 -0.0553002
vn -0.7460341 0.6545708 -0.1223528
vn -0.7743491 0.6312514 -0.0436473
vn -0.8043503 0.5929171 0.0383387
vn -0.8216027 0.5640212 0.0827598
vn -0.7939360 0.6073431 0.0282849
vn -0.5711846 0.7920940 -0.2152564
vn -0.2379000 -0.9700436 0.0491838
vn -0.2746008 -0.9412321 0.1966634
vn -0.4370590 -0.8776690 0.1966634
vn -0.3834204 -0.9222634 0.0491838
vn -0.0867851 -0.9950122 0.0491838
vn -0.1034494 -0.9749983 0.1966634
vn 0.0663706 -0.9965821 0.0491838
vn 0.0709769 -0.9778987 0.1966634
vn 0.2179655 -0.9747164 0.0491838
vn 0.2431563 -0.9498413 0.1966634
vn 0.3644348 -0.9299292 0.0491838
vn 0.4076380 -0.8917145 0.1966634
vn 0.5023340 -0.8632737 0.0491838
vn 0.5592150 -0.8053584 0.1966634
vn 0.6284203 -0.7763175 0.0491838
vn 0.6930886 -0.6935068 0.1966634
vn 0.7397286 -0.6711054 0.0491838
vn 0.8050210 -0.5597006 0.1966634
vn -0.2531485 -0.9057882 0.3397995
vn -0.4137834 -0.8445825 0.3397995
vn -0.0840566 -0.9367341 0.3397995
vn 0.0878434 -0.9363866 0.3397995
vn 0.2568088 -0.9047572 0.3397995
vn 0.4171950 -0.8429025 0.3397995
vn 0.5636439 -0.7528890 0.3397995
vn 0.6912632 -0.6377237 0.3397995
vn 0.7957894 -0.5012540 0.3397995
vn -0.2232480 -0.8509559 0.4754308
vn -0.3747696 -0.7959355 0.4754308
vn -0.0642307 -0.8774052 0.4754308
vn 0.0969430 -0.8743956 0.4754308
vn 0.2548619 -0.8420279 0.4754308
vn 0.4042238 -0.7813889 0.4754308
vn 0.5400138 -0.6945147 0.4754308
vn 0.6576727 -0.5843220 0.4754308
vn 0.7532501 -0.4545106 0.4754308
vn -0.1982062 -0.7746223 0.6005619
vn -0.3362253 -0.7254502 0.6005619
vn -0.0535317 -0.7977843 0.6005619
vn 0.0929403 -0.7941584 0.6005619
vn 0.2362915 -0.7638663 0.6005619
vn 0.3717086 -0.7079252 0.6005619
vn 0.4946445 -0.6282135 0.6005619
vn 0.6009713 -0.5274078 0.6005619
vn 0.6871187 -0.4088928 0.6005619
vn -0.1780760 -0.6787737 0.7124291
vn -0.2989388 -0.6348861 0.7124291
vn -0.0512343 -0.6998713 0.7124291
vn 0.0773276 -0.6974706 0.7124291
vn 0.2032932 -0.6716522 0.7124291
vn 0.3224333 -0.6232829 0.7124291
vn 0.4307475 -0.5539868 0.7124291
vn 0.5245993 -0.4660904 0.7124291
vn 0.6008376 -0.3625450 0.7124291
vn -0.1583793 -0.5666956 0.8085617
vn -0.2588787 -0.5284030 0.8085617
vn -0.0525890 -0.5860566 0.8085617
vn 0.0549582 -0.5858392 0.8085617
vn 0.1606694 -0.5660506 0.8085617
vn 0.2610131 -0.5273520 0.8085617
vn 0.3526371 -0.4710361 0.8085617
vn 0.4324806 -0.3989843 0.8085617
vn 0.4978762 -0.3136036 0.8085617
vn -0.1294157 -0.4435903 0.8868366
vn -0.2059801 -0.4136338 0.8868366
vn -0.0487543 -0.4595039 0.8868366
vn 0.0334505 -0.4608707 0.8868366
vn 0.1145964 -0.4476477 0.8868366
vn 0.1921144 -0.4202533 0.8868366
vn 0.2635506 -0.3795548 0.8868366
vn 0.3266435 -0.3268406 0.8868366
vn 0.3793958 -0.2637795 0.8868366
vn -0.0775420 -0.3161797 0.9455251
vn -0.1249735 -0.3006060 0.9455251
vn -0.0282871 -0.3243181 0.9455251
vn 0.0216331 -0.3248298 0.9455251
vn 0.0710445 -0.3177028 0.9455251
vn 0.1187853 -0.3031047 0.9455251
vn 0.1637326 -0.2813787 0.9455251
vn 0.2048297 -0.2530359 0.9455251
vn 0.2411100 -0.2187427 0.9455251
vn 0.3834204 0.9222634 -0.0491838
vn 0.4370590 0.8776690 -0.1966634
vn 0.2746008 0.9412321 -0.1966634
vn 0.2379000 0.9700436 -0.0491838
vn 0.1034494 0.9749983 -0.1966634
vn 0.0867851 0.9950122 -0.0491838
vn -0.0709769 0.9778987 -0.1966634
vn -0.0663706 0.9965821 -0.0491838
vn -0.2431563 0.9498413 -0.1966634
vn -0.2179655 0.9747164 -0.0491838
vn -0.4076380 0.8917145 -0.1966634
vn -0.3644348 0.9299292 -0.0491838
vn -0.5592150 0.8053584 -0.1966634
vn -0.5023340 0.8632737 -0.0491838
vn -0.6930886 0.6935068 -0.1966634
vn -0.6284203 0.7763175 -0.0491838
vn -0.8050210 0.5597006 -0.1966634
vn -0.7397286 0.6711054 -0.0491838
vn 0.4137834 0.8445825 -0.3397995
vn 0.2531485 0.9057882 -0.3397995
vn 0.0840566 0.9367341 -0.3397995
vn -0.0878434 0.9363866 -0.3397995
vn -0.2568088 0.9047572 -0.3397995
vn -0.4171950 0.8429025 -0.3397995
vn -0.5636439 0.7528890 -0.3397995
vn -0.6912632 0.6377237 -0.3397995
vn -0.7957894 0.5012540 -0.3397995
vn 0.3747696 0.7959355 -0.4754308
vn 0.2232480 0.8509559 -0.4754308
vn 0.0642307 0.8774052 -0.4754308
vn -0.0969430 0.8743956 -0.4754308
vn -0.2548619 0.8420279 -0.4754308
vn -0.4042238 0.7813889 -0.4754308
vn -0.5400138 0.6945147 -0.4754308
vn -0.6576727 0.5843220 -0.4754308
vn -0.7532501 0.4545106 -0.4754308
vn 0.3362253 0.7254502 -0.6005619
vn 0.1982062 0.7746223 -0.6005619
vn 0.0535317 0.7977843 -0.6005619
vn -0.0929403 0.7941584 -0.6005619
vn -0.2362915 0.7638663 -0.6005619
vn -0.3717086 0.7079252 -0.6005619
vn -0.4946445 0.6282135 -0.6005619
vn -0.6009713 0.5274078 -0.6005619
vn -0.6871187 0.4088928 -0.6005619
vn 0.2989388 0.6348861 -0.7124291
vn 0.1780760 0.6787737 -0.7124291
vn 0.0512343 0.6998713 -0.7124291
vn -0.0773276 0.6974706 -0.7124291
vn -0.2032932 0.6716522 -0.7124291
vn -0.3224333 0.6232829 -0.7124291
vn -0.4307475 0.5539868 -0.7124291
vn -0.5245993 0.4660904 -0.7124291
vn -0.6008376 0.3625450 -0.7124291
vn 0.2588787 0.5284030 -0.8085617
vn 0.1583793 0.5666956 -0.8085617
vn 0.0525890 0.5860566 -0.8085617
vn -0.0549582 0.5858392 -0.8085617
vn -0.1606694 0.5660506 -0.8085617
vn -0.2610131 0.5273520 -0.8085617
vn -0.3526371 0.4710361 -0.8085617
vn -0.4324806 0.3989843 -0.8085617
vn -0.4978762 0.3136036 -0.8085617
vn 0.2059801 0.4136338 -0.8868366
vn 0.1294157 0.4435903 -0.8868366
vn 0.0487543 0.4595039 -0.8868366
vn -0.0334505 0.4608707 -0.8868366
vn -0.1145964 0.4476477 -0.8868366
vn -0.1921144 0.4202533 -0.8868366
vn -0.2635506 0.3795548 -0.8868366
vn -0.3266435 0.3268406 -0.8868366
vn -0.3793958 0.2637795 -0.8868366
vn 0.1249735 0.3006060 -0.9455251
vn 0.0775420 0.3161797 -0.9455251
vn 0.0282871 0.3243181 -0.9455251
vn -0.0216331 0.3248298 -0.9455251
vn -0.0710445 0.3177028 -0.9455251
vn -0.1187853 0.3031047 -0.9455251
vn -0.1637326 0.2813787 -0.9455251
vn -0.2048297 0.2530359 -0.9455251
vn -0.2411100 0.2187427 -0.9455251
vn -0.0153883 -0.0468670 -0.9987826
vn -0.0080415 -0.0486688 -0.9987826
vn -0.0005056 -0.0493261 -0.9987826
vn 0.0070422 -0.0488234 -0.9987826
vn 0.0144244 -0.0471726 -0.9987826
vn 0.0214674 -0.0444125 -0.9987826
vn 0.0280055 -0.0406080 -0.9987826
vn 0.0338851 -0.0358485 -0.9987826
vn 0.5354468 0.5427765 -0.6470629
vn 0.5932400 0.7579566 -0.2712343
vn 0.5620697 0.8202189 -0.1063895
vn 0.5297834 0.8476362 -0.0290257
vn 0.4962252 0.8678850 0.0231555
vn 0.4688351 0.8816777 0.0532742
vn 0.4320407 0.8980914 0.0822966
vn 0.3544751 0.9268044 0.1240202
vn -0.6497078 0.6873535 0.3246921
vn -0.5369736 0.7786106 0.3246921
vn -0.4116119 0.8515578 0.3246921
vn -0.2765708 0.9044798 0.3246921
vn -0.1350258 0.9361320 0.3246921
vn 0.0096945 0.9457701 0.3246921
vn 0.1541868 0.9331674 0.3246921
vn 0.2950532 0.8986204 0.3246921
vn -0.8272962 0.5576424 0.0679417
vn -0.9050096 0.4252255 -0.0118695
vn -0.9216497 0.3856245 -0.0430768
vn -0.9141612 0.4047016 -0.0229339
vn -0.8976246 0.4398223 0.0287481
vn -0.8805526 0.4660572 0.0861264
vn -0.8907994 0.4526123 0.0402309
vn -0.8499878 0.3315400 -0.4093921
vn 0.9919382 0.0976974 -0.0807084
vn 0.9950012 0.0979991 0.0192025
vn 0.9998156 0.0000000 0.0192025
vn 0.9967378 0.0000000 -0.0807084
vn 0.9775857 0.1944539 -0.0807084
vn 0.9806044 0.1950544 0.0192025
vn 0.9538186 0.2893377 -0.0807084
vn 0.9567639 0.2902312 0.0192025
vn 0.9208656 0.3814350 -0.0807084
vn 0.9237092 0.3826129 0.0192025
vn 0.8790442 0.4698589 -0.0807084
vn 0.8817587 0.4713098 0.0192025
vn 0.8287572 0.5537578 -0.0807084
vn 0.8313163 0.5554678 0.0192025
vn 0.7704887 0.6323237 -0.0807084
vn 0.7728679 0.6342763 0.0192025
vn 0.7048000 0.7048000 -0.0807084
vn 0.7069764 0.7069764 0.0192025
vn 0.6323237 0.7704887 -0.0807084
vn 0.6342763 0.7728679 0.0192025
vn 0.5537578 0.8287572 -0.0807084
vn 0.5554678 0.8313163 0.0192025
vn 0.4698589 0.8790442 -0.0807084
vn 0.4713098 0.8817587 0.0192025
vn 0.3814350 0.9208656 -0.0807084
vn 0.3826129 0.9237092 0.0192025
vn 0.2893377 0.9538186 -0.0807084
vn 0.2902312 0.9567639 0.0192025
vn 0.1944539 0.9775857 -0.0807084
vn 0.1950544 0.9806044 0.0192025
vn 0.0976974 0.9919382 -0.0807084
vn 0.0979991 0.9950012 0.0192025
vn 0.0000000 0.9967378 -0.0807084
vn 0.0000000 0.9998156 0.0192025
vn -0.0976974 0.9919382 -0.0807084
vn -0.0979991 0.9950012 0.0192025
vn -0.1944539 0.9775857 -0.0807084
vn -0.1950544 0.9806044 0.0192025
vn -0.2893377 0.9538186 -0.0807084
vn -0.2902312 0.9567639 0.0192025
vn -0.3814350 0.9208656 -0.0807084
vn -0.3826129 0.9237092 0.0192025
vn -0.4698589 0.8790442 -0.0807084
vn -0.4713098 0.8817587 0.0192025
vn -0.5537578 0.8287572 -0.0807084
vn -0.5554678 0.8313163 0.0192025
vn -0.6323237 0.7704887 -0.0807084
vn -0.6342763 0.7728679 0.0192025
vn -0.7048000 0.7048000 -0.0807084
vn -0.7069764 0.7069764 0.0192025
vn -0.7704887 0.6323237 -0.0807084
vn -0.7728679 0.6342763 0.0192025
vn -0.8287572 0.5537578 -0.0807084
vn -0.8313163 0.5554678 0.0192025
vn -0.8790442 0.4698589 -0.0807084
vn -0.8817587 0.4713098 0.0192025
vn -0.9208656 0.3814350 -0.0807084
vn -0.9237092 0.3826129 0.0192025
vn -0.9538186 0.2893377 -0.0807084
vn -0.9567639 0.2902312 0.0192025
vn -0.9775857 0.1944539 -0.0807084
vn -0.9806044 0.1950544 0.0192025
vn -0.9919382 0.0976974 -0.0807084
vn -0.9950012 0.0979991 0.0192025
vn -0.9967378 0.0000000 -0.0807084
vn -0.9998156 0.0000000 0.0192025
vn -0.9919382 -0.0976974 -0.0807084
vn -0.9950012 -0.0979991 0.0192025
vn -0.9775857 -0.1944539 -0.0807084
vn -0.9806044 -0.1950544 0.0192025
vn -0.9538186 -0.2893377 -0.0807084
vn -0.9567639 -0.2902312 0.0192025
vn -0.9208656 -0.3814350 -0.0807084
vn -0.9237092 -0.3826129 0.0192025
vn -0.8790442 -0.4698589 -0.0807084
vn -0.8817587 -0.4713098 0.0192025
vn -0.8287572 -0.5537578 -0.0807084
vn -0.8313163 -0.5554678 0.0192025
vn -0.7704887 -0.6323237 -0.0807084
vn -0.7728679 -0.6342763 0.0192025
vn -0.7048000 -0.7048000 -0.0807084
vn -0.7069764 -0.7069764 0.0192025
vn -0.6323237 -0.7704887 -0.0807084
vn -0.6342763 -0.7728679 0.0192025
vn -0.5537578 -0.8287572 -0.0807084
vn -0.5554678 -0.8313163 0.0192025
vn -0.4698589 -0.8790442 -0.0807084
vn -0.4713098 -0.8817587 0.0192025
vn -0.3814350 -0.9208656 -0.0807084
vn -0.3826129 -0.9237092 0.0192025
vn -0.2893377 -0.9538186 -0.0807084
vn -0.2902312 -0.9567639 0.0192025
vn -0.1944539 -0.9775857 -0.0807084
vn -0.1950544 -0.9806044 0.0192025
vn -0.0976974 -0.9919382 -0.0807084
vn -0.0979991 -0.9950012 0.0192025
vn -0.0000000 -0.9967378 -0.0807084
vn -0.0000000 -0.9998156 0.0192025
vn 0.0976974 -0.9919382 -0.0807084
vn 0.0979991 -0.9950012 0.0192025
vn 0.1944539 -0.9775857 -0.0807084
vn 0.1950544 -0.9806044 0.0192025
vn 0.2893377 -0.9538186 -0.0807084
vn 0.2902312 -0.9567639 0.0192025
vn 0.3814350 -0.9208656 -0.0807084
vn 0.3826129 -0.9237092 0.0192025
vn 0.4698589 -0.8790442 -0.0807084
vn 0.4713098 -0.8817587 0.0192025
vn 0.5537578 -0.8287572 -0.0807084
vn 0.5554678 -0.8313163 0.0192025
vn 0.6323237 -0.7704887 -0.0807084
vn 0.6342763 -0.7728679 0.0192025
vn 0.7048000 -0.7048000 -0.0807084
vn 0.7069764 -0.7069764 0.0192025
vn 0.7704887 -0.6323237 -0.0807084
vn 0.7728679 -0.6342763 0.0192025
vn 0.8287572 -0.5537578 -0.0807084
vn 0.8313163 -0.5554678 0.0192025
vn 0.8790442 -0.4698589 -0.0807084
vn 0.8817587 -0.4713098 0.0192025
vn 0.9208656 -0.3814350 -0.0807084
vn 0.9237092 -0.3826129 0.0192025
vn 0.9538186 -0.2893377 -0.0807084
vn 0.9567639 -0.2902312 0.0192025
vn 0.9775857 -0.1944539 -0.0807084
vn 0.9806044 -0.1950544 0.0192025
vn 0.9919382 -0.0976974 -0.0807084
vn 0.9950012 -0.0979991 0.0192025
vn 0.9967378 -0.0000000 -0.0807084
vn 0.9998156 -0.0000000 0.0192025
vn 0.9934579 0.0896534 -0.0707372
vn 0.9959360 0.0898770 -0.0057963
vn 0.9999332 0.0099997 -0.0057963
vn 0.9974451 0.0099748 -0.0707372
vn 0.9364026 0.3437244 -0.0707372
vn 0.9387384 0.3445818 -0.0057963
vn 0.9632732 0.2684607 -0.0057963
vn 0.9608763 0.2677927 -0.0707372
vn 0.8155330 0.5743711 -0.0707372
vn 0.8175674 0.5758038 -0.0057963
vn 0.8609677 0.5086266 -0.0057963
vn 0.8588254 0.5073610 -0.0707372
vn 0.6390863 0.7658753 -0.0707372
vn 0.6406804 0.7677858 -0.0057963
vn 0.6999887 0.7141304 -0.0057963
vn 0.6982470 0.7123534 -0.0707372
vn 0.4190868 0.9051864 -0.0707372
vn 0.4201322 0.9074444 -0.0057963
vn 0.4913066 0.8709674 -0.0057963
vn 0.4900841 0.8688002 -0.0707372
vn 0.1705273 0.9828106 -0.0707372
vn 0.1709527 0.9852622 -0.0057963
vn 0.2491428 0.9684494 -0.0057963
vn 0.2485229 0.9660397 -0.0707372
vn -0.0896534 0.9934579 -0.0707372
vn -0.0898770 0.9959360 -0.0057963
vn -0.0099997 0.9999332 -0.0057963
vn -0.0099748 0.9974451 -0.0707372
vn -0.3437244 0.9364026 -0.0707372
vn -0.3445818 0.9387384 -0.0057963
vn -0.2684607 0.9632732 -0.0057963
vn -0.2677927 0.9608763 -0.0707372
vn -0.5743711 0.8155330 -0.0707372
vn -0.5758038 0.8175674 -0.0057963
vn -0.5086266 0.8609677 -0.0057963
vn -0.5073610 0.8588254 -0.0707372
vn -0.7658753 0.6390863 -0.0707372
vn -0.7677858 0.6406804 -0.0057963
vn -0.7141304 0.6999887 -0.0057963
vn -0.7123534 0.6982470 -0.0707372
vn -0.9051864 0.4190868 -0.0707372
vn -0.9074444 0.4201322 -0.0057963
vn -0.8709674 0.4913066 -0.0057963
vn -0.8688002 0.4900841 -0.0707372
vn -0.9828106 0.1705273 -0.0707372
vn -0.9852622 0.1709527 -0.0057963
vn -0.9684494 0.2491428 -0.0057963
vn -0.9660397 0.2485229 -0.0707372
vn -0.9934579 -0.0896534 -0.0707372
vn -0.9959360 -0.0898770 -0.0057963
vn -0.9999332 -0.0099997 -0.0057963
vn -0.9974451 -0.0099748 -0.0707372
vn -0.9364026 -0.3437244 -0.0707372
vn -0.9387384 -0.3445818 -0.0057963
vn -0.9632732 -0.2684607 -0.0057963
vn -0.9608763 -0.2677927 -0.0707372
vn -0.8155330 -0.5743711 -0.0707372
vn -0.8175674 -0.5758038 -0.0057963
vn -0.8609677 -0.5086266 -0.0057963
vn -0.8588254 -0.5073610 -0.0707372
vn -0.6390863 -0.7658753 -0.0707372
vn -0.6406804 -0.7677858 -0.0057963
vn -0.6999887 -0.7141304 -0.0057963
vn -0.6982470 -0.7123534 -0.0707372
vn -0.4190868 -0.9051864 -0.0707372
vn -0.4201322 -0.9074444 -0.0057963
vn -0.4913066 -0.8709674 -0.0057963
vn -0.4900841 -0.8688002 -0.0707372
vn -0.1705273 -0.9828106 -0.0707372
vn -0.1709527 -0.9852622 -0.0057963
vn -0.2491428 -0.9684494 -0.0057963
vn -0.2485229 -0.9660397 -0.0707372
vn 0.0896534 -0.9934579 -0.0707372
vn 0.0898770 -0.9959360 -0.0057963
vn 0.0099997 -0.9999332 -0.0057963
vn 0.0099748 -0.9974451 -0.0707372
vn 0.3437244 -0.9364026 -0.0707372
vn 0.3445818 -0.9387384 -0.0057963
vn 0.2684607 -0.9632732 -0.0057963
vn 0.2677927 -0.9608763 -0.0707372
vn 0.5743711 -0.8155330 -0.0707372
vn 0.5758038 -0.8175674 -0.0057963
vn 0.5086266 -0.8609677 -0.0057963
vn 0.5073610 -0.8588254 -0.0707372
vn 0.7658753 -0.6390863 -0.0707372
vn 0.7677858 -0.6406804 -0.0057963
vn 0.7141304 -0.6999887 -0.0057963
vn 0.7123534 -0.6982470 -0.0707372
vn 0.9051864 -0.4190868 -0.0707372
vn 0.9074444 -0.4201322 -0.0057963
vn 0.8709674 -0.4913066 -0.0057963
vn 0.8688002 -0.4900841 -0.0707372
vn 0.9828106 -0.1705273 -0.0707372
vn 0.9852622 -0.1709527 -0.0057963
vn 0.9684494 -0.2491428 -0.0057963
vn 0.9660397 -0.2485229 -0.0707372
vn 0.2684172 0.0719222 0.9606141
vn 0.1802685 0.0483028 0.9824307
vn 0.1866277 0.0000000 0.9824307
vn 0.2778859 0.0000000 0.9606141
vn 0.2406563 0.1389430 0.9606141
vn 0.1616243 0.0933139 0.9824307
vn 0.1964950 0.1964950 0.9606141
vn 0.1319657 0.1319657 0.9824307
vn 0.1389430 0.2406563 0.9606141
vn 0.0933139 0.1616243 0.9824307
vn 0.0719222 0.2684172 0.9606141
vn 0.0483028 0.1802685 0.9824307
vn 0.0000000 0.2778859 0.9606141
vn 0.0000000 0.1866277 0.9824307
vn -0.0719222 0.2684172 0.9606141
vn -0.0483028 0.1802685 0.9824307
vn -0.1389430 0.2406563 0.9606141
vn -0.0933139 0.1616243 0.9824307
vn -0.1964950 0.1964950 0.9606141
vn -0.1319657 0.1319657 0.9824307
vn -0.2406563 0.1389430 0.9606141
vn -0.1616243 0.0933139 0.9824307
vn -0.2684172 0.0719222 0.9606141
vn -0.1802685 0.0483028 0.9824307
vn -0.2778859 0.0000000 0.9606141
vn -0.1866277 0.0000000 0.9824307
vn -0.2684172 -0.0719222 0.9606141
vn -0.1802685 -0.0483028 0.9824307
vn -0.2406563 -0.1389430 0.9606141
vn -0.1616243 -0.0933139 0.9824307
vn -0.1964950 -0.1964950 0.9606141
vn -0.1319657 -0.1319657 0.9824307
vn -0.1389430 -0.2406563 0.9606141
vn -0.0933139 -0.1616243 0.9824307
vn -0.0719222 -0.2684172 0.9606141
vn -0.0483028 -0.1802685 0.9824307
vn -0.0000000 -0.2778859 0.9606141
vn -0.0000000 -0.1866277 0.9824307
vn 0.0719222 -0.2684172 0.9606141
vn 0.0483028 -0.1802685 0.9824307
vn 0.1389430 -0.2406563 0.9606141
vn 0.0933139 -0.1616243 0.9824307
vn 0.1964950 -0.1964950 0.9606141
vn 0.1319657 -0.1319657 0.9824307
vn 0.2406563 -0.1389430 0.9606141
vn 0.1616243 -0.0933139 0.9824307
vn 0.2684172 -0.0719222 0.9606141
vn 0.1802685 -0.0483028 0.9824307
vn 0.2778859 -0.0000000 0.9606141
vn 0.1866277 -0.0000000 0.9824307
vn 0.0905328 0.0242582 0.9955980
vn 0.0937264 0.0000000 0.9955980
vn 0.0811695 0.0468632 0.9955980
vn 0.0662746 0.0662746 0.9955980
vn 0.0468632 0.0811695 0.9955980
vn 0.0242582 0.0905328 0.9955980
vn 0.0000000 0.0937264 0.9955980
vn -0.0242582 0.0905328 0.9955980
vn -0.0468632 0.0811695 0.9955980
vn -0.0662746 0.0662746 0.9955980
vn -0.0811695 0.0468632 0.9955980
vn -0.0905328 0.0242582 0.9955980
vn -0.0937264 0.0000000 0.9955980
vn -0.0905328 -0.0242582 0.9955980
vn -0.0811695 -0.0468632 0.9955980
vn -0.0662746 -0.0662746 0.9955980
vn -0.0468632 -0.0811695 0.9955980
vn -0.0242582 -0.0905328 0.9955980
vn -0.0000000 -0.0937264 0.9955980
vn 0.0242582 -0.0905328 0.9955980
vn 0.0468632 -0.0811695 0.9955980
vn 0.0662746 -0.0662746 0.9955980
vn 0.0811695 -0.0468632 0.9955980
vn 0.0905328 -0.0242582 0.9955980
vn 0.0937264 -0.0000000 0.9955980
vn -0.9495999 -0.0622401 -0.3072235
vn -0.9333519 -0.1856552 -0.3072235
vn -0.9011341 -0.3058938 -0.3072235
vn -0.8534976 -0.4208985 -0.3072235
vn -0.7912576 -0.5287014 -0.3072235
vn -0.7154789 -0.6274581 -0.3072235
vn -0.6274581 -0.7154789 -0.3072235
vn -0.5287014 -0.7912576 -0.3072235
vn -0.4208985 -0.8534976 -0.3072235
vn -0.3058938 -0.9011341 -0.3072235
vn -0.1856552 -0.9333519 -0.3072235
vn -0.0622401 -0.9495999 -0.3072235
vn 0.0622401 -0.9495999 -0.3072235
vn 0.1856552 -0.9333519 -0.3072235
vn 0.3058938 -0.9011341 -0.3072235
vn 0.4208985 -0.8534976 -0.3072235
vn 0.5287014 -0.7912576 -0.3072235
vn 0.6274581 -0.7154789 -0.3072235
vn 0.7154789 -0.6274581 -0.3072235
vn 0.7912576 -0.5287014 -0.3072235
vn 0.8534976 -0.4208985 -0.3072235
vn 0.9011341 -0.3058938 -0.3072235
vn 0.9333519 -0.1856552 -0.3072235
vn 0.9495999 -0.0622401 -0.3072235
vn 0.9495999 0.0622401 -0.3072235
vn 0.9333519 0.1856552 -0.3072235
vn 0.9011341 0.3058938 -0.3072235
vn 0.8534976 0.4208985 -0.3072235
vn 0.7912576 0.5287014 -0.3072235
vn 0.7154789 0.6274581 -0.3072235
vn 0.6274581 0.7154789 -0.3072235
vn 0.5287014 0.7912576 -0.3072235
vn 0.4208985 0.8534976 -0.3072235
vn 0.3058938 0.9011341 -0.3072235
vn 0.1856552 0.9333519 -0.3072235
vn 0.0622401 0.9495999 -0.3072235
vn -0.0622401 0.9495999 -0.3072235
vn -0.1856552 0.9333519 -0.3072235
vn -0.3058938 0.9011341 -0.3072235
vn -0.4208985 0.8534976 -0.3072235
vn -0.5287014 0.7912576 -0.3072235
vn -0.6274581 0.7154789 -0.3072235
vn -0.7154789 0.6274581 -0.3072235
vn -0.7912576 0.5287014 -0.3072235
vn -0.8534976 0.4208985 -0.3072235
vn -0.9011341 0.3058938 -0.3072235
vn -0.9333519 0.1856552 -0.3072235
vn -0.9495999 0.0622401 -0.3072235
vn 0.0000000 0.0000000 -1.0000000
vn -0.0000000 0.0000000 -1.0000000
vn 0.0000000 -0.0000000 -1.0000000
vn 0.8519505 0.0558398 -0.5206364
vn 0.8373734 0.1665639 -0.5206364
vn 0.8084686 0.2744381 -0.5206364
vn 0.7657307 0.3776166 -0.5206364
vn 0.7098909 0.4743339 -0.5206364
vn 0.6419047 0.5629353 -0.5206364
vn 0.5629353 0.6419047 -0.5206364
vn 0.4743339 0.7098909 -0.5206364
vn 0.3776166 0.7657307 -0.5206364
vn 0.2744381 0.8084686 -0.5206364
vn 0.1665639 0.8373734 -0.5206364
vn 0.0558398 0.8519505 -0.5206364
vn -0.0558398 0.8519505 -0.5206364
vn -0.1665639 0.8373734 -0.5206364
vn -0.2744381 0.8084686 -0.5206364
vn -0.3776166 0.7657307 -0.5206364
vn -0.4743339 0.7098909 -0.5206364
vn -0.5629353 0.6419047 -0.5206364
vn -0.6419047 0.5629353 -0.5206364
vn -0.7098909 0.4743339 -0.5206364
vn -0.7657307 0.3776166 -0.5206364
vn -0.8084686 0.2744381 -0.5206364
vn -0.8373734 0.1665639 -0.5206364
vn -0.8519505 0.0558398 -0.5206364
vn -0.8519505 -0.0558398 -0.5206364
vn -0.8373734 -0.1665639 -0.5206364
vn -0.8084686 -0.2744381 -0.5206364
vn -0.7657307 -0.3776166 -0.5206364
vn -0.7098909 -0.4743339 -0.5206364
vn -0.6419047 -0.5629353 -0.5206364
vn -0.5629353 -0.6419047 -0.5206364
vn -0.4743339 -0.7098909 -0.5206364
vn -0.3776166 -0.7657307 -0.5206364
vn -0.2744381 -0.8084686 -0.5206364
vn -0.1665639 -0.8373734 -0.5206364
vn -0.0558398 -0.8519505 -0.5206364
vn 0.0558398 -0.8519505 -0.5206364
vn 0.1665639 -0.8373734 -0.5206364
vn 0.2744381 -0.8084686 -0.5206364
vn 0.3776166 -0.7657307 -0.5206364
vn 0.4743339 -0.7098909 -0.5206364
vn 0.5629353 -0.6419047 -0.5206364
vn 0.6419047 -0.5629353 -0.5206364
vn 0.7098909 -0.4743339 -0.5206364
vn 0.7657307 -0.3776166 -0.5206364
vn 0.8084686 -0.2744381 -0.5206364
vn 0.8373734 -0.1665639 -0.5206364
vn 0.8519505 -0.0558398 -0.5206364
vn 0.9878722 0.0647486 -0.1411246
vn 0.9709694 0.1931378 -0.1411246
vn 0.9374531 0.3182224 -0.1411246
vn 0.8878967 0.4378622 -0.1411246
vn 0.8231481 0.5500100 -0.1411246
vn 0.7443153 0.6527470 -0.1411246
vn 0.6527470 0.7443153 -0.1411246
vn 0.5500100 0.8231481 -0.1411246
vn 0.4378622 0.8878967 -0.1411246
vn 0.3182224 0.9374531 -0.1411246
vn 0.1931378 0.9709694 -0.1411246
vn 0.0647486 0.9878722 -0.1411246
vn -0.0647486 0.9878722 -0.1411246
vn -0.1931378 0.9709694 -0.1411246
vn -0.3182224 0.9374531 -0.1411246
vn -0.4378622 0.8878967 -0.1411246
vn -0.5500100 0.8231481 -0.1411246
vn -0.6527470 0.7443153 -0.1411246
vn -0.7443153 0.6527470 -0.1411246
vn -0.8231481 0.5500100 -0.1411246
vn -0.8878967 0.4378622 -0.1411246
vn -0.9374531 0.3182224 -0.1411246
vn -0.9709694 0.1931378 -0.1411246
vn -0.9878722 0.0647486 -0.1411246
vn -0.9878722 -0.0647486 -0.1411246
vn -0.9709694 -0.1931378 -0.1411246
vn -0.9374531 -0.3182224 -0.1411246
vn -0.8878967 -0.4378622 -0.1411246
vn -0.8231481 -0.5500100 -0.1411246
vn -0.7443153 -0.6527470 -0.1411246
vn -0.6527470 -0.7443153 -0.1411246
vn -0.5500100 -0.8231481 -0.1411246
vn -0.4378622 -0.8878967 -0.1411246
vn -0.3182224 -0.9374531 -0.1411246
vn -0.1931378 -0.9709694 -0.1411246
vn -0.0647486 -0.9878722 -0.1411246
vn 0.0647486 -0.9878722 -0.1411246
vn 0.1931378 -0.9709694 -0.1411246
vn 0.3182224 -0.9374531 -0.1411246
vn 0.4378622 -0.8878967 -0.1411246
vn 0.5500100 -0.8231481 -0.1411246
vn 0.6527470 -0.7443153 -0.1411246
vn 0.7443153 -0.6527470 -0.1411246
vn 0.8231481 -0.5500100 -0.1411246
vn 0.8878967 -0.4378622 -0.1411246
vn 0.9374531 -0.3182224 -0.1411246
vn 0.9709694 -0.1931378 -0.1411246
vn 0.9878722 -0.0647486 -0.1411246
vn 0.7709441 0.0505303 0.6348952
vn 0.7577530 0.1507265 0.6348952
vn 0.7315966 0.2483436 0.6348952
vn 0.6929224 0.3417115 0.6348952
vn 0.6423920 0.4292326 0.6348952
vn 0.5808702 0.5094095 0.6348952
vn 0.5094095 0.5808702 0.6348952
vn 0.4292326 0.6423920 0.6348952
vn 0.3417115 0.6929224 0.6348952
vn 0.2483436 0.7315966 0.6348952
vn 0.1507265 0.7577530 0.6348952
vn 0.0505303 0.7709441 0.6348952
vn -0.0505303 0.7709441 0.6348952
vn -0.1507265 0.7577530 0.6348952
vn -0.2483436 0.7315966 0.6348952
vn -0.3417115 0.6929224 0.6348952
vn -0.4292326 0.6423920 0.6348952
vn -0.5094095 0.5808702 0.6348952
vn -0.5808702 0.5094095 0.6348952
vn -0.6423920 0.4292326 0.6348952
vn -0.6929224 0.3417115 0.6348952
vn -0.7315966 0.2483436 0.6348952
vn -0.7577530 0.1507265 0.6348952
vn -0.7709441 0.0505303 0.6348952
vn -0.7709441 -0.0505303 0.6348952
vn -0.7577530 -0.1507265 0.6348952
vn -0.7315966 -0.2483436 0.6348952
vn -0.6929224 -0.3417115 0.6348952
vn -0.6423920 -0.4292326 0.6348952
vn -0.5808702 -0.5094095 0.6348952
vn -0.5094095 -0.5808702 0.6348952
vn -0.4292326 -0.6423920 0.6348952
vn -0.3417115 -0.6929224 0.6348952
vn -0.2483436 -0.7315966 0.6348952
vn -0.1507265 -0.7577530 0.6348952
vn -0.0505303 -0.7709441 0.6348952
vn 0.0505303 -0.7709441 0.6348952
vn 0.1507265 -0.7577530 0.6348952
vn 0.2483436 -0.7315966 0.6348952
vn 0.3417115 -0.6929224 0.6348952
vn 0.4292326 -0.6423920 0.6348952
vn 0.5094095 -0.5808702 0.6348952
vn 0.5808702 -0.5094095 0.6348952
vn 0.6423920 -0.4292326 0.6348952
vn 0.6929224 -0.3417115 0.6348952
vn 0.7315966 -0.2483436 0.6348952
vn 0.7577530 -0.1507265 0.6348952
vn 0.7709441 -0.0505303 0.6348952
vn 0.5296794 0.0347170 -0.8474871
vn 0.5206165 0.1035571 -0.8474871
vn 0.5026456 0.1706252 -0.8474871
vn 0.4760744 0.2347739 -0.8474871
vn 0.4413573 0.2949055 -0.8474871
vn 0.3990886 0.3499913 -0.8474871
vn 0.3499913 0.3990886 -0.8474871
vn 0.2949055 0.4413573 -0.8474871
vn 0.2347739 0.4760744 -0.8474871
vn 0.1706252 0.5026456 -0.8474871
vn 0.1035571 0.5206165 -0.8474871
vn 0.0347170 0.5296794 -0.8474871
vn -0.0347170 0.5296794 -0.8474871
vn -0.1035571 0.5206165 -0.8474871
vn -0.1706252 0.5026456 -0.8474871
vn -0.2347739 0.4760744 -0.8474871
vn -0.2949055 0.4413573 -0.8474871
vn -0.3499913 0.3990886 -0.8474871
vn -0.3990886 0.3499913 -0.8474871
vn -0.4413573 0.2949055 -0.8474871
vn -0.4760744 0.2347739 -0.8474871
vn -0.5026456 0.1706252 -0.8474871
vn -0.5206165 0.1035571 -0.8474871
vn -0.5296794 0.0347170 -0.8474871
vn -0.5296794 -0.0347170 -0.8474871
vn -0.5206165 -0.1035571 -0.8474871
vn -0.5026456 -0.1706252 -0.8474871
vn -0.4760744 -0.2347739 -0.8474871
vn -0.4413573 -0.2949055 -0.8474871
vn -0.3990886 -0.3499913 -0.8474871
vn -0.3499913 -0.3990886 -0.8474871
vn -0.2949055 -0.4413573 -0.8474871
vn -0.2347739 -0.4760744 -0.8474871
vn -0.1706252 -0.5026456 -0.8474871
vn -0.1035571 -0.5206165 -0.8474871
vn -0.0347170 -0.5296794 -0.8474871
vn 0.0347170 -0.5296794 -0.8474871
vn 0.1035571 -0.5206165 -0.8474871
vn 0.1706252 -0.5026456 -0.8474871
vn 0.2347739 -0.4760744 -0.8474871
vn 0.2949055 -0.4413573 -0.8474871
vn 0.3499913 -0.3990886 -0.8474871
vn 0.3990886 -0.3499913 -0.8474871
vn 0.4413573 -0.2949055 -0.8474871
vn 0.4760744 -0.2347739 -0.8474871
vn 0.5026456 -0.1706252 -0.8474871
vn 0.5206165 -0.1035571 -0.8474871
vn 0.5296794 -0.0347170 -0.8474871
vn 0.8877810 0.0581882 -0.4565731
vn 0.8725908 0.1735691 -0.4565731
vn 0.8424704 0.2859802 -0.4565731
vn 0.7979350 0.3934980 -0.4565731
vn 0.7397468 0.4942830 -0.4565731
vn 0.6689013 0.5866107 -0.4565731
vn 0.5866107 0.6689013 -0.4565731
vn 0.4942830 0.7397468 -0.4565731
vn 0.3934980 0.7979350 -0.4565731
vn 0.2859802 0.8424704 -0.4565731
vn 0.1735691 0.8725908 -0.4565731
vn 0.0581882 0.8877810 -0.4565731
vn -0.0581882 0.8877810 -0.4565731
vn -0.1735691 0.8725908 -0.4565731
vn -0.2859802 0.8424704 -0.4565731
vn -0.3934980 0.7979350 -0.4565731
vn -0.4942830 0.7397468 -0.4565731
vn -0.5866107 0.6689013 -0.4565731
vn -0.6689013 0.5866107 -0.4565731
vn -0.7397468 0.4942830 -0.4565731
vn -0.7979350 0.3934980 -0.4565731
vn -0.8424704 0.2859802 -0.4565731
vn -0.8725908 0.1735691 -0.4565731
vn -0.8877810 0.0581882 -0.4565731
vn -0.8877810 -0.0581882 -0.4565731
vn -0.8725908 -0.1735691 -0.4565731
vn -0.8424704 -0.2859802 -0.4565731
vn -0.7979350 -0.3934980 -0.4565731
vn -0.7397468 -0.4942830 -0.4565731
vn -0.6689013 -0.5866107 -0.4565731
vn -0.5866107 -0.6689013 -0.4565731
vn -0.4942830 -0.7397468 -0.4565731
vn -0.3934980 -0.7979350 -0.4565731
vn -0.2859802 -0.8424704 -0.4565731
vn -0.1735691 -0.8725908 -0.4565731
vn -0.0581882 -0.8877810 -0.4565731
vn 0.0581882 -0.8877810 -0.4565731
vn 0.1735691 -0.8725908 -0.4565731
vn 0.2859802 -0.8424704 -0.4565731
vn 0.3934980 -0.7979350 -0.4565731
vn 0.4942830 -0.7397468 -0.4565731
vn 0.5866107 -0.6689013 -0.4565731
vn 0.6689013 -0.5866107 -0.4565731
vn 0.7397468 -0.4942830 -0.4565731
vn 0.7979350 -0.3934980 -0.4565731
vn 0.8424704 -0.2859802 -0.4565731
vn 0.8725908 -0.1735691 -0.4565731
vn 0.8877810 -0.0581882 -0.4565731
vn -0.5365434 -0.0351669 -0.8431396
vn -0.5273630 -0.1048990 -0.8431396
vn -0.5091593 -0.1728363 -0.8431396
vn -0.4822437 -0.2378163 -0.8431396
vn -0.4470768 -0.2987271 -0.8431396
vn -0.4042602 -0.3545267 -0.8431396
vn -0.3545267 -0.4042602 -0.8431396
vn -0.2987271 -0.4470768 -0.8431396
vn -0.2378163 -0.4822437 -0.8431396
vn -0.1728363 -0.5091593 -0.8431396
vn -0.1048990 -0.5273630 -0.8431396
vn -0.0351669 -0.5365434 -0.8431396
vn 0.0351669 -0.5365434 -0.8431396
vn 0.1048990 -0.5273630 -0.8431396
vn 0.1728363 -0.5091593 -0.8431396
vn 0.2378163 -0.4822437 -0.8431396
vn 0.2987271 -0.4470768 -0.8431396
vn 0.3545267 -0.4042602 -0.8431396
vn 0.4042602 -0.3545267 -0.8431396
vn 0.4470768 -0.2987271 -0.8431396
vn 0.4822437 -0.2378163 -0.8431396
vn 0.5091593 -0.1728363 -0.8431396
vn 0.5273630 -0.1048990 -0.8431396
vn 0.5365434 -0.0351669 -0.8431396
vn 0.5365434 0.0351669 -0.8431396
vn 0.5273630 0.1048990 -0.8431396
vn 0.5091593 0.1728363 -0.8431396
vn 0.4822437 0.2378163 -0.8431396
vn 0.4470768 0.2987271 -0.8431396
vn 0.4042602 0.3545267 -0.8431396
vn 0.3545267 0.4042602 -0.8431396
vn 0.2987271 0.4470768 -0.8431396
vn 0.2378163 0.4822437 -0.8431396
vn 0.1728363 0.5091593 -0.8431396
vn 0.1048990 0.5273630 -0.8431396
vn 0.0351669 0.5365434 -0.8431396
vn -0.0351669 0.5365434 -0.8431396
vn -0.1048990 0.5273630 -0.8431396
vn -0.1728363 0.5091593 -0.8431396
vn -0.2378163 0.4822437 -0.8431396
vn -0.2987271 0.4470768 -0.8431396
vn -0.3545267 0.4042602 -0.8431396
vn -0.4042602 0.3545267 -0.8431396
vn -0.4470768 0.2987271 -0.8431396
vn -0.4822437 0.2378163 -0.8431396
vn -0.5091593 0.1728363 -0.8431396
vn -0.5273630 0.1048990 -0.8431396
vn -0.5365434 0.0351669 -0.8431396
vn -0.9323063 -0.0611066 -0.3564701
vn -0.9163543 -0.1822742 -0.3564701
vn -0.8847232 -0.3003231 -0.3564701
vn -0.8379543 -0.4132333 -0.3564701
vn -0.7768477 -0.5190730 -0.3564701
vn -0.7024490 -0.6160312 -0.3564701
vn -0.6160312 -0.7024490 -0.3564701
vn -0.5190730 -0.7768477 -0.3564701
vn -0.4132333 -0.8379543 -0.3564701
vn -0.3003231 -0.8847232 -0.3564701
vn -0.1822742 -0.9163543 -0.3564701
vn -0.0611066 -0.9323063 -0.3564701
vn 0.0611066 -0.9323063 -0.3564701
vn 0.1822742 -0.9163543 -0.3564701
vn 0.3003231 -0.8847232 -0.3564701
vn 0.4132333 -0.8379543 -0.3564701
vn 0.5190730 -0.7768477 -0.3564701
vn 0.6160312 -0.7024490 -0.3564701
vn 0.7024490 -0.6160312 -0.3564701
vn 0.7768477 -0.5190730 -0.3564701
vn 0.8379543 -0.4132333 -0.3564701
vn 0.8847232 -0.3003231 -0.3564701
vn 0.9163543 -0.1822742 -0.3564701
vn 0.9323063 -0.0611066 -0.3564701
vn 0.9323063 0.0611066 -0.3564701
vn 0.9163543 0.1822742 -0.3564701
vn 0.8847232 0.3003231 -0.3564701
vn 0.8379543 0.4132333 -0.3564701
vn 0.7768477 0.5190730 -0.3564701
vn 0.7024490 0.6160312 -0.3564701
vn 0.6160312 0.7024490 -0.3564701
vn 0.5190730 0.7768477 -0.3564701
vn 0.4132333 0.8379543 -0.3564701
vn 0.3003231 0.8847232 -0.3564701
vn 0.1822742 0.9163543 -0.3564701
vn 0.0611066 0.9323063 -0.3564701
vn -0.0611066 0.9323063 -0.3564701
vn -0.1822742 0.9163543 -0.3564701
vn -0.3003231 0.8847232 -0.3564701
vn -0.4132333 0.8379543 -0.3564701
vn -0.5190730 0.7768477 -0.3564701
vn -0.6160312 0.7024490 -0.3564701
vn -0.7024490 0.6160312 -0.3564701
vn -0.7768477 0.5190730 -0.3564701
vn -0.8379543 0.4132333 -0.3564701
vn -0.8847232 0.3003231 -0.3564701
vn -0.9163543 0.1822742 -0.3564701
vn -0.9323063 0.0611066 -0.3564701
vn 0.1168378 0.0076580 -0.9931215
vn 0.1148387 0.0228428 -0.9931215
vn 0.1108746 0.0376369 -0.9931215
vn 0.1050135 0.0517869 -0.9931215
vn 0.0973555 0.0650509 -0.9931215
vn 0.0880318 0.0772018 -0.9931215
vn 0.0772018 0.0880318 -0.9931215
vn 0.0650509 0.0973555 -0.9931215
vn 0.0517869 0.1050135 -0.9931215
vn 0.0376369 0.1108746 -0.9931215
vn 0.0228428 0.1148387 -0.9931215
vn 0.0076580 0.1168378 -0.9931215
vn -0.0076580 0.1168378 -0.9931215
vn -0.0228428 0.1148387 -0.9931215
vn -0.0376369 0.1108746 -0.9931215
vn -0.0517869 0.1050135 -0.9931215
vn -0.0650509 0.0973555 -0.9931215
vn -0.0772018 0.0880318 -0.9931215
vn -0.0880318 0.0772018 -0.9931215
vn -0.0973555 0.0650509 -0.9931215
vn -0.1050135 0.0517869 -0.9931215
vn -0.1108746 0.0376369 -0.9931215
vn -0.1148387 0.0228428 -0.9931215
vn -0.1168378 0.0076580 -0.9931215
vn -0.1168378 -0.0076580 -0.9931215
vn -0.1148387 -0.0228428 -0.9931215
vn -0.1108746 -0.0376369 -0.9931215
vn -0.1050135 -0.0517869 -0.9931215
vn -0.0973555 -0.0650509 -0.9931215
vn -0.0880318 -0.0772018 -0.9931215
vn -0.0772018 -0.0880318 -0.9931215
vn -0.0650509 -0.0973555 -0.9931215
vn -0.0517869 -0.1050135 -0.9931215
vn -0.0376369 -0.1108746 -0.9931215
vn -0.0228428 -0.1148387 -0.9931215
vn -0.0076580 -0.1168378 -0.9931215
vn 0.0076580 -0.1168378 -0.9931215
vn 0.0228428 -0.1148387 -0.9931215
vn 0.0376369 -0.1108746 -0.9931215
vn 0.0517869 -0.1050135 -0.9931215
vn 0.0650509 -0.0973555 -0.9931215
vn 0.0772018 -0.0880318 -0.9931215
vn 0.0880318 -0.0772018 -0.9931215
vn 0.0973555 -0.0650509 -0.9931215
vn 0.1050135 -0.0517869 -0.9931215
vn 0.1108746 -0.0376369 -0.9931215
vn 0.1148387 -0.0228428 -0.9931215
vn 0.1168378 -0.0076580 -0.9931215
vn -0.3161599 -0.0207222 -0.9484796
vn -0.3107503 -0.0618121 -0.9484796
vn -0.3000237 -0.1018443 -0.9484796
vn -0.2841636 -0.1401340 -0.9484796
vn -0.2634414 -0.1760259 -0.9484796
vn -0.2382116 -0.2089060 -0.9484796
vn -0.2089060 -0.2382116 -0.9484796
vn -0.1760259 -0.2634414 -0.9484796
vn -0.1401340 -0.2841636 -0.9484796
vn -0.1018443 -0.3000237 -0.9484796
vn -0.0618121 -0.3107503 -0.9484796
vn -0.0207222 -0.3161599 -0.9484796
vn 0.0207222 -0.3161599 -0.9484796
vn 0.0618121 -0.3107503 -0.9484796
vn 0.1018443 -0.3000237 -0.9484796
vn 0.1401340 -0.2841636 -0.9484796
vn 0.1760259 -0.2634414 -0.9484796
vn 0.2089060 -0.2382116 -0.9484796
vn 0.2382116 -0.2089060 -0.9484796
vn 0.2634414 -0.1760259 -0.9484796
vn 0.2841636 -0.1401340 -0.9484796
vn 0.3000237 -0.1018443 -0.9484796
vn 0.3107503 -0.0618121 -0.9484796
vn 0.3161599 -0.0207222 -0.9484796
vn 0.3161599 0.0207222 -0.9484796
vn 0.3107503 0.0618121 -0.9484796
vn 0.3000237 0.1018443 -0.9484796
vn 0.2841636 0.1401340 -0.9484796
vn 0.2634414 0.1760259 -0.9484796
vn 0.2382116 0.2089060 -0.9484796
vn 0.2089060 0.2382116 -0.9484796
vn 0.1760259 0.2634414 -0.9484796
vn 0.1401340 0.2841636 -0.9484796
vn 0.1018443 0.3000237 -0.9484796
vn 0.0618121 0.3107503 -0.9484796
vn 0.0207222 0.3161599 -0.9484796
vn -0.0207222 0.3161599 -0.9484796
vn -0.0618121 0.3107503 -0.9484796
vn -0.1018443 0.3000237 -0.9484796
vn -0.1401340 0.2841636 -0.9484796
vn -0.1760259 0.2634414 -0.9484796
vn -0.2089060 0.2382116 -0.9484796
vn -0.2382116 0.2089060 -0.9484796
vn -0.2634414 0.1760259 -0.9484796
vn -0.2841636 0.1401340 -0.9484796
vn -0.3000237 0.1018443 -0.9484796
vn -0.3107503 0.0618121 -0.9484796
vn -0.3161599 0.0207222 -0.9484796
vn 0.2746766 0.0180033 -0.9613681
vn 0.2699768 0.0537017 -0.9613681
vn 0.2606576 0.0884813 -0.9613681
vn 0.2468785 0.1217470 -0.9613681
vn 0.2288753 0.1529296 -0.9613681
vn 0.2069559 0.1814955 -0.9613681
vn 0.1814955 0.2069559 -0.9613681
vn 0.1529296 0.2288753 -0.9613681
vn 0.1217470 0.2468785 -0.9613681
vn 0.0884813 0.2606576 -0.9613681
vn 0.0537017 0.2699768 -0.9613681
vn 0.0180033 0.2746766 -0.9613681
vn -0.0180033 0.2746766 -0.9613681
vn -0.0537017 0.2699768 -0.9613681
vn -0.0884813 0.2606576 -0.9613681
vn -0.1217470 0.2468785 -0.9613681
vn -0.1529296 0.2288753 -0.9613681
vn -0.1814955 0.2069559 -0.9613681
vn -0.2069559 0.1814955 -0.9613681
vn -0.2288753 0.1529296 -0.9613681
vn -0.2468785 0.1217470 -0.9613681
vn -0.2606576 0.0884813 -0.9613681
vn -0.2699768 0.0537017 -0.9613681
vn -0.2746766 0.0180033 -0.9613681
vn -0.2746766 -0.0180033 -0.9613681
vn -0.2699768 -0.0537017 -0.9613681
vn -0.2606576 -0.0884813 -0.9613681
vn -0.2468785 -0.1217470 -0.9613681
vn -0.2288753 -0.1529296 -0.9613681
vn -0.2069559 -0.1814955 -0.9613681
vn -0.1814955 -0.2069559 -0.9613681
vn -0.1529296 -0.2288753 -0.9613681
vn -0.1217470 -0.2468785 -0.9613681
vn -0.0884813 -0.2606576 -0.9613681
vn -0.0537017 -0.2699768 -0.9613681
vn -0.0180033 -0.2746766 -0.9613681
vn 0.0180033 -0.2746766 -0.9613681
vn 0.0537017 -0.2699768 -0.9613681
vn 0.0884813 -0.2606576 -0.9613681
vn 0.1217470 -0.2468785 -0.9613681
vn 0.1529296 -0.2288753 -0.9613681
vn 0.1814955 -0.2069559 -0.9613681
vn 0.2069559 -0.1814955 -0.9613681
vn 0.2288753 -0.1529296 -0.9613681
vn 0.2468785 -0.1217470 -0.9613681
vn 0.2606576 -0.0884813 -0.9613681
vn 0.2699768 -0.0537017 -0.9613681
vn 0.2746766 -0.0180033 -0.9613681
vn 0.1698062 0.0070510 -0.9854523
vn 0.1674331 0.0291548 -0.9854523
vn 0.1621952 0.0507598 -0.9854523
vn 0.1541821 0.0714963 -0.9854523
vn 0.1435309 0.0910094 -0.9854523
vn 0.1304239 0.1089654 -0.9854523
vn 0.1150853 0.1250569 -0.9854523
vn 0.0977775 0.1390087 -0.9854523
vn 0.0787967 0.1505819 -0.9854523
vn 0.0584677 0.1595787 -0.9854523
vn 0.0371383 0.1658451 -0.9854523
vn 0.0151735 0.1692738 -0.9854523
vn -0.0070510 0.1698062 -0.9854523
vn -0.0291548 0.1674331 -0.9854523
vn -0.0507598 0.1621952 -0.9854523
vn -0.0714963 0.1541821 -0.9854523
vn -0.0910094 0.1435309 -0.9854523
vn -0.1089654 0.1304239 -0.9854523
vn -0.1250569 0.1150853 -0.9854523
vn -0.1390087 0.0977775 -0.9854523
vn -0.1505819 0.0787967 -0.9854523
vn -0.1595787 0.0584677 -0.9854523
vn -0.1658451 0.0371383 -0.9854523
vn -0.1692738 0.0151735 -0.9854523
vn -0.1698062 -0.0070510 -0.9854523
vn -0.1674331 -0.0291548 -0.9854523
vn -0.1621952 -0.0507598 -0.9854523
vn -0.1541821 -0.0714963 -0.9854523
vn -0.1435309 -0.0910094 -0.9854523
vn -0.1304239 -0.1089654 -0.9854523
vn -0.1150853 -0.1250569 -0.9854523
vn -0.0977775 -0.1390087 -0.9854523
vn -0.0787967 -0.1505819 -0.9854523
vn -0.0584677 -0.1595787 -0.9854523
vn -0.0371383 -0.1658451 -0.9854523
vn -0.0151735 -0.1692738 -0.9854523
vn 0.0070510 -0.1698062 -0.9854523
vn 0.0291548 -0.1674331 -0.9854523
vn 0.0507598 -0.1621952 -0.9854523
vn 0.0714963 -0.1541821 -0.9854523
vn 0.0910094 -0.1435309 -0.9854523
vn 0.1089654 -0.1304239 -0.9854523
vn 0.1250569 -0.1150853 -0.9854523
vn 0.1390087 -0.0977775 -0.9854523
vn 0.1505819 -0.0787967 -0.9854523
vn 0.1595787 -0.0584677 -0.9854523
vn 0.1658451 -0.0371383 -0.9854523
vn 0.1692738 -0.0151735 -0.9854523
vn 0.0674731 0.0088830 -0.9976815
vn 0.0680554 0.0000000 -0.9976815
vn 0.0657364 0.0176140 -0.9976815
vn 0.0628750 0.0260437 -0.9976815
vn 0.0589377 0.0340277 -0.9976815
vn 0.0539920 0.0414295 -0.9976815
vn 0.0481224 0.0481224 -0.9976815
vn 0.0414295 0.0539920 -0.9976815
vn 0.0340277 0.0589377 -0.9976815
vn 0.0260437 0.0628750 -0.9976815
vn 0.0176140 0.0657364 -0.9976815
vn 0.0088830 0.0674731 -0.9976815
vn 0.0000000 0.0680554 -0.9976815
vn -0.0088830 0.0674731 -0.9976815
vn -0.0176140 0.0657364 -0.9976815
vn -0.0260437 0.0628750 -0.9976815
vn -0.0340277 0.0589377 -0.9976815
vn -0.0414295 0.0539920 -0.9976815
vn -0.0481224 0.0481224 -0.9976815
vn -0.0539920 0.0414295 -0.9976815
vn -0.0589377 0.0340277 -0.9976815
vn -0.0628750 0.0260437 -0.9976815
vn -0.0657364 0.0176140 -0.9976815
vn -0.0674731 0.0088830 -0.9976815
vn -0.0680554 0.0000000 -0.9976815
vn -0.0674731 -0.0088830 -0.9976815
vn -0.0657364 -0.0176140 -0.9976815
vn -0.0628750 -0.0260437 -0.9976815
vn -0.0589377 -0.0340277 -0.9976815
vn -0.0539920 -0.0414295 -0.9976815
vn -0.0481224 -0.0481224 -0.9976815
vn -0.0414295 -0.0539920 -0.9976815
vn -0.0340277 -0.0589377 -0.9976815
vn -0.0260437 -0.0628750 -0.9976815
vn -0.0176140 -0.0657364 -0.9976815
vn -0.0088830 -0.0674731 -0.9976815
vn -0.0000000 -0.0680554 -0.9976815
vn 0.0088830 -0.0674731 -0.9976815
vn 0.0176140 -0.0657364 -0.9976815
vn 0.0260437 -0.0628750 -0.9976815
vn 0.0340277 -0.0589377 -0.9976815
vn 0.0414295 -0.0539920 -0.9976815
vn 0.0481224 -0.0481224 -0.9976815
vn 0.0539920 -0.0414295 -0.9976815
vn 0.0589377 -0.0340277 -0.9976815
vn 0.0628750 -0.0260437 -0.9976815
vn 0.0657364 -0.0176140 -0.9976815
vn 0.0674731 -0.0088830 -0.9976815
vn 0.0680554 -0.0000000 -0.9976815
vn 0.1340205 0.0176441 -0.9908215
vn 0.1351770 0.0000000 -0.9908215
vn 0.1305709 0.0349864 -0.9908215
vn 0.1248872 0.0517300 -0.9908215
vn 0.1170667 0.0675885 -0.9908215
vn 0.1072431 0.0822905 -0.9908215
vn 0.0955846 0.0955846 -0.9908215
vn 0.0822905 0.1072431 -0.9908215
vn 0.0675885 0.1170667 -0.9908215
vn 0.0517300 0.1248872 -0.9908215
vn 0.0349864 0.1305709 -0.9908215
vn 0.0176441 0.1340205 -0.9908215
vn 0.0000000 0.1351770 -0.9908215
vn -0.0176441 0.1340205 -0.9908215
vn -0.0349864 0.1305709 -0.9908215
vn -0.0517300 0.1248872 -0.9908215
vn -0.0675885 0.1170667 -0.9908215
vn -0.0822905 0.1072431 -0.9908215
vn -0.0955846 0.0955846 -0.9908215
vn -0.1072431 0.0822905 -0.9908215
vn -0.1170667 0.0675885 -0.9908215
vn -0.1248872 0.0517300 -0.9908215
vn -0.1305709 0.0349864 -0.9908215
vn -0.1340205 0.0176441 -0.9908215
vn -0.1351770 0.0000000 -0.9908215
vn -0.1340205 -0.0176441 -0.9908215
vn -0.1305709 -0.0349864 -0.9908215
vn -0.1248872 -0.0517300 -0.9908215
vn -0.1170667 -0.0675885 -0.9908215
vn -0.1072431 -0.0822905 -0.9908215
vn -0.0955846 -0.0955846 -0.9908215
vn -0.0822905 -0.1072431 -0.9908215
vn -0.0675885 -0.1170667 -0.9908215
vn -0.0517300 -0.1248872 -0.9908215
vn -0.0349864 -0.1305709 -0.9908215
vn -0.0176441 -0.1340205 -0.9908215
vn -0.0000000 -0.1351770 -0.9908215
vn 0.0176441 -0.1340205 -0.9908215
vn 0.0349864 -0.1305709 -0.9908215
vn 0.0517300 -0.1248872 -0.9908215
vn 0.0675885 -0.1170667 -0.9908215
vn 0.0822905 -0.1072431 -0.9908215
vn 0.0955846 -0.0955846 -0.9908215
vn 0.1072431 -0.0822905 -0.9908215
vn 0.1170667 -0.0675885 -0.9908215
vn 0.1248872 -0.0517300 -0.9908215
vn 0.1305709 -0.0349864 -0.9908215
vn 0.1340205 -0.0176441 -0.9908215
vn 0.1351770 -0.0000000 -0.9908215
vn 0.1987784 0.0261697 -0.9796950
vn 0.2004936 0.0000000 -0.9796950
vn 0.1936620 0.0518916 -0.9796950
vn 0.1852320 0.0767256 -0.9796950
vn 0.1736326 0.1002468 -0.9796950
vn 0.1590623 0.1220528 -0.9796950
vn 0.1417704 0.1417704 -0.9796950
vn 0.1220528 0.1590623 -0.9796950
vn 0.1002468 0.1736326 -0.9796950
vn 0.0767256 0.1852320 -0.9796950
vn 0.0518916 0.1936620 -0.9796950
vn 0.0261697 0.1987784 -0.9796950
vn 0.0000000 0.2004936 -0.9796950
vn -0.0261697 0.1987784 -0.9796950
vn -0.0518916 0.1936620 -0.9796950
vn -0.0767256 0.1852320 -0.9796950
vn -0.1002468 0.1736326 -0.9796950
vn -0.1220528 0.1590623 -0.9796950
vn -0.1417704 0.1417704 -0.9796950
vn -0.1590623 0.1220528 -0.9796950
vn -0.1736326 0.1002468 -0.9796950
vn -0.1852320 0.0767256 -0.9796950
vn -0.1936620 0.0518916 -0.9796950
vn -0.1987784 0.0261697 -0.9796950
vn -0.2004936 0.0000000 -0.9796950
vn -0.1987784 -0.0261697 -0.9796950
vn -0.1936620 -0.0518916 -0.9796950
vn -0.1852320 -0.0767256 -0.9796950
vn -0.1736326 -0.1002468 -0.9796950
vn -0.1590623 -0.1220528 -0.9796950
vn -0.1417704 -0.1417704 -0.9796950
vn -0.1220528 -0.1590623 -0.9796950
vn -0.1002468 -0.1736326 -0.9796950
vn -0.0767256 -0.1852320 -0.9796950
vn -0.0518916 -0.1936620 -0.9796950
vn -0.0261697 -0.1987784 -0.9796950
vn -0.0000000 -0.2004936 -0.9796950
vn 0.0261697 -0.1987784 -0.9796950
vn 0.0518916 -0.1936620 -0.9796950
vn 0.0767256 -0.1852320 -0.9796950
vn 0.1002468 -0.1736326 -0.9796950
vn 0.1220528 -0.1590623 -0.9796950
vn 0.1417704 -0.1417704 -0.9796950
vn 0.1590623 -0.1220528 -0.9796950
vn 0.1736326 -0.1002468 -0.9796950
vn 0.1852320 -0.0767256 -0.9796950
vn 0.1936620 -0.0518916 -0.9796950
vn 0.1987784 -0.0261697 -0.9796950
vn 0.2004936 -0.0000000 -0.9796950
vn 0.2609976 0.0343610 -0.9647277
vn 0.2632497 0.0000000 -0.9647277
vn 0.2542797 0.0681340 -0.9647277
vn 0.2432110 0.1007413 -0.9647277
vn 0.2279810 0.1316249 -0.9647277
vn 0.2088501 0.1602563 -0.9647277
vn 0.1861457 0.1861457 -0.9647277
vn 0.1602563 0.2088501 -0.9647277
vn 0.1316249 0.2279810 -0.9647277
vn 0.1007413 0.2432110 -0.9647277
vn 0.0681340 0.2542797 -0.9647277
vn 0.0343610 0.2609976 -0.9647277
vn 0.0000000 0.2632497 -0.9647277
vn -0.0343610 0.2609976 -0.9647277
vn -0.0681340 0.2542797 -0.9647277
vn -0.1007413 0.2432110 -0.9647277
vn -0.1316249 0.2279810 -0.9647277
vn -0.1602563 0.2088501 -0.9647277
vn -0.1861457 0.1861457 -0.9647277
vn -0.2088501 0.1602563 -0.9647277
vn -0.2279810 0.1316249 -0.9647277
vn -0.2432110 0.1007413 -0.9647277
vn -0.2542797 0.0681340 -0.9647277
vn -0.2609976 0.0343610 -0.9647277
vn -0.2632497 0.0000000 -0.9647277
vn -0.2609976 -0.0343610 -0.9647277
vn -0.2542797 -0.0681340 -0.9647277
vn -0.2432110 -0.1007413 -0.9647277
vn -0.2279810 -0.1316249 -0.9647277
vn -0.2088501 -0.1602563 -0.9647277
vn -0.1861457 -0.1861457 -0.9647277
vn -0.1602563 -0.2088501 -0.9647277
vn -0.1316249 -0.2279810 -0.9647277
vn -0.1007413 -0.2432110 -0.9647277
vn -0.0681340 -0.2542797 -0.9647277
vn -0.0343610 -0.2609976 -0.9647277
vn -0.0000000 -0.2632497 -0.9647277
vn 0.0343610 -0.2609976 -0.9647277
vn 0.0681340 -0.2542797 -0.9647277
vn 0.1007413 -0.2432110 -0.9647277
vn 0.1316249 -0.2279810 -0.9647277
vn 0.1602563 -0.2088501 -0.9647277
vn 0.1861457 -0.1861457 -0.9647277
vn 0.2088501 -0.1602563 -0.9647277
vn 0.2279810 -0.1316249 -0.9647277
vn 0.2432110 -0.1007413 -0.9647277
vn 0.2542797 -0.0681340 -0.9647277
vn 0.2609976 -0.0343610 -0.9647277
vn 0.2632497 -0.0000000 -0.9647277
vn 0.3200799 0.0421393 -0.9464529
vn 0.3228419 0.0000000 -0.9464529
vn 0.3118413 0.0835576 -0.9464529
vn 0.2982670 0.1235462 -0.9464529
vn 0.2795893 0.1614209 -0.9464529
vn 0.2561277 0.1965337 -0.9464529
vn 0.2282837 0.2282837 -0.9464529
vn 0.1965337 0.2561277 -0.9464529
vn 0.1614209 0.2795893 -0.9464529
vn 0.1235462 0.2982670 -0.9464529
vn 0.0835576 0.3118413 -0.9464529
vn 0.0421393 0.3200799 -0.9464529
vn 0.0000000 0.3228419 -0.9464529
vn -0.0421393 0.3200799 -0.9464529
vn -0.0835576 0.3118413 -0.9464529
vn -0.1235462 0.2982670 -0.9464529
vn -0.1614209 0.2795893 -0.9464529
vn -0.1965337 0.2561277 -0.9464529
vn -0.2282837 0.2282837 -0.9464529
vn -0.2561277 0.1965337 -0.9464529
vn -0.2795893 0.1614209 -0.9464529
vn -0.2982670 0.1235462 -0.9464529
vn -0.3118413 0.0835576 -0.9464529
vn -0.3200799 0.0421393 -0.9464529
vn -0.3228419 0.0000000 -0.9464529
vn -0.3200799 -0.0421393 -0.9464529
vn -0.3118413 -0.0835576 -0.9464529
vn -0.2982670 -0.1235462 -0.9464529
vn -0.2795893 -0.1614209 -0.9464529
vn -0.2561277 -0.1965337 -0.9464529
vn -0.2282837 -0.2282837 -0.9464529
vn -0.1965337 -0.2561277 -0.9464529
vn -0.1614209 -0.2795893 -0.9464529
vn -0.1235462 -0.2982670 -0.9464529
vn -0.0835576 -0.3118413 -0.9464529
vn -0.0421393 -0.3200799 -0.9464529
vn -0.0000000 -0.3228419 -0.9464529
vn 0.0421393 -0.3200799 -0.9464529
vn 0.0835576 -0.3118413 -0.9464529
vn 0.1235462 -0.2982670 -0.9464529
vn 0.1614209 -0.2795893 -0.9464529
vn 0.1965337 -0.2561277 -0.9464529
vn 0.2282837 -0.2282837 -0.9464529
vn 0.2561277 -0.1965337 -0.9464529
vn 0.2795893 -0.1614209 -0.9464529
vn 0.2982670 -0.1235462 -0.9464529
vn 0.3118413 -0.0835576 -0.9464529
vn 0.3200799 -0.0421393 -0.9464529
vn 0.3228419 -0.0000000 -0.9464529
vn 0.3755952 0.0494480 -0.9254638
vn 0.3788362 0.0000000 -0.9254638
vn 0.3659276 0.0980500 -0.9254638
vn 0.3499990 0.1449743 -0.9254638
vn 0.3280817 0.1894181 -0.9254638
vn 0.3005509 0.2306208 -0.9254638
vn 0.2678776 0.2678776 -0.9254638
vn 0.2306208 0.3005509 -0.9254638
vn 0.1894181 0.3280817 -0.9254638
vn 0.1449743 0.3499990 -0.9254638
vn 0.0980500 0.3659276 -0.9254638
vn 0.0494480 0.3755952 -0.9254638
vn 0.0000000 0.3788362 -0.9254638
vn -0.0494480 0.3755952 -0.9254638
vn -0.0980500 0.3659276 -0.9254638
vn -0.1449743 0.3499990 -0.9254638
vn -0.1894181 0.3280817 -0.9254638
vn -0.2306208 0.3005509 -0.9254638
vn -0.2678776 0.2678776 -0.9254638
vn -0.3005509 0.2306208 -0.9254638
vn -0.3280817 0.1894181 -0.9254638
vn -0.3499990 0.1449743 -0.9254638
vn -0.3659276 0.0980500 -0.9254638
vn -0.3755952 0.0494480 -0.9254638
vn -0.3788362 0.0000000 -0.9254638
vn -0.3755952 -0.0494480 -0.9254638
vn -0.3659276 -0.0980500 -0.9254638
vn -0.3499990 -0.1449743 -0.9254638
vn -0.3280817 -0.1894181 -0.9254638
vn -0.3005509 -0.2306208 -0.9254638
vn -0.2678776 -0.2678776 -0.9254638
vn -0.2306208 -0.3005509 -0.9254638
vn -0.1894181 -0.3280817 -0.9254638
vn -0.1449743 -0.3499990 -0.9254638
vn -0.0980500 -0.3659276 -0.9254638
vn -0.0494480 -0.3755952 -0.9254638
vn -0.0000000 -0.3788362 -0.9254638
vn 0.0494480 -0.3755952 -0.9254638
vn 0.0980500 -0.3659276 -0.9254638
vn 0.1449743 -0.3499990 -0.9254638
vn 0.1894181 -0.3280817 -0.9254638
vn 0.2306208 -0.3005509 -0.9254638
vn 0.2678776 -0.2678776 -0.9254638
vn 0.3005509 -0.2306208 -0.9254638
vn 0.3280817 -0.1894181 -0.9254638
vn 0.3499990 -0.1449743 -0.9254638
vn 0.3659276 -0.0980500 -0.9254638
vn 0.3755952 -0.0494480 -0.9254638
vn 0.3788362 -0.0000000 -0.9254638
vn 0.4272798 0.0562524 -0.9023678
vn 0.4309667 0.0000000 -0.9023678
vn 0.4162819 0.1115424 -0.9023678
vn 0.3981613 0.1649238 -0.9023678
vn 0.3732281 0.2154834 -0.9023678
vn 0.3419089 0.2623559 -0.9023678
vn 0.3047395 0.3047395 -0.9023678
vn 0.2623559 0.3419089 -0.9023678
vn 0.2154834 0.3732281 -0.9023678
vn 0.1649238 0.3981613 -0.9023678
vn 0.1115424 0.4162819 -0.9023678
vn 0.0562524 0.4272798 -0.9023678
vn 0.0000000 0.4309667 -0.9023678
vn -0.0562524 0.4272798 -0.9023678
vn -0.1115424 0.4162819 -0.9023678
vn -0.1649238 0.3981613 -0.9023678
vn -0.2154834 0.3732281 -0.9023678
vn -0.2623559 0.3419089 -0.9023678
vn -0.3047395 0.3047395 -0.9023678
vn -0.3419089 0.2623559 -0.9023678
vn -0.3732281 0.2154834 -0.9023678
vn -0.3981613 0.1649238 -0.9023678
vn -0.4162819 0.1115424 -0.9023678
vn -0.4272798 0.0562524 -0.9023678
vn -0.4309667 0.0000000 -0.9023678
vn -0.4272798 -0.0562524 -0.9023678
vn -0.4162819 -0.1115424 -0.9023678
vn -0.3981613 -0.1649238 -0.9023678
vn -0.3732281 -0.2154834 -0.9023678
vn -0.3419089 -0.2623559 -0.9023678
vn -0.3047395 -0.3047395 -0.9023678
vn -0.2623559 -0.3419089 -0.9023678
vn -0.2154834 -0.3732281 -0.9023678
vn -0.1649238 -0.3981613 -0.9023678
vn -0.1115424 -0.4162819 -0.9023678
vn -0.0562524 -0.4272798 -0.9023678
vn -0.0000000 -0.4309667 -0.9023678
vn 0.0562524 -0.4272798 -0.9023678
vn 0.1115424 -0.4162819 -0.9023678
vn 0.1649238 -0.3981613 -0.9023678
vn 0.2154834 -0.3732281 -0.9023678
vn 0.2623559 -0.3419089 -0.9023678
vn 0.3047395 -0.3047395 -0.9023678
vn 0.3419089 -0.2623559 -0.9023678
vn 0.3732281 -0.2154834 -0.9023678
vn 0.3981613 -0.1649238 -0.9023678
vn 0.4162819 -0.1115424 -0.9023678
vn 0.4272798 -0.0562524 -0.9023678
vn 0.4309667 -0.0000000 -0.9023678
vn 0.4519758 0.0595037 -0.8900434
vn 0.4558759 0.0000000 -0.8900434
vn 0.4403423 0.1179894 -0.8900434
vn 0.4211744 0.1744561 -0.8900434
vn 0.3948001 0.2279379 -0.8900434
vn 0.3616706 0.2775196 -0.8900434
vn 0.3223529 0.3223529 -0.8900434
vn 0.2775196 0.3616706 -0.8900434
vn 0.2279379 0.3948001 -0.8900434
vn 0.1744561 0.4211744 -0.8900434
vn 0.1179894 0.4403423 -0.8900434
vn 0.0595037 0.4519758 -0.8900434
vn 0.0000000 0.4558759 -0.8900434
vn -0.0595037 0.4519758 -0.8900434
vn -0.1179894 0.4403423 -0.8900434
vn -0.1744561 0.4211744 -0.8900434
vn -0.2279379 0.3948001 -0.8900434
vn -0.2775196 0.3616706 -0.8900434
vn -0.3223529 0.3223529 -0.8900434
vn -0.3616706 0.2775196 -0.8900434
vn -0.3948001 0.2279379 -0.8900434
vn -0.4211744 0.1744561 -0.8900434
vn -0.4403423 0.1179894 -0.8900434
vn -0.4519758 0.0595037 -0.8900434
vn -0.4558759 0.0000000 -0.8900434
vn -0.4519758 -0.0595037 -0.8900434
vn -0.4403423 -0.1179894 -0.8900434
vn -0.4211744 -0.1744561 -0.8900434
vn -0.3948001 -0.2279379 -0.8900434
vn -0.3616706 -0.2775196 -0.8900434
vn -0.3223529 -0.3223529 -0.8900434
vn -0.2775196 -0.3616706 -0.8900434
vn -0.2279379 -0.3948001 -0.8900434
vn -0.1744561 -0.4211744 -0.8900434
vn -0.1179894 -0.4403423 -0.8900434
vn -0.0595037 -0.4519758 -0.8900434
vn -0.0000000 -0.4558759 -0.8900434
vn 0.0595037 -0.4519758 -0.8900434
vn 0.1179894 -0.4403423 -0.8900434
vn 0.1744561 -0.4211744 -0.8900434
vn 0.2279379 -0.3948001 -0.8900434
vn 0.2775196 -0.3616706 -0.8900434
vn 0.3223529 -0.3223529 -0.8900434
vn 0.3616706 -0.2775196 -0.8900434
vn 0.3948001 -0.2279379 -0.8900434
vn 0.4211744 -0.1744561 -0.8900434
vn 0.4403423 -0.1179894 -0.8900434
vn 0.4519758 -0.0595037 -0.8900434
vn 0.4558759 -0.0000000 -0.8900434
vn -0.0000000 -0.0000000 -1.0000000
vn 0.0000000 -1.0000000 0.0000000
vn 0.7071068 -0.7071068 0.0000000
vn 1.0000000 0.0000000 0.0000000
vn 0.7071068 0.7071068 0.0000000
vn 0.0000000 1.0000000 0.0000000
vn -0.7071068 0.7071068 0.0000000
vn -1.0000000 0.0000000 0.0000000
vn -0.7071068 -0.7071068 0.0000000
vn -0.0000000 -1.0000000 0.0000000
vn 1.0000000 -0.0000000 0.0000000
vn -0.0000000 1.0000000 0.0000000
vn 0.8648090 0.1720212 -0.4717140
vn 0.7331497 0.4898749 -0.4717140
vn 0.4898749 0.7331497 -0.4717140
vn 0.1720212 0.8648090 -0.4717140
vn -0.1720212 0.8648090 -0.4717140
vn -0.4898749 0.7331497 -0.4717140
vn -0.7331497 0.4898749 -0.4717140
vn -0.8648090 0.1720212 -0.4717140
vn -0.8648090 -0.1720212 -0.4717140
vn -0.7331497 -0.4898749 -0.4717140
vn -0.4898749 -0.7331497 -0.4717140
vn -0.1720212 -0.8648090 -0.4717140
vn 0.1720212 -0.8648090 -0.4717140
vn 0.4898749 -0.7331497 -0.4717140
vn 0.7331497 -0.4898749 -0.4717140
vn 0.8648090 -0.1720212 -0.4717140
vn -0.2508482 -0.7485929 -0.6137457
vn -0.2550772 -0.7612135 -0.5962295
vn -0.2977801 -0.7455450 -0.5962295
vn -0.2928431 -0.7331842 -0.6137457
vn -0.2080480 -0.7615984 -0.6137457
vn -0.2115555 -0.7744383 -0.5962295
vn -0.1645799 -0.7721591 -0.6137457
vn -0.1673545 -0.7851769 -0.5962295
vn 0.2756573 -0.7398170 -0.6137457
vn 0.2803046 -0.7522896 -0.5962295
vn 0.2372478 -0.7669575 -0.5962295
vn 0.2333143 -0.7542417 -0.6137457
vn 0.3171154 -0.7230173 -0.6137457
vn 0.3224616 -0.7352067 -0.5962295
vn 0.3575554 -0.7038965 -0.6137457
vn 0.3635835 -0.7157635 -0.5962295
vn -0.2620901 -0.7821414 -0.5652995
vn -0.2659778 -0.7937434 -0.5470167
vn -0.3105056 -0.7774053 -0.5470167
vn -0.3059670 -0.7660422 -0.5652995
vn -0.2173717 -0.7957298 -0.5652995
vn -0.2205961 -0.8075333 -0.5470167
vn -0.1719556 -0.8067637 -0.5652995
vn -0.1745063 -0.8187309 -0.5470167
vn 0.2880110 -0.7729722 -0.5652995
vn 0.2922832 -0.7844382 -0.5470167
vn 0.2473864 -0.7997329 -0.5470167
vn 0.2437704 -0.7880434 -0.5652995
vn 0.3313270 -0.7554196 -0.5652995
vn 0.3362418 -0.7666252 -0.5470167
vn 0.3735794 -0.7354419 -0.5652995
vn 0.3791209 -0.7463511 -0.5470167
vn -0.2723887 -0.8128751 -0.5148188
vn -0.2759211 -0.8234167 -0.4958352
vn -0.3221135 -0.8064678 -0.4958352
vn -0.3179897 -0.7961433 -0.5148188
vn -0.2259132 -0.8269975 -0.5148188
vn -0.2288429 -0.8377221 -0.4958352
vn -0.1787125 -0.8384649 -0.5148188
vn -0.1810300 -0.8493383 -0.4958352
vn 0.2993282 -0.8033456 -0.5148188
vn 0.3032099 -0.8137636 -0.4958352
vn 0.2566347 -0.8296301 -0.4958352
vn 0.2533492 -0.8190090 -0.5148188
vn 0.3443463 -0.7851033 -0.5148188
vn 0.3488119 -0.7952847 -0.4958352
vn 0.3882590 -0.7643406 -0.5148188
vn 0.3932940 -0.7742527 -0.4958352
vn 0.2508482 0.7485929 -0.6137457
vn 0.2550772 0.7612135 -0.5962295
vn 0.2977801 0.7455450 -0.5962295
vn 0.2928431 0.7331842 -0.6137457
vn 0.2080480 0.7615984 -0.6137457
vn 0.2115555 0.7744383 -0.5962295
vn 0.1645799 0.7721591 -0.6137457
vn 0.1673545 0.7851769 -0.5962295
vn -0.2756573 0.7398170 -0.6137457
vn -0.2803046 0.7522896 -0.5962295
vn -0.2372478 0.7669575 -0.5962295
vn -0.2333143 0.7542417 -0.6137457
vn -0.3171154 0.7230173 -0.6137457
vn -0.3224616 0.7352067 -0.5962295
vn -0.3575554 0.7038965 -0.6137457
vn -0.3635835 0.7157635 -0.5962295
vn 0.2620901 0.7821414 -0.5652995
vn 0.2659778 0.7937434 -0.5470167
vn 0.3105056 0.7774053 -0.5470167
vn 0.3059670 0.7660422 -0.5652995
vn 0.2173717 0.7957298 -0.5652995
vn 0.2205961 0.8075333 -0.5470167
vn 0.1719556 0.8067637 -0.5652995
vn 0.1745063 0.8187309 -0.5470167
vn -0.2880110 0.7729722 -0.5652995
vn -0.2922832 0.7844382 -0.5470167
vn -0.2473864 0.7997329 -0.5470167
vn -0.2437704 0.7880434 -0.5652995
vn -0.3313270 0.7554196 -0.5652995
vn -0.3362418 0.7666252 -0.5470167
vn -0.3735794 0.7354419 -0.5652995
vn -0.3791209 0.7463511 -0.5470167
vn 0.2723887 0.8128751 -0.5148188
vn 0.2759211 0.8234167 -0.4958352
vn 0.3221135 0.8064678 -0.4958352
vn 0.3179897 0.7961433 -0.5148188
vn 0.2259132 0.8269975 -0.5148188
vn 0.2288429 0.8377221 -0.4958352
vn 0.1787125 0.8384649 -0.5148188
vn 0.1810300 0.8493383 -0.4958352
vn -0.2993282 0.8033456 -0.5148188
vn -0.3032099 0.8137636 -0.4958352
vn -0.2566347 0.8296301 -0.4958352
vn -0.2533492 0.8190090 -0.5148188
vn -0.3443463 0.7851033 -0.5148188
vn -0.3488119 0.7952847 -0.4958352
vn -0.3882590 0.7643406 -0.5148188
vn -0.3932940 0.7742527 -0.4958352
vn 0.9539195 0.1686612 -0.2481755
vn 0.9618870 0.1700699 -0.2141254
vn 0.9672491 0.1363066 -0.2141254
vn 0.9592372 0.1351775 -0.2481755
vn 0.5552615 0.7937844 -0.2481755
vn 0.5598992 0.8004144 -0.2141254
vn 0.5875651 0.7803317 -0.2141254
vn 0.5826982 0.7738681 -0.2481755
vn -0.1686612 0.9539195 -0.2481755
vn -0.1700699 0.9618870 -0.2141254
vn -0.1363066 0.9672491 -0.2141254
vn -0.1351775 0.9592372 -0.2481755
vn -0.7937844 0.5552615 -0.2481755
vn -0.8004144 0.5598992 -0.2141254
vn -0.7803317 0.5875651 -0.2141254
vn -0.7738681 0.5826982 -0.2481755
vn -0.9539195 -0.1686612 -0.2481755
vn -0.9618870 -0.1700699 -0.2141254
vn -0.9672491 -0.1363066 -0.2141254
vn -0.9592372 -0.1351775 -0.2481755
vn -0.5552615 -0.7937844 -0.2481755
vn -0.5598992 -0.8004144 -0.2141254
vn -0.5875651 -0.7803317 -0.2141254
vn -0.5826982 -0.7738681 -0.2481755
vn 0.1686612 -0.9539195 -0.2481755
vn 0.1700699 -0.9618870 -0.2141254
vn 0.1363066 -0.9672491 -0.2141254
vn 0.1351775 -0.9592372 -0.2481755
vn 0.7937844 -0.5552615 -0.2481755
vn 0.8004144 -0.5598992 -0.2141254
vn 0.7803317 -0.5875651 -0.2141254
vn 0.7738681 -0.5826982 -0.2481755
g graphite_inner_sphere
usemtl graphite
f 1/1/1 2/1/2 3/1/3 4/1/4
f 5/1/5 6/1/6 2/1/2 1/1/1
f 7/1/7 8/1/8 6/1/6 5/1/5
f 9/1/9 10/1/10 8/1/8 7/1/7
f 11/1/11 12/1/12 10/1/10 9/1/9
f 13/1/13 14/1/14 12/1/12 11/1/11
f 15/1/15 16/1/16 14/1/14 13/1/13
f 17/1/17 18/1/18 16/1/16 15/1/15
f 19/1/19 20/1/20 18/1/18 17/1/17
f 21/1/21 22/1/22 20/1/20 19/1/19
f 23/1/23 24/1/24 22/1/22 21/1/21
f 25/1/25 26/1/26 24/1/24 23/1/23
f 27/1/27 28/1/28 26/1/26 25/1/25
f 29/1/29 30/1/30 28/1/28 27/1/27
f 31/1/31 32/1/32 30/1/30 29/1/29
f 33/1/33 34/1/34 32/1/32 31/1/31
f 35/1/35 36/1/36 34/1/34 33/1/33
f 37/1/37 38/1/38 36/1/36 35/1/35
f 39/1/39 40/1/40 38/1/38 37/1/37
f 41/1/41 42/1/42 40/1/40 39/1/39
f 43/1/43 44/1/44 42/1/42 41/1/41
f 45/1/45 46/1/46 44/1/44 43/1/43
f 47/1/47 48/1/48 46/1/46 45/1/45
f 49/1/49 50/1/50 48/1/48 47/1/47
f 51/1/51 52/1/52 50/1/50 49/1/49
f 53/1/53 54/1/54 52/1/52 51/1/51
f 55/1/55 56/1/56 54/1/54 53/1/53
f 57/1/57 58/1/58 56/1/56 55/1/55
f 59/1/59 60/1/60 58/1/58 57/1/57
f 61/1/61 62/1/62 60/1/60 59/1/59
f 63/1/63 64/1/64 62/1/62 61/1/61
f 4/1/65 3/1/66 64/1/64 63/1/63
f 2/1/2 65/1/67 66/1/68 3/1/3
f 6/1/6 67/1/69 65/1/67 2/1/2
f 8/1/8 68/1/70 67/1/69 6/1/6
f 10/1/10 69/1/71 68/1/70 8/1/8
f 12/1/12 70/1/72 69/1/71 10/1/10
f 14/1/14 71/1/73 70/1/72 12/1/12
f 16/1/16 72/1/74 71/1/73 14/1/14
f 18/1/18 73/1/75 72/1/74 16/1/16
f 20/1/20 74/1/76 73/1/75 18/1/18
f 22/1/22 75/1/77 74/1/76 20/1/20
f 24/1/24 76/1/78 75/1/77 22/1/22
f 26/1/26 77/1/79 76/1/78 24/1/24
f 28/1/28 78/1/80 77/1/79 26/1/26
f 30/1/30 79/1/81 78/1/80 28/1/28
f 32/1/32 80/1/82 79/1/81 30/1/30
f 34/1/34 81/1/83 80/1/82 32/1/32
f 36/1/36 82/1/84 81/1/83 34/1/34
f 38/1/38 83/1/85 82/1/84 36/1/36
f 40/1/40 84/1/86 83/1/85 38/1/38
f 42/1/42 85/1/87 84/1/86 40/1/40
f 44/1/44 86/1/88 85/1/87 42/1/42
f 46/1/46 87/1/89 86/1/88 44/1/44
f 48/1/48 88/1/90 87/1/89 46/1/46
f 50/1/50 89/1/91 88/1/90 48/1/48
f 52/1/52 90/1/92 89/1/91 50/1/50
f 54/1/54 91/1/93 90/1/92 52/1/52
f 56/1/56 92/1/94 91/1/93 54/1/54
f 58/1/58 93/1/95 92/1/94 56/1/56
f 60/1/60 94/1/96 93/1/95 58/1/58
f 62/1/62 95/1/97 94/1/96 60/1/60
f 64/1/64 96/1/98 95/1/97 62/1/62
f 3/1/66 66/1/99 96/1/98 64/1/64
f 65/1/67 97/1/100 98/1/101 66/1/68
f 67/1/69 99/1/102 97/1/100 65/1/67
f 68/1/70 100/1/103 99/1/102 67/1/69
f 69/1/71 101/1/104 100/1/103 68/1/70
f 70/1/72 102/1/105 101/1/104 69/1/71
f 71/1/73 103/1/106 102/1/105 70/1/72
f 72/1/74 104/1/107 103/1/106 71/1/73
f 73/1/75 105/1/108 104/1/107 72/1/74
f 74/1/76 106/1/109 105/1/108 73/1/75
f 75/1/77 107/1/110 106/1/109 74/1/76
f 76/1/78 108/1/111 107/1/110 75/1/77
f 77/1/79 109/1/112 108/1/111 76/1/78
f 78/1/80 110/1/113 109/1/112 77/1/79
f 79/1/81 111/1/114 110/1/113 78/1/80
f 80/1/82 112/1/115 111/1/114 79/1/81
f 81/1/83 113/1/116 112/1/115 80/1/82
f 82/1/84 114/1/117 113/1/116 81/1/83
f 83/1/85 115/1/118 114/1/117 82/1/84
f 84/1/86 116/1/119 115/1/118 83/1/85
f 85/1/87 117/1/120 116/1/119 84/1/86
f 86/1/88 118/1/121 117/1/120 85/1/87
f 87/1/89 119/1/122 118/1/121 86/1/88
f 88/1/90 120/1/123 119/1/122 87/1/89
f 89/1/91 121/1/124 120/1/123 88/1/90
f 90/1/92 122/1/125 121/1/124 89/1/91
f 91/1/93 123/1/126 122/1/125 90/1/92
f 92/1/94 124/1/127 123/1/126 91/1/93
f 93/1/95 125/1/128 124/1/127 92/1/94
f 94/1/96 126/1/129 125/1/128 93/1/95
f 95/1/97 127/1/130 126/1/129 94/1/96
f 96/1/98 128/1/131 127/1/130 95/1/97
f 66/1/99 98/1/132 128/1/131 96/1/98
f 97/1/100 129/1/133 130/1/134 98/1/101
f 99/1/102 131/1/135 129/1/133 97/1/100
f 100/1/103 132/1/136 131/1/135 99/1/102
f 101/1/104 133/1/137 132/1/136 100/1/103
f 102/1/105 134/1/138 133/1/137 101/1/104
f 103/1/106 135/1/139 134/1/138 102/1/105
f 104/1/107 136/1/140 135/1/139 103/1/106
f 105/1/108 137/1/141 136/1/140 104/1/107
f 106/1/109 138/1/142 137/1/141 105/1/108
f 107/1/110 139/1/143 138/1/142 106/1/109
f 108/1/111 140/1/144 139/1/143 107/1/110
f 109/1/112 141/1/145 140/1/144 108/1/111
f 110/1/113 142/1/146 141/1/145 109/1/112
f 111/1/114 143/1/147 142/1/146 110/1/113
f 112/1/115 144/1/148 143/1/147 111/1/114
f 113/1/116 145/1/149 144/1/148 112/1/115
f 114/1/117 146/1/150 145/1/149 113/1/116
f 115/1/118 147/1/151 146/1/150 114/1/117
f 116/1/119 148/1/152 147/1/151 115/1/118
f 117/1/120 149/1/153 148/1/152 116/1/119
f 118/1/121 150/1/154 149/1/153 117/1/120
f 119/1/122 151/1/155 150/1/154 118/1/121
f 120/1/123 152/1/156 151/1/155 119/1/122
f 121/1/124 153/1/157 152/1/156 120/1/123
f 122/1/125 154/1/158 153/1/157 121/1/124
f 123/1/126 155/1/159 154/1/158 122/1/125
f 124/1/127 156/1/160 155/1/159 123/1/126
f 125/1/128 157/1/161 156/1/160 124/1/127
f 126/1/129 158/1/162 157/1/161 125/1/128
f 127/1/130 159/1/163 158/1/162 126/1/129
f 128/1/131 160/1/164 159/1/163 127/1/130
f 98/1/132 130/1/165 160/1/164 128/1/131
f 129/1/133 161/1/166 162/1/167 130/1/134
f 131/1/135 163/1/168 161/1/166 129/1/133
f 132/1/136 164/1/169 163/1/168 131/1/135
f 133/1/137 165/1/170 164/1/169 132/1/136
f 134/1/138 166/1/171 165/1/170 133/1/137
f 135/1/139 167/1/172 166/1/171 134/1/138
f 136/1/140 168/1/173 167/1/172 135/1/139
f 137/1/141 169/1/174 168/1/173 136/1/140
f 138/1/142 170/1/175 169/1/174 137/1/141
f 139/1/143 171/1/176 170/1/175 138/1/142
f 140/1/144 172/1/177 171/1/176 139/1/143
f 141/1/145 173/1/178 172/1/177 140/1/144
f 142/1/146 174/1/179 173/1/178 141/1/145
f 143/1/147 175/1/180 174/1/179 142/1/146
f 144/1/148 176/1/181 175/1/180 143/1/147
f 145/1/149 177/1/182 176/1/181 144/1/148
f 146/1/150 178/1/183 177/1/182 145/1/149
f 147/1/151 179/1/184 178/1/183 146/1/150
f 148/1/152 180/1/185 179/1/184 147/1/151
f 149/1/153 181/1/186 180/1/185 148/1/152
f 150/1/154 182/1/187 181/1/186 149/1/153
f 151/1/155 183/1/188 182/1/187 150/1/154
f 152/1/156 184/1/189 183/1/188 151/1/155
f 153/1/157 185/1/190 184/1/189 152/1/156
f 154/1/158 186/1/191 185/1/190 153/1/157
f 155/1/159 187/1/192 186/1/191 154/1/158
f 156/1/160 188/1/193 187/1/192 155/1/159
f 157/1/161 189/1/194 188/1/193 156/1/160
f 158/1/162 190/1/195 189/1/194 157/1/161
f 159/1/163 191/1/196 190/1/195 158/1/162
f 160/1/164 192/1/197 191/1/196 159/1/163
f 130/1/165 162/1/198 192/1/197 160/1/164
f 161/1/166 193/1/199 194/1/200 162/1/167
f 163/1/168 195/1/201 193/1/199 161/1/166
f 164/1/169 196/1/202 195/1/201 163/1/168
f 165/1/170 197/1/203 196/1/202 164/1/169
f 166/1/171 198/1/204 197/1/203 165/1/170
f 167/1/172 199/1/205 198/1/204 166/1/171
f 168/1/173 200/1/206 199/1/205 167/1/172
f 169/1/174 201/1/207 200/1/206 168/1/173
f 170/1/175 202/1/208 201/1/207 169/1/174
f 171/1/176 203/1/209 202/1/208 170/1/175
f 172/1/177 204/1/210 203/1/209 171/1/176
f 173/1/178 205/1/211 204/1/210 172/1/177
f 174/1/179 206/1/212 205/1/211 173/1/178
f 175/1/180 207/1/213 206/1/212 174/1/179
f 176/1/181 208/1/214 207/1/213 175/1/180
f 177/1/182 209/1/215 208/1/214 176/1/181
f 178/1/183 210/1/216 209/1/215 177/1/182
f 179/1/184 211/1/217 210/1/216 178/1/183
f 180/1/185 212/1/218 211/1/217 179/1/184
f 181/1/186 213/1/219 212/1/218 180/1/185
f 182/1/187 214/1/220 213/1/219 181/1/186
f 183/1/188 215/1/221 214/1/220 182/1/187
f 184/1/189 216/1/222 215/1/221 183/1/188
f 185/1/190 217/1/223 216/1/222 184/1/189
f 186/1/191 218/1/224 217/1/223 185/1/190
f 187/1/192 219/1/225 218/1/224 186/1/191
f 188/1/193 220/1/226 219/1/225 187/1/192
f 189/1/194 221/1/227 220/1/226 188/1/193
f 190/1/195 222/1/228 221/1/227 189/1/194
f 191/1/196 223/1/229 222/1/228 190/1/195
f 192/1/197 224/1/230 223/1/229 191/1/196
f 162/1/198 194/1/231 224/1/230 192/1/197
f 193/1/199 225/1/232 226/1/233 194/1/200
f 195/1/201 227/1/234 225/1/232 193/1/199
f 196/1/202 228/1/235 227/1/234 195/1/201
f 197/1/203 229/1/236 228/1/235 196/1/202
f 198/1/204 230/1/237 229/1/236 197/1/203
f 199/1/205 231/1/238 230/1/237 198/1/204
f 200/1/206 232/1/239 231/1/238 199/1/205
f 201/1/207 233/1/240 232/1/239 200/1/206
f 202/1/208 234/1/241 233/1/240 201/1/207
f 203/1/209 235/1/242 234/1/241 202/1/208
f 204/1/210 236/1/243 235/1/242 203/1/209
f 205/1/211 237/1/244 236/1/243 204/1/210
f 206/1/212 238/1/245 237/1/244 205/1/211
f 207/1/213 239/1/246 238/1/245 206/1/212
f 208/1/214 240/1/247 239/1/246 207/1/213
f 209/1/215 241/1/248 240/1/247 208/1/214
f 210/1/216 242/1/249 241/1/248 209/1/215
f 211/1/217 243/1/250 242/1/249 210/1/216
f 212/1/218 244/1/251 243/1/250 211/1/217
f 213/1/219 245/1/252 244/1/251 212/1/218
f 214/1/220 246/1/253 245/1/252 213/1/219
f 215/1/221 247/1/254 246/1/253 214/1/220
f 216/1/222 248/1/255 247/1/254 215/1/221
f 217/1/223 249/1/256 248/1/255 216/1/222
f 218/1/224 250/1/257 249/1/256 217/1/223
f 219/1/225 251/1/258 250/1/257 218/1/224
f 220/1/226 252/1/259 251/1/258 219/1/225
f 221/1/227 253/1/260 252/1/259 220/1/226
f 222/1/228 254/1/261 253/1/260 221/1/227
f 223/1/229 255/1/262 254/1/261 222/1/228
f 224/1/230 256/1/263 255/1/262 223/1/229
f 194/1/231 226/1/264 256/1/263 224/1/230
f 225/1/232 257/1/265 258/1/266 226/1/233
f 227/1/234 259/1/267 257/1/265 225/1/232
f 228/1/235 260/1/268 259/1/267 227/1/234
f 229/1/236 261/1/269 260/1/268 228/1/235
f 230/1/237 262/1/270 261/1/269 229/1/236
f 231/1/238 263/1/271 262/1/270 230/1/237
f 232/1/239 264/1/272 263/1/271 231/1/238
f 233/1/240 265/1/273 264/1/272 232/1/239
f 234/1/241 266/1/274 265/1/273 233/1/240
f 235/1/242 267/1/275 266/1/274 234/1/241
f 236/1/243 268/1/276 267/1/275 235/1/242
f 237/1/244 269/1/277 268/1/276 236/1/243
f 238/1/245 270/1/278 269/1/277 237/1/244
f 239/1/246 271/1/279 270/1/278 238/1/245
f 240/1/247 272/1/280 271/1/279 239/1/246
f 241/1/248 273/1/281 272/1/280 240/1/247
f 242/1/249 274/1/282 273/1/281 241/1/248
f 243/1/250 275/1/283 274/1/282 242/1/249
f 244/1/251 276/1/284 275/1/283 243/1/250
f 245/1/252 277/1/285 276/1/284 244/1/251
f 246/1/253 278/1/286 277/1/285 245/1/252
f 247/1/254 279/1/287 278/1/286 246/1/253
f 248/1/255 280/1/288 279/1/287 247/1/254
f 249/1/256 281/1/289 280/1/288 248/1/255
f 250/1/257 282/1/290 281/1/289 249/1/256
f 251/1/258 283/1/291 282/1/290 250/1/257
f 252/1/259 284/1/292 283/1/291 251/1/258
f 253/1/260 285/1/293 284/1/292 252/1/259
f 254/1/261 286/1/294 285/1/293 253/1/260
f 255/1/262 287/1/295 286/1/294 254/1/261
f 256/1/263 288/1/296 287/1/295 255/1/262
f 226/1/264 258/1/297 288/1/296 256/1/263
f 257/1/265 289/1/298 290/1/299 258/1/266
f 259/1/267 291/1/300 289/1/298 257/1/265
f 260/1/268 292/1/301 291/1/300 259/1/267
f 261/1/269 293/1/302 292/1/301 260/1/268
f 262/1/270 294/1/303 293/1/302 261/1/269
f 263/1/271 295/1/304 294/1/303 262/1/270
f 264/1/272 296/1/305 295/1/304 263/1/271
f 265/1/273 297/1/306 296/1/305 264/1/272
f 266/1/274 298/1/307 297/1/306 265/1/273
f 267/1/275 299/1/308 298/1/307 266/1/274
f 268/1/276 300/1/309 299/1/308 267/1/275
f 269/1/277 301/1/310 300/1/309 268/1/276
f 270/1/278 302/1/311 301/1/310 269/1/277
f 271/1/279 303/1/312 302/1/311 270/1/278
f 272/1/280 304/1/313 303/1/312 271/1/279
f 273/1/281 305/1/314 304/1/313 272/1/280
f 274/1/282 306/1/315 305/1/314 273/1/281
f 275/1/283 307/1/316 306/1/315 274/1/282
f 276/1/284 308/1/317 307/1/316 275/1/283
f 277/1/285 309/1/318 308/1/317 276/1/284
f 278/1/286 310/1/319 309/1/318 277/1/285
f 279/1/287 311/1/320 310/1/319 278/1/286
f 280/1/288 312/1/321 311/1/320 279/1/287
f 281/1/289 313/1/322 312/1/321 280/1/288
f 282/1/290 314/1/323 313/1/322 281/1/289
f 283/1/291 315/1/324 314/1/323 282/1/290
f 284/1/292 316/1/325 315/1/324 283/1/291
f 285/1/293 317/1/326 316/1/325 284/1/292
f 286/1/294 318/1/327 317/1/326 285/1/293
f 287/1/295 319/1/328 318/1/327 286/1/294
f 288/1/296 320/1/329 319/1/328 287/1/295
f 258/1/297 290/1/330 320/1/329 288/1/296
f 289/1/298 321/1/331 322/1/332 290/1/299
f 291/1/300 323/1/333 321/1/331 289/1/298
f 292/1/301 324/1/334 323/1/333 291/1/300
f 293/1/302 325/1/335 324/1/334 292/1/301
f 294/1/303 326/1/336 325/1/335 293/1/302
f 295/1/304 327/1/337 326/1/336 294/1/303
f 296/1/305 328/1/338 327/1/337 295/1/304
f 297/1/306 329/1/339 328/1/338 296/1/305
f 298/1/307 330/1/340 329/1/339 297/1/306
f 299/1/308 331/1/341 330/1/340 298/1/307
f 300/1/309 332/1/342 331/1/341 299/1/308
f 301/1/310 333/1/343 332/1/342 300/1/309
f 302/1/311 334/1/344 333/1/343 301/1/310
f 303/1/312 335/1/345 334/1/344 302/1/311
f 304/1/313 336/1/346 335/1/345 303/1/312
f 305/1/314 337/1/347 336/1/346 304/1/313
f 306/1/315 338/1/348 337/1/347 305/1/314
f 307/1/316 339/1/349 338/1/348 306/1/315
f 308/1/317 340/1/350 339/1/349 307/1/316
f 309/1/318 341/1/351 340/1/350 308/1/317
f 310/1/319 342/1/352 341/1/351 309/1/318
f 311/1/320 343/1/353 342/1/352 310/1/319
f 312/1/321 344/1/354 343/1/353 311/1/320
f 313/1/322 345/1/355 344/1/354 312/1/321
f 314/1/323 346/1/356 345/1/355 313/1/322
f 315/1/324 347/1/357 346/1/356 314/1/323
f 316/1/325 348/1/358 347/1/357 315/1/324
f 317/1/326 349/1/359 348/1/358 316/1/325
f 318/1/327 350/1/360 349/1/359 317/1/326
f 319/1/328 351/1/361 350/1/360 318/1/327
f 320/1/329 352/1/362 351/1/361 319/1/328
f 290/1/330 322/1/363 352/1/362 320/1/329
f 321/1/331 353/1/364 354/1/365 322/1/332
f 323/1/333 355/1/366 353/1/364 321/1/331
f 324/1/334 356/1/367 355/1/366 323/1/333
f 325/1/335 357/1/368 356/1/367 324/1/334
f 326/1/336 358/1/369 357/1/368 325/1/335
f 327/1/337 359/1/370 358/1/369 326/1/336
f 328/1/338 360/1/371 359/1/370 327/1/337
f 329/1/339 361/1/372 360/1/371 328/1/338
f 330/1/340 362/1/373 361/1/372 329/1/339
f 331/1/341 363/1/374 362/1/373 330/1/340
f 332/1/342 364/1/375 363/1/374 331/1/341
f 333/1/343 365/1/376 364/1/375 332/1/342
f 334/1/344 366/1/377 365/1/376 333/1/343
f 335/1/345 367/1/378 366/1/377 334/1/344
f 336/1/346 368/1/379 367/1/378 335/1/345
f 337/1/347 369/1/380 368/1/379 336/1/346
f 338/1/348 370/1/381 369/1/380 337/1/347
f 339/1/349 371/1/382 370/1/381 338/1/348
f 340/1/350 372/1/383 371/1/382 339/1/349
f 341/1/351 373/1/384 372/1/383 340/1/350
f 342/1/352 374/1/385 373/1/384 341/1/351
f 343/1/353 375/1/386 374/1/385 342/1/352
f 344/1/354 376/1/387 375/1/386 343/1/353
f 345/1/355 377/1/388 376/1/387 344/1/354
f 346/1/356 378/1/389 377/1/388 345/1/355
f 347/1/357 379/1/390 378/1/389 346/1/356
f 348/1/358 380/1/391 379/1/390 347/1/357
f 349/1/359 381/1/392 380/1/391 348/1/358
f 350/1/360 382/1/393 381/1/392 349/1/359
f 351/1/361 383/1/394 382/1/393 350/1/360
f 352/1/362 384/1/395 383/1/394 351/1/361
f 322/1/363 354/1/396 384/1/395 352/1/362
f 353/1/364 385/1/397 386/1/398 354/1/365
f 355/1/366 387/1/399 385/1/397 353/1/364
f 356/1/367 388/1/400 387/1/399 355/1/366
f 357/1/368 389/1/401 388/1/400 356/1/367
f 358/1/369 390/1/402 389/1/401 357/1/368
f 359/1/370 391/1/403 390/1/402 358/1/369
f 360/1/371 392/1/404 391/1/403 359/1/370
f 361/1/372 393/1/405 392/1/404 360/1/371
f 362/1/373 394/1/406 393/1/405 361/1/372
f 363/1/374 395/1/407 394/1/406 362/1/373
f 364/1/375 396/1/408 395/1/407 363/1/374
f 365/1/376 397/1/409 396/1/408 364/1/375
f 366/1/377 398/1/410 397/1/409 365/1/376
f 367/1/378 399/1/411 398/1/410 366/1/377
f 368/1/379 400/1/412 399/1/411 367/1/378
f 369/1/380 401/1/413 400/1/412 368/1/379
f 370/1/381 402/1/414 401/1/413 369/1/380
f 371/1/382 403/1/415 402/1/414 370/1/381
f 372/1/383 404/1/416 403/1/415 371/1/382
f 373/1/384 405/1/417 404/1/416 372/1/383
f 374/1/385 406/1/418 405/1/417 373/1/384
f 375/1/386 407/1/419 406/1/418 374/1/385
f 376/1/387 408/1/420 407/1/419 375/1/386
f 377/1/388 409/1/421 408/1/420 376/1/387
f 378/1/389 410/1/422 409/1/421 377/1/388
f 379/1/390 411/1/423 410/1/422 378/1/389
f 380/1/391 412/1/424 411/1/423 379/1/390
f 381/1/392 413/1/425 412/1/424 380/1/391
f 382/1/393 414/1/426 413/1/425 381/1/392
f 383/1/394 415/1/427 414/1/426 382/1/393
f 384/1/395 416/1/428 415/1/427 383/1/394
f 354/1/396 386/1/429 416/1/428 384/1/395
f 385/1/397 417/1/430 418/1/431 386/1/398
f 387/1/399 419/1/432 417/1/430 385/1/397
f 388/1/400 420/1/433 419/1/432 387/1/399
f 389/1/401 421/1/434 420/1/433 388/1/400
f 390/1/402 422/1/435 421/1/434 389/1/401
f 391/1/403 423/1/436 422/1/435 390/1/402
f 392/1/404 424/1/437 423/1/436 391/1/403
f 393/1/405 425/1/438 424/1/437 392/1/404
f 394/1/406 426/1/439 425/1/438 393/1/405
f 395/1/407 427/1/440 426/1/439 394/1/406
f 396/1/408 428/1/441 427/1/440 395/1/407
f 397/1/409 429/1/442 428/1/441 396/1/408
f 398/1/410 430/1/443 429/1/442 397/1/409
f 399/1/411 431/1/444 430/1/443 398/1/410
f 400/1/412 432/1/445 431/1/444 399/1/411
f 401/1/413 433/1/446 432/1/445 400/1/412
f 402/1/414 434/1/447 433/1/446 401/1/413
f 403/1/415 435/1/448 434/1/447 402/1/414
f 404/1/416 436/1/449 435/1/448 403/1/415
f 405/1/417 437/1/450 436/1/449 404/1/416
f 406/1/418 438/1/451 437/1/450 405/1/417
f 407/1/419 439/1/452 438/1/451 406/1/418
f 408/1/420 440/1/453 439/1/452 407/1/419
f 409/1/421 441/1/454 440/1/453 408/1/420
f 410/1/422 442/1/455 441/1/454 409/1/421
f 411/1/423 443/1/456 442/1/455 410/1/422
f 412/1/424 444/1/457 443/1/456 411/1/423
f 413/1/425 445/1/458 444/1/457 412/1/424
f 414/1/426 446/1/459 445/1/458 413/1/425
f 415/1/427 447/1/460 446/1/459 414/1/426
f 416/1/428 448/1/461 447/1/460 415/1/427
f 386/1/429 418/1/462 448/1/461 416/1/428
f 417/1/430 449/1/463 418/1/431
f 419/1/432 449/1/463 417/1/430
f 420/1/433 449/1/463 419/1/432
f 421/1/434 449/1/463 420/1/433
f 422/1/435 449/1/463 421/1/434
f 423/1/436 449/1/463 422/1/435
f 424/1/437 449/1/463 423/1/436
f 425/1/438 449/1/463 424/1/437
f 426/1/439 449/1/463 425/1/438
f 427/1/440 449/1/464 426/1/439
f 428/1/441 449/1/464 427/1/440
f 429/1/442 449/1/464 428/1/441
f 430/1/443 449/1/464 429/1/442
f 431/1/444 449/1/464 430/1/443
f 432/1/445 449/1/464 431/1/444
f 433/1/446 449/1/464 432/1/445
f 434/1/447 449/1/464 433/1/446
f 435/1/448 449/1/465 434/1/447
f 436/1/449 449/1/465 435/1/448
f 437/1/450 449/1/465 436/1/449
f 438/1/451 449/1/465 437/1/450
f 439/1/452 449/1/465 438/1/451
f 440/1/453 449/1/465 439/1/452
f 441/1/454 449/1/465 440/1/453
f 442/1/455 449/1/465 441/1/454
f 443/1/456 449/1/466 442/1/455
f 444/1/457 449/1/466 443/1/456
f 445/1/458 449/1/466 444/1/457
f 446/1/459 449/1/466 445/1/458
f 447/1/460 449/1/466 446/1/459
f 448/1/461 449/1/466 447/1/460
f 418/1/462 449/1/466 448/1/461
g front_armor_petal_0
usemtl pearl
f 450/1/467 451/1/468 452/1/469 453/1/470
f 454/1/471 455/1/472 451/1/468 450/1/467
f 456/1/473 457/1/474 455/1/472 454/1/471
f 458/1/475 459/1/476 457/1/474 456/1/473
f 460/1/477 461/1/478 459/1/476 458/1/475
f 462/1/479 463/1/480 461/1/478 460/1/477
f 464/1/481 465/1/482 463/1/480 462/1/479
f 466/1/483 467/1/484 465/1/482 464/1/481
f 451/1/468 468/1/485 469/1/486 452/1/469
f 455/1/472 470/1/487 468/1/485 451/1/468
f 457/1/474 471/1/488 470/1/487 455/1/472
f 459/1/476 472/1/489 471/1/488 457/1/474
f 461/1/478 473/1/490 472/1/489 459/1/476
f 463/1/480 474/1/491 473/1/490 461/1/478
f 465/1/482 475/1/492 474/1/491 463/1/480
f 467/1/484 476/1/493 475/1/492 465/1/482
f 468/1/485 477/1/494 478/1/495 469/1/486
f 470/1/487 479/1/496 477/1/494 468/1/485
f 471/1/488 480/1/497 479/1/496 470/1/487
f 472/1/489 481/1/498 480/1/497 471/1/488
f 473/1/490 482/1/499 481/1/498 472/1/489
f 474/1/491 483/1/500 482/1/499 473/1/490
f 475/1/492 484/1/501 483/1/500 474/1/491
f 476/1/493 485/1/502 484/1/501 475/1/492
f 477/1/494 486/1/503 487/1/504 478/1/495
f 479/1/496 488/1/505 486/1/503 477/1/494
f 480/1/497 489/1/506 488/1/505 479/1/496
f 481/1/498 490/1/507 489/1/506 480/1/497
f 482/1/499 491/1/508 490/1/507 481/1/498
f 483/1/500 492/1/509 491/1/508 482/1/499
f 484/1/501 493/1/510 492/1/509 483/1/500
f 485/1/502 494/1/511 493/1/510 484/1/501
f 486/1/503 495/1/512 496/1/513 487/1/504
f 488/1/505 497/1/514 495/1/512 486/1/503
f 489/1/506 498/1/515 497/1/514 488/1/505
f 490/1/507 499/1/516 498/1/515 489/1/506
f 491/1/508 500/1/517 499/1/516 490/1/507
f 492/1/509 501/1/518 500/1/517 491/1/508
f 493/1/510 502/1/519 501/1/518 492/1/509
f 494/1/511 503/1/520 502/1/519 493/1/510
f 495/1/512 504/1/521 505/1/522 496/1/513
f 497/1/514 506/1/523 504/1/521 495/1/512
f 498/1/515 507/1/524 506/1/523 497/1/514
f 499/1/516 508/1/525 507/1/524 498/1/515
f 500/1/517 509/1/526 508/1/525 499/1/516
f 501/1/518 510/1/527 509/1/526 500/1/517
f 502/1/519 511/1/528 510/1/527 501/1/518
f 503/1/520 512/1/529 511/1/528 502/1/519
f 504/1/521 513/1/530 514/1/531 505/1/522
f 506/1/523 515/1/532 513/1/530 504/1/521
f 507/1/524 516/1/533 515/1/532 506/1/523
f 508/1/525 517/1/534 516/1/533 507/1/524
f 509/1/526 518/1/535 517/1/534 508/1/525
f 510/1/527 519/1/536 518/1/535 509/1/526
f 511/1/528 520/1/537 519/1/536 510/1/527
f 512/1/529 521/1/538 520/1/537 511/1/528
f 513/1/530 522/1/539 523/1/540 514/1/531
f 515/1/532 524/1/541 522/1/539 513/1/530
f 516/1/533 525/1/542 524/1/541 515/1/532
f 517/1/534 526/1/543 525/1/542 516/1/533
f 518/1/535 527/1/544 526/1/543 517/1/534
f 519/1/536 528/1/545 527/1/544 518/1/535
f 520/1/537 529/1/546 528/1/545 519/1/536
f 521/1/538 530/1/547 529/1/546 520/1/537
usemtl graphite
f 531/1/548 532/1/549 533/1/550 534/1/551
f 534/1/551 533/1/550 535/1/552 536/1/553
f 536/1/553 535/1/552 537/1/554 538/1/555
f 538/1/555 537/1/554 539/1/556 540/1/557
f 540/1/557 539/1/556 541/1/558 542/1/559
f 542/1/559 541/1/558 543/1/560 544/1/561
f 544/1/561 543/1/560 545/1/562 546/1/563
f 546/1/563 545/1/562 547/1/564 548/1/565
f 532/1/549 549/1/566 550/1/567 533/1/550
f 533/1/550 550/1/567 551/1/568 535/1/552
f 535/1/552 551/1/568 552/1/569 537/1/554
f 537/1/554 552/1/569 553/1/570 539/1/556
f 539/1/556 553/1/570 554/1/571 541/1/558
f 541/1/558 554/1/571 555/1/572 543/1/560
f 543/1/560 555/1/572 556/1/573 545/1/562
f 545/1/562 556/1/573 557/1/574 547/1/564
f 549/1/566 558/1/575 559/1/576 550/1/567
f 550/1/567 559/1/576 560/1/577 551/1/568
f 551/1/568 560/1/577 561/1/578 552/1/569
f 552/1/569 561/1/578 562/1/579 553/1/570
f 553/1/570 562/1/579 563/1/580 554/1/571
f 554/1/571 563/1/580 564/1/581 555/1/572
f 555/1/572 564/1/581 565/1/582 556/1/573
f 556/1/573 565/1/582 566/1/583 557/1/574
f 558/1/575 567/1/584 568/1/585 559/1/576
f 559/1/576 568/1/585 569/1/586 560/1/577
f 560/1/577 569/1/586 570/1/587 561/1/578
f 561/1/578 570/1/587 571/1/588 562/1/579
f 562/1/579 571/1/588 572/1/589 563/1/580
f 563/1/580 572/1/589 573/1/590 564/1/581
f 564/1/581 573/1/590 574/1/591 565/1/582
f 565/1/582 574/1/591 575/1/592 566/1/583
f 567/1/584 576/1/593 577/1/594 568/1/585
f 568/1/585 577/1/594 578/1/595 569/1/586
f 569/1/586 578/1/595 579/1/596 570/1/587
f 570/1/587 579/1/596 580/1/597 571/1/588
f 571/1/588 580/1/597 581/1/598 572/1/589
f 572/1/589 581/1/598 582/1/599 573/1/590
f 573/1/590 582/1/599 583/1/600 574/1/591
f 574/1/591 583/1/600 584/1/601 575/1/592
f 576/1/593 585/1/602 586/1/603 577/1/594
f 577/1/594 586/1/603 587/1/604 578/1/595
f 578/1/595 587/1/604 588/1/605 579/1/596
f 579/1/596 588/1/605 589/1/606 580/1/597
f 580/1/597 589/1/606 590/1/607 581/1/598
f 581/1/598 590/1/607 591/1/608 582/1/599
f 582/1/599 591/1/608 592/1/609 583/1/600
f 583/1/600 592/1/609 593/1/610 584/1/601
f 585/1/602 594/1/611 595/1/612 586/1/603
f 586/1/603 595/1/612 596/1/613 587/1/604
f 587/1/604 596/1/613 597/1/614 588/1/605
f 588/1/605 597/1/614 598/1/615 589/1/606
f 589/1/606 598/1/615 599/1/616 590/1/607
f 590/1/607 599/1/616 600/1/617 591/1/608
f 591/1/608 600/1/617 601/1/618 592/1/609
f 592/1/609 601/1/618 602/1/619 593/1/610
f 594/1/611 603/1/620 604/1/621 595/1/612
f 595/1/612 604/1/621 605/1/622 596/1/613
f 596/1/613 605/1/622 606/1/623 597/1/614
f 597/1/614 606/1/623 607/1/624 598/1/615
f 598/1/615 607/1/624 608/1/625 599/1/616
f 599/1/616 608/1/625 609/1/626 600/1/617
f 600/1/617 609/1/626 610/1/627 601/1/618
f 601/1/618 610/1/627 611/1/628 602/1/619
usemtl silver
f 531/1/629 534/1/629 450/1/629 453/1/629
f 534/1/630 536/1/630 454/1/630 450/1/630
f 536/1/631 538/1/631 456/1/631 454/1/631
f 538/1/632 540/1/632 458/1/632 456/1/632
f 540/1/633 542/1/633 460/1/633 458/1/633
f 542/1/634 544/1/634 462/1/634 460/1/634
f 544/1/635 546/1/635 464/1/635 462/1/635
f 546/1/636 548/1/636 466/1/636 464/1/636
f 548/1/637 547/1/637 467/1/637 466/1/637
f 547/1/638 557/1/638 476/1/638 467/1/638
f 557/1/639 566/1/639 485/1/639 476/1/639
f 566/1/640 575/1/640 494/1/640 485/1/640
f 575/1/641 584/1/641 503/1/641 494/1/641
f 584/1/642 593/1/642 512/1/642 503/1/642
f 593/1/643 602/1/643 521/1/643 512/1/643
f 602/1/644 611/1/644 530/1/644 521/1/644
f 611/1/645 610/1/645 529/1/645 530/1/645
f 610/1/646 609/1/646 528/1/646 529/1/646
f 609/1/647 608/1/647 527/1/647 528/1/647
f 608/1/648 607/1/648 526/1/648 527/1/648
f 607/1/649 606/1/649 525/1/649 526/1/649
f 606/1/650 605/1/650 524/1/650 525/1/650
f 605/1/651 604/1/651 522/1/651 524/1/651
f 604/1/652 603/1/652 523/1/652 522/1/652
f 603/1/653 594/1/653 514/1/653 523/1/653
f 594/1/654 585/1/654 505/1/654 514/1/654
f 585/1/655 576/1/655 496/1/655 505/1/655
f 576/1/656 567/1/656 487/1/656 496/1/656
f 567/1/657 558/1/657 478/1/657 487/1/657
f 558/1/658 549/1/658 469/1/658 478/1/658
f 549/1/659 532/1/659 452/1/659 469/1/659
f 532/1/660 531/1/660 453/1/660 452/1/660
g rear_armor_petal_0
f 612/1/661 613/1/662 614/1/663 615/1/664
f 616/1/665 617/1/666 613/1/662 612/1/661
f 618/1/667 619/1/668 617/1/666 616/1/665
f 620/1/669 621/1/670 619/1/668 618/1/667
f 622/1/671 623/1/672 621/1/670 620/1/669
f 624/1/673 625/1/674 623/1/672 622/1/671
f 626/1/675 627/1/676 625/1/674 624/1/673
f 628/1/677 629/1/678 627/1/676 626/1/675
f 613/1/662 630/1/679 631/1/680 614/1/663
f 617/1/666 632/1/681 630/1/679 613/1/662
f 619/1/668 633/1/682 632/1/681 617/1/666
f 621/1/670 634/1/683 633/1/682 619/1/668
f 623/1/672 635/1/684 634/1/683 621/1/670
f 625/1/674 636/1/685 635/1/684 623/1/672
f 627/1/676 637/1/686 636/1/685 625/1/674
f 629/1/678 638/1/687 637/1/686 627/1/676
f 630/1/679 639/1/688 640/1/689 631/1/680
f 632/1/681 641/1/690 639/1/688 630/1/679
f 633/1/682 642/1/691 641/1/690 632/1/681
f 634/1/683 643/1/692 642/1/691 633/1/682
f 635/1/684 644/1/693 643/1/692 634/1/683
f 636/1/685 645/1/694 644/1/693 635/1/684
f 637/1/686 646/1/695 645/1/694 636/1/685
f 638/1/687 647/1/696 646/1/695 637/1/686
f 639/1/688 648/1/697 649/1/698 640/1/689
f 641/1/690 650/1/699 648/1/697 639/1/688
f 642/1/691 651/1/700 650/1/699 641/1/690
f 643/1/692 652/1/701 651/1/700 642/1/691
f 644/1/693 653/1/702 652/1/701 643/1/692
f 645/1/694 654/1/703 653/1/702 644/1/693
f 646/1/695 655/1/704 654/1/703 645/1/694
f 647/1/696 656/1/705 655/1/704 646/1/695
f 648/1/697 657/1/706 658/1/707 649/1/698
f 650/1/699 659/1/708 657/1/706 648/1/697
f 651/1/700 660/1/709 659/1/708 650/1/699
f 652/1/701 661/1/710 660/1/709 651/1/700
f 653/1/702 662/1/711 661/1/710 652/1/701
f 654/1/703 663/1/712 662/1/711 653/1/702
f 655/1/704 664/1/713 663/1/712 654/1/703
f 656/1/705 665/1/714 664/1/713 655/1/704
f 657/1/706 666/1/715 667/1/716 658/1/707
f 659/1/708 668/1/717 666/1/715 657/1/706
f 660/1/709 669/1/718 668/1/717 659/1/708
f 661/1/710 670/1/719 669/1/718 660/1/709
f 662/1/711 671/1/720 670/1/719 661/1/710
f 663/1/712 672/1/721 671/1/720 662/1/711
f 664/1/713 673/1/722 672/1/721 663/1/712
f 665/1/714 674/1/723 673/1/722 664/1/713
f 666/1/715 675/1/724 676/1/725 667/1/716
f 668/1/717 677/1/726 675/1/724 666/1/715
f 669/1/718 678/1/727 677/1/726 668/1/717
f 670/1/719 679/1/728 678/1/727 669/1/718
f 671/1/720 680/1/729 679/1/728 670/1/719
f 672/1/721 681/1/730 680/1/729 671/1/720
f 673/1/722 682/1/731 681/1/730 672/1/721
f 674/1/723 683/1/732 682/1/731 673/1/722
f 675/1/724 684/1/733 685/1/734 676/1/725
f 677/1/726 686/1/735 684/1/733 675/1/724
f 678/1/727 687/1/736 686/1/735 677/1/726
f 679/1/728 688/1/737 687/1/736 678/1/727
f 680/1/729 689/1/738 688/1/737 679/1/728
f 681/1/730 690/1/739 689/1/738 680/1/729
f 682/1/731 691/1/740 690/1/739 681/1/730
f 683/1/732 692/1/741 691/1/740 682/1/731
usemtl graphite
f 693/1/742 694/1/743 695/1/744 696/1/745
f 696/1/745 695/1/744 697/1/746 698/1/747
f 698/1/747 697/1/746 699/1/748 700/1/749
f 700/1/749 699/1/748 701/1/750 702/1/751
f 702/1/751 701/1/750 703/1/752 704/1/753
f 704/1/753 703/1/752 705/1/754 706/1/755
f 706/1/755 705/1/754 707/1/756 708/1/757
f 708/1/757 707/1/756 709/1/758 710/1/759
f 694/1/743 711/1/760 712/1/761 695/1/744
f 695/1/744 712/1/761 713/1/762 697/1/746
f 697/1/746 713/1/762 714/1/763 699/1/748
f 699/1/748 714/1/763 715/1/764 701/1/750
f 701/1/750 715/1/764 716/1/765 703/1/752
f 703/1/752 716/1/765 717/1/766 705/1/754
f 705/1/754 717/1/766 718/1/767 707/1/756
f 707/1/756 718/1/767 719/1/768 709/1/758
f 711/1/760 720/1/769 721/1/770 712/1/761
f 712/1/761 721/1/770 722/1/771 713/1/762
f 713/1/762 722/1/771 723/1/772 714/1/763
f 714/1/763 723/1/772 724/1/773 715/1/764
f 715/1/764 724/1/773 725/1/774 716/1/765
f 716/1/765 725/1/774 726/1/775 717/1/766
f 717/1/766 726/1/775 727/1/776 718/1/767
f 718/1/767 727/1/776 728/1/777 719/1/768
f 720/1/769 729/1/778 730/1/779 721/1/770
f 721/1/770 730/1/779 731/1/780 722/1/771
f 722/1/771 731/1/780 732/1/781 723/1/772
f 723/1/772 732/1/781 733/1/782 724/1/773
f 724/1/773 733/1/782 734/1/783 725/1/774
f 725/1/774 734/1/783 735/1/784 726/1/775
f 726/1/775 735/1/784 736/1/785 727/1/776
f 727/1/776 736/1/785 737/1/786 728/1/777
f 729/1/778 738/1/787 739/1/788 730/1/779
f 730/1/779 739/1/788 740/1/789 731/1/780
f 731/1/780 740/1/789 741/1/790 732/1/781
f 732/1/781 741/1/790 742/1/791 733/1/782
f 733/1/782 742/1/791 743/1/792 734/1/783
f 734/1/783 743/1/792 744/1/793 735/1/784
f 735/1/784 744/1/793 745/1/794 736/1/785
f 736/1/785 745/1/794 746/1/795 737/1/786
f 738/1/787 747/1/796 748/1/797 739/1/788
f 739/1/788 748/1/797 749/1/798 740/1/789
f 740/1/789 749/1/798 750/1/799 741/1/790
f 741/1/790 750/1/799 751/1/800 742/1/791
f 742/1/791 751/1/800 752/1/801 743/1/792
f 743/1/792 752/1/801 753/1/802 744/1/793
f 744/1/793 753/1/802 754/1/803 745/1/794
f 745/1/794 754/1/803 755/1/804 746/1/795
f 747/1/796 756/1/805 757/1/806 748/1/797
f 748/1/797 757/1/806 758/1/807 749/1/798
f 749/1/798 758/1/807 759/1/808 750/1/799
f 750/1/799 759/1/808 760/1/809 751/1/800
f 751/1/800 760/1/809 761/1/810 752/1/801
f 752/1/801 761/1/810 762/1/811 753/1/802
f 753/1/802 762/1/811 763/1/812 754/1/803
f 754/1/803 763/1/812 764/1/813 755/1/804
f 756/1/805 765/1/814 766/1/815 757/1/806
f 757/1/806 766/1/815 767/1/816 758/1/807
f 758/1/807 767/1/816 768/1/817 759/1/808
f 759/1/808 768/1/817 769/1/818 760/1/809
f 760/1/809 769/1/818 770/1/819 761/1/810
f 761/1/810 770/1/819 771/1/820 762/1/811
f 762/1/811 771/1/820 772/1/821 763/1/812
f 763/1/812 772/1/821 773/1/822 764/1/813
usemtl silver
f 693/1/823 696/1/823 612/1/823 615/1/823
f 696/1/824 698/1/824 616/1/824 612/1/824
f 698/1/825 700/1/825 618/1/825 616/1/825
f 700/1/826 702/1/826 620/1/826 618/1/826
f 702/1/827 704/1/827 622/1/827 620/1/827
f 704/1/828 706/1/828 624/1/828 622/1/828
f 706/1/829 708/1/829 626/1/829 624/1/829
f 708/1/830 710/1/830 628/1/830 626/1/830
f 710/1/831 709/1/831 629/1/831 628/1/831
f 709/1/832 719/1/832 638/1/832 629/1/832
f 719/1/833 728/1/833 647/1/833 638/1/833
f 728/1/834 737/1/834 656/1/834 647/1/834
f 737/1/835 746/1/835 665/1/835 656/1/835
f 746/1/836 755/1/836 674/1/836 665/1/836
f 755/1/837 764/1/837 683/1/837 674/1/837
f 764/1/838 773/1/838 692/1/838 683/1/838
f 773/1/839 772/1/839 691/1/839 692/1/839
f 772/1/840 771/1/840 690/1/840 691/1/840
f 771/1/841 770/1/841 689/1/841 690/1/841
f 770/1/842 769/1/842 688/1/842 689/1/842
f 769/1/843 768/1/843 687/1/843 688/1/843
f 768/1/844 767/1/844 686/1/844 687/1/844
f 767/1/845 766/1/845 684/1/845 686/1/845
f 766/1/846 765/1/846 685/1/846 684/1/846
f 765/1/847 756/1/847 676/1/847 685/1/847
f 756/1/848 747/1/848 667/1/848 676/1/848
f 747/1/849 738/1/849 658/1/849 667/1/849
f 738/1/850 729/1/850 649/1/850 658/1/850
f 729/1/851 720/1/851 640/1/851 649/1/851
f 720/1/852 711/1/852 631/1/852 640/1/852
f 711/1/853 694/1/853 614/1/853 631/1/853
f 694/1/854 693/1/854 615/1/854 614/1/854
g front_armor_petal_1
usemtl pearl
f 774/1/855 775/1/856 776/1/857 777/1/858
f 778/1/859 779/1/860 775/1/856 774/1/855
f 780/1/861 781/1/862 779/1/860 778/1/859
f 782/1/863 783/1/864 781/1/862 780/1/861
f 784/1/865 785/1/866 783/1/864 782/1/863
f 786/1/867 787/1/868 785/1/866 784/1/865
f 788/1/869 789/1/870 787/1/868 786/1/867
f 790/1/871 791/1/872 789/1/870 788/1/869
f 775/1/856 792/1/873 793/1/874 776/1/857
f 779/1/860 794/1/875 792/1/873 775/1/856
f 781/1/862 795/1/876 794/1/875 779/1/860
f 783/1/864 796/1/877 795/1/876 781/1/862
f 785/1/866 797/1/878 796/1/877 783/1/864
f 787/1/868 798/1/879 797/1/878 785/1/866
f 789/1/870 799/1/880 798/1/879 787/1/868
f 791/1/872 800/1/881 799/1/880 789/1/870
f 792/1/873 801/1/882 802/1/883 793/1/874
f 794/1/875 803/1/884 801/1/882 792/1/873
f 795/1/876 804/1/885 803/1/884 794/1/875
f 796/1/877 805/1/886 804/1/885 795/1/876
f 797/1/878 806/1/887 805/1/886 796/1/877
f 798/1/879 807/1/888 806/1/887 797/1/878
f 799/1/880 808/1/889 807/1/888 798/1/879
f 800/1/881 809/1/890 808/1/889 799/1/880
f 801/1/882 810/1/891 811/1/892 802/1/883
f 803/1/884 812/1/893 810/1/891 801/1/882
f 804/1/885 813/1/894 812/1/893 803/1/884
f 805/1/886 814/1/895 813/1/894 804/1/885
f 806/1/887 815/1/896 814/1/895 805/1/886
f 807/1/888 816/1/897 815/1/896 806/1/887
f 808/1/889 817/1/898 816/1/897 807/1/888
f 809/1/890 818/1/899 817/1/898 808/1/889
f 810/1/891 819/1/900 820/1/901 811/1/892
f 812/1/893 821/1/902 819/1/900 810/1/891
f 813/1/894 822/1/903 821/1/902 812/1/893
f 814/1/895 823/1/904 822/1/903 813/1/894
f 815/1/896 824/1/905 823/1/904 814/1/895
f 816/1/897 825/1/906 824/1/905 815/1/896
f 817/1/898 826/1/907 825/1/906 816/1/897
f 818/1/899 827/1/908 826/1/907 817/1/898
f 819/1/900 828/1/909 829/1/910 820/1/901
f 821/1/902 830/1/911 828/1/909 819/1/900
f 822/1/903 831/1/912 830/1/911 821/1/902
f 823/1/904 832/1/913 831/1/912 822/1/903
f 824/1/905 833/1/914 832/1/913 823/1/904
f 825/1/906 834/1/915 833/1/914 824/1/905
f 826/1/907 835/1/916 834/1/915 825/1/906
f 827/1/908 836/1/917 835/1/916 826/1/907
f 828/1/909 837/1/918 838/1/919 829/1/910
f 830/1/911 839/1/920 837/1/918 828/1/909
f 831/1/912 840/1/921 839/1/920 830/1/911
f 832/1/913 841/1/922 840/1/921 831/1/912
f 833/1/914 842/1/923 841/1/922 832/1/913
f 834/1/915 843/1/924 842/1/923 833/1/914
f 835/1/916 844/1/925 843/1/924 834/1/915
f 836/1/917 845/1/926 844/1/925 835/1/916
f 837/1/918 846/1/927 847/1/928 838/1/919
f 839/1/920 848/1/929 846/1/927 837/1/918
f 840/1/921 849/1/930 848/1/929 839/1/920
f 841/1/922 850/1/931 849/1/930 840/1/921
f 842/1/923 851/1/932 850/1/931 841/1/922
f 843/1/924 852/1/933 851/1/932 842/1/923
f 844/1/925 853/1/934 852/1/933 843/1/924
f 845/1/926 854/1/935 853/1/934 844/1/925
usemtl graphite
f 855/1/936 856/1/937 857/1/938 858/1/939
f 858/1/939 857/1/938 859/1/940 860/1/941
f 860/1/941 859/1/940 861/1/942 862/1/943
f 862/1/943 861/1/942 863/1/944 864/1/945
f 864/1/945 863/1/944 865/1/946 866/1/947
f 866/1/947 865/1/946 867/1/948 868/1/949
f 868/1/949 867/1/948 869/1/950 870/1/951
f 870/1/951 869/1/950 871/1/952 872/1/953
f 856/1/937 873/1/954 874/1/955 857/1/938
f 857/1/938 874/1/955 875/1/956 859/1/940
f 859/1/940 875/1/956 876/1/957 861/1/942
f 861/1/942 876/1/957 877/1/958 863/1/944
f 863/1/944 877/1/958 878/1/959 865/1/946
f 865/1/946 878/1/959 879/1/960 867/1/948
f 867/1/948 879/1/960 880/1/961 869/1/950
f 869/1/950 880/1/961 881/1/962 871/1/952
f 873/1/954 882/1/963 883/1/964 874/1/955
f 874/1/955 883/1/964 884/1/965 875/1/956
f 875/1/956 884/1/965 885/1/966 876/1/957
f 876/1/957 885/1/966 886/1/967 877/1/958
f 877/1/958 886/1/967 887/1/968 878/1/959
f 878/1/959 887/1/968 888/1/969 879/1/960
f 879/1/960 888/1/969 889/1/970 880/1/961
f 880/1/961 889/1/970 890/1/971 881/1/962
f 882/1/963 891/1/972 892/1/973 883/1/964
f 883/1/964 892/1/973 893/1/974 884/1/965
f 884/1/965 893/1/974 894/1/975 885/1/966
f 885/1/966 894/1/975 895/1/976 886/1/967
f 886/1/967 895/1/976 896/1/977 887/1/968
f 887/1/968 896/1/977 897/1/978 888/1/969
f 888/1/969 897/1/978 898/1/979 889/1/970
f 889/1/970 898/1/979 899/1/980 890/1/971
f 891/1/972 900/1/981 901/1/982 892/1/973
f 892/1/973 901/1/982 902/1/983 893/1/974
f 893/1/974 902/1/983 903/1/984 894/1/975
f 894/1/975 903/1/984 904/1/985 895/1/976
f 895/1/976 904/1/985 905/1/986 896/1/977
f 896/1/977 905/1/986 906/1/987 897/1/978
f 897/1/978 906/1/987 907/1/988 898/1/979
f 898/1/979 907/1/988 908/1/989 899/1/980
f 900/1/981 909/1/990 910/1/991 901/1/982
f 901/1/982 910/1/991 911/1/992 902/1/983
f 902/1/983 911/1/992 912/1/993 903/1/984
f 903/1/984 912/1/993 913/1/994 904/1/985
f 904/1/985 913/1/994 914/1/995 905/1/986
f 905/1/986 914/1/995 915/1/996 906/1/987
f 906/1/987 915/1/996 916/1/997 907/1/988
f 907/1/988 916/1/997 917/1/998 908/1/989
f 909/1/990 918/1/999 919/1/1000 910/1/991
f 910/1/991 919/1/1000 920/1/1001 911/1/992
f 911/1/992 920/1/1001 921/1/1002 912/1/993
f 912/1/993 921/1/1002 922/1/1003 913/1/994
f 913/1/994 922/1/1003 923/1/1004 914/1/995
f 914/1/995 923/1/1004 924/1/1005 915/1/996
f 915/1/996 924/1/1005 925/1/1006 916/1/997
f 916/1/997 925/1/1006 926/1/1007 917/1/998
f 918/1/999 927/1/1008 928/1/1009 919/1/1000
f 919/1/1000 928/1/1009 929/1/1010 920/1/1001
f 920/1/1001 929/1/1010 930/1/1011 921/1/1002
f 921/1/1002 930/1/1011 931/1/1012 922/1/1003
f 922/1/1003 931/1/1012 932/1/1013 923/1/1004
f 923/1/1004 932/1/1013 933/1/1014 924/1/1005
f 924/1/1005 933/1/1014 934/1/1015 925/1/1006
f 925/1/1006 934/1/1015 935/1/1016 926/1/1007
usemtl silver
f 855/1/1017 858/1/1017 774/1/1017 777/1/1017
f 858/1/1018 860/1/1018 778/1/1018 774/1/1018
f 860/1/1019 862/1/1019 780/1/1019 778/1/1019
f 862/1/1020 864/1/1020 782/1/1020 780/1/1020
f 864/1/1021 866/1/1021 784/1/1021 782/1/1021
f 866/1/1022 868/1/1022 786/1/1022 784/1/1022
f 868/1/1023 870/1/1023 788/1/1023 786/1/1023
f 870/1/1024 872/1/1024 790/1/1024 788/1/1024
f 872/1/1025 871/1/1025 791/1/1025 790/1/1025
f 871/1/1026 881/1/1026 800/1/1026 791/1/1026
f 881/1/1027 890/1/1027 809/1/1027 800/1/1027
f 890/1/1028 899/1/1028 818/1/1028 809/1/1028
f 899/1/1029 908/1/1029 827/1/1029 818/1/1029
f 908/1/1030 917/1/1030 836/1/1030 827/1/1030
f 917/1/1031 926/1/1031 845/1/1031 836/1/1031
f 926/1/1032 935/1/1032 854/1/1032 845/1/1032
f 935/1/1033 934/1/1033 853/1/1033 854/1/1033
f 934/1/1034 933/1/1034 852/1/1034 853/1/1034
f 933/1/1035 932/1/1035 851/1/1035 852/1/1035
f 932/1/1036 931/1/1036 850/1/1036 851/1/1036
f 931/1/1037 930/1/1037 849/1/1037 850/1/1037
f 930/1/1038 929/1/1038 848/1/1038 849/1/1038
f 929/1/1039 928/1/1039 846/1/1039 848/1/1039
f 928/1/1040 927/1/1040 847/1/1040 846/1/1040
f 927/1/1041 918/1/1041 838/1/1041 847/1/1041
f 918/1/1042 909/1/1042 829/1/1042 838/1/1042
f 909/1/1043 900/1/1043 820/1/1043 829/1/1043
f 900/1/1044 891/1/1044 811/1/1044 820/1/1044
f 891/1/1045 882/1/1045 802/1/1045 811/1/1045
f 882/1/1046 873/1/1046 793/1/1046 802/1/1046
f 873/1/1047 856/1/1047 776/1/1047 793/1/1047
f 856/1/1048 855/1/1048 777/1/1048 776/1/1048
g rear_armor_petal_1
f 936/1/1049 937/1/1050 938/1/1051 939/1/1052
f 940/1/1053 941/1/1054 937/1/1050 936/1/1049
f 942/1/1055 943/1/1056 941/1/1054 940/1/1053
f 944/1/1057 945/1/1058 943/1/1056 942/1/1055
f 946/1/1059 947/1/1060 945/1/1058 944/1/1057
f 948/1/1061 949/1/1062 947/1/1060 946/1/1059
f 950/1/1063 951/1/1064 949/1/1062 948/1/1061
f 952/1/1065 953/1/1066 951/1/1064 950/1/1063
f 937/1/1050 954/1/1067 955/1/1068 938/1/1051
f 941/1/1054 956/1/1069 954/1/1067 937/1/1050
f 943/1/1056 957/1/1070 956/1/1069 941/1/1054
f 945/1/1058 958/1/1071 957/1/1070 943/1/1056
f 947/1/1060 959/1/1072 958/1/1071 945/1/1058
f 949/1/1062 960/1/1073 959/1/1072 947/1/1060
f 951/1/1064 961/1/1074 960/1/1073 949/1/1062
f 953/1/1066 962/1/1075 961/1/1074 951/1/1064
f 954/1/1067 963/1/1076 964/1/1077 955/1/1068
f 956/1/1069 965/1/1078 963/1/1076 954/1/1067
f 957/1/1070 966/1/1079 965/1/1078 956/1/1069
f 958/1/1071 967/1/1080 966/1/1079 957/1/1070
f 959/1/1072 968/1/1081 967/1/1080 958/1/1071
f 960/1/1073 969/1/1082 968/1/1081 959/1/1072
f 961/1/1074 970/1/1083 969/1/1082 960/1/1073
f 962/1/1075 971/1/1084 970/1/1083 961/1/1074
f 963/1/1076 972/1/1085 973/1/1086 964/1/1077
f 965/1/1078 974/1/1087 972/1/1085 963/1/1076
f 966/1/1079 975/1/1088 974/1/1087 965/1/1078
f 967/1/1080 976/1/1089 975/1/1088 966/1/1079
f 968/1/1081 977/1/1090 976/1/1089 967/1/1080
f 969/1/1082 978/1/1091 977/1/1090 968/1/1081
f 970/1/1083 979/1/1092 978/1/1091 969/1/1082
f 971/1/1084 980/1/1093 979/1/1092 970/1/1083
f 972/1/1085 981/1/1094 982/1/1095 973/1/1086
f 974/1/1087 983/1/1096 981/1/1094 972/1/1085
f 975/1/1088 984/1/1097 983/1/1096 974/1/1087
f 976/1/1089 985/1/1098 984/1/1097 975/1/1088
f 977/1/1090 986/1/1099 985/1/1098 976/1/1089
f 978/1/1091 987/1/1100 986/1/1099 977/1/1090
f 979/1/1092 988/1/1101 987/1/1100 978/1/1091
f 980/1/1093 989/1/1102 988/1/1101 979/1/1092
f 981/1/1094 990/1/1103 991/1/1104 982/1/1095
f 983/1/1096 992/1/1105 990/1/1103 981/1/1094
f 984/1/1097 993/1/1106 992/1/1105 983/1/1096
f 985/1/1098 994/1/1107 993/1/1106 984/1/1097
f 986/1/1099 995/1/1108 994/1/1107 985/1/1098
f 987/1/1100 996/1/1109 995/1/1108 986/1/1099
f 988/1/1101 997/1/1110 996/1/1109 987/1/1100
f 989/1/1102 998/1/1111 997/1/1110 988/1/1101
f 990/1/1103 999/1/1112 1000/1/1113 991/1/1104
f 992/1/1105 1001/1/1114 999/1/1112 990/1/1103
f 993/1/1106 1002/1/1115 1001/1/1114 992/1/1105
f 994/1/1107 1003/1/1116 1002/1/1115 993/1/1106
f 995/1/1108 1004/1/1117 1003/1/1116 994/1/1107
f 996/1/1109 1005/1/1118 1004/1/1117 995/1/1108
f 997/1/1110 1006/1/1119 1005/1/1118 996/1/1109
f 998/1/1111 1007/1/1120 1006/1/1119 997/1/1110
f 999/1/1112 1008/1/1121 1009/1/1122 1000/1/1113
f 1001/1/1114 1010/1/1123 1008/1/1121 999/1/1112
f 1002/1/1115 1011/1/1124 1010/1/1123 1001/1/1114
f 1003/1/1116 1012/1/1125 1011/1/1124 1002/1/1115
f 1004/1/1117 1013/1/1126 1012/1/1125 1003/1/1116
f 1005/1/1118 1014/1/1127 1013/1/1126 1004/1/1117
f 1006/1/1119 1015/1/1128 1014/1/1127 1005/1/1118
f 1007/1/1120 1016/1/1129 1015/1/1128 1006/1/1119
usemtl graphite
f 1017/1/1130 1018/1/1131 1019/1/1132 1020/1/1133
f 1020/1/1133 1019/1/1132 1021/1/1134 1022/1/1135
f 1022/1/1135 1021/1/1134 1023/1/1136 1024/1/1137
f 1024/1/1137 1023/1/1136 1025/1/1138 1026/1/1139
f 1026/1/1139 1025/1/1138 1027/1/1140 1028/1/1141
f 1028/1/1141 1027/1/1140 1029/1/1142 1030/1/1143
f 1030/1/1143 1029/1/1142 1031/1/1144 1032/1/1145
f 1032/1/1145 1031/1/1144 1033/1/1146 1034/1/1147
f 1018/1/1131 1035/1/1148 1036/1/1149 1019/1/1132
f 1019/1/1132 1036/1/1149 1037/1/1150 1021/1/1134
f 1021/1/1134 1037/1/1150 1038/1/1151 1023/1/1136
f 1023/1/1136 1038/1/1151 1039/1/1152 1025/1/1138
f 1025/1/1138 1039/1/1152 1040/1/1153 1027/1/1140
f 1027/1/1140 1040/1/1153 1041/1/1154 1029/1/1142
f 1029/1/1142 1041/1/1154 1042/1/1155 1031/1/1144
f 1031/1/1144 1042/1/1155 1043/1/1156 1033/1/1146
f 1035/1/1148 1044/1/1157 1045/1/1158 1036/1/1149
f 1036/1/1149 1045/1/1158 1046/1/1159 1037/1/1150
f 1037/1/1150 1046/1/1159 1047/1/1160 1038/1/1151
f 1038/1/1151 1047/1/1160 1048/1/1161 1039/1/1152
f 1039/1/1152 1048/1/1161 1049/1/1162 1040/1/1153
f 1040/1/1153 1049/1/1162 1050/1/1163 1041/1/1154
f 1041/1/1154 1050/1/1163 1051/1/1164 1042/1/1155
f 1042/1/1155 1051/1/1164 1052/1/1165 1043/1/1156
f 1044/1/1157 1053/1/1166 1054/1/1167 1045/1/1158
f 1045/1/1158 1054/1/1167 1055/1/1168 1046/1/1159
f 1046/1/1159 1055/1/1168 1056/1/1169 1047/1/1160
f 1047/1/1160 1056/1/1169 1057/1/1170 1048/1/1161
f 1048/1/1161 1057/1/1170 1058/1/1171 1049/1/1162
f 1049/1/1162 1058/1/1171 1059/1/1172 1050/1/1163
f 1050/1/1163 1059/1/1172 1060/1/1173 1051/1/1164
f 1051/1/1164 1060/1/1173 1061/1/1174 1052/1/1165
f 1053/1/1166 1062/1/1175 1063/1/1176 1054/1/1167
f 1054/1/1167 1063/1/1176 1064/1/1177 1055/1/1168
f 1055/1/1168 1064/1/1177 1065/1/1178 1056/1/1169
f 1056/1/1169 1065/1/1178 1066/1/1179 1057/1/1170
f 1057/1/1170 1066/1/1179 1067/1/1180 1058/1/1171
f 1058/1/1171 1067/1/1180 1068/1/1181 1059/1/1172
f 1059/1/1172 1068/1/1181 1069/1/1182 1060/1/1173
f 1060/1/1173 1069/1/1182 1070/1/1183 1061/1/1174
f 1062/1/1175 1071/1/1184 1072/1/1185 1063/1/1176
f 1063/1/1176 1072/1/1185 1073/1/1186 1064/1/1177
f 1064/1/1177 1073/1/1186 1074/1/1187 1065/1/1178
f 1065/1/1178 1074/1/1187 1075/1/1188 1066/1/1179
f 1066/1/1179 1075/1/1188 1076/1/1189 1067/1/1180
f 1067/1/1180 1076/1/1189 1077/1/1190 1068/1/1181
f 1068/1/1181 1077/1/1190 1078/1/1191 1069/1/1182
f 1069/1/1182 1078/1/1191 1079/1/1192 1070/1/1183
f 1071/1/1184 1080/1/1193 1081/1/1194 1072/1/1185
f 1072/1/1185 1081/1/1194 1082/1/1195 1073/1/1186
f 1073/1/1186 1082/1/1195 1083/1/1196 1074/1/1187
f 1074/1/1187 1083/1/1196 1084/1/1197 1075/1/1188
f 1075/1/1188 1084/1/1197 1085/1/1198 1076/1/1189
f 1076/1/1189 1085/1/1198 1086/1/1199 1077/1/1190
f 1077/1/1190 1086/1/1199 1087/1/1200 1078/1/1191
f 1078/1/1191 1087/1/1200 1088/1/1201 1079/1/1192
f 1080/1/1193 1089/1/1202 1090/1/1203 1081/1/1194
f 1081/1/1194 1090/1/1203 1091/1/1204 1082/1/1195
f 1082/1/1195 1091/1/1204 1092/1/1205 1083/1/1196
f 1083/1/1196 1092/1/1205 1093/1/1206 1084/1/1197
f 1084/1/1197 1093/1/1206 1094/1/1207 1085/1/1198
f 1085/1/1198 1094/1/1207 1095/1/1208 1086/1/1199
f 1086/1/1199 1095/1/1208 1096/1/1209 1087/1/1200
f 1087/1/1200 1096/1/1209 1097/1/1210 1088/1/1201
usemtl silver
f 1017/1/1211 1020/1/1211 936/1/1211 939/1/1211
f 1020/1/1212 1022/1/1212 940/1/1212 936/1/1212
f 1022/1/1213 1024/1/1213 942/1/1213 940/1/1213
f 1024/1/1214 1026/1/1214 944/1/1214 942/1/1214
f 1026/1/1215 1028/1/1215 946/1/1215 944/1/1215
f 1028/1/1216 1030/1/1216 948/1/1216 946/1/1216
f 1030/1/1217 1032/1/1217 950/1/1217 948/1/1217
f 1032/1/1218 1034/1/1218 952/1/1218 950/1/1218
f 1034/1/1219 1033/1/1219 953/1/1219 952/1/1219
f 1033/1/1220 1043/1/1220 962/1/1220 953/1/1220
f 1043/1/1221 1052/1/1221 971/1/1221 962/1/1221
f 1052/1/1222 1061/1/1222 980/1/1222 971/1/1222
f 1061/1/1223 1070/1/1223 989/1/1223 980/1/1223
f 1070/1/1224 1079/1/1224 998/1/1224 989/1/1224
f 1079/1/1225 1088/1/1225 1007/1/1225 998/1/1225
f 1088/1/1226 1097/1/1226 1016/1/1226 1007/1/1226
f 1097/1/1227 1096/1/1227 1015/1/1227 1016/1/1227
f 1096/1/1228 1095/1/1228 1014/1/1228 1015/1/1228
f 1095/1/1229 1094/1/1229 1013/1/1229 1014/1/1229
f 1094/1/1230 1093/1/1230 1012/1/1230 1013/1/1230
f 1093/1/1231 1092/1/1231 1011/1/1231 1012/1/1231
f 1092/1/1232 1091/1/1232 1010/1/1232 1011/1/1232
f 1091/1/1233 1090/1/1233 1008/1/1233 1010/1/1233
f 1090/1/1234 1089/1/1234 1009/1/1234 1008/1/1234
f 1089/1/1235 1080/1/1235 1000/1/1235 1009/1/1235
f 1080/1/1236 1071/1/1236 991/1/1236 1000/1/1236
f 1071/1/1237 1062/1/1237 982/1/1237 991/1/1237
f 1062/1/1238 1053/1/1238 973/1/1238 982/1/1238
f 1053/1/1239 1044/1/1239 964/1/1239 973/1/1239
f 1044/1/1240 1035/1/1240 955/1/1240 964/1/1240
f 1035/1/1241 1018/1/1241 938/1/1241 955/1/1241
f 1018/1/1242 1017/1/1242 939/1/1242 938/1/1242
g front_armor_petal_2
usemtl pearl
f 1098/1/1243 1099/1/1244 1100/1/1245 1101/1/1246
f 1102/1/1247 1103/1/1248 1099/1/1244 1098/1/1243
f 1104/1/1249 1105/1/1250 1103/1/1248 1102/1/1247
f 1106/1/1251 1107/1/1252 1105/1/1250 1104/1/1249
f 1108/1/1253 1109/1/1254 1107/1/1252 1106/1/1251
f 1110/1/1255 1111/1/1256 1109/1/1254 1108/1/1253
f 1112/1/1257 1113/1/1258 1111/1/1256 1110/1/1255
f 1114/1/1259 1115/1/1260 1113/1/1258 1112/1/1257
f 1099/1/1244 1116/1/1261 1117/1/1262 1100/1/1245
f 1103/1/1248 1118/1/1263 1116/1/1261 1099/1/1244
f 1105/1/1250 1119/1/1264 1118/1/1263 1103/1/1248
f 1107/1/1252 1120/1/1265 1119/1/1264 1105/1/1250
f 1109/1/1254 1121/1/1266 1120/1/1265 1107/1/1252
f 1111/1/1256 1122/1/1267 1121/1/1266 1109/1/1254
f 1113/1/1258 1123/1/1268 1122/1/1267 1111/1/1256
f 1115/1/1260 1124/1/1269 1123/1/1268 1113/1/1258
f 1116/1/1261 1125/1/1270 1126/1/1271 1117/1/1262
f 1118/1/1263 1127/1/1272 1125/1/1270 1116/1/1261
f 1119/1/1264 1128/1/1273 1127/1/1272 1118/1/1263
f 1120/1/1265 1129/1/1274 1128/1/1273 1119/1/1264
f 1121/1/1266 1130/1/1275 1129/1/1274 1120/1/1265
f 1122/1/1267 1131/1/1276 1130/1/1275 1121/1/1266
f 1123/1/1268 1132/1/1277 1131/1/1276 1122/1/1267
f 1124/1/1269 1133/1/1278 1132/1/1277 1123/1/1268
f 1125/1/1270 1134/1/1279 1135/1/1280 1126/1/1271
f 1127/1/1272 1136/1/1281 1134/1/1279 1125/1/1270
f 1128/1/1273 1137/1/1282 1136/1/1281 1127/1/1272
f 1129/1/1274 1138/1/1283 1137/1/1282 1128/1/1273
f 1130/1/1275 1139/1/1284 1138/1/1283 1129/1/1274
f 1131/1/1276 1140/1/1285 1139/1/1284 1130/1/1275
f 1132/1/1277 1141/1/1286 1140/1/1285 1131/1/1276
f 1133/1/1278 1142/1/1287 1141/1/1286 1132/1/1277
f 1134/1/1279 1143/1/1288 1144/1/1289 1135/1/1280
f 1136/1/1281 1145/1/1290 1143/1/1288 1134/1/1279
f 1137/1/1282 1146/1/1291 1145/1/1290 1136/1/1281
f 1138/1/1283 1147/1/1292 1146/1/1291 1137/1/1282
f 1139/1/1284 1148/1/1293 1147/1/1292 1138/1/1283
f 1140/1/1285 1149/1/1294 1148/1/1293 1139/1/1284
f 1141/1/1286 1150/1/1295 1149/1/1294 1140/1/1285
f 1142/1/1287 1151/1/1296 1150/1/1295 1141/1/1286
f 1143/1/1288 1152/1/1297 1153/1/1298 1144/1/1289
f 1145/1/1290 1154/1/1299 1152/1/1297 1143/1/1288
f 1146/1/1291 1155/1/1300 1154/1/1299 1145/1/1290
f 1147/1/1292 1156/1/1301 1155/1/1300 1146/1/1291
f 1148/1/1293 1157/1/1302 1156/1/1301 1147/1/1292
f 1149/1/1294 1158/1/1303 1157/1/1302 1148/1/1293
f 1150/1/1295 1159/1/1304 1158/1/1303 1149/1/1294
f 1151/1/1296 1160/1/1305 1159/1/1304 1150/1/1295
f 1152/1/1297 1161/1/1306 1162/1/1307 1153/1/1298
f 1154/1/1299 1163/1/1308 1161/1/1306 1152/1/1297
f 1155/1/1300 1164/1/1309 1163/1/1308 1154/1/1299
f 1156/1/1301 1165/1/1310 1164/1/1309 1155/1/1300
f 1157/1/1302 1166/1/1311 1165/1/1310 1156/1/1301
f 1158/1/1303 1167/1/1312 1166/1/1311 1157/1/1302
f 1159/1/1304 1168/1/1313 1167/1/1312 1158/1/1303
f 1160/1/1305 1169/1/1314 1168/1/1313 1159/1/1304
f 1161/1/1306 1170/1/1315 1171/1/1316 1162/1/1307
f 1163/1/1308 1172/1/1317 1170/1/1315 1161/1/1306
f 1164/1/1309 1173/1/1318 1172/1/1317 1163/1/1308
f 1165/1/1310 1174/1/1319 1173/1/1318 1164/1/1309
f 1166/1/1311 1175/1/1320 1174/1/1319 1165/1/1310
f 1167/1/1312 1176/1/1321 1175/1/1320 1166/1/1311
f 1168/1/1313 1177/1/1322 1176/1/1321 1167/1/1312
f 1169/1/1314 1178/1/1323 1177/1/1322 1168/1/1313
usemtl graphite
f 1179/1/1324 1180/1/1325 1181/1/1326 1182/1/1327
f 1182/1/1327 1181/1/1326 1183/1/1328 1184/1/1329
f 1184/1/1329 1183/1/1328 1185/1/1330 1186/1/1331
f 1186/1/1331 1185/1/1330 1187/1/1332 1188/1/1333
f 1188/1/1333 1187/1/1332 1189/1/1334 1190/1/1335
f 1190/1/1335 1189/1/1334 1191/1/1336 1192/1/1337
f 1192/1/1337 1191/1/1336 1193/1/1338 1194/1/1339
f 1194/1/1339 1193/1/1338 1195/1/1340 1196/1/1341
f 1180/1/1325 1197/1/1342 1198/1/1343 1181/1/1326
f 1181/1/1326 1198/1/1343 1199/1/1344 1183/1/1328
f 1183/1/1328 1199/1/1344 1200/1/1345 1185/1/1330
f 1185/1/1330 1200/1/1345 1201/1/1346 1187/1/1332
f 1187/1/1332 1201/1/1346 1202/1/1347 1189/1/1334
f 1189/1/1334 1202/1/1347 1203/1/1348 1191/1/1336
f 1191/1/1336 1203/1/1348 1204/1/1349 1193/1/1338
f 1193/1/1338 1204/1/1349 1205/1/1350 1195/1/1340
f 1197/1/1342 1206/1/1351 1207/1/1352 1198/1/1343
f 1198/1/1343 1207/1/1352 1208/1/1353 1199/1/1344
f 1199/1/1344 1208/1/1353 1209/1/1354 1200/1/1345
f 1200/1/1345 1209/1/1354 1210/1/1355 1201/1/1346
f 1201/1/1346 1210/1/1355 1211/1/1356 1202/1/1347
f 1202/1/1347 1211/1/1356 1212/1/1357 1203/1/1348
f 1203/1/1348 1212/1/1357 1213/1/1358 1204/1/1349
f 1204/1/1349 1213/1/1358 1214/1/1359 1205/1/1350
f 1206/1/1351 1215/1/1360 1216/1/1361 1207/1/1352
f 1207/1/1352 1216/1/1361 1217/1/1362 1208/1/1353
f 1208/1/1353 1217/1/1362 1218/1/1363 1209/1/1354
f 1209/1/1354 1218/1/1363 1219/1/1364 1210/1/1355
f 1210/1/1355 1219/1/1364 1220/1/1365 1211/1/1356
f 1211/1/1356 1220/1/1365 1221/1/1366 1212/1/1357
f 1212/1/1357 1221/1/1366 1222/1/1367 1213/1/1358
f 1213/1/1358 1222/1/1367 1223/1/1368 1214/1/1359
f 1215/1/1360 1224/1/1369 1225/1/1370 1216/1/1361
f 1216/1/1361 1225/1/1370 1226/1/1371 1217/1/1362
f 1217/1/1362 1226/1/1371 1227/1/1372 1218/1/1363
f 1218/1/1363 1227/1/1372 1228/1/1373 1219/1/1364
f 1219/1/1364 1228/1/1373 1229/1/1374 1220/1/1365
f 1220/1/1365 1229/1/1374 1230/1/1375 1221/1/1366
f 1221/1/1366 1230/1/1375 1231/1/1376 1222/1/1367
f 1222/1/1367 1231/1/1376 1232/1/1377 1223/1/1368
f 1224/1/1369 1233/1/1378 1234/1/1379 1225/1/1370
f 1225/1/1370 1234/1/1379 1235/1/1380 1226/1/1371
f 1226/1/1371 1235/1/1380 1236/1/1381 1227/1/1372
f 1227/1/1372 1236/1/1381 1237/1/1382 1228/1/1373
f 1228/1/1373 1237/1/1382 1238/1/1383 1229/1/1374
f 1229/1/1374 1238/1/1383 1239/1/1384 1230/1/1375
f 1230/1/1375 1239/1/1384 1240/1/1385 1231/1/1376
f 1231/1/1376 1240/1/1385 1241/1/1386 1232/1/1377
f 1233/1/1378 1242/1/1387 1243/1/1388 1234/1/1379
f 1234/1/1379 1243/1/1388 1244/1/1389 1235/1/1380
f 1235/1/1380 1244/1/1389 1245/1/1390 1236/1/1381
f 1236/1/1381 1245/1/1390 1246/1/1391 1237/1/1382
f 1237/1/1382 1246/1/1391 1247/1/1392 1238/1/1383
f 1238/1/1383 1247/1/1392 1248/1/1393 1239/1/1384
f 1239/1/1384 1248/1/1393 1249/1/1394 1240/1/1385
f 1240/1/1385 1249/1/1394 1250/1/1395 1241/1/1386
f 1242/1/1387 1251/1/1396 1252/1/1397 1243/1/1388
f 1243/1/1388 1252/1/1397 1253/1/1398 1244/1/1389
f 1244/1/1389 1253/1/1398 1254/1/1399 1245/1/1390
f 1245/1/1390 1254/1/1399 1255/1/1400 1246/1/1391
f 1246/1/1391 1255/1/1400 1256/1/1401 1247/1/1392
f 1247/1/1392 1256/1/1401 1257/1/1402 1248/1/1393
f 1248/1/1393 1257/1/1402 1258/1/1403 1249/1/1394
f 1249/1/1394 1258/1/1403 1259/1/1404 1250/1/1395
usemtl silver
f 1179/1/1405 1182/1/1405 1098/1/1405 1101/1/1405
f 1182/1/1406 1184/1/1406 1102/1/1406 1098/1/1406
f 1184/1/1407 1186/1/1407 1104/1/1407 1102/1/1407
f 1186/1/1408 1188/1/1408 1106/1/1408 1104/1/1408
f 1188/1/1409 1190/1/1409 1108/1/1409 1106/1/1409
f 1190/1/1410 1192/1/1410 1110/1/1410 1108/1/1410
f 1192/1/1411 1194/1/1411 1112/1/1411 1110/1/1411
f 1194/1/1412 1196/1/1412 1114/1/1412 1112/1/1412
f 1196/1/1413 1195/1/1413 1115/1/1413 1114/1/1413
f 1195/1/1414 1205/1/1414 1124/1/1414 1115/1/1414
f 1205/1/1415 1214/1/1415 1133/1/1415 1124/1/1415
f 1214/1/1416 1223/1/1416 1142/1/1416 1133/1/1416
f 1223/1/1417 1232/1/1417 1151/1/1417 1142/1/1417
f 1232/1/1418 1241/1/1418 1160/1/1418 1151/1/1418
f 1241/1/1419 1250/1/1419 1169/1/1419 1160/1/1419
f 1250/1/1420 1259/1/1420 1178/1/1420 1169/1/1420
f 1259/1/1421 1258/1/1421 1177/1/1421 1178/1/1421
f 1258/1/1422 1257/1/1422 1176/1/1422 1177/1/1422
f 1257/1/1423 1256/1/1423 1175/1/1423 1176/1/1423
f 1256/1/1424 1255/1/1424 1174/1/1424 1175/1/1424
f 1255/1/1425 1254/1/1425 1173/1/1425 1174/1/1425
f 1254/1/1426 1253/1/1426 1172/1/1426 1173/1/1426
f 1253/1/1427 1252/1/1427 1170/1/1427 1172/1/1427
f 1252/1/1428 1251/1/1428 1171/1/1428 1170/1/1428
f 1251/1/1429 1242/1/1429 1162/1/1429 1171/1/1429
f 1242/1/1430 1233/1/1430 1153/1/1430 1162/1/1430
f 1233/1/1431 1224/1/1431 1144/1/1431 1153/1/1431
f 1224/1/1432 1215/1/1432 1135/1/1432 1144/1/1432
f 1215/1/1433 1206/1/1433 1126/1/1433 1135/1/1433
f 1206/1/1434 1197/1/1434 1117/1/1434 1126/1/1434
f 1197/1/1435 1180/1/1435 1100/1/1435 1117/1/1435
f 1180/1/1436 1179/1/1436 1101/1/1436 1100/1/1436
g rear_armor_petal_2
f 1260/1/1437 1261/1/1438 1262/1/1439 1263/1/1440
f 1264/1/1441 1265/1/1442 1261/1/1438 1260/1/1437
f 1266/1/1443 1267/1/1444 1265/1/1442 1264/1/1441
f 1268/1/1445 1269/1/1446 1267/1/1444 1266/1/1443
f 1270/1/1447 1271/1/1448 1269/1/1446 1268/1/1445
f 1272/1/1449 1273/1/1450 1271/1/1448 1270/1/1447
f 1274/1/1451 1275/1/1452 1273/1/1450 1272/1/1449
f 1276/1/1453 1277/1/1454 1275/1/1452 1274/1/1451
f 1261/1/1438 1278/1/1455 1279/1/1456 1262/1/1439
f 1265/1/1442 1280/1/1457 1278/1/1455 1261/1/1438
f 1267/1/1444 1281/1/1458 1280/1/1457 1265/1/1442
f 1269/1/1446 1282/1/1459 1281/1/1458 1267/1/1444
f 1271/1/1448 1283/1/1460 1282/1/1459 1269/1/1446
f 1273/1/1450 1284/1/1461 1283/1/1460 1271/1/1448
f 1275/1/1452 1285/1/1462 1284/1/1461 1273/1/1450
f 1277/1/1454 1286/1/1463 1285/1/1462 1275/1/1452
f 1278/1/1455 1287/1/1464 1288/1/1465 1279/1/1456
f 1280/1/1457 1289/1/1466 1287/1/1464 1278/1/1455
f 1281/1/1458 1290/1/1467 1289/1/1466 1280/1/1457
f 1282/1/1459 1291/1/1468 1290/1/1467 1281/1/1458
f 1283/1/1460 1292/1/1469 1291/1/1468 1282/1/1459
f 1284/1/1461 1293/1/1470 1292/1/1469 1283/1/1460
f 1285/1/1462 1294/1/1471 1293/1/1470 1284/1/1461
f 1286/1/1463 1295/1/1472 1294/1/1471 1285/1/1462
f 1287/1/1464 1296/1/1473 1297/1/1474 1288/1/1465
f 1289/1/1466 1298/1/1475 1296/1/1473 1287/1/1464
f 1290/1/1467 1299/1/1476 1298/1/1475 1289/1/1466
f 1291/1/1468 1300/1/1477 1299/1/1476 1290/1/1467
f 1292/1/1469 1301/1/1478 1300/1/1477 1291/1/1468
f 1293/1/1470 1302/1/1479 1301/1/1478 1292/1/1469
f 1294/1/1471 1303/1/1480 1302/1/1479 1293/1/1470
f 1295/1/1472 1304/1/1481 1303/1/1480 1294/1/1471
f 1296/1/1473 1305/1/1482 1306/1/1483 1297/1/1474
f 1298/1/1475 1307/1/1484 1305/1/1482 1296/1/1473
f 1299/1/1476 1308/1/1485 1307/1/1484 1298/1/1475
f 1300/1/1477 1309/1/1486 1308/1/1485 1299/1/1476
f 1301/1/1478 1310/1/1487 1309/1/1486 1300/1/1477
f 1302/1/1479 1311/1/1488 1310/1/1487 1301/1/1478
f 1303/1/1480 1312/1/1489 1311/1/1488 1302/1/1479
f 1304/1/1481 1313/1/1490 1312/1/1489 1303/1/1480
f 1305/1/1482 1314/1/1491 1315/1/1492 1306/1/1483
f 1307/1/1484 1316/1/1493 1314/1/1491 1305/1/1482
f 1308/1/1485 1317/1/1494 1316/1/1493 1307/1/1484
f 1309/1/1486 1318/1/1495 1317/1/1494 1308/1/1485
f 1310/1/1487 1319/1/1496 1318/1/1495 1309/1/1486
f 1311/1/1488 1320/1/1497 1319/1/1496 1310/1/1487
f 1312/1/1489 1321/1/1498 1320/1/1497 1311/1/1488
f 1313/1/1490 1322/1/1499 1321/1/1498 1312/1/1489
f 1314/1/1491 1323/1/1500 1324/1/1501 1315/1/1492
f 1316/1/1493 1325/1/1502 1323/1/1500 1314/1/1491
f 1317/1/1494 1326/1/1503 1325/1/1502 1316/1/1493
f 1318/1/1495 1327/1/1504 1326/1/1503 1317/1/1494
f 1319/1/1496 1328/1/1505 1327/1/1504 1318/1/1495
f 1320/1/1497 1329/1/1506 1328/1/1505 1319/1/1496
f 1321/1/1498 1330/1/1507 1329/1/1506 1320/1/1497
f 1322/1/1499 1331/1/1508 1330/1/1507 1321/1/1498
f 1323/1/1500 1332/1/1509 1333/1/1510 1324/1/1501
f 1325/1/1502 1334/1/1511 1332/1/1509 1323/1/1500
f 1326/1/1503 1335/1/1512 1334/1/1511 1325/1/1502
f 1327/1/1504 1336/1/1513 1335/1/1512 1326/1/1503
f 1328/1/1505 1337/1/1514 1336/1/1513 1327/1/1504
f 1329/1/1506 1338/1/1515 1337/1/1514 1328/1/1505
f 1330/1/1507 1339/1/1516 1338/1/1515 1329/1/1506
f 1331/1/1508 1340/1/1517 1339/1/1516 1330/1/1507
usemtl graphite
f 1341/1/1518 1342/1/1519 1343/1/1520 1344/1/1521
f 1344/1/1521 1343/1/1520 1345/1/1522 1346/1/1523
f 1346/1/1523 1345/1/1522 1347/1/1524 1348/1/1525
f 1348/1/1525 1347/1/1524 1349/1/1526 1350/1/1527
f 1350/1/1527 1349/1/1526 1351/1/1528 1352/1/1529
f 1352/1/1529 1351/1/1528 1353/1/1530 1354/1/1531
f 1354/1/1531 1353/1/1530 1355/1/1532 1356/1/1533
f 1356/1/1533 1355/1/1532 1357/1/1534 1358/1/1535
f 1342/1/1519 1359/1/1536 1360/1/1537 1343/1/1520
f 1343/1/1520 1360/1/1537 1361/1/1538 1345/1/1522
f 1345/1/1522 1361/1/1538 1362/1/1539 1347/1/1524
f 1347/1/1524 1362/1/1539 1363/1/1540 1349/1/1526
f 1349/1/1526 1363/1/1540 1364/1/1541 1351/1/1528
f 1351/1/1528 1364/1/1541 1365/1/1542 1353/1/1530
f 1353/1/1530 1365/1/1542 1366/1/1543 1355/1/1532
f 1355/1/1532 1366/1/1543 1367/1/1544 1357/1/1534
f 1359/1/1536 1368/1/1545 1369/1/1546 1360/1/1537
f 1360/1/1537 1369/1/1546 1370/1/1547 1361/1/1538
f 1361/1/1538 1370/1/1547 1371/1/1548 1362/1/1539
f 1362/1/1539 1371/1/1548 1372/1/1549 1363/1/1540
f 1363/1/1540 1372/1/1549 1373/1/1550 1364/1/1541
f 1364/1/1541 1373/1/1550 1374/1/1551 1365/1/1542
f 1365/1/1542 1374/1/1551 1375/1/1552 1366/1/1543
f 1366/1/1543 1375/1/1552 1376/1/1553 1367/1/1544
f 1368/1/1545 1377/1/1554 1378/1/1555 1369/1/1546
f 1369/1/1546 1378/1/1555 1379/1/1556 1370/1/1547
f 1370/1/1547 1379/1/1556 1380/1/1557 1371/1/1548
f 1371/1/1548 1380/1/1557 1381/1/1558 1372/1/1549
f 1372/1/1549 1381/1/1558 1382/1/1559 1373/1/1550
f 1373/1/1550 1382/1/1559 1383/1/1560 1374/1/1551
f 1374/1/1551 1383/1/1560 1384/1/1561 1375/1/1552
f 1375/1/1552 1384/1/1561 1385/1/1562 1376/1/1553
f 1377/1/1554 1386/1/1563 1387/1/1564 1378/1/1555
f 1378/1/1555 1387/1/1564 1388/1/1565 1379/1/1556
f 1379/1/1556 1388/1/1565 1389/1/1566 1380/1/1557
f 1380/1/1557 1389/1/1566 1390/1/1567 1381/1/1558
f 1381/1/1558 1390/1/1567 1391/1/1568 1382/1/1559
f 1382/1/1559 1391/1/1568 1392/1/1569 1383/1/1560
f 1383/1/1560 1392/1/1569 1393/1/1570 1384/1/1561
f 1384/1/1561 1393/1/1570 1394/1/1571 1385/1/1562
f 1386/1/1563 1395/1/1572 1396/1/1573 1387/1/1564
f 1387/1/1564 1396/1/1573 1397/1/1574 1388/1/1565
f 1388/1/1565 1397/1/1574 1398/1/1575 1389/1/1566
f 1389/1/1566 1398/1/1575 1399/1/1576 1390/1/1567
f 1390/1/1567 1399/1/1576 1400/1/1577 1391/1/1568
f 1391/1/1568 1400/1/1577 1401/1/1578 1392/1/1569
f 1392/1/1569 1401/1/1578 1402/1/1579 1393/1/1570
f 1393/1/1570 1402/1/1579 1403/1/1580 1394/1/1571
f 1395/1/1572 1404/1/1581 1405/1/1582 1396/1/1573
f 1396/1/1573 1405/1/1582 1406/1/1583 1397/1/1574
f 1397/1/1574 1406/1/1583 1407/1/1584 1398/1/1575
f 1398/1/1575 1407/1/1584 1408/1/1585 1399/1/1576
f 1399/1/1576 1408/1/1585 1409/1/1586 1400/1/1577
f 1400/1/1577 1409/1/1586 1410/1/1587 1401/1/1578
f 1401/1/1578 1410/1/1587 1411/1/1588 1402/1/1579
f 1402/1/1579 1411/1/1588 1412/1/1589 1403/1/1580
f 1404/1/1581 1413/1/1590 1414/1/1591 1405/1/1582
f 1405/1/1582 1414/1/1591 1415/1/1592 1406/1/1583
f 1406/1/1583 1415/1/1592 1416/1/1593 1407/1/1584
f 1407/1/1584 1416/1/1593 1417/1/1594 1408/1/1585
f 1408/1/1585 1417/1/1594 1418/1/1595 1409/1/1586
f 1409/1/1586 1418/1/1595 1419/1/1596 1410/1/1587
f 1410/1/1587 1419/1/1596 1420/1/1597 1411/1/1588
f 1411/1/1588 1420/1/1597 1421/1/1598 1412/1/1589
usemtl silver
f 1341/1/1599 1344/1/1599 1260/1/1599 1263/1/1599
f 1344/1/1600 1346/1/1600 1264/1/1600 1260/1/1600
f 1346/1/1601 1348/1/1601 1266/1/1601 1264/1/1601
f 1348/1/1602 1350/1/1602 1268/1/1602 1266/1/1602
f 1350/1/1603 1352/1/1603 1270/1/1603 1268/1/1603
f 1352/1/1604 1354/1/1604 1272/1/1604 1270/1/1604
f 1354/1/1605 1356/1/1605 1274/1/1605 1272/1/1605
f 1356/1/1606 1358/1/1606 1276/1/1606 1274/1/1606
f 1358/1/1607 1357/1/1607 1277/1/1607 1276/1/1607
f 1357/1/1608 1367/1/1608 1286/1/1608 1277/1/1608
f 1367/1/1609 1376/1/1609 1295/1/1609 1286/1/1609
f 1376/1/1610 1385/1/1610 1304/1/1610 1295/1/1610
f 1385/1/1611 1394/1/1611 1313/1/1611 1304/1/1611
f 1394/1/1612 1403/1/1612 1322/1/1612 1313/1/1612
f 1403/1/1613 1412/1/1613 1331/1/1613 1322/1/1613
f 1412/1/1614 1421/1/1614 1340/1/1614 1331/1/1614
f 1421/1/1615 1420/1/1615 1339/1/1615 1340/1/1615
f 1420/1/1616 1419/1/1616 1338/1/1616 1339/1/1616
f 1419/1/1617 1418/1/1617 1337/1/1617 1338/1/1617
f 1418/1/1618 1417/1/1618 1336/1/1618 1337/1/1618
f 1417/1/1619 1416/1/1619 1335/1/1619 1336/1/1619
f 1416/1/1620 1415/1/1620 1334/1/1620 1335/1/1620
f 1415/1/1621 1414/1/1621 1332/1/1621 1334/1/1621
f 1414/1/1622 1413/1/1622 1333/1/1622 1332/1/1622
f 1413/1/1623 1404/1/1623 1324/1/1623 1333/1/1623
f 1404/1/1624 1395/1/1624 1315/1/1624 1324/1/1624
f 1395/1/1625 1386/1/1625 1306/1/1625 1315/1/1625
f 1386/1/1626 1377/1/1626 1297/1/1626 1306/1/1626
f 1377/1/1627 1368/1/1627 1288/1/1627 1297/1/1627
f 1368/1/1628 1359/1/1628 1279/1/1628 1288/1/1628
f 1359/1/1629 1342/1/1629 1262/1/1629 1279/1/1629
f 1342/1/1630 1341/1/1630 1263/1/1630 1262/1/1630
g front_armor_petal_3
usemtl pearl
f 1422/1/1631 1423/1/1632 1424/1/1633 1425/1/1634
f 1426/1/1635 1427/1/1636 1423/1/1632 1422/1/1631
f 1428/1/1637 1429/1/1638 1427/1/1636 1426/1/1635
f 1430/1/1639 1431/1/1640 1429/1/1638 1428/1/1637
f 1432/1/1641 1433/1/1642 1431/1/1640 1430/1/1639
f 1434/1/1643 1435/1/1644 1433/1/1642 1432/1/1641
f 1436/1/1645 1437/1/1646 1435/1/1644 1434/1/1643
f 1438/1/1647 1439/1/1648 1437/1/1646 1436/1/1645
f 1423/1/1632 1440/1/1649 1441/1/1650 1424/1/1633
f 1427/1/1636 1442/1/1651 1440/1/1649 1423/1/1632
f 1429/1/1638 1443/1/1652 1442/1/1651 1427/1/1636
f 1431/1/1640 1444/1/1653 1443/1/1652 1429/1/1638
f 1433/1/1642 1445/1/1654 1444/1/1653 1431/1/1640
f 1435/1/1644 1446/1/1655 1445/1/1654 1433/1/1642
f 1437/1/1646 1447/1/1656 1446/1/1655 1435/1/1644
f 1439/1/1648 1448/1/1657 1447/1/1656 1437/1/1646
f 1440/1/1649 1449/1/1658 1450/1/1659 1441/1/1650
f 1442/1/1651 1451/1/1660 1449/1/1658 1440/1/1649
f 1443/1/1652 1452/1/1661 1451/1/1660 1442/1/1651
f 1444/1/1653 1453/1/1662 1452/1/1661 1443/1/1652
f 1445/1/1654 1454/1/1663 1453/1/1662 1444/1/1653
f 1446/1/1655 1455/1/1664 1454/1/1663 1445/1/1654
f 1447/1/1656 1456/1/1665 1455/1/1664 1446/1/1655
f 1448/1/1657 1457/1/1666 1456/1/1665 1447/1/1656
f 1449/1/1658 1458/1/1667 1459/1/1668 1450/1/1659
f 1451/1/1660 1460/1/1669 1458/1/1667 1449/1/1658
f 1452/1/1661 1461/1/1670 1460/1/1669 1451/1/1660
f 1453/1/1662 1462/1/1671 1461/1/1670 1452/1/1661
f 1454/1/1663 1463/1/1672 1462/1/1671 1453/1/1662
f 1455/1/1664 1464/1/1673 1463/1/1672 1454/1/1663
f 1456/1/1665 1465/1/1674 1464/1/1673 1455/1/1664
f 1457/1/1666 1466/1/1675 1465/1/1674 1456/1/1665
f 1458/1/1667 1467/1/1676 1468/1/1677 1459/1/1668
f 1460/1/1669 1469/1/1678 1467/1/1676 1458/1/1667
f 1461/1/1670 1470/1/1679 1469/1/1678 1460/1/1669
f 1462/1/1671 1471/1/1680 1470/1/1679 1461/1/1670
f 1463/1/1672 1472/1/1681 1471/1/1680 1462/1/1671
f 1464/1/1673 1473/1/1682 1472/1/1681 1463/1/1672
f 1465/1/1674 1474/1/1683 1473/1/1682 1464/1/1673
f 1466/1/1675 1475/1/1684 1474/1/1683 1465/1/1674
f 1467/1/1676 1476/1/1685 1477/1/1686 1468/1/1677
f 1469/1/1678 1478/1/1687 1476/1/1685 1467/1/1676
f 1470/1/1679 1479/1/1688 1478/1/1687 1469/1/1678
f 1471/1/1680 1480/1/1689 1479/1/1688 1470/1/1679
f 1472/1/1681 1481/1/1690 1480/1/1689 1471/1/1680
f 1473/1/1682 1482/1/1691 1481/1/1690 1472/1/1681
f 1474/1/1683 1483/1/1692 1482/1/1691 1473/1/1682
f 1475/1/1684 1484/1/1693 1483/1/1692 1474/1/1683
f 1476/1/1685 1485/1/1694 1486/1/1695 1477/1/1686
f 1478/1/1687 1487/1/1696 1485/1/1694 1476/1/1685
f 1479/1/1688 1488/1/1697 1487/1/1696 1478/1/1687
f 1480/1/1689 1489/1/1698 1488/1/1697 1479/1/1688
f 1481/1/1690 1490/1/1699 1489/1/1698 1480/1/1689
f 1482/1/1691 1491/1/1700 1490/1/1699 1481/1/1690
f 1483/1/1692 1492/1/1701 1491/1/1700 1482/1/1691
f 1484/1/1693 1493/1/1702 1492/1/1701 1483/1/1692
f 1485/1/1694 1494/1/1703 1495/1/1704 1486/1/1695
f 1487/1/1696 1496/1/1705 1494/1/1703 1485/1/1694
f 1488/1/1697 1497/1/1706 1496/1/1705 1487/1/1696
f 1489/1/1698 1498/1/1707 1497/1/1706 1488/1/1697
f 1490/1/1699 1499/1/1708 1498/1/1707 1489/1/1698
f 1491/1/1700 1500/1/1709 1499/1/1708 1490/1/1699
f 1492/1/1701 1501/1/1710 1500/1/1709 1491/1/1700
f 1493/1/1702 1502/1/1711 1501/1/1710 1492/1/1701
usemtl graphite
f 1503/1/1712 1504/1/1713 1505/1/1714 1506/1/1715
f 1506/1/1715 1505/1/1714 1507/1/1716 1508/1/1717
f 1508/1/1717 1507/1/1716 1509/1/1718 1510/1/1719
f 1510/1/1719 1509/1/1718 1511/1/1720 1512/1/1721
f 1512/1/1721 1511/1/1720 1513/1/1722 1514/1/1723
f 1514/1/1723 1513/1/1722 1515/1/1724 1516/1/1725
f 1516/1/1725 1515/1/1724 1517/1/1726 1518/1/1727
f 1518/1/1727 1517/1/1726 1519/1/1728 1520/1/1729
f 1504/1/1713 1521/1/1730 1522/1/1731 1505/1/1714
f 1505/1/1714 1522/1/1731 1523/1/1732 1507/1/1716
f 1507/1/1716 1523/1/1732 1524/1/1733 1509/1/1718
f 1509/1/1718 1524/1/1733 1525/1/1734 1511/1/1720
f 1511/1/1720 1525/1/1734 1526/1/1735 1513/1/1722
f 1513/1/1722 1526/1/1735 1527/1/1736 1515/1/1724
f 1515/1/1724 1527/1/1736 1528/1/1737 1517/1/1726
f 1517/1/1726 1528/1/1737 1529/1/1738 1519/1/1728
f 1521/1/1730 1530/1/1739 1531/1/1740 1522/1/1731
f 1522/1/1731 1531/1/1740 1532/1/1741 1523/1/1732
f 1523/1/1732 1532/1/1741 1533/1/1742 1524/1/1733
f 1524/1/1733 1533/1/1742 1534/1/1743 1525/1/1734
f 1525/1/1734 1534/1/1743 1535/1/1744 1526/1/1735
f 1526/1/1735 1535/1/1744 1536/1/1745 1527/1/1736
f 1527/1/1736 1536/1/1745 1537/1/1746 1528/1/1737
f 1528/1/1737 1537/1/1746 1538/1/1747 1529/1/1738
f 1530/1/1739 1539/1/1748 1540/1/1749 1531/1/1740
f 1531/1/1740 1540/1/1749 1541/1/1750 1532/1/1741
f 1532/1/1741 1541/1/1750 1542/1/1751 1533/1/1742
f 1533/1/1742 1542/1/1751 1543/1/1752 1534/1/1743
f 1534/1/1743 1543/1/1752 1544/1/1753 1535/1/1744
f 1535/1/1744 1544/1/1753 1545/1/1754 1536/1/1745
f 1536/1/1745 1545/1/1754 1546/1/1755 1537/1/1746
f 1537/1/1746 1546/1/1755 1547/1/1756 1538/1/1747
f 1539/1/1748 1548/1/1757 1549/1/1758 1540/1/1749
f 1540/1/1749 1549/1/1758 1550/1/1759 1541/1/1750
f 1541/1/1750 1550/1/1759 1551/1/1760 1542/1/1751
f 1542/1/1751 1551/1/1760 1552/1/1761 1543/1/1752
f 1543/1/1752 1552/1/1761 1553/1/1762 1544/1/1753
f 1544/1/1753 1553/1/1762 1554/1/1763 1545/1/1754
f 1545/1/1754 1554/1/1763 1555/1/1764 1546/1/1755
f 1546/1/1755 1555/1/1764 1556/1/1765 1547/1/1756
f 1548/1/1757 1557/1/1766 1558/1/1767 1549/1/1758
f 1549/1/1758 1558/1/1767 1559/1/1768 1550/1/1759
f 1550/1/1759 1559/1/1768 1560/1/1769 1551/1/1760
f 1551/1/1760 1560/1/1769 1561/1/1770 1552/1/1761
f 1552/1/1761 1561/1/1770 1562/1/1771 1553/1/1762
f 1553/1/1762 1562/1/1771 1563/1/1772 1554/1/1763
f 1554/1/1763 1563/1/1772 1564/1/1773 1555/1/1764
f 1555/1/1764 1564/1/1773 1565/1/1774 1556/1/1765
f 1557/1/1766 1566/1/1775 1567/1/1776 1558/1/1767
f 1558/1/1767 1567/1/1776 1568/1/1777 1559/1/1768
f 1559/1/1768 1568/1/1777 1569/1/1778 1560/1/1769
f 1560/1/1769 1569/1/1778 1570/1/1779 1561/1/1770
f 1561/1/1770 1570/1/1779 1571/1/1780 1562/1/1771
f 1562/1/1771 1571/1/1780 1572/1/1781 1563/1/1772
f 1563/1/1772 1572/1/1781 1573/1/1782 1564/1/1773
f 1564/1/1773 1573/1/1782 1574/1/1783 1565/1/1774
f 1566/1/1775 1575/1/1784 1576/1/1785 1567/1/1776
f 1567/1/1776 1576/1/1785 1577/1/1786 1568/1/1777
f 1568/1/1777 1577/1/1786 1578/1/1787 1569/1/1778
f 1569/1/1778 1578/1/1787 1579/1/1788 1570/1/1779
f 1570/1/1779 1579/1/1788 1580/1/1789 1571/1/1780
f 1571/1/1780 1580/1/1789 1581/1/1790 1572/1/1781
f 1572/1/1781 1581/1/1790 1582/1/1791 1573/1/1782
f 1573/1/1782 1582/1/1791 1583/1/1792 1574/1/1783
usemtl silver
f 1503/1/1793 1506/1/1793 1422/1/1793 1425/1/1793
f 1506/1/1794 1508/1/1794 1426/1/1794 1422/1/1794
f 1508/1/1795 1510/1/1795 1428/1/1795 1426/1/1795
f 1510/1/1796 1512/1/1796 1430/1/1796 1428/1/1796
f 1512/1/1797 1514/1/1797 1432/1/1797 1430/1/1797
f 1514/1/1798 1516/1/1798 1434/1/1798 1432/1/1798
f 1516/1/1799 1518/1/1799 1436/1/1799 1434/1/1799
f 1518/1/1800 1520/1/1800 1438/1/1800 1436/1/1800
f 1520/1/1801 1519/1/1801 1439/1/1801 1438/1/1801
f 1519/1/1802 1529/1/1802 1448/1/1802 1439/1/1802
f 1529/1/1803 1538/1/1803 1457/1/1803 1448/1/1803
f 1538/1/1804 1547/1/1804 1466/1/1804 1457/1/1804
f 1547/1/1805 1556/1/1805 1475/1/1805 1466/1/1805
f 1556/1/1806 1565/1/1806 1484/1/1806 1475/1/1806
f 1565/1/1807 1574/1/1807 1493/1/1807 1484/1/1807
f 1574/1/1808 1583/1/1808 1502/1/1808 1493/1/1808
f 1583/1/1809 1582/1/1809 1501/1/1809 1502/1/1809
f 1582/1/1810 1581/1/1810 1500/1/1810 1501/1/1810
f 1581/1/1811 1580/1/1811 1499/1/1811 1500/1/1811
f 1580/1/1812 1579/1/1812 1498/1/1812 1499/1/1812
f 1579/1/1813 1578/1/1813 1497/1/1813 1498/1/1813
f 1578/1/1814 1577/1/1814 1496/1/1814 1497/1/1814
f 1577/1/1815 1576/1/1815 1494/1/1815 1496/1/1815
f 1576/1/1816 1575/1/1816 1495/1/1816 1494/1/1816
f 1575/1/1817 1566/1/1817 1486/1/1817 1495/1/1817
f 1566/1/1818 1557/1/1818 1477/1/1818 1486/1/1818
f 1557/1/1819 1548/1/1819 1468/1/1819 1477/1/1819
f 1548/1/1820 1539/1/1820 1459/1/1820 1468/1/1820
f 1539/1/1821 1530/1/1821 1450/1/1821 1459/1/1821
f 1530/1/1822 1521/1/1822 1441/1/1822 1450/1/1822
f 1521/1/1823 1504/1/1823 1424/1/1823 1441/1/1823
f 1504/1/1824 1503/1/1824 1425/1/1824 1424/1/1824
g rear_armor_petal_3
f 1584/1/1825 1585/1/1826 1586/1/1827 1587/1/1828
f 1588/1/1829 1589/1/1830 1585/1/1826 1584/1/1825
f 1590/1/1831 1591/1/1832 1589/1/1830 1588/1/1829
f 1592/1/1833 1593/1/1834 1591/1/1832 1590/1/1831
f 1594/1/1835 1595/1/1836 1593/1/1834 1592/1/1833
f 1596/1/1837 1597/1/1838 1595/1/1836 1594/1/1835
f 1598/1/1839 1599/1/1840 1597/1/1838 1596/1/1837
f 1600/1/1841 1601/1/1842 1599/1/1840 1598/1/1839
f 1585/1/1826 1602/1/1843 1603/1/1844 1586/1/1827
f 1589/1/1830 1604/1/1845 1602/1/1843 1585/1/1826
f 1591/1/1832 1605/1/1846 1604/1/1845 1589/1/1830
f 1593/1/1834 1606/1/1847 1605/1/1846 1591/1/1832
f 1595/1/1836 1607/1/1848 1606/1/1847 1593/1/1834
f 1597/1/1838 1608/1/1849 1607/1/1848 1595/1/1836
f 1599/1/1840 1609/1/1850 1608/1/1849 1597/1/1838
f 1601/1/1842 1610/1/1851 1609/1/1850 1599/1/1840
f 1602/1/1843 1611/1/1852 1612/1/1853 1603/1/1844
f 1604/1/1845 1613/1/1854 1611/1/1852 1602/1/1843
f 1605/1/1846 1614/1/1855 1613/1/1854 1604/1/1845
f 1606/1/1847 1615/1/1856 1614/1/1855 1605/1/1846
f 1607/1/1848 1616/1/1857 1615/1/1856 1606/1/1847
f 1608/1/1849 1617/1/1858 1616/1/1857 1607/1/1848
f 1609/1/1850 1618/1/1859 1617/1/1858 1608/1/1849
f 1610/1/1851 1619/1/1860 1618/1/1859 1609/1/1850
f 1611/1/1852 1620/1/1861 1621/1/1862 1612/1/1853
f 1613/1/1854 1622/1/1863 1620/1/1861 1611/1/1852
f 1614/1/1855 1623/1/1864 1622/1/1863 1613/1/1854
f 1615/1/1856 1624/1/1865 1623/1/1864 1614/1/1855
f 1616/1/1857 1625/1/1866 1624/1/1865 1615/1/1856
f 1617/1/1858 1626/1/1867 1625/1/1866 1616/1/1857
f 1618/1/1859 1627/1/1868 1626/1/1867 1617/1/1858
f 1619/1/1860 1628/1/1869 1627/1/1868 1618/1/1859
f 1620/1/1861 1629/1/1870 1630/1/1871 1621/1/1862
f 1622/1/1863 1631/1/1872 1629/1/1870 1620/1/1861
f 1623/1/1864 1632/1/1873 1631/1/1872 1622/1/1863
f 1624/1/1865 1633/1/1874 1632/1/1873 1623/1/1864
f 1625/1/1866 1634/1/1875 1633/1/1874 1624/1/1865
f 1626/1/1867 1635/1/1876 1634/1/1875 1625/1/1866
f 1627/1/1868 1636/1/1877 1635/1/1876 1626/1/1867
f 1628/1/1869 1637/1/1878 1636/1/1877 1627/1/1868
f 1629/1/1870 1638/1/1879 1639/1/1880 1630/1/1871
f 1631/1/1872 1640/1/1881 1638/1/1879 1629/1/1870
f 1632/1/1873 1641/1/1882 1640/1/1881 1631/1/1872
f 1633/1/1874 1642/1/1883 1641/1/1882 1632/1/1873
f 1634/1/1875 1643/1/1884 1642/1/1883 1633/1/1874
f 1635/1/1876 1644/1/1885 1643/1/1884 1634/1/1875
f 1636/1/1877 1645/1/1886 1644/1/1885 1635/1/1876
f 1637/1/1878 1646/1/1887 1645/1/1886 1636/1/1877
f 1638/1/1879 1647/1/1888 1648/1/1889 1639/1/1880
f 1640/1/1881 1649/1/1890 1647/1/1888 1638/1/1879
f 1641/1/1882 1650/1/1891 1649/1/1890 1640/1/1881
f 1642/1/1883 1651/1/1892 1650/1/1891 1641/1/1882
f 1643/1/1884 1652/1/1893 1651/1/1892 1642/1/1883
f 1644/1/1885 1653/1/1894 1652/1/1893 1643/1/1884
f 1645/1/1886 1654/1/1895 1653/1/1894 1644/1/1885
f 1646/1/1887 1655/1/1896 1654/1/1895 1645/1/1886
f 1647/1/1888 1656/1/1897 1657/1/1898 1648/1/1889
f 1649/1/1890 1658/1/1899 1656/1/1897 1647/1/1888
f 1650/1/1891 1659/1/1900 1658/1/1899 1649/1/1890
f 1651/1/1892 1660/1/1901 1659/1/1900 1650/1/1891
f 1652/1/1893 1661/1/1902 1660/1/1901 1651/1/1892
f 1653/1/1894 1662/1/1903 1661/1/1902 1652/1/1893
f 1654/1/1895 1663/1/1904 1662/1/1903 1653/1/1894
f 1655/1/1896 1664/1/1905 1663/1/1904 1654/1/1895
usemtl graphite
f 1665/1/1906 1666/1/1907 1667/1/1908 1668/1/1909
f 1668/1/1909 1667/1/1908 1669/1/1910 1670/1/1911
f 1670/1/1911 1669/1/1910 1671/1/1912 1672/1/1913
f 1672/1/1913 1671/1/1912 1673/1/1914 1674/1/1915
f 1674/1/1915 1673/1/1914 1675/1/1916 1676/1/1917
f 1676/1/1917 1675/1/1916 1677/1/1918 1678/1/1919
f 1678/1/1919 1677/1/1918 1679/1/1920 1680/1/1921
f 1680/1/1921 1679/1/1920 1681/1/1922 1682/1/1923
f 1666/1/1907 1683/1/1924 1684/1/1925 1667/1/1908
f 1667/1/1908 1684/1/1925 1685/1/1926 1669/1/1910
f 1669/1/1910 1685/1/1926 1686/1/1927 1671/1/1912
f 1671/1/1912 1686/1/1927 1687/1/1928 1673/1/1914
f 1673/1/1914 1687/1/1928 1688/1/1929 1675/1/1916
f 1675/1/1916 1688/1/1929 1689/1/1930 1677/1/1918
f 1677/1/1918 1689/1/1930 1690/1/1931 1679/1/1920
f 1679/1/1920 1690/1/1931 1691/1/1932 1681/1/1922
f 1683/1/1924 1692/1/1933 1693/1/1934 1684/1/1925
f 1684/1/1925 1693/1/1934 1694/1/1935 1685/1/1926
f 1685/1/1926 1694/1/1935 1695/1/1936 1686/1/1927
f 1686/1/1927 1695/1/1936 1696/1/1937 1687/1/1928
f 1687/1/1928 1696/1/1937 1697/1/1938 1688/1/1929
f 1688/1/1929 1697/1/1938 1698/1/1939 1689/1/1930
f 1689/1/1930 1698/1/1939 1699/1/1940 1690/1/1931
f 1690/1/1931 1699/1/1940 1700/1/1941 1691/1/1932
f 1692/1/1933 1701/1/1942 1702/1/1943 1693/1/1934
f 1693/1/1934 1702/1/1943 1703/1/1944 1694/1/1935
f 1694/1/1935 1703/1/1944 1704/1/1945 1695/1/1936
f 1695/1/1936 1704/1/1945 1705/1/1946 1696/1/1937
f 1696/1/1937 1705/1/1946 1706/1/1947 1697/1/1938
f 1697/1/1938 1706/1/1947 1707/1/1948 1698/1/1939
f 1698/1/1939 1707/1/1948 1708/1/1949 1699/1/1940
f 1699/1/1940 1708/1/1949 1709/1/1950 1700/1/1941
f 1701/1/1942 1710/1/1951 1711/1/1952 1702/1/1943
f 1702/1/1943 1711/1/1952 1712/1/1953 1703/1/1944
f 1703/1/1944 1712/1/1953 1713/1/1954 1704/1/1945
f 1704/1/1945 1713/1/1954 1714/1/1955 1705/1/1946
f 1705/1/1946 1714/1/1955 1715/1/1956 1706/1/1947
f 1706/1/1947 1715/1/1956 1716/1/1957 1707/1/1948
f 1707/1/1948 1716/1/1957 1717/1/1958 1708/1/1949
f 1708/1/1949 1717/1/1958 1718/1/1959 1709/1/1950
f 1710/1/1951 1719/1/1960 1720/1/1961 1711/1/1952
f 1711/1/1952 1720/1/1961 1721/1/1962 1712/1/1953
f 1712/1/1953 1721/1/1962 1722/1/1963 1713/1/1954
f 1713/1/1954 1722/1/1963 1723/1/1964 1714/1/1955
f 1714/1/1955 1723/1/1964 1724/1/1965 1715/1/1956
f 1715/1/1956 1724/1/1965 1725/1/1966 1716/1/1957
f 1716/1/1957 1725/1/1966 1726/1/1967 1717/1/1958
f 1717/1/1958 1726/1/1967 1727/1/1968 1718/1/1959
f 1719/1/1960 1728/1/1969 1729/1/1970 1720/1/1961
f 1720/1/1961 1729/1/1970 1730/1/1971 1721/1/1962
f 1721/1/1962 1730/1/1971 1731/1/1972 1722/1/1963
f 1722/1/1963 1731/1/1972 1732/1/1973 1723/1/1964
f 1723/1/1964 1732/1/1973 1733/1/1974 1724/1/1965
f 1724/1/1965 1733/1/1974 1734/1/1975 1725/1/1966
f 1725/1/1966 1734/1/1975 1735/1/1976 1726/1/1967
f 1726/1/1967 1735/1/1976 1736/1/1977 1727/1/1968
f 1728/1/1969 1737/1/1978 1738/1/1979 1729/1/1970
f 1729/1/1970 1738/1/1979 1739/1/1980 1730/1/1971
f 1730/1/1971 1739/1/1980 1740/1/1981 1731/1/1972
f 1731/1/1972 1740/1/1981 1741/1/1982 1732/1/1973
f 1732/1/1973 1741/1/1982 1742/1/1983 1733/1/1974
f 1733/1/1974 1742/1/1983 1743/1/1984 1734/1/1975
f 1734/1/1975 1743/1/1984 1744/1/1985 1735/1/1976
f 1735/1/1976 1744/1/1985 1745/1/1986 1736/1/1977
usemtl silver
f 1665/1/1987 1668/1/1987 1584/1/1987 1587/1/1987
f 1668/1/1988 1670/1/1988 1588/1/1988 1584/1/1988
f 1670/1/1989 1672/1/1989 1590/1/1989 1588/1/1989
f 1672/1/1990 1674/1/1990 1592/1/1990 1590/1/1990
f 1674/1/1991 1676/1/1991 1594/1/1991 1592/1/1991
f 1676/1/1992 1678/1/1992 1596/1/1992 1594/1/1992
f 1678/1/1993 1680/1/1993 1598/1/1993 1596/1/1993
f 1680/1/1994 1682/1/1994 1600/1/1994 1598/1/1994
f 1682/1/1995 1681/1/1995 1601/1/1995 1600/1/1995
f 1681/1/1996 1691/1/1996 1610/1/1996 1601/1/1996
f 1691/1/1997 1700/1/1997 1619/1/1997 1610/1/1997
f 1700/1/1998 1709/1/1998 1628/1/1998 1619/1/1998
f 1709/1/1999 1718/1/1999 1637/1/1999 1628/1/1999
f 1718/1/2000 1727/1/2000 1646/1/2000 1637/1/2000
f 1727/1/2001 1736/1/2001 1655/1/2001 1646/1/2001
f 1736/1/2002 1745/1/2002 1664/1/2002 1655/1/2002
f 1745/1/2003 1744/1/2003 1663/1/2003 1664/1/2003
f 1744/1/2004 1743/1/2004 1662/1/2004 1663/1/2004
f 1743/1/2005 1742/1/2005 1661/1/2005 1662/1/2005
f 1742/1/2006 1741/1/2006 1660/1/2006 1661/1/2006
f 1741/1/2007 1740/1/2007 1659/1/2007 1660/1/2007
f 1740/1/2008 1739/1/2008 1658/1/2008 1659/1/2008
f 1739/1/2009 1738/1/2009 1656/1/2009 1658/1/2009
f 1738/1/2010 1737/1/2010 1657/1/2010 1656/1/2010
f 1737/1/2011 1728/1/2011 1648/1/2011 1657/1/2011
f 1728/1/2012 1719/1/2012 1639/1/2012 1648/1/2012
f 1719/1/2013 1710/1/2013 1630/1/2013 1639/1/2013
f 1710/1/2014 1701/1/2014 1621/1/2014 1630/1/2014
f 1701/1/2015 1692/1/2015 1612/1/2015 1621/1/2015
f 1692/1/2016 1683/1/2016 1603/1/2016 1612/1/2016
f 1683/1/2017 1666/1/2017 1586/1/2017 1603/1/2017
f 1666/1/2018 1665/1/2018 1587/1/2018 1586/1/2018
g equatorial_service_belt
usemtl steel
f 1746/1/2019 1747/1/2020 1748/1/2021 1749/1/2022
f 1750/1/2023 1751/1/2024 1747/1/2020 1746/1/2019
f 1752/1/2025 1753/1/2026 1751/1/2024 1750/1/2023
f 1754/1/2027 1755/1/2028 1753/1/2026 1752/1/2025
f 1756/1/2029 1757/1/2030 1755/1/2028 1754/1/2027
f 1758/1/2031 1759/1/2032 1757/1/2030 1756/1/2029
f 1760/1/2033 1761/1/2034 1759/1/2032 1758/1/2031
f 1762/1/2035 1763/1/2036 1761/1/2034 1760/1/2033
f 1764/1/2037 1765/1/2038 1763/1/2036 1762/1/2035
f 1766/1/2039 1767/1/2040 1765/1/2038 1764/1/2037
f 1768/1/2041 1769/1/2042 1767/1/2040 1766/1/2039
f 1770/1/2043 1771/1/2044 1769/1/2042 1768/1/2041
f 1772/1/2045 1773/1/2046 1771/1/2044 1770/1/2043
f 1774/1/2047 1775/1/2048 1773/1/2046 1772/1/2045
f 1776/1/2049 1777/1/2050 1775/1/2048 1774/1/2047
f 1778/1/2051 1779/1/2052 1777/1/2050 1776/1/2049
f 1780/1/2053 1781/1/2054 1779/1/2052 1778/1/2051
f 1782/1/2055 1783/1/2056 1781/1/2054 1780/1/2053
f 1784/1/2057 1785/1/2058 1783/1/2056 1782/1/2055
f 1786/1/2059 1787/1/2060 1785/1/2058 1784/1/2057
f 1788/1/2061 1789/1/2062 1787/1/2060 1786/1/2059
f 1790/1/2063 1791/1/2064 1789/1/2062 1788/1/2061
f 1792/1/2065 1793/1/2066 1791/1/2064 1790/1/2063
f 1794/1/2067 1795/1/2068 1793/1/2066 1792/1/2065
f 1796/1/2069 1797/1/2070 1795/1/2068 1794/1/2067
f 1798/1/2071 1799/1/2072 1797/1/2070 1796/1/2069
f 1800/1/2073 1801/1/2074 1799/1/2072 1798/1/2071
f 1802/1/2075 1803/1/2076 1801/1/2074 1800/1/2073
f 1804/1/2077 1805/1/2078 1803/1/2076 1802/1/2075
f 1806/1/2079 1807/1/2080 1805/1/2078 1804/1/2077
f 1808/1/2081 1809/1/2082 1807/1/2080 1806/1/2079
f 1810/1/2083 1811/1/2084 1809/1/2082 1808/1/2081
f 1812/1/2085 1813/1/2086 1811/1/2084 1810/1/2083
f 1814/1/2087 1815/1/2088 1813/1/2086 1812/1/2085
f 1816/1/2089 1817/1/2090 1815/1/2088 1814/1/2087
f 1818/1/2091 1819/1/2092 1817/1/2090 1816/1/2089
f 1820/1/2093 1821/1/2094 1819/1/2092 1818/1/2091
f 1822/1/2095 1823/1/2096 1821/1/2094 1820/1/2093
f 1824/1/2097 1825/1/2098 1823/1/2096 1822/1/2095
f 1826/1/2099 1827/1/2100 1825/1/2098 1824/1/2097
f 1828/1/2101 1829/1/2102 1827/1/2100 1826/1/2099
f 1830/1/2103 1831/1/2104 1829/1/2102 1828/1/2101
f 1832/1/2105 1833/1/2106 1831/1/2104 1830/1/2103
f 1834/1/2107 1835/1/2108 1833/1/2106 1832/1/2105
f 1836/1/2109 1837/1/2110 1835/1/2108 1834/1/2107
f 1838/1/2111 1839/1/2112 1837/1/2110 1836/1/2109
f 1840/1/2113 1841/1/2114 1839/1/2112 1838/1/2111
f 1842/1/2115 1843/1/2116 1841/1/2114 1840/1/2113
f 1844/1/2117 1845/1/2118 1843/1/2116 1842/1/2115
f 1846/1/2119 1847/1/2120 1845/1/2118 1844/1/2117
f 1848/1/2121 1849/1/2122 1847/1/2120 1846/1/2119
f 1850/1/2123 1851/1/2124 1849/1/2122 1848/1/2121
f 1852/1/2125 1853/1/2126 1851/1/2124 1850/1/2123
f 1854/1/2127 1855/1/2128 1853/1/2126 1852/1/2125
f 1856/1/2129 1857/1/2130 1855/1/2128 1854/1/2127
f 1858/1/2131 1859/1/2132 1857/1/2130 1856/1/2129
f 1860/1/2133 1861/1/2134 1859/1/2132 1858/1/2131
f 1862/1/2135 1863/1/2136 1861/1/2134 1860/1/2133
f 1864/1/2137 1865/1/2138 1863/1/2136 1862/1/2135
f 1866/1/2139 1867/1/2140 1865/1/2138 1864/1/2137
f 1868/1/2141 1869/1/2142 1867/1/2140 1866/1/2139
f 1870/1/2143 1871/1/2144 1869/1/2142 1868/1/2141
f 1872/1/2145 1873/1/2146 1871/1/2144 1870/1/2143
f 1749/1/2147 1748/1/2148 1873/1/2146 1872/1/2145
usemtl graphite
f 1874/1/2149 1875/1/2150 1876/1/2151 1877/1/2152
f 1878/1/2153 1879/1/2154 1880/1/2155 1881/1/2156
f 1882/1/2157 1883/1/2158 1884/1/2159 1885/1/2160
f 1886/1/2161 1887/1/2162 1888/1/2163 1889/1/2164
f 1890/1/2165 1891/1/2166 1892/1/2167 1893/1/2168
f 1894/1/2169 1895/1/2170 1896/1/2171 1897/1/2172
f 1898/1/2173 1899/1/2174 1900/1/2175 1901/1/2176
f 1902/1/2177 1903/1/2178 1904/1/2179 1905/1/2180
f 1906/1/2181 1907/1/2182 1908/1/2183 1909/1/2184
f 1910/1/2185 1911/1/2186 1912/1/2187 1913/1/2188
f 1914/1/2189 1915/1/2190 1916/1/2191 1917/1/2192
f 1918/1/2193 1919/1/2194 1920/1/2195 1921/1/2196
f 1922/1/2197 1923/1/2198 1924/1/2199 1925/1/2200
f 1926/1/2201 1927/1/2202 1928/1/2203 1929/1/2204
f 1930/1/2205 1931/1/2206 1932/1/2207 1933/1/2208
f 1934/1/2209 1935/1/2210 1936/1/2211 1937/1/2212
f 1938/1/2213 1939/1/2214 1940/1/2215 1941/1/2216
f 1942/1/2217 1943/1/2218 1944/1/2219 1945/1/2220
f 1946/1/2221 1947/1/2222 1948/1/2223 1949/1/2224
f 1950/1/2225 1951/1/2226 1952/1/2227 1953/1/2228
f 1954/1/2229 1955/1/2230 1956/1/2231 1957/1/2232
f 1958/1/2233 1959/1/2234 1960/1/2235 1961/1/2236
f 1962/1/2237 1963/1/2238 1964/1/2239 1965/1/2240
f 1966/1/2241 1967/1/2242 1968/1/2243 1969/1/2244
g rear_service_cap
usemtl steel
f 1970/1/2245 1971/1/2246 1972/1/2247 1973/1/2248
f 1974/1/2249 1975/1/2250 1971/1/2246 1970/1/2245
f 1976/1/2251 1977/1/2252 1975/1/2250 1974/1/2249
f 1978/1/2253 1979/1/2254 1977/1/2252 1976/1/2251
f 1980/1/2255 1981/1/2256 1979/1/2254 1978/1/2253
f 1982/1/2257 1983/1/2258 1981/1/2256 1980/1/2255
f 1984/1/2259 1985/1/2260 1983/1/2258 1982/1/2257
f 1986/1/2261 1987/1/2262 1985/1/2260 1984/1/2259
f 1988/1/2263 1989/1/2264 1987/1/2262 1986/1/2261
f 1990/1/2265 1991/1/2266 1989/1/2264 1988/1/2263
f 1992/1/2267 1993/1/2268 1991/1/2266 1990/1/2265
f 1994/1/2269 1995/1/2270 1993/1/2268 1992/1/2267
f 1996/1/2271 1997/1/2272 1995/1/2270 1994/1/2269
f 1998/1/2273 1999/1/2274 1997/1/2272 1996/1/2271
f 2000/1/2275 2001/1/2276 1999/1/2274 1998/1/2273
f 2002/1/2277 2003/1/2278 2001/1/2276 2000/1/2275
f 2004/1/2279 2005/1/2280 2003/1/2278 2002/1/2277
f 2006/1/2281 2007/1/2282 2005/1/2280 2004/1/2279
f 2008/1/2283 2009/1/2284 2007/1/2282 2006/1/2281
f 2010/1/2285 2011/1/2286 2009/1/2284 2008/1/2283
f 2012/1/2287 2013/1/2288 2011/1/2286 2010/1/2285
f 2014/1/2289 2015/1/2290 2013/1/2288 2012/1/2287
f 2016/1/2291 2017/1/2292 2015/1/2290 2014/1/2289
f 1973/1/2293 1972/1/2294 2017/1/2292 2016/1/2291
f 1971/1/2246 2018/1/2295 2019/1/2296 1972/1/2247
f 1975/1/2250 2020/1/2297 2018/1/2295 1971/1/2246
f 1977/1/2252 2021/1/2298 2020/1/2297 1975/1/2250
f 1979/1/2254 2022/1/2299 2021/1/2298 1977/1/2252
f 1981/1/2256 2023/1/2300 2022/1/2299 1979/1/2254
f 1983/1/2258 2024/1/2301 2023/1/2300 1981/1/2256
f 1985/1/2260 2025/1/2302 2024/1/2301 1983/1/2258
f 1987/1/2262 2026/1/2303 2025/1/2302 1985/1/2260
f 1989/1/2264 2027/1/2304 2026/1/2303 1987/1/2262
f 1991/1/2266 2028/1/2305 2027/1/2304 1989/1/2264
f 1993/1/2268 2029/1/2306 2028/1/2305 1991/1/2266
f 1995/1/2270 2030/1/2307 2029/1/2306 1993/1/2268
f 1997/1/2272 2031/1/2308 2030/1/2307 1995/1/2270
f 1999/1/2274 2032/1/2309 2031/1/2308 1997/1/2272
f 2001/1/2276 2033/1/2310 2032/1/2309 1999/1/2274
f 2003/1/2278 2034/1/2311 2033/1/2310 2001/1/2276
f 2005/1/2280 2035/1/2312 2034/1/2311 2003/1/2278
f 2007/1/2282 2036/1/2313 2035/1/2312 2005/1/2280
f 2009/1/2284 2037/1/2314 2036/1/2313 2007/1/2282
f 2011/1/2286 2038/1/2315 2037/1/2314 2009/1/2284
f 2013/1/2288 2039/1/2316 2038/1/2315 2011/1/2286
f 2015/1/2290 2040/1/2317 2039/1/2316 2013/1/2288
f 2017/1/2292 2041/1/2318 2040/1/2317 2015/1/2290
f 1972/1/2294 2019/1/2319 2041/1/2318 2017/1/2292
f 2018/1/2295 2042/1/463 2019/1/2296
f 2020/1/2297 2042/1/463 2018/1/2295
f 2021/1/2298 2042/1/463 2020/1/2297
f 2022/1/2299 2042/1/463 2021/1/2298
f 2023/1/2300 2042/1/463 2022/1/2299
f 2024/1/2301 2042/1/463 2023/1/2300
f 2025/1/2302 2042/1/463 2024/1/2301
f 2026/1/2303 2042/1/464 2025/1/2302
f 2027/1/2304 2042/1/464 2026/1/2303
f 2028/1/2305 2042/1/464 2027/1/2304
f 2029/1/2306 2042/1/464 2028/1/2305
f 2030/1/2307 2042/1/464 2029/1/2306
f 2031/1/2308 2042/1/464 2030/1/2307
f 2032/1/2309 2042/1/465 2031/1/2308
f 2033/1/2310 2042/1/465 2032/1/2309
f 2034/1/2311 2042/1/465 2033/1/2310
f 2035/1/2312 2042/1/465 2034/1/2311
f 2036/1/2313 2042/1/465 2035/1/2312
f 2037/1/2314 2042/1/465 2036/1/2313
f 2038/1/2315 2042/1/466 2037/1/2314
f 2039/1/2316 2042/1/466 2038/1/2315
f 2040/1/2317 2042/1/466 2039/1/2316
f 2041/1/2318 2042/1/466 2040/1/2317
f 2019/1/2319 2042/1/466 2041/1/2318
g optic_housing
usemtl graphite
f 2043/1/2320 2044/1/2320 2045/1/2320 2046/1/2320
f 2044/1/2321 2047/1/2321 2048/1/2321 2045/1/2321
f 2047/1/2322 2049/1/2322 2050/1/2322 2048/1/2322
f 2049/1/2323 2051/1/2323 2052/1/2323 2050/1/2323
f 2051/1/2324 2053/1/2324 2054/1/2324 2052/1/2324
f 2053/1/2325 2055/1/2325 2056/1/2325 2054/1/2325
f 2055/1/2326 2057/1/2326 2058/1/2326 2056/1/2326
f 2057/1/2327 2059/1/2327 2060/1/2327 2058/1/2327
f 2059/1/2328 2061/1/2328 2062/1/2328 2060/1/2328
f 2061/1/2329 2063/1/2329 2064/1/2329 2062/1/2329
f 2063/1/2330 2065/1/2330 2066/1/2330 2064/1/2330
f 2065/1/2331 2067/1/2331 2068/1/2331 2066/1/2331
f 2067/1/2332 2069/1/2332 2070/1/2332 2068/1/2332
f 2069/1/2333 2071/1/2333 2072/1/2333 2070/1/2333
f 2071/1/2334 2073/1/2334 2074/1/2334 2072/1/2334
f 2073/1/2335 2075/1/2335 2076/1/2335 2074/1/2335
f 2075/1/2336 2077/1/2336 2078/1/2336 2076/1/2336
f 2077/1/2337 2079/1/2337 2080/1/2337 2078/1/2337
f 2079/1/2338 2081/1/2338 2082/1/2338 2080/1/2338
f 2081/1/2339 2083/1/2339 2084/1/2339 2082/1/2339
f 2083/1/2340 2085/1/2340 2086/1/2340 2084/1/2340
f 2085/1/2341 2087/1/2341 2088/1/2341 2086/1/2341
f 2087/1/2342 2089/1/2342 2090/1/2342 2088/1/2342
f 2089/1/2343 2091/1/2343 2092/1/2343 2090/1/2343
f 2091/1/2344 2093/1/2344 2094/1/2344 2092/1/2344
f 2093/1/2345 2095/1/2345 2096/1/2345 2094/1/2345
f 2095/1/2346 2097/1/2346 2098/1/2346 2096/1/2346
f 2097/1/2347 2099/1/2347 2100/1/2347 2098/1/2347
f 2099/1/2348 2101/1/2348 2102/1/2348 2100/1/2348
f 2101/1/2349 2103/1/2349 2104/1/2349 2102/1/2349
f 2103/1/2350 2105/1/2350 2106/1/2350 2104/1/2350
f 2105/1/2351 2107/1/2351 2108/1/2351 2106/1/2351
f 2107/1/2352 2109/1/2352 2110/1/2352 2108/1/2352
f 2109/1/2353 2111/1/2353 2112/1/2353 2110/1/2353
f 2111/1/2354 2113/1/2354 2114/1/2354 2112/1/2354
f 2113/1/2355 2115/1/2355 2116/1/2355 2114/1/2355
f 2115/1/2356 2117/1/2356 2118/1/2356 2116/1/2356
f 2117/1/2357 2119/1/2357 2120/1/2357 2118/1/2357
f 2119/1/2358 2121/1/2358 2122/1/2358 2120/1/2358
f 2121/1/2359 2123/1/2359 2124/1/2359 2122/1/2359
f 2123/1/2360 2125/1/2360 2126/1/2360 2124/1/2360
f 2125/1/2361 2127/1/2361 2128/1/2361 2126/1/2361
f 2127/1/2362 2129/1/2362 2130/1/2362 2128/1/2362
f 2129/1/2363 2131/1/2363 2132/1/2363 2130/1/2363
f 2131/1/2364 2133/1/2364 2134/1/2364 2132/1/2364
f 2133/1/2365 2135/1/2365 2136/1/2365 2134/1/2365
f 2135/1/2366 2137/1/2366 2138/1/2366 2136/1/2366
f 2137/1/2367 2043/1/2367 2046/1/2367 2138/1/2367
f 2046/1/2368 2045/1/2368 2139/1/2368 2140/1/2368
f 2045/1/2368 2048/1/2368 2141/1/2368 2139/1/2368
f 2048/1/2368 2050/1/2368 2142/1/2368 2141/1/2368
f 2050/1/2368 2052/1/2368 2143/1/2368 2142/1/2368
f 2052/1/2368 2054/1/2368 2144/1/2368 2143/1/2368
f 2054/1/2368 2056/1/2368 2145/1/2368 2144/1/2368
f 2056/1/2368 2058/1/2368 2146/1/2368 2145/1/2368
f 2058/1/2368 2060/1/2368 2147/1/2368 2146/1/2368
f 2060/1/2368 2062/1/2368 2148/1/2368 2147/1/2368
f 2062/1/2368 2064/1/2368 2149/1/2368 2148/1/2368
f 2064/1/2368 2066/1/2368 2150/1/2368 2149/1/2368
f 2066/1/2368 2068/1/2368 2151/1/2368 2150/1/2368
f 2068/1/2369 2070/1/2369 2152/1/2369 2151/1/2369
f 2070/1/2369 2072/1/2369 2153/1/2369 2152/1/2369
f 2072/1/2369 2074/1/2369 2154/1/2369 2153/1/2369
f 2074/1/2369 2076/1/2369 2155/1/2369 2154/1/2369
f 2076/1/2369 2078/1/2369 2156/1/2369 2155/1/2369
f 2078/1/2369 2080/1/2369 2157/1/2369 2156/1/2369
f 2080/1/2368 2082/1/2368 2158/1/2368 2157/1/2368
f 2082/1/2368 2084/1/2368 2159/1/2368 2158/1/2368
f 2084/1/2368 2086/1/2368 2160/1/2368 2159/1/2368
f 2086/1/2368 2088/1/2368 2161/1/2368 2160/1/2368
f 2088/1/2368 2090/1/2368 2162/1/2368 2161/1/2368
f 2090/1/2368 2092/1/2368 2163/1/2368 2162/1/2368
f 2092/1/2370 2094/1/2370 2164/1/2370 2163/1/2370
f 2094/1/2370 2096/1/2370 2165/1/2370 2164/1/2370
f 2096/1/2370 2098/1/2370 2166/1/2370 2165/1/2370
f 2098/1/2370 2100/1/2370 2167/1/2370 2166/1/2370
f 2100/1/2370 2102/1/2370 2168/1/2370 2167/1/2370
f 2102/1/2370 2104/1/2370 2169/1/2370 2168/1/2370
f 2104/1/2368 2106/1/2368 2170/1/2368 2169/1/2368
f 2106/1/2368 2108/1/2368 2171/1/2368 2170/1/2368
f 2108/1/2368 2110/1/2368 2172/1/2368 2171/1/2368
f 2110/1/2368 2112/1/2368 2173/1/2368 2172/1/2368
f 2112/1/2368 2114/1/2368 2174/1/2368 2173/1/2368
f 2114/1/2368 2116/1/2368 2175/1/2368 2174/1/2368
f 2116/1/2368 2118/1/2368 2176/1/2368 2175/1/2368
f 2118/1/2368 2120/1/2368 2177/1/2368 2176/1/2368
f 2120/1/2368 2122/1/2368 2178/1/2368 2177/1/2368
f 2122/1/2368 2124/1/2368 2179/1/2368 2178/1/2368
f 2124/1/2368 2126/1/2368 2180/1/2368 2179/1/2368
f 2126/1/2368 2128/1/2368 2181/1/2368 2180/1/2368
f 2128/1/2368 2130/1/2368 2182/1/2368 2181/1/2368
f 2130/1/2368 2132/1/2368 2183/1/2368 2182/1/2368
f 2132/1/2368 2134/1/2368 2184/1/2368 2183/1/2368
f 2134/1/2368 2136/1/2368 2185/1/2368 2184/1/2368
f 2136/1/2368 2138/1/2368 2186/1/2368 2185/1/2368
f 2138/1/2368 2046/1/2368 2140/1/2368 2186/1/2368
f 2140/1/2371 2139/1/2371 2187/1/2371 2188/1/2371
f 2139/1/2372 2141/1/2372 2189/1/2372 2187/1/2372
f 2141/1/2373 2142/1/2373 2190/1/2373 2189/1/2373
f 2142/1/2374 2143/1/2374 2191/1/2374 2190/1/2374
f 2143/1/2375 2144/1/2375 2192/1/2375 2191/1/2375
f 2144/1/2376 2145/1/2376 2193/1/2376 2192/1/2376
f 2145/1/2377 2146/1/2377 2194/1/2377 2193/1/2377
f 2146/1/2378 2147/1/2378 2195/1/2378 2194/1/2378
f 2147/1/2379 2148/1/2379 2196/1/2379 2195/1/2379
f 2148/1/2380 2149/1/2380 2197/1/2380 2196/1/2380
f 2149/1/2381 2150/1/2381 2198/1/2381 2197/1/2381
f 2150/1/2382 2151/1/2382 2199/1/2382 2198/1/2382
f 2151/1/2383 2152/1/2383 2200/1/2383 2199/1/2383
f 2152/1/2384 2153/1/2384 2201/1/2384 2200/1/2384
f 2153/1/2385 2154/1/2385 2202/1/2385 2201/1/2385
f 2154/1/2386 2155/1/2386 2203/1/2386 2202/1/2386
f 2155/1/2387 2156/1/2387 2204/1/2387 2203/1/2387
f 2156/1/2388 2157/1/2388 2205/1/2388 2204/1/2388
f 2157/1/2389 2158/1/2389 2206/1/2389 2205/1/2389
f 2158/1/2390 2159/1/2390 2207/1/2390 2206/1/2390
f 2159/1/2391 2160/1/2391 2208/1/2391 2207/1/2391
f 2160/1/2392 2161/1/2392 2209/1/2392 2208/1/2392
f 2161/1/2393 2162/1/2393 2210/1/2393 2209/1/2393
f 2162/1/2394 2163/1/2394 2211/1/2394 2210/1/2394
f 2163/1/2395 2164/1/2395 2212/1/2395 2211/1/2395
f 2164/1/2396 2165/1/2396 2213/1/2396 2212/1/2396
f 2165/1/2397 2166/1/2397 2214/1/2397 2213/1/2397
f 2166/1/2398 2167/1/2398 2215/1/2398 2214/1/2398
f 2167/1/2399 2168/1/2399 2216/1/2399 2215/1/2399
f 2168/1/2400 2169/1/2400 2217/1/2400 2216/1/2400
f 2169/1/2401 2170/1/2401 2218/1/2401 2217/1/2401
f 2170/1/2402 2171/1/2402 2219/1/2402 2218/1/2402
f 2171/1/2403 2172/1/2403 2220/1/2403 2219/1/2403
f 2172/1/2404 2173/1/2404 2221/1/2404 2220/1/2404
f 2173/1/2405 2174/1/2405 2222/1/2405 2221/1/2405
f 2174/1/2406 2175/1/2406 2223/1/2406 2222/1/2406
f 2175/1/2407 2176/1/2407 2224/1/2407 2223/1/2407
f 2176/1/2408 2177/1/2408 2225/1/2408 2224/1/2408
f 2177/1/2409 2178/1/2409 2226/1/2409 2225/1/2409
f 2178/1/2410 2179/1/2410 2227/1/2410 2226/1/2410
f 2179/1/2411 2180/1/2411 2228/1/2411 2227/1/2411
f 2180/1/2412 2181/1/2412 2229/1/2412 2228/1/2412
f 2181/1/2413 2182/1/2413 2230/1/2413 2229/1/2413
f 2182/1/2414 2183/1/2414 2231/1/2414 2230/1/2414
f 2183/1/2415 2184/1/2415 2232/1/2415 2231/1/2415
f 2184/1/2416 2185/1/2416 2233/1/2416 2232/1/2416
f 2185/1/2417 2186/1/2417 2234/1/2417 2233/1/2417
f 2186/1/2418 2140/1/2418 2188/1/2418 2234/1/2418
f 2188/1/2419 2187/1/2419 2235/1/2419 2236/1/2419
f 2187/1/2420 2189/1/2420 2237/1/2420 2235/1/2420
f 2189/1/2421 2190/1/2421 2238/1/2421 2237/1/2421
f 2190/1/2422 2191/1/2422 2239/1/2422 2238/1/2422
f 2191/1/2423 2192/1/2423 2240/1/2423 2239/1/2423
f 2192/1/2424 2193/1/2424 2241/1/2424 2240/1/2424
f 2193/1/2425 2194/1/2425 2242/1/2425 2241/1/2425
f 2194/1/2426 2195/1/2426 2243/1/2426 2242/1/2426
f 2195/1/2427 2196/1/2427 2244/1/2427 2243/1/2427
f 2196/1/2428 2197/1/2428 2245/1/2428 2244/1/2428
f 2197/1/2429 2198/1/2429 2246/1/2429 2245/1/2429
f 2198/1/2430 2199/1/2430 2247/1/2430 2246/1/2430
f 2199/1/2431 2200/1/2431 2248/1/2431 2247/1/2431
f 2200/1/2432 2201/1/2432 2249/1/2432 2248/1/2432
f 2201/1/2433 2202/1/2433 2250/1/2433 2249/1/2433
f 2202/1/2434 2203/1/2434 2251/1/2434 2250/1/2434
f 2203/1/2435 2204/1/2435 2252/1/2435 2251/1/2435
f 2204/1/2436 2205/1/2436 2253/1/2436 2252/1/2436
f 2205/1/2437 2206/1/2437 2254/1/2437 2253/1/2437
f 2206/1/2438 2207/1/2438 2255/1/2438 2254/1/2438
f 2207/1/2439 2208/1/2439 2256/1/2439 2255/1/2439
f 2208/1/2440 2209/1/2440 2257/1/2440 2256/1/2440
f 2209/1/2441 2210/1/2441 2258/1/2441 2257/1/2441
f 2210/1/2442 2211/1/2442 2259/1/2442 2258/1/2442
f 2211/1/2443 2212/1/2443 2260/1/2443 2259/1/2443
f 2212/1/2444 2213/1/2444 2261/1/2444 2260/1/2444
f 2213/1/2445 2214/1/2445 2262/1/2445 2261/1/2445
f 2214/1/2446 2215/1/2446 2263/1/2446 2262/1/2446
f 2215/1/2447 2216/1/2447 2264/1/2447 2263/1/2447
f 2216/1/2448 2217/1/2448 2265/1/2448 2264/1/2448
f 2217/1/2449 2218/1/2449 2266/1/2449 2265/1/2449
f 2218/1/2450 2219/1/2450 2267/1/2450 2266/1/2450
f 2219/1/2451 2220/1/2451 2268/1/2451 2267/1/2451
f 2220/1/2452 2221/1/2452 2269/1/2452 2268/1/2452
f 2221/1/2453 2222/1/2453 2270/1/2453 2269/1/2453
f 2222/1/2454 2223/1/2454 2271/1/2454 2270/1/2454
f 2223/1/2455 2224/1/2455 2272/1/2455 2271/1/2455
f 2224/1/2456 2225/1/2456 2273/1/2456 2272/1/2456
f 2225/1/2457 2226/1/2457 2274/1/2457 2273/1/2457
f 2226/1/2458 2227/1/2458 2275/1/2458 2274/1/2458
f 2227/1/2459 2228/1/2459 2276/1/2459 2275/1/2459
f 2228/1/2460 2229/1/2460 2277/1/2460 2276/1/2460
f 2229/1/2461 2230/1/2461 2278/1/2461 2277/1/2461
f 2230/1/2462 2231/1/2462 2279/1/2462 2278/1/2462
f 2231/1/2463 2232/1/2463 2280/1/2463 2279/1/2463
f 2232/1/2464 2233/1/2464 2281/1/2464 2280/1/2464
f 2233/1/2465 2234/1/2465 2282/1/2465 2281/1/2465
f 2234/1/2466 2188/1/2466 2236/1/2466 2282/1/2466
f 2236/1/2467 2235/1/2467 2283/1/2467 2284/1/2467
f 2235/1/2468 2237/1/2468 2285/1/2468 2283/1/2468
f 2237/1/2469 2238/1/2469 2286/1/2469 2285/1/2469
f 2238/1/2470 2239/1/2470 2287/1/2470 2286/1/2470
f 2239/1/2471 2240/1/2471 2288/1/2471 2287/1/2471
f 2240/1/2472 2241/1/2472 2289/1/2472 2288/1/2472
f 2241/1/2473 2242/1/2473 2290/1/2473 2289/1/2473
f 2242/1/2474 2243/1/2474 2291/1/2474 2290/1/2474
f 2243/1/2475 2244/1/2475 2292/1/2475 2291/1/2475
f 2244/1/2476 2245/1/2476 2293/1/2476 2292/1/2476
f 2245/1/2477 2246/1/2477 2294/1/2477 2293/1/2477
f 2246/1/2478 2247/1/2478 2295/1/2478 2294/1/2478
f 2247/1/2479 2248/1/2479 2296/1/2479 2295/1/2479
f 2248/1/2480 2249/1/2480 2297/1/2480 2296/1/2480
f 2249/1/2481 2250/1/2481 2298/1/2481 2297/1/2481
f 2250/1/2482 2251/1/2482 2299/1/2482 2298/1/2482
f 2251/1/2483 2252/1/2483 2300/1/2483 2299/1/2483
f 2252/1/2484 2253/1/2484 2301/1/2484 2300/1/2484
f 2253/1/2485 2254/1/2485 2302/1/2485 2301/1/2485
f 2254/1/2486 2255/1/2486 2303/1/2486 2302/1/2486
f 2255/1/2487 2256/1/2487 2304/1/2487 2303/1/2487
f 2256/1/2488 2257/1/2488 2305/1/2488 2304/1/2488
f 2257/1/2489 2258/1/2489 2306/1/2489 2305/1/2489
f 2258/1/2490 2259/1/2490 2307/1/2490 2306/1/2490
f 2259/1/2491 2260/1/2491 2308/1/2491 2307/1/2491
f 2260/1/2492 2261/1/2492 2309/1/2492 2308/1/2492
f 2261/1/2493 2262/1/2493 2310/1/2493 2309/1/2493
f 2262/1/2494 2263/1/2494 2311/1/2494 2310/1/2494
f 2263/1/2495 2264/1/2495 2312/1/2495 2311/1/2495
f 2264/1/2496 2265/1/2496 2313/1/2496 2312/1/2496
f 2265/1/2497 2266/1/2497 2314/1/2497 2313/1/2497
f 2266/1/2498 2267/1/2498 2315/1/2498 2314/1/2498
f 2267/1/2499 2268/1/2499 2316/1/2499 2315/1/2499
f 2268/1/2500 2269/1/2500 2317/1/2500 2316/1/2500
f 2269/1/2501 2270/1/2501 2318/1/2501 2317/1/2501
f 2270/1/2502 2271/1/2502 2319/1/2502 2318/1/2502
f 2271/1/2503 2272/1/2503 2320/1/2503 2319/1/2503
f 2272/1/2504 2273/1/2504 2321/1/2504 2320/1/2504
f 2273/1/2505 2274/1/2505 2322/1/2505 2321/1/2505
f 2274/1/2506 2275/1/2506 2323/1/2506 2322/1/2506
f 2275/1/2507 2276/1/2507 2324/1/2507 2323/1/2507
f 2276/1/2508 2277/1/2508 2325/1/2508 2324/1/2508
f 2277/1/2509 2278/1/2509 2326/1/2509 2325/1/2509
f 2278/1/2510 2279/1/2510 2327/1/2510 2326/1/2510
f 2279/1/2511 2280/1/2511 2328/1/2511 2327/1/2511
f 2280/1/2512 2281/1/2512 2329/1/2512 2328/1/2512
f 2281/1/2513 2282/1/2513 2330/1/2513 2329/1/2513
f 2282/1/2514 2236/1/2514 2284/1/2514 2330/1/2514
usemtl silver
f 2331/1/2368 2332/1/2368 2333/1/2368 2334/1/2368
f 2332/1/2368 2335/1/2368 2336/1/2368 2333/1/2368
f 2335/1/2368 2337/1/2368 2338/1/2368 2336/1/2368
f 2337/1/2368 2339/1/2368 2340/1/2368 2338/1/2368
f 2339/1/2368 2341/1/2368 2342/1/2368 2340/1/2368
f 2341/1/2368 2343/1/2368 2344/1/2368 2342/1/2368
f 2343/1/2368 2345/1/2368 2346/1/2368 2344/1/2368
f 2345/1/2368 2347/1/2368 2348/1/2368 2346/1/2368
f 2347/1/2368 2349/1/2368 2350/1/2368 2348/1/2368
f 2349/1/2368 2351/1/2368 2352/1/2368 2350/1/2368
f 2351/1/2368 2353/1/2368 2354/1/2368 2352/1/2368
f 2353/1/2368 2355/1/2368 2356/1/2368 2354/1/2368
f 2355/1/2369 2357/1/2369 2358/1/2369 2356/1/2369
f 2357/1/2369 2359/1/2369 2360/1/2369 2358/1/2369
f 2359/1/2368 2361/1/2368 2362/1/2368 2360/1/2368
f 2361/1/2368 2363/1/2368 2364/1/2368 2362/1/2368
f 2363/1/2368 2365/1/2368 2366/1/2368 2364/1/2368
f 2365/1/2368 2367/1/2368 2368/1/2368 2366/1/2368
f 2367/1/2368 2369/1/2368 2370/1/2368 2368/1/2368
f 2369/1/2368 2371/1/2368 2372/1/2368 2370/1/2368
f 2371/1/2368 2373/1/2368 2374/1/2368 2372/1/2368
f 2373/1/2368 2375/1/2368 2376/1/2368 2374/1/2368
f 2375/1/2368 2377/1/2368 2378/1/2368 2376/1/2368
f 2377/1/2368 2379/1/2368 2380/1/2368 2378/1/2368
f 2379/1/2370 2381/1/2370 2382/1/2370 2380/1/2370
f 2381/1/2370 2383/1/2370 2384/1/2370 2382/1/2370
f 2383/1/2368 2385/1/2368 2386/1/2368 2384/1/2368
f 2385/1/2368 2387/1/2368 2388/1/2368 2386/1/2368
f 2387/1/2368 2389/1/2368 2390/1/2368 2388/1/2368
f 2389/1/2368 2391/1/2368 2392/1/2368 2390/1/2368
f 2391/1/2368 2393/1/2368 2394/1/2368 2392/1/2368
f 2393/1/2368 2395/1/2368 2396/1/2368 2394/1/2368
f 2395/1/2368 2397/1/2368 2398/1/2368 2396/1/2368
f 2397/1/2368 2399/1/2368 2400/1/2368 2398/1/2368
f 2399/1/2368 2401/1/2368 2402/1/2368 2400/1/2368
f 2401/1/2368 2403/1/2368 2404/1/2368 2402/1/2368
f 2403/1/2368 2405/1/2368 2406/1/2368 2404/1/2368
f 2405/1/2368 2407/1/2368 2408/1/2368 2406/1/2368
f 2407/1/2368 2409/1/2368 2410/1/2368 2408/1/2368
f 2409/1/2368 2411/1/2368 2412/1/2368 2410/1/2368
f 2411/1/2368 2413/1/2368 2414/1/2368 2412/1/2368
f 2413/1/2368 2415/1/2368 2416/1/2368 2414/1/2368
f 2415/1/2368 2417/1/2368 2418/1/2368 2416/1/2368
f 2417/1/2368 2419/1/2368 2420/1/2368 2418/1/2368
f 2419/1/2368 2421/1/2368 2422/1/2368 2420/1/2368
f 2421/1/2368 2423/1/2368 2424/1/2368 2422/1/2368
f 2423/1/2368 2425/1/2368 2426/1/2368 2424/1/2368
f 2425/1/2368 2331/1/2368 2334/1/2368 2426/1/2368
f 2334/1/2515 2333/1/2515 2427/1/2515 2428/1/2515
f 2333/1/2516 2336/1/2516 2429/1/2516 2427/1/2516
f 2336/1/2517 2338/1/2517 2430/1/2517 2429/1/2517
f 2338/1/2518 2340/1/2518 2431/1/2518 2430/1/2518
f 2340/1/2519 2342/1/2519 2432/1/2519 2431/1/2519
f 2342/1/2520 2344/1/2520 2433/1/2520 2432/1/2520
f 2344/1/2521 2346/1/2521 2434/1/2521 2433/1/2521
f 2346/1/2522 2348/1/2522 2435/1/2522 2434/1/2522
f 2348/1/2523 2350/1/2523 2436/1/2523 2435/1/2523
f 2350/1/2524 2352/1/2524 2437/1/2524 2436/1/2524
f 2352/1/2525 2354/1/2525 2438/1/2525 2437/1/2525
f 2354/1/2526 2356/1/2526 2439/1/2526 2438/1/2526
f 2356/1/2527 2358/1/2527 2440/1/2527 2439/1/2527
f 2358/1/2528 2360/1/2528 2441/1/2528 2440/1/2528
f 2360/1/2529 2362/1/2529 2442/1/2529 2441/1/2529
f 2362/1/2530 2364/1/2530 2443/1/2530 2442/1/2530
f 2364/1/2531 2366/1/2531 2444/1/2531 2443/1/2531
f 2366/1/2532 2368/1/2532 2445/1/2532 2444/1/2532
f 2368/1/2533 2370/1/2533 2446/1/2533 2445/1/2533
f 2370/1/2534 2372/1/2534 2447/1/2534 2446/1/2534
f 2372/1/2535 2374/1/2535 2448/1/2535 2447/1/2535
f 2374/1/2536 2376/1/2536 2449/1/2536 2448/1/2536
f 2376/1/2537 2378/1/2537 2450/1/2537 2449/1/2537
f 2378/1/2538 2380/1/2538 2451/1/2538 2450/1/2538
f 2380/1/2539 2382/1/2539 2452/1/2539 2451/1/2539
f 2382/1/2540 2384/1/2540 2453/1/2540 2452/1/2540
f 2384/1/2541 2386/1/2541 2454/1/2541 2453/1/2541
f 2386/1/2542 2388/1/2542 2455/1/2542 2454/1/2542
f 2388/1/2543 2390/1/2543 2456/1/2543 2455/1/2543
f 2390/1/2544 2392/1/2544 2457/1/2544 2456/1/2544
f 2392/1/2545 2394/1/2545 2458/1/2545 2457/1/2545
f 2394/1/2546 2396/1/2546 2459/1/2546 2458/1/2546
f 2396/1/2547 2398/1/2547 2460/1/2547 2459/1/2547
f 2398/1/2548 2400/1/2548 2461/1/2548 2460/1/2548
f 2400/1/2549 2402/1/2549 2462/1/2549 2461/1/2549
f 2402/1/2550 2404/1/2550 2463/1/2550 2462/1/2550
f 2404/1/2551 2406/1/2551 2464/1/2551 2463/1/2551
f 2406/1/2552 2408/1/2552 2465/1/2552 2464/1/2552
f 2408/1/2553 2410/1/2553 2466/1/2553 2465/1/2553
f 2410/1/2554 2412/1/2554 2467/1/2554 2466/1/2554
f 2412/1/2555 2414/1/2555 2468/1/2555 2467/1/2555
f 2414/1/2556 2416/1/2556 2469/1/2556 2468/1/2556
f 2416/1/2557 2418/1/2557 2470/1/2557 2469/1/2557
f 2418/1/2558 2420/1/2558 2471/1/2558 2470/1/2558
f 2420/1/2559 2422/1/2559 2472/1/2559 2471/1/2559
f 2422/1/2560 2424/1/2560 2473/1/2560 2472/1/2560
f 2424/1/2561 2426/1/2561 2474/1/2561 2473/1/2561
f 2426/1/2562 2334/1/2562 2428/1/2562 2474/1/2562
f 2428/1/2563 2427/1/2563 2475/1/2563 2476/1/2563
f 2427/1/2564 2429/1/2564 2477/1/2564 2475/1/2564
f 2429/1/2565 2430/1/2565 2478/1/2565 2477/1/2565
f 2430/1/2566 2431/1/2566 2479/1/2566 2478/1/2566
f 2431/1/2567 2432/1/2567 2480/1/2567 2479/1/2567
f 2432/1/2568 2433/1/2568 2481/1/2568 2480/1/2568
f 2433/1/2569 2434/1/2569 2482/1/2569 2481/1/2569
f 2434/1/2570 2435/1/2570 2483/1/2570 2482/1/2570
f 2435/1/2571 2436/1/2571 2484/1/2571 2483/1/2571
f 2436/1/2572 2437/1/2572 2485/1/2572 2484/1/2572
f 2437/1/2573 2438/1/2573 2486/1/2573 2485/1/2573
f 2438/1/2574 2439/1/2574 2487/1/2574 2486/1/2574
f 2439/1/2575 2440/1/2575 2488/1/2575 2487/1/2575
f 2440/1/2576 2441/1/2576 2489/1/2576 2488/1/2576
f 2441/1/2577 2442/1/2577 2490/1/2577 2489/1/2577
f 2442/1/2578 2443/1/2578 2491/1/2578 2490/1/2578
f 2443/1/2579 2444/1/2579 2492/1/2579 2491/1/2579
f 2444/1/2580 2445/1/2580 2493/1/2580 2492/1/2580
f 2445/1/2581 2446/1/2581 2494/1/2581 2493/1/2581
f 2446/1/2582 2447/1/2582 2495/1/2582 2494/1/2582
f 2447/1/2583 2448/1/2583 2496/1/2583 2495/1/2583
f 2448/1/2584 2449/1/2584 2497/1/2584 2496/1/2584
f 2449/1/2585 2450/1/2585 2498/1/2585 2497/1/2585
f 2450/1/2586 2451/1/2586 2499/1/2586 2498/1/2586
f 2451/1/2587 2452/1/2587 2500/1/2587 2499/1/2587
f 2452/1/2588 2453/1/2588 2501/1/2588 2500/1/2588
f 2453/1/2589 2454/1/2589 2502/1/2589 2501/1/2589
f 2454/1/2590 2455/1/2590 2503/1/2590 2502/1/2590
f 2455/1/2591 2456/1/2591 2504/1/2591 2503/1/2591
f 2456/1/2592 2457/1/2592 2505/1/2592 2504/1/2592
f 2457/1/2593 2458/1/2593 2506/1/2593 2505/1/2593
f 2458/1/2594 2459/1/2594 2507/1/2594 2506/1/2594
f 2459/1/2595 2460/1/2595 2508/1/2595 2507/1/2595
f 2460/1/2596 2461/1/2596 2509/1/2596 2508/1/2596
f 2461/1/2597 2462/1/2597 2510/1/2597 2509/1/2597
f 2462/1/2598 2463/1/2598 2511/1/2598 2510/1/2598
f 2463/1/2599 2464/1/2599 2512/1/2599 2511/1/2599
f 2464/1/2600 2465/1/2600 2513/1/2600 2512/1/2600
f 2465/1/2601 2466/1/2601 2514/1/2601 2513/1/2601
f 2466/1/2602 2467/1/2602 2515/1/2602 2514/1/2602
f 2467/1/2603 2468/1/2603 2516/1/2603 2515/1/2603
f 2468/1/2604 2469/1/2604 2517/1/2604 2516/1/2604
f 2469/1/2605 2470/1/2605 2518/1/2605 2517/1/2605
f 2470/1/2606 2471/1/2606 2519/1/2606 2518/1/2606
f 2471/1/2607 2472/1/2607 2520/1/2607 2519/1/2607
f 2472/1/2608 2473/1/2608 2521/1/2608 2520/1/2608
f 2473/1/2609 2474/1/2609 2522/1/2609 2521/1/2609
f 2474/1/2610 2428/1/2610 2476/1/2610 2522/1/2610
g segmented_cyan_ring
usemtl cyan
f 2523/1/2368 2524/1/2368 2525/1/2368 2526/1/2368
f 2527/1/2368 2528/1/2368 2529/1/2368 2530/1/2368
f 2531/1/2368 2532/1/2368 2533/1/2368 2534/1/2368
f 2535/1/2368 2536/1/2368 2537/1/2368 2538/1/2368
f 2539/1/2368 2540/1/2368 2541/1/2368 2542/1/2368
f 2543/1/2368 2544/1/2368 2545/1/2368 2546/1/2368
f 2547/1/2368 2548/1/2368 2549/1/2368 2550/1/2368
f 2551/1/2368 2552/1/2368 2553/1/2368 2554/1/2368
f 2555/1/2368 2556/1/2368 2557/1/2368 2558/1/2368
f 2559/1/2368 2560/1/2368 2561/1/2368 2562/1/2368
f 2563/1/2368 2564/1/2368 2565/1/2368 2566/1/2368
f 2567/1/2368 2568/1/2368 2569/1/2368 2570/1/2368
f 2571/1/2368 2572/1/2368 2573/1/2368 2574/1/2368
f 2575/1/2368 2576/1/2368 2577/1/2368 2578/1/2368
f 2579/1/2368 2580/1/2368 2581/1/2368 2582/1/2368
f 2583/1/2368 2584/1/2368 2585/1/2368 2586/1/2368
f 2587/1/2369 2588/1/2369 2589/1/2369 2590/1/2369
f 2591/1/2369 2592/1/2369 2593/1/2369 2594/1/2369
f 2595/1/2369 2596/1/2369 2597/1/2369 2598/1/2369
f 2599/1/2369 2600/1/2369 2601/1/2369 2602/1/2369
f 2603/1/2369 2604/1/2369 2605/1/2369 2606/1/2369
f 2607/1/2369 2608/1/2369 2609/1/2369 2610/1/2369
f 2611/1/2369 2612/1/2369 2613/1/2369 2614/1/2369
f 2615/1/2369 2616/1/2369 2617/1/2369 2618/1/2369
f 2619/1/2369 2620/1/2369 2621/1/2369 2622/1/2369
f 2623/1/2368 2624/1/2368 2625/1/2368 2626/1/2368
f 2627/1/2368 2628/1/2368 2629/1/2368 2630/1/2368
f 2631/1/2368 2632/1/2368 2633/1/2368 2634/1/2368
f 2635/1/2368 2636/1/2368 2637/1/2368 2638/1/2368
f 2639/1/2368 2640/1/2368 2641/1/2368 2642/1/2368
f 2643/1/2368 2644/1/2368 2645/1/2368 2646/1/2368
f 2647/1/2368 2648/1/2368 2649/1/2368 2650/1/2368
f 2651/1/2370 2652/1/2370 2653/1/2370 2654/1/2370
f 2655/1/2370 2656/1/2370 2657/1/2370 2658/1/2370
f 2659/1/2370 2660/1/2370 2661/1/2370 2662/1/2370
f 2663/1/2370 2664/1/2370 2665/1/2370 2666/1/2370
f 2667/1/2370 2668/1/2370 2669/1/2370 2670/1/2370
f 2671/1/2370 2672/1/2370 2673/1/2370 2674/1/2370
f 2675/1/2370 2676/1/2370 2677/1/2370 2678/1/2370
f 2679/1/2370 2680/1/2370 2681/1/2370 2682/1/2370
f 2683/1/2370 2684/1/2370 2685/1/2370 2686/1/2370
f 2687/1/2368 2688/1/2368 2689/1/2368 2690/1/2368
f 2691/1/2368 2692/1/2368 2693/1/2368 2694/1/2368
f 2695/1/2368 2696/1/2368 2697/1/2368 2698/1/2368
f 2699/1/2368 2700/1/2368 2701/1/2368 2702/1/2368
f 2703/1/2368 2704/1/2368 2705/1/2368 2706/1/2368
f 2707/1/2368 2708/1/2368 2709/1/2368 2710/1/2368
f 2711/1/2368 2712/1/2368 2713/1/2368 2714/1/2368
f 2715/1/2368 2716/1/2368 2717/1/2368 2718/1/2368
f 2719/1/2368 2720/1/2368 2721/1/2368 2722/1/2368
f 2723/1/2368 2724/1/2368 2725/1/2368 2726/1/2368
f 2727/1/2368 2728/1/2368 2729/1/2368 2730/1/2368
f 2731/1/2368 2732/1/2368 2733/1/2368 2734/1/2368
f 2735/1/2368 2736/1/2368 2737/1/2368 2738/1/2368
f 2739/1/2368 2740/1/2368 2741/1/2368 2742/1/2368
f 2743/1/2368 2744/1/2368 2745/1/2368 2746/1/2368
f 2747/1/2368 2748/1/2368 2749/1/2368 2750/1/2368
f 2751/1/2368 2752/1/2368 2753/1/2368 2754/1/2368
f 2755/1/2368 2756/1/2368 2757/1/2368 2758/1/2368
f 2759/1/2368 2760/1/2368 2761/1/2368 2762/1/2368
f 2763/1/2368 2764/1/2368 2765/1/2368 2766/1/2368
f 2767/1/2368 2768/1/2368 2769/1/2368 2770/1/2368
f 2771/1/2368 2772/1/2368 2773/1/2368 2774/1/2368
f 2775/1/2368 2776/1/2368 2777/1/2368 2778/1/2368
g recessed_red_optic
usemtl rubber
f 2779/1/2368 2780/1/2368 2781/1/2368 2782/1/2368
f 2780/1/2368 2783/1/2368 2784/1/2368 2781/1/2368
f 2783/1/2368 2785/1/2368 2786/1/2368 2784/1/2368
f 2785/1/2368 2787/1/2368 2788/1/2368 2786/1/2368
f 2787/1/2368 2789/1/2368 2790/1/2368 2788/1/2368
f 2789/1/2368 2791/1/2368 2792/1/2368 2790/1/2368
f 2791/1/2368 2793/1/2368 2794/1/2368 2792/1/2368
f 2793/1/2368 2795/1/2368 2796/1/2368 2794/1/2368
f 2795/1/2368 2797/1/2368 2798/1/2368 2796/1/2368
f 2797/1/2368 2799/1/2368 2800/1/2368 2798/1/2368
f 2799/1/2368 2801/1/2368 2802/1/2368 2800/1/2368
f 2801/1/2368 2803/1/2368 2804/1/2368 2802/1/2368
f 2803/1/2369 2805/1/2369 2806/1/2369 2804/1/2369
f 2805/1/2369 2807/1/2369 2808/1/2369 2806/1/2369
f 2807/1/2369 2809/1/2369 2810/1/2369 2808/1/2369
f 2809/1/2369 2811/1/2369 2812/1/2369 2810/1/2369
f 2811/1/2369 2813/1/2369 2814/1/2369 2812/1/2369
f 2813/1/2369 2815/1/2369 2816/1/2369 2814/1/2369
f 2815/1/2369 2817/1/2369 2818/1/2369 2816/1/2369
f 2817/1/2368 2819/1/2368 2820/1/2368 2818/1/2368
f 2819/1/2368 2821/1/2368 2822/1/2368 2820/1/2368
f 2821/1/2368 2823/1/2368 2824/1/2368 2822/1/2368
f 2823/1/2368 2825/1/2368 2826/1/2368 2824/1/2368
f 2825/1/2368 2827/1/2368 2828/1/2368 2826/1/2368
f 2827/1/2370 2829/1/2370 2830/1/2370 2828/1/2370
f 2829/1/2370 2831/1/2370 2832/1/2370 2830/1/2370
f 2831/1/2370 2833/1/2370 2834/1/2370 2832/1/2370
f 2833/1/2370 2835/1/2370 2836/1/2370 2834/1/2370
f 2835/1/2370 2837/1/2370 2838/1/2370 2836/1/2370
f 2837/1/2370 2839/1/2370 2840/1/2370 2838/1/2370
f 2839/1/2370 2841/1/2370 2842/1/2370 2840/1/2370
f 2841/1/2368 2843/1/2368 2844/1/2368 2842/1/2368
f 2843/1/2368 2845/1/2368 2846/1/2368 2844/1/2368
f 2845/1/2368 2847/1/2368 2848/1/2368 2846/1/2368
f 2847/1/2368 2849/1/2368 2850/1/2368 2848/1/2368
f 2849/1/2368 2851/1/2368 2852/1/2368 2850/1/2368
f 2851/1/2368 2853/1/2368 2854/1/2368 2852/1/2368
f 2853/1/2368 2855/1/2368 2856/1/2368 2854/1/2368
f 2855/1/2368 2857/1/2368 2858/1/2368 2856/1/2368
f 2857/1/2368 2859/1/2368 2860/1/2368 2858/1/2368
f 2859/1/2368 2861/1/2368 2862/1/2368 2860/1/2368
f 2861/1/2368 2863/1/2368 2864/1/2368 2862/1/2368
f 2863/1/2368 2865/1/2368 2866/1/2368 2864/1/2368
f 2865/1/2368 2867/1/2368 2868/1/2368 2866/1/2368
f 2867/1/2368 2869/1/2368 2870/1/2368 2868/1/2368
f 2869/1/2368 2871/1/2368 2872/1/2368 2870/1/2368
f 2871/1/2368 2873/1/2368 2874/1/2368 2872/1/2368
f 2873/1/2368 2779/1/2368 2782/1/2368 2874/1/2368
f 2782/1/2611 2781/1/2611 2875/1/2611 2876/1/2611
f 2781/1/2612 2784/1/2612 2877/1/2612 2875/1/2612
f 2784/1/2613 2786/1/2613 2878/1/2613 2877/1/2613
f 2786/1/2614 2788/1/2614 2879/1/2614 2878/1/2614
f 2788/1/2615 2790/1/2615 2880/1/2615 2879/1/2615
f 2790/1/2616 2792/1/2616 2881/1/2616 2880/1/2616
f 2792/1/2617 2794/1/2617 2882/1/2617 2881/1/2617
f 2794/1/2618 2796/1/2618 2883/1/2618 2882/1/2618
f 2796/1/2619 2798/1/2619 2884/1/2619 2883/1/2619
f 2798/1/2620 2800/1/2620 2885/1/2620 2884/1/2620
f 2800/1/2621 2802/1/2621 2886/1/2621 2885/1/2621
f 2802/1/2622 2804/1/2622 2887/1/2622 2886/1/2622
f 2804/1/2623 2806/1/2623 2888/1/2623 2887/1/2623
f 2806/1/2624 2808/1/2624 2889/1/2624 2888/1/2624
f 2808/1/2625 2810/1/2625 2890/1/2625 2889/1/2625
f 2810/1/2626 2812/1/2626 2891/1/2626 2890/1/2626
f 2812/1/2627 2814/1/2627 2892/1/2627 2891/1/2627
f 2814/1/2628 2816/1/2628 2893/1/2628 2892/1/2628
f 2816/1/2629 2818/1/2629 2894/1/2629 2893/1/2629
f 2818/1/2630 2820/1/2630 2895/1/2630 2894/1/2630
f 2820/1/2631 2822/1/2631 2896/1/2631 2895/1/2631
f 2822/1/2632 2824/1/2632 2897/1/2632 2896/1/2632
f 2824/1/2633 2826/1/2633 2898/1/2633 2897/1/2633
f 2826/1/2634 2828/1/2634 2899/1/2634 2898/1/2634
f 2828/1/2635 2830/1/2635 2900/1/2635 2899/1/2635
f 2830/1/2636 2832/1/2636 2901/1/2636 2900/1/2636
f 2832/1/2637 2834/1/2637 2902/1/2637 2901/1/2637
f 2834/1/2638 2836/1/2638 2903/1/2638 2902/1/2638
f 2836/1/2639 2838/1/2639 2904/1/2639 2903/1/2639
f 2838/1/2640 2840/1/2640 2905/1/2640 2904/1/2640
f 2840/1/2641 2842/1/2641 2906/1/2641 2905/1/2641
f 2842/1/2642 2844/1/2642 2907/1/2642 2906/1/2642
f 2844/1/2643 2846/1/2643 2908/1/2643 2907/1/2643
f 2846/1/2644 2848/1/2644 2909/1/2644 2908/1/2644
f 2848/1/2645 2850/1/2645 2910/1/2645 2909/1/2645
f 2850/1/2646 2852/1/2646 2911/1/2646 2910/1/2646
f 2852/1/2647 2854/1/2647 2912/1/2647 2911/1/2647
f 2854/1/2648 2856/1/2648 2913/1/2648 2912/1/2648
f 2856/1/2649 2858/1/2649 2914/1/2649 2913/1/2649
f 2858/1/2650 2860/1/2650 2915/1/2650 2914/1/2650
f 2860/1/2651 2862/1/2651 2916/1/2651 2915/1/2651
f 2862/1/2652 2864/1/2652 2917/1/2652 2916/1/2652
f 2864/1/2653 2866/1/2653 2918/1/2653 2917/1/2653
f 2866/1/2654 2868/1/2654 2919/1/2654 2918/1/2654
f 2868/1/2655 2870/1/2655 2920/1/2655 2919/1/2655
f 2870/1/2656 2872/1/2656 2921/1/2656 2920/1/2656
f 2872/1/2657 2874/1/2657 2922/1/2657 2921/1/2657
f 2874/1/2658 2782/1/2658 2876/1/2658 2922/1/2658
f 2876/1/2659 2875/1/2659 2923/1/2659 2924/1/2659
f 2875/1/2660 2877/1/2660 2925/1/2660 2923/1/2660
f 2877/1/2661 2878/1/2661 2926/1/2661 2925/1/2661
f 2878/1/2662 2879/1/2662 2927/1/2662 2926/1/2662
f 2879/1/2663 2880/1/2663 2928/1/2663 2927/1/2663
f 2880/1/2664 2881/1/2664 2929/1/2664 2928/1/2664
f 2881/1/2665 2882/1/2665 2930/1/2665 2929/1/2665
f 2882/1/2666 2883/1/2666 2931/1/2666 2930/1/2666
f 2883/1/2667 2884/1/2667 2932/1/2667 2931/1/2667
f 2884/1/2668 2885/1/2668 2933/1/2668 2932/1/2668
f 2885/1/2669 2886/1/2669 2934/1/2669 2933/1/2669
f 2886/1/2670 2887/1/2670 2935/1/2670 2934/1/2670
f 2887/1/2671 2888/1/2671 2936/1/2671 2935/1/2671
f 2888/1/2672 2889/1/2672 2937/1/2672 2936/1/2672
f 2889/1/2673 2890/1/2673 2938/1/2673 2937/1/2673
f 2890/1/2674 2891/1/2674 2939/1/2674 2938/1/2674
f 2891/1/2675 2892/1/2675 2940/1/2675 2939/1/2675
f 2892/1/2676 2893/1/2676 2941/1/2676 2940/1/2676
f 2893/1/2677 2894/1/2677 2942/1/2677 2941/1/2677
f 2894/1/2678 2895/1/2678 2943/1/2678 2942/1/2678
f 2895/1/2679 2896/1/2679 2944/1/2679 2943/1/2679
f 2896/1/2680 2897/1/2680 2945/1/2680 2944/1/2680
f 2897/1/2681 2898/1/2681 2946/1/2681 2945/1/2681
f 2898/1/2682 2899/1/2682 2947/1/2682 2946/1/2682
f 2899/1/2683 2900/1/2683 2948/1/2683 2947/1/2683
f 2900/1/2684 2901/1/2684 2949/1/2684 2948/1/2684
f 2901/1/2685 2902/1/2685 2950/1/2685 2949/1/2685
f 2902/1/2686 2903/1/2686 2951/1/2686 2950/1/2686
f 2903/1/2687 2904/1/2687 2952/1/2687 2951/1/2687
f 2904/1/2688 2905/1/2688 2953/1/2688 2952/1/2688
f 2905/1/2689 2906/1/2689 2954/1/2689 2953/1/2689
f 2906/1/2690 2907/1/2690 2955/1/2690 2954/1/2690
f 2907/1/2691 2908/1/2691 2956/1/2691 2955/1/2691
f 2908/1/2692 2909/1/2692 2957/1/2692 2956/1/2692
f 2909/1/2693 2910/1/2693 2958/1/2693 2957/1/2693
f 2910/1/2694 2911/1/2694 2959/1/2694 2958/1/2694
f 2911/1/2695 2912/1/2695 2960/1/2695 2959/1/2695
f 2912/1/2696 2913/1/2696 2961/1/2696 2960/1/2696
f 2913/1/2697 2914/1/2697 2962/1/2697 2961/1/2697
f 2914/1/2698 2915/1/2698 2963/1/2698 2962/1/2698
f 2915/1/2699 2916/1/2699 2964/1/2699 2963/1/2699
f 2916/1/2700 2917/1/2700 2965/1/2700 2964/1/2700
f 2917/1/2701 2918/1/2701 2966/1/2701 2965/1/2701
f 2918/1/2702 2919/1/2702 2967/1/2702 2966/1/2702
f 2919/1/2703 2920/1/2703 2968/1/2703 2967/1/2703
f 2920/1/2704 2921/1/2704 2969/1/2704 2968/1/2704
f 2921/1/2705 2922/1/2705 2970/1/2705 2969/1/2705
f 2922/1/2706 2876/1/2706 2924/1/2706 2970/1/2706
usemtl red_rim
f 2971/1/2707 2972/1/2707 2973/1/2707 2974/1/2707
f 2972/1/2708 2975/1/2708 2976/1/2708 2973/1/2708
f 2975/1/2709 2977/1/2709 2978/1/2709 2976/1/2709
f 2977/1/2710 2979/1/2710 2980/1/2710 2978/1/2710
f 2979/1/2711 2981/1/2711 2982/1/2711 2980/1/2711
f 2981/1/2712 2983/1/2712 2984/1/2712 2982/1/2712
f 2983/1/2713 2985/1/2713 2986/1/2713 2984/1/2713
f 2985/1/2714 2987/1/2714 2988/1/2714 2986/1/2714
f 2987/1/2715 2989/1/2715 2990/1/2715 2988/1/2715
f 2989/1/2716 2991/1/2716 2992/1/2716 2990/1/2716
f 2991/1/2717 2993/1/2717 2994/1/2717 2992/1/2717
f 2993/1/2718 2995/1/2718 2996/1/2718 2994/1/2718
f 2995/1/2719 2997/1/2719 2998/1/2719 2996/1/2719
f 2997/1/2720 2999/1/2720 3000/1/2720 2998/1/2720
f 2999/1/2721 3001/1/2721 3002/1/2721 3000/1/2721
f 3001/1/2722 3003/1/2722 3004/1/2722 3002/1/2722
f 3003/1/2723 3005/1/2723 3006/1/2723 3004/1/2723
f 3005/1/2724 3007/1/2724 3008/1/2724 3006/1/2724
f 3007/1/2725 3009/1/2725 3010/1/2725 3008/1/2725
f 3009/1/2726 3011/1/2726 3012/1/2726 3010/1/2726
f 3011/1/2727 3013/1/2727 3014/1/2727 3012/1/2727
f 3013/1/2728 3015/1/2728 3016/1/2728 3014/1/2728
f 3015/1/2729 3017/1/2729 3018/1/2729 3016/1/2729
f 3017/1/2730 3019/1/2730 3020/1/2730 3018/1/2730
f 3019/1/2731 3021/1/2731 3022/1/2731 3020/1/2731
f 3021/1/2732 3023/1/2732 3024/1/2732 3022/1/2732
f 3023/1/2733 3025/1/2733 3026/1/2733 3024/1/2733
f 3025/1/2734 3027/1/2734 3028/1/2734 3026/1/2734
f 3027/1/2735 3029/1/2735 3030/1/2735 3028/1/2735
f 3029/1/2736 3031/1/2736 3032/1/2736 3030/1/2736
f 3031/1/2737 3033/1/2737 3034/1/2737 3032/1/2737
f 3033/1/2738 3035/1/2738 3036/1/2738 3034/1/2738
f 3035/1/2739 3037/1/2739 3038/1/2739 3036/1/2739
f 3037/1/2740 3039/1/2740 3040/1/2740 3038/1/2740
f 3039/1/2741 3041/1/2741 3042/1/2741 3040/1/2741
f 3041/1/2742 3043/1/2742 3044/1/2742 3042/1/2742
f 3043/1/2743 3045/1/2743 3046/1/2743 3044/1/2743
f 3045/1/2744 3047/1/2744 3048/1/2744 3046/1/2744
f 3047/1/2745 3049/1/2745 3050/1/2745 3048/1/2745
f 3049/1/2746 3051/1/2746 3052/1/2746 3050/1/2746
f 3051/1/2747 3053/1/2747 3054/1/2747 3052/1/2747
f 3053/1/2748 3055/1/2748 3056/1/2748 3054/1/2748
f 3055/1/2749 3057/1/2749 3058/1/2749 3056/1/2749
f 3057/1/2750 3059/1/2750 3060/1/2750 3058/1/2750
f 3059/1/2751 3061/1/2751 3062/1/2751 3060/1/2751
f 3061/1/2752 3063/1/2752 3064/1/2752 3062/1/2752
f 3063/1/2753 3065/1/2753 3066/1/2753 3064/1/2753
f 3065/1/2754 2971/1/2754 2974/1/2754 3066/1/2754
f 2974/1/2755 2973/1/2755 3067/1/2755 3068/1/2755
f 2973/1/2756 2976/1/2756 3069/1/2756 3067/1/2756
f 2976/1/2757 2978/1/2757 3070/1/2757 3069/1/2757
f 2978/1/2758 2980/1/2758 3071/1/2758 3070/1/2758
f 2980/1/2759 2982/1/2759 3072/1/2759 3071/1/2759
f 2982/1/2760 2984/1/2760 3073/1/2760 3072/1/2760
f 2984/1/2761 2986/1/2761 3074/1/2761 3073/1/2761
f 2986/1/2762 2988/1/2762 3075/1/2762 3074/1/2762
f 2988/1/2763 2990/1/2763 3076/1/2763 3075/1/2763
f 2990/1/2764 2992/1/2764 3077/1/2764 3076/1/2764
f 2992/1/2765 2994/1/2765 3078/1/2765 3077/1/2765
f 2994/1/2766 2996/1/2766 3079/1/2766 3078/1/2766
f 2996/1/2767 2998/1/2767 3080/1/2767 3079/1/2767
f 2998/1/2768 3000/1/2768 3081/1/2768 3080/1/2768
f 3000/1/2769 3002/1/2769 3082/1/2769 3081/1/2769
f 3002/1/2770 3004/1/2770 3083/1/2770 3082/1/2770
f 3004/1/2771 3006/1/2771 3084/1/2771 3083/1/2771
f 3006/1/2772 3008/1/2772 3085/1/2772 3084/1/2772
f 3008/1/2773 3010/1/2773 3086/1/2773 3085/1/2773
f 3010/1/2774 3012/1/2774 3087/1/2774 3086/1/2774
f 3012/1/2775 3014/1/2775 3088/1/2775 3087/1/2775
f 3014/1/2776 3016/1/2776 3089/1/2776 3088/1/2776
f 3016/1/2777 3018/1/2777 3090/1/2777 3089/1/2777
f 3018/1/2778 3020/1/2778 3091/1/2778 3090/1/2778
f 3020/1/2779 3022/1/2779 3092/1/2779 3091/1/2779
f 3022/1/2780 3024/1/2780 3093/1/2780 3092/1/2780
f 3024/1/2781 3026/1/2781 3094/1/2781 3093/1/2781
f 3026/1/2782 3028/1/2782 3095/1/2782 3094/1/2782
f 3028/1/2783 3030/1/2783 3096/1/2783 3095/1/2783
f 3030/1/2784 3032/1/2784 3097/1/2784 3096/1/2784
f 3032/1/2785 3034/1/2785 3098/1/2785 3097/1/2785
f 3034/1/2786 3036/1/2786 3099/1/2786 3098/1/2786
f 3036/1/2787 3038/1/2787 3100/1/2787 3099/1/2787
f 3038/1/2788 3040/1/2788 3101/1/2788 3100/1/2788
f 3040/1/2789 3042/1/2789 3102/1/2789 3101/1/2789
f 3042/1/2790 3044/1/2790 3103/1/2790 3102/1/2790
f 3044/1/2791 3046/1/2791 3104/1/2791 3103/1/2791
f 3046/1/2792 3048/1/2792 3105/1/2792 3104/1/2792
f 3048/1/2793 3050/1/2793 3106/1/2793 3105/1/2793
f 3050/1/2794 3052/1/2794 3107/1/2794 3106/1/2794
f 3052/1/2795 3054/1/2795 3108/1/2795 3107/1/2795
f 3054/1/2796 3056/1/2796 3109/1/2796 3108/1/2796
f 3056/1/2797 3058/1/2797 3110/1/2797 3109/1/2797
f 3058/1/2798 3060/1/2798 3111/1/2798 3110/1/2798
f 3060/1/2799 3062/1/2799 3112/1/2799 3111/1/2799
f 3062/1/2800 3064/1/2800 3113/1/2800 3112/1/2800
f 3064/1/2801 3066/1/2801 3114/1/2801 3113/1/2801
f 3066/1/2802 2974/1/2802 3068/1/2802 3114/1/2802
f 3068/1/2803 3067/1/2803 3115/1/2803 3116/1/2803
f 3067/1/2804 3069/1/2804 3117/1/2804 3115/1/2804
f 3069/1/2805 3070/1/2805 3118/1/2805 3117/1/2805
f 3070/1/2806 3071/1/2806 3119/1/2806 3118/1/2806
f 3071/1/2807 3072/1/2807 3120/1/2807 3119/1/2807
f 3072/1/2808 3073/1/2808 3121/1/2808 3120/1/2808
f 3073/1/2809 3074/1/2809 3122/1/2809 3121/1/2809
f 3074/1/2810 3075/1/2810 3123/1/2810 3122/1/2810
f 3075/1/2811 3076/1/2811 3124/1/2811 3123/1/2811
f 3076/1/2812 3077/1/2812 3125/1/2812 3124/1/2812
f 3077/1/2813 3078/1/2813 3126/1/2813 3125/1/2813
f 3078/1/2814 3079/1/2814 3127/1/2814 3126/1/2814
f 3079/1/2815 3080/1/2815 3128/1/2815 3127/1/2815
f 3080/1/2816 3081/1/2816 3129/1/2816 3128/1/2816
f 3081/1/2817 3082/1/2817 3130/1/2817 3129/1/2817
f 3082/1/2818 3083/1/2818 3131/1/2818 3130/1/2818
f 3083/1/2819 3084/1/2819 3132/1/2819 3131/1/2819
f 3084/1/2820 3085/1/2820 3133/1/2820 3132/1/2820
f 3085/1/2821 3086/1/2821 3134/1/2821 3133/1/2821
f 3086/1/2822 3087/1/2822 3135/1/2822 3134/1/2822
f 3087/1/2823 3088/1/2823 3136/1/2823 3135/1/2823
f 3088/1/2824 3089/1/2824 3137/1/2824 3136/1/2824
f 3089/1/2825 3090/1/2825 3138/1/2825 3137/1/2825
f 3090/1/2826 3091/1/2826 3139/1/2826 3138/1/2826
f 3091/1/2827 3092/1/2827 3140/1/2827 3139/1/2827
f 3092/1/2828 3093/1/2828 3141/1/2828 3140/1/2828
f 3093/1/2829 3094/1/2829 3142/1/2829 3141/1/2829
f 3094/1/2830 3095/1/2830 3143/1/2830 3142/1/2830
f 3095/1/2831 3096/1/2831 3144/1/2831 3143/1/2831
f 3096/1/2832 3097/1/2832 3145/1/2832 3144/1/2832
f 3097/1/2833 3098/1/2833 3146/1/2833 3145/1/2833
f 3098/1/2834 3099/1/2834 3147/1/2834 3146/1/2834
f 3099/1/2835 3100/1/2835 3148/1/2835 3147/1/2835
f 3100/1/2836 3101/1/2836 3149/1/2836 3148/1/2836
f 3101/1/2837 3102/1/2837 3150/1/2837 3149/1/2837
f 3102/1/2838 3103/1/2838 3151/1/2838 3150/1/2838
f 3103/1/2839 3104/1/2839 3152/1/2839 3151/1/2839
f 3104/1/2840 3105/1/2840 3153/1/2840 3152/1/2840
f 3105/1/2841 3106/1/2841 3154/1/2841 3153/1/2841
f 3106/1/2842 3107/1/2842 3155/1/2842 3154/1/2842
f 3107/1/2843 3108/1/2843 3156/1/2843 3155/1/2843
f 3108/1/2844 3109/1/2844 3157/1/2844 3156/1/2844
f 3109/1/2845 3110/1/2845 3158/1/2845 3157/1/2845
f 3110/1/2846 3111/1/2846 3159/1/2846 3158/1/2846
f 3111/1/2847 3112/1/2847 3160/1/2847 3159/1/2847
f 3112/1/2848 3113/1/2848 3161/1/2848 3160/1/2848
f 3113/1/2849 3114/1/2849 3162/1/2849 3161/1/2849
f 3114/1/2850 3068/1/2850 3116/1/2850 3162/1/2850
usemtl iris
f 3163/1/2851 3164/1/2851 3165/1/2851 3166/1/2851
f 3167/1/2852 3168/1/2852 3169/1/2852 3170/1/2852
f 3171/1/2853 3172/1/2853 3173/1/2853 3174/1/2853
f 3175/1/2854 3176/1/2854 3177/1/2854 3178/1/2854
f 3179/1/2855 3180/1/2855 3181/1/2855 3182/1/2855
f 3183/1/2856 3184/1/2856 3185/1/2856 3186/1/2856
f 3187/1/2857 3188/1/2857 3189/1/2857 3190/1/2857
f 3191/1/2858 3192/1/2858 3193/1/2858 3194/1/2858
f 3195/1/2859 3196/1/2859 3197/1/2859 3198/1/2859
f 3199/1/2860 3200/1/2860 3201/1/2860 3202/1/2860
f 3203/1/2861 3204/1/2861 3205/1/2861 3206/1/2861
f 3207/1/2862 3208/1/2862 3209/1/2862 3210/1/2862
f 3211/1/2863 3212/1/2863 3213/1/2863 3214/1/2863
f 3215/1/2864 3216/1/2864 3217/1/2864 3218/1/2864
f 3219/1/2865 3220/1/2865 3221/1/2865 3222/1/2865
f 3223/1/2866 3224/1/2866 3225/1/2866 3226/1/2866
f 3227/1/2867 3228/1/2867 3229/1/2867 3230/1/2867
f 3231/1/2868 3232/1/2868 3233/1/2868 3234/1/2868
f 3235/1/2869 3236/1/2869 3237/1/2869 3238/1/2869
f 3239/1/2870 3240/1/2870 3241/1/2870 3242/1/2870
f 3243/1/2871 3244/1/2871 3245/1/2871 3246/1/2871
f 3247/1/2872 3248/1/2872 3249/1/2872 3250/1/2872
f 3251/1/2873 3252/1/2873 3253/1/2873 3254/1/2873
f 3255/1/2874 3256/1/2874 3257/1/2874 3258/1/2874
f 3259/1/2875 3260/1/2875 3261/1/2875 3262/1/2875
f 3263/1/2876 3264/1/2876 3265/1/2876 3266/1/2876
f 3267/1/2877 3268/1/2877 3269/1/2877 3270/1/2877
f 3271/1/2878 3272/1/2878 3273/1/2878 3274/1/2878
f 3275/1/2879 3276/1/2879 3277/1/2879 3278/1/2879
f 3279/1/2880 3280/1/2880 3281/1/2880 3282/1/2880
f 3283/1/2881 3284/1/2881 3285/1/2881 3286/1/2881
f 3287/1/2882 3288/1/2882 3289/1/2882 3290/1/2882
f 3291/1/2883 3292/1/2883 3293/1/2883 3294/1/2883
f 3295/1/2884 3296/1/2884 3297/1/2884 3298/1/2884
f 3299/1/2885 3300/1/2885 3301/1/2885 3302/1/2885
f 3303/1/2886 3304/1/2886 3305/1/2886 3306/1/2886
f 3307/1/2887 3308/1/2887 3309/1/2887 3310/1/2887
f 3311/1/2888 3312/1/2888 3313/1/2888 3314/1/2888
f 3315/1/2889 3316/1/2889 3317/1/2889 3318/1/2889
f 3319/1/2890 3320/1/2890 3321/1/2890 3322/1/2890
f 3323/1/2891 3324/1/2891 3325/1/2891 3326/1/2891
f 3327/1/2892 3328/1/2892 3329/1/2892 3330/1/2892
f 3331/1/2893 3332/1/2893 3333/1/2893 3334/1/2893
f 3335/1/2894 3336/1/2894 3337/1/2894 3338/1/2894
f 3339/1/2895 3340/1/2895 3341/1/2895 3342/1/2895
f 3343/1/2896 3344/1/2896 3345/1/2896 3346/1/2896
f 3347/1/2897 3348/1/2897 3349/1/2897 3350/1/2897
f 3351/1/2898 3352/1/2898 3353/1/2898 3354/1/2898
usemtl lens_06
f 3355/1/2368 3356/1/2899 3357/1/2900
f 3355/1/2368 3358/1/2901 3356/1/2899
f 3355/1/2368 3359/1/2902 3358/1/2901
f 3355/1/2368 3360/1/2903 3359/1/2902
f 3355/1/2368 3361/1/2904 3360/1/2903
f 3355/1/2368 3362/1/2905 3361/1/2904
f 3355/1/2368 3363/1/2906 3362/1/2905
f 3355/1/2368 3364/1/2907 3363/1/2906
f 3355/1/2368 3365/1/2908 3364/1/2907
f 3355/1/2368 3366/1/2909 3365/1/2908
f 3355/1/2368 3367/1/2910 3366/1/2909
f 3355/1/2368 3368/1/2911 3367/1/2910
f 3355/1/2368 3369/1/2912 3368/1/2911
f 3355/1/2368 3370/1/2913 3369/1/2912
f 3355/1/2368 3371/1/2914 3370/1/2913
f 3355/1/2368 3372/1/2915 3371/1/2914
f 3355/1/2368 3373/1/2916 3372/1/2915
f 3355/1/2368 3374/1/2917 3373/1/2916
f 3355/1/2368 3375/1/2918 3374/1/2917
f 3355/1/2368 3376/1/2919 3375/1/2918
f 3355/1/2368 3377/1/2920 3376/1/2919
f 3355/1/2368 3378/1/2921 3377/1/2920
f 3355/1/2368 3379/1/2922 3378/1/2921
f 3355/1/2368 3380/1/2923 3379/1/2922
f 3355/1/2368 3381/1/2924 3380/1/2923
f 3355/1/2368 3382/1/2925 3381/1/2924
f 3355/1/2368 3383/1/2926 3382/1/2925
f 3355/1/2368 3384/1/2927 3383/1/2926
f 3355/1/2368 3385/1/2928 3384/1/2927
f 3355/1/2368 3386/1/2929 3385/1/2928
f 3355/1/2368 3387/1/2930 3386/1/2929
f 3355/1/2368 3388/1/2931 3387/1/2930
f 3355/1/2368 3389/1/2932 3388/1/2931
f 3355/1/2368 3390/1/2933 3389/1/2932
f 3355/1/2368 3391/1/2934 3390/1/2933
f 3355/1/2368 3392/1/2935 3391/1/2934
f 3355/1/2368 3393/1/2936 3392/1/2935
f 3355/1/2368 3394/1/2937 3393/1/2936
f 3355/1/2368 3395/1/2938 3394/1/2937
f 3355/1/2368 3396/1/2939 3395/1/2938
f 3355/1/2368 3397/1/2940 3396/1/2939
f 3355/1/2368 3398/1/2941 3397/1/2940
f 3355/1/2368 3399/1/2942 3398/1/2941
f 3355/1/2368 3400/1/2943 3399/1/2942
f 3355/1/2368 3401/1/2944 3400/1/2943
f 3355/1/2368 3402/1/2945 3401/1/2944
f 3355/1/2368 3403/1/2946 3402/1/2945
f 3355/1/2368 3357/1/2947 3403/1/2946
usemtl lens_05
f 3357/1/2900 3356/1/2899 3404/1/2948 3405/1/2949
f 3356/1/2899 3358/1/2901 3406/1/2950 3404/1/2948
f 3358/1/2901 3359/1/2902 3407/1/2951 3406/1/2950
usemtl lens_06
f 3359/1/2902 3360/1/2903 3408/1/2952 3407/1/2951
f 3360/1/2903 3361/1/2904 3409/1/2953 3408/1/2952
f 3361/1/2904 3362/1/2905 3410/1/2954 3409/1/2953
f 3362/1/2905 3363/1/2906 3411/1/2955 3410/1/2954
f 3363/1/2906 3364/1/2907 3412/1/2956 3411/1/2955
f 3364/1/2907 3365/1/2908 3413/1/2957 3412/1/2956
f 3365/1/2908 3366/1/2909 3414/1/2958 3413/1/2957
f 3366/1/2909 3367/1/2910 3415/1/2959 3414/1/2958
f 3367/1/2910 3368/1/2911 3416/1/2960 3415/1/2959
f 3368/1/2911 3369/1/2912 3417/1/2961 3416/1/2960
f 3369/1/2912 3370/1/2913 3418/1/2962 3417/1/2961
f 3370/1/2913 3371/1/2914 3419/1/2963 3418/1/2962
f 3371/1/2914 3372/1/2915 3420/1/2964 3419/1/2963
usemtl lens_07
f 3372/1/2915 3373/1/2916 3421/1/2965 3420/1/2964
f 3373/1/2916 3374/1/2917 3422/1/2966 3421/1/2965
f 3374/1/2917 3375/1/2918 3423/1/2967 3422/1/2966
f 3375/1/2918 3376/1/2919 3424/1/2968 3423/1/2967
usemtl lens_06
f 3376/1/2919 3377/1/2920 3425/1/2969 3424/1/2968
f 3377/1/2920 3378/1/2921 3426/1/2970 3425/1/2969
f 3378/1/2921 3379/1/2922 3427/1/2971 3426/1/2970
f 3379/1/2922 3380/1/2923 3428/1/2972 3427/1/2971
f 3380/1/2923 3381/1/2924 3429/1/2973 3428/1/2972
f 3381/1/2924 3382/1/2925 3430/1/2974 3429/1/2973
f 3382/1/2925 3383/1/2926 3431/1/2975 3430/1/2974
f 3383/1/2926 3384/1/2927 3432/1/2976 3431/1/2975
f 3384/1/2927 3385/1/2928 3433/1/2977 3432/1/2976
f 3385/1/2928 3386/1/2929 3434/1/2978 3433/1/2977
f 3386/1/2929 3387/1/2930 3435/1/2979 3434/1/2978
f 3387/1/2930 3388/1/2931 3436/1/2980 3435/1/2979
f 3388/1/2931 3389/1/2932 3437/1/2981 3436/1/2980
usemtl lens_05
f 3389/1/2932 3390/1/2933 3438/1/2982 3437/1/2981
f 3390/1/2933 3391/1/2934 3439/1/2983 3438/1/2982
f 3391/1/2934 3392/1/2935 3440/1/2984 3439/1/2983
f 3392/1/2935 3393/1/2936 3441/1/2985 3440/1/2984
f 3393/1/2936 3394/1/2937 3442/1/2986 3441/1/2985
f 3394/1/2937 3395/1/2938 3443/1/2987 3442/1/2986
f 3395/1/2938 3396/1/2939 3444/1/2988 3443/1/2987
f 3396/1/2939 3397/1/2940 3445/1/2989 3444/1/2988
f 3397/1/2940 3398/1/2941 3446/1/2990 3445/1/2989
f 3398/1/2941 3399/1/2942 3447/1/2991 3446/1/2990
f 3399/1/2942 3400/1/2943 3448/1/2992 3447/1/2991
f 3400/1/2943 3401/1/2944 3449/1/2993 3448/1/2992
f 3401/1/2944 3402/1/2945 3450/1/2994 3449/1/2993
f 3402/1/2945 3403/1/2946 3451/1/2995 3450/1/2994
f 3403/1/2946 3357/1/2947 3405/1/2996 3451/1/2995
f 3405/1/2949 3404/1/2948 3452/1/2997 3453/1/2998
f 3404/1/2948 3406/1/2950 3454/1/2999 3452/1/2997
f 3406/1/2950 3407/1/2951 3455/1/3000 3454/1/2999
f 3407/1/2951 3408/1/2952 3456/1/3001 3455/1/3000
f 3408/1/2952 3409/1/2953 3457/1/3002 3456/1/3001
usemtl lens_06
f 3409/1/2953 3410/1/2954 3458/1/3003 3457/1/3002
f 3410/1/2954 3411/1/2955 3459/1/3004 3458/1/3003
f 3411/1/2955 3412/1/2956 3460/1/3005 3459/1/3004
f 3412/1/2956 3413/1/2957 3461/1/3006 3460/1/3005
f 3413/1/2957 3414/1/2958 3462/1/3007 3461/1/3006
f 3414/1/2958 3415/1/2959 3463/1/3008 3462/1/3007
f 3415/1/2959 3416/1/2960 3464/1/3009 3463/1/3008
usemtl lens_07
f 3416/1/2960 3417/1/2961 3465/1/3010 3464/1/3009
f 3417/1/2961 3418/1/2962 3466/1/3011 3465/1/3010
f 3418/1/2962 3419/1/2963 3467/1/3012 3466/1/3011
usemtl lens_08
f 3419/1/2963 3420/1/2964 3468/1/3013 3467/1/3012
f 3420/1/2964 3421/1/2965 3469/1/3014 3468/1/3013
f 3421/1/2965 3422/1/2966 3470/1/3015 3469/1/3014
f 3422/1/2966 3423/1/2967 3471/1/3016 3470/1/3015
f 3423/1/2967 3424/1/2968 3472/1/3017 3471/1/3016
f 3424/1/2968 3425/1/2969 3473/1/3018 3472/1/3017
usemtl lens_07
f 3425/1/2969 3426/1/2970 3474/1/3019 3473/1/3018
f 3426/1/2970 3427/1/2971 3475/1/3020 3474/1/3019
f 3427/1/2971 3428/1/2972 3476/1/3021 3475/1/3020
usemtl lens_06
f 3428/1/2972 3429/1/2973 3477/1/3022 3476/1/3021
f 3429/1/2973 3430/1/2974 3478/1/3023 3477/1/3022
f 3430/1/2974 3431/1/2975 3479/1/3024 3478/1/3023
f 3431/1/2975 3432/1/2976 3480/1/3025 3479/1/3024
f 3432/1/2976 3433/1/2977 3481/1/3026 3480/1/3025
f 3433/1/2977 3434/1/2978 3482/1/3027 3481/1/3026
f 3434/1/2978 3435/1/2979 3483/1/3028 3482/1/3027
usemtl lens_05
f 3435/1/2979 3436/1/2980 3484/1/3029 3483/1/3028
f 3436/1/2980 3437/1/2981 3485/1/3030 3484/1/3029
f 3437/1/2981 3438/1/2982 3486/1/3031 3485/1/3030
f 3438/1/2982 3439/1/2983 3487/1/3032 3486/1/3031
f 3439/1/2983 3440/1/2984 3488/1/3033 3487/1/3032
f 3440/1/2984 3441/1/2985 3489/1/3034 3488/1/3033
f 3441/1/2985 3442/1/2986 3490/1/3035 3489/1/3034
f 3442/1/2986 3443/1/2987 3491/1/3036 3490/1/3035
f 3443/1/2987 3444/1/2988 3492/1/3037 3491/1/3036
f 3444/1/2988 3445/1/2989 3493/1/3038 3492/1/3037
f 3445/1/2989 3446/1/2990 3494/1/3039 3493/1/3038
f 3446/1/2990 3447/1/2991 3495/1/3040 3494/1/3039
f 3447/1/2991 3448/1/2992 3496/1/3041 3495/1/3040
f 3448/1/2992 3449/1/2993 3497/1/3042 3496/1/3041
f 3449/1/2993 3450/1/2994 3498/1/3043 3497/1/3042
f 3450/1/2994 3451/1/2995 3499/1/3044 3498/1/3043
f 3451/1/2995 3405/1/2996 3453/1/3045 3499/1/3044
f 3453/1/2998 3452/1/2997 3500/1/3046 3501/1/3047
f 3452/1/2997 3454/1/2999 3502/1/3048 3500/1/3046
f 3454/1/2999 3455/1/3000 3503/1/3049 3502/1/3048
f 3455/1/3000 3456/1/3001 3504/1/3050 3503/1/3049
f 3456/1/3001 3457/1/3002 3505/1/3051 3504/1/3050
f 3457/1/3002 3458/1/3003 3506/1/3052 3505/1/3051
f 3458/1/3003 3459/1/3004 3507/1/3053 3506/1/3052
usemtl lens_06
f 3459/1/3004 3460/1/3005 3508/1/3054 3507/1/3053
f 3460/1/3005 3461/1/3006 3509/1/3055 3508/1/3054
f 3461/1/3006 3462/1/3007 3510/1/3056 3509/1/3055
f 3462/1/3007 3463/1/3008 3511/1/3057 3510/1/3056
f 3463/1/3008 3464/1/3009 3512/1/3058 3511/1/3057
usemtl lens_07
f 3464/1/3009 3465/1/3010 3513/1/3059 3512/1/3058
usemtl lens_08
f 3465/1/3010 3466/1/3011 3514/1/3060 3513/1/3059
usemtl lens_09
f 3466/1/3011 3467/1/3012 3515/1/3061 3514/1/3060
usemtl lens_10
f 3467/1/3012 3468/1/3013 3516/1/3062 3515/1/3061
usemtl lens_11
f 3468/1/3013 3469/1/3014 3517/1/3063 3516/1/3062
f 3469/1/3014 3470/1/3015 3518/1/3064 3517/1/3063
f 3470/1/3015 3471/1/3016 3519/1/3065 3518/1/3064
f 3471/1/3016 3472/1/3017 3520/1/3066 3519/1/3065
usemtl lens_10
f 3472/1/3017 3473/1/3018 3521/1/3067 3520/1/3066
usemtl lens_09
f 3473/1/3018 3474/1/3019 3522/1/3068 3521/1/3067
usemtl lens_08
f 3474/1/3019 3475/1/3020 3523/1/3069 3522/1/3068
usemtl lens_07
f 3475/1/3020 3476/1/3021 3524/1/3070 3523/1/3069
usemtl lens_06
f 3476/1/3021 3477/1/3022 3525/1/3071 3524/1/3070
f 3477/1/3022 3478/1/3023 3526/1/3072 3525/1/3071
f 3478/1/3023 3479/1/3024 3527/1/3073 3526/1/3072
f 3479/1/3024 3480/1/3025 3528/1/3074 3527/1/3073
f 3480/1/3025 3481/1/3026 3529/1/3075 3528/1/3074
usemtl lens_05
f 3481/1/3026 3482/1/3027 3530/1/3076 3529/1/3075
f 3482/1/3027 3483/1/3028 3531/1/3077 3530/1/3076
f 3483/1/3028 3484/1/3029 3532/1/3078 3531/1/3077
f 3484/1/3029 3485/1/3030 3533/1/3079 3532/1/3078
f 3485/1/3030 3486/1/3031 3534/1/3080 3533/1/3079
f 3486/1/3031 3487/1/3032 3535/1/3081 3534/1/3080
f 3487/1/3032 3488/1/3033 3536/1/3082 3535/1/3081
f 3488/1/3033 3489/1/3034 3537/1/3083 3536/1/3082
f 3489/1/3034 3490/1/3035 3538/1/3084 3537/1/3083
f 3490/1/3035 3491/1/3036 3539/1/3085 3538/1/3084
f 3491/1/3036 3492/1/3037 3540/1/3086 3539/1/3085
f 3492/1/3037 3493/1/3038 3541/1/3087 3540/1/3086
f 3493/1/3038 3494/1/3039 3542/1/3088 3541/1/3087
f 3494/1/3039 3495/1/3040 3543/1/3089 3542/1/3088
f 3495/1/3040 3496/1/3041 3544/1/3090 3543/1/3089
f 3496/1/3041 3497/1/3042 3545/1/3091 3544/1/3090
f 3497/1/3042 3498/1/3043 3546/1/3092 3545/1/3091
f 3498/1/3043 3499/1/3044 3547/1/3093 3546/1/3092
f 3499/1/3044 3453/1/3045 3501/1/3094 3547/1/3093
f 3501/1/3047 3500/1/3046 3548/1/3095 3549/1/3096
f 3500/1/3046 3502/1/3048 3550/1/3097 3548/1/3095
f 3502/1/3048 3503/1/3049 3551/1/3098 3550/1/3097
f 3503/1/3049 3504/1/3050 3552/1/3099 3551/1/3098
f 3504/1/3050 3505/1/3051 3553/1/3100 3552/1/3099
f 3505/1/3051 3506/1/3052 3554/1/3101 3553/1/3100
f 3506/1/3052 3507/1/3053 3555/1/3102 3554/1/3101
f 3507/1/3053 3508/1/3054 3556/1/3103 3555/1/3102
usemtl lens_06
f 3508/1/3054 3509/1/3055 3557/1/3104 3556/1/3103
f 3509/1/3055 3510/1/3056 3558/1/3105 3557/1/3104
f 3510/1/3056 3511/1/3057 3559/1/3106 3558/1/3105
f 3511/1/3057 3512/1/3058 3560/1/3107 3559/1/3106
usemtl lens_07
f 3512/1/3058 3513/1/3059 3561/1/3108 3560/1/3107
usemtl lens_08
f 3513/1/3059 3514/1/3060 3562/1/3109 3561/1/3108
usemtl lens_10
f 3514/1/3060 3515/1/3061 3563/1/3110 3562/1/3109
usemtl lens_11
f 3515/1/3061 3516/1/3062 3564/1/3111 3563/1/3110
usemtl lens_13
f 3516/1/3062 3517/1/3063 3565/1/3112 3564/1/3111
usemtl lens_14
f 3517/1/3063 3518/1/3064 3566/1/3113 3565/1/3112
f 3518/1/3064 3519/1/3065 3567/1/3114 3566/1/3113
usemtl lens_13
f 3519/1/3065 3520/1/3066 3568/1/3115 3567/1/3114
usemtl lens_11
f 3520/1/3066 3521/1/3067 3569/1/3116 3568/1/3115
usemtl lens_10
f 3521/1/3067 3522/1/3068 3570/1/3117 3569/1/3116
usemtl lens_08
f 3522/1/3068 3523/1/3069 3571/1/3118 3570/1/3117
usemtl lens_07
f 3523/1/3069 3524/1/3070 3572/1/3119 3571/1/3118
usemtl lens_06
f 3524/1/3070 3525/1/3071 3573/1/3120 3572/1/3119
f 3525/1/3071 3526/1/3072 3574/1/3121 3573/1/3120
f 3526/1/3072 3527/1/3073 3575/1/3122 3574/1/3121
f 3527/1/3073 3528/1/3074 3576/1/3123 3575/1/3122
usemtl lens_05
f 3528/1/3074 3529/1/3075 3577/1/3124 3576/1/3123
f 3529/1/3075 3530/1/3076 3578/1/3125 3577/1/3124
f 3530/1/3076 3531/1/3077 3579/1/3126 3578/1/3125
f 3531/1/3077 3532/1/3078 3580/1/3127 3579/1/3126
f 3532/1/3078 3533/1/3079 3581/1/3128 3580/1/3127
f 3533/1/3079 3534/1/3080 3582/1/3129 3581/1/3128
f 3534/1/3080 3535/1/3081 3583/1/3130 3582/1/3129
f 3535/1/3081 3536/1/3082 3584/1/3131 3583/1/3130
f 3536/1/3082 3537/1/3083 3585/1/3132 3584/1/3131
f 3537/1/3083 3538/1/3084 3586/1/3133 3585/1/3132
f 3538/1/3084 3539/1/3085 3587/1/3134 3586/1/3133
f 3539/1/3085 3540/1/3086 3588/1/3135 3587/1/3134
f 3540/1/3086 3541/1/3087 3589/1/3136 3588/1/3135
f 3541/1/3087 3542/1/3088 3590/1/3137 3589/1/3136
f 3542/1/3088 3543/1/3089 3591/1/3138 3590/1/3137
f 3543/1/3089 3544/1/3090 3592/1/3139 3591/1/3138
f 3544/1/3090 3545/1/3091 3593/1/3140 3592/1/3139
f 3545/1/3091 3546/1/3092 3594/1/3141 3593/1/3140
f 3546/1/3092 3547/1/3093 3595/1/3142 3594/1/3141
f 3547/1/3093 3501/1/3094 3549/1/3143 3595/1/3142
f 3549/1/3096 3548/1/3095 3596/1/3144 3597/1/3145
f 3548/1/3095 3550/1/3097 3598/1/3146 3596/1/3144
f 3550/1/3097 3551/1/3098 3599/1/3147 3598/1/3146
f 3551/1/3098 3552/1/3099 3600/1/3148 3599/1/3147
f 3552/1/3099 3553/1/3100 3601/1/3149 3600/1/3148
f 3553/1/3100 3554/1/3101 3602/1/3150 3601/1/3149
f 3554/1/3101 3555/1/3102 3603/1/3151 3602/1/3150
f 3555/1/3102 3556/1/3103 3604/1/3152 3603/1/3151
f 3556/1/3103 3557/1/3104 3605/1/3153 3604/1/3152
usemtl lens_06
f 3557/1/3104 3558/1/3105 3606/1/3154 3605/1/3153
f 3558/1/3105 3559/1/3106 3607/1/3155 3606/1/3154
f 3559/1/3106 3560/1/3107 3608/1/3156 3607/1/3155
usemtl lens_07
f 3560/1/3107 3561/1/3108 3609/1/3157 3608/1/3156
usemtl lens_08
f 3561/1/3108 3562/1/3109 3610/1/3158 3609/1/3157
usemtl lens_09
f 3562/1/3109 3563/1/3110 3611/1/3159 3610/1/3158
usemtl lens_12
f 3563/1/3110 3564/1/3111 3612/1/3160 3611/1/3159
usemtl lens_14
f 3564/1/3111 3565/1/3112 3613/1/3161 3612/1/3160
usemtl lens_15
f 3565/1/3112 3566/1/3113 3614/1/3162 3613/1/3161
f 3566/1/3113 3567/1/3114 3615/1/3163 3614/1/3162
usemtl lens_14
f 3567/1/3114 3568/1/3115 3616/1/3164 3615/1/3163
usemtl lens_12
f 3568/1/3115 3569/1/3116 3617/1/3165 3616/1/3164
usemtl lens_09
f 3569/1/3116 3570/1/3117 3618/1/3166 3617/1/3165
usemtl lens_08
f 3570/1/3117 3571/1/3118 3619/1/3167 3618/1/3166
usemtl lens_07
f 3571/1/3118 3572/1/3119 3620/1/3168 3619/1/3167
usemtl lens_06
f 3572/1/3119 3573/1/3120 3621/1/3169 3620/1/3168
f 3573/1/3120 3574/1/3121 3622/1/3170 3621/1/3169
f 3574/1/3121 3575/1/3122 3623/1/3171 3622/1/3170
usemtl lens_05
f 3575/1/3122 3576/1/3123 3624/1/3172 3623/1/3171
f 3576/1/3123 3577/1/3124 3625/1/3173 3624/1/3172
f 3577/1/3124 3578/1/3125 3626/1/3174 3625/1/3173
f 3578/1/3125 3579/1/3126 3627/1/3175 3626/1/3174
f 3579/1/3126 3580/1/3127 3628/1/3176 3627/1/3175
f 3580/1/3127 3581/1/3128 3629/1/3177 3628/1/3176
f 3581/1/3128 3582/1/3129 3630/1/3178 3629/1/3177
f 3582/1/3129 3583/1/3130 3631/1/3179 3630/1/3178
f 3583/1/3130 3584/1/3131 3632/1/3180 3631/1/3179
f 3584/1/3131 3585/1/3132 3633/1/3181 3632/1/3180
f 3585/1/3132 3586/1/3133 3634/1/3182 3633/1/3181
f 3586/1/3133 3587/1/3134 3635/1/3183 3634/1/3182
f 3587/1/3134 3588/1/3135 3636/1/3184 3635/1/3183
f 3588/1/3135 3589/1/3136 3637/1/3185 3636/1/3184
f 3589/1/3136 3590/1/3137 3638/1/3186 3637/1/3185
f 3590/1/3137 3591/1/3138 3639/1/3187 3638/1/3186
f 3591/1/3138 3592/1/3139 3640/1/3188 3639/1/3187
f 3592/1/3139 3593/1/3140 3641/1/3189 3640/1/3188
f 3593/1/3140 3594/1/3141 3642/1/3190 3641/1/3189
f 3594/1/3141 3595/1/3142 3643/1/3191 3642/1/3190
f 3595/1/3142 3549/1/3143 3597/1/3192 3643/1/3191
f 3597/1/3145 3596/1/3144 3644/1/3193 3645/1/3194
f 3596/1/3144 3598/1/3146 3646/1/3195 3644/1/3193
f 3598/1/3146 3599/1/3147 3647/1/3196 3646/1/3195
f 3599/1/3147 3600/1/3148 3648/1/3197 3647/1/3196
f 3600/1/3148 3601/1/3149 3649/1/3198 3648/1/3197
f 3601/1/3149 3602/1/3150 3650/1/3199 3649/1/3198
f 3602/1/3150 3603/1/3151 3651/1/3200 3650/1/3199
f 3603/1/3151 3604/1/3152 3652/1/3201 3651/1/3200
f 3604/1/3152 3605/1/3153 3653/1/3202 3652/1/3201
f 3605/1/3153 3606/1/3154 3654/1/3203 3653/1/3202
usemtl lens_06
f 3606/1/3154 3607/1/3155 3655/1/3204 3654/1/3203
f 3607/1/3155 3608/1/3156 3656/1/3205 3655/1/3204
f 3608/1/3156 3609/1/3157 3657/1/3206 3656/1/3205
usemtl lens_07
f 3609/1/3157 3610/1/3158 3658/1/3207 3657/1/3206
usemtl lens_09
f 3610/1/3158 3611/1/3159 3659/1/3208 3658/1/3207
usemtl lens_10
f 3611/1/3159 3612/1/3160 3660/1/3209 3659/1/3208
usemtl lens_12
f 3612/1/3160 3613/1/3161 3661/1/3210 3660/1/3209
usemtl lens_14
f 3613/1/3161 3614/1/3162 3662/1/3211 3661/1/3210
f 3614/1/3162 3615/1/3163 3663/1/3212 3662/1/3211
usemtl lens_12
f 3615/1/3163 3616/1/3164 3664/1/3213 3663/1/3212
usemtl lens_10
f 3616/1/3164 3617/1/3165 3665/1/3214 3664/1/3213
usemtl lens_09
f 3617/1/3165 3618/1/3166 3666/1/3215 3665/1/3214
usemtl lens_07
f 3618/1/3166 3619/1/3167 3667/1/3216 3666/1/3215
usemtl lens_06
f 3619/1/3167 3620/1/3168 3668/1/3217 3667/1/3216
f 3620/1/3168 3621/1/3169 3669/1/3218 3668/1/3217
f 3621/1/3169 3622/1/3170 3670/1/3219 3669/1/3218
usemtl lens_05
f 3622/1/3170 3623/1/3171 3671/1/3220 3670/1/3219
f 3623/1/3171 3624/1/3172 3672/1/3221 3671/1/3220
f 3624/1/3172 3625/1/3173 3673/1/3222 3672/1/3221
f 3625/1/3173 3626/1/3174 3674/1/3223 3673/1/3222
f 3626/1/3174 3627/1/3175 3675/1/3224 3674/1/3223
f 3627/1/3175 3628/1/3176 3676/1/3225 3675/1/3224
f 3628/1/3176 3629/1/3177 3677/1/3226 3676/1/3225
f 3629/1/3177 3630/1/3178 3678/1/3227 3677/1/3226
f 3630/1/3178 3631/1/3179 3679/1/3228 3678/1/3227
f 3631/1/3179 3632/1/3180 3680/1/3229 3679/1/3228
f 3632/1/3180 3633/1/3181 3681/1/3230 3680/1/3229
f 3633/1/3181 3634/1/3182 3682/1/3231 3681/1/3230
f 3634/1/3182 3635/1/3183 3683/1/3232 3682/1/3231
f 3635/1/3183 3636/1/3184 3684/1/3233 3683/1/3232
f 3636/1/3184 3637/1/3185 3685/1/3234 3684/1/3233
f 3637/1/3185 3638/1/3186 3686/1/3235 3685/1/3234
f 3638/1/3186 3639/1/3187 3687/1/3236 3686/1/3235
f 3639/1/3187 3640/1/3188 3688/1/3237 3687/1/3236
f 3640/1/3188 3641/1/3189 3689/1/3238 3688/1/3237
f 3641/1/3189 3642/1/3190 3690/1/3239 3689/1/3238
f 3642/1/3190 3643/1/3191 3691/1/3240 3690/1/3239
f 3643/1/3191 3597/1/3192 3645/1/3241 3691/1/3240
f 3645/1/3194 3644/1/3193 3692/1/3242 3693/1/3243
f 3644/1/3193 3646/1/3195 3694/1/3244 3692/1/3242
f 3646/1/3195 3647/1/3196 3695/1/3245 3694/1/3244
f 3647/1/3196 3648/1/3197 3696/1/3246 3695/1/3245
f 3648/1/3197 3649/1/3198 3697/1/3247 3696/1/3246
f 3649/1/3198 3650/1/3199 3698/1/3248 3697/1/3247
f 3650/1/3199 3651/1/3200 3699/1/3249 3698/1/3248
f 3651/1/3200 3652/1/3201 3700/1/3250 3699/1/3249
f 3652/1/3201 3653/1/3202 3701/1/3251 3700/1/3250
f 3653/1/3202 3654/1/3203 3702/1/3252 3701/1/3251
usemtl lens_06
f 3654/1/3203 3655/1/3204 3703/1/3253 3702/1/3252
f 3655/1/3204 3656/1/3205 3704/1/3254 3703/1/3253
f 3656/1/3205 3657/1/3206 3705/1/3255 3704/1/3254
usemtl lens_07
f 3657/1/3206 3658/1/3207 3706/1/3256 3705/1/3255
usemtl lens_08
f 3658/1/3207 3659/1/3208 3707/1/3257 3706/1/3256
usemtl lens_09
f 3659/1/3208 3660/1/3209 3708/1/3258 3707/1/3257
usemtl lens_11
f 3660/1/3209 3661/1/3210 3709/1/3259 3708/1/3258
usemtl lens_12
f 3661/1/3210 3662/1/3211 3710/1/3260 3709/1/3259
f 3662/1/3211 3663/1/3212 3711/1/3261 3710/1/3260
usemtl lens_11
f 3663/1/3212 3664/1/3213 3712/1/3262 3711/1/3261
usemtl lens_09
f 3664/1/3213 3665/1/3214 3713/1/3263 3712/1/3262
usemtl lens_08
f 3665/1/3214 3666/1/3215 3714/1/3264 3713/1/3263
usemtl lens_07
f 3666/1/3215 3667/1/3216 3715/1/3265 3714/1/3264
usemtl lens_06
f 3667/1/3216 3668/1/3217 3716/1/3266 3715/1/3265
f 3668/1/3217 3669/1/3218 3717/1/3267 3716/1/3266
f 3669/1/3218 3670/1/3219 3718/1/3268 3717/1/3267
usemtl lens_05
f 3670/1/3219 3671/1/3220 3719/1/3269 3718/1/3268
f 3671/1/3220 3672/1/3221 3720/1/3270 3719/1/3269
f 3672/1/3221 3673/1/3222 3721/1/3271 3720/1/3270
f 3673/1/3222 3674/1/3223 3722/1/3272 3721/1/3271
f 3674/1/3223 3675/1/3224 3723/1/3273 3722/1/3272
f 3675/1/3224 3676/1/3225 3724/1/3274 3723/1/3273
f 3676/1/3225 3677/1/3226 3725/1/3275 3724/1/3274
f 3677/1/3226 3678/1/3227 3726/1/3276 3725/1/3275
f 3678/1/3227 3679/1/3228 3727/1/3277 3726/1/3276
f 3679/1/3228 3680/1/3229 3728/1/3278 3727/1/3277
f 3680/1/3229 3681/1/3230 3729/1/3279 3728/1/3278
f 3681/1/3230 3682/1/3231 3730/1/3280 3729/1/3279
usemtl lens_04
f 3682/1/3231 3683/1/3232 3731/1/3281 3730/1/3280
f 3683/1/3232 3684/1/3233 3732/1/3282 3731/1/3281
f 3684/1/3233 3685/1/3234 3733/1/3283 3732/1/3282
f 3685/1/3234 3686/1/3235 3734/1/3284 3733/1/3283
f 3686/1/3235 3687/1/3236 3735/1/3285 3734/1/3284
f 3687/1/3236 3688/1/3237 3736/1/3286 3735/1/3285
f 3688/1/3237 3689/1/3238 3737/1/3287 3736/1/3286
f 3689/1/3238 3690/1/3239 3738/1/3288 3737/1/3287
usemtl lens_05
f 3690/1/3239 3691/1/3240 3739/1/3289 3738/1/3288
f 3691/1/3240 3645/1/3241 3693/1/3290 3739/1/3289
g optic_retainer_tabs
usemtl steel
f 3740/1/3291 3741/1/3291 3742/1/3291
f 3743/1/463 3744/1/463 3745/1/463
f 3746/1/3291 3740/1/3291 3742/1/3291
f 3743/1/463 3745/1/463 3747/1/463
f 3748/1/3291 3746/1/3291 3742/1/3291
f 3743/1/463 3747/1/463 3749/1/463
f 3750/1/3291 3748/1/3291 3742/1/3291
f 3743/1/463 3749/1/463 3751/1/463
f 3752/1/2369 3750/1/2369 3742/1/2369
f 3743/1/466 3751/1/466 3753/1/466
f 3754/1/3291 3752/1/3291 3742/1/3291
f 3743/1/463 3753/1/463 3755/1/463
f 3742/1/3292 3741/1/3292 3744/1/3292 3743/1/3292
f 3741/1/3293 3740/1/3293 3745/1/3293 3744/1/3293
f 3740/1/3294 3746/1/3294 3747/1/3294 3745/1/3294
f 3746/1/3295 3748/1/3295 3749/1/3295 3747/1/3295
f 3748/1/3296 3750/1/3296 3751/1/3296 3749/1/3296
f 3750/1/3297 3752/1/3297 3753/1/3297 3751/1/3297
f 3752/1/3298 3754/1/3298 3755/1/3298 3753/1/3298
f 3754/1/3299 3742/1/3299 3743/1/3299 3755/1/3299
f 3756/1/3291 3757/1/3291 3758/1/3291
f 3759/1/463 3760/1/463 3761/1/463
f 3762/1/3291 3756/1/3291 3758/1/3291
f 3759/1/463 3761/1/463 3763/1/463
f 3764/1/3291 3762/1/3291 3758/1/3291
f 3759/1/463 3763/1/463 3765/1/463
f 3766/1/2369 3764/1/2369 3758/1/2369
f 3759/1/466 3765/1/466 3767/1/466
f 3768/1/3291 3766/1/3291 3758/1/3291
f 3759/1/463 3767/1/463 3769/1/463
f 3770/1/3291 3768/1/3291 3758/1/3291
f 3759/1/463 3769/1/463 3771/1/463
f 3758/1/3293 3757/1/3293 3760/1/3293 3759/1/3293
f 3757/1/3294 3756/1/3294 3761/1/3294 3760/1/3294
f 3756/1/3295 3762/1/3295 3763/1/3295 3761/1/3295
f 3762/1/3296 3764/1/3296 3765/1/3296 3763/1/3296
f 3764/1/3297 3766/1/3297 3767/1/3297 3765/1/3297
f 3766/1/3298 3768/1/3298 3769/1/3298 3767/1/3298
f 3768/1/3299 3770/1/3299 3771/1/3299 3769/1/3299
f 3770/1/3292 3758/1/3292 3759/1/3292 3771/1/3292
f 3772/1/2369 3773/1/2369 3774/1/2369
f 3775/1/466 3776/1/466 3777/1/466
f 3778/1/3291 3772/1/3291 3774/1/3291
f 3775/1/463 3777/1/463 3779/1/463
f 3780/1/3291 3778/1/3291 3774/1/3291
f 3775/1/463 3779/1/463 3781/1/463
f 3782/1/3291 3780/1/3291 3774/1/3291
f 3775/1/463 3781/1/463 3783/1/463
f 3784/1/3291 3782/1/3291 3774/1/3291
f 3775/1/463 3783/1/463 3785/1/463
f 3786/1/3291 3784/1/3291 3774/1/3291
f 3775/1/463 3785/1/463 3787/1/463
f 3774/1/3294 3773/1/3294 3776/1/3294 3775/1/3294
f 3773/1/3295 3772/1/3295 3777/1/3295 3776/1/3295
f 3772/1/3296 3778/1/3296 3779/1/3296 3777/1/3296
f 3778/1/3297 3780/1/3297 3781/1/3297 3779/1/3297
f 3780/1/3298 3782/1/3298 3783/1/3298 3781/1/3298
f 3782/1/3299 3784/1/3299 3785/1/3299 3783/1/3299
f 3784/1/3292 3786/1/3292 3787/1/3292 3785/1/3292
f 3786/1/3293 3774/1/3293 3775/1/3293 3787/1/3293
f 3788/1/3291 3789/1/3291 3790/1/3291
f 3791/1/463 3792/1/463 3793/1/463
f 3794/1/3291 3788/1/3291 3790/1/3291
f 3791/1/463 3793/1/463 3795/1/463
f 3796/1/3291 3794/1/3291 3790/1/3291
f 3791/1/463 3795/1/463 3797/1/463
f 3798/1/3291 3796/1/3291 3790/1/3291
f 3791/1/463 3797/1/463 3799/1/463
f 3800/1/3291 3798/1/3291 3790/1/3291
f 3791/1/463 3799/1/463 3801/1/463
f 3802/1/3291 3800/1/3291 3790/1/3291
f 3791/1/463 3801/1/463 3803/1/463
f 3790/1/3295 3789/1/3295 3792/1/3295 3791/1/3295
f 3789/1/3296 3788/1/3296 3793/1/3296 3792/1/3296
f 3788/1/3297 3794/1/3297 3795/1/3297 3793/1/3297
f 3794/1/3298 3796/1/3298 3797/1/3298 3795/1/3298
f 3796/1/3299 3798/1/3299 3799/1/3299 3797/1/3299
f 3798/1/3292 3800/1/3292 3801/1/3292 3799/1/3292
f 3800/1/3293 3802/1/3293 3803/1/3293 3801/1/3293
f 3802/1/3294 3790/1/3294 3791/1/3294 3803/1/3294
f 3804/1/3291 3805/1/3291 3806/1/3291
f 3807/1/463 3808/1/463 3809/1/463
f 3810/1/3291 3804/1/3291 3806/1/3291
f 3807/1/463 3809/1/463 3811/1/463
f 3812/1/3291 3810/1/3291 3806/1/3291
f 3807/1/463 3811/1/463 3813/1/463
f 3814/1/3291 3812/1/3291 3806/1/3291
f 3807/1/463 3813/1/463 3815/1/463
f 3816/1/3291 3814/1/3291 3806/1/3291
f 3807/1/463 3815/1/463 3817/1/463
f 3818/1/3291 3816/1/3291 3806/1/3291
f 3807/1/463 3817/1/463 3819/1/463
f 3806/1/3296 3805/1/3296 3808/1/3296 3807/1/3296
f 3805/1/3297 3804/1/3297 3809/1/3297 3808/1/3297
f 3804/1/3298 3810/1/3298 3811/1/3298 3809/1/3298
f 3810/1/3299 3812/1/3299 3813/1/3299 3811/1/3299
f 3812/1/3300 3814/1/3300 3815/1/3300 3813/1/3300
f 3814/1/3293 3816/1/3293 3817/1/3293 3815/1/3293
f 3816/1/3294 3818/1/3294 3819/1/3294 3817/1/3294
f 3818/1/3295 3806/1/3295 3807/1/3295 3819/1/3295
f 3820/1/3291 3821/1/3291 3822/1/3291
f 3823/1/463 3824/1/463 3825/1/463
f 3826/1/3291 3820/1/3291 3822/1/3291
f 3823/1/463 3825/1/463 3827/1/463
f 3828/1/3291 3826/1/3291 3822/1/3291
f 3823/1/463 3827/1/463 3829/1/463
f 3830/1/3291 3828/1/3291 3822/1/3291
f 3823/1/463 3829/1/463 3831/1/463
f 3832/1/3291 3830/1/3291 3822/1/3291
f 3823/1/463 3831/1/463 3833/1/463
f 3834/1/2370 3832/1/2370 3822/1/2370
f 3823/1/464 3833/1/464 3835/1/464
f 3822/1/3297 3821/1/3297 3824/1/3297 3823/1/3297
f 3821/1/3298 3820/1/3298 3825/1/3298 3824/1/3298
f 3820/1/3299 3826/1/3299 3827/1/3299 3825/1/3299
f 3826/1/3300 3828/1/3300 3829/1/3300 3827/1/3300
f 3828/1/3293 3830/1/3293 3831/1/3293 3829/1/3293
f 3830/1/3294 3832/1/3294 3833/1/3294 3831/1/3294
f 3832/1/3295 3834/1/3295 3835/1/3295 3833/1/3295
f 3834/1/3296 3822/1/3296 3823/1/3296 3835/1/3296
f 3836/1/3291 3837/1/3291 3838/1/3291
f 3839/1/463 3840/1/463 3841/1/463
f 3842/1/3291 3836/1/3291 3838/1/3291
f 3839/1/463 3841/1/463 3843/1/463
f 3844/1/3291 3842/1/3291 3838/1/3291
f 3839/1/463 3843/1/463 3845/1/463
f 3846/1/2370 3844/1/2370 3838/1/2370
f 3839/1/464 3845/1/464 3847/1/464
f 3848/1/3291 3846/1/3291 3838/1/3291
f 3839/1/463 3847/1/463 3849/1/463
f 3850/1/3291 3848/1/3291 3838/1/3291
f 3839/1/463 3849/1/463 3851/1/463
f 3838/1/3298 3837/1/3298 3840/1/3298 3839/1/3298
f 3837/1/3299 3836/1/3299 3841/1/3299 3840/1/3299
f 3836/1/3292 3842/1/3292 3843/1/3292 3841/1/3292
f 3842/1/3293 3844/1/3293 3845/1/3293 3843/1/3293
f 3844/1/3301 3846/1/3301 3847/1/3301 3845/1/3301
f 3846/1/3295 3848/1/3295 3849/1/3295 3847/1/3295
f 3848/1/3296 3850/1/3296 3851/1/3296 3849/1/3296
f 3850/1/3297 3838/1/3297 3839/1/3297 3851/1/3297
f 3852/1/3291 3853/1/3291 3854/1/3291
f 3855/1/463 3856/1/463 3857/1/463
f 3858/1/3291 3852/1/3291 3854/1/3291
f 3855/1/463 3857/1/463 3859/1/463
f 3860/1/3291 3858/1/3291 3854/1/3291
f 3855/1/463 3859/1/463 3861/1/463
f 3862/1/2370 3860/1/2370 3854/1/2370
f 3855/1/464 3861/1/464 3863/1/464
f 3864/1/3291 3862/1/3291 3854/1/3291
f 3855/1/463 3863/1/463 3865/1/463
f 3866/1/3291 3864/1/3291 3854/1/3291
f 3855/1/463 3865/1/463 3867/1/463
f 3854/1/3299 3853/1/3299 3856/1/3299 3855/1/3299
f 3853/1/3292 3852/1/3292 3857/1/3292 3856/1/3292
f 3852/1/3293 3858/1/3293 3859/1/3293 3857/1/3293
f 3858/1/3301 3860/1/3301 3861/1/3301 3859/1/3301
f 3860/1/3295 3862/1/3295 3863/1/3295 3861/1/3295
f 3862/1/3302 3864/1/3302 3865/1/3302 3863/1/3302
f 3864/1/3297 3866/1/3297 3867/1/3297 3865/1/3297
f 3866/1/3298 3854/1/3298 3855/1/3298 3867/1/3298
g side_sensor_-1
usemtl silver
f 3868/1/3291 3869/1/3291 3870/1/3291
f 3871/1/463 3872/1/463 3873/1/463
f 3874/1/3291 3868/1/3291 3870/1/3291
f 3871/1/463 3873/1/463 3875/1/463
f 3876/1/3291 3874/1/3291 3870/1/3291
f 3871/1/463 3875/1/463 3877/1/463
f 3878/1/3291 3876/1/3291 3870/1/3291
f 3871/1/463 3877/1/463 3879/1/463
f 3880/1/2369 3878/1/2369 3870/1/2369
f 3871/1/466 3879/1/466 3881/1/466
f 3882/1/3291 3880/1/3291 3870/1/3291
f 3871/1/463 3881/1/463 3883/1/463
usemtl graphite
f 3870/1/3292 3869/1/3292 3872/1/3292 3871/1/3292
f 3869/1/3293 3868/1/3293 3873/1/3293 3872/1/3293
f 3868/1/3294 3874/1/3294 3875/1/3294 3873/1/3294
f 3874/1/3295 3876/1/3295 3877/1/3295 3875/1/3295
f 3876/1/3296 3878/1/3296 3879/1/3296 3877/1/3296
f 3878/1/3297 3880/1/3297 3881/1/3297 3879/1/3297
f 3880/1/3298 3882/1/3298 3883/1/3298 3881/1/3298
f 3882/1/3299 3870/1/3299 3871/1/3299 3883/1/3299
usemtl rubber
f 3884/1/3291 3885/1/3291 3886/1/3291
f 3887/1/463 3888/1/463 3889/1/463
f 3890/1/3291 3884/1/3291 3886/1/3291
f 3887/1/463 3889/1/463 3891/1/463
f 3892/1/3291 3890/1/3291 3886/1/3291
f 3887/1/463 3891/1/463 3893/1/463
f 3894/1/3291 3892/1/3291 3886/1/3291
f 3887/1/463 3893/1/463 3895/1/463
f 3896/1/2369 3894/1/2369 3886/1/2369
f 3887/1/466 3895/1/466 3897/1/466
f 3898/1/3291 3896/1/3291 3886/1/3291
f 3887/1/463 3897/1/463 3899/1/463
usemtl steel
f 3886/1/3292 3885/1/3292 3888/1/3292 3887/1/3292
f 3885/1/3293 3884/1/3293 3889/1/3293 3888/1/3293
f 3884/1/3294 3890/1/3294 3891/1/3294 3889/1/3294
f 3890/1/3295 3892/1/3295 3893/1/3295 3891/1/3295
f 3892/1/3296 3894/1/3296 3895/1/3296 3893/1/3296
f 3894/1/3297 3896/1/3297 3897/1/3297 3895/1/3297
f 3896/1/3298 3898/1/3298 3899/1/3298 3897/1/3298
f 3898/1/3299 3886/1/3299 3887/1/3299 3899/1/3299
f 3900/1/2368 3901/1/2368 3902/1/2368 3903/1/2368
f 3901/1/2368 3904/1/2368 3905/1/2368 3902/1/2368
f 3904/1/2368 3906/1/2368 3907/1/2368 3905/1/2368
f 3906/1/2368 3908/1/2368 3909/1/2368 3907/1/2368
f 3908/1/2369 3910/1/2369 3911/1/2369 3909/1/2369
f 3910/1/2369 3912/1/2369 3913/1/2369 3911/1/2369
f 3912/1/2368 3914/1/2368 3915/1/2368 3913/1/2368
f 3914/1/2368 3916/1/2368 3917/1/2368 3915/1/2368
f 3916/1/2370 3918/1/2370 3919/1/2370 3917/1/2370
f 3918/1/2370 3920/1/2370 3921/1/2370 3919/1/2370
f 3920/1/2368 3922/1/2368 3923/1/2368 3921/1/2368
f 3922/1/2368 3924/1/2368 3925/1/2368 3923/1/2368
f 3924/1/2368 3926/1/2368 3927/1/2368 3925/1/2368
f 3926/1/2368 3928/1/2368 3929/1/2368 3927/1/2368
f 3928/1/2368 3930/1/2368 3931/1/2368 3929/1/2368
f 3930/1/2368 3900/1/2368 3903/1/2368 3931/1/2368
f 3903/1/3303 3902/1/3303 3932/1/3303 3933/1/3303
f 3902/1/3304 3905/1/3304 3934/1/3304 3932/1/3304
f 3905/1/3305 3907/1/3305 3935/1/3305 3934/1/3305
f 3907/1/3306 3909/1/3306 3936/1/3306 3935/1/3306
f 3909/1/3307 3911/1/3307 3937/1/3307 3936/1/3307
f 3911/1/3308 3913/1/3308 3938/1/3308 3937/1/3308
f 3913/1/3309 3915/1/3309 3939/1/3309 3938/1/3309
f 3915/1/3310 3917/1/3310 3940/1/3310 3939/1/3310
f 3917/1/3311 3919/1/3311 3941/1/3311 3940/1/3311
f 3919/1/3312 3921/1/3312 3942/1/3312 3941/1/3312
f 3921/1/3313 3923/1/3313 3943/1/3313 3942/1/3313
f 3923/1/3314 3925/1/3314 3944/1/3314 3943/1/3314
f 3925/1/3315 3927/1/3315 3945/1/3315 3944/1/3315
f 3927/1/3316 3929/1/3316 3946/1/3316 3945/1/3316
f 3929/1/3317 3931/1/3317 3947/1/3317 3946/1/3317
f 3931/1/3318 3903/1/3318 3933/1/3318 3947/1/3318
usemtl cyan
f 3948/1/2368 3949/1/2368 3950/1/2368 3951/1/2368
f 3949/1/2368 3952/1/2368 3953/1/2368 3950/1/2368
f 3952/1/2368 3954/1/2368 3955/1/2368 3953/1/2368
f 3954/1/2368 3956/1/2368 3957/1/2368 3955/1/2368
f 3956/1/2369 3958/1/2369 3959/1/2369 3957/1/2369
f 3958/1/2368 3960/1/2368 3961/1/2368 3959/1/2368
f 3960/1/2368 3962/1/2368 3963/1/2368 3961/1/2368
f 3962/1/2368 3964/1/2368 3965/1/2368 3963/1/2368
f 3964/1/2370 3966/1/2370 3967/1/2370 3965/1/2370
f 3966/1/2368 3968/1/2368 3969/1/2368 3967/1/2368
f 3968/1/2368 3970/1/2368 3971/1/2368 3969/1/2368
f 3970/1/2368 3972/1/2368 3973/1/2368 3971/1/2368
f 3972/1/2368 3974/1/2368 3975/1/2368 3973/1/2368
f 3974/1/2368 3976/1/2368 3977/1/2368 3975/1/2368
f 3976/1/2368 3978/1/2368 3979/1/2368 3977/1/2368
f 3978/1/2368 3948/1/2368 3951/1/2368 3979/1/2368
usemtl rubber
f 3980/1/2368 3981/1/2368 3982/1/2368
f 3980/1/2368 3983/1/2368 3981/1/2368
f 3980/1/2368 3984/1/2368 3983/1/2368
f 3980/1/2368 3985/1/2368 3984/1/2368
f 3980/1/2368 3986/1/2368 3985/1/2368
f 3980/1/2368 3987/1/2368 3986/1/2368
f 3980/1/2368 3988/1/2368 3987/1/2368
f 3980/1/2368 3989/1/2368 3988/1/2368
f 3980/1/2369 3990/1/2369 3989/1/2369
f 3980/1/2368 3991/1/2368 3990/1/2368
f 3980/1/2368 3992/1/2368 3991/1/2368
f 3980/1/2370 3993/1/2370 3992/1/2370
f 3980/1/2368 3994/1/2368 3993/1/2368
f 3980/1/2368 3995/1/2368 3994/1/2368
f 3980/1/2368 3996/1/2368 3995/1/2368
f 3980/1/2368 3982/1/2368 3996/1/2368
usemtl steel
f 3997/1/2368 3998/1/2368 3999/1/2368 4000/1/2368
f 3998/1/2368 4001/1/2368 4002/1/2368 3999/1/2368
f 4001/1/2368 4003/1/2368 4004/1/2368 4002/1/2368
f 4003/1/2368 4005/1/2368 4006/1/2368 4004/1/2368
f 4005/1/2369 4007/1/2369 4008/1/2369 4006/1/2369
f 4007/1/2369 4009/1/2369 4010/1/2369 4008/1/2369
f 4009/1/2368 4011/1/2368 4012/1/2368 4010/1/2368
f 4011/1/2368 4013/1/2368 4014/1/2368 4012/1/2368
f 4013/1/2370 4015/1/2370 4016/1/2370 4014/1/2370
f 4015/1/2370 4017/1/2370 4018/1/2370 4016/1/2370
f 4017/1/2368 4019/1/2368 4020/1/2368 4018/1/2368
f 4019/1/2368 4021/1/2368 4022/1/2368 4020/1/2368
f 4021/1/2368 4023/1/2368 4024/1/2368 4022/1/2368
f 4023/1/2368 4025/1/2368 4026/1/2368 4024/1/2368
f 4025/1/2368 4027/1/2368 4028/1/2368 4026/1/2368
f 4027/1/2368 3997/1/2368 4000/1/2368 4028/1/2368
f 4000/1/3303 3999/1/3303 4029/1/3303 4030/1/3303
f 3999/1/3304 4002/1/3304 4031/1/3304 4029/1/3304
f 4002/1/3305 4004/1/3305 4032/1/3305 4031/1/3305
f 4004/1/3306 4006/1/3306 4033/1/3306 4032/1/3306
f 4006/1/3307 4008/1/3307 4034/1/3307 4033/1/3307
f 4008/1/3308 4010/1/3308 4035/1/3308 4034/1/3308
f 4010/1/3309 4012/1/3309 4036/1/3309 4035/1/3309
f 4012/1/3310 4014/1/3310 4037/1/3310 4036/1/3310
f 4014/1/3311 4016/1/3311 4038/1/3311 4037/1/3311
f 4016/1/3312 4018/1/3312 4039/1/3312 4038/1/3312
f 4018/1/3313 4020/1/3313 4040/1/3313 4039/1/3313
f 4020/1/3314 4022/1/3314 4041/1/3314 4040/1/3314
f 4022/1/3315 4024/1/3315 4042/1/3315 4041/1/3315
f 4024/1/3316 4026/1/3316 4043/1/3316 4042/1/3316
f 4026/1/3317 4028/1/3317 4044/1/3317 4043/1/3317
f 4028/1/3318 4000/1/3318 4030/1/3318 4044/1/3318
usemtl cyan
f 4045/1/2368 4046/1/2368 4047/1/2368 4048/1/2368
f 4046/1/2368 4049/1/2368 4050/1/2368 4047/1/2368
f 4049/1/2368 4051/1/2368 4052/1/2368 4050/1/2368
f 4051/1/2368 4053/1/2368 4054/1/2368 4052/1/2368
f 4053/1/2369 4055/1/2369 4056/1/2369 4054/1/2369
f 4055/1/2368 4057/1/2368 4058/1/2368 4056/1/2368
f 4057/1/2368 4059/1/2368 4060/1/2368 4058/1/2368
f 4059/1/2368 4061/1/2368 4062/1/2368 4060/1/2368
f 4061/1/2370 4063/1/2370 4064/1/2370 4062/1/2370
f 4063/1/2368 4065/1/2368 4066/1/2368 4064/1/2368
f 4065/1/2368 4067/1/2368 4068/1/2368 4066/1/2368
f 4067/1/2368 4069/1/2368 4070/1/2368 4068/1/2368
f 4069/1/2368 4071/1/2368 4072/1/2368 4070/1/2368
f 4071/1/2368 4073/1/2368 4074/1/2368 4072/1/2368
f 4073/1/2368 4075/1/2368 4076/1/2368 4074/1/2368
f 4075/1/2368 4045/1/2368 4048/1/2368 4076/1/2368
usemtl rubber
f 4077/1/2368 4078/1/2368 4079/1/2368
f 4077/1/2368 4080/1/2368 4078/1/2368
f 4077/1/2368 4081/1/2368 4080/1/2368
f 4077/1/2368 4082/1/2368 4081/1/2368
f 4077/1/2368 4083/1/2368 4082/1/2368
f 4077/1/2368 4084/1/2368 4083/1/2368
f 4077/1/2368 4085/1/2368 4084/1/2368
f 4077/1/2368 4086/1/2368 4085/1/2368
f 4077/1/2369 4087/1/2369 4086/1/2369
f 4077/1/2368 4088/1/2368 4087/1/2368
f 4077/1/2368 4089/1/2368 4088/1/2368
f 4077/1/2370 4090/1/2370 4089/1/2370
f 4077/1/2368 4091/1/2368 4090/1/2368
f 4077/1/2368 4092/1/2368 4091/1/2368
f 4077/1/2368 4093/1/2368 4092/1/2368
f 4077/1/2368 4079/1/2368 4093/1/2368
g side_sensor_1
usemtl silver
f 4094/1/3291 4095/1/3291 4096/1/3291
f 4097/1/463 4098/1/463 4099/1/463
f 4100/1/3291 4094/1/3291 4096/1/3291
f 4097/1/463 4099/1/463 4101/1/463
f 4102/1/3291 4100/1/3291 4096/1/3291
f 4097/1/463 4101/1/463 4103/1/463
f 4104/1/3291 4102/1/3291 4096/1/3291
f 4097/1/463 4103/1/463 4105/1/463
f 4106/1/2369 4104/1/2369 4096/1/2369
f 4097/1/466 4105/1/466 4107/1/466
f 4108/1/3291 4106/1/3291 4096/1/3291
f 4097/1/463 4107/1/463 4109/1/463
usemtl graphite
f 4096/1/3292 4095/1/3292 4098/1/3292 4097/1/3292
f 4095/1/3293 4094/1/3293 4099/1/3293 4098/1/3293
f 4094/1/3294 4100/1/3294 4101/1/3294 4099/1/3294
f 4100/1/3295 4102/1/3295 4103/1/3295 4101/1/3295
f 4102/1/3296 4104/1/3296 4105/1/3296 4103/1/3296
f 4104/1/3297 4106/1/3297 4107/1/3297 4105/1/3297
f 4106/1/3298 4108/1/3298 4109/1/3298 4107/1/3298
f 4108/1/3299 4096/1/3299 4097/1/3299 4109/1/3299
usemtl rubber
f 4110/1/3291 4111/1/3291 4112/1/3291
f 4113/1/463 4114/1/463 4115/1/463
f 4116/1/3291 4110/1/3291 4112/1/3291
f 4113/1/463 4115/1/463 4117/1/463
f 4118/1/3291 4116/1/3291 4112/1/3291
f 4113/1/463 4117/1/463 4119/1/463
f 4120/1/3291 4118/1/3291 4112/1/3291
f 4113/1/463 4119/1/463 4121/1/463
f 4122/1/2369 4120/1/2369 4112/1/2369
f 4113/1/466 4121/1/466 4123/1/466
f 4124/1/3291 4122/1/3291 4112/1/3291
f 4113/1/463 4123/1/463 4125/1/463
usemtl steel
f 4112/1/3292 4111/1/3292 4114/1/3292 4113/1/3292
f 4111/1/3293 4110/1/3293 4115/1/3293 4114/1/3293
f 4110/1/3294 4116/1/3294 4117/1/3294 4115/1/3294
f 4116/1/3295 4118/1/3295 4119/1/3295 4117/1/3295
f 4118/1/3296 4120/1/3296 4121/1/3296 4119/1/3296
f 4120/1/3297 4122/1/3297 4123/1/3297 4121/1/3297
f 4122/1/3298 4124/1/3298 4125/1/3298 4123/1/3298
f 4124/1/3299 4112/1/3299 4113/1/3299 4125/1/3299
f 4126/1/2368 4127/1/2368 4128/1/2368 4129/1/2368
f 4127/1/2368 4130/1/2368 4131/1/2368 4128/1/2368
f 4130/1/2368 4132/1/2368 4133/1/2368 4131/1/2368
f 4132/1/2368 4134/1/2368 4135/1/2368 4133/1/2368
f 4134/1/2369 4136/1/2369 4137/1/2369 4135/1/2369
f 4136/1/2369 4138/1/2369 4139/1/2369 4137/1/2369
f 4138/1/2368 4140/1/2368 4141/1/2368 4139/1/2368
f 4140/1/2368 4142/1/2368 4143/1/2368 4141/1/2368
f 4142/1/2370 4144/1/2370 4145/1/2370 4143/1/2370
f 4144/1/2370 4146/1/2370 4147/1/2370 4145/1/2370
f 4146/1/2368 4148/1/2368 4149/1/2368 4147/1/2368
f 4148/1/2368 4150/1/2368 4151/1/2368 4149/1/2368
f 4150/1/2368 4152/1/2368 4153/1/2368 4151/1/2368
f 4152/1/2368 4154/1/2368 4155/1/2368 4153/1/2368
f 4154/1/2368 4156/1/2368 4157/1/2368 4155/1/2368
f 4156/1/2368 4126/1/2368 4129/1/2368 4157/1/2368
f 4129/1/3303 4128/1/3303 4158/1/3303 4159/1/3303
f 4128/1/3304 4131/1/3304 4160/1/3304 4158/1/3304
f 4131/1/3305 4133/1/3305 4161/1/3305 4160/1/3305
f 4133/1/3306 4135/1/3306 4162/1/3306 4161/1/3306
f 4135/1/3307 4137/1/3307 4163/1/3307 4162/1/3307
f 4137/1/3308 4139/1/3308 4164/1/3308 4163/1/3308
f 4139/1/3309 4141/1/3309 4165/1/3309 4164/1/3309
f 4141/1/3310 4143/1/3310 4166/1/3310 4165/1/3310
f 4143/1/3311 4145/1/3311 4167/1/3311 4166/1/3311
f 4145/1/3312 4147/1/3312 4168/1/3312 4167/1/3312
f 4147/1/3313 4149/1/3313 4169/1/3313 4168/1/3313
f 4149/1/3314 4151/1/3314 4170/1/3314 4169/1/3314
f 4151/1/3315 4153/1/3315 4171/1/3315 4170/1/3315
f 4153/1/3316 4155/1/3316 4172/1/3316 4171/1/3316
f 4155/1/3317 4157/1/3317 4173/1/3317 4172/1/3317
f 4157/1/3318 4129/1/3318 4159/1/3318 4173/1/3318
usemtl cyan
f 4174/1/2368 4175/1/2368 4176/1/2368 4177/1/2368
f 4175/1/2368 4178/1/2368 4179/1/2368 4176/1/2368
f 4178/1/2368 4180/1/2368 4181/1/2368 4179/1/2368
f 4180/1/2368 4182/1/2368 4183/1/2368 4181/1/2368
f 4182/1/2369 4184/1/2369 4185/1/2369 4183/1/2369
f 4184/1/2368 4186/1/2368 4187/1/2368 4185/1/2368
f 4186/1/2368 4188/1/2368 4189/1/2368 4187/1/2368
f 4188/1/2368 4190/1/2368 4191/1/2368 4189/1/2368
f 4190/1/2370 4192/1/2370 4193/1/2370 4191/1/2370
f 4192/1/2368 4194/1/2368 4195/1/2368 4193/1/2368
f 4194/1/2368 4196/1/2368 4197/1/2368 4195/1/2368
f 4196/1/2368 4198/1/2368 4199/1/2368 4197/1/2368
f 4198/1/2368 4200/1/2368 4201/1/2368 4199/1/2368
f 4200/1/2368 4202/1/2368 4203/1/2368 4201/1/2368
f 4202/1/2368 4204/1/2368 4205/1/2368 4203/1/2368
f 4204/1/2368 4174/1/2368 4177/1/2368 4205/1/2368
usemtl rubber
f 4206/1/2368 4207/1/2368 4208/1/2368
f 4206/1/2368 4209/1/2368 4207/1/2368
f 4206/1/2368 4210/1/2368 4209/1/2368
f 4206/1/2368 4211/1/2368 4210/1/2368
f 4206/1/2368 4212/1/2368 4211/1/2368
f 4206/1/2368 4213/1/2368 4212/1/2368
f 4206/1/2368 4214/1/2368 4213/1/2368
f 4206/1/2368 4215/1/2368 4214/1/2368
f 4206/1/2369 4216/1/2369 4215/1/2369
f 4206/1/2368 4217/1/2368 4216/1/2368
f 4206/1/2368 4218/1/2368 4217/1/2368
f 4206/1/2370 4219/1/2370 4218/1/2370
f 4206/1/2368 4220/1/2368 4219/1/2368
f 4206/1/2368 4221/1/2368 4220/1/2368
f 4206/1/2368 4222/1/2368 4221/1/2368
f 4206/1/2368 4208/1/2368 4222/1/2368
usemtl steel
f 4223/1/2368 4224/1/2368 4225/1/2368 4226/1/2368
f 4224/1/2368 4227/1/2368 4228/1/2368 4225/1/2368
f 4227/1/2368 4229/1/2368 4230/1/2368 4228/1/2368
f 4229/1/2368 4231/1/2368 4232/1/2368 4230/1/2368
f 4231/1/2369 4233/1/2369 4234/1/2369 4232/1/2369
f 4233/1/2369 4235/1/2369 4236/1/2369 4234/1/2369
f 4235/1/2368 4237/1/2368 4238/1/2368 4236/1/2368
f 4237/1/2368 4239/1/2368 4240/1/2368 4238/1/2368
f 4239/1/2370 4241/1/2370 4242/1/2370 4240/1/2370
f 4241/1/2370 4243/1/2370 4244/1/2370 4242/1/2370
f 4243/1/2368 4245/1/2368 4246/1/2368 4244/1/2368
f 4245/1/2368 4247/1/2368 4248/1/2368 4246/1/2368
f 4247/1/2368 4249/1/2368 4250/1/2368 4248/1/2368
f 4249/1/2368 4251/1/2368 4252/1/2368 4250/1/2368
f 4251/1/2368 4253/1/2368 4254/1/2368 4252/1/2368
f 4253/1/2368 4223/1/2368 4226/1/2368 4254/1/2368
f 4226/1/3303 4225/1/3303 4255/1/3303 4256/1/3303
f 4225/1/3304 4228/1/3304 4257/1/3304 4255/1/3304
f 4228/1/3305 4230/1/3305 4258/1/3305 4257/1/3305
f 4230/1/3306 4232/1/3306 4259/1/3306 4258/1/3306
f 4232/1/3307 4234/1/3307 4260/1/3307 4259/1/3307
f 4234/1/3308 4236/1/3308 4261/1/3308 4260/1/3308
f 4236/1/3309 4238/1/3309 4262/1/3309 4261/1/3309
f 4238/1/3310 4240/1/3310 4263/1/3310 4262/1/3310
f 4240/1/3311 4242/1/3311 4264/1/3311 4263/1/3311
f 4242/1/3312 4244/1/3312 4265/1/3312 4264/1/3312
f 4244/1/3313 4246/1/3313 4266/1/3313 4265/1/3313
f 4246/1/3314 4248/1/3314 4267/1/3314 4266/1/3314
f 4248/1/3315 4250/1/3315 4268/1/3315 4267/1/3315
f 4250/1/3316 4252/1/3316 4269/1/3316 4268/1/3316
f 4252/1/3317 4254/1/3317 4270/1/3317 4269/1/3317
f 4254/1/3318 4226/1/3318 4256/1/3318 4270/1/3318
usemtl cyan
f 4271/1/2368 4272/1/2368 4273/1/2368 4274/1/2368
f 4272/1/2368 4275/1/2368 4276/1/2368 4273/1/2368
f 4275/1/2368 4277/1/2368 4278/1/2368 4276/1/2368
f 4277/1/2368 4279/1/2368 4280/1/2368 4278/1/2368
f 4279/1/2369 4281/1/2369 4282/1/2369 4280/1/2369
f 4281/1/2368 4283/1/2368 4284/1/2368 4282/1/2368
f 4283/1/2368 4285/1/2368 4286/1/2368 4284/1/2368
f 4285/1/2368 4287/1/2368 4288/1/2368 4286/1/2368
f 4287/1/2370 4289/1/2370 4290/1/2370 4288/1/2370
f 4289/1/2368 4291/1/2368 4292/1/2368 4290/1/2368
f 4291/1/2368 4293/1/2368 4294/1/2368 4292/1/2368
f 4293/1/2368 4295/1/2368 4296/1/2368 4294/1/2368
f 4295/1/2368 4297/1/2368 4298/1/2368 4296/1/2368
f 4297/1/2368 4299/1/2368 4300/1/2368 4298/1/2368
f 4299/1/2368 4301/1/2368 4302/1/2368 4300/1/2368
f 4301/1/2368 4271/1/2368 4274/1/2368 4302/1/2368
usemtl rubber
f 4303/1/2368 4304/1/2368 4305/1/2368
f 4303/1/2368 4306/1/2368 4304/1/2368
f 4303/1/2368 4307/1/2368 4306/1/2368
f 4303/1/2368 4308/1/2368 4307/1/2368
f 4303/1/2368 4309/1/2368 4308/1/2368
f 4303/1/2368 4310/1/2368 4309/1/2368
f 4303/1/2368 4311/1/2368 4310/1/2368
f 4303/1/2368 4312/1/2368 4311/1/2368
f 4303/1/2369 4313/1/2369 4312/1/2369
f 4303/1/2368 4314/1/2368 4313/1/2368
f 4303/1/2368 4315/1/2368 4314/1/2368
f 4303/1/2370 4316/1/2370 4315/1/2370
f 4303/1/2368 4317/1/2368 4316/1/2368
f 4303/1/2368 4318/1/2368 4317/1/2368
f 4303/1/2368 4319/1/2368 4318/1/2368
f 4303/1/2368 4305/1/2368 4319/1/2368
g armor_vents
usemtl graphite
f 4320/1/3319 4321/1/3320 4322/1/3321 4323/1/3322
f 4324/1/3323 4325/1/3324 4321/1/3320 4320/1/3319
f 4326/1/3325 4327/1/3326 4325/1/3324 4324/1/3323
f 4328/1/3327 4329/1/3328 4330/1/3329 4331/1/3330
f 4332/1/3331 4333/1/3332 4329/1/3328 4328/1/3327
f 4334/1/3333 4335/1/3334 4333/1/3332 4332/1/3331
f 4336/1/3335 4337/1/3336 4338/1/3337 4339/1/3338
f 4340/1/3339 4341/1/3340 4337/1/3336 4336/1/3335
f 4342/1/3341 4343/1/3342 4341/1/3340 4340/1/3339
f 4344/1/3343 4345/1/3344 4346/1/3345 4347/1/3346
f 4348/1/3347 4349/1/3348 4345/1/3344 4344/1/3343
f 4350/1/3349 4351/1/3350 4349/1/3348 4348/1/3347
f 4352/1/3351 4353/1/3352 4354/1/3353 4355/1/3354
f 4356/1/3355 4357/1/3356 4353/1/3352 4352/1/3351
f 4358/1/3357 4359/1/3358 4357/1/3356 4356/1/3355
f 4360/1/3359 4361/1/3360 4362/1/3361 4363/1/3362
f 4364/1/3363 4365/1/3364 4361/1/3360 4360/1/3359
f 4366/1/3365 4367/1/3366 4365/1/3364 4364/1/3363
f 4368/1/3367 4369/1/3368 4370/1/3369 4371/1/3370
f 4372/1/3371 4373/1/3372 4369/1/3368 4368/1/3367
f 4374/1/3373 4375/1/3374 4373/1/3372 4372/1/3371
f 4376/1/3375 4377/1/3376 4378/1/3377 4379/1/3378
f 4380/1/3379 4381/1/3380 4377/1/3376 4376/1/3375
f 4382/1/3381 4383/1/3382 4381/1/3380 4380/1/3379
f 4384/1/3383 4385/1/3384 4386/1/3385 4387/1/3386
f 4388/1/3387 4389/1/3388 4385/1/3384 4384/1/3383
f 4390/1/3389 4391/1/3390 4389/1/3388 4388/1/3387
f 4392/1/3391 4393/1/3392 4394/1/3393 4395/1/3394
f 4396/1/3395 4397/1/3396 4393/1/3392 4392/1/3391
f 4398/1/3397 4399/1/3398 4397/1/3396 4396/1/3395
f 4400/1/3399 4401/1/3400 4402/1/3401 4403/1/3402
f 4404/1/3403 4405/1/3404 4401/1/3400 4400/1/3399
f 4406/1/3405 4407/1/3406 4405/1/3404 4404/1/3403
f 4408/1/3407 4409/1/3408 4410/1/3409 4411/1/3410
f 4412/1/3411 4413/1/3412 4409/1/3408 4408/1/3407
f 4414/1/3413 4415/1/3414 4413/1/3412 4412/1/3411
g armor_fasteners
f 4416/1/3415 4417/1/3416 4418/1/3417 4419/1/3418
f 4420/1/3419 4421/1/3420 4422/1/3421 4423/1/3422
f 4424/1/3423 4425/1/3424 4426/1/3425 4427/1/3426
f 4428/1/3427 4429/1/3428 4430/1/3429 4431/1/3430
f 4432/1/3431 4433/1/3432 4434/1/3433 4435/1/3434
f 4436/1/3435 4437/1/3436 4438/1/3437 4439/1/3438
f 4440/1/3439 4441/1/3440 4442/1/3441 4443/1/3442
f 4444/1/3443 4445/1/3444 4446/1/3445 4447/1/3446
