# Relics-P04; model coordinates in block units; front faces -Z
mtllib twins_shield.mtl
v 0.5416250 0.5111534 0.3391733
v 0.5430934 0.5000000 0.3391733
v 0.5000000 0.5000000 0.3335000
v 0.5373200 0.5215467 0.3391733
v 0.5304716 0.5304716 0.3391733
v 0.5215467 0.5373200 0.3391733
v 0.5111534 0.5416250 0.3391733
v 0.5000000 0.5430934 0.3391733
v 0.4888466 0.5416250 0.3391733
v 0.4784533 0.5373200 0.3391733
v 0.4695284 0.5304716 0.3391733
v 0.4626800 0.5215467 0.3391733
v 0.4583750 0.5111534 0.3391733
v 0.4569066 0.5000000 0.3391733
v 0.4583750 0.4888466 0.3391733
v 0.4626800 0.4784533 0.3391733
v 0.4695284 0.4695284 0.3391733
v 0.4784533 0.4626800 0.3391733
v 0.4888466 0.4583750 0.3391733
v 0.5000000 0.4569066 0.3391733
v 0.5111534 0.4583750 0.3391733
v 0.5215467 0.4626800 0.3391733
v 0.5304716 0.4695284 0.3391733
v 0.5373200 0.4784533 0.3391733
v 0.5416250 0.4888466 0.3391733
v 0.5804133 0.5215467 0.3558068
v 0.5832500 0.5000000 0.3558068
v 0.5720966 0.5416250 0.3558068
v 0.5588666 0.5588666 0.3558068
v 0.5416250 0.5720966 0.3558068
v 0.5215467 0.5804133 0.3558068
v 0.5000000 0.5832500 0.3558068
v 0.4784533 0.5804133 0.3558068
v 0.4583750 0.5720966 0.3558068
v 0.4411334 0.5588666 0.3558068
v 0.4279034 0.5416250 0.3558068
v 0.4195867 0.5215467 0.3558068
v 0.4167500 0.5000000 0.3558068
v 0.4195867 0.4784533 0.3558068
v 0.4279034 0.4583750 0.3558068
v 0.4411334 0.4411334 0.3558068
v 0.4583750 0.4279034 0.3558068
v 0.4784533 0.4195867 0.3558068
v 0.5000000 0.4167500 0.3558068
v 0.5215467 0.4195867 0.3558068
v 0.5416250 0.4279034 0.3558068
v 0.5588666 0.4411334 0.3558068
v 0.5720966 0.4583750 0.3558068
v 0.5804133 0.4784533 0.3558068
v 0.6137216 0.5304716 0.3822667
v 0.6177333 0.5000000 0.3822667
v 0.6019600 0.5588666 0.3822667
v 0.5832500 0.5832500 0.3822667
v 0.5588666 0.6019600 0.3822667
v 0.5304716 0.6137216 0.3822667
v 0.5000000 0.6177333 0.3822667
v 0.4695284 0.6137216 0.3822667
v 0.4411334 0.6019600 0.3822667
v 0.4167500 0.5832500 0.3822667
v 0.3980400 0.5588666 0.3822667
v 0.3862784 0.5304716 0.3822667
v 0.3822667 0.5000000 0.3822667
v 0.3862784 0.4695284 0.3822667
v 0.3980400 0.4411334 0.3822667
v 0.4167500 0.4167500 0.3822667
v 0.4411334 0.3980400 0.3822667
v 0.4695284 0.3862784 0.3822667
v 0.5000000 0.3822667 0.3822667
v 0.5304716 0.3862784 0.3822667
v 0.5588666 0.3980400 0.3822667
v 0.5832500 0.4167500 0.3822667
v 0.6019600 0.4411334 0.3822667
v 0.6137216 0.4695284 0.3822667
v 0.6392800 0.5373200 0.4167500
v 0.6441932 0.5000000 0.4167500
v 0.6248750 0.5720966 0.4167500
v 0.6019600 0.6019600 0.4167500
v 0.5720966 0.6248750 0.4167500
v 0.5373200 0.6392800 0.4167500
v 0.5000000 0.6441932 0.4167500
v 0.4626800 0.6392800 0.4167500
v 0.4279034 0.6248750 0.4167500
v 0.3980400 0.6019600 0.4167500
v 0.3751250 0.5720966 0.4167500
v 0.3607200 0.5373200 0.4167500
v 0.3558068 0.5000000 0.4167500
v 0.3607200 0.4626800 0.4167500
v 0.3751250 0.4279034 0.4167500
v 0.3980400 0.3980400 0.4167500
v 0.4279034 0.3751250 0.4167500
v 0.4626800 0.3607200 0.4167500
v 0.5000000 0.3558068 0.4167500
v 0.5373200 0.3607200 0.4167500
v 0.5720966 0.3751250 0.4167500
v 0.6019600 0.3980400 0.4167500
v 0.6248750 0.4279034 0.4167500
v 0.6392800 0.4626800 0.4167500
v 0.6553466 0.5416250 0.4569066
v 0.6608267 0.5000000 0.4569066
v 0.6392800 0.5804133 0.4569066
v 0.6137216 0.6137216 0.4569066
v 0.5804133 0.6392800 0.4569066
v 0.5416250 0.6553466 0.4569066
v 0.5000000 0.6608267 0.4569066
v 0.4583750 0.6553466 0.4569066
v 0.4195867 0.6392800 0.4569066
v 0.3862784 0.6137216 0.4569066
v 0.3607200 0.5804133 0.4569066
v 0.3446534 0.5416250 0.4569066
v 0.3391733 0.5000000 0.4569066
v 0.3446534 0.4583750 0.4569066
v 0.3607200 0.4195867 0.4569066
v 0.3862784 0.3862784 0.4569066
v 0.4195867 0.3607200 0.4569066
v 0.4583750 0.3446534 0.4569066
v 0.5000000 0.3391733 0.4569066
v 0.5416250 0.3446534 0.4569066
v 0.5804133 0.3607200 0.4569066
v 0.6137216 0.3862784 0.4569066
v 0.6392800 0.4195867 0.4569066
v 0.6553466 0.4583750 0.4569066
v 0.6608267 0.5430934 0.5000000
v 0.6665000 0.5000000 0.5000000
v 0.6441932 0.5832500 0.5000000
v 0.6177333 0.6177333 0.5000000
v 0.5832500 0.6441932 0.5000000
v 0.5430934 0.6608267 0.5000000
v 0.5000000 0.6665000 0.5000000
v 0.4569066 0.6608267 0.5000000
v 0.4167500 0.6441932 0.5000000
v 0.3822667 0.6177333 0.5000000
v 0.3558068 0.5832500 0.5000000
v 0.3391733 0.5430934 0.5000000
v 0.3335000 0.5000000 0.5000000
v 0.3391733 0.4569066 0.5000000
v 0.3558068 0.4167500 0.5000000
v 0.3822667 0.3822667 0.5000000
v 0.4167500 0.3558068 0.5000000
v 0.4569066 0.3391733 0.5000000
v 0.5000000 0.3335000 0.5000000
v 0.5430934 0.3391733 0.5000000
v 0.5832500 0.3558068 0.5000000
v 0.6177333 0.3822667 0.5000000
v 0.6441932 0.4167500 0.5000000
v 0.6608267 0.4569066 0.5000000
v 0.6553466 0.5416250 0.5430934
v 0.6608267 0.5000000 0.5430934
v 0.6392800 0.5804133 0.5430934
v 0.6137216 0.6137216 0.5430934
v 0.5804133 0.6392800 0.5430934
v 0.5416250 0.6553466 0.5430934
v 0.5000000 0.6608267 0.5430934
v 0.4583750 0.6553466 0.5430934
v 0.4195867 0.6392800 0.5430934
v 0.3862784 0.6137216 0.5430934
v 0.3607200 0.5804133 0.5430934
v 0.3446534 0.5416250 0.5430934
v 0.3391733 0.5000000 0.5430934
v 0.3446534 0.4583750 0.5430934
v 0.3607200 0.4195867 0.5430934
v 0.3862784 0.3862784 0.5430934
v 0.4195867 0.3607200 0.5430934
v 0.4583750 0.3446534 0.5430934
v 0.5000000 0.3391733 0.5430934
v 0.5416250 0.3446534 0.5430934
v 0.5804133 0.3607200 0.5430934
v 0.6137216 0.3862784 0.5430934
v 0.6392800 0.4195867 0.5430934
v 0.6553466 0.4583750 0.5430934
v 0.6392800 0.5373200 0.5832500
v 0.6441932 0.5000000 0.5832500
v 0.6248750 0.5720966 0.5832500
v 0.6019600 0.6019600 0.5832500
v 0.5720966 0.6248750 0.5832500
v 0.5373200 0.6392800 0.5832500
v 0.5000000 0.6441932 0.5832500
v 0.4626800 0.6392800 0.5832500
v 0.4279034 0.6248750 0.5832500
v 0.3980400 0.6019600 0.5832500
v 0.3751250 0.5720966 0.5832500
v 0.3607200 0.5373200 0.5832500
v 0.3558068 0.5000000 0.5832500
v 0.3607200 0.4626800 0.5832500
v 0.3751250 0.4279034 0.5832500
v 0.3980400 0.3980400 0.5832500
v 0.4279034 0.3751250 0.5832500
v 0.4626800 0.3607200 0.5832500
v 0.5000000 0.3558068 0.5832500
v 0.5373200 0.3607200 0.5832500
v 0.5720966 0.3751250 0.5832500
v 0.6019600 0.3980400 0.5832500
v 0.6248750 0.4279034 0.5832500
v 0.6392800 0.4626800 0.5832500
v 0.6137216 0.5304716 0.6177333
v 0.6177333 0.5000000 0.6177333
v 0.6019600 0.5588666 0.6177333
v 0.5832500 0.5832500 0.6177333
v 0.5588666 0.6019600 0.6177333
v 0.5304716 0.6137216 0.6177333
v 0.5000000 0.6177333 0.6177333
v 0.4695284 0.6137216 0.6177333
v 0.4411334 0.6019600 0.6177333
v 0.4167500 0.5832500 0.6177333
v 0.3980400 0.5588666 0.6177333
v 0.3862784 0.5304716 0.6177333
v 0.3822667 0.5000000 0.6177333
v 0.3862784 0.4695284 0.6177333
v 0.3980400 0.4411334 0.6177333
v 0.4167500 0.4167500 0.6177333
v 0.4411334 0.3980400 0.6177333
v 0.4695284 0.3862784 0.6177333
v 0.5000000 0.3822667 0.6177333
v 0.5304716 0.3862784 0.6177333
v 0.5588666 0.3980400 0.6177333
v 0.5832500 0.4167500 0.6177333
v 0.6019600 0.4411334 0.6177333
v 0.6137216 0.4695284 0.6177333
v 0.5804133 0.5215467 0.6441932
v 0.5832500 0.5000000 0.6441932
v 0.5720966 0.5416250 0.6441932
v 0.5588666 0.5588666 0.6441932
v 0.5416250 0.5720966 0.6441932
v 0.5215467 0.5804133 0.6441932
v 0.5000000 0.5832500 0.6441932
v 0.4784533 0.5804133 0.6441932
v 0.4583750 0.5720966 0.6441932
v 0.4411334 0.5588666 0.6441932
v 0.4279034 0.5416250 0.6441932
v 0.4195867 0.5215467 0.6441932
v 0.4167500 0.5000000 0.6441932
v 0.4195867 0.4784533 0.6441932
v 0.4279034 0.4583750 0.6441932
v 0.4411334 0.4411334 0.6441932
v 0.4583750 0.4279034 0.6441932
v 0.4784533 0.4195867 0.6441932
v 0.5000000 0.4167500 0.6441932
v 0.5215467 0.4195867 0.6441932
v 0.5416250 0.4279034 0.6441932
v 0.5588666 0.4411334 0.6441932
v 0.5720966 0.4583750 0.6441932
v 0.5804133 0.4784533 0.6441932
v 0.5416250 0.5111534 0.6608267
v 0.5430934 0.5000000 0.6608267
v 0.5373200 0.5215467 0.6608267
v 0.5304716 0.5304716 0.6608267
v 0.5215467 0.5373200 0.6608267
v 0.5111534 0.5416250 0.6608267
v 0.5000000 0.5430934 0.6608267
v 0.4888466 0.5416250 0.6608267
v 0.4784533 0.5373200 0.6608267
v 0.4695284 0.5304716 0.6608267
v 0.4626800 0.5215467 0.6608267
v 0.4583750 0.5111534 0.6608267
v 0.4569066 0.5000000 0.6608267
v 0.4583750 0.4888466 0.6608267
v 0.4626800 0.4784533 0.6608267
v 0.4695284 0.4695284 0.6608267
v 0.4784533 0.4626800 0.6608267
v 0.4888466 0.4583750 0.6608267
v 0.5000000 0.4569066 0.6608267
v 0.5111534 0.4583750 0.6608267
v 0.5215467 0.4626800 0.6608267
v 0.5304716 0.4695284 0.6608267
v 0.5373200 0.4784533 0.6608267
v 0.5416250 0.4888466 0.6608267
v 0.5000000 0.5000000 0.6665000
v 0.5354924 0.5095102 0.3356833
v 0.5860736 0.5230634 0.3571380
v 0.5891100 0.5000000 0.3571380
v 0.5367444 0.5000000 0.3356833
v 0.5318216 0.5183722 0.3356833
v 0.5771715 0.5445550 0.3571380
v 0.5259822 0.5259822 0.3356833
v 0.5630103 0.5630103 0.3571380
v 0.5183722 0.5318216 0.3356833
v 0.5445550 0.5771715 0.3571380
v 0.5095102 0.5354924 0.3356833
v 0.5230634 0.5860736 0.3571380
v 0.5000000 0.5367444 0.3356833
v 0.5000000 0.5891100 0.3571380
v 0.4904898 0.5354924 0.3356833
v 0.4769366 0.5860736 0.3571380
v 0.4816278 0.5318216 0.3356833
v 0.4554450 0.5771715 0.3571380
v 0.4740178 0.5259822 0.3356833
v 0.4369897 0.5630103 0.3571380
v 0.4681784 0.5183722 0.3356833
v 0.4228285 0.5445550 0.3571380
v 0.4645076 0.5095102 0.3356833
v 0.4139264 0.5230634 0.3571380
v 0.4632556 0.5000000 0.3356833
v 0.4108900 0.5000000 0.3571380
v 0.4645076 0.4904898 0.3356833
v 0.4139264 0.4769366 0.3571380
v 0.4681784 0.4816278 0.3356833
v 0.4228285 0.4554450 0.3571380
v 0.4740178 0.4740178 0.3356833
v 0.4369897 0.4369897 0.3571380
v 0.4816278 0.4681784 0.3356833
v 0.4554450 0.4228285 0.3571380
v 0.4904898 0.4645076 0.3356833
v 0.4769366 0.4139264 0.3571380
v 0.5000000 0.4632556 0.3356833
v 0.5000000 0.4108900 0.3571380
v 0.5095102 0.4645076 0.3356833
v 0.5230634 0.4139264 0.3571380
v 0.5183722 0.4681784 0.3356833
v 0.5445550 0.4228285 0.3571380
v 0.5259822 0.4740178 0.3356833
v 0.5630103 0.4369897 0.3571380
v 0.5318216 0.4816278 0.3356833
v 0.5771715 0.4554450 0.3571380
v 0.5354924 0.4904898 0.3356833
v 0.5860736 0.4769366 0.3571380
v 0.6269320 0.5340113 0.3947306
v 0.6314096 0.5000000 0.3947306
v 0.6138041 0.5657048 0.3947306
v 0.5929206 0.5929206 0.3947306
v 0.5657048 0.6138041 0.3947306
v 0.5340113 0.6269320 0.3947306
v 0.5000000 0.6314096 0.3947306
v 0.4659887 0.6269320 0.3947306
v 0.4342952 0.6138041 0.3947306
v 0.4070794 0.5929206 0.3947306
v 0.3861959 0.5657048 0.3947306
v 0.3730680 0.5340113 0.3947306
v 0.3685904 0.5000000 0.3947306
v 0.3730680 0.4659887 0.3947306
v 0.3861959 0.4342952 0.3947306
v 0.4070794 0.4070794 0.3947306
v 0.4342952 0.3861959 0.3947306
v 0.4659887 0.3730680 0.3947306
v 0.5000000 0.3685904 0.3947306
v 0.5340113 0.3730680 0.3947306
v 0.5657048 0.3861959 0.3947306
v 0.5929206 0.4070794 0.3947306
v 0.6138041 0.4342952 0.3947306
v 0.6269320 0.4659887 0.3947306
v 0.6534519 0.5411173 0.4442145
v 0.6588651 0.5000000 0.4442145
v 0.6375812 0.5794325 0.4442145
v 0.6123346 0.6123346 0.4442145
v 0.5794325 0.6375812 0.4442145
v 0.5411173 0.6534519 0.4442145
v 0.5000000 0.6588651 0.4442145
v 0.4588827 0.6534519 0.4442145
v 0.4205675 0.6375812 0.4442145
v 0.3876654 0.6123346 0.4442145
v 0.3624188 0.5794325 0.4442145
v 0.3465481 0.5411173 0.4442145
v 0.3411349 0.5000000 0.4442145
v 0.3465481 0.4588827 0.4442145
v 0.3624188 0.4205675 0.4442145
v 0.3876654 0.3876654 0.4442145
v 0.4205675 0.3624188 0.4442145
v 0.4588827 0.3465481 0.4442145
v 0.5000000 0.3411349 0.4442145
v 0.5411173 0.3465481 0.4442145
v 0.5794325 0.3624188 0.4442145
v 0.6123346 0.3876654 0.4442145
v 0.6375812 0.4205675 0.4442145
v 0.6534519 0.4588827 0.4442145
v 0.6626378 0.5435787 0.5000000
v 0.6683750 0.5000000 0.5000000
v 0.6458170 0.5841875 0.5000000
v 0.6190591 0.6190591 0.5000000
v 0.5841875 0.6458170 0.5000000
v 0.5435787 0.6626378 0.5000000
v 0.5000000 0.6683750 0.5000000
v 0.4564213 0.6626378 0.5000000
v 0.4158125 0.6458170 0.5000000
v 0.3809409 0.6190591 0.5000000
v 0.3541830 0.5841875 0.5000000
v 0.3373622 0.5435787 0.5000000
v 0.3316250 0.5000000 0.5000000
v 0.3373622 0.4564213 0.5000000
v 0.3541830 0.4158125 0.5000000
v 0.3809409 0.3809409 0.5000000
v 0.4158125 0.3541830 0.5000000
v 0.4564213 0.3373622 0.5000000
v 0.5000000 0.3316250 0.5000000
v 0.5435787 0.3373622 0.5000000
v 0.5841875 0.3541830 0.5000000
v 0.6190591 0.3809409 0.5000000
v 0.6458170 0.4158125 0.5000000
v 0.6626378 0.4564213 0.5000000
v 0.6534519 0.5411173 0.5557855
v 0.6588651 0.5000000 0.5557855
v 0.6375812 0.5794325 0.5557855
v 0.6123346 0.6123346 0.5557855
v 0.5794325 0.6375812 0.5557855
v 0.5411173 0.6534519 0.5557855
v 0.5000000 0.6588651 0.5557855
v 0.4588827 0.6534519 0.5557855
v 0.4205675 0.6375812 0.5557855
v 0.3876654 0.6123346 0.5557855
v 0.3624188 0.5794325 0.5557855
v 0.3465481 0.5411173 0.5557855
v 0.3411349 0.5000000 0.5557855
v 0.3465481 0.4588827 0.5557855
v 0.3624188 0.4205675 0.5557855
v 0.3876654 0.3876654 0.5557855
v 0.4205675 0.3624188 0.5557855
v 0.4588827 0.3465481 0.5557855
v 0.5000000 0.3411349 0.5557855
v 0.5411173 0.3465481 0.5557855
v 0.5794325 0.3624188 0.5557855
v 0.6123346 0.3876654 0.5557855
v 0.6375812 0.4205675 0.5557855
v 0.6534519 0.4588827 0.5557855
v 0.6269320 0.5340113 0.6052694
v 0.6314096 0.5000000 0.6052694
v 0.6138041 0.5657048 0.6052694
v 0.5929206 0.5929206 0.6052694
v 0.5657048 0.6138041 0.6052694
v 0.5340113 0.6269320 0.6052694
v 0.5000000 0.6314096 0.6052694
v 0.4659887 0.6269320 0.6052694
v 0.4342952 0.6138041 0.6052694
v 0.4070794 0.5929206 0.6052694
v 0.3861959 0.5657048 0.6052694
v 0.3730680 0.5340113 0.6052694
v 0.3685904 0.5000000 0.6052694
v 0.3730680 0.4659887 0.6052694
v 0.3861959 0.4342952 0.6052694
v 0.4070794 0.4070794 0.6052694
v 0.4342952 0.3861959 0.6052694
v 0.4659887 0.3730680 0.6052694
v 0.5000000 0.3685904 0.6052694
v 0.5340113 0.3730680 0.6052694
v 0.5657048 0.3861959 0.6052694
v 0.5929206 0.4070794 0.6052694
v 0.6138041 0.4342952 0.6052694
v 0.6269320 0.4659887 0.6052694
v 0.5860736 0.5230634 0.6428620
v 0.5891100 0.5000000 0.6428620
v 0.5771715 0.5445550 0.6428620
v 0.5630103 0.5630103 0.6428620
v 0.5445550 0.5771715 0.6428620
v 0.5230634 0.5860736 0.6428620
v 0.5000000 0.5891100 0.6428620
v 0.4769366 0.5860736 0.6428620
v 0.4554450 0.5771715 0.6428620
v 0.4369897 0.5630103 0.6428620
v 0.4228285 0.5445550 0.6428620
v 0.4139264 0.5230634 0.6428620
v 0.4108900 0.5000000 0.6428620
v 0.4139264 0.4769366 0.6428620
v 0.4228285 0.4554450 0.6428620
v 0.4369897 0.4369897 0.6428620
v 0.4554450 0.4228285 0.6428620
v 0.4769366 0.4139264 0.6428620
v 0.5000000 0.4108900 0.6428620
v 0.5230634 0.4139264 0.6428620
v 0.5445550 0.4228285 0.6428620
v 0.5630103 0.4369897 0.6428620
v 0.5771715 0.4554450 0.6428620
v 0.5860736 0.4769366 0.6428620
v 0.5354924 0.5095102 0.6643167
v 0.5367444 0.5000000 0.6643167
v 0.5318216 0.5183722 0.6643167
v 0.5259822 0.5259822 0.6643167
v 0.5183722 0.5318216 0.6643167
v 0.5095102 0.5354924 0.6643167
v 0.5000000 0.5367444 0.6643167
v 0.4904898 0.5354924 0.6643167
v 0.4816278 0.5318216 0.6643167
v 0.4740178 0.5259822 0.6643167
v 0.4681784 0.5183722 0.6643167
v 0.4645076 0.5095102 0.6643167
v 0.4632556 0.5000000 0.6643167
v 0.4645076 0.4904898 0.6643167
v 0.4681784 0.4816278 0.6643167
v 0.4740178 0.4740178 0.6643167
v 0.4816278 0.4681784 0.6643167
v 0.4904898 0.4645076 0.6643167
v 0.5000000 0.4632556 0.6643167
v 0.5095102 0.4645076 0.6643167
v 0.5183722 0.4681784 0.6643167
v 0.5259822 0.4740178 0.6643167
v 0.5318216 0.4816278 0.6643167
v 0.5354924 0.4904898 0.6643167
v 0.6777500 0.5015585 0.4970064
v 0.6755616 0.5262225 0.5098467
v 0.6800062 0.5261542 0.5115023
v 0.6822500 0.5008658 0.4983369
v 0.6690503 0.5502792 0.5223709
v 0.6733301 0.5508199 0.5243435
v 0.6583764 0.5731362 0.5342705
v 0.6623859 0.5742556 0.5365444
v 0.6438028 0.5942307 0.5452525
v 0.6474433 0.5958842 0.5478045
v 0.6256882 0.6130433 0.5550466
v 0.6288702 0.6151731 0.5578465
v 0.6044788 0.6291108 0.5634115
v 0.6071239 0.6316473 0.5664232
v 0.5806968 0.6420376 0.5701413
v 0.5827398 0.6449013 0.5733233
v 0.5549278 0.6515053 0.5750703
v 0.5563183 0.6546087 0.5783771
v 0.5278062 0.6572808 0.5780771
v 0.5285102 0.6605304 0.5814600
v 0.5000000 0.6592219 0.5790876
v 0.5000000 0.6625207 0.5824961
v 0.4721938 0.6572808 0.5780771
v 0.4714898 0.6605304 0.5814600
v 0.4450722 0.6515053 0.5750703
v 0.4436817 0.6546087 0.5783771
v 0.4193032 0.6420376 0.5701413
v 0.4172602 0.6449013 0.5733233
v 0.3955212 0.6291108 0.5634115
v 0.3928761 0.6316473 0.5664232
v 0.3743118 0.6130433 0.5550466
v 0.3711298 0.6151731 0.5578465
v 0.3561972 0.5942307 0.5452525
v 0.3525567 0.5958842 0.5478045
v 0.3416236 0.5731362 0.5342705
v 0.3376141 0.5742556 0.5365444
v 0.3309497 0.5502792 0.5223709
v 0.3266699 0.5508199 0.5243435
v 0.3244384 0.5262225 0.5098467
v 0.3199938 0.5261542 0.5115023
v 0.3222500 0.5015585 0.4970064
v 0.3177500 0.5008658 0.4983369
v 0.3244384 0.4768945 0.4841661
v 0.3199938 0.4755774 0.4851715
v 0.3309497 0.4528379 0.4716419
v 0.3266699 0.4509117 0.4723302
v 0.3416236 0.4299808 0.4597423
v 0.3376141 0.4274761 0.4601294
v 0.3561972 0.4088863 0.4487602
v 0.3525567 0.4058475 0.4488693
v 0.3743118 0.3900737 0.4389662
v 0.3711298 0.3865586 0.4388273
v 0.3955212 0.3740062 0.4306013
v 0.3928761 0.3700843 0.4302506
v 0.4193032 0.3610794 0.4238715
v 0.4172602 0.3568303 0.4233504
v 0.4450722 0.3516118 0.4189425
v 0.4436817 0.3471230 0.4182967
v 0.4721938 0.3458363 0.4159357
v 0.4714898 0.3412013 0.4152138
v 0.5000000 0.3438952 0.4149251
v 0.5000000 0.3392110 0.4141776
v 0.5278062 0.3458363 0.4159357
v 0.5285102 0.3412013 0.4152138
v 0.5549278 0.3516118 0.4189425
v 0.5563183 0.3471230 0.4182967
v 0.5806968 0.3610794 0.4238715
v 0.5827398 0.3568303 0.4233504
v 0.6044788 0.3740062 0.4306013
v 0.6071239 0.3700843 0.4302506
v 0.6256882 0.3900737 0.4389662
v 0.6288702 0.3865586 0.4388273
v 0.6438028 0.4088863 0.4487602
v 0.6474433 0.4058475 0.4488693
v 0.6583764 0.4299808 0.4597423
v 0.6623859 0.4274761 0.4601294
v 0.6690503 0.4528379 0.4716419
v 0.6733301 0.4509117 0.4723302
v 0.6755616 0.4768945 0.4841661
v 0.6800062 0.4755774 0.4851715
v 0.6800062 0.5244226 0.5148285
v 0.6822500 0.4991342 0.5016631
v 0.6733301 0.5490883 0.5276698
v 0.6623859 0.5725239 0.5398706
v 0.6474433 0.5941525 0.5511307
v 0.6288702 0.6134414 0.5611727
v 0.6071239 0.6299157 0.5697494
v 0.5827398 0.6431697 0.5766496
v 0.5563183 0.6528770 0.5817033
v 0.5285102 0.6587987 0.5847862
v 0.5000000 0.6607890 0.5858224
v 0.4714898 0.6587987 0.5847862
v 0.4436817 0.6528770 0.5817033
v 0.4172602 0.6431697 0.5766496
v 0.3928761 0.6299157 0.5697494
v 0.3711298 0.6134414 0.5611727
v 0.3525567 0.5941525 0.5511307
v 0.3376141 0.5725239 0.5398706
v 0.3266699 0.5490883 0.5276698
v 0.3199938 0.5244226 0.5148285
v 0.3177500 0.4991342 0.5016631
v 0.3199938 0.4738458 0.4884977
v 0.3266699 0.4491801 0.4756565
v 0.3376141 0.4257444 0.4634556
v 0.3525567 0.4041158 0.4521955
v 0.3711298 0.3848269 0.4421535
v 0.3928761 0.3683527 0.4335768
v 0.4172602 0.3550987 0.4266767
v 0.4436817 0.3453913 0.4216229
v 0.4714898 0.3394696 0.4185400
v 0.5000000 0.3374793 0.4175039
v 0.5285102 0.3394696 0.4185400
v 0.5563183 0.3453913 0.4216229
v 0.5827398 0.3550987 0.4266767
v 0.6071239 0.3683527 0.4335768
v 0.6288702 0.3848269 0.4421535
v 0.6474433 0.4041158 0.4521955
v 0.6623859 0.4257444 0.4634556
v 0.6733301 0.4491801 0.4756565
v 0.6800062 0.4738458 0.4884977
v 0.6755616 0.5231055 0.5158339
v 0.6777500 0.4984415 0.5029936
v 0.6690503 0.5471621 0.5283581
v 0.6583764 0.5700192 0.5402577
v 0.6438028 0.5911137 0.5512398
v 0.6256882 0.6099263 0.5610338
v 0.6044788 0.6259938 0.5693987
v 0.5806968 0.6389206 0.5761285
v 0.5549278 0.6483882 0.5810575
v 0.5278062 0.6541637 0.5840643
v 0.5000000 0.6561048 0.5850749
v 0.4721938 0.6541637 0.5840643
v 0.4450722 0.6483882 0.5810575
v 0.4193032 0.6389206 0.5761285
v 0.3955212 0.6259938 0.5693987
v 0.3743118 0.6099263 0.5610338
v 0.3561972 0.5911137 0.5512398
v 0.3416236 0.5700192 0.5402577
v 0.3309497 0.5471621 0.5283581
v 0.3244384 0.5231055 0.5158339
v 0.3222500 0.4984415 0.5029936
v 0.3244384 0.4737775 0.4901533
v 0.3309497 0.4497208 0.4776291
v 0.3416236 0.4268638 0.4657295
v 0.3561972 0.4057693 0.4547475
v 0.3743118 0.3869567 0.4449534
v 0.3955212 0.3708892 0.4365885
v 0.4193032 0.3579624 0.4298587
v 0.4450722 0.3484947 0.4249297
v 0.4721938 0.3427192 0.4219229
v 0.5000000 0.3407781 0.4209124
v 0.5278062 0.3427192 0.4219229
v 0.5549278 0.3484947 0.4249297
v 0.5806968 0.3579624 0.4298587
v 0.6044788 0.3708892 0.4365885
v 0.6256882 0.3869567 0.4449534
v 0.6438028 0.4057693 0.4547475
v 0.6583764 0.4268638 0.4657295
v 0.6690503 0.4497208 0.4776291
v 0.6755616 0.4737775 0.4901533
v 0.6559318 0.5000000 0.5853916
v 0.6540327 0.5278062 0.5843042
v 0.6571445 0.5285102 0.5878143
v 0.6590917 0.5000000 0.5889292
v 0.6483821 0.5549278 0.5810688
v 0.6513508 0.5563183 0.5844971
v 0.6391191 0.5806968 0.5757652
v 0.6418533 0.5827398 0.5790592
v 0.6264718 0.6044788 0.5685239
v 0.6288858 0.6071239 0.5716345
v 0.6107516 0.6256882 0.5595231
v 0.6127677 0.6288702 0.5624059
v 0.5923457 0.6438028 0.5489846
v 0.5938958 0.6474433 0.5516006
v 0.5717072 0.6583764 0.5371678
v 0.5727348 0.6623859 0.5394846
v 0.5493443 0.6690503 0.5243636
v 0.5498058 0.6733301 0.5263563
v 0.5258077 0.6755616 0.5108875
v 0.5256733 0.6800062 0.5125390
v 0.5016770 0.6777500 0.4970711
v 0.5009317 0.6822500 0.4983728
v 0.4775462 0.6755616 0.4832547
v 0.4761900 0.6800062 0.4842067
v 0.4540096 0.6690503 0.4697786
v 0.4520575 0.6733301 0.4703894
v 0.4316467 0.6583764 0.4569745
v 0.4291285 0.6623859 0.4572611
v 0.4110082 0.6438028 0.4451577
v 0.4079675 0.6474433 0.4451451
v 0.3926023 0.6256882 0.4346191
v 0.3890956 0.6288702 0.4343398
v 0.3768822 0.6044788 0.4256184
v 0.3729775 0.6071239 0.4251112
v 0.3642349 0.5806968 0.4183770
v 0.3600100 0.5827398 0.4176865
v 0.3549719 0.5549278 0.4130734
v 0.3505125 0.5563183 0.4122486
v 0.3493212 0.5278062 0.4098380
v 0.3447188 0.5285102 0.4089313
v 0.3474221 0.5000000 0.4087507
v 0.3427716 0.5000000 0.4078164
v 0.3493212 0.4721938 0.4098380
v 0.3447188 0.4714898 0.4089313
v 0.3549719 0.4450722 0.4130734
v 0.3505125 0.4436817 0.4122486
v 0.3642349 0.4193032 0.4183770
v 0.3600100 0.4172602 0.4176865
v 0.3768822 0.3955212 0.4256184
v 0.3729775 0.3928761 0.4251112
v 0.3926023 0.3743118 0.4346191
v 0.3890956 0.3711298 0.4343398
v 0.4110082 0.3561972 0.4451577
v 0.4079675 0.3525567 0.4451451
v 0.4316467 0.3416236 0.4569745
v 0.4291285 0.3376141 0.4572611
v 0.4540096 0.3309497 0.4697786
v 0.4520575 0.3266699 0.4703894
v 0.4775462 0.3244384 0.4832547
v 0.4761900 0.3199938 0.4842067
v 0.5016770 0.3222500 0.4970711
v 0.5009317 0.3177500 0.4983728
v 0.5258077 0.3244384 0.5108875
v 0.5256733 0.3199938 0.5125390
v 0.5493443 0.3309497 0.5243636
v 0.5498058 0.3266699 0.5263563
v 0.5717072 0.3416236 0.5371678
v 0.5727348 0.3376141 0.5394846
v 0.5923457 0.3561972 0.5489846
v 0.5938958 0.3525567 0.5516006
v 0.6107516 0.3743118 0.5595231
v 0.6127677 0.3711298 0.5624059
v 0.6264718 0.3955212 0.5685239
v 0.6288858 0.3928761 0.5716345
v 0.6391191 0.4193032 0.5757652
v 0.6418533 0.4172602 0.5790592
v 0.6483821 0.4450722 0.5810688
v 0.6513508 0.4436817 0.5844971
v 0.6540327 0.4721938 0.5843042
v 0.6571445 0.4714898 0.5878143
v 0.6552812 0.5285102 0.5910687
v 0.6572284 0.5000000 0.5921836
v 0.6494875 0.5563183 0.5877514
v 0.6399900 0.5827398 0.5823135
v 0.6270225 0.6071239 0.5748888
v 0.6109044 0.6288702 0.5656602
v 0.5920325 0.6474433 0.5548549
v 0.5708715 0.6623859 0.5427389
v 0.5479425 0.6733301 0.5296106
v 0.5238100 0.6800062 0.5157933
v 0.4990683 0.6822500 0.5016272
v 0.4743267 0.6800062 0.4874610
v 0.4501942 0.6733301 0.4736437
v 0.4272652 0.6623859 0.4605154
v 0.4061042 0.6474433 0.4483994
v 0.3872323 0.6288702 0.4375941
v 0.3711142 0.6071239 0.4283655
v 0.3581467 0.5827398 0.4209408
v 0.3486492 0.5563183 0.4155029
v 0.3428555 0.5285102 0.4121857
v 0.3409083 0.5000000 0.4110708
v 0.3428555 0.4714898 0.4121857
v 0.3486492 0.4436817 0.4155029
v 0.3581467 0.4172602 0.4209408
v 0.3711142 0.3928761 0.4283655
v 0.3872323 0.3711298 0.4375941
v 0.4061042 0.3525567 0.4483994
v 0.4272652 0.3376141 0.4605154
v 0.4501942 0.3266699 0.4736437
v 0.4743267 0.3199938 0.4874610
v 0.4990683 0.3177500 0.5016272
v 0.5238100 0.3199938 0.5157933
v 0.5479425 0.3266699 0.5296106
v 0.5708715 0.3376141 0.5427389
v 0.5920325 0.3525567 0.5548549
v 0.6109044 0.3711298 0.5656602
v 0.6270225 0.3928761 0.5748888
v 0.6399900 0.4172602 0.5823135
v 0.6494875 0.4436817 0.5877514
v 0.6552812 0.4714898 0.5910687
v 0.6506788 0.5278062 0.5901620
v 0.6525779 0.5000000 0.5912493
v 0.6450281 0.5549278 0.5869266
v 0.6357651 0.5806968 0.5816230
v 0.6231178 0.6044788 0.5743816
v 0.6073977 0.6256882 0.5653809
v 0.5889918 0.6438028 0.5548423
v 0.5683533 0.6583764 0.5430255
v 0.5459904 0.6690503 0.5302214
v 0.5224538 0.6755616 0.5167453
v 0.4983230 0.6777500 0.5029289
v 0.4741923 0.6755616 0.4891125
v 0.4506557 0.6690503 0.4756364
v 0.4282928 0.6583764 0.4628322
v 0.4076543 0.6438028 0.4510154
v 0.3892484 0.6256882 0.4404769
v 0.3735282 0.6044788 0.4314761
v 0.3608809 0.5806968 0.4242348
v 0.3516179 0.5549278 0.4189312
v 0.3459673 0.5278062 0.4156958
v 0.3440682 0.5000000 0.4146084
v 0.3459673 0.4721938 0.4156958
v 0.3516179 0.4450722 0.4189312
v 0.3608809 0.4193032 0.4242348
v 0.3735282 0.3955212 0.4314761
v 0.3892484 0.3743118 0.4404769
v 0.4076543 0.3561972 0.4510154
v 0.4282928 0.3416236 0.4628322
v 0.4506557 0.3309497 0.4756364
v 0.4741923 0.3244384 0.4891125
v 0.4983230 0.3222500 0.5029289
v 0.5224538 0.3244384 0.5167453
v 0.5459904 0.3309497 0.5302214
v 0.5683533 0.3416236 0.5430255
v 0.5889918 0.3561972 0.5548423
v 0.6073977 0.3743118 0.5653809
v 0.6231178 0.3955212 0.5743816
v 0.6357651 0.4193032 0.5816230
v 0.6450281 0.4450722 0.5869266
v 0.6506788 0.4721938 0.5901620
v 0.6497340 0.5280160 0.4083415
v 0.6519871 0.5513807 0.4234076
v 0.6566313 0.5518851 0.4225845
v 0.6543211 0.5279289 0.4071369
v 0.6504561 0.5735220 0.4403013
v 0.6550615 0.5745869 0.4399058
v 0.6451786 0.5938946 0.4586064
v 0.6496503 0.5954754 0.4586744
v 0.6362845 0.6119971 0.4778723
v 0.6405311 0.6140361 0.4784280
v 0.6239930 0.6273835 0.4976245
v 0.6279284 0.6298120 0.4986803
v 0.6086066 0.6396750 0.5173768
v 0.6121525 0.6424147 0.5189326
v 0.5905042 0.6485691 0.5366426
v 0.5935918 0.6515340 0.5386862
v 0.5701315 0.6538466 0.5549478
v 0.5727033 0.6569451 0.5574548
v 0.5479902 0.6553776 0.5718414
v 0.5500015 0.6585149 0.5747761
v 0.5246255 0.6531245 0.5869076
v 0.5260453 0.6562047 0.5902237
v 0.5006127 0.6471427 0.5997753
v 0.5014246 0.6500715 0.6034172
v 0.4765431 0.6375795 0.6101277
v 0.4767456 0.6402661 0.6140317
v 0.4530093 0.6246703 0.6177100
v 0.4526160 0.6270302 0.6218059
v 0.4305908 0.6087331 0.6223353
v 0.4296300 0.6106895 0.6265483
v 0.4098397 0.5901603 0.6238898
v 0.4083535 0.5916465 0.6281422
v 0.3912669 0.5694092 0.6223353
v 0.3893105 0.5703700 0.6265483
v 0.3753297 0.5469907 0.6177100
v 0.3729698 0.5473840 0.6218059
v 0.3624205 0.5234569 0.6101277
v 0.3597339 0.5232544 0.6140317
v 0.3528573 0.4993873 0.5997753
v 0.3499285 0.4985754 0.6034172
v 0.3468755 0.4753745 0.5869076
v 0.3437953 0.4739547 0.5902237
v 0.3446224 0.4520098 0.5718414
v 0.3414851 0.4499985 0.5747761
v 0.3461534 0.4298685 0.5549478
v 0.3430549 0.4272967 0.5574548
v 0.3514309 0.4094958 0.5366426
v 0.3484660 0.4064082 0.5386862
v 0.3603250 0.3913934 0.5173768
v 0.3575853 0.3878475 0.5189326
v 0.3726165 0.3760070 0.4976245
v 0.3701880 0.3720716 0.4986803
v 0.3880029 0.3637155 0.4778723
v 0.3859639 0.3594689 0.4784280
v 0.4061054 0.3548214 0.4586064
v 0.4045246 0.3503497 0.4586744
v 0.4264780 0.3495439 0.4403013
v 0.4254131 0.3449385 0.4399058
v 0.4486193 0.3480129 0.4234076
v 0.4481149 0.3433687 0.4225845
v 0.4719840 0.3502660 0.4083415
v 0.4720711 0.3456789 0.4071369
v 0.4959968 0.3562478 0.3954738
v 0.4966918 0.3518122 0.3939434
v 0.5200664 0.3658110 0.3851213
v 0.5213708 0.3616175 0.3833289
v 0.5436002 0.3787202 0.3775391
v 0.5455004 0.3748534 0.3755547
v 0.5660187 0.3946574 0.3729138
v 0.5684864 0.3911941 0.3708123
v 0.5867698 0.4132302 0.3713592
v 0.5897629 0.4102371 0.3692184
v 0.6053426 0.4339813 0.3729138
v 0.6088059 0.4315136 0.3708123
v 0.6212798 0.4563998 0.3775391
v 0.6251466 0.4544996 0.3755547
v 0.6341890 0.4799336 0.3851213
v 0.6383825 0.4786292 0.3833289
v 0.6437522 0.5040032 0.3954738
v 0.6481878 0.5033082 0.3939434
v 0.6585149 0.5500015 0.4252239
v 0.6562047 0.5260453 0.4097763
v 0.6569451 0.5727033 0.4425452
v 0.6515340 0.5935918 0.4613138
v 0.6424147 0.6121525 0.4810674
v 0.6298120 0.6279284 0.5013197
v 0.6140361 0.6405311 0.5215720
v 0.5954754 0.6496503 0.5413256
v 0.5745869 0.6550615 0.5600942
v 0.5518851 0.6566313 0.5774155
v 0.5279289 0.6543211 0.5928631
v 0.5033082 0.6481878 0.6060566
v 0.4786292 0.6383825 0.6166711
v 0.4544996 0.6251466 0.6244453
v 0.4315136 0.6088059 0.6291877
v 0.4102371 0.5897629 0.6307816
v 0.3911941 0.5684864 0.6291877
v 0.3748534 0.5455004 0.6244453
v 0.3616175 0.5213708 0.6166711
v 0.3518122 0.4966918 0.6060566
v 0.3456789 0.4720711 0.5928631
v 0.3433687 0.4481149 0.5774155
v 0.3449385 0.4254131 0.5600942
v 0.3503497 0.4045246 0.5413256
v 0.3594689 0.3859639 0.5215720
v 0.3720716 0.3701880 0.5013197
v 0.3878475 0.3575853 0.4810674
v 0.4064082 0.3484660 0.4613138
v 0.4272967 0.3430549 0.4425452
v 0.4499985 0.3414851 0.4252239
v 0.4739547 0.3437953 0.4097763
v 0.4985754 0.3499285 0.3965828
v 0.5232544 0.3597339 0.3859683
v 0.5473840 0.3729698 0.3781941
v 0.5703700 0.3893105 0.3734517
v 0.5916465 0.4083535 0.3718578
v 0.6106895 0.4296300 0.3734517
v 0.6270302 0.4526160 0.3781941
v 0.6402661 0.4767456 0.3859683
v 0.6500715 0.5014246 0.3965828
v 0.6553776 0.5479902 0.4281586
v 0.6531245 0.5246255 0.4130924
v 0.6538466 0.5701315 0.4450522
v 0.6485691 0.5905042 0.4633574
v 0.6396750 0.6086066 0.4826232
v 0.6273835 0.6239930 0.5023755
v 0.6119971 0.6362845 0.5221277
v 0.5938946 0.6451786 0.5413936
v 0.5735220 0.6504561 0.5596987
v 0.5513807 0.6519871 0.5765924
v 0.5280160 0.6497340 0.5916585
v 0.5040032 0.6437522 0.6045262
v 0.4799336 0.6341890 0.6148787
v 0.4563998 0.6212798 0.6224609
v 0.4339813 0.6053426 0.6270862
v 0.4132302 0.5867698 0.6286408
v 0.3946574 0.5660187 0.6270862
v 0.3787202 0.5436002 0.6224609
v 0.3658110 0.5200664 0.6148787
v 0.3562478 0.4959968 0.6045262
v 0.3502660 0.4719840 0.5916585
v 0.3480129 0.4486193 0.5765924
v 0.3495439 0.4264780 0.5596987
v 0.3548214 0.4061054 0.5413936
v 0.3637155 0.3880029 0.5221277
v 0.3760070 0.3726165 0.5023755
v 0.3913934 0.3603250 0.4826232
v 0.4094958 0.3514309 0.4633574
v 0.4298685 0.3461534 0.4450522
v 0.4520098 0.3446224 0.4281586
v 0.4753745 0.3468755 0.4130924
v 0.4993873 0.3528573 0.4002247
v 0.5234569 0.3624205 0.3898723
v 0.5469907 0.3753297 0.3822900
v 0.5694092 0.3912669 0.3776647
v 0.5901603 0.4098397 0.3761102
v 0.6087331 0.4305908 0.3776647
v 0.6246703 0.4530093 0.3822900
v 0.6375795 0.4765431 0.3898723
v 0.6471427 0.5006127 0.4002247
v 0.7055000 0.5010070 0.4944659
v 0.7023780 0.5361152 0.5008545
v 0.7090254 0.5368656 0.5032780
v 0.7122500 0.5006042 0.4966795
v 0.6931068 0.5701566 0.5070490
v 0.6994498 0.5720252 0.5096760
v 0.6779682 0.6020970 0.5128612
v 0.6838139 0.6050146 0.5156790
v 0.6574221 0.6309658 0.5181144
v 0.6625929 0.6348317 0.5211048
v 0.6320929 0.6558858 0.5226491
v 0.6364317 0.6605703 0.5257885
v 0.6027500 0.6761000 0.5263275
v 0.6061250 0.6814484 0.5295877
v 0.5702851 0.6909940 0.5290377
v 0.5725938 0.6968316 0.5323869
v 0.5356847 0.7001154 0.5306975
v 0.5368568 0.7062526 0.5341013
v 0.5000000 0.7031869 0.5312565
v 0.5000000 0.7094250 0.5346786
v 0.4643153 0.7001154 0.5306975
v 0.4631432 0.7062526 0.5341013
v 0.4297149 0.6909940 0.5290377
v 0.4274062 0.6968316 0.5323869
v 0.3972500 0.6761000 0.5263275
v 0.3938750 0.6814484 0.5295877
v 0.3679071 0.6558858 0.5226491
v 0.3635683 0.6605703 0.5257885
v 0.3425779 0.6309658 0.5181144
v 0.3374071 0.6348317 0.5211048
v 0.3220318 0.6020970 0.5128612
v 0.3161861 0.6050146 0.5156790
v 0.3068932 0.5701566 0.5070490
v 0.3005502 0.5720252 0.5096760
v 0.2976220 0.5361152 0.5008545
v 0.2909746 0.5368656 0.5032780
v 0.2945000 0.5010070 0.4944659
v 0.2877500 0.5006042 0.4966795
v 0.2976220 0.4658989 0.4880773
v 0.2909746 0.4643429 0.4900811
v 0.3068932 0.4318575 0.4818828
v 0.3005502 0.4291833 0.4836831
v 0.3220318 0.3999171 0.4760706
v 0.3161861 0.3961938 0.4776800
v 0.3425779 0.3710483 0.4708174
v 0.3374071 0.3663768 0.4722542
v 0.3679071 0.3461283 0.4662827
v 0.3635683 0.3406382 0.4675706
v 0.3972500 0.3259141 0.4626043
v 0.3938750 0.3197601 0.4637714
v 0.4297149 0.3110201 0.4598940
v 0.4274062 0.3043768 0.4609721
v 0.4643153 0.3018987 0.4582342
v 0.4631432 0.2949559 0.4592578
v 0.5000000 0.2988272 0.4576753
v 0.5000000 0.2917834 0.4586805
v 0.5356847 0.3018987 0.4582342
v 0.5368568 0.2949559 0.4592578
v 0.5702851 0.3110201 0.4598940
v 0.5725938 0.3043768 0.4609721
v 0.6027500 0.3259141 0.4626043
v 0.6061250 0.3197601 0.4637714
v 0.6320929 0.3461283 0.4662827
v 0.6364317 0.3406382 0.4675706
v 0.6574221 0.3710483 0.4708174
v 0.6625929 0.3663768 0.4722542
v 0.6779682 0.3999171 0.4760706
v 0.6838139 0.3961938 0.4776800
v 0.6931068 0.4318575 0.4818828
v 0.6994498 0.4291833 0.4836831
v 0.7023780 0.4658989 0.4880773
v 0.7090254 0.4643429 0.4900811
v 0.7090254 0.5356571 0.5099189
v 0.7122500 0.4993958 0.5033205
v 0.6994498 0.5708167 0.5163169
v 0.6838139 0.6038062 0.5223200
v 0.6625929 0.6336232 0.5277458
v 0.6364317 0.6593618 0.5324294
v 0.6061250 0.6802399 0.5362286
v 0.5725938 0.6956232 0.5390279
v 0.5368568 0.7050441 0.5407422
v 0.5000000 0.7082166 0.5413195
v 0.4631432 0.7050441 0.5407422
v 0.4274062 0.6956232 0.5390279
v 0.3938750 0.6802399 0.5362286
v 0.3635683 0.6593618 0.5324294
v 0.3374071 0.6336232 0.5277458
v 0.3161861 0.6038062 0.5223200
v 0.3005502 0.5708167 0.5163169
v 0.2909746 0.5356571 0.5099189
v 0.2877500 0.4993958 0.5033205
v 0.2909746 0.4631344 0.4967220
v 0.3005502 0.4279748 0.4903240
v 0.3161861 0.3949854 0.4843210
v 0.3374071 0.3651683 0.4788952
v 0.3635683 0.3394297 0.4742115
v 0.3938750 0.3185516 0.4704123
v 0.4274062 0.3031684 0.4676131
v 0.4631432 0.2937474 0.4658987
v 0.5000000 0.2905750 0.4653214
v 0.5368568 0.2937474 0.4658987
v 0.5725938 0.3031684 0.4676131
v 0.6061250 0.3185516 0.4704123
v 0.6364317 0.3394297 0.4742115
v 0.6625929 0.3651683 0.4788952
v 0.6838139 0.3949854 0.4843210
v 0.6994498 0.4279748 0.4903240
v 0.7090254 0.4631344 0.4967220
v 0.7023780 0.5341011 0.5119227
v 0.7055000 0.4989930 0.5055341
v 0.6931068 0.5681425 0.5181172
v 0.6779682 0.6000829 0.5239294
v 0.6574221 0.6289517 0.5291826
v 0.6320929 0.6538717 0.5337173
v 0.6027500 0.6740859 0.5373957
v 0.5702851 0.6889799 0.5401060
v 0.5356847 0.6981013 0.5417658
v 0.5000000 0.7011728 0.5423247
v 0.4643153 0.6981013 0.5417658
v 0.4297149 0.6889799 0.5401060
v 0.3972500 0.6740859 0.5373957
v 0.3679071 0.6538717 0.5337173
v 0.3425779 0.6289517 0.5291826
v 0.3220318 0.6000829 0.5239294
v 0.3068932 0.5681425 0.5181172
v 0.2976220 0.5341011 0.5119227
v 0.2945000 0.4989930 0.5055341
v 0.2976220 0.4638848 0.4991455
v 0.3068932 0.4298434 0.4929510
v 0.3220318 0.3979030 0.4871388
v 0.3425779 0.3690342 0.4818856
v 0.3679071 0.3441142 0.4773509
v 0.3972500 0.3239000 0.4736725
v 0.4297149 0.3090060 0.4709623
v 0.4643153 0.2998846 0.4693025
v 0.5000000 0.2968131 0.4687435
v 0.5356847 0.2998846 0.4693025
v 0.5702851 0.3090060 0.4709623
v 0.6027500 0.3239000 0.4736725
v 0.6320929 0.3441142 0.4773509
v 0.6574221 0.3690342 0.4818856
v 0.6779682 0.3979030 0.4871388
v 0.6931068 0.4298434 0.4929510
v 0.7023780 0.4638848 0.4991455
v 0.6962344 0.5000000 0.5612694
v 0.6932809 0.5356847 0.5602577
v 0.6988406 0.5368568 0.5645403
v 0.7018911 0.5000000 0.5655852
v 0.6845100 0.5702851 0.5572534
v 0.6897816 0.5725938 0.5614374
v 0.6701882 0.6027500 0.5523479
v 0.6749894 0.6061250 0.5563707
v 0.6507507 0.6320929 0.5456901
v 0.6549134 0.6364317 0.5494942
v 0.6267882 0.6574221 0.5374823
v 0.6301638 0.6625929 0.5410168
v 0.5990286 0.6779682 0.5279739
v 0.6014924 0.6838139 0.5311962
v 0.5683155 0.6931068 0.5174539
v 0.5697704 0.6994498 0.5203306
v 0.5355820 0.7023780 0.5062419
v 0.5359618 0.7090254 0.5087503
v 0.5018227 0.7055000 0.4946785
v 0.5010936 0.7122500 0.4968071
v 0.4680635 0.7023780 0.4831151
v 0.4662255 0.7090254 0.4848639
v 0.4353300 0.6931068 0.4719031
v 0.4324169 0.6994498 0.4732836
v 0.4046169 0.6779682 0.4613831
v 0.4006949 0.6838139 0.4624180
v 0.3768573 0.6574221 0.4518747
v 0.3720235 0.6625929 0.4525974
v 0.3528947 0.6320929 0.4436670
v 0.3472738 0.6364317 0.4441200
v 0.3334573 0.6027500 0.4370092
v 0.3271979 0.6061250 0.4372435
v 0.3191355 0.5702851 0.4321036
v 0.3124057 0.5725938 0.4321768
v 0.3103646 0.5356847 0.4290993
v 0.3033467 0.5368568 0.4290739
v 0.3074110 0.5000000 0.4280877
v 0.3002962 0.5000000 0.4280290
v 0.3103646 0.4643153 0.4290993
v 0.3033467 0.4631432 0.4290739
v 0.3191355 0.4297149 0.4321036
v 0.3124057 0.4274062 0.4321768
v 0.3334573 0.3972500 0.4370092
v 0.3271979 0.3938750 0.4372435
v 0.3528947 0.3679071 0.4436670
v 0.3472738 0.3635683 0.4441200
v 0.3768573 0.3425779 0.4518747
v 0.3720235 0.3374071 0.4525974
v 0.4046169 0.3220318 0.4613831
v 0.4006949 0.3161861 0.4624180
v 0.4353300 0.3068932 0.4719031
v 0.4324169 0.3005502 0.4732836
v 0.4680635 0.2976220 0.4831151
v 0.4662255 0.2909746 0.4848639
v 0.5018227 0.2945000 0.4946785
v 0.5010936 0.2877500 0.4968071
v 0.5355820 0.2976220 0.5062419
v 0.5359618 0.2909746 0.5087503
v 0.5683155 0.3068932 0.5174539
v 0.5697704 0.3005502 0.5203306
v 0.5990286 0.3220318 0.5279739
v 0.6014924 0.3161861 0.5311962
v 0.6267882 0.3425779 0.5374823
v 0.6301638 0.3374071 0.5410168
v 0.6507507 0.3679071 0.5456901
v 0.6549134 0.3635683 0.5494942
v 0.6701882 0.3972500 0.5523479
v 0.6749894 0.3938750 0.5563707
v 0.6845100 0.4297149 0.5572534
v 0.6897816 0.4274062 0.5614374
v 0.6932809 0.4643153 0.5602577
v 0.6988406 0.4631432 0.5645403
v 0.6966533 0.5368568 0.5709261
v 0.6997038 0.5000000 0.5719710
v 0.6875943 0.5725938 0.5678232
v 0.6728021 0.6061250 0.5627565
v 0.6527262 0.6364317 0.5558800
v 0.6279765 0.6625929 0.5474026
v 0.5993051 0.6838139 0.5375820
v 0.5675831 0.6994498 0.5267164
v 0.5337745 0.7090254 0.5151361
v 0.4989064 0.7122500 0.5031929
v 0.4640382 0.7090254 0.4912497
v 0.4302296 0.6994498 0.4796694
v 0.3985076 0.6838139 0.4688038
v 0.3698362 0.6625929 0.4589832
v 0.3450866 0.6364317 0.4505058
v 0.3250106 0.6061250 0.4436293
v 0.3102184 0.5725938 0.4385626
v 0.3011594 0.5368568 0.4354597
v 0.2981089 0.5000000 0.4344148
v 0.3011594 0.4631432 0.4354597
v 0.3102184 0.4274062 0.4385626
v 0.3250106 0.3938750 0.4436293
v 0.3450866 0.3635683 0.4505058
v 0.3698362 0.3374071 0.4589832
v 0.3985076 0.3161861 0.4688038
v 0.4302296 0.3005502 0.4796694
v 0.4640382 0.2909746 0.4912497
v 0.4989064 0.2877500 0.5031929
v 0.5337745 0.2909746 0.5151361
v 0.5675831 0.3005502 0.5267164
v 0.5993051 0.3161861 0.5375820
v 0.6279765 0.3374071 0.5474026
v 0.6527262 0.3635683 0.5558800
v 0.6728021 0.3938750 0.5627565
v 0.6875943 0.4274062 0.5678232
v 0.6966533 0.4631432 0.5709261
v 0.6896354 0.5356847 0.5709007
v 0.6925890 0.5000000 0.5719123
v 0.6808645 0.5702851 0.5678964
v 0.6665427 0.6027500 0.5629908
v 0.6471053 0.6320929 0.5563330
v 0.6231427 0.6574221 0.5481253
v 0.5953831 0.6779682 0.5386169
v 0.5646700 0.6931068 0.5280969
v 0.5319365 0.7023780 0.5168849
v 0.4981773 0.7055000 0.5053215
v 0.4644180 0.7023780 0.4937581
v 0.4316845 0.6931068 0.4825461
v 0.4009714 0.6779682 0.4720261
v 0.3732118 0.6574221 0.4625177
v 0.3492493 0.6320929 0.4543099
v 0.3298118 0.6027500 0.4476521
v 0.3154900 0.5702851 0.4427466
v 0.3067191 0.5356847 0.4397423
v 0.3037656 0.5000000 0.4387306
v 0.3067191 0.4643153 0.4397423
v 0.3154900 0.4297149 0.4427466
v 0.3298118 0.3972500 0.4476521
v 0.3492493 0.3679071 0.4543099
v 0.3732118 0.3425779 0.4625177
v 0.4009714 0.3220318 0.4720261
v 0.4316845 0.3068932 0.4825461
v 0.4644180 0.2976220 0.4937581
v 0.4981773 0.2945000 0.5053215
v 0.5319365 0.2976220 0.5168849
v 0.5646700 0.3068932 0.5280969
v 0.5953831 0.3220318 0.5386169
v 0.6231427 0.3425779 0.5481253
v 0.6471053 0.3679071 0.5563330
v 0.6665427 0.3972500 0.5629908
v 0.6808645 0.4297149 0.5678964
v 0.6896354 0.4643153 0.5709007
v 0.4802646 0.4694583 0.1961683
v 0.4494315 0.4682920 0.1960551
v 0.4492316 0.4840833 0.1948537
v 0.4801905 0.4846718 0.1950268
v 0.4491644 0.5000000 0.1944500
v 0.4801656 0.5000000 0.1946435
v 0.4492316 0.5159167 0.1948537
v 0.4801905 0.5153282 0.1950268
v 0.4494315 0.5317080 0.1960551
v 0.4802646 0.5305417 0.1961683
v 0.4174005 0.4670346 0.1954706
v 0.4170641 0.4834501 0.1942300
v 0.4169510 0.5000000 0.1938131
v 0.4170641 0.5165499 0.1942300
v 0.4174005 0.5329654 0.1954706
v 0.3860863 0.4664793 0.2017702
v 0.3856176 0.4831707 0.2005431
v 0.3854601 0.5000000 0.2001307
v 0.3856176 0.5168293 0.2005431
v 0.3860863 0.5335207 0.2017702
v 0.3585464 0.4670346 0.2179509
v 0.3579701 0.4834501 0.2168019
v 0.3577765 0.5000000 0.2164157
v 0.3579701 0.5165499 0.2168019
v 0.3585464 0.5329654 0.2179509
v 0.3350616 0.4682920 0.2397405
v 0.3344096 0.4840833 0.2387117
v 0.3341906 0.5000000 0.2383661
v 0.3344096 0.5159167 0.2387117
v 0.3350616 0.5317080 0.2397405
v 0.3121554 0.4694583 0.2603803
v 0.3114497 0.4846718 0.2594801
v 0.3112127 0.5000000 0.2591778
v 0.3114497 0.5153282 0.2594801
v 0.3121554 0.5305417 0.2603803
v 0.4810159 0.4853105 0.2077341
v 0.4513213 0.4847385 0.2074142
v 0.4515130 0.4695972 0.2085662
v 0.4810869 0.4707309 0.2088279
v 0.4809920 0.5000000 0.2073667
v 0.4512570 0.5000000 0.2070271
v 0.4810159 0.5146895 0.2077341
v 0.4513213 0.5152615 0.2074142
v 0.4810869 0.5292691 0.2088279
v 0.4515130 0.5304028 0.2085662
v 0.4203972 0.4841153 0.2065186
v 0.4207201 0.4683594 0.2077093
v 0.4202886 0.5000000 0.2061185
v 0.4203972 0.5158847 0.2065186
v 0.4207201 0.5316406 0.2077093
v 0.3901609 0.4838391 0.2124374
v 0.3906109 0.4678107 0.2136157
v 0.3900096 0.5000000 0.2120414
v 0.3901609 0.5161609 0.2124374
v 0.3906109 0.5321893 0.2136157
v 0.3636782 0.4841153 0.2281834
v 0.3642313 0.4683594 0.2292862
v 0.3634923 0.5000000 0.2278127
v 0.3636782 0.5158847 0.2281834
v 0.3642313 0.5316406 0.2292862
v 0.3412257 0.4847385 0.2494670
v 0.3418508 0.4695972 0.2504534
v 0.3410157 0.5000000 0.2491355
v 0.3412257 0.5152615 0.2494670
v 0.3418508 0.5304028 0.2504534
v 0.3193060 0.4853105 0.2695017
v 0.3199823 0.4707309 0.2703644
v 0.3190788 0.5000000 0.2692120
v 0.3193060 0.5146895 0.2695017
v 0.3199823 0.5292691 0.2703644
v 0.4371497 0.5360351 0.2484759
v 0.4199588 0.5372650 0.2456375
v 0.4206452 0.5510199 0.2478188
v 0.4376830 0.5493404 0.2506104
v 0.4215248 0.5643729 0.2506141
v 0.4383667 0.5622609 0.2533464
v 0.4225780 0.5772407 0.2539608
v 0.4391856 0.5747166 0.2566236
v 0.4022032 0.5383708 0.2439648
v 0.4030448 0.5525322 0.2461681
v 0.4041232 0.5662784 0.2489913
v 0.4054142 0.5795235 0.2523711
v 0.3900841 0.5372650 0.2570486
v 0.3910267 0.5510199 0.2591321
v 0.3922346 0.5643729 0.2618019
v 0.3936809 0.5772407 0.2649985
v 0.3791631 0.5360351 0.2706248
v 0.3801886 0.5493404 0.2725713
v 0.3815030 0.5622609 0.2750664
v 0.3830774 0.5747166 0.2780550
v 0.4401828 0.5473611 0.2606145
v 0.4237399 0.5490303 0.2576532
v 0.4230802 0.5358118 0.2555569
v 0.4396709 0.5345895 0.2585657
v 0.4408391 0.5597633 0.2632409
v 0.4245852 0.5618625 0.2603394
v 0.4416251 0.5717194 0.2663865
v 0.4255972 0.5742285 0.2635557
v 0.4067234 0.5505391 0.2557986
v 0.4059137 0.5369150 0.2536788
v 0.4077608 0.5637638 0.2585147
v 0.4090028 0.5765064 0.2617662
v 0.3952764 0.5490303 0.2685252
v 0.3943706 0.5358118 0.2665230
v 0.3964372 0.5618625 0.2710910
v 0.3978270 0.5742285 0.2741630
v 0.3849948 0.5473611 0.2816945
v 0.3840105 0.5345895 0.2798261
v 0.3862565 0.5597633 0.2840895
v 0.3877677 0.5717194 0.2869582
v 0.4494620 0.4861172 0.1962382
v 0.4174301 0.4855632 0.1955795
v 0.4173436 0.5000000 0.1952608
v 0.4494106 0.5000000 0.1959297
v 0.4174301 0.5144368 0.1955795
v 0.4494620 0.5138828 0.1962382
v 0.3847791 0.4851462 0.1983478
v 0.3846573 0.5000000 0.1980288
v 0.3847791 0.5148538 0.1983478
v 0.3585970 0.4855632 0.2180517
v 0.3584489 0.5000000 0.2177566
v 0.3585970 0.5144368 0.2180517
v 0.3351610 0.4861172 0.2398973
v 0.3349935 0.5000000 0.2396331
v 0.3351610 0.5138828 0.2398973
v 0.6878446 0.4694583 0.2603803
v 0.6649384 0.4682920 0.2397405
v 0.6655904 0.4840833 0.2387117
v 0.6885503 0.4846718 0.2594801
v 0.6658094 0.5000000 0.2383661
v 0.6887873 0.5000000 0.2591778
v 0.6655904 0.5159167 0.2387117
v 0.6885503 0.5153282 0.2594801
v 0.6649384 0.5317080 0.2397405
v 0.6878446 0.5305417 0.2603803
v 0.6414536 0.4670346 0.2179509
v 0.6420299 0.4834501 0.2168019
v 0.6422235 0.5000000 0.2164157
v 0.6420299 0.5165499 0.2168019
v 0.6414536 0.5329654 0.2179509
v 0.6139137 0.4664793 0.2017702
v 0.6143824 0.4831707 0.2005431
v 0.6145399 0.5000000 0.2001307
v 0.6143824 0.5168293 0.2005431
v 0.6139137 0.5335207 0.2017702
v 0.5825995 0.4670346 0.1954706
v 0.5829359 0.4834501 0.1942300
v 0.5830490 0.5000000 0.1938131
v 0.5829359 0.5165499 0.1942300
v 0.5825995 0.5329654 0.1954706
v 0.5505685 0.4682920 0.1960551
v 0.5507684 0.4840833 0.1948537
v 0.5508356 0.5000000 0.1944500
v 0.5507684 0.5159167 0.1948537
v 0.5505685 0.5317080 0.1960551
v 0.5197354 0.4694583 0.1961683
v 0.5198095 0.4846718 0.1950268
v 0.5198344 0.5000000 0.1946435
v 0.5198095 0.5153282 0.1950268
v 0.5197354 0.5305417 0.1961683
v 0.6806940 0.4853105 0.2695017
v 0.6587743 0.4847385 0.2494670
v 0.6581492 0.4695972 0.2504534
v 0.6800177 0.4707309 0.2703644
v 0.6809212 0.5000000 0.2692120
v 0.6589843 0.5000000 0.2491355
v 0.6806940 0.5146895 0.2695017
v 0.6587743 0.5152615 0.2494670
v 0.6800177 0.5292691 0.2703644
v 0.6581492 0.5304028 0.2504534
v 0.6363218 0.4841153 0.2281834
v 0.6357687 0.4683594 0.2292862
v 0.6365077 0.5000000 0.2278127
v 0.6363218 0.5158847 0.2281834
v 0.6357687 0.5316406 0.2292862
v 0.6098391 0.4838391 0.2124374
v 0.6093891 0.4678107 0.2136157
v 0.6099904 0.5000000 0.2120414
v 0.6098391 0.5161609 0.2124374
v 0.6093891 0.5321893 0.2136157
v 0.5796028 0.4841153 0.2065186
v 0.5792799 0.4683594 0.2077093
v 0.5797114 0.5000000 0.2061185
v 0.5796028 0.5158847 0.2065186
v 0.5792799 0.5316406 0.2077093
v 0.5486787 0.4847385 0.2074142
v 0.5484870 0.4695972 0.2085662
v 0.5487430 0.5000000 0.2070271
v 0.5486787 0.5152615 0.2074142
v 0.5484870 0.5304028 0.2085662
v 0.5189841 0.4853105 0.2077341
v 0.5189131 0.4707309 0.2088279
v 0.5190080 0.5000000 0.2073667
v 0.5189841 0.5146895 0.2077341
v 0.5189131 0.5292691 0.2088279
v 0.6208369 0.5360351 0.2706248
v 0.6099159 0.5372650 0.2570486
v 0.6089733 0.5510199 0.2591321
v 0.6198114 0.5493404 0.2725713
v 0.6077654 0.5643729 0.2618019
v 0.6184970 0.5622609 0.2750664
v 0.6063191 0.5772407 0.2649985
v 0.6169226 0.5747166 0.2780550
v 0.5977968 0.5383708 0.2439648
v 0.5969552 0.5525322 0.2461681
v 0.5958768 0.5662784 0.2489913
v 0.5945858 0.5795235 0.2523711
v 0.5800412 0.5372650 0.2456375
v 0.5793548 0.5510199 0.2478188
v 0.5784752 0.5643729 0.2506141
v 0.5774220 0.5772407 0.2539608
v 0.5628503 0.5360351 0.2484759
v 0.5623170 0.5493404 0.2506104
v 0.5616333 0.5622609 0.2533464
v 0.5608144 0.5747166 0.2566236
v 0.6150052 0.5473611 0.2816945
v 0.6047236 0.5490303 0.2685252
v 0.6056294 0.5358118 0.2665230
v 0.6159895 0.5345895 0.2798261
v 0.6137435 0.5597633 0.2840895
v 0.6035628 0.5618625 0.2710910
v 0.6122323 0.5717194 0.2869582
v 0.6021730 0.5742285 0.2741630
v 0.5932766 0.5505391 0.2557986
v 0.5940863 0.5369150 0.2536788
v 0.5922392 0.5637638 0.2585147
v 0.5909972 0.5765064 0.2617662
v 0.5762601 0.5490303 0.2576532
v 0.5769198 0.5358118 0.2555569
v 0.5754148 0.5618625 0.2603394
v 0.5744028 0.5742285 0.2635557
v 0.5598172 0.5473611 0.2606145
v 0.5603291 0.5345895 0.2585657
v 0.5591609 0.5597633 0.2632409
v 0.5583749 0.5717194 0.2663865
v 0.6648390 0.4861172 0.2398973
v 0.6414030 0.4855632 0.2180517
v 0.6415511 0.5000000 0.2177566
v 0.6650065 0.5000000 0.2396331
v 0.6414030 0.5144368 0.2180517
v 0.6648390 0.5138828 0.2398973
v 0.6152209 0.4851462 0.1983478
v 0.6153427 0.5000000 0.1980288
v 0.6152209 0.5148538 0.1983478
v 0.5825699 0.4855632 0.1955795
v 0.5826564 0.5000000 0.1952608
v 0.5825699 0.5144368 0.1955795
v 0.5505380 0.4861172 0.1962382
v 0.5505894 0.5000000 0.1959297
v 0.5505380 0.5138828 0.1962382
v 0.4100224 0.2391722 0.3676788
v 0.4387854 0.2292119 0.3626258
v 0.4385435 0.2224621 0.3769517
v 0.4096843 0.2327229 0.3815009
v 0.4384622 0.2164080 0.3916775
v 0.4095708 0.2269106 0.3956891
v 0.4385435 0.2111033 0.4066895
v 0.4096843 0.2217840 0.4101393
v 0.4387854 0.2065837 0.4218673
v 0.4100224 0.2173763 0.4247412
v 0.4684993 0.2184735 0.3571781
v 0.4683710 0.2114213 0.3720567
v 0.4683278 0.2051144 0.3873637
v 0.4683710 0.1996106 0.4029775
v 0.4684993 0.1949479 0.4187688
v 0.5000000 0.2137311 0.3547722
v 0.5000000 0.2065482 0.3698961
v 0.5000000 0.2001307 0.3854601
v 0.5000000 0.1945380 0.4013391
v 0.5000000 0.1898092 0.4174005
v 0.5315007 0.2184735 0.3571781
v 0.5316290 0.2114213 0.3720567
v 0.5316722 0.2051144 0.3873637
v 0.5316290 0.1996106 0.4029775
v 0.5315007 0.1949479 0.4187688
v 0.5612146 0.2292119 0.3626258
v 0.5614565 0.2224621 0.3769517
v 0.5615378 0.2164080 0.3916775
v 0.5614565 0.2111033 0.4066895
v 0.5612146 0.2065837 0.4218673
v 0.5899776 0.2391722 0.3676788
v 0.5903157 0.2327229 0.3815009
v 0.5904292 0.2269106 0.3956891
v 0.5903157 0.2217840 0.4101393
v 0.5899776 0.2173763 0.4247412
v 0.4134475 0.2438595 0.3864384
v 0.4410732 0.2338862 0.3820167
v 0.4413052 0.2403582 0.3682805
v 0.4137714 0.2500400 0.3731922
v 0.4133387 0.2382893 0.4000354
v 0.4409952 0.2280813 0.3961363
v 0.4134475 0.2333763 0.4138835
v 0.4410732 0.2229949 0.4105304
v 0.4137714 0.2291523 0.4278770
v 0.4413052 0.2186614 0.4250834
v 0.4696421 0.2230190 0.3771986
v 0.4697653 0.2297878 0.3629180
v 0.4696007 0.2169656 0.3918905
v 0.4696421 0.2116830 0.4068768
v 0.4697653 0.2072077 0.4220334
v 0.5000000 0.2182039 0.3750638
v 0.5000000 0.2251016 0.3605406
v 0.5000000 0.2120414 0.3900096
v 0.5000000 0.2066708 0.4052579
v 0.5000000 0.2021299 0.4206813
v 0.5303579 0.2230190 0.3771986
v 0.5302347 0.2297878 0.3629180
v 0.5303993 0.2169656 0.3918905
v 0.5303579 0.2116830 0.4068768
v 0.5302347 0.2072077 0.4220334
v 0.5589268 0.2338862 0.3820167
v 0.5586948 0.2403582 0.3682805
v 0.5590048 0.2280813 0.3961363
v 0.5589268 0.2229949 0.4105304
v 0.5586948 0.2186614 0.4250834
v 0.5865525 0.2438595 0.3864384
v 0.5862286 0.2500400 0.3731922
v 0.5866613 0.2382893 0.4000354
v 0.5865525 0.2333763 0.4138835
v 0.5862286 0.2291523 0.4278770
v 0.4689637 0.2466922 0.4418194
v 0.4840101 0.2380460 0.4398335
v 0.4841472 0.2352704 0.4534974
v 0.4692271 0.2439851 0.4550282
v 0.4843229 0.2332383 0.4670151
v 0.4695647 0.2419904 0.4680973
v 0.4845333 0.2319185 0.4802855
v 0.4699691 0.2406787 0.4809297
v 0.5000000 0.2302732 0.4380482
v 0.5000000 0.2274235 0.4521190
v 0.5000000 0.2253417 0.4660387
v 0.5000000 0.2239953 0.4797028
v 0.5159899 0.2380460 0.4398335
v 0.5158528 0.2352704 0.4534974
v 0.5156771 0.2332383 0.4670151
v 0.5154667 0.2319185 0.4802855
v 0.5310363 0.2466922 0.4418194
v 0.5307729 0.2439851 0.4550282
v 0.5304353 0.2419904 0.4680973
v 0.5300309 0.2406787 0.4809297
v 0.4704615 0.2542550 0.4568323
v 0.4847654 0.2455941 0.4553109
v 0.4846336 0.2482615 0.4421798
v 0.4702087 0.2568536 0.4441532
v 0.4707856 0.2523403 0.4693770
v 0.4849343 0.2436413 0.4683014
v 0.4711737 0.2510813 0.4816947
v 0.4851365 0.2423729 0.4810543
v 0.5000000 0.2377651 0.4539356
v 0.5000000 0.2405068 0.4403987
v 0.5000000 0.2357623 0.4673272
v 0.5000000 0.2344670 0.4804729
v 0.5152346 0.2455941 0.4553109
v 0.5153664 0.2482615 0.4421798
v 0.5150657 0.2436413 0.4683014
v 0.5148635 0.2423729 0.4810543
v 0.5295385 0.2542550 0.4568323
v 0.5297913 0.2568536 0.4441532
v 0.5292144 0.2523403 0.4693770
v 0.5288263 0.2510813 0.4816947
v 0.4388223 0.2230214 0.3793426
v 0.4685106 0.2119670 0.3745270
v 0.4684776 0.2065087 0.3878963
v 0.4387602 0.2177814 0.3922021
v 0.4685106 0.2016642 0.4015000
v 0.4388223 0.2131141 0.4052803
v 0.5000000 0.2036479 0.3709031
v 0.5000000 0.1980288 0.3846573
v 0.5000000 0.1930476 0.3986551
v 0.5314894 0.2119670 0.3745270
v 0.5315224 0.2065087 0.3878963
v 0.5314894 0.2016642 0.4015000
v 0.5611777 0.2230214 0.3793426
v 0.5612398 0.2177814 0.3922021
v 0.5611777 0.2131141 0.4052803
v 0.2809091 0.4081567 0.3071271
v 0.2953108 0.3818812 0.2997618
v 0.2880037 0.3749164 0.3119662
v 0.2738283 0.4015539 0.3189179
v 0.2812167 0.3682443 0.3247305
v 0.2672784 0.3951646 0.3312215
v 0.2750078 0.3619205 0.3379580
v 0.2613128 0.3890385 0.3439488
v 0.2694213 0.3559918 0.3515407
v 0.2559719 0.3832195 0.3570015
v 0.3099210 0.3544697 0.2918211
v 0.3023902 0.3471204 0.3044859
v 0.2953551 0.3401463 0.3177507
v 0.2888773 0.3336075 0.3315117
v 0.2830048 0.3275535 0.3456534
v 0.3293686 0.3293686 0.2883143
v 0.3217960 0.3217960 0.3011844
v 0.3146706 0.3146706 0.3146706
v 0.3080549 0.3080549 0.3286665
v 0.3019990 0.3019990 0.3430534
v 0.3544697 0.3099210 0.2918211
v 0.3471204 0.3023902 0.3044859
v 0.3401463 0.2953551 0.3177507
v 0.3336075 0.2888773 0.3315117
v 0.3275535 0.2830048 0.3456534
v 0.3818812 0.2953108 0.2997618
v 0.3749164 0.2880037 0.3119662
v 0.3682443 0.2812167 0.3247305
v 0.3619205 0.2750078 0.3379580
v 0.3559918 0.2694213 0.3515407
v 0.4081567 0.2809091 0.3071271
v 0.4015539 0.2738283 0.3189179
v 0.3951646 0.2672784 0.3312215
v 0.3890385 0.2613128 0.3439488
v 0.3832195 0.2559719 0.3570015
v 0.2832521 0.4056558 0.3264630
v 0.2967299 0.3800651 0.3197061
v 0.3037362 0.3867433 0.3080040
v 0.2900379 0.4119835 0.3151635
v 0.2769751 0.3995327 0.3382539
v 0.2902223 0.3736677 0.3319450
v 0.2712581 0.3936619 0.3504509
v 0.2842690 0.3676041 0.3446280
v 0.2661397 0.3880853 0.3629597
v 0.2789124 0.3619195 0.3576516
v 0.3103320 0.3532645 0.3123435
v 0.3175601 0.3603184 0.3001876
v 0.3035796 0.3465707 0.3250751
v 0.2973621 0.3402947 0.3382831
v 0.2917257 0.3344840 0.3518565
v 0.3288742 0.3288742 0.3090812
v 0.3361460 0.3361460 0.2967223
v 0.3220318 0.3220318 0.3220318
v 0.3156789 0.3156789 0.3354718
v 0.3098636 0.3098636 0.3492872
v 0.3532645 0.3103320 0.3123435
v 0.3603184 0.3175601 0.3001876
v 0.3465707 0.3035796 0.3250751
v 0.3402947 0.2973621 0.3382831
v 0.3344840 0.2917257 0.3518565
v 0.3800651 0.2967299 0.3197061
v 0.3867433 0.3037362 0.3080040
v 0.3736677 0.2902223 0.3319450
v 0.3676041 0.2842690 0.3446280
v 0.3619195 0.2789124 0.3576516
v 0.4056558 0.2832521 0.3264630
v 0.4119835 0.2900379 0.3151635
v 0.3995327 0.2769751 0.3382539
v 0.3936619 0.2712581 0.3504509
v 0.3880853 0.2661397 0.3629597
v 0.3147367 0.3586287 0.3808164
v 0.3198016 0.3424147 0.3767483
v 0.3156010 0.3380203 0.3892970
v 0.3107522 0.3542716 0.3929413
v 0.3119628 0.3341335 0.4018885
v 0.3073326 0.3503747 0.4051074
v 0.3088803 0.3307535 0.4144170
v 0.3044697 0.3469399 0.4172136
v 0.3260967 0.3260967 0.3730911
v 0.3216771 0.3216771 0.3860157
v 0.3178100 0.3178100 0.3989842
v 0.3144916 0.3144916 0.4118876
v 0.3424147 0.3198016 0.3767483
v 0.3380203 0.3156010 0.3892970
v 0.3341335 0.3119628 0.4018885
v 0.3307535 0.3088803 0.4144170
v 0.3586287 0.3147367 0.3808164
v 0.3542716 0.3107522 0.3929413
v 0.3503747 0.3073326 0.4051074
v 0.3469399 0.3044697 0.4172136
v 0.3183438 0.3601175 0.3972359
v 0.3227921 0.3443370 0.3936142
v 0.3268288 0.3485601 0.3815548
v 0.3221685 0.3642997 0.3855974
v 0.3150614 0.3563768 0.4089140
v 0.3192957 0.3406018 0.4057146
v 0.3123134 0.3530798 0.4205346
v 0.3163334 0.3373537 0.4177545
v 0.3284427 0.3284427 0.3903403
v 0.3326947 0.3326947 0.3779061
v 0.3247224 0.3247224 0.4028168
v 0.3215298 0.3215298 0.4152306
v 0.3443370 0.3227921 0.3936142
v 0.3485601 0.3268288 0.3815548
v 0.3406018 0.3192957 0.4057146
v 0.3373537 0.3163334 0.4177545
v 0.3601175 0.3183438 0.3972359
v 0.3642997 0.3221685 0.3855974
v 0.3563768 0.3150614 0.4089140
v 0.3530798 0.3123134 0.4205346
v 0.2881647 0.3746830 0.3144211
v 0.3024295 0.3469623 0.3070145
v 0.2963227 0.3409021 0.3186124
v 0.2822762 0.3688824 0.3255793
v 0.2906419 0.3351747 0.3305897
v 0.2768295 0.3633478 0.3370915
v 0.3196327 0.3196327 0.3014406
v 0.3133715 0.3133715 0.3133715
v 0.3075046 0.3075046 0.3256967
v 0.3469623 0.3024295 0.3070145
v 0.3409021 0.2963227 0.3186124
v 0.3351747 0.2906419 0.3305897
v 0.3746830 0.2881647 0.3144211
v 0.3688824 0.2822762 0.3255793
v 0.3633478 0.2768295 0.3370915
v 0.5918433 0.2809091 0.3071271
v 0.6181188 0.2953108 0.2997618
v 0.6250836 0.2880037 0.3119662
v 0.5984461 0.2738283 0.3189179
v 0.6317557 0.2812167 0.3247305
v 0.6048354 0.2672784 0.3312215
v 0.6380795 0.2750078 0.3379580
v 0.6109615 0.2613128 0.3439488
v 0.6440082 0.2694213 0.3515407
v 0.6167805 0.2559719 0.3570015
v 0.6455303 0.3099210 0.2918211
v 0.6528796 0.3023902 0.3044859
v 0.6598537 0.2953551 0.3177507
v 0.6663925 0.2888773 0.3315117
v 0.6724465 0.2830048 0.3456534
v 0.6706314 0.3293686 0.2883143
v 0.6782040 0.3217960 0.3011844
v 0.6853294 0.3146706 0.3146706
v 0.6919451 0.3080549 0.3286665
v 0.6980010 0.3019990 0.3430534
v 0.6900790 0.3544697 0.2918211
v 0.6976098 0.3471204 0.3044859
v 0.7046449 0.3401463 0.3177507
v 0.7111227 0.3336075 0.3315117
v 0.7169952 0.3275535 0.3456534
v 0.7046892 0.3818812 0.2997618
v 0.7119963 0.3749164 0.3119662
v 0.7187833 0.3682443 0.3247305
v 0.7249922 0.3619205 0.3379580
v 0.7305787 0.3559918 0.3515407
v 0.7190909 0.4081567 0.3071271
v 0.7261717 0.4015539 0.3189179
v 0.7327216 0.3951646 0.3312215
v 0.7386872 0.3890385 0.3439488
v 0.7440281 0.3832195 0.3570015
v 0.5943442 0.2832521 0.3264630
v 0.6199349 0.2967299 0.3197061
v 0.6132567 0.3037362 0.3080040
v 0.5880165 0.2900379 0.3151635
v 0.6004673 0.2769751 0.3382539
v 0.6263323 0.2902223 0.3319450
v 0.6063381 0.2712581 0.3504509
v 0.6323959 0.2842690 0.3446280
v 0.6119147 0.2661397 0.3629597
v 0.6380805 0.2789124 0.3576516
v 0.6467355 0.3103320 0.3123435
v 0.6396816 0.3175601 0.3001876
v 0.6534293 0.3035796 0.3250751
v 0.6597053 0.2973621 0.3382831
v 0.6655160 0.2917257 0.3518565
v 0.6711258 0.3288742 0.3090812
v 0.6638540 0.3361460 0.2967223
v 0.6779682 0.3220318 0.3220318
v 0.6843211 0.3156789 0.3354718
v 0.6901364 0.3098636 0.3492872
v 0.6896680 0.3532645 0.3123435
v 0.6824399 0.3603184 0.3001876
v 0.6964204 0.3465707 0.3250751
v 0.7026379 0.3402947 0.3382831
v 0.7082743 0.3344840 0.3518565
v 0.7032701 0.3800651 0.3197061
v 0.6962638 0.3867433 0.3080040
v 0.7097777 0.3736677 0.3319450
v 0.7157310 0.3676041 0.3446280
v 0.7210876 0.3619195 0.3576516
v 0.7167479 0.4056558 0.3264630
v 0.7099621 0.4119835 0.3151635
v 0.7230249 0.3995327 0.3382539
v 0.7287419 0.3936619 0.3504509
v 0.7338603 0.3880853 0.3629597
v 0.6413713 0.3147367 0.3808164
v 0.6575853 0.3198016 0.3767483
v 0.6619797 0.3156010 0.3892970
v 0.6457284 0.3107522 0.3929413
v 0.6658665 0.3119628 0.4018885
v 0.6496253 0.3073326 0.4051074
v 0.6692465 0.3088803 0.4144170
v 0.6530601 0.3044697 0.4172136
v 0.6739033 0.3260967 0.3730911
v 0.6783229 0.3216771 0.3860157
v 0.6821900 0.3178100 0.3989842
v 0.6855084 0.3144916 0.4118876
v 0.6801984 0.3424147 0.3767483
v 0.6843990 0.3380203 0.3892970
v 0.6880372 0.3341335 0.4018885
v 0.6911197 0.3307535 0.4144170
v 0.6852633 0.3586287 0.3808164
v 0.6892478 0.3542716 0.3929413
v 0.6926674 0.3503747 0.4051074
v 0.6955303 0.3469399 0.4172136
v 0.6398825 0.3183438 0.3972359
v 0.6556630 0.3227921 0.3936142
v 0.6514399 0.3268288 0.3815548
v 0.6357003 0.3221685 0.3855974
v 0.6436232 0.3150614 0.4089140
v 0.6593982 0.3192957 0.4057146
v 0.6469202 0.3123134 0.4205346
v 0.6626463 0.3163334 0.4177545
v 0.6715573 0.3284427 0.3903403
v 0.6673053 0.3326947 0.3779061
v 0.6752776 0.3247224 0.4028168
v 0.6784702 0.3215298 0.4152306
v 0.6772079 0.3443370 0.3936142
v 0.6731712 0.3485601 0.3815548
v 0.6807043 0.3406018 0.4057146
v 0.6836666 0.3373537 0.4177545
v 0.6816562 0.3601175 0.3972359
v 0.6778315 0.3642997 0.3855974
v 0.6849386 0.3563768 0.4089140
v 0.6876866 0.3530798 0.4205346
v 0.6253170 0.2881647 0.3144211
v 0.6530377 0.3024295 0.3070145
v 0.6590979 0.2963227 0.3186124
v 0.6311176 0.2822762 0.3255793
v 0.6648253 0.2906419 0.3305897
v 0.6366522 0.2768295 0.3370915
v 0.6803673 0.3196327 0.3014406
v 0.6866285 0.3133715 0.3133715
v 0.6924954 0.3075046 0.3256967
v 0.6975705 0.3469623 0.3070145
v 0.7036773 0.3409021 0.3186124
v 0.7093581 0.3351747 0.3305897
v 0.7118353 0.3746830 0.3144211
v 0.7177238 0.3688824 0.3255793
v 0.7231705 0.3633478 0.3370915
v 0.3121554 0.4694583 0.7396197
v 0.3350616 0.4682920 0.7602595
v 0.3344096 0.4840833 0.7612883
v 0.3114497 0.4846718 0.7405199
v 0.3341906 0.5000000 0.7616339
v 0.3112127 0.5000000 0.7408222
v 0.3344096 0.5159167 0.7612883
v 0.3114497 0.5153282 0.7405199
v 0.3350616 0.5317080 0.7602595
v 0.3121554 0.5305417 0.7396197
v 0.3585464 0.4670346 0.7820491
v 0.3579701 0.4834501 0.7831981
v 0.3577765 0.5000000 0.7835843
v 0.3579701 0.5165499 0.7831981
v 0.3585464 0.5329654 0.7820491
v 0.3860863 0.4664793 0.7982298
v 0.3856176 0.4831707 0.7994569
v 0.3854601 0.5000000 0.7998693
v 0.3856176 0.5168293 0.7994569
v 0.3860863 0.5335207 0.7982298
v 0.4174005 0.4670346 0.8045294
v 0.4170641 0.4834501 0.8057700
v 0.4169510 0.5000000 0.8061869
v 0.4170641 0.5165499 0.8057700
v 0.4174005 0.5329654 0.8045294
v 0.4494315 0.4682920 0.8039449
v 0.4492316 0.4840833 0.8051463
v 0.4491644 0.5000000 0.8055500
v 0.4492316 0.5159167 0.8051463
v 0.4494315 0.5317080 0.8039449
v 0.4802646 0.4694583 0.8038317
v 0.4801905 0.4846718 0.8049732
v 0.4801656 0.5000000 0.8053565
v 0.4801905 0.5153282 0.8049732
v 0.4802646 0.5305417 0.8038317
v 0.3193060 0.4853105 0.7304983
v 0.3412257 0.4847385 0.7505330
v 0.3418508 0.4695972 0.7495466
v 0.3199823 0.4707309 0.7296356
v 0.3190788 0.5000000 0.7307880
v 0.3410157 0.5000000 0.7508645
v 0.3193060 0.5146895 0.7304983
v 0.3412257 0.5152615 0.7505330
v 0.3199823 0.5292691 0.7296356
v 0.3418508 0.5304028 0.7495466
v 0.3636782 0.4841153 0.7718166
v 0.3642313 0.4683594 0.7707138
v 0.3634923 0.5000000 0.7721873
v 0.3636782 0.5158847 0.7718166
v 0.3642313 0.5316406 0.7707138
v 0.3901609 0.4838391 0.7875626
v 0.3906109 0.4678107 0.7863843
v 0.3900096 0.5000000 0.7879586
v 0.3901609 0.5161609 0.7875626
v 0.3906109 0.5321893 0.7863843
v 0.4203972 0.4841153 0.7934814
v 0.4207201 0.4683594 0.7922907
v 0.4202886 0.5000000 0.7938815
v 0.4203972 0.5158847 0.7934814
v 0.4207201 0.5316406 0.7922907
v 0.4513213 0.4847385 0.7925858
v 0.4515130 0.4695972 0.7914338
v 0.4512570 0.5000000 0.7929729
v 0.4513213 0.5152615 0.7925858
v 0.4515130 0.5304028 0.7914338
v 0.4810159 0.4853105 0.7922659
v 0.4810869 0.4707309 0.7911721
v 0.4809920 0.5000000 0.7926333
v 0.4810159 0.5146895 0.7922659
v 0.4810869 0.5292691 0.7911721
v 0.3791631 0.5360351 0.7293752
v 0.3900841 0.5372650 0.7429514
v 0.3910267 0.5510199 0.7408679
v 0.3801886 0.5493404 0.7274287
v 0.3922346 0.5643729 0.7381981
v 0.3815030 0.5622609 0.7249336
v 0.3936809 0.5772407 0.7350015
v 0.3830774 0.5747166 0.7219450
v 0.4022032 0.5383708 0.7560352
v 0.4030448 0.5525322 0.7538319
v 0.4041232 0.5662784 0.7510087
v 0.4054142 0.5795235 0.7476289
v 0.4199588 0.5372650 0.7543625
v 0.4206452 0.5510199 0.7521812
v 0.4215248 0.5643729 0.7493859
v 0.4225780 0.5772407 0.7460392
v 0.4371497 0.5360351 0.7515241
v 0.4376830 0.5493404 0.7493896
v 0.4383667 0.5622609 0.7466536
v 0.4391856 0.5747166 0.7433764
v 0.3849948 0.5473611 0.7183055
v 0.3952764 0.5490303 0.7314748
v 0.3943706 0.5358118 0.7334770
v 0.3840105 0.5345895 0.7201739
v 0.3862565 0.5597633 0.7159105
v 0.3964372 0.5618625 0.7289090
v 0.3877677 0.5717194 0.7130418
v 0.3978270 0.5742285 0.7258370
v 0.4067234 0.5505391 0.7442014
v 0.4059137 0.5369150 0.7463212
v 0.4077608 0.5637638 0.7414853
v 0.4090028 0.5765064 0.7382338
v 0.4237399 0.5490303 0.7423468
v 0.4230802 0.5358118 0.7444431
v 0.4245852 0.5618625 0.7396606
v 0.4255972 0.5742285 0.7364443
v 0.4401828 0.5473611 0.7393855
v 0.4396709 0.5345895 0.7414343
v 0.4408391 0.5597633 0.7367591
v 0.4416251 0.5717194 0.7336135
v 0.3351610 0.4861172 0.7601027
v 0.3585970 0.4855632 0.7819483
v 0.3584489 0.5000000 0.7822434
v 0.3349935 0.5000000 0.7603669
v 0.3585970 0.5144368 0.7819483
v 0.3351610 0.5138828 0.7601027
v 0.3847791 0.4851462 0.8016522
v 0.3846573 0.5000000 0.8019712
v 0.3847791 0.5148538 0.8016522
v 0.4174301 0.4855632 0.8044205
v 0.4173436 0.5000000 0.8047392
v 0.4174301 0.5144368 0.8044205
v 0.4494620 0.4861172 0.8037618
v 0.4494106 0.5000000 0.8040703
v 0.4494620 0.5138828 0.8037618
v 0.5197354 0.4694583 0.8038317
v 0.5505685 0.4682920 0.8039449
v 0.5507684 0.4840833 0.8051463
v 0.5198095 0.4846718 0.8049732
v 0.5508356 0.5000000 0.8055500
v 0.5198344 0.5000000 0.8053565
v 0.5507684 0.5159167 0.8051463
v 0.5198095 0.5153282 0.8049732
v 0.5505685 0.5317080 0.8039449
v 0.5197354 0.5305417 0.8038317
v 0.5825995 0.4670346 0.8045294
v 0.5829359 0.4834501 0.8057700
v 0.5830490 0.5000000 0.8061869
v 0.5829359 0.5165499 0.8057700
v 0.5825995 0.5329654 0.8045294
v 0.6139137 0.4664793 0.7982298
v 0.6143824 0.4831707 0.7994569
v 0.6145399 0.5000000 0.7998693
v 0.6143824 0.5168293 0.7994569
v 0.6139137 0.5335207 0.7982298
v 0.6414536 0.4670346 0.7820491
v 0.6420299 0.4834501 0.7831981
v 0.6422235 0.5000000 0.7835843
v 0.6420299 0.5165499 0.7831981
v 0.6414536 0.5329654 0.7820491
v 0.6649384 0.4682920 0.7602595
v 0.6655904 0.4840833 0.7612883
v 0.6658094 0.5000000 0.7616339
v 0.6655904 0.5159167 0.7612883
v 0.6649384 0.5317080 0.7602595
v 0.6878446 0.4694583 0.7396197
v 0.6885503 0.4846718 0.7405199
v 0.6887873 0.5000000 0.7408222
v 0.6885503 0.5153282 0.7405199
v 0.6878446 0.5305417 0.7396197
v 0.5189841 0.4853105 0.7922659
v 0.5486787 0.4847385 0.7925858
v 0.5484870 0.4695972 0.7914338
v 0.5189131 0.4707309 0.7911721
v 0.5190080 0.5000000 0.7926333
v 0.5487430 0.5000000 0.7929729
v 0.5189841 0.5146895 0.7922659
v 0.5486787 0.5152615 0.7925858
v 0.5189131 0.5292691 0.7911721
v 0.5484870 0.5304028 0.7914338
v 0.5796028 0.4841153 0.7934814
v 0.5792799 0.4683594 0.7922907
v 0.5797114 0.5000000 0.7938815
v 0.5796028 0.5158847 0.7934814
v 0.5792799 0.5316406 0.7922907
v 0.6098391 0.4838391 0.7875626
v 0.6093891 0.4678107 0.7863843
v 0.6099904 0.5000000 0.7879586
v 0.6098391 0.5161609 0.7875626
v 0.6093891 0.5321893 0.7863843
v 0.6363218 0.4841153 0.7718166
v 0.6357687 0.4683594 0.7707138
v 0.6365077 0.5000000 0.7721873
v 0.6363218 0.5158847 0.7718166
v 0.6357687 0.5316406 0.7707138
v 0.6587743 0.4847385 0.7505330
v 0.6581492 0.4695972 0.7495466
v 0.6589843 0.5000000 0.7508645
v 0.6587743 0.5152615 0.7505330
v 0.6581492 0.5304028 0.7495466
v 0.6806940 0.4853105 0.7304983
v 0.6800177 0.4707309 0.7296356
v 0.6809212 0.5000000 0.7307880
v 0.6806940 0.5146895 0.7304983
v 0.6800177 0.5292691 0.7296356
v 0.5628503 0.5360351 0.7515241
v 0.5800412 0.5372650 0.7543625
v 0.5793548 0.5510199 0.7521812
v 0.5623170 0.5493404 0.7493896
v 0.5784752 0.5643729 0.7493859
v 0.5616333 0.5622609 0.7466536
v 0.5774220 0.5772407 0.7460392
v 0.5608144 0.5747166 0.7433764
v 0.5977968 0.5383708 0.7560352
v 0.5969552 0.5525322 0.7538319
v 0.5958768 0.5662784 0.7510087
v 0.5945858 0.5795235 0.7476289
v 0.6099159 0.5372650 0.7429514
v 0.6089733 0.5510199 0.7408679
v 0.6077654 0.5643729 0.7381981
v 0.6063191 0.5772407 0.7350015
v 0.6208369 0.5360351 0.7293752
v 0.6198114 0.5493404 0.7274287
v 0.6184970 0.5622609 0.7249336
v 0.6169226 0.5747166 0.7219450
v 0.5598172 0.5473611 0.7393855
v 0.5762601 0.5490303 0.7423468
v 0.5769198 0.5358118 0.7444431
v 0.5603291 0.5345895 0.7414343
v 0.5591609 0.5597633 0.7367591
v 0.5754148 0.5618625 0.7396606
v 0.5583749 0.5717194 0.7336135
v 0.5744028 0.5742285 0.7364443
v 0.5932766 0.5505391 0.7442014
v 0.5940863 0.5369150 0.7463212
v 0.5922392 0.5637638 0.7414853
v 0.5909972 0.5765064 0.7382338
v 0.6047236 0.5490303 0.7314748
v 0.6056294 0.5358118 0.7334770
v 0.6035628 0.5618625 0.7289090
v 0.6021730 0.5742285 0.7258370
v 0.6150052 0.5473611 0.7183055
v 0.6159895 0.5345895 0.7201739
v 0.6137435 0.5597633 0.7159105
v 0.6122323 0.5717194 0.7130418
v 0.5505380 0.4861172 0.8037618
v 0.5825699 0.4855632 0.8044205
v 0.5826564 0.5000000 0.8047392
v 0.5505894 0.5000000 0.8040703
v 0.5825699 0.5144368 0.8044205
v 0.5505380 0.5138828 0.8037618
v 0.6152209 0.4851462 0.8016522
v 0.6153427 0.5000000 0.8019712
v 0.6152209 0.5148538 0.8016522
v 0.6414030 0.4855632 0.7819483
v 0.6415511 0.5000000 0.7822434
v 0.6414030 0.5144368 0.7819483
v 0.6648390 0.4861172 0.7601027
v 0.6650065 0.5000000 0.7603669
v 0.6648390 0.5138828 0.7601027
v 0.4100224 0.2173763 0.5752588
v 0.4387854 0.2065837 0.5781327
v 0.4385435 0.2111033 0.5933105
v 0.4096843 0.2217840 0.5898607
v 0.4384622 0.2164080 0.6083225
v 0.4095708 0.2269106 0.6043109
v 0.4385435 0.2224621 0.6230483
v 0.4096843 0.2327229 0.6184991
v 0.4387854 0.2292119 0.6373742
v 0.4100224 0.2391722 0.6323212
v 0.4684993 0.1949479 0.5812312
v 0.4683710 0.1996106 0.5970225
v 0.4683278 0.2051144 0.6126363
v 0.4683710 0.2114213 0.6279433
v 0.4684993 0.2184735 0.6428219
v 0.5000000 0.1898092 0.5825995
v 0.5000000 0.1945380 0.5986609
v 0.5000000 0.2001307 0.6145399
v 0.5000000 0.2065482 0.6301039
v 0.5000000 0.2137311 0.6452278
v 0.5315007 0.1949479 0.5812312
v 0.5316290 0.1996106 0.5970225
v 0.5316722 0.2051144 0.6126363
v 0.5316290 0.2114213 0.6279433
v 0.5315007 0.2184735 0.6428219
v 0.5612146 0.2065837 0.5781327
v 0.5614565 0.2111033 0.5933105
v 0.5615378 0.2164080 0.6083225
v 0.5614565 0.2224621 0.6230483
v 0.5612146 0.2292119 0.6373742
v 0.5899776 0.2173763 0.5752588
v 0.5903157 0.2217840 0.5898607
v 0.5904292 0.2269106 0.6043109
v 0.5903157 0.2327229 0.6184991
v 0.5899776 0.2391722 0.6323212
v 0.4134475 0.2333763 0.5861165
v 0.4410732 0.2229949 0.5894696
v 0.4413052 0.2186614 0.5749166
v 0.4137714 0.2291523 0.5721230
v 0.4133387 0.2382893 0.5999646
v 0.4409952 0.2280813 0.6038637
v 0.4134475 0.2438595 0.6135616
v 0.4410732 0.2338862 0.6179833
v 0.4137714 0.2500400 0.6268078
v 0.4413052 0.2403582 0.6317195
v 0.4696421 0.2116830 0.5931232
v 0.4697653 0.2072077 0.5779666
v 0.4696007 0.2169656 0.6081095
v 0.4696421 0.2230190 0.6228014
v 0.4697653 0.2297878 0.6370820
v 0.5000000 0.2066708 0.5947421
v 0.5000000 0.2021299 0.5793187
v 0.5000000 0.2120414 0.6099904
v 0.5000000 0.2182039 0.6249362
v 0.5000000 0.2251016 0.6394594
v 0.5303579 0.2116830 0.5931232
v 0.5302347 0.2072077 0.5779666
v 0.5303993 0.2169656 0.6081095
v 0.5303579 0.2230190 0.6228014
v 0.5302347 0.2297878 0.6370820
v 0.5589268 0.2229949 0.5894696
v 0.5586948 0.2186614 0.5749166
v 0.5590048 0.2280813 0.6038637
v 0.5589268 0.2338862 0.6179833
v 0.5586948 0.2403582 0.6317195
v 0.5865525 0.2333763 0.5861165
v 0.5862286 0.2291523 0.5721230
v 0.5866613 0.2382893 0.5999646
v 0.5865525 0.2438595 0.6135616
v 0.5862286 0.2500400 0.6268078
v 0.4689637 0.2724084 0.6255065
v 0.4840101 0.2646400 0.6297905
v 0.4841472 0.2716805 0.6418254
v 0.4692271 0.2791966 0.6371566
v 0.4843229 0.2791777 0.6532556
v 0.4695647 0.2864225 0.6482275
v 0.4845333 0.2870409 0.6640267
v 0.4699691 0.2939998 0.6586667
v 0.5000000 0.2576563 0.6336417
v 0.5000000 0.2649128 0.6460293
v 0.5000000 0.2726409 0.6577923
v 0.5000000 0.2807468 0.6688745
v 0.5159899 0.2646400 0.6297905
v 0.5158528 0.2716805 0.6418254
v 0.5156771 0.2791777 0.6532556
v 0.5154667 0.2870409 0.6640267
v 0.5310363 0.2724084 0.6255065
v 0.5307729 0.2791966 0.6371566
v 0.5304353 0.2864225 0.6482275
v 0.5300309 0.2939998 0.6586667
v 0.4704615 0.2880540 0.6316546
v 0.4847654 0.2805843 0.6362946
v 0.4846336 0.2738184 0.6247290
v 0.4702087 0.2815382 0.6204719
v 0.4707856 0.2949901 0.6422815
v 0.4849343 0.2877891 0.6472791
v 0.4711737 0.3022634 0.6523019
v 0.4851365 0.2953457 0.6576301
v 0.5000000 0.2738321 0.6404889
v 0.5000000 0.2668509 0.6285713
v 0.5000000 0.2812670 0.6518056
v 0.5000000 0.2890654 0.6624674
v 0.5152346 0.2805843 0.6362946
v 0.5153664 0.2738184 0.6247290
v 0.5150657 0.2877891 0.6472791
v 0.5148635 0.2953457 0.6576301
v 0.5295385 0.2880540 0.6316546
v 0.5297913 0.2815382 0.6204719
v 0.5292144 0.2949901 0.6422815
v 0.5288263 0.3022634 0.6523019
v 0.4388223 0.2131141 0.5947197
v 0.4685106 0.2016642 0.5985000
v 0.4684776 0.2065087 0.6121037
v 0.4387602 0.2177814 0.6077979
v 0.4685106 0.2119670 0.6254730
v 0.4388223 0.2230214 0.6206574
v 0.5000000 0.1930476 0.6013449
v 0.5000000 0.1980288 0.6153427
v 0.5000000 0.2036479 0.6290969
v 0.5314894 0.2016642 0.5985000
v 0.5315224 0.2065087 0.6121037
v 0.5314894 0.2119670 0.6254730
v 0.5611777 0.2131141 0.5947197
v 0.5612398 0.2177814 0.6077979
v 0.5611777 0.2230214 0.6206574
v 0.2559719 0.3832195 0.6429985
v 0.2694213 0.3559918 0.6484593
v 0.2750078 0.3619205 0.6620420
v 0.2613128 0.3890385 0.6560512
v 0.2812167 0.3682443 0.6752695
v 0.2672784 0.3951646 0.6687785
v 0.2880037 0.3749164 0.6880338
v 0.2738283 0.4015539 0.6810821
v 0.2953108 0.3818812 0.7002382
v 0.2809091 0.4081567 0.6928729
v 0.2830048 0.3275535 0.6543466
v 0.2888773 0.3336075 0.6684883
v 0.2953551 0.3401463 0.6822493
v 0.3023902 0.3471204 0.6955141
v 0.3099210 0.3544697 0.7081789
v 0.3019990 0.3019990 0.6569466
v 0.3080549 0.3080549 0.6713335
v 0.3146706 0.3146706 0.6853294
v 0.3217960 0.3217960 0.6988156
v 0.3293686 0.3293686 0.7116857
v 0.3275535 0.2830048 0.6543466
v 0.3336075 0.2888773 0.6684883
v 0.3401463 0.2953551 0.6822493
v 0.3471204 0.3023902 0.6955141
v 0.3544697 0.3099210 0.7081789
v 0.3559918 0.2694213 0.6484593
v 0.3619205 0.2750078 0.6620420
v 0.3682443 0.2812167 0.6752695
v 0.3749164 0.2880037 0.6880338
v 0.3818812 0.2953108 0.7002382
v 0.3832195 0.2559719 0.6429985
v 0.3890385 0.2613128 0.6560512
v 0.3951646 0.2672784 0.6687785
v 0.4015539 0.2738283 0.6810821
v 0.4081567 0.2809091 0.6928729
v 0.2712581 0.3936619 0.6495491
v 0.2842690 0.3676041 0.6553720
v 0.2789124 0.3619195 0.6423484
v 0.2661397 0.3880853 0.6370403
v 0.2769751 0.3995327 0.6617461
v 0.2902223 0.3736677 0.6680550
v 0.2832521 0.4056558 0.6735370
v 0.2967299 0.3800651 0.6802939
v 0.2900379 0.4119835 0.6848365
v 0.3037362 0.3867433 0.6919960
v 0.2973621 0.3402947 0.6617169
v 0.2917257 0.3344840 0.6481435
v 0.3035796 0.3465707 0.6749249
v 0.3103320 0.3532645 0.6876565
v 0.3175601 0.3603184 0.6998124
v 0.3156789 0.3156789 0.6645282
v 0.3098636 0.3098636 0.6507128
v 0.3220318 0.3220318 0.6779682
v 0.3288742 0.3288742 0.6909188
v 0.3361460 0.3361460 0.7032777
v 0.3402947 0.2973621 0.6617169
v 0.3344840 0.2917257 0.6481435
v 0.3465707 0.3035796 0.6749249
v 0.3532645 0.3103320 0.6876565
v 0.3603184 0.3175601 0.6998124
v 0.3676041 0.2842690 0.6553720
v 0.3619195 0.2789124 0.6423484
v 0.3736677 0.2902223 0.6680550
v 0.3800651 0.2967299 0.6802939
v 0.3867433 0.3037362 0.6919960
v 0.3936619 0.2712581 0.6495491
v 0.3880853 0.2661397 0.6370403
v 0.3995327 0.2769751 0.6617461
v 0.4056558 0.2832521 0.6735370
v 0.4119835 0.2900379 0.6848365
v 0.3441592 0.3880512 0.6780286
v 0.3502284 0.3728415 0.6841052
v 0.3572586 0.3796779 0.6940182
v 0.3510384 0.3945579 0.6876312
v 0.3645230 0.3866937 0.7032320
v 0.3581684 0.4012105 0.6965643
v 0.3719470 0.3938202 0.7117165
v 0.3654756 0.4079458 0.7047981
v 0.3574263 0.3574263 0.6895681
v 0.3645695 0.3645695 0.6997691
v 0.3719261 0.3719261 0.7092480
v 0.3794222 0.3794222 0.7179738
v 0.3728415 0.3502284 0.6841052
v 0.3796779 0.3572586 0.6940182
v 0.3866937 0.3645230 0.7032320
v 0.3938202 0.3719470 0.7117165
v 0.3880512 0.3441592 0.6780286
v 0.3945579 0.3510384 0.6876312
v 0.4012105 0.3581684 0.6965643
v 0.4079458 0.3654756 0.7047981
v 0.3570140 0.3987877 0.6801045
v 0.3628251 0.3843701 0.6864520
v 0.3560690 0.3778003 0.6769256
v 0.3504107 0.3925420 0.6708870
v 0.3638580 0.4051734 0.6886792
v 0.3698062 0.3911124 0.6953065
v 0.3708720 0.4116385 0.6965827
v 0.3769407 0.3979610 0.7034601
v 0.3697078 0.3697078 0.6921898
v 0.3628356 0.3628356 0.6823758
v 0.3767853 0.3767853 0.7013091
v 0.3839970 0.3839970 0.7097038
v 0.3843701 0.3628251 0.6864520
v 0.3778003 0.3560690 0.6769256
v 0.3911124 0.3698062 0.6953065
v 0.3979610 0.3769407 0.7034601
v 0.3987877 0.3570140 0.6801045
v 0.3925420 0.3504107 0.6708870
v 0.4051734 0.3638580 0.6886792
v 0.4116385 0.3708720 0.6965827
v 0.2768295 0.3633478 0.6629085
v 0.2906419 0.3351747 0.6694103
v 0.2963227 0.3409021 0.6813876
v 0.2822762 0.3688824 0.6744207
v 0.3024295 0.3469623 0.6929855
v 0.2881647 0.3746830 0.6855789
v 0.3075046 0.3075046 0.6743033
v 0.3133715 0.3133715 0.6866285
v 0.3196327 0.3196327 0.6985594
v 0.3351747 0.2906419 0.6694103
v 0.3409021 0.2963227 0.6813876
v 0.3469623 0.3024295 0.6929855
v 0.3633478 0.2768295 0.6629085
v 0.3688824 0.2822762 0.6744207
v 0.3746830 0.2881647 0.6855789
v 0.6167805 0.2559719 0.6429985
v 0.6440082 0.2694213 0.6484593
v 0.6380795 0.2750078 0.6620420
v 0.6109615 0.2613128 0.6560512
v 0.6317557 0.2812167 0.6752695
v 0.6048354 0.2672784 0.6687785
v 0.6250836 0.2880037 0.6880338
v 0.5984461 0.2738283 0.6810821
v 0.6181188 0.2953108 0.7002382
v 0.5918433 0.2809091 0.6928729
v 0.6724465 0.2830048 0.6543466
v 0.6663925 0.2888773 0.6684883
v 0.6598537 0.2953551 0.6822493
v 0.6528796 0.3023902 0.6955141
v 0.6455303 0.3099210 0.7081789
v 0.6980010 0.3019990 0.6569466
v 0.6919451 0.3080549 0.6713335
v 0.6853294 0.3146706 0.6853294
v 0.6782040 0.3217960 0.6988156
v 0.6706314 0.3293686 0.7116857
v 0.7169952 0.3275535 0.6543466
v 0.7111227 0.3336075 0.6684883
v 0.7046449 0.3401463 0.6822493
v 0.6976098 0.3471204 0.6955141
v 0.6900790 0.3544697 0.7081789
v 0.7305787 0.3559918 0.6484593
v 0.7249922 0.3619205 0.6620420
v 0.7187833 0.3682443 0.6752695
v 0.7119963 0.3749164 0.6880338
v 0.7046892 0.3818812 0.7002382
v 0.7440281 0.3832195 0.6429985
v 0.7386872 0.3890385 0.6560512
v 0.7327216 0.3951646 0.6687785
v 0.7261717 0.4015539 0.6810821
v 0.7190909 0.4081567 0.6928729
v 0.6063381 0.2712581 0.6495491
v 0.6323959 0.2842690 0.6553720
v 0.6380805 0.2789124 0.6423484
v 0.6119147 0.2661397 0.6370403
v 0.6004673 0.2769751 0.6617461
v 0.6263323 0.2902223 0.6680550
v 0.5943442 0.2832521 0.6735370
v 0.6199349 0.2967299 0.6802939
v 0.5880165 0.2900379 0.6848365
v 0.6132567 0.3037362 0.6919960
v 0.6597053 0.2973621 0.6617169
v 0.6655160 0.2917257 0.6481435
v 0.6534293 0.3035796 0.6749249
v 0.6467355 0.3103320 0.6876565
v 0.6396816 0.3175601 0.6998124
v 0.6843211 0.3156789 0.6645282
v 0.6901364 0.3098636 0.6507128
v 0.6779682 0.3220318 0.6779682
v 0.6711258 0.3288742 0.6909188
v 0.6638540 0.3361460 0.7032777
v 0.7026379 0.3402947 0.6617169
v 0.7082743 0.3344840 0.6481435
v 0.6964204 0.3465707 0.6749249
v 0.6896680 0.3532645 0.6876565
v 0.6824399 0.3603184 0.6998124
v 0.7157310 0.3676041 0.6553720
v 0.7210876 0.3619195 0.6423484
v 0.7097777 0.3736677 0.6680550
v 0.7032701 0.3800651 0.6802939
v 0.6962638 0.3867433 0.6919960
v 0.7287419 0.3936619 0.6495491
v 0.7338603 0.3880853 0.6370403
v 0.7230249 0.3995327 0.6617461
v 0.7167479 0.4056558 0.6735370
v 0.7099621 0.4119835 0.6848365
v 0.6119488 0.3441592 0.6780286
v 0.6271585 0.3502284 0.6841052
v 0.6203221 0.3572586 0.6940182
v 0.6054421 0.3510384 0.6876312
v 0.6133063 0.3645230 0.7032320
v 0.5987895 0.3581684 0.6965643
v 0.6061798 0.3719470 0.7117165
v 0.5920542 0.3654756 0.7047981
v 0.6425737 0.3574263 0.6895681
v 0.6354305 0.3645695 0.6997691
v 0.6280739 0.3719261 0.7092480
v 0.6205778 0.3794222 0.7179738
v 0.6497716 0.3728415 0.6841052
v 0.6427414 0.3796779 0.6940182
v 0.6354770 0.3866937 0.7032320
v 0.6280530 0.3938202 0.7117165
v 0.6558408 0.3880512 0.6780286
v 0.6489616 0.3945579 0.6876312
v 0.6418316 0.4012105 0.6965643
v 0.6345244 0.4079458 0.7047981
v 0.6012123 0.3570140 0.6801045
v 0.6156299 0.3628251 0.6864520
v 0.6221997 0.3560690 0.6769256
v 0.6074580 0.3504107 0.6708870
v 0.5948266 0.3638580 0.6886792
v 0.6088876 0.3698062 0.6953065
v 0.5883615 0.3708720 0.6965827
v 0.6020390 0.3769407 0.7034601
v 0.6302922 0.3697078 0.6921898
v 0.6371644 0.3628356 0.6823758
v 0.6232147 0.3767853 0.7013091
v 0.6160030 0.3839970 0.7097038
v 0.6371749 0.3843701 0.6864520
v 0.6439310 0.3778003 0.6769256
v 0.6301938 0.3911124 0.6953065
v 0.6230593 0.3979610 0.7034601
v 0.6429860 0.3987877 0.6801045
v 0.6495893 0.3925420 0.6708870
v 0.6361420 0.4051734 0.6886792
v 0.6291280 0.4116385 0.6965827
v 0.6366522 0.2768295 0.6629085
v 0.6648253 0.2906419 0.6694103
v 0.6590979 0.2963227 0.6813876
v 0.6311176 0.2822762 0.6744207
v 0.6530377 0.3024295 0.6929855
v 0.6253170 0.2881647 0.6855789
v 0.6924954 0.3075046 0.6743033
v 0.6866285 0.3133715 0.6866285
v 0.6803673 0.3196327 0.6985594
v 0.7093581 0.3351747 0.6694103
v 0.7036773 0.3409021 0.6813876
v 0.6975705 0.3469623 0.6929855
v 0.7231705 0.3633478 0.6629085
v 0.7177238 0.3688824 0.6744207
v 0.7118353 0.3746830 0.6855789
v 0.5899776 0.7608278 0.3676788
v 0.5612146 0.7707881 0.3626258
v 0.5614565 0.7775379 0.3769517
v 0.5903157 0.7672771 0.3815009
v 0.5615378 0.7835920 0.3916775
v 0.5904292 0.7730894 0.3956891
v 0.5614565 0.7888967 0.4066895
v 0.5903157 0.7782160 0.4101393
v 0.5612146 0.7934163 0.4218673
v 0.5899776 0.7826237 0.4247412
v 0.5315007 0.7815265 0.3571781
v 0.5316290 0.7885787 0.3720567
v 0.5316722 0.7948856 0.3873637
v 0.5316290 0.8003894 0.4029775
v 0.5315007 0.8050521 0.4187688
v 0.5000000 0.7862689 0.3547722
v 0.5000000 0.7934518 0.3698961
v 0.5000000 0.7998693 0.3854601
v 0.5000000 0.8054620 0.4013391
v 0.5000000 0.8101908 0.4174005
v 0.4684993 0.7815265 0.3571781
v 0.4683710 0.7885787 0.3720567
v 0.4683278 0.7948856 0.3873637
v 0.4683710 0.8003894 0.4029775
v 0.4684993 0.8050521 0.4187688
v 0.4387854 0.7707881 0.3626258
v 0.4385435 0.7775379 0.3769517
v 0.4384622 0.7835920 0.3916775
v 0.4385435 0.7888967 0.4066895
v 0.4387854 0.7934163 0.4218673
v 0.4100224 0.7608278 0.3676788
v 0.4096843 0.7672771 0.3815009
v 0.4095708 0.7730894 0.3956891
v 0.4096843 0.7782160 0.4101393
v 0.4100224 0.7826237 0.4247412
v 0.5865525 0.7561405 0.3864384
v 0.5589268 0.7661138 0.3820167
v 0.5586948 0.7596418 0.3682805
v 0.5862286 0.7499600 0.3731922
v 0.5866613 0.7617107 0.4000354
v 0.5590048 0.7719187 0.3961363
v 0.5865525 0.7666237 0.4138835
v 0.5589268 0.7770051 0.4105304
v 0.5862286 0.7708477 0.4278770
v 0.5586948 0.7813386 0.4250834
v 0.5303579 0.7769810 0.3771986
v 0.5302347 0.7702122 0.3629180
v 0.5303993 0.7830344 0.3918905
v 0.5303579 0.7883170 0.4068768
v 0.5302347 0.7927923 0.4220334
v 0.5000000 0.7817961 0.3750638
v 0.5000000 0.7748984 0.3605406
v 0.5000000 0.7879586 0.3900096
v 0.5000000 0.7933292 0.4052579
v 0.5000000 0.7978701 0.4206813
v 0.4696421 0.7769810 0.3771986
v 0.4697653 0.7702122 0.3629180
v 0.4696007 0.7830344 0.3918905
v 0.4696421 0.7883170 0.4068768
v 0.4697653 0.7927923 0.4220334
v 0.4410732 0.7661138 0.3820167
v 0.4413052 0.7596418 0.3682805
v 0.4409952 0.7719187 0.3961363
v 0.4410732 0.7770051 0.4105304
v 0.4413052 0.7813386 0.4250834
v 0.4134475 0.7561405 0.3864384
v 0.4137714 0.7499600 0.3731922
v 0.4133387 0.7617107 0.4000354
v 0.4134475 0.7666237 0.4138835
v 0.4137714 0.7708477 0.4278770
v 0.5310363 0.7533078 0.4418194
v 0.5159899 0.7619540 0.4398335
v 0.5158528 0.7647296 0.4534974
v 0.5307729 0.7560149 0.4550282
v 0.5156771 0.7667617 0.4670151
v 0.5304353 0.7580096 0.4680973
v 0.5154667 0.7680815 0.4802855
v 0.5300309 0.7593213 0.4809297
v 0.5000000 0.7697268 0.4380482
v 0.5000000 0.7725765 0.4521190
v 0.5000000 0.7746583 0.4660387
v 0.5000000 0.7760047 0.4797028
v 0.4840101 0.7619540 0.4398335
v 0.4841472 0.7647296 0.4534974
v 0.4843229 0.7667617 0.4670151
v 0.4845333 0.7680815 0.4802855
v 0.4689637 0.7533078 0.4418194
v 0.4692271 0.7560149 0.4550282
v 0.4695647 0.7580096 0.4680973
v 0.4699691 0.7593213 0.4809297
v 0.5295385 0.7457450 0.4568323
v 0.5152346 0.7544059 0.4553109
v 0.5153664 0.7517385 0.4421798
v 0.5297913 0.7431464 0.4441532
v 0.5292144 0.7476597 0.4693770
v 0.5150657 0.7563587 0.4683014
v 0.5288263 0.7489187 0.4816947
v 0.5148635 0.7576271 0.4810543
v 0.5000000 0.7622349 0.4539356
v 0.5000000 0.7594932 0.4403987
v 0.5000000 0.7642377 0.4673272
v 0.5000000 0.7655330 0.4804729
v 0.4847654 0.7544059 0.4553109
v 0.4846336 0.7517385 0.4421798
v 0.4849343 0.7563587 0.4683014
v 0.4851365 0.7576271 0.4810543
v 0.4704615 0.7457450 0.4568323
v 0.4702087 0.7431464 0.4441532
v 0.4707856 0.7476597 0.4693770
v 0.4711737 0.7489187 0.4816947
v 0.5611777 0.7769786 0.3793426
v 0.5314894 0.7880330 0.3745270
v 0.5315224 0.7934913 0.3878963
v 0.5612398 0.7822186 0.3922021
v 0.5314894 0.7983358 0.4015000
v 0.5611777 0.7868859 0.4052803
v 0.5000000 0.7963521 0.3709031
v 0.5000000 0.8019712 0.3846573
v 0.5000000 0.8069524 0.3986551
v 0.4685106 0.7880330 0.3745270
v 0.4684776 0.7934913 0.3878963
v 0.4685106 0.7983358 0.4015000
v 0.4388223 0.7769786 0.3793426
v 0.4387602 0.7822186 0.3922021
v 0.4388223 0.7868859 0.4052803
v 0.4081567 0.7190909 0.3071271
v 0.3818812 0.7046892 0.2997618
v 0.3749164 0.7119963 0.3119662
v 0.4015539 0.7261717 0.3189179
v 0.3682443 0.7187833 0.3247305
v 0.3951646 0.7327216 0.3312215
v 0.3619205 0.7249922 0.3379580
v 0.3890385 0.7386872 0.3439488
v 0.3559918 0.7305787 0.3515407
v 0.3832195 0.7440281 0.3570015
v 0.3544697 0.6900790 0.2918211
v 0.3471204 0.6976098 0.3044859
v 0.3401463 0.7046449 0.3177507
v 0.3336075 0.7111227 0.3315117
v 0.3275535 0.7169952 0.3456534
v 0.3293686 0.6706314 0.2883143
v 0.3217960 0.6782040 0.3011844
v 0.3146706 0.6853294 0.3146706
v 0.3080549 0.6919451 0.3286665
v 0.3019990 0.6980010 0.3430534
v 0.3099210 0.6455303 0.2918211
v 0.3023902 0.6528796 0.3044859
v 0.2953551 0.6598537 0.3177507
v 0.2888773 0.6663925 0.3315117
v 0.2830048 0.6724465 0.3456534
v 0.2953108 0.6181188 0.2997618
v 0.2880037 0.6250836 0.3119662
v 0.2812167 0.6317557 0.3247305
v 0.2750078 0.6380795 0.3379580
v 0.2694213 0.6440082 0.3515407
v 0.2809091 0.5918433 0.3071271
v 0.2738283 0.5984461 0.3189179
v 0.2672784 0.6048354 0.3312215
v 0.2613128 0.6109615 0.3439488
v 0.2559719 0.6167805 0.3570015
v 0.4056558 0.7167479 0.3264630
v 0.3800651 0.7032701 0.3197061
v 0.3867433 0.6962638 0.3080040
v 0.4119835 0.7099621 0.3151635
v 0.3995327 0.7230249 0.3382539
v 0.3736677 0.7097777 0.3319450
v 0.3936619 0.7287419 0.3504509
v 0.3676041 0.7157310 0.3446280
v 0.3880853 0.7338603 0.3629597
v 0.3619195 0.7210876 0.3576516
v 0.3532645 0.6896680 0.3123435
v 0.3603184 0.6824399 0.3001876
v 0.3465707 0.6964204 0.3250751
v 0.3402947 0.7026379 0.3382831
v 0.3344840 0.7082743 0.3518565
v 0.3288742 0.6711258 0.3090812
v 0.3361460 0.6638540 0.2967223
v 0.3220318 0.6779682 0.3220318
v 0.3156789 0.6843211 0.3354718
v 0.3098636 0.6901364 0.3492872
v 0.3103320 0.6467355 0.3123435
v 0.3175601 0.6396816 0.3001876
v 0.3035796 0.6534293 0.3250751
v 0.2973621 0.6597053 0.3382831
v 0.2917257 0.6655160 0.3518565
v 0.2967299 0.6199349 0.3197061
v 0.3037362 0.6132567 0.3080040
v 0.2902223 0.6263323 0.3319450
v 0.2842690 0.6323959 0.3446280
v 0.2789124 0.6380805 0.3576516
v 0.2832521 0.5943442 0.3264630
v 0.2900379 0.5880165 0.3151635
v 0.2769751 0.6004673 0.3382539
v 0.2712581 0.6063381 0.3504509
v 0.2661397 0.6119147 0.3629597
v 0.3586287 0.6852633 0.3808164
v 0.3424147 0.6801984 0.3767483
v 0.3380203 0.6843990 0.3892970
v 0.3542716 0.6892478 0.3929413
v 0.3341335 0.6880372 0.4018885
v 0.3503747 0.6926674 0.4051074
v 0.3307535 0.6911197 0.4144170
v 0.3469399 0.6955303 0.4172136
v 0.3260967 0.6739033 0.3730911
v 0.3216771 0.6783229 0.3860157
v 0.3178100 0.6821900 0.3989842
v 0.3144916 0.6855084 0.4118876
v 0.3198016 0.6575853 0.3767483
v 0.3156010 0.6619797 0.3892970
v 0.3119628 0.6658665 0.4018885
v 0.3088803 0.6692465 0.4144170
v 0.3147367 0.6413713 0.3808164
v 0.3107522 0.6457284 0.3929413
v 0.3073326 0.6496253 0.4051074
v 0.3044697 0.6530601 0.4172136
v 0.3601175 0.6816562 0.3972359
v 0.3443370 0.6772079 0.3936142
v 0.3485601 0.6731712 0.3815548
v 0.3642997 0.6778315 0.3855974
v 0.3563768 0.6849386 0.4089140
v 0.3406018 0.6807043 0.4057146
v 0.3530798 0.6876866 0.4205346
v 0.3373537 0.6836666 0.4177545
v 0.3284427 0.6715573 0.3903403
v 0.3326947 0.6673053 0.3779061
v 0.3247224 0.6752776 0.4028168
v 0.3215298 0.6784702 0.4152306
v 0.3227921 0.6556630 0.3936142
v 0.3268288 0.6514399 0.3815548
v 0.3192957 0.6593982 0.4057146
v 0.3163334 0.6626463 0.4177545
v 0.3183438 0.6398825 0.3972359
v 0.3221685 0.6357003 0.3855974
v 0.3150614 0.6436232 0.4089140
v 0.3123134 0.6469202 0.4205346
v 0.3746830 0.7118353 0.3144211
v 0.3469623 0.6975705 0.3070145
v 0.3409021 0.7036773 0.3186124
v 0.3688824 0.7177238 0.3255793
v 0.3351747 0.7093581 0.3305897
v 0.3633478 0.7231705 0.3370915
v 0.3196327 0.6803673 0.3014406
v 0.3133715 0.6866285 0.3133715
v 0.3075046 0.6924954 0.3256967
v 0.3024295 0.6530377 0.3070145
v 0.2963227 0.6590979 0.3186124
v 0.2906419 0.6648253 0.3305897
v 0.2881647 0.6253170 0.3144211
v 0.2822762 0.6311176 0.3255793
v 0.2768295 0.6366522 0.3370915
v 0.7190909 0.5918433 0.3071271
v 0.7046892 0.6181188 0.2997618
v 0.7119963 0.6250836 0.3119662
v 0.7261717 0.5984461 0.3189179
v 0.7187833 0.6317557 0.3247305
v 0.7327216 0.6048354 0.3312215
v 0.7249922 0.6380795 0.3379580
v 0.7386872 0.6109615 0.3439488
v 0.7305787 0.6440082 0.3515407
v 0.7440281 0.6167805 0.3570015
v 0.6900790 0.6455303 0.2918211
v 0.6976098 0.6528796 0.3044859
v 0.7046449 0.6598537 0.3177507
v 0.7111227 0.6663925 0.3315117
v 0.7169952 0.6724465 0.3456534
v 0.6706314 0.6706314 0.2883143
v 0.6782040 0.6782040 0.3011844
v 0.6853294 0.6853294 0.3146706
v 0.6919451 0.6919451 0.3286665
v 0.6980010 0.6980010 0.3430534
v 0.6455303 0.6900790 0.2918211
v 0.6528796 0.6976098 0.3044859
v 0.6598537 0.7046449 0.3177507
v 0.6663925 0.7111227 0.3315117
v 0.6724465 0.7169952 0.3456534
v 0.6181188 0.7046892 0.2997618
v 0.6250836 0.7119963 0.3119662
v 0.6317557 0.7187833 0.3247305
v 0.6380795 0.7249922 0.3379580
v 0.6440082 0.7305787 0.3515407
v 0.5918433 0.7190909 0.3071271
v 0.5984461 0.7261717 0.3189179
v 0.6048354 0.7327216 0.3312215
v 0.6109615 0.7386872 0.3439488
v 0.6167805 0.7440281 0.3570015
v 0.7167479 0.5943442 0.3264630
v 0.7032701 0.6199349 0.3197061
v 0.6962638 0.6132567 0.3080040
v 0.7099621 0.5880165 0.3151635
v 0.7230249 0.6004673 0.3382539
v 0.7097777 0.6263323 0.3319450
v 0.7287419 0.6063381 0.3504509
v 0.7157310 0.6323959 0.3446280
v 0.7338603 0.6119147 0.3629597
v 0.7210876 0.6380805 0.3576516
v 0.6896680 0.6467355 0.3123435
v 0.6824399 0.6396816 0.3001876
v 0.6964204 0.6534293 0.3250751
v 0.7026379 0.6597053 0.3382831
v 0.7082743 0.6655160 0.3518565
v 0.6711258 0.6711258 0.3090812
v 0.6638540 0.6638540 0.2967223
v 0.6779682 0.6779682 0.3220318
v 0.6843211 0.6843211 0.3354718
v 0.6901364 0.6901364 0.3492872
v 0.6467355 0.6896680 0.3123435
v 0.6396816 0.6824399 0.3001876
v 0.6534293 0.6964204 0.3250751
v 0.6597053 0.7026379 0.3382831
v 0.6655160 0.7082743 0.3518565
v 0.6199349 0.7032701 0.3197061
v 0.6132567 0.6962638 0.3080040
v 0.6263323 0.7097777 0.3319450
v 0.6323959 0.7157310 0.3446280
v 0.6380805 0.7210876 0.3576516
v 0.5943442 0.7167479 0.3264630
v 0.5880165 0.7099621 0.3151635
v 0.6004673 0.7230249 0.3382539
v 0.6063381 0.7287419 0.3504509
v 0.6119147 0.7338603 0.3629597
v 0.6852633 0.6413713 0.3808164
v 0.6801984 0.6575853 0.3767483
v 0.6843990 0.6619797 0.3892970
v 0.6892478 0.6457284 0.3929413
v 0.6880372 0.6658665 0.4018885
v 0.6926674 0.6496253 0.4051074
v 0.6911197 0.6692465 0.4144170
v 0.6955303 0.6530601 0.4172136
v 0.6739033 0.6739033 0.3730911
v 0.6783229 0.6783229 0.3860157
v 0.6821900 0.6821900 0.3989842
v 0.6855084 0.6855084 0.4118876
v 0.6575853 0.6801984 0.3767483
v 0.6619797 0.6843990 0.3892970
v 0.6658665 0.6880372 0.4018885
v 0.6692465 0.6911197 0.4144170
v 0.6413713 0.6852633 0.3808164
v 0.6457284 0.6892478 0.3929413
v 0.6496253 0.6926674 0.4051074
v 0.6530601 0.6955303 0.4172136
v 0.6816562 0.6398825 0.3972359
v 0.6772079 0.6556630 0.3936142
v 0.6731712 0.6514399 0.3815548
v 0.6778315 0.6357003 0.3855974
v 0.6849386 0.6436232 0.4089140
v 0.6807043 0.6593982 0.4057146
v 0.6876866 0.6469202 0.4205346
v 0.6836666 0.6626463 0.4177545
v 0.6715573 0.6715573 0.3903403
v 0.6673053 0.6673053 0.3779061
v 0.6752776 0.6752776 0.4028168
v 0.6784702 0.6784702 0.4152306
v 0.6556630 0.6772079 0.3936142
v 0.6514399 0.6731712 0.3815548
v 0.6593982 0.6807043 0.4057146
v 0.6626463 0.6836666 0.4177545
v 0.6398825 0.6816562 0.3972359
v 0.6357003 0.6778315 0.3855974
v 0.6436232 0.6849386 0.4089140
v 0.6469202 0.6876866 0.4205346
v 0.7118353 0.6253170 0.3144211
v 0.6975705 0.6530377 0.3070145
v 0.7036773 0.6590979 0.3186124
v 0.7177238 0.6311176 0.3255793
v 0.7093581 0.6648253 0.3305897
v 0.7231705 0.6366522 0.3370915
v 0.6803673 0.6803673 0.3014406
v 0.6866285 0.6866285 0.3133715
v 0.6924954 0.6924954 0.3256967
v 0.6530377 0.6975705 0.3070145
v 0.6590979 0.7036773 0.3186124
v 0.6648253 0.7093581 0.3305897
v 0.6253170 0.7118353 0.3144211
v 0.6311176 0.7177238 0.3255793
v 0.6366522 0.7231705 0.3370915
v 0.5899776 0.7826237 0.5752588
v 0.5612146 0.7934163 0.5781327
v 0.5614565 0.7888967 0.5933105
v 0.5903157 0.7782160 0.5898607
v 0.5615378 0.7835920 0.6083225
v 0.5904292 0.7730894 0.6043109
v 0.5614565 0.7775379 0.6230483
v 0.5903157 0.7672771 0.6184991
v 0.5612146 0.7707881 0.6373742
v 0.5899776 0.7608278 0.6323212
v 0.5315007 0.8050521 0.5812312
v 0.5316290 0.8003894 0.5970225
v 0.5316722 0.7948856 0.6126363
v 0.5316290 0.7885787 0.6279433
v 0.5315007 0.7815265 0.6428219
v 0.5000000 0.8101908 0.5825995
v 0.5000000 0.8054620 0.5986609
v 0.5000000 0.7998693 0.6145399
v 0.5000000 0.7934518 0.6301039
v 0.5000000 0.7862689 0.6452278
v 0.4684993 0.8050521 0.5812312
v 0.4683710 0.8003894 0.5970225
v 0.4683278 0.7948856 0.6126363
v 0.4683710 0.7885787 0.6279433
v 0.4684993 0.7815265 0.6428219
v 0.4387854 0.7934163 0.5781327
v 0.4385435 0.7888967 0.5933105
v 0.4384622 0.7835920 0.6083225
v 0.4385435 0.7775379 0.6230483
v 0.4387854 0.7707881 0.6373742
v 0.4100224 0.7826237 0.5752588
v 0.4096843 0.7782160 0.5898607
v 0.4095708 0.7730894 0.6043109
v 0.4096843 0.7672771 0.6184991
v 0.4100224 0.7608278 0.6323212
v 0.5865525 0.7666237 0.5861165
v 0.5589268 0.7770051 0.5894696
v 0.5586948 0.7813386 0.5749166
v 0.5862286 0.7708477 0.5721230
v 0.5866613 0.7617107 0.5999646
v 0.5590048 0.7719187 0.6038637
v 0.5865525 0.7561405 0.6135616
v 0.5589268 0.7661138 0.6179833
v 0.5862286 0.7499600 0.6268078
v 0.5586948 0.7596418 0.6317195
v 0.5303579 0.7883170 0.5931232
v 0.5302347 0.7927923 0.5779666
v 0.5303993 0.7830344 0.6081095
v 0.5303579 0.7769810 0.6228014
v 0.5302347 0.7702122 0.6370820
v 0.5000000 0.7933292 0.5947421
v 0.5000000 0.7978701 0.5793187
v 0.5000000 0.7879586 0.6099904
v 0.5000000 0.7817961 0.6249362
v 0.5000000 0.7748984 0.6394594
v 0.4696421 0.7883170 0.5931232
v 0.4697653 0.7927923 0.5779666
v 0.4696007 0.7830344 0.6081095
v 0.4696421 0.7769810 0.6228014
v 0.4697653 0.7702122 0.6370820
v 0.4410732 0.7770051 0.5894696
v 0.4413052 0.7813386 0.5749166
v 0.4409952 0.7719187 0.6038637
v 0.4410732 0.7661138 0.6179833
v 0.4413052 0.7596418 0.6317195
v 0.4134475 0.7666237 0.5861165
v 0.4137714 0.7708477 0.5721230
v 0.4133387 0.7617107 0.5999646
v 0.4134475 0.7561405 0.6135616
v 0.4137714 0.7499600 0.6268078
v 0.5310363 0.7275916 0.6255065
v 0.5159899 0.7353600 0.6297905
v 0.5158528 0.7283195 0.6418254
v 0.5307729 0.7208034 0.6371566
v 0.5156771 0.7208223 0.6532556
v 0.5304353 0.7135775 0.6482275
v 0.5154667 0.7129591 0.6640267
v 0.5300309 0.7060002 0.6586667
v 0.5000000 0.7423437 0.6336417
v 0.5000000 0.7350872 0.6460293
v 0.5000000 0.7273591 0.6577923
v 0.5000000 0.7192532 0.6688745
v 0.4840101 0.7353600 0.6297905
v 0.4841472 0.7283195 0.6418254
v 0.4843229 0.7208223 0.6532556
v 0.4845333 0.7129591 0.6640267
v 0.4689637 0.7275916 0.6255065
v 0.4692271 0.7208034 0.6371566
v 0.4695647 0.7135775 0.6482275
v 0.4699691 0.7060002 0.6586667
v 0.5295385 0.7119460 0.6316546
v 0.5152346 0.7194157 0.6362946
v 0.5153664 0.7261816 0.6247290
v 0.5297913 0.7184618 0.6204719
v 0.5292144 0.7050099 0.6422815
v 0.5150657 0.7122109 0.6472791
v 0.5288263 0.6977366 0.6523019
v 0.5148635 0.7046543 0.6576301
v 0.5000000 0.7261679 0.6404889
v 0.5000000 0.7331491 0.6285713
v 0.5000000 0.7187330 0.6518056
v 0.5000000 0.7109346 0.6624674
v 0.4847654 0.7194157 0.6362946
v 0.4846336 0.7261816 0.6247290
v 0.4849343 0.7122109 0.6472791
v 0.4851365 0.7046543 0.6576301
v 0.4704615 0.7119460 0.6316546
v 0.4702087 0.7184618 0.6204719
v 0.4707856 0.7050099 0.6422815
v 0.4711737 0.6977366 0.6523019
v 0.5611777 0.7868859 0.5947197
v 0.5314894 0.7983358 0.5985000
v 0.5315224 0.7934913 0.6121037
v 0.5612398 0.7822186 0.6077979
v 0.5314894 0.7880330 0.6254730
v 0.5611777 0.7769786 0.6206574
v 0.5000000 0.8069524 0.6013449
v 0.5000000 0.8019712 0.6153427
v 0.5000000 0.7963521 0.6290969
v 0.4685106 0.7983358 0.5985000
v 0.4684776 0.7934913 0.6121037
v 0.4685106 0.7880330 0.6254730
v 0.4388223 0.7868859 0.5947197
v 0.4387602 0.7822186 0.6077979
v 0.4388223 0.7769786 0.6206574
v 0.3832195 0.7440281 0.6429985
v 0.3559918 0.7305787 0.6484593
v 0.3619205 0.7249922 0.6620420
v 0.3890385 0.7386872 0.6560512
v 0.3682443 0.7187833 0.6752695
v 0.3951646 0.7327216 0.6687785
v 0.3749164 0.7119963 0.6880338
v 0.4015539 0.7261717 0.6810821
v 0.3818812 0.7046892 0.7002382
v 0.4081567 0.7190909 0.6928729
v 0.3275535 0.7169952 0.6543466
v 0.3336075 0.7111227 0.6684883
v 0.3401463 0.7046449 0.6822493
v 0.3471204 0.6976098 0.6955141
v 0.3544697 0.6900790 0.7081789
v 0.3019990 0.6980010 0.6569466
v 0.3080549 0.6919451 0.6713335
v 0.3146706 0.6853294 0.6853294
v 0.3217960 0.6782040 0.6988156
v 0.3293686 0.6706314 0.7116857
v 0.2830048 0.6724465 0.6543466
v 0.2888773 0.6663925 0.6684883
v 0.2953551 0.6598537 0.6822493
v 0.3023902 0.6528796 0.6955141
v 0.3099210 0.6455303 0.7081789
v 0.2694213 0.6440082 0.6484593
v 0.2750078 0.6380795 0.6620420
v 0.2812167 0.6317557 0.6752695
v 0.2880037 0.6250836 0.6880338
v 0.2953108 0.6181188 0.7002382
v 0.2559719 0.6167805 0.6429985
v 0.2613128 0.6109615 0.6560512
v 0.2672784 0.6048354 0.6687785
v 0.2738283 0.5984461 0.6810821
v 0.2809091 0.5918433 0.6928729
v 0.3936619 0.7287419 0.6495491
v 0.3676041 0.7157310 0.6553720
v 0.3619195 0.7210876 0.6423484
v 0.3880853 0.7338603 0.6370403
v 0.3995327 0.7230249 0.6617461
v 0.3736677 0.7097777 0.6680550
v 0.4056558 0.7167479 0.6735370
v 0.3800651 0.7032701 0.6802939
v 0.4119835 0.7099621 0.6848365
v 0.3867433 0.6962638 0.6919960
v 0.3402947 0.7026379 0.6617169
v 0.3344840 0.7082743 0.6481435
v 0.3465707 0.6964204 0.6749249
v 0.3532645 0.6896680 0.6876565
v 0.3603184 0.6824399 0.6998124
v 0.3156789 0.6843211 0.6645282
v 0.3098636 0.6901364 0.6507128
v 0.3220318 0.6779682 0.6779682
v 0.3288742 0.6711258 0.6909188
v 0.3361460 0.6638540 0.7032777
v 0.2973621 0.6597053 0.6617169
v 0.2917257 0.6655160 0.6481435
v 0.3035796 0.6534293 0.6749249
v 0.3103320 0.6467355 0.6876565
v 0.3175601 0.6396816 0.6998124
v 0.2842690 0.6323959 0.6553720
v 0.2789124 0.6380805 0.6423484
v 0.2902223 0.6263323 0.6680550
v 0.2967299 0.6199349 0.6802939
v 0.3037362 0.6132567 0.6919960
v 0.2712581 0.6063381 0.6495491
v 0.2661397 0.6119147 0.6370403
v 0.2769751 0.6004673 0.6617461
v 0.2832521 0.5943442 0.6735370
v 0.2900379 0.5880165 0.6848365
v 0.3880512 0.6558408 0.6780286
v 0.3728415 0.6497716 0.6841052
v 0.3796779 0.6427414 0.6940182
v 0.3945579 0.6489616 0.6876312
v 0.3866937 0.6354770 0.7032320
v 0.4012105 0.6418316 0.6965643
v 0.3938202 0.6280530 0.7117165
v 0.4079458 0.6345244 0.7047981
v 0.3574263 0.6425737 0.6895681
v 0.3645695 0.6354305 0.6997691
v 0.3719261 0.6280739 0.7092480
v 0.3794222 0.6205778 0.7179738
v 0.3502284 0.6271585 0.6841052
v 0.3572586 0.6203221 0.6940182
v 0.3645230 0.6133063 0.7032320
v 0.3719470 0.6061798 0.7117165
v 0.3441592 0.6119488 0.6780286
v 0.3510384 0.6054421 0.6876312
v 0.3581684 0.5987895 0.6965643
v 0.3654756 0.5920542 0.7047981
v 0.3987877 0.6429860 0.6801045
v 0.3843701 0.6371749 0.6864520
v 0.3778003 0.6439310 0.6769256
v 0.3925420 0.6495893 0.6708870
v 0.4051734 0.6361420 0.6886792
v 0.3911124 0.6301938 0.6953065
v 0.4116385 0.6291280 0.6965827
v 0.3979610 0.6230593 0.7034601
v 0.3697078 0.6302922 0.6921898
v 0.3628356 0.6371644 0.6823758
v 0.3767853 0.6232147 0.7013091
v 0.3839970 0.6160030 0.7097038
v 0.3628251 0.6156299 0.6864520
v 0.3560690 0.6221997 0.6769256
v 0.3698062 0.6088876 0.6953065
v 0.3769407 0.6020390 0.7034601
v 0.3570140 0.6012123 0.6801045
v 0.3504107 0.6074580 0.6708870
v 0.3638580 0.5948266 0.6886792
v 0.3708720 0.5883615 0.6965827
v 0.3633478 0.7231705 0.6629085
v 0.3351747 0.7093581 0.6694103
v 0.3409021 0.7036773 0.6813876
v 0.3688824 0.7177238 0.6744207
v 0.3469623 0.6975705 0.6929855
v 0.3746830 0.7118353 0.6855789
v 0.3075046 0.6924954 0.6743033
v 0.3133715 0.6866285 0.6866285
v 0.3196327 0.6803673 0.6985594
v 0.2906419 0.6648253 0.6694103
v 0.2963227 0.6590979 0.6813876
v 0.3024295 0.6530377 0.6929855
v 0.2768295 0.6366522 0.6629085
v 0.2822762 0.6311176 0.6744207
v 0.2881647 0.6253170 0.6855789
v 0.7440281 0.6167805 0.6429985
v 0.7305787 0.6440082 0.6484593
v 0.7249922 0.6380795 0.6620420
v 0.7386872 0.6109615 0.6560512
v 0.7187833 0.6317557 0.6752695
v 0.7327216 0.6048354 0.6687785
v 0.7119963 0.6250836 0.6880338
v 0.7261717 0.5984461 0.6810821
v 0.7046892 0.6181188 0.7002382
v 0.7190909 0.5918433 0.6928729
v 0.7169952 0.6724465 0.6543466
v 0.7111227 0.6663925 0.6684883
v 0.7046449 0.6598537 0.6822493
v 0.6976098 0.6528796 0.6955141
v 0.6900790 0.6455303 0.7081789
v 0.6980010 0.6980010 0.6569466
v 0.6919451 0.6919451 0.6713335
v 0.6853294 0.6853294 0.6853294
v 0.6782040 0.6782040 0.6988156
v 0.6706314 0.6706314 0.7116857
v 0.6724465 0.7169952 0.6543466
v 0.6663925 0.7111227 0.6684883
v 0.6598537 0.7046449 0.6822493
v 0.6528796 0.6976098 0.6955141
v 0.6455303 0.6900790 0.7081789
v 0.6440082 0.7305787 0.6484593
v 0.6380795 0.7249922 0.6620420
v 0.6317557 0.7187833 0.6752695
v 0.6250836 0.7119963 0.6880338
v 0.6181188 0.7046892 0.7002382
v 0.6167805 0.7440281 0.6429985
v 0.6109615 0.7386872 0.6560512
v 0.6048354 0.7327216 0.6687785
v 0.5984461 0.7261717 0.6810821
v 0.5918433 0.7190909 0.6928729
v 0.7287419 0.6063381 0.6495491
v 0.7157310 0.6323959 0.6553720
v 0.7210876 0.6380805 0.6423484
v 0.7338603 0.6119147 0.6370403
v 0.7230249 0.6004673 0.6617461
v 0.7097777 0.6263323 0.6680550
v 0.7167479 0.5943442 0.6735370
v 0.7032701 0.6199349 0.6802939
v 0.7099621 0.5880165 0.6848365
v 0.6962638 0.6132567 0.6919960
v 0.7026379 0.6597053 0.6617169
v 0.7082743 0.6655160 0.6481435
v 0.6964204 0.6534293 0.6749249
v 0.6896680 0.6467355 0.6876565
v 0.6824399 0.6396816 0.6998124
v 0.6843211 0.6843211 0.6645282
v 0.6901364 0.6901364 0.6507128
v 0.6779682 0.6779682 0.6779682
v 0.6711258 0.6711258 0.6909188
v 0.6638540 0.6638540 0.7032777
v 0.6597053 0.7026379 0.6617169
v 0.6655160 0.7082743 0.6481435
v 0.6534293 0.6964204 0.6749249
v 0.6467355 0.6896680 0.6876565
v 0.6396816 0.6824399 0.6998124
v 0.6323959 0.7157310 0.6553720
v 0.6380805 0.7210876 0.6423484
v 0.6263323 0.7097777 0.6680550
v 0.6199349 0.7032701 0.6802939
v 0.6132567 0.6962638 0.6919960
v 0.6063381 0.7287419 0.6495491
v 0.6119147 0.7338603 0.6370403
v 0.6004673 0.7230249 0.6617461
v 0.5943442 0.7167479 0.6735370
v 0.5880165 0.7099621 0.6848365
v 0.6558408 0.6119488 0.6780286
v 0.6497716 0.6271585 0.6841052
v 0.6427414 0.6203221 0.6940182
v 0.6489616 0.6054421 0.6876312
v 0.6354770 0.6133063 0.7032320
v 0.6418316 0.5987895 0.6965643
v 0.6280530 0.6061798 0.7117165
v 0.6345244 0.5920542 0.7047981
v 0.6425737 0.6425737 0.6895681
v 0.6354305 0.6354305 0.6997691
v 0.6280739 0.6280739 0.7092480
v 0.6205778 0.6205778 0.7179738
v 0.6271585 0.6497716 0.6841052
v 0.6203221 0.6427414 0.6940182
v 0.6133063 0.6354770 0.7032320
v 0.6061798 0.6280530 0.7117165
v 0.6119488 0.6558408 0.6780286
v 0.6054421 0.6489616 0.6876312
v 0.5987895 0.6418316 0.6965643
v 0.5920542 0.6345244 0.7047981
v 0.6429860 0.6012123 0.6801045
v 0.6371749 0.6156299 0.6864520
v 0.6439310 0.6221997 0.6769256
v 0.6495893 0.6074580 0.6708870
v 0.6361420 0.5948266 0.6886792
v 0.6301938 0.6088876 0.6953065
v 0.6291280 0.5883615 0.6965827
v 0.6230593 0.6020390 0.7034601
v 0.6302922 0.6302922 0.6921898
v 0.6371644 0.6371644 0.6823758
v 0.6232147 0.6232147 0.7013091
v 0.6160030 0.6160030 0.7097038
v 0.6156299 0.6371749 0.6864520
v 0.6221997 0.6439310 0.6769256
v 0.6088876 0.6301938 0.6953065
v 0.6020390 0.6230593 0.7034601
v 0.6012123 0.6429860 0.6801045
v 0.6074580 0.6495893 0.6708870
v 0.5948266 0.6361420 0.6886792
v 0.5883615 0.6291280 0.6965827
v 0.7231705 0.6366522 0.6629085
v 0.7093581 0.6648253 0.6694103
v 0.7036773 0.6590979 0.6813876
v 0.7177238 0.6311176 0.6744207
v 0.6975705 0.6530377 0.6929855
v 0.7118353 0.6253170 0.6855789
v 0.6924954 0.6924954 0.6743033
v 0.6866285 0.6866285 0.6866285
v 0.6803673 0.6803673 0.6985594
v 0.6648253 0.7093581 0.6694103
v 0.6590979 0.7036773 0.6813876
v 0.6530377 0.6975705 0.6929855
v 0.6366522 0.7231705 0.6629085
v 0.6311176 0.7177238 0.6744207
v 0.6253170 0.7118353 0.6855789
v 0.1961683 0.4802646 0.4694583
v 0.1960551 0.4494315 0.4682920
v 0.1948537 0.4492316 0.4840833
v 0.1950268 0.4801905 0.4846718
v 0.1944500 0.4491644 0.5000000
v 0.1946435 0.4801656 0.5000000
v 0.1948537 0.4492316 0.5159167
v 0.1950268 0.4801905 0.5153282
v 0.1960551 0.4494315 0.5317080
v 0.1961683 0.4802646 0.5305417
v 0.1954706 0.4174005 0.4670346
v 0.1942300 0.4170641 0.4834501
v 0.1938131 0.4169510 0.5000000
v 0.1942300 0.4170641 0.5165499
v 0.1954706 0.4174005 0.5329654
v 0.2017702 0.3860863 0.4664793
v 0.2005431 0.3856176 0.4831707
v 0.2001307 0.3854601 0.5000000
v 0.2005431 0.3856176 0.5168293
v 0.2017702 0.3860863 0.5335207
v 0.2179509 0.3585464 0.4670346
v 0.2168019 0.3579701 0.4834501
v 0.2164157 0.3577765 0.5000000
v 0.2168019 0.3579701 0.5165499
v 0.2179509 0.3585464 0.5329654
v 0.2397405 0.3350616 0.4682920
v 0.2387117 0.3344096 0.4840833
v 0.2383661 0.3341906 0.5000000
v 0.2387117 0.3344096 0.5159167
v 0.2397405 0.3350616 0.5317080
v 0.2603803 0.3121554 0.4694583
v 0.2594801 0.3114497 0.4846718
v 0.2591778 0.3112127 0.5000000
v 0.2594801 0.3114497 0.5153282
v 0.2603803 0.3121554 0.5305417
v 0.2077341 0.4810159 0.4853105
v 0.2074142 0.4513213 0.4847385
v 0.2085662 0.4515130 0.4695972
v 0.2088279 0.4810869 0.4707309
v 0.2073667 0.4809920 0.5000000
v 0.2070271 0.4512570 0.5000000
v 0.2077341 0.4810159 0.5146895
v 0.2074142 0.4513213 0.5152615
v 0.2088279 0.4810869 0.5292691
v 0.2085662 0.4515130 0.5304028
v 0.2065186 0.4203972 0.4841153
v 0.2077093 0.4207201 0.4683594
v 0.2061185 0.4202886 0.5000000
v 0.2065186 0.4203972 0.5158847
v 0.2077093 0.4207201 0.5316406
v 0.2124374 0.3901609 0.4838391
v 0.2136157 0.3906109 0.4678107
v 0.2120414 0.3900096 0.5000000
v 0.2124374 0.3901609 0.5161609
v 0.2136157 0.3906109 0.5321893
v 0.2281834 0.3636782 0.4841153
v 0.2292862 0.3642313 0.4683594
v 0.2278127 0.3634923 0.5000000
v 0.2281834 0.3636782 0.5158847
v 0.2292862 0.3642313 0.5316406
v 0.2494670 0.3412257 0.4847385
v 0.2504534 0.3418508 0.4695972
v 0.2491355 0.3410157 0.5000000
v 0.2494670 0.3412257 0.5152615
v 0.2504534 0.3418508 0.5304028
v 0.2695017 0.3193060 0.4853105
v 0.2703644 0.3199823 0.4707309
v 0.2692120 0.3190788 0.5000000
v 0.2695017 0.3193060 0.5146895
v 0.2703644 0.3199823 0.5292691
v 0.2484759 0.4371497 0.5360351
v 0.2456375 0.4199588 0.5372650
v 0.2478188 0.4206452 0.5510199
v 0.2506104 0.4376830 0.5493404
v 0.2506141 0.4215248 0.5643729
v 0.2533464 0.4383667 0.5622609
v 0.2539608 0.4225780 0.5772407
v 0.2566236 0.4391856 0.5747166
v 0.2439648 0.4022032 0.5383708
v 0.2461681 0.4030448 0.5525322
v 0.2489913 0.4041232 0.5662784
v 0.2523711 0.4054142 0.5795235
v 0.2570486 0.3900841 0.5372650
v 0.2591321 0.3910267 0.5510199
v 0.2618019 0.3922346 0.5643729
v 0.2649985 0.3936809 0.5772407
v 0.2706248 0.3791631 0.5360351
v 0.2725713 0.3801886 0.5493404
v 0.2750664 0.3815030 0.5622609
v 0.2780550 0.3830774 0.5747166
v 0.2606145 0.4401828 0.5473611
v 0.2576532 0.4237399 0.5490303
v 0.2555569 0.4230802 0.5358118
v 0.2585657 0.4396709 0.5345895
v 0.2632409 0.4408391 0.5597633
v 0.2603394 0.4245852 0.5618625
v 0.2663865 0.4416251 0.5717194
v 0.2635557 0.4255972 0.5742285
v 0.2557986 0.4067234 0.5505391
v 0.2536788 0.4059137 0.5369150
v 0.2585147 0.4077608 0.5637638
v 0.2617662 0.4090028 0.5765064
v 0.2685252 0.3952764 0.5490303
v 0.2665230 0.3943706 0.5358118
v 0.2710910 0.3964372 0.5618625
v 0.2741630 0.3978270 0.5742285
v 0.2816945 0.3849948 0.5473611
v 0.2798261 0.3840105 0.5345895
v 0.2840895 0.3862565 0.5597633
v 0.2869582 0.3877677 0.5717194
v 0.1962382 0.4494620 0.4861172
v 0.1955795 0.4174301 0.4855632
v 0.1952608 0.4173436 0.5000000
v 0.1959297 0.4494106 0.5000000
v 0.1955795 0.4174301 0.5144368
v 0.1962382 0.4494620 0.5138828
v 0.1983478 0.3847791 0.4851462
v 0.1980288 0.3846573 0.5000000
v 0.1983478 0.3847791 0.5148538
v 0.2180517 0.3585970 0.4855632
v 0.2177566 0.3584489 0.5000000
v 0.2180517 0.3585970 0.5144368
v 0.2398973 0.3351610 0.4861172
v 0.2396331 0.3349935 0.5000000
v 0.2398973 0.3351610 0.5138828
v 0.2603803 0.6878446 0.4694583
v 0.2397405 0.6649384 0.4682920
v 0.2387117 0.6655904 0.4840833
v 0.2594801 0.6885503 0.4846718
v 0.2383661 0.6658094 0.5000000
v 0.2591778 0.6887873 0.5000000
v 0.2387117 0.6655904 0.5159167
v 0.2594801 0.6885503 0.5153282
v 0.2397405 0.6649384 0.5317080
v 0.2603803 0.6878446 0.5305417
v 0.2179509 0.6414536 0.4670346
v 0.2168019 0.6420299 0.4834501
v 0.2164157 0.6422235 0.5000000
v 0.2168019 0.6420299 0.5165499
v 0.2179509 0.6414536 0.5329654
v 0.2017702 0.6139137 0.4664793
v 0.2005431 0.6143824 0.4831707
v 0.2001307 0.6145399 0.5000000
v 0.2005431 0.6143824 0.5168293
v 0.2017702 0.6139137 0.5335207
v 0.1954706 0.5825995 0.4670346
v 0.1942300 0.5829359 0.4834501
v 0.1938131 0.5830490 0.5000000
v 0.1942300 0.5829359 0.5165499
v 0.1954706 0.5825995 0.5329654
v 0.1960551 0.5505685 0.4682920
v 0.1948537 0.5507684 0.4840833
v 0.1944500 0.5508356 0.5000000
v 0.1948537 0.5507684 0.5159167
v 0.1960551 0.5505685 0.5317080
v 0.1961683 0.5197354 0.4694583
v 0.1950268 0.5198095 0.4846718
v 0.1946435 0.5198344 0.5000000
v 0.1950268 0.5198095 0.5153282
v 0.1961683 0.5197354 0.5305417
v 0.2695017 0.6806940 0.4853105
v 0.2494670 0.6587743 0.4847385
v 0.2504534 0.6581492 0.4695972
v 0.2703644 0.6800177 0.4707309
v 0.2692120 0.6809212 0.5000000
v 0.2491355 0.6589843 0.5000000
v 0.2695017 0.6806940 0.5146895
v 0.2494670 0.6587743 0.5152615
v 0.2703644 0.6800177 0.5292691
v 0.2504534 0.6581492 0.5304028
v 0.2281834 0.6363218 0.4841153
v 0.2292862 0.6357687 0.4683594
v 0.2278127 0.6365077 0.5000000
v 0.2281834 0.6363218 0.5158847
v 0.2292862 0.6357687 0.5316406
v 0.2124374 0.6098391 0.4838391
v 0.2136157 0.6093891 0.4678107
v 0.2120414 0.6099904 0.5000000
v 0.2124374 0.6098391 0.5161609
v 0.2136157 0.6093891 0.5321893
v 0.2065186 0.5796028 0.4841153
v 0.2077093 0.5792799 0.4683594
v 0.2061185 0.5797114 0.5000000
v 0.2065186 0.5796028 0.5158847
v 0.2077093 0.5792799 0.5316406
v 0.2074142 0.5486787 0.4847385
v 0.2085662 0.5484870 0.4695972
v 0.2070271 0.5487430 0.5000000
v 0.2074142 0.5486787 0.5152615
v 0.2085662 0.5484870 0.5304028
v 0.2077341 0.5189841 0.4853105
v 0.2088279 0.5189131 0.4707309
v 0.2073667 0.5190080 0.5000000
v 0.2077341 0.5189841 0.5146895
v 0.2088279 0.5189131 0.5292691
v 0.2706248 0.6208369 0.5360351
v 0.2570486 0.6099159 0.5372650
v 0.2591321 0.6089733 0.5510199
v 0.2725713 0.6198114 0.5493404
v 0.2618019 0.6077654 0.5643729
v 0.2750664 0.6184970 0.5622609
v 0.2649985 0.6063191 0.5772407
v 0.2780550 0.6169226 0.5747166
v 0.2439648 0.5977968 0.5383708
v 0.2461681 0.5969552 0.5525322
v 0.2489913 0.5958768 0.5662784
v 0.2523711 0.5945858 0.5795235
v 0.2456375 0.5800412 0.5372650
v 0.2478188 0.5793548 0.5510199
v 0.2506141 0.5784752 0.5643729
v 0.2539608 0.5774220 0.5772407
v 0.2484759 0.5628503 0.5360351
v 0.2506104 0.5623170 0.5493404
v 0.2533464 0.5616333 0.5622609
v 0.2566236 0.5608144 0.5747166
v 0.2816945 0.6150052 0.5473611
v 0.2685252 0.6047236 0.5490303
v 0.2665230 0.6056294 0.5358118
v 0.2798261 0.6159895 0.5345895
v 0.2840895 0.6137435 0.5597633
v 0.2710910 0.6035628 0.5618625
v 0.2869582 0.6122323 0.5717194
v 0.2741630 0.6021730 0.5742285
v 0.2557986 0.5932766 0.5505391
v 0.2536788 0.5940863 0.5369150
v 0.2585147 0.5922392 0.5637638
v 0.2617662 0.5909972 0.5765064
v 0.2576532 0.5762601 0.5490303
v 0.2555569 0.5769198 0.5358118
v 0.2603394 0.5754148 0.5618625
v 0.2635557 0.5744028 0.5742285
v 0.2606145 0.5598172 0.5473611
v 0.2585657 0.5603291 0.5345895
v 0.2632409 0.5591609 0.5597633
v 0.2663865 0.5583749 0.5717194
v 0.2398973 0.6648390 0.4861172
v 0.2180517 0.6414030 0.4855632
v 0.2177566 0.6415511 0.5000000
v 0.2396331 0.6650065 0.5000000
v 0.2180517 0.6414030 0.5144368
v 0.2398973 0.6648390 0.5138828
v 0.1983478 0.6152209 0.4851462
v 0.1980288 0.6153427 0.5000000
v 0.1983478 0.6152209 0.5148538
v 0.1955795 0.5825699 0.4855632
v 0.1952608 0.5826564 0.5000000
v 0.1955795 0.5825699 0.5144368
v 0.1962382 0.5505380 0.4861172
v 0.1959297 0.5505894 0.5000000
v 0.1962382 0.5505380 0.5138828
v 0.7396197 0.3121554 0.4694583
v 0.7602595 0.3350616 0.4682920
v 0.7612883 0.3344096 0.4840833
v 0.7405199 0.3114497 0.4846718
v 0.7616339 0.3341906 0.5000000
v 0.7408222 0.3112127 0.5000000
v 0.7612883 0.3344096 0.5159167
v 0.7405199 0.3114497 0.5153282
v 0.7602595 0.3350616 0.5317080
v 0.7396197 0.3121554 0.5305417
v 0.7820491 0.3585464 0.4670346
v 0.7831981 0.3579701 0.4834501
v 0.7835843 0.3577765 0.5000000
v 0.7831981 0.3579701 0.5165499
v 0.7820491 0.3585464 0.5329654
v 0.7982298 0.3860863 0.4664793
v 0.7994569 0.3856176 0.4831707
v 0.7998693 0.3854601 0.5000000
v 0.7994569 0.3856176 0.5168293
v 0.7982298 0.3860863 0.5335207
v 0.8045294 0.4174005 0.4670346
v 0.8057700 0.4170641 0.4834501
v 0.8061869 0.4169510 0.5000000
v 0.8057700 0.4170641 0.5165499
v 0.8045294 0.4174005 0.5329654
v 0.8039449 0.4494315 0.4682920
v 0.8051463 0.4492316 0.4840833
v 0.8055500 0.4491644 0.5000000
v 0.8051463 0.4492316 0.5159167
v 0.8039449 0.4494315 0.5317080
v 0.8038317 0.4802646 0.4694583
v 0.8049732 0.4801905 0.4846718
v 0.8053565 0.4801656 0.5000000
v 0.8049732 0.4801905 0.5153282
v 0.8038317 0.4802646 0.5305417
v 0.7304983 0.3193060 0.4853105
v 0.7505330 0.3412257 0.4847385
v 0.7495466 0.3418508 0.4695972
v 0.7296356 0.3199823 0.4707309
v 0.7307880 0.3190788 0.5000000
v 0.7508645 0.3410157 0.5000000
v 0.7304983 0.3193060 0.5146895
v 0.7505330 0.3412257 0.5152615
v 0.7296356 0.3199823 0.5292691
v 0.7495466 0.3418508 0.5304028
v 0.7718166 0.3636782 0.4841153
v 0.7707138 0.3642313 0.4683594
v 0.7721873 0.3634923 0.5000000
v 0.7718166 0.3636782 0.5158847
v 0.7707138 0.3642313 0.5316406
v 0.7875626 0.3901609 0.4838391
v 0.7863843 0.3906109 0.4678107
v 0.7879586 0.3900096 0.5000000
v 0.7875626 0.3901609 0.5161609
v 0.7863843 0.3906109 0.5321893
v 0.7934814 0.4203972 0.4841153
v 0.7922907 0.4207201 0.4683594
v 0.7938815 0.4202886 0.5000000
v 0.7934814 0.4203972 0.5158847
v 0.7922907 0.4207201 0.5316406
v 0.7925858 0.4513213 0.4847385
v 0.7914338 0.4515130 0.4695972
v 0.7929729 0.4512570 0.5000000
v 0.7925858 0.4513213 0.5152615
v 0.7914338 0.4515130 0.5304028
v 0.7922659 0.4810159 0.4853105
v 0.7911721 0.4810869 0.4707309
v 0.7926333 0.4809920 0.5000000
v 0.7922659 0.4810159 0.5146895
v 0.7911721 0.4810869 0.5292691
v 0.7293752 0.3791631 0.5360351
v 0.7429514 0.3900841 0.5372650
v 0.7408679 0.3910267 0.5510199
v 0.7274287 0.3801886 0.5493404
v 0.7381981 0.3922346 0.5643729
v 0.7249336 0.3815030 0.5622609
v 0.7350015 0.3936809 0.5772407
v 0.7219450 0.3830774 0.5747166
v 0.7560352 0.4022032 0.5383708
v 0.7538319 0.4030448 0.5525322
v 0.7510087 0.4041232 0.5662784
v 0.7476289 0.4054142 0.5795235
v 0.7543625 0.4199588 0.5372650
v 0.7521812 0.4206452 0.5510199
v 0.7493859 0.4215248 0.5643729
v 0.7460392 0.4225780 0.5772407
v 0.7515241 0.4371497 0.5360351
v 0.7493896 0.4376830 0.5493404
v 0.7466536 0.4383667 0.5622609
v 0.7433764 0.4391856 0.5747166
v 0.7183055 0.3849948 0.5473611
v 0.7314748 0.3952764 0.5490303
v 0.7334770 0.3943706 0.5358118
v 0.7201739 0.3840105 0.5345895
v 0.7159105 0.3862565 0.5597633
v 0.7289090 0.3964372 0.5618625
v 0.7130418 0.3877677 0.5717194
v 0.7258370 0.3978270 0.5742285
v 0.7442014 0.4067234 0.5505391
v 0.7463212 0.4059137 0.5369150
v 0.7414853 0.4077608 0.5637638
v 0.7382338 0.4090028 0.5765064
v 0.7423468 0.4237399 0.5490303
v 0.7444431 0.4230802 0.5358118
v 0.7396606 0.4245852 0.5618625
v 0.7364443 0.4255972 0.5742285
v 0.7393855 0.4401828 0.5473611
v 0.7414343 0.4396709 0.5345895
v 0.7367591 0.4408391 0.5597633
v 0.7336135 0.4416251 0.5717194
v 0.7601027 0.3351610 0.4861172
v 0.7819483 0.3585970 0.4855632
v 0.7822434 0.3584489 0.5000000
v 0.7603669 0.3349935 0.5000000
v 0.7819483 0.3585970 0.5144368
v 0.7601027 0.3351610 0.5138828
v 0.8016522 0.3847791 0.4851462
v 0.8019712 0.3846573 0.5000000
v 0.8016522 0.3847791 0.5148538
v 0.8044205 0.4174301 0.4855632
v 0.8047392 0.4173436 0.5000000
v 0.8044205 0.4174301 0.5144368
v 0.8037618 0.4494620 0.4861172
v 0.8040703 0.4494106 0.5000000
v 0.8037618 0.4494620 0.5138828
v 0.8038317 0.5197354 0.4694583
v 0.8039449 0.5505685 0.4682920
v 0.8051463 0.5507684 0.4840833
v 0.8049732 0.5198095 0.4846718
v 0.8055500 0.5508356 0.5000000
v 0.8053565 0.5198344 0.5000000
v 0.8051463 0.5507684 0.5159167
v 0.8049732 0.5198095 0.5153282
v 0.8039449 0.5505685 0.5317080
v 0.8038317 0.5197354 0.5305417
v 0.8045294 0.5825995 0.4670346
v 0.8057700 0.5829359 0.4834501
v 0.8061869 0.5830490 0.5000000
v 0.8057700 0.5829359 0.5165499
v 0.8045294 0.5825995 0.5329654
v 0.7982298 0.6139137 0.4664793
v 0.7994569 0.6143824 0.4831707
v 0.7998693 0.6145399 0.5000000
v 0.7994569 0.6143824 0.5168293
v 0.7982298 0.6139137 0.5335207
v 0.7820491 0.6414536 0.4670346
v 0.7831981 0.6420299 0.4834501
v 0.7835843 0.6422235 0.5000000
v 0.7831981 0.6420299 0.5165499
v 0.7820491 0.6414536 0.5329654
v 0.7602595 0.6649384 0.4682920
v 0.7612883 0.6655904 0.4840833
v 0.7616339 0.6658094 0.5000000
v 0.7612883 0.6655904 0.5159167
v 0.7602595 0.6649384 0.5317080
v 0.7396197 0.6878446 0.4694583
v 0.7405199 0.6885503 0.4846718
v 0.7408222 0.6887873 0.5000000
v 0.7405199 0.6885503 0.5153282
v 0.7396197 0.6878446 0.5305417
v 0.7922659 0.5189841 0.4853105
v 0.7925858 0.5486787 0.4847385
v 0.7914338 0.5484870 0.4695972
v 0.7911721 0.5189131 0.4707309
v 0.7926333 0.5190080 0.5000000
v 0.7929729 0.5487430 0.5000000
v 0.7922659 0.5189841 0.5146895
v 0.7925858 0.5486787 0.5152615
v 0.7911721 0.5189131 0.5292691
v 0.7914338 0.5484870 0.5304028
v 0.7934814 0.5796028 0.4841153
v 0.7922907 0.5792799 0.4683594
v 0.7938815 0.5797114 0.5000000
v 0.7934814 0.5796028 0.5158847
v 0.7922907 0.5792799 0.5316406
v 0.7875626 0.6098391 0.4838391
v 0.7863843 0.6093891 0.4678107
v 0.7879586 0.6099904 0.5000000
v 0.7875626 0.6098391 0.5161609
v 0.7863843 0.6093891 0.5321893
v 0.7718166 0.6363218 0.4841153
v 0.7707138 0.6357687 0.4683594
v 0.7721873 0.6365077 0.5000000
v 0.7718166 0.6363218 0.5158847
v 0.7707138 0.6357687 0.5316406
v 0.7505330 0.6587743 0.4847385
v 0.7495466 0.6581492 0.4695972
v 0.7508645 0.6589843 0.5000000
v 0.7505330 0.6587743 0.5152615
v 0.7495466 0.6581492 0.5304028
v 0.7304983 0.6806940 0.4853105
v 0.7296356 0.6800177 0.4707309
v 0.7307880 0.6809212 0.5000000
v 0.7304983 0.6806940 0.5146895
v 0.7296356 0.6800177 0.5292691
v 0.7515241 0.5628503 0.5360351
v 0.7543625 0.5800412 0.5372650
v 0.7521812 0.5793548 0.5510199
v 0.7493896 0.5623170 0.5493404
v 0.7493859 0.5784752 0.5643729
v 0.7466536 0.5616333 0.5622609
v 0.7460392 0.5774220 0.5772407
v 0.7433764 0.5608144 0.5747166
v 0.7560352 0.5977968 0.5383708
v 0.7538319 0.5969552 0.5525322
v 0.7510087 0.5958768 0.5662784
v 0.7476289 0.5945858 0.5795235
v 0.7429514 0.6099159 0.5372650
v 0.7408679 0.6089733 0.5510199
v 0.7381981 0.6077654 0.5643729
v 0.7350015 0.6063191 0.5772407
v 0.7293752 0.6208369 0.5360351
v 0.7274287 0.6198114 0.5493404
v 0.7249336 0.6184970 0.5622609
v 0.7219450 0.6169226 0.5747166
v 0.7393855 0.5598172 0.5473611
v 0.7423468 0.5762601 0.5490303
v 0.7444431 0.5769198 0.5358118
v 0.7414343 0.5603291 0.5345895
v 0.7367591 0.5591609 0.5597633
v 0.7396606 0.5754148 0.5618625
v 0.7336135 0.5583749 0.5717194
v 0.7364443 0.5744028 0.5742285
v 0.7442014 0.5932766 0.5505391
v 0.7463212 0.5940863 0.5369150
v 0.7414853 0.5922392 0.5637638
v 0.7382338 0.5909972 0.5765064
v 0.7314748 0.6047236 0.5490303
v 0.7334770 0.6056294 0.5358118
v 0.7289090 0.6035628 0.5618625
v 0.7258370 0.6021730 0.5742285
v 0.7183055 0.6150052 0.5473611
v 0.7201739 0.6159895 0.5345895
v 0.7159105 0.6137435 0.5597633
v 0.7130418 0.6122323 0.5717194
v 0.8037618 0.5505380 0.4861172
v 0.8044205 0.5825699 0.4855632
v 0.8047392 0.5826564 0.5000000
v 0.8040703 0.5505894 0.5000000
v 0.8044205 0.5825699 0.5144368
v 0.8037618 0.5505380 0.5138828
v 0.8016522 0.6152209 0.4851462
v 0.8019712 0.6153427 0.5000000
v 0.8016522 0.6152209 0.5148538
v 0.7819483 0.6414030 0.4855632
v 0.7822434 0.6415511 0.5000000
v 0.7819483 0.6414030 0.5144368
v 0.7601027 0.6648390 0.4861172
v 0.7603669 0.6650065 0.5000000
v 0.7601027 0.6648390 0.5138828
vt 0.5 0.5
vn 0.2500000 0.0669873 -0.9659258
vn 0.2588190 0.0000000 -0.9659258
vn 0.0000000 0.0000000 -1.0000000
vn 0.2241439 0.1294095 -0.9659258
vn 0.1830127 0.1830127 -0.9659258
vn 0.1294095 0.2241439 -0.9659258
vn 0.0669873 0.2500000 -0.9659258
vn 0.0000000 0.2588190 -0.9659258
vn -0.0669873 0.2500000 -0.9659258
vn -0.1294095 0.2241439 -0.9659258
vn -0.0000000 0.0000000 -1.0000000
vn -0.1830127 0.1830127 -0.9659258
vn -0.2241439 0.1294095 -0.9659258
vn -0.2500000 0.0669873 -0.9659258
vn -0.2588190 0.0000000 -0.9659258
vn -0.2500000 -0.0669873 -0.9659258
vn -0.2241439 -0.1294095 -0.9659258
vn -0.0000000 -0.0000000 -1.0000000
vn -0.1830127 -0.1830127 -0.9659258
vn -0.1294095 -0.2241439 -0.9659258
vn -0.0669873 -0.2500000 -0.9659258
vn -0.0000000 -0.2588190 -0.9659258
vn 0.0669873 -0.2500000 -0.9659258
vn 0.1294095 -0.2241439 -0.9659258
vn 0.0000000 -0.0000000 -1.0000000
vn 0.1830127 -0.1830127 -0.9659258
vn 0.2241439 -0.1294095 -0.9659258
vn 0.2500000 -0.0669873 -0.9659258
vn 0.2588190 -0.0000000 -0.9659258
vn 0.4829629 0.1294095 -0.8660254
vn 0.5000000 0.0000000 -0.8660254
vn 0.4330127 0.2500000 -0.8660254
vn 0.3535534 0.3535534 -0.8660254
vn 0.2500000 0.4330127 -0.8660254
vn 0.1294095 0.4829629 -0.8660254
vn 0.0000000 0.5000000 -0.8660254
vn -0.1294095 0.4829629 -0.8660254
vn -0.2500000 0.4330127 -0.8660254
vn -0.3535534 0.3535534 -0.8660254
vn -0.4330127 0.2500000 -0.8660254
vn -0.4829629 0.1294095 -0.8660254
vn -0.5000000 0.0000000 -0.8660254
vn -0.4829629 -0.1294095 -0.8660254
vn -0.4330127 -0.2500000 -0.8660254
vn -0.3535534 -0.3535534 -0.8660254
vn -0.2500000 -0.4330127 -0.8660254
vn -0.1294095 -0.4829629 -0.8660254
vn -0.0000000 -0.5000000 -0.8660254
vn 0.1294095 -0.4829629 -0.8660254
vn 0.2500000 -0.4330127 -0.8660254
vn 0.3535534 -0.3535534 -0.8660254
vn 0.4330127 -0.2500000 -0.8660254
vn 0.4829629 -0.1294095 -0.8660254
vn 0.5000000 -0.0000000 -0.8660254
vn 0.6830127 0.1830127 -0.7071068
vn 0.7071068 0.0000000 -0.7071068
vn 0.6123724 0.3535534 -0.7071068
vn 0.5000000 0.5000000 -0.7071068
vn 0.3535534 0.6123724 -0.7071068
vn 0.1830127 0.6830127 -0.7071068
vn 0.0000000 0.7071068 -0.7071068
vn -0.1830127 0.6830127 -0.7071068
vn -0.3535534 0.6123724 -0.7071068
vn -0.5000000 0.5000000 -0.7071068
vn -0.6123724 0.3535534 -0.7071068
vn -0.6830127 0.1830127 -0.7071068
vn -0.7071068 0.0000000 -0.7071068
vn -0.6830127 -0.1830127 -0.7071068
vn -0.6123724 -0.3535534 -0.7071068
vn -0.5000000 -0.5000000 -0.7071068
vn -0.3535534 -0.6123724 -0.7071068
vn -0.1830127 -0.6830127 -0.7071068
vn -0.0000000 -0.7071068 -0.7071068
vn 0.1830127 -0.6830127 -0.7071068
vn 0.3535534 -0.6123724 -0.7071068
vn 0.5000000 -0.5000000 -0.7071068
vn 0.6123724 -0.3535534 -0.7071068
vn 0.6830127 -0.1830127 -0.7071068
vn 0.7071068 -0.0000000 -0.7071068
vn 0.8365163 0.2241439 -0.5000000
vn 0.8660254 0.0000000 -0.5000000
vn 0.7500000 0.4330127 -0.5000000
vn 0.6123724 0.6123724 -0.5000000
vn 0.4330127 0.7500000 -0.5000000
vn 0.2241439 0.8365163 -0.5000000
vn 0.0000000 0.8660254 -0.5000000
vn -0.2241439 0.8365163 -0.5000000
vn -0.4330127 0.7500000 -0.5000000
vn -0.6123724 0.6123724 -0.5000000
vn -0.7500000 0.4330127 -0.5000000
vn -0.8365163 0.2241439 -0.5000000
vn -0.8660254 0.0000000 -0.5000000
vn -0.8365163 -0.2241439 -0.5000000
vn -0.7500000 -0.4330127 -0.5000000
vn -0.6123724 -0.6123724 -0.5000000
vn -0.4330127 -0.7500000 -0.5000000
vn -0.2241439 -0.8365163 -0.5000000
vn -0.0000000 -0.8660254 -0.5000000
vn 0.2241439 -0.8365163 -0.5000000
vn 0.4330127 -0.7500000 -0.5000000
vn 0.6123724 -0.6123724 -0.5000000
vn 0.7500000 -0.4330127 -0.5000000
vn 0.8365163 -0.2241439 -0.5000000
vn 0.8660254 -0.0000000 -0.5000000
vn 0.9330127 0.2500000 -0.2588190
vn 0.9659258 0.0000000 -0.2588190
vn 0.8365163 0.4829629 -0.2588190
vn 0.6830127 0.6830127 -0.2588190
vn 0.4829629 0.8365163 -0.2588190
vn 0.2500000 0.9330127 -0.2588190
vn 0.0000000 0.9659258 -0.2588190
vn -0.2500000 0.9330127 -0.2588190
vn -0.4829629 0.8365163 -0.2588190
vn -0.6830127 0.6830127 -0.2588190
vn -0.8365163 0.4829629 -0.2588190
vn -0.9330127 0.2500000 -0.2588190
vn -0.9659258 0.0000000 -0.2588190
vn -0.9330127 -0.2500000 -0.2588190
vn -0.8365163 -0.4829629 -0.2588190
vn -0.6830127 -0.6830127 -0.2588190
vn -0.4829629 -0.8365163 -0.2588190
vn -0.2500000 -0.9330127 -0.2588190
vn -0.0000000 -0.9659258 -0.2588190
vn 0.2500000 -0.9330127 -0.2588190
vn 0.4829629 -0.8365163 -0.2588190
vn 0.6830127 -0.6830127 -0.2588190
vn 0.8365163 -0.4829629 -0.2588190
vn 0.9330127 -0.2500000 -0.2588190
vn 0.9659258 -0.0000000 -0.2588190
vn 0.9659258 0.2588190 -0.0000000
vn 1.0000000 0.0000000 -0.0000000
vn 0.8660254 0.5000000 -0.0000000
vn 0.7071068 0.7071068 -0.0000000
vn 0.5000000 0.8660254 -0.0000000
vn 0.2588190 0.9659258 -0.0000000
vn 0.0000000 1.0000000 -0.0000000
vn -0.2588190 0.9659258 -0.0000000
vn -0.5000000 0.8660254 -0.0000000
vn -0.7071068 0.7071068 -0.0000000
vn -0.8660254 0.5000000 -0.0000000
vn -0.9659258 0.2588190 -0.0000000
vn -1.0000000 0.0000000 -0.0000000
vn -0.9659258 -0.2588190 -0.0000000
vn -0.8660254 -0.5000000 -0.0000000
vn -0.7071068 -0.7071068 -0.0000000
vn -0.5000000 -0.8660254 -0.0000000
vn -0.2588190 -0.9659258 -0.0000000
vn -0.0000000 -1.0000000 -0.0000000
vn 0.2588190 -0.9659258 -0.0000000
vn 0.5000000 -0.8660254 -0.0000000
vn 0.7071068 -0.7071068 -0.0000000
vn 0.8660254 -0.5000000 -0.0000000
vn 0.9659258 -0.2588190 -0.0000000
vn 1.0000000 -0.0000000 -0.0000000
vn 0.9330127 0.2500000 0.2588190
vn 0.9659258 0.0000000 0.2588190
vn 0.8365163 0.4829629 0.2588190
vn 0.6830127 0.6830127 0.2588190
vn 0.4829629 0.8365163 0.2588190
vn 0.2500000 0.9330127 0.2588190
vn 0.0000000 0.9659258 0.2588190
vn -0.2500000 0.9330127 0.2588190
vn -0.4829629 0.8365163 0.2588190
vn -0.6830127 0.6830127 0.2588190
vn -0.8365163 0.4829629 0.2588190
vn -0.9330127 0.2500000 0.2588190
vn -0.9659258 0.0000000 0.2588190
vn -0.9330127 -0.2500000 0.2588190
vn -0.8365163 -0.4829629 0.2588190
vn -0.6830127 -0.6830127 0.2588190
vn -0.4829629 -0.8365163 0.2588190
vn -0.2500000 -0.9330127 0.2588190
vn -0.0000000 -0.9659258 0.2588190
vn 0.2500000 -0.9330127 0.2588190
vn 0.4829629 -0.8365163 0.2588190
vn 0.6830127 -0.6830127 0.2588190
vn 0.8365163 -0.4829629 0.2588190
vn 0.9330127 -0.2500000 0.2588190
vn 0.9659258 -0.0000000 0.2588190
vn 0.8365163 0.2241439 0.5000000
vn 0.8660254 0.0000000 0.5000000
vn 0.7500000 0.4330127 0.5000000
vn 0.6123724 0.6123724 0.5000000
vn 0.4330127 0.7500000 0.5000000
vn 0.2241439 0.8365163 0.5000000
vn 0.0000000 0.8660254 0.5000000
vn -0.2241439 0.8365163 0.5000000
vn -0.4330127 0.7500000 0.5000000
vn -0.6123724 0.6123724 0.5000000
vn -0.7500000 0.4330127 0.5000000
vn -0.8365163 0.2241439 0.5000000
vn -0.8660254 0.0000000 0.5000000
vn -0.8365163 -0.2241439 0.5000000
vn -0.7500000 -0.4330127 0.5000000
vn -0.6123724 -0.6123724 0.5000000
vn -0.4330127 -0.7500000 0.5000000
vn -0.2241439 -0.8365163 0.5000000
vn -0.0000000 -0.8660254 0.5000000
vn 0.2241439 -0.8365163 0.5000000
vn 0.4330127 -0.7500000 0.5000000
vn 0.6123724 -0.6123724 0.5000000
vn 0.7500000 -0.4330127 0.5000000
vn 0.8365163 -0.2241439 0.5000000
vn 0.8660254 -0.0000000 0.5000000
vn 0.6830127 0.1830127 0.7071068
vn 0.7071068 0.0000000 0.7071068
vn 0.6123724 0.3535534 0.7071068
vn 0.5000000 0.5000000 0.7071068
vn 0.3535534 0.6123724 0.7071068
vn 0.1830127 0.6830127 0.7071068
vn 0.0000000 0.7071068 0.7071068
vn -0.1830127 0.6830127 0.7071068
vn -0.3535534 0.6123724 0.7071068
vn -0.5000000 0.5000000 0.7071068
vn -0.6123724 0.3535534 0.7071068
vn -0.6830127 0.1830127 0.7071068
vn -0.7071068 0.0000000 0.7071068
vn -0.6830127 -0.1830127 0.7071068
vn -0.6123724 -0.3535534 0.7071068
vn -0.5000000 -0.5000000 0.7071068
vn -0.3535534 -0.6123724 0.7071068
vn -0.1830127 -0.6830127 0.7071068
vn -0.0000000 -0.7071068 0.7071068
vn 0.1830127 -0.6830127 0.7071068
vn 0.3535534 -0.6123724 0.7071068
vn 0.5000000 -0.5000000 0.7071068
vn 0.6123724 -0.3535534 0.7071068
vn 0.6830127 -0.1830127 0.7071068
vn 0.7071068 -0.0000000 0.7071068
vn 0.4829629 0.1294095 0.8660254
vn 0.5000000 0.0000000 0.8660254
vn 0.4330127 0.2500000 0.8660254
vn 0.3535534 0.3535534 0.8660254
vn 0.2500000 0.4330127 0.8660254
vn 0.1294095 0.4829629 0.8660254
vn 0.0000000 0.5000000 0.8660254
vn -0.1294095 0.4829629 0.8660254
vn -0.2500000 0.4330127 0.8660254
vn -0.3535534 0.3535534 0.8660254
vn -0.4330127 0.2500000 0.8660254
vn -0.4829629 0.1294095 0.8660254
vn -0.5000000 0.0000000 0.8660254
vn -0.4829629 -0.1294095 0.8660254
vn -0.4330127 -0.2500000 0.8660254
vn -0.3535534 -0.3535534 0.8660254
vn -0.2500000 -0.4330127 0.8660254
vn -0.1294095 -0.4829629 0.8660254
vn -0.0000000 -0.5000000 0.8660254
vn 0.1294095 -0.4829629 0.8660254
vn 0.2500000 -0.4330127 0.8660254
vn 0.3535534 -0.3535534 0.8660254
vn 0.4330127 -0.2500000 0.8660254
vn 0.4829629 -0.1294095 0.8660254
vn 0.5000000 -0.0000000 0.8660254
vn 0.2500000 0.0669873 0.9659258
vn 0.2588190 0.0000000 0.9659258
vn 0.2241439 0.1294095 0.9659258
vn 0.1830127 0.1830127 0.9659258
vn 0.1294095 0.2241439 0.9659258
vn 0.0669873 0.2500000 0.9659258
vn 0.0000000 0.2588190 0.9659258
vn -0.0669873 0.2500000 0.9659258
vn -0.1294095 0.2241439 0.9659258
vn -0.1830127 0.1830127 0.9659258
vn -0.2241439 0.1294095 0.9659258
vn -0.2500000 0.0669873 0.9659258
vn -0.2588190 0.0000000 0.9659258
vn -0.2500000 -0.0669873 0.9659258
vn -0.2241439 -0.1294095 0.9659258
vn -0.1830127 -0.1830127 0.9659258
vn -0.1294095 -0.2241439 0.9659258
vn -0.0669873 -0.2500000 0.9659258
vn -0.0000000 -0.2588190 0.9659258
vn 0.0669873 -0.2500000 0.9659258
vn 0.1294095 -0.2241439 0.9659258
vn 0.1830127 -0.1830127 0.9659258
vn 0.2241439 -0.1294095 0.9659258
vn 0.2500000 -0.0669873 0.9659258
vn 0.2588190 -0.0000000 0.9659258
vn 0.0000000 0.0000000 1.0000000
vn -0.0000000 0.0000000 1.0000000
vn -0.0000000 -0.0000000 1.0000000
vn 0.0000000 -0.0000000 1.0000000
vn 0.2107936 0.0564820 -0.9758974
vn 0.5112021 0.1369762 -0.8484751
vn 0.5292353 0.0000000 -0.8484751
vn 0.2182296 0.0000000 -0.9758974
vn 0.1889924 0.1091148 -0.9758974
vn 0.4583312 0.2646177 -0.8484751
vn 0.1543116 0.1543116 -0.9758974
vn 0.3742259 0.3742259 -0.8484751
vn 0.1091148 0.1889924 -0.9758974
vn 0.2646177 0.4583312 -0.8484751
vn 0.0564820 0.2107936 -0.9758974
vn 0.1369762 0.5112021 -0.8484751
vn 0.0000000 0.2182296 -0.9758974
vn 0.0000000 0.5292353 -0.8484751
vn -0.0564820 0.2107936 -0.9758974
vn -0.1369762 0.5112021 -0.8484751
vn -0.1091148 0.1889924 -0.9758974
vn -0.2646177 0.4583312 -0.8484751
vn -0.1543116 0.1543116 -0.9758974
vn -0.3742259 0.3742259 -0.8484751
vn -0.1889924 0.1091148 -0.9758974
vn -0.4583312 0.2646177 -0.8484751
vn -0.2107936 0.0564820 -0.9758974
vn -0.5112021 0.1369762 -0.8484751
vn -0.2182296 0.0000000 -0.9758974
vn -0.5292353 0.0000000 -0.8484751
vn -0.2107936 -0.0564820 -0.9758974
vn -0.5112021 -0.1369762 -0.8484751
vn -0.1889924 -0.1091148 -0.9758974
vn -0.4583312 -0.2646177 -0.8484751
vn -0.1543116 -0.1543116 -0.9758974
vn -0.3742259 -0.3742259 -0.8484751
vn -0.1091148 -0.1889924 -0.9758974
vn -0.2646177 -0.4583312 -0.8484751
vn -0.0564820 -0.2107936 -0.9758974
vn -0.1369762 -0.5112021 -0.8484751
vn -0.0000000 -0.2182296 -0.9758974
vn -0.0000000 -0.5292353 -0.8484751
vn 0.0564820 -0.2107936 -0.9758974
vn 0.1369762 -0.5112021 -0.8484751
vn 0.1091148 -0.1889924 -0.9758974
vn 0.2646177 -0.4583312 -0.8484751
vn 0.1543116 -0.1543116 -0.9758974
vn 0.3742259 -0.3742259 -0.8484751
vn 0.1889924 -0.1091148 -0.9758974
vn 0.4583312 -0.2646177 -0.8484751
vn 0.2107936 -0.0564820 -0.9758974
vn 0.5112021 -0.1369762 -0.8484751
vn 0.2182296 -0.0000000 -0.9758974
vn 0.5292353 -0.0000000 -0.8484751
vn 0.7538646 0.2019974 -0.6252081
vn 0.7804581 0.0000000 -0.6252081
vn 0.6758965 0.3902290 -0.6252081
vn 0.5518672 0.5518672 -0.6252081
vn 0.3902290 0.6758965 -0.6252081
vn 0.2019974 0.7538646 -0.6252081
vn 0.0000000 0.7804581 -0.6252081
vn -0.2019974 0.7538646 -0.6252081
vn -0.3902290 0.6758965 -0.6252081
vn -0.5518672 0.5518672 -0.6252081
vn -0.6758965 0.3902290 -0.6252081
vn -0.7538646 0.2019974 -0.6252081
vn -0.7804581 0.0000000 -0.6252081
vn -0.7538646 -0.2019974 -0.6252081
vn -0.6758965 -0.3902290 -0.6252081
vn -0.5518672 -0.5518672 -0.6252081
vn -0.3902290 -0.6758965 -0.6252081
vn -0.2019974 -0.7538646 -0.6252081
vn -0.0000000 -0.7804581 -0.6252081
vn 0.2019974 -0.7538646 -0.6252081
vn 0.3902290 -0.6758965 -0.6252081
vn 0.5518672 -0.5518672 -0.6252081
vn 0.6758965 -0.3902290 -0.6252081
vn 0.7538646 -0.2019974 -0.6252081
vn 0.7804581 -0.0000000 -0.6252081
vn 0.9113698 0.2442008 -0.3313170
vn 0.9435195 0.0000000 -0.3313170
vn 0.8171119 0.4717597 -0.3313170
vn 0.6671690 0.6671690 -0.3313170
vn 0.4717597 0.8171119 -0.3313170
vn 0.2442008 0.9113698 -0.3313170
vn 0.0000000 0.9435195 -0.3313170
vn -0.2442008 0.9113698 -0.3313170
vn -0.4717597 0.8171119 -0.3313170
vn -0.6671690 0.6671690 -0.3313170
vn -0.8171119 0.4717597 -0.3313170
vn -0.9113698 0.2442008 -0.3313170
vn -0.9435195 0.0000000 -0.3313170
vn -0.9113698 -0.2442008 -0.3313170
vn -0.8171119 -0.4717597 -0.3313170
vn -0.6671690 -0.6671690 -0.3313170
vn -0.4717597 -0.8171119 -0.3313170
vn -0.2442008 -0.9113698 -0.3313170
vn -0.0000000 -0.9435195 -0.3313170
vn 0.2442008 -0.9113698 -0.3313170
vn 0.4717597 -0.8171119 -0.3313170
vn 0.6671690 -0.6671690 -0.3313170
vn 0.8171119 -0.4717597 -0.3313170
vn 0.9113698 -0.2442008 -0.3313170
vn 0.9435195 -0.0000000 -0.3313170
vn 0.9113698 0.2442008 0.3313170
vn 0.9435195 0.0000000 0.3313170
vn 0.8171119 0.4717597 0.3313170
vn 0.6671690 0.6671690 0.3313170
vn 0.4717597 0.8171119 0.3313170
vn 0.2442008 0.9113698 0.3313170
vn 0.0000000 0.9435195 0.3313170
vn -0.2442008 0.9113698 0.3313170
vn -0.4717597 0.8171119 0.3313170
vn -0.6671690 0.6671690 0.3313170
vn -0.8171119 0.4717597 0.3313170
vn -0.9113698 0.2442008 0.3313170
vn -0.9435195 0.0000000 0.3313170
vn -0.9113698 -0.2442008 0.3313170
vn -0.8171119 -0.4717597 0.3313170
vn -0.6671690 -0.6671690 0.3313170
vn -0.4717597 -0.8171119 0.3313170
vn -0.2442008 -0.9113698 0.3313170
vn -0.0000000 -0.9435195 0.3313170
vn 0.2442008 -0.9113698 0.3313170
vn 0.4717597 -0.8171119 0.3313170
vn 0.6671690 -0.6671690 0.3313170
vn 0.8171119 -0.4717597 0.3313170
vn 0.9113698 -0.2442008 0.3313170
vn 0.9435195 -0.0000000 0.3313170
vn 0.7538646 0.2019974 0.6252081
vn 0.7804581 0.0000000 0.6252081
vn 0.6758965 0.3902290 0.6252081
vn 0.5518672 0.5518672 0.6252081
vn 0.3902290 0.6758965 0.6252081
vn 0.2019974 0.7538646 0.6252081
vn 0.0000000 0.7804581 0.6252081
vn -0.2019974 0.7538646 0.6252081
vn -0.3902290 0.6758965 0.6252081
vn -0.5518672 0.5518672 0.6252081
vn -0.6758965 0.3902290 0.6252081
vn -0.7538646 0.2019974 0.6252081
vn -0.7804581 0.0000000 0.6252081
vn -0.7538646 -0.2019974 0.6252081
vn -0.6758965 -0.3902290 0.6252081
vn -0.5518672 -0.5518672 0.6252081
vn -0.3902290 -0.6758965 0.6252081
vn -0.2019974 -0.7538646 0.6252081
vn -0.0000000 -0.7804581 0.6252081
vn 0.2019974 -0.7538646 0.6252081
vn 0.3902290 -0.6758965 0.6252081
vn 0.5518672 -0.5518672 0.6252081
vn 0.6758965 -0.3902290 0.6252081
vn 0.7538646 -0.2019974 0.6252081
vn 0.7804581 -0.0000000 0.6252081
vn 0.5112021 0.1369762 0.8484751
vn 0.5292353 0.0000000 0.8484751
vn 0.4583312 0.2646177 0.8484751
vn 0.3742259 0.3742259 0.8484751
vn 0.2646177 0.4583312 0.8484751
vn 0.1369762 0.5112021 0.8484751
vn 0.0000000 0.5292353 0.8484751
vn -0.1369762 0.5112021 0.8484751
vn -0.2646177 0.4583312 0.8484751
vn -0.3742259 0.3742259 0.8484751
vn -0.4583312 0.2646177 0.8484751
vn -0.5112021 0.1369762 0.8484751
vn -0.5292353 0.0000000 0.8484751
vn -0.5112021 -0.1369762 0.8484751
vn -0.4583312 -0.2646177 0.8484751
vn -0.3742259 -0.3742259 0.8484751
vn -0.2646177 -0.4583312 0.8484751
vn -0.1369762 -0.5112021 0.8484751
vn -0.0000000 -0.5292353 0.8484751
vn 0.1369762 -0.5112021 0.8484751
vn 0.2646177 -0.4583312 0.8484751
vn 0.3742259 -0.3742259 0.8484751
vn 0.4583312 -0.2646177 0.8484751
vn 0.5112021 -0.1369762 0.8484751
vn 0.5292353 -0.0000000 0.8484751
vn 0.2107936 0.0564820 0.9758974
vn 0.2182296 0.0000000 0.9758974
vn 0.1889924 0.1091148 0.9758974
vn 0.1543116 0.1543116 0.9758974
vn 0.1091148 0.1889924 0.9758974
vn 0.0564820 0.2107936 0.9758974
vn 0.0000000 0.2182296 0.9758974
vn -0.0564820 0.2107936 0.9758974
vn -0.1091148 0.1889924 0.9758974
vn -0.1543116 0.1543116 0.9758974
vn -0.1889924 0.1091148 0.9758974
vn -0.2107936 0.0564820 0.9758974
vn -0.2182296 0.0000000 0.9758974
vn -0.2107936 -0.0564820 0.9758974
vn -0.1889924 -0.1091148 0.9758974
vn -0.1543116 -0.1543116 0.9758974
vn -0.1091148 -0.1889924 0.9758974
vn -0.0564820 -0.2107936 0.9758974
vn -0.0000000 -0.2182296 0.9758974
vn 0.0564820 -0.2107936 0.9758974
vn 0.1091148 -0.1889924 0.9758974
vn 0.1543116 -0.1543116 0.9758974
vn 0.1889924 -0.1091148 0.9758974
vn 0.2107936 -0.0564820 0.9758974
vn 0.2182296 -0.0000000 0.9758974
vn 0.3161299 0.4600150 -0.8297277
vn 0.3083457 0.5036084 -0.8070325
vn 0.2929690 0.5455850 -0.7851791
vn 0.2703785 0.5849111 -0.7647054
vn 0.2411304 0.6206186 -0.7461158
vn 0.2059448 0.6518280 -0.7298678
vn 0.1656882 0.6777710 -0.7163616
vn 0.1213518 0.6978086 -0.7059298
vn 0.0740273 0.7114477 -0.6988292
vn 0.0248800 0.7183522 -0.6952346
vn -0.0248800 0.7183522 -0.6952346
vn -0.0740273 0.7114477 -0.6988292
vn -0.1213518 0.6978086 -0.7059298
vn -0.1656882 0.6777710 -0.7163616
vn -0.2059448 0.6518280 -0.7298678
vn -0.2411304 0.6206186 -0.7461158
vn -0.2703785 0.5849111 -0.7647054
vn -0.2929690 0.5455850 -0.7851791
vn -0.3083457 0.5036084 -0.8070325
vn -0.3161299 0.4600150 -0.8297277
vn -0.3161299 0.4158782 -0.8527058
vn -0.3083457 0.3722848 -0.8754010
vn -0.2929690 0.3303082 -0.8972545
vn -0.2703785 0.2909820 -0.9177281
vn -0.2411304 0.2552746 -0.9363178
vn -0.2059448 0.2240652 -0.9525658
vn -0.1656882 0.1981222 -0.9660720
vn -0.1213518 0.1780845 -0.9765038
vn -0.0740273 0.1644455 -0.9836044
vn -0.0248800 0.1575410 -0.9871990
vn 0.0248800 0.1575410 -0.9871990
vn 0.0740273 0.1644455 -0.9836044
vn 0.1213518 0.1780845 -0.9765038
vn 0.1656882 0.1981222 -0.9660720
vn 0.2059448 0.2240652 -0.9525658
vn 0.2411304 0.2552746 -0.9363178
vn 0.2703785 0.2909820 -0.9177281
vn 0.2929690 0.3303082 -0.8972545
vn 0.3083457 0.3722848 -0.8754010
vn 0.3161299 0.4158782 -0.8527058
vn 0.9969173 0.0695928 0.0362308
vn 0.9723699 0.2070649 0.1078002
vn 0.9238795 0.3394383 0.1767152
vn 0.8526402 0.4634536 0.2412790
vn 0.7604060 0.5760571 0.2999016
vn 0.6494480 0.6744762 0.3511396
vn 0.5224986 0.7562875 0.3937315
vn 0.3826834 0.8194765 0.4266283
vn 0.2334454 0.8624872 0.4490202
vn 0.0784591 0.8842606 0.4603557
vn -0.0784591 0.8842606 0.4603557
vn -0.2334454 0.8624872 0.4490202
vn -0.3826834 0.8194765 0.4266283
vn -0.5224986 0.7562875 0.3937315
vn -0.6494480 0.6744762 0.3511396
vn -0.7604060 0.5760571 0.2999016
vn -0.8526402 0.4634536 0.2412790
vn -0.9238795 0.3394383 0.1767152
vn -0.9723699 0.2070649 0.1078002
vn -0.9969173 0.0695928 0.0362308
vn -0.9969173 -0.0695928 -0.0362308
vn -0.9723699 -0.2070649 -0.1078002
vn -0.9238795 -0.3394383 -0.1767152
vn -0.8526402 -0.4634536 -0.2412790
vn -0.7604060 -0.5760571 -0.2999016
vn -0.6494480 -0.6744762 -0.3511396
vn -0.5224986 -0.7562875 -0.3937315
vn -0.3826834 -0.8194765 -0.4266283
vn -0.2334454 -0.8624872 -0.4490202
vn -0.0784591 -0.8842606 -0.4603557
vn 0.0784591 -0.8842606 -0.4603557
vn 0.2334454 -0.8624872 -0.4490202
vn 0.3826834 -0.8194765 -0.4266283
vn 0.5224986 -0.7562875 -0.3937315
vn 0.6494480 -0.6744762 -0.3511396
vn 0.7604060 -0.5760571 -0.2999016
vn 0.8526402 -0.4634536 -0.2412790
vn 0.9238795 -0.3394383 -0.1767152
vn 0.9723699 -0.2070649 -0.1078002
vn 0.9969173 -0.0695928 -0.0362308
vn 0.3161299 -0.4158782 0.8527058
vn 0.3083457 -0.3722848 0.8754010
vn 0.2929690 -0.3303082 0.8972545
vn 0.2703785 -0.2909820 0.9177281
vn 0.2411304 -0.2552746 0.9363178
vn 0.2059448 -0.2240652 0.9525658
vn 0.1656882 -0.1981222 0.9660720
vn 0.1213518 -0.1780845 0.9765038
vn 0.0740273 -0.1644455 0.9836044
vn 0.0248800 -0.1575410 0.9871990
vn -0.0248800 -0.1575410 0.9871990
vn -0.0740273 -0.1644455 0.9836044
vn -0.1213518 -0.1780845 0.9765038
vn -0.1656882 -0.1981222 0.9660720
vn -0.2059448 -0.2240652 0.9525658
vn -0.2411304 -0.2552746 0.9363178
vn -0.2703785 -0.2909820 0.9177281
vn -0.2929690 -0.3303082 0.8972545
vn -0.3083457 -0.3722848 0.8754010
vn -0.3161299 -0.4158782 0.8527058
vn -0.3161299 -0.4600150 0.8297277
vn -0.3083457 -0.5036084 0.8070325
vn -0.2929690 -0.5455850 0.7851791
vn -0.2703785 -0.5849111 0.7647054
vn -0.2411304 -0.6206186 0.7461158
vn -0.2059448 -0.6518280 0.7298678
vn -0.1656882 -0.6777710 0.7163616
vn -0.1213518 -0.6978086 0.7059298
vn -0.0740273 -0.7114477 0.6988292
vn -0.0248800 -0.7183522 0.6952346
vn 0.0248800 -0.7183522 0.6952346
vn 0.0740273 -0.7114477 0.6988292
vn 0.1213518 -0.6978086 0.7059298
vn 0.1656882 -0.6777710 0.7163616
vn 0.2059448 -0.6518280 0.7298678
vn 0.2411304 -0.6206186 0.7461158
vn 0.2703785 -0.5849111 0.7647054
vn 0.2929690 -0.5455850 0.7851791
vn 0.3083457 -0.5036084 0.8070325
vn 0.3161299 -0.4600150 0.8297277
vn 0.7455795 0.0248800 -0.6659521
vn 0.7388243 0.0740273 -0.6698199
vn 0.7254801 0.1213518 -0.6774602
vn 0.7058756 0.1656882 -0.6886850
vn 0.6804935 0.2059448 -0.7032178
vn 0.6499588 0.2411304 -0.7207008
vn 0.6150233 0.2703785 -0.7407036
vn 0.5765473 0.2929690 -0.7627334
vn 0.5354782 0.3083457 -0.7862480
vn 0.4928273 0.3161299 -0.8106684
vn 0.4496447 0.3161299 -0.8353931
vn 0.4069937 0.3083457 -0.8598134
vn 0.3659246 0.2929690 -0.8833280
vn 0.3274486 0.2703785 -0.9053579
vn 0.2925131 0.2411304 -0.9253606
vn 0.2619784 0.2059448 -0.9428436
vn 0.2365963 0.1656882 -0.9573764
vn 0.2169918 0.1213518 -0.9686012
vn 0.2036476 0.0740273 -0.9762416
vn 0.1968924 0.0248800 -0.9801094
vn 0.1968924 -0.0248800 -0.9801094
vn 0.2036476 -0.0740273 -0.9762416
vn 0.2169918 -0.1213518 -0.9686012
vn 0.2365963 -0.1656882 -0.9573764
vn 0.2619784 -0.2059448 -0.9428436
vn 0.2925131 -0.2411304 -0.9253606
vn 0.3274486 -0.2703785 -0.9053579
vn 0.3659246 -0.2929690 -0.8833280
vn 0.4069937 -0.3083457 -0.8598134
vn 0.4496447 -0.3161299 -0.8353931
vn 0.4928273 -0.3161299 -0.8106684
vn 0.5354782 -0.3083457 -0.7862480
vn 0.5765473 -0.2929690 -0.7627334
vn 0.6150233 -0.2703785 -0.7407036
vn 0.6499588 -0.2411304 -0.7207008
vn 0.6804935 -0.2059448 -0.7032178
vn 0.7058756 -0.1656882 -0.6886850
vn 0.7254801 -0.1213518 -0.6774602
vn 0.7388243 -0.0740273 -0.6698199
vn 0.7455795 -0.0248800 -0.6659521
vn 0.8651440 0.0784591 0.4953484
vn 0.8438413 0.2334454 0.4831513
vn 0.8017604 0.3826834 0.4590574
vn 0.7399375 0.5224986 0.4236600
vn 0.6598949 0.6494480 0.3778306
vn 0.5636035 0.7604060 0.3226978
vn 0.4534343 0.8526402 0.2596192
vn 0.3321000 0.9238795 0.1901478
vn 0.2025884 0.9723699 0.1159944
vn 0.0680883 0.9969173 0.0389848
vn -0.0680883 0.9969173 -0.0389848
vn -0.2025884 0.9723699 -0.1159944
vn -0.3321000 0.9238795 -0.1901478
vn -0.4534343 0.8526402 -0.2596192
vn -0.5636035 0.7604060 -0.3226978
vn -0.6598949 0.6494480 -0.3778306
vn -0.7399375 0.5224986 -0.4236600
vn -0.8017604 0.3826834 -0.4590574
vn -0.8438413 0.2334454 -0.4831513
vn -0.8651440 0.0784591 -0.4953484
vn -0.8651440 -0.0784591 -0.4953484
vn -0.8438413 -0.2334454 -0.4831513
vn -0.8017604 -0.3826834 -0.4590574
vn -0.7399375 -0.5224986 -0.4236600
vn -0.6598949 -0.6494480 -0.3778306
vn -0.5636035 -0.7604060 -0.3226978
vn -0.4534343 -0.8526402 -0.2596192
vn -0.3321000 -0.9238795 -0.1901478
vn -0.2025884 -0.9723699 -0.1159944
vn -0.0680883 -0.9969173 -0.0389848
vn 0.0680883 -0.9969173 0.0389848
vn 0.2025884 -0.9723699 0.1159944
vn 0.3321000 -0.9238795 0.1901478
vn 0.4534343 -0.8526402 0.2596192
vn 0.5636035 -0.7604060 0.3226978
vn 0.6598949 -0.6494480 0.3778306
vn 0.7399375 -0.5224986 0.4236600
vn 0.8017604 -0.3826834 0.4590574
vn 0.8438413 -0.2334454 0.4831513
vn 0.8651440 -0.0784591 0.4953484
vn -0.1968924 0.0248800 0.9801094
vn -0.2036476 0.0740273 0.9762416
vn -0.2169918 0.1213518 0.9686012
vn -0.2365963 0.1656882 0.9573764
vn -0.2619784 0.2059448 0.9428436
vn -0.2925131 0.2411304 0.9253606
vn -0.3274486 0.2703785 0.9053579
vn -0.3659246 0.2929690 0.8833280
vn -0.4069937 0.3083457 0.8598134
vn -0.4496447 0.3161299 0.8353931
vn -0.4928273 0.3161299 0.8106684
vn -0.5354782 0.3083457 0.7862480
vn -0.5765473 0.2929690 0.7627334
vn -0.6150233 0.2703785 0.7407036
vn -0.6499588 0.2411304 0.7207008
vn -0.6804935 0.2059448 0.7032178
vn -0.7058756 0.1656882 0.6886850
vn -0.7254801 0.1213518 0.6774602
vn -0.7388243 0.0740273 0.6698199
vn -0.7455795 0.0248800 0.6659521
vn -0.7455795 -0.0248800 0.6659521
vn -0.7388243 -0.0740273 0.6698199
vn -0.7254801 -0.1213518 0.6774602
vn -0.7058756 -0.1656882 0.6886850
vn -0.6804935 -0.2059448 0.7032178
vn -0.6499588 -0.2411304 0.7207008
vn -0.6150233 -0.2703785 0.7407036
vn -0.5765473 -0.2929690 0.7627334
vn -0.5354782 -0.3083457 0.7862480
vn -0.4928273 -0.3161299 0.8106684
vn -0.4496447 -0.3161299 0.8353931
vn -0.4069937 -0.3083457 0.8598134
vn -0.3659246 -0.2929690 0.8833280
vn -0.3274486 -0.2703785 0.9053579
vn -0.2925131 -0.2411304 0.9253606
vn -0.2619784 -0.2059448 0.9428436
vn -0.2365963 -0.1656882 0.9573764
vn -0.2169918 -0.1213518 0.9686012
vn -0.2036476 -0.0740273 0.9762416
vn -0.1968924 -0.0248800 0.9801094
vn -0.2033696 0.5443794 -0.8138132
vn -0.2027235 0.5850965 -0.7852167
vn -0.2088155 0.6231363 -0.7537222
vn -0.2214957 0.6575624 -0.7201051
vn -0.2404518 0.6875269 -0.6851932
vn -0.2652170 0.7122921 -0.6498460
vn -0.2951815 0.7312482 -0.6149341
vn -0.3296076 0.7439284 -0.5813170
vn -0.3676474 0.7500204 -0.5498225
vn -0.4083645 0.7493743 -0.5212260
vn -0.4507561 0.7420060 -0.4962319
vn -0.4937784 0.7280969 -0.4754553
vn -0.5363722 0.7079895 -0.4594081
vn -0.5774885 0.6821789 -0.4484852
vn -0.6161150 0.6513006 -0.4429557
vn -0.6513006 0.6161150 -0.4429557
vn -0.6821789 0.5774885 -0.4484852
vn -0.7079895 0.5363722 -0.4594081
vn -0.7280969 0.4937784 -0.4754553
vn -0.7420060 0.4507561 -0.4962319
vn -0.7493743 0.4083645 -0.5212260
vn -0.7500204 0.3676474 -0.5498225
vn -0.7439284 0.3296076 -0.5813170
vn -0.7312482 0.2951815 -0.6149341
vn -0.7122921 0.2652170 -0.6498460
vn -0.6875269 0.2404518 -0.6851932
vn -0.6575624 0.2214957 -0.7201051
vn -0.6231363 0.2088155 -0.7537222
vn -0.5850965 0.2027235 -0.7852167
vn -0.5443794 0.2033696 -0.8138132
vn -0.5019878 0.2107379 -0.8388073
vn -0.4589655 0.2246470 -0.8595839
vn -0.4163717 0.2447544 -0.8756311
vn -0.3752554 0.2705650 -0.8865540
vn -0.3366289 0.3014433 -0.8920835
vn -0.3014433 0.3366289 -0.8920835
vn -0.2705650 0.3752554 -0.8865540
vn -0.2447544 0.4163717 -0.8756311
vn -0.2246470 0.4589655 -0.8595839
vn -0.2107379 0.5019878 -0.8388073
vn 0.8609145 0.2144620 -0.4613375
vn 0.8629519 0.3428633 -0.3711586
vn 0.8437407 0.4628223 -0.2718404
vn 0.8037537 0.5713851 -0.1658287
vn 0.7439756 0.6658784 -0.0557337
vn 0.6658784 0.7439756 0.0557337
vn 0.5713851 0.8037537 0.1658287
vn 0.4628223 0.8437407 0.2718404
vn 0.3428633 0.8629519 0.3711586
vn 0.2144620 0.8609145 0.4613375
vn 0.0807798 0.8376785 0.5401569
vn -0.0548914 0.7938160 0.6056757
vn -0.1892111 0.7304072 0.6562808
vn -0.3188717 0.6490133 0.6907262
vn -0.4406806 0.5516385 0.7081635
vn -0.5516385 0.4406806 0.7081635
vn -0.6490133 0.3188717 0.6907262
vn -0.7304072 0.1892111 0.6562808
vn -0.7938160 0.0548914 0.6056757
vn -0.8376785 -0.0807798 0.5401569
vn -0.8609145 -0.2144620 0.4613375
vn -0.8629519 -0.3428633 0.3711586
vn -0.8437407 -0.4628223 0.2718404
vn -0.8037537 -0.5713851 0.1658287
vn -0.7439756 -0.6658784 0.0557337
vn -0.6658784 -0.7439756 -0.0557337
vn -0.5713851 -0.8037537 -0.1658287
vn -0.4628223 -0.8437407 -0.2718404
vn -0.3428633 -0.8629519 -0.3711586
vn -0.2144620 -0.8609145 -0.4613375
vn -0.0807798 -0.8376785 -0.5401569
vn 0.0548914 -0.7938160 -0.6056757
vn 0.1892111 -0.7304072 -0.6562808
vn 0.3188717 -0.6490133 -0.6907262
vn 0.4406806 -0.5516385 -0.7081635
vn 0.5516385 -0.4406806 -0.7081635
vn 0.6490133 -0.3188717 -0.6907262
vn 0.7304072 -0.1892111 -0.6562808
vn 0.7938160 -0.0548914 -0.6056757
vn 0.8376785 0.0807798 -0.5401569
vn 0.7493743 -0.4083645 0.5212260
vn 0.7500204 -0.3676474 0.5498225
vn 0.7439284 -0.3296076 0.5813170
vn 0.7312482 -0.2951815 0.6149341
vn 0.7122921 -0.2652170 0.6498460
vn 0.6875269 -0.2404518 0.6851932
vn 0.6575624 -0.2214957 0.7201051
vn 0.6231363 -0.2088155 0.7537222
vn 0.5850965 -0.2027235 0.7852167
vn 0.5443794 -0.2033696 0.8138132
vn 0.5019878 -0.2107379 0.8388073
vn 0.4589655 -0.2246470 0.8595839
vn 0.4163717 -0.2447544 0.8756311
vn 0.3752554 -0.2705650 0.8865540
vn 0.3366289 -0.3014433 0.8920835
vn 0.3014433 -0.3366289 0.8920835
vn 0.2705650 -0.3752554 0.8865540
vn 0.2447544 -0.4163717 0.8756311
vn 0.2246470 -0.4589655 0.8595839
vn 0.2107379 -0.5019878 0.8388073
vn 0.2033696 -0.5443794 0.8138132
vn 0.2027235 -0.5850965 0.7852167
vn 0.2088155 -0.6231363 0.7537222
vn 0.2214957 -0.6575624 0.7201051
vn 0.2404518 -0.6875269 0.6851932
vn 0.2652170 -0.7122921 0.6498460
vn 0.2951815 -0.7312482 0.6149341
vn 0.3296076 -0.7439284 0.5813170
vn 0.3676474 -0.7500204 0.5498225
vn 0.4083645 -0.7493743 0.5212260
vn 0.4507561 -0.7420060 0.4962319
vn 0.4937784 -0.7280969 0.4754553
vn 0.5363722 -0.7079895 0.4594081
vn 0.5774885 -0.6821789 0.4484852
vn 0.6161150 -0.6513006 0.4429557
vn 0.6513006 -0.6161150 0.4429557
vn 0.6821789 -0.5774885 0.4484852
vn 0.7079895 -0.5363722 0.4594081
vn 0.7280969 -0.4937784 0.4754553
vn 0.7420060 -0.4507561 0.4962319
vn 0.3161068 0.1969863 -0.9280479
vn 0.3065021 0.2505775 -0.9182959
vn 0.2875844 0.3017136 -0.9089907
vn 0.2599286 0.3488409 -0.9004150
vn 0.2243751 0.3905274 -0.8928293
vn 0.1820040 0.4255066 -0.8864642
vn 0.1341028 0.4527155 -0.8815130
vn 0.0821270 0.4713275 -0.8781261
vn 0.0276558 0.4807771 -0.8764066
vn -0.0276558 0.4807771 -0.8764066
vn -0.0821270 0.4713275 -0.8781261
vn -0.1341028 0.4527155 -0.8815130
vn -0.1820040 0.4255066 -0.8864642
vn -0.2243751 0.3905274 -0.8928293
vn -0.2599286 0.3488409 -0.9004150
vn -0.2875844 0.3017136 -0.9089907
vn -0.3065021 0.2505775 -0.9182959
vn -0.3161068 0.1969863 -0.9280479
vn -0.3161068 0.1425685 -0.9379503
vn -0.3065021 0.0889773 -0.9477022
vn -0.2875844 0.0378412 -0.9570074
vn -0.2599286 -0.0092861 -0.9655832
vn -0.2243751 -0.0509726 -0.9731689
vn -0.1820040 -0.0859518 -0.9795340
vn -0.1341028 -0.1131607 -0.9844852
vn -0.0821270 -0.1317727 -0.9878720
vn -0.0276558 -0.1412223 -0.9895915
vn 0.0276558 -0.1412223 -0.9895915
vn 0.0821270 -0.1317727 -0.9878720
vn 0.1341028 -0.1131607 -0.9844852
vn 0.1820040 -0.0859518 -0.9795340
vn 0.2243751 -0.0509726 -0.9731689
vn 0.2599286 -0.0092861 -0.9655832
vn 0.2875844 0.0378412 -0.9570074
vn 0.3065021 0.0889773 -0.9477022
vn 0.3161068 0.1425685 -0.9379503
vn 0.9961947 0.0857476 0.0156035
vn 0.9659258 0.2546375 0.0463363
vn 0.9063078 0.4157903 0.0756612
vn 0.8191520 0.5643096 0.1026871
vn 0.7071068 0.6956825 0.1265930
vn 0.5735764 0.8059176 0.1466524
vn 0.4226183 0.8916652 0.1622559
vn 0.2588190 0.9503200 0.1729293
vn 0.0871557 0.9800999 0.1783483
vn -0.0871557 0.9800999 0.1783483
vn -0.2588190 0.9503200 0.1729293
vn -0.4226183 0.8916652 0.1622559
vn -0.5735764 0.8059176 0.1466524
vn -0.7071068 0.6956825 0.1265930
vn -0.8191520 0.5643096 0.1026871
vn -0.9063078 0.4157903 0.0756612
vn -0.9659258 0.2546375 0.0463363
vn -0.9961947 0.0857476 0.0156035
vn -0.9961947 -0.0857476 -0.0156035
vn -0.9659258 -0.2546375 -0.0463363
vn -0.9063078 -0.4157903 -0.0756612
vn -0.8191520 -0.5643096 -0.1026871
vn -0.7071068 -0.6956825 -0.1265930
vn -0.5735764 -0.8059176 -0.1466524
vn -0.4226183 -0.8916652 -0.1622559
vn -0.2588190 -0.9503200 -0.1729293
vn -0.0871557 -0.9800999 -0.1783483
vn 0.0871557 -0.9800999 -0.1783483
vn 0.2588190 -0.9503200 -0.1729293
vn 0.4226183 -0.8916652 -0.1622559
vn 0.5735764 -0.8059176 -0.1466524
vn 0.7071068 -0.6956825 -0.1265930
vn 0.8191520 -0.5643096 -0.1026871
vn 0.9063078 -0.4157903 -0.0756612
vn 0.9659258 -0.2546375 -0.0463363
vn 0.9961947 -0.0857476 -0.0156035
vn 0.3161068 -0.1425685 0.9379503
vn 0.3065021 -0.0889773 0.9477022
vn 0.2875844 -0.0378412 0.9570074
vn 0.2599286 0.0092861 0.9655832
vn 0.2243751 0.0509726 0.9731689
vn 0.1820040 0.0859518 0.9795340
vn 0.1341028 0.1131607 0.9844852
vn 0.0821270 0.1317727 0.9878720
vn 0.0276558 0.1412223 0.9895915
vn -0.0276558 0.1412223 0.9895915
vn -0.0821270 0.1317727 0.9878720
vn -0.1341028 0.1131607 0.9844852
vn -0.1820040 0.0859518 0.9795340
vn -0.2243751 0.0509726 0.9731689
vn -0.2599286 0.0092861 0.9655832
vn -0.2875844 -0.0378412 0.9570074
vn -0.3065021 -0.0889773 0.9477022
vn -0.3161068 -0.1425685 0.9379503
vn -0.3161068 -0.1969863 0.9280479
vn -0.3065021 -0.2505775 0.9182959
vn -0.2875844 -0.3017136 0.9089907
vn -0.2599286 -0.3488409 0.9004150
vn -0.2243751 -0.3905274 0.8928293
vn -0.1820040 -0.4255066 0.8864642
vn -0.1341028 -0.4527155 0.8815130
vn -0.0821270 -0.4713275 0.8781261
vn -0.0276558 -0.4807771 0.8764066
vn 0.0276558 -0.4807771 0.8764066
vn 0.0821270 -0.4713275 0.8781261
vn 0.1341028 -0.4527155 0.8815130
vn 0.1820040 -0.4255066 0.8864642
vn 0.2243751 -0.3905274 0.8928293
vn 0.2599286 -0.3488409 0.9004150
vn 0.2875844 -0.3017136 0.9089907
vn 0.3065021 -0.2505775 0.9182959
vn 0.3161068 -0.1969863 0.9280479
vn 0.6063471 0.0276558 -0.7947191
vn 0.5972606 0.0821270 -0.7978314
vn 0.5793637 0.1341028 -0.8039616
vn 0.5532001 0.1820040 -0.8129232
vn 0.5195650 0.2243751 -0.8244441
vn 0.4794801 0.2599286 -0.8381742
vn 0.4341636 0.2875844 -0.8536962
vn 0.3849922 0.3065021 -0.8705386
vn 0.3334601 0.3161068 -0.8881896
vn 0.2811331 0.3161068 -0.9061129
vn 0.2296010 0.3065021 -0.9237640
vn 0.1804297 0.2875844 -0.9406064
vn 0.1351131 0.2599286 -0.9561284
vn 0.0950283 0.2243751 -0.9698585
vn 0.0613931 0.1820040 -0.9813794
vn 0.0352296 0.1341028 -0.9903410
vn 0.0173327 0.0821270 -0.9964711
vn 0.0082462 0.0276558 -0.9995835
vn 0.0082462 -0.0276558 -0.9995835
vn 0.0173327 -0.0821270 -0.9964711
vn 0.0352296 -0.1341028 -0.9903410
vn 0.0613931 -0.1820040 -0.9813794
vn 0.0950283 -0.2243751 -0.9698585
vn 0.1351131 -0.2599286 -0.9561284
vn 0.1804297 -0.2875844 -0.9406064
vn 0.2296010 -0.3065021 -0.9237640
vn 0.2811331 -0.3161068 -0.9061129
vn 0.3334601 -0.3161068 -0.8881896
vn 0.3849922 -0.3065021 -0.8705386
vn 0.4341636 -0.2875844 -0.8536962
vn 0.4794801 -0.2599286 -0.8381742
vn 0.5195650 -0.2243751 -0.8244441
vn 0.5532001 -0.1820040 -0.8129232
vn 0.5793637 -0.1341028 -0.8039616
vn 0.5972606 -0.0821270 -0.7978314
vn 0.6063471 -0.0276558 -0.7947191
vn 0.9424424 0.0871557 0.3228099
vn 0.9138067 0.2588190 0.3130015
vn 0.8574055 0.4226183 0.2936827
vn 0.7749525 0.5735764 0.2654405
vn 0.6689530 0.7071068 0.2291330
vn 0.5426276 0.8191520 0.1858634
vn 0.3998148 0.9063078 0.1369465
vn 0.2448538 0.9659258 0.0838685
vn 0.0824530 0.9961947 0.0282422
vn -0.0824530 0.9961947 -0.0282422
vn -0.2448538 0.9659258 -0.0838685
vn -0.3998148 0.9063078 -0.1369465
vn -0.5426276 0.8191520 -0.1858634
vn -0.6689530 0.7071068 -0.2291330
vn -0.7749525 0.5735764 -0.2654405
vn -0.8574055 0.4226183 -0.2936827
vn -0.9138067 0.2588190 -0.3130015
vn -0.9424424 0.0871557 -0.3228099
vn -0.9424424 -0.0871557 -0.3228099
vn -0.9138067 -0.2588190 -0.3130015
vn -0.8574055 -0.4226183 -0.2936827
vn -0.7749525 -0.5735764 -0.2654405
vn -0.6689530 -0.7071068 -0.2291330
vn -0.5426276 -0.8191520 -0.1858634
vn -0.3998148 -0.9063078 -0.1369465
vn -0.2448538 -0.9659258 -0.0838685
vn -0.0824530 -0.9961947 -0.0282422
vn 0.0824530 -0.9961947 0.0282422
vn 0.2448538 -0.9659258 0.0838685
vn 0.3998148 -0.9063078 0.1369465
vn 0.5426276 -0.8191520 0.1858634
vn 0.6689530 -0.7071068 0.2291330
vn 0.7749525 -0.5735764 0.2654405
vn 0.8574055 -0.4226183 0.2936827
vn 0.9138067 -0.2588190 0.3130015
vn 0.9424424 -0.0871557 0.3228099
vn -0.0082462 0.0276558 0.9995835
vn -0.0173327 0.0821270 0.9964711
vn -0.0352296 0.1341028 0.9903410
vn -0.0613931 0.1820040 0.9813794
vn -0.0950283 0.2243751 0.9698585
vn -0.1351131 0.2599286 0.9561284
vn -0.1804297 0.2875844 0.9406064
vn -0.2296010 0.3065021 0.9237640
vn -0.2811331 0.3161068 0.9061129
vn -0.3334601 0.3161068 0.8881896
vn -0.3849922 0.3065021 0.8705386
vn -0.4341636 0.2875844 0.8536962
vn -0.4794801 0.2599286 0.8381742
vn -0.5195650 0.2243751 0.8244441
vn -0.5532001 0.1820040 0.8129232
vn -0.5793637 0.1341028 0.8039616
vn -0.5972606 0.0821270 0.7978314
vn -0.6063471 0.0276558 0.7947191
vn -0.6063471 -0.0276558 0.7947191
vn -0.5972606 -0.0821270 0.7978314
vn -0.5793637 -0.1341028 0.8039616
vn -0.5532001 -0.1820040 0.8129232
vn -0.5195650 -0.2243751 0.8244441
vn -0.4794801 -0.2599286 0.8381742
vn -0.4341636 -0.2875844 0.8536962
vn -0.3849922 -0.3065021 0.8705386
vn -0.3334601 -0.3161068 0.8881896
vn -0.2811331 -0.3161068 0.9061129
vn -0.2296010 -0.3065021 0.9237640
vn -0.1804297 -0.2875844 0.9406064
vn -0.1351131 -0.2599286 0.9561284
vn -0.0950283 -0.2243751 0.9698585
vn -0.0613931 -0.1820040 0.9813794
vn -0.0352296 -0.1341028 0.9903410
vn -0.0173327 -0.0821270 0.9964711
vn -0.0082462 -0.0276558 0.9995835
vn -0.0644947 -0.0998094 -0.9929142
vn -0.1632559 -0.1023664 -0.9812587
vn -0.1639012 -0.0513855 -0.9851375
vn -0.0647370 -0.0500922 -0.9966443
vn -0.1641180 0.0000000 -0.9864407
vn -0.0648184 0.0000000 -0.9978971
vn -0.1639012 0.0513855 -0.9851375
vn -0.0647370 0.0500922 -0.9966443
vn -0.1632559 0.1023664 -0.9812587
vn -0.0644947 0.0998094 -0.9929142
vn -0.2603608 -0.1039099 -0.9599036
vn -0.2614214 -0.0521666 -0.9638140
vn -0.2617778 0.0000000 -0.9651282
vn -0.2614214 0.0521666 -0.9638140
vn -0.2603608 0.1039099 -0.9599036
vn -0.3548712 -0.1044259 -0.9290649
vn -0.3563314 -0.0524278 -0.9328876
vn -0.3568221 0.0000000 -0.9341724
vn -0.3563314 0.0524278 -0.9328876
vn -0.3548712 0.1044259 -0.9290649
vn -0.4458743 -0.1039099 -0.8890438
vn -0.4476907 -0.0521666 -0.8926655
vn -0.4483011 0.0000000 -0.8938826
vn -0.4476907 0.0521666 -0.8926655
vn -0.4458743 0.1039099 -0.8890438
vn -0.5324887 -0.1023664 -0.8402243
vn -0.5345936 -0.0513855 -0.8435456
vn -0.5353008 0.0000000 -0.8446615
vn -0.5345936 0.0513855 -0.8435456
vn -0.5324887 0.1023664 -0.8402243
vn -0.6138713 -0.0998094 -0.7830710
vn -0.6161774 -0.0500922 -0.7860128
vn -0.6169520 0.0000000 -0.7870008
vn -0.6161774 0.0500922 -0.7860128
vn -0.6138713 0.0998094 -0.7830710
vn 0.0647370 0.0500922 0.9966443
vn 0.1639012 0.0513855 0.9851375
vn 0.1632559 0.1023664 0.9812587
vn 0.0644947 0.0998094 0.9929142
vn 0.0648184 -0.0000000 0.9978971
vn 0.1641180 -0.0000000 0.9864407
vn 0.0647370 -0.0500922 0.9966443
vn 0.1639012 -0.0513855 0.9851375
vn 0.0644947 -0.0998094 0.9929142
vn 0.1632559 -0.1023664 0.9812587
vn 0.2614214 0.0521666 0.9638140
vn 0.2603608 0.1039099 0.9599036
vn 0.2617778 -0.0000000 0.9651282
vn 0.2614214 -0.0521666 0.9638140
vn 0.2603608 -0.1039099 0.9599036
vn 0.3563314 0.0524278 0.9328876
vn 0.3548712 0.1044259 0.9290649
vn 0.3568221 -0.0000000 0.9341724
vn 0.3563314 -0.0524278 0.9328876
vn 0.3548712 -0.1044259 0.9290649
vn 0.4476907 0.0521666 0.8926655
vn 0.4458743 0.1039099 0.8890438
vn 0.4483011 -0.0000000 0.8938826
vn 0.4476907 -0.0521666 0.8926655
vn 0.4458743 -0.1039099 0.8890438
vn 0.5345936 0.0513855 0.8435456
vn 0.5324887 0.1023664 0.8402243
vn 0.5353008 -0.0000000 0.8446615
vn 0.5345936 -0.0513855 0.8435456
vn 0.5324887 -0.1023664 0.8402243
vn 0.6161774 0.0500922 0.7860128
vn 0.6138713 0.0998094 0.7830710
vn 0.6169520 -0.0000000 0.7870008
vn 0.6161774 -0.0500922 0.7860128
vn 0.6138713 -0.0998094 0.7830710
vn 0.9978971 0.0000000 -0.0648184
vn 0.9978971 -0.0000000 -0.0648184
vn 0.0372615 0.9945327 0.0975518
vn -0.7870008 0.0000000 0.6169520
vn -0.7870008 -0.0000000 0.6169520
vn 0.0372615 -0.9945327 0.0975518
vn -0.2401159 0.1376697 -0.9609326
vn -0.2972745 0.1384031 -0.9447076
vn -0.2947252 0.1894891 -0.9366061
vn -0.2380782 0.1885020 -0.9527779
vn -0.2914584 0.2390822 -0.9262245
vn -0.2354663 0.2378640 -0.9423250
vn -0.2875470 0.2868734 -0.9137945
vn -0.2323378 0.2854504 -0.9298049
vn -0.3533758 0.1386478 -0.9251499
vn -0.3503348 0.1898184 -0.9171884
vn -0.3464383 0.2394885 -0.9069872
vn -0.3417736 0.2873479 -0.8947748
vn -0.4082297 0.1384031 -0.9023265
vn -0.4047289 0.1894891 -0.8945884
vn -0.4002427 0.2390822 -0.8846725
vn -0.3948715 0.2868734 -0.8728002
vn -0.4616499 0.1376697 -0.8763141
vn -0.4577322 0.1885020 -0.8688775
vn -0.4527105 0.2378640 -0.8593451
vn -0.4466956 0.2854504 -0.8479275
vn 0.2380782 -0.1885020 0.9527779
vn 0.2947252 -0.1894891 0.9366061
vn 0.2972745 -0.1384031 0.9447076
vn 0.2401159 -0.1376697 0.9609326
vn 0.2354663 -0.2378640 0.9423250
vn 0.2914584 -0.2390822 0.9262245
vn 0.2323378 -0.2854504 0.9298049
vn 0.2875470 -0.2868734 0.9137945
vn 0.3503348 -0.1898184 0.9171884
vn 0.3533758 -0.1386478 0.9251499
vn 0.3464383 -0.2394885 0.9069872
vn 0.3417736 -0.2873479 0.8947748
vn 0.4047289 -0.1894891 0.8945884
vn 0.4082297 -0.1384031 0.9023265
vn 0.4002427 -0.2390822 0.8846725
vn 0.3948715 -0.2868734 0.8728002
vn 0.4577322 -0.1885020 0.8688775
vn 0.4616499 -0.1376697 0.8763141
vn 0.4527105 -0.2378640 0.8593451
vn 0.4466956 -0.2854504 0.8479275
vn 0.9701703 -0.0000000 -0.2424242
vn 0.9701703 0.0000000 -0.2424242
vn 0.1025321 0.9578263 0.2684325
vn -0.8847384 -0.0000000 0.4660879
vn -0.8847384 0.0000000 0.4660879
vn -0.0494726 -0.9903417 -0.1295210
vn -0.1639515 -0.0450373 -0.9854398
vn -0.2615041 -0.0457223 -0.9641188
vn -0.2615041 0.0457223 -0.9641188
vn -0.1639515 0.0450373 -0.9854398
vn -0.3564452 -0.0459514 -0.9331856
vn -0.3564452 0.0459514 -0.9331856
vn -0.4478322 -0.0457223 -0.8929478
vn -0.4478322 0.0457223 -0.8929478
vn -0.5347576 -0.0450373 -0.8438044
vn -0.5347576 0.0450373 -0.8438044
vn 0.6138713 -0.0998094 -0.7830710
vn 0.5324887 -0.1023664 -0.8402243
vn 0.5345936 -0.0513855 -0.8435456
vn 0.6161774 -0.0500922 -0.7860128
vn 0.5353008 0.0000000 -0.8446615
vn 0.6169520 0.0000000 -0.7870008
vn 0.5345936 0.0513855 -0.8435456
vn 0.6161774 0.0500922 -0.7860128
vn 0.5324887 0.1023664 -0.8402243
vn 0.6138713 0.0998094 -0.7830710
vn 0.4458743 -0.1039099 -0.8890438
vn 0.4476907 -0.0521666 -0.8926655
vn 0.4483011 0.0000000 -0.8938826
vn 0.4476907 0.0521666 -0.8926655
vn 0.4458743 0.1039099 -0.8890438
vn 0.3548712 -0.1044259 -0.9290649
vn 0.3563314 -0.0524278 -0.9328876
vn 0.3568221 0.0000000 -0.9341724
vn 0.3563314 0.0524278 -0.9328876
vn 0.3548712 0.1044259 -0.9290649
vn 0.2603608 -0.1039099 -0.9599036
vn 0.2614214 -0.0521666 -0.9638140
vn 0.2617778 0.0000000 -0.9651282
vn 0.2614214 0.0521666 -0.9638140
vn 0.2603608 0.1039099 -0.9599036
vn 0.1632559 -0.1023664 -0.9812587
vn 0.1639012 -0.0513855 -0.9851375
vn 0.1641180 0.0000000 -0.9864407
vn 0.1639012 0.0513855 -0.9851375
vn 0.1632559 0.1023664 -0.9812587
vn 0.0644947 -0.0998094 -0.9929142
vn 0.0647370 -0.0500922 -0.9966443
vn 0.0648184 0.0000000 -0.9978971
vn 0.0647370 0.0500922 -0.9966443
vn 0.0644947 0.0998094 -0.9929142
vn -0.6161774 0.0500922 0.7860128
vn -0.5345936 0.0513855 0.8435456
vn -0.5324887 0.1023664 0.8402243
vn -0.6138713 0.0998094 0.7830710
vn -0.6169520 -0.0000000 0.7870008
vn -0.5353008 -0.0000000 0.8446615
vn -0.6161774 -0.0500922 0.7860128
vn -0.5345936 -0.0513855 0.8435456
vn -0.6138713 -0.0998094 0.7830710
vn -0.5324887 -0.1023664 0.8402243
vn -0.4476907 0.0521666 0.8926655
vn -0.4458743 0.1039099 0.8890438
vn -0.4483011 -0.0000000 0.8938826
vn -0.4476907 -0.0521666 0.8926655
vn -0.4458743 -0.1039099 0.8890438
vn -0.3563314 0.0524278 0.9328876
vn -0.3548712 0.1044259 0.9290649
vn -0.3568221 -0.0000000 0.9341724
vn -0.3563314 -0.0524278 0.9328876
vn -0.3548712 -0.1044259 0.9290649
vn -0.2614214 0.0521666 0.9638140
vn -0.2603608 0.1039099 0.9599036
vn -0.2617778 -0.0000000 0.9651282
vn -0.2614214 -0.0521666 0.9638140
vn -0.2603608 -0.1039099 0.9599036
vn -0.1639012 0.0513855 0.9851375
vn -0.1632559 0.1023664 0.9812587
vn -0.1641180 -0.0000000 0.9864407
vn -0.1639012 -0.0513855 0.9851375
vn -0.1632559 -0.1023664 0.9812587
vn -0.0647370 0.0500922 0.9966443
vn -0.0644947 0.0998094 0.9929142
vn -0.0648184 -0.0000000 0.9978971
vn -0.0647370 -0.0500922 0.9966443
vn -0.0644947 -0.0998094 0.9929142
vn 0.7870008 -0.0000000 0.6169520
vn 0.7870008 0.0000000 0.6169520
vn -0.0372615 0.9945327 0.0975518
vn -0.9978971 -0.0000000 -0.0648184
vn -0.9978971 0.0000000 -0.0648184
vn -0.0372615 -0.9945327 0.0975518
vn 0.4616499 0.1376697 -0.8763141
vn 0.4082297 0.1384031 -0.9023265
vn 0.4047289 0.1894891 -0.8945884
vn 0.4577322 0.1885020 -0.8688775
vn 0.4002427 0.2390822 -0.8846725
vn 0.4527105 0.2378640 -0.8593451
vn 0.3948715 0.2868734 -0.8728002
vn 0.4466956 0.2854504 -0.8479275
vn 0.3533758 0.1386478 -0.9251499
vn 0.3503348 0.1898184 -0.9171884
vn 0.3464383 0.2394885 -0.9069872
vn 0.3417736 0.2873479 -0.8947748
vn 0.2972745 0.1384031 -0.9447076
vn 0.2947252 0.1894891 -0.9366061
vn 0.2914584 0.2390822 -0.9262245
vn 0.2875470 0.2868734 -0.9137945
vn 0.2401159 0.1376697 -0.9609326
vn 0.2380782 0.1885020 -0.9527779
vn 0.2354663 0.2378640 -0.9423250
vn 0.2323378 0.2854504 -0.9298049
vn -0.4577322 -0.1885020 0.8688775
vn -0.4047289 -0.1894891 0.8945884
vn -0.4082297 -0.1384031 0.9023265
vn -0.4616499 -0.1376697 0.8763141
vn -0.4527105 -0.2378640 0.8593451
vn -0.4002427 -0.2390822 0.8846725
vn -0.4466956 -0.2854504 0.8479275
vn -0.3948715 -0.2868734 0.8728002
vn -0.3503348 -0.1898184 0.9171884
vn -0.3533758 -0.1386478 0.9251499
vn -0.3464383 -0.2394885 0.9069872
vn -0.3417736 -0.2873479 0.8947748
vn -0.2947252 -0.1894891 0.9366061
vn -0.2972745 -0.1384031 0.9447076
vn -0.2914584 -0.2390822 0.9262245
vn -0.2875470 -0.2868734 0.9137945
vn -0.2380782 -0.1885020 0.9527779
vn -0.2401159 -0.1376697 0.9609326
vn -0.2354663 -0.2378640 0.9423250
vn -0.2323378 -0.2854504 0.9298049
vn 0.8847384 0.0000000 0.4660879
vn 0.8847384 -0.0000000 0.4660879
vn -0.1025321 0.9578263 0.2684325
vn -0.9701703 0.0000000 -0.2424242
vn -0.9701703 -0.0000000 -0.2424242
vn 0.0494726 -0.9903417 -0.1295210
vn 0.5347576 -0.0450373 -0.8438044
vn 0.4478322 -0.0457223 -0.8929478
vn 0.4478322 0.0457223 -0.8929478
vn 0.5347576 0.0450373 -0.8438044
vn 0.3564452 -0.0459514 -0.9331856
vn 0.3564452 0.0459514 -0.9331856
vn 0.2615041 -0.0457223 -0.9641188
vn 0.2615041 0.0457223 -0.9641188
vn 0.1639515 -0.0450373 -0.9854398
vn 0.1639515 0.0450373 -0.9854398
vn -0.2940445 -0.8523783 -0.4324222
vn -0.1976257 -0.8742149 -0.4435002
vn -0.1984069 -0.8960061 -0.3972503
vn -0.2951492 -0.8734546 -0.3872520
vn -0.1986693 -0.9155511 -0.3497094
vn -0.2955202 -0.8924489 -0.3408852
vn -0.1984069 -0.9326771 -0.3012445
vn -0.2951492 -0.9092026 -0.2936625
vn -0.1976257 -0.9472681 -0.2522444
vn -0.2940445 -0.9236068 -0.2459438
vn -0.0992930 -0.8873964 -0.4501873
vn -0.0996975 -0.9096256 -0.4032886
vn -0.0998334 -0.9295054 -0.3550395
vn -0.0996975 -0.9468540 -0.3058235
vn -0.0992930 -0.9615511 -0.2560478
vn 0.0000000 -0.8918034 -0.4524230
vn 0.0000000 -0.9141802 -0.4053080
vn 0.0000000 -0.9341724 -0.3568221
vn 0.0000000 -0.9515950 -0.3073548
vn 0.0000000 -0.9663264 -0.2573194
vn 0.0992930 -0.8873964 -0.4501873
vn 0.0996975 -0.9096256 -0.4032886
vn 0.0998334 -0.9295054 -0.3550395
vn 0.0996975 -0.9468540 -0.3058235
vn 0.0992930 -0.9615511 -0.2560478
vn 0.1976257 -0.8742149 -0.4435002
vn 0.1984069 -0.8960061 -0.3972503
vn 0.1986693 -0.9155511 -0.3497094
vn 0.1984069 -0.9326771 -0.3012445
vn 0.1976257 -0.9472681 -0.2522444
vn 0.2940445 -0.8523783 -0.4324222
vn 0.2951492 -0.8734546 -0.3872520
vn 0.2955202 -0.8924489 -0.3408852
vn 0.2951492 -0.9092026 -0.2936625
vn 0.2940445 -0.9236068 -0.2459438
vn 0.2951492 0.8734546 0.3872520
vn 0.1984069 0.8960061 0.3972503
vn 0.1976257 0.8742149 0.4435002
vn 0.2940445 0.8523783 0.4324222
vn 0.2955202 0.8924489 0.3408852
vn 0.1986693 0.9155511 0.3497094
vn 0.2951492 0.9092026 0.2936625
vn 0.1984069 0.9326771 0.3012445
vn 0.2940445 0.9236068 0.2459438
vn 0.1976257 0.9472681 0.2522444
vn 0.0996975 0.9096256 0.4032886
vn 0.0992930 0.8873964 0.4501873
vn 0.0998334 0.9295054 0.3550395
vn 0.0996975 0.9468540 0.3058235
vn 0.0992930 0.9615511 0.2560478
vn -0.0000000 0.9141802 0.4053080
vn -0.0000000 0.8918034 0.4524230
vn -0.0000000 0.9341724 0.3568221
vn -0.0000000 0.9515950 0.3073548
vn -0.0000000 0.9663264 0.2573194
vn -0.0996975 0.9096256 0.4032886
vn -0.0992930 0.8873964 0.4501873
vn -0.0998334 0.9295054 0.3550395
vn -0.0996975 0.9468540 0.3058235
vn -0.0992930 0.9615511 0.2560478
vn -0.1984069 0.8960061 0.3972503
vn -0.1976257 0.8742149 0.4435002
vn -0.1986693 0.9155511 0.3497094
vn -0.1984069 0.9326771 0.3012445
vn -0.1976257 0.9472681 0.2522444
vn -0.2951492 0.8734546 0.3872520
vn -0.2940445 0.8523783 0.4324222
vn -0.2955202 0.8924489 0.3408852
vn -0.2951492 0.9092026 0.2936625
vn -0.2940445 0.9236068 0.2459438
vn -0.9553365 0.2760668 0.1054481
vn -0.0000000 -0.2573194 0.9663264
vn 0.0000000 -0.2573194 0.9663264
vn 0.9553365 0.2760668 0.1054481
vn 0.0000000 0.4524230 -0.8918034
vn -0.0000000 0.4524230 -0.8918034
vn -0.1185723 -0.9677469 -0.2222756
vn -0.0593869 -0.9729023 -0.2234597
vn -0.0588776 -0.9832111 -0.1727116
vn -0.1175661 -0.9780894 -0.1718119
vn -0.0582250 -0.9907583 -0.1225066
vn -0.1162763 -0.9857102 -0.1218824
vn -0.0574436 -0.9956601 -0.0732200
vn -0.1147314 -0.9907212 -0.0728568
vn 0.0000000 -0.9746225 -0.2238548
vn 0.0000000 -0.9849198 -0.1730117
vn 0.0000000 -0.9924420 -0.1227148
vn 0.0000000 -0.9973069 -0.0733411
vn 0.0593869 -0.9729023 -0.2234597
vn 0.0588776 -0.9832111 -0.1727116
vn 0.0582250 -0.9907583 -0.1225066
vn 0.0574436 -0.9956601 -0.0732200
vn 0.1185723 -0.9677469 -0.2222756
vn 0.1175661 -0.9780894 -0.1718119
vn 0.1162763 -0.9857102 -0.1218824
vn 0.1147314 -0.9907212 -0.0728568
vn 0.1175661 0.9780894 0.1718119
vn 0.0588776 0.9832111 0.1727116
vn 0.0593869 0.9729023 0.2234597
vn 0.1185723 0.9677469 0.2222756
vn 0.1162763 0.9857102 0.1218824
vn 0.0582250 0.9907583 0.1225066
vn 0.1147314 0.9907212 0.0728568
vn 0.0574436 0.9956601 0.0732200
vn -0.0000000 0.9849198 0.1730117
vn -0.0000000 0.9746225 0.2238548
vn -0.0000000 0.9924420 0.1227148
vn -0.0000000 0.9973069 0.0733411
vn -0.0588776 0.9832111 0.1727116
vn -0.0593869 0.9729023 0.2234597
vn -0.0582250 0.9907583 0.1225066
vn -0.0574436 0.9956601 0.0732200
vn -0.1175661 0.9780894 0.1718119
vn -0.1185723 0.9677469 0.2222756
vn -0.1162763 0.9857102 0.1218824
vn -0.1147314 0.9907212 0.0728568
vn -0.9928086 0.1118318 0.0427160
vn 0.0000000 -0.0733411 0.9973069
vn -0.0000000 -0.0733411 0.9973069
vn 0.9928086 0.1118318 0.0427160
vn -0.0000000 0.2238548 -0.9746225
vn 0.0000000 0.2238548 -0.9746225
vn -0.1984677 -0.8985518 -0.3914272
vn -0.0997290 -0.9122186 -0.3973807
vn -0.0997290 -0.9448480 -0.3119556
vn -0.1984677 -0.9306924 -0.3072819
vn 0.0000000 -0.9167891 -0.3993717
vn 0.0000000 -0.9495820 -0.3135186
vn 0.0997290 -0.9122186 -0.3973807
vn 0.0997290 -0.9448480 -0.3119556
vn 0.1984677 -0.8985518 -0.3914272
vn 0.1984677 -0.9306924 -0.3072819
vn -0.7159834 -0.3001417 -0.6303037
vn -0.6608207 -0.3813358 -0.6464510
vn -0.6844110 -0.4038213 -0.6070503
vn -0.7391233 -0.3217193 -0.5917715
vn -0.7063221 -0.4253613 -0.5658417
vn -0.7605281 -0.3425994 -0.5515638
vn -0.7263671 -0.4457774 -0.5231381
vn -0.7800234 -0.3626194 -0.5099712
vn -0.7444026 -0.4649177 -0.4792874
vn -0.7974775 -0.3816357 -0.4673155
vn -0.5991459 -0.4587244 -0.6561982
vn -0.6228836 -0.4818900 -0.6162776
vn -0.6450588 -0.5038730 -0.5744659
vn -0.6654774 -0.5244839 -0.5310899
vn -0.6839880 -0.5435665 -0.4865141
vn -0.5315620 -0.5315620 -0.6594571
vn -0.5551527 -0.5551527 -0.6193634
vn -0.5773503 -0.5773503 -0.5773503
vn -0.5979598 -0.5979598 -0.5337491
vn -0.6168254 -0.6168254 -0.4889303
vn -0.4587244 -0.5991459 -0.6561982
vn -0.4818900 -0.6228836 -0.6162776
vn -0.5038730 -0.6450588 -0.5744659
vn -0.5244839 -0.6654774 -0.5310899
vn -0.5435665 -0.6839880 -0.4865141
vn -0.3813358 -0.6608207 -0.6464510
vn -0.4038213 -0.6844110 -0.6070503
vn -0.4253613 -0.7063221 -0.5658417
vn -0.4457774 -0.7263671 -0.5231381
vn -0.4649177 -0.7444026 -0.4792874
vn -0.3001417 -0.7159834 -0.6303037
vn -0.3217193 -0.7391233 -0.5917715
vn -0.3425994 -0.7605281 -0.5515638
vn -0.3626194 -0.7800234 -0.5099712
vn -0.3816357 -0.7974775 -0.4673155
vn 0.7391233 0.3217193 0.5917715
vn 0.6844110 0.4038213 0.6070503
vn 0.6608207 0.3813358 0.6464510
vn 0.7159834 0.3001417 0.6303037
vn 0.7605281 0.3425994 0.5515638
vn 0.7063221 0.4253613 0.5658417
vn 0.7800234 0.3626194 0.5099712
vn 0.7263671 0.4457774 0.5231381
vn 0.7974775 0.3816357 0.4673155
vn 0.7444026 0.4649177 0.4792874
vn 0.6228836 0.4818900 0.6162776
vn 0.5991459 0.4587244 0.6561982
vn 0.6450588 0.5038730 0.5744659
vn 0.6654774 0.5244839 0.5310899
vn 0.6839880 0.5435665 0.4865141
vn 0.5551527 0.5551527 0.6193634
vn 0.5315620 0.5315620 0.6594571
vn 0.5773503 0.5773503 0.5773503
vn 0.5979598 0.5979598 0.5337491
vn 0.6168254 0.6168254 0.4889303
vn 0.4818900 0.6228836 0.6162776
vn 0.4587244 0.5991459 0.6561982
vn 0.5038730 0.6450588 0.5744659
vn 0.5244839 0.6654774 0.5310899
vn 0.5435665 0.6839880 0.4865141
vn 0.4038213 0.6844110 0.6070503
vn 0.3813358 0.6608207 0.6464510
vn 0.4253613 0.7063221 0.5658417
vn 0.4457774 0.7263671 0.5231381
vn 0.4649177 0.7444026 0.4792874
vn 0.3217193 0.7391233 0.5917715
vn 0.3001417 0.7159834 0.6303037
vn 0.3425994 0.7605281 0.5515638
vn 0.3626194 0.7800234 0.5099712
vn 0.3816357 0.7974775 0.4673155
vn -0.5049062 0.8461436 0.1706187
vn -0.3457259 -0.3457259 0.8723229
vn 0.8461436 -0.5049062 0.1706187
vn 0.4663066 0.4663066 -0.7517422
vn -0.7077872 -0.5401006 -0.4553336
vn -0.6692606 -0.5852749 -0.4577592
vn -0.6848616 -0.6015960 -0.4111530
vn -0.7230099 -0.5567463 -0.4090113
vn -0.6983741 -0.6160315 -0.3643882
vn -0.7360740 -0.5716345 -0.3625315
vn -0.7098225 -0.6285849 -0.3178570
vn -0.7470115 -0.5847568 -0.3162803
vn -0.6283768 -0.6283768 -0.4585686
vn -0.6443466 -0.6443466 -0.4118675
vn -0.6583197 -0.6583197 -0.3650074
vn -0.6703105 -0.6703105 -0.3183827
vn -0.5852749 -0.6692606 -0.4577592
vn -0.6015960 -0.6848616 -0.4111530
vn -0.6160315 -0.6983741 -0.3643882
vn -0.6285849 -0.7098225 -0.3178570
vn -0.5401006 -0.7077872 -0.4553336
vn -0.5567463 -0.7230099 -0.4090113
vn -0.5716345 -0.7360740 -0.3625315
vn -0.5847568 -0.7470115 -0.3162803
vn 0.7230099 0.5567463 0.4090113
vn 0.6848616 0.6015960 0.4111530
vn 0.6692606 0.5852749 0.4577592
vn 0.7077872 0.5401006 0.4553336
vn 0.7360740 0.5716345 0.3625315
vn 0.6983741 0.6160315 0.3643882
vn 0.7470115 0.5847568 0.3162803
vn 0.7098225 0.6285849 0.3178570
vn 0.6443466 0.6443466 0.4118675
vn 0.6283768 0.6283768 0.4585686
vn 0.6583197 0.6583197 0.3650074
vn 0.6703105 0.6703105 0.3183827
vn 0.6015960 0.6848616 0.4111530
vn 0.5852749 0.6692606 0.4577592
vn 0.6160315 0.6983741 0.3643882
vn 0.6285849 0.7098225 0.3178570
vn 0.5567463 0.7230099 0.4090113
vn 0.5401006 0.7077872 0.4553336
vn 0.5716345 0.7360740 0.3625315
vn 0.5847568 0.7470115 0.3162803
vn -0.6329058 0.7711376 0.0691159
vn -0.2251306 -0.2251306 0.9479623
vn 0.7711376 -0.6329058 0.0691159
vn 0.3242570 0.3242570 -0.8886590
vn -0.6872190 -0.4065433 -0.6020404
vn -0.6257181 -0.4846800 -0.6111973
vn -0.6630503 -0.5220121 -0.5365330
vn -0.7239918 -0.4433161 -0.5284947
vn -0.5579808 -0.5579808 -0.6142596
vn -0.5955000 -0.5955000 -0.5392212
vn -0.4846800 -0.6257181 -0.6111973
vn -0.5220121 -0.6630503 -0.5365330
vn -0.4065433 -0.6872190 -0.6020404
vn -0.4433161 -0.7239918 -0.5284947
vn 0.3001417 -0.7159834 -0.6303037
vn 0.3813358 -0.6608207 -0.6464510
vn 0.4038213 -0.6844110 -0.6070503
vn 0.3217193 -0.7391233 -0.5917715
vn 0.4253613 -0.7063221 -0.5658417
vn 0.3425994 -0.7605281 -0.5515638
vn 0.4457774 -0.7263671 -0.5231381
vn 0.3626194 -0.7800234 -0.5099712
vn 0.4649177 -0.7444026 -0.4792874
vn 0.3816357 -0.7974775 -0.4673155
vn 0.4587244 -0.5991459 -0.6561982
vn 0.4818900 -0.6228836 -0.6162776
vn 0.5038730 -0.6450588 -0.5744659
vn 0.5244839 -0.6654774 -0.5310899
vn 0.5435665 -0.6839880 -0.4865141
vn 0.5315620 -0.5315620 -0.6594571
vn 0.5551527 -0.5551527 -0.6193634
vn 0.5773503 -0.5773503 -0.5773503
vn 0.5979598 -0.5979598 -0.5337491
vn 0.6168254 -0.6168254 -0.4889303
vn 0.5991459 -0.4587244 -0.6561982
vn 0.6228836 -0.4818900 -0.6162776
vn 0.6450588 -0.5038730 -0.5744659
vn 0.6654774 -0.5244839 -0.5310899
vn 0.6839880 -0.5435665 -0.4865141
vn 0.6608207 -0.3813358 -0.6464510
vn 0.6844110 -0.4038213 -0.6070503
vn 0.7063221 -0.4253613 -0.5658417
vn 0.7263671 -0.4457774 -0.5231381
vn 0.7444026 -0.4649177 -0.4792874
vn 0.7159834 -0.3001417 -0.6303037
vn 0.7391233 -0.3217193 -0.5917715
vn 0.7605281 -0.3425994 -0.5515638
vn 0.7800234 -0.3626194 -0.5099712
vn 0.7974775 -0.3816357 -0.4673155
vn -0.3217193 0.7391233 0.5917715
vn -0.4038213 0.6844110 0.6070503
vn -0.3813358 0.6608207 0.6464510
vn -0.3001417 0.7159834 0.6303037
vn -0.3425994 0.7605281 0.5515638
vn -0.4253613 0.7063221 0.5658417
vn -0.3626194 0.7800234 0.5099712
vn -0.4457774 0.7263671 0.5231381
vn -0.3816357 0.7974775 0.4673155
vn -0.4649177 0.7444026 0.4792874
vn -0.4818900 0.6228836 0.6162776
vn -0.4587244 0.5991459 0.6561982
vn -0.5038730 0.6450588 0.5744659
vn -0.5244839 0.6654774 0.5310899
vn -0.5435665 0.6839880 0.4865141
vn -0.5551527 0.5551527 0.6193634
vn -0.5315620 0.5315620 0.6594571
vn -0.5773503 0.5773503 0.5773503
vn -0.5979598 0.5979598 0.5337491
vn -0.6168254 0.6168254 0.4889303
vn -0.6228836 0.4818900 0.6162776
vn -0.5991459 0.4587244 0.6561982
vn -0.6450588 0.5038730 0.5744659
vn -0.6654774 0.5244839 0.5310899
vn -0.6839880 0.5435665 0.4865141
vn -0.6844110 0.4038213 0.6070503
vn -0.6608207 0.3813358 0.6464510
vn -0.7063221 0.4253613 0.5658417
vn -0.7263671 0.4457774 0.5231381
vn -0.7444026 0.4649177 0.4792874
vn -0.7391233 0.3217193 0.5917715
vn -0.7159834 0.3001417 0.6303037
vn -0.7605281 0.3425994 0.5515638
vn -0.7800234 0.3626194 0.5099712
vn -0.7974775 0.3816357 0.4673155
vn -0.8461436 -0.5049062 0.1706187
vn 0.3457259 -0.3457259 0.8723229
vn 0.5049062 0.8461436 0.1706187
vn -0.4663066 0.4663066 -0.7517422
vn 0.5401006 -0.7077872 -0.4553336
vn 0.5852749 -0.6692606 -0.4577592
vn 0.6015960 -0.6848616 -0.4111530
vn 0.5567463 -0.7230099 -0.4090113
vn 0.6160315 -0.6983741 -0.3643882
vn 0.5716345 -0.7360740 -0.3625315
vn 0.6285849 -0.7098225 -0.3178570
vn 0.5847568 -0.7470115 -0.3162803
vn 0.6283768 -0.6283768 -0.4585686
vn 0.6443466 -0.6443466 -0.4118675
vn 0.6583197 -0.6583197 -0.3650074
vn 0.6703105 -0.6703105 -0.3183827
vn 0.6692606 -0.5852749 -0.4577592
vn 0.6848616 -0.6015960 -0.4111530
vn 0.6983741 -0.6160315 -0.3643882
vn 0.7098225 -0.6285849 -0.3178570
vn 0.7077872 -0.5401006 -0.4553336
vn 0.7230099 -0.5567463 -0.4090113
vn 0.7360740 -0.5716345 -0.3625315
vn 0.7470115 -0.5847568 -0.3162803
vn -0.5567463 0.7230099 0.4090113
vn -0.6015960 0.6848616 0.4111530
vn -0.5852749 0.6692606 0.4577592
vn -0.5401006 0.7077872 0.4553336
vn -0.5716345 0.7360740 0.3625315
vn -0.6160315 0.6983741 0.3643882
vn -0.5847568 0.7470115 0.3162803
vn -0.6285849 0.7098225 0.3178570
vn -0.6443466 0.6443466 0.4118675
vn -0.6283768 0.6283768 0.4585686
vn -0.6583197 0.6583197 0.3650074
vn -0.6703105 0.6703105 0.3183827
vn -0.6848616 0.6015960 0.4111530
vn -0.6692606 0.5852749 0.4577592
vn -0.6983741 0.6160315 0.3643882
vn -0.7098225 0.6285849 0.3178570
vn -0.7230099 0.5567463 0.4090113
vn -0.7077872 0.5401006 0.4553336
vn -0.7360740 0.5716345 0.3625315
vn -0.7470115 0.5847568 0.3162803
vn -0.7711376 -0.6329058 0.0691159
vn 0.2251306 -0.2251306 0.9479623
vn 0.6329058 0.7711376 0.0691159
vn -0.3242570 0.3242570 -0.8886590
vn 0.4065433 -0.6872190 -0.6020404
vn 0.4846800 -0.6257181 -0.6111973
vn 0.5220121 -0.6630503 -0.5365330
vn 0.4433161 -0.7239918 -0.5284947
vn 0.5579808 -0.5579808 -0.6142596
vn 0.5955000 -0.5955000 -0.5392212
vn 0.6257181 -0.4846800 -0.6111973
vn 0.6630503 -0.5220121 -0.5365330
vn 0.6872190 -0.4065433 -0.6020404
vn 0.7239918 -0.4433161 -0.5284947
vn -0.5353008 0.0000000 0.8446615
vn -0.6169520 0.0000000 0.7870008
vn -0.4483011 0.0000000 0.8938826
vn -0.3568221 0.0000000 0.9341724
vn -0.2617778 0.0000000 0.9651282
vn -0.1641180 0.0000000 0.9864407
vn -0.0648184 0.0000000 0.9978971
vn 0.6169520 -0.0000000 -0.7870008
vn 0.5353008 -0.0000000 -0.8446615
vn 0.4483011 -0.0000000 -0.8938826
vn 0.3568221 -0.0000000 -0.9341724
vn 0.2617778 -0.0000000 -0.9651282
vn 0.1641180 -0.0000000 -0.9864407
vn 0.0648184 -0.0000000 -0.9978971
vn -0.7870008 -0.0000000 -0.6169520
vn -0.7870008 0.0000000 -0.6169520
vn 0.0372615 0.9945327 -0.0975518
vn 0.9978971 -0.0000000 0.0648184
vn 0.9978971 0.0000000 0.0648184
vn 0.0372615 -0.9945327 -0.0975518
vn -0.4616499 0.1376697 0.8763141
vn -0.4082297 0.1384031 0.9023265
vn -0.4047289 0.1894891 0.8945884
vn -0.4577322 0.1885020 0.8688775
vn -0.4002427 0.2390822 0.8846725
vn -0.4527105 0.2378640 0.8593451
vn -0.3948715 0.2868734 0.8728002
vn -0.4466956 0.2854504 0.8479275
vn -0.3533758 0.1386478 0.9251499
vn -0.3503348 0.1898184 0.9171884
vn -0.3464383 0.2394885 0.9069872
vn -0.3417736 0.2873479 0.8947748
vn -0.2972745 0.1384031 0.9447076
vn -0.2947252 0.1894891 0.9366061
vn -0.2914584 0.2390822 0.9262245
vn -0.2875470 0.2868734 0.9137945
vn -0.2401159 0.1376697 0.9609326
vn -0.2380782 0.1885020 0.9527779
vn -0.2354663 0.2378640 0.9423250
vn -0.2323378 0.2854504 0.9298049
vn 0.4577322 -0.1885020 -0.8688775
vn 0.4047289 -0.1894891 -0.8945884
vn 0.4082297 -0.1384031 -0.9023265
vn 0.4616499 -0.1376697 -0.8763141
vn 0.4527105 -0.2378640 -0.8593451
vn 0.4002427 -0.2390822 -0.8846725
vn 0.4466956 -0.2854504 -0.8479275
vn 0.3948715 -0.2868734 -0.8728002
vn 0.3503348 -0.1898184 -0.9171884
vn 0.3533758 -0.1386478 -0.9251499
vn 0.3464383 -0.2394885 -0.9069872
vn 0.3417736 -0.2873479 -0.8947748
vn 0.2947252 -0.1894891 -0.9366061
vn 0.2972745 -0.1384031 -0.9447076
vn 0.2914584 -0.2390822 -0.9262245
vn 0.2875470 -0.2868734 -0.9137945
vn 0.2380782 -0.1885020 -0.9527779
vn 0.2401159 -0.1376697 -0.9609326
vn 0.2354663 -0.2378640 -0.9423250
vn 0.2323378 -0.2854504 -0.9298049
vn -0.8847384 0.0000000 -0.4660879
vn -0.8847384 -0.0000000 -0.4660879
vn 0.1025321 0.9578263 -0.2684325
vn 0.9701703 0.0000000 0.2424242
vn 0.9701703 -0.0000000 0.2424242
vn -0.0494726 -0.9903417 0.1295210
vn -0.5347576 -0.0450373 0.8438044
vn -0.4478322 -0.0457223 0.8929478
vn -0.4478322 0.0457223 0.8929478
vn -0.5347576 0.0450373 0.8438044
vn -0.3564452 -0.0459514 0.9331856
vn -0.3564452 0.0459514 0.9331856
vn -0.2615041 -0.0457223 0.9641188
vn -0.2615041 0.0457223 0.9641188
vn -0.1639515 -0.0450373 0.9854398
vn -0.1639515 0.0450373 0.9854398
vn 0.1641180 0.0000000 0.9864407
vn 0.0648184 0.0000000 0.9978971
vn 0.2617778 0.0000000 0.9651282
vn 0.3568221 0.0000000 0.9341724
vn 0.4483011 0.0000000 0.8938826
vn 0.5353008 0.0000000 0.8446615
vn 0.6169520 0.0000000 0.7870008
vn -0.0648184 -0.0000000 -0.9978971
vn -0.1641180 -0.0000000 -0.9864407
vn -0.2617778 -0.0000000 -0.9651282
vn -0.3568221 -0.0000000 -0.9341724
vn -0.4483011 -0.0000000 -0.8938826
vn -0.5353008 -0.0000000 -0.8446615
vn -0.6169520 -0.0000000 -0.7870008
vn -0.9978971 0.0000000 0.0648184
vn -0.9978971 -0.0000000 0.0648184
vn -0.0372615 0.9945327 -0.0975518
vn 0.7870008 0.0000000 -0.6169520
vn 0.7870008 -0.0000000 -0.6169520
vn -0.0372615 -0.9945327 -0.0975518
vn 0.2401159 0.1376697 0.9609326
vn 0.2972745 0.1384031 0.9447076
vn 0.2947252 0.1894891 0.9366061
vn 0.2380782 0.1885020 0.9527779
vn 0.2914584 0.2390822 0.9262245
vn 0.2354663 0.2378640 0.9423250
vn 0.2875470 0.2868734 0.9137945
vn 0.2323378 0.2854504 0.9298049
vn 0.3533758 0.1386478 0.9251499
vn 0.3503348 0.1898184 0.9171884
vn 0.3464383 0.2394885 0.9069872
vn 0.3417736 0.2873479 0.8947748
vn 0.4082297 0.1384031 0.9023265
vn 0.4047289 0.1894891 0.8945884
vn 0.4002427 0.2390822 0.8846725
vn 0.3948715 0.2868734 0.8728002
vn 0.4616499 0.1376697 0.8763141
vn 0.4577322 0.1885020 0.8688775
vn 0.4527105 0.2378640 0.8593451
vn 0.4466956 0.2854504 0.8479275
vn -0.2380782 -0.1885020 -0.9527779
vn -0.2947252 -0.1894891 -0.9366061
vn -0.2972745 -0.1384031 -0.9447076
vn -0.2401159 -0.1376697 -0.9609326
vn -0.2354663 -0.2378640 -0.9423250
vn -0.2914584 -0.2390822 -0.9262245
vn -0.2323378 -0.2854504 -0.9298049
vn -0.2875470 -0.2868734 -0.9137945
vn -0.3503348 -0.1898184 -0.9171884
vn -0.3533758 -0.1386478 -0.9251499
vn -0.3464383 -0.2394885 -0.9069872
vn -0.3417736 -0.2873479 -0.8947748
vn -0.4047289 -0.1894891 -0.8945884
vn -0.4082297 -0.1384031 -0.9023265
vn -0.4002427 -0.2390822 -0.8846725
vn -0.3948715 -0.2868734 -0.8728002
vn -0.4577322 -0.1885020 -0.8688775
vn -0.4616499 -0.1376697 -0.8763141
vn -0.4527105 -0.2378640 -0.8593451
vn -0.4466956 -0.2854504 -0.8479275
vn -0.9701703 -0.0000000 0.2424242
vn -0.9701703 0.0000000 0.2424242
vn -0.1025321 0.9578263 -0.2684325
vn 0.8847384 -0.0000000 -0.4660879
vn 0.8847384 0.0000000 -0.4660879
vn 0.0494726 -0.9903417 0.1295210
vn 0.1639515 -0.0450373 0.9854398
vn 0.2615041 -0.0457223 0.9641188
vn 0.2615041 0.0457223 0.9641188
vn 0.1639515 0.0450373 0.9854398
vn 0.3564452 -0.0459514 0.9331856
vn 0.3564452 0.0459514 0.9331856
vn 0.4478322 -0.0457223 0.8929478
vn 0.4478322 0.0457223 0.8929478
vn 0.5347576 -0.0450373 0.8438044
vn 0.5347576 0.0450373 0.8438044
vn -0.2940445 -0.9236068 0.2459438
vn -0.1976257 -0.9472681 0.2522444
vn -0.1984069 -0.9326771 0.3012445
vn -0.2951492 -0.9092026 0.2936625
vn -0.1986693 -0.9155511 0.3497094
vn -0.2955202 -0.8924489 0.3408852
vn -0.1984069 -0.8960061 0.3972503
vn -0.2951492 -0.8734546 0.3872520
vn -0.1976257 -0.8742149 0.4435002
vn -0.2940445 -0.8523783 0.4324222
vn -0.0992930 -0.9615511 0.2560478
vn -0.0996975 -0.9468540 0.3058235
vn -0.0998334 -0.9295054 0.3550395
vn -0.0996975 -0.9096256 0.4032886
vn -0.0992930 -0.8873964 0.4501873
vn 0.0000000 -0.9663264 0.2573194
vn 0.0000000 -0.9515950 0.3073548
vn 0.0000000 -0.9341724 0.3568221
vn 0.0000000 -0.9141802 0.4053080
vn 0.0000000 -0.8918034 0.4524230
vn 0.0992930 -0.9615511 0.2560478
vn 0.0996975 -0.9468540 0.3058235
vn 0.0998334 -0.9295054 0.3550395
vn 0.0996975 -0.9096256 0.4032886
vn 0.0992930 -0.8873964 0.4501873
vn 0.1976257 -0.9472681 0.2522444
vn 0.1984069 -0.9326771 0.3012445
vn 0.1986693 -0.9155511 0.3497094
vn 0.1984069 -0.8960061 0.3972503
vn 0.1976257 -0.8742149 0.4435002
vn 0.2940445 -0.9236068 0.2459438
vn 0.2951492 -0.9092026 0.2936625
vn 0.2955202 -0.8924489 0.3408852
vn 0.2951492 -0.8734546 0.3872520
vn 0.2940445 -0.8523783 0.4324222
vn 0.2951492 0.9092026 -0.2936625
vn 0.1984069 0.9326771 -0.3012445
vn 0.1976257 0.9472681 -0.2522444
vn 0.2940445 0.9236068 -0.2459438
vn 0.2955202 0.8924489 -0.3408852
vn 0.1986693 0.9155511 -0.3497094
vn 0.2951492 0.8734546 -0.3872520
vn 0.1984069 0.8960061 -0.3972503
vn 0.2940445 0.8523783 -0.4324222
vn 0.1976257 0.8742149 -0.4435002
vn 0.0996975 0.9468540 -0.3058235
vn 0.0992930 0.9615511 -0.2560478
vn 0.0998334 0.9295054 -0.3550395
vn 0.0996975 0.9096256 -0.4032886
vn 0.0992930 0.8873964 -0.4501873
vn -0.0000000 0.9515950 -0.3073548
vn -0.0000000 0.9663264 -0.2573194
vn -0.0000000 0.9341724 -0.3568221
vn -0.0000000 0.9141802 -0.4053080
vn -0.0000000 0.8918034 -0.4524230
vn -0.0996975 0.9468540 -0.3058235
vn -0.0992930 0.9615511 -0.2560478
vn -0.0998334 0.9295054 -0.3550395
vn -0.0996975 0.9096256 -0.4032886
vn -0.0992930 0.8873964 -0.4501873
vn -0.1984069 0.9326771 -0.3012445
vn -0.1976257 0.9472681 -0.2522444
vn -0.1986693 0.9155511 -0.3497094
vn -0.1984069 0.8960061 -0.3972503
vn -0.1976257 0.8742149 -0.4435002
vn -0.2951492 0.9092026 -0.2936625
vn -0.2940445 0.9236068 -0.2459438
vn -0.2955202 0.8924489 -0.3408852
vn -0.2951492 0.8734546 -0.3872520
vn -0.2940445 0.8523783 -0.4324222
vn -0.9553365 0.2760668 -0.1054481
vn -0.0000000 0.4524230 0.8918034
vn 0.0000000 0.4524230 0.8918034
vn 0.9553365 0.2760668 -0.1054481
vn 0.0000000 -0.2573194 -0.9663264
vn -0.0000000 -0.2573194 -0.9663264
vn -0.1185723 -0.8694997 0.4794902
vn -0.0593869 -0.8741317 0.4820445
vn -0.0588776 -0.8479834 0.5267425
vn -0.1175661 -0.8435661 0.5239986
vn -0.0582250 -0.8201387 0.5691945
vn -0.1162763 -0.8159599 0.5662943
vn -0.0574436 -0.7909346 0.6091984
vn -0.1147314 -0.7870112 0.6061766
vn 0.0000000 -0.8756773 0.4828968
vn 0.0000000 -0.8494570 0.5276579
vn 0.0000000 -0.8215324 0.5701618
vn 0.0000000 -0.7922428 0.6102060
vn 0.0593869 -0.8741317 0.4820445
vn 0.0588776 -0.8479834 0.5267425
vn 0.0582250 -0.8201387 0.5691945
vn 0.0574436 -0.7909346 0.6091984
vn 0.1185723 -0.8694997 0.4794902
vn 0.1175661 -0.8435661 0.5239986
vn 0.1162763 -0.8159599 0.5662943
vn 0.1147314 -0.7870112 0.6061766
vn 0.1175661 0.8435661 -0.5239986
vn 0.0588776 0.8479834 -0.5267425
vn 0.0593869 0.8741317 -0.4820445
vn 0.1185723 0.8694997 -0.4794902
vn 0.1162763 0.8159599 -0.5662943
vn 0.0582250 0.8201387 -0.5691945
vn 0.1147314 0.7870112 -0.6061766
vn 0.0574436 0.7909346 -0.6091984
vn -0.0000000 0.8494570 -0.5276579
vn -0.0000000 0.8756773 -0.4828968
vn -0.0000000 0.8215324 -0.5701618
vn -0.0000000 0.7922428 -0.6102060
vn -0.0588776 0.8479834 -0.5267425
vn -0.0593869 0.8741317 -0.4820445
vn -0.0582250 0.8201387 -0.5691945
vn -0.0574436 0.7909346 -0.6091984
vn -0.1175661 0.8435661 -0.5239986
vn -0.1185723 0.8694997 -0.4794902
vn -0.1162763 0.8159599 -0.5662943
vn -0.1147314 0.7870112 -0.6061766
vn -0.9928086 0.1118318 -0.0427160
vn 0.0000000 0.6102060 0.7922428
vn -0.0000000 0.6102060 0.7922428
vn 0.9928086 0.1118318 -0.0427160
vn 0.0000000 -0.4828968 -0.8756773
vn -0.1984677 -0.9306924 0.3072819
vn -0.0997290 -0.9448480 0.3119556
vn -0.0997290 -0.9122186 0.3973807
vn -0.1984677 -0.8985518 0.3914272
vn 0.0000000 -0.9495820 0.3135186
vn 0.0000000 -0.9167891 0.3993717
vn 0.0997290 -0.9448480 0.3119556
vn 0.0997290 -0.9122186 0.3973807
vn 0.1984677 -0.9306924 0.3072819
vn 0.1984677 -0.8985518 0.3914272
vn -0.7974775 -0.3816357 0.4673155
vn -0.7444026 -0.4649177 0.4792874
vn -0.7263671 -0.4457774 0.5231381
vn -0.7800234 -0.3626194 0.5099712
vn -0.7063221 -0.4253613 0.5658417
vn -0.7605281 -0.3425994 0.5515638
vn -0.6844110 -0.4038213 0.6070503
vn -0.7391233 -0.3217193 0.5917715
vn -0.6608207 -0.3813358 0.6464510
vn -0.7159834 -0.3001417 0.6303037
vn -0.6839880 -0.5435665 0.4865141
vn -0.6654774 -0.5244839 0.5310899
vn -0.6450588 -0.5038730 0.5744659
vn -0.6228836 -0.4818900 0.6162776
vn -0.5991459 -0.4587244 0.6561982
vn -0.6168254 -0.6168254 0.4889303
vn -0.5979598 -0.5979598 0.5337491
vn -0.5773503 -0.5773503 0.5773503
vn -0.5551527 -0.5551527 0.6193634
vn -0.5315620 -0.5315620 0.6594571
vn -0.5435665 -0.6839880 0.4865141
vn -0.5244839 -0.6654774 0.5310899
vn -0.5038730 -0.6450588 0.5744659
vn -0.4818900 -0.6228836 0.6162776
vn -0.4587244 -0.5991459 0.6561982
vn -0.4649177 -0.7444026 0.4792874
vn -0.4457774 -0.7263671 0.5231381
vn -0.4253613 -0.7063221 0.5658417
vn -0.4038213 -0.6844110 0.6070503
vn -0.3813358 -0.6608207 0.6464510
vn -0.3816357 -0.7974775 0.4673155
vn -0.3626194 -0.7800234 0.5099712
vn -0.3425994 -0.7605281 0.5515638
vn -0.3217193 -0.7391233 0.5917715
vn -0.3001417 -0.7159834 0.6303037
vn 0.7800234 0.3626194 -0.5099712
vn 0.7263671 0.4457774 -0.5231381
vn 0.7444026 0.4649177 -0.4792874
vn 0.7974775 0.3816357 -0.4673155
vn 0.7605281 0.3425994 -0.5515638
vn 0.7063221 0.4253613 -0.5658417
vn 0.7391233 0.3217193 -0.5917715
vn 0.6844110 0.4038213 -0.6070503
vn 0.7159834 0.3001417 -0.6303037
vn 0.6608207 0.3813358 -0.6464510
vn 0.6654774 0.5244839 -0.5310899
vn 0.6839880 0.5435665 -0.4865141
vn 0.6450588 0.5038730 -0.5744659
vn 0.6228836 0.4818900 -0.6162776
vn 0.5991459 0.4587244 -0.6561982
vn 0.5979598 0.5979598 -0.5337491
vn 0.6168254 0.6168254 -0.4889303
vn 0.5773503 0.5773503 -0.5773503
vn 0.5551527 0.5551527 -0.6193634
vn 0.5315620 0.5315620 -0.6594571
vn 0.5244839 0.6654774 -0.5310899
vn 0.5435665 0.6839880 -0.4865141
vn 0.5038730 0.6450588 -0.5744659
vn 0.4818900 0.6228836 -0.6162776
vn 0.4587244 0.5991459 -0.6561982
vn 0.4457774 0.7263671 -0.5231381
vn 0.4649177 0.7444026 -0.4792874
vn 0.4253613 0.7063221 -0.5658417
vn 0.4038213 0.6844110 -0.6070503
vn 0.3813358 0.6608207 -0.6464510
vn 0.3626194 0.7800234 -0.5099712
vn 0.3816357 0.7974775 -0.4673155
vn 0.3425994 0.7605281 -0.5515638
vn 0.3217193 0.7391233 -0.5917715
vn 0.3001417 0.7159834 -0.6303037
vn -0.5049062 0.8461436 -0.1706187
vn 0.4663066 0.4663066 0.7517422
vn 0.8461436 -0.5049062 -0.1706187
vn -0.3457259 -0.3457259 -0.8723229
vn -0.5953803 -0.4276937 0.6801473
vn -0.5562550 -0.4722692 0.6837706
vn -0.5301444 -0.4468789 0.7205874
vn -0.5690987 -0.4028351 0.7168337
vn -0.5031643 -0.4208218 0.7548077
vn -0.5418588 -0.3774193 0.7509618
vn -0.4755913 -0.3943538 0.7863193
vn -0.5139423 -0.3516876 0.7824188
vn -0.5151713 -0.5151713 0.6849796
vn -0.4893606 -0.4893606 0.7218397
vn -0.4627782 -0.4627782 0.7560904
vn -0.4356920 -0.4356920 0.7876198
vn -0.4722692 -0.5562550 0.6837706
vn -0.4468789 -0.5301444 0.7205874
vn -0.4208218 -0.5031643 0.7548077
vn -0.3943538 -0.4755913 0.7863193
vn -0.4276937 -0.5953803 0.6801473
vn -0.4028351 -0.5690987 0.7168337
vn -0.3774193 -0.5418588 0.7509618
vn -0.3516876 -0.5139423 0.7824188
vn 0.5690987 0.4028351 -0.7168337
vn 0.5301444 0.4468789 -0.7205874
vn 0.5562550 0.4722692 -0.6837706
vn 0.5953803 0.4276937 -0.6801473
vn 0.5418588 0.3774193 -0.7509618
vn 0.5031643 0.4208218 -0.7548077
vn 0.5139423 0.3516876 -0.7824188
vn 0.4755913 0.3943538 -0.7863193
vn 0.4893606 0.4893606 -0.7218397
vn 0.5151713 0.5151713 -0.6849796
vn 0.4627782 0.4627782 -0.7560904
vn 0.4356920 0.4356920 -0.7876198
vn 0.4468789 0.5301444 -0.7205874
vn 0.4722692 0.5562550 -0.6837706
vn 0.4208218 0.5031643 -0.7548077
vn 0.3943538 0.4755913 -0.7863193
vn 0.4028351 0.5690987 -0.7168337
vn 0.4276937 0.5953803 -0.6801473
vn 0.3774193 0.5418588 -0.7509618
vn 0.3516876 0.5139423 -0.7824188
vn -0.6329058 0.7711376 -0.0691159
vn 0.5569313 0.5569313 0.6161615
vn 0.7711376 -0.6329058 -0.0691159
vn -0.4843537 -0.4843537 -0.7285623
vn -0.7239918 -0.4433161 0.5284947
vn -0.6630503 -0.5220121 0.5365330
vn -0.6257181 -0.4846800 0.6111973
vn -0.6872190 -0.4065433 0.6020404
vn -0.5955000 -0.5955000 0.5392212
vn -0.5579808 -0.5579808 0.6142596
vn -0.5220121 -0.6630503 0.5365330
vn -0.4846800 -0.6257181 0.6111973
vn -0.4433161 -0.7239918 0.5284947
vn -0.4065433 -0.6872190 0.6020404
vn 0.3816357 -0.7974775 0.4673155
vn 0.4649177 -0.7444026 0.4792874
vn 0.4457774 -0.7263671 0.5231381
vn 0.3626194 -0.7800234 0.5099712
vn 0.4253613 -0.7063221 0.5658417
vn 0.3425994 -0.7605281 0.5515638
vn 0.4038213 -0.6844110 0.6070503
vn 0.3217193 -0.7391233 0.5917715
vn 0.3813358 -0.6608207 0.6464510
vn 0.3001417 -0.7159834 0.6303037
vn 0.5435665 -0.6839880 0.4865141
vn 0.5244839 -0.6654774 0.5310899
vn 0.5038730 -0.6450588 0.5744659
vn 0.4818900 -0.6228836 0.6162776
vn 0.4587244 -0.5991459 0.6561982
vn 0.6168254 -0.6168254 0.4889303
vn 0.5979598 -0.5979598 0.5337491
vn 0.5773503 -0.5773503 0.5773503
vn 0.5551527 -0.5551527 0.6193634
vn 0.5315620 -0.5315620 0.6594571
vn 0.6839880 -0.5435665 0.4865141
vn 0.6654774 -0.5244839 0.5310899
vn 0.6450588 -0.5038730 0.5744659
vn 0.6228836 -0.4818900 0.6162776
vn 0.5991459 -0.4587244 0.6561982
vn 0.7444026 -0.4649177 0.4792874
vn 0.7263671 -0.4457774 0.5231381
vn 0.7063221 -0.4253613 0.5658417
vn 0.6844110 -0.4038213 0.6070503
vn 0.6608207 -0.3813358 0.6464510
vn 0.7974775 -0.3816357 0.4673155
vn 0.7800234 -0.3626194 0.5099712
vn 0.7605281 -0.3425994 0.5515638
vn 0.7391233 -0.3217193 0.5917715
vn 0.7159834 -0.3001417 0.6303037
vn -0.3626194 0.7800234 -0.5099712
vn -0.4457774 0.7263671 -0.5231381
vn -0.4649177 0.7444026 -0.4792874
vn -0.3816357 0.7974775 -0.4673155
vn -0.3425994 0.7605281 -0.5515638
vn -0.4253613 0.7063221 -0.5658417
vn -0.3217193 0.7391233 -0.5917715
vn -0.4038213 0.6844110 -0.6070503
vn -0.3001417 0.7159834 -0.6303037
vn -0.3813358 0.6608207 -0.6464510
vn -0.5244839 0.6654774 -0.5310899
vn -0.5435665 0.6839880 -0.4865141
vn -0.5038730 0.6450588 -0.5744659
vn -0.4818900 0.6228836 -0.6162776
vn -0.4587244 0.5991459 -0.6561982
vn -0.5979598 0.5979598 -0.5337491
vn -0.6168254 0.6168254 -0.4889303
vn -0.5773503 0.5773503 -0.5773503
vn -0.5551527 0.5551527 -0.6193634
vn -0.5315620 0.5315620 -0.6594571
vn -0.6654774 0.5244839 -0.5310899
vn -0.6839880 0.5435665 -0.4865141
vn -0.6450588 0.5038730 -0.5744659
vn -0.6228836 0.4818900 -0.6162776
vn -0.5991459 0.4587244 -0.6561982
vn -0.7263671 0.4457774 -0.5231381
vn -0.7444026 0.4649177 -0.4792874
vn -0.7063221 0.4253613 -0.5658417
vn -0.6844110 0.4038213 -0.6070503
vn -0.6608207 0.3813358 -0.6464510
vn -0.7800234 0.3626194 -0.5099712
vn -0.7974775 0.3816357 -0.4673155
vn -0.7605281 0.3425994 -0.5515638
vn -0.7391233 0.3217193 -0.5917715
vn -0.7159834 0.3001417 -0.6303037
vn -0.8461436 -0.5049062 -0.1706187
vn -0.4663066 0.4663066 0.7517422
vn 0.5049062 0.8461436 -0.1706187
vn 0.3457259 -0.3457259 -0.8723229
vn 0.4276937 -0.5953803 0.6801473
vn 0.4722692 -0.5562550 0.6837706
vn 0.4468789 -0.5301444 0.7205874
vn 0.4028351 -0.5690987 0.7168337
vn 0.4208218 -0.5031643 0.7548077
vn 0.3774193 -0.5418588 0.7509618
vn 0.3943538 -0.4755913 0.7863193
vn 0.3516876 -0.5139423 0.7824188
vn 0.5151713 -0.5151713 0.6849796
vn 0.4893606 -0.4893606 0.7218397
vn 0.4627782 -0.4627782 0.7560904
vn 0.4356920 -0.4356920 0.7876198
vn 0.5562550 -0.4722692 0.6837706
vn 0.5301444 -0.4468789 0.7205874
vn 0.5031643 -0.4208218 0.7548077
vn 0.4755913 -0.3943538 0.7863193
vn 0.5953803 -0.4276937 0.6801473
vn 0.5690987 -0.4028351 0.7168337
vn 0.5418588 -0.3774193 0.7509618
vn 0.5139423 -0.3516876 0.7824188
vn -0.4028351 0.5690987 -0.7168337
vn -0.4468789 0.5301444 -0.7205874
vn -0.4722692 0.5562550 -0.6837706
vn -0.4276937 0.5953803 -0.6801473
vn -0.3774193 0.5418588 -0.7509618
vn -0.4208218 0.5031643 -0.7548077
vn -0.3516876 0.5139423 -0.7824188
vn -0.3943538 0.4755913 -0.7863193
vn -0.4893606 0.4893606 -0.7218397
vn -0.5151713 0.5151713 -0.6849796
vn -0.4627782 0.4627782 -0.7560904
vn -0.4356920 0.4356920 -0.7876198
vn -0.5301444 0.4468789 -0.7205874
vn -0.5562550 0.4722692 -0.6837706
vn -0.5031643 0.4208218 -0.7548077
vn -0.4755913 0.3943538 -0.7863193
vn -0.5690987 0.4028351 -0.7168337
vn -0.5953803 0.4276937 -0.6801473
vn -0.5418588 0.3774193 -0.7509618
vn -0.5139423 0.3516876 -0.7824188
vn -0.7711376 -0.6329058 -0.0691159
vn -0.5569313 0.5569313 0.6161615
vn 0.6329058 0.7711376 -0.0691159
vn 0.4843537 -0.4843537 -0.7285623
vn 0.4433161 -0.7239918 0.5284947
vn 0.5220121 -0.6630503 0.5365330
vn 0.4846800 -0.6257181 0.6111973
vn 0.4065433 -0.6872190 0.6020404
vn 0.5955000 -0.5955000 0.5392212
vn 0.5579808 -0.5579808 0.6142596
vn 0.6630503 -0.5220121 0.5365330
vn 0.6257181 -0.4846800 0.6111973
vn 0.7239918 -0.4433161 0.5284947
vn 0.6872190 -0.4065433 0.6020404
vn 0.0000000 0.8918034 -0.4524230
vn 0.0000000 0.9141802 -0.4053080
vn 0.0000000 0.9341724 -0.3568221
vn 0.0000000 0.9515950 -0.3073548
vn 0.0000000 0.9663264 -0.2573194
vn -0.0000000 -0.9141802 0.4053080
vn -0.0000000 -0.8918034 0.4524230
vn -0.0000000 -0.9341724 0.3568221
vn -0.0000000 -0.9515950 0.3073548
vn -0.0000000 -0.9663264 0.2573194
vn 0.9553365 -0.2760668 0.1054481
vn 0.0000000 0.2573194 0.9663264
vn -0.0000000 0.2573194 0.9663264
vn -0.9553365 -0.2760668 0.1054481
vn -0.0000000 -0.4524230 -0.8918034
vn 0.0000000 -0.4524230 -0.8918034
vn 0.1185723 0.9677469 -0.2222756
vn 0.0593869 0.9729023 -0.2234597
vn 0.0588776 0.9832111 -0.1727116
vn 0.1175661 0.9780894 -0.1718119
vn 0.0582250 0.9907583 -0.1225066
vn 0.1162763 0.9857102 -0.1218824
vn 0.0574436 0.9956601 -0.0732200
vn 0.1147314 0.9907212 -0.0728568
vn 0.0000000 0.9746225 -0.2238548
vn 0.0000000 0.9849198 -0.1730117
vn 0.0000000 0.9924420 -0.1227148
vn 0.0000000 0.9973069 -0.0733411
vn -0.0593869 0.9729023 -0.2234597
vn -0.0588776 0.9832111 -0.1727116
vn -0.0582250 0.9907583 -0.1225066
vn -0.0574436 0.9956601 -0.0732200
vn -0.1185723 0.9677469 -0.2222756
vn -0.1175661 0.9780894 -0.1718119
vn -0.1162763 0.9857102 -0.1218824
vn -0.1147314 0.9907212 -0.0728568
vn -0.1175661 -0.9780894 0.1718119
vn -0.0588776 -0.9832111 0.1727116
vn -0.0593869 -0.9729023 0.2234597
vn -0.1185723 -0.9677469 0.2222756
vn -0.1162763 -0.9857102 0.1218824
vn -0.0582250 -0.9907583 0.1225066
vn -0.1147314 -0.9907212 0.0728568
vn -0.0574436 -0.9956601 0.0732200
vn -0.0000000 -0.9849198 0.1730117
vn -0.0000000 -0.9746225 0.2238548
vn -0.0000000 -0.9924420 0.1227148
vn -0.0000000 -0.9973069 0.0733411
vn 0.0588776 -0.9832111 0.1727116
vn 0.0593869 -0.9729023 0.2234597
vn 0.0582250 -0.9907583 0.1225066
vn 0.0574436 -0.9956601 0.0732200
vn 0.1175661 -0.9780894 0.1718119
vn 0.1185723 -0.9677469 0.2222756
vn 0.1162763 -0.9857102 0.1218824
vn 0.1147314 -0.9907212 0.0728568
vn 0.9928086 -0.1118318 0.0427160
vn -0.0000000 0.0733411 0.9973069
vn 0.0000000 0.0733411 0.9973069
vn -0.9928086 -0.1118318 0.0427160
vn 0.0000000 -0.2238548 -0.9746225
vn -0.0000000 -0.2238548 -0.9746225
vn 0.1984677 0.8985518 -0.3914272
vn 0.0997290 0.9122186 -0.3973807
vn 0.0997290 0.9448480 -0.3119556
vn 0.1984677 0.9306924 -0.3072819
vn 0.0000000 0.9167891 -0.3993717
vn 0.0000000 0.9495820 -0.3135186
vn -0.0997290 0.9122186 -0.3973807
vn -0.0997290 0.9448480 -0.3119556
vn -0.1984677 0.8985518 -0.3914272
vn -0.1984677 0.9306924 -0.3072819
vn 0.8461436 0.5049062 0.1706187
vn -0.3457259 0.3457259 0.8723229
vn -0.5049062 -0.8461436 0.1706187
vn 0.4663066 -0.4663066 -0.7517422
vn -0.5401006 0.7077872 -0.4553336
vn -0.5852749 0.6692606 -0.4577592
vn -0.6015960 0.6848616 -0.4111530
vn -0.5567463 0.7230099 -0.4090113
vn -0.6160315 0.6983741 -0.3643882
vn -0.5716345 0.7360740 -0.3625315
vn -0.6285849 0.7098225 -0.3178570
vn -0.5847568 0.7470115 -0.3162803
vn -0.6283768 0.6283768 -0.4585686
vn -0.6443466 0.6443466 -0.4118675
vn -0.6583197 0.6583197 -0.3650074
vn -0.6703105 0.6703105 -0.3183827
vn -0.6692606 0.5852749 -0.4577592
vn -0.6848616 0.6015960 -0.4111530
vn -0.6983741 0.6160315 -0.3643882
vn -0.7098225 0.6285849 -0.3178570
vn -0.7077872 0.5401006 -0.4553336
vn -0.7230099 0.5567463 -0.4090113
vn -0.7360740 0.5716345 -0.3625315
vn -0.7470115 0.5847568 -0.3162803
vn 0.5567463 -0.7230099 0.4090113
vn 0.6015960 -0.6848616 0.4111530
vn 0.5852749 -0.6692606 0.4577592
vn 0.5401006 -0.7077872 0.4553336
vn 0.5716345 -0.7360740 0.3625315
vn 0.6160315 -0.6983741 0.3643882
vn 0.5847568 -0.7470115 0.3162803
vn 0.6285849 -0.7098225 0.3178570
vn 0.6443466 -0.6443466 0.4118675
vn 0.6283768 -0.6283768 0.4585686
vn 0.6583197 -0.6583197 0.3650074
vn 0.6703105 -0.6703105 0.3183827
vn 0.6848616 -0.6015960 0.4111530
vn 0.6692606 -0.5852749 0.4577592
vn 0.6983741 -0.6160315 0.3643882
vn 0.7098225 -0.6285849 0.3178570
vn 0.7230099 -0.5567463 0.4090113
vn 0.7077872 -0.5401006 0.4553336
vn 0.7360740 -0.5716345 0.3625315
vn 0.7470115 -0.5847568 0.3162803
vn 0.7711376 0.6329058 0.0691159
vn -0.2251306 0.2251306 0.9479623
vn -0.6329058 -0.7711376 0.0691159
vn 0.3242570 -0.3242570 -0.8886590
vn -0.4065433 0.6872190 -0.6020404
vn -0.4846800 0.6257181 -0.6111973
vn -0.5220121 0.6630503 -0.5365330
vn -0.4433161 0.7239918 -0.5284947
vn -0.5579808 0.5579808 -0.6142596
vn -0.5955000 0.5955000 -0.5392212
vn -0.6257181 0.4846800 -0.6111973
vn -0.6630503 0.5220121 -0.5365330
vn -0.6872190 0.4065433 -0.6020404
vn -0.7239918 0.4433161 -0.5284947
vn 0.5049062 -0.8461436 0.1706187
vn 0.3457259 0.3457259 0.8723229
vn -0.8461436 0.5049062 0.1706187
vn -0.4663066 -0.4663066 -0.7517422
vn 0.7077872 0.5401006 -0.4553336
vn 0.6692606 0.5852749 -0.4577592
vn 0.6848616 0.6015960 -0.4111530
vn 0.7230099 0.5567463 -0.4090113
vn 0.6983741 0.6160315 -0.3643882
vn 0.7360740 0.5716345 -0.3625315
vn 0.7098225 0.6285849 -0.3178570
vn 0.7470115 0.5847568 -0.3162803
vn 0.6283768 0.6283768 -0.4585686
vn 0.6443466 0.6443466 -0.4118675
vn 0.6583197 0.6583197 -0.3650074
vn 0.6703105 0.6703105 -0.3183827
vn 0.5852749 0.6692606 -0.4577592
vn 0.6015960 0.6848616 -0.4111530
vn 0.6160315 0.6983741 -0.3643882
vn 0.6285849 0.7098225 -0.3178570
vn 0.5401006 0.7077872 -0.4553336
vn 0.5567463 0.7230099 -0.4090113
vn 0.5716345 0.7360740 -0.3625315
vn 0.5847568 0.7470115 -0.3162803
vn -0.7230099 -0.5567463 0.4090113
vn -0.6848616 -0.6015960 0.4111530
vn -0.6692606 -0.5852749 0.4577592
vn -0.7077872 -0.5401006 0.4553336
vn -0.7360740 -0.5716345 0.3625315
vn -0.6983741 -0.6160315 0.3643882
vn -0.7470115 -0.5847568 0.3162803
vn -0.7098225 -0.6285849 0.3178570
vn -0.6443466 -0.6443466 0.4118675
vn -0.6283768 -0.6283768 0.4585686
vn -0.6583197 -0.6583197 0.3650074
vn -0.6703105 -0.6703105 0.3183827
vn -0.6015960 -0.6848616 0.4111530
vn -0.5852749 -0.6692606 0.4577592
vn -0.6160315 -0.6983741 0.3643882
vn -0.6285849 -0.7098225 0.3178570
vn -0.5567463 -0.7230099 0.4090113
vn -0.5401006 -0.7077872 0.4553336
vn -0.5716345 -0.7360740 0.3625315
vn -0.5847568 -0.7470115 0.3162803
vn 0.6329058 -0.7711376 0.0691159
vn 0.2251306 0.2251306 0.9479623
vn -0.7711376 0.6329058 0.0691159
vn -0.3242570 -0.3242570 -0.8886590
vn 0.6872190 0.4065433 -0.6020404
vn 0.6257181 0.4846800 -0.6111973
vn 0.6630503 0.5220121 -0.5365330
vn 0.7239918 0.4433161 -0.5284947
vn 0.5579808 0.5579808 -0.6142596
vn 0.5955000 0.5955000 -0.5392212
vn 0.4846800 0.6257181 -0.6111973
vn 0.5220121 0.6630503 -0.5365330
vn 0.4065433 0.6872190 -0.6020404
vn 0.4433161 0.7239918 -0.5284947
vn 0.0000000 0.9663264 0.2573194
vn 0.0000000 0.9515950 0.3073548
vn 0.0000000 0.9341724 0.3568221
vn 0.0000000 0.9141802 0.4053080
vn 0.0000000 0.8918034 0.4524230
vn -0.0000000 -0.9515950 -0.3073548
vn -0.0000000 -0.9663264 -0.2573194
vn -0.0000000 -0.9341724 -0.3568221
vn -0.0000000 -0.9141802 -0.4053080
vn -0.0000000 -0.8918034 -0.4524230
vn 0.9553365 -0.2760668 -0.1054481
vn 0.0000000 -0.4524230 0.8918034
vn -0.0000000 -0.4524230 0.8918034
vn -0.9553365 -0.2760668 -0.1054481
vn -0.0000000 0.2573194 -0.9663264
vn 0.0000000 0.2573194 -0.9663264
vn 0.1185723 0.8694997 0.4794902
vn 0.0593869 0.8741317 0.4820445
vn 0.0588776 0.8479834 0.5267425
vn 0.1175661 0.8435661 0.5239986
vn 0.0582250 0.8201387 0.5691945
vn 0.1162763 0.8159599 0.5662943
vn 0.0574436 0.7909346 0.6091984
vn 0.1147314 0.7870112 0.6061766
vn 0.0000000 0.8756773 0.4828968
vn 0.0000000 0.8494570 0.5276579
vn 0.0000000 0.8215324 0.5701618
vn 0.0000000 0.7922428 0.6102060
vn -0.0593869 0.8741317 0.4820445
vn -0.0588776 0.8479834 0.5267425
vn -0.0582250 0.8201387 0.5691945
vn -0.0574436 0.7909346 0.6091984
vn -0.1185723 0.8694997 0.4794902
vn -0.1175661 0.8435661 0.5239986
vn -0.1162763 0.8159599 0.5662943
vn -0.1147314 0.7870112 0.6061766
vn -0.1175661 -0.8435661 -0.5239986
vn -0.0588776 -0.8479834 -0.5267425
vn -0.0593869 -0.8741317 -0.4820445
vn -0.1185723 -0.8694997 -0.4794902
vn -0.1162763 -0.8159599 -0.5662943
vn -0.0582250 -0.8201387 -0.5691945
vn -0.1147314 -0.7870112 -0.6061766
vn -0.0574436 -0.7909346 -0.6091984
vn -0.0000000 -0.8494570 -0.5276579
vn -0.0000000 -0.8756773 -0.4828968
vn -0.0000000 -0.8215324 -0.5701618
vn -0.0000000 -0.7922428 -0.6102060
vn 0.0588776 -0.8479834 -0.5267425
vn 0.0593869 -0.8741317 -0.4820445
vn 0.0582250 -0.8201387 -0.5691945
vn 0.0574436 -0.7909346 -0.6091984
vn 0.1175661 -0.8435661 -0.5239986
vn 0.1185723 -0.8694997 -0.4794902
vn 0.1162763 -0.8159599 -0.5662943
vn 0.1147314 -0.7870112 -0.6061766
vn 0.9928086 -0.1118318 -0.0427160
vn -0.0000000 -0.6102060 0.7922428
vn 0.0000000 -0.6102060 0.7922428
vn -0.9928086 -0.1118318 -0.0427160
vn -0.0000000 0.4828968 -0.8756773
vn 0.0000000 0.4828968 -0.8756773
vn 0.1984677 0.9306924 0.3072819
vn 0.0997290 0.9448480 0.3119556
vn 0.0997290 0.9122186 0.3973807
vn 0.1984677 0.8985518 0.3914272
vn 0.0000000 0.9495820 0.3135186
vn 0.0000000 0.9167891 0.3993717
vn -0.0997290 0.9448480 0.3119556
vn -0.0997290 0.9122186 0.3973807
vn -0.1984677 0.9306924 0.3072819
vn -0.1984677 0.8985518 0.3914272
vn 0.8461436 0.5049062 -0.1706187
vn 0.4663066 -0.4663066 0.7517422
vn -0.5049062 -0.8461436 -0.1706187
vn -0.3457259 0.3457259 -0.8723229
vn -0.4276937 0.5953803 0.6801473
vn -0.4722692 0.5562550 0.6837706
vn -0.4468789 0.5301444 0.7205874
vn -0.4028351 0.5690987 0.7168337
vn -0.4208218 0.5031643 0.7548077
vn -0.3774193 0.5418588 0.7509618
vn -0.3943538 0.4755913 0.7863193
vn -0.3516876 0.5139423 0.7824188
vn -0.5151713 0.5151713 0.6849796
vn -0.4893606 0.4893606 0.7218397
vn -0.4627782 0.4627782 0.7560904
vn -0.4356920 0.4356920 0.7876198
vn -0.5562550 0.4722692 0.6837706
vn -0.5301444 0.4468789 0.7205874
vn -0.5031643 0.4208218 0.7548077
vn -0.4755913 0.3943538 0.7863193
vn -0.5953803 0.4276937 0.6801473
vn -0.5690987 0.4028351 0.7168337
vn -0.5418588 0.3774193 0.7509618
vn -0.5139423 0.3516876 0.7824188
vn 0.4028351 -0.5690987 -0.7168337
vn 0.4468789 -0.5301444 -0.7205874
vn 0.4722692 -0.5562550 -0.6837706
vn 0.4276937 -0.5953803 -0.6801473
vn 0.3774193 -0.5418588 -0.7509618
vn 0.4208218 -0.5031643 -0.7548077
vn 0.3516876 -0.5139423 -0.7824188
vn 0.3943538 -0.4755913 -0.7863193
vn 0.4893606 -0.4893606 -0.7218397
vn 0.5151713 -0.5151713 -0.6849796
vn 0.4627782 -0.4627782 -0.7560904
vn 0.4356920 -0.4356920 -0.7876198
vn 0.5301444 -0.4468789 -0.7205874
vn 0.5562550 -0.4722692 -0.6837706
vn 0.5031643 -0.4208218 -0.7548077
vn 0.4755913 -0.3943538 -0.7863193
vn 0.5690987 -0.4028351 -0.7168337
vn 0.5953803 -0.4276937 -0.6801473
vn 0.5418588 -0.3774193 -0.7509618
vn 0.5139423 -0.3516876 -0.7824188
vn 0.7711376 0.6329058 -0.0691159
vn 0.5569313 -0.5569313 0.6161615
vn -0.6329058 -0.7711376 -0.0691159
vn -0.4843537 0.4843537 -0.7285623
vn -0.4433161 0.7239918 0.5284947
vn -0.5220121 0.6630503 0.5365330
vn -0.4846800 0.6257181 0.6111973
vn -0.4065433 0.6872190 0.6020404
vn -0.5955000 0.5955000 0.5392212
vn -0.5579808 0.5579808 0.6142596
vn -0.6630503 0.5220121 0.5365330
vn -0.6257181 0.4846800 0.6111973
vn -0.7239918 0.4433161 0.5284947
vn -0.6872190 0.4065433 0.6020404
vn 0.5049062 -0.8461436 -0.1706187
vn -0.4663066 -0.4663066 0.7517422
vn -0.8461436 0.5049062 -0.1706187
vn 0.3457259 0.3457259 -0.8723229
vn 0.5953803 0.4276937 0.6801473
vn 0.5562550 0.4722692 0.6837706
vn 0.5301444 0.4468789 0.7205874
vn 0.5690987 0.4028351 0.7168337
vn 0.5031643 0.4208218 0.7548077
vn 0.5418588 0.3774193 0.7509618
vn 0.4755913 0.3943538 0.7863193
vn 0.5139423 0.3516876 0.7824188
vn 0.5151713 0.5151713 0.6849796
vn 0.4893606 0.4893606 0.7218397
vn 0.4627782 0.4627782 0.7560904
vn 0.4356920 0.4356920 0.7876198
vn 0.4722692 0.5562550 0.6837706
vn 0.4468789 0.5301444 0.7205874
vn 0.4208218 0.5031643 0.7548077
vn 0.3943538 0.4755913 0.7863193
vn 0.4276937 0.5953803 0.6801473
vn 0.4028351 0.5690987 0.7168337
vn 0.3774193 0.5418588 0.7509618
vn 0.3516876 0.5139423 0.7824188
vn -0.5690987 -0.4028351 -0.7168337
vn -0.5301444 -0.4468789 -0.7205874
vn -0.5562550 -0.4722692 -0.6837706
vn -0.5953803 -0.4276937 -0.6801473
vn -0.5418588 -0.3774193 -0.7509618
vn -0.5031643 -0.4208218 -0.7548077
vn -0.5139423 -0.3516876 -0.7824188
vn -0.4755913 -0.3943538 -0.7863193
vn -0.4893606 -0.4893606 -0.7218397
vn -0.5151713 -0.5151713 -0.6849796
vn -0.4627782 -0.4627782 -0.7560904
vn -0.4356920 -0.4356920 -0.7876198
vn -0.4468789 -0.5301444 -0.7205874
vn -0.4722692 -0.5562550 -0.6837706
vn -0.4208218 -0.5031643 -0.7548077
vn -0.3943538 -0.4755913 -0.7863193
vn -0.4028351 -0.5690987 -0.7168337
vn -0.4276937 -0.5953803 -0.6801473
vn -0.3774193 -0.5418588 -0.7509618
vn -0.3516876 -0.5139423 -0.7824188
vn 0.6329058 -0.7711376 -0.0691159
vn -0.5569313 -0.5569313 0.6161615
vn -0.7711376 0.6329058 -0.0691159
vn 0.4843537 0.4843537 -0.7285623
vn 0.7239918 0.4433161 0.5284947
vn 0.6630503 0.5220121 0.5365330
vn 0.6257181 0.4846800 0.6111973
vn 0.6872190 0.4065433 0.6020404
vn 0.5955000 0.5955000 0.5392212
vn 0.5579808 0.5579808 0.6142596
vn 0.5220121 0.6630503 0.5365330
vn 0.4846800 0.6257181 0.6111973
vn 0.4433161 0.7239918 0.5284947
vn 0.4065433 0.6872190 0.6020404
vn -0.9929142 -0.0644947 -0.0998094
vn -0.9812587 -0.1632559 -0.1023664
vn -0.9851375 -0.1639012 -0.0513855
vn -0.9966443 -0.0647370 -0.0500922
vn -0.9864407 -0.1641180 0.0000000
vn -0.9978971 -0.0648184 0.0000000
vn -0.9851375 -0.1639012 0.0513855
vn -0.9966443 -0.0647370 0.0500922
vn -0.9812587 -0.1632559 0.1023664
vn -0.9929142 -0.0644947 0.0998094
vn -0.9599036 -0.2603608 -0.1039099
vn -0.9638140 -0.2614214 -0.0521666
vn -0.9651282 -0.2617778 0.0000000
vn -0.9638140 -0.2614214 0.0521666
vn -0.9599036 -0.2603608 0.1039099
vn -0.9290649 -0.3548712 -0.1044259
vn -0.9328876 -0.3563314 -0.0524278
vn -0.9341724 -0.3568221 0.0000000
vn -0.9328876 -0.3563314 0.0524278
vn -0.9290649 -0.3548712 0.1044259
vn -0.8890438 -0.4458743 -0.1039099
vn -0.8926655 -0.4476907 -0.0521666
vn -0.8938826 -0.4483011 0.0000000
vn -0.8926655 -0.4476907 0.0521666
vn -0.8890438 -0.4458743 0.1039099
vn -0.8402243 -0.5324887 -0.1023664
vn -0.8435456 -0.5345936 -0.0513855
vn -0.8446615 -0.5353008 0.0000000
vn -0.8435456 -0.5345936 0.0513855
vn -0.8402243 -0.5324887 0.1023664
vn -0.7830710 -0.6138713 -0.0998094
vn -0.7860128 -0.6161774 -0.0500922
vn -0.7870008 -0.6169520 0.0000000
vn -0.7860128 -0.6161774 0.0500922
vn -0.7830710 -0.6138713 0.0998094
vn 0.9966443 0.0647370 0.0500922
vn 0.9851375 0.1639012 0.0513855
vn 0.9812587 0.1632559 0.1023664
vn 0.9929142 0.0644947 0.0998094
vn 0.9978971 0.0648184 -0.0000000
vn 0.9864407 0.1641180 -0.0000000
vn 0.9966443 0.0647370 -0.0500922
vn 0.9851375 0.1639012 -0.0513855
vn 0.9929142 0.0644947 -0.0998094
vn 0.9812587 0.1632559 -0.1023664
vn 0.9638140 0.2614214 0.0521666
vn 0.9599036 0.2603608 0.1039099
vn 0.9651282 0.2617778 -0.0000000
vn 0.9638140 0.2614214 -0.0521666
vn 0.9599036 0.2603608 -0.1039099
vn 0.9328876 0.3563314 0.0524278
vn 0.9290649 0.3548712 0.1044259
vn 0.9341724 0.3568221 -0.0000000
vn 0.9328876 0.3563314 -0.0524278
vn 0.9290649 0.3548712 -0.1044259
vn 0.8926655 0.4476907 0.0521666
vn 0.8890438 0.4458743 0.1039099
vn 0.8938826 0.4483011 -0.0000000
vn 0.8926655 0.4476907 -0.0521666
vn 0.8890438 0.4458743 -0.1039099
vn 0.8435456 0.5345936 0.0513855
vn 0.8402243 0.5324887 0.1023664
vn 0.8446615 0.5353008 -0.0000000
vn 0.8435456 0.5345936 -0.0513855
vn 0.8402243 0.5324887 -0.1023664
vn 0.7860128 0.6161774 0.0500922
vn 0.7830710 0.6138713 0.0998094
vn 0.7870008 0.6169520 -0.0000000
vn 0.7860128 0.6161774 -0.0500922
vn 0.7830710 0.6138713 -0.0998094
vn -0.0648184 0.9978971 0.0000000
vn -0.0648184 0.9978971 -0.0000000
vn 0.0975518 0.0372615 0.9945327
vn 0.6169520 -0.7870008 0.0000000
vn 0.6169520 -0.7870008 -0.0000000
vn 0.0975518 0.0372615 -0.9945327
vn -0.9609326 -0.2401159 0.1376697
vn -0.9447076 -0.2972745 0.1384031
vn -0.9366061 -0.2947252 0.1894891
vn -0.9527779 -0.2380782 0.1885020
vn -0.9262245 -0.2914584 0.2390822
vn -0.9423250 -0.2354663 0.2378640
vn -0.9137945 -0.2875470 0.2868734
vn -0.9298049 -0.2323378 0.2854504
vn -0.9251499 -0.3533758 0.1386478
vn -0.9171884 -0.3503348 0.1898184
vn -0.9069872 -0.3464383 0.2394885
vn -0.8947748 -0.3417736 0.2873479
vn -0.9023265 -0.4082297 0.1384031
vn -0.8945884 -0.4047289 0.1894891
vn -0.8846725 -0.4002427 0.2390822
vn -0.8728002 -0.3948715 0.2868734
vn -0.8763141 -0.4616499 0.1376697
vn -0.8688775 -0.4577322 0.1885020
vn -0.8593451 -0.4527105 0.2378640
vn -0.8479275 -0.4466956 0.2854504
vn 0.9527779 0.2380782 -0.1885020
vn 0.9366061 0.2947252 -0.1894891
vn 0.9447076 0.2972745 -0.1384031
vn 0.9609326 0.2401159 -0.1376697
vn 0.9423250 0.2354663 -0.2378640
vn 0.9262245 0.2914584 -0.2390822
vn 0.9298049 0.2323378 -0.2854504
vn 0.9137945 0.2875470 -0.2868734
vn 0.9171884 0.3503348 -0.1898184
vn 0.9251499 0.3533758 -0.1386478
vn 0.9069872 0.3464383 -0.2394885
vn 0.8947748 0.3417736 -0.2873479
vn 0.8945884 0.4047289 -0.1894891
vn 0.9023265 0.4082297 -0.1384031
vn 0.8846725 0.4002427 -0.2390822
vn 0.8728002 0.3948715 -0.2868734
vn 0.8688775 0.4577322 -0.1885020
vn 0.8763141 0.4616499 -0.1376697
vn 0.8593451 0.4527105 -0.2378640
vn 0.8479275 0.4466956 -0.2854504
vn -0.2424242 0.9701703 -0.0000000
vn -0.2424242 0.9701703 0.0000000
vn 0.2684325 0.1025321 0.9578263
vn 0.4660879 -0.8847384 -0.0000000
vn 0.4660879 -0.8847384 0.0000000
vn -0.1295210 -0.0494726 -0.9903417
vn -0.9854398 -0.1639515 -0.0450373
vn -0.9641188 -0.2615041 -0.0457223
vn -0.9641188 -0.2615041 0.0457223
vn -0.9854398 -0.1639515 0.0450373
vn -0.9331856 -0.3564452 -0.0459514
vn -0.9331856 -0.3564452 0.0459514
vn -0.8929478 -0.4478322 -0.0457223
vn -0.8929478 -0.4478322 0.0457223
vn -0.8438044 -0.5347576 -0.0450373
vn -0.8438044 -0.5347576 0.0450373
vn -0.7830710 0.6138713 -0.0998094
vn -0.8402243 0.5324887 -0.1023664
vn -0.8435456 0.5345936 -0.0513855
vn -0.7860128 0.6161774 -0.0500922
vn -0.8446615 0.5353008 0.0000000
vn -0.7870008 0.6169520 0.0000000
vn -0.8435456 0.5345936 0.0513855
vn -0.7860128 0.6161774 0.0500922
vn -0.8402243 0.5324887 0.1023664
vn -0.7830710 0.6138713 0.0998094
vn -0.8890438 0.4458743 -0.1039099
vn -0.8926655 0.4476907 -0.0521666
vn -0.8938826 0.4483011 0.0000000
vn -0.8926655 0.4476907 0.0521666
vn -0.8890438 0.4458743 0.1039099
vn -0.9290649 0.3548712 -0.1044259
vn -0.9328876 0.3563314 -0.0524278
vn -0.9341724 0.3568221 0.0000000
vn -0.9328876 0.3563314 0.0524278
vn -0.9290649 0.3548712 0.1044259
vn -0.9599036 0.2603608 -0.1039099
vn -0.9638140 0.2614214 -0.0521666
vn -0.9651282 0.2617778 0.0000000
vn -0.9638140 0.2614214 0.0521666
vn -0.9599036 0.2603608 0.1039099
vn -0.9812587 0.1632559 -0.1023664
vn -0.9851375 0.1639012 -0.0513855
vn -0.9864407 0.1641180 0.0000000
vn -0.9851375 0.1639012 0.0513855
vn -0.9812587 0.1632559 0.1023664
vn -0.9929142 0.0644947 -0.0998094
vn -0.9966443 0.0647370 -0.0500922
vn -0.9978971 0.0648184 0.0000000
vn -0.9966443 0.0647370 0.0500922
vn -0.9929142 0.0644947 0.0998094
vn 0.7860128 -0.6161774 0.0500922
vn 0.8435456 -0.5345936 0.0513855
vn 0.8402243 -0.5324887 0.1023664
vn 0.7830710 -0.6138713 0.0998094
vn 0.7870008 -0.6169520 -0.0000000
vn 0.8446615 -0.5353008 -0.0000000
vn 0.7860128 -0.6161774 -0.0500922
vn 0.8435456 -0.5345936 -0.0513855
vn 0.7830710 -0.6138713 -0.0998094
vn 0.8402243 -0.5324887 -0.1023664
vn 0.8926655 -0.4476907 0.0521666
vn 0.8890438 -0.4458743 0.1039099
vn 0.8938826 -0.4483011 -0.0000000
vn 0.8926655 -0.4476907 -0.0521666
vn 0.8890438 -0.4458743 -0.1039099
vn 0.9328876 -0.3563314 0.0524278
vn 0.9290649 -0.3548712 0.1044259
vn 0.9341724 -0.3568221 -0.0000000
vn 0.9328876 -0.3563314 -0.0524278
vn 0.9290649 -0.3548712 -0.1044259
vn 0.9638140 -0.2614214 0.0521666
vn 0.9599036 -0.2603608 0.1039099
vn 0.9651282 -0.2617778 -0.0000000
vn 0.9638140 -0.2614214 -0.0521666
vn 0.9599036 -0.2603608 -0.1039099
vn 0.9851375 -0.1639012 0.0513855
vn 0.9812587 -0.1632559 0.1023664
vn 0.9864407 -0.1641180 -0.0000000
vn 0.9851375 -0.1639012 -0.0513855
vn 0.9812587 -0.1632559 -0.1023664
vn 0.9966443 -0.0647370 0.0500922
vn 0.9929142 -0.0644947 0.0998094
vn 0.9978971 -0.0648184 -0.0000000
vn 0.9966443 -0.0647370 -0.0500922
vn 0.9929142 -0.0644947 -0.0998094
vn 0.6169520 0.7870008 -0.0000000
vn 0.6169520 0.7870008 0.0000000
vn 0.0975518 -0.0372615 0.9945327
vn -0.0648184 -0.9978971 -0.0000000
vn -0.0648184 -0.9978971 0.0000000
vn 0.0975518 -0.0372615 -0.9945327
vn -0.8763141 0.4616499 0.1376697
vn -0.9023265 0.4082297 0.1384031
vn -0.8945884 0.4047289 0.1894891
vn -0.8688775 0.4577322 0.1885020
vn -0.8846725 0.4002427 0.2390822
vn -0.8593451 0.4527105 0.2378640
vn -0.8728002 0.3948715 0.2868734
vn -0.8479275 0.4466956 0.2854504
vn -0.9251499 0.3533758 0.1386478
vn -0.9171884 0.3503348 0.1898184
vn -0.9069872 0.3464383 0.2394885
vn -0.8947748 0.3417736 0.2873479
vn -0.9447076 0.2972745 0.1384031
vn -0.9366061 0.2947252 0.1894891
vn -0.9262245 0.2914584 0.2390822
vn -0.9137945 0.2875470 0.2868734
vn -0.9609326 0.2401159 0.1376697
vn -0.9527779 0.2380782 0.1885020
vn -0.9423250 0.2354663 0.2378640
vn -0.9298049 0.2323378 0.2854504
vn 0.8688775 -0.4577322 -0.1885020
vn 0.8945884 -0.4047289 -0.1894891
vn 0.9023265 -0.4082297 -0.1384031
vn 0.8763141 -0.4616499 -0.1376697
vn 0.8593451 -0.4527105 -0.2378640
vn 0.8846725 -0.4002427 -0.2390822
vn 0.8479275 -0.4466956 -0.2854504
vn 0.8728002 -0.3948715 -0.2868734
vn 0.9171884 -0.3503348 -0.1898184
vn 0.9251499 -0.3533758 -0.1386478
vn 0.9069872 -0.3464383 -0.2394885
vn 0.8947748 -0.3417736 -0.2873479
vn 0.9366061 -0.2947252 -0.1894891
vn 0.9447076 -0.2972745 -0.1384031
vn 0.9262245 -0.2914584 -0.2390822
vn 0.9137945 -0.2875470 -0.2868734
vn 0.9527779 -0.2380782 -0.1885020
vn 0.9609326 -0.2401159 -0.1376697
vn 0.9423250 -0.2354663 -0.2378640
vn 0.9298049 -0.2323378 -0.2854504
vn 0.4660879 0.8847384 0.0000000
vn 0.4660879 0.8847384 -0.0000000
vn 0.2684325 -0.1025321 0.9578263
vn -0.2424242 -0.9701703 -0.0000000
vn -0.2424242 -0.9701703 0.0000000
vn -0.1295210 0.0494726 -0.9903417
vn -0.8438044 0.5347576 -0.0450373
vn -0.8929478 0.4478322 -0.0457223
vn -0.8929478 0.4478322 0.0457223
vn -0.8438044 0.5347576 0.0450373
vn -0.9331856 0.3564452 -0.0459514
vn -0.9331856 0.3564452 0.0459514
vn -0.9641188 0.2615041 -0.0457223
vn -0.9641188 0.2615041 0.0457223
vn -0.9854398 0.1639515 -0.0450373
vn -0.9854398 0.1639515 0.0450373
vn 0.8446615 -0.5353008 0.0000000
vn 0.7870008 -0.6169520 0.0000000
vn 0.8938826 -0.4483011 0.0000000
vn 0.9341724 -0.3568221 0.0000000
vn 0.9651282 -0.2617778 0.0000000
vn 0.9864407 -0.1641180 0.0000000
vn 0.9978971 -0.0648184 0.0000000
vn -0.7870008 0.6169520 -0.0000000
vn -0.8446615 0.5353008 -0.0000000
vn -0.8938826 0.4483011 -0.0000000
vn -0.9341724 0.3568221 -0.0000000
vn -0.9651282 0.2617778 -0.0000000
vn -0.9864407 0.1641180 -0.0000000
vn -0.9978971 0.0648184 -0.0000000
vn -0.6169520 -0.7870008 -0.0000000
vn -0.6169520 -0.7870008 0.0000000
vn -0.0975518 0.0372615 0.9945327
vn 0.0648184 0.9978971 -0.0000000
vn 0.0648184 0.9978971 0.0000000
vn -0.0975518 0.0372615 -0.9945327
vn 0.8763141 -0.4616499 0.1376697
vn 0.9023265 -0.4082297 0.1384031
vn 0.8945884 -0.4047289 0.1894891
vn 0.8688775 -0.4577322 0.1885020
vn 0.8846725 -0.4002427 0.2390822
vn 0.8593451 -0.4527105 0.2378640
vn 0.8728002 -0.3948715 0.2868734
vn 0.8479275 -0.4466956 0.2854504
vn 0.9251499 -0.3533758 0.1386478
vn 0.9171884 -0.3503348 0.1898184
vn 0.9069872 -0.3464383 0.2394885
vn 0.8947748 -0.3417736 0.2873479
vn 0.9447076 -0.2972745 0.1384031
vn 0.9366061 -0.2947252 0.1894891
vn 0.9262245 -0.2914584 0.2390822
vn 0.9137945 -0.2875470 0.2868734
vn 0.9609326 -0.2401159 0.1376697
vn 0.9527779 -0.2380782 0.1885020
vn 0.9423250 -0.2354663 0.2378640
vn 0.9298049 -0.2323378 0.2854504
vn -0.8688775 0.4577322 -0.1885020
vn -0.8945884 0.4047289 -0.1894891
vn -0.9023265 0.4082297 -0.1384031
vn -0.8763141 0.4616499 -0.1376697
vn -0.8593451 0.4527105 -0.2378640
vn -0.8846725 0.4002427 -0.2390822
vn -0.8479275 0.4466956 -0.2854504
vn -0.8728002 0.3948715 -0.2868734
vn -0.9171884 0.3503348 -0.1898184
vn -0.9251499 0.3533758 -0.1386478
vn -0.9069872 0.3464383 -0.2394885
vn -0.8947748 0.3417736 -0.2873479
vn -0.9366061 0.2947252 -0.1894891
vn -0.9447076 0.2972745 -0.1384031
vn -0.9262245 0.2914584 -0.2390822
vn -0.9137945 0.2875470 -0.2868734
vn -0.9527779 0.2380782 -0.1885020
vn -0.9609326 0.2401159 -0.1376697
vn -0.9423250 0.2354663 -0.2378640
vn -0.9298049 0.2323378 -0.2854504
vn -0.4660879 -0.8847384 0.0000000
vn -0.4660879 -0.8847384 -0.0000000
vn -0.2684325 0.1025321 0.9578263
vn 0.2424242 0.9701703 -0.0000000
vn 0.2424242 0.9701703 0.0000000
vn 0.1295210 -0.0494726 -0.9903417
vn 0.8438044 -0.5347576 -0.0450373
vn 0.8929478 -0.4478322 -0.0457223
vn 0.8929478 -0.4478322 0.0457223
vn 0.8438044 -0.5347576 0.0450373
vn 0.9331856 -0.3564452 -0.0459514
vn 0.9331856 -0.3564452 0.0459514
vn 0.9641188 -0.2615041 -0.0457223
vn 0.9641188 -0.2615041 0.0457223
vn 0.9854398 -0.1639515 -0.0450373
vn 0.9854398 -0.1639515 0.0450373
vn 0.9864407 0.1641180 0.0000000
vn 0.9978971 0.0648184 0.0000000
vn 0.9651282 0.2617778 0.0000000
vn 0.9341724 0.3568221 0.0000000
vn 0.8938826 0.4483011 0.0000000
vn 0.8446615 0.5353008 0.0000000
vn 0.7870008 0.6169520 0.0000000
vn -0.9978971 -0.0648184 -0.0000000
vn -0.9864407 -0.1641180 -0.0000000
vn -0.9651282 -0.2617778 -0.0000000
vn -0.9341724 -0.3568221 -0.0000000
vn -0.8938826 -0.4483011 -0.0000000
vn -0.8446615 -0.5353008 -0.0000000
vn -0.7870008 -0.6169520 -0.0000000
vn 0.0648184 -0.9978971 0.0000000
vn 0.0648184 -0.9978971 -0.0000000
vn -0.0975518 -0.0372615 0.9945327
vn -0.6169520 0.7870008 0.0000000
vn -0.6169520 0.7870008 -0.0000000
vn -0.0975518 -0.0372615 -0.9945327
vn 0.9609326 0.2401159 0.1376697
vn 0.9447076 0.2972745 0.1384031
vn 0.9366061 0.2947252 0.1894891
vn 0.9527779 0.2380782 0.1885020
vn 0.9262245 0.2914584 0.2390822
vn 0.9423250 0.2354663 0.2378640
vn 0.9137945 0.2875470 0.2868734
vn 0.9298049 0.2323378 0.2854504
vn 0.9251499 0.3533758 0.1386478
vn 0.9171884 0.3503348 0.1898184
vn 0.9069872 0.3464383 0.2394885
vn 0.8947748 0.3417736 0.2873479
vn 0.9023265 0.4082297 0.1384031
vn 0.8945884 0.4047289 0.1894891
vn 0.8846725 0.4002427 0.2390822
vn 0.8728002 0.3948715 0.2868734
vn 0.8763141 0.4616499 0.1376697
vn 0.8688775 0.4577322 0.1885020
vn 0.8593451 0.4527105 0.2378640
vn 0.8479275 0.4466956 0.2854504
vn -0.9527779 -0.2380782 -0.1885020
vn -0.9366061 -0.2947252 -0.1894891
vn -0.9447076 -0.2972745 -0.1384031
vn -0.9609326 -0.2401159 -0.1376697
vn -0.9423250 -0.2354663 -0.2378640
vn -0.9262245 -0.2914584 -0.2390822
vn -0.9298049 -0.2323378 -0.2854504
vn -0.9137945 -0.2875470 -0.2868734
vn -0.9171884 -0.3503348 -0.1898184
vn -0.9251499 -0.3533758 -0.1386478
vn -0.9069872 -0.3464383 -0.2394885
vn -0.8947748 -0.3417736 -0.2873479
vn -0.8945884 -0.4047289 -0.1894891
vn -0.9023265 -0.4082297 -0.1384031
vn -0.8846725 -0.4002427 -0.2390822
vn -0.8728002 -0.3948715 -0.2868734
vn -0.8688775 -0.4577322 -0.1885020
vn -0.8763141 -0.4616499 -0.1376697
vn -0.8593451 -0.4527105 -0.2378640
vn -0.8479275 -0.4466956 -0.2854504
vn 0.2424242 -0.9701703 -0.0000000
vn 0.2424242 -0.9701703 0.0000000
vn -0.2684325 -0.1025321 0.9578263
vn -0.4660879 0.8847384 -0.0000000
vn -0.4660879 0.8847384 0.0000000
vn 0.1295210 0.0494726 -0.9903417
vn 0.9854398 0.1639515 -0.0450373
vn 0.9641188 0.2615041 -0.0457223
vn 0.9641188 0.2615041 0.0457223
vn 0.9854398 0.1639515 0.0450373
vn 0.9331856 0.3564452 -0.0459514
vn 0.9331856 0.3564452 0.0459514
vn 0.8929478 0.4478322 -0.0457223
vn 0.8929478 0.4478322 0.0457223
vn 0.8438044 0.5347576 -0.0450373
vn 0.8438044 0.5347576 0.0450373
g energy_core
usemtl amethyst
f 1/1/1 2/1/2 3/1/3
f 4/1/4 1/1/1 3/1/3
f 5/1/5 4/1/4 3/1/3
f 6/1/6 5/1/5 3/1/3
f 7/1/7 6/1/6 3/1/3
f 8/1/8 7/1/7 3/1/3
f 9/1/9 8/1/8 3/1/3
f 10/1/10 9/1/9 3/1/11
f 11/1/12 10/1/10 3/1/11
f 12/1/13 11/1/12 3/1/11
f 13/1/14 12/1/13 3/1/11
f 14/1/15 13/1/14 3/1/11
f 15/1/16 14/1/15 3/1/11
f 16/1/17 15/1/16 3/1/18
f 17/1/19 16/1/17 3/1/18
f 18/1/20 17/1/19 3/1/18
f 19/1/21 18/1/20 3/1/18
f 20/1/22 19/1/21 3/1/18
f 21/1/23 20/1/22 3/1/18
f 22/1/24 21/1/23 3/1/25
f 23/1/26 22/1/24 3/1/25
f 24/1/27 23/1/26 3/1/25
f 25/1/28 24/1/27 3/1/25
f 2/1/29 25/1/28 3/1/25
f 1/1/1 26/1/30 27/1/31 2/1/2
f 4/1/4 28/1/32 26/1/30 1/1/1
f 5/1/5 29/1/33 28/1/32 4/1/4
f 6/1/6 30/1/34 29/1/33 5/1/5
f 7/1/7 31/1/35 30/1/34 6/1/6
f 8/1/8 32/1/36 31/1/35 7/1/7
f 9/1/9 33/1/37 32/1/36 8/1/8
f 10/1/10 34/1/38 33/1/37 9/1/9
f 11/1/12 35/1/39 34/1/38 10/1/10
f 12/1/13 36/1/40 35/1/39 11/1/12
f 13/1/14 37/1/41 36/1/40 12/1/13
f 14/1/15 38/1/42 37/1/41 13/1/14
f 15/1/16 39/1/43 38/1/42 14/1/15
f 16/1/17 40/1/44 39/1/43 15/1/16
f 17/1/19 41/1/45 40/1/44 16/1/17
f 18/1/20 42/1/46 41/1/45 17/1/19
f 19/1/21 43/1/47 42/1/46 18/1/20
f 20/1/22 44/1/48 43/1/47 19/1/21
f 21/1/23 45/1/49 44/1/48 20/1/22
f 22/1/24 46/1/50 45/1/49 21/1/23
f 23/1/26 47/1/51 46/1/50 22/1/24
f 24/1/27 48/1/52 47/1/51 23/1/26
f 25/1/28 49/1/53 48/1/52 24/1/27
f 2/1/29 27/1/54 49/1/53 25/1/28
f 26/1/30 50/1/55 51/1/56 27/1/31
f 28/1/32 52/1/57 50/1/55 26/1/30
f 29/1/33 53/1/58 52/1/57 28/1/32
f 30/1/34 54/1/59 53/1/58 29/1/33
f 31/1/35 55/1/60 54/1/59 30/1/34
f 32/1/36 56/1/61 55/1/60 31/1/35
f 33/1/37 57/1/62 56/1/61 32/1/36
f 34/1/38 58/1/63 57/1/62 33/1/37
f 35/1/39 59/1/64 58/1/63 34/1/38
f 36/1/40 60/1/65 59/1/64 35/1/39
f 37/1/41 61/1/66 60/1/65 36/1/40
f 38/1/42 62/1/67 61/1/66 37/1/41
f 39/1/43 63/1/68 62/1/67 38/1/42
f 40/1/44 64/1/69 63/1/68 39/1/43
f 41/1/45 65/1/70 64/1/69 40/1/44
f 42/1/46 66/1/71 65/1/70 41/1/45
f 43/1/47 67/1/72 66/1/71 42/1/46
f 44/1/48 68/1/73 67/1/72 43/1/47
f 45/1/49 69/1/74 68/1/73 44/1/48
f 46/1/50 70/1/75 69/1/74 45/1/49
f 47/1/51 71/1/76 70/1/75 46/1/50
f 48/1/52 72/1/77 71/1/76 47/1/51
f 49/1/53 73/1/78 72/1/77 48/1/52
f 27/1/54 51/1/79 73/1/78 49/1/53
f 50/1/55 74/1/80 75/1/81 51/1/56
f 52/1/57 76/1/82 74/1/80 50/1/55
f 53/1/58 77/1/83 76/1/82 52/1/57
f 54/1/59 78/1/84 77/1/83 53/1/58
f 55/1/60 79/1/85 78/1/84 54/1/59
f 56/1/61 80/1/86 79/1/85 55/1/60
f 57/1/62 81/1/87 80/1/86 56/1/61
f 58/1/63 82/1/88 81/1/87 57/1/62
f 59/1/64 83/1/89 82/1/88 58/1/63
f 60/1/65 84/1/90 83/1/89 59/1/64
f 61/1/66 85/1/91 84/1/90 60/1/65
f 62/1/67 86/1/92 85/1/91 61/1/66
f 63/1/68 87/1/93 86/1/92 62/1/67
f 64/1/69 88/1/94 87/1/93 63/1/68
f 65/1/70 89/1/95 88/1/94 64/1/69
f 66/1/71 90/1/96 89/1/95 65/1/70
f 67/1/72 91/1/97 90/1/96 66/1/71
f 68/1/73 92/1/98 91/1/97 67/1/72
f 69/1/74 93/1/99 92/1/98 68/1/73
f 70/1/75 94/1/100 93/1/99 69/1/74
f 71/1/76 95/1/101 94/1/100 70/1/75
f 72/1/77 96/1/102 95/1/101 71/1/76
f 73/1/78 97/1/103 96/1/102 72/1/77
f 51/1/79 75/1/104 97/1/103 73/1/78
f 74/1/80 98/1/105 99/1/106 75/1/81
f 76/1/82 100/1/107 98/1/105 74/1/80
f 77/1/83 101/1/108 100/1/107 76/1/82
f 78/1/84 102/1/109 101/1/108 77/1/83
f 79/1/85 103/1/110 102/1/109 78/1/84
f 80/1/86 104/1/111 103/1/110 79/1/85
f 81/1/87 105/1/112 104/1/111 80/1/86
f 82/1/88 106/1/113 105/1/112 81/1/87
f 83/1/89 107/1/114 106/1/113 82/1/88
f 84/1/90 108/1/115 107/1/114 83/1/89
f 85/1/91 109/1/116 108/1/115 84/1/90
f 86/1/92 110/1/117 109/1/116 85/1/91
f 87/1/93 111/1/118 110/1/117 86/1/92
f 88/1/94 112/1/119 111/1/118 87/1/93
f 89/1/95 113/1/120 112/1/119 88/1/94
f 90/1/96 114/1/121 113/1/120 89/1/95
f 91/1/97 115/1/122 114/1/121 90/1/96
f 92/1/98 116/1/123 115/1/122 91/1/97
f 93/1/99 117/1/124 116/1/123 92/1/98
f 94/1/100 118/1/125 117/1/124 93/1/99
f 95/1/101 119/1/126 118/1/125 94/1/100
f 96/1/102 120/1/127 119/1/126 95/1/101
f 97/1/103 121/1/128 120/1/127 96/1/102
f 75/1/104 99/1/129 121/1/128 97/1/103
f 98/1/105 122/1/130 123/1/131 99/1/106
f 100/1/107 124/1/132 122/1/130 98/1/105
f 101/1/108 125/1/133 124/1/132 100/1/107
f 102/1/109 126/1/134 125/1/133 101/1/108
f 103/1/110 127/1/135 126/1/134 102/1/109
f 104/1/111 128/1/136 127/1/135 103/1/110
f 105/1/112 129/1/137 128/1/136 104/1/111
f 106/1/113 130/1/138 129/1/137 105/1/112
f 107/1/114 131/1/139 130/1/138 106/1/113
f 108/1/115 132/1/140 131/1/139 107/1/114
f 109/1/116 133/1/141 132/1/140 108/1/115
f 110/1/117 134/1/142 133/1/141 109/1/116
f 111/1/118 135/1/143 134/1/142 110/1/117
f 112/1/119 136/1/144 135/1/143 111/1/118
f 113/1/120 137/1/145 136/1/144 112/1/119
f 114/1/121 138/1/146 137/1/145 113/1/120
f 115/1/122 139/1/147 138/1/146 114/1/121
f 116/1/123 140/1/148 139/1/147 115/1/122
f 117/1/124 141/1/149 140/1/148 116/1/123
f 118/1/125 142/1/150 141/1/149 117/1/124
f 119/1/126 143/1/151 142/1/150 118/1/125
f 120/1/127 144/1/152 143/1/151 119/1/126
f 121/1/128 145/1/153 144/1/152 120/1/127
f 99/1/129 123/1/154 145/1/153 121/1/128
f 122/1/130 146/1/155 147/1/156 123/1/131
f 124/1/132 148/1/157 146/1/155 122/1/130
f 125/1/133 149/1/158 148/1/157 124/1/132
f 126/1/134 150/1/159 149/1/158 125/1/133
f 127/1/135 151/1/160 150/1/159 126/1/134
f 128/1/136 152/1/161 151/1/160 127/1/135
f 129/1/137 153/1/162 152/1/161 128/1/136
f 130/1/138 154/1/163 153/1/162 129/1/137
f 131/1/139 155/1/164 154/1/163 130/1/138
f 132/1/140 156/1/165 155/1/164 131/1/139
f 133/1/141 157/1/166 156/1/165 132/1/140
f 134/1/142 158/1/167 157/1/166 133/1/141
f 135/1/143 159/1/168 158/1/167 134/1/142
f 136/1/144 160/1/169 159/1/168 135/1/143
f 137/1/145 161/1/170 160/1/169 136/1/144
f 138/1/146 162/1/171 161/1/170 137/1/145
f 139/1/147 163/1/172 162/1/171 138/1/146
f 140/1/148 164/1/173 163/1/172 139/1/147
f 141/1/149 165/1/174 164/1/173 140/1/148
f 142/1/150 166/1/175 165/1/174 141/1/149
f 143/1/151 167/1/176 166/1/175 142/1/150
f 144/1/152 168/1/177 167/1/176 143/1/151
f 145/1/153 169/1/178 168/1/177 144/1/152
f 123/1/154 147/1/179 169/1/178 145/1/153
f 146/1/155 170/1/180 171/1/181 147/1/156
f 148/1/157 172/1/182 170/1/180 146/1/155
f 149/1/158 173/1/183 172/1/182 148/1/157
f 150/1/159 174/1/184 173/1/183 149/1/158
f 151/1/160 175/1/185 174/1/184 150/1/159
f 152/1/161 176/1/186 175/1/185 151/1/160
f 153/1/162 177/1/187 176/1/186 152/1/161
f 154/1/163 178/1/188 177/1/187 153/1/162
f 155/1/164 179/1/189 178/1/188 154/1/163
f 156/1/165 180/1/190 179/1/189 155/1/164
f 157/1/166 181/1/191 180/1/190 156/1/165
f 158/1/167 182/1/192 181/1/191 157/1/166
f 159/1/168 183/1/193 182/1/192 158/1/167
f 160/1/169 184/1/194 183/1/193 159/1/168
f 161/1/170 185/1/195 184/1/194 160/1/169
f 162/1/171 186/1/196 185/1/195 161/1/170
f 163/1/172 187/1/197 186/1/196 162/1/171
f 164/1/173 188/1/198 187/1/197 163/1/172
f 165/1/174 189/1/199 188/1/198 164/1/173
f 166/1/175 190/1/200 189/1/199 165/1/174
f 167/1/176 191/1/201 190/1/200 166/1/175
f 168/1/177 192/1/202 191/1/201 167/1/176
f 169/1/178 193/1/203 192/1/202 168/1/177
f 147/1/179 171/1/204 193/1/203 169/1/178
f 170/1/180 194/1/205 195/1/206 171/1/181
f 172/1/182 196/1/207 194/1/205 170/1/180
f 173/1/183 197/1/208 196/1/207 172/1/182
f 174/1/184 198/1/209 197/1/208 173/1/183
f 175/1/185 199/1/210 198/1/209 174/1/184
f 176/1/186 200/1/211 199/1/210 175/1/185
f 177/1/187 201/1/212 200/1/211 176/1/186
f 178/1/188 202/1/213 201/1/212 177/1/187
f 179/1/189 203/1/214 202/1/213 178/1/188
f 180/1/190 204/1/215 203/1/214 179/1/189
f 181/1/191 205/1/216 204/1/215 180/1/190
f 182/1/192 206/1/217 205/1/216 181/1/191
f 183/1/193 207/1/218 206/1/217 182/1/192
f 184/1/194 208/1/219 207/1/218 183/1/193
f 185/1/195 209/1/220 208/1/219 184/1/194
f 186/1/196 210/1/221 209/1/220 185/1/195
f 187/1/197 211/1/222 210/1/221 186/1/196
f 188/1/198 212/1/223 211/1/222 187/1/197
f 189/1/199 213/1/224 212/1/223 188/1/198
f 190/1/200 214/1/225 213/1/224 189/1/199
f 191/1/201 215/1/226 214/1/225 190/1/200
f 192/1/202 216/1/227 215/1/226 191/1/201
f 193/1/203 217/1/228 216/1/227 192/1/202
f 171/1/204 195/1/229 217/1/228 193/1/203
f 194/1/205 218/1/230 219/1/231 195/1/206
f 196/1/207 220/1/232 218/1/230 194/1/205
f 197/1/208 221/1/233 220/1/232 196/1/207
f 198/1/209 222/1/234 221/1/233 197/1/208
f 199/1/210 223/1/235 222/1/234 198/1/209
f 200/1/211 224/1/236 223/1/235 199/1/210
f 201/1/212 225/1/237 224/1/236 200/1/211
f 202/1/213 226/1/238 225/1/237 201/1/212
f 203/1/214 227/1/239 226/1/238 202/1/213
f 204/1/215 228/1/240 227/1/239 203/1/214
f 205/1/216 229/1/241 228/1/240 204/1/215
f 206/1/217 230/1/242 229/1/241 205/1/216
f 207/1/218 231/1/243 230/1/242 206/1/217
f 208/1/219 232/1/244 231/1/243 207/1/218
f 209/1/220 233/1/245 232/1/244 208/1/219
f 210/1/221 234/1/246 233/1/245 209/1/220
f 211/1/222 235/1/247 234/1/246 210/1/221
f 212/1/223 236/1/248 235/1/247 211/1/222
f 213/1/224 237/1/249 236/1/248 212/1/223
f 214/1/225 238/1/250 237/1/249 213/1/224
f 215/1/226 239/1/251 238/1/250 214/1/225
f 216/1/227 240/1/252 239/1/251 215/1/226
f 217/1/228 241/1/253 240/1/252 216/1/227
f 195/1/229 219/1/254 241/1/253 217/1/228
f 218/1/230 242/1/255 243/1/256 219/1/231
f 220/1/232 244/1/257 242/1/255 218/1/230
f 221/1/233 245/1/258 244/1/257 220/1/232
f 222/1/234 246/1/259 245/1/258 221/1/233
f 223/1/235 247/1/260 246/1/259 222/1/234
f 224/1/236 248/1/261 247/1/260 223/1/235
f 225/1/237 249/1/262 248/1/261 224/1/236
f 226/1/238 250/1/263 249/1/262 225/1/237
f 227/1/239 251/1/264 250/1/263 226/1/238
f 228/1/240 252/1/265 251/1/264 227/1/239
f 229/1/241 253/1/266 252/1/265 228/1/240
f 230/1/242 254/1/267 253/1/266 229/1/241
f 231/1/243 255/1/268 254/1/267 230/1/242
f 232/1/244 256/1/269 255/1/268 231/1/243
f 233/1/245 257/1/270 256/1/269 232/1/244
f 234/1/246 258/1/271 257/1/270 233/1/245
f 235/1/247 259/1/272 258/1/271 234/1/246
f 236/1/248 260/1/273 259/1/272 235/1/247
f 237/1/249 261/1/274 260/1/273 236/1/248
f 238/1/250 262/1/275 261/1/274 237/1/249
f 239/1/251 263/1/276 262/1/275 238/1/250
f 240/1/252 264/1/277 263/1/276 239/1/251
f 241/1/253 265/1/278 264/1/277 240/1/252
f 219/1/254 243/1/279 265/1/278 241/1/253
f 242/1/255 266/1/280 243/1/256
f 244/1/257 266/1/280 242/1/255
f 245/1/258 266/1/280 244/1/257
f 246/1/259 266/1/280 245/1/258
f 247/1/260 266/1/280 246/1/259
f 248/1/261 266/1/280 247/1/260
f 249/1/262 266/1/280 248/1/261
f 250/1/263 266/1/281 249/1/262
f 251/1/264 266/1/281 250/1/263
f 252/1/265 266/1/281 251/1/264
f 253/1/266 266/1/281 252/1/265
f 254/1/267 266/1/281 253/1/266
f 255/1/268 266/1/281 254/1/267
f 256/1/269 266/1/282 255/1/268
f 257/1/270 266/1/282 256/1/269
f 258/1/271 266/1/282 257/1/270
f 259/1/272 266/1/282 258/1/271
f 260/1/273 266/1/282 259/1/272
f 261/1/274 266/1/282 260/1/273
f 262/1/275 266/1/283 261/1/274
f 263/1/276 266/1/283 262/1/275
f 264/1/277 266/1/283 263/1/276
f 265/1/278 266/1/283 264/1/277
f 243/1/279 266/1/283 265/1/278
usemtl violet
f 267/1/284 268/1/285 269/1/286 270/1/287
f 271/1/288 272/1/289 268/1/285 267/1/284
f 273/1/290 274/1/291 272/1/289 271/1/288
f 275/1/292 276/1/293 274/1/291 273/1/290
f 277/1/294 278/1/295 276/1/293 275/1/292
f 279/1/296 280/1/297 278/1/295 277/1/294
f 281/1/298 282/1/299 280/1/297 279/1/296
f 283/1/300 284/1/301 282/1/299 281/1/298
f 285/1/302 286/1/303 284/1/301 283/1/300
f 287/1/304 288/1/305 286/1/303 285/1/302
f 289/1/306 290/1/307 288/1/305 287/1/304
f 291/1/308 292/1/309 290/1/307 289/1/306
f 293/1/310 294/1/311 292/1/309 291/1/308
f 295/1/312 296/1/313 294/1/311 293/1/310
f 297/1/314 298/1/315 296/1/313 295/1/312
f 299/1/316 300/1/317 298/1/315 297/1/314
f 301/1/318 302/1/319 300/1/317 299/1/316
f 303/1/320 304/1/321 302/1/319 301/1/318
f 305/1/322 306/1/323 304/1/321 303/1/320
f 307/1/324 308/1/325 306/1/323 305/1/322
f 309/1/326 310/1/327 308/1/325 307/1/324
f 311/1/328 312/1/329 310/1/327 309/1/326
f 313/1/330 314/1/331 312/1/329 311/1/328
f 270/1/332 269/1/333 314/1/331 313/1/330
f 268/1/285 315/1/334 316/1/335 269/1/286
f 272/1/289 317/1/336 315/1/334 268/1/285
f 274/1/291 318/1/337 317/1/336 272/1/289
f 276/1/293 319/1/338 318/1/337 274/1/291
f 278/1/295 320/1/339 319/1/338 276/1/293
f 280/1/297 321/1/340 320/1/339 278/1/295
f 282/1/299 322/1/341 321/1/340 280/1/297
f 284/1/301 323/1/342 322/1/341 282/1/299
f 286/1/303 324/1/343 323/1/342 284/1/301
f 288/1/305 325/1/344 324/1/343 286/1/303
f 290/1/307 326/1/345 325/1/344 288/1/305
f 292/1/309 327/1/346 326/1/345 290/1/307
f 294/1/311 328/1/347 327/1/346 292/1/309
f 296/1/313 329/1/348 328/1/347 294/1/311
f 298/1/315 330/1/349 329/1/348 296/1/313
f 300/1/317 331/1/350 330/1/349 298/1/315
f 302/1/319 332/1/351 331/1/350 300/1/317
f 304/1/321 333/1/352 332/1/351 302/1/319
f 306/1/323 334/1/353 333/1/352 304/1/321
f 308/1/325 335/1/354 334/1/353 306/1/323
f 310/1/327 336/1/355 335/1/354 308/1/325
f 312/1/329 337/1/356 336/1/355 310/1/327
f 314/1/331 338/1/357 337/1/356 312/1/329
f 269/1/333 316/1/358 338/1/357 314/1/331
f 315/1/334 339/1/359 340/1/360 316/1/335
f 317/1/336 341/1/361 339/1/359 315/1/334
f 318/1/337 342/1/362 341/1/361 317/1/336
f 319/1/338 343/1/363 342/1/362 318/1/337
f 320/1/339 344/1/364 343/1/363 319/1/338
f 321/1/340 345/1/365 344/1/364 320/1/339
f 322/1/341 346/1/366 345/1/365 321/1/340
f 323/1/342 347/1/367 346/1/366 322/1/341
f 324/1/343 348/1/368 347/1/367 323/1/342
f 325/1/344 349/1/369 348/1/368 324/1/343
f 326/1/345 350/1/370 349/1/369 325/1/344
f 327/1/346 351/1/371 350/1/370 326/1/345
f 328/1/347 352/1/372 351/1/371 327/1/346
f 329/1/348 353/1/373 352/1/372 328/1/347
f 330/1/349 354/1/374 353/1/373 329/1/348
f 331/1/350 355/1/375 354/1/374 330/1/349
f 332/1/351 356/1/376 355/1/375 331/1/350
f 333/1/352 357/1/377 356/1/376 332/1/351
f 334/1/353 358/1/378 357/1/377 333/1/352
f 335/1/354 359/1/379 358/1/378 334/1/353
f 336/1/355 360/1/380 359/1/379 335/1/354
f 337/1/356 361/1/381 360/1/380 336/1/355
f 338/1/357 362/1/382 361/1/381 337/1/356
f 316/1/358 340/1/383 362/1/382 338/1/357
f 339/1/359 363/1/130 364/1/131 340/1/360
f 341/1/361 365/1/132 363/1/130 339/1/359
f 342/1/362 366/1/133 365/1/132 341/1/361
f 343/1/363 367/1/134 366/1/133 342/1/362
f 344/1/364 368/1/135 367/1/134 343/1/363
f 345/1/365 369/1/136 368/1/135 344/1/364
f 346/1/366 370/1/137 369/1/136 345/1/365
f 347/1/367 371/1/138 370/1/137 346/1/366
f 348/1/368 372/1/139 371/1/138 347/1/367
f 349/1/369 373/1/140 372/1/139 348/1/368
f 350/1/370 374/1/141 373/1/140 349/1/369
f 351/1/371 375/1/142 374/1/141 350/1/370
f 352/1/372 376/1/143 375/1/142 351/1/371
f 353/1/373 377/1/144 376/1/143 352/1/372
f 354/1/374 378/1/145 377/1/144 353/1/373
f 355/1/375 379/1/146 378/1/145 354/1/374
f 356/1/376 380/1/147 379/1/146 355/1/375
f 357/1/377 381/1/148 380/1/147 356/1/376
f 358/1/378 382/1/149 381/1/148 357/1/377
f 359/1/379 383/1/150 382/1/149 358/1/378
f 360/1/380 384/1/151 383/1/150 359/1/379
f 361/1/381 385/1/152 384/1/151 360/1/380
f 362/1/382 386/1/153 385/1/152 361/1/381
f 340/1/383 364/1/154 386/1/153 362/1/382
f 363/1/130 387/1/384 388/1/385 364/1/131
f 365/1/132 389/1/386 387/1/384 363/1/130
f 366/1/133 390/1/387 389/1/386 365/1/132
f 367/1/134 391/1/388 390/1/387 366/1/133
f 368/1/135 392/1/389 391/1/388 367/1/134
f 369/1/136 393/1/390 392/1/389 368/1/135
f 370/1/137 394/1/391 393/1/390 369/1/136
f 371/1/138 395/1/392 394/1/391 370/1/137
f 372/1/139 396/1/393 395/1/392 371/1/138
f 373/1/140 397/1/394 396/1/393 372/1/139
f 374/1/141 398/1/395 397/1/394 373/1/140
f 375/1/142 399/1/396 398/1/395 374/1/141
f 376/1/143 400/1/397 399/1/396 375/1/142
f 377/1/144 401/1/398 400/1/397 376/1/143
f 378/1/145 402/1/399 401/1/398 377/1/144
f 379/1/146 403/1/400 402/1/399 378/1/145
f 380/1/147 404/1/401 403/1/400 379/1/146
f 381/1/148 405/1/402 404/1/401 380/1/147
f 382/1/149 406/1/403 405/1/402 381/1/148
f 383/1/150 407/1/404 406/1/403 382/1/149
f 384/1/151 408/1/405 407/1/404 383/1/150
f 385/1/152 409/1/406 408/1/405 384/1/151
f 386/1/153 410/1/407 409/1/406 385/1/152
f 364/1/154 388/1/408 410/1/407 386/1/153
f 387/1/384 411/1/409 412/1/410 388/1/385
f 389/1/386 413/1/411 411/1/409 387/1/384
f 390/1/387 414/1/412 413/1/411 389/1/386
f 391/1/388 415/1/413 414/1/412 390/1/387
f 392/1/389 416/1/414 415/1/413 391/1/388
f 393/1/390 417/1/415 416/1/414 392/1/389
f 394/1/391 418/1/416 417/1/415 393/1/390
f 395/1/392 419/1/417 418/1/416 394/1/391
f 396/1/393 420/1/418 419/1/417 395/1/392
f 397/1/394 421/1/419 420/1/418 396/1/393
f 398/1/395 422/1/420 421/1/419 397/1/394
f 399/1/396 423/1/421 422/1/420 398/1/395
f 400/1/397 424/1/422 423/1/421 399/1/396
f 401/1/398 425/1/423 424/1/422 400/1/397
f 402/1/399 426/1/424 425/1/423 401/1/398
f 403/1/400 427/1/425 426/1/424 402/1/399
f 404/1/401 428/1/426 427/1/425 403/1/400
f 405/1/402 429/1/427 428/1/426 404/1/401
f 406/1/403 430/1/428 429/1/427 405/1/402
f 407/1/404 431/1/429 430/1/428 406/1/403
f 408/1/405 432/1/430 431/1/429 407/1/404
f 409/1/406 433/1/431 432/1/430 408/1/405
f 410/1/407 434/1/432 433/1/431 409/1/406
f 388/1/408 412/1/433 434/1/432 410/1/407
f 411/1/409 435/1/434 436/1/435 412/1/410
f 413/1/411 437/1/436 435/1/434 411/1/409
f 414/1/412 438/1/437 437/1/436 413/1/411
f 415/1/413 439/1/438 438/1/437 414/1/412
f 416/1/414 440/1/439 439/1/438 415/1/413
f 417/1/415 441/1/440 440/1/439 416/1/414
f 418/1/416 442/1/441 441/1/440 417/1/415
f 419/1/417 443/1/442 442/1/441 418/1/416
f 420/1/418 444/1/443 443/1/442 419/1/417
f 421/1/419 445/1/444 444/1/443 420/1/418
f 422/1/420 446/1/445 445/1/444 421/1/419
f 423/1/421 447/1/446 446/1/445 422/1/420
f 424/1/422 448/1/447 447/1/446 423/1/421
f 425/1/423 449/1/448 448/1/447 424/1/422
f 426/1/424 450/1/449 449/1/448 425/1/423
f 427/1/425 451/1/450 450/1/449 426/1/424
f 428/1/426 452/1/451 451/1/450 427/1/425
f 429/1/427 453/1/452 452/1/451 428/1/426
f 430/1/428 454/1/453 453/1/452 429/1/427
f 431/1/429 455/1/454 454/1/453 430/1/428
f 432/1/430 456/1/455 455/1/454 431/1/429
f 433/1/431 457/1/456 456/1/455 432/1/430
f 434/1/432 458/1/457 457/1/456 433/1/431
f 412/1/433 436/1/458 458/1/457 434/1/432
f 435/1/434 459/1/459 460/1/460 436/1/435
f 437/1/436 461/1/461 459/1/459 435/1/434
f 438/1/437 462/1/462 461/1/461 437/1/436
f 439/1/438 463/1/463 462/1/462 438/1/437
f 440/1/439 464/1/464 463/1/463 439/1/438
f 441/1/440 465/1/465 464/1/464 440/1/439
f 442/1/441 466/1/466 465/1/465 441/1/440
f 443/1/442 467/1/467 466/1/466 442/1/441
f 444/1/443 468/1/468 467/1/467 443/1/442
f 445/1/444 469/1/469 468/1/468 444/1/443
f 446/1/445 470/1/470 469/1/469 445/1/444
f 447/1/446 471/1/471 470/1/470 446/1/445
f 448/1/447 472/1/472 471/1/471 447/1/446
f 449/1/448 473/1/473 472/1/472 448/1/447
f 450/1/449 474/1/474 473/1/473 449/1/448
f 451/1/450 475/1/475 474/1/474 450/1/449
f 452/1/451 476/1/476 475/1/475 451/1/450
f 453/1/452 477/1/477 476/1/476 452/1/451
f 454/1/453 478/1/478 477/1/477 453/1/452
f 455/1/454 479/1/479 478/1/478 454/1/453
f 456/1/455 480/1/480 479/1/479 455/1/454
f 457/1/456 481/1/481 480/1/480 456/1/455
f 458/1/457 482/1/482 481/1/481 457/1/456
f 436/1/458 460/1/483 482/1/482 458/1/457
usemtl lilac
f 483/1/484 484/1/484 485/1/484 486/1/484
f 484/1/485 487/1/485 488/1/485 485/1/485
f 487/1/486 489/1/486 490/1/486 488/1/486
f 489/1/487 491/1/487 492/1/487 490/1/487
f 491/1/488 493/1/488 494/1/488 492/1/488
f 493/1/489 495/1/489 496/1/489 494/1/489
f 495/1/490 497/1/490 498/1/490 496/1/490
f 497/1/491 499/1/491 500/1/491 498/1/491
f 499/1/492 501/1/492 502/1/492 500/1/492
f 501/1/493 503/1/493 504/1/493 502/1/493
f 503/1/494 505/1/494 506/1/494 504/1/494
f 505/1/495 507/1/495 508/1/495 506/1/495
f 507/1/496 509/1/496 510/1/496 508/1/496
f 509/1/497 511/1/497 512/1/497 510/1/497
f 511/1/498 513/1/498 514/1/498 512/1/498
f 513/1/499 515/1/499 516/1/499 514/1/499
f 515/1/500 517/1/500 518/1/500 516/1/500
f 517/1/501 519/1/501 520/1/501 518/1/501
f 519/1/502 521/1/502 522/1/502 520/1/502
f 521/1/503 523/1/503 524/1/503 522/1/503
f 523/1/504 525/1/504 526/1/504 524/1/504
f 525/1/505 527/1/505 528/1/505 526/1/505
f 527/1/506 529/1/506 530/1/506 528/1/506
f 529/1/507 531/1/507 532/1/507 530/1/507
f 531/1/508 533/1/508 534/1/508 532/1/508
f 533/1/509 535/1/509 536/1/509 534/1/509
f 535/1/510 537/1/510 538/1/510 536/1/510
f 537/1/511 539/1/511 540/1/511 538/1/511
f 539/1/512 541/1/512 542/1/512 540/1/512
f 541/1/513 543/1/513 544/1/513 542/1/513
f 543/1/514 545/1/514 546/1/514 544/1/514
f 545/1/515 547/1/515 548/1/515 546/1/515
f 547/1/516 549/1/516 550/1/516 548/1/516
f 549/1/517 551/1/517 552/1/517 550/1/517
f 551/1/518 553/1/518 554/1/518 552/1/518
f 553/1/519 555/1/519 556/1/519 554/1/519
f 555/1/520 557/1/520 558/1/520 556/1/520
f 557/1/521 559/1/521 560/1/521 558/1/521
f 559/1/522 561/1/522 562/1/522 560/1/522
f 561/1/523 483/1/523 486/1/523 562/1/523
f 486/1/524 485/1/524 563/1/524 564/1/524
f 485/1/525 488/1/525 565/1/525 563/1/525
f 488/1/526 490/1/526 566/1/526 565/1/526
f 490/1/527 492/1/527 567/1/527 566/1/527
f 492/1/528 494/1/528 568/1/528 567/1/528
f 494/1/529 496/1/529 569/1/529 568/1/529
f 496/1/530 498/1/530 570/1/530 569/1/530
f 498/1/531 500/1/531 571/1/531 570/1/531
f 500/1/532 502/1/532 572/1/532 571/1/532
f 502/1/533 504/1/533 573/1/533 572/1/533
f 504/1/534 506/1/534 574/1/534 573/1/534
f 506/1/535 508/1/535 575/1/535 574/1/535
f 508/1/536 510/1/536 576/1/536 575/1/536
f 510/1/537 512/1/537 577/1/537 576/1/537
f 512/1/538 514/1/538 578/1/538 577/1/538
f 514/1/539 516/1/539 579/1/539 578/1/539
f 516/1/540 518/1/540 580/1/540 579/1/540
f 518/1/541 520/1/541 581/1/541 580/1/541
f 520/1/542 522/1/542 582/1/542 581/1/542
f 522/1/543 524/1/543 583/1/543 582/1/543
f 524/1/544 526/1/544 584/1/544 583/1/544
f 526/1/545 528/1/545 585/1/545 584/1/545
f 528/1/546 530/1/546 586/1/546 585/1/546
f 530/1/547 532/1/547 587/1/547 586/1/547
f 532/1/548 534/1/548 588/1/548 587/1/548
f 534/1/549 536/1/549 589/1/549 588/1/549
f 536/1/550 538/1/550 590/1/550 589/1/550
f 538/1/551 540/1/551 591/1/551 590/1/551
f 540/1/552 542/1/552 592/1/552 591/1/552
f 542/1/553 544/1/553 593/1/553 592/1/553
f 544/1/554 546/1/554 594/1/554 593/1/554
f 546/1/555 548/1/555 595/1/555 594/1/555
f 548/1/556 550/1/556 596/1/556 595/1/556
f 550/1/557 552/1/557 597/1/557 596/1/557
f 552/1/558 554/1/558 598/1/558 597/1/558
f 554/1/559 556/1/559 599/1/559 598/1/559
f 556/1/560 558/1/560 600/1/560 599/1/560
f 558/1/561 560/1/561 601/1/561 600/1/561
f 560/1/562 562/1/562 602/1/562 601/1/562
f 562/1/563 486/1/563 564/1/563 602/1/563
f 564/1/564 563/1/564 603/1/564 604/1/564
f 563/1/565 565/1/565 605/1/565 603/1/565
f 565/1/566 566/1/566 606/1/566 605/1/566
f 566/1/567 567/1/567 607/1/567 606/1/567
f 567/1/568 568/1/568 608/1/568 607/1/568
f 568/1/569 569/1/569 609/1/569 608/1/569
f 569/1/570 570/1/570 610/1/570 609/1/570
f 570/1/571 571/1/571 611/1/571 610/1/571
f 571/1/572 572/1/572 612/1/572 611/1/572
f 572/1/573 573/1/573 613/1/573 612/1/573
f 573/1/574 574/1/574 614/1/574 613/1/574
f 574/1/575 575/1/575 615/1/575 614/1/575
f 575/1/576 576/1/576 616/1/576 615/1/576
f 576/1/577 577/1/577 617/1/577 616/1/577
f 577/1/578 578/1/578 618/1/578 617/1/578
f 578/1/579 579/1/579 619/1/579 618/1/579
f 579/1/580 580/1/580 620/1/580 619/1/580
f 580/1/581 581/1/581 621/1/581 620/1/581
f 581/1/582 582/1/582 622/1/582 621/1/582
f 582/1/583 583/1/583 623/1/583 622/1/583
f 583/1/584 584/1/584 624/1/584 623/1/584
f 584/1/585 585/1/585 625/1/585 624/1/585
f 585/1/586 586/1/586 626/1/586 625/1/586
f 586/1/587 587/1/587 627/1/587 626/1/587
f 587/1/588 588/1/588 628/1/588 627/1/588
f 588/1/589 589/1/589 629/1/589 628/1/589
f 589/1/590 590/1/590 630/1/590 629/1/590
f 590/1/591 591/1/591 631/1/591 630/1/591
f 591/1/592 592/1/592 632/1/592 631/1/592
f 592/1/593 593/1/593 633/1/593 632/1/593
f 593/1/594 594/1/594 634/1/594 633/1/594
f 594/1/595 595/1/595 635/1/595 634/1/595
f 595/1/596 596/1/596 636/1/596 635/1/596
f 596/1/597 597/1/597 637/1/597 636/1/597
f 597/1/598 598/1/598 638/1/598 637/1/598
f 598/1/599 599/1/599 639/1/599 638/1/599
f 599/1/600 600/1/600 640/1/600 639/1/600
f 600/1/601 601/1/601 641/1/601 640/1/601
f 601/1/602 602/1/602 642/1/602 641/1/602
f 602/1/603 564/1/603 604/1/603 642/1/603
f 643/1/604 644/1/604 645/1/604 646/1/604
f 644/1/605 647/1/605 648/1/605 645/1/605
f 647/1/606 649/1/606 650/1/606 648/1/606
f 649/1/607 651/1/607 652/1/607 650/1/607
f 651/1/608 653/1/608 654/1/608 652/1/608
f 653/1/609 655/1/609 656/1/609 654/1/609
f 655/1/610 657/1/610 658/1/610 656/1/610
f 657/1/611 659/1/611 660/1/611 658/1/611
f 659/1/612 661/1/612 662/1/612 660/1/612
f 661/1/613 663/1/613 664/1/613 662/1/613
f 663/1/614 665/1/614 666/1/614 664/1/614
f 665/1/615 667/1/615 668/1/615 666/1/615
f 667/1/616 669/1/616 670/1/616 668/1/616
f 669/1/617 671/1/617 672/1/617 670/1/617
f 671/1/618 673/1/618 674/1/618 672/1/618
f 673/1/619 675/1/619 676/1/619 674/1/619
f 675/1/620 677/1/620 678/1/620 676/1/620
f 677/1/621 679/1/621 680/1/621 678/1/621
f 679/1/622 681/1/622 682/1/622 680/1/622
f 681/1/623 683/1/623 684/1/623 682/1/623
f 683/1/624 685/1/624 686/1/624 684/1/624
f 685/1/625 687/1/625 688/1/625 686/1/625
f 687/1/626 689/1/626 690/1/626 688/1/626
f 689/1/627 691/1/627 692/1/627 690/1/627
f 691/1/628 693/1/628 694/1/628 692/1/628
f 693/1/629 695/1/629 696/1/629 694/1/629
f 695/1/630 697/1/630 698/1/630 696/1/630
f 697/1/631 699/1/631 700/1/631 698/1/631
f 699/1/632 701/1/632 702/1/632 700/1/632
f 701/1/633 703/1/633 704/1/633 702/1/633
f 703/1/634 705/1/634 706/1/634 704/1/634
f 705/1/635 707/1/635 708/1/635 706/1/635
f 707/1/636 709/1/636 710/1/636 708/1/636
f 709/1/637 711/1/637 712/1/637 710/1/637
f 711/1/638 713/1/638 714/1/638 712/1/638
f 713/1/639 715/1/639 716/1/639 714/1/639
f 715/1/640 717/1/640 718/1/640 716/1/640
f 717/1/641 719/1/641 720/1/641 718/1/641
f 719/1/642 721/1/642 722/1/642 720/1/642
f 721/1/643 643/1/643 646/1/643 722/1/643
f 646/1/644 645/1/644 723/1/644 724/1/644
f 645/1/645 648/1/645 725/1/645 723/1/645
f 648/1/646 650/1/646 726/1/646 725/1/646
f 650/1/647 652/1/647 727/1/647 726/1/647
f 652/1/648 654/1/648 728/1/648 727/1/648
f 654/1/649 656/1/649 729/1/649 728/1/649
f 656/1/650 658/1/650 730/1/650 729/1/650
f 658/1/651 660/1/651 731/1/651 730/1/651
f 660/1/652 662/1/652 732/1/652 731/1/652
f 662/1/653 664/1/653 733/1/653 732/1/653
f 664/1/654 666/1/654 734/1/654 733/1/654
f 666/1/655 668/1/655 735/1/655 734/1/655
f 668/1/656 670/1/656 736/1/656 735/1/656
f 670/1/657 672/1/657 737/1/657 736/1/657
f 672/1/658 674/1/658 738/1/658 737/1/658
f 674/1/659 676/1/659 739/1/659 738/1/659
f 676/1/660 678/1/660 740/1/660 739/1/660
f 678/1/661 680/1/661 741/1/661 740/1/661
f 680/1/662 682/1/662 742/1/662 741/1/662
f 682/1/663 684/1/663 743/1/663 742/1/663
f 684/1/664 686/1/664 744/1/664 743/1/664
f 686/1/665 688/1/665 745/1/665 744/1/665
f 688/1/666 690/1/666 746/1/666 745/1/666
f 690/1/667 692/1/667 747/1/667 746/1/667
f 692/1/668 694/1/668 748/1/668 747/1/668
f 694/1/669 696/1/669 749/1/669 748/1/669
f 696/1/670 698/1/670 750/1/670 749/1/670
f 698/1/671 700/1/671 751/1/671 750/1/671
f 700/1/672 702/1/672 752/1/672 751/1/672
f 702/1/673 704/1/673 753/1/673 752/1/673
f 704/1/674 706/1/674 754/1/674 753/1/674
f 706/1/675 708/1/675 755/1/675 754/1/675
f 708/1/676 710/1/676 756/1/676 755/1/676
f 710/1/677 712/1/677 757/1/677 756/1/677
f 712/1/678 714/1/678 758/1/678 757/1/678
f 714/1/679 716/1/679 759/1/679 758/1/679
f 716/1/680 718/1/680 760/1/680 759/1/680
f 718/1/681 720/1/681 761/1/681 760/1/681
f 720/1/682 722/1/682 762/1/682 761/1/682
f 722/1/683 646/1/683 724/1/683 762/1/683
f 724/1/684 723/1/684 763/1/684 764/1/684
f 723/1/685 725/1/685 765/1/685 763/1/685
f 725/1/686 726/1/686 766/1/686 765/1/686
f 726/1/687 727/1/687 767/1/687 766/1/687
f 727/1/688 728/1/688 768/1/688 767/1/688
f 728/1/689 729/1/689 769/1/689 768/1/689
f 729/1/690 730/1/690 770/1/690 769/1/690
f 730/1/691 731/1/691 771/1/691 770/1/691
f 731/1/692 732/1/692 772/1/692 771/1/692
f 732/1/693 733/1/693 773/1/693 772/1/693
f 733/1/694 734/1/694 774/1/694 773/1/694
f 734/1/695 735/1/695 775/1/695 774/1/695
f 735/1/696 736/1/696 776/1/696 775/1/696
f 736/1/697 737/1/697 777/1/697 776/1/697
f 737/1/698 738/1/698 778/1/698 777/1/698
f 738/1/699 739/1/699 779/1/699 778/1/699
f 739/1/700 740/1/700 780/1/700 779/1/700
f 740/1/701 741/1/701 781/1/701 780/1/701
f 741/1/702 742/1/702 782/1/702 781/1/702
f 742/1/703 743/1/703 783/1/703 782/1/703
f 743/1/704 744/1/704 784/1/704 783/1/704
f 744/1/705 745/1/705 785/1/705 784/1/705
f 745/1/706 746/1/706 786/1/706 785/1/706
f 746/1/707 747/1/707 787/1/707 786/1/707
f 747/1/708 748/1/708 788/1/708 787/1/708
f 748/1/709 749/1/709 789/1/709 788/1/709
f 749/1/710 750/1/710 790/1/710 789/1/710
f 750/1/711 751/1/711 791/1/711 790/1/711
f 751/1/712 752/1/712 792/1/712 791/1/712
f 752/1/713 753/1/713 793/1/713 792/1/713
f 753/1/714 754/1/714 794/1/714 793/1/714
f 754/1/715 755/1/715 795/1/715 794/1/715
f 755/1/716 756/1/716 796/1/716 795/1/716
f 756/1/717 757/1/717 797/1/717 796/1/717
f 757/1/718 758/1/718 798/1/718 797/1/718
f 758/1/719 759/1/719 799/1/719 798/1/719
f 759/1/720 760/1/720 800/1/720 799/1/720
f 760/1/721 761/1/721 801/1/721 800/1/721
f 761/1/722 762/1/722 802/1/722 801/1/722
f 762/1/723 724/1/723 764/1/723 802/1/723
f 803/1/724 804/1/724 805/1/724 806/1/724
f 804/1/725 807/1/725 808/1/725 805/1/725
f 807/1/726 809/1/726 810/1/726 808/1/726
f 809/1/727 811/1/727 812/1/727 810/1/727
f 811/1/728 813/1/728 814/1/728 812/1/728
f 813/1/729 815/1/729 816/1/729 814/1/729
f 815/1/730 817/1/730 818/1/730 816/1/730
f 817/1/731 819/1/731 820/1/731 818/1/731
f 819/1/732 821/1/732 822/1/732 820/1/732
f 821/1/733 823/1/733 824/1/733 822/1/733
f 823/1/734 825/1/734 826/1/734 824/1/734
f 825/1/735 827/1/735 828/1/735 826/1/735
f 827/1/736 829/1/736 830/1/736 828/1/736
f 829/1/737 831/1/737 832/1/737 830/1/737
f 831/1/738 833/1/738 834/1/738 832/1/738
f 833/1/739 835/1/739 836/1/739 834/1/739
f 835/1/740 837/1/740 838/1/740 836/1/740
f 837/1/741 839/1/741 840/1/741 838/1/741
f 839/1/742 841/1/742 842/1/742 840/1/742
f 841/1/743 843/1/743 844/1/743 842/1/743
f 843/1/744 845/1/744 846/1/744 844/1/744
f 845/1/745 847/1/745 848/1/745 846/1/745
f 847/1/746 849/1/746 850/1/746 848/1/746
f 849/1/747 851/1/747 852/1/747 850/1/747
f 851/1/748 853/1/748 854/1/748 852/1/748
f 853/1/749 855/1/749 856/1/749 854/1/749
f 855/1/750 857/1/750 858/1/750 856/1/750
f 857/1/751 859/1/751 860/1/751 858/1/751
f 859/1/752 861/1/752 862/1/752 860/1/752
f 861/1/753 863/1/753 864/1/753 862/1/753
f 863/1/754 865/1/754 866/1/754 864/1/754
f 865/1/755 867/1/755 868/1/755 866/1/755
f 867/1/756 869/1/756 870/1/756 868/1/756
f 869/1/757 871/1/757 872/1/757 870/1/757
f 871/1/758 873/1/758 874/1/758 872/1/758
f 873/1/759 875/1/759 876/1/759 874/1/759
f 875/1/760 877/1/760 878/1/760 876/1/760
f 877/1/761 879/1/761 880/1/761 878/1/761
f 879/1/762 881/1/762 882/1/762 880/1/762
f 881/1/763 803/1/763 806/1/763 882/1/763
f 806/1/764 805/1/764 883/1/764 884/1/764
f 805/1/765 808/1/765 885/1/765 883/1/765
f 808/1/766 810/1/766 886/1/766 885/1/766
f 810/1/767 812/1/767 887/1/767 886/1/767
f 812/1/768 814/1/768 888/1/768 887/1/768
f 814/1/769 816/1/769 889/1/769 888/1/769
f 816/1/770 818/1/770 890/1/770 889/1/770
f 818/1/771 820/1/771 891/1/771 890/1/771
f 820/1/772 822/1/772 892/1/772 891/1/772
f 822/1/773 824/1/773 893/1/773 892/1/773
f 824/1/774 826/1/774 894/1/774 893/1/774
f 826/1/775 828/1/775 895/1/775 894/1/775
f 828/1/776 830/1/776 896/1/776 895/1/776
f 830/1/777 832/1/777 897/1/777 896/1/777
f 832/1/778 834/1/778 898/1/778 897/1/778
f 834/1/779 836/1/779 899/1/779 898/1/779
f 836/1/780 838/1/780 900/1/780 899/1/780
f 838/1/781 840/1/781 901/1/781 900/1/781
f 840/1/782 842/1/782 902/1/782 901/1/782
f 842/1/783 844/1/783 903/1/783 902/1/783
f 844/1/784 846/1/784 904/1/784 903/1/784
f 846/1/785 848/1/785 905/1/785 904/1/785
f 848/1/786 850/1/786 906/1/786 905/1/786
f 850/1/787 852/1/787 907/1/787 906/1/787
f 852/1/788 854/1/788 908/1/788 907/1/788
f 854/1/789 856/1/789 909/1/789 908/1/789
f 856/1/790 858/1/790 910/1/790 909/1/790
f 858/1/791 860/1/791 911/1/791 910/1/791
f 860/1/792 862/1/792 912/1/792 911/1/792
f 862/1/793 864/1/793 913/1/793 912/1/793
f 864/1/794 866/1/794 914/1/794 913/1/794
f 866/1/795 868/1/795 915/1/795 914/1/795
f 868/1/796 870/1/796 916/1/796 915/1/796
f 870/1/797 872/1/797 917/1/797 916/1/797
f 872/1/798 874/1/798 918/1/798 917/1/798
f 874/1/799 876/1/799 919/1/799 918/1/799
f 876/1/800 878/1/800 920/1/800 919/1/800
f 878/1/801 880/1/801 921/1/801 920/1/801
f 880/1/802 882/1/802 922/1/802 921/1/802
f 882/1/803 806/1/803 884/1/803 922/1/803
f 884/1/804 883/1/804 923/1/804 924/1/804
f 883/1/805 885/1/805 925/1/805 923/1/805
f 885/1/806 886/1/806 926/1/806 925/1/806
f 886/1/807 887/1/807 927/1/807 926/1/807
f 887/1/808 888/1/808 928/1/808 927/1/808
f 888/1/809 889/1/809 929/1/809 928/1/809
f 889/1/810 890/1/810 930/1/810 929/1/810
f 890/1/811 891/1/811 931/1/811 930/1/811
f 891/1/812 892/1/812 932/1/812 931/1/812
f 892/1/813 893/1/813 933/1/813 932/1/813
f 893/1/814 894/1/814 934/1/814 933/1/814
f 894/1/815 895/1/815 935/1/815 934/1/815
f 895/1/816 896/1/816 936/1/816 935/1/816
f 896/1/817 897/1/817 937/1/817 936/1/817
f 897/1/818 898/1/818 938/1/818 937/1/818
f 898/1/819 899/1/819 939/1/819 938/1/819
f 899/1/820 900/1/820 940/1/820 939/1/820
f 900/1/821 901/1/821 941/1/821 940/1/821
f 901/1/822 902/1/822 942/1/822 941/1/822
f 902/1/823 903/1/823 943/1/823 942/1/823
f 903/1/824 904/1/824 944/1/824 943/1/824
f 904/1/825 905/1/825 945/1/825 944/1/825
f 905/1/826 906/1/826 946/1/826 945/1/826
f 906/1/827 907/1/827 947/1/827 946/1/827
f 907/1/828 908/1/828 948/1/828 947/1/828
f 908/1/829 909/1/829 949/1/829 948/1/829
f 909/1/830 910/1/830 950/1/830 949/1/830
f 910/1/831 911/1/831 951/1/831 950/1/831
f 911/1/832 912/1/832 952/1/832 951/1/832
f 912/1/833 913/1/833 953/1/833 952/1/833
f 913/1/834 914/1/834 954/1/834 953/1/834
f 914/1/835 915/1/835 955/1/835 954/1/835
f 915/1/836 916/1/836 956/1/836 955/1/836
f 916/1/837 917/1/837 957/1/837 956/1/837
f 917/1/838 918/1/838 958/1/838 957/1/838
f 918/1/839 919/1/839 959/1/839 958/1/839
f 919/1/840 920/1/840 960/1/840 959/1/840
f 920/1/841 921/1/841 961/1/841 960/1/841
f 921/1/842 922/1/842 962/1/842 961/1/842
f 922/1/843 884/1/843 924/1/843 962/1/843
g core_cage
usemtl obsidian
f 963/1/844 964/1/844 965/1/844 966/1/844
f 964/1/845 967/1/845 968/1/845 965/1/845
f 967/1/846 969/1/846 970/1/846 968/1/846
f 969/1/847 971/1/847 972/1/847 970/1/847
f 971/1/848 973/1/848 974/1/848 972/1/848
f 973/1/849 975/1/849 976/1/849 974/1/849
f 975/1/850 977/1/850 978/1/850 976/1/850
f 977/1/851 979/1/851 980/1/851 978/1/851
f 979/1/852 981/1/852 982/1/852 980/1/852
f 981/1/853 983/1/853 984/1/853 982/1/853
f 983/1/854 985/1/854 986/1/854 984/1/854
f 985/1/855 987/1/855 988/1/855 986/1/855
f 987/1/856 989/1/856 990/1/856 988/1/856
f 989/1/857 991/1/857 992/1/857 990/1/857
f 991/1/858 993/1/858 994/1/858 992/1/858
f 993/1/859 995/1/859 996/1/859 994/1/859
f 995/1/860 997/1/860 998/1/860 996/1/860
f 997/1/861 999/1/861 1000/1/861 998/1/861
f 999/1/862 1001/1/862 1002/1/862 1000/1/862
f 1001/1/863 1003/1/863 1004/1/863 1002/1/863
f 1003/1/864 1005/1/864 1006/1/864 1004/1/864
f 1005/1/865 1007/1/865 1008/1/865 1006/1/865
f 1007/1/866 1009/1/866 1010/1/866 1008/1/866
f 1009/1/867 1011/1/867 1012/1/867 1010/1/867
f 1011/1/868 1013/1/868 1014/1/868 1012/1/868
f 1013/1/869 1015/1/869 1016/1/869 1014/1/869
f 1015/1/870 1017/1/870 1018/1/870 1016/1/870
f 1017/1/871 1019/1/871 1020/1/871 1018/1/871
f 1019/1/872 1021/1/872 1022/1/872 1020/1/872
f 1021/1/873 1023/1/873 1024/1/873 1022/1/873
f 1023/1/874 1025/1/874 1026/1/874 1024/1/874
f 1025/1/875 1027/1/875 1028/1/875 1026/1/875
f 1027/1/876 1029/1/876 1030/1/876 1028/1/876
f 1029/1/877 1031/1/877 1032/1/877 1030/1/877
f 1031/1/878 1033/1/878 1034/1/878 1032/1/878
f 1033/1/879 963/1/879 966/1/879 1034/1/879
f 966/1/880 965/1/880 1035/1/880 1036/1/880
f 965/1/881 968/1/881 1037/1/881 1035/1/881
f 968/1/882 970/1/882 1038/1/882 1037/1/882
f 970/1/883 972/1/883 1039/1/883 1038/1/883
f 972/1/884 974/1/884 1040/1/884 1039/1/884
f 974/1/885 976/1/885 1041/1/885 1040/1/885
f 976/1/886 978/1/886 1042/1/886 1041/1/886
f 978/1/887 980/1/887 1043/1/887 1042/1/887
f 980/1/888 982/1/888 1044/1/888 1043/1/888
f 982/1/889 984/1/889 1045/1/889 1044/1/889
f 984/1/890 986/1/890 1046/1/890 1045/1/890
f 986/1/891 988/1/891 1047/1/891 1046/1/891
f 988/1/892 990/1/892 1048/1/892 1047/1/892
f 990/1/893 992/1/893 1049/1/893 1048/1/893
f 992/1/894 994/1/894 1050/1/894 1049/1/894
f 994/1/895 996/1/895 1051/1/895 1050/1/895
f 996/1/896 998/1/896 1052/1/896 1051/1/896
f 998/1/897 1000/1/897 1053/1/897 1052/1/897
f 1000/1/898 1002/1/898 1054/1/898 1053/1/898
f 1002/1/899 1004/1/899 1055/1/899 1054/1/899
f 1004/1/900 1006/1/900 1056/1/900 1055/1/900
f 1006/1/901 1008/1/901 1057/1/901 1056/1/901
f 1008/1/902 1010/1/902 1058/1/902 1057/1/902
f 1010/1/903 1012/1/903 1059/1/903 1058/1/903
f 1012/1/904 1014/1/904 1060/1/904 1059/1/904
f 1014/1/905 1016/1/905 1061/1/905 1060/1/905
f 1016/1/906 1018/1/906 1062/1/906 1061/1/906
f 1018/1/907 1020/1/907 1063/1/907 1062/1/907
f 1020/1/908 1022/1/908 1064/1/908 1063/1/908
f 1022/1/909 1024/1/909 1065/1/909 1064/1/909
f 1024/1/910 1026/1/910 1066/1/910 1065/1/910
f 1026/1/911 1028/1/911 1067/1/911 1066/1/911
f 1028/1/912 1030/1/912 1068/1/912 1067/1/912
f 1030/1/913 1032/1/913 1069/1/913 1068/1/913
f 1032/1/914 1034/1/914 1070/1/914 1069/1/914
f 1034/1/915 966/1/915 1036/1/915 1070/1/915
f 1036/1/916 1035/1/916 1071/1/916 1072/1/916
f 1035/1/917 1037/1/917 1073/1/917 1071/1/917
f 1037/1/918 1038/1/918 1074/1/918 1073/1/918
f 1038/1/919 1039/1/919 1075/1/919 1074/1/919
f 1039/1/920 1040/1/920 1076/1/920 1075/1/920
f 1040/1/921 1041/1/921 1077/1/921 1076/1/921
f 1041/1/922 1042/1/922 1078/1/922 1077/1/922
f 1042/1/923 1043/1/923 1079/1/923 1078/1/923
f 1043/1/924 1044/1/924 1080/1/924 1079/1/924
f 1044/1/925 1045/1/925 1081/1/925 1080/1/925
f 1045/1/926 1046/1/926 1082/1/926 1081/1/926
f 1046/1/927 1047/1/927 1083/1/927 1082/1/927
f 1047/1/928 1048/1/928 1084/1/928 1083/1/928
f 1048/1/929 1049/1/929 1085/1/929 1084/1/929
f 1049/1/930 1050/1/930 1086/1/930 1085/1/930
f 1050/1/931 1051/1/931 1087/1/931 1086/1/931
f 1051/1/932 1052/1/932 1088/1/932 1087/1/932
f 1052/1/933 1053/1/933 1089/1/933 1088/1/933
f 1053/1/934 1054/1/934 1090/1/934 1089/1/934
f 1054/1/935 1055/1/935 1091/1/935 1090/1/935
f 1055/1/936 1056/1/936 1092/1/936 1091/1/936
f 1056/1/937 1057/1/937 1093/1/937 1092/1/937
f 1057/1/938 1058/1/938 1094/1/938 1093/1/938
f 1058/1/939 1059/1/939 1095/1/939 1094/1/939
f 1059/1/940 1060/1/940 1096/1/940 1095/1/940
f 1060/1/941 1061/1/941 1097/1/941 1096/1/941
f 1061/1/942 1062/1/942 1098/1/942 1097/1/942
f 1062/1/943 1063/1/943 1099/1/943 1098/1/943
f 1063/1/944 1064/1/944 1100/1/944 1099/1/944
f 1064/1/945 1065/1/945 1101/1/945 1100/1/945
f 1065/1/946 1066/1/946 1102/1/946 1101/1/946
f 1066/1/947 1067/1/947 1103/1/947 1102/1/947
f 1067/1/948 1068/1/948 1104/1/948 1103/1/948
f 1068/1/949 1069/1/949 1105/1/949 1104/1/949
f 1069/1/950 1070/1/950 1106/1/950 1105/1/950
f 1070/1/951 1036/1/951 1072/1/951 1106/1/951
f 1107/1/952 1108/1/952 1109/1/952 1110/1/952
f 1108/1/953 1111/1/953 1112/1/953 1109/1/953
f 1111/1/954 1113/1/954 1114/1/954 1112/1/954
f 1113/1/955 1115/1/955 1116/1/955 1114/1/955
f 1115/1/956 1117/1/956 1118/1/956 1116/1/956
f 1117/1/957 1119/1/957 1120/1/957 1118/1/957
f 1119/1/958 1121/1/958 1122/1/958 1120/1/958
f 1121/1/959 1123/1/959 1124/1/959 1122/1/959
f 1123/1/960 1125/1/960 1126/1/960 1124/1/960
f 1125/1/961 1127/1/961 1128/1/961 1126/1/961
f 1127/1/962 1129/1/962 1130/1/962 1128/1/962
f 1129/1/963 1131/1/963 1132/1/963 1130/1/963
f 1131/1/964 1133/1/964 1134/1/964 1132/1/964
f 1133/1/965 1135/1/965 1136/1/965 1134/1/965
f 1135/1/966 1137/1/966 1138/1/966 1136/1/966
f 1137/1/967 1139/1/967 1140/1/967 1138/1/967
f 1139/1/968 1141/1/968 1142/1/968 1140/1/968
f 1141/1/969 1143/1/969 1144/1/969 1142/1/969
f 1143/1/970 1145/1/970 1146/1/970 1144/1/970
f 1145/1/971 1147/1/971 1148/1/971 1146/1/971
f 1147/1/972 1149/1/972 1150/1/972 1148/1/972
f 1149/1/973 1151/1/973 1152/1/973 1150/1/973
f 1151/1/974 1153/1/974 1154/1/974 1152/1/974
f 1153/1/975 1155/1/975 1156/1/975 1154/1/975
f 1155/1/976 1157/1/976 1158/1/976 1156/1/976
f 1157/1/977 1159/1/977 1160/1/977 1158/1/977
f 1159/1/978 1161/1/978 1162/1/978 1160/1/978
f 1161/1/979 1163/1/979 1164/1/979 1162/1/979
f 1163/1/980 1165/1/980 1166/1/980 1164/1/980
f 1165/1/981 1167/1/981 1168/1/981 1166/1/981
f 1167/1/982 1169/1/982 1170/1/982 1168/1/982
f 1169/1/983 1171/1/983 1172/1/983 1170/1/983
f 1171/1/984 1173/1/984 1174/1/984 1172/1/984
f 1173/1/985 1175/1/985 1176/1/985 1174/1/985
f 1175/1/986 1177/1/986 1178/1/986 1176/1/986
f 1177/1/987 1107/1/987 1110/1/987 1178/1/987
f 1110/1/988 1109/1/988 1179/1/988 1180/1/988
f 1109/1/989 1112/1/989 1181/1/989 1179/1/989
f 1112/1/990 1114/1/990 1182/1/990 1181/1/990
f 1114/1/991 1116/1/991 1183/1/991 1182/1/991
f 1116/1/992 1118/1/992 1184/1/992 1183/1/992
f 1118/1/993 1120/1/993 1185/1/993 1184/1/993
f 1120/1/994 1122/1/994 1186/1/994 1185/1/994
f 1122/1/995 1124/1/995 1187/1/995 1186/1/995
f 1124/1/996 1126/1/996 1188/1/996 1187/1/996
f 1126/1/997 1128/1/997 1189/1/997 1188/1/997
f 1128/1/998 1130/1/998 1190/1/998 1189/1/998
f 1130/1/999 1132/1/999 1191/1/999 1190/1/999
f 1132/1/1000 1134/1/1000 1192/1/1000 1191/1/1000
f 1134/1/1001 1136/1/1001 1193/1/1001 1192/1/1001
f 1136/1/1002 1138/1/1002 1194/1/1002 1193/1/1002
f 1138/1/1003 1140/1/1003 1195/1/1003 1194/1/1003
f 1140/1/1004 1142/1/1004 1196/1/1004 1195/1/1004
f 1142/1/1005 1144/1/1005 1197/1/1005 1196/1/1005
f 1144/1/1006 1146/1/1006 1198/1/1006 1197/1/1006
f 1146/1/1007 1148/1/1007 1199/1/1007 1198/1/1007
f 1148/1/1008 1150/1/1008 1200/1/1008 1199/1/1008
f 1150/1/1009 1152/1/1009 1201/1/1009 1200/1/1009
f 1152/1/1010 1154/1/1010 1202/1/1010 1201/1/1010
f 1154/1/1011 1156/1/1011 1203/1/1011 1202/1/1011
f 1156/1/1012 1158/1/1012 1204/1/1012 1203/1/1012
f 1158/1/1013 1160/1/1013 1205/1/1013 1204/1/1013
f 1160/1/1014 1162/1/1014 1206/1/1014 1205/1/1014
f 1162/1/1015 1164/1/1015 1207/1/1015 1206/1/1015
f 1164/1/1016 1166/1/1016 1208/1/1016 1207/1/1016
f 1166/1/1017 1168/1/1017 1209/1/1017 1208/1/1017
f 1168/1/1018 1170/1/1018 1210/1/1018 1209/1/1018
f 1170/1/1019 1172/1/1019 1211/1/1019 1210/1/1019
f 1172/1/1020 1174/1/1020 1212/1/1020 1211/1/1020
f 1174/1/1021 1176/1/1021 1213/1/1021 1212/1/1021
f 1176/1/1022 1178/1/1022 1214/1/1022 1213/1/1022
f 1178/1/1023 1110/1/1023 1180/1/1023 1214/1/1023
f 1180/1/1024 1179/1/1024 1215/1/1024 1216/1/1024
f 1179/1/1025 1181/1/1025 1217/1/1025 1215/1/1025
f 1181/1/1026 1182/1/1026 1218/1/1026 1217/1/1026
f 1182/1/1027 1183/1/1027 1219/1/1027 1218/1/1027
f 1183/1/1028 1184/1/1028 1220/1/1028 1219/1/1028
f 1184/1/1029 1185/1/1029 1221/1/1029 1220/1/1029
f 1185/1/1030 1186/1/1030 1222/1/1030 1221/1/1030
f 1186/1/1031 1187/1/1031 1223/1/1031 1222/1/1031
f 1187/1/1032 1188/1/1032 1224/1/1032 1223/1/1032
f 1188/1/1033 1189/1/1033 1225/1/1033 1224/1/1033
f 1189/1/1034 1190/1/1034 1226/1/1034 1225/1/1034
f 1190/1/1035 1191/1/1035 1227/1/1035 1226/1/1035
f 1191/1/1036 1192/1/1036 1228/1/1036 1227/1/1036
f 1192/1/1037 1193/1/1037 1229/1/1037 1228/1/1037
f 1193/1/1038 1194/1/1038 1230/1/1038 1229/1/1038
f 1194/1/1039 1195/1/1039 1231/1/1039 1230/1/1039
f 1195/1/1040 1196/1/1040 1232/1/1040 1231/1/1040
f 1196/1/1041 1197/1/1041 1233/1/1041 1232/1/1041
f 1197/1/1042 1198/1/1042 1234/1/1042 1233/1/1042
f 1198/1/1043 1199/1/1043 1235/1/1043 1234/1/1043
f 1199/1/1044 1200/1/1044 1236/1/1044 1235/1/1044
f 1200/1/1045 1201/1/1045 1237/1/1045 1236/1/1045
f 1201/1/1046 1202/1/1046 1238/1/1046 1237/1/1046
f 1202/1/1047 1203/1/1047 1239/1/1047 1238/1/1047
f 1203/1/1048 1204/1/1048 1240/1/1048 1239/1/1048
f 1204/1/1049 1205/1/1049 1241/1/1049 1240/1/1049
f 1205/1/1050 1206/1/1050 1242/1/1050 1241/1/1050
f 1206/1/1051 1207/1/1051 1243/1/1051 1242/1/1051
f 1207/1/1052 1208/1/1052 1244/1/1052 1243/1/1052
f 1208/1/1053 1209/1/1053 1245/1/1053 1244/1/1053
f 1209/1/1054 1210/1/1054 1246/1/1054 1245/1/1054
f 1210/1/1055 1211/1/1055 1247/1/1055 1246/1/1055
f 1211/1/1056 1212/1/1056 1248/1/1056 1247/1/1056
f 1212/1/1057 1213/1/1057 1249/1/1057 1248/1/1057
f 1213/1/1058 1214/1/1058 1250/1/1058 1249/1/1058
f 1214/1/1059 1180/1/1059 1216/1/1059 1250/1/1059
g shell_0_faceted_armor
f 1251/1/1060 1252/1/1061 1253/1/1062 1254/1/1063
f 1254/1/1063 1253/1/1062 1255/1/1064 1256/1/1065
f 1256/1/1065 1255/1/1064 1257/1/1066 1258/1/1067
f 1258/1/1067 1257/1/1066 1259/1/1068 1260/1/1069
f 1252/1/1061 1261/1/1070 1262/1/1071 1253/1/1062
f 1253/1/1062 1262/1/1071 1263/1/1072 1255/1/1064
f 1255/1/1064 1263/1/1072 1264/1/1073 1257/1/1066
f 1257/1/1066 1264/1/1073 1265/1/1074 1259/1/1068
f 1261/1/1070 1266/1/1075 1267/1/1076 1262/1/1071
f 1262/1/1071 1267/1/1076 1268/1/1077 1263/1/1072
f 1263/1/1072 1268/1/1077 1269/1/1078 1264/1/1073
f 1264/1/1073 1269/1/1078 1270/1/1079 1265/1/1074
f 1266/1/1075 1271/1/1080 1272/1/1081 1267/1/1076
f 1267/1/1076 1272/1/1081 1273/1/1082 1268/1/1077
f 1268/1/1077 1273/1/1082 1274/1/1083 1269/1/1078
f 1269/1/1078 1274/1/1083 1275/1/1084 1270/1/1079
f 1271/1/1080 1276/1/1085 1277/1/1086 1272/1/1081
f 1272/1/1081 1277/1/1086 1278/1/1087 1273/1/1082
f 1273/1/1082 1278/1/1087 1279/1/1088 1274/1/1083
f 1274/1/1083 1279/1/1088 1280/1/1089 1275/1/1084
f 1276/1/1085 1281/1/1090 1282/1/1091 1277/1/1086
f 1277/1/1086 1282/1/1091 1283/1/1092 1278/1/1087
f 1278/1/1087 1283/1/1092 1284/1/1093 1279/1/1088
f 1279/1/1088 1284/1/1093 1285/1/1094 1280/1/1089
f 1286/1/1095 1287/1/1096 1288/1/1097 1289/1/1098
f 1290/1/1099 1291/1/1100 1287/1/1096 1286/1/1095
f 1292/1/1101 1293/1/1102 1291/1/1100 1290/1/1099
f 1294/1/1103 1295/1/1104 1293/1/1102 1292/1/1101
f 1287/1/1096 1296/1/1105 1297/1/1106 1288/1/1097
f 1291/1/1100 1298/1/1107 1296/1/1105 1287/1/1096
f 1293/1/1102 1299/1/1108 1298/1/1107 1291/1/1100
f 1295/1/1104 1300/1/1109 1299/1/1108 1293/1/1102
f 1296/1/1105 1301/1/1110 1302/1/1111 1297/1/1106
f 1298/1/1107 1303/1/1112 1301/1/1110 1296/1/1105
f 1299/1/1108 1304/1/1113 1303/1/1112 1298/1/1107
f 1300/1/1109 1305/1/1114 1304/1/1113 1299/1/1108
f 1301/1/1110 1306/1/1115 1307/1/1116 1302/1/1111
f 1303/1/1112 1308/1/1117 1306/1/1115 1301/1/1110
f 1304/1/1113 1309/1/1118 1308/1/1117 1303/1/1112
f 1305/1/1114 1310/1/1119 1309/1/1118 1304/1/1113
f 1306/1/1115 1311/1/1120 1312/1/1121 1307/1/1116
f 1308/1/1117 1313/1/1122 1311/1/1120 1306/1/1115
f 1309/1/1118 1314/1/1123 1313/1/1122 1308/1/1117
f 1310/1/1119 1315/1/1124 1314/1/1123 1309/1/1118
f 1311/1/1120 1316/1/1125 1317/1/1126 1312/1/1121
f 1313/1/1122 1318/1/1127 1316/1/1125 1311/1/1120
f 1314/1/1123 1319/1/1128 1318/1/1127 1313/1/1122
f 1315/1/1124 1320/1/1129 1319/1/1128 1314/1/1123
usemtl armor_edge
f 1251/1/1130 1254/1/1130 1286/1/1130 1289/1/1130
f 1254/1/1131 1256/1/1131 1290/1/1131 1286/1/1131
f 1256/1/1130 1258/1/1130 1292/1/1130 1290/1/1130
f 1258/1/1131 1260/1/1131 1294/1/1131 1292/1/1131
f 1260/1/1132 1259/1/1132 1295/1/1132 1294/1/1132
f 1259/1/1132 1265/1/1132 1300/1/1132 1295/1/1132
f 1265/1/1132 1270/1/1132 1305/1/1132 1300/1/1132
f 1270/1/1132 1275/1/1132 1310/1/1132 1305/1/1132
f 1275/1/1132 1280/1/1132 1315/1/1132 1310/1/1132
f 1280/1/1132 1285/1/1132 1320/1/1132 1315/1/1132
f 1285/1/1133 1284/1/1133 1319/1/1133 1320/1/1133
f 1284/1/1133 1283/1/1133 1318/1/1133 1319/1/1133
f 1283/1/1134 1282/1/1134 1316/1/1134 1318/1/1134
f 1282/1/1134 1281/1/1134 1317/1/1134 1316/1/1134
f 1281/1/1135 1276/1/1135 1312/1/1135 1317/1/1135
f 1276/1/1135 1271/1/1135 1307/1/1135 1312/1/1135
f 1271/1/1135 1266/1/1135 1302/1/1135 1307/1/1135
f 1266/1/1135 1261/1/1135 1297/1/1135 1302/1/1135
f 1261/1/1135 1252/1/1135 1288/1/1135 1297/1/1135
f 1252/1/1135 1251/1/1135 1289/1/1135 1288/1/1135
f 1321/1/1136 1322/1/1137 1323/1/1138 1324/1/1139
f 1324/1/1139 1323/1/1138 1325/1/1140 1326/1/1141
f 1326/1/1141 1325/1/1140 1327/1/1142 1328/1/1143
f 1322/1/1137 1329/1/1144 1330/1/1145 1323/1/1138
f 1323/1/1138 1330/1/1145 1331/1/1146 1325/1/1140
f 1325/1/1140 1331/1/1146 1332/1/1147 1327/1/1142
f 1329/1/1144 1333/1/1148 1334/1/1149 1330/1/1145
f 1330/1/1145 1334/1/1149 1335/1/1150 1331/1/1146
f 1331/1/1146 1335/1/1150 1336/1/1151 1332/1/1147
f 1333/1/1148 1337/1/1152 1338/1/1153 1334/1/1149
f 1334/1/1149 1338/1/1153 1339/1/1154 1335/1/1150
f 1335/1/1150 1339/1/1154 1340/1/1155 1336/1/1151
usemtl obsidian
f 1341/1/1156 1342/1/1157 1343/1/1158 1344/1/1159
f 1345/1/1160 1346/1/1161 1342/1/1157 1341/1/1156
f 1347/1/1162 1348/1/1163 1346/1/1161 1345/1/1160
f 1342/1/1157 1349/1/1164 1350/1/1165 1343/1/1158
f 1346/1/1161 1351/1/1166 1349/1/1164 1342/1/1157
f 1348/1/1163 1352/1/1167 1351/1/1166 1346/1/1161
f 1349/1/1164 1353/1/1168 1354/1/1169 1350/1/1165
f 1351/1/1166 1355/1/1170 1353/1/1168 1349/1/1164
f 1352/1/1167 1356/1/1171 1355/1/1170 1351/1/1166
f 1353/1/1168 1357/1/1172 1358/1/1173 1354/1/1169
f 1355/1/1170 1359/1/1174 1357/1/1172 1353/1/1168
f 1356/1/1171 1360/1/1175 1359/1/1174 1355/1/1170
usemtl amethyst
f 1321/1/1176 1324/1/1176 1341/1/1176 1344/1/1176
f 1324/1/1177 1326/1/1177 1345/1/1177 1341/1/1177
f 1326/1/1177 1328/1/1177 1347/1/1177 1345/1/1177
f 1328/1/1178 1327/1/1178 1348/1/1178 1347/1/1178
f 1327/1/1178 1332/1/1178 1352/1/1178 1348/1/1178
f 1332/1/1178 1336/1/1178 1356/1/1178 1352/1/1178
f 1336/1/1178 1340/1/1178 1360/1/1178 1356/1/1178
f 1340/1/1179 1339/1/1179 1359/1/1179 1360/1/1179
f 1339/1/1179 1338/1/1179 1357/1/1179 1359/1/1179
f 1338/1/1180 1337/1/1180 1358/1/1180 1357/1/1180
f 1337/1/1181 1333/1/1181 1354/1/1181 1358/1/1181
f 1333/1/1181 1329/1/1181 1350/1/1181 1354/1/1181
f 1329/1/1181 1322/1/1181 1343/1/1181 1350/1/1181
f 1322/1/1181 1321/1/1181 1344/1/1181 1343/1/1181
usemtl violet
f 1361/1/1182 1362/1/1183 1363/1/1072 1364/1/1064
f 1364/1/1064 1363/1/1072 1365/1/1184 1366/1/1185
f 1362/1/1183 1367/1/1186 1368/1/1077 1363/1/1072
f 1363/1/1072 1368/1/1077 1369/1/1187 1365/1/1184
f 1367/1/1186 1370/1/1188 1371/1/1082 1368/1/1077
f 1368/1/1077 1371/1/1082 1372/1/1189 1369/1/1187
f 1370/1/1188 1373/1/1190 1374/1/1087 1371/1/1082
f 1371/1/1082 1374/1/1087 1375/1/1191 1372/1/1189
g shell_1_faceted_armor
usemtl armor
f 1376/1/1192 1377/1/1193 1378/1/1194 1379/1/1195
f 1379/1/1195 1378/1/1194 1380/1/1196 1381/1/1197
f 1381/1/1197 1380/1/1196 1382/1/1198 1383/1/1199
f 1383/1/1199 1382/1/1198 1384/1/1200 1385/1/1201
f 1377/1/1193 1386/1/1202 1387/1/1203 1378/1/1194
f 1378/1/1194 1387/1/1203 1388/1/1204 1380/1/1196
f 1380/1/1196 1388/1/1204 1389/1/1205 1382/1/1198
f 1382/1/1198 1389/1/1205 1390/1/1206 1384/1/1200
f 1386/1/1202 1391/1/1207 1392/1/1208 1387/1/1203
f 1387/1/1203 1392/1/1208 1393/1/1209 1388/1/1204
f 1388/1/1204 1393/1/1209 1394/1/1210 1389/1/1205
f 1389/1/1205 1394/1/1210 1395/1/1211 1390/1/1206
f 1391/1/1207 1396/1/1212 1397/1/1213 1392/1/1208
f 1392/1/1208 1397/1/1213 1398/1/1214 1393/1/1209
f 1393/1/1209 1398/1/1214 1399/1/1215 1394/1/1210
f 1394/1/1210 1399/1/1215 1400/1/1216 1395/1/1211
f 1396/1/1212 1401/1/1217 1402/1/1218 1397/1/1213
f 1397/1/1213 1402/1/1218 1403/1/1219 1398/1/1214
f 1398/1/1214 1403/1/1219 1404/1/1220 1399/1/1215
f 1399/1/1215 1404/1/1220 1405/1/1221 1400/1/1216
f 1401/1/1217 1406/1/1222 1407/1/1223 1402/1/1218
f 1402/1/1218 1407/1/1223 1408/1/1224 1403/1/1219
f 1403/1/1219 1408/1/1224 1409/1/1225 1404/1/1220
f 1404/1/1220 1409/1/1225 1410/1/1226 1405/1/1221
usemtl obsidian
f 1411/1/1227 1412/1/1228 1413/1/1229 1414/1/1230
f 1415/1/1231 1416/1/1232 1412/1/1228 1411/1/1227
f 1417/1/1233 1418/1/1234 1416/1/1232 1415/1/1231
f 1419/1/1235 1420/1/1236 1418/1/1234 1417/1/1233
f 1412/1/1228 1421/1/1237 1422/1/1238 1413/1/1229
f 1416/1/1232 1423/1/1239 1421/1/1237 1412/1/1228
f 1418/1/1234 1424/1/1240 1423/1/1239 1416/1/1232
f 1420/1/1236 1425/1/1241 1424/1/1240 1418/1/1234
f 1421/1/1237 1426/1/1242 1427/1/1243 1422/1/1238
f 1423/1/1239 1428/1/1244 1426/1/1242 1421/1/1237
f 1424/1/1240 1429/1/1245 1428/1/1244 1423/1/1239
f 1425/1/1241 1430/1/1246 1429/1/1245 1424/1/1240
f 1426/1/1242 1431/1/1247 1432/1/1248 1427/1/1243
f 1428/1/1244 1433/1/1249 1431/1/1247 1426/1/1242
f 1429/1/1245 1434/1/1250 1433/1/1249 1428/1/1244
f 1430/1/1246 1435/1/1251 1434/1/1250 1429/1/1245
f 1431/1/1247 1436/1/1252 1437/1/1253 1432/1/1248
f 1433/1/1249 1438/1/1254 1436/1/1252 1431/1/1247
f 1434/1/1250 1439/1/1255 1438/1/1254 1433/1/1249
f 1435/1/1251 1440/1/1256 1439/1/1255 1434/1/1250
f 1436/1/1252 1441/1/1257 1442/1/1258 1437/1/1253
f 1438/1/1254 1443/1/1259 1441/1/1257 1436/1/1252
f 1439/1/1255 1444/1/1260 1443/1/1259 1438/1/1254
f 1440/1/1256 1445/1/1261 1444/1/1260 1439/1/1255
usemtl armor_edge
f 1376/1/1262 1379/1/1262 1411/1/1262 1414/1/1262
f 1379/1/1262 1381/1/1262 1415/1/1262 1411/1/1262
f 1381/1/1263 1383/1/1263 1417/1/1263 1415/1/1263
f 1383/1/1263 1385/1/1263 1419/1/1263 1417/1/1263
f 1385/1/1264 1384/1/1264 1420/1/1264 1419/1/1264
f 1384/1/1264 1390/1/1264 1425/1/1264 1420/1/1264
f 1390/1/1264 1395/1/1264 1430/1/1264 1425/1/1264
f 1395/1/1264 1400/1/1264 1435/1/1264 1430/1/1264
f 1400/1/1264 1405/1/1264 1440/1/1264 1435/1/1264
f 1405/1/1264 1410/1/1264 1445/1/1264 1440/1/1264
f 1410/1/1265 1409/1/1265 1444/1/1265 1445/1/1265
f 1409/1/1266 1408/1/1266 1443/1/1266 1444/1/1266
f 1408/1/1265 1407/1/1265 1441/1/1265 1443/1/1265
f 1407/1/1266 1406/1/1266 1442/1/1266 1441/1/1266
f 1406/1/1267 1401/1/1267 1437/1/1267 1442/1/1267
f 1401/1/1267 1396/1/1267 1432/1/1267 1437/1/1267
f 1396/1/1267 1391/1/1267 1427/1/1267 1432/1/1267
f 1391/1/1267 1386/1/1267 1422/1/1267 1427/1/1267
f 1386/1/1267 1377/1/1267 1413/1/1267 1422/1/1267
f 1377/1/1267 1376/1/1267 1414/1/1267 1413/1/1267
f 1446/1/1268 1447/1/1269 1448/1/1270 1449/1/1271
f 1449/1/1271 1448/1/1270 1450/1/1272 1451/1/1273
f 1451/1/1273 1450/1/1272 1452/1/1274 1453/1/1275
f 1447/1/1269 1454/1/1276 1455/1/1277 1448/1/1270
f 1448/1/1270 1455/1/1277 1456/1/1278 1450/1/1272
f 1450/1/1272 1456/1/1278 1457/1/1279 1452/1/1274
f 1454/1/1276 1458/1/1280 1459/1/1281 1455/1/1277
f 1455/1/1277 1459/1/1281 1460/1/1282 1456/1/1278
f 1456/1/1278 1460/1/1282 1461/1/1283 1457/1/1279
f 1458/1/1280 1462/1/1284 1463/1/1285 1459/1/1281
f 1459/1/1281 1463/1/1285 1464/1/1286 1460/1/1282
f 1460/1/1282 1464/1/1286 1465/1/1287 1461/1/1283
usemtl obsidian
f 1466/1/1288 1467/1/1289 1468/1/1290 1469/1/1291
f 1470/1/1292 1471/1/1293 1467/1/1289 1466/1/1288
f 1472/1/1294 1473/1/1295 1471/1/1293 1470/1/1292
f 1467/1/1289 1474/1/1296 1475/1/1297 1468/1/1290
f 1471/1/1293 1476/1/1298 1474/1/1296 1467/1/1289
f 1473/1/1295 1477/1/1299 1476/1/1298 1471/1/1293
f 1474/1/1296 1478/1/1300 1479/1/1301 1475/1/1297
f 1476/1/1298 1480/1/1302 1478/1/1300 1474/1/1296
f 1477/1/1299 1481/1/1303 1480/1/1302 1476/1/1298
f 1478/1/1300 1482/1/1304 1483/1/1305 1479/1/1301
f 1480/1/1302 1484/1/1306 1482/1/1304 1478/1/1300
f 1481/1/1303 1485/1/1307 1484/1/1306 1480/1/1302
usemtl amethyst
f 1446/1/1308 1449/1/1308 1466/1/1308 1469/1/1308
f 1449/1/1309 1451/1/1309 1470/1/1309 1466/1/1309
f 1451/1/1309 1453/1/1309 1472/1/1309 1470/1/1309
f 1453/1/1310 1452/1/1310 1473/1/1310 1472/1/1310
f 1452/1/1310 1457/1/1310 1477/1/1310 1473/1/1310
f 1457/1/1310 1461/1/1310 1481/1/1310 1477/1/1310
f 1461/1/1310 1465/1/1310 1485/1/1310 1481/1/1310
f 1465/1/1311 1464/1/1311 1484/1/1311 1485/1/1311
f 1464/1/1311 1463/1/1311 1482/1/1311 1484/1/1311
f 1463/1/1312 1462/1/1312 1483/1/1312 1482/1/1312
f 1462/1/1313 1458/1/1313 1479/1/1313 1483/1/1313
f 1458/1/1313 1454/1/1313 1475/1/1313 1479/1/1313
f 1454/1/1313 1447/1/1313 1468/1/1313 1475/1/1313
f 1447/1/1313 1446/1/1313 1469/1/1313 1468/1/1313
usemtl violet
f 1486/1/1314 1487/1/1315 1488/1/1204 1489/1/1196
f 1489/1/1196 1488/1/1204 1490/1/1316 1491/1/1317
f 1487/1/1315 1492/1/1318 1493/1/1209 1488/1/1204
f 1488/1/1204 1493/1/1209 1494/1/1319 1490/1/1316
f 1492/1/1318 1495/1/1320 1496/1/1214 1493/1/1209
f 1493/1/1209 1496/1/1214 1497/1/1321 1494/1/1319
f 1495/1/1320 1498/1/1322 1499/1/1219 1496/1/1214
f 1496/1/1214 1499/1/1219 1500/1/1323 1497/1/1321
g shell_2_faceted_armor
usemtl armor
f 1501/1/1324 1502/1/1325 1503/1/1326 1504/1/1327
f 1504/1/1327 1503/1/1326 1505/1/1328 1506/1/1329
f 1506/1/1329 1505/1/1328 1507/1/1330 1508/1/1331
f 1508/1/1331 1507/1/1330 1509/1/1332 1510/1/1333
f 1502/1/1325 1511/1/1334 1512/1/1335 1503/1/1326
f 1503/1/1326 1512/1/1335 1513/1/1336 1505/1/1328
f 1505/1/1328 1513/1/1336 1514/1/1337 1507/1/1330
f 1507/1/1330 1514/1/1337 1515/1/1338 1509/1/1332
f 1511/1/1334 1516/1/1339 1517/1/1340 1512/1/1335
f 1512/1/1335 1517/1/1340 1518/1/1341 1513/1/1336
f 1513/1/1336 1518/1/1341 1519/1/1342 1514/1/1337
f 1514/1/1337 1519/1/1342 1520/1/1343 1515/1/1338
f 1516/1/1339 1521/1/1344 1522/1/1345 1517/1/1340
f 1517/1/1340 1522/1/1345 1523/1/1346 1518/1/1341
f 1518/1/1341 1523/1/1346 1524/1/1347 1519/1/1342
f 1519/1/1342 1524/1/1347 1525/1/1348 1520/1/1343
f 1521/1/1344 1526/1/1349 1527/1/1350 1522/1/1345
f 1522/1/1345 1527/1/1350 1528/1/1351 1523/1/1346
f 1523/1/1346 1528/1/1351 1529/1/1352 1524/1/1347
f 1524/1/1347 1529/1/1352 1530/1/1353 1525/1/1348
f 1526/1/1349 1531/1/1354 1532/1/1355 1527/1/1350
f 1527/1/1350 1532/1/1355 1533/1/1356 1528/1/1351
f 1528/1/1351 1533/1/1356 1534/1/1357 1529/1/1352
f 1529/1/1352 1534/1/1357 1535/1/1358 1530/1/1353
usemtl obsidian
f 1536/1/1359 1537/1/1360 1538/1/1361 1539/1/1362
f 1540/1/1363 1541/1/1364 1537/1/1360 1536/1/1359
f 1542/1/1365 1543/1/1366 1541/1/1364 1540/1/1363
f 1544/1/1367 1545/1/1368 1543/1/1366 1542/1/1365
f 1537/1/1360 1546/1/1369 1547/1/1370 1538/1/1361
f 1541/1/1364 1548/1/1371 1546/1/1369 1537/1/1360
f 1543/1/1366 1549/1/1372 1548/1/1371 1541/1/1364
f 1545/1/1368 1550/1/1373 1549/1/1372 1543/1/1366
f 1546/1/1369 1551/1/1374 1552/1/1375 1547/1/1370
f 1548/1/1371 1553/1/1376 1551/1/1374 1546/1/1369
f 1549/1/1372 1554/1/1377 1553/1/1376 1548/1/1371
f 1550/1/1373 1555/1/1378 1554/1/1377 1549/1/1372
f 1551/1/1374 1556/1/1379 1557/1/1380 1552/1/1375
f 1553/1/1376 1558/1/1381 1556/1/1379 1551/1/1374
f 1554/1/1377 1559/1/1382 1558/1/1381 1553/1/1376
f 1555/1/1378 1560/1/1383 1559/1/1382 1554/1/1377
f 1556/1/1379 1561/1/1384 1562/1/1385 1557/1/1380
f 1558/1/1381 1563/1/1386 1561/1/1384 1556/1/1379
f 1559/1/1382 1564/1/1387 1563/1/1386 1558/1/1381
f 1560/1/1383 1565/1/1388 1564/1/1387 1559/1/1382
f 1561/1/1384 1566/1/1389 1567/1/1390 1562/1/1385
f 1563/1/1386 1568/1/1391 1566/1/1389 1561/1/1384
f 1564/1/1387 1569/1/1392 1568/1/1391 1563/1/1386
f 1565/1/1388 1570/1/1393 1569/1/1392 1564/1/1387
usemtl armor_edge
f 1501/1/1394 1504/1/1394 1536/1/1394 1539/1/1394
f 1504/1/1394 1506/1/1394 1540/1/1394 1536/1/1394
f 1506/1/1394 1508/1/1394 1542/1/1394 1540/1/1394
f 1508/1/1394 1510/1/1394 1544/1/1394 1542/1/1394
f 1510/1/1395 1509/1/1395 1545/1/1395 1544/1/1395
f 1509/1/1395 1515/1/1395 1550/1/1395 1545/1/1395
f 1515/1/1396 1520/1/1396 1555/1/1396 1550/1/1396
f 1520/1/1395 1525/1/1395 1560/1/1395 1555/1/1395
f 1525/1/1396 1530/1/1396 1565/1/1396 1560/1/1396
f 1530/1/1396 1535/1/1396 1570/1/1396 1565/1/1396
f 1535/1/1397 1534/1/1397 1569/1/1397 1570/1/1397
f 1534/1/1397 1533/1/1397 1568/1/1397 1569/1/1397
f 1533/1/1397 1532/1/1397 1566/1/1397 1568/1/1397
f 1532/1/1397 1531/1/1397 1567/1/1397 1566/1/1397
f 1531/1/1398 1526/1/1398 1562/1/1398 1567/1/1398
f 1526/1/1399 1521/1/1399 1557/1/1399 1562/1/1399
f 1521/1/1398 1516/1/1398 1552/1/1398 1557/1/1398
f 1516/1/1398 1511/1/1398 1547/1/1398 1552/1/1398
f 1511/1/1398 1502/1/1398 1538/1/1398 1547/1/1398
f 1502/1/1399 1501/1/1399 1539/1/1399 1538/1/1399
f 1571/1/1400 1572/1/1401 1573/1/1402 1574/1/1403
f 1574/1/1403 1573/1/1402 1575/1/1404 1576/1/1405
f 1576/1/1405 1575/1/1404 1577/1/1406 1578/1/1407
f 1572/1/1401 1579/1/1408 1580/1/1409 1573/1/1402
f 1573/1/1402 1580/1/1409 1581/1/1410 1575/1/1404
f 1575/1/1404 1581/1/1410 1582/1/1411 1577/1/1406
f 1579/1/1408 1583/1/1412 1584/1/1413 1580/1/1409
f 1580/1/1409 1584/1/1413 1585/1/1414 1581/1/1410
f 1581/1/1410 1585/1/1414 1586/1/1415 1582/1/1411
f 1583/1/1412 1587/1/1416 1588/1/1417 1584/1/1413
f 1584/1/1413 1588/1/1417 1589/1/1418 1585/1/1414
f 1585/1/1414 1589/1/1418 1590/1/1419 1586/1/1415
usemtl obsidian
f 1591/1/1420 1592/1/1421 1593/1/1422 1594/1/1423
f 1595/1/1424 1596/1/1425 1592/1/1421 1591/1/1420
f 1597/1/1426 1598/1/1427 1596/1/1425 1595/1/1424
f 1592/1/1421 1599/1/1428 1600/1/1429 1593/1/1422
f 1596/1/1425 1601/1/1430 1599/1/1428 1592/1/1421
f 1598/1/1427 1602/1/1431 1601/1/1430 1596/1/1425
f 1599/1/1428 1603/1/1432 1604/1/1433 1600/1/1429
f 1601/1/1430 1605/1/1434 1603/1/1432 1599/1/1428
f 1602/1/1431 1606/1/1435 1605/1/1434 1601/1/1430
f 1603/1/1432 1607/1/1436 1608/1/1437 1604/1/1433
f 1605/1/1434 1609/1/1438 1607/1/1436 1603/1/1432
f 1606/1/1435 1610/1/1439 1609/1/1438 1605/1/1434
usemtl amethyst
f 1571/1/1440 1574/1/1440 1591/1/1440 1594/1/1440
f 1574/1/1440 1576/1/1440 1595/1/1440 1591/1/1440
f 1576/1/1440 1578/1/1440 1597/1/1440 1595/1/1440
f 1578/1/1441 1577/1/1441 1598/1/1441 1597/1/1441
f 1577/1/1442 1582/1/1442 1602/1/1442 1598/1/1442
f 1582/1/1441 1586/1/1441 1606/1/1441 1602/1/1441
f 1586/1/1442 1590/1/1442 1610/1/1442 1606/1/1442
f 1590/1/1443 1589/1/1443 1609/1/1443 1610/1/1443
f 1589/1/1443 1588/1/1443 1607/1/1443 1609/1/1443
f 1588/1/1443 1587/1/1443 1608/1/1443 1607/1/1443
f 1587/1/1444 1583/1/1444 1604/1/1444 1608/1/1444
f 1583/1/1445 1579/1/1445 1600/1/1445 1604/1/1445
f 1579/1/1444 1572/1/1444 1593/1/1444 1600/1/1444
f 1572/1/1445 1571/1/1445 1594/1/1445 1593/1/1445
usemtl violet
f 1611/1/1446 1612/1/1447 1613/1/1336 1614/1/1328
f 1614/1/1328 1613/1/1336 1615/1/1448 1616/1/1449
f 1612/1/1447 1617/1/1450 1618/1/1341 1613/1/1336
f 1613/1/1336 1618/1/1341 1619/1/1451 1615/1/1448
f 1617/1/1450 1620/1/1452 1621/1/1346 1618/1/1341
f 1618/1/1341 1621/1/1346 1622/1/1453 1619/1/1451
f 1620/1/1452 1623/1/1454 1624/1/1351 1621/1/1346
f 1621/1/1346 1624/1/1351 1625/1/1455 1622/1/1453
g shell_3_faceted_armor
usemtl obsidian
f 1626/1/1456 1627/1/1457 1628/1/1458 1629/1/1459
f 1629/1/1459 1628/1/1458 1630/1/1460 1631/1/1461
f 1631/1/1461 1630/1/1460 1632/1/1462 1633/1/1463
f 1633/1/1463 1632/1/1462 1634/1/1464 1635/1/1465
f 1627/1/1457 1636/1/1466 1637/1/1467 1628/1/1458
f 1628/1/1458 1637/1/1467 1638/1/1468 1630/1/1460
f 1630/1/1460 1638/1/1468 1639/1/1469 1632/1/1462
f 1632/1/1462 1639/1/1469 1640/1/1470 1634/1/1464
f 1636/1/1466 1641/1/1471 1642/1/1472 1637/1/1467
f 1637/1/1467 1642/1/1472 1643/1/1473 1638/1/1468
f 1638/1/1468 1643/1/1473 1644/1/1474 1639/1/1469
f 1639/1/1469 1644/1/1474 1645/1/1475 1640/1/1470
f 1641/1/1471 1646/1/1476 1647/1/1477 1642/1/1472
f 1642/1/1472 1647/1/1477 1648/1/1478 1643/1/1473
f 1643/1/1473 1648/1/1478 1649/1/1479 1644/1/1474
f 1644/1/1474 1649/1/1479 1650/1/1480 1645/1/1475
f 1646/1/1476 1651/1/1481 1652/1/1482 1647/1/1477
f 1647/1/1477 1652/1/1482 1653/1/1483 1648/1/1478
f 1648/1/1478 1653/1/1483 1654/1/1484 1649/1/1479
f 1649/1/1479 1654/1/1484 1655/1/1485 1650/1/1480
f 1651/1/1481 1656/1/1486 1657/1/1487 1652/1/1482
f 1652/1/1482 1657/1/1487 1658/1/1488 1653/1/1483
f 1653/1/1483 1658/1/1488 1659/1/1489 1654/1/1484
f 1654/1/1484 1659/1/1489 1660/1/1490 1655/1/1485
f 1661/1/1491 1662/1/1492 1663/1/1493 1664/1/1494
f 1665/1/1495 1666/1/1496 1662/1/1492 1661/1/1491
f 1667/1/1497 1668/1/1498 1666/1/1496 1665/1/1495
f 1669/1/1499 1670/1/1500 1668/1/1498 1667/1/1497
f 1662/1/1492 1671/1/1501 1672/1/1502 1663/1/1493
f 1666/1/1496 1673/1/1503 1671/1/1501 1662/1/1492
f 1668/1/1498 1674/1/1504 1673/1/1503 1666/1/1496
f 1670/1/1500 1675/1/1505 1674/1/1504 1668/1/1498
f 1671/1/1501 1676/1/1506 1677/1/1507 1672/1/1502
f 1673/1/1503 1678/1/1508 1676/1/1506 1671/1/1501
f 1674/1/1504 1679/1/1509 1678/1/1508 1673/1/1503
f 1675/1/1505 1680/1/1510 1679/1/1509 1674/1/1504
f 1676/1/1506 1681/1/1511 1682/1/1512 1677/1/1507
f 1678/1/1508 1683/1/1513 1681/1/1511 1676/1/1506
f 1679/1/1509 1684/1/1514 1683/1/1513 1678/1/1508
f 1680/1/1510 1685/1/1515 1684/1/1514 1679/1/1509
f 1681/1/1511 1686/1/1516 1687/1/1517 1682/1/1512
f 1683/1/1513 1688/1/1518 1686/1/1516 1681/1/1511
f 1684/1/1514 1689/1/1519 1688/1/1518 1683/1/1513
f 1685/1/1515 1690/1/1520 1689/1/1519 1684/1/1514
f 1686/1/1516 1691/1/1521 1692/1/1522 1687/1/1517
f 1688/1/1518 1693/1/1523 1691/1/1521 1686/1/1516
f 1689/1/1519 1694/1/1524 1693/1/1523 1688/1/1518
f 1690/1/1520 1695/1/1525 1694/1/1524 1689/1/1519
usemtl armor_edge
f 1626/1/1526 1629/1/1526 1661/1/1526 1664/1/1526
f 1629/1/1526 1631/1/1526 1665/1/1526 1661/1/1526
f 1631/1/1526 1633/1/1526 1667/1/1526 1665/1/1526
f 1633/1/1526 1635/1/1526 1669/1/1526 1667/1/1526
f 1635/1/1527 1634/1/1527 1670/1/1527 1669/1/1527
f 1634/1/1527 1640/1/1527 1675/1/1527 1670/1/1527
f 1640/1/1527 1645/1/1527 1680/1/1527 1675/1/1527
f 1645/1/1527 1650/1/1527 1685/1/1527 1680/1/1527
f 1650/1/1527 1655/1/1527 1690/1/1527 1685/1/1527
f 1655/1/1527 1660/1/1527 1695/1/1527 1690/1/1527
f 1660/1/1528 1659/1/1528 1694/1/1528 1695/1/1528
f 1659/1/1528 1658/1/1528 1693/1/1528 1694/1/1528
f 1658/1/1528 1657/1/1528 1691/1/1528 1693/1/1528
f 1657/1/1528 1656/1/1528 1692/1/1528 1691/1/1528
f 1656/1/1529 1651/1/1529 1687/1/1529 1692/1/1529
f 1651/1/1529 1646/1/1529 1682/1/1529 1687/1/1529
f 1646/1/1529 1641/1/1529 1677/1/1529 1682/1/1529
f 1641/1/1529 1636/1/1529 1672/1/1529 1677/1/1529
f 1636/1/1529 1627/1/1529 1663/1/1529 1672/1/1529
f 1627/1/1529 1626/1/1529 1664/1/1529 1663/1/1529
f 1696/1/1530 1697/1/1531 1698/1/1532 1699/1/1533
f 1699/1/1533 1698/1/1532 1700/1/1534 1701/1/1535
f 1701/1/1535 1700/1/1534 1702/1/1536 1703/1/1537
f 1697/1/1531 1704/1/1538 1705/1/1539 1698/1/1532
f 1698/1/1532 1705/1/1539 1706/1/1540 1700/1/1534
f 1700/1/1534 1706/1/1540 1707/1/1541 1702/1/1536
f 1704/1/1538 1708/1/1542 1709/1/1543 1705/1/1539
f 1705/1/1539 1709/1/1543 1710/1/1544 1706/1/1540
f 1706/1/1540 1710/1/1544 1711/1/1545 1707/1/1541
f 1708/1/1542 1712/1/1546 1713/1/1547 1709/1/1543
f 1709/1/1543 1713/1/1547 1714/1/1548 1710/1/1544
f 1710/1/1544 1714/1/1548 1715/1/1549 1711/1/1545
usemtl obsidian
f 1716/1/1550 1717/1/1551 1718/1/1552 1719/1/1553
f 1720/1/1554 1721/1/1555 1717/1/1551 1716/1/1550
f 1722/1/1556 1723/1/1557 1721/1/1555 1720/1/1554
f 1717/1/1551 1724/1/1558 1725/1/1559 1718/1/1552
f 1721/1/1555 1726/1/1560 1724/1/1558 1717/1/1551
f 1723/1/1557 1727/1/1561 1726/1/1560 1721/1/1555
f 1724/1/1558 1728/1/1562 1729/1/1563 1725/1/1559
f 1726/1/1560 1730/1/1564 1728/1/1562 1724/1/1558
f 1727/1/1561 1731/1/1565 1730/1/1564 1726/1/1560
f 1728/1/1562 1732/1/1566 1733/1/1567 1729/1/1563
f 1730/1/1564 1734/1/1568 1732/1/1566 1728/1/1562
f 1731/1/1565 1735/1/1569 1734/1/1568 1730/1/1564
usemtl amethyst
f 1696/1/1570 1699/1/1570 1716/1/1570 1719/1/1570
f 1699/1/1570 1701/1/1570 1720/1/1570 1716/1/1570
f 1701/1/1570 1703/1/1570 1722/1/1570 1720/1/1570
f 1703/1/1571 1702/1/1571 1723/1/1571 1722/1/1571
f 1702/1/1571 1707/1/1571 1727/1/1571 1723/1/1571
f 1707/1/1571 1711/1/1571 1731/1/1571 1727/1/1571
f 1711/1/1571 1715/1/1571 1735/1/1571 1731/1/1571
f 1715/1/1572 1714/1/1572 1734/1/1572 1735/1/1572
f 1714/1/1572 1713/1/1572 1732/1/1572 1734/1/1572
f 1713/1/1572 1712/1/1572 1733/1/1572 1732/1/1572
f 1712/1/1573 1708/1/1573 1729/1/1573 1733/1/1573
f 1708/1/1573 1704/1/1573 1725/1/1573 1729/1/1573
f 1704/1/1573 1697/1/1573 1718/1/1573 1725/1/1573
f 1697/1/1573 1696/1/1573 1719/1/1573 1718/1/1573
usemtl violet
f 1736/1/1574 1737/1/1575 1738/1/1468 1739/1/1460
f 1739/1/1460 1738/1/1468 1740/1/1576 1741/1/1577
f 1737/1/1575 1742/1/1578 1743/1/1473 1738/1/1468
f 1738/1/1468 1743/1/1473 1744/1/1579 1740/1/1576
f 1742/1/1578 1745/1/1580 1746/1/1478 1743/1/1473
f 1743/1/1473 1746/1/1478 1747/1/1581 1744/1/1579
f 1745/1/1580 1748/1/1582 1749/1/1483 1746/1/1478
f 1746/1/1478 1749/1/1483 1750/1/1583 1747/1/1581
g shell_4_faceted_armor
usemtl armor
f 1751/1/1584 1752/1/1585 1753/1/1586 1754/1/1587
f 1754/1/1587 1753/1/1586 1755/1/1588 1756/1/1589
f 1756/1/1589 1755/1/1588 1757/1/1590 1758/1/1591
f 1758/1/1591 1757/1/1590 1759/1/1592 1760/1/1593
f 1752/1/1585 1761/1/1594 1762/1/1595 1753/1/1586
f 1753/1/1586 1762/1/1595 1763/1/1596 1755/1/1588
f 1755/1/1588 1763/1/1596 1764/1/1597 1757/1/1590
f 1757/1/1590 1764/1/1597 1765/1/1598 1759/1/1592
f 1761/1/1594 1766/1/1599 1767/1/1600 1762/1/1595
f 1762/1/1595 1767/1/1600 1768/1/1601 1763/1/1596
f 1763/1/1596 1768/1/1601 1769/1/1602 1764/1/1597
f 1764/1/1597 1769/1/1602 1770/1/1603 1765/1/1598
f 1766/1/1599 1771/1/1604 1772/1/1605 1767/1/1600
f 1767/1/1600 1772/1/1605 1773/1/1606 1768/1/1601
f 1768/1/1601 1773/1/1606 1774/1/1607 1769/1/1602
f 1769/1/1602 1774/1/1607 1775/1/1608 1770/1/1603
f 1771/1/1604 1776/1/1609 1777/1/1610 1772/1/1605
f 1772/1/1605 1777/1/1610 1778/1/1611 1773/1/1606
f 1773/1/1606 1778/1/1611 1779/1/1612 1774/1/1607
f 1774/1/1607 1779/1/1612 1780/1/1613 1775/1/1608
f 1776/1/1609 1781/1/1614 1782/1/1615 1777/1/1610
f 1777/1/1610 1782/1/1615 1783/1/1616 1778/1/1611
f 1778/1/1611 1783/1/1616 1784/1/1617 1779/1/1612
f 1779/1/1612 1784/1/1617 1785/1/1618 1780/1/1613
usemtl obsidian
f 1786/1/1619 1787/1/1620 1788/1/1621 1789/1/1622
f 1790/1/1623 1791/1/1624 1787/1/1620 1786/1/1619
f 1792/1/1625 1793/1/1626 1791/1/1624 1790/1/1623
f 1794/1/1627 1795/1/1628 1793/1/1626 1792/1/1625
f 1787/1/1620 1796/1/1629 1797/1/1630 1788/1/1621
f 1791/1/1624 1798/1/1631 1796/1/1629 1787/1/1620
f 1793/1/1626 1799/1/1632 1798/1/1631 1791/1/1624
f 1795/1/1628 1800/1/1633 1799/1/1632 1793/1/1626
f 1796/1/1629 1801/1/1634 1802/1/1635 1797/1/1630
f 1798/1/1631 1803/1/1636 1801/1/1634 1796/1/1629
f 1799/1/1632 1804/1/1637 1803/1/1636 1798/1/1631
f 1800/1/1633 1805/1/1638 1804/1/1637 1799/1/1632
f 1801/1/1634 1806/1/1639 1807/1/1640 1802/1/1635
f 1803/1/1636 1808/1/1641 1806/1/1639 1801/1/1634
f 1804/1/1637 1809/1/1642 1808/1/1641 1803/1/1636
f 1805/1/1638 1810/1/1643 1809/1/1642 1804/1/1637
f 1806/1/1639 1811/1/1644 1812/1/1645 1807/1/1640
f 1808/1/1641 1813/1/1646 1811/1/1644 1806/1/1639
f 1809/1/1642 1814/1/1647 1813/1/1646 1808/1/1641
f 1810/1/1643 1815/1/1648 1814/1/1647 1809/1/1642
f 1811/1/1644 1816/1/1649 1817/1/1650 1812/1/1645
f 1813/1/1646 1818/1/1651 1816/1/1649 1811/1/1644
f 1814/1/1647 1819/1/1652 1818/1/1651 1813/1/1646
f 1815/1/1648 1820/1/1653 1819/1/1652 1814/1/1647
usemtl armor_edge
f 1751/1/1654 1754/1/1654 1786/1/1654 1789/1/1654
f 1754/1/1654 1756/1/1654 1790/1/1654 1786/1/1654
f 1756/1/1654 1758/1/1654 1792/1/1654 1790/1/1654
f 1758/1/1654 1760/1/1654 1794/1/1654 1792/1/1654
f 1760/1/1655 1759/1/1655 1795/1/1655 1794/1/1655
f 1759/1/1655 1765/1/1655 1800/1/1655 1795/1/1655
f 1765/1/1655 1770/1/1655 1805/1/1655 1800/1/1655
f 1770/1/1655 1775/1/1655 1810/1/1655 1805/1/1655
f 1775/1/1655 1780/1/1655 1815/1/1655 1810/1/1655
f 1780/1/1655 1785/1/1655 1820/1/1655 1815/1/1655
f 1785/1/1656 1784/1/1656 1819/1/1656 1820/1/1656
f 1784/1/1656 1783/1/1656 1818/1/1656 1819/1/1656
f 1783/1/1656 1782/1/1656 1816/1/1656 1818/1/1656
f 1782/1/1656 1781/1/1656 1817/1/1656 1816/1/1656
f 1781/1/1657 1776/1/1657 1812/1/1657 1817/1/1657
f 1776/1/1657 1771/1/1657 1807/1/1657 1812/1/1657
f 1771/1/1657 1766/1/1657 1802/1/1657 1807/1/1657
f 1766/1/1657 1761/1/1657 1797/1/1657 1802/1/1657
f 1761/1/1657 1752/1/1657 1788/1/1657 1797/1/1657
f 1752/1/1657 1751/1/1657 1789/1/1657 1788/1/1657
f 1821/1/1658 1822/1/1659 1823/1/1660 1824/1/1661
f 1824/1/1661 1823/1/1660 1825/1/1662 1826/1/1663
f 1826/1/1663 1825/1/1662 1827/1/1664 1828/1/1665
f 1822/1/1659 1829/1/1666 1830/1/1667 1823/1/1660
f 1823/1/1660 1830/1/1667 1831/1/1668 1825/1/1662
f 1825/1/1662 1831/1/1668 1832/1/1669 1827/1/1664
f 1829/1/1666 1833/1/1670 1834/1/1671 1830/1/1667
f 1830/1/1667 1834/1/1671 1835/1/1672 1831/1/1668
f 1831/1/1668 1835/1/1672 1836/1/1673 1832/1/1669
f 1833/1/1670 1837/1/1674 1838/1/1675 1834/1/1671
f 1834/1/1671 1838/1/1675 1839/1/1676 1835/1/1672
f 1835/1/1672 1839/1/1676 1840/1/1677 1836/1/1673
usemtl obsidian
f 1841/1/1678 1842/1/1679 1843/1/1680 1844/1/1681
f 1845/1/1682 1846/1/1683 1842/1/1679 1841/1/1678
f 1847/1/1684 1848/1/1685 1846/1/1683 1845/1/1682
f 1842/1/1679 1849/1/1686 1850/1/1687 1843/1/1680
f 1846/1/1683 1851/1/1688 1849/1/1686 1842/1/1679
f 1848/1/1685 1852/1/1689 1851/1/1688 1846/1/1683
f 1849/1/1686 1853/1/1690 1854/1/1691 1850/1/1687
f 1851/1/1688 1855/1/1692 1853/1/1690 1849/1/1686
f 1852/1/1689 1856/1/1693 1855/1/1692 1851/1/1688
f 1853/1/1690 1857/1/1694 1858/1/1695 1854/1/1691
f 1855/1/1692 1859/1/1696 1857/1/1694 1853/1/1690
f 1856/1/1693 1860/1/1697 1859/1/1696 1855/1/1692
usemtl amethyst
f 1821/1/1698 1824/1/1698 1841/1/1698 1844/1/1698
f 1824/1/1698 1826/1/1698 1845/1/1698 1841/1/1698
f 1826/1/1698 1828/1/1698 1847/1/1698 1845/1/1698
f 1828/1/1699 1827/1/1699 1848/1/1699 1847/1/1699
f 1827/1/1699 1832/1/1699 1852/1/1699 1848/1/1699
f 1832/1/1699 1836/1/1699 1856/1/1699 1852/1/1699
f 1836/1/1699 1840/1/1699 1860/1/1699 1856/1/1699
f 1840/1/1700 1839/1/1700 1859/1/1700 1860/1/1700
f 1839/1/1700 1838/1/1700 1857/1/1700 1859/1/1700
f 1838/1/1700 1837/1/1700 1858/1/1700 1857/1/1700
f 1837/1/1701 1833/1/1701 1854/1/1701 1858/1/1701
f 1833/1/1701 1829/1/1701 1850/1/1701 1854/1/1701
f 1829/1/1701 1822/1/1701 1843/1/1701 1850/1/1701
f 1822/1/1701 1821/1/1701 1844/1/1701 1843/1/1701
usemtl violet
f 1861/1/1702 1862/1/1703 1863/1/1596 1864/1/1588
f 1864/1/1588 1863/1/1596 1865/1/1704 1866/1/1705
f 1862/1/1703 1867/1/1706 1868/1/1601 1863/1/1596
f 1863/1/1596 1868/1/1601 1869/1/1707 1865/1/1704
f 1867/1/1706 1870/1/1708 1871/1/1606 1868/1/1601
f 1868/1/1601 1871/1/1606 1872/1/1709 1869/1/1707
f 1870/1/1708 1873/1/1710 1874/1/1611 1871/1/1606
f 1871/1/1606 1874/1/1611 1875/1/1711 1872/1/1709
g shell_5_faceted_armor
usemtl armor
f 1876/1/1235 1877/1/1236 1878/1/1234 1879/1/1233
f 1879/1/1233 1878/1/1234 1880/1/1712 1881/1/1713
f 1881/1/1713 1880/1/1712 1882/1/1228 1883/1/1227
f 1883/1/1227 1882/1/1228 1884/1/1229 1885/1/1230
f 1877/1/1236 1886/1/1241 1887/1/1240 1878/1/1234
f 1878/1/1234 1887/1/1240 1888/1/1714 1880/1/1712
f 1880/1/1712 1888/1/1714 1889/1/1237 1882/1/1228
f 1882/1/1228 1889/1/1237 1890/1/1238 1884/1/1229
f 1886/1/1241 1891/1/1246 1892/1/1245 1887/1/1240
f 1887/1/1240 1892/1/1245 1893/1/1715 1888/1/1714
f 1888/1/1714 1893/1/1715 1894/1/1242 1889/1/1237
f 1889/1/1237 1894/1/1242 1895/1/1243 1890/1/1238
f 1891/1/1246 1896/1/1251 1897/1/1250 1892/1/1245
f 1892/1/1245 1897/1/1250 1898/1/1716 1893/1/1715
f 1893/1/1715 1898/1/1716 1899/1/1247 1894/1/1242
f 1894/1/1242 1899/1/1247 1900/1/1248 1895/1/1243
f 1896/1/1251 1901/1/1256 1902/1/1255 1897/1/1250
f 1897/1/1250 1902/1/1255 1903/1/1717 1898/1/1716
f 1898/1/1716 1903/1/1717 1904/1/1252 1899/1/1247
f 1899/1/1247 1904/1/1252 1905/1/1253 1900/1/1248
f 1901/1/1256 1906/1/1261 1907/1/1260 1902/1/1255
f 1902/1/1255 1907/1/1260 1908/1/1718 1903/1/1717
f 1903/1/1717 1908/1/1718 1909/1/1257 1904/1/1252
f 1904/1/1252 1909/1/1257 1910/1/1258 1905/1/1253
usemtl obsidian
f 1911/1/1199 1912/1/1198 1913/1/1200 1914/1/1201
f 1915/1/1719 1916/1/1720 1912/1/1198 1911/1/1199
f 1917/1/1195 1918/1/1194 1916/1/1720 1915/1/1719
f 1919/1/1192 1920/1/1193 1918/1/1194 1917/1/1195
f 1912/1/1198 1921/1/1205 1922/1/1206 1913/1/1200
f 1916/1/1720 1923/1/1721 1921/1/1205 1912/1/1198
f 1918/1/1194 1924/1/1203 1923/1/1721 1916/1/1720
f 1920/1/1193 1925/1/1202 1924/1/1203 1918/1/1194
f 1921/1/1205 1926/1/1210 1927/1/1211 1922/1/1206
f 1923/1/1721 1928/1/1722 1926/1/1210 1921/1/1205
f 1924/1/1203 1929/1/1208 1928/1/1722 1923/1/1721
f 1925/1/1202 1930/1/1207 1929/1/1208 1924/1/1203
f 1926/1/1210 1931/1/1215 1932/1/1216 1927/1/1211
f 1928/1/1722 1933/1/1723 1931/1/1215 1926/1/1210
f 1929/1/1208 1934/1/1213 1933/1/1723 1928/1/1722
f 1930/1/1207 1935/1/1212 1934/1/1213 1929/1/1208
f 1931/1/1215 1936/1/1220 1937/1/1221 1932/1/1216
f 1933/1/1723 1938/1/1724 1936/1/1220 1931/1/1215
f 1934/1/1213 1939/1/1218 1938/1/1724 1933/1/1723
f 1935/1/1212 1940/1/1217 1939/1/1218 1934/1/1213
f 1936/1/1220 1941/1/1225 1942/1/1226 1937/1/1221
f 1938/1/1724 1943/1/1725 1941/1/1225 1936/1/1220
f 1939/1/1218 1944/1/1223 1943/1/1725 1938/1/1724
f 1940/1/1217 1945/1/1222 1944/1/1223 1939/1/1218
usemtl armor_edge
f 1876/1/1726 1879/1/1726 1911/1/1726 1914/1/1726
f 1879/1/1726 1881/1/1726 1915/1/1726 1911/1/1726
f 1881/1/1727 1883/1/1727 1917/1/1727 1915/1/1727
f 1883/1/1727 1885/1/1727 1919/1/1727 1917/1/1727
f 1885/1/1728 1884/1/1728 1920/1/1728 1919/1/1728
f 1884/1/1728 1890/1/1728 1925/1/1728 1920/1/1728
f 1890/1/1728 1895/1/1728 1930/1/1728 1925/1/1728
f 1895/1/1728 1900/1/1728 1935/1/1728 1930/1/1728
f 1900/1/1728 1905/1/1728 1940/1/1728 1935/1/1728
f 1905/1/1728 1910/1/1728 1945/1/1728 1940/1/1728
f 1910/1/1729 1909/1/1729 1944/1/1729 1945/1/1729
f 1909/1/1730 1908/1/1730 1943/1/1730 1944/1/1730
f 1908/1/1729 1907/1/1729 1941/1/1729 1943/1/1729
f 1907/1/1730 1906/1/1730 1942/1/1730 1941/1/1730
f 1906/1/1731 1901/1/1731 1937/1/1731 1942/1/1731
f 1901/1/1731 1896/1/1731 1932/1/1731 1937/1/1731
f 1896/1/1731 1891/1/1731 1927/1/1731 1932/1/1731
f 1891/1/1731 1886/1/1731 1922/1/1731 1927/1/1731
f 1886/1/1731 1877/1/1731 1913/1/1731 1922/1/1731
f 1877/1/1731 1876/1/1731 1914/1/1731 1913/1/1731
f 1946/1/1732 1947/1/1733 1948/1/1734 1949/1/1735
f 1949/1/1735 1948/1/1734 1950/1/1736 1951/1/1737
f 1951/1/1737 1950/1/1736 1952/1/1738 1953/1/1739
f 1947/1/1733 1954/1/1740 1955/1/1741 1948/1/1734
f 1948/1/1734 1955/1/1741 1956/1/1742 1950/1/1736
f 1950/1/1736 1956/1/1742 1957/1/1743 1952/1/1738
f 1954/1/1740 1958/1/1744 1959/1/1745 1955/1/1741
f 1955/1/1741 1959/1/1745 1960/1/1746 1956/1/1742
f 1956/1/1742 1960/1/1746 1961/1/1747 1957/1/1743
f 1958/1/1744 1962/1/1748 1963/1/1749 1959/1/1745
f 1959/1/1745 1963/1/1749 1964/1/1750 1960/1/1746
f 1960/1/1746 1964/1/1750 1965/1/1751 1961/1/1747
usemtl obsidian
f 1966/1/1752 1967/1/1753 1968/1/1754 1969/1/1755
f 1970/1/1756 1971/1/1757 1967/1/1753 1966/1/1752
f 1972/1/1758 1973/1/1759 1971/1/1757 1970/1/1756
f 1967/1/1753 1974/1/1760 1975/1/1761 1968/1/1754
f 1971/1/1757 1976/1/1762 1974/1/1760 1967/1/1753
f 1973/1/1759 1977/1/1763 1976/1/1762 1971/1/1757
f 1974/1/1760 1978/1/1764 1979/1/1765 1975/1/1761
f 1976/1/1762 1980/1/1766 1978/1/1764 1974/1/1760
f 1977/1/1763 1981/1/1767 1980/1/1766 1976/1/1762
f 1978/1/1764 1982/1/1768 1983/1/1769 1979/1/1765
f 1980/1/1766 1984/1/1770 1982/1/1768 1978/1/1764
f 1981/1/1767 1985/1/1771 1984/1/1770 1980/1/1766
usemtl amethyst
f 1946/1/1772 1949/1/1772 1966/1/1772 1969/1/1772
f 1949/1/1773 1951/1/1773 1970/1/1773 1966/1/1773
f 1951/1/1773 1953/1/1773 1972/1/1773 1970/1/1773
f 1953/1/1774 1952/1/1774 1973/1/1774 1972/1/1774
f 1952/1/1774 1957/1/1774 1977/1/1774 1973/1/1774
f 1957/1/1774 1961/1/1774 1981/1/1774 1977/1/1774
f 1961/1/1774 1965/1/1774 1985/1/1774 1981/1/1774
f 1965/1/1775 1964/1/1775 1984/1/1775 1985/1/1775
f 1964/1/1775 1963/1/1775 1982/1/1775 1984/1/1775
f 1963/1/1776 1962/1/1776 1983/1/1776 1982/1/1776
f 1962/1/1777 1958/1/1777 1979/1/1777 1983/1/1777
f 1958/1/1777 1954/1/1777 1975/1/1777 1979/1/1777
f 1954/1/1777 1947/1/1777 1968/1/1777 1975/1/1777
f 1947/1/1777 1946/1/1777 1969/1/1777 1968/1/1777
usemtl violet
f 1986/1/1778 1987/1/1779 1988/1/1714 1989/1/1712
f 1989/1/1712 1988/1/1714 1990/1/1780 1991/1/1781
f 1987/1/1779 1992/1/1782 1993/1/1715 1988/1/1714
f 1988/1/1714 1993/1/1715 1994/1/1783 1990/1/1780
f 1992/1/1782 1995/1/1784 1996/1/1716 1993/1/1715
f 1993/1/1715 1996/1/1716 1997/1/1785 1994/1/1783
f 1995/1/1784 1998/1/1786 1999/1/1717 1996/1/1716
f 1996/1/1716 1999/1/1717 2000/1/1787 1997/1/1785
g shell_6_faceted_armor
usemtl obsidian
f 2001/1/1103 2002/1/1104 2003/1/1102 2004/1/1101
f 2004/1/1101 2003/1/1102 2005/1/1788 2006/1/1789
f 2006/1/1789 2005/1/1788 2007/1/1096 2008/1/1095
f 2008/1/1095 2007/1/1096 2009/1/1097 2010/1/1098
f 2002/1/1104 2011/1/1109 2012/1/1108 2003/1/1102
f 2003/1/1102 2012/1/1108 2013/1/1790 2005/1/1788
f 2005/1/1788 2013/1/1790 2014/1/1105 2007/1/1096
f 2007/1/1096 2014/1/1105 2015/1/1106 2009/1/1097
f 2011/1/1109 2016/1/1114 2017/1/1113 2012/1/1108
f 2012/1/1108 2017/1/1113 2018/1/1791 2013/1/1790
f 2013/1/1790 2018/1/1791 2019/1/1110 2014/1/1105
f 2014/1/1105 2019/1/1110 2020/1/1111 2015/1/1106
f 2016/1/1114 2021/1/1119 2022/1/1118 2017/1/1113
f 2017/1/1113 2022/1/1118 2023/1/1792 2018/1/1791
f 2018/1/1791 2023/1/1792 2024/1/1115 2019/1/1110
f 2019/1/1110 2024/1/1115 2025/1/1116 2020/1/1111
f 2021/1/1119 2026/1/1124 2027/1/1123 2022/1/1118
f 2022/1/1118 2027/1/1123 2028/1/1793 2023/1/1792
f 2023/1/1792 2028/1/1793 2029/1/1120 2024/1/1115
f 2024/1/1115 2029/1/1120 2030/1/1121 2025/1/1116
f 2026/1/1124 2031/1/1129 2032/1/1128 2027/1/1123
f 2027/1/1123 2032/1/1128 2033/1/1794 2028/1/1793
f 2028/1/1793 2033/1/1794 2034/1/1125 2029/1/1120
f 2029/1/1120 2034/1/1125 2035/1/1126 2030/1/1121
f 2036/1/1067 2037/1/1066 2038/1/1068 2039/1/1069
f 2040/1/1795 2041/1/1796 2037/1/1066 2036/1/1067
f 2042/1/1063 2043/1/1062 2041/1/1796 2040/1/1795
f 2044/1/1060 2045/1/1061 2043/1/1062 2042/1/1063
f 2037/1/1066 2046/1/1073 2047/1/1074 2038/1/1068
f 2041/1/1796 2048/1/1797 2046/1/1073 2037/1/1066
f 2043/1/1062 2049/1/1071 2048/1/1797 2041/1/1796
f 2045/1/1061 2050/1/1070 2049/1/1071 2043/1/1062
f 2046/1/1073 2051/1/1078 2052/1/1079 2047/1/1074
f 2048/1/1797 2053/1/1798 2051/1/1078 2046/1/1073
f 2049/1/1071 2054/1/1076 2053/1/1798 2048/1/1797
f 2050/1/1070 2055/1/1075 2054/1/1076 2049/1/1071
f 2051/1/1078 2056/1/1083 2057/1/1084 2052/1/1079
f 2053/1/1798 2058/1/1799 2056/1/1083 2051/1/1078
f 2054/1/1076 2059/1/1081 2058/1/1799 2053/1/1798
f 2055/1/1075 2060/1/1080 2059/1/1081 2054/1/1076
f 2056/1/1083 2061/1/1088 2062/1/1089 2057/1/1084
f 2058/1/1799 2063/1/1800 2061/1/1088 2056/1/1083
f 2059/1/1081 2064/1/1086 2063/1/1800 2058/1/1799
f 2060/1/1080 2065/1/1085 2064/1/1086 2059/1/1081
f 2061/1/1088 2066/1/1093 2067/1/1094 2062/1/1089
f 2063/1/1800 2068/1/1801 2066/1/1093 2061/1/1088
f 2064/1/1086 2069/1/1091 2068/1/1801 2063/1/1800
f 2065/1/1085 2070/1/1090 2069/1/1091 2064/1/1086
usemtl armor_edge
f 2001/1/1802 2004/1/1802 2036/1/1802 2039/1/1802
f 2004/1/1803 2006/1/1803 2040/1/1803 2036/1/1803
f 2006/1/1802 2008/1/1802 2042/1/1802 2040/1/1802
f 2008/1/1803 2010/1/1803 2044/1/1803 2042/1/1803
f 2010/1/1804 2009/1/1804 2045/1/1804 2044/1/1804
f 2009/1/1804 2015/1/1804 2050/1/1804 2045/1/1804
f 2015/1/1804 2020/1/1804 2055/1/1804 2050/1/1804
f 2020/1/1804 2025/1/1804 2060/1/1804 2055/1/1804
f 2025/1/1804 2030/1/1804 2065/1/1804 2060/1/1804
f 2030/1/1804 2035/1/1804 2070/1/1804 2065/1/1804
f 2035/1/1805 2034/1/1805 2069/1/1805 2070/1/1805
f 2034/1/1805 2033/1/1805 2068/1/1805 2069/1/1805
f 2033/1/1806 2032/1/1806 2066/1/1806 2068/1/1806
f 2032/1/1806 2031/1/1806 2067/1/1806 2066/1/1806
f 2031/1/1807 2026/1/1807 2062/1/1807 2067/1/1807
f 2026/1/1807 2021/1/1807 2057/1/1807 2062/1/1807
f 2021/1/1807 2016/1/1807 2052/1/1807 2057/1/1807
f 2016/1/1807 2011/1/1807 2047/1/1807 2052/1/1807
f 2011/1/1807 2002/1/1807 2038/1/1807 2047/1/1807
f 2002/1/1807 2001/1/1807 2039/1/1807 2038/1/1807
f 2071/1/1808 2072/1/1809 2073/1/1810 2074/1/1811
f 2074/1/1811 2073/1/1810 2075/1/1812 2076/1/1813
f 2076/1/1813 2075/1/1812 2077/1/1814 2078/1/1815
f 2072/1/1809 2079/1/1816 2080/1/1817 2073/1/1810
f 2073/1/1810 2080/1/1817 2081/1/1818 2075/1/1812
f 2075/1/1812 2081/1/1818 2082/1/1819 2077/1/1814
f 2079/1/1816 2083/1/1820 2084/1/1821 2080/1/1817
f 2080/1/1817 2084/1/1821 2085/1/1822 2081/1/1818
f 2081/1/1818 2085/1/1822 2086/1/1823 2082/1/1819
f 2083/1/1820 2087/1/1824 2088/1/1825 2084/1/1821
f 2084/1/1821 2088/1/1825 2089/1/1826 2085/1/1822
f 2085/1/1822 2089/1/1826 2090/1/1827 2086/1/1823
usemtl obsidian
f 2091/1/1828 2092/1/1829 2093/1/1830 2094/1/1831
f 2095/1/1832 2096/1/1833 2092/1/1829 2091/1/1828
f 2097/1/1834 2098/1/1835 2096/1/1833 2095/1/1832
f 2092/1/1829 2099/1/1836 2100/1/1837 2093/1/1830
f 2096/1/1833 2101/1/1838 2099/1/1836 2092/1/1829
f 2098/1/1835 2102/1/1839 2101/1/1838 2096/1/1833
f 2099/1/1836 2103/1/1840 2104/1/1841 2100/1/1837
f 2101/1/1838 2105/1/1842 2103/1/1840 2099/1/1836
f 2102/1/1839 2106/1/1843 2105/1/1842 2101/1/1838
f 2103/1/1840 2107/1/1844 2108/1/1845 2104/1/1841
f 2105/1/1842 2109/1/1846 2107/1/1844 2103/1/1840
f 2106/1/1843 2110/1/1847 2109/1/1846 2105/1/1842
usemtl amethyst
f 2071/1/1848 2074/1/1848 2091/1/1848 2094/1/1848
f 2074/1/1849 2076/1/1849 2095/1/1849 2091/1/1849
f 2076/1/1849 2078/1/1849 2097/1/1849 2095/1/1849
f 2078/1/1850 2077/1/1850 2098/1/1850 2097/1/1850
f 2077/1/1850 2082/1/1850 2102/1/1850 2098/1/1850
f 2082/1/1850 2086/1/1850 2106/1/1850 2102/1/1850
f 2086/1/1850 2090/1/1850 2110/1/1850 2106/1/1850
f 2090/1/1851 2089/1/1851 2109/1/1851 2110/1/1851
f 2089/1/1851 2088/1/1851 2107/1/1851 2109/1/1851
f 2088/1/1852 2087/1/1852 2108/1/1852 2107/1/1852
f 2087/1/1853 2083/1/1853 2104/1/1853 2108/1/1853
f 2083/1/1853 2079/1/1853 2100/1/1853 2104/1/1853
f 2079/1/1853 2072/1/1853 2093/1/1853 2100/1/1853
f 2072/1/1853 2071/1/1853 2094/1/1853 2093/1/1853
usemtl violet
f 2111/1/1854 2112/1/1855 2113/1/1790 2114/1/1788
f 2114/1/1788 2113/1/1790 2115/1/1856 2116/1/1857
f 2112/1/1855 2117/1/1858 2118/1/1791 2113/1/1790
f 2113/1/1790 2118/1/1791 2119/1/1859 2115/1/1856
f 2117/1/1858 2120/1/1860 2121/1/1792 2118/1/1791
f 2118/1/1791 2121/1/1792 2122/1/1861 2119/1/1859
f 2120/1/1860 2123/1/1862 2124/1/1793 2121/1/1792
f 2121/1/1792 2124/1/1793 2125/1/1863 2122/1/1861
g shell_7_faceted_armor
usemtl armor
f 2126/1/1864 2127/1/1865 2128/1/1866 2129/1/1867
f 2129/1/1867 2128/1/1866 2130/1/1868 2131/1/1869
f 2131/1/1869 2130/1/1868 2132/1/1870 2133/1/1871
f 2133/1/1871 2132/1/1870 2134/1/1872 2135/1/1873
f 2127/1/1865 2136/1/1874 2137/1/1875 2128/1/1866
f 2128/1/1866 2137/1/1875 2138/1/1876 2130/1/1868
f 2130/1/1868 2138/1/1876 2139/1/1877 2132/1/1870
f 2132/1/1870 2139/1/1877 2140/1/1878 2134/1/1872
f 2136/1/1874 2141/1/1879 2142/1/1880 2137/1/1875
f 2137/1/1875 2142/1/1880 2143/1/1881 2138/1/1876
f 2138/1/1876 2143/1/1881 2144/1/1882 2139/1/1877
f 2139/1/1877 2144/1/1882 2145/1/1883 2140/1/1878
f 2141/1/1879 2146/1/1884 2147/1/1885 2142/1/1880
f 2142/1/1880 2147/1/1885 2148/1/1886 2143/1/1881
f 2143/1/1881 2148/1/1886 2149/1/1887 2144/1/1882
f 2144/1/1882 2149/1/1887 2150/1/1888 2145/1/1883
f 2146/1/1884 2151/1/1889 2152/1/1890 2147/1/1885
f 2147/1/1885 2152/1/1890 2153/1/1891 2148/1/1886
f 2148/1/1886 2153/1/1891 2154/1/1892 2149/1/1887
f 2149/1/1887 2154/1/1892 2155/1/1893 2150/1/1888
f 2151/1/1889 2156/1/1894 2157/1/1895 2152/1/1890
f 2152/1/1890 2157/1/1895 2158/1/1896 2153/1/1891
f 2153/1/1891 2158/1/1896 2159/1/1897 2154/1/1892
f 2154/1/1892 2159/1/1897 2160/1/1898 2155/1/1893
usemtl obsidian
f 2161/1/1899 2162/1/1900 2163/1/1901 2164/1/1902
f 2165/1/1903 2166/1/1904 2162/1/1900 2161/1/1899
f 2167/1/1905 2168/1/1906 2166/1/1904 2165/1/1903
f 2169/1/1907 2170/1/1908 2168/1/1906 2167/1/1905
f 2162/1/1900 2171/1/1909 2172/1/1910 2163/1/1901
f 2166/1/1904 2173/1/1911 2171/1/1909 2162/1/1900
f 2168/1/1906 2174/1/1912 2173/1/1911 2166/1/1904
f 2170/1/1908 2175/1/1913 2174/1/1912 2168/1/1906
f 2171/1/1909 2176/1/1914 2177/1/1915 2172/1/1910
f 2173/1/1911 2178/1/1916 2176/1/1914 2171/1/1909
f 2174/1/1912 2179/1/1917 2178/1/1916 2173/1/1911
f 2175/1/1913 2180/1/1918 2179/1/1917 2174/1/1912
f 2176/1/1914 2181/1/1919 2182/1/1920 2177/1/1915
f 2178/1/1916 2183/1/1921 2181/1/1919 2176/1/1914
f 2179/1/1917 2184/1/1922 2183/1/1921 2178/1/1916
f 2180/1/1918 2185/1/1923 2184/1/1922 2179/1/1917
f 2181/1/1919 2186/1/1924 2187/1/1925 2182/1/1920
f 2183/1/1921 2188/1/1926 2186/1/1924 2181/1/1919
f 2184/1/1922 2189/1/1927 2188/1/1926 2183/1/1921
f 2185/1/1923 2190/1/1928 2189/1/1927 2184/1/1922
f 2186/1/1924 2191/1/1929 2192/1/1930 2187/1/1925
f 2188/1/1926 2193/1/1931 2191/1/1929 2186/1/1924
f 2189/1/1927 2194/1/1932 2193/1/1931 2188/1/1926
f 2190/1/1928 2195/1/1933 2194/1/1932 2189/1/1927
usemtl armor_edge
f 2126/1/1934 2129/1/1934 2161/1/1934 2164/1/1934
f 2129/1/1934 2131/1/1934 2165/1/1934 2161/1/1934
f 2131/1/1934 2133/1/1934 2167/1/1934 2165/1/1934
f 2133/1/1934 2135/1/1934 2169/1/1934 2167/1/1934
f 2135/1/1935 2134/1/1935 2170/1/1935 2169/1/1935
f 2134/1/1936 2140/1/1936 2175/1/1936 2170/1/1936
f 2140/1/1935 2145/1/1935 2180/1/1935 2175/1/1935
f 2145/1/1935 2150/1/1935 2185/1/1935 2180/1/1935
f 2150/1/1935 2155/1/1935 2190/1/1935 2185/1/1935
f 2155/1/1936 2160/1/1936 2195/1/1936 2190/1/1936
f 2160/1/1937 2159/1/1937 2194/1/1937 2195/1/1937
f 2159/1/1937 2158/1/1937 2193/1/1937 2194/1/1937
f 2158/1/1937 2157/1/1937 2191/1/1937 2193/1/1937
f 2157/1/1937 2156/1/1937 2192/1/1937 2191/1/1937
f 2156/1/1938 2151/1/1938 2187/1/1938 2192/1/1938
f 2151/1/1938 2146/1/1938 2182/1/1938 2187/1/1938
f 2146/1/1939 2141/1/1939 2177/1/1939 2182/1/1939
f 2141/1/1938 2136/1/1938 2172/1/1938 2177/1/1938
f 2136/1/1938 2127/1/1938 2163/1/1938 2172/1/1938
f 2127/1/1939 2126/1/1939 2164/1/1939 2163/1/1939
f 2196/1/1940 2197/1/1941 2198/1/1942 2199/1/1943
f 2199/1/1943 2198/1/1942 2200/1/1944 2201/1/1945
f 2201/1/1945 2200/1/1944 2202/1/1946 2203/1/1947
f 2197/1/1941 2204/1/1948 2205/1/1949 2198/1/1942
f 2198/1/1942 2205/1/1949 2206/1/1950 2200/1/1944
f 2200/1/1944 2206/1/1950 2207/1/1951 2202/1/1946
f 2204/1/1948 2208/1/1952 2209/1/1953 2205/1/1949
f 2205/1/1949 2209/1/1953 2210/1/1954 2206/1/1950
f 2206/1/1950 2210/1/1954 2211/1/1955 2207/1/1951
f 2208/1/1952 2212/1/1956 2213/1/1957 2209/1/1953
f 2209/1/1953 2213/1/1957 2214/1/1958 2210/1/1954
f 2210/1/1954 2214/1/1958 2215/1/1959 2211/1/1955
usemtl obsidian
f 2216/1/1960 2217/1/1961 2218/1/1962 2219/1/1963
f 2220/1/1964 2221/1/1965 2217/1/1961 2216/1/1960
f 2222/1/1966 2223/1/1967 2221/1/1965 2220/1/1964
f 2217/1/1961 2224/1/1968 2225/1/1969 2218/1/1962
f 2221/1/1965 2226/1/1970 2224/1/1968 2217/1/1961
f 2223/1/1967 2227/1/1971 2226/1/1970 2221/1/1965
f 2224/1/1968 2228/1/1972 2229/1/1973 2225/1/1969
f 2226/1/1970 2230/1/1974 2228/1/1972 2224/1/1968
f 2227/1/1971 2231/1/1975 2230/1/1974 2226/1/1970
f 2228/1/1972 2232/1/1976 2233/1/1977 2229/1/1973
f 2230/1/1974 2234/1/1978 2232/1/1976 2228/1/1972
f 2231/1/1975 2235/1/1979 2234/1/1978 2230/1/1974
usemtl amethyst
f 2196/1/1980 2199/1/1980 2216/1/1980 2219/1/1980
f 2199/1/1980 2201/1/1980 2220/1/1980 2216/1/1980
f 2201/1/1980 2203/1/1980 2222/1/1980 2220/1/1980
f 2203/1/1981 2202/1/1981 2223/1/1981 2222/1/1981
f 2202/1/1981 2207/1/1981 2227/1/1981 2223/1/1981
f 2207/1/1982 2211/1/1982 2231/1/1982 2227/1/1982
f 2211/1/1982 2215/1/1982 2235/1/1982 2231/1/1982
f 2215/1/1983 2214/1/1983 2234/1/1983 2235/1/1983
f 2214/1/1983 2213/1/1983 2232/1/1983 2234/1/1983
f 2213/1/1983 2212/1/1983 2233/1/1983 2232/1/1983
f 2212/1/1984 2208/1/1984 2229/1/1984 2233/1/1984
f 2208/1/1984 2204/1/1984 2225/1/1984 2229/1/1984
f 2204/1/1984 2197/1/1984 2218/1/1984 2225/1/1984
f 2197/1/1984 2196/1/1984 2219/1/1984 2218/1/1984
usemtl violet
f 2236/1/1985 2237/1/1986 2238/1/1876 2239/1/1868
f 2239/1/1868 2238/1/1876 2240/1/1987 2241/1/1988
f 2237/1/1986 2242/1/1989 2243/1/1881 2238/1/1876
f 2238/1/1876 2243/1/1881 2244/1/1990 2240/1/1987
f 2242/1/1989 2245/1/1991 2246/1/1886 2243/1/1881
f 2243/1/1881 2246/1/1886 2247/1/1992 2244/1/1990
f 2245/1/1991 2248/1/1993 2249/1/1891 2246/1/1886
f 2246/1/1886 2249/1/1891 2250/1/1994 2247/1/1992
g shell_8_faceted_armor
usemtl armor
f 2251/1/1995 2252/1/1996 2253/1/1997 2254/1/1998
f 2254/1/1998 2253/1/1997 2255/1/1999 2256/1/2000
f 2256/1/2000 2255/1/1999 2257/1/2001 2258/1/2002
f 2258/1/2002 2257/1/2001 2259/1/2003 2260/1/2004
f 2252/1/1996 2261/1/2005 2262/1/2006 2253/1/1997
f 2253/1/1997 2262/1/2006 2263/1/2007 2255/1/1999
f 2255/1/1999 2263/1/2007 2264/1/2008 2257/1/2001
f 2257/1/2001 2264/1/2008 2265/1/2009 2259/1/2003
f 2261/1/2005 2266/1/2010 2267/1/2011 2262/1/2006
f 2262/1/2006 2267/1/2011 2268/1/2012 2263/1/2007
f 2263/1/2007 2268/1/2012 2269/1/2013 2264/1/2008
f 2264/1/2008 2269/1/2013 2270/1/2014 2265/1/2009
f 2266/1/2010 2271/1/2015 2272/1/2016 2267/1/2011
f 2267/1/2011 2272/1/2016 2273/1/2017 2268/1/2012
f 2268/1/2012 2273/1/2017 2274/1/2018 2269/1/2013
f 2269/1/2013 2274/1/2018 2275/1/2019 2270/1/2014
f 2271/1/2015 2276/1/2020 2277/1/2021 2272/1/2016
f 2272/1/2016 2277/1/2021 2278/1/2022 2273/1/2017
f 2273/1/2017 2278/1/2022 2279/1/2023 2274/1/2018
f 2274/1/2018 2279/1/2023 2280/1/2024 2275/1/2019
f 2276/1/2020 2281/1/2025 2282/1/2026 2277/1/2021
f 2277/1/2021 2282/1/2026 2283/1/2027 2278/1/2022
f 2278/1/2022 2283/1/2027 2284/1/2028 2279/1/2023
f 2279/1/2023 2284/1/2028 2285/1/2029 2280/1/2024
usemtl obsidian
f 2286/1/2030 2287/1/2031 2288/1/2032 2289/1/2033
f 2290/1/2034 2291/1/2035 2287/1/2031 2286/1/2030
f 2292/1/2036 2293/1/2037 2291/1/2035 2290/1/2034
f 2294/1/2038 2295/1/2039 2293/1/2037 2292/1/2036
f 2287/1/2031 2296/1/2040 2297/1/2041 2288/1/2032
f 2291/1/2035 2298/1/2042 2296/1/2040 2287/1/2031
f 2293/1/2037 2299/1/2043 2298/1/2042 2291/1/2035
f 2295/1/2039 2300/1/2044 2299/1/2043 2293/1/2037
f 2296/1/2040 2301/1/2045 2302/1/2046 2297/1/2041
f 2298/1/2042 2303/1/2047 2301/1/2045 2296/1/2040
f 2299/1/2043 2304/1/2048 2303/1/2047 2298/1/2042
f 2300/1/2044 2305/1/2049 2304/1/2048 2299/1/2043
f 2301/1/2045 2306/1/2050 2307/1/2051 2302/1/2046
f 2303/1/2047 2308/1/2052 2306/1/2050 2301/1/2045
f 2304/1/2048 2309/1/2053 2308/1/2052 2303/1/2047
f 2305/1/2049 2310/1/2054 2309/1/2053 2304/1/2048
f 2306/1/2050 2311/1/2055 2312/1/2056 2307/1/2051
f 2308/1/2052 2313/1/2057 2311/1/2055 2306/1/2050
f 2309/1/2053 2314/1/2058 2313/1/2057 2308/1/2052
f 2310/1/2054 2315/1/2059 2314/1/2058 2309/1/2053
f 2311/1/2055 2316/1/2060 2317/1/2061 2312/1/2056
f 2313/1/2057 2318/1/2062 2316/1/2060 2311/1/2055
f 2314/1/2058 2319/1/2063 2318/1/2062 2313/1/2057
f 2315/1/2059 2320/1/2064 2319/1/2063 2314/1/2058
usemtl armor_edge
f 2251/1/2065 2254/1/2065 2286/1/2065 2289/1/2065
f 2254/1/2065 2256/1/2065 2290/1/2065 2286/1/2065
f 2256/1/2065 2258/1/2065 2292/1/2065 2290/1/2065
f 2258/1/2065 2260/1/2065 2294/1/2065 2292/1/2065
f 2260/1/2066 2259/1/2066 2295/1/2066 2294/1/2066
f 2259/1/2066 2265/1/2066 2300/1/2066 2295/1/2066
f 2265/1/2066 2270/1/2066 2305/1/2066 2300/1/2066
f 2270/1/2066 2275/1/2066 2310/1/2066 2305/1/2066
f 2275/1/2066 2280/1/2066 2315/1/2066 2310/1/2066
f 2280/1/2066 2285/1/2066 2320/1/2066 2315/1/2066
f 2285/1/2067 2284/1/2067 2319/1/2067 2320/1/2067
f 2284/1/2067 2283/1/2067 2318/1/2067 2319/1/2067
f 2283/1/2067 2282/1/2067 2316/1/2067 2318/1/2067
f 2282/1/2067 2281/1/2067 2317/1/2067 2316/1/2067
f 2281/1/2068 2276/1/2068 2312/1/2068 2317/1/2068
f 2276/1/2068 2271/1/2068 2307/1/2068 2312/1/2068
f 2271/1/2068 2266/1/2068 2302/1/2068 2307/1/2068
f 2266/1/2068 2261/1/2068 2297/1/2068 2302/1/2068
f 2261/1/2068 2252/1/2068 2288/1/2068 2297/1/2068
f 2252/1/2068 2251/1/2068 2289/1/2068 2288/1/2068
f 2321/1/2069 2322/1/2070 2323/1/2071 2324/1/2072
f 2324/1/2072 2323/1/2071 2325/1/2073 2326/1/2074
f 2326/1/2074 2325/1/2073 2327/1/2075 2328/1/2076
f 2322/1/2070 2329/1/2077 2330/1/2078 2323/1/2071
f 2323/1/2071 2330/1/2078 2331/1/2079 2325/1/2073
f 2325/1/2073 2331/1/2079 2332/1/2080 2327/1/2075
f 2329/1/2077 2333/1/2081 2334/1/2082 2330/1/2078
f 2330/1/2078 2334/1/2082 2335/1/2083 2331/1/2079
f 2331/1/2079 2335/1/2083 2336/1/2084 2332/1/2080
f 2333/1/2081 2337/1/2085 2338/1/2086 2334/1/2082
f 2334/1/2082 2338/1/2086 2339/1/2087 2335/1/2083
f 2335/1/2083 2339/1/2087 2340/1/2088 2336/1/2084
usemtl obsidian
f 2341/1/2089 2342/1/2090 2343/1/2091 2344/1/2092
f 2345/1/2093 2346/1/2094 2342/1/2090 2341/1/2089
f 2347/1/2095 2348/1/2096 2346/1/2094 2345/1/2093
f 2342/1/2090 2349/1/2097 2350/1/2098 2343/1/2091
f 2346/1/2094 2351/1/2099 2349/1/2097 2342/1/2090
f 2348/1/2096 2352/1/2100 2351/1/2099 2346/1/2094
f 2349/1/2097 2353/1/2101 2354/1/2102 2350/1/2098
f 2351/1/2099 2355/1/2103 2353/1/2101 2349/1/2097
f 2352/1/2100 2356/1/2104 2355/1/2103 2351/1/2099
f 2353/1/2101 2357/1/2105 2358/1/2106 2354/1/2102
f 2355/1/2103 2359/1/2107 2357/1/2105 2353/1/2101
f 2356/1/2104 2360/1/2108 2359/1/2107 2355/1/2103
usemtl amethyst
f 2321/1/2109 2324/1/2109 2341/1/2109 2344/1/2109
f 2324/1/2109 2326/1/2109 2345/1/2109 2341/1/2109
f 2326/1/2109 2328/1/2109 2347/1/2109 2345/1/2109
f 2328/1/2110 2327/1/2110 2348/1/2110 2347/1/2110
f 2327/1/2110 2332/1/2110 2352/1/2110 2348/1/2110
f 2332/1/2110 2336/1/2110 2356/1/2110 2352/1/2110
f 2336/1/2110 2340/1/2110 2360/1/2110 2356/1/2110
f 2340/1/2111 2339/1/2111 2359/1/2111 2360/1/2111
f 2339/1/2111 2338/1/2111 2357/1/2111 2359/1/2111
f 2338/1/2111 2337/1/2111 2358/1/2111 2357/1/2111
f 2337/1/2112 2333/1/2112 2354/1/2112 2358/1/2112
f 2333/1/2112 2329/1/2112 2350/1/2112 2354/1/2112
f 2329/1/2112 2322/1/2112 2343/1/2112 2350/1/2112
f 2322/1/2112 2321/1/2112 2344/1/2112 2343/1/2112
usemtl violet
f 2361/1/2113 2362/1/2114 2363/1/2007 2364/1/1999
f 2364/1/1999 2363/1/2007 2365/1/2115 2366/1/2116
f 2362/1/2114 2367/1/2117 2368/1/2012 2363/1/2007
f 2363/1/2007 2368/1/2012 2369/1/2118 2365/1/2115
f 2367/1/2117 2370/1/2119 2371/1/2017 2368/1/2012
f 2368/1/2012 2371/1/2017 2372/1/2120 2369/1/2118
f 2370/1/2119 2373/1/2121 2374/1/2022 2371/1/2017
f 2371/1/2017 2374/1/2022 2375/1/2122 2372/1/2120
g shell_9_faceted_armor
usemtl obsidian
f 2376/1/2123 2377/1/2124 2378/1/2125 2379/1/2126
f 2379/1/2126 2378/1/2125 2380/1/2127 2381/1/2128
f 2381/1/2128 2380/1/2127 2382/1/2129 2383/1/2130
f 2383/1/2130 2382/1/2129 2384/1/2131 2385/1/2132
f 2377/1/2124 2386/1/2133 2387/1/2134 2378/1/2125
f 2378/1/2125 2387/1/2134 2388/1/2135 2380/1/2127
f 2380/1/2127 2388/1/2135 2389/1/2136 2382/1/2129
f 2382/1/2129 2389/1/2136 2390/1/2137 2384/1/2131
f 2386/1/2133 2391/1/2138 2392/1/2139 2387/1/2134
f 2387/1/2134 2392/1/2139 2393/1/2140 2388/1/2135
f 2388/1/2135 2393/1/2140 2394/1/2141 2389/1/2136
f 2389/1/2136 2394/1/2141 2395/1/2142 2390/1/2137
f 2391/1/2138 2396/1/2143 2397/1/2144 2392/1/2139
f 2392/1/2139 2397/1/2144 2398/1/2145 2393/1/2140
f 2393/1/2140 2398/1/2145 2399/1/2146 2394/1/2141
f 2394/1/2141 2399/1/2146 2400/1/2147 2395/1/2142
f 2396/1/2143 2401/1/2148 2402/1/2149 2397/1/2144
f 2397/1/2144 2402/1/2149 2403/1/2150 2398/1/2145
f 2398/1/2145 2403/1/2150 2404/1/2151 2399/1/2146
f 2399/1/2146 2404/1/2151 2405/1/2152 2400/1/2147
f 2401/1/2148 2406/1/2153 2407/1/2154 2402/1/2149
f 2402/1/2149 2407/1/2154 2408/1/2155 2403/1/2150
f 2403/1/2150 2408/1/2155 2409/1/2156 2404/1/2151
f 2404/1/2151 2409/1/2156 2410/1/2157 2405/1/2152
f 2411/1/2158 2412/1/2159 2413/1/2160 2414/1/2161
f 2415/1/2162 2416/1/2163 2412/1/2159 2411/1/2158
f 2417/1/2164 2418/1/2165 2416/1/2163 2415/1/2162
f 2419/1/2166 2420/1/2167 2418/1/2165 2417/1/2164
f 2412/1/2159 2421/1/2168 2422/1/2169 2413/1/2160
f 2416/1/2163 2423/1/2170 2421/1/2168 2412/1/2159
f 2418/1/2165 2424/1/2171 2423/1/2170 2416/1/2163
f 2420/1/2167 2425/1/2172 2424/1/2171 2418/1/2165
f 2421/1/2168 2426/1/2173 2427/1/2174 2422/1/2169
f 2423/1/2170 2428/1/2175 2426/1/2173 2421/1/2168
f 2424/1/2171 2429/1/2176 2428/1/2175 2423/1/2170
f 2425/1/2172 2430/1/2177 2429/1/2176 2424/1/2171
f 2426/1/2173 2431/1/2178 2432/1/2179 2427/1/2174
f 2428/1/2175 2433/1/2180 2431/1/2178 2426/1/2173
f 2429/1/2176 2434/1/2181 2433/1/2180 2428/1/2175
f 2430/1/2177 2435/1/2182 2434/1/2181 2429/1/2176
f 2431/1/2178 2436/1/2183 2437/1/2184 2432/1/2179
f 2433/1/2180 2438/1/2185 2436/1/2183 2431/1/2178
f 2434/1/2181 2439/1/2186 2438/1/2185 2433/1/2180
f 2435/1/2182 2440/1/2187 2439/1/2186 2434/1/2181
f 2436/1/2183 2441/1/2188 2442/1/2189 2437/1/2184
f 2438/1/2185 2443/1/2190 2441/1/2188 2436/1/2183
f 2439/1/2186 2444/1/2191 2443/1/2190 2438/1/2185
f 2440/1/2187 2445/1/2192 2444/1/2191 2439/1/2186
usemtl armor_edge
f 2376/1/2193 2379/1/2193 2411/1/2193 2414/1/2193
f 2379/1/2193 2381/1/2193 2415/1/2193 2411/1/2193
f 2381/1/2193 2383/1/2193 2417/1/2193 2415/1/2193
f 2383/1/2193 2385/1/2193 2419/1/2193 2417/1/2193
f 2385/1/2194 2384/1/2194 2420/1/2194 2419/1/2194
f 2384/1/2194 2390/1/2194 2425/1/2194 2420/1/2194
f 2390/1/2194 2395/1/2194 2430/1/2194 2425/1/2194
f 2395/1/2194 2400/1/2194 2435/1/2194 2430/1/2194
f 2400/1/2194 2405/1/2194 2440/1/2194 2435/1/2194
f 2405/1/2194 2410/1/2194 2445/1/2194 2440/1/2194
f 2410/1/2195 2409/1/2195 2444/1/2195 2445/1/2195
f 2409/1/2195 2408/1/2195 2443/1/2195 2444/1/2195
f 2408/1/2195 2407/1/2195 2441/1/2195 2443/1/2195
f 2407/1/2195 2406/1/2195 2442/1/2195 2441/1/2195
f 2406/1/2196 2401/1/2196 2437/1/2196 2442/1/2196
f 2401/1/2196 2396/1/2196 2432/1/2196 2437/1/2196
f 2396/1/2196 2391/1/2196 2427/1/2196 2432/1/2196
f 2391/1/2196 2386/1/2196 2422/1/2196 2427/1/2196
f 2386/1/2196 2377/1/2196 2413/1/2196 2422/1/2196
f 2377/1/2196 2376/1/2196 2414/1/2196 2413/1/2196
f 2446/1/2197 2447/1/2198 2448/1/2199 2449/1/2200
f 2449/1/2200 2448/1/2199 2450/1/2201 2451/1/2202
f 2451/1/2202 2450/1/2201 2452/1/2203 2453/1/2204
f 2447/1/2198 2454/1/2205 2455/1/2206 2448/1/2199
f 2448/1/2199 2455/1/2206 2456/1/2207 2450/1/2201
f 2450/1/2201 2456/1/2207 2457/1/2208 2452/1/2203
f 2454/1/2205 2458/1/2209 2459/1/2210 2455/1/2206
f 2455/1/2206 2459/1/2210 2460/1/2211 2456/1/2207
f 2456/1/2207 2460/1/2211 2461/1/2212 2457/1/2208
f 2458/1/2209 2462/1/2213 2463/1/2214 2459/1/2210
f 2459/1/2210 2463/1/2214 2464/1/2215 2460/1/2211
f 2460/1/2211 2464/1/2215 2465/1/2216 2461/1/2212
usemtl obsidian
f 2466/1/2217 2467/1/2218 2468/1/2219 2469/1/2220
f 2470/1/2221 2471/1/2222 2467/1/2218 2466/1/2217
f 2472/1/2223 2473/1/2224 2471/1/2222 2470/1/2221
f 2467/1/2218 2474/1/2225 2475/1/2226 2468/1/2219
f 2471/1/2222 2476/1/2227 2474/1/2225 2467/1/2218
f 2473/1/2224 2477/1/2228 2476/1/2227 2471/1/2222
f 2474/1/2225 2478/1/2229 2479/1/2230 2475/1/2226
f 2476/1/2227 2480/1/2231 2478/1/2229 2474/1/2225
f 2477/1/2228 2481/1/2232 2480/1/2231 2476/1/2227
f 2478/1/2229 2482/1/2233 2483/1/2234 2479/1/2230
f 2480/1/2231 2484/1/2235 2482/1/2233 2478/1/2229
f 2481/1/2232 2485/1/2236 2484/1/2235 2480/1/2231
usemtl amethyst
f 2446/1/2237 2449/1/2237 2466/1/2237 2469/1/2237
f 2449/1/2237 2451/1/2237 2470/1/2237 2466/1/2237
f 2451/1/2237 2453/1/2237 2472/1/2237 2470/1/2237
f 2453/1/2238 2452/1/2238 2473/1/2238 2472/1/2238
f 2452/1/2238 2457/1/2238 2477/1/2238 2473/1/2238
f 2457/1/2238 2461/1/2238 2481/1/2238 2477/1/2238
f 2461/1/2238 2465/1/2238 2485/1/2238 2481/1/2238
f 2465/1/2239 2464/1/2239 2484/1/2239 2485/1/2239
f 2464/1/2239 2463/1/2239 2482/1/2239 2484/1/2239
f 2463/1/2239 2462/1/2239 2483/1/2239 2482/1/2239
f 2462/1/2240 2458/1/2240 2479/1/2240 2483/1/2240
f 2458/1/2240 2454/1/2240 2475/1/2240 2479/1/2240
f 2454/1/2240 2447/1/2240 2468/1/2240 2475/1/2240
f 2447/1/2240 2446/1/2240 2469/1/2240 2468/1/2240
usemtl violet
f 2486/1/2241 2487/1/2242 2488/1/2135 2489/1/2127
f 2489/1/2127 2488/1/2135 2490/1/2243 2491/1/2244
f 2487/1/2242 2492/1/2245 2493/1/2140 2488/1/2135
f 2488/1/2135 2493/1/2140 2494/1/2246 2490/1/2243
f 2492/1/2245 2495/1/2247 2496/1/2145 2493/1/2140
f 2493/1/2140 2496/1/2145 2497/1/2248 2494/1/2246
f 2495/1/2247 2498/1/2249 2499/1/2150 2496/1/2145
f 2496/1/2145 2499/1/2150 2500/1/2250 2497/1/2248
g shell_10_faceted_armor
usemtl armor
f 2501/1/1907 2502/1/1908 2503/1/1906 2504/1/1905
f 2504/1/1905 2503/1/1906 2505/1/1904 2506/1/1903
f 2506/1/1903 2505/1/1904 2507/1/1900 2508/1/1899
f 2508/1/1899 2507/1/1900 2509/1/1901 2510/1/1902
f 2502/1/1908 2511/1/1913 2512/1/1912 2503/1/1906
f 2503/1/1906 2512/1/1912 2513/1/1911 2505/1/1904
f 2505/1/1904 2513/1/1911 2514/1/1909 2507/1/1900
f 2507/1/1900 2514/1/1909 2515/1/1910 2509/1/1901
f 2511/1/1913 2516/1/2251 2517/1/2252 2512/1/1912
f 2512/1/1912 2517/1/2252 2518/1/2253 2513/1/1911
f 2513/1/1911 2518/1/2253 2519/1/2254 2514/1/1909
f 2514/1/1909 2519/1/2254 2520/1/2255 2515/1/1910
f 2516/1/2251 2521/1/1923 2522/1/1922 2517/1/2252
f 2517/1/2252 2522/1/1922 2523/1/1921 2518/1/2253
f 2518/1/2253 2523/1/1921 2524/1/1919 2519/1/2254
f 2519/1/2254 2524/1/1919 2525/1/1920 2520/1/2255
f 2521/1/1923 2526/1/1928 2527/1/1927 2522/1/1922
f 2522/1/1922 2527/1/1927 2528/1/1926 2523/1/1921
f 2523/1/1921 2528/1/1926 2529/1/1924 2524/1/1919
f 2524/1/1919 2529/1/1924 2530/1/1925 2525/1/1920
f 2526/1/1928 2531/1/1933 2532/1/1932 2527/1/1927
f 2527/1/1927 2532/1/1932 2533/1/1931 2528/1/1926
f 2528/1/1926 2533/1/1931 2534/1/1929 2529/1/1924
f 2529/1/1924 2534/1/1929 2535/1/1930 2530/1/1925
usemtl obsidian
f 2536/1/1871 2537/1/1870 2538/1/1872 2539/1/1873
f 2540/1/1869 2541/1/1868 2537/1/1870 2536/1/1871
f 2542/1/1867 2543/1/1866 2541/1/1868 2540/1/1869
f 2544/1/1864 2545/1/1865 2543/1/1866 2542/1/1867
f 2537/1/1870 2546/1/1877 2547/1/1878 2538/1/1872
f 2541/1/1868 2548/1/1876 2546/1/1877 2537/1/1870
f 2543/1/1866 2549/1/1875 2548/1/1876 2541/1/1868
f 2545/1/1865 2550/1/1874 2549/1/1875 2543/1/1866
f 2546/1/1877 2551/1/2256 2552/1/2257 2547/1/1878
f 2548/1/1876 2553/1/2258 2551/1/2256 2546/1/1877
f 2549/1/1875 2554/1/2259 2553/1/2258 2548/1/1876
f 2550/1/1874 2555/1/2260 2554/1/2259 2549/1/1875
f 2551/1/2256 2556/1/1887 2557/1/1888 2552/1/2257
f 2553/1/2258 2558/1/1886 2556/1/1887 2551/1/2256
f 2554/1/2259 2559/1/1885 2558/1/1886 2553/1/2258
f 2555/1/2260 2560/1/1884 2559/1/1885 2554/1/2259
f 2556/1/1887 2561/1/1892 2562/1/1893 2557/1/1888
f 2558/1/1886 2563/1/1891 2561/1/1892 2556/1/1887
f 2559/1/1885 2564/1/1890 2563/1/1891 2558/1/1886
f 2560/1/1884 2565/1/1889 2564/1/1890 2559/1/1885
f 2561/1/1892 2566/1/1897 2567/1/1898 2562/1/1893
f 2563/1/1891 2568/1/1896 2566/1/1897 2561/1/1892
f 2564/1/1890 2569/1/1895 2568/1/1896 2563/1/1891
f 2565/1/1889 2570/1/1894 2569/1/1895 2564/1/1890
usemtl armor_edge
f 2501/1/2261 2504/1/2261 2536/1/2261 2539/1/2261
f 2504/1/2261 2506/1/2261 2540/1/2261 2536/1/2261
f 2506/1/2261 2508/1/2261 2542/1/2261 2540/1/2261
f 2508/1/2261 2510/1/2261 2544/1/2261 2542/1/2261
f 2510/1/2262 2509/1/2262 2545/1/2262 2544/1/2262
f 2509/1/2262 2515/1/2262 2550/1/2262 2545/1/2262
f 2515/1/2263 2520/1/2263 2555/1/2263 2550/1/2263
f 2520/1/2262 2525/1/2262 2560/1/2262 2555/1/2262
f 2525/1/2262 2530/1/2262 2565/1/2262 2560/1/2262
f 2530/1/2263 2535/1/2263 2570/1/2263 2565/1/2263
f 2535/1/2264 2534/1/2264 2569/1/2264 2570/1/2264
f 2534/1/2264 2533/1/2264 2568/1/2264 2569/1/2264
f 2533/1/2264 2532/1/2264 2566/1/2264 2568/1/2264
f 2532/1/2264 2531/1/2264 2567/1/2264 2566/1/2264
f 2531/1/2265 2526/1/2265 2562/1/2265 2567/1/2265
f 2526/1/2266 2521/1/2266 2557/1/2266 2562/1/2266
f 2521/1/2265 2516/1/2265 2552/1/2265 2557/1/2265
f 2516/1/2265 2511/1/2265 2547/1/2265 2552/1/2265
f 2511/1/2265 2502/1/2265 2538/1/2265 2547/1/2265
f 2502/1/2266 2501/1/2266 2539/1/2266 2538/1/2266
f 2571/1/2267 2572/1/2268 2573/1/2269 2574/1/2270
f 2574/1/2270 2573/1/2269 2575/1/2271 2576/1/2272
f 2576/1/2272 2575/1/2271 2577/1/2273 2578/1/2274
f 2572/1/2268 2579/1/2275 2580/1/2276 2573/1/2269
f 2573/1/2269 2580/1/2276 2581/1/2277 2575/1/2271
f 2575/1/2271 2581/1/2277 2582/1/2278 2577/1/2273
f 2579/1/2275 2583/1/2279 2584/1/2280 2580/1/2276
f 2580/1/2276 2584/1/2280 2585/1/2281 2581/1/2277
f 2581/1/2277 2585/1/2281 2586/1/2282 2582/1/2278
f 2583/1/2279 2587/1/2283 2588/1/2284 2584/1/2280
f 2584/1/2280 2588/1/2284 2589/1/2285 2585/1/2281
f 2585/1/2281 2589/1/2285 2590/1/2286 2586/1/2282
usemtl obsidian
f 2591/1/2287 2592/1/2288 2593/1/2289 2594/1/2290
f 2595/1/2291 2596/1/2292 2592/1/2288 2591/1/2287
f 2597/1/2293 2598/1/2294 2596/1/2292 2595/1/2291
f 2592/1/2288 2599/1/2295 2600/1/2296 2593/1/2289
f 2596/1/2292 2601/1/2297 2599/1/2295 2592/1/2288
f 2598/1/2294 2602/1/2298 2601/1/2297 2596/1/2292
f 2599/1/2295 2603/1/2299 2604/1/2300 2600/1/2296
f 2601/1/2297 2605/1/2301 2603/1/2299 2599/1/2295
f 2602/1/2298 2606/1/2302 2605/1/2301 2601/1/2297
f 2603/1/2299 2607/1/2303 2608/1/2304 2604/1/2300
f 2605/1/2301 2609/1/2305 2607/1/2303 2603/1/2299
f 2606/1/2302 2610/1/2306 2609/1/2305 2605/1/2301
usemtl amethyst
f 2571/1/2307 2574/1/2307 2591/1/2307 2594/1/2307
f 2574/1/2307 2576/1/2307 2595/1/2307 2591/1/2307
f 2576/1/2307 2578/1/2307 2597/1/2307 2595/1/2307
f 2578/1/2308 2577/1/2308 2598/1/2308 2597/1/2308
f 2577/1/2309 2582/1/2309 2602/1/2309 2598/1/2309
f 2582/1/2308 2586/1/2308 2606/1/2308 2602/1/2308
f 2586/1/2309 2590/1/2309 2610/1/2309 2606/1/2309
f 2590/1/2310 2589/1/2310 2609/1/2310 2610/1/2310
f 2589/1/2310 2588/1/2310 2607/1/2310 2609/1/2310
f 2588/1/2310 2587/1/2310 2608/1/2310 2607/1/2310
f 2587/1/2311 2583/1/2311 2604/1/2311 2608/1/2311
f 2583/1/2312 2579/1/2312 2600/1/2312 2604/1/2312
f 2579/1/2311 2572/1/2311 2593/1/2311 2600/1/2311
f 2572/1/2312 2571/1/2312 2594/1/2312 2593/1/2312
usemtl violet
f 2611/1/2313 2612/1/2314 2613/1/1911 2614/1/1904
f 2614/1/1904 2613/1/1911 2615/1/2315 2616/1/2316
f 2612/1/2314 2617/1/2317 2618/1/2253 2613/1/1911
f 2613/1/1911 2618/1/2253 2619/1/2318 2615/1/2315
f 2617/1/2317 2620/1/2319 2621/1/1921 2618/1/2253
f 2618/1/2253 2621/1/1921 2622/1/2320 2619/1/2318
f 2620/1/2319 2623/1/2321 2624/1/1926 2621/1/1921
f 2621/1/1921 2624/1/1926 2625/1/2322 2622/1/2320
g shell_11_faceted_armor
usemtl armor
f 2626/1/2166 2627/1/2167 2628/1/2165 2629/1/2164
f 2629/1/2164 2628/1/2165 2630/1/2163 2631/1/2162
f 2631/1/2162 2630/1/2163 2632/1/2159 2633/1/2158
f 2633/1/2158 2632/1/2159 2634/1/2160 2635/1/2161
f 2627/1/2167 2636/1/2172 2637/1/2171 2628/1/2165
f 2628/1/2165 2637/1/2171 2638/1/2170 2630/1/2163
f 2630/1/2163 2638/1/2170 2639/1/2168 2632/1/2159
f 2632/1/2159 2639/1/2168 2640/1/2169 2634/1/2160
f 2636/1/2172 2641/1/2177 2642/1/2176 2637/1/2171
f 2637/1/2171 2642/1/2176 2643/1/2175 2638/1/2170
f 2638/1/2170 2643/1/2175 2644/1/2173 2639/1/2168
f 2639/1/2168 2644/1/2173 2645/1/2174 2640/1/2169
f 2641/1/2177 2646/1/2182 2647/1/2181 2642/1/2176
f 2642/1/2176 2647/1/2181 2648/1/2180 2643/1/2175
f 2643/1/2175 2648/1/2180 2649/1/2178 2644/1/2173
f 2644/1/2173 2649/1/2178 2650/1/2179 2645/1/2174
f 2646/1/2182 2651/1/2187 2652/1/2186 2647/1/2181
f 2647/1/2181 2652/1/2186 2653/1/2185 2648/1/2180
f 2648/1/2180 2653/1/2185 2654/1/2183 2649/1/2178
f 2649/1/2178 2654/1/2183 2655/1/2184 2650/1/2179
f 2651/1/2187 2656/1/2192 2657/1/2191 2652/1/2186
f 2652/1/2186 2657/1/2191 2658/1/2190 2653/1/2185
f 2653/1/2185 2658/1/2190 2659/1/2188 2654/1/2183
f 2654/1/2183 2659/1/2188 2660/1/2189 2655/1/2184
usemtl obsidian
f 2661/1/2130 2662/1/2129 2663/1/2131 2664/1/2132
f 2665/1/2128 2666/1/2127 2662/1/2129 2661/1/2130
f 2667/1/2126 2668/1/2125 2666/1/2127 2665/1/2128
f 2669/1/2123 2670/1/2124 2668/1/2125 2667/1/2126
f 2662/1/2129 2671/1/2136 2672/1/2137 2663/1/2131
f 2666/1/2127 2673/1/2135 2671/1/2136 2662/1/2129
f 2668/1/2125 2674/1/2134 2673/1/2135 2666/1/2127
f 2670/1/2124 2675/1/2133 2674/1/2134 2668/1/2125
f 2671/1/2136 2676/1/2141 2677/1/2142 2672/1/2137
f 2673/1/2135 2678/1/2140 2676/1/2141 2671/1/2136
f 2674/1/2134 2679/1/2139 2678/1/2140 2673/1/2135
f 2675/1/2133 2680/1/2138 2679/1/2139 2674/1/2134
f 2676/1/2141 2681/1/2146 2682/1/2147 2677/1/2142
f 2678/1/2140 2683/1/2145 2681/1/2146 2676/1/2141
f 2679/1/2139 2684/1/2144 2683/1/2145 2678/1/2140
f 2680/1/2138 2685/1/2143 2684/1/2144 2679/1/2139
f 2681/1/2146 2686/1/2151 2687/1/2152 2682/1/2147
f 2683/1/2145 2688/1/2150 2686/1/2151 2681/1/2146
f 2684/1/2144 2689/1/2149 2688/1/2150 2683/1/2145
f 2685/1/2143 2690/1/2148 2689/1/2149 2684/1/2144
f 2686/1/2151 2691/1/2156 2692/1/2157 2687/1/2152
f 2688/1/2150 2693/1/2155 2691/1/2156 2686/1/2151
f 2689/1/2149 2694/1/2154 2693/1/2155 2688/1/2150
f 2690/1/2148 2695/1/2153 2694/1/2154 2689/1/2149
usemtl armor_edge
f 2626/1/2323 2629/1/2323 2661/1/2323 2664/1/2323
f 2629/1/2323 2631/1/2323 2665/1/2323 2661/1/2323
f 2631/1/2323 2633/1/2323 2667/1/2323 2665/1/2323
f 2633/1/2323 2635/1/2323 2669/1/2323 2667/1/2323
f 2635/1/2324 2634/1/2324 2670/1/2324 2669/1/2324
f 2634/1/2324 2640/1/2324 2675/1/2324 2670/1/2324
f 2640/1/2324 2645/1/2324 2680/1/2324 2675/1/2324
f 2645/1/2324 2650/1/2324 2685/1/2324 2680/1/2324
f 2650/1/2324 2655/1/2324 2690/1/2324 2685/1/2324
f 2655/1/2324 2660/1/2324 2695/1/2324 2690/1/2324
f 2660/1/2325 2659/1/2325 2694/1/2325 2695/1/2325
f 2659/1/2325 2658/1/2325 2693/1/2325 2694/1/2325
f 2658/1/2325 2657/1/2325 2691/1/2325 2693/1/2325
f 2657/1/2325 2656/1/2325 2692/1/2325 2691/1/2325
f 2656/1/2326 2651/1/2326 2687/1/2326 2692/1/2326
f 2651/1/2326 2646/1/2326 2682/1/2326 2687/1/2326
f 2646/1/2326 2641/1/2326 2677/1/2326 2682/1/2326
f 2641/1/2326 2636/1/2326 2672/1/2326 2677/1/2326
f 2636/1/2326 2627/1/2326 2663/1/2326 2672/1/2326
f 2627/1/2326 2626/1/2326 2664/1/2326 2663/1/2326
f 2696/1/2327 2697/1/2328 2698/1/2329 2699/1/2330
f 2699/1/2330 2698/1/2329 2700/1/2331 2701/1/2332
f 2701/1/2332 2700/1/2331 2702/1/2333 2703/1/2334
f 2697/1/2328 2704/1/2335 2705/1/2336 2698/1/2329
f 2698/1/2329 2705/1/2336 2706/1/2337 2700/1/2331
f 2700/1/2331 2706/1/2337 2707/1/2338 2702/1/2333
f 2704/1/2335 2708/1/2339 2709/1/2340 2705/1/2336
f 2705/1/2336 2709/1/2340 2710/1/2341 2706/1/2337
f 2706/1/2337 2710/1/2341 2711/1/2342 2707/1/2338
f 2708/1/2339 2712/1/2343 2713/1/2344 2709/1/2340
f 2709/1/2340 2713/1/2344 2714/1/2345 2710/1/2341
f 2710/1/2341 2714/1/2345 2715/1/2346 2711/1/2342
usemtl obsidian
f 2716/1/2347 2717/1/2348 2718/1/2349 2719/1/2350
f 2720/1/2351 2721/1/2352 2717/1/2348 2716/1/2347
f 2722/1/2353 2723/1/2354 2721/1/2352 2720/1/2351
f 2717/1/2348 2724/1/2355 2725/1/2356 2718/1/2349
f 2721/1/2352 2726/1/2357 2724/1/2355 2717/1/2348
f 2723/1/2354 2727/1/2358 2726/1/2357 2721/1/2352
f 2724/1/2355 2728/1/2359 2729/1/2360 2725/1/2356
f 2726/1/2357 2730/1/2361 2728/1/2359 2724/1/2355
f 2727/1/2358 2731/1/2362 2730/1/2361 2726/1/2357
f 2728/1/2359 2732/1/2363 2733/1/2364 2729/1/2360
f 2730/1/2361 2734/1/2365 2732/1/2363 2728/1/2359
f 2731/1/2362 2735/1/2366 2734/1/2365 2730/1/2361
usemtl amethyst
f 2696/1/2367 2699/1/2367 2716/1/2367 2719/1/2367
f 2699/1/2367 2701/1/2367 2720/1/2367 2716/1/2367
f 2701/1/2367 2703/1/2367 2722/1/2367 2720/1/2367
f 2703/1/2368 2702/1/2368 2723/1/2368 2722/1/2368
f 2702/1/2368 2707/1/2368 2727/1/2368 2723/1/2368
f 2707/1/2368 2711/1/2368 2731/1/2368 2727/1/2368
f 2711/1/2368 2715/1/2368 2735/1/2368 2731/1/2368
f 2715/1/2369 2714/1/2369 2734/1/2369 2735/1/2369
f 2714/1/2369 2713/1/2369 2732/1/2369 2734/1/2369
f 2713/1/2369 2712/1/2369 2733/1/2369 2732/1/2369
f 2712/1/2370 2708/1/2370 2729/1/2370 2733/1/2370
f 2708/1/2370 2704/1/2370 2725/1/2370 2729/1/2370
f 2704/1/2370 2697/1/2370 2718/1/2370 2725/1/2370
f 2697/1/2370 2696/1/2370 2719/1/2370 2718/1/2370
usemtl violet
f 2736/1/2371 2737/1/2372 2738/1/2170 2739/1/2163
f 2739/1/2163 2738/1/2170 2740/1/2373 2741/1/2374
f 2737/1/2372 2742/1/2375 2743/1/2175 2738/1/2170
f 2738/1/2170 2743/1/2175 2744/1/2376 2740/1/2373
f 2742/1/2375 2745/1/2377 2746/1/2180 2743/1/2175
f 2743/1/2175 2746/1/2180 2747/1/2378 2744/1/2376
f 2745/1/2377 2748/1/2379 2749/1/2185 2746/1/2180
f 2746/1/2180 2749/1/2185 2750/1/2380 2747/1/2378
g shell_12_faceted_armor
usemtl obsidian
f 2751/1/2038 2752/1/2039 2753/1/2037 2754/1/2036
f 2754/1/2036 2753/1/2037 2755/1/2035 2756/1/2034
f 2756/1/2034 2755/1/2035 2757/1/2031 2758/1/2030
f 2758/1/2030 2757/1/2031 2759/1/2032 2760/1/2033
f 2752/1/2039 2761/1/2044 2762/1/2043 2753/1/2037
f 2753/1/2037 2762/1/2043 2763/1/2042 2755/1/2035
f 2755/1/2035 2763/1/2042 2764/1/2040 2757/1/2031
f 2757/1/2031 2764/1/2040 2765/1/2041 2759/1/2032
f 2761/1/2044 2766/1/2049 2767/1/2048 2762/1/2043
f 2762/1/2043 2767/1/2048 2768/1/2047 2763/1/2042
f 2763/1/2042 2768/1/2047 2769/1/2045 2764/1/2040
f 2764/1/2040 2769/1/2045 2770/1/2046 2765/1/2041
f 2766/1/2049 2771/1/2054 2772/1/2053 2767/1/2048
f 2767/1/2048 2772/1/2053 2773/1/2052 2768/1/2047
f 2768/1/2047 2773/1/2052 2774/1/2050 2769/1/2045
f 2769/1/2045 2774/1/2050 2775/1/2051 2770/1/2046
f 2771/1/2054 2776/1/2059 2777/1/2058 2772/1/2053
f 2772/1/2053 2777/1/2058 2778/1/2057 2773/1/2052
f 2773/1/2052 2778/1/2057 2779/1/2055 2774/1/2050
f 2774/1/2050 2779/1/2055 2780/1/2056 2775/1/2051
f 2776/1/2059 2781/1/2064 2782/1/2063 2777/1/2058
f 2777/1/2058 2782/1/2063 2783/1/2062 2778/1/2057
f 2778/1/2057 2783/1/2062 2784/1/2060 2779/1/2055
f 2779/1/2055 2784/1/2060 2785/1/2061 2780/1/2056
f 2786/1/2002 2787/1/2001 2788/1/2003 2789/1/2004
f 2790/1/2000 2791/1/1999 2787/1/2001 2786/1/2002
f 2792/1/1998 2793/1/1997 2791/1/1999 2790/1/2000
f 2794/1/1995 2795/1/1996 2793/1/1997 2792/1/1998
f 2787/1/2001 2796/1/2008 2797/1/2009 2788/1/2003
f 2791/1/1999 2798/1/2007 2796/1/2008 2787/1/2001
f 2793/1/1997 2799/1/2006 2798/1/2007 2791/1/1999
f 2795/1/1996 2800/1/2005 2799/1/2006 2793/1/1997
f 2796/1/2008 2801/1/2013 2802/1/2014 2797/1/2009
f 2798/1/2007 2803/1/2012 2801/1/2013 2796/1/2008
f 2799/1/2006 2804/1/2011 2803/1/2012 2798/1/2007
f 2800/1/2005 2805/1/2010 2804/1/2011 2799/1/2006
f 2801/1/2013 2806/1/2018 2807/1/2019 2802/1/2014
f 2803/1/2012 2808/1/2017 2806/1/2018 2801/1/2013
f 2804/1/2011 2809/1/2016 2808/1/2017 2803/1/2012
f 2805/1/2010 2810/1/2015 2809/1/2016 2804/1/2011
f 2806/1/2018 2811/1/2023 2812/1/2024 2807/1/2019
f 2808/1/2017 2813/1/2022 2811/1/2023 2806/1/2018
f 2809/1/2016 2814/1/2021 2813/1/2022 2808/1/2017
f 2810/1/2015 2815/1/2020 2814/1/2021 2809/1/2016
f 2811/1/2023 2816/1/2028 2817/1/2029 2812/1/2024
f 2813/1/2022 2818/1/2027 2816/1/2028 2811/1/2023
f 2814/1/2021 2819/1/2026 2818/1/2027 2813/1/2022
f 2815/1/2020 2820/1/2025 2819/1/2026 2814/1/2021
usemtl armor_edge
f 2751/1/2381 2754/1/2381 2786/1/2381 2789/1/2381
f 2754/1/2381 2756/1/2381 2790/1/2381 2786/1/2381
f 2756/1/2381 2758/1/2381 2792/1/2381 2790/1/2381
f 2758/1/2381 2760/1/2381 2794/1/2381 2792/1/2381
f 2760/1/2382 2759/1/2382 2795/1/2382 2794/1/2382
f 2759/1/2382 2765/1/2382 2800/1/2382 2795/1/2382
f 2765/1/2382 2770/1/2382 2805/1/2382 2800/1/2382
f 2770/1/2382 2775/1/2382 2810/1/2382 2805/1/2382
f 2775/1/2382 2780/1/2382 2815/1/2382 2810/1/2382
f 2780/1/2382 2785/1/2382 2820/1/2382 2815/1/2382
f 2785/1/2383 2784/1/2383 2819/1/2383 2820/1/2383
f 2784/1/2383 2783/1/2383 2818/1/2383 2819/1/2383
f 2783/1/2383 2782/1/2383 2816/1/2383 2818/1/2383
f 2782/1/2383 2781/1/2383 2817/1/2383 2816/1/2383
f 2781/1/2384 2776/1/2384 2812/1/2384 2817/1/2384
f 2776/1/2384 2771/1/2384 2807/1/2384 2812/1/2384
f 2771/1/2384 2766/1/2384 2802/1/2384 2807/1/2384
f 2766/1/2384 2761/1/2384 2797/1/2384 2802/1/2384
f 2761/1/2384 2752/1/2384 2788/1/2384 2797/1/2384
f 2752/1/2384 2751/1/2384 2789/1/2384 2788/1/2384
f 2821/1/2385 2822/1/2386 2823/1/2387 2824/1/2388
f 2824/1/2388 2823/1/2387 2825/1/2389 2826/1/2390
f 2826/1/2390 2825/1/2389 2827/1/2391 2828/1/2392
f 2822/1/2386 2829/1/2393 2830/1/2394 2823/1/2387
f 2823/1/2387 2830/1/2394 2831/1/2395 2825/1/2389
f 2825/1/2389 2831/1/2395 2832/1/2396 2827/1/2391
f 2829/1/2393 2833/1/2397 2834/1/2398 2830/1/2394
f 2830/1/2394 2834/1/2398 2835/1/2399 2831/1/2395
f 2831/1/2395 2835/1/2399 2836/1/2400 2832/1/2396
f 2833/1/2397 2837/1/2401 2838/1/2402 2834/1/2398
f 2834/1/2398 2838/1/2402 2839/1/2403 2835/1/2399
f 2835/1/2399 2839/1/2403 2840/1/2404 2836/1/2400
usemtl obsidian
f 2841/1/2405 2842/1/2406 2843/1/2407 2844/1/2408
f 2845/1/2409 2846/1/2410 2842/1/2406 2841/1/2405
f 2847/1/2411 2848/1/2412 2846/1/2410 2845/1/2409
f 2842/1/2406 2849/1/2413 2850/1/2414 2843/1/2407
f 2846/1/2410 2851/1/2415 2849/1/2413 2842/1/2406
f 2848/1/2412 2852/1/2416 2851/1/2415 2846/1/2410
f 2849/1/2413 2853/1/2417 2854/1/2418 2850/1/2414
f 2851/1/2415 2855/1/2419 2853/1/2417 2849/1/2413
f 2852/1/2416 2856/1/2420 2855/1/2419 2851/1/2415
f 2853/1/2417 2857/1/2421 2858/1/2422 2854/1/2418
f 2855/1/2419 2859/1/2423 2857/1/2421 2853/1/2417
f 2856/1/2420 2860/1/2424 2859/1/2423 2855/1/2419
usemtl amethyst
f 2821/1/2425 2824/1/2425 2841/1/2425 2844/1/2425
f 2824/1/2425 2826/1/2425 2845/1/2425 2841/1/2425
f 2826/1/2425 2828/1/2425 2847/1/2425 2845/1/2425
f 2828/1/2426 2827/1/2426 2848/1/2426 2847/1/2426
f 2827/1/2426 2832/1/2426 2852/1/2426 2848/1/2426
f 2832/1/2426 2836/1/2426 2856/1/2426 2852/1/2426
f 2836/1/2426 2840/1/2426 2860/1/2426 2856/1/2426
f 2840/1/2427 2839/1/2427 2859/1/2427 2860/1/2427
f 2839/1/2427 2838/1/2427 2857/1/2427 2859/1/2427
f 2838/1/2427 2837/1/2427 2858/1/2427 2857/1/2427
f 2837/1/2428 2833/1/2428 2854/1/2428 2858/1/2428
f 2833/1/2428 2829/1/2428 2850/1/2428 2854/1/2428
f 2829/1/2428 2822/1/2428 2843/1/2428 2850/1/2428
f 2822/1/2428 2821/1/2428 2844/1/2428 2843/1/2428
usemtl violet
f 2861/1/2429 2862/1/2430 2863/1/2042 2864/1/2035
f 2864/1/2035 2863/1/2042 2865/1/2431 2866/1/2432
f 2862/1/2430 2867/1/2433 2868/1/2047 2863/1/2042
f 2863/1/2042 2868/1/2047 2869/1/2434 2865/1/2431
f 2867/1/2433 2870/1/2435 2871/1/2052 2868/1/2047
f 2868/1/2047 2871/1/2052 2872/1/2436 2869/1/2434
f 2870/1/2435 2873/1/2437 2874/1/2057 2871/1/2052
f 2871/1/2052 2874/1/2057 2875/1/2438 2872/1/2436
g shell_13_faceted_armor
usemtl armor
f 2876/1/1367 2877/1/1368 2878/1/1366 2879/1/1365
f 2879/1/1365 2878/1/1366 2880/1/1364 2881/1/1363
f 2881/1/1363 2880/1/1364 2882/1/1360 2883/1/1359
f 2883/1/1359 2882/1/1360 2884/1/1361 2885/1/1362
f 2877/1/1368 2886/1/1373 2887/1/1372 2878/1/1366
f 2878/1/1366 2887/1/1372 2888/1/1371 2880/1/1364
f 2880/1/1364 2888/1/1371 2889/1/1369 2882/1/1360
f 2882/1/1360 2889/1/1369 2890/1/1370 2884/1/1361
f 2886/1/1373 2891/1/2439 2892/1/2440 2887/1/1372
f 2887/1/1372 2892/1/2440 2893/1/2441 2888/1/1371
f 2888/1/1371 2893/1/2441 2894/1/2442 2889/1/1369
f 2889/1/1369 2894/1/2442 2895/1/2443 2890/1/1370
f 2891/1/2439 2896/1/1383 2897/1/1382 2892/1/2440
f 2892/1/2440 2897/1/1382 2898/1/1381 2893/1/2441
f 2893/1/2441 2898/1/1381 2899/1/1379 2894/1/2442
f 2894/1/2442 2899/1/1379 2900/1/1380 2895/1/2443
f 2896/1/1383 2901/1/1388 2902/1/1387 2897/1/1382
f 2897/1/1382 2902/1/1387 2903/1/1386 2898/1/1381
f 2898/1/1381 2903/1/1386 2904/1/1384 2899/1/1379
f 2899/1/1379 2904/1/1384 2905/1/1385 2900/1/1380
f 2901/1/1388 2906/1/1393 2907/1/1392 2902/1/1387
f 2902/1/1387 2907/1/1392 2908/1/1391 2903/1/1386
f 2903/1/1386 2908/1/1391 2909/1/1389 2904/1/1384
f 2904/1/1384 2909/1/1389 2910/1/1390 2905/1/1385
usemtl obsidian
f 2911/1/1331 2912/1/1330 2913/1/1332 2914/1/1333
f 2915/1/1329 2916/1/1328 2912/1/1330 2911/1/1331
f 2917/1/1327 2918/1/1326 2916/1/1328 2915/1/1329
f 2919/1/1324 2920/1/1325 2918/1/1326 2917/1/1327
f 2912/1/1330 2921/1/1337 2922/1/1338 2913/1/1332
f 2916/1/1328 2923/1/1336 2921/1/1337 2912/1/1330
f 2918/1/1326 2924/1/1335 2923/1/1336 2916/1/1328
f 2920/1/1325 2925/1/1334 2924/1/1335 2918/1/1326
f 2921/1/1337 2926/1/2444 2927/1/2445 2922/1/1338
f 2923/1/1336 2928/1/2446 2926/1/2444 2921/1/1337
f 2924/1/1335 2929/1/2447 2928/1/2446 2923/1/1336
f 2925/1/1334 2930/1/2448 2929/1/2447 2924/1/1335
f 2926/1/2444 2931/1/1347 2932/1/1348 2927/1/2445
f 2928/1/2446 2933/1/1346 2931/1/1347 2926/1/2444
f 2929/1/2447 2934/1/1345 2933/1/1346 2928/1/2446
f 2930/1/2448 2935/1/1344 2934/1/1345 2929/1/2447
f 2931/1/1347 2936/1/1352 2937/1/1353 2932/1/1348
f 2933/1/1346 2938/1/1351 2936/1/1352 2931/1/1347
f 2934/1/1345 2939/1/1350 2938/1/1351 2933/1/1346
f 2935/1/1344 2940/1/1349 2939/1/1350 2934/1/1345
f 2936/1/1352 2941/1/1357 2942/1/1358 2937/1/1353
f 2938/1/1351 2943/1/1356 2941/1/1357 2936/1/1352
f 2939/1/1350 2944/1/1355 2943/1/1356 2938/1/1351
f 2940/1/1349 2945/1/1354 2944/1/1355 2939/1/1350
usemtl armor_edge
f 2876/1/2449 2879/1/2449 2911/1/2449 2914/1/2449
f 2879/1/2449 2881/1/2449 2915/1/2449 2911/1/2449
f 2881/1/2449 2883/1/2449 2917/1/2449 2915/1/2449
f 2883/1/2449 2885/1/2449 2919/1/2449 2917/1/2449
f 2885/1/2450 2884/1/2450 2920/1/2450 2919/1/2450
f 2884/1/2451 2890/1/2451 2925/1/2451 2920/1/2451
f 2890/1/2450 2895/1/2450 2930/1/2450 2925/1/2450
f 2895/1/2450 2900/1/2450 2935/1/2450 2930/1/2450
f 2900/1/2450 2905/1/2450 2940/1/2450 2935/1/2450
f 2905/1/2451 2910/1/2451 2945/1/2451 2940/1/2451
f 2910/1/2452 2909/1/2452 2944/1/2452 2945/1/2452
f 2909/1/2452 2908/1/2452 2943/1/2452 2944/1/2452
f 2908/1/2452 2907/1/2452 2941/1/2452 2943/1/2452
f 2907/1/2452 2906/1/2452 2942/1/2452 2941/1/2452
f 2906/1/2453 2901/1/2453 2937/1/2453 2942/1/2453
f 2901/1/2453 2896/1/2453 2932/1/2453 2937/1/2453
f 2896/1/2454 2891/1/2454 2927/1/2454 2932/1/2454
f 2891/1/2453 2886/1/2453 2922/1/2453 2927/1/2453
f 2886/1/2454 2877/1/2454 2913/1/2454 2922/1/2454
f 2877/1/2454 2876/1/2454 2914/1/2454 2913/1/2454
f 2946/1/2455 2947/1/2456 2948/1/2457 2949/1/2458
f 2949/1/2458 2948/1/2457 2950/1/2459 2951/1/2460
f 2951/1/2460 2950/1/2459 2952/1/2461 2953/1/2462
f 2947/1/2456 2954/1/2463 2955/1/2464 2948/1/2457
f 2948/1/2457 2955/1/2464 2956/1/2465 2950/1/2459
f 2950/1/2459 2956/1/2465 2957/1/2466 2952/1/2461
f 2954/1/2463 2958/1/2467 2959/1/2468 2955/1/2464
f 2955/1/2464 2959/1/2468 2960/1/2469 2956/1/2465
f 2956/1/2465 2960/1/2469 2961/1/2470 2957/1/2466
f 2958/1/2467 2962/1/2471 2963/1/2472 2959/1/2468
f 2959/1/2468 2963/1/2472 2964/1/2473 2960/1/2469
f 2960/1/2469 2964/1/2473 2965/1/2474 2961/1/2470
usemtl obsidian
f 2966/1/2475 2967/1/2476 2968/1/2477 2969/1/2478
f 2970/1/2479 2971/1/2480 2967/1/2476 2966/1/2475
f 2972/1/2481 2973/1/2482 2971/1/2480 2970/1/2479
f 2967/1/2476 2974/1/2483 2975/1/2484 2968/1/2477
f 2971/1/2480 2976/1/2485 2974/1/2483 2967/1/2476
f 2973/1/2482 2977/1/2486 2976/1/2485 2971/1/2480
f 2974/1/2483 2978/1/2487 2979/1/2488 2975/1/2484
f 2976/1/2485 2980/1/2489 2978/1/2487 2974/1/2483
f 2977/1/2486 2981/1/2490 2980/1/2489 2976/1/2485
f 2978/1/2487 2982/1/2491 2983/1/2492 2979/1/2488
f 2980/1/2489 2984/1/2493 2982/1/2491 2978/1/2487
f 2981/1/2490 2985/1/2494 2984/1/2493 2980/1/2489
usemtl amethyst
f 2946/1/2495 2949/1/2495 2966/1/2495 2969/1/2495
f 2949/1/2495 2951/1/2495 2970/1/2495 2966/1/2495
f 2951/1/2495 2953/1/2495 2972/1/2495 2970/1/2495
f 2953/1/2496 2952/1/2496 2973/1/2496 2972/1/2496
f 2952/1/2496 2957/1/2496 2977/1/2496 2973/1/2496
f 2957/1/2497 2961/1/2497 2981/1/2497 2977/1/2497
f 2961/1/2497 2965/1/2497 2985/1/2497 2981/1/2497
f 2965/1/2498 2964/1/2498 2984/1/2498 2985/1/2498
f 2964/1/2498 2963/1/2498 2982/1/2498 2984/1/2498
f 2963/1/2498 2962/1/2498 2983/1/2498 2982/1/2498
f 2962/1/2499 2958/1/2499 2979/1/2499 2983/1/2499
f 2958/1/2499 2954/1/2499 2975/1/2499 2979/1/2499
f 2954/1/2500 2947/1/2500 2968/1/2500 2975/1/2500
f 2947/1/2499 2946/1/2499 2969/1/2499 2968/1/2499
usemtl violet
f 2986/1/2501 2987/1/2502 2988/1/1371 2989/1/1364
f 2989/1/1364 2988/1/1371 2990/1/2503 2991/1/2504
f 2987/1/2502 2992/1/2505 2993/1/2441 2988/1/1371
f 2988/1/1371 2993/1/2441 2994/1/2506 2990/1/2503
f 2992/1/2505 2995/1/2507 2996/1/1381 2993/1/2441
f 2993/1/2441 2996/1/1381 2997/1/2508 2994/1/2506
f 2995/1/2507 2998/1/2509 2999/1/1386 2996/1/1381
f 2996/1/1381 2999/1/1386 3000/1/2510 2997/1/2508
g shell_14_faceted_armor
usemtl armor
f 3001/1/1627 3002/1/1628 3003/1/1626 3004/1/1625
f 3004/1/1625 3003/1/1626 3005/1/1624 3006/1/1623
f 3006/1/1623 3005/1/1624 3007/1/1620 3008/1/1619
f 3008/1/1619 3007/1/1620 3009/1/1621 3010/1/1622
f 3002/1/1628 3011/1/1633 3012/1/1632 3003/1/1626
f 3003/1/1626 3012/1/1632 3013/1/1631 3005/1/1624
f 3005/1/1624 3013/1/1631 3014/1/1629 3007/1/1620
f 3007/1/1620 3014/1/1629 3015/1/1630 3009/1/1621
f 3011/1/1633 3016/1/1638 3017/1/1637 3012/1/1632
f 3012/1/1632 3017/1/1637 3018/1/1636 3013/1/1631
f 3013/1/1631 3018/1/1636 3019/1/1634 3014/1/1629
f 3014/1/1629 3019/1/1634 3020/1/1635 3015/1/1630
f 3016/1/1638 3021/1/1643 3022/1/1642 3017/1/1637
f 3017/1/1637 3022/1/1642 3023/1/1641 3018/1/1636
f 3018/1/1636 3023/1/1641 3024/1/1639 3019/1/1634
f 3019/1/1634 3024/1/1639 3025/1/1640 3020/1/1635
f 3021/1/1643 3026/1/1648 3027/1/1647 3022/1/1642
f 3022/1/1642 3027/1/1647 3028/1/1646 3023/1/1641
f 3023/1/1641 3028/1/1646 3029/1/1644 3024/1/1639
f 3024/1/1639 3029/1/1644 3030/1/1645 3025/1/1640
f 3026/1/1648 3031/1/1653 3032/1/1652 3027/1/1647
f 3027/1/1647 3032/1/1652 3033/1/1651 3028/1/1646
f 3028/1/1646 3033/1/1651 3034/1/1649 3029/1/1644
f 3029/1/1644 3034/1/1649 3035/1/1650 3030/1/1645
usemtl obsidian
f 3036/1/1591 3037/1/1590 3038/1/1592 3039/1/1593
f 3040/1/1589 3041/1/1588 3037/1/1590 3036/1/1591
f 3042/1/1587 3043/1/1586 3041/1/1588 3040/1/1589
f 3044/1/1584 3045/1/1585 3043/1/1586 3042/1/1587
f 3037/1/1590 3046/1/1597 3047/1/1598 3038/1/1592
f 3041/1/1588 3048/1/1596 3046/1/1597 3037/1/1590
f 3043/1/1586 3049/1/1595 3048/1/1596 3041/1/1588
f 3045/1/1585 3050/1/1594 3049/1/1595 3043/1/1586
f 3046/1/1597 3051/1/1602 3052/1/1603 3047/1/1598
f 3048/1/1596 3053/1/1601 3051/1/1602 3046/1/1597
f 3049/1/1595 3054/1/1600 3053/1/1601 3048/1/1596
f 3050/1/1594 3055/1/1599 3054/1/1600 3049/1/1595
f 3051/1/1602 3056/1/1607 3057/1/1608 3052/1/1603
f 3053/1/1601 3058/1/1606 3056/1/1607 3051/1/1602
f 3054/1/1600 3059/1/1605 3058/1/1606 3053/1/1601
f 3055/1/1599 3060/1/1604 3059/1/1605 3054/1/1600
f 3056/1/1607 3061/1/1612 3062/1/1613 3057/1/1608
f 3058/1/1606 3063/1/1611 3061/1/1612 3056/1/1607
f 3059/1/1605 3064/1/1610 3063/1/1611 3058/1/1606
f 3060/1/1604 3065/1/1609 3064/1/1610 3059/1/1605
f 3061/1/1612 3066/1/1617 3067/1/1618 3062/1/1613
f 3063/1/1611 3068/1/1616 3066/1/1617 3061/1/1612
f 3064/1/1610 3069/1/1615 3068/1/1616 3063/1/1611
f 3065/1/1609 3070/1/1614 3069/1/1615 3064/1/1610
usemtl armor_edge
f 3001/1/2511 3004/1/2511 3036/1/2511 3039/1/2511
f 3004/1/2511 3006/1/2511 3040/1/2511 3036/1/2511
f 3006/1/2511 3008/1/2511 3042/1/2511 3040/1/2511
f 3008/1/2511 3010/1/2511 3044/1/2511 3042/1/2511
f 3010/1/2512 3009/1/2512 3045/1/2512 3044/1/2512
f 3009/1/2512 3015/1/2512 3050/1/2512 3045/1/2512
f 3015/1/2512 3020/1/2512 3055/1/2512 3050/1/2512
f 3020/1/2512 3025/1/2512 3060/1/2512 3055/1/2512
f 3025/1/2512 3030/1/2512 3065/1/2512 3060/1/2512
f 3030/1/2512 3035/1/2512 3070/1/2512 3065/1/2512
f 3035/1/2513 3034/1/2513 3069/1/2513 3070/1/2513
f 3034/1/2513 3033/1/2513 3068/1/2513 3069/1/2513
f 3033/1/2513 3032/1/2513 3066/1/2513 3068/1/2513
f 3032/1/2513 3031/1/2513 3067/1/2513 3066/1/2513
f 3031/1/2514 3026/1/2514 3062/1/2514 3067/1/2514
f 3026/1/2514 3021/1/2514 3057/1/2514 3062/1/2514
f 3021/1/2514 3016/1/2514 3052/1/2514 3057/1/2514
f 3016/1/2514 3011/1/2514 3047/1/2514 3052/1/2514
f 3011/1/2514 3002/1/2514 3038/1/2514 3047/1/2514
f 3002/1/2514 3001/1/2514 3039/1/2514 3038/1/2514
f 3071/1/2515 3072/1/2516 3073/1/2517 3074/1/2518
f 3074/1/2518 3073/1/2517 3075/1/2519 3076/1/2520
f 3076/1/2520 3075/1/2519 3077/1/2521 3078/1/2522
f 3072/1/2516 3079/1/2523 3080/1/2524 3073/1/2517
f 3073/1/2517 3080/1/2524 3081/1/2525 3075/1/2519
f 3075/1/2519 3081/1/2525 3082/1/2526 3077/1/2521
f 3079/1/2523 3083/1/2527 3084/1/2528 3080/1/2524
f 3080/1/2524 3084/1/2528 3085/1/2529 3081/1/2525
f 3081/1/2525 3085/1/2529 3086/1/2530 3082/1/2526
f 3083/1/2527 3087/1/2531 3088/1/2532 3084/1/2528
f 3084/1/2528 3088/1/2532 3089/1/2533 3085/1/2529
f 3085/1/2529 3089/1/2533 3090/1/2534 3086/1/2530
usemtl obsidian
f 3091/1/2535 3092/1/2536 3093/1/2537 3094/1/2538
f 3095/1/2539 3096/1/2540 3092/1/2536 3091/1/2535
f 3097/1/2541 3098/1/2542 3096/1/2540 3095/1/2539
f 3092/1/2536 3099/1/2543 3100/1/2544 3093/1/2537
f 3096/1/2540 3101/1/2545 3099/1/2543 3092/1/2536
f 3098/1/2542 3102/1/2546 3101/1/2545 3096/1/2540
f 3099/1/2543 3103/1/2547 3104/1/2548 3100/1/2544
f 3101/1/2545 3105/1/2549 3103/1/2547 3099/1/2543
f 3102/1/2546 3106/1/2550 3105/1/2549 3101/1/2545
f 3103/1/2547 3107/1/2551 3108/1/2552 3104/1/2548
f 3105/1/2549 3109/1/2553 3107/1/2551 3103/1/2547
f 3106/1/2550 3110/1/2554 3109/1/2553 3105/1/2549
usemtl amethyst
f 3071/1/2555 3074/1/2555 3091/1/2555 3094/1/2555
f 3074/1/2555 3076/1/2555 3095/1/2555 3091/1/2555
f 3076/1/2555 3078/1/2555 3097/1/2555 3095/1/2555
f 3078/1/2556 3077/1/2556 3098/1/2556 3097/1/2556
f 3077/1/2556 3082/1/2556 3102/1/2556 3098/1/2556
f 3082/1/2556 3086/1/2556 3106/1/2556 3102/1/2556
f 3086/1/2556 3090/1/2556 3110/1/2556 3106/1/2556
f 3090/1/2557 3089/1/2557 3109/1/2557 3110/1/2557
f 3089/1/2557 3088/1/2557 3107/1/2557 3109/1/2557
f 3088/1/2557 3087/1/2557 3108/1/2557 3107/1/2557
f 3087/1/2558 3083/1/2558 3104/1/2558 3108/1/2558
f 3083/1/2558 3079/1/2558 3100/1/2558 3104/1/2558
f 3079/1/2558 3072/1/2558 3093/1/2558 3100/1/2558
f 3072/1/2558 3071/1/2558 3094/1/2558 3093/1/2558
usemtl violet
f 3111/1/2559 3112/1/2560 3113/1/1631 3114/1/1624
f 3114/1/1624 3113/1/1631 3115/1/2561 3116/1/2562
f 3112/1/2560 3117/1/2563 3118/1/1636 3113/1/1631
f 3113/1/1631 3118/1/1636 3119/1/2564 3115/1/2561
f 3117/1/2563 3120/1/2565 3121/1/1641 3118/1/1636
f 3118/1/1636 3121/1/1641 3122/1/2566 3119/1/2564
f 3120/1/2565 3123/1/2567 3124/1/1646 3121/1/1641
f 3121/1/1641 3124/1/1646 3125/1/2568 3122/1/2566
g shell_15_faceted_armor
usemtl obsidian
f 3126/1/1499 3127/1/1500 3128/1/1498 3129/1/1497
f 3129/1/1497 3128/1/1498 3130/1/1496 3131/1/1495
f 3131/1/1495 3130/1/1496 3132/1/1492 3133/1/1491
f 3133/1/1491 3132/1/1492 3134/1/1493 3135/1/1494
f 3127/1/1500 3136/1/1505 3137/1/1504 3128/1/1498
f 3128/1/1498 3137/1/1504 3138/1/1503 3130/1/1496
f 3130/1/1496 3138/1/1503 3139/1/1501 3132/1/1492
f 3132/1/1492 3139/1/1501 3140/1/1502 3134/1/1493
f 3136/1/1505 3141/1/1510 3142/1/1509 3137/1/1504
f 3137/1/1504 3142/1/1509 3143/1/1508 3138/1/1503
f 3138/1/1503 3143/1/1508 3144/1/1506 3139/1/1501
f 3139/1/1501 3144/1/1506 3145/1/1507 3140/1/1502
f 3141/1/1510 3146/1/1515 3147/1/1514 3142/1/1509
f 3142/1/1509 3147/1/1514 3148/1/1513 3143/1/1508
f 3143/1/1508 3148/1/1513 3149/1/1511 3144/1/1506
f 3144/1/1506 3149/1/1511 3150/1/1512 3145/1/1507
f 3146/1/1515 3151/1/1520 3152/1/1519 3147/1/1514
f 3147/1/1514 3152/1/1519 3153/1/1518 3148/1/1513
f 3148/1/1513 3153/1/1518 3154/1/1516 3149/1/1511
f 3149/1/1511 3154/1/1516 3155/1/1517 3150/1/1512
f 3151/1/1520 3156/1/1525 3157/1/1524 3152/1/1519
f 3152/1/1519 3157/1/1524 3158/1/1523 3153/1/1518
f 3153/1/1518 3158/1/1523 3159/1/1521 3154/1/1516
f 3154/1/1516 3159/1/1521 3160/1/1522 3155/1/1517
f 3161/1/1463 3162/1/1462 3163/1/1464 3164/1/1465
f 3165/1/1461 3166/1/1460 3162/1/1462 3161/1/1463
f 3167/1/1459 3168/1/1458 3166/1/1460 3165/1/1461
f 3169/1/1456 3170/1/1457 3168/1/1458 3167/1/1459
f 3162/1/1462 3171/1/1469 3172/1/1470 3163/1/1464
f 3166/1/1460 3173/1/1468 3171/1/1469 3162/1/1462
f 3168/1/1458 3174/1/1467 3173/1/1468 3166/1/1460
f 3170/1/1457 3175/1/1466 3174/1/1467 3168/1/1458
f 3171/1/1469 3176/1/1474 3177/1/1475 3172/1/1470
f 3173/1/1468 3178/1/1473 3176/1/1474 3171/1/1469
f 3174/1/1467 3179/1/1472 3178/1/1473 3173/1/1468
f 3175/1/1466 3180/1/1471 3179/1/1472 3174/1/1467
f 3176/1/1474 3181/1/1479 3182/1/1480 3177/1/1475
f 3178/1/1473 3183/1/1478 3181/1/1479 3176/1/1474
f 3179/1/1472 3184/1/1477 3183/1/1478 3178/1/1473
f 3180/1/1471 3185/1/1476 3184/1/1477 3179/1/1472
f 3181/1/1479 3186/1/1484 3187/1/1485 3182/1/1480
f 3183/1/1478 3188/1/1483 3186/1/1484 3181/1/1479
f 3184/1/1477 3189/1/1482 3188/1/1483 3183/1/1478
f 3185/1/1476 3190/1/1481 3189/1/1482 3184/1/1477
f 3186/1/1484 3191/1/1489 3192/1/1490 3187/1/1485
f 3188/1/1483 3193/1/1488 3191/1/1489 3186/1/1484
f 3189/1/1482 3194/1/1487 3193/1/1488 3188/1/1483
f 3190/1/1481 3195/1/1486 3194/1/1487 3189/1/1482
usemtl armor_edge
f 3126/1/2569 3129/1/2569 3161/1/2569 3164/1/2569
f 3129/1/2569 3131/1/2569 3165/1/2569 3161/1/2569
f 3131/1/2569 3133/1/2569 3167/1/2569 3165/1/2569
f 3133/1/2569 3135/1/2569 3169/1/2569 3167/1/2569
f 3135/1/2570 3134/1/2570 3170/1/2570 3169/1/2570
f 3134/1/2570 3140/1/2570 3175/1/2570 3170/1/2570
f 3140/1/2570 3145/1/2570 3180/1/2570 3175/1/2570
f 3145/1/2570 3150/1/2570 3185/1/2570 3180/1/2570
f 3150/1/2570 3155/1/2570 3190/1/2570 3185/1/2570
f 3155/1/2570 3160/1/2570 3195/1/2570 3190/1/2570
f 3160/1/2571 3159/1/2571 3194/1/2571 3195/1/2571
f 3159/1/2571 3158/1/2571 3193/1/2571 3194/1/2571
f 3158/1/2571 3157/1/2571 3191/1/2571 3193/1/2571
f 3157/1/2571 3156/1/2571 3192/1/2571 3191/1/2571
f 3156/1/2572 3151/1/2572 3187/1/2572 3192/1/2572
f 3151/1/2572 3146/1/2572 3182/1/2572 3187/1/2572
f 3146/1/2572 3141/1/2572 3177/1/2572 3182/1/2572
f 3141/1/2572 3136/1/2572 3172/1/2572 3177/1/2572
f 3136/1/2572 3127/1/2572 3163/1/2572 3172/1/2572
f 3127/1/2572 3126/1/2572 3164/1/2572 3163/1/2572
f 3196/1/2573 3197/1/2574 3198/1/2575 3199/1/2576
f 3199/1/2576 3198/1/2575 3200/1/2577 3201/1/2578
f 3201/1/2578 3200/1/2577 3202/1/2579 3203/1/2580
f 3197/1/2574 3204/1/2581 3205/1/2582 3198/1/2575
f 3198/1/2575 3205/1/2582 3206/1/2583 3200/1/2577
f 3200/1/2577 3206/1/2583 3207/1/2584 3202/1/2579
f 3204/1/2581 3208/1/2585 3209/1/2586 3205/1/2582
f 3205/1/2582 3209/1/2586 3210/1/2587 3206/1/2583
f 3206/1/2583 3210/1/2587 3211/1/2588 3207/1/2584
f 3208/1/2585 3212/1/2589 3213/1/2590 3209/1/2586
f 3209/1/2586 3213/1/2590 3214/1/2591 3210/1/2587
f 3210/1/2587 3214/1/2591 3215/1/2592 3211/1/2588
usemtl obsidian
f 3216/1/2593 3217/1/2594 3218/1/2595 3219/1/2596
f 3220/1/2597 3221/1/2598 3217/1/2594 3216/1/2593
f 3222/1/2599 3223/1/2600 3221/1/2598 3220/1/2597
f 3217/1/2594 3224/1/2601 3225/1/2602 3218/1/2595
f 3221/1/2598 3226/1/2603 3224/1/2601 3217/1/2594
f 3223/1/2600 3227/1/2604 3226/1/2603 3221/1/2598
f 3224/1/2601 3228/1/2605 3229/1/2606 3225/1/2602
f 3226/1/2603 3230/1/2607 3228/1/2605 3224/1/2601
f 3227/1/2604 3231/1/2608 3230/1/2607 3226/1/2603
f 3228/1/2605 3232/1/2609 3233/1/2610 3229/1/2606
f 3230/1/2607 3234/1/2611 3232/1/2609 3228/1/2605
f 3231/1/2608 3235/1/2612 3234/1/2611 3230/1/2607
usemtl amethyst
f 3196/1/2613 3199/1/2613 3216/1/2613 3219/1/2613
f 3199/1/2613 3201/1/2613 3220/1/2613 3216/1/2613
f 3201/1/2613 3203/1/2613 3222/1/2613 3220/1/2613
f 3203/1/2614 3202/1/2614 3223/1/2614 3222/1/2614
f 3202/1/2614 3207/1/2614 3227/1/2614 3223/1/2614
f 3207/1/2614 3211/1/2614 3231/1/2614 3227/1/2614
f 3211/1/2614 3215/1/2614 3235/1/2614 3231/1/2614
f 3215/1/2615 3214/1/2615 3234/1/2615 3235/1/2615
f 3214/1/2615 3213/1/2615 3232/1/2615 3234/1/2615
f 3213/1/2615 3212/1/2615 3233/1/2615 3232/1/2615
f 3212/1/2616 3208/1/2616 3229/1/2616 3233/1/2616
f 3208/1/2616 3204/1/2616 3225/1/2616 3229/1/2616
f 3204/1/2616 3197/1/2616 3218/1/2616 3225/1/2616
f 3197/1/2616 3196/1/2616 3219/1/2616 3218/1/2616
usemtl violet
f 3236/1/2617 3237/1/2618 3238/1/1503 3239/1/1496
f 3239/1/1496 3238/1/1503 3240/1/2619 3241/1/2620
f 3237/1/2618 3242/1/2621 3243/1/1508 3238/1/1503
f 3238/1/1503 3243/1/1508 3244/1/2622 3240/1/2619
f 3242/1/2621 3245/1/2623 3246/1/1513 3243/1/1508
f 3243/1/1508 3246/1/1513 3247/1/2624 3244/1/2622
f 3245/1/2623 3248/1/2625 3249/1/1518 3246/1/1513
f 3246/1/1513 3249/1/1518 3250/1/2626 3247/1/2624
g shell_16_faceted_armor
usemtl armor
f 3251/1/2627 3252/1/2628 3253/1/2629 3254/1/2630
f 3254/1/2630 3253/1/2629 3255/1/2631 3256/1/2632
f 3256/1/2632 3255/1/2631 3257/1/2633 3258/1/2634
f 3258/1/2634 3257/1/2633 3259/1/2635 3260/1/2636
f 3252/1/2628 3261/1/2637 3262/1/2638 3253/1/2629
f 3253/1/2629 3262/1/2638 3263/1/2639 3255/1/2631
f 3255/1/2631 3263/1/2639 3264/1/2640 3257/1/2633
f 3257/1/2633 3264/1/2640 3265/1/2641 3259/1/2635
f 3261/1/2637 3266/1/2642 3267/1/2643 3262/1/2638
f 3262/1/2638 3267/1/2643 3268/1/2644 3263/1/2639
f 3263/1/2639 3268/1/2644 3269/1/2645 3264/1/2640
f 3264/1/2640 3269/1/2645 3270/1/2646 3265/1/2641
f 3266/1/2642 3271/1/2647 3272/1/2648 3267/1/2643
f 3267/1/2643 3272/1/2648 3273/1/2649 3268/1/2644
f 3268/1/2644 3273/1/2649 3274/1/2650 3269/1/2645
f 3269/1/2645 3274/1/2650 3275/1/2651 3270/1/2646
f 3271/1/2647 3276/1/2652 3277/1/2653 3272/1/2648
f 3272/1/2648 3277/1/2653 3278/1/2654 3273/1/2649
f 3273/1/2649 3278/1/2654 3279/1/2655 3274/1/2650
f 3274/1/2650 3279/1/2655 3280/1/2656 3275/1/2651
f 3276/1/2652 3281/1/2657 3282/1/2658 3277/1/2653
f 3277/1/2653 3282/1/2658 3283/1/2659 3278/1/2654
f 3278/1/2654 3283/1/2659 3284/1/2660 3279/1/2655
f 3279/1/2655 3284/1/2660 3285/1/2661 3280/1/2656
usemtl obsidian
f 3286/1/2662 3287/1/2663 3288/1/2664 3289/1/2665
f 3290/1/2666 3291/1/2667 3287/1/2663 3286/1/2662
f 3292/1/2668 3293/1/2669 3291/1/2667 3290/1/2666
f 3294/1/2670 3295/1/2671 3293/1/2669 3292/1/2668
f 3287/1/2663 3296/1/2672 3297/1/2673 3288/1/2664
f 3291/1/2667 3298/1/2674 3296/1/2672 3287/1/2663
f 3293/1/2669 3299/1/2675 3298/1/2674 3291/1/2667
f 3295/1/2671 3300/1/2676 3299/1/2675 3293/1/2669
f 3296/1/2672 3301/1/2677 3302/1/2678 3297/1/2673
f 3298/1/2674 3303/1/2679 3301/1/2677 3296/1/2672
f 3299/1/2675 3304/1/2680 3303/1/2679 3298/1/2674
f 3300/1/2676 3305/1/2681 3304/1/2680 3299/1/2675
f 3301/1/2677 3306/1/2682 3307/1/2683 3302/1/2678
f 3303/1/2679 3308/1/2684 3306/1/2682 3301/1/2677
f 3304/1/2680 3309/1/2685 3308/1/2684 3303/1/2679
f 3305/1/2681 3310/1/2686 3309/1/2685 3304/1/2680
f 3306/1/2682 3311/1/2687 3312/1/2688 3307/1/2683
f 3308/1/2684 3313/1/2689 3311/1/2687 3306/1/2682
f 3309/1/2685 3314/1/2690 3313/1/2689 3308/1/2684
f 3310/1/2686 3315/1/2691 3314/1/2690 3309/1/2685
f 3311/1/2687 3316/1/2692 3317/1/2693 3312/1/2688
f 3313/1/2689 3318/1/2694 3316/1/2692 3311/1/2687
f 3314/1/2690 3319/1/2695 3318/1/2694 3313/1/2689
f 3315/1/2691 3320/1/2696 3319/1/2695 3314/1/2690
usemtl armor_edge
f 3251/1/2697 3254/1/2697 3286/1/2697 3289/1/2697
f 3254/1/2698 3256/1/2698 3290/1/2698 3286/1/2698
f 3256/1/2697 3258/1/2697 3292/1/2697 3290/1/2697
f 3258/1/2698 3260/1/2698 3294/1/2698 3292/1/2698
f 3260/1/2699 3259/1/2699 3295/1/2699 3294/1/2699
f 3259/1/2699 3265/1/2699 3300/1/2699 3295/1/2699
f 3265/1/2699 3270/1/2699 3305/1/2699 3300/1/2699
f 3270/1/2699 3275/1/2699 3310/1/2699 3305/1/2699
f 3275/1/2699 3280/1/2699 3315/1/2699 3310/1/2699
f 3280/1/2699 3285/1/2699 3320/1/2699 3315/1/2699
f 3285/1/2700 3284/1/2700 3319/1/2700 3320/1/2700
f 3284/1/2700 3283/1/2700 3318/1/2700 3319/1/2700
f 3283/1/2701 3282/1/2701 3316/1/2701 3318/1/2701
f 3282/1/2701 3281/1/2701 3317/1/2701 3316/1/2701
f 3281/1/2702 3276/1/2702 3312/1/2702 3317/1/2702
f 3276/1/2702 3271/1/2702 3307/1/2702 3312/1/2702
f 3271/1/2702 3266/1/2702 3302/1/2702 3307/1/2702
f 3266/1/2702 3261/1/2702 3297/1/2702 3302/1/2702
f 3261/1/2702 3252/1/2702 3288/1/2702 3297/1/2702
f 3252/1/2702 3251/1/2702 3289/1/2702 3288/1/2702
f 3321/1/2703 3322/1/2704 3323/1/2705 3324/1/2706
f 3324/1/2706 3323/1/2705 3325/1/2707 3326/1/2708
f 3326/1/2708 3325/1/2707 3327/1/2709 3328/1/2710
f 3322/1/2704 3329/1/2711 3330/1/2712 3323/1/2705
f 3323/1/2705 3330/1/2712 3331/1/2713 3325/1/2707
f 3325/1/2707 3331/1/2713 3332/1/2714 3327/1/2709
f 3329/1/2711 3333/1/2715 3334/1/2716 3330/1/2712
f 3330/1/2712 3334/1/2716 3335/1/2717 3331/1/2713
f 3331/1/2713 3335/1/2717 3336/1/2718 3332/1/2714
f 3333/1/2715 3337/1/2719 3338/1/2720 3334/1/2716
f 3334/1/2716 3338/1/2720 3339/1/2721 3335/1/2717
f 3335/1/2717 3339/1/2721 3340/1/2722 3336/1/2718
usemtl obsidian
f 3341/1/2723 3342/1/2724 3343/1/2725 3344/1/2726
f 3345/1/2727 3346/1/2728 3342/1/2724 3341/1/2723
f 3347/1/2729 3348/1/2730 3346/1/2728 3345/1/2727
f 3342/1/2724 3349/1/2731 3350/1/2732 3343/1/2725
f 3346/1/2728 3351/1/2733 3349/1/2731 3342/1/2724
f 3348/1/2730 3352/1/2734 3351/1/2733 3346/1/2728
f 3349/1/2731 3353/1/2735 3354/1/2736 3350/1/2732
f 3351/1/2733 3355/1/2737 3353/1/2735 3349/1/2731
f 3352/1/2734 3356/1/2738 3355/1/2737 3351/1/2733
f 3353/1/2735 3357/1/2739 3358/1/2740 3354/1/2736
f 3355/1/2737 3359/1/2741 3357/1/2739 3353/1/2735
f 3356/1/2738 3360/1/2742 3359/1/2741 3355/1/2737
usemtl amethyst
f 3321/1/2743 3324/1/2743 3341/1/2743 3344/1/2743
f 3324/1/2744 3326/1/2744 3345/1/2744 3341/1/2744
f 3326/1/2743 3328/1/2743 3347/1/2743 3345/1/2743
f 3328/1/2745 3327/1/2745 3348/1/2745 3347/1/2745
f 3327/1/2745 3332/1/2745 3352/1/2745 3348/1/2745
f 3332/1/2745 3336/1/2745 3356/1/2745 3352/1/2745
f 3336/1/2745 3340/1/2745 3360/1/2745 3356/1/2745
f 3340/1/2746 3339/1/2746 3359/1/2746 3360/1/2746
f 3339/1/2746 3338/1/2746 3357/1/2746 3359/1/2746
f 3338/1/2747 3337/1/2747 3358/1/2747 3357/1/2747
f 3337/1/2748 3333/1/2748 3354/1/2748 3358/1/2748
f 3333/1/2748 3329/1/2748 3350/1/2748 3354/1/2748
f 3329/1/2748 3322/1/2748 3343/1/2748 3350/1/2748
f 3322/1/2748 3321/1/2748 3344/1/2748 3343/1/2748
usemtl violet
f 3361/1/2749 3362/1/2750 3363/1/2639 3364/1/2631
f 3364/1/2631 3363/1/2639 3365/1/2751 3366/1/2752
f 3362/1/2750 3367/1/2753 3368/1/2644 3363/1/2639
f 3363/1/2639 3368/1/2644 3369/1/2754 3365/1/2751
f 3367/1/2753 3370/1/2755 3371/1/2649 3368/1/2644
f 3368/1/2644 3371/1/2649 3372/1/2756 3369/1/2754
f 3370/1/2755 3373/1/2757 3374/1/2654 3371/1/2649
f 3371/1/2649 3374/1/2654 3375/1/2758 3372/1/2756
g shell_17_faceted_armor
usemtl armor
f 3376/1/2759 3377/1/2760 3378/1/2761 3379/1/2762
f 3379/1/2762 3378/1/2761 3380/1/2763 3381/1/2764
f 3381/1/2764 3380/1/2763 3382/1/2765 3383/1/2766
f 3383/1/2766 3382/1/2765 3384/1/2767 3385/1/2768
f 3377/1/2760 3386/1/2769 3387/1/2770 3378/1/2761
f 3378/1/2761 3387/1/2770 3388/1/2771 3380/1/2763
f 3380/1/2763 3388/1/2771 3389/1/2772 3382/1/2765
f 3382/1/2765 3389/1/2772 3390/1/2773 3384/1/2767
f 3386/1/2769 3391/1/2774 3392/1/2775 3387/1/2770
f 3387/1/2770 3392/1/2775 3393/1/2776 3388/1/2771
f 3388/1/2771 3393/1/2776 3394/1/2777 3389/1/2772
f 3389/1/2772 3394/1/2777 3395/1/2778 3390/1/2773
f 3391/1/2774 3396/1/2779 3397/1/2780 3392/1/2775
f 3392/1/2775 3397/1/2780 3398/1/2781 3393/1/2776
f 3393/1/2776 3398/1/2781 3399/1/2782 3394/1/2777
f 3394/1/2777 3399/1/2782 3400/1/2783 3395/1/2778
f 3396/1/2779 3401/1/2784 3402/1/2785 3397/1/2780
f 3397/1/2780 3402/1/2785 3403/1/2786 3398/1/2781
f 3398/1/2781 3403/1/2786 3404/1/2787 3399/1/2782
f 3399/1/2782 3404/1/2787 3405/1/2788 3400/1/2783
f 3401/1/2784 3406/1/2789 3407/1/2790 3402/1/2785
f 3402/1/2785 3407/1/2790 3408/1/2791 3403/1/2786
f 3403/1/2786 3408/1/2791 3409/1/2792 3404/1/2787
f 3404/1/2787 3409/1/2792 3410/1/2793 3405/1/2788
usemtl obsidian
f 3411/1/2794 3412/1/2795 3413/1/2796 3414/1/2797
f 3415/1/2798 3416/1/2799 3412/1/2795 3411/1/2794
f 3417/1/2800 3418/1/2801 3416/1/2799 3415/1/2798
f 3419/1/2802 3420/1/2803 3418/1/2801 3417/1/2800
f 3412/1/2795 3421/1/2804 3422/1/2805 3413/1/2796
f 3416/1/2799 3423/1/2806 3421/1/2804 3412/1/2795
f 3418/1/2801 3424/1/2807 3423/1/2806 3416/1/2799
f 3420/1/2803 3425/1/2808 3424/1/2807 3418/1/2801
f 3421/1/2804 3426/1/2809 3427/1/2810 3422/1/2805
f 3423/1/2806 3428/1/2811 3426/1/2809 3421/1/2804
f 3424/1/2807 3429/1/2812 3428/1/2811 3423/1/2806
f 3425/1/2808 3430/1/2813 3429/1/2812 3424/1/2807
f 3426/1/2809 3431/1/2814 3432/1/2815 3427/1/2810
f 3428/1/2811 3433/1/2816 3431/1/2814 3426/1/2809
f 3429/1/2812 3434/1/2817 3433/1/2816 3428/1/2811
f 3430/1/2813 3435/1/2818 3434/1/2817 3429/1/2812
f 3431/1/2814 3436/1/2819 3437/1/2820 3432/1/2815
f 3433/1/2816 3438/1/2821 3436/1/2819 3431/1/2814
f 3434/1/2817 3439/1/2822 3438/1/2821 3433/1/2816
f 3435/1/2818 3440/1/2823 3439/1/2822 3434/1/2817
f 3436/1/2819 3441/1/2824 3442/1/2825 3437/1/2820
f 3438/1/2821 3443/1/2826 3441/1/2824 3436/1/2819
f 3439/1/2822 3444/1/2827 3443/1/2826 3438/1/2821
f 3440/1/2823 3445/1/2828 3444/1/2827 3439/1/2822
usemtl armor_edge
f 3376/1/2829 3379/1/2829 3411/1/2829 3414/1/2829
f 3379/1/2829 3381/1/2829 3415/1/2829 3411/1/2829
f 3381/1/2830 3383/1/2830 3417/1/2830 3415/1/2830
f 3383/1/2830 3385/1/2830 3419/1/2830 3417/1/2830
f 3385/1/2831 3384/1/2831 3420/1/2831 3419/1/2831
f 3384/1/2831 3390/1/2831 3425/1/2831 3420/1/2831
f 3390/1/2831 3395/1/2831 3430/1/2831 3425/1/2831
f 3395/1/2831 3400/1/2831 3435/1/2831 3430/1/2831
f 3400/1/2831 3405/1/2831 3440/1/2831 3435/1/2831
f 3405/1/2831 3410/1/2831 3445/1/2831 3440/1/2831
f 3410/1/2832 3409/1/2832 3444/1/2832 3445/1/2832
f 3409/1/2833 3408/1/2833 3443/1/2833 3444/1/2833
f 3408/1/2832 3407/1/2832 3441/1/2832 3443/1/2832
f 3407/1/2833 3406/1/2833 3442/1/2833 3441/1/2833
f 3406/1/2834 3401/1/2834 3437/1/2834 3442/1/2834
f 3401/1/2834 3396/1/2834 3432/1/2834 3437/1/2834
f 3396/1/2834 3391/1/2834 3427/1/2834 3432/1/2834
f 3391/1/2834 3386/1/2834 3422/1/2834 3427/1/2834
f 3386/1/2834 3377/1/2834 3413/1/2834 3422/1/2834
f 3377/1/2834 3376/1/2834 3414/1/2834 3413/1/2834
f 3446/1/2835 3447/1/2836 3448/1/2837 3449/1/2838
f 3449/1/2838 3448/1/2837 3450/1/2839 3451/1/2840
f 3451/1/2840 3450/1/2839 3452/1/2841 3453/1/2842
f 3447/1/2836 3454/1/2843 3455/1/2844 3448/1/2837
f 3448/1/2837 3455/1/2844 3456/1/2845 3450/1/2839
f 3450/1/2839 3456/1/2845 3457/1/2846 3452/1/2841
f 3454/1/2843 3458/1/2847 3459/1/2848 3455/1/2844
f 3455/1/2844 3459/1/2848 3460/1/2849 3456/1/2845
f 3456/1/2845 3460/1/2849 3461/1/2850 3457/1/2846
f 3458/1/2847 3462/1/2851 3463/1/2852 3459/1/2848
f 3459/1/2848 3463/1/2852 3464/1/2853 3460/1/2849
f 3460/1/2849 3464/1/2853 3465/1/2854 3461/1/2850
usemtl obsidian
f 3466/1/2855 3467/1/2856 3468/1/2857 3469/1/2858
f 3470/1/2859 3471/1/2860 3467/1/2856 3466/1/2855
f 3472/1/2861 3473/1/2862 3471/1/2860 3470/1/2859
f 3467/1/2856 3474/1/2863 3475/1/2864 3468/1/2857
f 3471/1/2860 3476/1/2865 3474/1/2863 3467/1/2856
f 3473/1/2862 3477/1/2866 3476/1/2865 3471/1/2860
f 3474/1/2863 3478/1/2867 3479/1/2868 3475/1/2864
f 3476/1/2865 3480/1/2869 3478/1/2867 3474/1/2863
f 3477/1/2866 3481/1/2870 3480/1/2869 3476/1/2865
f 3478/1/2867 3482/1/2871 3483/1/2872 3479/1/2868
f 3480/1/2869 3484/1/2873 3482/1/2871 3478/1/2867
f 3481/1/2870 3485/1/2874 3484/1/2873 3480/1/2869
usemtl amethyst
f 3446/1/2875 3449/1/2875 3466/1/2875 3469/1/2875
f 3449/1/2876 3451/1/2876 3470/1/2876 3466/1/2876
f 3451/1/2876 3453/1/2876 3472/1/2876 3470/1/2876
f 3453/1/2877 3452/1/2877 3473/1/2877 3472/1/2877
f 3452/1/2877 3457/1/2877 3477/1/2877 3473/1/2877
f 3457/1/2877 3461/1/2877 3481/1/2877 3477/1/2877
f 3461/1/2877 3465/1/2877 3485/1/2877 3481/1/2877
f 3465/1/2878 3464/1/2878 3484/1/2878 3485/1/2878
f 3464/1/2879 3463/1/2879 3482/1/2879 3484/1/2879
f 3463/1/2878 3462/1/2878 3483/1/2878 3482/1/2878
f 3462/1/2880 3458/1/2880 3479/1/2880 3483/1/2880
f 3458/1/2880 3454/1/2880 3475/1/2880 3479/1/2880
f 3454/1/2880 3447/1/2880 3468/1/2880 3475/1/2880
f 3447/1/2880 3446/1/2880 3469/1/2880 3468/1/2880
usemtl violet
f 3486/1/2881 3487/1/2882 3488/1/2771 3489/1/2763
f 3489/1/2763 3488/1/2771 3490/1/2883 3491/1/2884
f 3487/1/2882 3492/1/2885 3493/1/2776 3488/1/2771
f 3488/1/2771 3493/1/2776 3494/1/2886 3490/1/2883
f 3492/1/2885 3495/1/2887 3496/1/2781 3493/1/2776
f 3493/1/2776 3496/1/2781 3497/1/2888 3494/1/2886
f 3495/1/2887 3498/1/2889 3499/1/2786 3496/1/2781
f 3496/1/2781 3499/1/2786 3500/1/2890 3497/1/2888
g shell_18_faceted_armor
usemtl obsidian
f 3501/1/2802 3502/1/2803 3503/1/2801 3504/1/2800
f 3504/1/2800 3503/1/2801 3505/1/2891 3506/1/2892
f 3506/1/2892 3505/1/2891 3507/1/2795 3508/1/2794
f 3508/1/2794 3507/1/2795 3509/1/2796 3510/1/2797
f 3502/1/2803 3511/1/2808 3512/1/2807 3503/1/2801
f 3503/1/2801 3512/1/2807 3513/1/2893 3505/1/2891
f 3505/1/2891 3513/1/2893 3514/1/2804 3507/1/2795
f 3507/1/2795 3514/1/2804 3515/1/2805 3509/1/2796
f 3511/1/2808 3516/1/2813 3517/1/2812 3512/1/2807
f 3512/1/2807 3517/1/2812 3518/1/2894 3513/1/2893
f 3513/1/2893 3518/1/2894 3519/1/2809 3514/1/2804
f 3514/1/2804 3519/1/2809 3520/1/2810 3515/1/2805
f 3516/1/2813 3521/1/2818 3522/1/2817 3517/1/2812
f 3517/1/2812 3522/1/2817 3523/1/2895 3518/1/2894
f 3518/1/2894 3523/1/2895 3524/1/2814 3519/1/2809
f 3519/1/2809 3524/1/2814 3525/1/2815 3520/1/2810
f 3521/1/2818 3526/1/2823 3527/1/2822 3522/1/2817
f 3522/1/2817 3527/1/2822 3528/1/2896 3523/1/2895
f 3523/1/2895 3528/1/2896 3529/1/2819 3524/1/2814
f 3524/1/2814 3529/1/2819 3530/1/2820 3525/1/2815
f 3526/1/2823 3531/1/2828 3532/1/2827 3527/1/2822
f 3527/1/2822 3532/1/2827 3533/1/2897 3528/1/2896
f 3528/1/2896 3533/1/2897 3534/1/2824 3529/1/2819
f 3529/1/2819 3534/1/2824 3535/1/2825 3530/1/2820
f 3536/1/2766 3537/1/2765 3538/1/2767 3539/1/2768
f 3540/1/2898 3541/1/2899 3537/1/2765 3536/1/2766
f 3542/1/2762 3543/1/2761 3541/1/2899 3540/1/2898
f 3544/1/2759 3545/1/2760 3543/1/2761 3542/1/2762
f 3537/1/2765 3546/1/2772 3547/1/2773 3538/1/2767
f 3541/1/2899 3548/1/2900 3546/1/2772 3537/1/2765
f 3543/1/2761 3549/1/2770 3548/1/2900 3541/1/2899
f 3545/1/2760 3550/1/2769 3549/1/2770 3543/1/2761
f 3546/1/2772 3551/1/2777 3552/1/2778 3547/1/2773
f 3548/1/2900 3553/1/2901 3551/1/2777 3546/1/2772
f 3549/1/2770 3554/1/2775 3553/1/2901 3548/1/2900
f 3550/1/2769 3555/1/2774 3554/1/2775 3549/1/2770
f 3551/1/2777 3556/1/2782 3557/1/2783 3552/1/2778
f 3553/1/2901 3558/1/2902 3556/1/2782 3551/1/2777
f 3554/1/2775 3559/1/2780 3558/1/2902 3553/1/2901
f 3555/1/2774 3560/1/2779 3559/1/2780 3554/1/2775
f 3556/1/2782 3561/1/2787 3562/1/2788 3557/1/2783
f 3558/1/2902 3563/1/2903 3561/1/2787 3556/1/2782
f 3559/1/2780 3564/1/2785 3563/1/2903 3558/1/2902
f 3560/1/2779 3565/1/2784 3564/1/2785 3559/1/2780
f 3561/1/2787 3566/1/2792 3567/1/2793 3562/1/2788
f 3563/1/2903 3568/1/2904 3566/1/2792 3561/1/2787
f 3564/1/2785 3569/1/2790 3568/1/2904 3563/1/2903
f 3565/1/2784 3570/1/2789 3569/1/2790 3564/1/2785
usemtl armor_edge
f 3501/1/2905 3504/1/2905 3536/1/2905 3539/1/2905
f 3504/1/2905 3506/1/2905 3540/1/2905 3536/1/2905
f 3506/1/2906 3508/1/2906 3542/1/2906 3540/1/2906
f 3508/1/2906 3510/1/2906 3544/1/2906 3542/1/2906
f 3510/1/2907 3509/1/2907 3545/1/2907 3544/1/2907
f 3509/1/2907 3515/1/2907 3550/1/2907 3545/1/2907
f 3515/1/2907 3520/1/2907 3555/1/2907 3550/1/2907
f 3520/1/2907 3525/1/2907 3560/1/2907 3555/1/2907
f 3525/1/2907 3530/1/2907 3565/1/2907 3560/1/2907
f 3530/1/2907 3535/1/2907 3570/1/2907 3565/1/2907
f 3535/1/2908 3534/1/2908 3569/1/2908 3570/1/2908
f 3534/1/2909 3533/1/2909 3568/1/2909 3569/1/2909
f 3533/1/2908 3532/1/2908 3566/1/2908 3568/1/2908
f 3532/1/2909 3531/1/2909 3567/1/2909 3566/1/2909
f 3531/1/2910 3526/1/2910 3562/1/2910 3567/1/2910
f 3526/1/2910 3521/1/2910 3557/1/2910 3562/1/2910
f 3521/1/2910 3516/1/2910 3552/1/2910 3557/1/2910
f 3516/1/2910 3511/1/2910 3547/1/2910 3552/1/2910
f 3511/1/2910 3502/1/2910 3538/1/2910 3547/1/2910
f 3502/1/2910 3501/1/2910 3539/1/2910 3538/1/2910
f 3571/1/2911 3572/1/2912 3573/1/2913 3574/1/2914
f 3574/1/2914 3573/1/2913 3575/1/2915 3576/1/2916
f 3576/1/2916 3575/1/2915 3577/1/2917 3578/1/2918
f 3572/1/2912 3579/1/2919 3580/1/2920 3573/1/2913
f 3573/1/2913 3580/1/2920 3581/1/2921 3575/1/2915
f 3575/1/2915 3581/1/2921 3582/1/2922 3577/1/2917
f 3579/1/2919 3583/1/2923 3584/1/2924 3580/1/2920
f 3580/1/2920 3584/1/2924 3585/1/2925 3581/1/2921
f 3581/1/2921 3585/1/2925 3586/1/2926 3582/1/2922
f 3583/1/2923 3587/1/2927 3588/1/2928 3584/1/2924
f 3584/1/2924 3588/1/2928 3589/1/2929 3585/1/2925
f 3585/1/2925 3589/1/2929 3590/1/2930 3586/1/2926
usemtl obsidian
f 3591/1/2931 3592/1/2932 3593/1/2933 3594/1/2934
f 3595/1/2935 3596/1/2936 3592/1/2932 3591/1/2931
f 3597/1/2937 3598/1/2938 3596/1/2936 3595/1/2935
f 3592/1/2932 3599/1/2939 3600/1/2940 3593/1/2933
f 3596/1/2936 3601/1/2941 3599/1/2939 3592/1/2932
f 3598/1/2938 3602/1/2942 3601/1/2941 3596/1/2936
f 3599/1/2939 3603/1/2943 3604/1/2944 3600/1/2940
f 3601/1/2941 3605/1/2945 3603/1/2943 3599/1/2939
f 3602/1/2942 3606/1/2946 3605/1/2945 3601/1/2941
f 3603/1/2943 3607/1/2947 3608/1/2948 3604/1/2944
f 3605/1/2945 3609/1/2949 3607/1/2947 3603/1/2943
f 3606/1/2946 3610/1/2950 3609/1/2949 3605/1/2945
usemtl amethyst
f 3571/1/2951 3574/1/2951 3591/1/2951 3594/1/2951
f 3574/1/2952 3576/1/2952 3595/1/2952 3591/1/2952
f 3576/1/2952 3578/1/2952 3597/1/2952 3595/1/2952
f 3578/1/2953 3577/1/2953 3598/1/2953 3597/1/2953
f 3577/1/2953 3582/1/2953 3602/1/2953 3598/1/2953
f 3582/1/2953 3586/1/2953 3606/1/2953 3602/1/2953
f 3586/1/2953 3590/1/2953 3610/1/2953 3606/1/2953
f 3590/1/2954 3589/1/2954 3609/1/2954 3610/1/2954
f 3589/1/2955 3588/1/2955 3607/1/2955 3609/1/2955
f 3588/1/2954 3587/1/2954 3608/1/2954 3607/1/2954
f 3587/1/2956 3583/1/2956 3604/1/2956 3608/1/2956
f 3583/1/2956 3579/1/2956 3600/1/2956 3604/1/2956
f 3579/1/2956 3572/1/2956 3593/1/2956 3600/1/2956
f 3572/1/2956 3571/1/2956 3594/1/2956 3593/1/2956
usemtl violet
f 3611/1/2957 3612/1/2958 3613/1/2893 3614/1/2891
f 3614/1/2891 3613/1/2893 3615/1/2959 3616/1/2960
f 3612/1/2958 3617/1/2961 3618/1/2894 3613/1/2893
f 3613/1/2893 3618/1/2894 3619/1/2962 3615/1/2959
f 3617/1/2961 3620/1/2963 3621/1/2895 3618/1/2894
f 3618/1/2894 3621/1/2895 3622/1/2964 3619/1/2962
f 3620/1/2963 3623/1/2965 3624/1/2896 3621/1/2895
f 3621/1/2895 3624/1/2896 3625/1/2966 3622/1/2964
g shell_19_faceted_armor
usemtl armor
f 3626/1/2670 3627/1/2671 3628/1/2669 3629/1/2668
f 3629/1/2668 3628/1/2669 3630/1/2967 3631/1/2968
f 3631/1/2968 3630/1/2967 3632/1/2663 3633/1/2662
f 3633/1/2662 3632/1/2663 3634/1/2664 3635/1/2665
f 3627/1/2671 3636/1/2676 3637/1/2675 3628/1/2669
f 3628/1/2669 3637/1/2675 3638/1/2969 3630/1/2967
f 3630/1/2967 3638/1/2969 3639/1/2672 3632/1/2663
f 3632/1/2663 3639/1/2672 3640/1/2673 3634/1/2664
f 3636/1/2676 3641/1/2681 3642/1/2680 3637/1/2675
f 3637/1/2675 3642/1/2680 3643/1/2970 3638/1/2969
f 3638/1/2969 3643/1/2970 3644/1/2677 3639/1/2672
f 3639/1/2672 3644/1/2677 3645/1/2678 3640/1/2673
f 3641/1/2681 3646/1/2686 3647/1/2685 3642/1/2680
f 3642/1/2680 3647/1/2685 3648/1/2971 3643/1/2970
f 3643/1/2970 3648/1/2971 3649/1/2682 3644/1/2677
f 3644/1/2677 3649/1/2682 3650/1/2683 3645/1/2678
f 3646/1/2686 3651/1/2691 3652/1/2690 3647/1/2685
f 3647/1/2685 3652/1/2690 3653/1/2972 3648/1/2971
f 3648/1/2971 3653/1/2972 3654/1/2687 3649/1/2682
f 3649/1/2682 3654/1/2687 3655/1/2688 3650/1/2683
f 3651/1/2691 3656/1/2696 3657/1/2695 3652/1/2690
f 3652/1/2690 3657/1/2695 3658/1/2973 3653/1/2972
f 3653/1/2972 3658/1/2973 3659/1/2692 3654/1/2687
f 3654/1/2687 3659/1/2692 3660/1/2693 3655/1/2688
usemtl obsidian
f 3661/1/2634 3662/1/2633 3663/1/2635 3664/1/2636
f 3665/1/2974 3666/1/2975 3662/1/2633 3661/1/2634
f 3667/1/2630 3668/1/2629 3666/1/2975 3665/1/2974
f 3669/1/2627 3670/1/2628 3668/1/2629 3667/1/2630
f 3662/1/2633 3671/1/2640 3672/1/2641 3663/1/2635
f 3666/1/2975 3673/1/2976 3671/1/2640 3662/1/2633
f 3668/1/2629 3674/1/2638 3673/1/2976 3666/1/2975
f 3670/1/2628 3675/1/2637 3674/1/2638 3668/1/2629
f 3671/1/2640 3676/1/2645 3677/1/2646 3672/1/2641
f 3673/1/2976 3678/1/2977 3676/1/2645 3671/1/2640
f 3674/1/2638 3679/1/2643 3678/1/2977 3673/1/2976
f 3675/1/2637 3680/1/2642 3679/1/2643 3674/1/2638
f 3676/1/2645 3681/1/2650 3682/1/2651 3677/1/2646
f 3678/1/2977 3683/1/2978 3681/1/2650 3676/1/2645
f 3679/1/2643 3684/1/2648 3683/1/2978 3678/1/2977
f 3680/1/2642 3685/1/2647 3684/1/2648 3679/1/2643
f 3681/1/2650 3686/1/2655 3687/1/2656 3682/1/2651
f 3683/1/2978 3688/1/2979 3686/1/2655 3681/1/2650
f 3684/1/2648 3689/1/2653 3688/1/2979 3683/1/2978
f 3685/1/2647 3690/1/2652 3689/1/2653 3684/1/2648
f 3686/1/2655 3691/1/2660 3692/1/2661 3687/1/2656
f 3688/1/2979 3693/1/2980 3691/1/2660 3686/1/2655
f 3689/1/2653 3694/1/2658 3693/1/2980 3688/1/2979
f 3690/1/2652 3695/1/2657 3694/1/2658 3689/1/2653
usemtl armor_edge
f 3626/1/2981 3629/1/2981 3661/1/2981 3664/1/2981
f 3629/1/2982 3631/1/2982 3665/1/2982 3661/1/2982
f 3631/1/2981 3633/1/2981 3667/1/2981 3665/1/2981
f 3633/1/2982 3635/1/2982 3669/1/2982 3667/1/2982
f 3635/1/2983 3634/1/2983 3670/1/2983 3669/1/2983
f 3634/1/2983 3640/1/2983 3675/1/2983 3670/1/2983
f 3640/1/2983 3645/1/2983 3680/1/2983 3675/1/2983
f 3645/1/2983 3650/1/2983 3685/1/2983 3680/1/2983
f 3650/1/2983 3655/1/2983 3690/1/2983 3685/1/2983
f 3655/1/2983 3660/1/2983 3695/1/2983 3690/1/2983
f 3660/1/2984 3659/1/2984 3694/1/2984 3695/1/2984
f 3659/1/2984 3658/1/2984 3693/1/2984 3694/1/2984
f 3658/1/2985 3657/1/2985 3691/1/2985 3693/1/2985
f 3657/1/2985 3656/1/2985 3692/1/2985 3691/1/2985
f 3656/1/2986 3651/1/2986 3687/1/2986 3692/1/2986
f 3651/1/2986 3646/1/2986 3682/1/2986 3687/1/2986
f 3646/1/2986 3641/1/2986 3677/1/2986 3682/1/2986
f 3641/1/2986 3636/1/2986 3672/1/2986 3677/1/2986
f 3636/1/2986 3627/1/2986 3663/1/2986 3672/1/2986
f 3627/1/2986 3626/1/2986 3664/1/2986 3663/1/2986
f 3696/1/2987 3697/1/2988 3698/1/2989 3699/1/2990
f 3699/1/2990 3698/1/2989 3700/1/2991 3701/1/2992
f 3701/1/2992 3700/1/2991 3702/1/2993 3703/1/2994
f 3697/1/2988 3704/1/2995 3705/1/2996 3698/1/2989
f 3698/1/2989 3705/1/2996 3706/1/2997 3700/1/2991
f 3700/1/2991 3706/1/2997 3707/1/2998 3702/1/2993
f 3704/1/2995 3708/1/2999 3709/1/3000 3705/1/2996
f 3705/1/2996 3709/1/3000 3710/1/3001 3706/1/2997
f 3706/1/2997 3710/1/3001 3711/1/3002 3707/1/2998
f 3708/1/2999 3712/1/3003 3713/1/3004 3709/1/3000
f 3709/1/3000 3713/1/3004 3714/1/3005 3710/1/3001
f 3710/1/3001 3714/1/3005 3715/1/3006 3711/1/3002
usemtl obsidian
f 3716/1/3007 3717/1/3008 3718/1/3009 3719/1/3010
f 3720/1/3011 3721/1/3012 3717/1/3008 3716/1/3007
f 3722/1/3013 3723/1/3014 3721/1/3012 3720/1/3011
f 3717/1/3008 3724/1/3015 3725/1/3016 3718/1/3009
f 3721/1/3012 3726/1/3017 3724/1/3015 3717/1/3008
f 3723/1/3014 3727/1/3018 3726/1/3017 3721/1/3012
f 3724/1/3015 3728/1/3019 3729/1/3020 3725/1/3016
f 3726/1/3017 3730/1/3021 3728/1/3019 3724/1/3015
f 3727/1/3018 3731/1/3022 3730/1/3021 3726/1/3017
f 3728/1/3019 3732/1/3023 3733/1/3024 3729/1/3020
f 3730/1/3021 3734/1/3025 3732/1/3023 3728/1/3019
f 3731/1/3022 3735/1/3026 3734/1/3025 3730/1/3021
usemtl amethyst
f 3696/1/3027 3699/1/3027 3716/1/3027 3719/1/3027
f 3699/1/3028 3701/1/3028 3720/1/3028 3716/1/3028
f 3701/1/3027 3703/1/3027 3722/1/3027 3720/1/3027
f 3703/1/3029 3702/1/3029 3723/1/3029 3722/1/3029
f 3702/1/3029 3707/1/3029 3727/1/3029 3723/1/3029
f 3707/1/3029 3711/1/3029 3731/1/3029 3727/1/3029
f 3711/1/3029 3715/1/3029 3735/1/3029 3731/1/3029
f 3715/1/3030 3714/1/3030 3734/1/3030 3735/1/3030
f 3714/1/3030 3713/1/3030 3732/1/3030 3734/1/3030
f 3713/1/3031 3712/1/3031 3733/1/3031 3732/1/3031
f 3712/1/3032 3708/1/3032 3729/1/3032 3733/1/3032
f 3708/1/3032 3704/1/3032 3725/1/3032 3729/1/3032
f 3704/1/3032 3697/1/3032 3718/1/3032 3725/1/3032
f 3697/1/3032 3696/1/3032 3719/1/3032 3718/1/3032
usemtl violet
f 3736/1/3033 3737/1/3034 3738/1/2969 3739/1/2967
f 3739/1/2967 3738/1/2969 3740/1/3035 3741/1/3036
f 3737/1/3034 3742/1/3037 3743/1/2970 3738/1/2969
f 3738/1/2969 3743/1/2970 3744/1/3038 3740/1/3035
f 3742/1/3037 3745/1/3039 3746/1/2971 3743/1/2970
f 3743/1/2970 3746/1/2971 3747/1/3040 3744/1/3038
f 3745/1/3039 3748/1/3041 3749/1/2972 3746/1/2971
f 3746/1/2971 3749/1/2972 3750/1/3042 3747/1/3040
