# Relics-P04; model coordinates in block units; front faces -Z
mtllib twins_drone.mtl
v 0.3205658 0.5000000 0.3891036
v 0.5000000 0.6108964 0.3205658
v 0.5000000 0.3891036 0.3205658
v 0.3630813 0.5000000 0.3685336
v 0.4765770 0.5701442 0.3251821
v 0.4765770 0.4298558 0.3251821
v 0.4777813 0.4298558 0.3283349
v 0.4777813 0.5701442 0.3283349
v 0.3642856 0.5000000 0.3716864
v 0.3642856 0.5000000 0.3716864
v 0.4777813 0.5701442 0.3283349
v 0.4765770 0.5701442 0.3251821
v 0.3630813 0.5000000 0.3685336
v 0.4777813 0.5701442 0.3283349
v 0.4777813 0.4298558 0.3283349
v 0.4765770 0.4298558 0.3251821
v 0.4765770 0.5701442 0.3251821
v 0.4777813 0.4298558 0.3283349
v 0.3642856 0.5000000 0.3716864
v 0.3630813 0.5000000 0.3685336
v 0.4765770 0.4298558 0.3251821
v 0.5000000 0.3891036 0.3205658
v 0.5000000 0.6108964 0.3205658
v 0.6794342 0.5000000 0.3891036
v 0.5234230 0.4298558 0.3251821
v 0.5234230 0.5701442 0.3251821
v 0.6369187 0.5000000 0.3685336
v 0.6357144 0.5000000 0.3716864
v 0.5222187 0.5701442 0.3283349
v 0.5222187 0.4298558 0.3283349
v 0.5222187 0.4298558 0.3283349
v 0.5222187 0.5701442 0.3283349
v 0.5234230 0.5701442 0.3251821
v 0.5234230 0.4298558 0.3251821
v 0.5222187 0.5701442 0.3283349
v 0.6357144 0.5000000 0.3716864
v 0.6369187 0.5000000 0.3685336
v 0.5234230 0.5701442 0.3251821
v 0.6357144 0.5000000 0.3716864
v 0.5222187 0.4298558 0.3283349
v 0.5234230 0.4298558 0.3251821
v 0.6369187 0.5000000 0.3685336
v 0.6108964 0.3205658 0.5000000
v 0.3891036 0.3205658 0.5000000
v 0.5000000 0.3891036 0.3205658
v 0.5701442 0.3251821 0.4765770
v 0.4298558 0.3251821 0.4765770
v 0.5000000 0.3685336 0.3630813
v 0.5000000 0.3716864 0.3642856
v 0.4298558 0.3283349 0.4777813
v 0.5701442 0.3283349 0.4777813
v 0.5701442 0.3283349 0.4777813
v 0.4298558 0.3283349 0.4777813
v 0.4298558 0.3251821 0.4765770
v 0.5701442 0.3251821 0.4765770
v 0.4298558 0.3283349 0.4777813
v 0.5000000 0.3716864 0.3642856
v 0.5000000 0.3685336 0.3630813
v 0.4298558 0.3251821 0.4765770
v 0.5000000 0.3716864 0.3642856
v 0.5701442 0.3283349 0.4777813
v 0.5701442 0.3251821 0.4765770
v 0.5000000 0.3685336 0.3630813
v 0.5000000 0.3891036 0.3205658
v 0.3891036 0.3205658 0.5000000
v 0.3205658 0.5000000 0.3891036
v 0.4621008 0.3919566 0.3486051
v 0.3919566 0.3486051 0.4621008
v 0.3486051 0.4621008 0.3919566
v 0.3505536 0.4640493 0.3939051
v 0.3939051 0.3505536 0.4640493
v 0.4640493 0.3939051 0.3505536
v 0.4640493 0.3939051 0.3505536
v 0.3939051 0.3505536 0.4640493
v 0.3919566 0.3486051 0.4621008
v 0.4621008 0.3919566 0.3486051
v 0.3939051 0.3505536 0.4640493
v 0.3505536 0.4640493 0.3939051
v 0.3486051 0.4621008 0.3919566
v 0.3919566 0.3486051 0.4621008
v 0.3505536 0.4640493 0.3939051
v 0.4640493 0.3939051 0.3505536
v 0.4621008 0.3919566 0.3486051
v 0.3486051 0.4621008 0.3919566
v 0.6794342 0.5000000 0.3891036
v 0.6108964 0.3205658 0.5000000
v 0.5000000 0.3891036 0.3205658
v 0.6513949 0.4621008 0.3919566
v 0.6080434 0.3486051 0.4621008
v 0.5378992 0.3919566 0.3486051
v 0.5359507 0.3939051 0.3505536
v 0.6060949 0.3505536 0.4640493
v 0.6494464 0.4640493 0.3939051
v 0.6494464 0.4640493 0.3939051
v 0.6060949 0.3505536 0.4640493
v 0.6080434 0.3486051 0.4621008
v 0.6513949 0.4621008 0.3919566
v 0.6060949 0.3505536 0.4640493
v 0.5359507 0.3939051 0.3505536
v 0.5378992 0.3919566 0.3486051
v 0.6080434 0.3486051 0.4621008
v 0.5359507 0.3939051 0.3505536
v 0.6494464 0.4640493 0.3939051
v 0.6513949 0.4621008 0.3919566
v 0.5378992 0.3919566 0.3486051
v 0.5000000 0.3891036 0.6794342
v 0.5000000 0.6108964 0.6794342
v 0.3205658 0.5000000 0.6108964
v 0.4765770 0.4298558 0.6748179
v 0.4765770 0.5701442 0.6748179
v 0.3630813 0.5000000 0.6314664
v 0.3642856 0.5000000 0.6283136
v 0.4777813 0.5701442 0.6716651
v 0.4777813 0.4298558 0.6716651
v 0.4777813 0.4298558 0.6716651
v 0.4777813 0.5701442 0.6716651
v 0.4765770 0.5701442 0.6748179
v 0.4765770 0.4298558 0.6748179
v 0.4777813 0.5701442 0.6716651
v 0.3642856 0.5000000 0.6283136
v 0.3630813 0.5000000 0.6314664
v 0.4765770 0.5701442 0.6748179
v 0.3642856 0.5000000 0.6283136
v 0.4777813 0.4298558 0.6716651
v 0.4765770 0.4298558 0.6748179
v 0.3630813 0.5000000 0.6314664
v 0.6794342 0.5000000 0.6108964
v 0.5000000 0.6108964 0.6794342
v 0.5000000 0.3891036 0.6794342
v 0.6369187 0.5000000 0.6314664
v 0.5234230 0.5701442 0.6748179
v 0.5234230 0.4298558 0.6748179
v 0.5222187 0.4298558 0.6716651
v 0.5222187 0.5701442 0.6716651
v 0.6357144 0.5000000 0.6283136
v 0.6357144 0.5000000 0.6283136
v 0.5222187 0.5701442 0.6716651
v 0.5234230 0.5701442 0.6748179
v 0.6369187 0.5000000 0.6314664
v 0.5222187 0.5701442 0.6716651
v 0.5222187 0.4298558 0.6716651
v 0.5234230 0.4298558 0.6748179
v 0.5234230 0.5701442 0.6748179
v 0.5222187 0.4298558 0.6716651
v 0.6357144 0.5000000 0.6283136
v 0.6369187 0.5000000 0.6314664
v 0.5234230 0.4298558 0.6748179
v 0.5000000 0.3891036 0.6794342
v 0.3891036 0.3205658 0.5000000
v 0.6108964 0.3205658 0.5000000
v 0.5000000 0.3685336 0.6369187
v 0.4298558 0.3251821 0.5234230
v 0.5701442 0.3251821 0.5234230
v 0.5701442 0.3283349 0.5222187
v 0.4298558 0.3283349 0.5222187
v 0.5000000 0.3716864 0.6357144
v 0.5000000 0.3716864 0.6357144
v 0.4298558 0.3283349 0.5222187
v 0.4298558 0.3251821 0.5234230
v 0.5000000 0.3685336 0.6369187
v 0.4298558 0.3283349 0.5222187
v 0.5701442 0.3283349 0.5222187
v 0.5701442 0.3251821 0.5234230
v 0.4298558 0.3251821 0.5234230
v 0.5701442 0.3283349 0.5222187
v 0.5000000 0.3716864 0.6357144
v 0.5000000 0.3685336 0.6369187
v 0.5701442 0.3251821 0.5234230
v 0.3205658 0.5000000 0.6108964
v 0.3891036 0.3205658 0.5000000
v 0.5000000 0.3891036 0.6794342
v 0.3486051 0.4621008 0.6080434
v 0.3919566 0.3486051 0.5378992
v 0.4621008 0.3919566 0.6513949
v 0.4640493 0.3939051 0.6494464
v 0.3939051 0.3505536 0.5359507
v 0.3505536 0.4640493 0.6060949
v 0.3505536 0.4640493 0.6060949
v 0.3939051 0.3505536 0.5359507
v 0.3919566 0.3486051 0.5378992
v 0.3486051 0.4621008 0.6080434
v 0.3939051 0.3505536 0.5359507
v 0.4640493 0.3939051 0.6494464
v 0.4621008 0.3919566 0.6513949
v 0.3919566 0.3486051 0.5378992
v 0.4640493 0.3939051 0.6494464
v 0.3505536 0.4640493 0.6060949
v 0.3486051 0.4621008 0.6080434
v 0.4621008 0.3919566 0.6513949
v 0.5000000 0.3891036 0.6794342
v 0.6108964 0.3205658 0.5000000
v 0.6794342 0.5000000 0.6108964
v 0.5378992 0.3919566 0.6513949
v 0.6080434 0.3486051 0.5378992
v 0.6513949 0.4621008 0.6080434
v 0.6494464 0.4640493 0.6060949
v 0.6060949 0.3505536 0.5359507
v 0.5359507 0.3939051 0.6494464
v 0.5359507 0.3939051 0.6494464
v 0.6060949 0.3505536 0.5359507
v 0.6080434 0.3486051 0.5378992
v 0.5378992 0.3919566 0.6513949
v 0.6060949 0.3505536 0.5359507
v 0.6494464 0.4640493 0.6060949
v 0.6513949 0.4621008 0.6080434
v 0.6080434 0.3486051 0.5378992
v 0.6494464 0.4640493 0.6060949
v 0.5359507 0.3939051 0.6494464
v 0.5378992 0.3919566 0.6513949
v 0.6513949 0.4621008 0.6080434
v 0.5000000 0.6108964 0.3205658
v 0.3891036 0.6794342 0.5000000
v 0.6108964 0.6794342 0.5000000
v 0.5000000 0.6314664 0.3630813
v 0.4298558 0.6748179 0.4765770
v 0.5701442 0.6748179 0.4765770
v 0.5701442 0.6716651 0.4777813
v 0.4298558 0.6716651 0.4777813
v 0.5000000 0.6283136 0.3642856
v 0.5000000 0.6283136 0.3642856
v 0.4298558 0.6716651 0.4777813
v 0.4298558 0.6748179 0.4765770
v 0.5000000 0.6314664 0.3630813
v 0.4298558 0.6716651 0.4777813
v 0.5701442 0.6716651 0.4777813
v 0.5701442 0.6748179 0.4765770
v 0.4298558 0.6748179 0.4765770
v 0.5701442 0.6716651 0.4777813
v 0.5000000 0.6283136 0.3642856
v 0.5000000 0.6314664 0.3630813
v 0.5701442 0.6748179 0.4765770
v 0.3205658 0.5000000 0.3891036
v 0.3891036 0.6794342 0.5000000
v 0.5000000 0.6108964 0.3205658
v 0.3486051 0.5378992 0.3919566
v 0.3919566 0.6513949 0.4621008
v 0.4621008 0.6080434 0.3486051
v 0.4640493 0.6060949 0.3505536
v 0.3939051 0.6494464 0.4640493
v 0.3505536 0.5359507 0.3939051
v 0.3505536 0.5359507 0.3939051
v 0.3939051 0.6494464 0.4640493
v 0.3919566 0.6513949 0.4621008
v 0.3486051 0.5378992 0.3919566
v 0.3939051 0.6494464 0.4640493
v 0.4640493 0.6060949 0.3505536
v 0.4621008 0.6080434 0.3486051
v 0.3919566 0.6513949 0.4621008
v 0.4640493 0.6060949 0.3505536
v 0.3505536 0.5359507 0.3939051
v 0.3486051 0.5378992 0.3919566
v 0.4621008 0.6080434 0.3486051
v 0.5000000 0.6108964 0.3205658
v 0.6108964 0.6794342 0.5000000
v 0.6794342 0.5000000 0.3891036
v 0.5378992 0.6080434 0.3486051
v 0.6080434 0.6513949 0.4621008
v 0.6513949 0.5378992 0.3919566
v 0.6494464 0.5359507 0.3939051
v 0.6060949 0.6494464 0.4640493
v 0.5359507 0.6060949 0.3505536
v 0.5359507 0.6060949 0.3505536
v 0.6060949 0.6494464 0.4640493
v 0.6080434 0.6513949 0.4621008
v 0.5378992 0.6080434 0.3486051
v 0.6060949 0.6494464 0.4640493
v 0.6494464 0.5359507 0.3939051
v 0.6513949 0.5378992 0.3919566
v 0.6080434 0.6513949 0.4621008
v 0.6494464 0.5359507 0.3939051
v 0.5359507 0.6060949 0.3505536
v 0.5378992 0.6080434 0.3486051
v 0.6513949 0.5378992 0.3919566
v 0.6108964 0.6794342 0.5000000
v 0.3891036 0.6794342 0.5000000
v 0.5000000 0.6108964 0.6794342
v 0.5701442 0.6748179 0.5234230
v 0.4298558 0.6748179 0.5234230
v 0.5000000 0.6314664 0.6369187
v 0.5000000 0.6283136 0.6357144
v 0.4298558 0.6716651 0.5222187
v 0.5701442 0.6716651 0.5222187
v 0.5701442 0.6716651 0.5222187
v 0.4298558 0.6716651 0.5222187
v 0.4298558 0.6748179 0.5234230
v 0.5701442 0.6748179 0.5234230
v 0.4298558 0.6716651 0.5222187
v 0.5000000 0.6283136 0.6357144
v 0.5000000 0.6314664 0.6369187
v 0.4298558 0.6748179 0.5234230
v 0.5000000 0.6283136 0.6357144
v 0.5701442 0.6716651 0.5222187
v 0.5701442 0.6748179 0.5234230
v 0.5000000 0.6314664 0.6369187
v 0.5000000 0.6108964 0.6794342
v 0.3891036 0.6794342 0.5000000
v 0.3205658 0.5000000 0.6108964
v 0.4621008 0.6080434 0.6513949
v 0.3919566 0.6513949 0.5378992
v 0.3486051 0.5378992 0.6080434
v 0.3505536 0.5359507 0.6060949
v 0.3939051 0.6494464 0.5359507
v 0.4640493 0.6060949 0.6494464
v 0.4640493 0.6060949 0.6494464
v 0.3939051 0.6494464 0.5359507
v 0.3919566 0.6513949 0.5378992
v 0.4621008 0.6080434 0.6513949
v 0.3939051 0.6494464 0.5359507
v 0.3505536 0.5359507 0.6060949
v 0.3486051 0.5378992 0.6080434
v 0.3919566 0.6513949 0.5378992
v 0.3505536 0.5359507 0.6060949
v 0.4640493 0.6060949 0.6494464
v 0.4621008 0.6080434 0.6513949
v 0.3486051 0.5378992 0.6080434
v 0.6794342 0.5000000 0.6108964
v 0.6108964 0.6794342 0.5000000
v 0.5000000 0.6108964 0.6794342
v 0.6513949 0.5378992 0.6080434
v 0.6080434 0.6513949 0.5378992
v 0.5378992 0.6080434 0.6513949
v 0.5359507 0.6060949 0.6494464
v 0.6060949 0.6494464 0.5359507
v 0.6494464 0.5359507 0.6060949
v 0.6494464 0.5359507 0.6060949
v 0.6060949 0.6494464 0.5359507
v 0.6080434 0.6513949 0.5378992
v 0.6513949 0.5378992 0.6080434
v 0.6060949 0.6494464 0.5359507
v 0.5359507 0.6060949 0.6494464
v 0.5378992 0.6080434 0.6513949
v 0.6080434 0.6513949 0.5378992
v 0.5359507 0.6060949 0.6494464
v 0.6494464 0.5359507 0.6060949
v 0.6513949 0.5378992 0.6080434
v 0.5378992 0.6080434 0.6513949
v 0.3205658 0.5000000 0.6108964
v 0.3205658 0.5000000 0.3891036
v 0.3891036 0.3205658 0.5000000
v 0.3251821 0.4765770 0.5701442
v 0.3251821 0.4765770 0.4298558
v 0.3685336 0.3630813 0.5000000
v 0.3716864 0.3642856 0.5000000
v 0.3283349 0.4777813 0.4298558
v 0.3283349 0.4777813 0.5701442
v 0.3283349 0.4777813 0.5701442
v 0.3283349 0.4777813 0.4298558
v 0.3251821 0.4765770 0.4298558
v 0.3251821 0.4765770 0.5701442
v 0.3283349 0.4777813 0.4298558
v 0.3716864 0.3642856 0.5000000
v 0.3685336 0.3630813 0.5000000
v 0.3251821 0.4765770 0.4298558
v 0.3716864 0.3642856 0.5000000
v 0.3283349 0.4777813 0.5701442
v 0.3251821 0.4765770 0.5701442
v 0.3685336 0.3630813 0.5000000
v 0.3891036 0.6794342 0.5000000
v 0.3205658 0.5000000 0.3891036
v 0.3205658 0.5000000 0.6108964
v 0.3685336 0.6369187 0.5000000
v 0.3251821 0.5234230 0.4298558
v 0.3251821 0.5234230 0.5701442
v 0.3283349 0.5222187 0.5701442
v 0.3283349 0.5222187 0.4298558
v 0.3716864 0.6357144 0.5000000
v 0.3716864 0.6357144 0.5000000
v 0.3283349 0.5222187 0.4298558
v 0.3251821 0.5234230 0.4298558
v 0.3685336 0.6369187 0.5000000
v 0.3283349 0.5222187 0.4298558
v 0.3283349 0.5222187 0.5701442
v 0.3251821 0.5234230 0.5701442
v 0.3251821 0.5234230 0.4298558
v 0.3283349 0.5222187 0.5701442
v 0.3716864 0.6357144 0.5000000
v 0.3685336 0.6369187 0.5000000
v 0.3251821 0.5234230 0.5701442
v 0.6108964 0.3205658 0.5000000
v 0.6794342 0.5000000 0.3891036
v 0.6794342 0.5000000 0.6108964
v 0.6314664 0.3630813 0.5000000
v 0.6748179 0.4765770 0.4298558
v 0.6748179 0.4765770 0.5701442
v 0.6716651 0.4777813 0.5701442
v 0.6716651 0.4777813 0.4298558
v 0.6283136 0.3642856 0.5000000
v 0.6283136 0.3642856 0.5000000
v 0.6716651 0.4777813 0.4298558
v 0.6748179 0.4765770 0.4298558
v 0.6314664 0.3630813 0.5000000
v 0.6716651 0.4777813 0.4298558
v 0.6716651 0.4777813 0.5701442
v 0.6748179 0.4765770 0.5701442
v 0.6748179 0.4765770 0.4298558
v 0.6716651 0.4777813 0.5701442
v 0.6283136 0.3642856 0.5000000
v 0.6314664 0.3630813 0.5000000
v 0.6748179 0.4765770 0.5701442
v 0.6794342 0.5000000 0.6108964
v 0.6794342 0.5000000 0.3891036
v 0.6108964 0.6794342 0.5000000
v 0.6748179 0.5234230 0.5701442
v 0.6748179 0.5234230 0.4298558
v 0.6314664 0.6369187 0.5000000
v 0.6283136 0.6357144 0.5000000
v 0.6716651 0.5222187 0.4298558
v 0.6716651 0.5222187 0.5701442
v 0.6716651 0.5222187 0.5701442
v 0.6716651 0.5222187 0.4298558
v 0.6748179 0.5234230 0.4298558
v 0.6748179 0.5234230 0.5701442
v 0.6716651 0.5222187 0.4298558
v 0.6283136 0.6357144 0.5000000
v 0.6314664 0.6369187 0.5000000
v 0.6748179 0.5234230 0.4298558
v 0.6283136 0.6357144 0.5000000
v 0.6716651 0.5222187 0.5701442
v 0.6748179 0.5234230 0.5701442
v 0.6314664 0.6369187 0.5000000
v 0.2818081 0.5000000 0.3651500
v 0.5000000 0.6348500 0.2818081
v 0.4912723 0.6186680 0.2851417
v 0.2992634 0.5000000 0.3584826
v 0.5000000 0.6348500 0.2818081
v 0.5000000 0.3651500 0.2818081
v 0.4912723 0.3813320 0.2851417
v 0.4912723 0.6186680 0.2851417
v 0.5000000 0.3651500 0.2818081
v 0.2818081 0.5000000 0.3651500
v 0.2992634 0.5000000 0.3584826
v 0.4912723 0.3813320 0.2851417
v 0.5000000 0.3651500 0.2818081
v 0.5000000 0.6348500 0.2818081
v 0.5087277 0.6186680 0.2851417
v 0.5087277 0.3813320 0.2851417
v 0.5000000 0.6348500 0.2818081
v 0.7181919 0.5000000 0.3651500
v 0.7007366 0.5000000 0.3584826
v 0.5087277 0.6186680 0.2851417
v 0.7181919 0.5000000 0.3651500
v 0.5000000 0.3651500 0.2818081
v 0.5087277 0.3813320 0.2851417
v 0.7007366 0.5000000 0.3584826
v 0.6348500 0.2818081 0.5000000
v 0.3651500 0.2818081 0.5000000
v 0.3813320 0.2851417 0.4912723
v 0.6186680 0.2851417 0.4912723
v 0.3651500 0.2818081 0.5000000
v 0.5000000 0.3651500 0.2818081
v 0.5000000 0.3584826 0.2992634
v 0.3813320 0.2851417 0.4912723
v 0.5000000 0.3651500 0.2818081
v 0.6348500 0.2818081 0.5000000
v 0.6186680 0.2851417 0.4912723
v 0.5000000 0.3584826 0.2992634
v 0.5000000 0.3651500 0.2818081
v 0.3651500 0.2818081 0.5000000
v 0.3672103 0.2938694 0.4858783
v 0.4858783 0.3672103 0.2938694
v 0.3651500 0.2818081 0.5000000
v 0.2818081 0.5000000 0.3651500
v 0.2938694 0.4858783 0.3672103
v 0.3672103 0.2938694 0.4858783
v 0.2818081 0.5000000 0.3651500
v 0.5000000 0.3651500 0.2818081
v 0.4858783 0.3672103 0.2938694
v 0.2938694 0.4858783 0.3672103
v 0.7181919 0.5000000 0.3651500
v 0.6348500 0.2818081 0.5000000
v 0.6327897 0.2938694 0.4858783
v 0.7061306 0.4858783 0.3672103
v 0.6348500 0.2818081 0.5000000
v 0.5000000 0.3651500 0.2818081
v 0.5141217 0.3672103 0.2938694
v 0.6327897 0.2938694 0.4858783
v 0.5000000 0.3651500 0.2818081
v 0.7181919 0.5000000 0.3651500
v 0.7061306 0.4858783 0.3672103
v 0.5141217 0.3672103 0.2938694
v 0.5000000 0.3651500 0.7181919
v 0.5000000 0.6348500 0.7181919
v 0.4912723 0.6186680 0.7148583
v 0.4912723 0.3813320 0.7148583
v 0.5000000 0.6348500 0.7181919
v 0.2818081 0.5000000 0.6348500
v 0.2992634 0.5000000 0.6415174
v 0.4912723 0.6186680 0.7148583
v 0.2818081 0.5000000 0.6348500
v 0.5000000 0.3651500 0.7181919
v 0.4912723 0.3813320 0.7148583
v 0.2992634 0.5000000 0.6415174
v 0.7181919 0.5000000 0.6348500
v 0.5000000 0.6348500 0.7181919
v 0.5087277 0.6186680 0.7148583
v 0.7007366 0.5000000 0.6415174
v 0.5000000 0.6348500 0.7181919
v 0.5000000 0.3651500 0.7181919
v 0.5087277 0.3813320 0.7148583
v 0.5087277 0.6186680 0.7148583
v 0.5000000 0.3651500 0.7181919
v 0.7181919 0.5000000 0.6348500
v 0.7007366 0.5000000 0.6415174
v 0.5087277 0.3813320 0.7148583
v 0.5000000 0.3651500 0.7181919
v 0.3651500 0.2818081 0.5000000
v 0.3813320 0.2851417 0.5087277
v 0.5000000 0.3584826 0.7007366
v 0.3651500 0.2818081 0.5000000
v 0.6348500 0.2818081 0.5000000
v 0.6186680 0.2851417 0.5087277
v 0.3813320 0.2851417 0.5087277
v 0.6348500 0.2818081 0.5000000
v 0.5000000 0.3651500 0.7181919
v 0.5000000 0.3584826 0.7007366
v 0.6186680 0.2851417 0.5087277
v 0.2818081 0.5000000 0.6348500
v 0.3651500 0.2818081 0.5000000
v 0.3672103 0.2938694 0.5141217
v 0.2938694 0.4858783 0.6327897
v 0.3651500 0.2818081 0.5000000
v 0.5000000 0.3651500 0.7181919
v 0.4858783 0.3672103 0.7061306
v 0.3672103 0.2938694 0.5141217
v 0.5000000 0.3651500 0.7181919
v 0.2818081 0.5000000 0.6348500
v 0.2938694 0.4858783 0.6327897
v 0.4858783 0.3672103 0.7061306
v 0.5000000 0.3651500 0.7181919
v 0.6348500 0.2818081 0.5000000
v 0.6327897 0.2938694 0.5141217
v 0.5141217 0.3672103 0.7061306
v 0.6348500 0.2818081 0.5000000
v 0.7181919 0.5000000 0.6348500
v 0.7061306 0.4858783 0.6327897
v 0.6327897 0.2938694 0.5141217
v 0.7181919 0.5000000 0.6348500
v 0.5000000 0.3651500 0.7181919
v 0.5141217 0.3672103 0.7061306
v 0.7061306 0.4858783 0.6327897
v 0.5000000 0.6348500 0.2818081
v 0.3651500 0.7181919 0.5000000
v 0.3813320 0.7148583 0.4912723
v 0.5000000 0.6415174 0.2992634
v 0.3651500 0.7181919 0.5000000
v 0.6348500 0.7181919 0.5000000
v 0.6186680 0.7148583 0.4912723
v 0.3813320 0.7148583 0.4912723
v 0.6348500 0.7181919 0.5000000
v 0.5000000 0.6348500 0.2818081
v 0.5000000 0.6415174 0.2992634
v 0.6186680 0.7148583 0.4912723
v 0.2818081 0.5000000 0.3651500
v 0.3651500 0.7181919 0.5000000
v 0.3672103 0.7061306 0.4858783
v 0.2938694 0.5141217 0.3672103
v 0.3651500 0.7181919 0.5000000
v 0.5000000 0.6348500 0.2818081
v 0.4858783 0.6327897 0.2938694
v 0.3672103 0.7061306 0.4858783
v 0.5000000 0.6348500 0.2818081
v 0.2818081 0.5000000 0.3651500
v 0.2938694 0.5141217 0.3672103
v 0.4858783 0.6327897 0.2938694
v 0.5000000 0.6348500 0.2818081
v 0.6348500 0.7181919 0.5000000
v 0.6327897 0.7061306 0.4858783
v 0.5141217 0.6327897 0.2938694
v 0.6348500 0.7181919 0.5000000
v 0.7181919 0.5000000 0.3651500
v 0.7061306 0.5141217 0.3672103
v 0.6327897 0.7061306 0.4858783
v 0.7181919 0.5000000 0.3651500
v 0.5000000 0.6348500 0.2818081
v 0.5141217 0.6327897 0.2938694
v 0.7061306 0.5141217 0.3672103
v 0.6348500 0.7181919 0.5000000
v 0.3651500 0.7181919 0.5000000
v 0.3813320 0.7148583 0.5087277
v 0.6186680 0.7148583 0.5087277
v 0.3651500 0.7181919 0.5000000
v 0.5000000 0.6348500 0.7181919
v 0.5000000 0.6415174 0.7007366
v 0.3813320 0.7148583 0.5087277
v 0.5000000 0.6348500 0.7181919
v 0.6348500 0.7181919 0.5000000
v 0.6186680 0.7148583 0.5087277
v 0.5000000 0.6415174 0.7007366
v 0.5000000 0.6348500 0.7181919
v 0.3651500 0.7181919 0.5000000
v 0.3672103 0.7061306 0.5141217
v 0.4858783 0.6327897 0.7061306
v 0.3651500 0.7181919 0.5000000
v 0.2818081 0.5000000 0.6348500
v 0.2938694 0.5141217 0.6327897
v 0.3672103 0.7061306 0.5141217
v 0.2818081 0.5000000 0.6348500
v 0.5000000 0.6348500 0.7181919
v 0.4858783 0.6327897 0.7061306
v 0.2938694 0.5141217 0.6327897
v 0.7181919 0.5000000 0.6348500
v 0.6348500 0.7181919 0.5000000
v 0.6327897 0.7061306 0.5141217
v 0.7061306 0.5141217 0.6327897
v 0.6348500 0.7181919 0.5000000
v 0.5000000 0.6348500 0.7181919
v 0.5141217 0.6327897 0.7061306
v 0.6327897 0.7061306 0.5141217
v 0.5000000 0.6348500 0.7181919
v 0.7181919 0.5000000 0.6348500
v 0.7061306 0.5141217 0.6327897
v 0.5141217 0.6327897 0.7061306
v 0.2818081 0.5000000 0.6348500
v 0.2818081 0.5000000 0.3651500
v 0.2851417 0.4912723 0.3813320
v 0.2851417 0.4912723 0.6186680
v 0.2818081 0.5000000 0.3651500
v 0.3651500 0.2818081 0.5000000
v 0.3584826 0.2992634 0.5000000
v 0.2851417 0.4912723 0.3813320
v 0.3651500 0.2818081 0.5000000
v 0.2818081 0.5000000 0.6348500
v 0.2851417 0.4912723 0.6186680
v 0.3584826 0.2992634 0.5000000
v 0.3651500 0.7181919 0.5000000
v 0.2818081 0.5000000 0.3651500
v 0.2851417 0.5087277 0.3813320
v 0.3584826 0.7007366 0.5000000
v 0.2818081 0.5000000 0.3651500
v 0.2818081 0.5000000 0.6348500
v 0.2851417 0.5087277 0.6186680
v 0.2851417 0.5087277 0.3813320
v 0.2818081 0.5000000 0.6348500
v 0.3651500 0.7181919 0.5000000
v 0.3584826 0.7007366 0.5000000
v 0.2851417 0.5087277 0.6186680
v 0.6348500 0.2818081 0.5000000
v 0.7181919 0.5000000 0.3651500
v 0.7148583 0.4912723 0.3813320
v 0.6415174 0.2992634 0.5000000
v 0.7181919 0.5000000 0.3651500
v 0.7181919 0.5000000 0.6348500
v 0.7148583 0.4912723 0.6186680
v 0.7148583 0.4912723 0.3813320
v 0.7181919 0.5000000 0.6348500
v 0.6348500 0.2818081 0.5000000
v 0.6415174 0.2992634 0.5000000
v 0.7148583 0.4912723 0.6186680
v 0.7181919 0.5000000 0.6348500
v 0.7181919 0.5000000 0.3651500
v 0.7148583 0.5087277 0.3813320
v 0.7148583 0.5087277 0.6186680
v 0.7181919 0.5000000 0.3651500
v 0.6348500 0.7181919 0.5000000
v 0.6415174 0.7007366 0.5000000
v 0.7148583 0.5087277 0.3813320
v 0.6348500 0.7181919 0.5000000
v 0.7181919 0.5000000 0.6348500
v 0.7148583 0.5087277 0.6186680
v 0.6415174 0.7007366 0.5000000
v 0.2133119 0.5000000 0.2864512
v 0.4818171 0.6659454 0.1838913
v 0.4818171 0.3340546 0.1838913
v 0.4902470 0.3340546 0.2059612
v 0.4902470 0.6659454 0.2059612
v 0.2217418 0.5000000 0.3085210
v 0.2217418 0.5000000 0.3085210
v 0.4902470 0.6659454 0.2059612
v 0.4818171 0.6659454 0.1838913
v 0.2133119 0.5000000 0.2864512
v 0.4902470 0.6659454 0.2059612
v 0.4902470 0.3340546 0.2059612
v 0.4818171 0.3340546 0.1838913
v 0.4818171 0.6659454 0.1838913
v 0.4902470 0.3340546 0.2059612
v 0.2217418 0.5000000 0.3085210
v 0.2133119 0.5000000 0.2864512
v 0.4818171 0.3340546 0.1838913
v 0.2462688 0.5000000 0.2707016
v 0.4637580 0.6344158 0.1876281
v 0.4610730 0.6294374 0.1886537
v 0.2516389 0.5000000 0.2686504
v 0.4637580 0.6344158 0.1876281
v 0.4637580 0.3655842 0.1876281
v 0.4610730 0.3705626 0.1886537
v 0.4610730 0.6294374 0.1886537
v 0.4637580 0.3655842 0.1876281
v 0.2462688 0.5000000 0.2707016
v 0.2516389 0.5000000 0.2686504
v 0.4610730 0.3705626 0.1886537
v 0.2905150 0.5000000 0.2447690
v 0.4371189 0.5906062 0.1887713
v 0.4371189 0.4093938 0.1887713
v 0.4389253 0.4093938 0.1935005
v 0.4389253 0.5906062 0.1935005
v 0.2923214 0.5000000 0.2494982
v 0.2923214 0.5000000 0.2494982
v 0.4389253 0.5906062 0.1935005
v 0.4371189 0.5906062 0.1887713
v 0.2905150 0.5000000 0.2447690
v 0.4389253 0.5906062 0.1935005
v 0.4389253 0.4093938 0.1935005
v 0.4371189 0.4093938 0.1887713
v 0.4371189 0.5906062 0.1887713
v 0.4389253 0.4093938 0.1935005
v 0.2923214 0.5000000 0.2494982
v 0.2905150 0.5000000 0.2447690
v 0.4371189 0.4093938 0.1887713
v 0.5181829 0.3340546 0.1838913
v 0.5181829 0.6659454 0.1838913
v 0.7866881 0.5000000 0.2864512
v 0.7782582 0.5000000 0.3085210
v 0.5097530 0.6659454 0.2059612
v 0.5097530 0.3340546 0.2059612
v 0.5097530 0.3340546 0.2059612
v 0.5097530 0.6659454 0.2059612
v 0.5181829 0.6659454 0.1838913
v 0.5181829 0.3340546 0.1838913
v 0.5097530 0.6659454 0.2059612
v 0.7782582 0.5000000 0.3085210
v 0.7866881 0.5000000 0.2864512
v 0.5181829 0.6659454 0.1838913
v 0.7782582 0.5000000 0.3085210
v 0.5097530 0.3340546 0.2059612
v 0.5181829 0.3340546 0.1838913
v 0.7866881 0.5000000 0.2864512
v 0.5362420 0.3655842 0.1876281
v 0.5362420 0.6344158 0.1876281
v 0.5389270 0.6294374 0.1886537
v 0.5389270 0.3705626 0.1886537
v 0.5362420 0.6344158 0.1876281
v 0.7537312 0.5000000 0.2707016
v 0.7483611 0.5000000 0.2686504
v 0.5389270 0.6294374 0.1886537
v 0.7537312 0.5000000 0.2707016
v 0.5362420 0.3655842 0.1876281
v 0.5389270 0.3705626 0.1886537
v 0.7483611 0.5000000 0.2686504
v 0.5628811 0.4093938 0.1887713
v 0.5628811 0.5906062 0.1887713
v 0.7094850 0.5000000 0.2447690
v 0.7076786 0.5000000 0.2494982
v 0.5610747 0.5906062 0.1935005
v 0.5610747 0.4093938 0.1935005
v 0.5610747 0.4093938 0.1935005
v 0.5610747 0.5906062 0.1935005
v 0.5628811 0.5906062 0.1887713
v 0.5628811 0.4093938 0.1887713
v 0.5610747 0.5906062 0.1935005
v 0.7076786 0.5000000 0.2494982
v 0.7094850 0.5000000 0.2447690
v 0.5628811 0.5906062 0.1887713
v 0.7076786 0.5000000 0.2494982
v 0.5610747 0.4093938 0.1935005
v 0.5628811 0.4093938 0.1887713
v 0.7094850 0.5000000 0.2447690
v 0.6659454 0.1838913 0.4818171
v 0.3340546 0.1838913 0.4818171
v 0.5000000 0.2864512 0.2133119
v 0.5000000 0.3085210 0.2217418
v 0.3340546 0.2059612 0.4902470
v 0.6659454 0.2059612 0.4902470
v 0.6659454 0.2059612 0.4902470
v 0.3340546 0.2059612 0.4902470
v 0.3340546 0.1838913 0.4818171
v 0.6659454 0.1838913 0.4818171
v 0.3340546 0.2059612 0.4902470
v 0.5000000 0.3085210 0.2217418
v 0.5000000 0.2864512 0.2133119
v 0.3340546 0.1838913 0.4818171
v 0.5000000 0.3085210 0.2217418
v 0.6659454 0.2059612 0.4902470
v 0.6659454 0.1838913 0.4818171
v 0.5000000 0.2864512 0.2133119
v 0.6344158 0.1876281 0.4637580
v 0.3655842 0.1876281 0.4637580
v 0.3705626 0.1886537 0.4610730
v 0.6294374 0.1886537 0.4610730
v 0.3655842 0.1876281 0.4637580
v 0.5000000 0.2707016 0.2462688
v 0.5000000 0.2686504 0.2516389
v 0.3705626 0.1886537 0.4610730
v 0.5000000 0.2707016 0.2462688
v 0.6344158 0.1876281 0.4637580
v 0.6294374 0.1886537 0.4610730
v 0.5000000 0.2686504 0.2516389
v 0.5906062 0.1887713 0.4371189
v 0.4093938 0.1887713 0.4371189
v 0.5000000 0.2447690 0.2905150
v 0.5000000 0.2494982 0.2923214
v 0.4093938 0.1935005 0.4389253
v 0.5906062 0.1935005 0.4389253
v 0.5906062 0.1935005 0.4389253
v 0.4093938 0.1935005 0.4389253
v 0.4093938 0.1887713 0.4371189
v 0.5906062 0.1887713 0.4371189
v 0.4093938 0.1935005 0.4389253
v 0.5000000 0.2494982 0.2923214
v 0.5000000 0.2447690 0.2905150
v 0.4093938 0.1887713 0.4371189
v 0.5000000 0.2494982 0.2923214
v 0.5906062 0.1935005 0.4389253
v 0.5906062 0.1887713 0.4371189
v 0.5000000 0.2447690 0.2905150
v 0.4705795 0.3046341 0.2020742
v 0.3046341 0.2020742 0.4705795
v 0.2020742 0.4705795 0.3046341
v 0.2157141 0.4842194 0.3182740
v 0.3182740 0.2157141 0.4842194
v 0.4842194 0.3182740 0.2157141
v 0.4842194 0.3182740 0.2157141
v 0.3182740 0.2157141 0.4842194
v 0.3046341 0.2020742 0.4705795
v 0.4705795 0.3046341 0.2020742
v 0.3182740 0.2157141 0.4842194
v 0.2157141 0.4842194 0.3182740
v 0.2020742 0.4705795 0.3046341
v 0.3046341 0.2020742 0.4705795
v 0.2157141 0.4842194 0.3182740
v 0.4842194 0.3182740 0.2157141
v 0.4705795 0.3046341 0.2020742
v 0.2020742 0.4705795 0.3046341
v 0.4413593 0.3069435 0.2238700
v 0.3069435 0.2238700 0.4413593
v 0.3075774 0.2275807 0.4370148
v 0.4370148 0.3075774 0.2275807
v 0.3069435 0.2238700 0.4413593
v 0.2238700 0.4413593 0.3069435
v 0.2275807 0.4370148 0.3075774
v 0.3075774 0.2275807 0.4370148
v 0.2238700 0.4413593 0.3069435
v 0.4413593 0.3069435 0.2238700
v 0.4370148 0.3075774 0.2275807
v 0.2275807 0.4370148 0.3075774
v 0.3982562 0.3076501 0.2516524
v 0.3076501 0.2516524 0.3982562
v 0.2516524 0.3982562 0.3076501
v 0.2545752 0.4011791 0.3105729
v 0.3105729 0.2545752 0.4011791
v 0.4011791 0.3105729 0.2545752
v 0.4011791 0.3105729 0.2545752
v 0.3105729 0.2545752 0.4011791
v 0.3076501 0.2516524 0.3982562
v 0.3982562 0.3076501 0.2516524
v 0.3105729 0.2545752 0.4011791
v 0.2545752 0.4011791 0.3105729
v 0.2516524 0.3982562 0.3076501
v 0.3076501 0.2516524 0.3982562
v 0.2545752 0.4011791 0.3105729
v 0.4011791 0.3105729 0.2545752
v 0.3982562 0.3076501 0.2516524
v 0.2516524 0.3982562 0.3076501
v 0.7979258 0.4705795 0.3046341
v 0.6953659 0.2020742 0.4705795
v 0.5294205 0.3046341 0.2020742
v 0.5157806 0.3182740 0.2157141
v 0.6817260 0.2157141 0.4842194
v 0.7842859 0.4842194 0.3182740
v 0.7842859 0.4842194 0.3182740
v 0.6817260 0.2157141 0.4842194
v 0.6953659 0.2020742 0.4705795
v 0.7979258 0.4705795 0.3046341
v 0.6817260 0.2157141 0.4842194
v 0.5157806 0.3182740 0.2157141
v 0.5294205 0.3046341 0.2020742
v 0.6953659 0.2020742 0.4705795
v 0.5157806 0.3182740 0.2157141
v 0.7842859 0.4842194 0.3182740
v 0.7979258 0.4705795 0.3046341
v 0.5294205 0.3046341 0.2020742
v 0.7761300 0.4413593 0.3069435
v 0.6930565 0.2238700 0.4413593
v 0.6924226 0.2275807 0.4370148
v 0.7724193 0.4370148 0.3075774
v 0.6930565 0.2238700 0.4413593
v 0.5586407 0.3069435 0.2238700
v 0.5629852 0.3075774 0.2275807
v 0.6924226 0.2275807 0.4370148
v 0.5586407 0.3069435 0.2238700
v 0.7761300 0.4413593 0.3069435
v 0.7724193 0.4370148 0.3075774
v 0.5629852 0.3075774 0.2275807
v 0.7483476 0.3982562 0.3076501
v 0.6923499 0.2516524 0.3982562
v 0.6017438 0.3076501 0.2516524
v 0.5988209 0.3105729 0.2545752
v 0.6894271 0.2545752 0.4011791
v 0.7454248 0.4011791 0.3105729
v 0.7454248 0.4011791 0.3105729
v 0.6894271 0.2545752 0.4011791
v 0.6923499 0.2516524 0.3982562
v 0.7483476 0.3982562 0.3076501
v 0.6894271 0.2545752 0.4011791
v 0.5988209 0.3105729 0.2545752
v 0.6017438 0.3076501 0.2516524
v 0.6923499 0.2516524 0.3982562
v 0.5988209 0.3105729 0.2545752
v 0.7454248 0.4011791 0.3105729
v 0.7483476 0.3982562 0.3076501
v 0.6017438 0.3076501 0.2516524
v 0.4818171 0.3340546 0.8161087
v 0.4818171 0.6659454 0.8161087
v 0.2133119 0.5000000 0.7135488
v 0.2217418 0.5000000 0.6914790
v 0.4902470 0.6659454 0.7940388
v 0.4902470 0.3340546 0.7940388
v 0.4902470 0.3340546 0.7940388
v 0.4902470 0.6659454 0.7940388
v 0.4818171 0.6659454 0.8161087
v 0.4818171 0.3340546 0.8161087
v 0.4902470 0.6659454 0.7940388
v 0.2217418 0.5000000 0.6914790
v 0.2133119 0.5000000 0.7135488
v 0.4818171 0.6659454 0.8161087
v 0.2217418 0.5000000 0.6914790
v 0.4902470 0.3340546 0.7940388
v 0.4818171 0.3340546 0.8161087
v 0.2133119 0.5000000 0.7135488
v 0.4637580 0.3655842 0.8123719
v 0.4637580 0.6344158 0.8123719
v 0.4610730 0.6294374 0.8113463
v 0.4610730 0.3705626 0.8113463
v 0.4637580 0.6344158 0.8123719
v 0.2462688 0.5000000 0.7292984
v 0.2516389 0.5000000 0.7313496
v 0.4610730 0.6294374 0.8113463
v 0.2462688 0.5000000 0.7292984
v 0.4637580 0.3655842 0.8123719
v 0.4610730 0.3705626 0.8113463
v 0.2516389 0.5000000 0.7313496
v 0.4371189 0.4093938 0.8112287
v 0.4371189 0.5906062 0.8112287
v 0.2905150 0.5000000 0.7552310
v 0.2923214 0.5000000 0.7505018
v 0.4389253 0.5906062 0.8064995
v 0.4389253 0.4093938 0.8064995
v 0.4389253 0.4093938 0.8064995
v 0.4389253 0.5906062 0.8064995
v 0.4371189 0.5906062 0.8112287
v 0.4371189 0.4093938 0.8112287
v 0.4389253 0.5906062 0.8064995
v 0.2923214 0.5000000 0.7505018
v 0.2905150 0.5000000 0.7552310
v 0.4371189 0.5906062 0.8112287
v 0.2923214 0.5000000 0.7505018
v 0.4389253 0.4093938 0.8064995
v 0.4371189 0.4093938 0.8112287
v 0.2905150 0.5000000 0.7552310
v 0.7866881 0.5000000 0.7135488
v 0.5181829 0.6659454 0.8161087
v 0.5181829 0.3340546 0.8161087
v 0.5097530 0.3340546 0.7940388
v 0.5097530 0.6659454 0.7940388
v 0.7782582 0.5000000 0.6914790
v 0.7782582 0.5000000 0.6914790
v 0.5097530 0.6659454 0.7940388
v 0.5181829 0.6659454 0.8161087
v 0.7866881 0.5000000 0.7135488
v 0.5097530 0.6659454 0.7940388
v 0.5097530 0.3340546 0.7940388
v 0.5181829 0.3340546 0.8161087
v 0.5181829 0.6659454 0.8161087
v 0.5097530 0.3340546 0.7940388
v 0.7782582 0.5000000 0.6914790
v 0.7866881 0.5000000 0.7135488
v 0.5181829 0.3340546 0.8161087
v 0.7537312 0.5000000 0.7292984
v 0.5362420 0.6344158 0.8123719
v 0.5389270 0.6294374 0.8113463
v 0.7483611 0.5000000 0.7313496
v 0.5362420 0.6344158 0.8123719
v 0.5362420 0.3655842 0.8123719
v 0.5389270 0.3705626 0.8113463
v 0.5389270 0.6294374 0.8113463
v 0.5362420 0.3655842 0.8123719
v 0.7537312 0.5000000 0.7292984
v 0.7483611 0.5000000 0.7313496
v 0.5389270 0.3705626 0.8113463
v 0.7094850 0.5000000 0.7552310
v 0.5628811 0.5906062 0.8112287
v 0.5628811 0.4093938 0.8112287
v 0.5610747 0.4093938 0.8064995
v 0.5610747 0.5906062 0.8064995
v 0.7076786 0.5000000 0.7505018
v 0.7076786 0.5000000 0.7505018
v 0.5610747 0.5906062 0.8064995
v 0.5628811 0.5906062 0.8112287
v 0.7094850 0.5000000 0.7552310
v 0.5610747 0.5906062 0.8064995
v 0.5610747 0.4093938 0.8064995
v 0.5628811 0.4093938 0.8112287
v 0.5628811 0.5906062 0.8112287
v 0.5610747 0.4093938 0.8064995
v 0.7076786 0.5000000 0.7505018
v 0.7094850 0.5000000 0.7552310
v 0.5628811 0.4093938 0.8112287
v 0.5000000 0.2864512 0.7866881
v 0.3340546 0.1838913 0.5181829
v 0.6659454 0.1838913 0.5181829
v 0.6659454 0.2059612 0.5097530
v 0.3340546 0.2059612 0.5097530
v 0.5000000 0.3085210 0.7782582
v 0.5000000 0.3085210 0.7782582
v 0.3340546 0.2059612 0.5097530
v 0.3340546 0.1838913 0.5181829
v 0.5000000 0.2864512 0.7866881
v 0.3340546 0.2059612 0.5097530
v 0.6659454 0.2059612 0.5097530
v 0.6659454 0.1838913 0.5181829
v 0.3340546 0.1838913 0.5181829
v 0.6659454 0.2059612 0.5097530
v 0.5000000 0.3085210 0.7782582
v 0.5000000 0.2864512 0.7866881
v 0.6659454 0.1838913 0.5181829
v 0.5000000 0.2707016 0.7537312
v 0.3655842 0.1876281 0.5362420
v 0.3705626 0.1886537 0.5389270
v 0.5000000 0.2686504 0.7483611
v 0.3655842 0.1876281 0.5362420
v 0.6344158 0.1876281 0.5362420
v 0.6294374 0.1886537 0.5389270
v 0.3705626 0.1886537 0.5389270
v 0.6344158 0.1876281 0.5362420
v 0.5000000 0.2707016 0.7537312
v 0.5000000 0.2686504 0.7483611
v 0.6294374 0.1886537 0.5389270
v 0.5000000 0.2447690 0.7094850
v 0.4093938 0.1887713 0.5628811
v 0.5906062 0.1887713 0.5628811
v 0.5906062 0.1935005 0.5610747
v 0.4093938 0.1935005 0.5610747
v 0.5000000 0.2494982 0.7076786
v 0.5000000 0.2494982 0.7076786
v 0.4093938 0.1935005 0.5610747
v 0.4093938 0.1887713 0.5628811
v 0.5000000 0.2447690 0.7094850
v 0.4093938 0.1935005 0.5610747
v 0.5906062 0.1935005 0.5610747
v 0.5906062 0.1887713 0.5628811
v 0.4093938 0.1887713 0.5628811
v 0.5906062 0.1935005 0.5610747
v 0.5000000 0.2494982 0.7076786
v 0.5000000 0.2447690 0.7094850
v 0.5906062 0.1887713 0.5628811
v 0.2020742 0.4705795 0.6953659
v 0.3046341 0.2020742 0.5294205
v 0.4705795 0.3046341 0.7979258
v 0.4842194 0.3182740 0.7842859
v 0.3182740 0.2157141 0.5157806
v 0.2157141 0.4842194 0.6817260
v 0.2157141 0.4842194 0.6817260
v 0.3182740 0.2157141 0.5157806
v 0.3046341 0.2020742 0.5294205
v 0.2020742 0.4705795 0.6953659
v 0.3182740 0.2157141 0.5157806
v 0.4842194 0.3182740 0.7842859
v 0.4705795 0.3046341 0.7979258
v 0.3046341 0.2020742 0.5294205
v 0.4842194 0.3182740 0.7842859
v 0.2157141 0.4842194 0.6817260
v 0.2020742 0.4705795 0.6953659
v 0.4705795 0.3046341 0.7979258
v 0.2238700 0.4413593 0.6930565
v 0.3069435 0.2238700 0.5586407
v 0.3075774 0.2275807 0.5629852
v 0.2275807 0.4370148 0.6924226
v 0.3069435 0.2238700 0.5586407
v 0.4413593 0.3069435 0.7761300
v 0.4370148 0.3075774 0.7724193
v 0.3075774 0.2275807 0.5629852
v 0.4413593 0.3069435 0.7761300
v 0.2238700 0.4413593 0.6930565
v 0.2275807 0.4370148 0.6924226
v 0.4370148 0.3075774 0.7724193
v 0.2516524 0.3982562 0.6923499
v 0.3076501 0.2516524 0.6017438
v 0.3982562 0.3076501 0.7483476
v 0.4011791 0.3105729 0.7454248
v 0.3105729 0.2545752 0.5988209
v 0.2545752 0.4011791 0.6894271
v 0.2545752 0.4011791 0.6894271
v 0.3105729 0.2545752 0.5988209
v 0.3076501 0.2516524 0.6017438
v 0.2516524 0.3982562 0.6923499
v 0.3105729 0.2545752 0.5988209
v 0.4011791 0.3105729 0.7454248
v 0.3982562 0.3076501 0.7483476
v 0.3076501 0.2516524 0.6017438
v 0.4011791 0.3105729 0.7454248
v 0.2545752 0.4011791 0.6894271
v 0.2516524 0.3982562 0.6923499
v 0.3982562 0.3076501 0.7483476
v 0.5294205 0.3046341 0.7979258
v 0.6953659 0.2020742 0.5294205
v 0.7979258 0.4705795 0.6953659
v 0.7842859 0.4842194 0.6817260
v 0.6817260 0.2157141 0.5157806
v 0.5157806 0.3182740 0.7842859
v 0.5157806 0.3182740 0.7842859
v 0.6817260 0.2157141 0.5157806
v 0.6953659 0.2020742 0.5294205
v 0.5294205 0.3046341 0.7979258
v 0.6817260 0.2157141 0.5157806
v 0.7842859 0.4842194 0.6817260
v 0.7979258 0.4705795 0.6953659
v 0.6953659 0.2020742 0.5294205
v 0.7842859 0.4842194 0.6817260
v 0.5157806 0.3182740 0.7842859
v 0.5294205 0.3046341 0.7979258
v 0.7979258 0.4705795 0.6953659
v 0.5586407 0.3069435 0.7761300
v 0.6930565 0.2238700 0.5586407
v 0.6924226 0.2275807 0.5629852
v 0.5629852 0.3075774 0.7724193
v 0.6930565 0.2238700 0.5586407
v 0.7761300 0.4413593 0.6930565
v 0.7724193 0.4370148 0.6924226
v 0.6924226 0.2275807 0.5629852
v 0.7761300 0.4413593 0.6930565
v 0.5586407 0.3069435 0.7761300
v 0.5629852 0.3075774 0.7724193
v 0.7724193 0.4370148 0.6924226
v 0.6017438 0.3076501 0.7483476
v 0.6923499 0.2516524 0.6017438
v 0.7483476 0.3982562 0.6923499
v 0.7454248 0.4011791 0.6894271
v 0.6894271 0.2545752 0.5988209
v 0.5988209 0.3105729 0.7454248
v 0.5988209 0.3105729 0.7454248
v 0.6894271 0.2545752 0.5988209
v 0.6923499 0.2516524 0.6017438
v 0.6017438 0.3076501 0.7483476
v 0.6894271 0.2545752 0.5988209
v 0.7454248 0.4011791 0.6894271
v 0.7483476 0.3982562 0.6923499
v 0.6923499 0.2516524 0.6017438
v 0.7454248 0.4011791 0.6894271
v 0.5988209 0.3105729 0.7454248
v 0.6017438 0.3076501 0.7483476
v 0.7483476 0.3982562 0.6923499
v 0.5000000 0.7135488 0.2133119
v 0.3340546 0.8161087 0.4818171
v 0.6659454 0.8161087 0.4818171
v 0.6659454 0.7940388 0.4902470
v 0.3340546 0.7940388 0.4902470
v 0.5000000 0.6914790 0.2217418
v 0.5000000 0.6914790 0.2217418
v 0.3340546 0.7940388 0.4902470
v 0.3340546 0.8161087 0.4818171
v 0.5000000 0.7135488 0.2133119
v 0.3340546 0.7940388 0.4902470
v 0.6659454 0.7940388 0.4902470
v 0.6659454 0.8161087 0.4818171
v 0.3340546 0.8161087 0.4818171
v 0.6659454 0.7940388 0.4902470
v 0.5000000 0.6914790 0.2217418
v 0.5000000 0.7135488 0.2133119
v 0.6659454 0.8161087 0.4818171
v 0.5000000 0.7292984 0.2462688
v 0.3655842 0.8123719 0.4637580
v 0.3705626 0.8113463 0.4610730
v 0.5000000 0.7313496 0.2516389
v 0.3655842 0.8123719 0.4637580
v 0.6344158 0.8123719 0.4637580
v 0.6294374 0.8113463 0.4610730
v 0.3705626 0.8113463 0.4610730
v 0.6344158 0.8123719 0.4637580
v 0.5000000 0.7292984 0.2462688
v 0.5000000 0.7313496 0.2516389
v 0.6294374 0.8113463 0.4610730
v 0.5000000 0.7552310 0.2905150
v 0.4093938 0.8112287 0.4371189
v 0.5906062 0.8112287 0.4371189
v 0.5906062 0.8064995 0.4389253
v 0.4093938 0.8064995 0.4389253
v 0.5000000 0.7505018 0.2923214
v 0.5000000 0.7505018 0.2923214
v 0.4093938 0.8064995 0.4389253
v 0.4093938 0.8112287 0.4371189
v 0.5000000 0.7552310 0.2905150
v 0.4093938 0.8064995 0.4389253
v 0.5906062 0.8064995 0.4389253
v 0.5906062 0.8112287 0.4371189
v 0.4093938 0.8112287 0.4371189
v 0.5906062 0.8064995 0.4389253
v 0.5000000 0.7505018 0.2923214
v 0.5000000 0.7552310 0.2905150
v 0.5906062 0.8112287 0.4371189
v 0.2020742 0.5294205 0.3046341
v 0.3046341 0.7979258 0.4705795
v 0.4705795 0.6953659 0.2020742
v 0.4842194 0.6817260 0.2157141
v 0.3182740 0.7842859 0.4842194
v 0.2157141 0.5157806 0.3182740
v 0.2157141 0.5157806 0.3182740
v 0.3182740 0.7842859 0.4842194
v 0.3046341 0.7979258 0.4705795
v 0.2020742 0.5294205 0.3046341
v 0.3182740 0.7842859 0.4842194
v 0.4842194 0.6817260 0.2157141
v 0.4705795 0.6953659 0.2020742
v 0.3046341 0.7979258 0.4705795
v 0.4842194 0.6817260 0.2157141
v 0.2157141 0.5157806 0.3182740
v 0.2020742 0.5294205 0.3046341
v 0.4705795 0.6953659 0.2020742
v 0.2238700 0.5586407 0.3069435
v 0.3069435 0.7761300 0.4413593
v 0.3075774 0.7724193 0.4370148
v 0.2275807 0.5629852 0.3075774
v 0.3069435 0.7761300 0.4413593
v 0.4413593 0.6930565 0.2238700
v 0.4370148 0.6924226 0.2275807
v 0.3075774 0.7724193 0.4370148
v 0.4413593 0.6930565 0.2238700
v 0.2238700 0.5586407 0.3069435
v 0.2275807 0.5629852 0.3075774
v 0.4370148 0.6924226 0.2275807
v 0.2516524 0.6017438 0.3076501
v 0.3076501 0.7483476 0.3982562
v 0.3982562 0.6923499 0.2516524
v 0.4011791 0.6894271 0.2545752
v 0.3105729 0.7454248 0.4011791
v 0.2545752 0.5988209 0.3105729
v 0.2545752 0.5988209 0.3105729
v 0.3105729 0.7454248 0.4011791
v 0.3076501 0.7483476 0.3982562
v 0.2516524 0.6017438 0.3076501
v 0.3105729 0.7454248 0.4011791
v 0.4011791 0.6894271 0.2545752
v 0.3982562 0.6923499 0.2516524
v 0.3076501 0.7483476 0.3982562
v 0.4011791 0.6894271 0.2545752
v 0.2545752 0.5988209 0.3105729
v 0.2516524 0.6017438 0.3076501
v 0.3982562 0.6923499 0.2516524
v 0.5294205 0.6953659 0.2020742
v 0.6953659 0.7979258 0.4705795
v 0.7979258 0.5294205 0.3046341
v 0.7842859 0.5157806 0.3182740
v 0.6817260 0.7842859 0.4842194
v 0.5157806 0.6817260 0.2157141
v 0.5157806 0.6817260 0.2157141
v 0.6817260 0.7842859 0.4842194
v 0.6953659 0.7979258 0.4705795
v 0.5294205 0.6953659 0.2020742
v 0.6817260 0.7842859 0.4842194
v 0.7842859 0.5157806 0.3182740
v 0.7979258 0.5294205 0.3046341
v 0.6953659 0.7979258 0.4705795
v 0.7842859 0.5157806 0.3182740
v 0.5157806 0.6817260 0.2157141
v 0.5294205 0.6953659 0.2020742
v 0.7979258 0.5294205 0.3046341
v 0.5586407 0.6930565 0.2238700
v 0.6930565 0.7761300 0.4413593
v 0.6924226 0.7724193 0.4370148
v 0.5629852 0.6924226 0.2275807
v 0.6930565 0.7761300 0.4413593
v 0.7761300 0.5586407 0.3069435
v 0.7724193 0.5629852 0.3075774
v 0.6924226 0.7724193 0.4370148
v 0.7761300 0.5586407 0.3069435
v 0.5586407 0.6930565 0.2238700
v 0.5629852 0.6924226 0.2275807
v 0.7724193 0.5629852 0.3075774
v 0.6017438 0.6923499 0.2516524
v 0.6923499 0.7483476 0.3982562
v 0.7483476 0.6017438 0.3076501
v 0.7454248 0.5988209 0.3105729
v 0.6894271 0.7454248 0.4011791
v 0.5988209 0.6894271 0.2545752
v 0.5988209 0.6894271 0.2545752
v 0.6894271 0.7454248 0.4011791
v 0.6923499 0.7483476 0.3982562
v 0.6017438 0.6923499 0.2516524
v 0.6894271 0.7454248 0.4011791
v 0.7454248 0.5988209 0.3105729
v 0.7483476 0.6017438 0.3076501
v 0.6923499 0.7483476 0.3982562
v 0.7454248 0.5988209 0.3105729
v 0.5988209 0.6894271 0.2545752
v 0.6017438 0.6923499 0.2516524
v 0.7483476 0.6017438 0.3076501
v 0.6659454 0.8161087 0.5181829
v 0.3340546 0.8161087 0.5181829
v 0.5000000 0.7135488 0.7866881
v 0.5000000 0.6914790 0.7782582
v 0.3340546 0.7940388 0.5097530
v 0.6659454 0.7940388 0.5097530
v 0.6659454 0.7940388 0.5097530
v 0.3340546 0.7940388 0.5097530
v 0.3340546 0.8161087 0.5181829
v 0.6659454 0.8161087 0.5181829
v 0.3340546 0.7940388 0.5097530
v 0.5000000 0.6914790 0.7782582
v 0.5000000 0.7135488 0.7866881
v 0.3340546 0.8161087 0.5181829
v 0.5000000 0.6914790 0.7782582
v 0.6659454 0.7940388 0.5097530
v 0.6659454 0.8161087 0.5181829
v 0.5000000 0.7135488 0.7866881
v 0.6344158 0.8123719 0.5362420
v 0.3655842 0.8123719 0.5362420
v 0.3705626 0.8113463 0.5389270
v 0.6294374 0.8113463 0.5389270
v 0.3655842 0.8123719 0.5362420
v 0.5000000 0.7292984 0.7537312
v 0.5000000 0.7313496 0.7483611
v 0.3705626 0.8113463 0.5389270
v 0.5000000 0.7292984 0.7537312
v 0.6344158 0.8123719 0.5362420
v 0.6294374 0.8113463 0.5389270
v 0.5000000 0.7313496 0.7483611
v 0.5906062 0.8112287 0.5628811
v 0.4093938 0.8112287 0.5628811
v 0.5000000 0.7552310 0.7094850
v 0.5000000 0.7505018 0.7076786
v 0.4093938 0.8064995 0.5610747
v 0.5906062 0.8064995 0.5610747
v 0.5906062 0.8064995 0.5610747
v 0.4093938 0.8064995 0.5610747
v 0.4093938 0.8112287 0.5628811
v 0.5906062 0.8112287 0.5628811
v 0.4093938 0.8064995 0.5610747
v 0.5000000 0.7505018 0.7076786
v 0.5000000 0.7552310 0.7094850
v 0.4093938 0.8112287 0.5628811
v 0.5000000 0.7505018 0.7076786
v 0.5906062 0.8064995 0.5610747
v 0.5906062 0.8112287 0.5628811
v 0.5000000 0.7552310 0.7094850
v 0.4705795 0.6953659 0.7979258
v 0.3046341 0.7979258 0.5294205
v 0.2020742 0.5294205 0.6953659
v 0.2157141 0.5157806 0.6817260
v 0.3182740 0.7842859 0.5157806
v 0.4842194 0.6817260 0.7842859
v 0.4842194 0.6817260 0.7842859
v 0.3182740 0.7842859 0.5157806
v 0.3046341 0.7979258 0.5294205
v 0.4705795 0.6953659 0.7979258
v 0.3182740 0.7842859 0.5157806
v 0.2157141 0.5157806 0.6817260
v 0.2020742 0.5294205 0.6953659
v 0.3046341 0.7979258 0.5294205
v 0.2157141 0.5157806 0.6817260
v 0.4842194 0.6817260 0.7842859
v 0.4705795 0.6953659 0.7979258
v 0.2020742 0.5294205 0.6953659
v 0.4413593 0.6930565 0.7761300
v 0.3069435 0.7761300 0.5586407
v 0.3075774 0.7724193 0.5629852
v 0.4370148 0.6924226 0.7724193
v 0.3069435 0.7761300 0.5586407
v 0.2238700 0.5586407 0.6930565
v 0.2275807 0.5629852 0.6924226
v 0.3075774 0.7724193 0.5629852
v 0.2238700 0.5586407 0.6930565
v 0.4413593 0.6930565 0.7761300
v 0.4370148 0.6924226 0.7724193
v 0.2275807 0.5629852 0.6924226
v 0.3982562 0.6923499 0.7483476
v 0.3076501 0.7483476 0.6017438
v 0.2516524 0.6017438 0.6923499
v 0.2545752 0.5988209 0.6894271
v 0.3105729 0.7454248 0.5988209
v 0.4011791 0.6894271 0.7454248
v 0.4011791 0.6894271 0.7454248
v 0.3105729 0.7454248 0.5988209
v 0.3076501 0.7483476 0.6017438
v 0.3982562 0.6923499 0.7483476
v 0.3105729 0.7454248 0.5988209
v 0.2545752 0.5988209 0.6894271
v 0.2516524 0.6017438 0.6923499
v 0.3076501 0.7483476 0.6017438
v 0.2545752 0.5988209 0.6894271
v 0.4011791 0.6894271 0.7454248
v 0.3982562 0.6923499 0.7483476
v 0.2516524 0.6017438 0.6923499
v 0.7979258 0.5294205 0.6953659
v 0.6953659 0.7979258 0.5294205
v 0.5294205 0.6953659 0.7979258
v 0.5157806 0.6817260 0.7842859
v 0.6817260 0.7842859 0.5157806
v 0.7842859 0.5157806 0.6817260
v 0.7842859 0.5157806 0.6817260
v 0.6817260 0.7842859 0.5157806
v 0.6953659 0.7979258 0.5294205
v 0.7979258 0.5294205 0.6953659
v 0.6817260 0.7842859 0.5157806
v 0.5157806 0.6817260 0.7842859
v 0.5294205 0.6953659 0.7979258
v 0.6953659 0.7979258 0.5294205
v 0.5157806 0.6817260 0.7842859
v 0.7842859 0.5157806 0.6817260
v 0.7979258 0.5294205 0.6953659
v 0.5294205 0.6953659 0.7979258
v 0.7761300 0.5586407 0.6930565
v 0.6930565 0.7761300 0.5586407
v 0.6924226 0.7724193 0.5629852
v 0.7724193 0.5629852 0.6924226
v 0.6930565 0.7761300 0.5586407
v 0.5586407 0.6930565 0.7761300
v 0.5629852 0.6924226 0.7724193
v 0.6924226 0.7724193 0.5629852
v 0.5586407 0.6930565 0.7761300
v 0.7761300 0.5586407 0.6930565
v 0.7724193 0.5629852 0.6924226
v 0.5629852 0.6924226 0.7724193
v 0.7483476 0.6017438 0.6923499
v 0.6923499 0.7483476 0.6017438
v 0.6017438 0.6923499 0.7483476
v 0.5988209 0.6894271 0.7454248
v 0.6894271 0.7454248 0.5988209
v 0.7454248 0.5988209 0.6894271
v 0.7454248 0.5988209 0.6894271
v 0.6894271 0.7454248 0.5988209
v 0.6923499 0.7483476 0.6017438
v 0.7483476 0.6017438 0.6923499
v 0.6894271 0.7454248 0.5988209
v 0.5988209 0.6894271 0.7454248
v 0.6017438 0.6923499 0.7483476
v 0.6923499 0.7483476 0.6017438
v 0.5988209 0.6894271 0.7454248
v 0.7454248 0.5988209 0.6894271
v 0.7483476 0.6017438 0.6923499
v 0.6017438 0.6923499 0.7483476
v 0.1838913 0.4818171 0.6659454
v 0.1838913 0.4818171 0.3340546
v 0.2864512 0.2133119 0.5000000
v 0.3085210 0.2217418 0.5000000
v 0.2059612 0.4902470 0.3340546
v 0.2059612 0.4902470 0.6659454
v 0.2059612 0.4902470 0.6659454
v 0.2059612 0.4902470 0.3340546
v 0.1838913 0.4818171 0.3340546
v 0.1838913 0.4818171 0.6659454
v 0.2059612 0.4902470 0.3340546
v 0.3085210 0.2217418 0.5000000
v 0.2864512 0.2133119 0.5000000
v 0.1838913 0.4818171 0.3340546
v 0.3085210 0.2217418 0.5000000
v 0.2059612 0.4902470 0.6659454
v 0.1838913 0.4818171 0.6659454
v 0.2864512 0.2133119 0.5000000
v 0.1876281 0.4637580 0.6344158
v 0.1876281 0.4637580 0.3655842
v 0.1886537 0.4610730 0.3705626
v 0.1886537 0.4610730 0.6294374
v 0.1876281 0.4637580 0.3655842
v 0.2707016 0.2462688 0.5000000
v 0.2686504 0.2516389 0.5000000
v 0.1886537 0.4610730 0.3705626
v 0.2707016 0.2462688 0.5000000
v 0.1876281 0.4637580 0.6344158
v 0.1886537 0.4610730 0.6294374
v 0.2686504 0.2516389 0.5000000
v 0.1887713 0.4371189 0.5906062
v 0.1887713 0.4371189 0.4093938
v 0.2447690 0.2905150 0.5000000
v 0.2494982 0.2923214 0.5000000
v 0.1935005 0.4389253 0.4093938
v 0.1935005 0.4389253 0.5906062
v 0.1935005 0.4389253 0.5906062
v 0.1935005 0.4389253 0.4093938
v 0.1887713 0.4371189 0.4093938
v 0.1887713 0.4371189 0.5906062
v 0.1935005 0.4389253 0.4093938
v 0.2494982 0.2923214 0.5000000
v 0.2447690 0.2905150 0.5000000
v 0.1887713 0.4371189 0.4093938
v 0.2494982 0.2923214 0.5000000
v 0.1935005 0.4389253 0.5906062
v 0.1887713 0.4371189 0.5906062
v 0.2447690 0.2905150 0.5000000
v 0.2864512 0.7866881 0.5000000
v 0.1838913 0.5181829 0.3340546
v 0.1838913 0.5181829 0.6659454
v 0.2059612 0.5097530 0.6659454
v 0.2059612 0.5097530 0.3340546
v 0.3085210 0.7782582 0.5000000
v 0.3085210 0.7782582 0.5000000
v 0.2059612 0.5097530 0.3340546
v 0.1838913 0.5181829 0.3340546
v 0.2864512 0.7866881 0.5000000
v 0.2059612 0.5097530 0.3340546
v 0.2059612 0.5097530 0.6659454
v 0.1838913 0.5181829 0.6659454
v 0.1838913 0.5181829 0.3340546
v 0.2059612 0.5097530 0.6659454
v 0.3085210 0.7782582 0.5000000
v 0.2864512 0.7866881 0.5000000
v 0.1838913 0.5181829 0.6659454
v 0.2707016 0.7537312 0.5000000
v 0.1876281 0.5362420 0.3655842
v 0.1886537 0.5389270 0.3705626
v 0.2686504 0.7483611 0.5000000
v 0.1876281 0.5362420 0.3655842
v 0.1876281 0.5362420 0.6344158
v 0.1886537 0.5389270 0.6294374
v 0.1886537 0.5389270 0.3705626
v 0.1876281 0.5362420 0.6344158
v 0.2707016 0.7537312 0.5000000
v 0.2686504 0.7483611 0.5000000
v 0.1886537 0.5389270 0.6294374
v 0.2447690 0.7094850 0.5000000
v 0.1887713 0.5628811 0.4093938
v 0.1887713 0.5628811 0.5906062
v 0.1935005 0.5610747 0.5906062
v 0.1935005 0.5610747 0.4093938
v 0.2494982 0.7076786 0.5000000
v 0.2494982 0.7076786 0.5000000
v 0.1935005 0.5610747 0.4093938
v 0.1887713 0.5628811 0.4093938
v 0.2447690 0.7094850 0.5000000
v 0.1935005 0.5610747 0.4093938
v 0.1935005 0.5610747 0.5906062
v 0.1887713 0.5628811 0.5906062
v 0.1887713 0.5628811 0.4093938
v 0.1935005 0.5610747 0.5906062
v 0.2494982 0.7076786 0.5000000
v 0.2447690 0.7094850 0.5000000
v 0.1887713 0.5628811 0.5906062
v 0.7135488 0.2133119 0.5000000
v 0.8161087 0.4818171 0.3340546
v 0.8161087 0.4818171 0.6659454
v 0.7940388 0.4902470 0.6659454
v 0.7940388 0.4902470 0.3340546
v 0.6914790 0.2217418 0.5000000
v 0.6914790 0.2217418 0.5000000
v 0.7940388 0.4902470 0.3340546
v 0.8161087 0.4818171 0.3340546
v 0.7135488 0.2133119 0.5000000
v 0.7940388 0.4902470 0.3340546
v 0.7940388 0.4902470 0.6659454
v 0.8161087 0.4818171 0.6659454
v 0.8161087 0.4818171 0.3340546
v 0.7940388 0.4902470 0.6659454
v 0.6914790 0.2217418 0.5000000
v 0.7135488 0.2133119 0.5000000
v 0.8161087 0.4818171 0.6659454
v 0.7292984 0.2462688 0.5000000
v 0.8123719 0.4637580 0.3655842
v 0.8113463 0.4610730 0.3705626
v 0.7313496 0.2516389 0.5000000
v 0.8123719 0.4637580 0.3655842
v 0.8123719 0.4637580 0.6344158
v 0.8113463 0.4610730 0.6294374
v 0.8113463 0.4610730 0.3705626
v 0.8123719 0.4637580 0.6344158
v 0.7292984 0.2462688 0.5000000
v 0.7313496 0.2516389 0.5000000
v 0.8113463 0.4610730 0.6294374
v 0.7552310 0.2905150 0.5000000
v 0.8112287 0.4371189 0.4093938
v 0.8112287 0.4371189 0.5906062
v 0.8064995 0.4389253 0.5906062
v 0.8064995 0.4389253 0.4093938
v 0.7505018 0.2923214 0.5000000
v 0.7505018 0.2923214 0.5000000
v 0.8064995 0.4389253 0.4093938
v 0.8112287 0.4371189 0.4093938
v 0.7552310 0.2905150 0.5000000
v 0.8064995 0.4389253 0.4093938
v 0.8064995 0.4389253 0.5906062
v 0.8112287 0.4371189 0.5906062
v 0.8112287 0.4371189 0.4093938
v 0.8064995 0.4389253 0.5906062
v 0.7505018 0.2923214 0.5000000
v 0.7552310 0.2905150 0.5000000
v 0.8112287 0.4371189 0.5906062
v 0.8161087 0.5181829 0.6659454
v 0.8161087 0.5181829 0.3340546
v 0.7135488 0.7866881 0.5000000
v 0.6914790 0.7782582 0.5000000
v 0.7940388 0.5097530 0.3340546
v 0.7940388 0.5097530 0.6659454
v 0.7940388 0.5097530 0.6659454
v 0.7940388 0.5097530 0.3340546
v 0.8161087 0.5181829 0.3340546
v 0.8161087 0.5181829 0.6659454
v 0.7940388 0.5097530 0.3340546
v 0.6914790 0.7782582 0.5000000
v 0.7135488 0.7866881 0.5000000
v 0.8161087 0.5181829 0.3340546
v 0.6914790 0.7782582 0.5000000
v 0.7940388 0.5097530 0.6659454
v 0.8161087 0.5181829 0.6659454
v 0.7135488 0.7866881 0.5000000
v 0.8123719 0.5362420 0.6344158
v 0.8123719 0.5362420 0.3655842
v 0.8113463 0.5389270 0.3705626
v 0.8113463 0.5389270 0.6294374
v 0.8123719 0.5362420 0.3655842
v 0.7292984 0.7537312 0.5000000
v 0.7313496 0.7483611 0.5000000
v 0.8113463 0.5389270 0.3705626
v 0.7292984 0.7537312 0.5000000
v 0.8123719 0.5362420 0.6344158
v 0.8113463 0.5389270 0.6294374
v 0.7313496 0.7483611 0.5000000
v 0.8112287 0.5628811 0.5906062
v 0.8112287 0.5628811 0.4093938
v 0.7552310 0.7094850 0.5000000
v 0.7505018 0.7076786 0.5000000
v 0.8064995 0.5610747 0.4093938
v 0.8064995 0.5610747 0.5906062
v 0.8064995 0.5610747 0.5906062
v 0.8064995 0.5610747 0.4093938
v 0.8112287 0.5628811 0.4093938
v 0.8112287 0.5628811 0.5906062
v 0.8064995 0.5610747 0.4093938
v 0.7505018 0.7076786 0.5000000
v 0.7552310 0.7094850 0.5000000
v 0.8112287 0.5628811 0.4093938
v 0.7505018 0.7076786 0.5000000
v 0.8064995 0.5610747 0.5906062
v 0.8112287 0.5628811 0.5906062
v 0.7552310 0.7094850 0.5000000
vt 0.5 0.5
vn -0.3568221 0.0000000 -0.9341724
vn -0.3568221 0.0000000 -0.9341724
vn -0.3568221 0.0000000 -0.9341724
vn -0.3568221 0.0000000 -0.9341724
vn -0.3568221 0.0000000 -0.9341724
vn -0.3568221 0.0000000 -0.9341724
vn 0.3568221 -0.0000000 0.9341724
vn 0.3568221 -0.0000000 0.9341724
vn 0.3568221 -0.0000000 0.9341724
vn -0.4670862 0.8660254 0.1784110
vn -0.4670862 0.8660254 0.1784110
vn -0.4670862 0.8660254 0.1784110
vn -0.4670862 0.8660254 0.1784110
vn 0.9341724 0.0000000 -0.3568221
vn 0.9341724 0.0000000 -0.3568221
vn 0.9341724 0.0000000 -0.3568221
vn 0.9341724 0.0000000 -0.3568221
vn -0.4670862 -0.8660254 0.1784110
vn -0.4670862 -0.8660254 0.1784110
vn -0.4670862 -0.8660254 0.1784110
vn -0.4670862 -0.8660254 0.1784110
vn 0.3568221 0.0000000 -0.9341724
vn 0.3568221 0.0000000 -0.9341724
vn 0.3568221 0.0000000 -0.9341724
vn 0.3568221 0.0000000 -0.9341724
vn 0.3568221 0.0000000 -0.9341724
vn 0.3568221 0.0000000 -0.9341724
vn -0.3568221 -0.0000000 0.9341724
vn -0.3568221 -0.0000000 0.9341724
vn -0.3568221 -0.0000000 0.9341724
vn -0.9341724 0.0000000 -0.3568221
vn -0.9341724 0.0000000 -0.3568221
vn -0.9341724 0.0000000 -0.3568221
vn -0.9341724 0.0000000 -0.3568221
vn 0.4670862 0.8660254 0.1784110
vn 0.4670862 0.8660254 0.1784110
vn 0.4670862 0.8660254 0.1784110
vn 0.4670862 0.8660254 0.1784110
vn 0.4670862 -0.8660254 0.1784110
vn 0.4670862 -0.8660254 0.1784110
vn 0.4670862 -0.8660254 0.1784110
vn 0.4670862 -0.8660254 0.1784110
vn -0.0000000 -0.9341724 -0.3568221
vn -0.0000000 -0.9341724 -0.3568221
vn -0.0000000 -0.9341724 -0.3568221
vn -0.0000000 -0.9341724 -0.3568221
vn -0.0000000 -0.9341724 -0.3568221
vn -0.0000000 -0.9341724 -0.3568221
vn 0.0000000 0.9341724 0.3568221
vn 0.0000000 0.9341724 0.3568221
vn 0.0000000 0.9341724 0.3568221
vn 0.0000000 -0.3568221 0.9341724
vn 0.0000000 -0.3568221 0.9341724
vn 0.0000000 -0.3568221 0.9341724
vn 0.0000000 -0.3568221 0.9341724
vn -0.8660254 0.1784110 -0.4670862
vn -0.8660254 0.1784110 -0.4670862
vn -0.8660254 0.1784110 -0.4670862
vn -0.8660254 0.1784110 -0.4670862
vn 0.8660254 0.1784110 -0.4670862
vn 0.8660254 0.1784110 -0.4670862
vn 0.8660254 0.1784110 -0.4670862
vn 0.8660254 0.1784110 -0.4670862
vn -0.5773503 -0.5773503 -0.5773503
vn -0.5773503 -0.5773503 -0.5773503
vn -0.5773503 -0.5773503 -0.5773503
vn -0.5773503 -0.5773503 -0.5773503
vn -0.5773503 -0.5773503 -0.5773503
vn -0.5773503 -0.5773503 -0.5773503
vn 0.5773503 0.5773503 0.5773503
vn 0.5773503 0.5773503 0.5773503
vn 0.5773503 0.5773503 0.5773503
vn 0.6454972 -0.7557613 0.1102641
vn 0.6454972 -0.7557613 0.1102641
vn 0.6454972 -0.7557613 0.1102641
vn 0.6454972 -0.7557613 0.1102641
vn -0.7557613 0.1102641 0.6454972
vn -0.7557613 0.1102641 0.6454972
vn -0.7557613 0.1102641 0.6454972
vn -0.7557613 0.1102641 0.6454972
vn 0.1102641 0.6454972 -0.7557613
vn 0.1102641 0.6454972 -0.7557613
vn 0.1102641 0.6454972 -0.7557613
vn 0.1102641 0.6454972 -0.7557613
vn 0.5773503 -0.5773503 -0.5773503
vn 0.5773503 -0.5773503 -0.5773503
vn 0.5773503 -0.5773503 -0.5773503
vn 0.5773503 -0.5773503 -0.5773503
vn 0.5773503 -0.5773503 -0.5773503
vn 0.5773503 -0.5773503 -0.5773503
vn -0.5773503 0.5773503 0.5773503
vn -0.5773503 0.5773503 0.5773503
vn -0.5773503 0.5773503 0.5773503
vn 0.7557613 0.1102641 0.6454972
vn 0.7557613 0.1102641 0.6454972
vn 0.7557613 0.1102641 0.6454972
vn 0.7557613 0.1102641 0.6454972
vn -0.6454972 -0.7557613 0.1102641
vn -0.6454972 -0.7557613 0.1102641
vn -0.6454972 -0.7557613 0.1102641
vn -0.6454972 -0.7557613 0.1102641
vn -0.1102641 0.6454972 -0.7557613
vn -0.1102641 0.6454972 -0.7557613
vn -0.1102641 0.6454972 -0.7557613
vn -0.1102641 0.6454972 -0.7557613
vn -0.3568221 0.0000000 0.9341724
vn -0.3568221 0.0000000 0.9341724
vn -0.3568221 0.0000000 0.9341724
vn -0.3568221 0.0000000 0.9341724
vn -0.3568221 0.0000000 0.9341724
vn -0.3568221 0.0000000 0.9341724
vn 0.3568221 -0.0000000 -0.9341724
vn 0.3568221 -0.0000000 -0.9341724
vn 0.3568221 -0.0000000 -0.9341724
vn 0.9341724 -0.0000000 0.3568221
vn 0.9341724 -0.0000000 0.3568221
vn 0.9341724 -0.0000000 0.3568221
vn 0.9341724 -0.0000000 0.3568221
vn -0.4670862 0.8660254 -0.1784110
vn -0.4670862 0.8660254 -0.1784110
vn -0.4670862 0.8660254 -0.1784110
vn -0.4670862 0.8660254 -0.1784110
vn -0.4670862 -0.8660254 -0.1784110
vn -0.4670862 -0.8660254 -0.1784110
vn -0.4670862 -0.8660254 -0.1784110
vn -0.4670862 -0.8660254 -0.1784110
vn 0.3568221 0.0000000 0.9341724
vn 0.3568221 0.0000000 0.9341724
vn 0.3568221 0.0000000 0.9341724
vn 0.3568221 0.0000000 0.9341724
vn 0.3568221 0.0000000 0.9341724
vn 0.3568221 0.0000000 0.9341724
vn -0.3568221 -0.0000000 -0.9341724
vn -0.3568221 -0.0000000 -0.9341724
vn -0.3568221 -0.0000000 -0.9341724
vn 0.4670862 0.8660254 -0.1784110
vn 0.4670862 0.8660254 -0.1784110
vn 0.4670862 0.8660254 -0.1784110
vn 0.4670862 0.8660254 -0.1784110
vn -0.9341724 0.0000000 0.3568221
vn -0.9341724 0.0000000 0.3568221
vn -0.9341724 0.0000000 0.3568221
vn -0.9341724 0.0000000 0.3568221
vn 0.4670862 -0.8660254 -0.1784110
vn 0.4670862 -0.8660254 -0.1784110
vn 0.4670862 -0.8660254 -0.1784110
vn 0.4670862 -0.8660254 -0.1784110
vn 0.0000000 -0.9341724 0.3568221
vn 0.0000000 -0.9341724 0.3568221
vn 0.0000000 -0.9341724 0.3568221
vn 0.0000000 -0.9341724 0.3568221
vn 0.0000000 -0.9341724 0.3568221
vn 0.0000000 -0.9341724 0.3568221
vn -0.0000000 0.9341724 -0.3568221
vn -0.0000000 0.9341724 -0.3568221
vn -0.0000000 0.9341724 -0.3568221
vn -0.8660254 0.1784110 0.4670862
vn -0.8660254 0.1784110 0.4670862
vn -0.8660254 0.1784110 0.4670862
vn -0.8660254 0.1784110 0.4670862
vn 0.0000000 -0.3568221 -0.9341724
vn 0.0000000 -0.3568221 -0.9341724
vn 0.0000000 -0.3568221 -0.9341724
vn 0.0000000 -0.3568221 -0.9341724
vn 0.8660254 0.1784110 0.4670862
vn 0.8660254 0.1784110 0.4670862
vn 0.8660254 0.1784110 0.4670862
vn 0.8660254 0.1784110 0.4670862
vn -0.5773503 -0.5773503 0.5773503
vn -0.5773503 -0.5773503 0.5773503
vn -0.5773503 -0.5773503 0.5773503
vn -0.5773503 -0.5773503 0.5773503
vn -0.5773503 -0.5773503 0.5773503
vn -0.5773503 -0.5773503 0.5773503
vn 0.5773503 0.5773503 -0.5773503
vn 0.5773503 0.5773503 -0.5773503
vn 0.5773503 0.5773503 -0.5773503
vn -0.7557613 0.1102641 -0.6454972
vn -0.7557613 0.1102641 -0.6454972
vn -0.7557613 0.1102641 -0.6454972
vn -0.7557613 0.1102641 -0.6454972
vn 0.6454972 -0.7557613 -0.1102641
vn 0.6454972 -0.7557613 -0.1102641
vn 0.6454972 -0.7557613 -0.1102641
vn 0.6454972 -0.7557613 -0.1102641
vn 0.1102641 0.6454972 0.7557613
vn 0.1102641 0.6454972 0.7557613
vn 0.1102641 0.6454972 0.7557613
vn 0.1102641 0.6454972 0.7557613
vn 0.5773503 -0.5773503 0.5773503
vn 0.5773503 -0.5773503 0.5773503
vn 0.5773503 -0.5773503 0.5773503
vn 0.5773503 -0.5773503 0.5773503
vn 0.5773503 -0.5773503 0.5773503
vn 0.5773503 -0.5773503 0.5773503
vn -0.5773503 0.5773503 -0.5773503
vn -0.5773503 0.5773503 -0.5773503
vn -0.5773503 0.5773503 -0.5773503
vn -0.6454972 -0.7557613 -0.1102641
vn -0.6454972 -0.7557613 -0.1102641
vn -0.6454972 -0.7557613 -0.1102641
vn -0.6454972 -0.7557613 -0.1102641
vn 0.7557613 0.1102641 -0.6454972
vn 0.7557613 0.1102641 -0.6454972
vn 0.7557613 0.1102641 -0.6454972
vn 0.7557613 0.1102641 -0.6454972
vn -0.1102641 0.6454972 0.7557613
vn -0.1102641 0.6454972 0.7557613
vn -0.1102641 0.6454972 0.7557613
vn -0.1102641 0.6454972 0.7557613
vn 0.0000000 0.9341724 -0.3568221
vn 0.0000000 0.9341724 -0.3568221
vn 0.0000000 0.9341724 -0.3568221
vn 0.0000000 0.9341724 -0.3568221
vn 0.0000000 0.9341724 -0.3568221
vn 0.0000000 0.9341724 -0.3568221
vn -0.0000000 -0.9341724 0.3568221
vn -0.0000000 -0.9341724 0.3568221
vn -0.0000000 -0.9341724 0.3568221
vn -0.8660254 -0.1784110 -0.4670862
vn -0.8660254 -0.1784110 -0.4670862
vn -0.8660254 -0.1784110 -0.4670862
vn -0.8660254 -0.1784110 -0.4670862
vn -0.0000000 0.3568221 0.9341724
vn -0.0000000 0.3568221 0.9341724
vn -0.0000000 0.3568221 0.9341724
vn -0.0000000 0.3568221 0.9341724
vn 0.8660254 -0.1784110 -0.4670862
vn 0.8660254 -0.1784110 -0.4670862
vn 0.8660254 -0.1784110 -0.4670862
vn 0.8660254 -0.1784110 -0.4670862
vn -0.5773503 0.5773503 -0.5773503
vn -0.5773503 0.5773503 -0.5773503
vn -0.5773503 0.5773503 -0.5773503
vn -0.5773503 0.5773503 -0.5773503
vn -0.5773503 0.5773503 -0.5773503
vn -0.5773503 0.5773503 -0.5773503
vn 0.5773503 -0.5773503 0.5773503
vn 0.5773503 -0.5773503 0.5773503
vn 0.5773503 -0.5773503 0.5773503
vn -0.7557613 -0.1102641 0.6454972
vn -0.7557613 -0.1102641 0.6454972
vn -0.7557613 -0.1102641 0.6454972
vn -0.7557613 -0.1102641 0.6454972
vn 0.6454972 0.7557613 0.1102641
vn 0.6454972 0.7557613 0.1102641
vn 0.6454972 0.7557613 0.1102641
vn 0.6454972 0.7557613 0.1102641
vn 0.1102641 -0.6454972 -0.7557613
vn 0.1102641 -0.6454972 -0.7557613
vn 0.1102641 -0.6454972 -0.7557613
vn 0.1102641 -0.6454972 -0.7557613
vn 0.5773503 0.5773503 -0.5773503
vn 0.5773503 0.5773503 -0.5773503
vn 0.5773503 0.5773503 -0.5773503
vn 0.5773503 0.5773503 -0.5773503
vn 0.5773503 0.5773503 -0.5773503
vn 0.5773503 0.5773503 -0.5773503
vn -0.5773503 -0.5773503 0.5773503
vn -0.5773503 -0.5773503 0.5773503
vn -0.5773503 -0.5773503 0.5773503
vn -0.6454972 0.7557613 0.1102641
vn -0.6454972 0.7557613 0.1102641
vn -0.6454972 0.7557613 0.1102641
vn -0.6454972 0.7557613 0.1102641
vn 0.7557613 -0.1102641 0.6454972
vn 0.7557613 -0.1102641 0.6454972
vn 0.7557613 -0.1102641 0.6454972
vn 0.7557613 -0.1102641 0.6454972
vn -0.1102641 -0.6454972 -0.7557613
vn -0.1102641 -0.6454972 -0.7557613
vn -0.1102641 -0.6454972 -0.7557613
vn -0.1102641 -0.6454972 -0.7557613
vn 0.0000000 0.9341724 0.3568221
vn 0.0000000 0.9341724 0.3568221
vn 0.0000000 0.9341724 0.3568221
vn 0.0000000 0.9341724 0.3568221
vn 0.0000000 0.9341724 0.3568221
vn 0.0000000 0.9341724 0.3568221
vn -0.0000000 -0.9341724 -0.3568221
vn -0.0000000 -0.9341724 -0.3568221
vn -0.0000000 -0.9341724 -0.3568221
vn 0.0000000 0.3568221 -0.9341724
vn 0.0000000 0.3568221 -0.9341724
vn 0.0000000 0.3568221 -0.9341724
vn 0.0000000 0.3568221 -0.9341724
vn -0.8660254 -0.1784110 0.4670862
vn -0.8660254 -0.1784110 0.4670862
vn -0.8660254 -0.1784110 0.4670862
vn -0.8660254 -0.1784110 0.4670862
vn 0.8660254 -0.1784110 0.4670862
vn 0.8660254 -0.1784110 0.4670862
vn 0.8660254 -0.1784110 0.4670862
vn 0.8660254 -0.1784110 0.4670862
vn -0.5773503 0.5773503 0.5773503
vn -0.5773503 0.5773503 0.5773503
vn -0.5773503 0.5773503 0.5773503
vn -0.5773503 0.5773503 0.5773503
vn -0.5773503 0.5773503 0.5773503
vn -0.5773503 0.5773503 0.5773503
vn 0.5773503 -0.5773503 -0.5773503
vn 0.5773503 -0.5773503 -0.5773503
vn 0.5773503 -0.5773503 -0.5773503
vn 0.6454972 0.7557613 -0.1102641
vn 0.6454972 0.7557613 -0.1102641
vn 0.6454972 0.7557613 -0.1102641
vn 0.6454972 0.7557613 -0.1102641
vn -0.7557613 -0.1102641 -0.6454972
vn -0.7557613 -0.1102641 -0.6454972
vn -0.7557613 -0.1102641 -0.6454972
vn -0.7557613 -0.1102641 -0.6454972
vn 0.1102641 -0.6454972 0.7557613
vn 0.1102641 -0.6454972 0.7557613
vn 0.1102641 -0.6454972 0.7557613
vn 0.1102641 -0.6454972 0.7557613
vn 0.5773503 0.5773503 0.5773503
vn 0.5773503 0.5773503 0.5773503
vn 0.5773503 0.5773503 0.5773503
vn 0.5773503 0.5773503 0.5773503
vn 0.5773503 0.5773503 0.5773503
vn 0.5773503 0.5773503 0.5773503
vn -0.5773503 -0.5773503 -0.5773503
vn -0.5773503 -0.5773503 -0.5773503
vn -0.5773503 -0.5773503 -0.5773503
vn 0.7557613 -0.1102641 -0.6454972
vn 0.7557613 -0.1102641 -0.6454972
vn 0.7557613 -0.1102641 -0.6454972
vn 0.7557613 -0.1102641 -0.6454972
vn -0.6454972 0.7557613 -0.1102641
vn -0.6454972 0.7557613 -0.1102641
vn -0.6454972 0.7557613 -0.1102641
vn -0.6454972 0.7557613 -0.1102641
vn -0.1102641 -0.6454972 0.7557613
vn -0.1102641 -0.6454972 0.7557613
vn -0.1102641 -0.6454972 0.7557613
vn -0.1102641 -0.6454972 0.7557613
vn -0.9341724 -0.3568221 -0.0000000
vn -0.9341724 -0.3568221 -0.0000000
vn -0.9341724 -0.3568221 -0.0000000
vn -0.9341724 -0.3568221 -0.0000000
vn -0.9341724 -0.3568221 -0.0000000
vn -0.9341724 -0.3568221 -0.0000000
vn 0.9341724 0.3568221 0.0000000
vn 0.9341724 0.3568221 0.0000000
vn 0.9341724 0.3568221 0.0000000
vn -0.3568221 0.9341724 0.0000000
vn -0.3568221 0.9341724 0.0000000
vn -0.3568221 0.9341724 0.0000000
vn -0.3568221 0.9341724 0.0000000
vn 0.1784110 -0.4670862 -0.8660254
vn 0.1784110 -0.4670862 -0.8660254
vn 0.1784110 -0.4670862 -0.8660254
vn 0.1784110 -0.4670862 -0.8660254
vn 0.1784110 -0.4670862 0.8660254
vn 0.1784110 -0.4670862 0.8660254
vn 0.1784110 -0.4670862 0.8660254
vn 0.1784110 -0.4670862 0.8660254
vn -0.9341724 0.3568221 0.0000000
vn -0.9341724 0.3568221 0.0000000
vn -0.9341724 0.3568221 0.0000000
vn -0.9341724 0.3568221 0.0000000
vn -0.9341724 0.3568221 0.0000000
vn -0.9341724 0.3568221 0.0000000
vn 0.9341724 -0.3568221 -0.0000000
vn 0.9341724 -0.3568221 -0.0000000
vn 0.9341724 -0.3568221 -0.0000000
vn 0.1784110 0.4670862 -0.8660254
vn 0.1784110 0.4670862 -0.8660254
vn 0.1784110 0.4670862 -0.8660254
vn 0.1784110 0.4670862 -0.8660254
vn -0.3568221 -0.9341724 0.0000000
vn -0.3568221 -0.9341724 0.0000000
vn -0.3568221 -0.9341724 0.0000000
vn -0.3568221 -0.9341724 0.0000000
vn 0.1784110 0.4670862 0.8660254
vn 0.1784110 0.4670862 0.8660254
vn 0.1784110 0.4670862 0.8660254
vn 0.1784110 0.4670862 0.8660254
vn 0.9341724 -0.3568221 0.0000000
vn 0.9341724 -0.3568221 0.0000000
vn 0.9341724 -0.3568221 0.0000000
vn 0.9341724 -0.3568221 0.0000000
vn 0.9341724 -0.3568221 0.0000000
vn 0.9341724 -0.3568221 0.0000000
vn -0.9341724 0.3568221 -0.0000000
vn -0.9341724 0.3568221 -0.0000000
vn -0.9341724 0.3568221 -0.0000000
vn -0.1784110 -0.4670862 -0.8660254
vn -0.1784110 -0.4670862 -0.8660254
vn -0.1784110 -0.4670862 -0.8660254
vn -0.1784110 -0.4670862 -0.8660254
vn 0.3568221 0.9341724 -0.0000000
vn 0.3568221 0.9341724 -0.0000000
vn 0.3568221 0.9341724 -0.0000000
vn 0.3568221 0.9341724 -0.0000000
vn -0.1784110 -0.4670862 0.8660254
vn -0.1784110 -0.4670862 0.8660254
vn -0.1784110 -0.4670862 0.8660254
vn -0.1784110 -0.4670862 0.8660254
vn 0.9341724 0.3568221 0.0000000
vn 0.9341724 0.3568221 0.0000000
vn 0.9341724 0.3568221 0.0000000
vn 0.9341724 0.3568221 0.0000000
vn 0.9341724 0.3568221 0.0000000
vn 0.9341724 0.3568221 0.0000000
vn -0.9341724 -0.3568221 -0.0000000
vn -0.9341724 -0.3568221 -0.0000000
vn -0.9341724 -0.3568221 -0.0000000
vn 0.3568221 -0.9341724 0.0000000
vn 0.3568221 -0.9341724 0.0000000
vn 0.3568221 -0.9341724 0.0000000
vn 0.3568221 -0.9341724 0.0000000
vn -0.1784110 0.4670862 -0.8660254
vn -0.1784110 0.4670862 -0.8660254
vn -0.1784110 0.4670862 -0.8660254
vn -0.1784110 0.4670862 -0.8660254
vn -0.1784110 0.4670862 0.8660254
vn -0.1784110 0.4670862 0.8660254
vn -0.1784110 0.4670862 0.8660254
vn -0.1784110 0.4670862 0.8660254
vn -0.3568221 0.0000000 -0.9341724
vn -0.3568221 0.0000000 -0.9341724
vn -0.3568221 0.0000000 -0.9341724
vn -0.3568221 0.0000000 -0.9341724
vn -0.3568221 -0.0000000 -0.9341724
vn -0.3568221 -0.0000000 -0.9341724
vn -0.3568221 -0.0000000 -0.9341724
vn -0.3568221 -0.0000000 -0.9341724
vn -0.3568221 -0.0000000 -0.9341724
vn -0.3568221 -0.0000000 -0.9341724
vn -0.3568221 -0.0000000 -0.9341724
vn -0.3568221 -0.0000000 -0.9341724
vn 0.3568221 0.0000000 -0.9341724
vn 0.3568221 0.0000000 -0.9341724
vn 0.3568221 0.0000000 -0.9341724
vn 0.3568221 0.0000000 -0.9341724
vn 0.3568221 0.0000000 -0.9341724
vn 0.3568221 0.0000000 -0.9341724
vn 0.3568221 0.0000000 -0.9341724
vn 0.3568221 0.0000000 -0.9341724
vn 0.3568221 -0.0000000 -0.9341724
vn 0.3568221 -0.0000000 -0.9341724
vn 0.3568221 -0.0000000 -0.9341724
vn 0.3568221 -0.0000000 -0.9341724
vn -0.0000000 -0.9341724 -0.3568221
vn -0.0000000 -0.9341724 -0.3568221
vn -0.0000000 -0.9341724 -0.3568221
vn -0.0000000 -0.9341724 -0.3568221
vn -0.0000000 -0.9341724 -0.3568221
vn -0.0000000 -0.9341724 -0.3568221
vn -0.0000000 -0.9341724 -0.3568221
vn -0.0000000 -0.9341724 -0.3568221
vn 0.0000000 -0.9341724 -0.3568221
vn 0.0000000 -0.9341724 -0.3568221
vn 0.0000000 -0.9341724 -0.3568221
vn 0.0000000 -0.9341724 -0.3568221
vn -0.5773503 -0.5773503 -0.5773503
vn -0.5773503 -0.5773503 -0.5773503
vn -0.5773503 -0.5773503 -0.5773503
vn -0.5773503 -0.5773503 -0.5773503
vn -0.5773503 -0.5773503 -0.5773503
vn -0.5773503 -0.5773503 -0.5773503
vn -0.5773503 -0.5773503 -0.5773503
vn -0.5773503 -0.5773503 -0.5773503
vn -0.5773503 -0.5773503 -0.5773503
vn -0.5773503 -0.5773503 -0.5773503
vn -0.5773503 -0.5773503 -0.5773503
vn -0.5773503 -0.5773503 -0.5773503
vn 0.5773503 -0.5773503 -0.5773503
vn 0.5773503 -0.5773503 -0.5773503
vn 0.5773503 -0.5773503 -0.5773503
vn 0.5773503 -0.5773503 -0.5773503
vn 0.5773503 -0.5773503 -0.5773503
vn 0.5773503 -0.5773503 -0.5773503
vn 0.5773503 -0.5773503 -0.5773503
vn 0.5773503 -0.5773503 -0.5773503
vn 0.5773503 -0.5773503 -0.5773503
vn 0.5773503 -0.5773503 -0.5773503
vn 0.5773503 -0.5773503 -0.5773503
vn 0.5773503 -0.5773503 -0.5773503
vn -0.3568221 0.0000000 0.9341724
vn -0.3568221 0.0000000 0.9341724
vn -0.3568221 0.0000000 0.9341724
vn -0.3568221 0.0000000 0.9341724
vn -0.3568221 0.0000000 0.9341724
vn -0.3568221 0.0000000 0.9341724
vn -0.3568221 0.0000000 0.9341724
vn -0.3568221 0.0000000 0.9341724
vn -0.3568221 -0.0000000 0.9341724
vn -0.3568221 -0.0000000 0.9341724
vn -0.3568221 -0.0000000 0.9341724
vn -0.3568221 -0.0000000 0.9341724
vn 0.3568221 0.0000000 0.9341724
vn 0.3568221 0.0000000 0.9341724
vn 0.3568221 0.0000000 0.9341724
vn 0.3568221 0.0000000 0.9341724
vn 0.3568221 0.0000000 0.9341724
vn 0.3568221 0.0000000 0.9341724
vn 0.3568221 0.0000000 0.9341724
vn 0.3568221 0.0000000 0.9341724
vn 0.3568221 -0.0000000 0.9341724
vn 0.3568221 -0.0000000 0.9341724
vn 0.3568221 -0.0000000 0.9341724
vn 0.3568221 -0.0000000 0.9341724
vn -0.0000000 -0.9341724 0.3568221
vn -0.0000000 -0.9341724 0.3568221
vn -0.0000000 -0.9341724 0.3568221
vn -0.0000000 -0.9341724 0.3568221
vn 0.0000000 -0.9341724 0.3568221
vn 0.0000000 -0.9341724 0.3568221
vn 0.0000000 -0.9341724 0.3568221
vn 0.0000000 -0.9341724 0.3568221
vn 0.0000000 -0.9341724 0.3568221
vn 0.0000000 -0.9341724 0.3568221
vn 0.0000000 -0.9341724 0.3568221
vn 0.0000000 -0.9341724 0.3568221
vn -0.5773503 -0.5773503 0.5773503
vn -0.5773503 -0.5773503 0.5773503
vn -0.5773503 -0.5773503 0.5773503
vn -0.5773503 -0.5773503 0.5773503
vn -0.5773503 -0.5773503 0.5773503
vn -0.5773503 -0.5773503 0.5773503
vn -0.5773503 -0.5773503 0.5773503
vn -0.5773503 -0.5773503 0.5773503
vn -0.5773503 -0.5773503 0.5773503
vn -0.5773503 -0.5773503 0.5773503
vn -0.5773503 -0.5773503 0.5773503
vn -0.5773503 -0.5773503 0.5773503
vn 0.5773503 -0.5773503 0.5773503
vn 0.5773503 -0.5773503 0.5773503
vn 0.5773503 -0.5773503 0.5773503
vn 0.5773503 -0.5773503 0.5773503
vn 0.5773503 -0.5773503 0.5773503
vn 0.5773503 -0.5773503 0.5773503
vn 0.5773503 -0.5773503 0.5773503
vn 0.5773503 -0.5773503 0.5773503
vn 0.5773503 -0.5773503 0.5773503
vn 0.5773503 -0.5773503 0.5773503
vn 0.5773503 -0.5773503 0.5773503
vn 0.5773503 -0.5773503 0.5773503
vn -0.0000000 0.9341724 -0.3568221
vn -0.0000000 0.9341724 -0.3568221
vn -0.0000000 0.9341724 -0.3568221
vn -0.0000000 0.9341724 -0.3568221
vn 0.0000000 0.9341724 -0.3568221
vn 0.0000000 0.9341724 -0.3568221
vn 0.0000000 0.9341724 -0.3568221
vn 0.0000000 0.9341724 -0.3568221
vn 0.0000000 0.9341724 -0.3568221
vn 0.0000000 0.9341724 -0.3568221
vn 0.0000000 0.9341724 -0.3568221
vn 0.0000000 0.9341724 -0.3568221
vn -0.5773503 0.5773503 -0.5773503
vn -0.5773503 0.5773503 -0.5773503
vn -0.5773503 0.5773503 -0.5773503
vn -0.5773503 0.5773503 -0.5773503
vn -0.5773503 0.5773503 -0.5773503
vn -0.5773503 0.5773503 -0.5773503
vn -0.5773503 0.5773503 -0.5773503
vn -0.5773503 0.5773503 -0.5773503
vn -0.5773503 0.5773503 -0.5773503
vn -0.5773503 0.5773503 -0.5773503
vn -0.5773503 0.5773503 -0.5773503
vn -0.5773503 0.5773503 -0.5773503
vn 0.5773503 0.5773503 -0.5773503
vn 0.5773503 0.5773503 -0.5773503
vn 0.5773503 0.5773503 -0.5773503
vn 0.5773503 0.5773503 -0.5773503
vn 0.5773503 0.5773503 -0.5773503
vn 0.5773503 0.5773503 -0.5773503
vn 0.5773503 0.5773503 -0.5773503
vn 0.5773503 0.5773503 -0.5773503
vn 0.5773503 0.5773503 -0.5773503
vn 0.5773503 0.5773503 -0.5773503
vn 0.5773503 0.5773503 -0.5773503
vn 0.5773503 0.5773503 -0.5773503
vn 0.0000000 0.9341724 0.3568221
vn 0.0000000 0.9341724 0.3568221
vn 0.0000000 0.9341724 0.3568221
vn 0.0000000 0.9341724 0.3568221
vn -0.0000000 0.9341724 0.3568221
vn -0.0000000 0.9341724 0.3568221
vn -0.0000000 0.9341724 0.3568221
vn -0.0000000 0.9341724 0.3568221
vn 0.0000000 0.9341724 0.3568221
vn 0.0000000 0.9341724 0.3568221
vn 0.0000000 0.9341724 0.3568221
vn 0.0000000 0.9341724 0.3568221
vn -0.5773503 0.5773503 0.5773503
vn -0.5773503 0.5773503 0.5773503
vn -0.5773503 0.5773503 0.5773503
vn -0.5773503 0.5773503 0.5773503
vn -0.5773503 0.5773503 0.5773503
vn -0.5773503 0.5773503 0.5773503
vn -0.5773503 0.5773503 0.5773503
vn -0.5773503 0.5773503 0.5773503
vn -0.5773503 0.5773503 0.5773503
vn -0.5773503 0.5773503 0.5773503
vn -0.5773503 0.5773503 0.5773503
vn -0.5773503 0.5773503 0.5773503
vn 0.5773503 0.5773503 0.5773503
vn 0.5773503 0.5773503 0.5773503
vn 0.5773503 0.5773503 0.5773503
vn 0.5773503 0.5773503 0.5773503
vn 0.5773503 0.5773503 0.5773503
vn 0.5773503 0.5773503 0.5773503
vn 0.5773503 0.5773503 0.5773503
vn 0.5773503 0.5773503 0.5773503
vn 0.5773503 0.5773503 0.5773503
vn 0.5773503 0.5773503 0.5773503
vn 0.5773503 0.5773503 0.5773503
vn 0.5773503 0.5773503 0.5773503
vn -0.9341724 -0.3568221 -0.0000000
vn -0.9341724 -0.3568221 -0.0000000
vn -0.9341724 -0.3568221 -0.0000000
vn -0.9341724 -0.3568221 -0.0000000
vn -0.9341724 -0.3568221 -0.0000000
vn -0.9341724 -0.3568221 -0.0000000
vn -0.9341724 -0.3568221 -0.0000000
vn -0.9341724 -0.3568221 -0.0000000
vn -0.9341724 -0.3568221 0.0000000
vn -0.9341724 -0.3568221 0.0000000
vn -0.9341724 -0.3568221 0.0000000
vn -0.9341724 -0.3568221 0.0000000
vn -0.9341724 0.3568221 -0.0000000
vn -0.9341724 0.3568221 -0.0000000
vn -0.9341724 0.3568221 -0.0000000
vn -0.9341724 0.3568221 -0.0000000
vn -0.9341724 0.3568221 0.0000000
vn -0.9341724 0.3568221 0.0000000
vn -0.9341724 0.3568221 0.0000000
vn -0.9341724 0.3568221 0.0000000
vn -0.9341724 0.3568221 0.0000000
vn -0.9341724 0.3568221 0.0000000
vn -0.9341724 0.3568221 0.0000000
vn -0.9341724 0.3568221 0.0000000
vn 0.9341724 -0.3568221 -0.0000000
vn 0.9341724 -0.3568221 -0.0000000
vn 0.9341724 -0.3568221 -0.0000000
vn 0.9341724 -0.3568221 -0.0000000
vn 0.9341724 -0.3568221 0.0000000
vn 0.9341724 -0.3568221 0.0000000
vn 0.9341724 -0.3568221 0.0000000
vn 0.9341724 -0.3568221 0.0000000
vn 0.9341724 -0.3568221 0.0000000
vn 0.9341724 -0.3568221 0.0000000
vn 0.9341724 -0.3568221 0.0000000
vn 0.9341724 -0.3568221 0.0000000
vn 0.9341724 0.3568221 0.0000000
vn 0.9341724 0.3568221 0.0000000
vn 0.9341724 0.3568221 0.0000000
vn 0.9341724 0.3568221 0.0000000
vn 0.9341724 0.3568221 -0.0000000
vn 0.9341724 0.3568221 -0.0000000
vn 0.9341724 0.3568221 -0.0000000
vn 0.9341724 0.3568221 -0.0000000
vn 0.9341724 0.3568221 0.0000000
vn 0.9341724 0.3568221 0.0000000
vn 0.9341724 0.3568221 0.0000000
vn 0.9341724 0.3568221 0.0000000
vn -0.3568221 0.0000000 -0.9341724
vn -0.3568221 0.0000000 -0.9341724
vn -0.3568221 0.0000000 -0.9341724
vn 0.3568221 -0.0000000 0.9341724
vn 0.3568221 -0.0000000 0.9341724
vn 0.3568221 -0.0000000 0.9341724
vn -0.4670862 0.8660254 0.1784110
vn -0.4670862 0.8660254 0.1784110
vn -0.4670862 0.8660254 0.1784110
vn -0.4670862 0.8660254 0.1784110
vn 0.9341724 0.0000000 -0.3568221
vn 0.9341724 0.0000000 -0.3568221
vn 0.9341724 0.0000000 -0.3568221
vn 0.9341724 0.0000000 -0.3568221
vn -0.4670862 -0.8660254 0.1784110
vn -0.4670862 -0.8660254 0.1784110
vn -0.4670862 -0.8660254 0.1784110
vn -0.4670862 -0.8660254 0.1784110
vn -0.3568221 0.0000000 -0.9341724
vn -0.3568221 0.0000000 -0.9341724
vn -0.3568221 0.0000000 -0.9341724
vn -0.3568221 0.0000000 -0.9341724
vn -0.3568221 -0.0000000 -0.9341724
vn -0.3568221 -0.0000000 -0.9341724
vn -0.3568221 -0.0000000 -0.9341724
vn -0.3568221 -0.0000000 -0.9341724
vn -0.3568221 0.0000000 -0.9341724
vn -0.3568221 0.0000000 -0.9341724
vn -0.3568221 0.0000000 -0.9341724
vn -0.3568221 0.0000000 -0.9341724
vn -0.3568221 0.0000000 -0.9341724
vn -0.3568221 0.0000000 -0.9341724
vn -0.3568221 0.0000000 -0.9341724
vn 0.3568221 -0.0000000 0.9341724
vn 0.3568221 -0.0000000 0.9341724
vn 0.3568221 -0.0000000 0.9341724
vn -0.4670862 0.8660254 0.1784110
vn -0.4670862 0.8660254 0.1784110
vn -0.4670862 0.8660254 0.1784110
vn -0.4670862 0.8660254 0.1784110
vn 0.9341724 0.0000000 -0.3568221
vn 0.9341724 0.0000000 -0.3568221
vn 0.9341724 0.0000000 -0.3568221
vn 0.9341724 0.0000000 -0.3568221
vn -0.4670862 -0.8660254 0.1784110
vn -0.4670862 -0.8660254 0.1784110
vn -0.4670862 -0.8660254 0.1784110
vn -0.4670862 -0.8660254 0.1784110
vn 0.3568221 0.0000000 -0.9341724
vn 0.3568221 0.0000000 -0.9341724
vn 0.3568221 0.0000000 -0.9341724
vn -0.3568221 -0.0000000 0.9341724
vn -0.3568221 -0.0000000 0.9341724
vn -0.3568221 -0.0000000 0.9341724
vn -0.9341724 0.0000000 -0.3568221
vn -0.9341724 0.0000000 -0.3568221
vn -0.9341724 0.0000000 -0.3568221
vn -0.9341724 0.0000000 -0.3568221
vn 0.4670862 0.8660254 0.1784110
vn 0.4670862 0.8660254 0.1784110
vn 0.4670862 0.8660254 0.1784110
vn 0.4670862 0.8660254 0.1784110
vn 0.4670862 -0.8660254 0.1784110
vn 0.4670862 -0.8660254 0.1784110
vn 0.4670862 -0.8660254 0.1784110
vn 0.4670862 -0.8660254 0.1784110
vn 0.3568221 -0.0000000 -0.9341724
vn 0.3568221 -0.0000000 -0.9341724
vn 0.3568221 -0.0000000 -0.9341724
vn 0.3568221 -0.0000000 -0.9341724
vn 0.3568221 -0.0000000 -0.9341724
vn 0.3568221 -0.0000000 -0.9341724
vn 0.3568221 -0.0000000 -0.9341724
vn 0.3568221 -0.0000000 -0.9341724
vn 0.3568221 -0.0000000 -0.9341724
vn 0.3568221 -0.0000000 -0.9341724
vn 0.3568221 -0.0000000 -0.9341724
vn 0.3568221 -0.0000000 -0.9341724
vn 0.3568221 0.0000000 -0.9341724
vn 0.3568221 0.0000000 -0.9341724
vn 0.3568221 0.0000000 -0.9341724
vn -0.3568221 -0.0000000 0.9341724
vn -0.3568221 -0.0000000 0.9341724
vn -0.3568221 -0.0000000 0.9341724
vn -0.9341724 0.0000000 -0.3568221
vn -0.9341724 0.0000000 -0.3568221
vn -0.9341724 0.0000000 -0.3568221
vn -0.9341724 0.0000000 -0.3568221
vn 0.4670862 0.8660254 0.1784110
vn 0.4670862 0.8660254 0.1784110
vn 0.4670862 0.8660254 0.1784110
vn 0.4670862 0.8660254 0.1784110
vn 0.4670862 -0.8660254 0.1784110
vn 0.4670862 -0.8660254 0.1784110
vn 0.4670862 -0.8660254 0.1784110
vn 0.4670862 -0.8660254 0.1784110
vn -0.0000000 -0.9341724 -0.3568221
vn -0.0000000 -0.9341724 -0.3568221
vn -0.0000000 -0.9341724 -0.3568221
vn 0.0000000 0.9341724 0.3568221
vn 0.0000000 0.9341724 0.3568221
vn 0.0000000 0.9341724 0.3568221
vn 0.0000000 -0.3568221 0.9341724
vn 0.0000000 -0.3568221 0.9341724
vn 0.0000000 -0.3568221 0.9341724
vn 0.0000000 -0.3568221 0.9341724
vn -0.8660254 0.1784110 -0.4670862
vn -0.8660254 0.1784110 -0.4670862
vn -0.8660254 0.1784110 -0.4670862
vn -0.8660254 0.1784110 -0.4670862
vn 0.8660254 0.1784110 -0.4670862
vn 0.8660254 0.1784110 -0.4670862
vn 0.8660254 0.1784110 -0.4670862
vn 0.8660254 0.1784110 -0.4670862
vn -0.0000000 -0.9341724 -0.3568221
vn -0.0000000 -0.9341724 -0.3568221
vn -0.0000000 -0.9341724 -0.3568221
vn -0.0000000 -0.9341724 -0.3568221
vn 0.0000000 -0.9341724 -0.3568221
vn 0.0000000 -0.9341724 -0.3568221
vn 0.0000000 -0.9341724 -0.3568221
vn 0.0000000 -0.9341724 -0.3568221
vn 0.0000000 -0.9341724 -0.3568221
vn 0.0000000 -0.9341724 -0.3568221
vn 0.0000000 -0.9341724 -0.3568221
vn 0.0000000 -0.9341724 -0.3568221
vn -0.0000000 -0.9341724 -0.3568221
vn -0.0000000 -0.9341724 -0.3568221
vn -0.0000000 -0.9341724 -0.3568221
vn 0.0000000 0.9341724 0.3568221
vn 0.0000000 0.9341724 0.3568221
vn 0.0000000 0.9341724 0.3568221
vn 0.0000000 -0.3568221 0.9341724
vn 0.0000000 -0.3568221 0.9341724
vn 0.0000000 -0.3568221 0.9341724
vn 0.0000000 -0.3568221 0.9341724
vn -0.8660254 0.1784110 -0.4670862
vn -0.8660254 0.1784110 -0.4670862
vn -0.8660254 0.1784110 -0.4670862
vn -0.8660254 0.1784110 -0.4670862
vn 0.8660254 0.1784110 -0.4670862
vn 0.8660254 0.1784110 -0.4670862
vn 0.8660254 0.1784110 -0.4670862
vn 0.8660254 0.1784110 -0.4670862
vn -0.5773503 -0.5773503 -0.5773503
vn -0.5773503 -0.5773503 -0.5773503
vn -0.5773503 -0.5773503 -0.5773503
vn 0.5773503 0.5773503 0.5773503
vn 0.5773503 0.5773503 0.5773503
vn 0.5773503 0.5773503 0.5773503
vn 0.6454972 -0.7557613 0.1102641
vn 0.6454972 -0.7557613 0.1102641
vn 0.6454972 -0.7557613 0.1102641
vn 0.6454972 -0.7557613 0.1102641
vn -0.7557613 0.1102641 0.6454972
vn -0.7557613 0.1102641 0.6454972
vn -0.7557613 0.1102641 0.6454972
vn -0.7557613 0.1102641 0.6454972
vn 0.1102641 0.6454972 -0.7557613
vn 0.1102641 0.6454972 -0.7557613
vn 0.1102641 0.6454972 -0.7557613
vn 0.1102641 0.6454972 -0.7557613
vn -0.5773503 -0.5773503 -0.5773503
vn -0.5773503 -0.5773503 -0.5773503
vn -0.5773503 -0.5773503 -0.5773503
vn -0.5773503 -0.5773503 -0.5773503
vn -0.5773503 -0.5773503 -0.5773503
vn -0.5773503 -0.5773503 -0.5773503
vn -0.5773503 -0.5773503 -0.5773503
vn -0.5773503 -0.5773503 -0.5773503
vn -0.5773503 -0.5773503 -0.5773503
vn -0.5773503 -0.5773503 -0.5773503
vn -0.5773503 -0.5773503 -0.5773503
vn -0.5773503 -0.5773503 -0.5773503
vn -0.5773503 -0.5773503 -0.5773503
vn -0.5773503 -0.5773503 -0.5773503
vn -0.5773503 -0.5773503 -0.5773503
vn 0.5773503 0.5773503 0.5773503
vn 0.5773503 0.5773503 0.5773503
vn 0.5773503 0.5773503 0.5773503
vn 0.6454972 -0.7557613 0.1102641
vn 0.6454972 -0.7557613 0.1102641
vn 0.6454972 -0.7557613 0.1102641
vn 0.6454972 -0.7557613 0.1102641
vn -0.7557613 0.1102641 0.6454972
vn -0.7557613 0.1102641 0.6454972
vn -0.7557613 0.1102641 0.6454972
vn -0.7557613 0.1102641 0.6454972
vn 0.1102641 0.6454972 -0.7557613
vn 0.1102641 0.6454972 -0.7557613
vn 0.1102641 0.6454972 -0.7557613
vn 0.1102641 0.6454972 -0.7557613
vn 0.5773503 -0.5773503 -0.5773503
vn 0.5773503 -0.5773503 -0.5773503
vn 0.5773503 -0.5773503 -0.5773503
vn -0.5773503 0.5773503 0.5773503
vn -0.5773503 0.5773503 0.5773503
vn -0.5773503 0.5773503 0.5773503
vn 0.7557613 0.1102641 0.6454972
vn 0.7557613 0.1102641 0.6454972
vn 0.7557613 0.1102641 0.6454972
vn 0.7557613 0.1102641 0.6454972
vn -0.6454972 -0.7557613 0.1102641
vn -0.6454972 -0.7557613 0.1102641
vn -0.6454972 -0.7557613 0.1102641
vn -0.6454972 -0.7557613 0.1102641
vn -0.1102641 0.6454972 -0.7557613
vn -0.1102641 0.6454972 -0.7557613
vn -0.1102641 0.6454972 -0.7557613
vn -0.1102641 0.6454972 -0.7557613
vn 0.5773503 -0.5773503 -0.5773503
vn 0.5773503 -0.5773503 -0.5773503
vn 0.5773503 -0.5773503 -0.5773503
vn 0.5773503 -0.5773503 -0.5773503
vn 0.5773503 -0.5773503 -0.5773503
vn 0.5773503 -0.5773503 -0.5773503
vn 0.5773503 -0.5773503 -0.5773503
vn 0.5773503 -0.5773503 -0.5773503
vn 0.5773503 -0.5773503 -0.5773503
vn 0.5773503 -0.5773503 -0.5773503
vn 0.5773503 -0.5773503 -0.5773503
vn 0.5773503 -0.5773503 -0.5773503
vn 0.5773503 -0.5773503 -0.5773503
vn 0.5773503 -0.5773503 -0.5773503
vn 0.5773503 -0.5773503 -0.5773503
vn -0.5773503 0.5773503 0.5773503
vn -0.5773503 0.5773503 0.5773503
vn -0.5773503 0.5773503 0.5773503
vn 0.7557613 0.1102641 0.6454972
vn 0.7557613 0.1102641 0.6454972
vn 0.7557613 0.1102641 0.6454972
vn 0.7557613 0.1102641 0.6454972
vn -0.6454972 -0.7557613 0.1102641
vn -0.6454972 -0.7557613 0.1102641
vn -0.6454972 -0.7557613 0.1102641
vn -0.6454972 -0.7557613 0.1102641
vn -0.1102641 0.6454972 -0.7557613
vn -0.1102641 0.6454972 -0.7557613
vn -0.1102641 0.6454972 -0.7557613
vn -0.1102641 0.6454972 -0.7557613
vn -0.3568221 0.0000000 0.9341724
vn -0.3568221 0.0000000 0.9341724
vn -0.3568221 0.0000000 0.9341724
vn 0.3568221 -0.0000000 -0.9341724
vn 0.3568221 -0.0000000 -0.9341724
vn 0.3568221 -0.0000000 -0.9341724
vn 0.9341724 -0.0000000 0.3568221
vn 0.9341724 -0.0000000 0.3568221
vn 0.9341724 -0.0000000 0.3568221
vn 0.9341724 -0.0000000 0.3568221
vn -0.4670862 0.8660254 -0.1784110
vn -0.4670862 0.8660254 -0.1784110
vn -0.4670862 0.8660254 -0.1784110
vn -0.4670862 0.8660254 -0.1784110
vn -0.4670862 -0.8660254 -0.1784110
vn -0.4670862 -0.8660254 -0.1784110
vn -0.4670862 -0.8660254 -0.1784110
vn -0.4670862 -0.8660254 -0.1784110
vn -0.3568221 -0.0000000 0.9341724
vn -0.3568221 -0.0000000 0.9341724
vn -0.3568221 -0.0000000 0.9341724
vn -0.3568221 -0.0000000 0.9341724
vn -0.3568221 -0.0000000 0.9341724
vn -0.3568221 -0.0000000 0.9341724
vn -0.3568221 -0.0000000 0.9341724
vn -0.3568221 -0.0000000 0.9341724
vn -0.3568221 -0.0000000 0.9341724
vn -0.3568221 -0.0000000 0.9341724
vn -0.3568221 -0.0000000 0.9341724
vn -0.3568221 -0.0000000 0.9341724
vn -0.3568221 0.0000000 0.9341724
vn -0.3568221 0.0000000 0.9341724
vn -0.3568221 0.0000000 0.9341724
vn 0.3568221 -0.0000000 -0.9341724
vn 0.3568221 -0.0000000 -0.9341724
vn 0.3568221 -0.0000000 -0.9341724
vn 0.9341724 -0.0000000 0.3568221
vn 0.9341724 -0.0000000 0.3568221
vn 0.9341724 -0.0000000 0.3568221
vn 0.9341724 -0.0000000 0.3568221
vn -0.4670862 0.8660254 -0.1784110
vn -0.4670862 0.8660254 -0.1784110
vn -0.4670862 0.8660254 -0.1784110
vn -0.4670862 0.8660254 -0.1784110
vn -0.4670862 -0.8660254 -0.1784110
vn -0.4670862 -0.8660254 -0.1784110
vn -0.4670862 -0.8660254 -0.1784110
vn -0.4670862 -0.8660254 -0.1784110
vn 0.3568221 0.0000000 0.9341724
vn 0.3568221 0.0000000 0.9341724
vn 0.3568221 0.0000000 0.9341724
vn -0.3568221 -0.0000000 -0.9341724
vn -0.3568221 -0.0000000 -0.9341724
vn -0.3568221 -0.0000000 -0.9341724
vn 0.4670862 0.8660254 -0.1784110
vn 0.4670862 0.8660254 -0.1784110
vn 0.4670862 0.8660254 -0.1784110
vn 0.4670862 0.8660254 -0.1784110
vn -0.9341724 0.0000000 0.3568221
vn -0.9341724 0.0000000 0.3568221
vn -0.9341724 0.0000000 0.3568221
vn -0.9341724 0.0000000 0.3568221
vn 0.4670862 -0.8660254 -0.1784110
vn 0.4670862 -0.8660254 -0.1784110
vn 0.4670862 -0.8660254 -0.1784110
vn 0.4670862 -0.8660254 -0.1784110
vn 0.3568221 0.0000000 0.9341724
vn 0.3568221 0.0000000 0.9341724
vn 0.3568221 0.0000000 0.9341724
vn 0.3568221 0.0000000 0.9341724
vn 0.3568221 0.0000000 0.9341724
vn 0.3568221 0.0000000 0.9341724
vn 0.3568221 0.0000000 0.9341724
vn 0.3568221 0.0000000 0.9341724
vn 0.3568221 0.0000000 0.9341724
vn 0.3568221 0.0000000 0.9341724
vn 0.3568221 0.0000000 0.9341724
vn 0.3568221 0.0000000 0.9341724
vn 0.3568221 0.0000000 0.9341724
vn 0.3568221 0.0000000 0.9341724
vn 0.3568221 0.0000000 0.9341724
vn -0.3568221 -0.0000000 -0.9341724
vn -0.3568221 -0.0000000 -0.9341724
vn -0.3568221 -0.0000000 -0.9341724
vn 0.4670862 0.8660254 -0.1784110
vn 0.4670862 0.8660254 -0.1784110
vn 0.4670862 0.8660254 -0.1784110
vn 0.4670862 0.8660254 -0.1784110
vn -0.9341724 0.0000000 0.3568221
vn -0.9341724 0.0000000 0.3568221
vn -0.9341724 0.0000000 0.3568221
vn -0.9341724 0.0000000 0.3568221
vn 0.4670862 -0.8660254 -0.1784110
vn 0.4670862 -0.8660254 -0.1784110
vn 0.4670862 -0.8660254 -0.1784110
vn 0.4670862 -0.8660254 -0.1784110
vn 0.0000000 -0.9341724 0.3568221
vn 0.0000000 -0.9341724 0.3568221
vn 0.0000000 -0.9341724 0.3568221
vn -0.0000000 0.9341724 -0.3568221
vn -0.0000000 0.9341724 -0.3568221
vn -0.0000000 0.9341724 -0.3568221
vn -0.8660254 0.1784110 0.4670862
vn -0.8660254 0.1784110 0.4670862
vn -0.8660254 0.1784110 0.4670862
vn -0.8660254 0.1784110 0.4670862
vn 0.0000000 -0.3568221 -0.9341724
vn 0.0000000 -0.3568221 -0.9341724
vn 0.0000000 -0.3568221 -0.9341724
vn 0.0000000 -0.3568221 -0.9341724
vn 0.8660254 0.1784110 0.4670862
vn 0.8660254 0.1784110 0.4670862
vn 0.8660254 0.1784110 0.4670862
vn 0.8660254 0.1784110 0.4670862
vn -0.0000000 -0.9341724 0.3568221
vn -0.0000000 -0.9341724 0.3568221
vn -0.0000000 -0.9341724 0.3568221
vn -0.0000000 -0.9341724 0.3568221
vn -0.0000000 -0.9341724 0.3568221
vn -0.0000000 -0.9341724 0.3568221
vn -0.0000000 -0.9341724 0.3568221
vn -0.0000000 -0.9341724 0.3568221
vn -0.0000000 -0.9341724 0.3568221
vn -0.0000000 -0.9341724 0.3568221
vn -0.0000000 -0.9341724 0.3568221
vn -0.0000000 -0.9341724 0.3568221
vn 0.0000000 -0.9341724 0.3568221
vn 0.0000000 -0.9341724 0.3568221
vn 0.0000000 -0.9341724 0.3568221
vn -0.0000000 0.9341724 -0.3568221
vn -0.0000000 0.9341724 -0.3568221
vn -0.0000000 0.9341724 -0.3568221
vn -0.8660254 0.1784110 0.4670862
vn -0.8660254 0.1784110 0.4670862
vn -0.8660254 0.1784110 0.4670862
vn -0.8660254 0.1784110 0.4670862
vn 0.0000000 -0.3568221 -0.9341724
vn 0.0000000 -0.3568221 -0.9341724
vn 0.0000000 -0.3568221 -0.9341724
vn 0.0000000 -0.3568221 -0.9341724
vn 0.8660254 0.1784110 0.4670862
vn 0.8660254 0.1784110 0.4670862
vn 0.8660254 0.1784110 0.4670862
vn 0.8660254 0.1784110 0.4670862
vn -0.5773503 -0.5773503 0.5773503
vn -0.5773503 -0.5773503 0.5773503
vn -0.5773503 -0.5773503 0.5773503
vn 0.5773503 0.5773503 -0.5773503
vn 0.5773503 0.5773503 -0.5773503
vn 0.5773503 0.5773503 -0.5773503
vn -0.7557613 0.1102641 -0.6454972
vn -0.7557613 0.1102641 -0.6454972
vn -0.7557613 0.1102641 -0.6454972
vn -0.7557613 0.1102641 -0.6454972
vn 0.6454972 -0.7557613 -0.1102641
vn 0.6454972 -0.7557613 -0.1102641
vn 0.6454972 -0.7557613 -0.1102641
vn 0.6454972 -0.7557613 -0.1102641
vn 0.1102641 0.6454972 0.7557613
vn 0.1102641 0.6454972 0.7557613
vn 0.1102641 0.6454972 0.7557613
vn 0.1102641 0.6454972 0.7557613
vn -0.5773503 -0.5773503 0.5773503
vn -0.5773503 -0.5773503 0.5773503
vn -0.5773503 -0.5773503 0.5773503
vn -0.5773503 -0.5773503 0.5773503
vn -0.5773503 -0.5773503 0.5773503
vn -0.5773503 -0.5773503 0.5773503
vn -0.5773503 -0.5773503 0.5773503
vn -0.5773503 -0.5773503 0.5773503
vn -0.5773503 -0.5773503 0.5773503
vn -0.5773503 -0.5773503 0.5773503
vn -0.5773503 -0.5773503 0.5773503
vn -0.5773503 -0.5773503 0.5773503
vn -0.5773503 -0.5773503 0.5773503
vn -0.5773503 -0.5773503 0.5773503
vn -0.5773503 -0.5773503 0.5773503
vn 0.5773503 0.5773503 -0.5773503
vn 0.5773503 0.5773503 -0.5773503
vn 0.5773503 0.5773503 -0.5773503
vn -0.7557613 0.1102641 -0.6454972
vn -0.7557613 0.1102641 -0.6454972
vn -0.7557613 0.1102641 -0.6454972
vn -0.7557613 0.1102641 -0.6454972
vn 0.6454972 -0.7557613 -0.1102641
vn 0.6454972 -0.7557613 -0.1102641
vn 0.6454972 -0.7557613 -0.1102641
vn 0.6454972 -0.7557613 -0.1102641
vn 0.1102641 0.6454972 0.7557613
vn 0.1102641 0.6454972 0.7557613
vn 0.1102641 0.6454972 0.7557613
vn 0.1102641 0.6454972 0.7557613
vn 0.5773503 -0.5773503 0.5773503
vn 0.5773503 -0.5773503 0.5773503
vn 0.5773503 -0.5773503 0.5773503
vn -0.5773503 0.5773503 -0.5773503
vn -0.5773503 0.5773503 -0.5773503
vn -0.5773503 0.5773503 -0.5773503
vn -0.6454972 -0.7557613 -0.1102641
vn -0.6454972 -0.7557613 -0.1102641
vn -0.6454972 -0.7557613 -0.1102641
vn -0.6454972 -0.7557613 -0.1102641
vn 0.7557613 0.1102641 -0.6454972
vn 0.7557613 0.1102641 -0.6454972
vn 0.7557613 0.1102641 -0.6454972
vn 0.7557613 0.1102641 -0.6454972
vn -0.1102641 0.6454972 0.7557613
vn -0.1102641 0.6454972 0.7557613
vn -0.1102641 0.6454972 0.7557613
vn -0.1102641 0.6454972 0.7557613
vn 0.5773503 -0.5773503 0.5773503
vn 0.5773503 -0.5773503 0.5773503
vn 0.5773503 -0.5773503 0.5773503
vn 0.5773503 -0.5773503 0.5773503
vn 0.5773503 -0.5773503 0.5773503
vn 0.5773503 -0.5773503 0.5773503
vn 0.5773503 -0.5773503 0.5773503
vn 0.5773503 -0.5773503 0.5773503
vn 0.5773503 -0.5773503 0.5773503
vn 0.5773503 -0.5773503 0.5773503
vn 0.5773503 -0.5773503 0.5773503
vn 0.5773503 -0.5773503 0.5773503
vn 0.5773503 -0.5773503 0.5773503
vn 0.5773503 -0.5773503 0.5773503
vn 0.5773503 -0.5773503 0.5773503
vn -0.5773503 0.5773503 -0.5773503
vn -0.5773503 0.5773503 -0.5773503
vn -0.5773503 0.5773503 -0.5773503
vn -0.6454972 -0.7557613 -0.1102641
vn -0.6454972 -0.7557613 -0.1102641
vn -0.6454972 -0.7557613 -0.1102641
vn -0.6454972 -0.7557613 -0.1102641
vn 0.7557613 0.1102641 -0.6454972
vn 0.7557613 0.1102641 -0.6454972
vn 0.7557613 0.1102641 -0.6454972
vn 0.7557613 0.1102641 -0.6454972
vn -0.1102641 0.6454972 0.7557613
vn -0.1102641 0.6454972 0.7557613
vn -0.1102641 0.6454972 0.7557613
vn -0.1102641 0.6454972 0.7557613
vn 0.0000000 0.9341724 -0.3568221
vn 0.0000000 0.9341724 -0.3568221
vn 0.0000000 0.9341724 -0.3568221
vn -0.0000000 -0.9341724 0.3568221
vn -0.0000000 -0.9341724 0.3568221
vn -0.0000000 -0.9341724 0.3568221
vn -0.8660254 -0.1784110 -0.4670862
vn -0.8660254 -0.1784110 -0.4670862
vn -0.8660254 -0.1784110 -0.4670862
vn -0.8660254 -0.1784110 -0.4670862
vn -0.0000000 0.3568221 0.9341724
vn -0.0000000 0.3568221 0.9341724
vn -0.0000000 0.3568221 0.9341724
vn -0.0000000 0.3568221 0.9341724
vn 0.8660254 -0.1784110 -0.4670862
vn 0.8660254 -0.1784110 -0.4670862
vn 0.8660254 -0.1784110 -0.4670862
vn 0.8660254 -0.1784110 -0.4670862
vn -0.0000000 0.9341724 -0.3568221
vn -0.0000000 0.9341724 -0.3568221
vn -0.0000000 0.9341724 -0.3568221
vn -0.0000000 0.9341724 -0.3568221
vn -0.0000000 0.9341724 -0.3568221
vn -0.0000000 0.9341724 -0.3568221
vn -0.0000000 0.9341724 -0.3568221
vn -0.0000000 0.9341724 -0.3568221
vn -0.0000000 0.9341724 -0.3568221
vn -0.0000000 0.9341724 -0.3568221
vn -0.0000000 0.9341724 -0.3568221
vn -0.0000000 0.9341724 -0.3568221
vn 0.0000000 0.9341724 -0.3568221
vn 0.0000000 0.9341724 -0.3568221
vn 0.0000000 0.9341724 -0.3568221
vn -0.0000000 -0.9341724 0.3568221
vn -0.0000000 -0.9341724 0.3568221
vn -0.0000000 -0.9341724 0.3568221
vn -0.8660254 -0.1784110 -0.4670862
vn -0.8660254 -0.1784110 -0.4670862
vn -0.8660254 -0.1784110 -0.4670862
vn -0.8660254 -0.1784110 -0.4670862
vn -0.0000000 0.3568221 0.9341724
vn -0.0000000 0.3568221 0.9341724
vn -0.0000000 0.3568221 0.9341724
vn -0.0000000 0.3568221 0.9341724
vn 0.8660254 -0.1784110 -0.4670862
vn 0.8660254 -0.1784110 -0.4670862
vn 0.8660254 -0.1784110 -0.4670862
vn 0.8660254 -0.1784110 -0.4670862
vn -0.5773503 0.5773503 -0.5773503
vn -0.5773503 0.5773503 -0.5773503
vn -0.5773503 0.5773503 -0.5773503
vn 0.5773503 -0.5773503 0.5773503
vn 0.5773503 -0.5773503 0.5773503
vn 0.5773503 -0.5773503 0.5773503
vn -0.7557613 -0.1102641 0.6454972
vn -0.7557613 -0.1102641 0.6454972
vn -0.7557613 -0.1102641 0.6454972
vn -0.7557613 -0.1102641 0.6454972
vn 0.6454972 0.7557613 0.1102641
vn 0.6454972 0.7557613 0.1102641
vn 0.6454972 0.7557613 0.1102641
vn 0.6454972 0.7557613 0.1102641
vn 0.1102641 -0.6454972 -0.7557613
vn 0.1102641 -0.6454972 -0.7557613
vn 0.1102641 -0.6454972 -0.7557613
vn 0.1102641 -0.6454972 -0.7557613
vn -0.5773503 0.5773503 -0.5773503
vn -0.5773503 0.5773503 -0.5773503
vn -0.5773503 0.5773503 -0.5773503
vn -0.5773503 0.5773503 -0.5773503
vn -0.5773503 0.5773503 -0.5773503
vn -0.5773503 0.5773503 -0.5773503
vn -0.5773503 0.5773503 -0.5773503
vn -0.5773503 0.5773503 -0.5773503
vn -0.5773503 0.5773503 -0.5773503
vn -0.5773503 0.5773503 -0.5773503
vn -0.5773503 0.5773503 -0.5773503
vn -0.5773503 0.5773503 -0.5773503
vn -0.5773503 0.5773503 -0.5773503
vn -0.5773503 0.5773503 -0.5773503
vn -0.5773503 0.5773503 -0.5773503
vn 0.5773503 -0.5773503 0.5773503
vn 0.5773503 -0.5773503 0.5773503
vn 0.5773503 -0.5773503 0.5773503
vn -0.7557613 -0.1102641 0.6454972
vn -0.7557613 -0.1102641 0.6454972
vn -0.7557613 -0.1102641 0.6454972
vn -0.7557613 -0.1102641 0.6454972
vn 0.6454972 0.7557613 0.1102641
vn 0.6454972 0.7557613 0.1102641
vn 0.6454972 0.7557613 0.1102641
vn 0.6454972 0.7557613 0.1102641
vn 0.1102641 -0.6454972 -0.7557613
vn 0.1102641 -0.6454972 -0.7557613
vn 0.1102641 -0.6454972 -0.7557613
vn 0.1102641 -0.6454972 -0.7557613
vn 0.5773503 0.5773503 -0.5773503
vn 0.5773503 0.5773503 -0.5773503
vn 0.5773503 0.5773503 -0.5773503
vn -0.5773503 -0.5773503 0.5773503
vn -0.5773503 -0.5773503 0.5773503
vn -0.5773503 -0.5773503 0.5773503
vn -0.6454972 0.7557613 0.1102641
vn -0.6454972 0.7557613 0.1102641
vn -0.6454972 0.7557613 0.1102641
vn -0.6454972 0.7557613 0.1102641
vn 0.7557613 -0.1102641 0.6454972
vn 0.7557613 -0.1102641 0.6454972
vn 0.7557613 -0.1102641 0.6454972
vn 0.7557613 -0.1102641 0.6454972
vn -0.1102641 -0.6454972 -0.7557613
vn -0.1102641 -0.6454972 -0.7557613
vn -0.1102641 -0.6454972 -0.7557613
vn -0.1102641 -0.6454972 -0.7557613
vn 0.5773503 0.5773503 -0.5773503
vn 0.5773503 0.5773503 -0.5773503
vn 0.5773503 0.5773503 -0.5773503
vn 0.5773503 0.5773503 -0.5773503
vn 0.5773503 0.5773503 -0.5773503
vn 0.5773503 0.5773503 -0.5773503
vn 0.5773503 0.5773503 -0.5773503
vn 0.5773503 0.5773503 -0.5773503
vn 0.5773503 0.5773503 -0.5773503
vn 0.5773503 0.5773503 -0.5773503
vn 0.5773503 0.5773503 -0.5773503
vn 0.5773503 0.5773503 -0.5773503
vn 0.5773503 0.5773503 -0.5773503
vn 0.5773503 0.5773503 -0.5773503
vn 0.5773503 0.5773503 -0.5773503
vn -0.5773503 -0.5773503 0.5773503
vn -0.5773503 -0.5773503 0.5773503
vn -0.5773503 -0.5773503 0.5773503
vn -0.6454972 0.7557613 0.1102641
vn -0.6454972 0.7557613 0.1102641
vn -0.6454972 0.7557613 0.1102641
vn -0.6454972 0.7557613 0.1102641
vn 0.7557613 -0.1102641 0.6454972
vn 0.7557613 -0.1102641 0.6454972
vn 0.7557613 -0.1102641 0.6454972
vn 0.7557613 -0.1102641 0.6454972
vn -0.1102641 -0.6454972 -0.7557613
vn -0.1102641 -0.6454972 -0.7557613
vn -0.1102641 -0.6454972 -0.7557613
vn -0.1102641 -0.6454972 -0.7557613
vn 0.0000000 0.9341724 0.3568221
vn 0.0000000 0.9341724 0.3568221
vn 0.0000000 0.9341724 0.3568221
vn -0.0000000 -0.9341724 -0.3568221
vn -0.0000000 -0.9341724 -0.3568221
vn -0.0000000 -0.9341724 -0.3568221
vn 0.0000000 0.3568221 -0.9341724
vn 0.0000000 0.3568221 -0.9341724
vn 0.0000000 0.3568221 -0.9341724
vn 0.0000000 0.3568221 -0.9341724
vn -0.8660254 -0.1784110 0.4670862
vn -0.8660254 -0.1784110 0.4670862
vn -0.8660254 -0.1784110 0.4670862
vn -0.8660254 -0.1784110 0.4670862
vn 0.8660254 -0.1784110 0.4670862
vn 0.8660254 -0.1784110 0.4670862
vn 0.8660254 -0.1784110 0.4670862
vn 0.8660254 -0.1784110 0.4670862
vn 0.0000000 0.9341724 0.3568221
vn 0.0000000 0.9341724 0.3568221
vn 0.0000000 0.9341724 0.3568221
vn 0.0000000 0.9341724 0.3568221
vn 0.0000000 0.9341724 0.3568221
vn 0.0000000 0.9341724 0.3568221
vn 0.0000000 0.9341724 0.3568221
vn 0.0000000 0.9341724 0.3568221
vn 0.0000000 0.9341724 0.3568221
vn 0.0000000 0.9341724 0.3568221
vn 0.0000000 0.9341724 0.3568221
vn 0.0000000 0.9341724 0.3568221
vn 0.0000000 0.9341724 0.3568221
vn 0.0000000 0.9341724 0.3568221
vn 0.0000000 0.9341724 0.3568221
vn -0.0000000 -0.9341724 -0.3568221
vn -0.0000000 -0.9341724 -0.3568221
vn -0.0000000 -0.9341724 -0.3568221
vn 0.0000000 0.3568221 -0.9341724
vn 0.0000000 0.3568221 -0.9341724
vn 0.0000000 0.3568221 -0.9341724
vn 0.0000000 0.3568221 -0.9341724
vn -0.8660254 -0.1784110 0.4670862
vn -0.8660254 -0.1784110 0.4670862
vn -0.8660254 -0.1784110 0.4670862
vn -0.8660254 -0.1784110 0.4670862
vn 0.8660254 -0.1784110 0.4670862
vn 0.8660254 -0.1784110 0.4670862
vn 0.8660254 -0.1784110 0.4670862
vn 0.8660254 -0.1784110 0.4670862
vn -0.5773503 0.5773503 0.5773503
vn -0.5773503 0.5773503 0.5773503
vn -0.5773503 0.5773503 0.5773503
vn 0.5773503 -0.5773503 -0.5773503
vn 0.5773503 -0.5773503 -0.5773503
vn 0.5773503 -0.5773503 -0.5773503
vn 0.6454972 0.7557613 -0.1102641
vn 0.6454972 0.7557613 -0.1102641
vn 0.6454972 0.7557613 -0.1102641
vn 0.6454972 0.7557613 -0.1102641
vn -0.7557613 -0.1102641 -0.6454972
vn -0.7557613 -0.1102641 -0.6454972
vn -0.7557613 -0.1102641 -0.6454972
vn -0.7557613 -0.1102641 -0.6454972
vn 0.1102641 -0.6454972 0.7557613
vn 0.1102641 -0.6454972 0.7557613
vn 0.1102641 -0.6454972 0.7557613
vn 0.1102641 -0.6454972 0.7557613
vn -0.5773503 0.5773503 0.5773503
vn -0.5773503 0.5773503 0.5773503
vn -0.5773503 0.5773503 0.5773503
vn -0.5773503 0.5773503 0.5773503
vn -0.5773503 0.5773503 0.5773503
vn -0.5773503 0.5773503 0.5773503
vn -0.5773503 0.5773503 0.5773503
vn -0.5773503 0.5773503 0.5773503
vn -0.5773503 0.5773503 0.5773503
vn -0.5773503 0.5773503 0.5773503
vn -0.5773503 0.5773503 0.5773503
vn -0.5773503 0.5773503 0.5773503
vn -0.5773503 0.5773503 0.5773503
vn -0.5773503 0.5773503 0.5773503
vn -0.5773503 0.5773503 0.5773503
vn 0.5773503 -0.5773503 -0.5773503
vn 0.5773503 -0.5773503 -0.5773503
vn 0.5773503 -0.5773503 -0.5773503
vn 0.6454972 0.7557613 -0.1102641
vn 0.6454972 0.7557613 -0.1102641
vn 0.6454972 0.7557613 -0.1102641
vn 0.6454972 0.7557613 -0.1102641
vn -0.7557613 -0.1102641 -0.6454972
vn -0.7557613 -0.1102641 -0.6454972
vn -0.7557613 -0.1102641 -0.6454972
vn -0.7557613 -0.1102641 -0.6454972
vn 0.1102641 -0.6454972 0.7557613
vn 0.1102641 -0.6454972 0.7557613
vn 0.1102641 -0.6454972 0.7557613
vn 0.1102641 -0.6454972 0.7557613
vn 0.5773503 0.5773503 0.5773503
vn 0.5773503 0.5773503 0.5773503
vn 0.5773503 0.5773503 0.5773503
vn -0.5773503 -0.5773503 -0.5773503
vn -0.5773503 -0.5773503 -0.5773503
vn -0.5773503 -0.5773503 -0.5773503
vn 0.7557613 -0.1102641 -0.6454972
vn 0.7557613 -0.1102641 -0.6454972
vn 0.7557613 -0.1102641 -0.6454972
vn 0.7557613 -0.1102641 -0.6454972
vn -0.6454972 0.7557613 -0.1102641
vn -0.6454972 0.7557613 -0.1102641
vn -0.6454972 0.7557613 -0.1102641
vn -0.6454972 0.7557613 -0.1102641
vn -0.1102641 -0.6454972 0.7557613
vn -0.1102641 -0.6454972 0.7557613
vn -0.1102641 -0.6454972 0.7557613
vn -0.1102641 -0.6454972 0.7557613
vn 0.5773503 0.5773503 0.5773503
vn 0.5773503 0.5773503 0.5773503
vn 0.5773503 0.5773503 0.5773503
vn 0.5773503 0.5773503 0.5773503
vn 0.5773503 0.5773503 0.5773503
vn 0.5773503 0.5773503 0.5773503
vn 0.5773503 0.5773503 0.5773503
vn 0.5773503 0.5773503 0.5773503
vn 0.5773503 0.5773503 0.5773503
vn 0.5773503 0.5773503 0.5773503
vn 0.5773503 0.5773503 0.5773503
vn 0.5773503 0.5773503 0.5773503
vn 0.5773503 0.5773503 0.5773503
vn 0.5773503 0.5773503 0.5773503
vn 0.5773503 0.5773503 0.5773503
vn -0.5773503 -0.5773503 -0.5773503
vn -0.5773503 -0.5773503 -0.5773503
vn -0.5773503 -0.5773503 -0.5773503
vn 0.7557613 -0.1102641 -0.6454972
vn 0.7557613 -0.1102641 -0.6454972
vn 0.7557613 -0.1102641 -0.6454972
vn 0.7557613 -0.1102641 -0.6454972
vn -0.6454972 0.7557613 -0.1102641
vn -0.6454972 0.7557613 -0.1102641
vn -0.6454972 0.7557613 -0.1102641
vn -0.6454972 0.7557613 -0.1102641
vn -0.1102641 -0.6454972 0.7557613
vn -0.1102641 -0.6454972 0.7557613
vn -0.1102641 -0.6454972 0.7557613
vn -0.1102641 -0.6454972 0.7557613
vn -0.9341724 -0.3568221 -0.0000000
vn -0.9341724 -0.3568221 -0.0000000
vn -0.9341724 -0.3568221 -0.0000000
vn 0.9341724 0.3568221 0.0000000
vn 0.9341724 0.3568221 0.0000000
vn 0.9341724 0.3568221 0.0000000
vn -0.3568221 0.9341724 0.0000000
vn -0.3568221 0.9341724 0.0000000
vn -0.3568221 0.9341724 0.0000000
vn -0.3568221 0.9341724 0.0000000
vn 0.1784110 -0.4670862 -0.8660254
vn 0.1784110 -0.4670862 -0.8660254
vn 0.1784110 -0.4670862 -0.8660254
vn 0.1784110 -0.4670862 -0.8660254
vn 0.1784110 -0.4670862 0.8660254
vn 0.1784110 -0.4670862 0.8660254
vn 0.1784110 -0.4670862 0.8660254
vn 0.1784110 -0.4670862 0.8660254
vn -0.9341724 -0.3568221 -0.0000000
vn -0.9341724 -0.3568221 -0.0000000
vn -0.9341724 -0.3568221 -0.0000000
vn -0.9341724 -0.3568221 -0.0000000
vn -0.9341724 -0.3568221 0.0000000
vn -0.9341724 -0.3568221 0.0000000
vn -0.9341724 -0.3568221 0.0000000
vn -0.9341724 -0.3568221 0.0000000
vn -0.9341724 -0.3568221 0.0000000
vn -0.9341724 -0.3568221 0.0000000
vn -0.9341724 -0.3568221 0.0000000
vn -0.9341724 -0.3568221 0.0000000
vn -0.9341724 -0.3568221 -0.0000000
vn -0.9341724 -0.3568221 -0.0000000
vn -0.9341724 -0.3568221 -0.0000000
vn 0.9341724 0.3568221 0.0000000
vn 0.9341724 0.3568221 0.0000000
vn 0.9341724 0.3568221 0.0000000
vn -0.3568221 0.9341724 0.0000000
vn -0.3568221 0.9341724 0.0000000
vn -0.3568221 0.9341724 0.0000000
vn -0.3568221 0.9341724 0.0000000
vn 0.1784110 -0.4670862 -0.8660254
vn 0.1784110 -0.4670862 -0.8660254
vn 0.1784110 -0.4670862 -0.8660254
vn 0.1784110 -0.4670862 -0.8660254
vn 0.1784110 -0.4670862 0.8660254
vn 0.1784110 -0.4670862 0.8660254
vn 0.1784110 -0.4670862 0.8660254
vn 0.1784110 -0.4670862 0.8660254
vn -0.9341724 0.3568221 0.0000000
vn -0.9341724 0.3568221 0.0000000
vn -0.9341724 0.3568221 0.0000000
vn 0.9341724 -0.3568221 -0.0000000
vn 0.9341724 -0.3568221 -0.0000000
vn 0.9341724 -0.3568221 -0.0000000
vn 0.1784110 0.4670862 -0.8660254
vn 0.1784110 0.4670862 -0.8660254
vn 0.1784110 0.4670862 -0.8660254
vn 0.1784110 0.4670862 -0.8660254
vn -0.3568221 -0.9341724 0.0000000
vn -0.3568221 -0.9341724 0.0000000
vn -0.3568221 -0.9341724 0.0000000
vn -0.3568221 -0.9341724 0.0000000
vn 0.1784110 0.4670862 0.8660254
vn 0.1784110 0.4670862 0.8660254
vn 0.1784110 0.4670862 0.8660254
vn 0.1784110 0.4670862 0.8660254
vn -0.9341724 0.3568221 -0.0000000
vn -0.9341724 0.3568221 -0.0000000
vn -0.9341724 0.3568221 -0.0000000
vn -0.9341724 0.3568221 -0.0000000
vn -0.9341724 0.3568221 -0.0000000
vn -0.9341724 0.3568221 -0.0000000
vn -0.9341724 0.3568221 -0.0000000
vn -0.9341724 0.3568221 -0.0000000
vn -0.9341724 0.3568221 -0.0000000
vn -0.9341724 0.3568221 -0.0000000
vn -0.9341724 0.3568221 -0.0000000
vn -0.9341724 0.3568221 -0.0000000
vn -0.9341724 0.3568221 0.0000000
vn -0.9341724 0.3568221 0.0000000
vn -0.9341724 0.3568221 0.0000000
vn 0.9341724 -0.3568221 -0.0000000
vn 0.9341724 -0.3568221 -0.0000000
vn 0.9341724 -0.3568221 -0.0000000
vn 0.1784110 0.4670862 -0.8660254
vn 0.1784110 0.4670862 -0.8660254
vn 0.1784110 0.4670862 -0.8660254
vn 0.1784110 0.4670862 -0.8660254
vn -0.3568221 -0.9341724 0.0000000
vn -0.3568221 -0.9341724 0.0000000
vn -0.3568221 -0.9341724 0.0000000
vn -0.3568221 -0.9341724 0.0000000
vn 0.1784110 0.4670862 0.8660254
vn 0.1784110 0.4670862 0.8660254
vn 0.1784110 0.4670862 0.8660254
vn 0.1784110 0.4670862 0.8660254
vn 0.9341724 -0.3568221 0.0000000
vn 0.9341724 -0.3568221 0.0000000
vn 0.9341724 -0.3568221 0.0000000
vn -0.9341724 0.3568221 -0.0000000
vn -0.9341724 0.3568221 -0.0000000
vn -0.9341724 0.3568221 -0.0000000
vn -0.1784110 -0.4670862 -0.8660254
vn -0.1784110 -0.4670862 -0.8660254
vn -0.1784110 -0.4670862 -0.8660254
vn -0.1784110 -0.4670862 -0.8660254
vn 0.3568221 0.9341724 -0.0000000
vn 0.3568221 0.9341724 -0.0000000
vn 0.3568221 0.9341724 -0.0000000
vn 0.3568221 0.9341724 -0.0000000
vn -0.1784110 -0.4670862 0.8660254
vn -0.1784110 -0.4670862 0.8660254
vn -0.1784110 -0.4670862 0.8660254
vn -0.1784110 -0.4670862 0.8660254
vn 0.9341724 -0.3568221 -0.0000000
vn 0.9341724 -0.3568221 -0.0000000
vn 0.9341724 -0.3568221 -0.0000000
vn 0.9341724 -0.3568221 -0.0000000
vn 0.9341724 -0.3568221 -0.0000000
vn 0.9341724 -0.3568221 -0.0000000
vn 0.9341724 -0.3568221 -0.0000000
vn 0.9341724 -0.3568221 -0.0000000
vn 0.9341724 -0.3568221 -0.0000000
vn 0.9341724 -0.3568221 -0.0000000
vn 0.9341724 -0.3568221 -0.0000000
vn 0.9341724 -0.3568221 -0.0000000
vn 0.9341724 -0.3568221 0.0000000
vn 0.9341724 -0.3568221 0.0000000
vn 0.9341724 -0.3568221 0.0000000
vn -0.9341724 0.3568221 -0.0000000
vn -0.9341724 0.3568221 -0.0000000
vn -0.9341724 0.3568221 -0.0000000
vn -0.1784110 -0.4670862 -0.8660254
vn -0.1784110 -0.4670862 -0.8660254
vn -0.1784110 -0.4670862 -0.8660254
vn -0.1784110 -0.4670862 -0.8660254
vn 0.3568221 0.9341724 -0.0000000
vn 0.3568221 0.9341724 -0.0000000
vn 0.3568221 0.9341724 -0.0000000
vn 0.3568221 0.9341724 -0.0000000
vn -0.1784110 -0.4670862 0.8660254
vn -0.1784110 -0.4670862 0.8660254
vn -0.1784110 -0.4670862 0.8660254
vn -0.1784110 -0.4670862 0.8660254
vn 0.9341724 0.3568221 0.0000000
vn 0.9341724 0.3568221 0.0000000
vn 0.9341724 0.3568221 0.0000000
vn -0.9341724 -0.3568221 -0.0000000
vn -0.9341724 -0.3568221 -0.0000000
vn -0.9341724 -0.3568221 -0.0000000
vn 0.3568221 -0.9341724 0.0000000
vn 0.3568221 -0.9341724 0.0000000
vn 0.3568221 -0.9341724 0.0000000
vn 0.3568221 -0.9341724 0.0000000
vn -0.1784110 0.4670862 -0.8660254
vn -0.1784110 0.4670862 -0.8660254
vn -0.1784110 0.4670862 -0.8660254
vn -0.1784110 0.4670862 -0.8660254
vn -0.1784110 0.4670862 0.8660254
vn -0.1784110 0.4670862 0.8660254
vn -0.1784110 0.4670862 0.8660254
vn -0.1784110 0.4670862 0.8660254
vn 0.9341724 0.3568221 0.0000000
vn 0.9341724 0.3568221 0.0000000
vn 0.9341724 0.3568221 0.0000000
vn 0.9341724 0.3568221 0.0000000
vn 0.9341724 0.3568221 0.0000000
vn 0.9341724 0.3568221 0.0000000
vn 0.9341724 0.3568221 0.0000000
vn 0.9341724 0.3568221 0.0000000
vn 0.9341724 0.3568221 0.0000000
vn 0.9341724 0.3568221 0.0000000
vn 0.9341724 0.3568221 0.0000000
vn 0.9341724 0.3568221 0.0000000
vn 0.9341724 0.3568221 0.0000000
vn 0.9341724 0.3568221 0.0000000
vn 0.9341724 0.3568221 0.0000000
vn -0.9341724 -0.3568221 -0.0000000
vn -0.9341724 -0.3568221 -0.0000000
vn -0.9341724 -0.3568221 -0.0000000
vn 0.3568221 -0.9341724 0.0000000
vn 0.3568221 -0.9341724 0.0000000
vn 0.3568221 -0.9341724 0.0000000
vn 0.3568221 -0.9341724 0.0000000
vn -0.1784110 0.4670862 -0.8660254
vn -0.1784110 0.4670862 -0.8660254
vn -0.1784110 0.4670862 -0.8660254
vn -0.1784110 0.4670862 -0.8660254
vn -0.1784110 0.4670862 0.8660254
vn -0.1784110 0.4670862 0.8660254
vn -0.1784110 0.4670862 0.8660254
vn -0.1784110 0.4670862 0.8660254
g energy_core
usemtl amethyst
f 1/1/1 2/1/2 3/1/3
usemtl lilac
f 4/1/4 5/1/5 6/1/6
usemtl obsidian
f 7/1/7 8/1/8 9/1/9
usemtl armor_edge
f 10/1/10 11/1/11 12/1/12 13/1/13
f 14/1/14 15/1/15 16/1/16 17/1/17
f 18/1/18 19/1/19 20/1/20 21/1/21
usemtl violet
f 22/1/22 23/1/23 24/1/24
usemtl amethyst
f 25/1/25 26/1/26 27/1/27
usemtl obsidian
f 28/1/28 29/1/29 30/1/30
usemtl armor_edge
f 31/1/31 32/1/32 33/1/33 34/1/34
f 35/1/35 36/1/36 37/1/37 38/1/38
f 39/1/39 40/1/40 41/1/41 42/1/42
usemtl violet
f 43/1/43 44/1/44 45/1/45
usemtl amethyst
f 46/1/46 47/1/47 48/1/48
usemtl obsidian
f 49/1/49 50/1/50 51/1/51
usemtl armor_edge
f 52/1/52 53/1/53 54/1/54 55/1/55
f 56/1/56 57/1/57 58/1/58 59/1/59
f 60/1/60 61/1/61 62/1/62 63/1/63
usemtl amethyst
f 64/1/64 65/1/65 66/1/66
f 67/1/67 68/1/68 69/1/69
usemtl obsidian
f 70/1/70 71/1/71 72/1/72
usemtl armor_edge
f 73/1/73 74/1/74 75/1/75 76/1/76
f 77/1/77 78/1/78 79/1/79 80/1/80
f 81/1/81 82/1/82 83/1/83 84/1/84
usemtl violet
f 85/1/85 86/1/86 87/1/87
usemtl lilac
f 88/1/88 89/1/89 90/1/90
usemtl obsidian
f 91/1/91 92/1/92 93/1/93
usemtl armor_edge
f 94/1/94 95/1/95 96/1/96 97/1/97
f 98/1/98 99/1/99 100/1/100 101/1/101
f 102/1/102 103/1/103 104/1/104 105/1/105
usemtl violet
f 106/1/106 107/1/107 108/1/108
usemtl amethyst
f 109/1/109 110/1/110 111/1/111
usemtl obsidian
f 112/1/112 113/1/113 114/1/114
usemtl armor_edge
f 115/1/115 116/1/116 117/1/117 118/1/118
f 119/1/119 120/1/120 121/1/121 122/1/122
f 123/1/123 124/1/124 125/1/125 126/1/126
usemtl amethyst
f 127/1/127 128/1/128 129/1/129
f 130/1/130 131/1/131 132/1/132
usemtl obsidian
f 133/1/133 134/1/134 135/1/135
usemtl armor_edge
f 136/1/136 137/1/137 138/1/138 139/1/139
f 140/1/140 141/1/141 142/1/142 143/1/143
f 144/1/144 145/1/145 146/1/146 147/1/147
usemtl violet
f 148/1/148 149/1/149 150/1/150
usemtl amethyst
f 151/1/151 152/1/152 153/1/153
usemtl obsidian
f 154/1/154 155/1/155 156/1/156
usemtl armor_edge
f 157/1/157 158/1/158 159/1/159 160/1/160
f 161/1/161 162/1/162 163/1/163 164/1/164
f 165/1/165 166/1/166 167/1/167 168/1/168
usemtl violet
f 169/1/169 170/1/170 171/1/171
usemtl lilac
f 172/1/172 173/1/173 174/1/174
usemtl obsidian
f 175/1/175 176/1/176 177/1/177
usemtl armor_edge
f 178/1/178 179/1/179 180/1/180 181/1/181
f 182/1/182 183/1/183 184/1/184 185/1/185
f 186/1/186 187/1/187 188/1/188 189/1/189
usemtl amethyst
f 190/1/190 191/1/191 192/1/192
f 193/1/193 194/1/194 195/1/195
usemtl obsidian
f 196/1/196 197/1/197 198/1/198
usemtl armor_edge
f 199/1/199 200/1/200 201/1/201 202/1/202
f 203/1/203 204/1/204 205/1/205 206/1/206
f 207/1/207 208/1/208 209/1/209 210/1/210
usemtl violet
f 211/1/211 212/1/212 213/1/213
usemtl amethyst
f 214/1/214 215/1/215 216/1/216
usemtl obsidian
f 217/1/217 218/1/218 219/1/219
usemtl armor_edge
f 220/1/220 221/1/221 222/1/222 223/1/223
f 224/1/224 225/1/225 226/1/226 227/1/227
f 228/1/228 229/1/229 230/1/230 231/1/231
usemtl violet
f 232/1/232 233/1/233 234/1/234
usemtl amethyst
f 235/1/235 236/1/236 237/1/237
usemtl obsidian
f 238/1/238 239/1/239 240/1/240
usemtl armor_edge
f 241/1/241 242/1/242 243/1/243 244/1/244
f 245/1/245 246/1/246 247/1/247 248/1/248
f 249/1/249 250/1/250 251/1/251 252/1/252
usemtl amethyst
f 253/1/253 254/1/254 255/1/255
usemtl lilac
f 256/1/256 257/1/257 258/1/258
usemtl obsidian
f 259/1/259 260/1/260 261/1/261
usemtl armor_edge
f 262/1/262 263/1/263 264/1/264 265/1/265
f 266/1/266 267/1/267 268/1/268 269/1/269
f 270/1/270 271/1/271 272/1/272 273/1/273
usemtl violet
f 274/1/274 275/1/275 276/1/276
usemtl amethyst
f 277/1/277 278/1/278 279/1/279
usemtl obsidian
f 280/1/280 281/1/281 282/1/282
usemtl armor_edge
f 283/1/283 284/1/284 285/1/285 286/1/286
f 287/1/287 288/1/288 289/1/289 290/1/290
f 291/1/291 292/1/292 293/1/293 294/1/294
usemtl violet
f 295/1/295 296/1/296 297/1/297
usemtl amethyst
f 298/1/298 299/1/299 300/1/300
usemtl obsidian
f 301/1/301 302/1/302 303/1/303
usemtl armor_edge
f 304/1/304 305/1/305 306/1/306 307/1/307
f 308/1/308 309/1/309 310/1/310 311/1/311
f 312/1/312 313/1/313 314/1/314 315/1/315
usemtl amethyst
f 316/1/316 317/1/317 318/1/318
f 319/1/319 320/1/320 321/1/321
usemtl obsidian
f 322/1/322 323/1/323 324/1/324
usemtl armor_edge
f 325/1/325 326/1/326 327/1/327 328/1/328
f 329/1/329 330/1/330 331/1/331 332/1/332
f 333/1/333 334/1/334 335/1/335 336/1/336
usemtl violet
f 337/1/337 338/1/338 339/1/339
usemtl lilac
f 340/1/340 341/1/341 342/1/342
usemtl obsidian
f 343/1/343 344/1/344 345/1/345
usemtl armor_edge
f 346/1/346 347/1/347 348/1/348 349/1/349
f 350/1/350 351/1/351 352/1/352 353/1/353
f 354/1/354 355/1/355 356/1/356 357/1/357
usemtl violet
f 358/1/358 359/1/359 360/1/360
usemtl amethyst
f 361/1/361 362/1/362 363/1/363
usemtl obsidian
f 364/1/364 365/1/365 366/1/366
usemtl armor_edge
f 367/1/367 368/1/368 369/1/369 370/1/370
f 371/1/371 372/1/372 373/1/373 374/1/374
f 375/1/375 376/1/376 377/1/377 378/1/378
usemtl amethyst
f 379/1/379 380/1/380 381/1/381
f 382/1/382 383/1/383 384/1/384
usemtl obsidian
f 385/1/385 386/1/386 387/1/387
usemtl armor_edge
f 388/1/388 389/1/389 390/1/390 391/1/391
f 392/1/392 393/1/393 394/1/394 395/1/395
f 396/1/396 397/1/397 398/1/398 399/1/399
usemtl violet
f 400/1/400 401/1/401 402/1/402
usemtl amethyst
f 403/1/403 404/1/404 405/1/405
usemtl obsidian
f 406/1/406 407/1/407 408/1/408
usemtl armor_edge
f 409/1/409 410/1/410 411/1/411 412/1/412
f 413/1/413 414/1/414 415/1/415 416/1/416
f 417/1/417 418/1/418 419/1/419 420/1/420
g core_cage
usemtl obsidian
f 421/1/421 422/1/422 423/1/423 424/1/424
f 425/1/425 426/1/426 427/1/427 428/1/428
f 429/1/429 430/1/430 431/1/431 432/1/432
f 433/1/433 434/1/434 435/1/435 436/1/436
f 437/1/437 438/1/438 439/1/439 440/1/440
f 441/1/441 442/1/442 443/1/443 444/1/444
f 445/1/445 446/1/446 447/1/447 448/1/448
f 449/1/449 450/1/450 451/1/451 452/1/452
f 453/1/453 454/1/454 455/1/455 456/1/456
f 457/1/457 458/1/458 459/1/459 460/1/460
f 461/1/461 462/1/462 463/1/463 464/1/464
f 465/1/465 466/1/466 467/1/467 468/1/468
f 469/1/469 470/1/470 471/1/471 472/1/472
f 473/1/473 474/1/474 475/1/475 476/1/476
f 477/1/477 478/1/478 479/1/479 480/1/480
f 481/1/481 482/1/482 483/1/483 484/1/484
f 485/1/485 486/1/486 487/1/487 488/1/488
f 489/1/489 490/1/490 491/1/491 492/1/492
f 493/1/493 494/1/494 495/1/495 496/1/496
f 497/1/497 498/1/498 499/1/499 500/1/500
f 501/1/501 502/1/502 503/1/503 504/1/504
f 505/1/505 506/1/506 507/1/507 508/1/508
f 509/1/509 510/1/510 511/1/511 512/1/512
f 513/1/513 514/1/514 515/1/515 516/1/516
f 517/1/517 518/1/518 519/1/519 520/1/520
f 521/1/521 522/1/522 523/1/523 524/1/524
f 525/1/525 526/1/526 527/1/527 528/1/528
f 529/1/529 530/1/530 531/1/531 532/1/532
f 533/1/533 534/1/534 535/1/535 536/1/536
f 537/1/537 538/1/538 539/1/539 540/1/540
f 541/1/541 542/1/542 543/1/543 544/1/544
f 545/1/545 546/1/546 547/1/547 548/1/548
f 549/1/549 550/1/550 551/1/551 552/1/552
f 553/1/553 554/1/554 555/1/555 556/1/556
f 557/1/557 558/1/558 559/1/559 560/1/560
f 561/1/561 562/1/562 563/1/563 564/1/564
f 565/1/565 566/1/566 567/1/567 568/1/568
f 569/1/569 570/1/570 571/1/571 572/1/572
f 573/1/573 574/1/574 575/1/575 576/1/576
f 577/1/577 578/1/578 579/1/579 580/1/580
f 581/1/581 582/1/582 583/1/583 584/1/584
f 585/1/585 586/1/586 587/1/587 588/1/588
f 589/1/589 590/1/590 591/1/591 592/1/592
f 593/1/593 594/1/594 595/1/595 596/1/596
f 597/1/597 598/1/598 599/1/599 600/1/600
f 601/1/601 602/1/602 603/1/603 604/1/604
f 605/1/605 606/1/606 607/1/607 608/1/608
f 609/1/609 610/1/610 611/1/611 612/1/612
f 613/1/613 614/1/614 615/1/615 616/1/616
f 617/1/617 618/1/618 619/1/619 620/1/620
f 621/1/621 622/1/622 623/1/623 624/1/624
f 625/1/625 626/1/626 627/1/627 628/1/628
f 629/1/629 630/1/630 631/1/631 632/1/632
f 633/1/633 634/1/634 635/1/635 636/1/636
f 637/1/637 638/1/638 639/1/639 640/1/640
f 641/1/641 642/1/642 643/1/643 644/1/644
f 645/1/645 646/1/646 647/1/647 648/1/648
f 649/1/649 650/1/650 651/1/651 652/1/652
f 653/1/653 654/1/654 655/1/655 656/1/656
f 657/1/657 658/1/658 659/1/659 660/1/660
g shell_0_faceted_armor
f 661/1/661 662/1/662 663/1/663
f 664/1/664 665/1/665 666/1/666
usemtl armor_edge
f 667/1/667 668/1/668 669/1/669 670/1/670
f 671/1/671 672/1/672 673/1/673 674/1/674
f 675/1/675 676/1/676 677/1/677 678/1/678
usemtl violet
f 679/1/679 680/1/680 681/1/681 682/1/682
f 683/1/683 684/1/684 685/1/685 686/1/686
f 687/1/687 688/1/688 689/1/689 690/1/690
usemtl armor_edge
f 691/1/691 692/1/692 693/1/693
usemtl obsidian
f 694/1/694 695/1/695 696/1/696
usemtl armor_edge
f 697/1/697 698/1/698 699/1/699 700/1/700
f 701/1/701 702/1/702 703/1/703 704/1/704
f 705/1/705 706/1/706 707/1/707 708/1/708
g shell_1_faceted_armor
usemtl armor
f 709/1/709 710/1/710 711/1/711
usemtl obsidian
f 712/1/712 713/1/713 714/1/714
usemtl armor_edge
f 715/1/715 716/1/716 717/1/717 718/1/718
f 719/1/719 720/1/720 721/1/721 722/1/722
f 723/1/723 724/1/724 725/1/725 726/1/726
usemtl violet
f 727/1/727 728/1/728 729/1/729 730/1/730
f 731/1/731 732/1/732 733/1/733 734/1/734
f 735/1/735 736/1/736 737/1/737 738/1/738
usemtl armor
f 739/1/739 740/1/740 741/1/741
usemtl obsidian
f 742/1/742 743/1/743 744/1/744
usemtl armor_edge
f 745/1/745 746/1/746 747/1/747 748/1/748
f 749/1/749 750/1/750 751/1/751 752/1/752
f 753/1/753 754/1/754 755/1/755 756/1/756
g shell_2_faceted_armor
usemtl armor
f 757/1/757 758/1/758 759/1/759
usemtl obsidian
f 760/1/760 761/1/761 762/1/762
usemtl armor_edge
f 763/1/763 764/1/764 765/1/765 766/1/766
f 767/1/767 768/1/768 769/1/769 770/1/770
f 771/1/771 772/1/772 773/1/773 774/1/774
usemtl violet
f 775/1/775 776/1/776 777/1/777 778/1/778
f 779/1/779 780/1/780 781/1/781 782/1/782
f 783/1/783 784/1/784 785/1/785 786/1/786
usemtl armor
f 787/1/787 788/1/788 789/1/789
usemtl obsidian
f 790/1/790 791/1/791 792/1/792
usemtl armor_edge
f 793/1/793 794/1/794 795/1/795 796/1/796
f 797/1/797 798/1/798 799/1/799 800/1/800
f 801/1/801 802/1/802 803/1/803 804/1/804
g shell_3_faceted_armor
usemtl obsidian
f 805/1/805 806/1/806 807/1/807
f 808/1/808 809/1/809 810/1/810
usemtl armor_edge
f 811/1/811 812/1/812 813/1/813 814/1/814
f 815/1/815 816/1/816 817/1/817 818/1/818
f 819/1/819 820/1/820 821/1/821 822/1/822
usemtl violet
f 823/1/823 824/1/824 825/1/825 826/1/826
f 827/1/827 828/1/828 829/1/829 830/1/830
f 831/1/831 832/1/832 833/1/833 834/1/834
usemtl armor
f 835/1/835 836/1/836 837/1/837
usemtl obsidian
f 838/1/838 839/1/839 840/1/840
usemtl armor_edge
f 841/1/841 842/1/842 843/1/843 844/1/844
f 845/1/845 846/1/846 847/1/847 848/1/848
f 849/1/849 850/1/850 851/1/851 852/1/852
g shell_4_faceted_armor
usemtl armor
f 853/1/853 854/1/854 855/1/855
usemtl obsidian
f 856/1/856 857/1/857 858/1/858
usemtl armor_edge
f 859/1/859 860/1/860 861/1/861 862/1/862
f 863/1/863 864/1/864 865/1/865 866/1/866
f 867/1/867 868/1/868 869/1/869 870/1/870
usemtl violet
f 871/1/871 872/1/872 873/1/873 874/1/874
f 875/1/875 876/1/876 877/1/877 878/1/878
f 879/1/879 880/1/880 881/1/881 882/1/882
usemtl armor_edge
f 883/1/883 884/1/884 885/1/885
usemtl obsidian
f 886/1/886 887/1/887 888/1/888
usemtl armor_edge
f 889/1/889 890/1/890 891/1/891 892/1/892
f 893/1/893 894/1/894 895/1/895 896/1/896
f 897/1/897 898/1/898 899/1/899 900/1/900
g shell_5_faceted_armor
usemtl armor
f 901/1/901 902/1/902 903/1/903
usemtl obsidian
f 904/1/904 905/1/905 906/1/906
usemtl armor_edge
f 907/1/907 908/1/908 909/1/909 910/1/910
f 911/1/911 912/1/912 913/1/913 914/1/914
f 915/1/915 916/1/916 917/1/917 918/1/918
usemtl violet
f 919/1/919 920/1/920 921/1/921 922/1/922
f 923/1/923 924/1/924 925/1/925 926/1/926
f 927/1/927 928/1/928 929/1/929 930/1/930
usemtl armor
f 931/1/931 932/1/932 933/1/933
usemtl obsidian
f 934/1/934 935/1/935 936/1/936
usemtl armor_edge
f 937/1/937 938/1/938 939/1/939 940/1/940
f 941/1/941 942/1/942 943/1/943 944/1/944
f 945/1/945 946/1/946 947/1/947 948/1/948
g shell_6_faceted_armor
usemtl obsidian
f 949/1/949 950/1/950 951/1/951
f 952/1/952 953/1/953 954/1/954
usemtl armor_edge
f 955/1/955 956/1/956 957/1/957 958/1/958
f 959/1/959 960/1/960 961/1/961 962/1/962
f 963/1/963 964/1/964 965/1/965 966/1/966
usemtl violet
f 967/1/967 968/1/968 969/1/969 970/1/970
f 971/1/971 972/1/972 973/1/973 974/1/974
f 975/1/975 976/1/976 977/1/977 978/1/978
usemtl armor
f 979/1/979 980/1/980 981/1/981
usemtl obsidian
f 982/1/982 983/1/983 984/1/984
usemtl armor_edge
f 985/1/985 986/1/986 987/1/987 988/1/988
f 989/1/989 990/1/990 991/1/991 992/1/992
f 993/1/993 994/1/994 995/1/995 996/1/996
g shell_7_faceted_armor
usemtl armor
f 997/1/997 998/1/998 999/1/999
usemtl obsidian
f 1000/1/1000 1001/1/1001 1002/1/1002
usemtl armor_edge
f 1003/1/1003 1004/1/1004 1005/1/1005 1006/1/1006
f 1007/1/1007 1008/1/1008 1009/1/1009 1010/1/1010
f 1011/1/1011 1012/1/1012 1013/1/1013 1014/1/1014
usemtl violet
f 1015/1/1015 1016/1/1016 1017/1/1017 1018/1/1018
f 1019/1/1019 1020/1/1020 1021/1/1021 1022/1/1022
f 1023/1/1023 1024/1/1024 1025/1/1025 1026/1/1026
usemtl armor
f 1027/1/1027 1028/1/1028 1029/1/1029
usemtl obsidian
f 1030/1/1030 1031/1/1031 1032/1/1032
usemtl armor_edge
f 1033/1/1033 1034/1/1034 1035/1/1035 1036/1/1036
f 1037/1/1037 1038/1/1038 1039/1/1039 1040/1/1040
f 1041/1/1041 1042/1/1042 1043/1/1043 1044/1/1044
g shell_8_faceted_armor
usemtl armor
f 1045/1/1045 1046/1/1046 1047/1/1047
usemtl obsidian
f 1048/1/1048 1049/1/1049 1050/1/1050
usemtl armor_edge
f 1051/1/1051 1052/1/1052 1053/1/1053 1054/1/1054
f 1055/1/1055 1056/1/1056 1057/1/1057 1058/1/1058
f 1059/1/1059 1060/1/1060 1061/1/1061 1062/1/1062
usemtl violet
f 1063/1/1063 1064/1/1064 1065/1/1065 1066/1/1066
f 1067/1/1067 1068/1/1068 1069/1/1069 1070/1/1070
f 1071/1/1071 1072/1/1072 1073/1/1073 1074/1/1074
usemtl armor_edge
f 1075/1/1075 1076/1/1076 1077/1/1077
usemtl obsidian
f 1078/1/1078 1079/1/1079 1080/1/1080
usemtl armor_edge
f 1081/1/1081 1082/1/1082 1083/1/1083 1084/1/1084
f 1085/1/1085 1086/1/1086 1087/1/1087 1088/1/1088
f 1089/1/1089 1090/1/1090 1091/1/1091 1092/1/1092
g shell_9_faceted_armor
usemtl obsidian
f 1093/1/1093 1094/1/1094 1095/1/1095
f 1096/1/1096 1097/1/1097 1098/1/1098
usemtl armor_edge
f 1099/1/1099 1100/1/1100 1101/1/1101 1102/1/1102
f 1103/1/1103 1104/1/1104 1105/1/1105 1106/1/1106
f 1107/1/1107 1108/1/1108 1109/1/1109 1110/1/1110
usemtl violet
f 1111/1/1111 1112/1/1112 1113/1/1113 1114/1/1114
f 1115/1/1115 1116/1/1116 1117/1/1117 1118/1/1118
f 1119/1/1119 1120/1/1120 1121/1/1121 1122/1/1122
usemtl armor
f 1123/1/1123 1124/1/1124 1125/1/1125
usemtl obsidian
f 1126/1/1126 1127/1/1127 1128/1/1128
usemtl armor_edge
f 1129/1/1129 1130/1/1130 1131/1/1131 1132/1/1132
f 1133/1/1133 1134/1/1134 1135/1/1135 1136/1/1136
f 1137/1/1137 1138/1/1138 1139/1/1139 1140/1/1140
g shell_10_faceted_armor
usemtl armor
f 1141/1/1141 1142/1/1142 1143/1/1143
usemtl obsidian
f 1144/1/1144 1145/1/1145 1146/1/1146
usemtl armor_edge
f 1147/1/1147 1148/1/1148 1149/1/1149 1150/1/1150
f 1151/1/1151 1152/1/1152 1153/1/1153 1154/1/1154
f 1155/1/1155 1156/1/1156 1157/1/1157 1158/1/1158
usemtl violet
f 1159/1/1159 1160/1/1160 1161/1/1161 1162/1/1162
f 1163/1/1163 1164/1/1164 1165/1/1165 1166/1/1166
f 1167/1/1167 1168/1/1168 1169/1/1169 1170/1/1170
usemtl armor
f 1171/1/1171 1172/1/1172 1173/1/1173
usemtl obsidian
f 1174/1/1174 1175/1/1175 1176/1/1176
usemtl armor_edge
f 1177/1/1177 1178/1/1178 1179/1/1179 1180/1/1180
f 1181/1/1181 1182/1/1182 1183/1/1183 1184/1/1184
f 1185/1/1185 1186/1/1186 1187/1/1187 1188/1/1188
g shell_11_faceted_armor
usemtl armor
f 1189/1/1189 1190/1/1190 1191/1/1191
usemtl obsidian
f 1192/1/1192 1193/1/1193 1194/1/1194
usemtl armor_edge
f 1195/1/1195 1196/1/1196 1197/1/1197 1198/1/1198
f 1199/1/1199 1200/1/1200 1201/1/1201 1202/1/1202
f 1203/1/1203 1204/1/1204 1205/1/1205 1206/1/1206
usemtl violet
f 1207/1/1207 1208/1/1208 1209/1/1209 1210/1/1210
f 1211/1/1211 1212/1/1212 1213/1/1213 1214/1/1214
f 1215/1/1215 1216/1/1216 1217/1/1217 1218/1/1218
usemtl armor
f 1219/1/1219 1220/1/1220 1221/1/1221
usemtl obsidian
f 1222/1/1222 1223/1/1223 1224/1/1224
usemtl armor_edge
f 1225/1/1225 1226/1/1226 1227/1/1227 1228/1/1228
f 1229/1/1229 1230/1/1230 1231/1/1231 1232/1/1232
f 1233/1/1233 1234/1/1234 1235/1/1235 1236/1/1236
g shell_12_faceted_armor
usemtl obsidian
f 1237/1/1237 1238/1/1238 1239/1/1239
f 1240/1/1240 1241/1/1241 1242/1/1242
usemtl armor_edge
f 1243/1/1243 1244/1/1244 1245/1/1245 1246/1/1246
f 1247/1/1247 1248/1/1248 1249/1/1249 1250/1/1250
f 1251/1/1251 1252/1/1252 1253/1/1253 1254/1/1254
usemtl violet
f 1255/1/1255 1256/1/1256 1257/1/1257 1258/1/1258
f 1259/1/1259 1260/1/1260 1261/1/1261 1262/1/1262
f 1263/1/1263 1264/1/1264 1265/1/1265 1266/1/1266
usemtl armor_edge
f 1267/1/1267 1268/1/1268 1269/1/1269
usemtl obsidian
f 1270/1/1270 1271/1/1271 1272/1/1272
usemtl armor_edge
f 1273/1/1273 1274/1/1274 1275/1/1275 1276/1/1276
f 1277/1/1277 1278/1/1278 1279/1/1279 1280/1/1280
f 1281/1/1281 1282/1/1282 1283/1/1283 1284/1/1284
g shell_13_faceted_armor
usemtl armor
f 1285/1/1285 1286/1/1286 1287/1/1287
usemtl obsidian
f 1288/1/1288 1289/1/1289 1290/1/1290
usemtl armor_edge
f 1291/1/1291 1292/1/1292 1293/1/1293 1294/1/1294
f 1295/1/1295 1296/1/1296 1297/1/1297 1298/1/1298
f 1299/1/1299 1300/1/1300 1301/1/1301 1302/1/1302
usemtl violet
f 1303/1/1303 1304/1/1304 1305/1/1305 1306/1/1306
f 1307/1/1307 1308/1/1308 1309/1/1309 1310/1/1310
f 1311/1/1311 1312/1/1312 1313/1/1313 1314/1/1314
usemtl armor
f 1315/1/1315 1316/1/1316 1317/1/1317
usemtl obsidian
f 1318/1/1318 1319/1/1319 1320/1/1320
usemtl armor_edge
f 1321/1/1321 1322/1/1322 1323/1/1323 1324/1/1324
f 1325/1/1325 1326/1/1326 1327/1/1327 1328/1/1328
f 1329/1/1329 1330/1/1330 1331/1/1331 1332/1/1332
g shell_14_faceted_armor
usemtl armor
f 1333/1/1333 1334/1/1334 1335/1/1335
usemtl obsidian
f 1336/1/1336 1337/1/1337 1338/1/1338
usemtl armor_edge
f 1339/1/1339 1340/1/1340 1341/1/1341 1342/1/1342
f 1343/1/1343 1344/1/1344 1345/1/1345 1346/1/1346
f 1347/1/1347 1348/1/1348 1349/1/1349 1350/1/1350
usemtl violet
f 1351/1/1351 1352/1/1352 1353/1/1353 1354/1/1354
f 1355/1/1355 1356/1/1356 1357/1/1357 1358/1/1358
f 1359/1/1359 1360/1/1360 1361/1/1361 1362/1/1362
usemtl armor
f 1363/1/1363 1364/1/1364 1365/1/1365
usemtl obsidian
f 1366/1/1366 1367/1/1367 1368/1/1368
usemtl armor_edge
f 1369/1/1369 1370/1/1370 1371/1/1371 1372/1/1372
f 1373/1/1373 1374/1/1374 1375/1/1375 1376/1/1376
f 1377/1/1377 1378/1/1378 1379/1/1379 1380/1/1380
g shell_15_faceted_armor
usemtl obsidian
f 1381/1/1381 1382/1/1382 1383/1/1383
f 1384/1/1384 1385/1/1385 1386/1/1386
usemtl armor_edge
f 1387/1/1387 1388/1/1388 1389/1/1389 1390/1/1390
f 1391/1/1391 1392/1/1392 1393/1/1393 1394/1/1394
f 1395/1/1395 1396/1/1396 1397/1/1397 1398/1/1398
usemtl violet
f 1399/1/1399 1400/1/1400 1401/1/1401 1402/1/1402
f 1403/1/1403 1404/1/1404 1405/1/1405 1406/1/1406
f 1407/1/1407 1408/1/1408 1409/1/1409 1410/1/1410
usemtl armor
f 1411/1/1411 1412/1/1412 1413/1/1413
usemtl obsidian
f 1414/1/1414 1415/1/1415 1416/1/1416
usemtl armor_edge
f 1417/1/1417 1418/1/1418 1419/1/1419 1420/1/1420
f 1421/1/1421 1422/1/1422 1423/1/1423 1424/1/1424
f 1425/1/1425 1426/1/1426 1427/1/1427 1428/1/1428
g shell_16_faceted_armor
usemtl armor
f 1429/1/1429 1430/1/1430 1431/1/1431
usemtl obsidian
f 1432/1/1432 1433/1/1433 1434/1/1434
usemtl armor_edge
f 1435/1/1435 1436/1/1436 1437/1/1437 1438/1/1438
f 1439/1/1439 1440/1/1440 1441/1/1441 1442/1/1442
f 1443/1/1443 1444/1/1444 1445/1/1445 1446/1/1446
usemtl violet
f 1447/1/1447 1448/1/1448 1449/1/1449 1450/1/1450
f 1451/1/1451 1452/1/1452 1453/1/1453 1454/1/1454
f 1455/1/1455 1456/1/1456 1457/1/1457 1458/1/1458
usemtl armor_edge
f 1459/1/1459 1460/1/1460 1461/1/1461
usemtl obsidian
f 1462/1/1462 1463/1/1463 1464/1/1464
usemtl armor_edge
f 1465/1/1465 1466/1/1466 1467/1/1467 1468/1/1468
f 1469/1/1469 1470/1/1470 1471/1/1471 1472/1/1472
f 1473/1/1473 1474/1/1474 1475/1/1475 1476/1/1476
g shell_17_faceted_armor
usemtl armor
f 1477/1/1477 1478/1/1478 1479/1/1479
usemtl obsidian
f 1480/1/1480 1481/1/1481 1482/1/1482
usemtl armor_edge
f 1483/1/1483 1484/1/1484 1485/1/1485 1486/1/1486
f 1487/1/1487 1488/1/1488 1489/1/1489 1490/1/1490
f 1491/1/1491 1492/1/1492 1493/1/1493 1494/1/1494
usemtl violet
f 1495/1/1495 1496/1/1496 1497/1/1497 1498/1/1498
f 1499/1/1499 1500/1/1500 1501/1/1501 1502/1/1502
f 1503/1/1503 1504/1/1504 1505/1/1505 1506/1/1506
usemtl armor
f 1507/1/1507 1508/1/1508 1509/1/1509
usemtl obsidian
f 1510/1/1510 1511/1/1511 1512/1/1512
usemtl armor_edge
f 1513/1/1513 1514/1/1514 1515/1/1515 1516/1/1516
f 1517/1/1517 1518/1/1518 1519/1/1519 1520/1/1520
f 1521/1/1521 1522/1/1522 1523/1/1523 1524/1/1524
g shell_18_faceted_armor
usemtl obsidian
f 1525/1/1525 1526/1/1526 1527/1/1527
f 1528/1/1528 1529/1/1529 1530/1/1530
usemtl armor_edge
f 1531/1/1531 1532/1/1532 1533/1/1533 1534/1/1534
f 1535/1/1535 1536/1/1536 1537/1/1537 1538/1/1538
f 1539/1/1539 1540/1/1540 1541/1/1541 1542/1/1542
usemtl violet
f 1543/1/1543 1544/1/1544 1545/1/1545 1546/1/1546
f 1547/1/1547 1548/1/1548 1549/1/1549 1550/1/1550
f 1551/1/1551 1552/1/1552 1553/1/1553 1554/1/1554
usemtl armor
f 1555/1/1555 1556/1/1556 1557/1/1557
usemtl obsidian
f 1558/1/1558 1559/1/1559 1560/1/1560
usemtl armor_edge
f 1561/1/1561 1562/1/1562 1563/1/1563 1564/1/1564
f 1565/1/1565 1566/1/1566 1567/1/1567 1568/1/1568
f 1569/1/1569 1570/1/1570 1571/1/1571 1572/1/1572
g shell_19_faceted_armor
usemtl armor
f 1573/1/1573 1574/1/1574 1575/1/1575
usemtl obsidian
f 1576/1/1576 1577/1/1577 1578/1/1578
usemtl armor_edge
f 1579/1/1579 1580/1/1580 1581/1/1581 1582/1/1582
f 1583/1/1583 1584/1/1584 1585/1/1585 1586/1/1586
f 1587/1/1587 1588/1/1588 1589/1/1589 1590/1/1590
usemtl violet
f 1591/1/1591 1592/1/1592 1593/1/1593 1594/1/1594
f 1595/1/1595 1596/1/1596 1597/1/1597 1598/1/1598
f 1599/1/1599 1600/1/1600 1601/1/1601 1602/1/1602
usemtl armor
f 1603/1/1603 1604/1/1604 1605/1/1605
usemtl obsidian
f 1606/1/1606 1607/1/1607 1608/1/1608
usemtl armor_edge
f 1609/1/1609 1610/1/1610 1611/1/1611 1612/1/1612
f 1613/1/1613 1614/1/1614 1615/1/1615 1616/1/1616
f 1617/1/1617 1618/1/1618 1619/1/1619 1620/1/1620
