# Relics-P04; model coordinates in block units; front faces -Z
mtllib twins_hive.mtl
v 0.5510000 0.5136654 0.3029511
v 0.5527991 0.5000000 0.3029511
v 0.5000000 0.5000000 0.2960000
v 0.5457253 0.5263995 0.3029511
v 0.5373346 0.5373346 0.3029511
v 0.5263995 0.5457253 0.3029511
v 0.5136654 0.5510000 0.3029511
v 0.5000000 0.5527991 0.3029511
v 0.4863346 0.5510000 0.3029511
v 0.4736005 0.5457253 0.3029511
v 0.4626654 0.5373346 0.3029511
v 0.4542747 0.5263995 0.3029511
v 0.4490000 0.5136654 0.3029511
v 0.4472009 0.5000000 0.3029511
v 0.4490000 0.4863346 0.3029511
v 0.4542747 0.4736005 0.3029511
v 0.4626654 0.4626654 0.3029511
v 0.4736005 0.4542747 0.3029511
v 0.4863346 0.4490000 0.3029511
v 0.5000000 0.4472009 0.3029511
v 0.5136654 0.4490000 0.3029511
v 0.5263995 0.4542747 0.3029511
v 0.5373346 0.4626654 0.3029511
v 0.5457253 0.4736005 0.3029511
v 0.5510000 0.4863346 0.3029511
v 0.5985244 0.5263995 0.3233308
v 0.6020000 0.5000000 0.3233308
v 0.5883346 0.5510000 0.3233308
v 0.5721249 0.5721249 0.3233308
v 0.5510000 0.5883346 0.3233308
v 0.5263995 0.5985244 0.3233308
v 0.5000000 0.6020000 0.3233308
v 0.4736005 0.5985244 0.3233308
v 0.4490000 0.5883346 0.3233308
v 0.4278751 0.5721249 0.3233308
v 0.4116654 0.5510000 0.3233308
v 0.4014756 0.5263995 0.3233308
v 0.3980000 0.5000000 0.3233308
v 0.4014756 0.4736005 0.3233308
v 0.4116654 0.4490000 0.3233308
v 0.4278751 0.4278751 0.3233308
v 0.4490000 0.4116654 0.3233308
v 0.4736005 0.4014756 0.3233308
v 0.5000000 0.3980000 0.3233308
v 0.5263995 0.4014756 0.3233308
v 0.5510000 0.4116654 0.3233308
v 0.5721249 0.4278751 0.3233308
v 0.5883346 0.4490000 0.3233308
v 0.5985244 0.4736005 0.3233308
v 0.6393346 0.5373346 0.3557502
v 0.6442498 0.5000000 0.3557502
v 0.6249240 0.5721249 0.3557502
v 0.6020000 0.6020000 0.3557502
v 0.5721249 0.6249240 0.3557502
v 0.5373346 0.6393346 0.3557502
v 0.5000000 0.6442498 0.3557502
v 0.4626654 0.6393346 0.3557502
v 0.4278751 0.6249240 0.3557502
v 0.3980000 0.6020000 0.3557502
v 0.3750760 0.5721249 0.3557502
v 0.3606654 0.5373346 0.3557502
v 0.3557502 0.5000000 0.3557502
v 0.3606654 0.4626654 0.3557502
v 0.3750760 0.4278751 0.3557502
v 0.3980000 0.3980000 0.3557502
v 0.4278751 0.3750760 0.3557502
v 0.4626654 0.3606654 0.3557502
v 0.5000000 0.3557502 0.3557502
v 0.5373346 0.3606654 0.3557502
v 0.5721249 0.3750760 0.3557502
v 0.6020000 0.3980000 0.3557502
v 0.6249240 0.4278751 0.3557502
v 0.6393346 0.4626654 0.3557502
v 0.6706493 0.5457253 0.3980000
v 0.6766692 0.5000000 0.3980000
v 0.6530000 0.5883346 0.3980000
v 0.6249240 0.6249240 0.3980000
v 0.5883346 0.6530000 0.3980000
v 0.5457253 0.6706493 0.3980000
v 0.5000000 0.6766692 0.3980000
v 0.4542747 0.6706493 0.3980000
v 0.4116654 0.6530000 0.3980000
v 0.3750760 0.6249240 0.3980000
v 0.3470000 0.5883346 0.3980000
v 0.3293507 0.5457253 0.3980000
v 0.3233308 0.5000000 0.3980000
v 0.3293507 0.4542747 0.3980000
v 0.3470000 0.4116654 0.3980000
v 0.3750760 0.3750760 0.3980000
v 0.4116654 0.3470000 0.3980000
v 0.4542747 0.3293507 0.3980000
v 0.5000000 0.3233308 0.3980000
v 0.5457253 0.3293507 0.3980000
v 0.5883346 0.3470000 0.3980000
v 0.6249240 0.3750760 0.3980000
v 0.6530000 0.4116654 0.3980000
v 0.6706493 0.4542747 0.3980000
v 0.6903346 0.5510000 0.4472009
v 0.6970489 0.5000000 0.4472009
v 0.6706493 0.5985244 0.4472009
v 0.6393346 0.6393346 0.4472009
v 0.5985244 0.6706493 0.4472009
v 0.5510000 0.6903346 0.4472009
v 0.5000000 0.6970489 0.4472009
v 0.4490000 0.6903346 0.4472009
v 0.4014756 0.6706493 0.4472009
v 0.3606654 0.6393346 0.4472009
v 0.3293507 0.5985244 0.4472009
v 0.3096654 0.5510000 0.4472009
v 0.3029511 0.5000000 0.4472009
v 0.3096654 0.4490000 0.4472009
v 0.3293507 0.4014756 0.4472009
v 0.3606654 0.3606654 0.4472009
v 0.4014756 0.3293507 0.4472009
v 0.4490000 0.3096654 0.4472009
v 0.5000000 0.3029511 0.4472009
v 0.5510000 0.3096654 0.4472009
v 0.5985244 0.3293507 0.4472009
v 0.6393346 0.3606654 0.4472009
v 0.6706493 0.4014756 0.4472009
v 0.6903346 0.4490000 0.4472009
v 0.6970489 0.5527991 0.5000000
v 0.7040000 0.5000000 0.5000000
v 0.6766692 0.6020000 0.5000000
v 0.6442498 0.6442498 0.5000000
v 0.6020000 0.6766692 0.5000000
v 0.5527991 0.6970489 0.5000000
v 0.5000000 0.7040000 0.5000000
v 0.4472009 0.6970489 0.5000000
v 0.3980000 0.6766692 0.5000000
v 0.3557502 0.6442498 0.5000000
v 0.3233308 0.6020000 0.5000000
v 0.3029511 0.5527991 0.5000000
v 0.2960000 0.5000000 0.5000000
v 0.3029511 0.4472009 0.5000000
v 0.3233308 0.3980000 0.5000000
v 0.3557502 0.3557502 0.5000000
v 0.3980000 0.3233308 0.5000000
v 0.4472009 0.3029511 0.5000000
v 0.5000000 0.2960000 0.5000000
v 0.5527991 0.3029511 0.5000000
v 0.6020000 0.3233308 0.5000000
v 0.6442498 0.3557502 0.5000000
v 0.6766692 0.3980000 0.5000000
v 0.6970489 0.4472009 0.5000000
v 0.6903346 0.5510000 0.5527991
v 0.6970489 0.5000000 0.5527991
v 0.6706493 0.5985244 0.5527991
v 0.6393346 0.6393346 0.5527991
v 0.5985244 0.6706493 0.5527991
v 0.5510000 0.6903346 0.5527991
v 0.5000000 0.6970489 0.5527991
v 0.4490000 0.6903346 0.5527991
v 0.4014756 0.6706493 0.5527991
v 0.3606654 0.6393346 0.5527991
v 0.3293507 0.5985244 0.5527991
v 0.3096654 0.5510000 0.5527991
v 0.3029511 0.5000000 0.5527991
v 0.3096654 0.4490000 0.5527991
v 0.3293507 0.4014756 0.5527991
v 0.3606654 0.3606654 0.5527991
v 0.4014756 0.3293507 0.5527991
v 0.4490000 0.3096654 0.5527991
v 0.5000000 0.3029511 0.5527991
v 0.5510000 0.3096654 0.5527991
v 0.5985244 0.3293507 0.5527991
v 0.6393346 0.3606654 0.5527991
v 0.6706493 0.4014756 0.5527991
v 0.6903346 0.4490000 0.5527991
v 0.6706493 0.5457253 0.6020000
v 0.6766692 0.5000000 0.6020000
v 0.6530000 0.5883346 0.6020000
v 0.6249240 0.6249240 0.6020000
v 0.5883346 0.6530000 0.6020000
v 0.5457253 0.6706493 0.6020000
v 0.5000000 0.6766692 0.6020000
v 0.4542747 0.6706493 0.6020000
v 0.4116654 0.6530000 0.6020000
v 0.3750760 0.6249240 0.6020000
v 0.3470000 0.5883346 0.6020000
v 0.3293507 0.5457253 0.6020000
v 0.3233308 0.5000000 0.6020000
v 0.3293507 0.4542747 0.6020000
v 0.3470000 0.4116654 0.6020000
v 0.3750760 0.3750760 0.6020000
v 0.4116654 0.3470000 0.6020000
v 0.4542747 0.3293507 0.6020000
v 0.5000000 0.3233308 0.6020000
v 0.5457253 0.3293507 0.6020000
v 0.5883346 0.3470000 0.6020000
v 0.6249240 0.3750760 0.6020000
v 0.6530000 0.4116654 0.6020000
v 0.6706493 0.4542747 0.6020000
v 0.6393346 0.5373346 0.6442498
v 0.6442498 0.5000000 0.6442498
v 0.6249240 0.5721249 0.6442498
v 0.6020000 0.6020000 0.6442498
v 0.5721249 0.6249240 0.6442498
v 0.5373346 0.6393346 0.6442498
v 0.5000000 0.6442498 0.6442498
v 0.4626654 0.6393346 0.6442498
v 0.4278751 0.6249240 0.6442498
v 0.3980000 0.6020000 0.6442498
v 0.3750760 0.5721249 0.6442498
v 0.3606654 0.5373346 0.6442498
v 0.3557502 0.5000000 0.6442498
v 0.3606654 0.4626654 0.6442498
v 0.3750760 0.4278751 0.6442498
v 0.3980000 0.3980000 0.6442498
v 0.4278751 0.3750760 0.6442498
v 0.4626654 0.3606654 0.6442498
v 0.5000000 0.3557502 0.6442498
v 0.5373346 0.3606654 0.6442498
v 0.5721249 0.3750760 0.6442498
v 0.6020000 0.3980000 0.6442498
v 0.6249240 0.4278751 0.6442498
v 0.6393346 0.4626654 0.6442498
v 0.5985244 0.5263995 0.6766692
v 0.6020000 0.5000000 0.6766692
v 0.5883346 0.5510000 0.6766692
v 0.5721249 0.5721249 0.6766692
v 0.5510000 0.5883346 0.6766692
v 0.5263995 0.5985244 0.6766692
v 0.5000000 0.6020000 0.6766692
v 0.4736005 0.5985244 0.6766692
v 0.4490000 0.5883346 0.6766692
v 0.4278751 0.5721249 0.6766692
v 0.4116654 0.5510000 0.6766692
v 0.4014756 0.5263995 0.6766692
v 0.3980000 0.5000000 0.6766692
v 0.4014756 0.4736005 0.6766692
v 0.4116654 0.4490000 0.6766692
v 0.4278751 0.4278751 0.6766692
v 0.4490000 0.4116654 0.6766692
v 0.4736005 0.4014756 0.6766692
v 0.5000000 0.3980000 0.6766692
v 0.5263995 0.4014756 0.6766692
v 0.5510000 0.4116654 0.6766692
v 0.5721249 0.4278751 0.6766692
v 0.5883346 0.4490000 0.6766692
v 0.5985244 0.4736005 0.6766692
v 0.5510000 0.5136654 0.6970489
v 0.5527991 0.5000000 0.6970489
v 0.5457253 0.5263995 0.6970489
v 0.5373346 0.5373346 0.6970489
v 0.5263995 0.5457253 0.6970489
v 0.5136654 0.5510000 0.6970489
v 0.5000000 0.5527991 0.6970489
v 0.4863346 0.5510000 0.6970489
v 0.4736005 0.5457253 0.6970489
v 0.4626654 0.5373346 0.6970489
v 0.4542747 0.5263995 0.6970489
v 0.4490000 0.5136654 0.6970489
v 0.4472009 0.5000000 0.6970489
v 0.4490000 0.4863346 0.6970489
v 0.4542747 0.4736005 0.6970489
v 0.4626654 0.4626654 0.6970489
v 0.4736005 0.4542747 0.6970489
v 0.4863346 0.4490000 0.6970489
v 0.5000000 0.4472009 0.6970489
v 0.5136654 0.4490000 0.6970489
v 0.5263995 0.4542747 0.6970489
v 0.5373346 0.4626654 0.6970489
v 0.5457253 0.4736005 0.6970489
v 0.5510000 0.4863346 0.6970489
v 0.5000000 0.5000000 0.7040000
v 0.6307698 0.3668644 0.3654022
v 0.5000000 0.2860442 0.4153519
v 0.3692302 0.3668644 0.3654022
v 0.6307698 0.3715960 0.3730581
v 0.3692302 0.3715960 0.3730581
v 0.5000000 0.2907758 0.4230077
v 0.4191798 0.4976342 0.2845820
v 0.4191798 0.5023658 0.2922379
v 0.5808202 0.4976342 0.2845820
v 0.5808202 0.5023658 0.2922379
v 0.5808202 0.4976342 0.7154180
v 0.4191798 0.4976342 0.7154180
v 0.3692302 0.3668644 0.6345978
v 0.5808202 0.5023658 0.7077621
v 0.3692302 0.3715960 0.6269419
v 0.4191798 0.5023658 0.7077621
v 0.5000000 0.2860442 0.5846481
v 0.5000000 0.2907758 0.5769923
v 0.6307698 0.3668644 0.6345978
v 0.6307698 0.3715960 0.6269419
v 0.3692302 0.6331356 0.3654022
v 0.5000000 0.7139558 0.4153519
v 0.6307698 0.6331356 0.3654022
v 0.3692302 0.6284040 0.3730581
v 0.6307698 0.6284040 0.3730581
v 0.5000000 0.7092242 0.4230077
v 0.5808202 0.5023658 0.2845820
v 0.5808202 0.4976342 0.2922379
v 0.4191798 0.5023658 0.2845820
v 0.4191798 0.4976342 0.2922379
v 0.4191798 0.5023658 0.7154180
v 0.5808202 0.5023658 0.7154180
v 0.6307698 0.6331356 0.6345978
v 0.4191798 0.4976342 0.7077621
v 0.6307698 0.6284040 0.6269419
v 0.5808202 0.4976342 0.7077621
v 0.5000000 0.7139558 0.5846481
v 0.5000000 0.7092242 0.5769923
v 0.3692302 0.6331356 0.6345978
v 0.3692302 0.6284040 0.6269419
v 0.4976342 0.2845820 0.5808202
v 0.3668644 0.3654022 0.6307698
v 0.2860442 0.4153519 0.5000000
v 0.5023658 0.2922379 0.5808202
v 0.2907758 0.4230077 0.5000000
v 0.3715960 0.3730581 0.6307698
v 0.3668644 0.3654022 0.3692302
v 0.3715960 0.3730581 0.3692302
v 0.4976342 0.2845820 0.4191798
v 0.5023658 0.2922379 0.4191798
v 0.3668644 0.6345978 0.6307698
v 0.4976342 0.7154180 0.5808202
v 0.4976342 0.7154180 0.4191798
v 0.3715960 0.6269419 0.6307698
v 0.5023658 0.7077621 0.4191798
v 0.5023658 0.7077621 0.5808202
v 0.3668644 0.6345978 0.3692302
v 0.3715960 0.6269419 0.3692302
v 0.2860442 0.5846481 0.5000000
v 0.2907758 0.5769923 0.5000000
v 0.6331356 0.3654022 0.6307698
v 0.5023658 0.2845820 0.5808202
v 0.5023658 0.2845820 0.4191798
v 0.6284040 0.3730581 0.6307698
v 0.4976342 0.2922379 0.4191798
v 0.4976342 0.2922379 0.5808202
v 0.6331356 0.3654022 0.3692302
v 0.6284040 0.3730581 0.3692302
v 0.7139558 0.4153519 0.5000000
v 0.7092242 0.4230077 0.5000000
v 0.5023658 0.7154180 0.5808202
v 0.6331356 0.6345978 0.6307698
v 0.7139558 0.5846481 0.5000000
v 0.4976342 0.7077621 0.5808202
v 0.7092242 0.5769923 0.5000000
v 0.6284040 0.6269419 0.6307698
v 0.6331356 0.6345978 0.3692302
v 0.6284040 0.6269419 0.3692302
v 0.5023658 0.7154180 0.4191798
v 0.4976342 0.7077621 0.4191798
v 0.2845820 0.4191798 0.4976342
v 0.2845820 0.5808202 0.4976342
v 0.3654022 0.6307698 0.3668644
v 0.2922379 0.4191798 0.5023658
v 0.3730581 0.6307698 0.3715960
v 0.2922379 0.5808202 0.5023658
v 0.4153519 0.5000000 0.2860442
v 0.4230077 0.5000000 0.2907758
v 0.3654022 0.3692302 0.3668644
v 0.3730581 0.3692302 0.3715960
v 0.7154180 0.5808202 0.4976342
v 0.7154180 0.4191798 0.4976342
v 0.6345978 0.3692302 0.3668644
v 0.7077621 0.5808202 0.5023658
v 0.6269419 0.3692302 0.3715960
v 0.7077621 0.4191798 0.5023658
v 0.5846481 0.5000000 0.2860442
v 0.5769923 0.5000000 0.2907758
v 0.6345978 0.6307698 0.3668644
v 0.6269419 0.6307698 0.3715960
v 0.3654022 0.3692302 0.6331356
v 0.4153519 0.5000000 0.7139558
v 0.3654022 0.6307698 0.6331356
v 0.3730581 0.3692302 0.6284040
v 0.3730581 0.6307698 0.6284040
v 0.4230077 0.5000000 0.7092242
v 0.2845820 0.5808202 0.5023658
v 0.2922379 0.5808202 0.4976342
v 0.2845820 0.4191798 0.5023658
v 0.2922379 0.4191798 0.4976342
v 0.6345978 0.6307698 0.6331356
v 0.5846481 0.5000000 0.7139558
v 0.6345978 0.3692302 0.6331356
v 0.6269419 0.6307698 0.6284040
v 0.6269419 0.3692302 0.6284040
v 0.5769923 0.5000000 0.7092242
v 0.7154180 0.4191798 0.5023658
v 0.7077621 0.4191798 0.4976342
v 0.7154180 0.5808202 0.5023658
v 0.7077621 0.5808202 0.4976342
v 0.6995000 0.4865939 0.4783084
v 0.6995000 0.5134061 0.4783084
v 0.6778084 0.5000000 0.4865939
v 0.7211916 0.5000000 0.4865939
v 0.7129061 0.4783084 0.5000000
v 0.6860939 0.4783084 0.5000000
v 0.6778084 0.5000000 0.5134061
v 0.6995000 0.5134061 0.5216916
v 0.6995000 0.4865939 0.5216916
v 0.7211916 0.5000000 0.5134061
v 0.6860939 0.5216916 0.5000000
v 0.7129061 0.5216916 0.5000000
v 0.2788084 0.5000000 0.4865939
v 0.3005000 0.5134061 0.4783084
v 0.3005000 0.4865939 0.4783084
v 0.3221916 0.5000000 0.4865939
v 0.3139061 0.4783084 0.5000000
v 0.2870939 0.4783084 0.5000000
v 0.3005000 0.4865939 0.5216916
v 0.3005000 0.5134061 0.5216916
v 0.2788084 0.5000000 0.5134061
v 0.3221916 0.5000000 0.5134061
v 0.2870939 0.5216916 0.5000000
v 0.3139061 0.5216916 0.5000000
v 0.4783084 0.6995000 0.4865939
v 0.5000000 0.7129061 0.4783084
v 0.5000000 0.6860939 0.4783084
v 0.5216916 0.6995000 0.4865939
v 0.4865939 0.6778084 0.5000000
v 0.5134061 0.6778084 0.5000000
v 0.5000000 0.6860939 0.5216916
v 0.5000000 0.7129061 0.5216916
v 0.4783084 0.6995000 0.5134061
v 0.5216916 0.6995000 0.5134061
v 0.4865939 0.7211916 0.5000000
v 0.5134061 0.7211916 0.5000000
v 0.4783084 0.3005000 0.4865939
v 0.5000000 0.3139061 0.4783084
v 0.5000000 0.2870939 0.4783084
v 0.5216916 0.3005000 0.4865939
v 0.5134061 0.2788084 0.5000000
v 0.4865939 0.2788084 0.5000000
v 0.5000000 0.2870939 0.5216916
v 0.5000000 0.3139061 0.5216916
v 0.4783084 0.3005000 0.5134061
v 0.5216916 0.3005000 0.5134061
v 0.5134061 0.3221916 0.5000000
v 0.4865939 0.3221916 0.5000000
v 0.5000000 0.4865939 0.6778084
v 0.5000000 0.5134061 0.6778084
v 0.4783084 0.5000000 0.6860939
v 0.5216916 0.5000000 0.6860939
v 0.4865939 0.4783084 0.6995000
v 0.5134061 0.4783084 0.6995000
v 0.5000000 0.4865939 0.7211916
v 0.5000000 0.5134061 0.7211916
v 0.4783084 0.5000000 0.7129061
v 0.5216916 0.5000000 0.7129061
v 0.5134061 0.5216916 0.6995000
v 0.4865939 0.5216916 0.6995000
v 0.4783084 0.5000000 0.2870939
v 0.5000000 0.5134061 0.2788084
v 0.5000000 0.4865939 0.2788084
v 0.5216916 0.5000000 0.2870939
v 0.5134061 0.4783084 0.3005000
v 0.4865939 0.4783084 0.3005000
v 0.4783084 0.5000000 0.3139061
v 0.5000000 0.5134061 0.3221916
v 0.5000000 0.4865939 0.3221916
v 0.5216916 0.5000000 0.3139061
v 0.4865939 0.5216916 0.3005000
v 0.5134061 0.5216916 0.3005000
v 0.5312895 0.5129605 0.4182367
v 0.5338675 0.5000000 0.4182367
v 0.5000000 0.5000000 0.4115000
v 0.5239479 0.5239479 0.4182367
v 0.5129605 0.5312895 0.4182367
v 0.5000000 0.5338675 0.4182367
v 0.4870395 0.5312895 0.4182367
v 0.4760521 0.5239479 0.4182367
v 0.4687105 0.5129605 0.4182367
v 0.4661325 0.5000000 0.4182367
v 0.4687105 0.4870395 0.4182367
v 0.4760521 0.4760521 0.4182367
v 0.4870395 0.4687105 0.4182367
v 0.5000000 0.4661325 0.4182367
v 0.5129605 0.4687105 0.4182367
v 0.5239479 0.4760521 0.4182367
v 0.5312895 0.4870395 0.4182367
v 0.5578154 0.5239479 0.4374210
v 0.5625790 0.5000000 0.4374210
v 0.5442500 0.5442500 0.4374210
v 0.5239479 0.5578154 0.4374210
v 0.5000000 0.5625790 0.4374210
v 0.4760521 0.5578154 0.4374210
v 0.4557500 0.5442500 0.4374210
v 0.4421846 0.5239479 0.4374210
v 0.4374210 0.5000000 0.4374210
v 0.4421846 0.4760521 0.4374210
v 0.4557500 0.4557500 0.4374210
v 0.4760521 0.4421846 0.4374210
v 0.5000000 0.4374210 0.4374210
v 0.5239479 0.4421846 0.4374210
v 0.5442500 0.4557500 0.4374210
v 0.5578154 0.4760521 0.4374210
v 0.5755395 0.5312895 0.4661325
v 0.5817633 0.5000000 0.4661325
v 0.5578154 0.5578154 0.4661325
v 0.5312895 0.5755395 0.4661325
v 0.5000000 0.5817633 0.4661325
v 0.4687105 0.5755395 0.4661325
v 0.4421846 0.5578154 0.4661325
v 0.4244605 0.5312895 0.4661325
v 0.4182367 0.5000000 0.4661325
v 0.4244605 0.4687105 0.4661325
v 0.4421846 0.4421846 0.4661325
v 0.4687105 0.4244605 0.4661325
v 0.5000000 0.4182367 0.4661325
v 0.5312895 0.4244605 0.4661325
v 0.5578154 0.4421846 0.4661325
v 0.5755395 0.4687105 0.4661325
v 0.5817633 0.5338675 0.5000000
v 0.5885000 0.5000000 0.5000000
v 0.5625790 0.5625790 0.5000000
v 0.5338675 0.5817633 0.5000000
v 0.5000000 0.5885000 0.5000000
v 0.4661325 0.5817633 0.5000000
v 0.4374210 0.5625790 0.5000000
v 0.4182367 0.5338675 0.5000000
v 0.4115000 0.5000000 0.5000000
v 0.4182367 0.4661325 0.5000000
v 0.4374210 0.4374210 0.5000000
v 0.4661325 0.4182367 0.5000000
v 0.5000000 0.4115000 0.5000000
v 0.5338675 0.4182367 0.5000000
v 0.5625790 0.4374210 0.5000000
v 0.5817633 0.4661325 0.5000000
v 0.5755395 0.5312895 0.5338675
v 0.5817633 0.5000000 0.5338675
v 0.5578154 0.5578154 0.5338675
v 0.5312895 0.5755395 0.5338675
v 0.5000000 0.5817633 0.5338675
v 0.4687105 0.5755395 0.5338675
v 0.4421846 0.5578154 0.5338675
v 0.4244605 0.5312895 0.5338675
v 0.4182367 0.5000000 0.5338675
v 0.4244605 0.4687105 0.5338675
v 0.4421846 0.4421846 0.5338675
v 0.4687105 0.4244605 0.5338675
v 0.5000000 0.4182367 0.5338675
v 0.5312895 0.4244605 0.5338675
v 0.5578154 0.4421846 0.5338675
v 0.5755395 0.4687105 0.5338675
v 0.5578154 0.5239479 0.5625790
v 0.5625790 0.5000000 0.5625790
v 0.5442500 0.5442500 0.5625790
v 0.5239479 0.5578154 0.5625790
v 0.5000000 0.5625790 0.5625790
v 0.4760521 0.5578154 0.5625790
v 0.4557500 0.5442500 0.5625790
v 0.4421846 0.5239479 0.5625790
v 0.4374210 0.5000000 0.5625790
v 0.4421846 0.4760521 0.5625790
v 0.4557500 0.4557500 0.5625790
v 0.4760521 0.4421846 0.5625790
v 0.5000000 0.4374210 0.5625790
v 0.5239479 0.4421846 0.5625790
v 0.5442500 0.4557500 0.5625790
v 0.5578154 0.4760521 0.5625790
v 0.5312895 0.5129605 0.5817633
v 0.5338675 0.5000000 0.5817633
v 0.5239479 0.5239479 0.5817633
v 0.5129605 0.5312895 0.5817633
v 0.5000000 0.5338675 0.5817633
v 0.4870395 0.5312895 0.5817633
v 0.4760521 0.5239479 0.5817633
v 0.4687105 0.5129605 0.5817633
v 0.4661325 0.5000000 0.5817633
v 0.4687105 0.4870395 0.5817633
v 0.4760521 0.4760521 0.5817633
v 0.4870395 0.4687105 0.5817633
v 0.5000000 0.4661325 0.5817633
v 0.5129605 0.4687105 0.5817633
v 0.5239479 0.4760521 0.5817633
v 0.5312895 0.4870395 0.5817633
v 0.5000000 0.5000000 0.5885000
v 0.4157856 0.5000000 0.4479526
v 0.5000000 0.5520474 0.4157856
v 0.5000000 0.4479526 0.4157856
v 0.5842144 0.5000000 0.4479526
v 0.5520474 0.4157856 0.5000000
v 0.4479526 0.4157856 0.5000000
v 0.5000000 0.4479526 0.5842144
v 0.5000000 0.5520474 0.5842144
v 0.4157856 0.5000000 0.5520474
v 0.5842144 0.5000000 0.5520474
v 0.4479526 0.5842144 0.5000000
v 0.5520474 0.5842144 0.5000000
v 0.5883346 0.4087082 0.4068805
v 0.5000000 0.3541144 0.4406213
v 0.4116654 0.4087082 0.4068805
v 0.5883346 0.4146226 0.4164503
v 0.4116654 0.4146226 0.4164503
v 0.5000000 0.3600289 0.4501911
v 0.4454062 0.4970428 0.3522867
v 0.4454062 0.5029572 0.3618565
v 0.5545938 0.4970428 0.3522867
v 0.5545938 0.5029572 0.3618565
v 0.5494674 0.4139306 0.3913094
v 0.5000000 0.3833581 0.4102042
v 0.4505326 0.4139306 0.3913094
v 0.5494674 0.4174793 0.3970512
v 0.4505326 0.4174793 0.3970512
v 0.5000000 0.3869068 0.4159461
v 0.4694275 0.4633980 0.3607368
v 0.4694275 0.4669467 0.3664787
v 0.5305725 0.4633980 0.3607368
v 0.5305725 0.4669467 0.3664787
v 0.5545938 0.4970428 0.6477133
v 0.4454062 0.4970428 0.6477133
v 0.4116654 0.4087082 0.5931195
v 0.5545938 0.5029572 0.6381435
v 0.4116654 0.4146226 0.5835497
v 0.4454062 0.5029572 0.6381435
v 0.5000000 0.3541144 0.5593787
v 0.5000000 0.3600289 0.5498089
v 0.5883346 0.4087082 0.5931195
v 0.5883346 0.4146226 0.5835497
v 0.5305725 0.4633980 0.6392632
v 0.4694275 0.4633980 0.6392632
v 0.4505326 0.4139306 0.6086906
v 0.5305725 0.4669467 0.6335213
v 0.4505326 0.4174793 0.6029488
v 0.4694275 0.4669467 0.6335213
v 0.5000000 0.3833581 0.5897958
v 0.5000000 0.3869068 0.5840539
v 0.5494674 0.4139306 0.6086906
v 0.5494674 0.4174793 0.6029488
v 0.4116654 0.5912918 0.4068805
v 0.5000000 0.6458856 0.4406213
v 0.5883346 0.5912918 0.4068805
v 0.4116654 0.5853774 0.4164503
v 0.5883346 0.5853774 0.4164503
v 0.5000000 0.6399711 0.4501911
v 0.5545938 0.5029572 0.3522867
v 0.5545938 0.4970428 0.3618565
v 0.4454062 0.5029572 0.3522867
v 0.4454062 0.4970428 0.3618565
v 0.4505326 0.5860694 0.3913094
v 0.5000000 0.6166419 0.4102042
v 0.5494674 0.5860694 0.3913094
v 0.4505326 0.5825207 0.3970512
v 0.5494674 0.5825207 0.3970512
v 0.5000000 0.6130932 0.4159461
v 0.5305725 0.5366020 0.3607368
v 0.5305725 0.5330533 0.3664787
v 0.4694275 0.5366020 0.3607368
v 0.4694275 0.5330533 0.3664787
v 0.4454062 0.5029572 0.6477133
v 0.5545938 0.5029572 0.6477133
v 0.5883346 0.5912918 0.5931195
v 0.4454062 0.4970428 0.6381435
v 0.5883346 0.5853774 0.5835497
v 0.5545938 0.4970428 0.6381435
v 0.5000000 0.6458856 0.5593787
v 0.5000000 0.6399711 0.5498089
v 0.4116654 0.5912918 0.5931195
v 0.4116654 0.5853774 0.5835497
v 0.4694275 0.5366020 0.6392632
v 0.5305725 0.5366020 0.6392632
v 0.5494674 0.5860694 0.6086906
v 0.4694275 0.5330533 0.6335213
v 0.5494674 0.5825207 0.6029488
v 0.5305725 0.5330533 0.6335213
v 0.5000000 0.6166419 0.5897958
v 0.5000000 0.6130932 0.5840539
v 0.4505326 0.5860694 0.6086906
v 0.4505326 0.5825207 0.6029488
v 0.4970428 0.3522867 0.5545938
v 0.4087082 0.4068805 0.5883346
v 0.3541144 0.4406213 0.5000000
v 0.5029572 0.3618565 0.5545938
v 0.3600289 0.4501911 0.5000000
v 0.4146226 0.4164503 0.5883346
v 0.4087082 0.4068805 0.4116654
v 0.4146226 0.4164503 0.4116654
v 0.4970428 0.3522867 0.4454062
v 0.5029572 0.3618565 0.4454062
v 0.4633980 0.3607368 0.5305725
v 0.4139306 0.3913094 0.5494674
v 0.3833581 0.4102042 0.5000000
v 0.4669467 0.3664787 0.5305725
v 0.3869068 0.4159461 0.5000000
v 0.4174793 0.3970512 0.5494674
v 0.4139306 0.3913094 0.4505326
v 0.4174793 0.3970512 0.4505326
v 0.4633980 0.3607368 0.4694275
v 0.4669467 0.3664787 0.4694275
v 0.4087082 0.5931195 0.5883346
v 0.4970428 0.6477133 0.5545938
v 0.4970428 0.6477133 0.4454062
v 0.4146226 0.5835497 0.5883346
v 0.5029572 0.6381435 0.4454062
v 0.5029572 0.6381435 0.5545938
v 0.4087082 0.5931195 0.4116654
v 0.4146226 0.5835497 0.4116654
v 0.3541144 0.5593787 0.5000000
v 0.3600289 0.5498089 0.5000000
v 0.4139306 0.6086906 0.5494674
v 0.4633980 0.6392632 0.5305725
v 0.4633980 0.6392632 0.4694275
v 0.4174793 0.6029488 0.5494674
v 0.4669467 0.6335213 0.4694275
v 0.4669467 0.6335213 0.5305725
v 0.4139306 0.6086906 0.4505326
v 0.4174793 0.6029488 0.4505326
v 0.3833581 0.5897958 0.5000000
v 0.3869068 0.5840539 0.5000000
v 0.5912918 0.4068805 0.5883346
v 0.5029572 0.3522867 0.5545938
v 0.5029572 0.3522867 0.4454062
v 0.5853774 0.4164503 0.5883346
v 0.4970428 0.3618565 0.4454062
v 0.4970428 0.3618565 0.5545938
v 0.5912918 0.4068805 0.4116654
v 0.5853774 0.4164503 0.4116654
v 0.6458856 0.4406213 0.5000000
v 0.6399711 0.4501911 0.5000000
v 0.5860694 0.3913094 0.5494674
v 0.5366020 0.3607368 0.5305725
v 0.5366020 0.3607368 0.4694275
v 0.5825207 0.3970512 0.5494674
v 0.5330533 0.3664787 0.4694275
v 0.5330533 0.3664787 0.5305725
v 0.5860694 0.3913094 0.4505326
v 0.5825207 0.3970512 0.4505326
v 0.6166419 0.4102042 0.5000000
v 0.6130932 0.4159461 0.5000000
v 0.5029572 0.6477133 0.5545938
v 0.5912918 0.5931195 0.5883346
v 0.6458856 0.5593787 0.5000000
v 0.4970428 0.6381435 0.5545938
v 0.6399711 0.5498089 0.5000000
v 0.5853774 0.5835497 0.5883346
v 0.5912918 0.5931195 0.4116654
v 0.5853774 0.5835497 0.4116654
v 0.5029572 0.6477133 0.4454062
v 0.4970428 0.6381435 0.4454062
v 0.5366020 0.6392632 0.5305725
v 0.5860694 0.6086906 0.5494674
v 0.6166419 0.5897958 0.5000000
v 0.5330533 0.6335213 0.5305725
v 0.6130932 0.5840539 0.5000000
v 0.5825207 0.6029488 0.5494674
v 0.5860694 0.6086906 0.4505326
v 0.5825207 0.6029488 0.4505326
v 0.5366020 0.6392632 0.4694275
v 0.5330533 0.6335213 0.4694275
v 0.3522867 0.4454062 0.4970428
v 0.3522867 0.5545938 0.4970428
v 0.4068805 0.5883346 0.4087082
v 0.3618565 0.4454062 0.5029572
v 0.4164503 0.5883346 0.4146226
v 0.3618565 0.5545938 0.5029572
v 0.4406213 0.5000000 0.3541144
v 0.4501911 0.5000000 0.3600289
v 0.4068805 0.4116654 0.4087082
v 0.4164503 0.4116654 0.4146226
v 0.3607368 0.4694275 0.4633980
v 0.3607368 0.5305725 0.4633980
v 0.3913094 0.5494674 0.4139306
v 0.3664787 0.4694275 0.4669467
v 0.3970512 0.5494674 0.4174793
v 0.3664787 0.5305725 0.4669467
v 0.4102042 0.5000000 0.3833581
v 0.4159461 0.5000000 0.3869068
v 0.3913094 0.4505326 0.4139306
v 0.3970512 0.4505326 0.4174793
v 0.6477133 0.5545938 0.4970428
v 0.6477133 0.4454062 0.4970428
v 0.5931195 0.4116654 0.4087082
v 0.6381435 0.5545938 0.5029572
v 0.5835497 0.4116654 0.4146226
v 0.6381435 0.4454062 0.5029572
v 0.5593787 0.5000000 0.3541144
v 0.5498089 0.5000000 0.3600289
v 0.5931195 0.5883346 0.4087082
v 0.5835497 0.5883346 0.4146226
v 0.6392632 0.5305725 0.4633980
v 0.6392632 0.4694275 0.4633980
v 0.6086906 0.4505326 0.4139306
v 0.6335213 0.5305725 0.4669467
v 0.6029488 0.4505326 0.4174793
v 0.6335213 0.4694275 0.4669467
v 0.5897958 0.5000000 0.3833581
v 0.5840539 0.5000000 0.3869068
v 0.6086906 0.5494674 0.4139306
v 0.6029488 0.5494674 0.4174793
v 0.4068805 0.4116654 0.5912918
v 0.4406213 0.5000000 0.6458856
v 0.4068805 0.5883346 0.5912918
v 0.4164503 0.4116654 0.5853774
v 0.4164503 0.5883346 0.5853774
v 0.4501911 0.5000000 0.6399711
v 0.3522867 0.5545938 0.5029572
v 0.3618565 0.5545938 0.4970428
v 0.3522867 0.4454062 0.5029572
v 0.3618565 0.4454062 0.4970428
v 0.3913094 0.4505326 0.5860694
v 0.4102042 0.5000000 0.6166419
v 0.3913094 0.5494674 0.5860694
v 0.3970512 0.4505326 0.5825207
v 0.3970512 0.5494674 0.5825207
v 0.4159461 0.5000000 0.6130932
v 0.3607368 0.5305725 0.5366020
v 0.3664787 0.5305725 0.5330533
v 0.3607368 0.4694275 0.5366020
v 0.3664787 0.4694275 0.5330533
v 0.5931195 0.5883346 0.5912918
v 0.5593787 0.5000000 0.6458856
v 0.5931195 0.4116654 0.5912918
v 0.5835497 0.5883346 0.5853774
v 0.5835497 0.4116654 0.5853774
v 0.5498089 0.5000000 0.6399711
v 0.6477133 0.4454062 0.5029572
v 0.6381435 0.4454062 0.4970428
v 0.6477133 0.5545938 0.5029572
v 0.6381435 0.5545938 0.4970428
v 0.6086906 0.5494674 0.5860694
v 0.5897958 0.5000000 0.6166419
v 0.6086906 0.4505326 0.5860694
v 0.6029488 0.5494674 0.5825207
v 0.6029488 0.4505326 0.5825207
v 0.5840539 0.5000000 0.6130932
v 0.6392632 0.4694275 0.5366020
v 0.6335213 0.4694275 0.5330533
v 0.6392632 0.5305725 0.5366020
v 0.6335213 0.5305725 0.5330533
v 0.6420282 0.3568875 0.3562174
v 0.5000000 0.2691093 0.4104673
v 0.5000000 0.3046788 0.3884842
v 0.6022603 0.3678791 0.3494242
v 0.6420282 0.3590562 0.3597263
v 0.6022603 0.3700477 0.3529331
v 0.5000000 0.3068474 0.3919931
v 0.5000000 0.2712779 0.4139762
v 0.3579718 0.3568875 0.3562174
v 0.3977397 0.3678791 0.3494242
v 0.3977397 0.3700477 0.3529331
v 0.3579718 0.3590562 0.3597263
v 0.4122218 0.4989157 0.2684391
v 0.4367997 0.4701394 0.2862239
v 0.4367997 0.4723080 0.2897328
v 0.4122218 0.5010843 0.2719481
v 0.5877782 0.4989157 0.2684391
v 0.5632003 0.4701394 0.2862239
v 0.5632003 0.4723080 0.2897328
v 0.5877782 0.5010843 0.2719481
v 0.6056275 0.3703356 0.3457395
v 0.6085447 0.3663204 0.3457395
v 0.6043229 0.3663204 0.3433020
v 0.6009073 0.3688020 0.3457395
v 0.6009073 0.3638389 0.3457395
v 0.6056275 0.3623052 0.3457395
v 0.6056275 0.3703356 0.3506145
v 0.6085447 0.3663204 0.3506145
v 0.6009073 0.3688020 0.3506145
v 0.6009073 0.3638389 0.3506145
v 0.6056275 0.3623052 0.3506145
v 0.6043229 0.3663204 0.3530520
v 0.5013046 0.3058606 0.3855872
v 0.5042219 0.3018453 0.3855872
v 0.5000000 0.3018453 0.3831497
v 0.4965844 0.3043269 0.3855872
v 0.4965844 0.2993638 0.3855872
v 0.5013046 0.2978301 0.3855872
v 0.5013046 0.3058606 0.3904622
v 0.5042219 0.3018453 0.3904622
v 0.4965844 0.3043269 0.3904622
v 0.4965844 0.2993638 0.3904622
v 0.5013046 0.2978301 0.3904622
v 0.5000000 0.3018453 0.3928997
v 0.3969818 0.3703356 0.3457395
v 0.3998990 0.3663204 0.3457395
v 0.3956771 0.3663204 0.3433020
v 0.3922616 0.3688020 0.3457395
v 0.3922616 0.3638389 0.3457395
v 0.3969818 0.3623052 0.3457395
v 0.3969818 0.3703356 0.3506145
v 0.3998990 0.3663204 0.3506145
v 0.3922616 0.3688020 0.3506145
v 0.3922616 0.3638389 0.3506145
v 0.3969818 0.3623052 0.3506145
v 0.3956771 0.3663204 0.3530520
v 0.4368296 0.4746585 0.2812644
v 0.4397468 0.4706433 0.2812644
v 0.4355249 0.4706433 0.2788269
v 0.4321094 0.4731248 0.2812644
v 0.4321094 0.4681617 0.2812644
v 0.4368296 0.4666280 0.2812644
v 0.4368296 0.4746585 0.2861394
v 0.4397468 0.4706433 0.2861394
v 0.4321094 0.4731248 0.2861394
v 0.4321094 0.4681617 0.2861394
v 0.4368296 0.4666280 0.2861394
v 0.4355249 0.4706433 0.2885769
v 0.5657797 0.4746585 0.2812644
v 0.5686969 0.4706433 0.2812644
v 0.5644751 0.4706433 0.2788269
v 0.5610595 0.4731248 0.2812644
v 0.5610595 0.4681617 0.2812644
v 0.5657797 0.4666280 0.2812644
v 0.5657797 0.4746585 0.2861394
v 0.5686969 0.4706433 0.2861394
v 0.5610595 0.4731248 0.2861394
v 0.5610595 0.4681617 0.2861394
v 0.5657797 0.4666280 0.2861394
v 0.5644751 0.4706433 0.2885769
v 0.5877782 0.4989157 0.7315609
v 0.4122218 0.4989157 0.7315609
v 0.4367997 0.4701394 0.7137761
v 0.5632003 0.4701394 0.7137761
v 0.5877782 0.5010843 0.7280519
v 0.5632003 0.4723080 0.7102672
v 0.4367997 0.4723080 0.7102672
v 0.4122218 0.5010843 0.7280519
v 0.3579718 0.3568875 0.6437826
v 0.3977397 0.3678791 0.6505758
v 0.3977397 0.3700477 0.6470669
v 0.3579718 0.3590562 0.6402737
v 0.5000000 0.2691093 0.5895327
v 0.5000000 0.3046788 0.6115158
v 0.5000000 0.3068474 0.6080069
v 0.5000000 0.2712779 0.5860238
v 0.6420282 0.3568875 0.6437826
v 0.6022603 0.3678791 0.6505758
v 0.6022603 0.3700477 0.6470669
v 0.6420282 0.3590562 0.6402737
v 0.5657797 0.4746585 0.7138606
v 0.5686969 0.4706433 0.7138606
v 0.5644751 0.4706433 0.7114231
v 0.5610595 0.4731248 0.7138606
v 0.5610595 0.4681617 0.7138606
v 0.5657797 0.4666280 0.7138606
v 0.5657797 0.4746585 0.7187356
v 0.5686969 0.4706433 0.7187356
v 0.5610595 0.4731248 0.7187356
v 0.5610595 0.4681617 0.7187356
v 0.5657797 0.4666280 0.7187356
v 0.5644751 0.4706433 0.7211731
v 0.4368296 0.4746585 0.7138606
v 0.4397468 0.4706433 0.7138606
v 0.4355249 0.4706433 0.7114231
v 0.4321094 0.4731248 0.7138606
v 0.4321094 0.4681617 0.7138606
v 0.4368296 0.4666280 0.7138606
v 0.4368296 0.4746585 0.7187356
v 0.4397468 0.4706433 0.7187356
v 0.4321094 0.4731248 0.7187356
v 0.4321094 0.4681617 0.7187356
v 0.4368296 0.4666280 0.7187356
v 0.4355249 0.4706433 0.7211731
v 0.3969818 0.3703356 0.6493855
v 0.3998990 0.3663204 0.6493855
v 0.3956771 0.3663204 0.6469480
v 0.3922616 0.3688020 0.6493855
v 0.3922616 0.3638389 0.6493855
v 0.3969818 0.3623052 0.6493855
v 0.3969818 0.3703356 0.6542605
v 0.3998990 0.3663204 0.6542605
v 0.3922616 0.3688020 0.6542605
v 0.3922616 0.3638389 0.6542605
v 0.3969818 0.3623052 0.6542605
v 0.3956771 0.3663204 0.6566980
v 0.5013046 0.3058606 0.6095378
v 0.5042219 0.3018453 0.6095378
v 0.5000000 0.3018453 0.6071003
v 0.4965844 0.3043269 0.6095378
v 0.4965844 0.2993638 0.6095378
v 0.5013046 0.2978301 0.6095378
v 0.5013046 0.3058606 0.6144128
v 0.5042219 0.3018453 0.6144128
v 0.4965844 0.3043269 0.6144128
v 0.4965844 0.2993638 0.6144128
v 0.5013046 0.2978301 0.6144128
v 0.5000000 0.3018453 0.6168503
v 0.6056275 0.3703356 0.6493855
v 0.6085447 0.3663204 0.6493855
v 0.6043229 0.3663204 0.6469480
v 0.6009073 0.3688020 0.6493855
v 0.6009073 0.3638389 0.6493855
v 0.6056275 0.3623052 0.6493855
v 0.6056275 0.3703356 0.6542605
v 0.6085447 0.3663204 0.6542605
v 0.6009073 0.3688020 0.6542605
v 0.6009073 0.3638389 0.6542605
v 0.6056275 0.3623052 0.6542605
v 0.6043229 0.3663204 0.6566980
v 0.3579718 0.6431125 0.3562174
v 0.5000000 0.7308907 0.4104673
v 0.5000000 0.6953212 0.3884842
v 0.3977397 0.6321209 0.3494242
v 0.3579718 0.6409438 0.3597263
v 0.3977397 0.6299523 0.3529331
v 0.5000000 0.6931526 0.3919931
v 0.5000000 0.7287221 0.4139762
v 0.6420282 0.6431125 0.3562174
v 0.6022603 0.6321209 0.3494242
v 0.6022603 0.6299523 0.3529331
v 0.6420282 0.6409438 0.3597263
v 0.5877782 0.5010843 0.2684391
v 0.5632003 0.5298606 0.2862239
v 0.5632003 0.5276920 0.2897328
v 0.5877782 0.4989157 0.2719481
v 0.4122218 0.5010843 0.2684391
v 0.4367997 0.5298606 0.2862239
v 0.4367997 0.5276920 0.2897328
v 0.4122218 0.4989157 0.2719481
v 0.3969818 0.6376948 0.3457395
v 0.3998990 0.6336796 0.3457395
v 0.3956771 0.6336796 0.3433020
v 0.3922616 0.6361611 0.3457395
v 0.3922616 0.6311980 0.3457395
v 0.3969818 0.6296644 0.3457395
v 0.3969818 0.6376948 0.3506145
v 0.3998990 0.6336796 0.3506145
v 0.3922616 0.6361611 0.3506145
v 0.3922616 0.6311980 0.3506145
v 0.3969818 0.6296644 0.3506145
v 0.3956771 0.6336796 0.3530520
v 0.5013046 0.7021699 0.3855872
v 0.5042219 0.6981547 0.3855872
v 0.5000000 0.6981547 0.3831497
v 0.4965844 0.7006362 0.3855872
v 0.4965844 0.6956731 0.3855872
v 0.5013046 0.6941394 0.3855872
v 0.5013046 0.7021699 0.3904622
v 0.5042219 0.6981547 0.3904622
v 0.4965844 0.7006362 0.3904622
v 0.4965844 0.6956731 0.3904622
v 0.5013046 0.6941394 0.3904622
v 0.5000000 0.6981547 0.3928997
v 0.6056275 0.6376948 0.3457395
v 0.6085447 0.6336796 0.3457395
v 0.6043229 0.6336796 0.3433020
v 0.6009073 0.6361611 0.3457395
v 0.6009073 0.6311980 0.3457395
v 0.6056275 0.6296644 0.3457395
v 0.6056275 0.6376948 0.3506145
v 0.6085447 0.6336796 0.3506145
v 0.6009073 0.6361611 0.3506145
v 0.6009073 0.6311980 0.3506145
v 0.6056275 0.6296644 0.3506145
v 0.6043229 0.6336796 0.3530520
v 0.5657797 0.5333720 0.2812644
v 0.5686969 0.5293567 0.2812644
v 0.5644751 0.5293567 0.2788269
v 0.5610595 0.5318383 0.2812644
v 0.5610595 0.5268752 0.2812644
v 0.5657797 0.5253415 0.2812644
v 0.5657797 0.5333720 0.2861394
v 0.5686969 0.5293567 0.2861394
v 0.5610595 0.5318383 0.2861394
v 0.5610595 0.5268752 0.2861394
v 0.5657797 0.5253415 0.2861394
v 0.5644751 0.5293567 0.2885769
v 0.4368296 0.5333720 0.2812644
v 0.4397468 0.5293567 0.2812644
v 0.4355249 0.5293567 0.2788269
v 0.4321094 0.5318383 0.2812644
v 0.4321094 0.5268752 0.2812644
v 0.4368296 0.5253415 0.2812644
v 0.4368296 0.5333720 0.2861394
v 0.4397468 0.5293567 0.2861394
v 0.4321094 0.5318383 0.2861394
v 0.4321094 0.5268752 0.2861394
v 0.4368296 0.5253415 0.2861394
v 0.4355249 0.5293567 0.2885769
v 0.4122218 0.5010843 0.7315609
v 0.5877782 0.5010843 0.7315609
v 0.5632003 0.5298606 0.7137761
v 0.4367997 0.5298606 0.7137761
v 0.4122218 0.4989157 0.7280519
v 0.4367997 0.5276920 0.7102672
v 0.5632003 0.5276920 0.7102672
v 0.5877782 0.4989157 0.7280519
v 0.6420282 0.6431125 0.6437826
v 0.6022603 0.6321209 0.6505758
v 0.6022603 0.6299523 0.6470669
v 0.6420282 0.6409438 0.6402737
v 0.5000000 0.7308907 0.5895327
v 0.5000000 0.6953212 0.6115158
v 0.5000000 0.6931526 0.6080069
v 0.5000000 0.7287221 0.5860238
v 0.3579718 0.6431125 0.6437826
v 0.3977397 0.6321209 0.6505758
v 0.3977397 0.6299523 0.6470669
v 0.3579718 0.6409438 0.6402737
v 0.4368296 0.5333720 0.7138606
v 0.4397468 0.5293567 0.7138606
v 0.4355249 0.5293567 0.7114231
v 0.4321094 0.5318383 0.7138606
v 0.4321094 0.5268752 0.7138606
v 0.4368296 0.5253415 0.7138606
v 0.4368296 0.5333720 0.7187356
v 0.4397468 0.5293567 0.7187356
v 0.4321094 0.5318383 0.7187356
v 0.4321094 0.5268752 0.7187356
v 0.4368296 0.5253415 0.7187356
v 0.4355249 0.5293567 0.7211731
v 0.5657797 0.5333720 0.7138606
v 0.5686969 0.5293567 0.7138606
v 0.5644751 0.5293567 0.7114231
v 0.5610595 0.5318383 0.7138606
v 0.5610595 0.5268752 0.7138606
v 0.5657797 0.5253415 0.7138606
v 0.5657797 0.5333720 0.7187356
v 0.5686969 0.5293567 0.7187356
v 0.5610595 0.5318383 0.7187356
v 0.5610595 0.5268752 0.7187356
v 0.5657797 0.5253415 0.7187356
v 0.5644751 0.5293567 0.7211731
v 0.6056275 0.6376948 0.6493855
v 0.6085447 0.6336796 0.6493855
v 0.6043229 0.6336796 0.6469480
v 0.6009073 0.6361611 0.6493855
v 0.6009073 0.6311980 0.6493855
v 0.6056275 0.6296644 0.6493855
v 0.6056275 0.6376948 0.6542605
v 0.6085447 0.6336796 0.6542605
v 0.6009073 0.6361611 0.6542605
v 0.6009073 0.6311980 0.6542605
v 0.6056275 0.6296644 0.6542605
v 0.6043229 0.6336796 0.6566980
v 0.5013046 0.7021699 0.6095378
v 0.5042219 0.6981547 0.6095378
v 0.5000000 0.6981547 0.6071003
v 0.4965844 0.7006362 0.6095378
v 0.4965844 0.6956731 0.6095378
v 0.5013046 0.6941394 0.6095378
v 0.5013046 0.7021699 0.6144128
v 0.5042219 0.6981547 0.6144128
v 0.4965844 0.7006362 0.6144128
v 0.4965844 0.6956731 0.6144128
v 0.5013046 0.6941394 0.6144128
v 0.5000000 0.6981547 0.6168503
v 0.3969818 0.6376948 0.6493855
v 0.3998990 0.6336796 0.6493855
v 0.3956771 0.6336796 0.6469480
v 0.3922616 0.6361611 0.6493855
v 0.3922616 0.6311980 0.6493855
v 0.3969818 0.6296644 0.6493855
v 0.3969818 0.6376948 0.6542605
v 0.3998990 0.6336796 0.6542605
v 0.3922616 0.6361611 0.6542605
v 0.3922616 0.6311980 0.6542605
v 0.3969818 0.6296644 0.6542605
v 0.3956771 0.6336796 0.6566980
v 0.4989157 0.2684391 0.5877782
v 0.3568875 0.3562174 0.6420282
v 0.3678791 0.3494242 0.6022603
v 0.4701394 0.2862239 0.5632003
v 0.5010843 0.2719481 0.5877782
v 0.4723080 0.2897328 0.5632003
v 0.3700477 0.3529331 0.6022603
v 0.3590562 0.3597263 0.6420282
v 0.2691093 0.4104673 0.5000000
v 0.3046788 0.3884842 0.5000000
v 0.3068474 0.3919931 0.5000000
v 0.2712779 0.4139762 0.5000000
v 0.3568875 0.3562174 0.3579718
v 0.3678791 0.3494242 0.3977397
v 0.3700477 0.3529331 0.3977397
v 0.3590562 0.3597263 0.3579718
v 0.4989157 0.2684391 0.4122218
v 0.4701394 0.2862239 0.4367997
v 0.4723080 0.2897328 0.4367997
v 0.5010843 0.2719481 0.4122218
v 0.4719479 0.2877171 0.5620376
v 0.4748651 0.2837019 0.5620376
v 0.4706433 0.2837019 0.5596001
v 0.4672277 0.2861834 0.5620376
v 0.4672277 0.2812203 0.5620376
v 0.4719479 0.2796866 0.5620376
v 0.4719479 0.2877171 0.5669126
v 0.4748651 0.2837019 0.5669126
v 0.4672277 0.2861834 0.5669126
v 0.4672277 0.2812203 0.5669126
v 0.4719479 0.2796866 0.5669126
v 0.4706433 0.2837019 0.5693501
v 0.3676250 0.3521922 0.6018854
v 0.3705423 0.3481770 0.6018854
v 0.3663204 0.3481770 0.5994479
v 0.3629048 0.3506585 0.6018854
v 0.3629048 0.3456954 0.6018854
v 0.3676250 0.3441617 0.6018854
v 0.3676250 0.3521922 0.6067604
v 0.3705423 0.3481770 0.6067604
v 0.3629048 0.3506585 0.6067604
v 0.3629048 0.3456954 0.6067604
v 0.3676250 0.3441617 0.6067604
v 0.3663204 0.3481770 0.6091979
v 0.3031500 0.3920400 0.4975625
v 0.3060672 0.3880247 0.4975625
v 0.3018453 0.3880247 0.4951250
v 0.2984298 0.3905063 0.4975625
v 0.2984298 0.3855432 0.4975625
v 0.3031500 0.3840095 0.4975625
v 0.3031500 0.3920400 0.5024375
v 0.3060672 0.3880247 0.5024375
v 0.2984298 0.3905063 0.5024375
v 0.2984298 0.3855432 0.5024375
v 0.3031500 0.3840095 0.5024375
v 0.3018453 0.3880247 0.5048750
v 0.3676250 0.3521922 0.3932396
v 0.3705423 0.3481770 0.3932396
v 0.3663204 0.3481770 0.3908021
v 0.3629048 0.3506585 0.3932396
v 0.3629048 0.3456954 0.3932396
v 0.3676250 0.3441617 0.3932396
v 0.3676250 0.3521922 0.3981146
v 0.3705423 0.3481770 0.3981146
v 0.3629048 0.3506585 0.3981146
v 0.3629048 0.3456954 0.3981146
v 0.3676250 0.3441617 0.3981146
v 0.3663204 0.3481770 0.4005521
v 0.4719479 0.2877171 0.4330874
v 0.4748651 0.2837019 0.4330874
v 0.4706433 0.2837019 0.4306499
v 0.4672277 0.2861834 0.4330874
v 0.4672277 0.2812203 0.4330874
v 0.4719479 0.2796866 0.4330874
v 0.4719479 0.2877171 0.4379624
v 0.4748651 0.2837019 0.4379624
v 0.4672277 0.2861834 0.4379624
v 0.4672277 0.2812203 0.4379624
v 0.4719479 0.2796866 0.4379624
v 0.4706433 0.2837019 0.4403999
v 0.3568875 0.6437826 0.6420282
v 0.4989157 0.7315609 0.5877782
v 0.4701394 0.7137761 0.5632003
v 0.3678791 0.6505758 0.6022603
v 0.3590562 0.6402737 0.6420282
v 0.3700477 0.6470669 0.6022603
v 0.4723080 0.7102672 0.5632003
v 0.5010843 0.7280519 0.5877782
v 0.4989157 0.7315609 0.4122218
v 0.4701394 0.7137761 0.4367997
v 0.4723080 0.7102672 0.4367997
v 0.5010843 0.7280519 0.4122218
v 0.3568875 0.6437826 0.3579718
v 0.3678791 0.6505758 0.3977397
v 0.3700477 0.6470669 0.3977397
v 0.3590562 0.6402737 0.3579718
v 0.2691093 0.5895327 0.5000000
v 0.3046788 0.6115158 0.5000000
v 0.3068474 0.6080069 0.5000000
v 0.2712779 0.5860238 0.5000000
v 0.3676250 0.6558383 0.6018854
v 0.3705423 0.6518230 0.6018854
v 0.3663204 0.6518230 0.5994479
v 0.3629048 0.6543046 0.6018854
v 0.3629048 0.6493415 0.6018854
v 0.3676250 0.6478078 0.6018854
v 0.3676250 0.6558383 0.6067604
v 0.3705423 0.6518230 0.6067604
v 0.3629048 0.6543046 0.6067604
v 0.3629048 0.6493415 0.6067604
v 0.3676250 0.6478078 0.6067604
v 0.3663204 0.6518230 0.6091979
v 0.4719479 0.7203134 0.5620376
v 0.4748651 0.7162981 0.5620376
v 0.4706433 0.7162981 0.5596001
v 0.4672277 0.7187797 0.5620376
v 0.4672277 0.7138166 0.5620376
v 0.4719479 0.7122829 0.5620376
v 0.4719479 0.7203134 0.5669126
v 0.4748651 0.7162981 0.5669126
v 0.4672277 0.7187797 0.5669126
v 0.4672277 0.7138166 0.5669126
v 0.4719479 0.7122829 0.5669126
v 0.4706433 0.7162981 0.5693501
v 0.4719479 0.7203134 0.4330874
v 0.4748651 0.7162981 0.4330874
v 0.4706433 0.7162981 0.4306499
v 0.4672277 0.7187797 0.4330874
v 0.4672277 0.7138166 0.4330874
v 0.4719479 0.7122829 0.4330874
v 0.4719479 0.7203134 0.4379624
v 0.4748651 0.7162981 0.4379624
v 0.4672277 0.7187797 0.4379624
v 0.4672277 0.7138166 0.4379624
v 0.4719479 0.7122829 0.4379624
v 0.4706433 0.7162981 0.4403999
v 0.3676250 0.6558383 0.3932396
v 0.3705423 0.6518230 0.3932396
v 0.3663204 0.6518230 0.3908021
v 0.3629048 0.6543046 0.3932396
v 0.3629048 0.6493415 0.3932396
v 0.3676250 0.6478078 0.3932396
v 0.3676250 0.6558383 0.3981146
v 0.3705423 0.6518230 0.3981146
v 0.3629048 0.6543046 0.3981146
v 0.3629048 0.6493415 0.3981146
v 0.3676250 0.6478078 0.3981146
v 0.3663204 0.6518230 0.4005521
v 0.3031500 0.6159905 0.4975625
v 0.3060672 0.6119753 0.4975625
v 0.3018453 0.6119753 0.4951250
v 0.2984298 0.6144568 0.4975625
v 0.2984298 0.6094937 0.4975625
v 0.3031500 0.6079600 0.4975625
v 0.3031500 0.6159905 0.5024375
v 0.3060672 0.6119753 0.5024375
v 0.2984298 0.6144568 0.5024375
v 0.2984298 0.6094937 0.5024375
v 0.3031500 0.6079600 0.5024375
v 0.3018453 0.6119753 0.5048750
v 0.6431125 0.3562174 0.6420282
v 0.5010843 0.2684391 0.5877782
v 0.5298606 0.2862239 0.5632003
v 0.6321209 0.3494242 0.6022603
v 0.6409438 0.3597263 0.6420282
v 0.6299523 0.3529331 0.6022603
v 0.5276920 0.2897328 0.5632003
v 0.4989157 0.2719481 0.5877782
v 0.5010843 0.2684391 0.4122218
v 0.5298606 0.2862239 0.4367997
v 0.5276920 0.2897328 0.4367997
v 0.4989157 0.2719481 0.4122218
v 0.6431125 0.3562174 0.3579718
v 0.6321209 0.3494242 0.3977397
v 0.6299523 0.3529331 0.3977397
v 0.6409438 0.3597263 0.3579718
v 0.7308907 0.4104673 0.5000000
v 0.6953212 0.3884842 0.5000000
v 0.6931526 0.3919931 0.5000000
v 0.7287221 0.4139762 0.5000000
v 0.6349842 0.3521922 0.6018854
v 0.6379015 0.3481770 0.6018854
v 0.6336796 0.3481770 0.5994479
v 0.6302640 0.3506585 0.6018854
v 0.6302640 0.3456954 0.6018854
v 0.6349842 0.3441617 0.6018854
v 0.6349842 0.3521922 0.6067604
v 0.6379015 0.3481770 0.6067604
v 0.6302640 0.3506585 0.6067604
v 0.6302640 0.3456954 0.6067604
v 0.6349842 0.3441617 0.6067604
v 0.6336796 0.3481770 0.6091979
v 0.5306614 0.2877171 0.5620376
v 0.5335786 0.2837019 0.5620376
v 0.5293567 0.2837019 0.5596001
v 0.5259412 0.2861834 0.5620376
v 0.5259412 0.2812203 0.5620376
v 0.5306614 0.2796866 0.5620376
v 0.5306614 0.2877171 0.5669126
v 0.5335786 0.2837019 0.5669126
v 0.5259412 0.2861834 0.5669126
v 0.5259412 0.2812203 0.5669126
v 0.5306614 0.2796866 0.5669126
v 0.5293567 0.2837019 0.5693501
v 0.5306614 0.2877171 0.4330874
v 0.5335786 0.2837019 0.4330874
v 0.5293567 0.2837019 0.4306499
v 0.5259412 0.2861834 0.4330874
v 0.5259412 0.2812203 0.4330874
v 0.5306614 0.2796866 0.4330874
v 0.5306614 0.2877171 0.4379624
v 0.5335786 0.2837019 0.4379624
v 0.5259412 0.2861834 0.4379624
v 0.5259412 0.2812203 0.4379624
v 0.5306614 0.2796866 0.4379624
v 0.5293567 0.2837019 0.4403999
v 0.6349842 0.3521922 0.3932396
v 0.6379015 0.3481770 0.3932396
v 0.6336796 0.3481770 0.3908021
v 0.6302640 0.3506585 0.3932396
v 0.6302640 0.3456954 0.3932396
v 0.6349842 0.3441617 0.3932396
v 0.6349842 0.3521922 0.3981146
v 0.6379015 0.3481770 0.3981146
v 0.6302640 0.3506585 0.3981146
v 0.6302640 0.3456954 0.3981146
v 0.6349842 0.3441617 0.3981146
v 0.6336796 0.3481770 0.4005521
v 0.6994593 0.3920400 0.4975625
v 0.7023765 0.3880247 0.4975625
v 0.6981547 0.3880247 0.4951250
v 0.6947391 0.3905063 0.4975625
v 0.6947391 0.3855432 0.4975625
v 0.6994593 0.3840095 0.4975625
v 0.6994593 0.3920400 0.5024375
v 0.7023765 0.3880247 0.5024375
v 0.6947391 0.3905063 0.5024375
v 0.6947391 0.3855432 0.5024375
v 0.6994593 0.3840095 0.5024375
v 0.6981547 0.3880247 0.5048750
v 0.5010843 0.7315609 0.5877782
v 0.6431125 0.6437826 0.6420282
v 0.6321209 0.6505758 0.6022603
v 0.5298606 0.7137761 0.5632003
v 0.4989157 0.7280519 0.5877782
v 0.5276920 0.7102672 0.5632003
v 0.6299523 0.6470669 0.6022603
v 0.6409438 0.6402737 0.6420282
v 0.7308907 0.5895327 0.5000000
v 0.6953212 0.6115158 0.5000000
v 0.6931526 0.6080069 0.5000000
v 0.7287221 0.5860238 0.5000000
v 0.6431125 0.6437826 0.3579718
v 0.6321209 0.6505758 0.3977397
v 0.6299523 0.6470669 0.3977397
v 0.6409438 0.6402737 0.3579718
v 0.5010843 0.7315609 0.4122218
v 0.5298606 0.7137761 0.4367997
v 0.5276920 0.7102672 0.4367997
v 0.4989157 0.7280519 0.4122218
v 0.5306614 0.7203134 0.5620376
v 0.5335786 0.7162981 0.5620376
v 0.5293567 0.7162981 0.5596001
v 0.5259412 0.7187797 0.5620376
v 0.5259412 0.7138166 0.5620376
v 0.5306614 0.7122829 0.5620376
v 0.5306614 0.7203134 0.5669126
v 0.5335786 0.7162981 0.5669126
v 0.5259412 0.7187797 0.5669126
v 0.5259412 0.7138166 0.5669126
v 0.5306614 0.7122829 0.5669126
v 0.5293567 0.7162981 0.5693501
v 0.6349842 0.6558383 0.6018854
v 0.6379015 0.6518230 0.6018854
v 0.6336796 0.6518230 0.5994479
v 0.6302640 0.6543046 0.6018854
v 0.6302640 0.6493415 0.6018854
v 0.6349842 0.6478078 0.6018854
v 0.6349842 0.6558383 0.6067604
v 0.6379015 0.6518230 0.6067604
v 0.6302640 0.6543046 0.6067604
v 0.6302640 0.6493415 0.6067604
v 0.6349842 0.6478078 0.6067604
v 0.6336796 0.6518230 0.6091979
v 0.6994593 0.6159905 0.4975625
v 0.7023765 0.6119753 0.4975625
v 0.6981547 0.6119753 0.4951250
v 0.6947391 0.6144568 0.4975625
v 0.6947391 0.6094937 0.4975625
v 0.6994593 0.6079600 0.4975625
v 0.6994593 0.6159905 0.5024375
v 0.7023765 0.6119753 0.5024375
v 0.6947391 0.6144568 0.5024375
v 0.6947391 0.6094937 0.5024375
v 0.6994593 0.6079600 0.5024375
v 0.6981547 0.6119753 0.5048750
v 0.6349842 0.6558383 0.3932396
v 0.6379015 0.6518230 0.3932396
v 0.6336796 0.6518230 0.3908021
v 0.6302640 0.6543046 0.3932396
v 0.6302640 0.6493415 0.3932396
v 0.6349842 0.6478078 0.3932396
v 0.6349842 0.6558383 0.3981146
v 0.6379015 0.6518230 0.3981146
v 0.6302640 0.6543046 0.3981146
v 0.6302640 0.6493415 0.3981146
v 0.6349842 0.6478078 0.3981146
v 0.6336796 0.6518230 0.4005521
v 0.5306614 0.7203134 0.4330874
v 0.5335786 0.7162981 0.4330874
v 0.5293567 0.7162981 0.4306499
v 0.5259412 0.7187797 0.4330874
v 0.5259412 0.7138166 0.4330874
v 0.5306614 0.7122829 0.4330874
v 0.5306614 0.7203134 0.4379624
v 0.5335786 0.7162981 0.4379624
v 0.5259412 0.7187797 0.4379624
v 0.5259412 0.7138166 0.4379624
v 0.5306614 0.7122829 0.4379624
v 0.5293567 0.7162981 0.4403999
v 0.2684391 0.4122218 0.4989157
v 0.2684391 0.5877782 0.4989157
v 0.2862239 0.5632003 0.4701394
v 0.2862239 0.4367997 0.4701394
v 0.2719481 0.4122218 0.5010843
v 0.2897328 0.4367997 0.4723080
v 0.2897328 0.5632003 0.4723080
v 0.2719481 0.5877782 0.5010843
v 0.3562174 0.6420282 0.3568875
v 0.3494242 0.6022603 0.3678791
v 0.3529331 0.6022603 0.3700477
v 0.3597263 0.6420282 0.3590562
v 0.4104673 0.5000000 0.2691093
v 0.3884842 0.5000000 0.3046788
v 0.3919931 0.5000000 0.3068474
v 0.4139762 0.5000000 0.2712779
v 0.3562174 0.3579718 0.3568875
v 0.3494242 0.3977397 0.3678791
v 0.3529331 0.3977397 0.3700477
v 0.3597263 0.3579718 0.3590562
v 0.2850065 0.4395402 0.4682058
v 0.2879237 0.4355249 0.4682058
v 0.2837019 0.4355249 0.4657683
v 0.2802863 0.4380065 0.4682058
v 0.2802863 0.4330434 0.4682058
v 0.2850065 0.4315097 0.4682058
v 0.2850065 0.4395402 0.4730808
v 0.2879237 0.4355249 0.4730808
v 0.2802863 0.4380065 0.4730808
v 0.2802863 0.4330434 0.4730808
v 0.2850065 0.4315097 0.4730808
v 0.2837019 0.4355249 0.4755183
v 0.2850065 0.5684903 0.4682058
v 0.2879237 0.5644751 0.4682058
v 0.2837019 0.5644751 0.4657683
v 0.2802863 0.5669566 0.4682058
v 0.2802863 0.5619935 0.4682058
v 0.2850065 0.5604598 0.4682058
v 0.2850065 0.5684903 0.4730808
v 0.2879237 0.5644751 0.4730808
v 0.2802863 0.5669566 0.4730808
v 0.2802863 0.5619935 0.4730808
v 0.2850065 0.5604598 0.4730808
v 0.2837019 0.5644751 0.4755183
v 0.3494816 0.6083381 0.3638829
v 0.3523988 0.6043229 0.3638829
v 0.3481770 0.6043229 0.3614454
v 0.3447614 0.6068044 0.3638829
v 0.3447614 0.6018413 0.3638829
v 0.3494816 0.6003076 0.3638829
v 0.3494816 0.6083381 0.3687579
v 0.3523988 0.6043229 0.3687579
v 0.3447614 0.6068044 0.3687579
v 0.3447614 0.6018413 0.3687579
v 0.3494816 0.6003076 0.3687579
v 0.3481770 0.6043229 0.3711954
v 0.3893294 0.5040152 0.2994078
v 0.3922466 0.5000000 0.2994078
v 0.3880247 0.5000000 0.2969703
v 0.3846092 0.5024816 0.2994078
v 0.3846092 0.4975184 0.2994078
v 0.3893294 0.4959848 0.2994078
v 0.3893294 0.5040152 0.3042828
v 0.3922466 0.5000000 0.3042828
v 0.3846092 0.5024816 0.3042828
v 0.3846092 0.4975184 0.3042828
v 0.3893294 0.4959848 0.3042828
v 0.3880247 0.5000000 0.3067203
v 0.3494816 0.3996924 0.3638829
v 0.3523988 0.3956771 0.3638829
v 0.3481770 0.3956771 0.3614454
v 0.3447614 0.3981587 0.3638829
v 0.3447614 0.3931956 0.3638829
v 0.3494816 0.3916619 0.3638829
v 0.3494816 0.3996924 0.3687579
v 0.3523988 0.3956771 0.3687579
v 0.3447614 0.3981587 0.3687579
v 0.3447614 0.3931956 0.3687579
v 0.3494816 0.3916619 0.3687579
v 0.3481770 0.3956771 0.3711954
v 0.7315609 0.5877782 0.4989157
v 0.7315609 0.4122218 0.4989157
v 0.7137761 0.4367997 0.4701394
v 0.7137761 0.5632003 0.4701394
v 0.7280519 0.5877782 0.5010843
v 0.7102672 0.5632003 0.4723080
v 0.7102672 0.4367997 0.4723080
v 0.7280519 0.4122218 0.5010843
v 0.6437826 0.3579718 0.3568875
v 0.6505758 0.3977397 0.3678791
v 0.6470669 0.3977397 0.3700477
v 0.6402737 0.3579718 0.3590562
v 0.5895327 0.5000000 0.2691093
v 0.6115158 0.5000000 0.3046788
v 0.6080069 0.5000000 0.3068474
v 0.5860238 0.5000000 0.2712779
v 0.6437826 0.6420282 0.3568875
v 0.6505758 0.6022603 0.3678791
v 0.6470669 0.6022603 0.3700477
v 0.6402737 0.6420282 0.3590562
v 0.7176028 0.5684903 0.4682058
v 0.7205200 0.5644751 0.4682058
v 0.7162981 0.5644751 0.4657683
v 0.7128826 0.5669566 0.4682058
v 0.7128826 0.5619935 0.4682058
v 0.7176028 0.5604598 0.4682058
v 0.7176028 0.5684903 0.4730808
v 0.7205200 0.5644751 0.4730808
v 0.7128826 0.5669566 0.4730808
v 0.7128826 0.5619935 0.4730808
v 0.7176028 0.5604598 0.4730808
v 0.7162981 0.5644751 0.4755183
v 0.7176028 0.4395402 0.4682058
v 0.7205200 0.4355249 0.4682058
v 0.7162981 0.4355249 0.4657683
v 0.7128826 0.4380065 0.4682058
v 0.7128826 0.4330434 0.4682058
v 0.7176028 0.4315097 0.4682058
v 0.7176028 0.4395402 0.4730808
v 0.7205200 0.4355249 0.4730808
v 0.7128826 0.4380065 0.4730808
v 0.7128826 0.4330434 0.4730808
v 0.7176028 0.4315097 0.4730808
v 0.7162981 0.4355249 0.4755183
v 0.6531277 0.3996924 0.3638829
v 0.6560449 0.3956771 0.3638829
v 0.6518230 0.3956771 0.3614454
v 0.6484075 0.3981587 0.3638829
v 0.6484075 0.3931956 0.3638829
v 0.6531277 0.3916619 0.3638829
v 0.6531277 0.3996924 0.3687579
v 0.6560449 0.3956771 0.3687579
v 0.6484075 0.3981587 0.3687579
v 0.6484075 0.3931956 0.3687579
v 0.6531277 0.3916619 0.3687579
v 0.6518230 0.3956771 0.3711954
v 0.6132799 0.5040152 0.2994078
v 0.6161971 0.5000000 0.2994078
v 0.6119753 0.5000000 0.2969703
v 0.6085597 0.5024816 0.2994078
v 0.6085597 0.4975184 0.2994078
v 0.6132799 0.4959848 0.2994078
v 0.6132799 0.5040152 0.3042828
v 0.6161971 0.5000000 0.3042828
v 0.6085597 0.5024816 0.3042828
v 0.6085597 0.4975184 0.3042828
v 0.6132799 0.4959848 0.3042828
v 0.6119753 0.5000000 0.3067203
v 0.6531277 0.6083381 0.3638829
v 0.6560449 0.6043229 0.3638829
v 0.6518230 0.6043229 0.3614454
v 0.6484075 0.6068044 0.3638829
v 0.6484075 0.6018413 0.3638829
v 0.6531277 0.6003076 0.3638829
v 0.6531277 0.6083381 0.3687579
v 0.6560449 0.6043229 0.3687579
v 0.6484075 0.6068044 0.3687579
v 0.6484075 0.6018413 0.3687579
v 0.6531277 0.6003076 0.3687579
v 0.6518230 0.6043229 0.3711954
v 0.3562174 0.3579718 0.6431125
v 0.4104673 0.5000000 0.7308907
v 0.3884842 0.5000000 0.6953212
v 0.3494242 0.3977397 0.6321209
v 0.3597263 0.3579718 0.6409438
v 0.3529331 0.3977397 0.6299523
v 0.3919931 0.5000000 0.6931526
v 0.4139762 0.5000000 0.7287221
v 0.3562174 0.6420282 0.6431125
v 0.3494242 0.6022603 0.6321209
v 0.3529331 0.6022603 0.6299523
v 0.3597263 0.6420282 0.6409438
v 0.2684391 0.5877782 0.5010843
v 0.2862239 0.5632003 0.5298606
v 0.2897328 0.5632003 0.5276920
v 0.2719481 0.5877782 0.4989157
v 0.2684391 0.4122218 0.5010843
v 0.2862239 0.4367997 0.5298606
v 0.2897328 0.4367997 0.5276920
v 0.2719481 0.4122218 0.4989157
v 0.3494816 0.3996924 0.6312421
v 0.3523988 0.3956771 0.6312421
v 0.3481770 0.3956771 0.6288046
v 0.3447614 0.3981587 0.6312421
v 0.3447614 0.3931956 0.6312421
v 0.3494816 0.3916619 0.6312421
v 0.3494816 0.3996924 0.6361171
v 0.3523988 0.3956771 0.6361171
v 0.3447614 0.3981587 0.6361171
v 0.3447614 0.3931956 0.6361171
v 0.3494816 0.3916619 0.6361171
v 0.3481770 0.3956771 0.6385546
v 0.3893294 0.5040152 0.6957172
v 0.3922466 0.5000000 0.6957172
v 0.3880247 0.5000000 0.6932797
v 0.3846092 0.5024816 0.6957172
v 0.3846092 0.4975184 0.6957172
v 0.3893294 0.4959848 0.6957172
v 0.3893294 0.5040152 0.7005922
v 0.3922466 0.5000000 0.7005922
v 0.3846092 0.5024816 0.7005922
v 0.3846092 0.4975184 0.7005922
v 0.3893294 0.4959848 0.7005922
v 0.3880247 0.5000000 0.7030297
v 0.3494816 0.6083381 0.6312421
v 0.3523988 0.6043229 0.6312421
v 0.3481770 0.6043229 0.6288046
v 0.3447614 0.6068044 0.6312421
v 0.3447614 0.6018413 0.6312421
v 0.3494816 0.6003076 0.6312421
v 0.3494816 0.6083381 0.6361171
v 0.3523988 0.6043229 0.6361171
v 0.3447614 0.6068044 0.6361171
v 0.3447614 0.6018413 0.6361171
v 0.3494816 0.6003076 0.6361171
v 0.3481770 0.6043229 0.6385546
v 0.2850065 0.5684903 0.5269192
v 0.2879237 0.5644751 0.5269192
v 0.2837019 0.5644751 0.5244817
v 0.2802863 0.5669566 0.5269192
v 0.2802863 0.5619935 0.5269192
v 0.2850065 0.5604598 0.5269192
v 0.2850065 0.5684903 0.5317942
v 0.2879237 0.5644751 0.5317942
v 0.2802863 0.5669566 0.5317942
v 0.2802863 0.5619935 0.5317942
v 0.2850065 0.5604598 0.5317942
v 0.2837019 0.5644751 0.5342317
v 0.2850065 0.4395402 0.5269192
v 0.2879237 0.4355249 0.5269192
v 0.2837019 0.4355249 0.5244817
v 0.2802863 0.4380065 0.5269192
v 0.2802863 0.4330434 0.5269192
v 0.2850065 0.4315097 0.5269192
v 0.2850065 0.4395402 0.5317942
v 0.2879237 0.4355249 0.5317942
v 0.2802863 0.4380065 0.5317942
v 0.2802863 0.4330434 0.5317942
v 0.2850065 0.4315097 0.5317942
v 0.2837019 0.4355249 0.5342317
v 0.6437826 0.6420282 0.6431125
v 0.5895327 0.5000000 0.7308907
v 0.6115158 0.5000000 0.6953212
v 0.6505758 0.6022603 0.6321209
v 0.6402737 0.6420282 0.6409438
v 0.6470669 0.6022603 0.6299523
v 0.6080069 0.5000000 0.6931526
v 0.5860238 0.5000000 0.7287221
v 0.6437826 0.3579718 0.6431125
v 0.6505758 0.3977397 0.6321209
v 0.6470669 0.3977397 0.6299523
v 0.6402737 0.3579718 0.6409438
v 0.7315609 0.4122218 0.5010843
v 0.7137761 0.4367997 0.5298606
v 0.7102672 0.4367997 0.5276920
v 0.7280519 0.4122218 0.4989157
v 0.7315609 0.5877782 0.5010843
v 0.7137761 0.5632003 0.5298606
v 0.7102672 0.5632003 0.5276920
v 0.7280519 0.5877782 0.4989157
v 0.6531277 0.6083381 0.6312421
v 0.6560449 0.6043229 0.6312421
v 0.6518230 0.6043229 0.6288046
v 0.6484075 0.6068044 0.6312421
v 0.6484075 0.6018413 0.6312421
v 0.6531277 0.6003076 0.6312421
v 0.6531277 0.6083381 0.6361171
v 0.6560449 0.6043229 0.6361171
v 0.6484075 0.6068044 0.6361171
v 0.6484075 0.6018413 0.6361171
v 0.6531277 0.6003076 0.6361171
v 0.6518230 0.6043229 0.6385546
v 0.6132799 0.5040152 0.6957172
v 0.6161971 0.5000000 0.6957172
v 0.6119753 0.5000000 0.6932797
v 0.6085597 0.5024816 0.6957172
v 0.6085597 0.4975184 0.6957172
v 0.6132799 0.4959848 0.6957172
v 0.6132799 0.5040152 0.7005922
v 0.6161971 0.5000000 0.7005922
v 0.6085597 0.5024816 0.7005922
v 0.6085597 0.4975184 0.7005922
v 0.6132799 0.4959848 0.7005922
v 0.6119753 0.5000000 0.7030297
v 0.6531277 0.3996924 0.6312421
v 0.6560449 0.3956771 0.6312421
v 0.6518230 0.3956771 0.6288046
v 0.6484075 0.3981587 0.6312421
v 0.6484075 0.3931956 0.6312421
v 0.6531277 0.3916619 0.6312421
v 0.6531277 0.3996924 0.6361171
v 0.6560449 0.3956771 0.6361171
v 0.6484075 0.3981587 0.6361171
v 0.6484075 0.3931956 0.6361171
v 0.6531277 0.3916619 0.6361171
v 0.6518230 0.3956771 0.6385546
v 0.7176028 0.4395402 0.5269192
v 0.7205200 0.4355249 0.5269192
v 0.7162981 0.4355249 0.5244817
v 0.7128826 0.4380065 0.5269192
v 0.7128826 0.4330434 0.5269192
v 0.7176028 0.4315097 0.5269192
v 0.7176028 0.4395402 0.5317942
v 0.7205200 0.4355249 0.5317942
v 0.7128826 0.4380065 0.5317942
v 0.7128826 0.4330434 0.5317942
v 0.7176028 0.4315097 0.5317942
v 0.7162981 0.4355249 0.5342317
v 0.7176028 0.5684903 0.5269192
v 0.7205200 0.5644751 0.5269192
v 0.7162981 0.5644751 0.5244817
v 0.7128826 0.5669566 0.5269192
v 0.7128826 0.5619935 0.5269192
v 0.7176028 0.5604598 0.5269192
v 0.7176028 0.5684903 0.5317942
v 0.7205200 0.5644751 0.5317942
v 0.7128826 0.5669566 0.5317942
v 0.7128826 0.5619935 0.5317942
v 0.7176028 0.5604598 0.5317942
v 0.7162981 0.5644751 0.5342317
v 0.6635272 0.3200383 0.3098812
v 0.5000000 0.2189729 0.3723430
v 0.3364728 0.3200383 0.3098812
v 0.6635272 0.3295014 0.3251929
v 0.3364728 0.3295014 0.3251929
v 0.5000000 0.2284360 0.3876548
v 0.3989346 0.4835655 0.2088158
v 0.3989346 0.4930287 0.2241275
v 0.6010654 0.4835655 0.2088158
v 0.6010654 0.4930287 0.2241275
v 0.6177396 0.3297364 0.2972748
v 0.5000000 0.2569693 0.3422473
v 0.3822604 0.3297364 0.2972748
v 0.6177396 0.3324965 0.3017407
v 0.3822604 0.3324965 0.3017407
v 0.5000000 0.2597294 0.3467133
v 0.4272329 0.4474760 0.2245077
v 0.4272329 0.4502361 0.2289736
v 0.5727671 0.4474760 0.2245077
v 0.5727671 0.4502361 0.2289736
v 0.6013869 0.3327776 0.2920890
v 0.5000000 0.2701170 0.3308153
v 0.5000000 0.2891312 0.3190639
v 0.5801284 0.3386533 0.2884576
v 0.6013869 0.3349462 0.2955979
v 0.5801284 0.3408219 0.2919665
v 0.5000000 0.2912999 0.3225728
v 0.5000000 0.2722857 0.3343243
v 0.3986131 0.3327776 0.2920890
v 0.4198716 0.3386533 0.2884576
v 0.4198716 0.3408219 0.2919665
v 0.3986131 0.3349462 0.2955979
v 0.4373395 0.4341645 0.2294284
v 0.4504780 0.4187816 0.2389355
v 0.4504780 0.4209503 0.2424445
v 0.4373395 0.4363331 0.2329374
v 0.5626605 0.4341645 0.2294284
v 0.5495220 0.4187816 0.2389355
v 0.5495220 0.4209503 0.2424445
v 0.5626605 0.4363331 0.2329374
v 0.5954947 0.3354958 0.2886457
v 0.5941969 0.3320980 0.2907457
v 0.5255154 0.3510810 0.2790135
v 0.5941969 0.3338723 0.2936166
v 0.5954947 0.3372702 0.2915166
v 0.5255154 0.3528554 0.2818844
v 0.5268133 0.3544789 0.2769135
v 0.5268133 0.3562533 0.2797844
v 0.4058031 0.3320980 0.2907457
v 0.4045053 0.3354958 0.2886457
v 0.4731867 0.3544789 0.2769135
v 0.4045053 0.3372702 0.2915166
v 0.4058031 0.3338723 0.2936166
v 0.4731867 0.3562533 0.2797844
v 0.4744846 0.3510810 0.2790135
v 0.4744846 0.3528554 0.2818844
v 0.5569190 0.4296927 0.2304288
v 0.5603169 0.4275927 0.2317267
v 0.5178694 0.3778943 0.2624419
v 0.5603169 0.4293670 0.2345976
v 0.5569190 0.4314670 0.2332997
v 0.5178694 0.3796687 0.2653129
v 0.5144715 0.3799943 0.2611441
v 0.5144715 0.3817687 0.2640150
v 0.5000000 0.3620817 0.2768435
v 0.5210444 0.3517463 0.2832311
v 0.5243000 0.3620817 0.2768435
v 0.5121500 0.3441802 0.2879072
v 0.5000000 0.3414109 0.2896188
v 0.4878500 0.3441802 0.2879072
v 0.4789556 0.3517463 0.2832311
v 0.4757000 0.3620817 0.2768435
v 0.4789556 0.3724171 0.2704559
v 0.4878500 0.3799831 0.2657798
v 0.5000000 0.3827525 0.2640682
v 0.5121500 0.3799831 0.2657798
v 0.5210444 0.3724171 0.2704559
v 0.5233827 0.3476407 0.2791560
v 0.5270000 0.3591245 0.2720586
v 0.5135000 0.3392340 0.2843516
v 0.5000000 0.3361569 0.2862533
v 0.4865000 0.3392340 0.2843516
v 0.4766173 0.3476407 0.2791560
v 0.4730000 0.3591245 0.2720586
v 0.4766173 0.3706082 0.2649612
v 0.4865000 0.3790150 0.2597656
v 0.5000000 0.3820920 0.2578638
v 0.5135000 0.3790150 0.2597656
v 0.5233827 0.3706082 0.2649612
v 0.5233827 0.3423176 0.2705431
v 0.5270000 0.3538014 0.2634457
v 0.5135000 0.3339109 0.2757388
v 0.5000000 0.3308339 0.2776405
v 0.4865000 0.3339109 0.2757388
v 0.4766173 0.3423176 0.2705431
v 0.4730000 0.3538014 0.2634457
v 0.4766173 0.3652852 0.2563484
v 0.4865000 0.3736919 0.2511527
v 0.5000000 0.3767690 0.2492510
v 0.5135000 0.3736919 0.2511527
v 0.5233827 0.3652852 0.2563484
v 0.5187061 0.3418543 0.2646577
v 0.5216000 0.3510413 0.2589798
v 0.5108000 0.3351289 0.2688142
v 0.5000000 0.3326673 0.2703356
v 0.4892000 0.3351289 0.2688142
v 0.4812939 0.3418543 0.2646577
v 0.4784000 0.3510413 0.2589798
v 0.4812939 0.3602284 0.2533019
v 0.4892000 0.3669537 0.2491454
v 0.5000000 0.3694154 0.2476240
v 0.5108000 0.3669537 0.2491454
v 0.5187061 0.3602284 0.2533019
v 0.5151987 0.3435769 0.2635931
v 0.5175500 0.3510413 0.2589798
v 0.5087750 0.3381125 0.2669703
v 0.5000000 0.3361124 0.2682064
v 0.4912250 0.3381125 0.2669703
v 0.4848013 0.3435769 0.2635931
v 0.4824500 0.3510413 0.2589798
v 0.4848013 0.3585058 0.2543665
v 0.4912250 0.3639702 0.2509894
v 0.5000000 0.3659703 0.2497532
v 0.5087750 0.3639702 0.2509894
v 0.5151987 0.3585058 0.2543665
v 0.5151987 0.3494914 0.2731629
v 0.5175500 0.3569558 0.2685497
v 0.5087750 0.3440270 0.2765401
v 0.5000000 0.3420269 0.2777762
v 0.4912250 0.3440270 0.2765401
v 0.4848013 0.3494914 0.2731629
v 0.4824500 0.3569558 0.2685497
v 0.4848013 0.3644203 0.2639364
v 0.4912250 0.3698846 0.2605592
v 0.5000000 0.3718847 0.2593231
v 0.5087750 0.3698846 0.2605592
v 0.5151987 0.3644203 0.2639364
v 0.5000000 0.3569558 0.2685497
v 0.5180900 0.3567587 0.2682307
v 0.5156664 0.3490645 0.2729859
v 0.5177708 0.3474395 0.2726677
v 0.5205200 0.3561672 0.2672737
v 0.5090450 0.3434320 0.2764670
v 0.5102600 0.3410504 0.2766164
v 0.5000000 0.3413704 0.2777411
v 0.5000000 0.3387119 0.2780617
v 0.4909550 0.3434320 0.2764670
v 0.4897400 0.3410504 0.2766164
v 0.4843336 0.3490645 0.2729859
v 0.4822292 0.3474395 0.2726677
v 0.4819100 0.3567587 0.2682307
v 0.4794800 0.3561672 0.2672737
v 0.4843336 0.3644528 0.2634754
v 0.4822292 0.3648949 0.2618797
v 0.4909550 0.3700853 0.2599943
v 0.4897400 0.3712840 0.2579310
v 0.5000000 0.3721469 0.2587202
v 0.5000000 0.3736226 0.2564857
v 0.5090450 0.3700853 0.2599943
v 0.5102600 0.3712840 0.2579310
v 0.5156664 0.3644528 0.2634754
v 0.5177708 0.3648949 0.2618797
v 0.5177708 0.3454681 0.2694777
v 0.5205200 0.3541957 0.2640837
v 0.5102600 0.3390789 0.2734264
v 0.5000000 0.3367404 0.2748717
v 0.4897400 0.3390789 0.2734264
v 0.4822292 0.3454681 0.2694777
v 0.4794800 0.3541957 0.2640837
v 0.4822292 0.3629234 0.2586897
v 0.4897400 0.3693125 0.2547410
v 0.5000000 0.3716511 0.2532957
v 0.5102600 0.3693125 0.2547410
v 0.5177708 0.3629234 0.2586897
v 0.5156664 0.3461073 0.2682010
v 0.5180900 0.3538014 0.2634457
v 0.5090450 0.3404748 0.2716821
v 0.5000000 0.3384132 0.2729562
v 0.4909550 0.3404748 0.2716821
v 0.4843336 0.3461073 0.2682010
v 0.4819100 0.3538014 0.2634457
v 0.4843336 0.3614956 0.2586905
v 0.4909550 0.3671281 0.2552094
v 0.5000000 0.3691897 0.2539353
v 0.5090450 0.3671281 0.2552094
v 0.5156664 0.3614956 0.2586905
v 0.5000000 0.3567192 0.2681669
v 0.5130943 0.3502883 0.2721414
v 0.5151200 0.3567192 0.2681669
v 0.5075600 0.3455806 0.2750509
v 0.5000000 0.3438574 0.2761159
v 0.4924400 0.3455806 0.2750509
v 0.4869057 0.3502883 0.2721414
v 0.4848800 0.3567192 0.2681669
v 0.4869057 0.3631502 0.2641923
v 0.4924400 0.3678579 0.2612828
v 0.5000000 0.3695811 0.2602178
v 0.5075600 0.3678579 0.2612828
v 0.5130943 0.3631502 0.2641923
v 0.5130943 0.3492631 0.2704826
v 0.5151200 0.3556941 0.2665081
v 0.5075600 0.3445554 0.2733922
v 0.5000000 0.3428322 0.2744571
v 0.4924400 0.3445554 0.2733922
v 0.4869057 0.3492631 0.2704826
v 0.4848800 0.3556941 0.2665081
v 0.4869057 0.3621250 0.2625336
v 0.4924400 0.3668327 0.2596240
v 0.5000000 0.3685559 0.2585590
v 0.5075600 0.3668327 0.2596240
v 0.5130943 0.3621250 0.2625336
v 0.5000000 0.3556941 0.2665081
v 0.6324263 0.3199081 0.3031286
v 0.6226763 0.3199081 0.3031286
v 0.6226763 0.3339438 0.2944541
v 0.6324263 0.3220767 0.3066376
v 0.6226763 0.3361125 0.2979630
v 0.6226763 0.3220767 0.3066376
v 0.6324263 0.3339438 0.2944541
v 0.6324263 0.3361125 0.2979630
v 0.6302813 0.3226490 0.3006588
v 0.6248213 0.3226490 0.3006588
v 0.6248213 0.3305090 0.2958010
v 0.6302813 0.3230393 0.3012904
v 0.6248213 0.3308994 0.2964326
v 0.6248213 0.3230393 0.3012904
v 0.6302813 0.3305090 0.2958010
v 0.6302813 0.3308994 0.2964326
v 0.5048750 0.2410771 0.3518489
v 0.4951250 0.2410771 0.3518489
v 0.4951250 0.2551128 0.3431743
v 0.5048750 0.2432457 0.3553578
v 0.4951250 0.2572815 0.3466832
v 0.4951250 0.2432457 0.3553578
v 0.5048750 0.2551128 0.3431743
v 0.5048750 0.2572815 0.3466832
v 0.5027300 0.2438180 0.3493790
v 0.4972700 0.2438180 0.3493790
v 0.4972700 0.2516780 0.3445213
v 0.5027300 0.2442083 0.3500106
v 0.4972700 0.2520683 0.3451529
v 0.4972700 0.2442083 0.3500106
v 0.5027300 0.2516780 0.3445213
v 0.5027300 0.2520683 0.3451529
v 0.3773237 0.3199081 0.3031286
v 0.3675737 0.3199081 0.3031286
v 0.3675737 0.3339438 0.2944541
v 0.3773237 0.3220767 0.3066376
v 0.3675737 0.3361125 0.2979630
v 0.3675737 0.3220767 0.3066376
v 0.3773237 0.3339438 0.2944541
v 0.3773237 0.3361125 0.2979630
v 0.3751787 0.3226490 0.3006588
v 0.3697187 0.3226490 0.3006588
v 0.3697187 0.3305090 0.2958010
v 0.3751787 0.3230393 0.3012904
v 0.3697187 0.3308994 0.2964326
v 0.3697187 0.3230393 0.3012904
v 0.3751787 0.3305090 0.2958010
v 0.3751787 0.3308994 0.2964326
v 0.4260440 0.4474594 0.2242976
v 0.4162940 0.4474594 0.2242976
v 0.4162940 0.4614951 0.2156231
v 0.4260440 0.4496280 0.2278066
v 0.4162940 0.4636637 0.2191320
v 0.4162940 0.4496280 0.2278066
v 0.4260440 0.4614951 0.2156231
v 0.4260440 0.4636637 0.2191320
v 0.4238990 0.4502002 0.2218278
v 0.4184390 0.4502002 0.2218278
v 0.4184390 0.4580602 0.2169700
v 0.4238990 0.4505906 0.2224594
v 0.4184390 0.4584506 0.2176016
v 0.4184390 0.4505906 0.2224594
v 0.4238990 0.4580602 0.2169700
v 0.4238990 0.4584506 0.2176016
v 0.5837060 0.4474594 0.2242976
v 0.5739560 0.4474594 0.2242976
v 0.5739560 0.4614951 0.2156231
v 0.5837060 0.4496280 0.2278066
v 0.5739560 0.4636637 0.2191320
v 0.5739560 0.4496280 0.2278066
v 0.5837060 0.4614951 0.2156231
v 0.5837060 0.4636637 0.2191320
v 0.5815610 0.4502002 0.2218278
v 0.5761010 0.4502002 0.2218278
v 0.5761010 0.4580602 0.2169700
v 0.5815610 0.4505906 0.2224594
v 0.5761010 0.4584506 0.2176016
v 0.5761010 0.4505906 0.2224594
v 0.5815610 0.4580602 0.2169700
v 0.5815610 0.4584506 0.2176016
v 0.5027842 0.2588345 0.3318940
v 0.5055685 0.2540121 0.3318940
v 0.5000000 0.2540121 0.3295874
v 0.4972158 0.2588345 0.3318940
v 0.4944315 0.2540121 0.3318940
v 0.4972158 0.2491897 0.3318940
v 0.5027842 0.2491897 0.3318940
v 0.5039375 0.2608320 0.3374624
v 0.5078750 0.2540121 0.3374624
v 0.4960625 0.2608320 0.3374624
v 0.4921250 0.2540121 0.3374624
v 0.4960625 0.2471921 0.3374624
v 0.5039375 0.2471921 0.3374624
v 0.5027842 0.2588345 0.3430309
v 0.5055685 0.2540121 0.3430309
v 0.4972158 0.2588345 0.3430309
v 0.4944315 0.2540121 0.3430309
v 0.4972158 0.2491897 0.3430309
v 0.5027842 0.2491897 0.3430309
v 0.5000000 0.2540121 0.3453374
v 0.6010654 0.4835655 0.7911842
v 0.3989346 0.4835655 0.7911842
v 0.3364728 0.3200383 0.6901188
v 0.6010654 0.4930287 0.7758725
v 0.3364728 0.3295014 0.6748071
v 0.3989346 0.4930287 0.7758725
v 0.5000000 0.2189729 0.6276570
v 0.5000000 0.2284360 0.6123452
v 0.6635272 0.3200383 0.6901188
v 0.6635272 0.3295014 0.6748071
v 0.5727671 0.4474760 0.7754923
v 0.4272329 0.4474760 0.7754923
v 0.3822604 0.3297364 0.7027252
v 0.5727671 0.4502361 0.7710264
v 0.3822604 0.3324965 0.6982593
v 0.4272329 0.4502361 0.7710264
v 0.5000000 0.2569693 0.6577527
v 0.5000000 0.2597294 0.6532867
v 0.6177396 0.3297364 0.7027252
v 0.6177396 0.3324965 0.6982593
v 0.5626605 0.4341645 0.7705716
v 0.4373395 0.4341645 0.7705716
v 0.4504780 0.4187816 0.7610645
v 0.5495220 0.4187816 0.7610645
v 0.5626605 0.4363331 0.7670626
v 0.5495220 0.4209503 0.7575555
v 0.4504780 0.4209503 0.7575555
v 0.4373395 0.4363331 0.7670626
v 0.3986131 0.3327776 0.7079110
v 0.4198716 0.3386533 0.7115424
v 0.4198716 0.3408219 0.7080335
v 0.3986131 0.3349462 0.7044021
v 0.5000000 0.2701170 0.6691847
v 0.5000000 0.2891312 0.6809361
v 0.5000000 0.2912999 0.6774272
v 0.5000000 0.2722857 0.6656757
v 0.6013869 0.3327776 0.7079110
v 0.5801284 0.3386533 0.7115424
v 0.5801284 0.3408219 0.7080335
v 0.6013869 0.3349462 0.7044021
v 0.5603169 0.4275927 0.7682733
v 0.5569190 0.4296927 0.7695712
v 0.5144715 0.3799943 0.7388559
v 0.5569190 0.4314670 0.7667003
v 0.5603169 0.4293670 0.7654024
v 0.5144715 0.3817687 0.7359850
v 0.5178694 0.3778943 0.7375581
v 0.5178694 0.3796687 0.7346871
v 0.4045053 0.3354958 0.7113543
v 0.4058031 0.3320980 0.7092543
v 0.4744846 0.3510810 0.7209865
v 0.4058031 0.3338723 0.7063834
v 0.4045053 0.3372702 0.7084834
v 0.4744846 0.3528554 0.7181156
v 0.4731867 0.3544789 0.7230865
v 0.4731867 0.3562533 0.7202156
v 0.5941969 0.3320980 0.7092543
v 0.5954947 0.3354958 0.7113543
v 0.5268133 0.3544789 0.7230865
v 0.5954947 0.3372702 0.7084834
v 0.5941969 0.3338723 0.7063834
v 0.5268133 0.3562533 0.7202156
v 0.5255154 0.3510810 0.7209865
v 0.5255154 0.3528554 0.7181156
v 0.5000000 0.3620817 0.7231565
v 0.5210444 0.3724171 0.7295441
v 0.5243000 0.3620817 0.7231565
v 0.5121500 0.3799831 0.7342202
v 0.5000000 0.3827525 0.7359318
v 0.4878500 0.3799831 0.7342202
v 0.4789556 0.3724171 0.7295441
v 0.4757000 0.3620817 0.7231565
v 0.4789556 0.3517463 0.7167689
v 0.4878500 0.3441802 0.7120928
v 0.5000000 0.3414109 0.7103812
v 0.5121500 0.3441802 0.7120928
v 0.5210444 0.3517463 0.7167689
v 0.5233827 0.3706082 0.7350388
v 0.5270000 0.3591245 0.7279414
v 0.5135000 0.3790150 0.7402344
v 0.5000000 0.3820920 0.7421362
v 0.4865000 0.3790150 0.7402344
v 0.4766173 0.3706082 0.7350388
v 0.4730000 0.3591245 0.7279414
v 0.4766173 0.3476407 0.7208440
v 0.4865000 0.3392340 0.7156484
v 0.5000000 0.3361569 0.7137467
v 0.5135000 0.3392340 0.7156484
v 0.5233827 0.3476407 0.7208440
v 0.5233827 0.3652852 0.7436516
v 0.5270000 0.3538014 0.7365543
v 0.5135000 0.3736919 0.7488473
v 0.5000000 0.3767690 0.7507490
v 0.4865000 0.3736919 0.7488473
v 0.4766173 0.3652852 0.7436516
v 0.4730000 0.3538014 0.7365543
v 0.4766173 0.3423176 0.7294569
v 0.4865000 0.3339109 0.7242612
v 0.5000000 0.3308339 0.7223595
v 0.5135000 0.3339109 0.7242612
v 0.5233827 0.3423176 0.7294569
v 0.5187061 0.3602284 0.7466981
v 0.5216000 0.3510413 0.7410202
v 0.5108000 0.3669537 0.7508546
v 0.5000000 0.3694154 0.7523760
v 0.4892000 0.3669537 0.7508546
v 0.4812939 0.3602284 0.7466981
v 0.4784000 0.3510413 0.7410202
v 0.4812939 0.3418543 0.7353423
v 0.4892000 0.3351289 0.7311858
v 0.5000000 0.3326673 0.7296644
v 0.5108000 0.3351289 0.7311858
v 0.5187061 0.3418543 0.7353423
v 0.5151987 0.3585058 0.7456335
v 0.5175500 0.3510413 0.7410202
v 0.5087750 0.3639702 0.7490106
v 0.5000000 0.3659703 0.7502468
v 0.4912250 0.3639702 0.7490106
v 0.4848013 0.3585058 0.7456335
v 0.4824500 0.3510413 0.7410202
v 0.4848013 0.3435769 0.7364069
v 0.4912250 0.3381125 0.7330297
v 0.5000000 0.3361124 0.7317936
v 0.5087750 0.3381125 0.7330297
v 0.5151987 0.3435769 0.7364069
v 0.5151987 0.3644203 0.7360636
v 0.5175500 0.3569558 0.7314503
v 0.5087750 0.3698846 0.7394408
v 0.5000000 0.3718847 0.7406769
v 0.4912250 0.3698846 0.7394408
v 0.4848013 0.3644203 0.7360636
v 0.4824500 0.3569558 0.7314503
v 0.4848013 0.3494914 0.7268371
v 0.4912250 0.3440270 0.7234599
v 0.5000000 0.3420269 0.7222238
v 0.5087750 0.3440270 0.7234599
v 0.5151987 0.3494914 0.7268371
v 0.5000000 0.3569558 0.7314503
v 0.5180900 0.3567587 0.7317693
v 0.5156664 0.3644528 0.7365246
v 0.5177708 0.3648949 0.7381203
v 0.5205200 0.3561672 0.7327263
v 0.5090450 0.3700853 0.7400057
v 0.5102600 0.3712840 0.7420690
v 0.5000000 0.3721469 0.7412798
v 0.5000000 0.3736226 0.7435143
v 0.4909550 0.3700853 0.7400057
v 0.4897400 0.3712840 0.7420690
v 0.4843336 0.3644528 0.7365246
v 0.4822292 0.3648949 0.7381203
v 0.4819100 0.3567587 0.7317693
v 0.4794800 0.3561672 0.7327263
v 0.4843336 0.3490645 0.7270141
v 0.4822292 0.3474395 0.7273323
v 0.4909550 0.3434320 0.7235330
v 0.4897400 0.3410504 0.7233836
v 0.5000000 0.3413704 0.7222589
v 0.5000000 0.3387119 0.7219383
v 0.5090450 0.3434320 0.7235330
v 0.5102600 0.3410504 0.7233836
v 0.5156664 0.3490645 0.7270141
v 0.5177708 0.3474395 0.7273323
v 0.5177708 0.3629234 0.7413103
v 0.5205200 0.3541957 0.7359163
v 0.5102600 0.3693125 0.7452590
v 0.5000000 0.3716511 0.7467043
v 0.4897400 0.3693125 0.7452590
v 0.4822292 0.3629234 0.7413103
v 0.4794800 0.3541957 0.7359163
v 0.4822292 0.3454681 0.7305223
v 0.4897400 0.3390789 0.7265736
v 0.5000000 0.3367404 0.7251283
v 0.5102600 0.3390789 0.7265736
v 0.5177708 0.3454681 0.7305223
v 0.5156664 0.3614956 0.7413095
v 0.5180900 0.3538014 0.7365543
v 0.5090450 0.3671281 0.7447906
v 0.5000000 0.3691897 0.7460647
v 0.4909550 0.3671281 0.7447906
v 0.4843336 0.3614956 0.7413095
v 0.4819100 0.3538014 0.7365543
v 0.4843336 0.3461073 0.7317990
v 0.4909550 0.3404748 0.7283179
v 0.5000000 0.3384132 0.7270438
v 0.5090450 0.3404748 0.7283179
v 0.5156664 0.3461073 0.7317990
v 0.5000000 0.3567192 0.7318331
v 0.5130943 0.3631502 0.7358077
v 0.5151200 0.3567192 0.7318331
v 0.5075600 0.3678579 0.7387172
v 0.5000000 0.3695811 0.7397822
v 0.4924400 0.3678579 0.7387172
v 0.4869057 0.3631502 0.7358077
v 0.4848800 0.3567192 0.7318331
v 0.4869057 0.3502883 0.7278586
v 0.4924400 0.3455806 0.7249491
v 0.5000000 0.3438574 0.7238841
v 0.5075600 0.3455806 0.7249491
v 0.5130943 0.3502883 0.7278586
v 0.5130943 0.3621250 0.7374664
v 0.5151200 0.3556941 0.7334919
v 0.5075600 0.3668327 0.7403760
v 0.5000000 0.3685559 0.7414410
v 0.4924400 0.3668327 0.7403760
v 0.4869057 0.3621250 0.7374664
v 0.4848800 0.3556941 0.7334919
v 0.4869057 0.3492631 0.7295174
v 0.4924400 0.3445554 0.7266078
v 0.5000000 0.3428322 0.7255429
v 0.5075600 0.3445554 0.7266078
v 0.5130943 0.3492631 0.7295174
v 0.5000000 0.3556941 0.7334919
v 0.5837060 0.4614951 0.7843769
v 0.5739560 0.4614951 0.7843769
v 0.5739560 0.4474594 0.7757024
v 0.5837060 0.4636637 0.7808680
v 0.5739560 0.4496280 0.7721934
v 0.5739560 0.4636637 0.7808680
v 0.5837060 0.4474594 0.7757024
v 0.5837060 0.4496280 0.7721934
v 0.5815610 0.4580602 0.7830300
v 0.5761010 0.4580602 0.7830300
v 0.5761010 0.4502002 0.7781722
v 0.5815610 0.4584506 0.7823984
v 0.5761010 0.4505906 0.7775406
v 0.5761010 0.4584506 0.7823984
v 0.5815610 0.4502002 0.7781722
v 0.5815610 0.4505906 0.7775406
v 0.4260440 0.4614951 0.7843769
v 0.4162940 0.4614951 0.7843769
v 0.4162940 0.4474594 0.7757024
v 0.4260440 0.4636637 0.7808680
v 0.4162940 0.4496280 0.7721934
v 0.4162940 0.4636637 0.7808680
v 0.4260440 0.4474594 0.7757024
v 0.4260440 0.4496280 0.7721934
v 0.4238990 0.4580602 0.7830300
v 0.4184390 0.4580602 0.7830300
v 0.4184390 0.4502002 0.7781722
v 0.4238990 0.4584506 0.7823984
v 0.4184390 0.4505906 0.7775406
v 0.4184390 0.4584506 0.7823984
v 0.4238990 0.4502002 0.7781722
v 0.4238990 0.4505906 0.7775406
v 0.3773237 0.3339438 0.7055459
v 0.3675737 0.3339438 0.7055459
v 0.3675737 0.3199081 0.6968714
v 0.3773237 0.3361125 0.7020370
v 0.3675737 0.3220767 0.6933624
v 0.3675737 0.3361125 0.7020370
v 0.3773237 0.3199081 0.6968714
v 0.3773237 0.3220767 0.6933624
v 0.3751787 0.3305090 0.7041990
v 0.3697187 0.3305090 0.7041990
v 0.3697187 0.3226490 0.6993412
v 0.3751787 0.3308994 0.7035674
v 0.3697187 0.3230393 0.6987096
v 0.3697187 0.3308994 0.7035674
v 0.3751787 0.3226490 0.6993412
v 0.3751787 0.3230393 0.6987096
v 0.5048750 0.2551128 0.6568257
v 0.4951250 0.2551128 0.6568257
v 0.4951250 0.2410771 0.6481511
v 0.5048750 0.2572815 0.6533168
v 0.4951250 0.2432457 0.6446422
v 0.4951250 0.2572815 0.6533168
v 0.5048750 0.2410771 0.6481511
v 0.5048750 0.2432457 0.6446422
v 0.5027300 0.2516780 0.6554787
v 0.4972700 0.2516780 0.6554787
v 0.4972700 0.2438180 0.6506210
v 0.5027300 0.2520683 0.6548471
v 0.4972700 0.2442083 0.6499894
v 0.4972700 0.2520683 0.6548471
v 0.5027300 0.2438180 0.6506210
v 0.5027300 0.2442083 0.6499894
v 0.6324263 0.3339438 0.7055459
v 0.6226763 0.3339438 0.7055459
v 0.6226763 0.3199081 0.6968714
v 0.6324263 0.3361125 0.7020370
v 0.6226763 0.3220767 0.6933624
v 0.6226763 0.3361125 0.7020370
v 0.6324263 0.3199081 0.6968714
v 0.6324263 0.3220767 0.6933624
v 0.6302813 0.3305090 0.7041990
v 0.6248213 0.3305090 0.7041990
v 0.6248213 0.3226490 0.6993412
v 0.6302813 0.3308994 0.7035674
v 0.6248213 0.3230393 0.6987096
v 0.6248213 0.3308994 0.7035674
v 0.6302813 0.3226490 0.6993412
v 0.6302813 0.3230393 0.6987096
v 0.4300171 0.4493412 0.7747087
v 0.4328014 0.4445188 0.7747087
v 0.4272329 0.4445188 0.7724022
v 0.4244487 0.4493412 0.7747087
v 0.4216644 0.4445188 0.7747087
v 0.4244487 0.4396964 0.7747087
v 0.4300171 0.4396964 0.7747087
v 0.4311704 0.4513387 0.7802772
v 0.4351079 0.4445188 0.7802772
v 0.4232954 0.4513387 0.7802772
v 0.4193579 0.4445188 0.7802772
v 0.4232954 0.4376988 0.7802772
v 0.4311704 0.4376988 0.7802772
v 0.4300171 0.4493412 0.7858456
v 0.4328014 0.4445188 0.7858456
v 0.4244487 0.4493412 0.7858456
v 0.4216644 0.4445188 0.7858456
v 0.4244487 0.4396964 0.7858456
v 0.4300171 0.4396964 0.7858456
v 0.4272329 0.4445188 0.7881522
v 0.3364728 0.6799617 0.3098812
v 0.5000000 0.7810271 0.3723430
v 0.6635272 0.6799617 0.3098812
v 0.3364728 0.6704986 0.3251929
v 0.6635272 0.6704986 0.3251929
v 0.5000000 0.7715640 0.3876548
v 0.6010654 0.5164345 0.2088158
v 0.6010654 0.5069713 0.2241275
v 0.3989346 0.5164345 0.2088158
v 0.3989346 0.5069713 0.2241275
v 0.3822604 0.6702636 0.2972748
v 0.5000000 0.7430307 0.3422473
v 0.6177396 0.6702636 0.2972748
v 0.3822604 0.6675035 0.3017407
v 0.6177396 0.6675035 0.3017407
v 0.5000000 0.7402706 0.3467133
v 0.5727671 0.5525240 0.2245077
v 0.5727671 0.5497639 0.2289736
v 0.4272329 0.5525240 0.2245077
v 0.4272329 0.5497639 0.2289736
v 0.3986131 0.6672224 0.2920890
v 0.5000000 0.7298830 0.3308153
v 0.5000000 0.7108688 0.3190639
v 0.4198716 0.6613467 0.2884576
v 0.3986131 0.6650538 0.2955979
v 0.4198716 0.6591781 0.2919665
v 0.5000000 0.7087001 0.3225728
v 0.5000000 0.7277143 0.3343243
v 0.6013869 0.6672224 0.2920890
v 0.5801284 0.6613467 0.2884576
v 0.5801284 0.6591781 0.2919665
v 0.6013869 0.6650538 0.2955979
v 0.5626605 0.5658355 0.2294284
v 0.5495220 0.5812184 0.2389355
v 0.5495220 0.5790497 0.2424445
v 0.5626605 0.5636669 0.2329374
v 0.4373395 0.5658355 0.2294284
v 0.4504780 0.5812184 0.2389355
v 0.4504780 0.5790497 0.2424445
v 0.4373395 0.5636669 0.2329374
v 0.4045053 0.6645042 0.2886457
v 0.4058031 0.6679020 0.2907457
v 0.4744846 0.6489190 0.2790135
v 0.4058031 0.6661277 0.2936166
v 0.4045053 0.6627298 0.2915166
v 0.4744846 0.6471446 0.2818844
v 0.4731867 0.6455211 0.2769135
v 0.4731867 0.6437467 0.2797844
v 0.5941969 0.6679020 0.2907457
v 0.5954947 0.6645042 0.2886457
v 0.5268133 0.6455211 0.2769135
v 0.5954947 0.6627298 0.2915166
v 0.5941969 0.6661277 0.2936166
v 0.5268133 0.6437467 0.2797844
v 0.5255154 0.6489190 0.2790135
v 0.5255154 0.6471446 0.2818844
v 0.4430810 0.5703073 0.2304288
v 0.4396831 0.5724073 0.2317267
v 0.4821306 0.6221057 0.2624419
v 0.4396831 0.5706330 0.2345976
v 0.4430810 0.5685330 0.2332997
v 0.4821306 0.6203313 0.2653129
v 0.4855285 0.6200057 0.2611441
v 0.4855285 0.6182313 0.2640150
v 0.5000000 0.6379183 0.2768435
v 0.4789556 0.6482537 0.2832311
v 0.4757000 0.6379183 0.2768435
v 0.4878500 0.6558198 0.2879072
v 0.5000000 0.6585891 0.2896188
v 0.5121500 0.6558198 0.2879072
v 0.5210444 0.6482537 0.2832311
v 0.5243000 0.6379183 0.2768435
v 0.5210444 0.6275829 0.2704559
v 0.5121500 0.6200169 0.2657798
v 0.5000000 0.6172475 0.2640682
v 0.4878500 0.6200169 0.2657798
v 0.4789556 0.6275829 0.2704559
v 0.4766173 0.6523593 0.2791560
v 0.4730000 0.6408755 0.2720586
v 0.4865000 0.6607660 0.2843516
v 0.5000000 0.6638431 0.2862533
v 0.5135000 0.6607660 0.2843516
v 0.5233827 0.6523593 0.2791560
v 0.5270000 0.6408755 0.2720586
v 0.5233827 0.6293918 0.2649612
v 0.5135000 0.6209850 0.2597656
v 0.5000000 0.6179080 0.2578638
v 0.4865000 0.6209850 0.2597656
v 0.4766173 0.6293918 0.2649612
v 0.4766173 0.6576824 0.2705431
v 0.4730000 0.6461986 0.2634457
v 0.4865000 0.6660891 0.2757388
v 0.5000000 0.6691661 0.2776405
v 0.5135000 0.6660891 0.2757388
v 0.5233827 0.6576824 0.2705431
v 0.5270000 0.6461986 0.2634457
v 0.5233827 0.6347148 0.2563484
v 0.5135000 0.6263081 0.2511527
v 0.5000000 0.6232310 0.2492510
v 0.4865000 0.6263081 0.2511527
v 0.4766173 0.6347148 0.2563484
v 0.4812939 0.6581457 0.2646577
v 0.4784000 0.6489587 0.2589798
v 0.4892000 0.6648711 0.2688142
v 0.5000000 0.6673327 0.2703356
v 0.5108000 0.6648711 0.2688142
v 0.5187061 0.6581457 0.2646577
v 0.5216000 0.6489587 0.2589798
v 0.5187061 0.6397716 0.2533019
v 0.5108000 0.6330463 0.2491454
v 0.5000000 0.6305846 0.2476240
v 0.4892000 0.6330463 0.2491454
v 0.4812939 0.6397716 0.2533019
v 0.4848013 0.6564231 0.2635931
v 0.4824500 0.6489587 0.2589798
v 0.4912250 0.6618875 0.2669703
v 0.5000000 0.6638876 0.2682064
v 0.5087750 0.6618875 0.2669703
v 0.5151987 0.6564231 0.2635931
v 0.5175500 0.6489587 0.2589798
v 0.5151987 0.6414942 0.2543665
v 0.5087750 0.6360298 0.2509894
v 0.5000000 0.6340297 0.2497532
v 0.4912250 0.6360298 0.2509894
v 0.4848013 0.6414942 0.2543665
v 0.4848013 0.6505086 0.2731629
v 0.4824500 0.6430442 0.2685497
v 0.4912250 0.6559730 0.2765401
v 0.5000000 0.6579731 0.2777762
v 0.5087750 0.6559730 0.2765401
v 0.5151987 0.6505086 0.2731629
v 0.5175500 0.6430442 0.2685497
v 0.5151987 0.6355797 0.2639364
v 0.5087750 0.6301154 0.2605592
v 0.5000000 0.6281153 0.2593231
v 0.4912250 0.6301154 0.2605592
v 0.4848013 0.6355797 0.2639364
v 0.5000000 0.6430442 0.2685497
v 0.4819100 0.6432413 0.2682307
v 0.4843336 0.6509355 0.2729859
v 0.4822292 0.6525605 0.2726677
v 0.4794800 0.6438328 0.2672737
v 0.4909550 0.6565680 0.2764670
v 0.4897400 0.6589496 0.2766164
v 0.5000000 0.6586296 0.2777411
v 0.5000000 0.6612881 0.2780617
v 0.5090450 0.6565680 0.2764670
v 0.5102600 0.6589496 0.2766164
v 0.5156664 0.6509355 0.2729859
v 0.5177708 0.6525605 0.2726677
v 0.5180900 0.6432413 0.2682307
v 0.5205200 0.6438328 0.2672737
v 0.5156664 0.6355472 0.2634754
v 0.5177708 0.6351051 0.2618797
v 0.5090450 0.6299147 0.2599943
v 0.5102600 0.6287160 0.2579310
v 0.5000000 0.6278531 0.2587202
v 0.5000000 0.6263774 0.2564857
v 0.4909550 0.6299147 0.2599943
v 0.4897400 0.6287160 0.2579310
v 0.4843336 0.6355472 0.2634754
v 0.4822292 0.6351051 0.2618797
v 0.4822292 0.6545319 0.2694777
v 0.4794800 0.6458043 0.2640837
v 0.4897400 0.6609211 0.2734264
v 0.5000000 0.6632596 0.2748717
v 0.5102600 0.6609211 0.2734264
v 0.5177708 0.6545319 0.2694777
v 0.5205200 0.6458043 0.2640837
v 0.5177708 0.6370766 0.2586897
v 0.5102600 0.6306875 0.2547410
v 0.5000000 0.6283489 0.2532957
v 0.4897400 0.6306875 0.2547410
v 0.4822292 0.6370766 0.2586897
v 0.4843336 0.6538927 0.2682010
v 0.4819100 0.6461986 0.2634457
v 0.4909550 0.6595252 0.2716821
v 0.5000000 0.6615868 0.2729562
v 0.5090450 0.6595252 0.2716821
v 0.5156664 0.6538927 0.2682010
v 0.5180900 0.6461986 0.2634457
v 0.5156664 0.6385044 0.2586905
v 0.5090450 0.6328719 0.2552094
v 0.5000000 0.6308103 0.2539353
v 0.4909550 0.6328719 0.2552094
v 0.4843336 0.6385044 0.2586905
v 0.5000000 0.6432808 0.2681669
v 0.4869057 0.6497117 0.2721414
v 0.4848800 0.6432808 0.2681669
v 0.4924400 0.6544194 0.2750509
v 0.5000000 0.6561426 0.2761159
v 0.5075600 0.6544194 0.2750509
v 0.5130943 0.6497117 0.2721414
v 0.5151200 0.6432808 0.2681669
v 0.5130943 0.6368498 0.2641923
v 0.5075600 0.6321421 0.2612828
v 0.5000000 0.6304189 0.2602178
v 0.4924400 0.6321421 0.2612828
v 0.4869057 0.6368498 0.2641923
v 0.4869057 0.6507369 0.2704826
v 0.4848800 0.6443059 0.2665081
v 0.4924400 0.6554446 0.2733922
v 0.5000000 0.6571678 0.2744571
v 0.5075600 0.6554446 0.2733922
v 0.5130943 0.6507369 0.2704826
v 0.5151200 0.6443059 0.2665081
v 0.5130943 0.6378750 0.2625336
v 0.5075600 0.6331673 0.2596240
v 0.5000000 0.6314441 0.2585590
v 0.4924400 0.6331673 0.2596240
v 0.4869057 0.6378750 0.2625336
v 0.5000000 0.6443059 0.2665081
v 0.3675737 0.6800919 0.3031286
v 0.3773237 0.6800919 0.3031286
v 0.3773237 0.6660562 0.2944541
v 0.3675737 0.6779233 0.3066376
v 0.3773237 0.6638875 0.2979630
v 0.3773237 0.6779233 0.3066376
v 0.3675737 0.6660562 0.2944541
v 0.3675737 0.6638875 0.2979630
v 0.3697187 0.6773510 0.3006588
v 0.3751787 0.6773510 0.3006588
v 0.3751787 0.6694910 0.2958010
v 0.3697187 0.6769607 0.3012904
v 0.3751787 0.6691006 0.2964326
v 0.3751787 0.6769607 0.3012904
v 0.3697187 0.6694910 0.2958010
v 0.3697187 0.6691006 0.2964326
v 0.4951250 0.7589229 0.3518489
v 0.5048750 0.7589229 0.3518489
v 0.5048750 0.7448872 0.3431743
v 0.4951250 0.7567543 0.3553578
v 0.5048750 0.7427185 0.3466832
v 0.5048750 0.7567543 0.3553578
v 0.4951250 0.7448872 0.3431743
v 0.4951250 0.7427185 0.3466832
v 0.4972700 0.7561820 0.3493790
v 0.5027300 0.7561820 0.3493790
v 0.5027300 0.7483220 0.3445213
v 0.4972700 0.7557917 0.3500106
v 0.5027300 0.7479317 0.3451529
v 0.5027300 0.7557917 0.3500106
v 0.4972700 0.7483220 0.3445213
v 0.4972700 0.7479317 0.3451529
v 0.6226763 0.6800919 0.3031286
v 0.6324263 0.6800919 0.3031286
v 0.6324263 0.6660562 0.2944541
v 0.6226763 0.6779233 0.3066376
v 0.6324263 0.6638875 0.2979630
v 0.6324263 0.6779233 0.3066376
v 0.6226763 0.6660562 0.2944541
v 0.6226763 0.6638875 0.2979630
v 0.6248213 0.6773510 0.3006588
v 0.6302813 0.6773510 0.3006588
v 0.6302813 0.6694910 0.2958010
v 0.6248213 0.6769607 0.3012904
v 0.6302813 0.6691006 0.2964326
v 0.6302813 0.6769607 0.3012904
v 0.6248213 0.6694910 0.2958010
v 0.6248213 0.6691006 0.2964326
v 0.5739560 0.5525406 0.2242976
v 0.5837060 0.5525406 0.2242976
v 0.5837060 0.5385049 0.2156231
v 0.5739560 0.5503720 0.2278066
v 0.5837060 0.5363363 0.2191320
v 0.5837060 0.5503720 0.2278066
v 0.5739560 0.5385049 0.2156231
v 0.5739560 0.5363363 0.2191320
v 0.5761010 0.5497998 0.2218278
v 0.5815610 0.5497998 0.2218278
v 0.5815610 0.5419398 0.2169700
v 0.5761010 0.5494094 0.2224594
v 0.5815610 0.5415494 0.2176016
v 0.5815610 0.5494094 0.2224594
v 0.5761010 0.5419398 0.2169700
v 0.5761010 0.5415494 0.2176016
v 0.4162940 0.5525406 0.2242976
v 0.4260440 0.5525406 0.2242976
v 0.4260440 0.5385049 0.2156231
v 0.4162940 0.5503720 0.2278066
v 0.4260440 0.5363363 0.2191320
v 0.4260440 0.5503720 0.2278066
v 0.4162940 0.5385049 0.2156231
v 0.4162940 0.5363363 0.2191320
v 0.4184390 0.5497998 0.2218278
v 0.4238990 0.5497998 0.2218278
v 0.4238990 0.5419398 0.2169700
v 0.4184390 0.5494094 0.2224594
v 0.4238990 0.5415494 0.2176016
v 0.4238990 0.5494094 0.2224594
v 0.4184390 0.5419398 0.2169700
v 0.4184390 0.5415494 0.2176016
v 0.5027842 0.7508103 0.3318940
v 0.5055685 0.7459879 0.3318940
v 0.5000000 0.7459879 0.3295874
v 0.4972158 0.7508103 0.3318940
v 0.4944315 0.7459879 0.3318940
v 0.4972158 0.7411655 0.3318940
v 0.5027842 0.7411655 0.3318940
v 0.5039375 0.7528079 0.3374624
v 0.5078750 0.7459879 0.3374624
v 0.4960625 0.7528079 0.3374624
v 0.4921250 0.7459879 0.3374624
v 0.4960625 0.7391680 0.3374624
v 0.5039375 0.7391680 0.3374624
v 0.5027842 0.7508103 0.3430309
v 0.5055685 0.7459879 0.3430309
v 0.4972158 0.7508103 0.3430309
v 0.4944315 0.7459879 0.3430309
v 0.4972158 0.7411655 0.3430309
v 0.5027842 0.7411655 0.3430309
v 0.5000000 0.7459879 0.3453374
v 0.3989346 0.5164345 0.7911842
v 0.6010654 0.5164345 0.7911842
v 0.6635272 0.6799617 0.6901188
v 0.3989346 0.5069713 0.7758725
v 0.6635272 0.6704986 0.6748071
v 0.6010654 0.5069713 0.7758725
v 0.5000000 0.7810271 0.6276570
v 0.5000000 0.7715640 0.6123452
v 0.3364728 0.6799617 0.6901188
v 0.3364728 0.6704986 0.6748071
v 0.4272329 0.5525240 0.7754923
v 0.5727671 0.5525240 0.7754923
v 0.6177396 0.6702636 0.7027252
v 0.4272329 0.5497639 0.7710264
v 0.6177396 0.6675035 0.6982593
v 0.5727671 0.5497639 0.7710264
v 0.5000000 0.7430307 0.6577527
v 0.5000000 0.7402706 0.6532867
v 0.3822604 0.6702636 0.7027252
v 0.3822604 0.6675035 0.6982593
v 0.4373395 0.5658355 0.7705716
v 0.5626605 0.5658355 0.7705716
v 0.5495220 0.5812184 0.7610645
v 0.4504780 0.5812184 0.7610645
v 0.4373395 0.5636669 0.7670626
v 0.4504780 0.5790497 0.7575555
v 0.5495220 0.5790497 0.7575555
v 0.5626605 0.5636669 0.7670626
v 0.6013869 0.6672224 0.7079110
v 0.5801284 0.6613467 0.7115424
v 0.5801284 0.6591781 0.7080335
v 0.6013869 0.6650538 0.7044021
v 0.5000000 0.7298830 0.6691847
v 0.5000000 0.7108688 0.6809361
v 0.5000000 0.7087001 0.6774272
v 0.5000000 0.7277143 0.6656757
v 0.3986131 0.6672224 0.7079110
v 0.4198716 0.6613467 0.7115424
v 0.4198716 0.6591781 0.7080335
v 0.3986131 0.6650538 0.7044021
v 0.4396831 0.5724073 0.7682733
v 0.4430810 0.5703073 0.7695712
v 0.4855285 0.6200057 0.7388559
v 0.4430810 0.5685330 0.7667003
v 0.4396831 0.5706330 0.7654024
v 0.4855285 0.6182313 0.7359850
v 0.4821306 0.6221057 0.7375581
v 0.4821306 0.6203313 0.7346871
v 0.5954947 0.6645042 0.7113543
v 0.5941969 0.6679020 0.7092543
v 0.5255154 0.6489190 0.7209865
v 0.5941969 0.6661277 0.7063834
v 0.5954947 0.6627298 0.7084834
v 0.5255154 0.6471446 0.7181156
v 0.5268133 0.6455211 0.7230865
v 0.5268133 0.6437467 0.7202156
v 0.4058031 0.6679020 0.7092543
v 0.4045053 0.6645042 0.7113543
v 0.4731867 0.6455211 0.7230865
v 0.4045053 0.6627298 0.7084834
v 0.4058031 0.6661277 0.7063834
v 0.4731867 0.6437467 0.7202156
v 0.4744846 0.6489190 0.7209865
v 0.4744846 0.6471446 0.7181156
v 0.5000000 0.6379183 0.7231565
v 0.4789556 0.6275829 0.7295441
v 0.4757000 0.6379183 0.7231565
v 0.4878500 0.6200169 0.7342202
v 0.5000000 0.6172475 0.7359318
v 0.5121500 0.6200169 0.7342202
v 0.5210444 0.6275829 0.7295441
v 0.5243000 0.6379183 0.7231565
v 0.5210444 0.6482537 0.7167689
v 0.5121500 0.6558198 0.7120928
v 0.5000000 0.6585891 0.7103812
v 0.4878500 0.6558198 0.7120928
v 0.4789556 0.6482537 0.7167689
v 0.4766173 0.6293918 0.7350388
v 0.4730000 0.6408755 0.7279414
v 0.4865000 0.6209850 0.7402344
v 0.5000000 0.6179080 0.7421362
v 0.5135000 0.6209850 0.7402344
v 0.5233827 0.6293918 0.7350388
v 0.5270000 0.6408755 0.7279414
v 0.5233827 0.6523593 0.7208440
v 0.5135000 0.6607660 0.7156484
v 0.5000000 0.6638431 0.7137467
v 0.4865000 0.6607660 0.7156484
v 0.4766173 0.6523593 0.7208440
v 0.4766173 0.6347148 0.7436516
v 0.4730000 0.6461986 0.7365543
v 0.4865000 0.6263081 0.7488473
v 0.5000000 0.6232310 0.7507490
v 0.5135000 0.6263081 0.7488473
v 0.5233827 0.6347148 0.7436516
v 0.5270000 0.6461986 0.7365543
v 0.5233827 0.6576824 0.7294569
v 0.5135000 0.6660891 0.7242612
v 0.5000000 0.6691661 0.7223595
v 0.4865000 0.6660891 0.7242612
v 0.4766173 0.6576824 0.7294569
v 0.4812939 0.6397716 0.7466981
v 0.4784000 0.6489587 0.7410202
v 0.4892000 0.6330463 0.7508546
v 0.5000000 0.6305846 0.7523760
v 0.5108000 0.6330463 0.7508546
v 0.5187061 0.6397716 0.7466981
v 0.5216000 0.6489587 0.7410202
v 0.5187061 0.6581457 0.7353423
v 0.5108000 0.6648711 0.7311858
v 0.5000000 0.6673327 0.7296644
v 0.4892000 0.6648711 0.7311858
v 0.4812939 0.6581457 0.7353423
v 0.4848013 0.6414942 0.7456335
v 0.4824500 0.6489587 0.7410202
v 0.4912250 0.6360298 0.7490106
v 0.5000000 0.6340297 0.7502468
v 0.5087750 0.6360298 0.7490106
v 0.5151987 0.6414942 0.7456335
v 0.5175500 0.6489587 0.7410202
v 0.5151987 0.6564231 0.7364069
v 0.5087750 0.6618875 0.7330297
v 0.5000000 0.6638876 0.7317936
v 0.4912250 0.6618875 0.7330297
v 0.4848013 0.6564231 0.7364069
v 0.4848013 0.6355797 0.7360636
v 0.4824500 0.6430442 0.7314503
v 0.4912250 0.6301154 0.7394408
v 0.5000000 0.6281153 0.7406769
v 0.5087750 0.6301154 0.7394408
v 0.5151987 0.6355797 0.7360636
v 0.5175500 0.6430442 0.7314503
v 0.5151987 0.6505086 0.7268371
v 0.5087750 0.6559730 0.7234599
v 0.5000000 0.6579731 0.7222238
v 0.4912250 0.6559730 0.7234599
v 0.4848013 0.6505086 0.7268371
v 0.5000000 0.6430442 0.7314503
v 0.4819100 0.6432413 0.7317693
v 0.4843336 0.6355472 0.7365246
v 0.4822292 0.6351051 0.7381203
v 0.4794800 0.6438328 0.7327263
v 0.4909550 0.6299147 0.7400057
v 0.4897400 0.6287160 0.7420690
v 0.5000000 0.6278531 0.7412798
v 0.5000000 0.6263774 0.7435143
v 0.5090450 0.6299147 0.7400057
v 0.5102600 0.6287160 0.7420690
v 0.5156664 0.6355472 0.7365246
v 0.5177708 0.6351051 0.7381203
v 0.5180900 0.6432413 0.7317693
v 0.5205200 0.6438328 0.7327263
v 0.5156664 0.6509355 0.7270141
v 0.5177708 0.6525605 0.7273323
v 0.5090450 0.6565680 0.7235330
v 0.5102600 0.6589496 0.7233836
v 0.5000000 0.6586296 0.7222589
v 0.5000000 0.6612881 0.7219383
v 0.4909550 0.6565680 0.7235330
v 0.4897400 0.6589496 0.7233836
v 0.4843336 0.6509355 0.7270141
v 0.4822292 0.6525605 0.7273323
v 0.4822292 0.6370766 0.7413103
v 0.4794800 0.6458043 0.7359163
v 0.4897400 0.6306875 0.7452590
v 0.5000000 0.6283489 0.7467043
v 0.5102600 0.6306875 0.7452590
v 0.5177708 0.6370766 0.7413103
v 0.5205200 0.6458043 0.7359163
v 0.5177708 0.6545319 0.7305223
v 0.5102600 0.6609211 0.7265736
v 0.5000000 0.6632596 0.7251283
v 0.4897400 0.6609211 0.7265736
v 0.4822292 0.6545319 0.7305223
v 0.4843336 0.6385044 0.7413095
v 0.4819100 0.6461986 0.7365543
v 0.4909550 0.6328719 0.7447906
v 0.5000000 0.6308103 0.7460647
v 0.5090450 0.6328719 0.7447906
v 0.5156664 0.6385044 0.7413095
v 0.5180900 0.6461986 0.7365543
v 0.5156664 0.6538927 0.7317990
v 0.5090450 0.6595252 0.7283179
v 0.5000000 0.6615868 0.7270438
v 0.4909550 0.6595252 0.7283179
v 0.4843336 0.6538927 0.7317990
v 0.5000000 0.6432808 0.7318331
v 0.4869057 0.6368498 0.7358077
v 0.4848800 0.6432808 0.7318331
v 0.4924400 0.6321421 0.7387172
v 0.5000000 0.6304189 0.7397822
v 0.5075600 0.6321421 0.7387172
v 0.5130943 0.6368498 0.7358077
v 0.5151200 0.6432808 0.7318331
v 0.5130943 0.6497117 0.7278586
v 0.5075600 0.6544194 0.7249491
v 0.5000000 0.6561426 0.7238841
v 0.4924400 0.6544194 0.7249491
v 0.4869057 0.6497117 0.7278586
v 0.4869057 0.6378750 0.7374664
v 0.4848800 0.6443059 0.7334919
v 0.4924400 0.6331673 0.7403760
v 0.5000000 0.6314441 0.7414410
v 0.5075600 0.6331673 0.7403760
v 0.5130943 0.6378750 0.7374664
v 0.5151200 0.6443059 0.7334919
v 0.5130943 0.6507369 0.7295174
v 0.5075600 0.6554446 0.7266078
v 0.5000000 0.6571678 0.7255429
v 0.4924400 0.6554446 0.7266078
v 0.4869057 0.6507369 0.7295174
v 0.5000000 0.6443059 0.7334919
v 0.4162940 0.5385049 0.7843769
v 0.4260440 0.5385049 0.7843769
v 0.4260440 0.5525406 0.7757024
v 0.4162940 0.5363363 0.7808680
v 0.4260440 0.5503720 0.7721934
v 0.4260440 0.5363363 0.7808680
v 0.4162940 0.5525406 0.7757024
v 0.4162940 0.5503720 0.7721934
v 0.4184390 0.5419398 0.7830300
v 0.4238990 0.5419398 0.7830300
v 0.4238990 0.5497998 0.7781722
v 0.4184390 0.5415494 0.7823984
v 0.4238990 0.5494094 0.7775406
v 0.4238990 0.5415494 0.7823984
v 0.4184390 0.5497998 0.7781722
v 0.4184390 0.5494094 0.7775406
v 0.5739560 0.5385049 0.7843769
v 0.5837060 0.5385049 0.7843769
v 0.5837060 0.5525406 0.7757024
v 0.5739560 0.5363363 0.7808680
v 0.5837060 0.5503720 0.7721934
v 0.5837060 0.5363363 0.7808680
v 0.5739560 0.5525406 0.7757024
v 0.5739560 0.5503720 0.7721934
v 0.5761010 0.5419398 0.7830300
v 0.5815610 0.5419398 0.7830300
v 0.5815610 0.5497998 0.7781722
v 0.5761010 0.5415494 0.7823984
v 0.5815610 0.5494094 0.7775406
v 0.5815610 0.5415494 0.7823984
v 0.5761010 0.5497998 0.7781722
v 0.5761010 0.5494094 0.7775406
v 0.6226763 0.6660562 0.7055459
v 0.6324263 0.6660562 0.7055459
v 0.6324263 0.6800919 0.6968714
v 0.6226763 0.6638875 0.7020370
v 0.6324263 0.6779233 0.6933624
v 0.6324263 0.6638875 0.7020370
v 0.6226763 0.6800919 0.6968714
v 0.6226763 0.6779233 0.6933624
v 0.6248213 0.6694910 0.7041990
v 0.6302813 0.6694910 0.7041990
v 0.6302813 0.6773510 0.6993412
v 0.6248213 0.6691006 0.7035674
v 0.6302813 0.6769607 0.6987096
v 0.6302813 0.6691006 0.7035674
v 0.6248213 0.6773510 0.6993412
v 0.6248213 0.6769607 0.6987096
v 0.4951250 0.7448872 0.6568257
v 0.5048750 0.7448872 0.6568257
v 0.5048750 0.7589229 0.6481511
v 0.4951250 0.7427185 0.6533168
v 0.5048750 0.7567543 0.6446422
v 0.5048750 0.7427185 0.6533168
v 0.4951250 0.7589229 0.6481511
v 0.4951250 0.7567543 0.6446422
v 0.4972700 0.7483220 0.6554787
v 0.5027300 0.7483220 0.6554787
v 0.5027300 0.7561820 0.6506210
v 0.4972700 0.7479317 0.6548471
v 0.5027300 0.7557917 0.6499894
v 0.5027300 0.7479317 0.6548471
v 0.4972700 0.7561820 0.6506210
v 0.4972700 0.7557917 0.6499894
v 0.3675737 0.6660562 0.7055459
v 0.3773237 0.6660562 0.7055459
v 0.3773237 0.6800919 0.6968714
v 0.3675737 0.6638875 0.7020370
v 0.3773237 0.6779233 0.6933624
v 0.3773237 0.6638875 0.7020370
v 0.3675737 0.6800919 0.6968714
v 0.3675737 0.6779233 0.6933624
v 0.3697187 0.6694910 0.7041990
v 0.3751787 0.6694910 0.7041990
v 0.3751787 0.6773510 0.6993412
v 0.3697187 0.6691006 0.7035674
v 0.3751787 0.6769607 0.6987096
v 0.3751787 0.6691006 0.7035674
v 0.3697187 0.6773510 0.6993412
v 0.3697187 0.6769607 0.6987096
v 0.5755513 0.5603036 0.7747087
v 0.5783356 0.5554812 0.7747087
v 0.5727671 0.5554812 0.7724022
v 0.5699829 0.5603036 0.7747087
v 0.5671986 0.5554812 0.7747087
v 0.5699829 0.5506588 0.7747087
v 0.5755513 0.5506588 0.7747087
v 0.5767046 0.5623012 0.7802772
v 0.5806421 0.5554812 0.7802772
v 0.5688296 0.5623012 0.7802772
v 0.5648921 0.5554812 0.7802772
v 0.5688296 0.5486613 0.7802772
v 0.5767046 0.5486613 0.7802772
v 0.5755513 0.5603036 0.7858456
v 0.5783356 0.5554812 0.7858456
v 0.5699829 0.5603036 0.7858456
v 0.5671986 0.5554812 0.7858456
v 0.5699829 0.5506588 0.7858456
v 0.5755513 0.5506588 0.7858456
v 0.5727671 0.5554812 0.7881522
v 0.4835655 0.2088158 0.6010654
v 0.3200383 0.3098812 0.6635272
v 0.2189729 0.3723430 0.5000000
v 0.4930287 0.2241275 0.6010654
v 0.2284360 0.3876548 0.5000000
v 0.3295014 0.3251929 0.6635272
v 0.3200383 0.3098812 0.3364728
v 0.3295014 0.3251929 0.3364728
v 0.4835655 0.2088158 0.3989346
v 0.4930287 0.2241275 0.3989346
v 0.4474760 0.2245077 0.5727671
v 0.3297364 0.2972748 0.6177396
v 0.2569693 0.3422473 0.5000000
v 0.4502361 0.2289736 0.5727671
v 0.2597294 0.3467133 0.5000000
v 0.3324965 0.3017407 0.6177396
v 0.3297364 0.2972748 0.3822604
v 0.3324965 0.3017407 0.3822604
v 0.4474760 0.2245077 0.4272329
v 0.4502361 0.2289736 0.4272329
v 0.4341645 0.2294284 0.5626605
v 0.3327776 0.2920890 0.6013869
v 0.3386533 0.2884576 0.5801284
v 0.4187816 0.2389355 0.5495220
v 0.4363331 0.2329374 0.5626605
v 0.4209503 0.2424445 0.5495220
v 0.3408219 0.2919665 0.5801284
v 0.3349462 0.2955979 0.6013869
v 0.2701170 0.3308153 0.5000000
v 0.2891312 0.3190639 0.5000000
v 0.2912999 0.3225728 0.5000000
v 0.2722857 0.3343243 0.5000000
v 0.3327776 0.2920890 0.3986131
v 0.3386533 0.2884576 0.4198716
v 0.3408219 0.2919665 0.4198716
v 0.3349462 0.2955979 0.3986131
v 0.4341645 0.2294284 0.4373395
v 0.4187816 0.2389355 0.4504780
v 0.4209503 0.2424445 0.4504780
v 0.4363331 0.2329374 0.4373395
v 0.4296927 0.2304288 0.5569190
v 0.4275927 0.2317267 0.5603169
v 0.3778943 0.2624419 0.5178694
v 0.4293670 0.2345976 0.5603169
v 0.4314670 0.2332997 0.5569190
v 0.3796687 0.2653129 0.5178694
v 0.3799943 0.2611441 0.5144715
v 0.3817687 0.2640150 0.5144715
v 0.2751790 0.3259235 0.5021000
v 0.2751790 0.3259235 0.4979000
v 0.3366095 0.2879574 0.4979000
v 0.2769533 0.3287945 0.4979000
v 0.2769533 0.3287945 0.5021000
v 0.3383839 0.2908283 0.4979000
v 0.3366095 0.2879574 0.5021000
v 0.3383839 0.2908283 0.5021000
v 0.4275927 0.2317267 0.4396831
v 0.4296927 0.2304288 0.4430810
v 0.3799943 0.2611441 0.4855285
v 0.4314670 0.2332997 0.4430810
v 0.4293670 0.2345976 0.4396831
v 0.3817687 0.2640150 0.4855285
v 0.3778943 0.2624419 0.4821306
v 0.3796687 0.2653129 0.4821306
v 0.3620817 0.2768435 0.5000000
v 0.3799831 0.2657798 0.5121500
v 0.3827525 0.2640682 0.5000000
v 0.3724171 0.2704559 0.5210444
v 0.3620817 0.2768435 0.5243000
v 0.3517463 0.2832311 0.5210444
v 0.3441802 0.2879072 0.5121500
v 0.3414109 0.2896188 0.5000000
v 0.3441802 0.2879072 0.4878500
v 0.3517463 0.2832311 0.4789556
v 0.3620817 0.2768435 0.4757000
v 0.3724171 0.2704559 0.4789556
v 0.3799831 0.2657798 0.4878500
v 0.3790150 0.2597656 0.5135000
v 0.3820920 0.2578638 0.5000000
v 0.3706082 0.2649612 0.5233827
v 0.3591245 0.2720586 0.5270000
v 0.3476407 0.2791560 0.5233827
v 0.3392340 0.2843516 0.5135000
v 0.3361569 0.2862533 0.5000000
v 0.3392340 0.2843516 0.4865000
v 0.3476407 0.2791560 0.4766173
v 0.3591245 0.2720586 0.4730000
v 0.3706082 0.2649612 0.4766173
v 0.3790150 0.2597656 0.4865000
v 0.3736919 0.2511527 0.5135000
v 0.3767690 0.2492510 0.5000000
v 0.3652852 0.2563484 0.5233827
v 0.3538014 0.2634457 0.5270000
v 0.3423176 0.2705431 0.5233827
v 0.3339109 0.2757388 0.5135000
v 0.3308339 0.2776405 0.5000000
v 0.3339109 0.2757388 0.4865000
v 0.3423176 0.2705431 0.4766173
v 0.3538014 0.2634457 0.4730000
v 0.3652852 0.2563484 0.4766173
v 0.3736919 0.2511527 0.4865000
v 0.3669537 0.2491454 0.5108000
v 0.3694154 0.2476240 0.5000000
v 0.3602284 0.2533019 0.5187061
v 0.3510413 0.2589798 0.5216000
v 0.3418543 0.2646577 0.5187061
v 0.3351289 0.2688142 0.5108000
v 0.3326673 0.2703356 0.5000000
v 0.3351289 0.2688142 0.4892000
v 0.3418543 0.2646577 0.4812939
v 0.3510413 0.2589798 0.4784000
v 0.3602284 0.2533019 0.4812939
v 0.3669537 0.2491454 0.4892000
v 0.3639702 0.2509894 0.5087750
v 0.3659703 0.2497532 0.5000000
v 0.3585058 0.2543665 0.5151987
v 0.3510413 0.2589798 0.5175500
v 0.3435769 0.2635931 0.5151987
v 0.3381125 0.2669703 0.5087750
v 0.3361124 0.2682064 0.5000000
v 0.3381125 0.2669703 0.4912250
v 0.3435769 0.2635931 0.4848013
v 0.3510413 0.2589798 0.4824500
v 0.3585058 0.2543665 0.4848013
v 0.3639702 0.2509894 0.4912250
v 0.3698846 0.2605592 0.5087750
v 0.3718847 0.2593231 0.5000000
v 0.3644203 0.2639364 0.5151987
v 0.3569558 0.2685497 0.5175500
v 0.3494914 0.2731629 0.5151987
v 0.3440270 0.2765401 0.5087750
v 0.3420269 0.2777762 0.5000000
v 0.3440270 0.2765401 0.4912250
v 0.3494914 0.2731629 0.4848013
v 0.3569558 0.2685497 0.4824500
v 0.3644203 0.2639364 0.4848013
v 0.3698846 0.2605592 0.4912250
v 0.3569558 0.2685497 0.5000000
v 0.3721469 0.2587202 0.5000000
v 0.3700853 0.2599943 0.5090450
v 0.3712840 0.2579310 0.5102600
v 0.3736226 0.2564857 0.5000000
v 0.3644528 0.2634754 0.5156664
v 0.3648949 0.2618797 0.5177708
v 0.3567587 0.2682307 0.5180900
v 0.3561672 0.2672737 0.5205200
v 0.3490645 0.2729859 0.5156664
v 0.3474395 0.2726677 0.5177708
v 0.3434320 0.2764670 0.5090450
v 0.3410504 0.2766164 0.5102600
v 0.3413704 0.2777411 0.5000000
v 0.3387119 0.2780617 0.5000000
v 0.3434320 0.2764670 0.4909550
v 0.3410504 0.2766164 0.4897400
v 0.3490645 0.2729859 0.4843336
v 0.3474395 0.2726677 0.4822292
v 0.3567587 0.2682307 0.4819100
v 0.3561672 0.2672737 0.4794800
v 0.3644528 0.2634754 0.4843336
v 0.3648949 0.2618797 0.4822292
v 0.3700853 0.2599943 0.4909550
v 0.3712840 0.2579310 0.4897400
v 0.3693125 0.2547410 0.5102600
v 0.3716511 0.2532957 0.5000000
v 0.3629234 0.2586897 0.5177708
v 0.3541957 0.2640837 0.5205200
v 0.3454681 0.2694777 0.5177708
v 0.3390789 0.2734264 0.5102600
v 0.3367404 0.2748717 0.5000000
v 0.3390789 0.2734264 0.4897400
v 0.3454681 0.2694777 0.4822292
v 0.3541957 0.2640837 0.4794800
v 0.3629234 0.2586897 0.4822292
v 0.3693125 0.2547410 0.4897400
v 0.3671281 0.2552094 0.5090450
v 0.3691897 0.2539353 0.5000000
v 0.3614956 0.2586905 0.5156664
v 0.3538014 0.2634457 0.5180900
v 0.3461073 0.2682010 0.5156664
v 0.3404748 0.2716821 0.5090450
v 0.3384132 0.2729562 0.5000000
v 0.3404748 0.2716821 0.4909550
v 0.3461073 0.2682010 0.4843336
v 0.3538014 0.2634457 0.4819100
v 0.3614956 0.2586905 0.4843336
v 0.3671281 0.2552094 0.4909550
v 0.3567192 0.2681669 0.5000000
v 0.3678579 0.2612828 0.5075600
v 0.3695811 0.2602178 0.5000000
v 0.3631502 0.2641923 0.5130943
v 0.3567192 0.2681669 0.5151200
v 0.3502883 0.2721414 0.5130943
v 0.3455806 0.2750509 0.5075600
v 0.3438574 0.2761159 0.5000000
v 0.3455806 0.2750509 0.4924400
v 0.3502883 0.2721414 0.4869057
v 0.3567192 0.2681669 0.4848800
v 0.3631502 0.2641923 0.4869057
v 0.3678579 0.2612828 0.4924400
v 0.3668327 0.2596240 0.5075600
v 0.3685559 0.2585590 0.5000000
v 0.3621250 0.2625336 0.5130943
v 0.3556941 0.2665081 0.5151200
v 0.3492631 0.2704826 0.5130943
v 0.3445554 0.2733922 0.5075600
v 0.3428322 0.2744571 0.5000000
v 0.3445554 0.2733922 0.4924400
v 0.3492631 0.2704826 0.4869057
v 0.3556941 0.2665081 0.4848800
v 0.3621250 0.2625336 0.4869057
v 0.3668327 0.2596240 0.4924400
v 0.3556941 0.2665081 0.5000000
v 0.4586241 0.2173974 0.5870810
v 0.4503303 0.2225233 0.5870810
v 0.4503303 0.2225233 0.5705810
v 0.4607928 0.2209063 0.5870810
v 0.4524989 0.2260322 0.5705810
v 0.4524989 0.2260322 0.5870810
v 0.4586241 0.2173974 0.5705810
v 0.4607928 0.2209063 0.5705810
v 0.4564525 0.2179637 0.5834510
v 0.4518080 0.2208342 0.5834510
v 0.4518080 0.2208342 0.5742110
v 0.4568429 0.2185953 0.5834510
v 0.4521983 0.2214658 0.5742110
v 0.4521983 0.2214658 0.5834510
v 0.4564525 0.2179637 0.5742110
v 0.4568429 0.2185953 0.5742110
v 0.3310729 0.2962284 0.6358013
v 0.3227790 0.3013543 0.6358013
v 0.3227790 0.3013543 0.6193013
v 0.3332415 0.2997373 0.6358013
v 0.3249477 0.3048632 0.6193013
v 0.3249477 0.3048632 0.6358013
v 0.3310729 0.2962284 0.6193013
v 0.3332415 0.2997373 0.6193013
v 0.3289013 0.2967947 0.6321713
v 0.3242567 0.2996652 0.6321713
v 0.3242567 0.2996652 0.6229313
v 0.3292916 0.2974263 0.6321713
v 0.3246471 0.3002968 0.6229313
v 0.3246471 0.3002968 0.6321713
v 0.3289013 0.2967947 0.6229313
v 0.3292916 0.2974263 0.6229313
v 0.2522419 0.3449487 0.5082500
v 0.2439480 0.3500745 0.5082500
v 0.2439480 0.3500745 0.4917500
v 0.2544105 0.3484576 0.5082500
v 0.2461167 0.3535835 0.4917500
v 0.2461167 0.3535835 0.5082500
v 0.2522419 0.3449487 0.4917500
v 0.2544105 0.3484576 0.4917500
v 0.2500703 0.3455149 0.5046200
v 0.2454257 0.3483854 0.5046200
v 0.2454257 0.3483854 0.4953800
v 0.2504606 0.3461465 0.5046200
v 0.2458161 0.3490170 0.4953800
v 0.2458161 0.3490170 0.5046200
v 0.2500703 0.3455149 0.4953800
v 0.2504606 0.3461465 0.4953800
v 0.3310729 0.2962284 0.3806987
v 0.3227790 0.3013543 0.3806987
v 0.3227790 0.3013543 0.3641987
v 0.3332415 0.2997373 0.3806987
v 0.3249477 0.3048632 0.3641987
v 0.3249477 0.3048632 0.3806987
v 0.3310729 0.2962284 0.3641987
v 0.3332415 0.2997373 0.3641987
v 0.3289013 0.2967947 0.3770687
v 0.3242567 0.2996652 0.3770687
v 0.3242567 0.2996652 0.3678287
v 0.3292916 0.2974263 0.3770687
v 0.3246471 0.3002968 0.3678287
v 0.3246471 0.3002968 0.3770687
v 0.3289013 0.2967947 0.3678287
v 0.3292916 0.2974263 0.3678287
v 0.4586241 0.2173974 0.4294190
v 0.4503303 0.2225233 0.4294190
v 0.4503303 0.2225233 0.4129190
v 0.4607928 0.2209063 0.4294190
v 0.4524989 0.2260322 0.4129190
v 0.4524989 0.2260322 0.4294190
v 0.4586241 0.2173974 0.4129190
v 0.4607928 0.2209063 0.4129190
v 0.4564525 0.2179637 0.4257890
v 0.4518080 0.2208342 0.4257890
v 0.4518080 0.2208342 0.4165490
v 0.4568429 0.2185953 0.4257890
v 0.4521983 0.2214658 0.4165490
v 0.4521983 0.2214658 0.4257890
v 0.4564525 0.2179637 0.4165490
v 0.4568429 0.2185953 0.4165490
v 0.3295634 0.2973123 0.6121712
v 0.3323476 0.2924899 0.6121712
v 0.3267792 0.2924899 0.6098646
v 0.3239949 0.2973123 0.6121712
v 0.3212107 0.2924899 0.6121712
v 0.3239949 0.2876675 0.6121712
v 0.3295634 0.2876675 0.6121712
v 0.3307167 0.2993099 0.6177396
v 0.3346542 0.2924899 0.6177396
v 0.3228417 0.2993099 0.6177396
v 0.3189042 0.2924899 0.6177396
v 0.3228417 0.2856700 0.6177396
v 0.3307167 0.2856700 0.6177396
v 0.3295634 0.2973123 0.6233081
v 0.3323476 0.2924899 0.6233081
v 0.3239949 0.2973123 0.6233081
v 0.3212107 0.2924899 0.6233081
v 0.3239949 0.2876675 0.6233081
v 0.3295634 0.2876675 0.6233081
v 0.3267792 0.2924899 0.6256146
v 0.3200383 0.6901188 0.6635272
v 0.4835655 0.7911842 0.6010654
v 0.4835655 0.7911842 0.3989346
v 0.3295014 0.6748071 0.6635272
v 0.4930287 0.7758725 0.3989346
v 0.4930287 0.7758725 0.6010654
v 0.3200383 0.6901188 0.3364728
v 0.3295014 0.6748071 0.3364728
v 0.2189729 0.6276570 0.5000000
v 0.2284360 0.6123452 0.5000000
v 0.3297364 0.7027252 0.6177396
v 0.4474760 0.7754923 0.5727671
v 0.4474760 0.7754923 0.4272329
v 0.3324965 0.6982593 0.6177396
v 0.4502361 0.7710264 0.4272329
v 0.4502361 0.7710264 0.5727671
v 0.3297364 0.7027252 0.3822604
v 0.3324965 0.6982593 0.3822604
v 0.2569693 0.6577527 0.5000000
v 0.2597294 0.6532867 0.5000000
v 0.3327776 0.7079110 0.6013869
v 0.4341645 0.7705716 0.5626605
v 0.4187816 0.7610645 0.5495220
v 0.3386533 0.7115424 0.5801284
v 0.3349462 0.7044021 0.6013869
v 0.3408219 0.7080335 0.5801284
v 0.4209503 0.7575555 0.5495220
v 0.4363331 0.7670626 0.5626605
v 0.4341645 0.7705716 0.4373395
v 0.4187816 0.7610645 0.4504780
v 0.4209503 0.7575555 0.4504780
v 0.4363331 0.7670626 0.4373395
v 0.3327776 0.7079110 0.3986131
v 0.3386533 0.7115424 0.4198716
v 0.3408219 0.7080335 0.4198716
v 0.3349462 0.7044021 0.3986131
v 0.2701170 0.6691847 0.5000000
v 0.2891312 0.6809361 0.5000000
v 0.2912999 0.6774272 0.5000000
v 0.2722857 0.6656757 0.5000000
v 0.3320980 0.7092543 0.5941969
v 0.3354958 0.7113543 0.5954947
v 0.3544789 0.7230865 0.5268133
v 0.3372702 0.7084834 0.5954947
v 0.3338723 0.7063834 0.5941969
v 0.3562533 0.7202156 0.5268133
v 0.3510810 0.7209865 0.5255154
v 0.3528554 0.7181156 0.5255154
v 0.4296927 0.7695712 0.4430810
v 0.4275927 0.7682733 0.4396831
v 0.3778943 0.7375581 0.4821306
v 0.4293670 0.7654024 0.4396831
v 0.4314670 0.7667003 0.4430810
v 0.3796687 0.7346871 0.4821306
v 0.3799943 0.7388559 0.4855285
v 0.3817687 0.7359850 0.4855285
v 0.2751790 0.6740765 0.4979000
v 0.2751790 0.6740765 0.5021000
v 0.3366095 0.7120426 0.5021000
v 0.2769533 0.6712055 0.5021000
v 0.2769533 0.6712055 0.4979000
v 0.3383839 0.7091717 0.5021000
v 0.3366095 0.7120426 0.4979000
v 0.3383839 0.7091717 0.4979000
v 0.3620817 0.7231565 0.5000000
v 0.3441802 0.7120928 0.5121500
v 0.3414109 0.7103812 0.5000000
v 0.3517463 0.7167689 0.5210444
v 0.3620817 0.7231565 0.5243000
v 0.3724171 0.7295441 0.5210444
v 0.3799831 0.7342202 0.5121500
v 0.3827525 0.7359318 0.5000000
v 0.3799831 0.7342202 0.4878500
v 0.3724171 0.7295441 0.4789556
v 0.3620817 0.7231565 0.4757000
v 0.3517463 0.7167689 0.4789556
v 0.3441802 0.7120928 0.4878500
v 0.3392340 0.7156484 0.5135000
v 0.3361569 0.7137467 0.5000000
v 0.3476407 0.7208440 0.5233827
v 0.3591245 0.7279414 0.5270000
v 0.3706082 0.7350388 0.5233827
v 0.3790150 0.7402344 0.5135000
v 0.3820920 0.7421362 0.5000000
v 0.3790150 0.7402344 0.4865000
v 0.3706082 0.7350388 0.4766173
v 0.3591245 0.7279414 0.4730000
v 0.3476407 0.7208440 0.4766173
v 0.3392340 0.7156484 0.4865000
v 0.3339109 0.7242612 0.5135000
v 0.3308339 0.7223595 0.5000000
v 0.3423176 0.7294569 0.5233827
v 0.3538014 0.7365543 0.5270000
v 0.3652852 0.7436516 0.5233827
v 0.3736919 0.7488473 0.5135000
v 0.3767690 0.7507490 0.5000000
v 0.3736919 0.7488473 0.4865000
v 0.3652852 0.7436516 0.4766173
v 0.3538014 0.7365543 0.4730000
v 0.3423176 0.7294569 0.4766173
v 0.3339109 0.7242612 0.4865000
v 0.3351289 0.7311858 0.5108000
v 0.3326673 0.7296644 0.5000000
v 0.3418543 0.7353423 0.5187061
v 0.3510413 0.7410202 0.5216000
v 0.3602284 0.7466981 0.5187061
v 0.3669537 0.7508546 0.5108000
v 0.3694154 0.7523760 0.5000000
v 0.3669537 0.7508546 0.4892000
v 0.3602284 0.7466981 0.4812939
v 0.3510413 0.7410202 0.4784000
v 0.3418543 0.7353423 0.4812939
v 0.3351289 0.7311858 0.4892000
v 0.3381125 0.7330297 0.5087750
v 0.3361124 0.7317936 0.5000000
v 0.3435769 0.7364069 0.5151987
v 0.3510413 0.7410202 0.5175500
v 0.3585058 0.7456335 0.5151987
v 0.3639702 0.7490106 0.5087750
v 0.3659703 0.7502468 0.5000000
v 0.3639702 0.7490106 0.4912250
v 0.3585058 0.7456335 0.4848013
v 0.3510413 0.7410202 0.4824500
v 0.3435769 0.7364069 0.4848013
v 0.3381125 0.7330297 0.4912250
v 0.3440270 0.7234599 0.5087750
v 0.3420269 0.7222238 0.5000000
v 0.3494914 0.7268371 0.5151987
v 0.3569558 0.7314503 0.5175500
v 0.3644203 0.7360636 0.5151987
v 0.3698846 0.7394408 0.5087750
v 0.3718847 0.7406769 0.5000000
v 0.3698846 0.7394408 0.4912250
v 0.3644203 0.7360636 0.4848013
v 0.3569558 0.7314503 0.4824500
v 0.3494914 0.7268371 0.4848013
v 0.3440270 0.7234599 0.4912250
v 0.3569558 0.7314503 0.5000000
v 0.3413704 0.7222589 0.5000000
v 0.3434320 0.7235330 0.5090450
v 0.3410504 0.7233836 0.5102600
v 0.3387119 0.7219383 0.5000000
v 0.3490645 0.7270141 0.5156664
v 0.3474395 0.7273323 0.5177708
v 0.3567587 0.7317693 0.5180900
v 0.3561672 0.7327263 0.5205200
v 0.3644528 0.7365246 0.5156664
v 0.3648949 0.7381203 0.5177708
v 0.3700853 0.7400057 0.5090450
v 0.3712840 0.7420690 0.5102600
v 0.3721469 0.7412798 0.5000000
v 0.3736226 0.7435143 0.5000000
v 0.3700853 0.7400057 0.4909550
v 0.3712840 0.7420690 0.4897400
v 0.3644528 0.7365246 0.4843336
v 0.3648949 0.7381203 0.4822292
v 0.3567587 0.7317693 0.4819100
v 0.3561672 0.7327263 0.4794800
v 0.3490645 0.7270141 0.4843336
v 0.3474395 0.7273323 0.4822292
v 0.3434320 0.7235330 0.4909550
v 0.3410504 0.7233836 0.4897400
v 0.3390789 0.7265736 0.5102600
v 0.3367404 0.7251283 0.5000000
v 0.3454681 0.7305223 0.5177708
v 0.3541957 0.7359163 0.5205200
v 0.3629234 0.7413103 0.5177708
v 0.3693125 0.7452590 0.5102600
v 0.3716511 0.7467043 0.5000000
v 0.3693125 0.7452590 0.4897400
v 0.3629234 0.7413103 0.4822292
v 0.3541957 0.7359163 0.4794800
v 0.3454681 0.7305223 0.4822292
v 0.3390789 0.7265736 0.4897400
v 0.3404748 0.7283179 0.5090450
v 0.3384132 0.7270438 0.5000000
v 0.3461073 0.7317990 0.5156664
v 0.3538014 0.7365543 0.5180900
v 0.3614956 0.7413095 0.5156664
v 0.3671281 0.7447906 0.5090450
v 0.3691897 0.7460647 0.5000000
v 0.3671281 0.7447906 0.4909550
v 0.3614956 0.7413095 0.4843336
v 0.3538014 0.7365543 0.4819100
v 0.3461073 0.7317990 0.4843336
v 0.3404748 0.7283179 0.4909550
v 0.3567192 0.7318331 0.5000000
v 0.3455806 0.7249491 0.5075600
v 0.3438574 0.7238841 0.5000000
v 0.3502883 0.7278586 0.5130943
v 0.3567192 0.7318331 0.5151200
v 0.3631502 0.7358077 0.5130943
v 0.3678579 0.7387172 0.5075600
v 0.3695811 0.7397822 0.5000000
v 0.3678579 0.7387172 0.4924400
v 0.3631502 0.7358077 0.4869057
v 0.3567192 0.7318331 0.4848800
v 0.3502883 0.7278586 0.4869057
v 0.3455806 0.7249491 0.4924400
v 0.3445554 0.7266078 0.5075600
v 0.3428322 0.7255429 0.5000000
v 0.3492631 0.7295174 0.5130943
v 0.3556941 0.7334919 0.5151200
v 0.3621250 0.7374664 0.5130943
v 0.3668327 0.7403760 0.5075600
v 0.3685559 0.7414410 0.5000000
v 0.3668327 0.7403760 0.4924400
v 0.3621250 0.7374664 0.4869057
v 0.3556941 0.7334919 0.4848800
v 0.3492631 0.7295174 0.4869057
v 0.3445554 0.7266078 0.4924400
v 0.3556941 0.7334919 0.5000000
v 0.3227790 0.6986457 0.6358013
v 0.3310729 0.7037716 0.6358013
v 0.3310729 0.7037716 0.6193013
v 0.3249477 0.6951368 0.6358013
v 0.3332415 0.7002627 0.6193013
v 0.3332415 0.7002627 0.6358013
v 0.3227790 0.6986457 0.6193013
v 0.3249477 0.6951368 0.6193013
v 0.3242567 0.7003348 0.6321713
v 0.3289013 0.7032053 0.6321713
v 0.3289013 0.7032053 0.6229313
v 0.3246471 0.6997032 0.6321713
v 0.3292916 0.7025737 0.6229313
v 0.3292916 0.7025737 0.6321713
v 0.3242567 0.7003348 0.6229313
v 0.3246471 0.6997032 0.6229313
v 0.4503303 0.7774767 0.5870810
v 0.4586241 0.7826026 0.5870810
v 0.4586241 0.7826026 0.5705810
v 0.4524989 0.7739678 0.5870810
v 0.4607928 0.7790937 0.5705810
v 0.4607928 0.7790937 0.5870810
v 0.4503303 0.7774767 0.5705810
v 0.4524989 0.7739678 0.5705810
v 0.4518080 0.7791658 0.5834510
v 0.4564525 0.7820363 0.5834510
v 0.4564525 0.7820363 0.5742110
v 0.4521983 0.7785342 0.5834510
v 0.4568429 0.7814047 0.5742110
v 0.4568429 0.7814047 0.5834510
v 0.4518080 0.7791658 0.5742110
v 0.4521983 0.7785342 0.5742110
v 0.4503303 0.7774767 0.4294190
v 0.4586241 0.7826026 0.4294190
v 0.4586241 0.7826026 0.4129190
v 0.4524989 0.7739678 0.4294190
v 0.4607928 0.7790937 0.4129190
v 0.4607928 0.7790937 0.4294190
v 0.4503303 0.7774767 0.4129190
v 0.4524989 0.7739678 0.4129190
v 0.4518080 0.7791658 0.4257890
v 0.4564525 0.7820363 0.4257890
v 0.4564525 0.7820363 0.4165490
v 0.4521983 0.7785342 0.4257890
v 0.4568429 0.7814047 0.4165490
v 0.4568429 0.7814047 0.4257890
v 0.4518080 0.7791658 0.4165490
v 0.4521983 0.7785342 0.4165490
v 0.3227790 0.6986457 0.3806987
v 0.3310729 0.7037716 0.3806987
v 0.3310729 0.7037716 0.3641987
v 0.3249477 0.6951368 0.3806987
v 0.3332415 0.7002627 0.3641987
v 0.3332415 0.7002627 0.3806987
v 0.3227790 0.6986457 0.3641987
v 0.3249477 0.6951368 0.3641987
v 0.3242567 0.7003348 0.3770687
v 0.3289013 0.7032053 0.3770687
v 0.3289013 0.7032053 0.3678287
v 0.3246471 0.6997032 0.3770687
v 0.3292916 0.7025737 0.3678287
v 0.3292916 0.7025737 0.3770687
v 0.3242567 0.7003348 0.3678287
v 0.3246471 0.6997032 0.3678287
v 0.2439480 0.6499255 0.5082500
v 0.2522419 0.6550513 0.5082500
v 0.2522419 0.6550513 0.4917500
v 0.2461167 0.6464165 0.5082500
v 0.2544105 0.6515424 0.4917500
v 0.2544105 0.6515424 0.5082500
v 0.2439480 0.6499255 0.4917500
v 0.2461167 0.6464165 0.4917500
v 0.2454257 0.6516146 0.5046200
v 0.2500703 0.6544851 0.5046200
v 0.2500703 0.6544851 0.4953800
v 0.2458161 0.6509830 0.5046200
v 0.2504606 0.6538535 0.4953800
v 0.2504606 0.6538535 0.5046200
v 0.2454257 0.6516146 0.4953800
v 0.2458161 0.6509830 0.4953800
v 0.4473030 0.7850996 0.5671986
v 0.4500873 0.7802772 0.5671986
v 0.4445188 0.7802772 0.5648921
v 0.4417346 0.7850996 0.5671986
v 0.4389503 0.7802772 0.5671986
v 0.4417346 0.7754547 0.5671986
v 0.4473030 0.7754547 0.5671986
v 0.4484563 0.7870971 0.5727671
v 0.4523938 0.7802772 0.5727671
v 0.4405813 0.7870971 0.5727671
v 0.4366438 0.7802772 0.5727671
v 0.4405813 0.7734572 0.5727671
v 0.4484563 0.7734572 0.5727671
v 0.4473030 0.7850996 0.5783356
v 0.4500873 0.7802772 0.5783356
v 0.4417346 0.7850996 0.5783356
v 0.4389503 0.7802772 0.5783356
v 0.4417346 0.7754547 0.5783356
v 0.4473030 0.7754547 0.5783356
v 0.4445188 0.7802772 0.5806421
v 0.6799617 0.3098812 0.6635272
v 0.5164345 0.2088158 0.6010654
v 0.5164345 0.2088158 0.3989346
v 0.6704986 0.3251929 0.6635272
v 0.5069713 0.2241275 0.3989346
v 0.5069713 0.2241275 0.6010654
v 0.6799617 0.3098812 0.3364728
v 0.6704986 0.3251929 0.3364728
v 0.7810271 0.3723430 0.5000000
v 0.7715640 0.3876548 0.5000000
v 0.6702636 0.2972748 0.6177396
v 0.5525240 0.2245077 0.5727671
v 0.5525240 0.2245077 0.4272329
v 0.6675035 0.3017407 0.6177396
v 0.5497639 0.2289736 0.4272329
v 0.5497639 0.2289736 0.5727671
v 0.6702636 0.2972748 0.3822604
v 0.6675035 0.3017407 0.3822604
v 0.7430307 0.3422473 0.5000000
v 0.7402706 0.3467133 0.5000000
v 0.6672224 0.2920890 0.6013869
v 0.5658355 0.2294284 0.5626605
v 0.5812184 0.2389355 0.5495220
v 0.6613467 0.2884576 0.5801284
v 0.6650538 0.2955979 0.6013869
v 0.6591781 0.2919665 0.5801284
v 0.5790497 0.2424445 0.5495220
v 0.5636669 0.2329374 0.5626605
v 0.5658355 0.2294284 0.4373395
v 0.5812184 0.2389355 0.4504780
v 0.5790497 0.2424445 0.4504780
v 0.5636669 0.2329374 0.4373395
v 0.6672224 0.2920890 0.3986131
v 0.6613467 0.2884576 0.4198716
v 0.6591781 0.2919665 0.4198716
v 0.6650538 0.2955979 0.3986131
v 0.7298830 0.3308153 0.5000000
v 0.7108688 0.3190639 0.5000000
v 0.7087001 0.3225728 0.5000000
v 0.7277143 0.3343243 0.5000000
v 0.6679020 0.2907457 0.5941969
v 0.6645042 0.2886457 0.5954947
v 0.6455211 0.2769135 0.5268133
v 0.6627298 0.2915166 0.5954947
v 0.6661277 0.2936166 0.5941969
v 0.6437467 0.2797844 0.5268133
v 0.6489190 0.2790135 0.5255154
v 0.6471446 0.2818844 0.5255154
v 0.5703073 0.2304288 0.4430810
v 0.5724073 0.2317267 0.4396831
v 0.6221057 0.2624419 0.4821306
v 0.5706330 0.2345976 0.4396831
v 0.5685330 0.2332997 0.4430810
v 0.6203313 0.2653129 0.4821306
v 0.6200057 0.2611441 0.4855285
v 0.6182313 0.2640150 0.4855285
v 0.7248210 0.3259235 0.4979000
v 0.7248210 0.3259235 0.5021000
v 0.6633905 0.2879574 0.5021000
v 0.7230467 0.3287945 0.5021000
v 0.7230467 0.3287945 0.4979000
v 0.6616161 0.2908283 0.5021000
v 0.6633905 0.2879574 0.4979000
v 0.6616161 0.2908283 0.4979000
v 0.6379183 0.2768435 0.5000000
v 0.6558198 0.2879072 0.5121500
v 0.6585891 0.2896188 0.5000000
v 0.6482537 0.2832311 0.5210444
v 0.6379183 0.2768435 0.5243000
v 0.6275829 0.2704559 0.5210444
v 0.6200169 0.2657798 0.5121500
v 0.6172475 0.2640682 0.5000000
v 0.6200169 0.2657798 0.4878500
v 0.6275829 0.2704559 0.4789556
v 0.6379183 0.2768435 0.4757000
v 0.6482537 0.2832311 0.4789556
v 0.6558198 0.2879072 0.4878500
v 0.6607660 0.2843516 0.5135000
v 0.6638431 0.2862533 0.5000000
v 0.6523593 0.2791560 0.5233827
v 0.6408755 0.2720586 0.5270000
v 0.6293918 0.2649612 0.5233827
v 0.6209850 0.2597656 0.5135000
v 0.6179080 0.2578638 0.5000000
v 0.6209850 0.2597656 0.4865000
v 0.6293918 0.2649612 0.4766173
v 0.6408755 0.2720586 0.4730000
v 0.6523593 0.2791560 0.4766173
v 0.6607660 0.2843516 0.4865000
v 0.6660891 0.2757388 0.5135000
v 0.6691661 0.2776405 0.5000000
v 0.6576824 0.2705431 0.5233827
v 0.6461986 0.2634457 0.5270000
v 0.6347148 0.2563484 0.5233827
v 0.6263081 0.2511527 0.5135000
v 0.6232310 0.2492510 0.5000000
v 0.6263081 0.2511527 0.4865000
v 0.6347148 0.2563484 0.4766173
v 0.6461986 0.2634457 0.4730000
v 0.6576824 0.2705431 0.4766173
v 0.6660891 0.2757388 0.4865000
v 0.6648711 0.2688142 0.5108000
v 0.6673327 0.2703356 0.5000000
v 0.6581457 0.2646577 0.5187061
v 0.6489587 0.2589798 0.5216000
v 0.6397716 0.2533019 0.5187061
v 0.6330463 0.2491454 0.5108000
v 0.6305846 0.2476240 0.5000000
v 0.6330463 0.2491454 0.4892000
v 0.6397716 0.2533019 0.4812939
v 0.6489587 0.2589798 0.4784000
v 0.6581457 0.2646577 0.4812939
v 0.6648711 0.2688142 0.4892000
v 0.6618875 0.2669703 0.5087750
v 0.6638876 0.2682064 0.5000000
v 0.6564231 0.2635931 0.5151987
v 0.6489587 0.2589798 0.5175500
v 0.6414942 0.2543665 0.5151987
v 0.6360298 0.2509894 0.5087750
v 0.6340297 0.2497532 0.5000000
v 0.6360298 0.2509894 0.4912250
v 0.6414942 0.2543665 0.4848013
v 0.6489587 0.2589798 0.4824500
v 0.6564231 0.2635931 0.4848013
v 0.6618875 0.2669703 0.4912250
v 0.6559730 0.2765401 0.5087750
v 0.6579731 0.2777762 0.5000000
v 0.6505086 0.2731629 0.5151987
v 0.6430442 0.2685497 0.5175500
v 0.6355797 0.2639364 0.5151987
v 0.6301154 0.2605592 0.5087750
v 0.6281153 0.2593231 0.5000000
v 0.6301154 0.2605592 0.4912250
v 0.6355797 0.2639364 0.4848013
v 0.6430442 0.2685497 0.4824500
v 0.6505086 0.2731629 0.4848013
v 0.6559730 0.2765401 0.4912250
v 0.6430442 0.2685497 0.5000000
v 0.6586296 0.2777411 0.5000000
v 0.6565680 0.2764670 0.5090450
v 0.6589496 0.2766164 0.5102600
v 0.6612881 0.2780617 0.5000000
v 0.6509355 0.2729859 0.5156664
v 0.6525605 0.2726677 0.5177708
v 0.6432413 0.2682307 0.5180900
v 0.6438328 0.2672737 0.5205200
v 0.6355472 0.2634754 0.5156664
v 0.6351051 0.2618797 0.5177708
v 0.6299147 0.2599943 0.5090450
v 0.6287160 0.2579310 0.5102600
v 0.6278531 0.2587202 0.5000000
v 0.6263774 0.2564857 0.5000000
v 0.6299147 0.2599943 0.4909550
v 0.6287160 0.2579310 0.4897400
v 0.6355472 0.2634754 0.4843336
v 0.6351051 0.2618797 0.4822292
v 0.6432413 0.2682307 0.4819100
v 0.6438328 0.2672737 0.4794800
v 0.6509355 0.2729859 0.4843336
v 0.6525605 0.2726677 0.4822292
v 0.6565680 0.2764670 0.4909550
v 0.6589496 0.2766164 0.4897400
v 0.6609211 0.2734264 0.5102600
v 0.6632596 0.2748717 0.5000000
v 0.6545319 0.2694777 0.5177708
v 0.6458043 0.2640837 0.5205200
v 0.6370766 0.2586897 0.5177708
v 0.6306875 0.2547410 0.5102600
v 0.6283489 0.2532957 0.5000000
v 0.6306875 0.2547410 0.4897400
v 0.6370766 0.2586897 0.4822292
v 0.6458043 0.2640837 0.4794800
v 0.6545319 0.2694777 0.4822292
v 0.6609211 0.2734264 0.4897400
v 0.6595252 0.2716821 0.5090450
v 0.6615868 0.2729562 0.5000000
v 0.6538927 0.2682010 0.5156664
v 0.6461986 0.2634457 0.5180900
v 0.6385044 0.2586905 0.5156664
v 0.6328719 0.2552094 0.5090450
v 0.6308103 0.2539353 0.5000000
v 0.6328719 0.2552094 0.4909550
v 0.6385044 0.2586905 0.4843336
v 0.6461986 0.2634457 0.4819100
v 0.6538927 0.2682010 0.4843336
v 0.6595252 0.2716821 0.4909550
v 0.6432808 0.2681669 0.5000000
v 0.6544194 0.2750509 0.5075600
v 0.6561426 0.2761159 0.5000000
v 0.6497117 0.2721414 0.5130943
v 0.6432808 0.2681669 0.5151200
v 0.6368498 0.2641923 0.5130943
v 0.6321421 0.2612828 0.5075600
v 0.6304189 0.2602178 0.5000000
v 0.6321421 0.2612828 0.4924400
v 0.6368498 0.2641923 0.4869057
v 0.6432808 0.2681669 0.4848800
v 0.6497117 0.2721414 0.4869057
v 0.6544194 0.2750509 0.4924400
v 0.6554446 0.2733922 0.5075600
v 0.6571678 0.2744571 0.5000000
v 0.6507369 0.2704826 0.5130943
v 0.6443059 0.2665081 0.5151200
v 0.6378750 0.2625336 0.5130943
v 0.6331673 0.2596240 0.5075600
v 0.6314441 0.2585590 0.5000000
v 0.6331673 0.2596240 0.4924400
v 0.6378750 0.2625336 0.4869057
v 0.6443059 0.2665081 0.4848800
v 0.6507369 0.2704826 0.4869057
v 0.6554446 0.2733922 0.4924400
v 0.6443059 0.2665081 0.5000000
v 0.6772210 0.3013543 0.6358013
v 0.6689271 0.2962284 0.6358013
v 0.6689271 0.2962284 0.6193013
v 0.6750523 0.3048632 0.6358013
v 0.6667585 0.2997373 0.6193013
v 0.6667585 0.2997373 0.6358013
v 0.6772210 0.3013543 0.6193013
v 0.6750523 0.3048632 0.6193013
v 0.6757433 0.2996652 0.6321713
v 0.6710987 0.2967947 0.6321713
v 0.6710987 0.2967947 0.6229313
v 0.6753529 0.3002968 0.6321713
v 0.6707084 0.2974263 0.6229313
v 0.6707084 0.2974263 0.6321713
v 0.6757433 0.2996652 0.6229313
v 0.6753529 0.3002968 0.6229313
v 0.5496697 0.2225233 0.5870810
v 0.5413759 0.2173974 0.5870810
v 0.5413759 0.2173974 0.5705810
v 0.5475011 0.2260322 0.5870810
v 0.5392072 0.2209063 0.5705810
v 0.5392072 0.2209063 0.5870810
v 0.5496697 0.2225233 0.5705810
v 0.5475011 0.2260322 0.5705810
v 0.5481920 0.2208342 0.5834510
v 0.5435475 0.2179637 0.5834510
v 0.5435475 0.2179637 0.5742110
v 0.5478017 0.2214658 0.5834510
v 0.5431571 0.2185953 0.5742110
v 0.5431571 0.2185953 0.5834510
v 0.5481920 0.2208342 0.5742110
v 0.5478017 0.2214658 0.5742110
v 0.5496697 0.2225233 0.4294190
v 0.5413759 0.2173974 0.4294190
v 0.5413759 0.2173974 0.4129190
v 0.5475011 0.2260322 0.4294190
v 0.5392072 0.2209063 0.4129190
v 0.5392072 0.2209063 0.4294190
v 0.5496697 0.2225233 0.4129190
v 0.5475011 0.2260322 0.4129190
v 0.5481920 0.2208342 0.4257890
v 0.5435475 0.2179637 0.4257890
v 0.5435475 0.2179637 0.4165490
v 0.5478017 0.2214658 0.4257890
v 0.5431571 0.2185953 0.4165490
v 0.5431571 0.2185953 0.4257890
v 0.5481920 0.2208342 0.4165490
v 0.5478017 0.2214658 0.4165490
v 0.6772210 0.3013543 0.3806987
v 0.6689271 0.2962284 0.3806987
v 0.6689271 0.2962284 0.3641987
v 0.6750523 0.3048632 0.3806987
v 0.6667585 0.2997373 0.3641987
v 0.6667585 0.2997373 0.3806987
v 0.6772210 0.3013543 0.3641987
v 0.6750523 0.3048632 0.3641987
v 0.6757433 0.2996652 0.3770687
v 0.6710987 0.2967947 0.3770687
v 0.6710987 0.2967947 0.3678287
v 0.6753529 0.3002968 0.3770687
v 0.6707084 0.2974263 0.3678287
v 0.6707084 0.2974263 0.3770687
v 0.6757433 0.2996652 0.3678287
v 0.6753529 0.3002968 0.3678287
v 0.7560520 0.3500745 0.5082500
v 0.7477581 0.3449487 0.5082500
v 0.7477581 0.3449487 0.4917500
v 0.7538833 0.3535835 0.5082500
v 0.7455895 0.3484576 0.4917500
v 0.7455895 0.3484576 0.5082500
v 0.7560520 0.3500745 0.4917500
v 0.7538833 0.3535835 0.4917500
v 0.7545743 0.3483854 0.5046200
v 0.7499297 0.3455149 0.5046200
v 0.7499297 0.3455149 0.4953800
v 0.7541839 0.3490170 0.5046200
v 0.7495394 0.3461465 0.4953800
v 0.7495394 0.3461465 0.5046200
v 0.7545743 0.3483854 0.4953800
v 0.7541839 0.3490170 0.4953800
v 0.5582654 0.2245453 0.5671986
v 0.5610497 0.2197228 0.5671986
v 0.5554812 0.2197228 0.5648921
v 0.5526970 0.2245453 0.5671986
v 0.5499127 0.2197228 0.5671986
v 0.5526970 0.2149004 0.5671986
v 0.5582654 0.2149004 0.5671986
v 0.5594187 0.2265428 0.5727671
v 0.5633562 0.2197228 0.5727671
v 0.5515437 0.2265428 0.5727671
v 0.5476062 0.2197228 0.5727671
v 0.5515437 0.2129029 0.5727671
v 0.5594187 0.2129029 0.5727671
v 0.5582654 0.2245453 0.5783356
v 0.5610497 0.2197228 0.5783356
v 0.5526970 0.2245453 0.5783356
v 0.5499127 0.2197228 0.5783356
v 0.5526970 0.2149004 0.5783356
v 0.5582654 0.2149004 0.5783356
v 0.5554812 0.2197228 0.5806421
v 0.5164345 0.7911842 0.6010654
v 0.6799617 0.6901188 0.6635272
v 0.7810271 0.6276570 0.5000000
v 0.5069713 0.7758725 0.6010654
v 0.7715640 0.6123452 0.5000000
v 0.6704986 0.6748071 0.6635272
v 0.6799617 0.6901188 0.3364728
v 0.6704986 0.6748071 0.3364728
v 0.5164345 0.7911842 0.3989346
v 0.5069713 0.7758725 0.3989346
v 0.5525240 0.7754923 0.5727671
v 0.6702636 0.7027252 0.6177396
v 0.7430307 0.6577527 0.5000000
v 0.5497639 0.7710264 0.5727671
v 0.7402706 0.6532867 0.5000000
v 0.6675035 0.6982593 0.6177396
v 0.6702636 0.7027252 0.3822604
v 0.6675035 0.6982593 0.3822604
v 0.5525240 0.7754923 0.4272329
v 0.5497639 0.7710264 0.4272329
v 0.5658355 0.7705716 0.5626605
v 0.6672224 0.7079110 0.6013869
v 0.6613467 0.7115424 0.5801284
v 0.5812184 0.7610645 0.5495220
v 0.5636669 0.7670626 0.5626605
v 0.5790497 0.7575555 0.5495220
v 0.6591781 0.7080335 0.5801284
v 0.6650538 0.7044021 0.6013869
v 0.7298830 0.6691847 0.5000000
v 0.7108688 0.6809361 0.5000000
v 0.7087001 0.6774272 0.5000000
v 0.7277143 0.6656757 0.5000000
v 0.6672224 0.7079110 0.3986131
v 0.6613467 0.7115424 0.4198716
v 0.6591781 0.7080335 0.4198716
v 0.6650538 0.7044021 0.3986131
v 0.5658355 0.7705716 0.4373395
v 0.5812184 0.7610645 0.4504780
v 0.5790497 0.7575555 0.4504780
v 0.5636669 0.7670626 0.4373395
v 0.5703073 0.7695712 0.5569190
v 0.5724073 0.7682733 0.5603169
v 0.6221057 0.7375581 0.5178694
v 0.5706330 0.7654024 0.5603169
v 0.5685330 0.7667003 0.5569190
v 0.6203313 0.7346871 0.5178694
v 0.6200057 0.7388559 0.5144715
v 0.6182313 0.7359850 0.5144715
v 0.7248210 0.6740765 0.5021000
v 0.7248210 0.6740765 0.4979000
v 0.6633905 0.7120426 0.4979000
v 0.7230467 0.6712055 0.4979000
v 0.7230467 0.6712055 0.5021000
v 0.6616161 0.7091717 0.4979000
v 0.6633905 0.7120426 0.5021000
v 0.6616161 0.7091717 0.5021000
v 0.5724073 0.7682733 0.4396831
v 0.5703073 0.7695712 0.4430810
v 0.6200057 0.7388559 0.4855285
v 0.5685330 0.7667003 0.4430810
v 0.5706330 0.7654024 0.4396831
v 0.6182313 0.7359850 0.4855285
v 0.6221057 0.7375581 0.4821306
v 0.6203313 0.7346871 0.4821306
v 0.6379183 0.7231565 0.5000000
v 0.6200169 0.7342202 0.5121500
v 0.6172475 0.7359318 0.5000000
v 0.6275829 0.7295441 0.5210444
v 0.6379183 0.7231565 0.5243000
v 0.6482537 0.7167689 0.5210444
v 0.6558198 0.7120928 0.5121500
v 0.6585891 0.7103812 0.5000000
v 0.6558198 0.7120928 0.4878500
v 0.6482537 0.7167689 0.4789556
v 0.6379183 0.7231565 0.4757000
v 0.6275829 0.7295441 0.4789556
v 0.6200169 0.7342202 0.4878500
v 0.6209850 0.7402344 0.5135000
v 0.6179080 0.7421362 0.5000000
v 0.6293918 0.7350388 0.5233827
v 0.6408755 0.7279414 0.5270000
v 0.6523593 0.7208440 0.5233827
v 0.6607660 0.7156484 0.5135000
v 0.6638431 0.7137467 0.5000000
v 0.6607660 0.7156484 0.4865000
v 0.6523593 0.7208440 0.4766173
v 0.6408755 0.7279414 0.4730000
v 0.6293918 0.7350388 0.4766173
v 0.6209850 0.7402344 0.4865000
v 0.6263081 0.7488473 0.5135000
v 0.6232310 0.7507490 0.5000000
v 0.6347148 0.7436516 0.5233827
v 0.6461986 0.7365543 0.5270000
v 0.6576824 0.7294569 0.5233827
v 0.6660891 0.7242612 0.5135000
v 0.6691661 0.7223595 0.5000000
v 0.6660891 0.7242612 0.4865000
v 0.6576824 0.7294569 0.4766173
v 0.6461986 0.7365543 0.4730000
v 0.6347148 0.7436516 0.4766173
v 0.6263081 0.7488473 0.4865000
v 0.6330463 0.7508546 0.5108000
v 0.6305846 0.7523760 0.5000000
v 0.6397716 0.7466981 0.5187061
v 0.6489587 0.7410202 0.5216000
v 0.6581457 0.7353423 0.5187061
v 0.6648711 0.7311858 0.5108000
v 0.6673327 0.7296644 0.5000000
v 0.6648711 0.7311858 0.4892000
v 0.6581457 0.7353423 0.4812939
v 0.6489587 0.7410202 0.4784000
v 0.6397716 0.7466981 0.4812939
v 0.6330463 0.7508546 0.4892000
v 0.6360298 0.7490106 0.5087750
v 0.6340297 0.7502468 0.5000000
v 0.6414942 0.7456335 0.5151987
v 0.6489587 0.7410202 0.5175500
v 0.6564231 0.7364069 0.5151987
v 0.6618875 0.7330297 0.5087750
v 0.6638876 0.7317936 0.5000000
v 0.6618875 0.7330297 0.4912250
v 0.6564231 0.7364069 0.4848013
v 0.6489587 0.7410202 0.4824500
v 0.6414942 0.7456335 0.4848013
v 0.6360298 0.7490106 0.4912250
v 0.6301154 0.7394408 0.5087750
v 0.6281153 0.7406769 0.5000000
v 0.6355797 0.7360636 0.5151987
v 0.6430442 0.7314503 0.5175500
v 0.6505086 0.7268371 0.5151987
v 0.6559730 0.7234599 0.5087750
v 0.6579731 0.7222238 0.5000000
v 0.6559730 0.7234599 0.4912250
v 0.6505086 0.7268371 0.4848013
v 0.6430442 0.7314503 0.4824500
v 0.6355797 0.7360636 0.4848013
v 0.6301154 0.7394408 0.4912250
v 0.6430442 0.7314503 0.5000000
v 0.6278531 0.7412798 0.5000000
v 0.6299147 0.7400057 0.5090450
v 0.6287160 0.7420690 0.5102600
v 0.6263774 0.7435143 0.5000000
v 0.6355472 0.7365246 0.5156664
v 0.6351051 0.7381203 0.5177708
v 0.6432413 0.7317693 0.5180900
v 0.6438328 0.7327263 0.5205200
v 0.6509355 0.7270141 0.5156664
v 0.6525605 0.7273323 0.5177708
v 0.6565680 0.7235330 0.5090450
v 0.6589496 0.7233836 0.5102600
v 0.6586296 0.7222589 0.5000000
v 0.6612881 0.7219383 0.5000000
v 0.6565680 0.7235330 0.4909550
v 0.6589496 0.7233836 0.4897400
v 0.6509355 0.7270141 0.4843336
v 0.6525605 0.7273323 0.4822292
v 0.6432413 0.7317693 0.4819100
v 0.6438328 0.7327263 0.4794800
v 0.6355472 0.7365246 0.4843336
v 0.6351051 0.7381203 0.4822292
v 0.6299147 0.7400057 0.4909550
v 0.6287160 0.7420690 0.4897400
v 0.6306875 0.7452590 0.5102600
v 0.6283489 0.7467043 0.5000000
v 0.6370766 0.7413103 0.5177708
v 0.6458043 0.7359163 0.5205200
v 0.6545319 0.7305223 0.5177708
v 0.6609211 0.7265736 0.5102600
v 0.6632596 0.7251283 0.5000000
v 0.6609211 0.7265736 0.4897400
v 0.6545319 0.7305223 0.4822292
v 0.6458043 0.7359163 0.4794800
v 0.6370766 0.7413103 0.4822292
v 0.6306875 0.7452590 0.4897400
v 0.6328719 0.7447906 0.5090450
v 0.6308103 0.7460647 0.5000000
v 0.6385044 0.7413095 0.5156664
v 0.6461986 0.7365543 0.5180900
v 0.6538927 0.7317990 0.5156664
v 0.6595252 0.7283179 0.5090450
v 0.6615868 0.7270438 0.5000000
v 0.6595252 0.7283179 0.4909550
v 0.6538927 0.7317990 0.4843336
v 0.6461986 0.7365543 0.4819100
v 0.6385044 0.7413095 0.4843336
v 0.6328719 0.7447906 0.4909550
v 0.6432808 0.7318331 0.5000000
v 0.6321421 0.7387172 0.5075600
v 0.6304189 0.7397822 0.5000000
v 0.6368498 0.7358077 0.5130943
v 0.6432808 0.7318331 0.5151200
v 0.6497117 0.7278586 0.5130943
v 0.6544194 0.7249491 0.5075600
v 0.6561426 0.7238841 0.5000000
v 0.6544194 0.7249491 0.4924400
v 0.6497117 0.7278586 0.4869057
v 0.6432808 0.7318331 0.4848800
v 0.6368498 0.7358077 0.4869057
v 0.6321421 0.7387172 0.4924400
v 0.6331673 0.7403760 0.5075600
v 0.6314441 0.7414410 0.5000000
v 0.6378750 0.7374664 0.5130943
v 0.6443059 0.7334919 0.5151200
v 0.6507369 0.7295174 0.5130943
v 0.6554446 0.7266078 0.5075600
v 0.6571678 0.7255429 0.5000000
v 0.6554446 0.7266078 0.4924400
v 0.6507369 0.7295174 0.4869057
v 0.6443059 0.7334919 0.4848800
v 0.6378750 0.7374664 0.4869057
v 0.6331673 0.7403760 0.4924400
v 0.6443059 0.7334919 0.5000000
v 0.5413759 0.7826026 0.5870810
v 0.5496697 0.7774767 0.5870810
v 0.5496697 0.7774767 0.5705810
v 0.5392072 0.7790937 0.5870810
v 0.5475011 0.7739678 0.5705810
v 0.5475011 0.7739678 0.5870810
v 0.5413759 0.7826026 0.5705810
v 0.5392072 0.7790937 0.5705810
v 0.5435475 0.7820363 0.5834510
v 0.5481920 0.7791658 0.5834510
v 0.5481920 0.7791658 0.5742110
v 0.5431571 0.7814047 0.5834510
v 0.5478017 0.7785342 0.5742110
v 0.5478017 0.7785342 0.5834510
v 0.5435475 0.7820363 0.5742110
v 0.5431571 0.7814047 0.5742110
v 0.6689271 0.7037716 0.6358013
v 0.6772210 0.6986457 0.6358013
v 0.6772210 0.6986457 0.6193013
v 0.6667585 0.7002627 0.6358013
v 0.6750523 0.6951368 0.6193013
v 0.6750523 0.6951368 0.6358013
v 0.6689271 0.7037716 0.6193013
v 0.6667585 0.7002627 0.6193013
v 0.6710987 0.7032053 0.6321713
v 0.6757433 0.7003348 0.6321713
v 0.6757433 0.7003348 0.6229313
v 0.6707084 0.7025737 0.6321713
v 0.6753529 0.6997032 0.6229313
v 0.6753529 0.6997032 0.6321713
v 0.6710987 0.7032053 0.6229313
v 0.6707084 0.7025737 0.6229313
v 0.7477581 0.6550513 0.5082500
v 0.7560520 0.6499255 0.5082500
v 0.7560520 0.6499255 0.4917500
v 0.7455895 0.6515424 0.5082500
v 0.7538833 0.6464165 0.4917500
v 0.7538833 0.6464165 0.5082500
v 0.7477581 0.6550513 0.4917500
v 0.7455895 0.6515424 0.4917500
v 0.7499297 0.6544851 0.5046200
v 0.7545743 0.6516146 0.5046200
v 0.7545743 0.6516146 0.4953800
v 0.7495394 0.6538535 0.5046200
v 0.7541839 0.6509830 0.4953800
v 0.7541839 0.6509830 0.5046200
v 0.7499297 0.6544851 0.4953800
v 0.7495394 0.6538535 0.4953800
v 0.6689271 0.7037716 0.3806987
v 0.6772210 0.6986457 0.3806987
v 0.6772210 0.6986457 0.3641987
v 0.6667585 0.7002627 0.3806987
v 0.6750523 0.6951368 0.3641987
v 0.6750523 0.6951368 0.3806987
v 0.6689271 0.7037716 0.3641987
v 0.6667585 0.7002627 0.3641987
v 0.6710987 0.7032053 0.3770687
v 0.6757433 0.7003348 0.3770687
v 0.6757433 0.7003348 0.3678287
v 0.6707084 0.7025737 0.3770687
v 0.6753529 0.6997032 0.3678287
v 0.6753529 0.6997032 0.3770687
v 0.6710987 0.7032053 0.3678287
v 0.6707084 0.7025737 0.3678287
v 0.5413759 0.7826026 0.4294190
v 0.5496697 0.7774767 0.4294190
v 0.5496697 0.7774767 0.4129190
v 0.5392072 0.7790937 0.4294190
v 0.5475011 0.7739678 0.4129190
v 0.5475011 0.7739678 0.4294190
v 0.5413759 0.7826026 0.4129190
v 0.5392072 0.7790937 0.4129190
v 0.5435475 0.7820363 0.4257890
v 0.5481920 0.7791658 0.4257890
v 0.5481920 0.7791658 0.4165490
v 0.5431571 0.7814047 0.4257890
v 0.5478017 0.7785342 0.4165490
v 0.5478017 0.7785342 0.4257890
v 0.5435475 0.7820363 0.4165490
v 0.5431571 0.7814047 0.4165490
v 0.6760051 0.7123325 0.6121712
v 0.6787893 0.7075101 0.6121712
v 0.6732208 0.7075101 0.6098646
v 0.6704366 0.7123325 0.6121712
v 0.6676524 0.7075101 0.6121712
v 0.6704366 0.7026877 0.6121712
v 0.6760051 0.7026877 0.6121712
v 0.6771583 0.7143300 0.6177396
v 0.6810958 0.7075101 0.6177396
v 0.6692833 0.7143300 0.6177396
v 0.6653458 0.7075101 0.6177396
v 0.6692833 0.7006901 0.6177396
v 0.6771583 0.7006901 0.6177396
v 0.6760051 0.7123325 0.6233081
v 0.6787893 0.7075101 0.6233081
v 0.6704366 0.7123325 0.6233081
v 0.6676524 0.7075101 0.6233081
v 0.6704366 0.7026877 0.6233081
v 0.6760051 0.7026877 0.6233081
v 0.6732208 0.7075101 0.6256146
v 0.2088158 0.3989346 0.4835655
v 0.2088158 0.6010654 0.4835655
v 0.3098812 0.6635272 0.3200383
v 0.2241275 0.3989346 0.4930287
v 0.3251929 0.6635272 0.3295014
v 0.2241275 0.6010654 0.4930287
v 0.3723430 0.5000000 0.2189729
v 0.3876548 0.5000000 0.2284360
v 0.3098812 0.3364728 0.3200383
v 0.3251929 0.3364728 0.3295014
v 0.2245077 0.4272329 0.4474760
v 0.2245077 0.5727671 0.4474760
v 0.2972748 0.6177396 0.3297364
v 0.2289736 0.4272329 0.4502361
v 0.3017407 0.6177396 0.3324965
v 0.2289736 0.5727671 0.4502361
v 0.3422473 0.5000000 0.2569693
v 0.3467133 0.5000000 0.2597294
v 0.2972748 0.3822604 0.3297364
v 0.3017407 0.3822604 0.3324965
v 0.2294284 0.4373395 0.4341645
v 0.2294284 0.5626605 0.4341645
v 0.2389355 0.5495220 0.4187816
v 0.2389355 0.4504780 0.4187816
v 0.2329374 0.4373395 0.4363331
v 0.2424445 0.4504780 0.4209503
v 0.2424445 0.5495220 0.4209503
v 0.2329374 0.5626605 0.4363331
v 0.2920890 0.6013869 0.3327776
v 0.2884576 0.5801284 0.3386533
v 0.2919665 0.5801284 0.3408219
v 0.2955979 0.6013869 0.3349462
v 0.3308153 0.5000000 0.2701170
v 0.3190639 0.5000000 0.2891312
v 0.3225728 0.5000000 0.2912999
v 0.3343243 0.5000000 0.2722857
v 0.2920890 0.3986131 0.3327776
v 0.2884576 0.4198716 0.3386533
v 0.2919665 0.4198716 0.3408219
v 0.2955979 0.3986131 0.3349462
v 0.2317267 0.4396831 0.4275927
v 0.2304288 0.4430810 0.4296927
v 0.2611441 0.4855285 0.3799943
v 0.2332997 0.4430810 0.4314670
v 0.2345976 0.4396831 0.4293670
v 0.2640150 0.4855285 0.3817687
v 0.2624419 0.4821306 0.3778943
v 0.2653129 0.4821306 0.3796687
v 0.2886457 0.5954947 0.3354958
v 0.2907457 0.5941969 0.3320980
v 0.2790135 0.5255154 0.3510810
v 0.2936166 0.5941969 0.3338723
v 0.2915166 0.5954947 0.3372702
v 0.2818844 0.5255154 0.3528554
v 0.2769135 0.5268133 0.3544789
v 0.2797844 0.5268133 0.3562533
v 0.2907457 0.4058031 0.3320980
v 0.2886457 0.4045053 0.3354958
v 0.2769135 0.4731867 0.3544789
v 0.2915166 0.4045053 0.3372702
v 0.2936166 0.4058031 0.3338723
v 0.2797844 0.4731867 0.3562533
v 0.2790135 0.4744846 0.3510810
v 0.2818844 0.4744846 0.3528554
v 0.2768435 0.5000000 0.3620817
v 0.2704559 0.4789556 0.3724171
v 0.2768435 0.4757000 0.3620817
v 0.2657798 0.4878500 0.3799831
v 0.2640682 0.5000000 0.3827525
v 0.2657798 0.5121500 0.3799831
v 0.2704559 0.5210444 0.3724171
v 0.2768435 0.5243000 0.3620817
v 0.2832311 0.5210444 0.3517463
v 0.2879072 0.5121500 0.3441802
v 0.2896188 0.5000000 0.3414109
v 0.2879072 0.4878500 0.3441802
v 0.2832311 0.4789556 0.3517463
v 0.2649612 0.4766173 0.3706082
v 0.2720586 0.4730000 0.3591245
v 0.2597656 0.4865000 0.3790150
v 0.2578638 0.5000000 0.3820920
v 0.2597656 0.5135000 0.3790150
v 0.2649612 0.5233827 0.3706082
v 0.2720586 0.5270000 0.3591245
v 0.2791560 0.5233827 0.3476407
v 0.2843516 0.5135000 0.3392340
v 0.2862533 0.5000000 0.3361569
v 0.2843516 0.4865000 0.3392340
v 0.2791560 0.4766173 0.3476407
v 0.2563484 0.4766173 0.3652852
v 0.2634457 0.4730000 0.3538014
v 0.2511527 0.4865000 0.3736919
v 0.2492510 0.5000000 0.3767690
v 0.2511527 0.5135000 0.3736919
v 0.2563484 0.5233827 0.3652852
v 0.2634457 0.5270000 0.3538014
v 0.2705431 0.5233827 0.3423176
v 0.2757388 0.5135000 0.3339109
v 0.2776405 0.5000000 0.3308339
v 0.2757388 0.4865000 0.3339109
v 0.2705431 0.4766173 0.3423176
v 0.2533019 0.4812939 0.3602284
v 0.2589798 0.4784000 0.3510413
v 0.2491454 0.4892000 0.3669537
v 0.2476240 0.5000000 0.3694154
v 0.2491454 0.5108000 0.3669537
v 0.2533019 0.5187061 0.3602284
v 0.2589798 0.5216000 0.3510413
v 0.2646577 0.5187061 0.3418543
v 0.2688142 0.5108000 0.3351289
v 0.2703356 0.5000000 0.3326673
v 0.2688142 0.4892000 0.3351289
v 0.2646577 0.4812939 0.3418543
v 0.2543665 0.4848013 0.3585058
v 0.2589798 0.4824500 0.3510413
v 0.2509894 0.4912250 0.3639702
v 0.2497532 0.5000000 0.3659703
v 0.2509894 0.5087750 0.3639702
v 0.2543665 0.5151987 0.3585058
v 0.2589798 0.5175500 0.3510413
v 0.2635931 0.5151987 0.3435769
v 0.2669703 0.5087750 0.3381125
v 0.2682064 0.5000000 0.3361124
v 0.2669703 0.4912250 0.3381125
v 0.2635931 0.4848013 0.3435769
v 0.2639364 0.4848013 0.3644203
v 0.2685497 0.4824500 0.3569558
v 0.2605592 0.4912250 0.3698846
v 0.2593231 0.5000000 0.3718847
v 0.2605592 0.5087750 0.3698846
v 0.2639364 0.5151987 0.3644203
v 0.2685497 0.5175500 0.3569558
v 0.2731629 0.5151987 0.3494914
v 0.2765401 0.5087750 0.3440270
v 0.2777762 0.5000000 0.3420269
v 0.2765401 0.4912250 0.3440270
v 0.2731629 0.4848013 0.3494914
v 0.2685497 0.5000000 0.3569558
v 0.2682307 0.4819100 0.3567587
v 0.2634754 0.4843336 0.3644528
v 0.2618797 0.4822292 0.3648949
v 0.2672737 0.4794800 0.3561672
v 0.2599943 0.4909550 0.3700853
v 0.2579310 0.4897400 0.3712840
v 0.2587202 0.5000000 0.3721469
v 0.2564857 0.5000000 0.3736226
v 0.2599943 0.5090450 0.3700853
v 0.2579310 0.5102600 0.3712840
v 0.2634754 0.5156664 0.3644528
v 0.2618797 0.5177708 0.3648949
v 0.2682307 0.5180900 0.3567587
v 0.2672737 0.5205200 0.3561672
v 0.2729859 0.5156664 0.3490645
v 0.2726677 0.5177708 0.3474395
v 0.2764670 0.5090450 0.3434320
v 0.2766164 0.5102600 0.3410504
v 0.2777411 0.5000000 0.3413704
v 0.2780617 0.5000000 0.3387119
v 0.2764670 0.4909550 0.3434320
v 0.2766164 0.4897400 0.3410504
v 0.2729859 0.4843336 0.3490645
v 0.2726677 0.4822292 0.3474395
v 0.2586897 0.4822292 0.3629234
v 0.2640837 0.4794800 0.3541957
v 0.2547410 0.4897400 0.3693125
v 0.2532957 0.5000000 0.3716511
v 0.2547410 0.5102600 0.3693125
v 0.2586897 0.5177708 0.3629234
v 0.2640837 0.5205200 0.3541957
v 0.2694777 0.5177708 0.3454681
v 0.2734264 0.5102600 0.3390789
v 0.2748717 0.5000000 0.3367404
v 0.2734264 0.4897400 0.3390789
v 0.2694777 0.4822292 0.3454681
v 0.2586905 0.4843336 0.3614956
v 0.2634457 0.4819100 0.3538014
v 0.2552094 0.4909550 0.3671281
v 0.2539353 0.5000000 0.3691897
v 0.2552094 0.5090450 0.3671281
v 0.2586905 0.5156664 0.3614956
v 0.2634457 0.5180900 0.3538014
v 0.2682010 0.5156664 0.3461073
v 0.2716821 0.5090450 0.3404748
v 0.2729562 0.5000000 0.3384132
v 0.2716821 0.4909550 0.3404748
v 0.2682010 0.4843336 0.3461073
v 0.2681669 0.5000000 0.3567192
v 0.2641923 0.4869057 0.3631502
v 0.2681669 0.4848800 0.3567192
v 0.2612828 0.4924400 0.3678579
v 0.2602178 0.5000000 0.3695811
v 0.2612828 0.5075600 0.3678579
v 0.2641923 0.5130943 0.3631502
v 0.2681669 0.5151200 0.3567192
v 0.2721414 0.5130943 0.3502883
v 0.2750509 0.5075600 0.3455806
v 0.2761159 0.5000000 0.3438574
v 0.2750509 0.4924400 0.3455806
v 0.2721414 0.4869057 0.3502883
v 0.2625336 0.4869057 0.3621250
v 0.2665081 0.4848800 0.3556941
v 0.2596240 0.4924400 0.3668327
v 0.2585590 0.5000000 0.3685559
v 0.2596240 0.5075600 0.3668327
v 0.2625336 0.5130943 0.3621250
v 0.2665081 0.5151200 0.3556941
v 0.2704826 0.5130943 0.3492631
v 0.2733922 0.5075600 0.3445554
v 0.2744571 0.5000000 0.3428322
v 0.2733922 0.4924400 0.3445554
v 0.2704826 0.4869057 0.3492631
v 0.2665081 0.5000000 0.3556941
v 0.2156231 0.4162940 0.4614951
v 0.2156231 0.4260440 0.4614951
v 0.2242976 0.4260440 0.4474594
v 0.2191320 0.4162940 0.4636637
v 0.2278066 0.4260440 0.4496280
v 0.2191320 0.4260440 0.4636637
v 0.2242976 0.4162940 0.4474594
v 0.2278066 0.4162940 0.4496280
v 0.2169700 0.4184390 0.4580602
v 0.2169700 0.4238990 0.4580602
v 0.2218278 0.4238990 0.4502002
v 0.2176016 0.4184390 0.4584506
v 0.2224594 0.4238990 0.4505906
v 0.2176016 0.4238990 0.4584506
v 0.2218278 0.4184390 0.4502002
v 0.2224594 0.4184390 0.4505906
v 0.2156231 0.5739560 0.4614951
v 0.2156231 0.5837060 0.4614951
v 0.2242976 0.5837060 0.4474594
v 0.2191320 0.5739560 0.4636637
v 0.2278066 0.5837060 0.4496280
v 0.2191320 0.5837060 0.4636637
v 0.2242976 0.5739560 0.4474594
v 0.2278066 0.5739560 0.4496280
v 0.2169700 0.5761010 0.4580602
v 0.2169700 0.5815610 0.4580602
v 0.2218278 0.5815610 0.4502002
v 0.2176016 0.5761010 0.4584506
v 0.2224594 0.5815610 0.4505906
v 0.2176016 0.5815610 0.4584506
v 0.2218278 0.5761010 0.4502002
v 0.2224594 0.5761010 0.4505906
v 0.2944541 0.6226763 0.3339438
v 0.2944541 0.6324263 0.3339438
v 0.3031286 0.6324263 0.3199081
v 0.2979630 0.6226763 0.3361125
v 0.3066376 0.6324263 0.3220767
v 0.2979630 0.6324263 0.3361125
v 0.3031286 0.6226763 0.3199081
v 0.3066376 0.6226763 0.3220767
v 0.2958010 0.6248213 0.3305090
v 0.2958010 0.6302813 0.3305090
v 0.3006588 0.6302813 0.3226490
v 0.2964326 0.6248213 0.3308994
v 0.3012904 0.6302813 0.3230393
v 0.2964326 0.6302813 0.3308994
v 0.3006588 0.6248213 0.3226490
v 0.3012904 0.6248213 0.3230393
v 0.3431743 0.4951250 0.2551128
v 0.3431743 0.5048750 0.2551128
v 0.3518489 0.5048750 0.2410771
v 0.3466832 0.4951250 0.2572815
v 0.3553578 0.5048750 0.2432457
v 0.3466832 0.5048750 0.2572815
v 0.3518489 0.4951250 0.2410771
v 0.3553578 0.4951250 0.2432457
v 0.3445213 0.4972700 0.2516780
v 0.3445213 0.5027300 0.2516780
v 0.3493790 0.5027300 0.2438180
v 0.3451529 0.4972700 0.2520683
v 0.3500106 0.5027300 0.2442083
v 0.3451529 0.5027300 0.2520683
v 0.3493790 0.4972700 0.2438180
v 0.3500106 0.4972700 0.2442083
v 0.2944541 0.3675737 0.3339438
v 0.2944541 0.3773237 0.3339438
v 0.3031286 0.3773237 0.3199081
v 0.2979630 0.3675737 0.3361125
v 0.3066376 0.3773237 0.3220767
v 0.2979630 0.3773237 0.3361125
v 0.3031286 0.3675737 0.3199081
v 0.3066376 0.3675737 0.3220767
v 0.2958010 0.3697187 0.3305090
v 0.2958010 0.3751787 0.3305090
v 0.3006588 0.3751787 0.3226490
v 0.2964326 0.3697187 0.3308994
v 0.3012904 0.3751787 0.3230393
v 0.2964326 0.3751787 0.3308994
v 0.3006588 0.3697187 0.3226490
v 0.3012904 0.3697187 0.3230393
v 0.2225071 0.5775895 0.4389503
v 0.2252913 0.5727671 0.4389503
v 0.2197228 0.5727671 0.4366438
v 0.2169386 0.5775895 0.4389503
v 0.2141544 0.5727671 0.4389503
v 0.2169386 0.5679447 0.4389503
v 0.2225071 0.5679447 0.4389503
v 0.2236603 0.5795870 0.4445188
v 0.2275978 0.5727671 0.4445188
v 0.2157853 0.5795870 0.4445188
v 0.2118478 0.5727671 0.4445188
v 0.2157853 0.5659471 0.4445188
v 0.2236603 0.5659471 0.4445188
v 0.2225071 0.5775895 0.4500873
v 0.2252913 0.5727671 0.4500873
v 0.2169386 0.5775895 0.4500873
v 0.2141544 0.5727671 0.4500873
v 0.2169386 0.5679447 0.4500873
v 0.2225071 0.5679447 0.4500873
v 0.2197228 0.5727671 0.4523938
v 0.7911842 0.6010654 0.4835655
v 0.7911842 0.3989346 0.4835655
v 0.6901188 0.3364728 0.3200383
v 0.7758725 0.6010654 0.4930287
v 0.6748071 0.3364728 0.3295014
v 0.7758725 0.3989346 0.4930287
v 0.6276570 0.5000000 0.2189729
v 0.6123452 0.5000000 0.2284360
v 0.6901188 0.6635272 0.3200383
v 0.6748071 0.6635272 0.3295014
v 0.7754923 0.5727671 0.4474760
v 0.7754923 0.4272329 0.4474760
v 0.7027252 0.3822604 0.3297364
v 0.7710264 0.5727671 0.4502361
v 0.6982593 0.3822604 0.3324965
v 0.7710264 0.4272329 0.4502361
v 0.6577527 0.5000000 0.2569693
v 0.6532867 0.5000000 0.2597294
v 0.7027252 0.6177396 0.3297364
v 0.6982593 0.6177396 0.3324965
v 0.7705716 0.5626605 0.4341645
v 0.7705716 0.4373395 0.4341645
v 0.7610645 0.4504780 0.4187816
v 0.7610645 0.5495220 0.4187816
v 0.7670626 0.5626605 0.4363331
v 0.7575555 0.5495220 0.4209503
v 0.7575555 0.4504780 0.4209503
v 0.7670626 0.4373395 0.4363331
v 0.7079110 0.3986131 0.3327776
v 0.7115424 0.4198716 0.3386533
v 0.7080335 0.4198716 0.3408219
v 0.7044021 0.3986131 0.3349462
v 0.6691847 0.5000000 0.2701170
v 0.6809361 0.5000000 0.2891312
v 0.6774272 0.5000000 0.2912999
v 0.6656757 0.5000000 0.2722857
v 0.7079110 0.6013869 0.3327776
v 0.7115424 0.5801284 0.3386533
v 0.7080335 0.5801284 0.3408219
v 0.7044021 0.6013869 0.3349462
v 0.7682733 0.5603169 0.4275927
v 0.7695712 0.5569190 0.4296927
v 0.7388559 0.5144715 0.3799943
v 0.7667003 0.5569190 0.4314670
v 0.7654024 0.5603169 0.4293670
v 0.7359850 0.5144715 0.3817687
v 0.7375581 0.5178694 0.3778943
v 0.7346871 0.5178694 0.3796687
v 0.7113543 0.4045053 0.3354958
v 0.7092543 0.4058031 0.3320980
v 0.7209865 0.4744846 0.3510810
v 0.7063834 0.4058031 0.3338723
v 0.7084834 0.4045053 0.3372702
v 0.7181156 0.4744846 0.3528554
v 0.7230865 0.4731867 0.3544789
v 0.7202156 0.4731867 0.3562533
v 0.7092543 0.5941969 0.3320980
v 0.7113543 0.5954947 0.3354958
v 0.7230865 0.5268133 0.3544789
v 0.7084834 0.5954947 0.3372702
v 0.7063834 0.5941969 0.3338723
v 0.7202156 0.5268133 0.3562533
v 0.7209865 0.5255154 0.3510810
v 0.7181156 0.5255154 0.3528554
v 0.7231565 0.5000000 0.3620817
v 0.7295441 0.5210444 0.3724171
v 0.7231565 0.5243000 0.3620817
v 0.7342202 0.5121500 0.3799831
v 0.7359318 0.5000000 0.3827525
v 0.7342202 0.4878500 0.3799831
v 0.7295441 0.4789556 0.3724171
v 0.7231565 0.4757000 0.3620817
v 0.7167689 0.4789556 0.3517463
v 0.7120928 0.4878500 0.3441802
v 0.7103812 0.5000000 0.3414109
v 0.7120928 0.5121500 0.3441802
v 0.7167689 0.5210444 0.3517463
v 0.7350388 0.5233827 0.3706082
v 0.7279414 0.5270000 0.3591245
v 0.7402344 0.5135000 0.3790150
v 0.7421362 0.5000000 0.3820920
v 0.7402344 0.4865000 0.3790150
v 0.7350388 0.4766173 0.3706082
v 0.7279414 0.4730000 0.3591245
v 0.7208440 0.4766173 0.3476407
v 0.7156484 0.4865000 0.3392340
v 0.7137467 0.5000000 0.3361569
v 0.7156484 0.5135000 0.3392340
v 0.7208440 0.5233827 0.3476407
v 0.7436516 0.5233827 0.3652852
v 0.7365543 0.5270000 0.3538014
v 0.7488473 0.5135000 0.3736919
v 0.7507490 0.5000000 0.3767690
v 0.7488473 0.4865000 0.3736919
v 0.7436516 0.4766173 0.3652852
v 0.7365543 0.4730000 0.3538014
v 0.7294569 0.4766173 0.3423176
v 0.7242612 0.4865000 0.3339109
v 0.7223595 0.5000000 0.3308339
v 0.7242612 0.5135000 0.3339109
v 0.7294569 0.5233827 0.3423176
v 0.7466981 0.5187061 0.3602284
v 0.7410202 0.5216000 0.3510413
v 0.7508546 0.5108000 0.3669537
v 0.7523760 0.5000000 0.3694154
v 0.7508546 0.4892000 0.3669537
v 0.7466981 0.4812939 0.3602284
v 0.7410202 0.4784000 0.3510413
v 0.7353423 0.4812939 0.3418543
v 0.7311858 0.4892000 0.3351289
v 0.7296644 0.5000000 0.3326673
v 0.7311858 0.5108000 0.3351289
v 0.7353423 0.5187061 0.3418543
v 0.7456335 0.5151987 0.3585058
v 0.7410202 0.5175500 0.3510413
v 0.7490106 0.5087750 0.3639702
v 0.7502468 0.5000000 0.3659703
v 0.7490106 0.4912250 0.3639702
v 0.7456335 0.4848013 0.3585058
v 0.7410202 0.4824500 0.3510413
v 0.7364069 0.4848013 0.3435769
v 0.7330297 0.4912250 0.3381125
v 0.7317936 0.5000000 0.3361124
v 0.7330297 0.5087750 0.3381125
v 0.7364069 0.5151987 0.3435769
v 0.7360636 0.5151987 0.3644203
v 0.7314503 0.5175500 0.3569558
v 0.7394408 0.5087750 0.3698846
v 0.7406769 0.5000000 0.3718847
v 0.7394408 0.4912250 0.3698846
v 0.7360636 0.4848013 0.3644203
v 0.7314503 0.4824500 0.3569558
v 0.7268371 0.4848013 0.3494914
v 0.7234599 0.4912250 0.3440270
v 0.7222238 0.5000000 0.3420269
v 0.7234599 0.5087750 0.3440270
v 0.7268371 0.5151987 0.3494914
v 0.7314503 0.5000000 0.3569558
v 0.7317693 0.5180900 0.3567587
v 0.7365246 0.5156664 0.3644528
v 0.7381203 0.5177708 0.3648949
v 0.7327263 0.5205200 0.3561672
v 0.7400057 0.5090450 0.3700853
v 0.7420690 0.5102600 0.3712840
v 0.7412798 0.5000000 0.3721469
v 0.7435143 0.5000000 0.3736226
v 0.7400057 0.4909550 0.3700853
v 0.7420690 0.4897400 0.3712840
v 0.7365246 0.4843336 0.3644528
v 0.7381203 0.4822292 0.3648949
v 0.7317693 0.4819100 0.3567587
v 0.7327263 0.4794800 0.3561672
v 0.7270141 0.4843336 0.3490645
v 0.7273323 0.4822292 0.3474395
v 0.7235330 0.4909550 0.3434320
v 0.7233836 0.4897400 0.3410504
v 0.7222589 0.5000000 0.3413704
v 0.7219383 0.5000000 0.3387119
v 0.7235330 0.5090450 0.3434320
v 0.7233836 0.5102600 0.3410504
v 0.7270141 0.5156664 0.3490645
v 0.7273323 0.5177708 0.3474395
v 0.7413103 0.5177708 0.3629234
v 0.7359163 0.5205200 0.3541957
v 0.7452590 0.5102600 0.3693125
v 0.7467043 0.5000000 0.3716511
v 0.7452590 0.4897400 0.3693125
v 0.7413103 0.4822292 0.3629234
v 0.7359163 0.4794800 0.3541957
v 0.7305223 0.4822292 0.3454681
v 0.7265736 0.4897400 0.3390789
v 0.7251283 0.5000000 0.3367404
v 0.7265736 0.5102600 0.3390789
v 0.7305223 0.5177708 0.3454681
v 0.7413095 0.5156664 0.3614956
v 0.7365543 0.5180900 0.3538014
v 0.7447906 0.5090450 0.3671281
v 0.7460647 0.5000000 0.3691897
v 0.7447906 0.4909550 0.3671281
v 0.7413095 0.4843336 0.3614956
v 0.7365543 0.4819100 0.3538014
v 0.7317990 0.4843336 0.3461073
v 0.7283179 0.4909550 0.3404748
v 0.7270438 0.5000000 0.3384132
v 0.7283179 0.5090450 0.3404748
v 0.7317990 0.5156664 0.3461073
v 0.7318331 0.5000000 0.3567192
v 0.7358077 0.5130943 0.3631502
v 0.7318331 0.5151200 0.3567192
v 0.7387172 0.5075600 0.3678579
v 0.7397822 0.5000000 0.3695811
v 0.7387172 0.4924400 0.3678579
v 0.7358077 0.4869057 0.3631502
v 0.7318331 0.4848800 0.3567192
v 0.7278586 0.4869057 0.3502883
v 0.7249491 0.4924400 0.3455806
v 0.7238841 0.5000000 0.3438574
v 0.7249491 0.5075600 0.3455806
v 0.7278586 0.5130943 0.3502883
v 0.7374664 0.5130943 0.3621250
v 0.7334919 0.5151200 0.3556941
v 0.7403760 0.5075600 0.3668327
v 0.7414410 0.5000000 0.3685559
v 0.7403760 0.4924400 0.3668327
v 0.7374664 0.4869057 0.3621250
v 0.7334919 0.4848800 0.3556941
v 0.7295174 0.4869057 0.3492631
v 0.7266078 0.4924400 0.3445554
v 0.7255429 0.5000000 0.3428322
v 0.7266078 0.5075600 0.3445554
v 0.7295174 0.5130943 0.3492631
v 0.7334919 0.5000000 0.3556941
v 0.7843769 0.5837060 0.4614951
v 0.7843769 0.5739560 0.4614951
v 0.7757024 0.5739560 0.4474594
v 0.7808680 0.5837060 0.4636637
v 0.7721934 0.5739560 0.4496280
v 0.7808680 0.5739560 0.4636637
v 0.7757024 0.5837060 0.4474594
v 0.7721934 0.5837060 0.4496280
v 0.7830300 0.5815610 0.4580602
v 0.7830300 0.5761010 0.4580602
v 0.7781722 0.5761010 0.4502002
v 0.7823984 0.5815610 0.4584506
v 0.7775406 0.5761010 0.4505906
v 0.7823984 0.5761010 0.4584506
v 0.7781722 0.5815610 0.4502002
v 0.7775406 0.5815610 0.4505906
v 0.7843769 0.4260440 0.4614951
v 0.7843769 0.4162940 0.4614951
v 0.7757024 0.4162940 0.4474594
v 0.7808680 0.4260440 0.4636637
v 0.7721934 0.4162940 0.4496280
v 0.7808680 0.4162940 0.4636637
v 0.7757024 0.4260440 0.4474594
v 0.7721934 0.4260440 0.4496280
v 0.7830300 0.4238990 0.4580602
v 0.7830300 0.4184390 0.4580602
v 0.7781722 0.4184390 0.4502002
v 0.7823984 0.4238990 0.4584506
v 0.7775406 0.4184390 0.4505906
v 0.7823984 0.4184390 0.4584506
v 0.7781722 0.4238990 0.4502002
v 0.7775406 0.4238990 0.4505906
v 0.7055459 0.3773237 0.3339438
v 0.7055459 0.3675737 0.3339438
v 0.6968714 0.3675737 0.3199081
v 0.7020370 0.3773237 0.3361125
v 0.6933624 0.3675737 0.3220767
v 0.7020370 0.3675737 0.3361125
v 0.6968714 0.3773237 0.3199081
v 0.6933624 0.3773237 0.3220767
v 0.7041990 0.3751787 0.3305090
v 0.7041990 0.3697187 0.3305090
v 0.6993412 0.3697187 0.3226490
v 0.7035674 0.3751787 0.3308994
v 0.6987096 0.3697187 0.3230393
v 0.7035674 0.3697187 0.3308994
v 0.6993412 0.3751787 0.3226490
v 0.6987096 0.3751787 0.3230393
v 0.6568257 0.5048750 0.2551128
v 0.6568257 0.4951250 0.2551128
v 0.6481511 0.4951250 0.2410771
v 0.6533168 0.5048750 0.2572815
v 0.6446422 0.4951250 0.2432457
v 0.6533168 0.4951250 0.2572815
v 0.6481511 0.5048750 0.2410771
v 0.6446422 0.5048750 0.2432457
v 0.6554787 0.5027300 0.2516780
v 0.6554787 0.4972700 0.2516780
v 0.6506210 0.4972700 0.2438180
v 0.6548471 0.5027300 0.2520683
v 0.6499894 0.4972700 0.2442083
v 0.6548471 0.4972700 0.2520683
v 0.6506210 0.5027300 0.2438180
v 0.6499894 0.5027300 0.2442083
v 0.7055459 0.6324263 0.3339438
v 0.7055459 0.6226763 0.3339438
v 0.6968714 0.6226763 0.3199081
v 0.7020370 0.6324263 0.3361125
v 0.6933624 0.6226763 0.3220767
v 0.7020370 0.6226763 0.3361125
v 0.6968714 0.6324263 0.3199081
v 0.6933624 0.6324263 0.3220767
v 0.7041990 0.6302813 0.3305090
v 0.7041990 0.6248213 0.3305090
v 0.6993412 0.6248213 0.3226490
v 0.7035674 0.6302813 0.3308994
v 0.6987096 0.6248213 0.3230393
v 0.7035674 0.6248213 0.3308994
v 0.6993412 0.6302813 0.3226490
v 0.6987096 0.6302813 0.3230393
v 0.7830614 0.4320553 0.4389503
v 0.7858456 0.4272329 0.4389503
v 0.7802772 0.4272329 0.4366438
v 0.7774929 0.4320553 0.4389503
v 0.7747087 0.4272329 0.4389503
v 0.7774929 0.4224105 0.4389503
v 0.7830614 0.4224105 0.4389503
v 0.7842147 0.4340529 0.4445188
v 0.7881522 0.4272329 0.4445188
v 0.7763397 0.4340529 0.4445188
v 0.7724022 0.4272329 0.4445188
v 0.7763397 0.4204130 0.4445188
v 0.7842147 0.4204130 0.4445188
v 0.7830614 0.4320553 0.4500873
v 0.7858456 0.4272329 0.4500873
v 0.7774929 0.4320553 0.4500873
v 0.7747087 0.4272329 0.4500873
v 0.7774929 0.4224105 0.4500873
v 0.7830614 0.4224105 0.4500873
v 0.7802772 0.4272329 0.4523938
v 0.3098812 0.3364728 0.6799617
v 0.3723430 0.5000000 0.7810271
v 0.3098812 0.6635272 0.6799617
v 0.3251929 0.3364728 0.6704986
v 0.3251929 0.6635272 0.6704986
v 0.3876548 0.5000000 0.7715640
v 0.2088158 0.6010654 0.5164345
v 0.2241275 0.6010654 0.5069713
v 0.2088158 0.3989346 0.5164345
v 0.2241275 0.3989346 0.5069713
v 0.2972748 0.3822604 0.6702636
v 0.3422473 0.5000000 0.7430307
v 0.2972748 0.6177396 0.6702636
v 0.3017407 0.3822604 0.6675035
v 0.3017407 0.6177396 0.6675035
v 0.3467133 0.5000000 0.7402706
v 0.2245077 0.5727671 0.5525240
v 0.2289736 0.5727671 0.5497639
v 0.2245077 0.4272329 0.5525240
v 0.2289736 0.4272329 0.5497639
v 0.2920890 0.3986131 0.6672224
v 0.3308153 0.5000000 0.7298830
v 0.3190639 0.5000000 0.7108688
v 0.2884576 0.4198716 0.6613467
v 0.2955979 0.3986131 0.6650538
v 0.2919665 0.4198716 0.6591781
v 0.3225728 0.5000000 0.7087001
v 0.3343243 0.5000000 0.7277143
v 0.2920890 0.6013869 0.6672224
v 0.2884576 0.5801284 0.6613467
v 0.2919665 0.5801284 0.6591781
v 0.2955979 0.6013869 0.6650538
v 0.2294284 0.5626605 0.5658355
v 0.2389355 0.5495220 0.5812184
v 0.2424445 0.5495220 0.5790497
v 0.2329374 0.5626605 0.5636669
v 0.2294284 0.4373395 0.5658355
v 0.2389355 0.4504780 0.5812184
v 0.2424445 0.4504780 0.5790497
v 0.2329374 0.4373395 0.5636669
v 0.2886457 0.4045053 0.6645042
v 0.2907457 0.4058031 0.6679020
v 0.2790135 0.4744846 0.6489190
v 0.2936166 0.4058031 0.6661277
v 0.2915166 0.4045053 0.6627298
v 0.2818844 0.4744846 0.6471446
v 0.2769135 0.4731867 0.6455211
v 0.2797844 0.4731867 0.6437467
v 0.2907457 0.5941969 0.6679020
v 0.2886457 0.5954947 0.6645042
v 0.2769135 0.5268133 0.6455211
v 0.2915166 0.5954947 0.6627298
v 0.2936166 0.5941969 0.6661277
v 0.2797844 0.5268133 0.6437467
v 0.2790135 0.5255154 0.6489190
v 0.2818844 0.5255154 0.6471446
v 0.2304288 0.4430810 0.5703073
v 0.2317267 0.4396831 0.5724073
v 0.2624419 0.4821306 0.6221057
v 0.2345976 0.4396831 0.5706330
v 0.2332997 0.4430810 0.5685330
v 0.2653129 0.4821306 0.6203313
v 0.2611441 0.4855285 0.6200057
v 0.2640150 0.4855285 0.6182313
v 0.2768435 0.5000000 0.6379183
v 0.2832311 0.4789556 0.6482537
v 0.2768435 0.4757000 0.6379183
v 0.2879072 0.4878500 0.6558198
v 0.2896188 0.5000000 0.6585891
v 0.2879072 0.5121500 0.6558198
v 0.2832311 0.5210444 0.6482537
v 0.2768435 0.5243000 0.6379183
v 0.2704559 0.5210444 0.6275829
v 0.2657798 0.5121500 0.6200169
v 0.2640682 0.5000000 0.6172475
v 0.2657798 0.4878500 0.6200169
v 0.2704559 0.4789556 0.6275829
v 0.2791560 0.4766173 0.6523593
v 0.2720586 0.4730000 0.6408755
v 0.2843516 0.4865000 0.6607660
v 0.2862533 0.5000000 0.6638431
v 0.2843516 0.5135000 0.6607660
v 0.2791560 0.5233827 0.6523593
v 0.2720586 0.5270000 0.6408755
v 0.2649612 0.5233827 0.6293918
v 0.2597656 0.5135000 0.6209850
v 0.2578638 0.5000000 0.6179080
v 0.2597656 0.4865000 0.6209850
v 0.2649612 0.4766173 0.6293918
v 0.2705431 0.4766173 0.6576824
v 0.2634457 0.4730000 0.6461986
v 0.2757388 0.4865000 0.6660891
v 0.2776405 0.5000000 0.6691661
v 0.2757388 0.5135000 0.6660891
v 0.2705431 0.5233827 0.6576824
v 0.2634457 0.5270000 0.6461986
v 0.2563484 0.5233827 0.6347148
v 0.2511527 0.5135000 0.6263081
v 0.2492510 0.5000000 0.6232310
v 0.2511527 0.4865000 0.6263081
v 0.2563484 0.4766173 0.6347148
v 0.2646577 0.4812939 0.6581457
v 0.2589798 0.4784000 0.6489587
v 0.2688142 0.4892000 0.6648711
v 0.2703356 0.5000000 0.6673327
v 0.2688142 0.5108000 0.6648711
v 0.2646577 0.5187061 0.6581457
v 0.2589798 0.5216000 0.6489587
v 0.2533019 0.5187061 0.6397716
v 0.2491454 0.5108000 0.6330463
v 0.2476240 0.5000000 0.6305846
v 0.2491454 0.4892000 0.6330463
v 0.2533019 0.4812939 0.6397716
v 0.2635931 0.4848013 0.6564231
v 0.2589798 0.4824500 0.6489587
v 0.2669703 0.4912250 0.6618875
v 0.2682064 0.5000000 0.6638876
v 0.2669703 0.5087750 0.6618875
v 0.2635931 0.5151987 0.6564231
v 0.2589798 0.5175500 0.6489587
v 0.2543665 0.5151987 0.6414942
v 0.2509894 0.5087750 0.6360298
v 0.2497532 0.5000000 0.6340297
v 0.2509894 0.4912250 0.6360298
v 0.2543665 0.4848013 0.6414942
v 0.2731629 0.4848013 0.6505086
v 0.2685497 0.4824500 0.6430442
v 0.2765401 0.4912250 0.6559730
v 0.2777762 0.5000000 0.6579731
v 0.2765401 0.5087750 0.6559730
v 0.2731629 0.5151987 0.6505086
v 0.2685497 0.5175500 0.6430442
v 0.2639364 0.5151987 0.6355797
v 0.2605592 0.5087750 0.6301154
v 0.2593231 0.5000000 0.6281153
v 0.2605592 0.4912250 0.6301154
v 0.2639364 0.4848013 0.6355797
v 0.2685497 0.5000000 0.6430442
v 0.2682307 0.4819100 0.6432413
v 0.2729859 0.4843336 0.6509355
v 0.2726677 0.4822292 0.6525605
v 0.2672737 0.4794800 0.6438328
v 0.2764670 0.4909550 0.6565680
v 0.2766164 0.4897400 0.6589496
v 0.2777411 0.5000000 0.6586296
v 0.2780617 0.5000000 0.6612881
v 0.2764670 0.5090450 0.6565680
v 0.2766164 0.5102600 0.6589496
v 0.2729859 0.5156664 0.6509355
v 0.2726677 0.5177708 0.6525605
v 0.2682307 0.5180900 0.6432413
v 0.2672737 0.5205200 0.6438328
v 0.2634754 0.5156664 0.6355472
v 0.2618797 0.5177708 0.6351051
v 0.2599943 0.5090450 0.6299147
v 0.2579310 0.5102600 0.6287160
v 0.2587202 0.5000000 0.6278531
v 0.2564857 0.5000000 0.6263774
v 0.2599943 0.4909550 0.6299147
v 0.2579310 0.4897400 0.6287160
v 0.2634754 0.4843336 0.6355472
v 0.2618797 0.4822292 0.6351051
v 0.2694777 0.4822292 0.6545319
v 0.2640837 0.4794800 0.6458043
v 0.2734264 0.4897400 0.6609211
v 0.2748717 0.5000000 0.6632596
v 0.2734264 0.5102600 0.6609211
v 0.2694777 0.5177708 0.6545319
v 0.2640837 0.5205200 0.6458043
v 0.2586897 0.5177708 0.6370766
v 0.2547410 0.5102600 0.6306875
v 0.2532957 0.5000000 0.6283489
v 0.2547410 0.4897400 0.6306875
v 0.2586897 0.4822292 0.6370766
v 0.2682010 0.4843336 0.6538927
v 0.2634457 0.4819100 0.6461986
v 0.2716821 0.4909550 0.6595252
v 0.2729562 0.5000000 0.6615868
v 0.2716821 0.5090450 0.6595252
v 0.2682010 0.5156664 0.6538927
v 0.2634457 0.5180900 0.6461986
v 0.2586905 0.5156664 0.6385044
v 0.2552094 0.5090450 0.6328719
v 0.2539353 0.5000000 0.6308103
v 0.2552094 0.4909550 0.6328719
v 0.2586905 0.4843336 0.6385044
v 0.2681669 0.5000000 0.6432808
v 0.2721414 0.4869057 0.6497117
v 0.2681669 0.4848800 0.6432808
v 0.2750509 0.4924400 0.6544194
v 0.2761159 0.5000000 0.6561426
v 0.2750509 0.5075600 0.6544194
v 0.2721414 0.5130943 0.6497117
v 0.2681669 0.5151200 0.6432808
v 0.2641923 0.5130943 0.6368498
v 0.2612828 0.5075600 0.6321421
v 0.2602178 0.5000000 0.6304189
v 0.2612828 0.4924400 0.6321421
v 0.2641923 0.4869057 0.6368498
v 0.2704826 0.4869057 0.6507369
v 0.2665081 0.4848800 0.6443059
v 0.2733922 0.4924400 0.6554446
v 0.2744571 0.5000000 0.6571678
v 0.2733922 0.5075600 0.6554446
v 0.2704826 0.5130943 0.6507369
v 0.2665081 0.5151200 0.6443059
v 0.2625336 0.5130943 0.6378750
v 0.2596240 0.5075600 0.6331673
v 0.2585590 0.5000000 0.6314441
v 0.2596240 0.4924400 0.6331673
v 0.2625336 0.4869057 0.6378750
v 0.2665081 0.5000000 0.6443059
v 0.3031286 0.3675737 0.6800919
v 0.3031286 0.3773237 0.6800919
v 0.2944541 0.3773237 0.6660562
v 0.3066376 0.3675737 0.6779233
v 0.2979630 0.3773237 0.6638875
v 0.3066376 0.3773237 0.6779233
v 0.2944541 0.3675737 0.6660562
v 0.2979630 0.3675737 0.6638875
v 0.3006588 0.3697187 0.6773510
v 0.3006588 0.3751787 0.6773510
v 0.2958010 0.3751787 0.6694910
v 0.3012904 0.3697187 0.6769607
v 0.2964326 0.3751787 0.6691006
v 0.3012904 0.3751787 0.6769607
v 0.2958010 0.3697187 0.6694910
v 0.2964326 0.3697187 0.6691006
v 0.3518489 0.4951250 0.7589229
v 0.3518489 0.5048750 0.7589229
v 0.3431743 0.5048750 0.7448872
v 0.3553578 0.4951250 0.7567543
v 0.3466832 0.5048750 0.7427185
v 0.3553578 0.5048750 0.7567543
v 0.3431743 0.4951250 0.7448872
v 0.3466832 0.4951250 0.7427185
v 0.3493790 0.4972700 0.7561820
v 0.3493790 0.5027300 0.7561820
v 0.3445213 0.5027300 0.7483220
v 0.3500106 0.4972700 0.7557917
v 0.3451529 0.5027300 0.7479317
v 0.3500106 0.5027300 0.7557917
v 0.3445213 0.4972700 0.7483220
v 0.3451529 0.4972700 0.7479317
v 0.3031286 0.6226763 0.6800919
v 0.3031286 0.6324263 0.6800919
v 0.2944541 0.6324263 0.6660562
v 0.3066376 0.6226763 0.6779233
v 0.2979630 0.6324263 0.6638875
v 0.3066376 0.6324263 0.6779233
v 0.2944541 0.6226763 0.6660562
v 0.2979630 0.6226763 0.6638875
v 0.3006588 0.6248213 0.6773510
v 0.3006588 0.6302813 0.6773510
v 0.2958010 0.6302813 0.6694910
v 0.3012904 0.6248213 0.6769607
v 0.2964326 0.6302813 0.6691006
v 0.3012904 0.6302813 0.6769607
v 0.2958010 0.6248213 0.6694910
v 0.2964326 0.6248213 0.6691006
v 0.2242976 0.5739560 0.5525406
v 0.2242976 0.5837060 0.5525406
v 0.2156231 0.5837060 0.5385049
v 0.2278066 0.5739560 0.5503720
v 0.2191320 0.5837060 0.5363363
v 0.2278066 0.5837060 0.5503720
v 0.2156231 0.5739560 0.5385049
v 0.2191320 0.5739560 0.5363363
v 0.2218278 0.5761010 0.5497998
v 0.2218278 0.5815610 0.5497998
v 0.2169700 0.5815610 0.5419398
v 0.2224594 0.5761010 0.5494094
v 0.2176016 0.5815610 0.5415494
v 0.2224594 0.5815610 0.5494094
v 0.2169700 0.5761010 0.5419398
v 0.2176016 0.5761010 0.5415494
v 0.2242976 0.4162940 0.5525406
v 0.2242976 0.4260440 0.5525406
v 0.2156231 0.4260440 0.5385049
v 0.2278066 0.4162940 0.5503720
v 0.2191320 0.4260440 0.5363363
v 0.2278066 0.4260440 0.5503720
v 0.2156231 0.4162940 0.5385049
v 0.2191320 0.4162940 0.5363363
v 0.2218278 0.4184390 0.5497998
v 0.2218278 0.4238990 0.5497998
v 0.2169700 0.4238990 0.5419398
v 0.2224594 0.4184390 0.5494094
v 0.2176016 0.4238990 0.5415494
v 0.2224594 0.4238990 0.5494094
v 0.2169700 0.4184390 0.5419398
v 0.2176016 0.4184390 0.5415494
v 0.3402467 0.5048224 0.7404194
v 0.3430309 0.5000000 0.7404194
v 0.3374624 0.5000000 0.7381129
v 0.3346782 0.5048224 0.7404194
v 0.3318940 0.5000000 0.7404194
v 0.3346782 0.4951776 0.7404194
v 0.3402467 0.4951776 0.7404194
v 0.3413999 0.5068200 0.7459879
v 0.3453374 0.5000000 0.7459879
v 0.3335249 0.5068200 0.7459879
v 0.3295874 0.5000000 0.7459879
v 0.3335249 0.4931800 0.7459879
v 0.3413999 0.4931800 0.7459879
v 0.3402467 0.5048224 0.7515564
v 0.3430309 0.5000000 0.7515564
v 0.3346782 0.5048224 0.7515564
v 0.3318940 0.5000000 0.7515564
v 0.3346782 0.4951776 0.7515564
v 0.3402467 0.4951776 0.7515564
v 0.3374624 0.5000000 0.7538629
v 0.6901188 0.6635272 0.6799617
v 0.6276570 0.5000000 0.7810271
v 0.6901188 0.3364728 0.6799617
v 0.6748071 0.6635272 0.6704986
v 0.6748071 0.3364728 0.6704986
v 0.6123452 0.5000000 0.7715640
v 0.7911842 0.3989346 0.5164345
v 0.7758725 0.3989346 0.5069713
v 0.7911842 0.6010654 0.5164345
v 0.7758725 0.6010654 0.5069713
v 0.7027252 0.6177396 0.6702636
v 0.6577527 0.5000000 0.7430307
v 0.7027252 0.3822604 0.6702636
v 0.6982593 0.6177396 0.6675035
v 0.6982593 0.3822604 0.6675035
v 0.6532867 0.5000000 0.7402706
v 0.7754923 0.4272329 0.5525240
v 0.7710264 0.4272329 0.5497639
v 0.7754923 0.5727671 0.5525240
v 0.7710264 0.5727671 0.5497639
v 0.7079110 0.6013869 0.6672224
v 0.6691847 0.5000000 0.7298830
v 0.6809361 0.5000000 0.7108688
v 0.7115424 0.5801284 0.6613467
v 0.7044021 0.6013869 0.6650538
v 0.7080335 0.5801284 0.6591781
v 0.6774272 0.5000000 0.7087001
v 0.6656757 0.5000000 0.7277143
v 0.7079110 0.3986131 0.6672224
v 0.7115424 0.4198716 0.6613467
v 0.7080335 0.4198716 0.6591781
v 0.7044021 0.3986131 0.6650538
v 0.7705716 0.4373395 0.5658355
v 0.7610645 0.4504780 0.5812184
v 0.7575555 0.4504780 0.5790497
v 0.7670626 0.4373395 0.5636669
v 0.7705716 0.5626605 0.5658355
v 0.7610645 0.5495220 0.5812184
v 0.7575555 0.5495220 0.5790497
v 0.7670626 0.5626605 0.5636669
v 0.7113543 0.5954947 0.6645042
v 0.7092543 0.5941969 0.6679020
v 0.7209865 0.5255154 0.6489190
v 0.7063834 0.5941969 0.6661277
v 0.7084834 0.5954947 0.6627298
v 0.7181156 0.5255154 0.6471446
v 0.7230865 0.5268133 0.6455211
v 0.7202156 0.5268133 0.6437467
v 0.7092543 0.4058031 0.6679020
v 0.7113543 0.4045053 0.6645042
v 0.7230865 0.4731867 0.6455211
v 0.7084834 0.4045053 0.6627298
v 0.7063834 0.4058031 0.6661277
v 0.7202156 0.4731867 0.6437467
v 0.7209865 0.4744846 0.6489190
v 0.7181156 0.4744846 0.6471446
v 0.7695712 0.5569190 0.5703073
v 0.7682733 0.5603169 0.5724073
v 0.7375581 0.5178694 0.6221057
v 0.7654024 0.5603169 0.5706330
v 0.7667003 0.5569190 0.5685330
v 0.7346871 0.5178694 0.6203313
v 0.7388559 0.5144715 0.6200057
v 0.7359850 0.5144715 0.6182313
v 0.7231565 0.5000000 0.6379183
v 0.7167689 0.5210444 0.6482537
v 0.7231565 0.5243000 0.6379183
v 0.7120928 0.5121500 0.6558198
v 0.7103812 0.5000000 0.6585891
v 0.7120928 0.4878500 0.6558198
v 0.7167689 0.4789556 0.6482537
v 0.7231565 0.4757000 0.6379183
v 0.7295441 0.4789556 0.6275829
v 0.7342202 0.4878500 0.6200169
v 0.7359318 0.5000000 0.6172475
v 0.7342202 0.5121500 0.6200169
v 0.7295441 0.5210444 0.6275829
v 0.7208440 0.5233827 0.6523593
v 0.7279414 0.5270000 0.6408755
v 0.7156484 0.5135000 0.6607660
v 0.7137467 0.5000000 0.6638431
v 0.7156484 0.4865000 0.6607660
v 0.7208440 0.4766173 0.6523593
v 0.7279414 0.4730000 0.6408755
v 0.7350388 0.4766173 0.6293918
v 0.7402344 0.4865000 0.6209850
v 0.7421362 0.5000000 0.6179080
v 0.7402344 0.5135000 0.6209850
v 0.7350388 0.5233827 0.6293918
v 0.7294569 0.5233827 0.6576824
v 0.7365543 0.5270000 0.6461986
v 0.7242612 0.5135000 0.6660891
v 0.7223595 0.5000000 0.6691661
v 0.7242612 0.4865000 0.6660891
v 0.7294569 0.4766173 0.6576824
v 0.7365543 0.4730000 0.6461986
v 0.7436516 0.4766173 0.6347148
v 0.7488473 0.4865000 0.6263081
v 0.7507490 0.5000000 0.6232310
v 0.7488473 0.5135000 0.6263081
v 0.7436516 0.5233827 0.6347148
v 0.7353423 0.5187061 0.6581457
v 0.7410202 0.5216000 0.6489587
v 0.7311858 0.5108000 0.6648711
v 0.7296644 0.5000000 0.6673327
v 0.7311858 0.4892000 0.6648711
v 0.7353423 0.4812939 0.6581457
v 0.7410202 0.4784000 0.6489587
v 0.7466981 0.4812939 0.6397716
v 0.7508546 0.4892000 0.6330463
v 0.7523760 0.5000000 0.6305846
v 0.7508546 0.5108000 0.6330463
v 0.7466981 0.5187061 0.6397716
v 0.7364069 0.5151987 0.6564231
v 0.7410202 0.5175500 0.6489587
v 0.7330297 0.5087750 0.6618875
v 0.7317936 0.5000000 0.6638876
v 0.7330297 0.4912250 0.6618875
v 0.7364069 0.4848013 0.6564231
v 0.7410202 0.4824500 0.6489587
v 0.7456335 0.4848013 0.6414942
v 0.7490106 0.4912250 0.6360298
v 0.7502468 0.5000000 0.6340297
v 0.7490106 0.5087750 0.6360298
v 0.7456335 0.5151987 0.6414942
v 0.7268371 0.5151987 0.6505086
v 0.7314503 0.5175500 0.6430442
v 0.7234599 0.5087750 0.6559730
v 0.7222238 0.5000000 0.6579731
v 0.7234599 0.4912250 0.6559730
v 0.7268371 0.4848013 0.6505086
v 0.7314503 0.4824500 0.6430442
v 0.7360636 0.4848013 0.6355797
v 0.7394408 0.4912250 0.6301154
v 0.7406769 0.5000000 0.6281153
v 0.7394408 0.5087750 0.6301154
v 0.7360636 0.5151987 0.6355797
v 0.7314503 0.5000000 0.6430442
v 0.7317693 0.5180900 0.6432413
v 0.7270141 0.5156664 0.6509355
v 0.7273323 0.5177708 0.6525605
v 0.7327263 0.5205200 0.6438328
v 0.7235330 0.5090450 0.6565680
v 0.7233836 0.5102600 0.6589496
v 0.7222589 0.5000000 0.6586296
v 0.7219383 0.5000000 0.6612881
v 0.7235330 0.4909550 0.6565680
v 0.7233836 0.4897400 0.6589496
v 0.7270141 0.4843336 0.6509355
v 0.7273323 0.4822292 0.6525605
v 0.7317693 0.4819100 0.6432413
v 0.7327263 0.4794800 0.6438328
v 0.7365246 0.4843336 0.6355472
v 0.7381203 0.4822292 0.6351051
v 0.7400057 0.4909550 0.6299147
v 0.7420690 0.4897400 0.6287160
v 0.7412798 0.5000000 0.6278531
v 0.7435143 0.5000000 0.6263774
v 0.7400057 0.5090450 0.6299147
v 0.7420690 0.5102600 0.6287160
v 0.7365246 0.5156664 0.6355472
v 0.7381203 0.5177708 0.6351051
v 0.7305223 0.5177708 0.6545319
v 0.7359163 0.5205200 0.6458043
v 0.7265736 0.5102600 0.6609211
v 0.7251283 0.5000000 0.6632596
v 0.7265736 0.4897400 0.6609211
v 0.7305223 0.4822292 0.6545319
v 0.7359163 0.4794800 0.6458043
v 0.7413103 0.4822292 0.6370766
v 0.7452590 0.4897400 0.6306875
v 0.7467043 0.5000000 0.6283489
v 0.7452590 0.5102600 0.6306875
v 0.7413103 0.5177708 0.6370766
v 0.7317990 0.5156664 0.6538927
v 0.7365543 0.5180900 0.6461986
v 0.7283179 0.5090450 0.6595252
v 0.7270438 0.5000000 0.6615868
v 0.7283179 0.4909550 0.6595252
v 0.7317990 0.4843336 0.6538927
v 0.7365543 0.4819100 0.6461986
v 0.7413095 0.4843336 0.6385044
v 0.7447906 0.4909550 0.6328719
v 0.7460647 0.5000000 0.6308103
v 0.7447906 0.5090450 0.6328719
v 0.7413095 0.5156664 0.6385044
v 0.7318331 0.5000000 0.6432808
v 0.7278586 0.5130943 0.6497117
v 0.7318331 0.5151200 0.6432808
v 0.7249491 0.5075600 0.6544194
v 0.7238841 0.5000000 0.6561426
v 0.7249491 0.4924400 0.6544194
v 0.7278586 0.4869057 0.6497117
v 0.7318331 0.4848800 0.6432808
v 0.7358077 0.4869057 0.6368498
v 0.7387172 0.4924400 0.6321421
v 0.7397822 0.5000000 0.6304189
v 0.7387172 0.5075600 0.6321421
v 0.7358077 0.5130943 0.6368498
v 0.7295174 0.5130943 0.6507369
v 0.7334919 0.5151200 0.6443059
v 0.7266078 0.5075600 0.6554446
v 0.7255429 0.5000000 0.6571678
v 0.7266078 0.4924400 0.6554446
v 0.7295174 0.4869057 0.6507369
v 0.7334919 0.4848800 0.6443059
v 0.7374664 0.4869057 0.6378750
v 0.7403760 0.4924400 0.6331673
v 0.7414410 0.5000000 0.6314441
v 0.7403760 0.5075600 0.6331673
v 0.7374664 0.5130943 0.6378750
v 0.7334919 0.5000000 0.6443059
v 0.6968714 0.6324263 0.6800919
v 0.6968714 0.6226763 0.6800919
v 0.7055459 0.6226763 0.6660562
v 0.6933624 0.6324263 0.6779233
v 0.7020370 0.6226763 0.6638875
v 0.6933624 0.6226763 0.6779233
v 0.7055459 0.6324263 0.6660562
v 0.7020370 0.6324263 0.6638875
v 0.6993412 0.6302813 0.6773510
v 0.6993412 0.6248213 0.6773510
v 0.7041990 0.6248213 0.6694910
v 0.6987096 0.6302813 0.6769607
v 0.7035674 0.6248213 0.6691006
v 0.6987096 0.6248213 0.6769607
v 0.7041990 0.6302813 0.6694910
v 0.7035674 0.6302813 0.6691006
v 0.6481511 0.5048750 0.7589229
v 0.6481511 0.4951250 0.7589229
v 0.6568257 0.4951250 0.7448872
v 0.6446422 0.5048750 0.7567543
v 0.6533168 0.4951250 0.7427185
v 0.6446422 0.4951250 0.7567543
v 0.6568257 0.5048750 0.7448872
v 0.6533168 0.5048750 0.7427185
v 0.6506210 0.5027300 0.7561820
v 0.6506210 0.4972700 0.7561820
v 0.6554787 0.4972700 0.7483220
v 0.6499894 0.5027300 0.7557917
v 0.6548471 0.4972700 0.7479317
v 0.6499894 0.4972700 0.7557917
v 0.6554787 0.5027300 0.7483220
v 0.6548471 0.5027300 0.7479317
v 0.6968714 0.3773237 0.6800919
v 0.6968714 0.3675737 0.6800919
v 0.7055459 0.3675737 0.6660562
v 0.6933624 0.3773237 0.6779233
v 0.7020370 0.3675737 0.6638875
v 0.6933624 0.3675737 0.6779233
v 0.7055459 0.3773237 0.6660562
v 0.7020370 0.3773237 0.6638875
v 0.6993412 0.3751787 0.6773510
v 0.6993412 0.3697187 0.6773510
v 0.7041990 0.3697187 0.6694910
v 0.6987096 0.3751787 0.6769607
v 0.7035674 0.3697187 0.6691006
v 0.6987096 0.3697187 0.6769607
v 0.7041990 0.3751787 0.6694910
v 0.7035674 0.3751787 0.6691006
v 0.7757024 0.4260440 0.5525406
v 0.7757024 0.4162940 0.5525406
v 0.7843769 0.4162940 0.5385049
v 0.7721934 0.4260440 0.5503720
v 0.7808680 0.4162940 0.5363363
v 0.7721934 0.4162940 0.5503720
v 0.7843769 0.4260440 0.5385049
v 0.7808680 0.4260440 0.5363363
v 0.7781722 0.4238990 0.5497998
v 0.7781722 0.4184390 0.5497998
v 0.7830300 0.4184390 0.5419398
v 0.7775406 0.4238990 0.5494094
v 0.7823984 0.4184390 0.5415494
v 0.7775406 0.4184390 0.5494094
v 0.7830300 0.4238990 0.5419398
v 0.7823984 0.4238990 0.5415494
v 0.7757024 0.5837060 0.5525406
v 0.7757024 0.5739560 0.5525406
v 0.7843769 0.5739560 0.5385049
v 0.7721934 0.5837060 0.5503720
v 0.7808680 0.5739560 0.5363363
v 0.7721934 0.5739560 0.5503720
v 0.7843769 0.5837060 0.5385049
v 0.7808680 0.5837060 0.5363363
v 0.7781722 0.5815610 0.5497998
v 0.7781722 0.5761010 0.5497998
v 0.7830300 0.5761010 0.5419398
v 0.7775406 0.5815610 0.5494094
v 0.7823984 0.5761010 0.5415494
v 0.7775406 0.5761010 0.5494094
v 0.7830300 0.5815610 0.5419398
v 0.7823984 0.5815610 0.5415494
v 0.6653218 0.5048224 0.7404194
v 0.6681060 0.5000000 0.7404194
v 0.6625376 0.5000000 0.7381129
v 0.6597533 0.5048224 0.7404194
v 0.6569691 0.5000000 0.7404194
v 0.6597533 0.4951776 0.7404194
v 0.6653218 0.4951776 0.7404194
v 0.6664751 0.5068200 0.7459879
v 0.6704126 0.5000000 0.7459879
v 0.6586001 0.5068200 0.7459879
v 0.6546626 0.5000000 0.7459879
v 0.6586001 0.4931800 0.7459879
v 0.6664751 0.4931800 0.7459879
v 0.6653218 0.5048224 0.7515564
v 0.6681060 0.5000000 0.7515564
v 0.6597533 0.5048224 0.7515564
v 0.6569691 0.5000000 0.7515564
v 0.6597533 0.4951776 0.7515564
v 0.6653218 0.4951776 0.7515564
v 0.6625376 0.5000000 0.7538629
vt 0.5 0.5
vn 0.2500000 0.0669873 -0.9659258
vn 0.2588190 0.0000000 -0.9659258
vn 0.0000000 0.0000000 -1.0000000
vn 0.2241439 0.1294095 -0.9659258
vn 0.1830127 0.1830127 -0.9659258
vn 0.1294095 0.2241439 -0.9659258
vn 0.0669873 0.2500000 -0.9659258
vn 0.0000000 0.2588190 -0.9659258
vn -0.0669873 0.2500000 -0.9659258
vn -0.1294095 0.2241439 -0.9659258
vn -0.0000000 0.0000000 -1.0000000
vn -0.1830127 0.1830127 -0.9659258
vn -0.2241439 0.1294095 -0.9659258
vn -0.2500000 0.0669873 -0.9659258
vn -0.2588190 0.0000000 -0.9659258
vn -0.2500000 -0.0669873 -0.9659258
vn -0.2241439 -0.1294095 -0.9659258
vn -0.0000000 -0.0000000 -1.0000000
vn -0.1830127 -0.1830127 -0.9659258
vn -0.1294095 -0.2241439 -0.9659258
vn -0.0669873 -0.2500000 -0.9659258
vn -0.0000000 -0.2588190 -0.9659258
vn 0.0669873 -0.2500000 -0.9659258
vn 0.1294095 -0.2241439 -0.9659258
vn 0.0000000 -0.0000000 -1.0000000
vn 0.1830127 -0.1830127 -0.9659258
vn 0.2241439 -0.1294095 -0.9659258
vn 0.2500000 -0.0669873 -0.9659258
vn 0.2588190 -0.0000000 -0.9659258
vn 0.4829629 0.1294095 -0.8660254
vn 0.5000000 0.0000000 -0.8660254
vn 0.4330127 0.2500000 -0.8660254
vn 0.3535534 0.3535534 -0.8660254
vn 0.2500000 0.4330127 -0.8660254
vn 0.1294095 0.4829629 -0.8660254
vn 0.0000000 0.5000000 -0.8660254
vn -0.1294095 0.4829629 -0.8660254
vn -0.2500000 0.4330127 -0.8660254
vn -0.3535534 0.3535534 -0.8660254
vn -0.4330127 0.2500000 -0.8660254
vn -0.4829629 0.1294095 -0.8660254
vn -0.5000000 0.0000000 -0.8660254
vn -0.4829629 -0.1294095 -0.8660254
vn -0.4330127 -0.2500000 -0.8660254
vn -0.3535534 -0.3535534 -0.8660254
vn -0.2500000 -0.4330127 -0.8660254
vn -0.1294095 -0.4829629 -0.8660254
vn -0.0000000 -0.5000000 -0.8660254
vn 0.1294095 -0.4829629 -0.8660254
vn 0.2500000 -0.4330127 -0.8660254
vn 0.3535534 -0.3535534 -0.8660254
vn 0.4330127 -0.2500000 -0.8660254
vn 0.4829629 -0.1294095 -0.8660254
vn 0.5000000 -0.0000000 -0.8660254
vn 0.6830127 0.1830127 -0.7071068
vn 0.7071068 0.0000000 -0.7071068
vn 0.6123724 0.3535534 -0.7071068
vn 0.5000000 0.5000000 -0.7071068
vn 0.3535534 0.6123724 -0.7071068
vn 0.1830127 0.6830127 -0.7071068
vn 0.0000000 0.7071068 -0.7071068
vn -0.1830127 0.6830127 -0.7071068
vn -0.3535534 0.6123724 -0.7071068
vn -0.5000000 0.5000000 -0.7071068
vn -0.6123724 0.3535534 -0.7071068
vn -0.6830127 0.1830127 -0.7071068
vn -0.7071068 0.0000000 -0.7071068
vn -0.6830127 -0.1830127 -0.7071068
vn -0.6123724 -0.3535534 -0.7071068
vn -0.5000000 -0.5000000 -0.7071068
vn -0.3535534 -0.6123724 -0.7071068
vn -0.1830127 -0.6830127 -0.7071068
vn -0.0000000 -0.7071068 -0.7071068
vn 0.1830127 -0.6830127 -0.7071068
vn 0.3535534 -0.6123724 -0.7071068
vn 0.5000000 -0.5000000 -0.7071068
vn 0.6123724 -0.3535534 -0.7071068
vn 0.6830127 -0.1830127 -0.7071068
vn 0.7071068 -0.0000000 -0.7071068
vn 0.8365163 0.2241439 -0.5000000
vn 0.8660254 0.0000000 -0.5000000
vn 0.7500000 0.4330127 -0.5000000
vn 0.6123724 0.6123724 -0.5000000
vn 0.4330127 0.7500000 -0.5000000
vn 0.2241439 0.8365163 -0.5000000
vn 0.0000000 0.8660254 -0.5000000
vn -0.2241439 0.8365163 -0.5000000
vn -0.4330127 0.7500000 -0.5000000
vn -0.6123724 0.6123724 -0.5000000
vn -0.7500000 0.4330127 -0.5000000
vn -0.8365163 0.2241439 -0.5000000
vn -0.8660254 0.0000000 -0.5000000
vn -0.8365163 -0.2241439 -0.5000000
vn -0.7500000 -0.4330127 -0.5000000
vn -0.6123724 -0.6123724 -0.5000000
vn -0.4330127 -0.7500000 -0.5000000
vn -0.2241439 -0.8365163 -0.5000000
vn -0.0000000 -0.8660254 -0.5000000
vn 0.2241439 -0.8365163 -0.5000000
vn 0.4330127 -0.7500000 -0.5000000
vn 0.6123724 -0.6123724 -0.5000000
vn 0.7500000 -0.4330127 -0.5000000
vn 0.8365163 -0.2241439 -0.5000000
vn 0.8660254 -0.0000000 -0.5000000
vn 0.9330127 0.2500000 -0.2588190
vn 0.9659258 0.0000000 -0.2588190
vn 0.8365163 0.4829629 -0.2588190
vn 0.6830127 0.6830127 -0.2588190
vn 0.4829629 0.8365163 -0.2588190
vn 0.2500000 0.9330127 -0.2588190
vn 0.0000000 0.9659258 -0.2588190
vn -0.2500000 0.9330127 -0.2588190
vn -0.4829629 0.8365163 -0.2588190
vn -0.6830127 0.6830127 -0.2588190
vn -0.8365163 0.4829629 -0.2588190
vn -0.9330127 0.2500000 -0.2588190
vn -0.9659258 0.0000000 -0.2588190
vn -0.9330127 -0.2500000 -0.2588190
vn -0.8365163 -0.4829629 -0.2588190
vn -0.6830127 -0.6830127 -0.2588190
vn -0.4829629 -0.8365163 -0.2588190
vn -0.2500000 -0.9330127 -0.2588190
vn -0.0000000 -0.9659258 -0.2588190
vn 0.2500000 -0.9330127 -0.2588190
vn 0.4829629 -0.8365163 -0.2588190
vn 0.6830127 -0.6830127 -0.2588190
vn 0.8365163 -0.4829629 -0.2588190
vn 0.9330127 -0.2500000 -0.2588190
vn 0.9659258 -0.0000000 -0.2588190
vn 0.9659258 0.2588190 -0.0000000
vn 1.0000000 0.0000000 -0.0000000
vn 0.8660254 0.5000000 -0.0000000
vn 0.7071068 0.7071068 -0.0000000
vn 0.5000000 0.8660254 -0.0000000
vn 0.2588190 0.9659258 -0.0000000
vn 0.0000000 1.0000000 -0.0000000
vn -0.2588190 0.9659258 -0.0000000
vn -0.5000000 0.8660254 -0.0000000
vn -0.7071068 0.7071068 -0.0000000
vn -0.8660254 0.5000000 -0.0000000
vn -0.9659258 0.2588190 -0.0000000
vn -1.0000000 0.0000000 -0.0000000
vn -0.9659258 -0.2588190 -0.0000000
vn -0.8660254 -0.5000000 -0.0000000
vn -0.7071068 -0.7071068 -0.0000000
vn -0.5000000 -0.8660254 -0.0000000
vn -0.2588190 -0.9659258 -0.0000000
vn -0.0000000 -1.0000000 -0.0000000
vn 0.2588190 -0.9659258 -0.0000000
vn 0.5000000 -0.8660254 -0.0000000
vn 0.7071068 -0.7071068 -0.0000000
vn 0.8660254 -0.5000000 -0.0000000
vn 0.9659258 -0.2588190 -0.0000000
vn 1.0000000 -0.0000000 -0.0000000
vn 0.9330127 0.2500000 0.2588190
vn 0.9659258 0.0000000 0.2588190
vn 0.8365163 0.4829629 0.2588190
vn 0.6830127 0.6830127 0.2588190
vn 0.4829629 0.8365163 0.2588190
vn 0.2500000 0.9330127 0.2588190
vn 0.0000000 0.9659258 0.2588190
vn -0.2500000 0.9330127 0.2588190
vn -0.4829629 0.8365163 0.2588190
vn -0.6830127 0.6830127 0.2588190
vn -0.8365163 0.4829629 0.2588190
vn -0.9330127 0.2500000 0.2588190
vn -0.9659258 0.0000000 0.2588190
vn -0.9330127 -0.2500000 0.2588190
vn -0.8365163 -0.4829629 0.2588190
vn -0.6830127 -0.6830127 0.2588190
vn -0.4829629 -0.8365163 0.2588190
vn -0.2500000 -0.9330127 0.2588190
vn -0.0000000 -0.9659258 0.2588190
vn 0.2500000 -0.9330127 0.2588190
vn 0.4829629 -0.8365163 0.2588190
vn 0.6830127 -0.6830127 0.2588190
vn 0.8365163 -0.4829629 0.2588190
vn 0.9330127 -0.2500000 0.2588190
vn 0.9659258 -0.0000000 0.2588190
vn 0.8365163 0.2241439 0.5000000
vn 0.8660254 0.0000000 0.5000000
vn 0.7500000 0.4330127 0.5000000
vn 0.6123724 0.6123724 0.5000000
vn 0.4330127 0.7500000 0.5000000
vn 0.2241439 0.8365163 0.5000000
vn 0.0000000 0.8660254 0.5000000
vn -0.2241439 0.8365163 0.5000000
vn -0.4330127 0.7500000 0.5000000
vn -0.6123724 0.6123724 0.5000000
vn -0.7500000 0.4330127 0.5000000
vn -0.8365163 0.2241439 0.5000000
vn -0.8660254 0.0000000 0.5000000
vn -0.8365163 -0.2241439 0.5000000
vn -0.7500000 -0.4330127 0.5000000
vn -0.6123724 -0.6123724 0.5000000
vn -0.4330127 -0.7500000 0.5000000
vn -0.2241439 -0.8365163 0.5000000
vn -0.0000000 -0.8660254 0.5000000
vn 0.2241439 -0.8365163 0.5000000
vn 0.4330127 -0.7500000 0.5000000
vn 0.6123724 -0.6123724 0.5000000
vn 0.7500000 -0.4330127 0.5000000
vn 0.8365163 -0.2241439 0.5000000
vn 0.8660254 -0.0000000 0.5000000
vn 0.6830127 0.1830127 0.7071068
vn 0.7071068 0.0000000 0.7071068
vn 0.6123724 0.3535534 0.7071068
vn 0.5000000 0.5000000 0.7071068
vn 0.3535534 0.6123724 0.7071068
vn 0.1830127 0.6830127 0.7071068
vn 0.0000000 0.7071068 0.7071068
vn -0.1830127 0.6830127 0.7071068
vn -0.3535534 0.6123724 0.7071068
vn -0.5000000 0.5000000 0.7071068
vn -0.6123724 0.3535534 0.7071068
vn -0.6830127 0.1830127 0.7071068
vn -0.7071068 0.0000000 0.7071068
vn -0.6830127 -0.1830127 0.7071068
vn -0.6123724 -0.3535534 0.7071068
vn -0.5000000 -0.5000000 0.7071068
vn -0.3535534 -0.6123724 0.7071068
vn -0.1830127 -0.6830127 0.7071068
vn -0.0000000 -0.7071068 0.7071068
vn 0.1830127 -0.6830127 0.7071068
vn 0.3535534 -0.6123724 0.7071068
vn 0.5000000 -0.5000000 0.7071068
vn 0.6123724 -0.3535534 0.7071068
vn 0.6830127 -0.1830127 0.7071068
vn 0.7071068 -0.0000000 0.7071068
vn 0.4829629 0.1294095 0.8660254
vn 0.5000000 0.0000000 0.8660254
vn 0.4330127 0.2500000 0.8660254
vn 0.3535534 0.3535534 0.8660254
vn 0.2500000 0.4330127 0.8660254
vn 0.1294095 0.4829629 0.8660254
vn 0.0000000 0.5000000 0.8660254
vn -0.1294095 0.4829629 0.8660254
vn -0.2500000 0.4330127 0.8660254
vn -0.3535534 0.3535534 0.8660254
vn -0.4330127 0.2500000 0.8660254
vn -0.4829629 0.1294095 0.8660254
vn -0.5000000 0.0000000 0.8660254
vn -0.4829629 -0.1294095 0.8660254
vn -0.4330127 -0.2500000 0.8660254
vn -0.3535534 -0.3535534 0.8660254
vn -0.2500000 -0.4330127 0.8660254
vn -0.1294095 -0.4829629 0.8660254
vn -0.0000000 -0.5000000 0.8660254
vn 0.1294095 -0.4829629 0.8660254
vn 0.2500000 -0.4330127 0.8660254
vn 0.3535534 -0.3535534 0.8660254
vn 0.4330127 -0.2500000 0.8660254
vn 0.4829629 -0.1294095 0.8660254
vn 0.5000000 -0.0000000 0.8660254
vn 0.2500000 0.0669873 0.9659258
vn 0.2588190 0.0000000 0.9659258
vn 0.2241439 0.1294095 0.9659258
vn 0.1830127 0.1830127 0.9659258
vn 0.1294095 0.2241439 0.9659258
vn 0.0669873 0.2500000 0.9659258
vn 0.0000000 0.2588190 0.9659258
vn -0.0669873 0.2500000 0.9659258
vn -0.1294095 0.2241439 0.9659258
vn -0.1830127 0.1830127 0.9659258
vn -0.2241439 0.1294095 0.9659258
vn -0.2500000 0.0669873 0.9659258
vn -0.2588190 0.0000000 0.9659258
vn -0.2500000 -0.0669873 0.9659258
vn -0.2241439 -0.1294095 0.9659258
vn -0.1830127 -0.1830127 0.9659258
vn -0.1294095 -0.2241439 0.9659258
vn -0.0669873 -0.2500000 0.9659258
vn -0.0000000 -0.2588190 0.9659258
vn 0.0669873 -0.2500000 0.9659258
vn 0.1294095 -0.2241439 0.9659258
vn 0.1830127 -0.1830127 0.9659258
vn 0.2241439 -0.1294095 0.9659258
vn 0.2500000 -0.0669873 0.9659258
vn 0.2588190 -0.0000000 0.9659258
vn 0.0000000 0.0000000 1.0000000
vn -0.0000000 0.0000000 1.0000000
vn -0.0000000 -0.0000000 1.0000000
vn 0.0000000 -0.0000000 1.0000000
vn -0.0000000 -0.5257311 -0.8506508
vn 0.0000000 0.5257311 0.8506508
vn 0.0000000 -0.5257311 -0.8506508
vn 0.5877853 -0.6881910 0.4253254
vn -0.5877853 -0.6881910 0.4253254
vn -0.9510565 0.2628656 -0.1624598
vn -0.0000000 0.8506508 -0.5257311
vn 0.9510565 0.2628656 -0.1624598
vn 0.0000000 -0.5257311 0.8506508
vn 0.0000000 0.5257311 -0.8506508
vn -0.0000000 0.5257311 -0.8506508
vn -0.0000000 -0.5257311 0.8506508
vn 0.0000000 0.8506508 0.5257311
vn -0.9510565 0.2628656 0.1624598
vn -0.5877853 -0.6881910 -0.4253254
vn 0.5877853 -0.6881910 -0.4253254
vn 0.9510565 0.2628656 0.1624598
vn -0.5877853 0.6881910 0.4253254
vn 0.5877853 0.6881910 0.4253254
vn 0.9510565 -0.2628656 -0.1624598
vn -0.0000000 -0.8506508 -0.5257311
vn -0.9510565 -0.2628656 -0.1624598
vn -0.0000000 0.5257311 0.8506508
vn -0.0000000 -0.8506508 0.5257311
vn 0.9510565 -0.2628656 0.1624598
vn 0.5877853 0.6881910 -0.4253254
vn -0.5877853 0.6881910 -0.4253254
vn -0.9510565 -0.2628656 0.1624598
vn -0.5257311 -0.8506508 -0.0000000
vn 0.5257311 0.8506508 0.0000000
vn -0.5257311 -0.8506508 0.0000000
vn 0.5257311 0.8506508 -0.0000000
vn 0.2628656 -0.1624598 0.9510565
vn -0.6881910 0.4253254 0.5877853
vn -0.6881910 0.4253254 -0.5877853
vn 0.2628656 -0.1624598 -0.9510565
vn 0.8506508 -0.5257311 -0.0000000
vn -0.5257311 0.8506508 0.0000000
vn 0.5257311 -0.8506508 0.0000000
vn 0.2628656 0.1624598 0.9510565
vn 0.8506508 0.5257311 0.0000000
vn 0.2628656 0.1624598 -0.9510565
vn -0.6881910 -0.4253254 -0.5877853
vn -0.6881910 -0.4253254 0.5877853
vn -0.2628656 -0.1624598 0.9510565
vn -0.8506508 -0.5257311 -0.0000000
vn -0.2628656 -0.1624598 -0.9510565
vn 0.6881910 0.4253254 -0.5877853
vn 0.6881910 0.4253254 0.5877853
vn -0.2628656 0.1624598 0.9510565
vn 0.6881910 -0.4253254 0.5877853
vn 0.6881910 -0.4253254 -0.5877853
vn -0.2628656 0.1624598 -0.9510565
vn -0.8506508 0.5257311 -0.0000000
vn -0.8506508 0.0000000 -0.5257311
vn 0.8506508 -0.0000000 0.5257311
vn -0.8506508 -0.0000000 -0.5257311
vn 0.8506508 0.0000000 0.5257311
vn -0.5257311 -0.0000000 0.8506508
vn -0.1624598 0.9510565 0.2628656
vn 0.4253254 0.5877853 -0.6881910
vn 0.4253254 -0.5877853 -0.6881910
vn -0.1624598 -0.9510565 0.2628656
vn 0.8506508 0.0000000 -0.5257311
vn -0.8506508 0.0000000 0.5257311
vn -0.8506508 -0.0000000 0.5257311
vn 0.8506508 -0.0000000 -0.5257311
vn 0.5257311 0.0000000 0.8506508
vn 0.1624598 -0.9510565 0.2628656
vn -0.4253254 -0.5877853 -0.6881910
vn -0.4253254 0.5877853 -0.6881910
vn 0.1624598 0.9510565 0.2628656
vn 0.4253254 -0.5877853 0.6881910
vn 0.4253254 0.5877853 0.6881910
vn -0.1624598 0.9510565 -0.2628656
vn -0.5257311 -0.0000000 -0.8506508
vn -0.1624598 -0.9510565 -0.2628656
vn -0.4253254 0.5877853 0.6881910
vn -0.4253254 -0.5877853 0.6881910
vn 0.1624598 -0.9510565 -0.2628656
vn 0.5257311 -0.0000000 -0.8506508
vn 0.1624598 0.9510565 -0.2628656
vn 0.3568221 -0.0000000 0.9341724
vn 0.3568221 0.0000000 -0.9341724
vn -0.0000000 -0.9341724 -0.3568221
vn 0.5773503 0.5773503 0.5773503
vn 0.5773503 -0.5773503 -0.5773503
vn 0.3568221 -0.0000000 -0.9341724
vn 0.3568221 0.0000000 0.9341724
vn 0.0000000 -0.9341724 0.3568221
vn 0.5773503 0.5773503 -0.5773503
vn 0.5773503 -0.5773503 0.5773503
vn 0.0000000 0.9341724 -0.3568221
vn 0.0000000 0.9341724 0.3568221
vn 0.9341724 0.3568221 0.0000000
vn 0.9341724 -0.3568221 -0.0000000
vn 0.9341724 -0.3568221 0.0000000
vn -0.3568221 0.0000000 -0.9341724
vn -0.3568221 -0.0000000 0.9341724
vn -0.5773503 -0.5773503 -0.5773503
vn -0.5773503 0.5773503 0.5773503
vn -0.3568221 0.0000000 0.9341724
vn -0.3568221 -0.0000000 -0.9341724
vn -0.5773503 -0.5773503 0.5773503
vn -0.5773503 0.5773503 -0.5773503
vn -0.9341724 -0.3568221 -0.0000000
vn -0.9341724 0.3568221 0.0000000
vn -0.9341724 0.3568221 -0.0000000
vn -0.0000000 0.9341724 -0.3568221
vn -0.0000000 -0.9341724 0.3568221
vn 0.3535534 0.1464466 -0.9238795
vn 0.3826834 0.0000000 -0.9238795
vn 0.2705981 0.2705981 -0.9238795
vn 0.1464466 0.3535534 -0.9238795
vn 0.0000000 0.3826834 -0.9238795
vn -0.1464466 0.3535534 -0.9238795
vn -0.2705981 0.2705981 -0.9238795
vn -0.3535534 0.1464466 -0.9238795
vn -0.3826834 0.0000000 -0.9238795
vn -0.3535534 -0.1464466 -0.9238795
vn -0.2705981 -0.2705981 -0.9238795
vn -0.1464466 -0.3535534 -0.9238795
vn -0.0000000 -0.3826834 -0.9238795
vn 0.1464466 -0.3535534 -0.9238795
vn 0.2705981 -0.2705981 -0.9238795
vn 0.3535534 -0.1464466 -0.9238795
vn 0.3826834 -0.0000000 -0.9238795
vn 0.6532815 0.2705981 -0.7071068
vn 0.2705981 0.6532815 -0.7071068
vn -0.2705981 0.6532815 -0.7071068
vn -0.6532815 0.2705981 -0.7071068
vn -0.6532815 -0.2705981 -0.7071068
vn -0.2705981 -0.6532815 -0.7071068
vn 0.2705981 -0.6532815 -0.7071068
vn 0.6532815 -0.2705981 -0.7071068
vn 0.8535534 0.3535534 -0.3826834
vn 0.9238795 0.0000000 -0.3826834
vn 0.6532815 0.6532815 -0.3826834
vn 0.3535534 0.8535534 -0.3826834
vn 0.0000000 0.9238795 -0.3826834
vn -0.3535534 0.8535534 -0.3826834
vn -0.6532815 0.6532815 -0.3826834
vn -0.8535534 0.3535534 -0.3826834
vn -0.9238795 0.0000000 -0.3826834
vn -0.8535534 -0.3535534 -0.3826834
vn -0.6532815 -0.6532815 -0.3826834
vn -0.3535534 -0.8535534 -0.3826834
vn -0.0000000 -0.9238795 -0.3826834
vn 0.3535534 -0.8535534 -0.3826834
vn 0.6532815 -0.6532815 -0.3826834
vn 0.8535534 -0.3535534 -0.3826834
vn 0.9238795 -0.0000000 -0.3826834
vn 0.9238795 0.3826834 -0.0000000
vn 0.3826834 0.9238795 -0.0000000
vn -0.3826834 0.9238795 -0.0000000
vn -0.9238795 0.3826834 -0.0000000
vn -0.9238795 -0.3826834 -0.0000000
vn -0.3826834 -0.9238795 -0.0000000
vn 0.3826834 -0.9238795 -0.0000000
vn 0.9238795 -0.3826834 -0.0000000
vn 0.8535534 0.3535534 0.3826834
vn 0.9238795 0.0000000 0.3826834
vn 0.6532815 0.6532815 0.3826834
vn 0.3535534 0.8535534 0.3826834
vn 0.0000000 0.9238795 0.3826834
vn -0.3535534 0.8535534 0.3826834
vn -0.6532815 0.6532815 0.3826834
vn -0.8535534 0.3535534 0.3826834
vn -0.9238795 0.0000000 0.3826834
vn -0.8535534 -0.3535534 0.3826834
vn -0.6532815 -0.6532815 0.3826834
vn -0.3535534 -0.8535534 0.3826834
vn -0.0000000 -0.9238795 0.3826834
vn 0.3535534 -0.8535534 0.3826834
vn 0.6532815 -0.6532815 0.3826834
vn 0.8535534 -0.3535534 0.3826834
vn 0.9238795 -0.0000000 0.3826834
vn 0.6532815 0.2705981 0.7071068
vn 0.2705981 0.6532815 0.7071068
vn -0.2705981 0.6532815 0.7071068
vn -0.6532815 0.2705981 0.7071068
vn -0.6532815 -0.2705981 0.7071068
vn -0.2705981 -0.6532815 0.7071068
vn 0.2705981 -0.6532815 0.7071068
vn 0.6532815 -0.2705981 0.7071068
vn 0.3535534 0.1464466 0.9238795
vn 0.3826834 0.0000000 0.9238795
vn 0.2705981 0.2705981 0.9238795
vn 0.1464466 0.3535534 0.9238795
vn 0.0000000 0.3826834 0.9238795
vn -0.1464466 0.3535534 0.9238795
vn -0.2705981 0.2705981 0.9238795
vn -0.3535534 0.1464466 0.9238795
vn -0.3826834 0.0000000 0.9238795
vn -0.3535534 -0.1464466 0.9238795
vn -0.2705981 -0.2705981 0.9238795
vn -0.1464466 -0.3535534 0.9238795
vn -0.0000000 -0.3826834 0.9238795
vn 0.1464466 -0.3535534 0.9238795
vn 0.2705981 -0.2705981 0.9238795
vn 0.3535534 -0.1464466 0.9238795
vn 0.3826834 -0.0000000 0.9238795
vn 0.0000000 0.8506508 -0.5257311
vn 0.0000000 -0.8506508 0.5257311
vn 0.2676166 0.8236391 -0.5000000
vn -0.7006293 0.5090370 -0.5000000
vn -0.7006293 -0.5090370 -0.5000000
vn 0.2676166 -0.8236391 -0.5000000
vn 0.2676166 0.8236391 0.5000000
vn -0.7006293 0.5090370 0.5000000
vn -0.7006293 -0.5090370 0.5000000
vn 0.2676166 -0.8236391 0.5000000
vn 0.0000000 -0.8506508 -0.5257311
vn 0.8506508 -0.5257311 0.0000000
vn -0.8506508 0.5257311 0.0000000
vn -0.5257311 0.8506508 -0.0000000
vn 0.5257311 -0.8506508 -0.0000000
vn -0.8506508 -0.5257311 0.0000000
vn -0.5257311 0.0000000 0.8506508
vn 0.5257311 0.0000000 -0.8506508
vn -0.5257311 0.0000000 -0.8506508
vn -0.3090170 -0.8090170 0.5000000
vn 0.3090170 0.8090170 -0.5000000
vn -0.3090170 0.8090170 -0.5000000
vn 0.3090170 -0.8090170 0.5000000
vn 0.8090170 -0.5000000 0.3090170
vn -0.8090170 0.5000000 -0.3090170
vn 0.8763179 0.0213995 0.4812577
vn 0.6415092 -0.3245607 0.6950728
vn 0.2348087 -0.5243009 0.8185191
vn -0.2348087 -0.5243009 0.8185191
vn -0.6415092 -0.3245607 0.6950728
vn -0.8763179 0.0213995 0.4812577
vn -0.8763179 0.4208798 0.2343652
vn -0.6415092 0.7668400 0.0205501
vn -0.2348087 0.9665802 -0.1028961
vn 0.2348087 0.9665802 -0.1028961
vn 0.6415092 0.7668400 0.0205501
vn 0.8763179 0.4208798 0.2343652
vn 0.9659258 -0.2201646 0.1360692
vn 0.7071068 -0.6015010 0.3717480
vn 0.2588190 -0.8216656 0.5078173
vn -0.2588190 -0.8216656 0.5078173
vn -0.7071068 -0.6015010 0.3717480
vn -0.9659258 -0.2201646 0.1360692
vn -0.9659258 0.2201646 -0.1360692
vn -0.7071068 0.6015010 -0.3717480
vn -0.2588190 0.8216656 -0.5078173
vn 0.2588190 0.8216656 -0.5078173
vn 0.7071068 0.6015010 -0.3717480
vn 0.9659258 0.2201646 -0.1360692
vn 0.6852280 -0.5267232 -0.5030162
vn 0.5016217 -0.7972433 -0.3358256
vn 0.1836063 -0.9534281 -0.2392981
vn -0.1836063 -0.9534281 -0.2392981
vn -0.5016217 -0.7972433 -0.3358256
vn -0.6852280 -0.5267232 -0.5030162
vn -0.6852280 -0.2143536 -0.6960712
vn -0.5016217 0.0561665 -0.8632618
vn -0.1836063 0.2123513 -0.9597894
vn 0.1836063 0.2123513 -0.9597894
vn 0.5016217 0.0561665 -0.8632618
vn 0.6852280 -0.2143536 -0.6960712
vn 0.4174866 0.3789309 0.8259033
vn 0.3056214 0.2141120 0.9277670
vn 0.1118652 0.1189538 0.9865780
vn -0.1118652 0.1189538 0.9865780
vn -0.3056214 0.2141120 0.9277670
vn -0.4174866 0.3789309 0.8259033
vn -0.4174866 0.5692473 0.7082813
vn -0.3056214 0.7340662 0.6064176
vn -0.1118652 0.8292244 0.5476066
vn 0.1118652 0.8292244 0.5476066
vn 0.3056214 0.7340662 0.6064176
vn 0.4174866 0.5692473 0.7082813
vn 0.2939982 -0.5677987 -0.7688756
vn 0.2152216 -0.6838658 -0.6971422
vn 0.0787766 -0.7508771 -0.6557269
vn -0.0787766 -0.7508771 -0.6557269
vn -0.2152216 -0.6838658 -0.6971422
vn -0.2939982 -0.5677987 -0.7688756
vn -0.2939982 -0.4337760 -0.8517062
vn -0.2152216 -0.3177089 -0.9234396
vn -0.0787766 -0.2506975 -0.9648549
vn 0.0787766 -0.2506975 -0.9648549
vn 0.2152216 -0.3177089 -0.9234396
vn 0.2939982 -0.4337760 -0.8517062
vn -1.0000000 -0.0000000 -0.0000000
vn -0.8090170 0.5000000 0.3090170
vn 0.8090170 -0.5000000 -0.3090170
vn 0.3090170 -0.8090170 -0.5000000
vn -0.3090170 0.8090170 0.5000000
vn 0.3090170 0.8090170 0.5000000
vn -0.3090170 -0.8090170 -0.5000000
vn 0.8763179 0.4208798 -0.2343652
vn 0.6415092 0.7668400 -0.0205501
vn 0.2348087 0.9665802 0.1028961
vn -0.2348087 0.9665802 0.1028961
vn -0.6415092 0.7668400 -0.0205501
vn -0.8763179 0.4208798 -0.2343652
vn -0.8763179 0.0213995 -0.4812577
vn -0.6415092 -0.3245607 -0.6950728
vn -0.2348087 -0.5243009 -0.8185191
vn 0.2348087 -0.5243009 -0.8185191
vn 0.6415092 -0.3245607 -0.6950728
vn 0.8763179 0.0213995 -0.4812577
vn 0.9659258 0.2201646 0.1360692
vn 0.7071068 0.6015010 0.3717480
vn 0.2588190 0.8216656 0.5078173
vn -0.2588190 0.8216656 0.5078173
vn -0.7071068 0.6015010 0.3717480
vn -0.9659258 0.2201646 0.1360692
vn -0.9659258 -0.2201646 -0.1360692
vn -0.7071068 -0.6015010 -0.3717480
vn -0.2588190 -0.8216656 -0.5078173
vn 0.2588190 -0.8216656 -0.5078173
vn 0.7071068 -0.6015010 -0.3717480
vn 0.9659258 -0.2201646 -0.1360692
vn 0.6852280 -0.2143536 0.6960712
vn 0.5016217 0.0561665 0.8632618
vn 0.1836063 0.2123513 0.9597894
vn -0.1836063 0.2123513 0.9597894
vn -0.5016217 0.0561665 0.8632618
vn -0.6852280 -0.2143536 0.6960712
vn -0.6852280 -0.5267232 0.5030162
vn -0.5016217 -0.7972433 0.3358256
vn -0.1836063 -0.9534281 0.2392981
vn 0.1836063 -0.9534281 0.2392981
vn 0.5016217 -0.7972433 0.3358256
vn 0.6852280 -0.5267232 0.5030162
vn 0.4174866 0.5692473 -0.7082813
vn 0.3056214 0.7340662 -0.6064176
vn 0.1118652 0.8292244 -0.5476066
vn -0.1118652 0.8292244 -0.5476066
vn -0.3056214 0.7340662 -0.6064176
vn -0.4174866 0.5692473 -0.7082813
vn -0.4174866 0.3789309 -0.8259033
vn -0.3056214 0.2141120 -0.9277670
vn -0.1118652 0.1189538 -0.9865780
vn 0.1118652 0.1189538 -0.9865780
vn 0.3056214 0.2141120 -0.9277670
vn 0.4174866 0.3789309 -0.8259033
vn 0.2939982 -0.4337760 0.8517062
vn 0.2152216 -0.3177089 0.9234396
vn 0.0787766 -0.2506975 0.9648549
vn -0.0787766 -0.2506975 0.9648549
vn -0.2152216 -0.3177089 0.9234396
vn -0.2939982 -0.4337760 0.8517062
vn -0.2939982 -0.5677987 0.7688756
vn -0.2152216 -0.6838658 0.6971422
vn -0.0787766 -0.7508771 0.6557269
vn 0.0787766 -0.7508771 0.6557269
vn 0.2152216 -0.6838658 0.6971422
vn 0.2939982 -0.5677987 0.7688756
vn -0.8763179 -0.0213995 0.4812577
vn -0.6415092 0.3245607 0.6950728
vn -0.2348087 0.5243009 0.8185191
vn 0.2348087 0.5243009 0.8185191
vn 0.6415092 0.3245607 0.6950728
vn 0.8763179 -0.0213995 0.4812577
vn 0.8763179 -0.4208798 0.2343652
vn 0.6415092 -0.7668400 0.0205501
vn 0.2348087 -0.9665802 -0.1028961
vn -0.2348087 -0.9665802 -0.1028961
vn -0.6415092 -0.7668400 0.0205501
vn -0.8763179 -0.4208798 0.2343652
vn -0.6852280 0.5267232 -0.5030162
vn -0.5016217 0.7972433 -0.3358256
vn -0.1836063 0.9534281 -0.2392981
vn 0.1836063 0.9534281 -0.2392981
vn 0.5016217 0.7972433 -0.3358256
vn 0.6852280 0.5267232 -0.5030162
vn 0.6852280 0.2143536 -0.6960712
vn 0.5016217 -0.0561665 -0.8632618
vn 0.1836063 -0.2123513 -0.9597894
vn -0.1836063 -0.2123513 -0.9597894
vn -0.5016217 -0.0561665 -0.8632618
vn -0.6852280 0.2143536 -0.6960712
vn -0.4174866 -0.3789309 0.8259033
vn -0.3056214 -0.2141120 0.9277670
vn -0.1118652 -0.1189538 0.9865780
vn 0.1118652 -0.1189538 0.9865780
vn 0.3056214 -0.2141120 0.9277670
vn 0.4174866 -0.3789309 0.8259033
vn 0.4174866 -0.5692473 0.7082813
vn 0.3056214 -0.7340662 0.6064176
vn 0.1118652 -0.8292244 0.5476066
vn -0.1118652 -0.8292244 0.5476066
vn -0.3056214 -0.7340662 0.6064176
vn -0.4174866 -0.5692473 0.7082813
vn -0.2939982 0.5677987 -0.7688756
vn -0.2152216 0.6838658 -0.6971422
vn -0.0787766 0.7508771 -0.6557269
vn 0.0787766 0.7508771 -0.6557269
vn 0.2152216 0.6838658 -0.6971422
vn 0.2939982 0.5677987 -0.7688756
vn 0.2939982 0.4337760 -0.8517062
vn 0.2152216 0.3177089 -0.9234396
vn 0.0787766 0.2506975 -0.9648549
vn -0.0787766 0.2506975 -0.9648549
vn -0.2152216 0.3177089 -0.9234396
vn -0.2939982 0.4337760 -0.8517062
vn -0.0000000 0.8506508 0.5257311
vn -0.8763179 -0.4208798 -0.2343652
vn -0.6415092 -0.7668400 -0.0205501
vn -0.2348087 -0.9665802 0.1028961
vn 0.2348087 -0.9665802 0.1028961
vn 0.6415092 -0.7668400 -0.0205501
vn 0.8763179 -0.4208798 -0.2343652
vn 0.8763179 -0.0213995 -0.4812577
vn 0.6415092 0.3245607 -0.6950728
vn 0.2348087 0.5243009 -0.8185191
vn -0.2348087 0.5243009 -0.8185191
vn -0.6415092 0.3245607 -0.6950728
vn -0.8763179 -0.0213995 -0.4812577
vn -0.6852280 0.2143536 0.6960712
vn -0.5016217 -0.0561665 0.8632618
vn -0.1836063 -0.2123513 0.9597894
vn 0.1836063 -0.2123513 0.9597894
vn 0.5016217 -0.0561665 0.8632618
vn 0.6852280 0.2143536 0.6960712
vn 0.6852280 0.5267232 0.5030162
vn 0.5016217 0.7972433 0.3358256
vn 0.1836063 0.9534281 0.2392981
vn -0.1836063 0.9534281 0.2392981
vn -0.5016217 0.7972433 0.3358256
vn -0.6852280 0.5267232 0.5030162
vn -0.4174866 -0.5692473 -0.7082813
vn -0.3056214 -0.7340662 -0.6064176
vn -0.1118652 -0.8292244 -0.5476066
vn 0.1118652 -0.8292244 -0.5476066
vn 0.3056214 -0.7340662 -0.6064176
vn 0.4174866 -0.5692473 -0.7082813
vn 0.4174866 -0.3789309 -0.8259033
vn 0.3056214 -0.2141120 -0.9277670
vn 0.1118652 -0.1189538 -0.9865780
vn -0.1118652 -0.1189538 -0.9865780
vn -0.3056214 -0.2141120 -0.9277670
vn -0.4174866 -0.3789309 -0.8259033
vn -0.2939982 0.4337760 0.8517062
vn -0.2152216 0.3177089 0.9234396
vn -0.0787766 0.2506975 0.9648549
vn 0.0787766 0.2506975 0.9648549
vn 0.2152216 0.3177089 0.9234396
vn 0.2939982 0.4337760 0.8517062
vn 0.2939982 0.5677987 0.7688756
vn 0.2152216 0.6838658 0.6971422
vn 0.0787766 0.7508771 0.6557269
vn -0.0787766 0.7508771 0.6557269
vn -0.2152216 0.6838658 0.6971422
vn -0.2939982 0.5677987 0.7688756
vn -0.5000000 0.3090170 0.8090170
vn 0.5000000 -0.3090170 -0.8090170
vn 0.5000000 -0.3090170 0.8090170
vn -0.5000000 0.3090170 -0.8090170
vn 0.9665802 -0.1028961 0.2348087
vn 0.7668400 0.0205501 0.6415092
vn 0.4208798 0.2343652 0.8763179
vn 0.0213995 0.4812577 0.8763179
vn -0.3245607 0.6950728 0.6415092
vn -0.5243009 0.8185191 0.2348087
vn -0.5243009 0.8185191 -0.2348087
vn -0.3245607 0.6950728 -0.6415092
vn 0.0213995 0.4812577 -0.8763179
vn 0.4208798 0.2343652 -0.8763179
vn 0.7668400 0.0205501 -0.6415092
vn 0.9665802 -0.1028961 -0.2348087
vn 0.8216656 -0.5078173 0.2588190
vn 0.6015010 -0.3717480 0.7071068
vn 0.2201646 -0.1360692 0.9659258
vn -0.2201646 0.1360692 0.9659258
vn -0.6015010 0.3717480 0.7071068
vn -0.8216656 0.5078173 0.2588190
vn -0.8216656 0.5078173 -0.2588190
vn -0.6015010 0.3717480 -0.7071068
vn -0.2201646 0.1360692 -0.9659258
vn 0.2201646 -0.1360692 -0.9659258
vn 0.6015010 -0.3717480 -0.7071068
vn 0.8216656 -0.5078173 -0.2588190
vn 0.2123513 -0.9597894 0.1836063
vn 0.0561665 -0.8632618 0.5016217
vn -0.2143536 -0.6960712 0.6852280
vn -0.5267232 -0.5030162 0.6852280
vn -0.7972433 -0.3358256 0.5016217
vn -0.9534281 -0.2392981 0.1836063
vn -0.9534281 -0.2392981 -0.1836063
vn -0.7972433 -0.3358256 -0.5016217
vn -0.5267232 -0.5030162 -0.6852280
vn -0.2143536 -0.6960712 -0.6852280
vn 0.0561665 -0.8632618 -0.5016217
vn 0.2123513 -0.9597894 -0.1836063
vn 0.8292244 0.5476066 0.1118652
vn 0.7340662 0.6064176 0.3056214
vn 0.5692473 0.7082813 0.4174866
vn 0.3789309 0.8259033 0.4174866
vn 0.2141120 0.9277670 0.3056214
vn 0.1189538 0.9865780 0.1118652
vn 0.1189538 0.9865780 -0.1118652
vn 0.2141120 0.9277670 -0.3056214
vn 0.3789309 0.8259033 -0.4174866
vn 0.5692473 0.7082813 -0.4174866
vn 0.7340662 0.6064176 -0.3056214
vn 0.8292244 0.5476066 -0.1118652
vn -0.2506975 -0.9648549 0.0787766
vn -0.3177089 -0.9234396 0.2152216
vn -0.4337760 -0.8517062 0.2939982
vn -0.5677987 -0.7688756 0.2939982
vn -0.6838658 -0.6971422 0.2152216
vn -0.7508771 -0.6557269 0.0787766
vn -0.7508771 -0.6557269 -0.0787766
vn -0.6838658 -0.6971422 -0.2152216
vn -0.5677987 -0.7688756 -0.2939982
vn -0.4337760 -0.8517062 -0.2939982
vn -0.3177089 -0.9234396 -0.2152216
vn -0.2506975 -0.9648549 -0.0787766
vn 0.8090170 0.5000000 0.3090170
vn -0.8090170 -0.5000000 -0.3090170
vn -0.5000000 -0.3090170 -0.8090170
vn 0.5000000 0.3090170 0.8090170
vn 0.8506508 0.5257311 -0.0000000
vn -0.5243009 -0.8185191 0.2348087
vn -0.3245607 -0.6950728 0.6415092
vn 0.0213995 -0.4812577 0.8763179
vn 0.4208798 -0.2343652 0.8763179
vn 0.7668400 -0.0205501 0.6415092
vn 0.9665802 0.1028961 0.2348087
vn 0.9665802 0.1028961 -0.2348087
vn 0.7668400 -0.0205501 -0.6415092
vn 0.4208798 -0.2343652 -0.8763179
vn 0.0213995 -0.4812577 -0.8763179
vn -0.3245607 -0.6950728 -0.6415092
vn -0.5243009 -0.8185191 -0.2348087
vn -0.8216656 -0.5078173 0.2588190
vn -0.6015010 -0.3717480 0.7071068
vn -0.2201646 -0.1360692 0.9659258
vn 0.2201646 0.1360692 0.9659258
vn 0.6015010 0.3717480 0.7071068
vn 0.8216656 0.5078173 0.2588190
vn 0.8216656 0.5078173 -0.2588190
vn 0.6015010 0.3717480 -0.7071068
vn 0.2201646 0.1360692 -0.9659258
vn -0.2201646 -0.1360692 -0.9659258
vn -0.6015010 -0.3717480 -0.7071068
vn -0.8216656 -0.5078173 -0.2588190
vn -0.9534281 0.2392981 0.1836063
vn -0.7972433 0.3358256 0.5016217
vn -0.5267232 0.5030162 0.6852280
vn -0.2143536 0.6960712 0.6852280
vn 0.0561665 0.8632618 0.5016217
vn 0.2123513 0.9597894 0.1836063
vn 0.2123513 0.9597894 -0.1836063
vn 0.0561665 0.8632618 -0.5016217
vn -0.2143536 0.6960712 -0.6852280
vn -0.5267232 0.5030162 -0.6852280
vn -0.7972433 0.3358256 -0.5016217
vn -0.9534281 0.2392981 -0.1836063
vn 0.1189538 -0.9865780 0.1118652
vn 0.2141120 -0.9277670 0.3056214
vn 0.3789309 -0.8259033 0.4174866
vn 0.5692473 -0.7082813 0.4174866
vn 0.7340662 -0.6064176 0.3056214
vn 0.8292244 -0.5476066 0.1118652
vn 0.8292244 -0.5476066 -0.1118652
vn 0.7340662 -0.6064176 -0.3056214
vn 0.5692473 -0.7082813 -0.4174866
vn 0.3789309 -0.8259033 -0.4174866
vn 0.2141120 -0.9277670 -0.3056214
vn 0.1189538 -0.9865780 -0.1118652
vn -0.7508771 0.6557269 0.0787766
vn -0.6838658 0.6971422 0.2152216
vn -0.5677987 0.7688756 0.2939982
vn -0.4337760 0.8517062 0.2939982
vn -0.3177089 0.9234396 0.2152216
vn -0.2506975 0.9648549 0.0787766
vn -0.2506975 0.9648549 -0.0787766
vn -0.3177089 0.9234396 -0.2152216
vn -0.4337760 0.8517062 -0.2939982
vn -0.5677987 0.7688756 -0.2939982
vn -0.6838658 0.6971422 -0.2152216
vn -0.7508771 0.6557269 -0.0787766
vn -0.8090170 -0.5000000 0.3090170
vn 0.8090170 0.5000000 -0.3090170
vn 0.5000000 0.3090170 -0.8090170
vn -0.5000000 -0.3090170 0.8090170
vn 0.5243009 0.8185191 0.2348087
vn 0.3245607 0.6950728 0.6415092
vn -0.0213995 0.4812577 0.8763179
vn -0.4208798 0.2343652 0.8763179
vn -0.7668400 0.0205501 0.6415092
vn -0.9665802 -0.1028961 0.2348087
vn -0.9665802 -0.1028961 -0.2348087
vn -0.7668400 0.0205501 -0.6415092
vn -0.4208798 0.2343652 -0.8763179
vn -0.0213995 0.4812577 -0.8763179
vn 0.3245607 0.6950728 -0.6415092
vn 0.5243009 0.8185191 -0.2348087
vn 0.9534281 -0.2392981 0.1836063
vn 0.7972433 -0.3358256 0.5016217
vn 0.5267232 -0.5030162 0.6852280
vn 0.2143536 -0.6960712 0.6852280
vn -0.0561665 -0.8632618 0.5016217
vn -0.2123513 -0.9597894 0.1836063
vn -0.2123513 -0.9597894 -0.1836063
vn -0.0561665 -0.8632618 -0.5016217
vn 0.2143536 -0.6960712 -0.6852280
vn 0.5267232 -0.5030162 -0.6852280
vn 0.7972433 -0.3358256 -0.5016217
vn 0.9534281 -0.2392981 -0.1836063
vn -0.1189538 0.9865780 0.1118652
vn -0.2141120 0.9277670 0.3056214
vn -0.3789309 0.8259033 0.4174866
vn -0.5692473 0.7082813 0.4174866
vn -0.7340662 0.6064176 0.3056214
vn -0.8292244 0.5476066 0.1118652
vn -0.8292244 0.5476066 -0.1118652
vn -0.7340662 0.6064176 -0.3056214
vn -0.5692473 0.7082813 -0.4174866
vn -0.3789309 0.8259033 -0.4174866
vn -0.2141120 0.9277670 -0.3056214
vn -0.1189538 0.9865780 -0.1118652
vn 0.7508771 -0.6557269 0.0787766
vn 0.6838658 -0.6971422 0.2152216
vn 0.5677987 -0.7688756 0.2939982
vn 0.4337760 -0.8517062 0.2939982
vn 0.3177089 -0.9234396 0.2152216
vn 0.2506975 -0.9648549 0.0787766
vn 0.2506975 -0.9648549 -0.0787766
vn 0.3177089 -0.9234396 -0.2152216
vn 0.4337760 -0.8517062 -0.2939982
vn 0.5677987 -0.7688756 -0.2939982
vn 0.6838658 -0.6971422 -0.2152216
vn 0.7508771 -0.6557269 -0.0787766
vn -0.9665802 0.1028961 0.2348087
vn -0.7668400 -0.0205501 0.6415092
vn -0.4208798 -0.2343652 0.8763179
vn -0.0213995 -0.4812577 0.8763179
vn 0.3245607 -0.6950728 0.6415092
vn 0.5243009 -0.8185191 0.2348087
vn 0.5243009 -0.8185191 -0.2348087
vn 0.3245607 -0.6950728 -0.6415092
vn -0.0213995 -0.4812577 -0.8763179
vn -0.4208798 -0.2343652 -0.8763179
vn -0.7668400 -0.0205501 -0.6415092
vn -0.9665802 0.1028961 -0.2348087
vn -0.2123513 0.9597894 0.1836063
vn -0.0561665 0.8632618 0.5016217
vn 0.2143536 0.6960712 0.6852280
vn 0.5267232 0.5030162 0.6852280
vn 0.7972433 0.3358256 0.5016217
vn 0.9534281 0.2392981 0.1836063
vn 0.9534281 0.2392981 -0.1836063
vn 0.7972433 0.3358256 -0.5016217
vn 0.5267232 0.5030162 -0.6852280
vn 0.2143536 0.6960712 -0.6852280
vn -0.0561665 0.8632618 -0.5016217
vn -0.2123513 0.9597894 -0.1836063
vn -0.8292244 -0.5476066 0.1118652
vn -0.7340662 -0.6064176 0.3056214
vn -0.5692473 -0.7082813 0.4174866
vn -0.3789309 -0.8259033 0.4174866
vn -0.2141120 -0.9277670 0.3056214
vn -0.1189538 -0.9865780 0.1118652
vn -0.1189538 -0.9865780 -0.1118652
vn -0.2141120 -0.9277670 -0.3056214
vn -0.3789309 -0.8259033 -0.4174866
vn -0.5692473 -0.7082813 -0.4174866
vn -0.7340662 -0.6064176 -0.3056214
vn -0.8292244 -0.5476066 -0.1118652
vn 0.2506975 0.9648549 0.0787766
vn 0.3177089 0.9234396 0.2152216
vn 0.4337760 0.8517062 0.2939982
vn 0.5677987 0.7688756 0.2939982
vn 0.6838658 0.6971422 0.2152216
vn 0.7508771 0.6557269 0.0787766
vn 0.7508771 0.6557269 -0.0787766
vn 0.6838658 0.6971422 -0.2152216
vn 0.5677987 0.7688756 -0.2939982
vn 0.4337760 0.8517062 -0.2939982
vn 0.3177089 0.9234396 -0.2152216
vn 0.2506975 0.9648549 -0.0787766
vn 0.2343652 -0.8763179 0.4208798
vn 0.0205501 -0.6415092 0.7668400
vn -0.1028961 -0.2348087 0.9665802
vn -0.1028961 0.2348087 0.9665802
vn 0.0205501 0.6415092 0.7668400
vn 0.2343652 0.8763179 0.4208798
vn 0.4812577 0.8763179 0.0213995
vn 0.6950728 0.6415092 -0.3245607
vn 0.8185191 0.2348087 -0.5243009
vn 0.8185191 -0.2348087 -0.5243009
vn 0.6950728 -0.6415092 -0.3245607
vn 0.4812577 -0.8763179 0.0213995
vn -0.1360692 -0.9659258 0.2201646
vn -0.3717480 -0.7071068 0.6015010
vn -0.5078173 -0.2588190 0.8216656
vn -0.5078173 0.2588190 0.8216656
vn -0.3717480 0.7071068 0.6015010
vn -0.1360692 0.9659258 0.2201646
vn 0.1360692 0.9659258 -0.2201646
vn 0.3717480 0.7071068 -0.6015010
vn 0.5078173 0.2588190 -0.8216656
vn 0.5078173 -0.2588190 -0.8216656
vn 0.3717480 -0.7071068 -0.6015010
vn 0.1360692 -0.9659258 -0.2201646
vn -0.6960712 -0.6852280 -0.2143536
vn -0.8632618 -0.5016217 0.0561665
vn -0.9597894 -0.1836063 0.2123513
vn -0.9597894 0.1836063 0.2123513
vn -0.8632618 0.5016217 0.0561665
vn -0.6960712 0.6852280 -0.2143536
vn -0.5030162 0.6852280 -0.5267232
vn -0.3358256 0.5016217 -0.7972433
vn -0.2392981 0.1836063 -0.9534281
vn -0.2392981 -0.1836063 -0.9534281
vn -0.3358256 -0.5016217 -0.7972433
vn -0.5030162 -0.6852280 -0.5267232
vn 0.7082813 -0.4174866 0.5692473
vn 0.6064176 -0.3056214 0.7340662
vn 0.5476066 -0.1118652 0.8292244
vn 0.5476066 0.1118652 0.8292244
vn 0.6064176 0.3056214 0.7340662
vn 0.7082813 0.4174866 0.5692473
vn 0.8259033 0.4174866 0.3789309
vn 0.9277670 0.3056214 0.2141120
vn 0.9865780 0.1118652 0.1189538
vn 0.9865780 -0.1118652 0.1189538
vn 0.9277670 -0.3056214 0.2141120
vn 0.8259033 -0.4174866 0.3789309
vn -0.8517062 -0.2939982 -0.4337760
vn -0.9234396 -0.2152216 -0.3177089
vn -0.9648549 -0.0787766 -0.2506975
vn -0.9648549 0.0787766 -0.2506975
vn -0.9234396 0.2152216 -0.3177089
vn -0.8517062 0.2939982 -0.4337760
vn -0.7688756 0.2939982 -0.5677987
vn -0.6971422 0.2152216 -0.6838658
vn -0.6557269 0.0787766 -0.7508771
vn -0.6557269 -0.0787766 -0.7508771
vn -0.6971422 -0.2152216 -0.6838658
vn -0.7688756 -0.2939982 -0.5677987
vn -0.0000000 1.0000000 -0.0000000
vn -0.2343652 0.8763179 0.4208798
vn -0.0205501 0.6415092 0.7668400
vn 0.1028961 0.2348087 0.9665802
vn 0.1028961 -0.2348087 0.9665802
vn -0.0205501 -0.6415092 0.7668400
vn -0.2343652 -0.8763179 0.4208798
vn -0.4812577 -0.8763179 0.0213995
vn -0.6950728 -0.6415092 -0.3245607
vn -0.8185191 -0.2348087 -0.5243009
vn -0.8185191 0.2348087 -0.5243009
vn -0.6950728 0.6415092 -0.3245607
vn -0.4812577 0.8763179 0.0213995
vn 0.1360692 0.9659258 0.2201646
vn 0.3717480 0.7071068 0.6015010
vn 0.5078173 0.2588190 0.8216656
vn 0.5078173 -0.2588190 0.8216656
vn 0.3717480 -0.7071068 0.6015010
vn 0.1360692 -0.9659258 0.2201646
vn -0.1360692 -0.9659258 -0.2201646
vn -0.3717480 -0.7071068 -0.6015010
vn -0.5078173 -0.2588190 -0.8216656
vn -0.5078173 0.2588190 -0.8216656
vn -0.3717480 0.7071068 -0.6015010
vn -0.1360692 0.9659258 -0.2201646
vn 0.6960712 0.6852280 -0.2143536
vn 0.8632618 0.5016217 0.0561665
vn 0.9597894 0.1836063 0.2123513
vn 0.9597894 -0.1836063 0.2123513
vn 0.8632618 -0.5016217 0.0561665
vn 0.6960712 -0.6852280 -0.2143536
vn 0.5030162 -0.6852280 -0.5267232
vn 0.3358256 -0.5016217 -0.7972433
vn 0.2392981 -0.1836063 -0.9534281
vn 0.2392981 0.1836063 -0.9534281
vn 0.3358256 0.5016217 -0.7972433
vn 0.5030162 0.6852280 -0.5267232
vn -0.7082813 0.4174866 0.5692473
vn -0.6064176 0.3056214 0.7340662
vn -0.5476066 0.1118652 0.8292244
vn -0.5476066 -0.1118652 0.8292244
vn -0.6064176 -0.3056214 0.7340662
vn -0.7082813 -0.4174866 0.5692473
vn -0.8259033 -0.4174866 0.3789309
vn -0.9277670 -0.3056214 0.2141120
vn -0.9865780 -0.1118652 0.1189538
vn -0.9865780 0.1118652 0.1189538
vn -0.9277670 0.3056214 0.2141120
vn -0.8259033 0.4174866 0.3789309
vn 0.8517062 0.2939982 -0.4337760
vn 0.9234396 0.2152216 -0.3177089
vn 0.9648549 0.0787766 -0.2506975
vn 0.9648549 -0.0787766 -0.2506975
vn 0.9234396 -0.2152216 -0.3177089
vn 0.8517062 -0.2939982 -0.4337760
vn 0.7688756 -0.2939982 -0.5677987
vn 0.6971422 -0.2152216 -0.6838658
vn 0.6557269 -0.0787766 -0.7508771
vn 0.6557269 0.0787766 -0.7508771
vn 0.6971422 0.2152216 -0.6838658
vn 0.7688756 0.2939982 -0.5677987
vn 0.4812577 -0.8763179 -0.0213995
vn 0.6950728 -0.6415092 0.3245607
vn 0.8185191 -0.2348087 0.5243009
vn 0.8185191 0.2348087 0.5243009
vn 0.6950728 0.6415092 0.3245607
vn 0.4812577 0.8763179 -0.0213995
vn 0.2343652 0.8763179 -0.4208798
vn 0.0205501 0.6415092 -0.7668400
vn -0.1028961 0.2348087 -0.9665802
vn -0.1028961 -0.2348087 -0.9665802
vn 0.0205501 -0.6415092 -0.7668400
vn 0.2343652 -0.8763179 -0.4208798
vn -0.5030162 -0.6852280 0.5267232
vn -0.3358256 -0.5016217 0.7972433
vn -0.2392981 -0.1836063 0.9534281
vn -0.2392981 0.1836063 0.9534281
vn -0.3358256 0.5016217 0.7972433
vn -0.5030162 0.6852280 0.5267232
vn -0.6960712 0.6852280 0.2143536
vn -0.8632618 0.5016217 -0.0561665
vn -0.9597894 0.1836063 -0.2123513
vn -0.9597894 -0.1836063 -0.2123513
vn -0.8632618 -0.5016217 -0.0561665
vn -0.6960712 -0.6852280 0.2143536
vn 0.8259033 -0.4174866 -0.3789309
vn 0.9277670 -0.3056214 -0.2141120
vn 0.9865780 -0.1118652 -0.1189538
vn 0.9865780 0.1118652 -0.1189538
vn 0.9277670 0.3056214 -0.2141120
vn 0.8259033 0.4174866 -0.3789309
vn 0.7082813 0.4174866 -0.5692473
vn 0.6064176 0.3056214 -0.7340662
vn 0.5476066 0.1118652 -0.8292244
vn 0.5476066 -0.1118652 -0.8292244
vn 0.6064176 -0.3056214 -0.7340662
vn 0.7082813 -0.4174866 -0.5692473
vn -0.7688756 -0.2939982 0.5677987
vn -0.6971422 -0.2152216 0.6838658
vn -0.6557269 -0.0787766 0.7508771
vn -0.6557269 0.0787766 0.7508771
vn -0.6971422 0.2152216 0.6838658
vn -0.7688756 0.2939982 0.5677987
vn -0.8517062 0.2939982 0.4337760
vn -0.9234396 0.2152216 0.3177089
vn -0.9648549 0.0787766 0.2506975
vn -0.9648549 -0.0787766 0.2506975
vn -0.9234396 -0.2152216 0.3177089
vn -0.8517062 -0.2939982 0.4337760
vn 0.5257311 -0.0000000 0.8506508
vn -0.4812577 0.8763179 -0.0213995
vn -0.6950728 0.6415092 0.3245607
vn -0.8185191 0.2348087 0.5243009
vn -0.8185191 -0.2348087 0.5243009
vn -0.6950728 -0.6415092 0.3245607
vn -0.4812577 -0.8763179 -0.0213995
vn -0.2343652 -0.8763179 -0.4208798
vn -0.0205501 -0.6415092 -0.7668400
vn 0.1028961 -0.2348087 -0.9665802
vn 0.1028961 0.2348087 -0.9665802
vn -0.0205501 0.6415092 -0.7668400
vn -0.2343652 0.8763179 -0.4208798
vn 0.5030162 0.6852280 0.5267232
vn 0.3358256 0.5016217 0.7972433
vn 0.2392981 0.1836063 0.9534281
vn 0.2392981 -0.1836063 0.9534281
vn 0.3358256 -0.5016217 0.7972433
vn 0.5030162 -0.6852280 0.5267232
vn 0.6960712 -0.6852280 0.2143536
vn 0.8632618 -0.5016217 -0.0561665
vn 0.9597894 -0.1836063 -0.2123513
vn 0.9597894 0.1836063 -0.2123513
vn 0.8632618 0.5016217 -0.0561665
vn 0.6960712 0.6852280 0.2143536
vn -0.8259033 0.4174866 -0.3789309
vn -0.9277670 0.3056214 -0.2141120
vn -0.9865780 0.1118652 -0.1189538
vn -0.9865780 -0.1118652 -0.1189538
vn -0.9277670 -0.3056214 -0.2141120
vn -0.8259033 -0.4174866 -0.3789309
vn -0.7082813 -0.4174866 -0.5692473
vn -0.6064176 -0.3056214 -0.7340662
vn -0.5476066 -0.1118652 -0.8292244
vn -0.5476066 0.1118652 -0.8292244
vn -0.6064176 0.3056214 -0.7340662
vn -0.7082813 0.4174866 -0.5692473
vn 0.7688756 0.2939982 0.5677987
vn 0.6971422 0.2152216 0.6838658
vn 0.6557269 0.0787766 0.7508771
vn 0.6557269 -0.0787766 0.7508771
vn 0.6971422 -0.2152216 0.6838658
vn 0.7688756 -0.2939982 0.5677987
vn 0.8517062 -0.2939982 0.4337760
vn 0.9234396 -0.2152216 0.3177089
vn 0.9648549 -0.0787766 0.2506975
vn 0.9648549 0.0787766 0.2506975
vn 0.9234396 0.2152216 0.3177089
vn 0.8517062 0.2939982 0.4337760
g body
usemtl obsidian
f 1/1/1 2/1/2 3/1/3
f 4/1/4 1/1/1 3/1/3
f 5/1/5 4/1/4 3/1/3
f 6/1/6 5/1/5 3/1/3
f 7/1/7 6/1/6 3/1/3
f 8/1/8 7/1/7 3/1/3
f 9/1/9 8/1/8 3/1/3
f 10/1/10 9/1/9 3/1/11
f 11/1/12 10/1/10 3/1/11
f 12/1/13 11/1/12 3/1/11
f 13/1/14 12/1/13 3/1/11
f 14/1/15 13/1/14 3/1/11
f 15/1/16 14/1/15 3/1/11
f 16/1/17 15/1/16 3/1/18
f 17/1/19 16/1/17 3/1/18
f 18/1/20 17/1/19 3/1/18
f 19/1/21 18/1/20 3/1/18
f 20/1/22 19/1/21 3/1/18
f 21/1/23 20/1/22 3/1/18
f 22/1/24 21/1/23 3/1/25
f 23/1/26 22/1/24 3/1/25
f 24/1/27 23/1/26 3/1/25
f 25/1/28 24/1/27 3/1/25
f 2/1/29 25/1/28 3/1/25
f 1/1/1 26/1/30 27/1/31 2/1/2
f 4/1/4 28/1/32 26/1/30 1/1/1
f 5/1/5 29/1/33 28/1/32 4/1/4
f 6/1/6 30/1/34 29/1/33 5/1/5
f 7/1/7 31/1/35 30/1/34 6/1/6
f 8/1/8 32/1/36 31/1/35 7/1/7
f 9/1/9 33/1/37 32/1/36 8/1/8
f 10/1/10 34/1/38 33/1/37 9/1/9
f 11/1/12 35/1/39 34/1/38 10/1/10
f 12/1/13 36/1/40 35/1/39 11/1/12
f 13/1/14 37/1/41 36/1/40 12/1/13
f 14/1/15 38/1/42 37/1/41 13/1/14
f 15/1/16 39/1/43 38/1/42 14/1/15
f 16/1/17 40/1/44 39/1/43 15/1/16
f 17/1/19 41/1/45 40/1/44 16/1/17
f 18/1/20 42/1/46 41/1/45 17/1/19
f 19/1/21 43/1/47 42/1/46 18/1/20
f 20/1/22 44/1/48 43/1/47 19/1/21
f 21/1/23 45/1/49 44/1/48 20/1/22
f 22/1/24 46/1/50 45/1/49 21/1/23
f 23/1/26 47/1/51 46/1/50 22/1/24
f 24/1/27 48/1/52 47/1/51 23/1/26
f 25/1/28 49/1/53 48/1/52 24/1/27
f 2/1/29 27/1/54 49/1/53 25/1/28
f 26/1/30 50/1/55 51/1/56 27/1/31
f 28/1/32 52/1/57 50/1/55 26/1/30
f 29/1/33 53/1/58 52/1/57 28/1/32
f 30/1/34 54/1/59 53/1/58 29/1/33
f 31/1/35 55/1/60 54/1/59 30/1/34
f 32/1/36 56/1/61 55/1/60 31/1/35
f 33/1/37 57/1/62 56/1/61 32/1/36
f 34/1/38 58/1/63 57/1/62 33/1/37
f 35/1/39 59/1/64 58/1/63 34/1/38
f 36/1/40 60/1/65 59/1/64 35/1/39
f 37/1/41 61/1/66 60/1/65 36/1/40
f 38/1/42 62/1/67 61/1/66 37/1/41
f 39/1/43 63/1/68 62/1/67 38/1/42
f 40/1/44 64/1/69 63/1/68 39/1/43
f 41/1/45 65/1/70 64/1/69 40/1/44
f 42/1/46 66/1/71 65/1/70 41/1/45
f 43/1/47 67/1/72 66/1/71 42/1/46
f 44/1/48 68/1/73 67/1/72 43/1/47
f 45/1/49 69/1/74 68/1/73 44/1/48
f 46/1/50 70/1/75 69/1/74 45/1/49
f 47/1/51 71/1/76 70/1/75 46/1/50
f 48/1/52 72/1/77 71/1/76 47/1/51
f 49/1/53 73/1/78 72/1/77 48/1/52
f 27/1/54 51/1/79 73/1/78 49/1/53
f 50/1/55 74/1/80 75/1/81 51/1/56
f 52/1/57 76/1/82 74/1/80 50/1/55
f 53/1/58 77/1/83 76/1/82 52/1/57
f 54/1/59 78/1/84 77/1/83 53/1/58
f 55/1/60 79/1/85 78/1/84 54/1/59
f 56/1/61 80/1/86 79/1/85 55/1/60
f 57/1/62 81/1/87 80/1/86 56/1/61
f 58/1/63 82/1/88 81/1/87 57/1/62
f 59/1/64 83/1/89 82/1/88 58/1/63
f 60/1/65 84/1/90 83/1/89 59/1/64
f 61/1/66 85/1/91 84/1/90 60/1/65
f 62/1/67 86/1/92 85/1/91 61/1/66
f 63/1/68 87/1/93 86/1/92 62/1/67
f 64/1/69 88/1/94 87/1/93 63/1/68
f 65/1/70 89/1/95 88/1/94 64/1/69
f 66/1/71 90/1/96 89/1/95 65/1/70
f 67/1/72 91/1/97 90/1/96 66/1/71
f 68/1/73 92/1/98 91/1/97 67/1/72
f 69/1/74 93/1/99 92/1/98 68/1/73
f 70/1/75 94/1/100 93/1/99 69/1/74
f 71/1/76 95/1/101 94/1/100 70/1/75
f 72/1/77 96/1/102 95/1/101 71/1/76
f 73/1/78 97/1/103 96/1/102 72/1/77
f 51/1/79 75/1/104 97/1/103 73/1/78
f 74/1/80 98/1/105 99/1/106 75/1/81
f 76/1/82 100/1/107 98/1/105 74/1/80
f 77/1/83 101/1/108 100/1/107 76/1/82
f 78/1/84 102/1/109 101/1/108 77/1/83
f 79/1/85 103/1/110 102/1/109 78/1/84
f 80/1/86 104/1/111 103/1/110 79/1/85
f 81/1/87 105/1/112 104/1/111 80/1/86
f 82/1/88 106/1/113 105/1/112 81/1/87
f 83/1/89 107/1/114 106/1/113 82/1/88
f 84/1/90 108/1/115 107/1/114 83/1/89
f 85/1/91 109/1/116 108/1/115 84/1/90
f 86/1/92 110/1/117 109/1/116 85/1/91
f 87/1/93 111/1/118 110/1/117 86/1/92
f 88/1/94 112/1/119 111/1/118 87/1/93
f 89/1/95 113/1/120 112/1/119 88/1/94
f 90/1/96 114/1/121 113/1/120 89/1/95
f 91/1/97 115/1/122 114/1/121 90/1/96
f 92/1/98 116/1/123 115/1/122 91/1/97
f 93/1/99 117/1/124 116/1/123 92/1/98
f 94/1/100 118/1/125 117/1/124 93/1/99
f 95/1/101 119/1/126 118/1/125 94/1/100
f 96/1/102 120/1/127 119/1/126 95/1/101
f 97/1/103 121/1/128 120/1/127 96/1/102
f 75/1/104 99/1/129 121/1/128 97/1/103
f 98/1/105 122/1/130 123/1/131 99/1/106
f 100/1/107 124/1/132 122/1/130 98/1/105
f 101/1/108 125/1/133 124/1/132 100/1/107
f 102/1/109 126/1/134 125/1/133 101/1/108
f 103/1/110 127/1/135 126/1/134 102/1/109
f 104/1/111 128/1/136 127/1/135 103/1/110
f 105/1/112 129/1/137 128/1/136 104/1/111
f 106/1/113 130/1/138 129/1/137 105/1/112
f 107/1/114 131/1/139 130/1/138 106/1/113
f 108/1/115 132/1/140 131/1/139 107/1/114
f 109/1/116 133/1/141 132/1/140 108/1/115
f 110/1/117 134/1/142 133/1/141 109/1/116
f 111/1/118 135/1/143 134/1/142 110/1/117
f 112/1/119 136/1/144 135/1/143 111/1/118
f 113/1/120 137/1/145 136/1/144 112/1/119
f 114/1/121 138/1/146 137/1/145 113/1/120
f 115/1/122 139/1/147 138/1/146 114/1/121
f 116/1/123 140/1/148 139/1/147 115/1/122
f 117/1/124 141/1/149 140/1/148 116/1/123
f 118/1/125 142/1/150 141/1/149 117/1/124
f 119/1/126 143/1/151 142/1/150 118/1/125
f 120/1/127 144/1/152 143/1/151 119/1/126
f 121/1/128 145/1/153 144/1/152 120/1/127
f 99/1/129 123/1/154 145/1/153 121/1/128
f 122/1/130 146/1/155 147/1/156 123/1/131
f 124/1/132 148/1/157 146/1/155 122/1/130
f 125/1/133 149/1/158 148/1/157 124/1/132
f 126/1/134 150/1/159 149/1/158 125/1/133
f 127/1/135 151/1/160 150/1/159 126/1/134
f 128/1/136 152/1/161 151/1/160 127/1/135
f 129/1/137 153/1/162 152/1/161 128/1/136
f 130/1/138 154/1/163 153/1/162 129/1/137
f 131/1/139 155/1/164 154/1/163 130/1/138
f 132/1/140 156/1/165 155/1/164 131/1/139
f 133/1/141 157/1/166 156/1/165 132/1/140
f 134/1/142 158/1/167 157/1/166 133/1/141
f 135/1/143 159/1/168 158/1/167 134/1/142
f 136/1/144 160/1/169 159/1/168 135/1/143
f 137/1/145 161/1/170 160/1/169 136/1/144
f 138/1/146 162/1/171 161/1/170 137/1/145
f 139/1/147 163/1/172 162/1/171 138/1/146
f 140/1/148 164/1/173 163/1/172 139/1/147
f 141/1/149 165/1/174 164/1/173 140/1/148
f 142/1/150 166/1/175 165/1/174 141/1/149
f 143/1/151 167/1/176 166/1/175 142/1/150
f 144/1/152 168/1/177 167/1/176 143/1/151
f 145/1/153 169/1/178 168/1/177 144/1/152
f 123/1/154 147/1/179 169/1/178 145/1/153
f 146/1/155 170/1/180 171/1/181 147/1/156
f 148/1/157 172/1/182 170/1/180 146/1/155
f 149/1/158 173/1/183 172/1/182 148/1/157
f 150/1/159 174/1/184 173/1/183 149/1/158
f 151/1/160 175/1/185 174/1/184 150/1/159
f 152/1/161 176/1/186 175/1/185 151/1/160
f 153/1/162 177/1/187 176/1/186 152/1/161
f 154/1/163 178/1/188 177/1/187 153/1/162
f 155/1/164 179/1/189 178/1/188 154/1/163
f 156/1/165 180/1/190 179/1/189 155/1/164
f 157/1/166 181/1/191 180/1/190 156/1/165
f 158/1/167 182/1/192 181/1/191 157/1/166
f 159/1/168 183/1/193 182/1/192 158/1/167
f 160/1/169 184/1/194 183/1/193 159/1/168
f 161/1/170 185/1/195 184/1/194 160/1/169
f 162/1/171 186/1/196 185/1/195 161/1/170
f 163/1/172 187/1/197 186/1/196 162/1/171
f 164/1/173 188/1/198 187/1/197 163/1/172
f 165/1/174 189/1/199 188/1/198 164/1/173
f 166/1/175 190/1/200 189/1/199 165/1/174
f 167/1/176 191/1/201 190/1/200 166/1/175
f 168/1/177 192/1/202 191/1/201 167/1/176
f 169/1/178 193/1/203 192/1/202 168/1/177
f 147/1/179 171/1/204 193/1/203 169/1/178
f 170/1/180 194/1/205 195/1/206 171/1/181
f 172/1/182 196/1/207 194/1/205 170/1/180
f 173/1/183 197/1/208 196/1/207 172/1/182
f 174/1/184 198/1/209 197/1/208 173/1/183
f 175/1/185 199/1/210 198/1/209 174/1/184
f 176/1/186 200/1/211 199/1/210 175/1/185
f 177/1/187 201/1/212 200/1/211 176/1/186
f 178/1/188 202/1/213 201/1/212 177/1/187
f 179/1/189 203/1/214 202/1/213 178/1/188
f 180/1/190 204/1/215 203/1/214 179/1/189
f 181/1/191 205/1/216 204/1/215 180/1/190
f 182/1/192 206/1/217 205/1/216 181/1/191
f 183/1/193 207/1/218 206/1/217 182/1/192
f 184/1/194 208/1/219 207/1/218 183/1/193
f 185/1/195 209/1/220 208/1/219 184/1/194
f 186/1/196 210/1/221 209/1/220 185/1/195
f 187/1/197 211/1/222 210/1/221 186/1/196
f 188/1/198 212/1/223 211/1/222 187/1/197
f 189/1/199 213/1/224 212/1/223 188/1/198
f 190/1/200 214/1/225 213/1/224 189/1/199
f 191/1/201 215/1/226 214/1/225 190/1/200
f 192/1/202 216/1/227 215/1/226 191/1/201
f 193/1/203 217/1/228 216/1/227 192/1/202
f 171/1/204 195/1/229 217/1/228 193/1/203
f 194/1/205 218/1/230 219/1/231 195/1/206
f 196/1/207 220/1/232 218/1/230 194/1/205
f 197/1/208 221/1/233 220/1/232 196/1/207
f 198/1/209 222/1/234 221/1/233 197/1/208
f 199/1/210 223/1/235 222/1/234 198/1/209
f 200/1/211 224/1/236 223/1/235 199/1/210
f 201/1/212 225/1/237 224/1/236 200/1/211
f 202/1/213 226/1/238 225/1/237 201/1/212
f 203/1/214 227/1/239 226/1/238 202/1/213
f 204/1/215 228/1/240 227/1/239 203/1/214
f 205/1/216 229/1/241 228/1/240 204/1/215
f 206/1/217 230/1/242 229/1/241 205/1/216
f 207/1/218 231/1/243 230/1/242 206/1/217
f 208/1/219 232/1/244 231/1/243 207/1/218
f 209/1/220 233/1/245 232/1/244 208/1/219
f 210/1/221 234/1/246 233/1/245 209/1/220
f 211/1/222 235/1/247 234/1/246 210/1/221
f 212/1/223 236/1/248 235/1/247 211/1/222
f 213/1/224 237/1/249 236/1/248 212/1/223
f 214/1/225 238/1/250 237/1/249 213/1/224
f 215/1/226 239/1/251 238/1/250 214/1/225
f 216/1/227 240/1/252 239/1/251 215/1/226
f 217/1/228 241/1/253 240/1/252 216/1/227
f 195/1/229 219/1/254 241/1/253 217/1/228
f 218/1/230 242/1/255 243/1/256 219/1/231
f 220/1/232 244/1/257 242/1/255 218/1/230
f 221/1/233 245/1/258 244/1/257 220/1/232
f 222/1/234 246/1/259 245/1/258 221/1/233
f 223/1/235 247/1/260 246/1/259 222/1/234
f 224/1/236 248/1/261 247/1/260 223/1/235
f 225/1/237 249/1/262 248/1/261 224/1/236
f 226/1/238 250/1/263 249/1/262 225/1/237
f 227/1/239 251/1/264 250/1/263 226/1/238
f 228/1/240 252/1/265 251/1/264 227/1/239
f 229/1/241 253/1/266 252/1/265 228/1/240
f 230/1/242 254/1/267 253/1/266 229/1/241
f 231/1/243 255/1/268 254/1/267 230/1/242
f 232/1/244 256/1/269 255/1/268 231/1/243
f 233/1/245 257/1/270 256/1/269 232/1/244
f 234/1/246 258/1/271 257/1/270 233/1/245
f 235/1/247 259/1/272 258/1/271 234/1/246
f 236/1/248 260/1/273 259/1/272 235/1/247
f 237/1/249 261/1/274 260/1/273 236/1/248
f 238/1/250 262/1/275 261/1/274 237/1/249
f 239/1/251 263/1/276 262/1/275 238/1/250
f 240/1/252 264/1/277 263/1/276 239/1/251
f 241/1/253 265/1/278 264/1/277 240/1/252
f 219/1/254 243/1/279 265/1/278 241/1/253
f 242/1/255 266/1/280 243/1/256
f 244/1/257 266/1/280 242/1/255
f 245/1/258 266/1/280 244/1/257
f 246/1/259 266/1/280 245/1/258
f 247/1/260 266/1/280 246/1/259
f 248/1/261 266/1/280 247/1/260
f 249/1/262 266/1/280 248/1/261
f 250/1/263 266/1/281 249/1/262
f 251/1/264 266/1/281 250/1/263
f 252/1/265 266/1/281 251/1/264
f 253/1/266 266/1/281 252/1/265
f 254/1/267 266/1/281 253/1/266
f 255/1/268 266/1/281 254/1/267
f 256/1/269 266/1/282 255/1/268
f 257/1/270 266/1/282 256/1/269
f 258/1/271 266/1/282 257/1/270
f 259/1/272 266/1/282 258/1/271
f 260/1/273 266/1/282 259/1/272
f 261/1/274 266/1/282 260/1/273
f 262/1/275 266/1/283 261/1/274
f 263/1/276 266/1/283 262/1/275
f 264/1/277 266/1/283 263/1/276
f 265/1/278 266/1/283 264/1/277
f 243/1/279 266/1/283 265/1/278
f 267/1/284 268/1/284 269/1/284
usemtl armor
f 270/1/285 271/1/285 272/1/285
usemtl obsidian
f 267/1/284 269/1/284 273/1/284
usemtl armor
f 270/1/285 274/1/285 271/1/285
usemtl obsidian
f 267/1/286 273/1/286 275/1/286
usemtl armor
f 270/1/285 276/1/285 274/1/285
f 270/1/287 272/1/287 268/1/287 267/1/287
f 272/1/288 271/1/288 269/1/288 268/1/288
f 271/1/289 274/1/289 273/1/289 269/1/289
f 274/1/290 276/1/290 275/1/290 273/1/290
f 276/1/291 270/1/291 267/1/291 275/1/291
usemtl obsidian
f 277/1/292 278/1/292 279/1/292
usemtl armor
f 280/1/293 281/1/293 282/1/293
usemtl obsidian
f 277/1/292 279/1/292 283/1/292
usemtl armor
f 280/1/294 284/1/294 281/1/294
usemtl obsidian
f 277/1/295 283/1/295 285/1/295
usemtl armor
f 280/1/293 286/1/293 284/1/293
f 280/1/296 282/1/296 278/1/296 277/1/296
f 282/1/297 281/1/297 279/1/297 278/1/297
f 281/1/298 284/1/298 283/1/298 279/1/298
f 284/1/299 286/1/299 285/1/299 283/1/299
f 286/1/300 280/1/300 277/1/300 285/1/300
usemtl obsidian
f 287/1/293 288/1/293 289/1/293
usemtl armor
f 290/1/292 291/1/292 292/1/292
usemtl obsidian
f 287/1/293 289/1/293 293/1/293
usemtl armor
f 290/1/292 294/1/292 291/1/292
usemtl obsidian
f 287/1/293 293/1/293 295/1/293
usemtl armor
f 290/1/292 296/1/292 294/1/292
f 290/1/301 292/1/301 288/1/301 287/1/301
f 292/1/302 291/1/302 289/1/302 288/1/302
f 291/1/303 294/1/303 293/1/303 289/1/303
f 294/1/304 296/1/304 295/1/304 293/1/304
f 296/1/305 290/1/305 287/1/305 295/1/305
usemtl obsidian
f 297/1/306 298/1/306 299/1/306
usemtl armor
f 300/1/286 301/1/286 302/1/286
usemtl obsidian
f 297/1/306 299/1/306 303/1/306
usemtl armor
f 300/1/286 304/1/286 301/1/286
usemtl obsidian
f 297/1/285 303/1/285 305/1/285
usemtl armor
f 300/1/284 306/1/284 304/1/284
f 300/1/307 302/1/307 298/1/307 297/1/307
f 302/1/308 301/1/308 299/1/308 298/1/308
f 301/1/309 304/1/309 303/1/309 299/1/309
f 304/1/310 306/1/310 305/1/310 303/1/310
f 306/1/311 300/1/311 297/1/311 305/1/311
usemtl obsidian
f 307/1/312 308/1/312 309/1/312
usemtl armor
f 310/1/313 311/1/313 312/1/313
usemtl obsidian
f 307/1/314 309/1/314 313/1/314
usemtl armor
f 310/1/315 314/1/315 311/1/315
usemtl obsidian
f 307/1/312 313/1/312 315/1/312
usemtl armor
f 310/1/313 316/1/313 314/1/313
f 310/1/316 312/1/316 308/1/316 307/1/316
f 312/1/317 311/1/317 309/1/317 308/1/317
f 311/1/318 314/1/318 313/1/318 309/1/318
f 314/1/319 316/1/319 315/1/319 313/1/319
f 316/1/320 310/1/320 307/1/320 315/1/320
usemtl obsidian
f 317/1/321 318/1/321 319/1/321
usemtl armor
f 320/1/322 321/1/322 322/1/322
usemtl obsidian
f 317/1/321 319/1/321 323/1/321
usemtl armor
f 320/1/322 324/1/322 321/1/322
usemtl obsidian
f 317/1/321 323/1/321 325/1/321
usemtl armor
f 320/1/322 326/1/322 324/1/322
f 320/1/323 322/1/323 318/1/323 317/1/323
f 322/1/324 321/1/324 319/1/324 318/1/324
f 321/1/325 324/1/325 323/1/325 319/1/325
f 324/1/326 326/1/326 325/1/326 323/1/326
f 326/1/327 320/1/327 317/1/327 325/1/327
usemtl obsidian
f 327/1/322 328/1/322 329/1/322
usemtl armor
f 330/1/321 331/1/321 332/1/321
usemtl obsidian
f 327/1/322 329/1/322 333/1/322
usemtl armor
f 330/1/321 334/1/321 331/1/321
usemtl obsidian
f 327/1/322 333/1/322 335/1/322
usemtl armor
f 330/1/321 336/1/321 334/1/321
f 330/1/328 332/1/328 328/1/328 327/1/328
f 332/1/329 331/1/329 329/1/329 328/1/329
f 331/1/330 334/1/330 333/1/330 329/1/330
f 334/1/331 336/1/331 335/1/331 333/1/331
f 336/1/332 330/1/332 327/1/332 335/1/332
usemtl obsidian
f 337/1/315 338/1/315 339/1/315
usemtl armor
f 340/1/314 341/1/314 342/1/314
usemtl obsidian
f 337/1/313 339/1/313 343/1/313
usemtl armor
f 340/1/312 344/1/312 341/1/312
usemtl obsidian
f 337/1/313 343/1/313 345/1/313
usemtl armor
f 340/1/312 346/1/312 344/1/312
f 340/1/333 342/1/333 338/1/333 337/1/333
f 342/1/334 341/1/334 339/1/334 338/1/334
f 341/1/335 344/1/335 343/1/335 339/1/335
f 344/1/336 346/1/336 345/1/336 343/1/336
f 346/1/337 340/1/337 337/1/337 345/1/337
usemtl obsidian
f 347/1/338 348/1/338 349/1/338
usemtl armor
f 350/1/339 351/1/339 352/1/339
usemtl obsidian
f 347/1/340 349/1/340 353/1/340
usemtl armor
f 350/1/341 354/1/341 351/1/341
usemtl obsidian
f 347/1/338 353/1/338 355/1/338
usemtl armor
f 350/1/339 356/1/339 354/1/339
f 350/1/342 352/1/342 348/1/342 347/1/342
f 352/1/343 351/1/343 349/1/343 348/1/343
f 351/1/344 354/1/344 353/1/344 349/1/344
f 354/1/345 356/1/345 355/1/345 353/1/345
f 356/1/346 350/1/346 347/1/346 355/1/346
usemtl obsidian
f 357/1/347 358/1/347 359/1/347
usemtl armor
f 360/1/348 361/1/348 362/1/348
usemtl obsidian
f 357/1/347 359/1/347 363/1/347
usemtl armor
f 360/1/349 364/1/349 361/1/349
usemtl obsidian
f 357/1/350 363/1/350 365/1/350
usemtl armor
f 360/1/348 366/1/348 364/1/348
f 360/1/351 362/1/351 358/1/351 357/1/351
f 362/1/352 361/1/352 359/1/352 358/1/352
f 361/1/353 364/1/353 363/1/353 359/1/353
f 364/1/354 366/1/354 365/1/354 363/1/354
f 366/1/355 360/1/355 357/1/355 365/1/355
usemtl obsidian
f 367/1/348 368/1/348 369/1/348
usemtl armor
f 370/1/347 371/1/347 372/1/347
usemtl obsidian
f 367/1/348 369/1/348 373/1/348
usemtl armor
f 370/1/347 374/1/347 371/1/347
usemtl obsidian
f 367/1/348 373/1/348 375/1/348
usemtl armor
f 370/1/347 376/1/347 374/1/347
f 370/1/356 372/1/356 368/1/356 367/1/356
f 372/1/357 371/1/357 369/1/357 368/1/357
f 371/1/358 374/1/358 373/1/358 369/1/358
f 374/1/359 376/1/359 375/1/359 373/1/359
f 376/1/360 370/1/360 367/1/360 375/1/360
usemtl obsidian
f 377/1/341 378/1/341 379/1/341
usemtl armor
f 380/1/340 381/1/340 382/1/340
usemtl obsidian
f 377/1/341 379/1/341 383/1/341
usemtl armor
f 380/1/340 384/1/340 381/1/340
usemtl obsidian
f 377/1/341 383/1/341 385/1/341
usemtl armor
f 380/1/338 386/1/338 384/1/338
f 380/1/361 382/1/361 378/1/361 377/1/361
f 382/1/362 381/1/362 379/1/362 378/1/362
f 381/1/363 384/1/363 383/1/363 379/1/363
f 384/1/364 386/1/364 385/1/364 383/1/364
f 386/1/365 380/1/365 377/1/365 385/1/365
usemtl violet
f 387/1/366 388/1/366 389/1/366
usemtl armor
f 387/1/367 388/1/367 390/1/367
usemtl violet
f 391/1/368 392/1/368 387/1/368
usemtl armor
f 389/1/369 392/1/369 387/1/369
usemtl violet
f 390/1/370 391/1/370 387/1/370
usemtl armor
f 393/1/371 394/1/371 395/1/371
usemtl violet
f 396/1/372 394/1/372 395/1/372
usemtl armor
f 395/1/373 392/1/373 391/1/373
usemtl violet
f 395/1/374 392/1/374 393/1/374
usemtl armor
f 395/1/375 391/1/375 396/1/375
usemtl violet
f 388/1/376 397/1/376 398/1/376
usemtl armor
f 388/1/375 397/1/375 389/1/375
usemtl violet
f 388/1/374 398/1/374 390/1/374
usemtl armor
f 398/1/377 397/1/377 394/1/377
usemtl violet
f 393/1/370 397/1/370 394/1/370
usemtl armor
f 396/1/369 398/1/369 394/1/369
usemtl violet
f 392/1/378 389/1/378 393/1/378
usemtl armor
f 393/1/379 389/1/379 397/1/379
usemtl violet
f 391/1/380 390/1/380 396/1/380
usemtl armor
f 396/1/378 390/1/378 398/1/378
usemtl violet
f 399/1/381 400/1/381 401/1/381
usemtl armor
f 402/1/382 400/1/382 401/1/382
usemtl violet
f 403/1/368 404/1/368 401/1/368
usemtl armor
f 401/1/383 404/1/383 399/1/383
usemtl violet
f 401/1/384 403/1/384 402/1/384
usemtl armor
f 405/1/385 406/1/385 407/1/385
usemtl violet
f 405/1/386 406/1/386 408/1/386
usemtl armor
f 405/1/373 404/1/373 403/1/373
usemtl violet
f 407/1/387 404/1/387 405/1/387
usemtl armor
f 408/1/388 403/1/388 405/1/388
usemtl violet
f 400/1/376 409/1/376 410/1/376
usemtl armor
f 399/1/388 409/1/388 400/1/388
usemtl violet
f 402/1/387 410/1/387 400/1/387
usemtl armor
f 410/1/377 409/1/377 406/1/377
usemtl violet
f 406/1/384 409/1/384 407/1/384
usemtl armor
f 406/1/383 410/1/383 408/1/383
usemtl violet
f 407/1/389 399/1/389 404/1/389
usemtl armor
f 409/1/390 399/1/390 407/1/390
usemtl violet
f 408/1/391 402/1/391 403/1/391
usemtl armor
f 410/1/389 402/1/389 408/1/389
usemtl violet
f 411/1/381 412/1/381 413/1/381
usemtl armor
f 413/1/367 412/1/367 414/1/367
usemtl violet
f 413/1/377 415/1/377 416/1/377
usemtl armor
f 411/1/369 415/1/369 413/1/369
usemtl violet
f 413/1/384 416/1/384 414/1/384
usemtl armor
f 417/1/385 418/1/385 419/1/385
usemtl violet
f 420/1/372 418/1/372 417/1/372
usemtl armor
f 416/1/392 415/1/392 417/1/392
usemtl violet
f 417/1/374 415/1/374 419/1/374
usemtl armor
f 420/1/388 416/1/388 417/1/388
usemtl violet
f 412/1/376 421/1/376 422/1/376
usemtl armor
f 411/1/388 421/1/388 412/1/388
usemtl violet
f 412/1/374 422/1/374 414/1/374
usemtl armor
f 422/1/377 421/1/377 418/1/377
usemtl violet
f 418/1/384 421/1/384 419/1/384
usemtl armor
f 420/1/369 422/1/369 418/1/369
usemtl violet
f 415/1/378 411/1/378 419/1/378
usemtl armor
f 421/1/390 411/1/390 419/1/390
usemtl violet
f 420/1/391 414/1/391 416/1/391
usemtl armor
f 420/1/378 414/1/378 422/1/378
usemtl violet
f 423/1/381 424/1/381 425/1/381
usemtl armor
f 425/1/367 424/1/367 426/1/367
usemtl violet
f 427/1/368 428/1/368 425/1/368
usemtl armor
f 425/1/383 428/1/383 423/1/383
usemtl violet
f 426/1/370 427/1/370 425/1/370
usemtl armor
f 429/1/385 430/1/385 431/1/385
usemtl violet
f 432/1/372 430/1/372 429/1/372
usemtl armor
f 429/1/373 428/1/373 427/1/373
usemtl violet
f 431/1/387 428/1/387 429/1/387
usemtl armor
f 429/1/375 427/1/375 432/1/375
usemtl violet
f 433/1/393 434/1/393 424/1/393
usemtl armor
f 424/1/375 434/1/375 423/1/375
usemtl violet
f 426/1/387 433/1/387 424/1/387
usemtl armor
f 430/1/368 434/1/368 433/1/368
usemtl violet
f 431/1/370 434/1/370 430/1/370
usemtl armor
f 430/1/383 433/1/383 432/1/383
usemtl violet
f 431/1/389 423/1/389 428/1/389
usemtl armor
f 431/1/379 423/1/379 434/1/379
usemtl violet
f 427/1/380 426/1/380 432/1/380
usemtl armor
f 433/1/389 426/1/389 432/1/389
usemtl violet
f 435/1/366 436/1/366 437/1/366
usemtl armor
f 438/1/382 436/1/382 435/1/382
usemtl violet
f 435/1/377 439/1/377 440/1/377
usemtl armor
f 437/1/369 439/1/369 435/1/369
usemtl violet
f 435/1/384 440/1/384 438/1/384
usemtl armor
f 441/1/385 442/1/385 443/1/385
usemtl violet
f 444/1/372 442/1/372 441/1/372
usemtl armor
f 441/1/373 439/1/373 440/1/373
usemtl violet
f 443/1/387 439/1/387 441/1/387
usemtl armor
f 441/1/375 440/1/375 444/1/375
usemtl violet
f 445/1/393 446/1/393 436/1/393
usemtl armor
f 436/1/375 446/1/375 437/1/375
usemtl violet
f 438/1/387 445/1/387 436/1/387
usemtl armor
f 445/1/377 446/1/377 442/1/377
usemtl violet
f 442/1/384 446/1/384 443/1/384
usemtl armor
f 444/1/369 445/1/369 442/1/369
usemtl violet
f 443/1/389 437/1/389 439/1/389
usemtl armor
f 446/1/390 437/1/390 443/1/390
usemtl violet
f 440/1/380 438/1/380 444/1/380
usemtl armor
f 444/1/378 438/1/378 445/1/378
usemtl violet
f 447/1/381 448/1/381 449/1/381
usemtl armor
f 449/1/367 448/1/367 450/1/367
usemtl violet
f 451/1/368 452/1/368 449/1/368
usemtl armor
f 449/1/383 452/1/383 447/1/383
usemtl violet
f 450/1/370 451/1/370 449/1/370
usemtl armor
f 453/1/371 454/1/371 455/1/371
usemtl violet
f 455/1/386 454/1/386 456/1/386
usemtl armor
f 451/1/392 452/1/392 455/1/392
usemtl violet
f 455/1/374 452/1/374 453/1/374
usemtl armor
f 456/1/388 451/1/388 455/1/388
usemtl violet
f 448/1/376 457/1/376 458/1/376
usemtl armor
f 447/1/388 457/1/388 448/1/388
usemtl violet
f 448/1/374 458/1/374 450/1/374
usemtl armor
f 454/1/368 457/1/368 458/1/368
usemtl violet
f 453/1/370 457/1/370 454/1/370
usemtl armor
f 454/1/383 458/1/383 456/1/383
usemtl violet
f 453/1/389 447/1/389 452/1/389
usemtl armor
f 457/1/390 447/1/390 453/1/390
usemtl violet
f 451/1/380 450/1/380 456/1/380
usemtl armor
f 456/1/378 450/1/378 458/1/378
g core
usemtl amethyst
f 459/1/394 460/1/395 461/1/3
f 462/1/396 459/1/394 461/1/3
f 463/1/397 462/1/396 461/1/3
f 464/1/398 463/1/397 461/1/3
f 465/1/399 464/1/398 461/1/3
f 466/1/400 465/1/399 461/1/11
f 467/1/401 466/1/400 461/1/11
f 468/1/402 467/1/401 461/1/11
f 469/1/403 468/1/402 461/1/11
f 470/1/404 469/1/403 461/1/18
f 471/1/405 470/1/404 461/1/18
f 472/1/406 471/1/405 461/1/18
f 473/1/407 472/1/406 461/1/18
f 474/1/408 473/1/407 461/1/25
f 475/1/409 474/1/408 461/1/25
f 460/1/410 475/1/409 461/1/25
f 459/1/394 476/1/411 477/1/56 460/1/395
f 462/1/396 478/1/58 476/1/411 459/1/394
f 463/1/397 479/1/412 478/1/58 462/1/396
f 464/1/398 480/1/61 479/1/412 463/1/397
f 465/1/399 481/1/413 480/1/61 464/1/398
f 466/1/400 482/1/64 481/1/413 465/1/399
f 467/1/401 483/1/414 482/1/64 466/1/400
f 468/1/402 484/1/67 483/1/414 467/1/401
f 469/1/403 485/1/415 484/1/67 468/1/402
f 470/1/404 486/1/70 485/1/415 469/1/403
f 471/1/405 487/1/416 486/1/70 470/1/404
f 472/1/406 488/1/73 487/1/416 471/1/405
f 473/1/407 489/1/417 488/1/73 472/1/406
f 474/1/408 490/1/76 489/1/417 473/1/407
f 475/1/409 491/1/418 490/1/76 474/1/408
f 460/1/410 477/1/79 491/1/418 475/1/409
f 476/1/411 492/1/419 493/1/420 477/1/56
f 478/1/58 494/1/421 492/1/419 476/1/411
f 479/1/412 495/1/422 494/1/421 478/1/58
f 480/1/61 496/1/423 495/1/422 479/1/412
f 481/1/413 497/1/424 496/1/423 480/1/61
f 482/1/64 498/1/425 497/1/424 481/1/413
f 483/1/414 499/1/426 498/1/425 482/1/64
f 484/1/67 500/1/427 499/1/426 483/1/414
f 485/1/415 501/1/428 500/1/427 484/1/67
f 486/1/70 502/1/429 501/1/428 485/1/415
f 487/1/416 503/1/430 502/1/429 486/1/70
f 488/1/73 504/1/431 503/1/430 487/1/416
f 489/1/417 505/1/432 504/1/431 488/1/73
f 490/1/76 506/1/433 505/1/432 489/1/417
f 491/1/418 507/1/434 506/1/433 490/1/76
f 477/1/79 493/1/435 507/1/434 491/1/418
f 492/1/419 508/1/436 509/1/131 493/1/420
f 494/1/421 510/1/133 508/1/436 492/1/419
f 495/1/422 511/1/437 510/1/133 494/1/421
f 496/1/423 512/1/136 511/1/437 495/1/422
f 497/1/424 513/1/438 512/1/136 496/1/423
f 498/1/425 514/1/139 513/1/438 497/1/424
f 499/1/426 515/1/439 514/1/139 498/1/425
f 500/1/427 516/1/142 515/1/439 499/1/426
f 501/1/428 517/1/440 516/1/142 500/1/427
f 502/1/429 518/1/145 517/1/440 501/1/428
f 503/1/430 519/1/441 518/1/145 502/1/429
f 504/1/431 520/1/148 519/1/441 503/1/430
f 505/1/432 521/1/442 520/1/148 504/1/431
f 506/1/433 522/1/151 521/1/442 505/1/432
f 507/1/434 523/1/443 522/1/151 506/1/433
f 493/1/435 509/1/154 523/1/443 507/1/434
f 508/1/436 524/1/444 525/1/445 509/1/131
f 510/1/133 526/1/446 524/1/444 508/1/436
f 511/1/437 527/1/447 526/1/446 510/1/133
f 512/1/136 528/1/448 527/1/447 511/1/437
f 513/1/438 529/1/449 528/1/448 512/1/136
f 514/1/139 530/1/450 529/1/449 513/1/438
f 515/1/439 531/1/451 530/1/450 514/1/139
f 516/1/142 532/1/452 531/1/451 515/1/439
f 517/1/440 533/1/453 532/1/452 516/1/142
f 518/1/145 534/1/454 533/1/453 517/1/440
f 519/1/441 535/1/455 534/1/454 518/1/145
f 520/1/148 536/1/456 535/1/455 519/1/441
f 521/1/442 537/1/457 536/1/456 520/1/148
f 522/1/151 538/1/458 537/1/457 521/1/442
f 523/1/443 539/1/459 538/1/458 522/1/151
f 509/1/154 525/1/460 539/1/459 523/1/443
f 524/1/444 540/1/461 541/1/206 525/1/445
f 526/1/446 542/1/208 540/1/461 524/1/444
f 527/1/447 543/1/462 542/1/208 526/1/446
f 528/1/448 544/1/211 543/1/462 527/1/447
f 529/1/449 545/1/463 544/1/211 528/1/448
f 530/1/450 546/1/214 545/1/463 529/1/449
f 531/1/451 547/1/464 546/1/214 530/1/450
f 532/1/452 548/1/217 547/1/464 531/1/451
f 533/1/453 549/1/465 548/1/217 532/1/452
f 534/1/454 550/1/220 549/1/465 533/1/453
f 535/1/455 551/1/466 550/1/220 534/1/454
f 536/1/456 552/1/223 551/1/466 535/1/455
f 537/1/457 553/1/467 552/1/223 536/1/456
f 538/1/458 554/1/226 553/1/467 537/1/457
f 539/1/459 555/1/468 554/1/226 538/1/458
f 525/1/460 541/1/229 555/1/468 539/1/459
f 540/1/461 556/1/469 557/1/470 541/1/206
f 542/1/208 558/1/471 556/1/469 540/1/461
f 543/1/462 559/1/472 558/1/471 542/1/208
f 544/1/211 560/1/473 559/1/472 543/1/462
f 545/1/463 561/1/474 560/1/473 544/1/211
f 546/1/214 562/1/475 561/1/474 545/1/463
f 547/1/464 563/1/476 562/1/475 546/1/214
f 548/1/217 564/1/477 563/1/476 547/1/464
f 549/1/465 565/1/478 564/1/477 548/1/217
f 550/1/220 566/1/479 565/1/478 549/1/465
f 551/1/466 567/1/480 566/1/479 550/1/220
f 552/1/223 568/1/481 567/1/480 551/1/466
f 553/1/467 569/1/482 568/1/481 552/1/223
f 554/1/226 570/1/483 569/1/482 553/1/467
f 555/1/468 571/1/484 570/1/483 554/1/226
f 541/1/229 557/1/485 571/1/484 555/1/468
f 556/1/469 572/1/280 557/1/470
f 558/1/471 572/1/280 556/1/469
f 559/1/472 572/1/280 558/1/471
f 560/1/473 572/1/280 559/1/472
f 561/1/474 572/1/280 560/1/473
f 562/1/475 572/1/281 561/1/474
f 563/1/476 572/1/281 562/1/475
f 564/1/477 572/1/281 563/1/476
f 565/1/478 572/1/281 564/1/477
f 566/1/479 572/1/282 565/1/478
f 567/1/480 572/1/282 566/1/479
f 568/1/481 572/1/282 567/1/480
f 569/1/482 572/1/282 568/1/481
f 570/1/483 572/1/283 569/1/482
f 571/1/484 572/1/283 570/1/483
f 557/1/485 572/1/283 571/1/484
usemtl lilac
f 573/1/381 574/1/381 575/1/381
usemtl violet
f 575/1/367 574/1/367 576/1/367
f 577/1/368 578/1/368 575/1/368
usemtl lilac
f 575/1/383 578/1/383 573/1/383
usemtl violet
f 576/1/370 577/1/370 575/1/370
f 579/1/385 580/1/385 581/1/385
usemtl lilac
f 582/1/372 580/1/372 579/1/372
usemtl violet
f 579/1/373 578/1/373 577/1/373
f 581/1/387 578/1/387 579/1/387
usemtl lilac
f 579/1/375 577/1/375 582/1/375
usemtl violet
f 574/1/376 583/1/376 584/1/376
f 573/1/388 583/1/388 574/1/388
usemtl lilac
f 574/1/374 584/1/374 576/1/374
usemtl violet
f 584/1/377 583/1/377 580/1/377
f 580/1/384 583/1/384 581/1/384
usemtl lilac
f 582/1/369 584/1/369 580/1/369
usemtl violet
f 581/1/389 573/1/389 578/1/389
f 583/1/390 573/1/390 581/1/390
usemtl lilac
f 577/1/380 576/1/380 582/1/380
usemtl violet
f 582/1/378 576/1/378 584/1/378
usemtl amethyst
f 585/1/284 586/1/284 587/1/284
usemtl obsidian
f 588/1/285 589/1/285 590/1/285
usemtl amethyst
f 585/1/284 587/1/284 591/1/284
usemtl obsidian
f 588/1/285 592/1/285 589/1/285
usemtl amethyst
f 585/1/286 591/1/286 593/1/286
usemtl obsidian
f 588/1/285 594/1/285 592/1/285
f 588/1/287 590/1/287 586/1/287 585/1/287
f 590/1/288 589/1/288 587/1/288 586/1/288
f 589/1/289 592/1/289 591/1/289 587/1/289
f 592/1/290 594/1/290 593/1/290 591/1/290
f 594/1/291 588/1/291 585/1/291 593/1/291
usemtl armor
f 595/1/284 596/1/284 597/1/284
usemtl amethyst
f 598/1/285 599/1/285 600/1/285
usemtl armor
f 595/1/284 597/1/284 601/1/284
usemtl amethyst
f 598/1/285 602/1/285 599/1/285
usemtl armor
f 595/1/286 601/1/286 603/1/286
usemtl amethyst
f 598/1/285 604/1/285 602/1/285
f 598/1/287 600/1/287 596/1/287 595/1/287
f 600/1/288 599/1/288 597/1/288 596/1/288
f 599/1/289 602/1/289 601/1/289 597/1/289
f 602/1/290 604/1/290 603/1/290 601/1/290
f 604/1/291 598/1/291 595/1/291 603/1/291
f 605/1/292 606/1/292 607/1/292
usemtl obsidian
f 608/1/293 609/1/293 610/1/293
usemtl amethyst
f 605/1/292 607/1/292 611/1/292
usemtl obsidian
f 608/1/294 612/1/294 609/1/294
usemtl amethyst
f 605/1/295 611/1/295 613/1/295
usemtl obsidian
f 608/1/293 614/1/293 612/1/293
f 608/1/296 610/1/296 606/1/296 605/1/296
f 610/1/297 609/1/297 607/1/297 606/1/297
f 609/1/298 612/1/298 611/1/298 607/1/298
f 612/1/299 614/1/299 613/1/299 611/1/299
f 614/1/300 608/1/300 605/1/300 613/1/300
usemtl armor
f 615/1/292 616/1/292 617/1/292
usemtl amethyst
f 618/1/293 619/1/293 620/1/293
usemtl armor
f 615/1/292 617/1/292 621/1/292
usemtl amethyst
f 618/1/294 622/1/294 619/1/294
usemtl armor
f 615/1/295 621/1/295 623/1/295
usemtl amethyst
f 618/1/293 624/1/293 622/1/293
f 618/1/296 620/1/296 616/1/296 615/1/296
f 620/1/297 619/1/297 617/1/297 616/1/297
f 619/1/298 622/1/298 621/1/298 617/1/298
f 622/1/299 624/1/299 623/1/299 621/1/299
f 624/1/300 618/1/300 615/1/300 623/1/300
f 625/1/293 626/1/293 627/1/293
usemtl obsidian
f 628/1/292 629/1/292 630/1/292
usemtl amethyst
f 625/1/293 627/1/293 631/1/293
usemtl obsidian
f 628/1/292 632/1/292 629/1/292
usemtl amethyst
f 625/1/293 631/1/293 633/1/293
usemtl obsidian
f 628/1/292 634/1/292 632/1/292
f 628/1/301 630/1/301 626/1/301 625/1/301
f 630/1/302 629/1/302 627/1/302 626/1/302
f 629/1/303 632/1/303 631/1/303 627/1/303
f 632/1/304 634/1/304 633/1/304 631/1/304
f 634/1/305 628/1/305 625/1/305 633/1/305
usemtl armor
f 635/1/293 636/1/293 637/1/293
usemtl amethyst
f 638/1/292 639/1/292 640/1/292
usemtl armor
f 635/1/293 637/1/293 641/1/293
usemtl amethyst
f 638/1/292 642/1/292 639/1/292
usemtl armor
f 635/1/293 641/1/293 643/1/293
usemtl amethyst
f 638/1/292 644/1/292 642/1/292
f 638/1/301 640/1/301 636/1/301 635/1/301
f 640/1/302 639/1/302 637/1/302 636/1/302
f 639/1/303 642/1/303 641/1/303 637/1/303
f 642/1/304 644/1/304 643/1/304 641/1/304
f 644/1/305 638/1/305 635/1/305 643/1/305
f 645/1/306 646/1/306 647/1/306
usemtl obsidian
f 648/1/286 649/1/286 650/1/286
usemtl amethyst
f 645/1/306 647/1/306 651/1/306
usemtl obsidian
f 648/1/286 652/1/286 649/1/286
usemtl amethyst
f 645/1/285 651/1/285 653/1/285
usemtl obsidian
f 648/1/284 654/1/284 652/1/284
f 648/1/307 650/1/307 646/1/307 645/1/307
f 650/1/308 649/1/308 647/1/308 646/1/308
f 649/1/309 652/1/309 651/1/309 647/1/309
f 652/1/310 654/1/310 653/1/310 651/1/310
f 654/1/311 648/1/311 645/1/311 653/1/311
usemtl armor
f 655/1/306 656/1/306 657/1/306
usemtl amethyst
f 658/1/286 659/1/286 660/1/286
usemtl armor
f 655/1/306 657/1/306 661/1/306
usemtl amethyst
f 658/1/286 662/1/286 659/1/286
usemtl armor
f 655/1/285 661/1/285 663/1/285
usemtl amethyst
f 658/1/284 664/1/284 662/1/284
f 658/1/307 660/1/307 656/1/307 655/1/307
f 660/1/308 659/1/308 657/1/308 656/1/308
f 659/1/309 662/1/309 661/1/309 657/1/309
f 662/1/310 664/1/310 663/1/310 661/1/310
f 664/1/311 658/1/311 655/1/311 663/1/311
f 665/1/312 666/1/312 667/1/312
usemtl obsidian
f 668/1/313 669/1/313 670/1/313
usemtl amethyst
f 665/1/314 667/1/314 671/1/314
usemtl obsidian
f 668/1/315 672/1/315 669/1/315
usemtl amethyst
f 665/1/312 671/1/312 673/1/312
usemtl obsidian
f 668/1/313 674/1/313 672/1/313
f 668/1/316 670/1/316 666/1/316 665/1/316
f 670/1/317 669/1/317 667/1/317 666/1/317
f 669/1/318 672/1/318 671/1/318 667/1/318
f 672/1/319 674/1/319 673/1/319 671/1/319
f 674/1/320 668/1/320 665/1/320 673/1/320
usemtl armor
f 675/1/314 676/1/314 677/1/314
usemtl amethyst
f 678/1/315 679/1/315 680/1/315
usemtl armor
f 675/1/312 677/1/312 681/1/312
usemtl amethyst
f 678/1/313 682/1/313 679/1/313
usemtl armor
f 675/1/312 681/1/312 683/1/312
usemtl amethyst
f 678/1/313 684/1/313 682/1/313
f 678/1/316 680/1/316 676/1/316 675/1/316
f 680/1/317 679/1/317 677/1/317 676/1/317
f 679/1/318 682/1/318 681/1/318 677/1/318
f 682/1/319 684/1/319 683/1/319 681/1/319
f 684/1/320 678/1/320 675/1/320 683/1/320
f 685/1/321 686/1/321 687/1/321
usemtl obsidian
f 688/1/322 689/1/322 690/1/322
usemtl amethyst
f 685/1/321 687/1/321 691/1/321
usemtl obsidian
f 688/1/322 692/1/322 689/1/322
usemtl amethyst
f 685/1/321 691/1/321 693/1/321
usemtl obsidian
f 688/1/322 694/1/322 692/1/322
f 688/1/323 690/1/323 686/1/323 685/1/323
f 690/1/324 689/1/324 687/1/324 686/1/324
f 689/1/325 692/1/325 691/1/325 687/1/325
f 692/1/326 694/1/326 693/1/326 691/1/326
f 694/1/327 688/1/327 685/1/327 693/1/327
usemtl armor
f 695/1/321 696/1/321 697/1/321
usemtl amethyst
f 698/1/322 699/1/322 700/1/322
usemtl armor
f 695/1/321 697/1/321 701/1/321
usemtl amethyst
f 698/1/322 702/1/322 699/1/322
usemtl armor
f 695/1/321 701/1/321 703/1/321
usemtl amethyst
f 698/1/322 704/1/322 702/1/322
f 698/1/323 700/1/323 696/1/323 695/1/323
f 700/1/324 699/1/324 697/1/324 696/1/324
f 699/1/325 702/1/325 701/1/325 697/1/325
f 702/1/326 704/1/326 703/1/326 701/1/326
f 704/1/327 698/1/327 695/1/327 703/1/327
f 705/1/322 706/1/322 707/1/322
usemtl obsidian
f 708/1/321 709/1/321 710/1/321
usemtl amethyst
f 705/1/322 707/1/322 711/1/322
usemtl obsidian
f 708/1/321 712/1/321 709/1/321
usemtl amethyst
f 705/1/322 711/1/322 713/1/322
usemtl obsidian
f 708/1/321 714/1/321 712/1/321
f 708/1/328 710/1/328 706/1/328 705/1/328
f 710/1/329 709/1/329 707/1/329 706/1/329
f 709/1/330 712/1/330 711/1/330 707/1/330
f 712/1/331 714/1/331 713/1/331 711/1/331
f 714/1/332 708/1/332 705/1/332 713/1/332
usemtl armor
f 715/1/322 716/1/322 717/1/322
usemtl amethyst
f 718/1/321 719/1/321 720/1/321
usemtl armor
f 715/1/322 717/1/322 721/1/322
usemtl amethyst
f 718/1/321 722/1/321 719/1/321
usemtl armor
f 715/1/322 721/1/322 723/1/322
usemtl amethyst
f 718/1/321 724/1/321 722/1/321
f 718/1/328 720/1/328 716/1/328 715/1/328
f 720/1/329 719/1/329 717/1/329 716/1/329
f 719/1/330 722/1/330 721/1/330 717/1/330
f 722/1/331 724/1/331 723/1/331 721/1/331
f 724/1/332 718/1/332 715/1/332 723/1/332
f 725/1/315 726/1/315 727/1/315
usemtl obsidian
f 728/1/314 729/1/314 730/1/314
usemtl amethyst
f 725/1/313 727/1/313 731/1/313
usemtl obsidian
f 728/1/312 732/1/312 729/1/312
usemtl amethyst
f 725/1/313 731/1/313 733/1/313
usemtl obsidian
f 728/1/312 734/1/312 732/1/312
f 728/1/333 730/1/333 726/1/333 725/1/333
f 730/1/334 729/1/334 727/1/334 726/1/334
f 729/1/335 732/1/335 731/1/335 727/1/335
f 732/1/336 734/1/336 733/1/336 731/1/336
f 734/1/337 728/1/337 725/1/337 733/1/337
usemtl armor
f 735/1/313 736/1/313 737/1/313
usemtl amethyst
f 738/1/312 739/1/312 740/1/312
usemtl armor
f 735/1/315 737/1/315 741/1/315
usemtl amethyst
f 738/1/314 742/1/314 739/1/314
usemtl armor
f 735/1/313 741/1/313 743/1/313
usemtl amethyst
f 738/1/312 744/1/312 742/1/312
f 738/1/333 740/1/333 736/1/333 735/1/333
f 740/1/334 739/1/334 737/1/334 736/1/334
f 739/1/335 742/1/335 741/1/335 737/1/335
f 742/1/336 744/1/336 743/1/336 741/1/336
f 744/1/337 738/1/337 735/1/337 743/1/337
f 745/1/338 746/1/338 747/1/338
usemtl obsidian
f 748/1/339 749/1/339 750/1/339
usemtl amethyst
f 745/1/340 747/1/340 751/1/340
usemtl obsidian
f 748/1/341 752/1/341 749/1/341
usemtl amethyst
f 745/1/338 751/1/338 753/1/338
usemtl obsidian
f 748/1/339 754/1/339 752/1/339
f 748/1/342 750/1/342 746/1/342 745/1/342
f 750/1/343 749/1/343 747/1/343 746/1/343
f 749/1/344 752/1/344 751/1/344 747/1/344
f 752/1/345 754/1/345 753/1/345 751/1/345
f 754/1/346 748/1/346 745/1/346 753/1/346
usemtl armor
f 755/1/338 756/1/338 757/1/338
usemtl amethyst
f 758/1/339 759/1/339 760/1/339
usemtl armor
f 755/1/340 757/1/340 761/1/340
usemtl amethyst
f 758/1/341 762/1/341 759/1/341
usemtl armor
f 755/1/338 761/1/338 763/1/338
usemtl amethyst
f 758/1/339 764/1/339 762/1/339
f 758/1/342 760/1/342 756/1/342 755/1/342
f 760/1/343 759/1/343 757/1/343 756/1/343
f 759/1/344 762/1/344 761/1/344 757/1/344
f 762/1/345 764/1/345 763/1/345 761/1/345
f 764/1/346 758/1/346 755/1/346 763/1/346
f 765/1/347 766/1/347 767/1/347
usemtl obsidian
f 768/1/348 769/1/348 770/1/348
usemtl amethyst
f 765/1/347 767/1/347 771/1/347
usemtl obsidian
f 768/1/349 772/1/349 769/1/349
usemtl amethyst
f 765/1/350 771/1/350 773/1/350
usemtl obsidian
f 768/1/348 774/1/348 772/1/348
f 768/1/351 770/1/351 766/1/351 765/1/351
f 770/1/352 769/1/352 767/1/352 766/1/352
f 769/1/353 772/1/353 771/1/353 767/1/353
f 772/1/354 774/1/354 773/1/354 771/1/354
f 774/1/355 768/1/355 765/1/355 773/1/355
usemtl armor
f 775/1/347 776/1/347 777/1/347
usemtl amethyst
f 778/1/348 779/1/348 780/1/348
usemtl armor
f 775/1/347 777/1/347 781/1/347
usemtl amethyst
f 778/1/349 782/1/349 779/1/349
usemtl armor
f 775/1/350 781/1/350 783/1/350
usemtl amethyst
f 778/1/348 784/1/348 782/1/348
f 778/1/351 780/1/351 776/1/351 775/1/351
f 780/1/352 779/1/352 777/1/352 776/1/352
f 779/1/353 782/1/353 781/1/353 777/1/353
f 782/1/354 784/1/354 783/1/354 781/1/354
f 784/1/355 778/1/355 775/1/355 783/1/355
f 785/1/348 786/1/348 787/1/348
usemtl obsidian
f 788/1/347 789/1/347 790/1/347
usemtl amethyst
f 785/1/348 787/1/348 791/1/348
usemtl obsidian
f 788/1/347 792/1/347 789/1/347
usemtl amethyst
f 785/1/348 791/1/348 793/1/348
usemtl obsidian
f 788/1/347 794/1/347 792/1/347
f 788/1/356 790/1/356 786/1/356 785/1/356
f 790/1/357 789/1/357 787/1/357 786/1/357
f 789/1/358 792/1/358 791/1/358 787/1/358
f 792/1/359 794/1/359 793/1/359 791/1/359
f 794/1/360 788/1/360 785/1/360 793/1/360
usemtl armor
f 795/1/348 796/1/348 797/1/348
usemtl amethyst
f 798/1/347 799/1/347 800/1/347
usemtl armor
f 795/1/348 797/1/348 801/1/348
usemtl amethyst
f 798/1/347 802/1/347 799/1/347
usemtl armor
f 795/1/348 801/1/348 803/1/348
usemtl amethyst
f 798/1/347 804/1/347 802/1/347
f 798/1/356 800/1/356 796/1/356 795/1/356
f 800/1/357 799/1/357 797/1/357 796/1/357
f 799/1/358 802/1/358 801/1/358 797/1/358
f 802/1/359 804/1/359 803/1/359 801/1/359
f 804/1/360 798/1/360 795/1/360 803/1/360
f 805/1/341 806/1/341 807/1/341
usemtl obsidian
f 808/1/340 809/1/340 810/1/340
usemtl amethyst
f 805/1/341 807/1/341 811/1/341
usemtl obsidian
f 808/1/340 812/1/340 809/1/340
usemtl amethyst
f 805/1/341 811/1/341 813/1/341
usemtl obsidian
f 808/1/338 814/1/338 812/1/338
f 808/1/361 810/1/361 806/1/361 805/1/361
f 810/1/362 809/1/362 807/1/362 806/1/362
f 809/1/363 812/1/363 811/1/363 807/1/363
f 812/1/364 814/1/364 813/1/364 811/1/364
f 814/1/365 808/1/365 805/1/365 813/1/365
usemtl armor
f 815/1/341 816/1/341 817/1/341
usemtl amethyst
f 818/1/340 819/1/340 820/1/340
usemtl armor
f 815/1/341 817/1/341 821/1/341
usemtl amethyst
f 818/1/340 822/1/340 819/1/340
usemtl armor
f 815/1/341 821/1/341 823/1/341
usemtl amethyst
f 818/1/338 824/1/338 822/1/338
f 818/1/361 820/1/361 816/1/361 815/1/361
f 820/1/362 819/1/362 817/1/362 816/1/362
f 819/1/363 822/1/363 821/1/363 817/1/363
f 822/1/364 824/1/364 823/1/364 821/1/364
f 824/1/365 818/1/365 815/1/365 823/1/365
g fx
usemtl lilac
f 825/1/284 826/1/284 827/1/284 828/1/284
usemtl violet
f 829/1/285 830/1/285 831/1/285 832/1/285
f 825/1/287 829/1/287 832/1/287 826/1/287
f 828/1/310 827/1/310 831/1/310 830/1/310
usemtl lilac
f 826/1/284 833/1/284 834/1/284 827/1/284
usemtl violet
f 832/1/306 831/1/306 835/1/306 836/1/306
f 826/1/288 832/1/288 836/1/288 833/1/288
f 827/1/309 834/1/309 835/1/309 831/1/309
usemtl lilac
f 833/1/284 837/1/284 838/1/284 834/1/284
usemtl violet
f 836/1/306 835/1/306 839/1/306 840/1/306
f 833/1/289 836/1/289 840/1/289 837/1/289
f 834/1/308 838/1/308 839/1/308 835/1/308
usemtl lilac
f 837/1/286 841/1/286 842/1/286 838/1/286
usemtl violet
f 840/1/285 839/1/285 843/1/285 844/1/285
f 837/1/486 840/1/486 844/1/486 841/1/486
f 838/1/487 842/1/487 843/1/487 839/1/487
usemtl lilac
f 841/1/286 825/1/286 828/1/286 842/1/286
usemtl violet
f 844/1/306 843/1/306 830/1/306 829/1/306
f 841/1/291 844/1/291 829/1/291 825/1/291
f 842/1/311 828/1/311 830/1/311 843/1/311
usemtl lilac
f 845/1/488 846/1/81 847/1/3
f 848/1/489 845/1/488 847/1/3
f 849/1/490 848/1/489 847/1/3
f 850/1/491 849/1/490 847/1/3
f 846/1/104 850/1/491 847/1/3
f 845/1/488 851/1/492 852/1/181 846/1/81
f 848/1/489 853/1/493 851/1/492 845/1/488
f 849/1/490 854/1/494 853/1/493 848/1/489
f 850/1/491 855/1/495 854/1/494 849/1/490
f 846/1/104 852/1/204 855/1/495 850/1/491
f 851/1/492 856/1/280 852/1/181
f 853/1/493 856/1/280 851/1/492
f 854/1/494 856/1/281 853/1/493
f 855/1/495 856/1/282 854/1/494
f 852/1/204 856/1/283 855/1/495
f 857/1/488 858/1/81 859/1/3
f 860/1/489 857/1/488 859/1/3
f 861/1/490 860/1/489 859/1/3
f 862/1/491 861/1/490 859/1/3
f 858/1/104 862/1/491 859/1/3
f 857/1/488 863/1/492 864/1/181 858/1/81
f 860/1/489 865/1/493 863/1/492 857/1/488
f 861/1/490 866/1/494 865/1/493 860/1/489
f 862/1/491 867/1/495 866/1/494 861/1/490
f 858/1/104 864/1/204 867/1/495 862/1/491
f 863/1/492 868/1/280 864/1/181
f 865/1/493 868/1/280 863/1/492
f 866/1/494 868/1/281 865/1/493
f 867/1/495 868/1/282 866/1/494
f 864/1/204 868/1/283 867/1/495
f 869/1/488 870/1/81 871/1/3
f 872/1/489 869/1/488 871/1/3
f 873/1/490 872/1/489 871/1/3
f 874/1/491 873/1/490 871/1/3
f 870/1/104 874/1/491 871/1/3
f 869/1/488 875/1/492 876/1/181 870/1/81
f 872/1/489 877/1/493 875/1/492 869/1/488
f 873/1/490 878/1/494 877/1/493 872/1/489
f 874/1/491 879/1/495 878/1/494 873/1/490
f 870/1/104 876/1/204 879/1/495 874/1/491
f 875/1/492 880/1/280 876/1/181
f 877/1/493 880/1/280 875/1/492
f 878/1/494 880/1/281 877/1/493
f 879/1/495 880/1/282 878/1/494
f 876/1/204 880/1/283 879/1/495
f 881/1/488 882/1/81 883/1/3
f 884/1/489 881/1/488 883/1/3
f 885/1/490 884/1/489 883/1/3
f 886/1/491 885/1/490 883/1/3
f 882/1/104 886/1/491 883/1/3
f 881/1/488 887/1/492 888/1/181 882/1/81
f 884/1/489 889/1/493 887/1/492 881/1/488
f 885/1/490 890/1/494 889/1/493 884/1/489
f 886/1/491 891/1/495 890/1/494 885/1/490
f 882/1/104 888/1/204 891/1/495 886/1/491
f 887/1/492 892/1/280 888/1/181
f 889/1/493 892/1/280 887/1/492
f 890/1/494 892/1/281 889/1/493
f 891/1/495 892/1/282 890/1/494
f 888/1/204 892/1/283 891/1/495
f 893/1/488 894/1/81 895/1/3
f 896/1/489 893/1/488 895/1/3
f 897/1/490 896/1/489 895/1/3
f 898/1/491 897/1/490 895/1/3
f 894/1/104 898/1/491 895/1/3
f 893/1/488 899/1/492 900/1/181 894/1/81
f 896/1/489 901/1/493 899/1/492 893/1/488
f 897/1/490 902/1/494 901/1/493 896/1/489
f 898/1/491 903/1/495 902/1/494 897/1/490
f 894/1/104 900/1/204 903/1/495 898/1/491
f 899/1/492 904/1/280 900/1/181
f 901/1/493 904/1/280 899/1/492
f 902/1/494 904/1/281 901/1/493
f 903/1/495 904/1/282 902/1/494
f 900/1/204 904/1/283 903/1/495
f 905/1/292 906/1/292 907/1/292 908/1/292
usemtl violet
f 909/1/293 910/1/293 911/1/293 912/1/293
f 905/1/296 909/1/296 912/1/296 906/1/296
f 908/1/304 907/1/304 911/1/304 910/1/304
usemtl lilac
f 906/1/295 913/1/295 914/1/295 907/1/295
usemtl violet
f 912/1/293 911/1/293 915/1/293 916/1/293
f 906/1/297 912/1/297 916/1/297 913/1/297
f 907/1/303 914/1/303 915/1/303 911/1/303
usemtl lilac
f 913/1/292 917/1/292 918/1/292 914/1/292
usemtl violet
f 916/1/294 915/1/294 919/1/294 920/1/294
f 913/1/298 916/1/298 920/1/298 917/1/298
f 914/1/302 918/1/302 919/1/302 915/1/302
usemtl lilac
f 917/1/292 921/1/292 922/1/292 918/1/292
usemtl violet
f 920/1/293 919/1/293 923/1/293 924/1/293
f 917/1/299 920/1/299 924/1/299 921/1/299
f 918/1/301 922/1/301 923/1/301 919/1/301
usemtl lilac
f 921/1/292 905/1/292 908/1/292 922/1/292
usemtl violet
f 924/1/293 923/1/293 910/1/293 909/1/293
f 921/1/300 924/1/300 909/1/300 905/1/300
f 922/1/305 908/1/305 910/1/305 923/1/305
usemtl lilac
f 925/1/488 926/1/81 927/1/3
f 928/1/489 925/1/488 927/1/3
f 929/1/490 928/1/489 927/1/3
f 930/1/491 929/1/490 927/1/3
f 926/1/104 930/1/491 927/1/3
f 925/1/488 931/1/492 932/1/181 926/1/81
f 928/1/489 933/1/493 931/1/492 925/1/488
f 929/1/490 934/1/494 933/1/493 928/1/489
f 930/1/491 935/1/495 934/1/494 929/1/490
f 926/1/104 932/1/204 935/1/495 930/1/491
f 931/1/492 936/1/280 932/1/181
f 933/1/493 936/1/280 931/1/492
f 934/1/494 936/1/281 933/1/493
f 935/1/495 936/1/282 934/1/494
f 932/1/204 936/1/283 935/1/495
f 937/1/488 938/1/81 939/1/3
f 940/1/489 937/1/488 939/1/3
f 941/1/490 940/1/489 939/1/3
f 942/1/491 941/1/490 939/1/3
f 938/1/104 942/1/491 939/1/3
f 937/1/488 943/1/492 944/1/181 938/1/81
f 940/1/489 945/1/493 943/1/492 937/1/488
f 941/1/490 946/1/494 945/1/493 940/1/489
f 942/1/491 947/1/495 946/1/494 941/1/490
f 938/1/104 944/1/204 947/1/495 942/1/491
f 943/1/492 948/1/280 944/1/181
f 945/1/493 948/1/280 943/1/492
f 946/1/494 948/1/281 945/1/493
f 947/1/495 948/1/282 946/1/494
f 944/1/204 948/1/283 947/1/495
f 949/1/488 950/1/81 951/1/3
f 952/1/489 949/1/488 951/1/3
f 953/1/490 952/1/489 951/1/3
f 954/1/491 953/1/490 951/1/3
f 950/1/104 954/1/491 951/1/3
f 949/1/488 955/1/492 956/1/181 950/1/81
f 952/1/489 957/1/493 955/1/492 949/1/488
f 953/1/490 958/1/494 957/1/493 952/1/489
f 954/1/491 959/1/495 958/1/494 953/1/490
f 950/1/104 956/1/204 959/1/495 954/1/491
f 955/1/492 960/1/280 956/1/181
f 957/1/493 960/1/280 955/1/492
f 958/1/494 960/1/281 957/1/493
f 959/1/495 960/1/282 958/1/494
f 956/1/204 960/1/283 959/1/495
f 961/1/488 962/1/81 963/1/3
f 964/1/489 961/1/488 963/1/3
f 965/1/490 964/1/489 963/1/3
f 966/1/491 965/1/490 963/1/3
f 962/1/104 966/1/491 963/1/3
f 961/1/488 967/1/492 968/1/181 962/1/81
f 964/1/489 969/1/493 967/1/492 961/1/488
f 965/1/490 970/1/494 969/1/493 964/1/489
f 966/1/491 971/1/495 970/1/494 965/1/490
f 962/1/104 968/1/204 971/1/495 966/1/491
f 967/1/492 972/1/280 968/1/181
f 969/1/493 972/1/280 967/1/492
f 970/1/494 972/1/281 969/1/493
f 971/1/495 972/1/282 970/1/494
f 968/1/204 972/1/283 971/1/495
f 973/1/488 974/1/81 975/1/3
f 976/1/489 973/1/488 975/1/3
f 977/1/490 976/1/489 975/1/3
f 978/1/491 977/1/490 975/1/3
f 974/1/104 978/1/491 975/1/3
f 973/1/488 979/1/492 980/1/181 974/1/81
f 976/1/489 981/1/493 979/1/492 973/1/488
f 977/1/490 982/1/494 981/1/493 976/1/489
f 978/1/491 983/1/495 982/1/494 977/1/490
f 974/1/104 980/1/204 983/1/495 978/1/491
f 979/1/492 984/1/280 980/1/181
f 981/1/493 984/1/280 979/1/492
f 982/1/494 984/1/281 981/1/493
f 983/1/495 984/1/282 982/1/494
f 980/1/204 984/1/283 983/1/495
f 985/1/293 986/1/293 987/1/293 988/1/293
usemtl violet
f 989/1/295 990/1/295 991/1/295 992/1/295
f 985/1/301 989/1/301 992/1/301 986/1/301
f 988/1/299 987/1/299 991/1/299 990/1/299
usemtl lilac
f 986/1/293 993/1/293 994/1/293 987/1/293
usemtl violet
f 992/1/292 991/1/292 995/1/292 996/1/292
f 986/1/302 992/1/302 996/1/302 993/1/302
f 987/1/298 994/1/298 995/1/298 991/1/298
usemtl lilac
f 993/1/293 997/1/293 998/1/293 994/1/293
usemtl violet
f 996/1/292 995/1/292 999/1/292 1000/1/292
f 993/1/303 996/1/303 1000/1/303 997/1/303
f 994/1/297 998/1/297 999/1/297 995/1/297
usemtl lilac
f 997/1/293 1001/1/293 1002/1/293 998/1/293
usemtl violet
f 1000/1/292 999/1/292 1003/1/292 1004/1/292
f 997/1/496 1000/1/496 1004/1/496 1001/1/496
f 998/1/296 1002/1/296 1003/1/296 999/1/296
usemtl lilac
f 1001/1/294 985/1/294 988/1/294 1002/1/294
usemtl violet
f 1004/1/292 1003/1/292 990/1/292 989/1/292
f 1001/1/305 1004/1/305 989/1/305 985/1/305
f 1002/1/300 988/1/300 990/1/300 1003/1/300
usemtl lilac
f 1005/1/488 1006/1/81 1007/1/3
f 1008/1/489 1005/1/488 1007/1/3
f 1009/1/490 1008/1/489 1007/1/3
f 1010/1/491 1009/1/490 1007/1/3
f 1006/1/104 1010/1/491 1007/1/3
f 1005/1/488 1011/1/492 1012/1/181 1006/1/81
f 1008/1/489 1013/1/493 1011/1/492 1005/1/488
f 1009/1/490 1014/1/494 1013/1/493 1008/1/489
f 1010/1/491 1015/1/495 1014/1/494 1009/1/490
f 1006/1/104 1012/1/204 1015/1/495 1010/1/491
f 1011/1/492 1016/1/280 1012/1/181
f 1013/1/493 1016/1/280 1011/1/492
f 1014/1/494 1016/1/281 1013/1/493
f 1015/1/495 1016/1/282 1014/1/494
f 1012/1/204 1016/1/283 1015/1/495
f 1017/1/488 1018/1/81 1019/1/3
f 1020/1/489 1017/1/488 1019/1/3
f 1021/1/490 1020/1/489 1019/1/3
f 1022/1/491 1021/1/490 1019/1/3
f 1018/1/104 1022/1/491 1019/1/3
f 1017/1/488 1023/1/492 1024/1/181 1018/1/81
f 1020/1/489 1025/1/493 1023/1/492 1017/1/488
f 1021/1/490 1026/1/494 1025/1/493 1020/1/489
f 1022/1/491 1027/1/495 1026/1/494 1021/1/490
f 1018/1/104 1024/1/204 1027/1/495 1022/1/491
f 1023/1/492 1028/1/280 1024/1/181
f 1025/1/493 1028/1/280 1023/1/492
f 1026/1/494 1028/1/281 1025/1/493
f 1027/1/495 1028/1/282 1026/1/494
f 1024/1/204 1028/1/283 1027/1/495
f 1029/1/488 1030/1/81 1031/1/3
f 1032/1/489 1029/1/488 1031/1/3
f 1033/1/490 1032/1/489 1031/1/3
f 1034/1/491 1033/1/490 1031/1/3
f 1030/1/104 1034/1/491 1031/1/3
f 1029/1/488 1035/1/492 1036/1/181 1030/1/81
f 1032/1/489 1037/1/493 1035/1/492 1029/1/488
f 1033/1/490 1038/1/494 1037/1/493 1032/1/489
f 1034/1/491 1039/1/495 1038/1/494 1033/1/490
f 1030/1/104 1036/1/204 1039/1/495 1034/1/491
f 1035/1/492 1040/1/280 1036/1/181
f 1037/1/493 1040/1/280 1035/1/492
f 1038/1/494 1040/1/281 1037/1/493
f 1039/1/495 1040/1/282 1038/1/494
f 1036/1/204 1040/1/283 1039/1/495
f 1041/1/488 1042/1/81 1043/1/3
f 1044/1/489 1041/1/488 1043/1/3
f 1045/1/490 1044/1/489 1043/1/3
f 1046/1/491 1045/1/490 1043/1/3
f 1042/1/104 1046/1/491 1043/1/3
f 1041/1/488 1047/1/492 1048/1/181 1042/1/81
f 1044/1/489 1049/1/493 1047/1/492 1041/1/488
f 1045/1/490 1050/1/494 1049/1/493 1044/1/489
f 1046/1/491 1051/1/495 1050/1/494 1045/1/490
f 1042/1/104 1048/1/204 1051/1/495 1046/1/491
f 1047/1/492 1052/1/280 1048/1/181
f 1049/1/493 1052/1/280 1047/1/492
f 1050/1/494 1052/1/281 1049/1/493
f 1051/1/495 1052/1/282 1050/1/494
f 1048/1/204 1052/1/283 1051/1/495
f 1053/1/488 1054/1/81 1055/1/3
f 1056/1/489 1053/1/488 1055/1/3
f 1057/1/490 1056/1/489 1055/1/3
f 1058/1/491 1057/1/490 1055/1/3
f 1054/1/104 1058/1/491 1055/1/3
f 1053/1/488 1059/1/492 1060/1/181 1054/1/81
f 1056/1/489 1061/1/493 1059/1/492 1053/1/488
f 1057/1/490 1062/1/494 1061/1/493 1056/1/489
f 1058/1/491 1063/1/495 1062/1/494 1057/1/490
f 1054/1/104 1060/1/204 1063/1/495 1058/1/491
f 1059/1/492 1064/1/280 1060/1/181
f 1061/1/493 1064/1/280 1059/1/492
f 1062/1/494 1064/1/281 1061/1/493
f 1063/1/495 1064/1/282 1062/1/494
f 1060/1/204 1064/1/283 1063/1/495
f 1065/1/306 1066/1/306 1067/1/306 1068/1/306
usemtl violet
f 1069/1/286 1070/1/286 1071/1/286 1072/1/286
f 1065/1/487 1069/1/487 1072/1/487 1066/1/487
f 1068/1/486 1067/1/486 1071/1/486 1070/1/486
usemtl lilac
f 1066/1/285 1073/1/285 1074/1/285 1067/1/285
usemtl violet
f 1072/1/284 1071/1/284 1075/1/284 1076/1/284
f 1066/1/308 1072/1/308 1076/1/308 1073/1/308
f 1067/1/289 1074/1/289 1075/1/289 1071/1/289
usemtl lilac
f 1073/1/306 1077/1/306 1078/1/306 1074/1/306
usemtl violet
f 1076/1/286 1075/1/286 1079/1/286 1080/1/286
f 1073/1/309 1076/1/309 1080/1/309 1077/1/309
f 1074/1/288 1078/1/288 1079/1/288 1075/1/288
usemtl lilac
f 1077/1/306 1081/1/306 1082/1/306 1078/1/306
usemtl violet
f 1080/1/284 1079/1/284 1083/1/284 1084/1/284
f 1077/1/310 1080/1/310 1084/1/310 1081/1/310
f 1078/1/287 1082/1/287 1083/1/287 1079/1/287
usemtl lilac
f 1081/1/306 1065/1/306 1068/1/306 1082/1/306
usemtl violet
f 1084/1/284 1083/1/284 1070/1/284 1069/1/284
f 1081/1/311 1084/1/311 1069/1/311 1065/1/311
f 1082/1/291 1068/1/291 1070/1/291 1083/1/291
usemtl lilac
f 1085/1/488 1086/1/81 1087/1/3
f 1088/1/489 1085/1/488 1087/1/3
f 1089/1/490 1088/1/489 1087/1/3
f 1090/1/491 1089/1/490 1087/1/3
f 1086/1/104 1090/1/491 1087/1/3
f 1085/1/488 1091/1/492 1092/1/181 1086/1/81
f 1088/1/489 1093/1/493 1091/1/492 1085/1/488
f 1089/1/490 1094/1/494 1093/1/493 1088/1/489
f 1090/1/491 1095/1/495 1094/1/494 1089/1/490
f 1086/1/104 1092/1/204 1095/1/495 1090/1/491
f 1091/1/492 1096/1/280 1092/1/181
f 1093/1/493 1096/1/280 1091/1/492
f 1094/1/494 1096/1/281 1093/1/493
f 1095/1/495 1096/1/282 1094/1/494
f 1092/1/204 1096/1/283 1095/1/495
f 1097/1/488 1098/1/81 1099/1/3
f 1100/1/489 1097/1/488 1099/1/3
f 1101/1/490 1100/1/489 1099/1/3
f 1102/1/491 1101/1/490 1099/1/3
f 1098/1/104 1102/1/491 1099/1/3
f 1097/1/488 1103/1/492 1104/1/181 1098/1/81
f 1100/1/489 1105/1/493 1103/1/492 1097/1/488
f 1101/1/490 1106/1/494 1105/1/493 1100/1/489
f 1102/1/491 1107/1/495 1106/1/494 1101/1/490
f 1098/1/104 1104/1/204 1107/1/495 1102/1/491
f 1103/1/492 1108/1/280 1104/1/181
f 1105/1/493 1108/1/280 1103/1/492
f 1106/1/494 1108/1/281 1105/1/493
f 1107/1/495 1108/1/282 1106/1/494
f 1104/1/204 1108/1/283 1107/1/495
f 1109/1/488 1110/1/81 1111/1/3
f 1112/1/489 1109/1/488 1111/1/3
f 1113/1/490 1112/1/489 1111/1/3
f 1114/1/491 1113/1/490 1111/1/3
f 1110/1/104 1114/1/491 1111/1/3
f 1109/1/488 1115/1/492 1116/1/181 1110/1/81
f 1112/1/489 1117/1/493 1115/1/492 1109/1/488
f 1113/1/490 1118/1/494 1117/1/493 1112/1/489
f 1114/1/491 1119/1/495 1118/1/494 1113/1/490
f 1110/1/104 1116/1/204 1119/1/495 1114/1/491
f 1115/1/492 1120/1/280 1116/1/181
f 1117/1/493 1120/1/280 1115/1/492
f 1118/1/494 1120/1/281 1117/1/493
f 1119/1/495 1120/1/282 1118/1/494
f 1116/1/204 1120/1/283 1119/1/495
f 1121/1/488 1122/1/81 1123/1/3
f 1124/1/489 1121/1/488 1123/1/3
f 1125/1/490 1124/1/489 1123/1/3
f 1126/1/491 1125/1/490 1123/1/3
f 1122/1/104 1126/1/491 1123/1/3
f 1121/1/488 1127/1/492 1128/1/181 1122/1/81
f 1124/1/489 1129/1/493 1127/1/492 1121/1/488
f 1125/1/490 1130/1/494 1129/1/493 1124/1/489
f 1126/1/491 1131/1/495 1130/1/494 1125/1/490
f 1122/1/104 1128/1/204 1131/1/495 1126/1/491
f 1127/1/492 1132/1/280 1128/1/181
f 1129/1/493 1132/1/280 1127/1/492
f 1130/1/494 1132/1/281 1129/1/493
f 1131/1/495 1132/1/282 1130/1/494
f 1128/1/204 1132/1/283 1131/1/495
f 1133/1/488 1134/1/81 1135/1/3
f 1136/1/489 1133/1/488 1135/1/3
f 1137/1/490 1136/1/489 1135/1/3
f 1138/1/491 1137/1/490 1135/1/3
f 1134/1/104 1138/1/491 1135/1/3
f 1133/1/488 1139/1/492 1140/1/181 1134/1/81
f 1136/1/489 1141/1/493 1139/1/492 1133/1/488
f 1137/1/490 1142/1/494 1141/1/493 1136/1/489
f 1138/1/491 1143/1/495 1142/1/494 1137/1/490
f 1134/1/104 1140/1/204 1143/1/495 1138/1/491
f 1139/1/492 1144/1/280 1140/1/181
f 1141/1/493 1144/1/280 1139/1/492
f 1142/1/494 1144/1/281 1141/1/493
f 1143/1/495 1144/1/282 1142/1/494
f 1140/1/204 1144/1/283 1143/1/495
f 1145/1/314 1146/1/314 1147/1/314 1148/1/314
usemtl violet
f 1149/1/315 1150/1/315 1151/1/315 1152/1/315
f 1145/1/316 1149/1/316 1152/1/316 1146/1/316
f 1148/1/336 1147/1/336 1151/1/336 1150/1/336
usemtl lilac
f 1146/1/312 1153/1/312 1154/1/312 1147/1/312
usemtl violet
f 1152/1/313 1151/1/313 1155/1/313 1156/1/313
f 1146/1/317 1152/1/317 1156/1/317 1153/1/317
f 1147/1/335 1154/1/335 1155/1/335 1151/1/335
usemtl lilac
f 1153/1/312 1157/1/312 1158/1/312 1154/1/312
usemtl violet
f 1156/1/315 1155/1/315 1159/1/315 1160/1/315
f 1153/1/318 1156/1/318 1160/1/318 1157/1/318
f 1154/1/334 1158/1/334 1159/1/334 1155/1/334
usemtl lilac
f 1157/1/312 1161/1/312 1162/1/312 1158/1/312
usemtl violet
f 1160/1/315 1159/1/315 1163/1/315 1164/1/315
f 1157/1/319 1160/1/319 1164/1/319 1161/1/319
f 1158/1/333 1162/1/333 1163/1/333 1159/1/333
usemtl lilac
f 1161/1/314 1145/1/314 1148/1/314 1162/1/314
usemtl violet
f 1164/1/313 1163/1/313 1150/1/313 1149/1/313
f 1161/1/497 1164/1/497 1149/1/497 1145/1/497
f 1162/1/498 1148/1/498 1150/1/498 1163/1/498
usemtl lilac
f 1165/1/488 1166/1/81 1167/1/3
f 1168/1/489 1165/1/488 1167/1/3
f 1169/1/490 1168/1/489 1167/1/3
f 1170/1/491 1169/1/490 1167/1/3
f 1166/1/104 1170/1/491 1167/1/3
f 1165/1/488 1171/1/492 1172/1/181 1166/1/81
f 1168/1/489 1173/1/493 1171/1/492 1165/1/488
f 1169/1/490 1174/1/494 1173/1/493 1168/1/489
f 1170/1/491 1175/1/495 1174/1/494 1169/1/490
f 1166/1/104 1172/1/204 1175/1/495 1170/1/491
f 1171/1/492 1176/1/280 1172/1/181
f 1173/1/493 1176/1/280 1171/1/492
f 1174/1/494 1176/1/281 1173/1/493
f 1175/1/495 1176/1/282 1174/1/494
f 1172/1/204 1176/1/283 1175/1/495
f 1177/1/488 1178/1/81 1179/1/3
f 1180/1/489 1177/1/488 1179/1/3
f 1181/1/490 1180/1/489 1179/1/3
f 1182/1/491 1181/1/490 1179/1/3
f 1178/1/104 1182/1/491 1179/1/3
f 1177/1/488 1183/1/492 1184/1/181 1178/1/81
f 1180/1/489 1185/1/493 1183/1/492 1177/1/488
f 1181/1/490 1186/1/494 1185/1/493 1180/1/489
f 1182/1/491 1187/1/495 1186/1/494 1181/1/490
f 1178/1/104 1184/1/204 1187/1/495 1182/1/491
f 1183/1/492 1188/1/280 1184/1/181
f 1185/1/493 1188/1/280 1183/1/492
f 1186/1/494 1188/1/281 1185/1/493
f 1187/1/495 1188/1/282 1186/1/494
f 1184/1/204 1188/1/283 1187/1/495
f 1189/1/488 1190/1/81 1191/1/3
f 1192/1/489 1189/1/488 1191/1/3
f 1193/1/490 1192/1/489 1191/1/3
f 1194/1/491 1193/1/490 1191/1/3
f 1190/1/104 1194/1/491 1191/1/3
f 1189/1/488 1195/1/492 1196/1/181 1190/1/81
f 1192/1/489 1197/1/493 1195/1/492 1189/1/488
f 1193/1/490 1198/1/494 1197/1/493 1192/1/489
f 1194/1/491 1199/1/495 1198/1/494 1193/1/490
f 1190/1/104 1196/1/204 1199/1/495 1194/1/491
f 1195/1/492 1200/1/280 1196/1/181
f 1197/1/493 1200/1/280 1195/1/492
f 1198/1/494 1200/1/281 1197/1/493
f 1199/1/495 1200/1/282 1198/1/494
f 1196/1/204 1200/1/283 1199/1/495
f 1201/1/488 1202/1/81 1203/1/3
f 1204/1/489 1201/1/488 1203/1/3
f 1205/1/490 1204/1/489 1203/1/3
f 1206/1/491 1205/1/490 1203/1/3
f 1202/1/104 1206/1/491 1203/1/3
f 1201/1/488 1207/1/492 1208/1/181 1202/1/81
f 1204/1/489 1209/1/493 1207/1/492 1201/1/488
f 1205/1/490 1210/1/494 1209/1/493 1204/1/489
f 1206/1/491 1211/1/495 1210/1/494 1205/1/490
f 1202/1/104 1208/1/204 1211/1/495 1206/1/491
f 1207/1/492 1212/1/280 1208/1/181
f 1209/1/493 1212/1/280 1207/1/492
f 1210/1/494 1212/1/281 1209/1/493
f 1211/1/495 1212/1/282 1210/1/494
f 1208/1/204 1212/1/283 1211/1/495
f 1213/1/488 1214/1/81 1215/1/3
f 1216/1/489 1213/1/488 1215/1/3
f 1217/1/490 1216/1/489 1215/1/3
f 1218/1/491 1217/1/490 1215/1/3
f 1214/1/104 1218/1/491 1215/1/3
f 1213/1/488 1219/1/492 1220/1/181 1214/1/81
f 1216/1/489 1221/1/493 1219/1/492 1213/1/488
f 1217/1/490 1222/1/494 1221/1/493 1216/1/489
f 1218/1/491 1223/1/495 1222/1/494 1217/1/490
f 1214/1/104 1220/1/204 1223/1/495 1218/1/491
f 1219/1/492 1224/1/280 1220/1/181
f 1221/1/493 1224/1/280 1219/1/492
f 1222/1/494 1224/1/281 1221/1/493
f 1223/1/495 1224/1/282 1222/1/494
f 1220/1/204 1224/1/283 1223/1/495
f 1225/1/321 1226/1/321 1227/1/321 1228/1/321
usemtl violet
f 1229/1/322 1230/1/322 1231/1/322 1232/1/322
f 1225/1/323 1229/1/323 1232/1/323 1226/1/323
f 1228/1/330 1227/1/330 1231/1/330 1230/1/330
usemtl lilac
f 1226/1/321 1233/1/321 1234/1/321 1227/1/321
usemtl violet
f 1232/1/322 1231/1/322 1235/1/322 1236/1/322
f 1226/1/324 1232/1/324 1236/1/324 1233/1/324
f 1227/1/329 1234/1/329 1235/1/329 1231/1/329
usemtl lilac
f 1233/1/499 1237/1/499 1238/1/499 1234/1/499
usemtl violet
f 1236/1/322 1235/1/322 1239/1/322 1240/1/322
f 1233/1/325 1236/1/325 1240/1/325 1237/1/325
f 1234/1/328 1238/1/328 1239/1/328 1235/1/328
usemtl lilac
f 1237/1/321 1241/1/321 1242/1/321 1238/1/321
usemtl violet
f 1240/1/500 1239/1/500 1243/1/500 1244/1/500
f 1237/1/326 1240/1/326 1244/1/326 1241/1/326
f 1238/1/332 1242/1/332 1243/1/332 1239/1/332
usemtl lilac
f 1241/1/321 1225/1/321 1228/1/321 1242/1/321
usemtl violet
f 1244/1/322 1243/1/322 1230/1/322 1229/1/322
f 1241/1/327 1244/1/327 1229/1/327 1225/1/327
f 1242/1/331 1228/1/331 1230/1/331 1243/1/331
usemtl lilac
f 1245/1/488 1246/1/81 1247/1/3
f 1248/1/489 1245/1/488 1247/1/3
f 1249/1/490 1248/1/489 1247/1/3
f 1250/1/491 1249/1/490 1247/1/3
f 1246/1/104 1250/1/491 1247/1/3
f 1245/1/488 1251/1/492 1252/1/181 1246/1/81
f 1248/1/489 1253/1/493 1251/1/492 1245/1/488
f 1249/1/490 1254/1/494 1253/1/493 1248/1/489
f 1250/1/491 1255/1/495 1254/1/494 1249/1/490
f 1246/1/104 1252/1/204 1255/1/495 1250/1/491
f 1251/1/492 1256/1/280 1252/1/181
f 1253/1/493 1256/1/280 1251/1/492
f 1254/1/494 1256/1/281 1253/1/493
f 1255/1/495 1256/1/282 1254/1/494
f 1252/1/204 1256/1/283 1255/1/495
f 1257/1/488 1258/1/81 1259/1/3
f 1260/1/489 1257/1/488 1259/1/3
f 1261/1/490 1260/1/489 1259/1/3
f 1262/1/491 1261/1/490 1259/1/3
f 1258/1/104 1262/1/491 1259/1/3
f 1257/1/488 1263/1/492 1264/1/181 1258/1/81
f 1260/1/489 1265/1/493 1263/1/492 1257/1/488
f 1261/1/490 1266/1/494 1265/1/493 1260/1/489
f 1262/1/491 1267/1/495 1266/1/494 1261/1/490
f 1258/1/104 1264/1/204 1267/1/495 1262/1/491
f 1263/1/492 1268/1/280 1264/1/181
f 1265/1/493 1268/1/280 1263/1/492
f 1266/1/494 1268/1/281 1265/1/493
f 1267/1/495 1268/1/282 1266/1/494
f 1264/1/204 1268/1/283 1267/1/495
f 1269/1/488 1270/1/81 1271/1/3
f 1272/1/489 1269/1/488 1271/1/3
f 1273/1/490 1272/1/489 1271/1/3
f 1274/1/491 1273/1/490 1271/1/3
f 1270/1/104 1274/1/491 1271/1/3
f 1269/1/488 1275/1/492 1276/1/181 1270/1/81
f 1272/1/489 1277/1/493 1275/1/492 1269/1/488
f 1273/1/490 1278/1/494 1277/1/493 1272/1/489
f 1274/1/491 1279/1/495 1278/1/494 1273/1/490
f 1270/1/104 1276/1/204 1279/1/495 1274/1/491
f 1275/1/492 1280/1/280 1276/1/181
f 1277/1/493 1280/1/280 1275/1/492
f 1278/1/494 1280/1/281 1277/1/493
f 1279/1/495 1280/1/282 1278/1/494
f 1276/1/204 1280/1/283 1279/1/495
f 1281/1/488 1282/1/81 1283/1/3
f 1284/1/489 1281/1/488 1283/1/3
f 1285/1/490 1284/1/489 1283/1/3
f 1286/1/491 1285/1/490 1283/1/3
f 1282/1/104 1286/1/491 1283/1/3
f 1281/1/488 1287/1/492 1288/1/181 1282/1/81
f 1284/1/489 1289/1/493 1287/1/492 1281/1/488
f 1285/1/490 1290/1/494 1289/1/493 1284/1/489
f 1286/1/491 1291/1/495 1290/1/494 1285/1/490
f 1282/1/104 1288/1/204 1291/1/495 1286/1/491
f 1287/1/492 1292/1/280 1288/1/181
f 1289/1/493 1292/1/280 1287/1/492
f 1290/1/494 1292/1/281 1289/1/493
f 1291/1/495 1292/1/282 1290/1/494
f 1288/1/204 1292/1/283 1291/1/495
f 1293/1/488 1294/1/81 1295/1/3
f 1296/1/489 1293/1/488 1295/1/3
f 1297/1/490 1296/1/489 1295/1/3
f 1298/1/491 1297/1/490 1295/1/3
f 1294/1/104 1298/1/491 1295/1/3
f 1293/1/488 1299/1/492 1300/1/181 1294/1/81
f 1296/1/489 1301/1/493 1299/1/492 1293/1/488
f 1297/1/490 1302/1/494 1301/1/493 1296/1/489
f 1298/1/491 1303/1/495 1302/1/494 1297/1/490
f 1294/1/104 1300/1/204 1303/1/495 1298/1/491
f 1299/1/492 1304/1/280 1300/1/181
f 1301/1/493 1304/1/280 1299/1/492
f 1302/1/494 1304/1/281 1301/1/493
f 1303/1/495 1304/1/282 1302/1/494
f 1300/1/204 1304/1/283 1303/1/495
f 1305/1/322 1306/1/322 1307/1/322 1308/1/322
usemtl violet
f 1309/1/321 1310/1/321 1311/1/321 1312/1/321
f 1305/1/328 1309/1/328 1312/1/328 1306/1/328
f 1308/1/325 1307/1/325 1311/1/325 1310/1/325
usemtl lilac
f 1306/1/322 1313/1/322 1314/1/322 1307/1/322
usemtl violet
f 1312/1/321 1311/1/321 1315/1/321 1316/1/321
f 1306/1/501 1312/1/501 1316/1/501 1313/1/501
f 1307/1/324 1314/1/324 1315/1/324 1311/1/324
usemtl lilac
f 1313/1/500 1317/1/500 1318/1/500 1314/1/500
usemtl violet
f 1316/1/321 1315/1/321 1319/1/321 1320/1/321
f 1313/1/330 1316/1/330 1320/1/330 1317/1/330
f 1314/1/323 1318/1/323 1319/1/323 1315/1/323
usemtl lilac
f 1317/1/322 1321/1/322 1322/1/322 1318/1/322
usemtl violet
f 1320/1/499 1319/1/499 1323/1/499 1324/1/499
f 1317/1/331 1320/1/331 1324/1/331 1321/1/331
f 1318/1/327 1322/1/327 1323/1/327 1319/1/327
usemtl lilac
f 1321/1/322 1305/1/322 1308/1/322 1322/1/322
usemtl violet
f 1324/1/321 1323/1/321 1310/1/321 1309/1/321
f 1321/1/332 1324/1/332 1309/1/332 1305/1/332
f 1322/1/326 1308/1/326 1310/1/326 1323/1/326
usemtl lilac
f 1325/1/488 1326/1/81 1327/1/3
f 1328/1/489 1325/1/488 1327/1/3
f 1329/1/490 1328/1/489 1327/1/3
f 1330/1/491 1329/1/490 1327/1/3
f 1326/1/104 1330/1/491 1327/1/3
f 1325/1/488 1331/1/492 1332/1/181 1326/1/81
f 1328/1/489 1333/1/493 1331/1/492 1325/1/488
f 1329/1/490 1334/1/494 1333/1/493 1328/1/489
f 1330/1/491 1335/1/495 1334/1/494 1329/1/490
f 1326/1/104 1332/1/204 1335/1/495 1330/1/491
f 1331/1/492 1336/1/280 1332/1/181
f 1333/1/493 1336/1/280 1331/1/492
f 1334/1/494 1336/1/281 1333/1/493
f 1335/1/495 1336/1/282 1334/1/494
f 1332/1/204 1336/1/283 1335/1/495
f 1337/1/488 1338/1/81 1339/1/3
f 1340/1/489 1337/1/488 1339/1/3
f 1341/1/490 1340/1/489 1339/1/3
f 1342/1/491 1341/1/490 1339/1/3
f 1338/1/104 1342/1/491 1339/1/3
f 1337/1/488 1343/1/492 1344/1/181 1338/1/81
f 1340/1/489 1345/1/493 1343/1/492 1337/1/488
f 1341/1/490 1346/1/494 1345/1/493 1340/1/489
f 1342/1/491 1347/1/495 1346/1/494 1341/1/490
f 1338/1/104 1344/1/204 1347/1/495 1342/1/491
f 1343/1/492 1348/1/280 1344/1/181
f 1345/1/493 1348/1/280 1343/1/492
f 1346/1/494 1348/1/281 1345/1/493
f 1347/1/495 1348/1/282 1346/1/494
f 1344/1/204 1348/1/283 1347/1/495
f 1349/1/488 1350/1/81 1351/1/3
f 1352/1/489 1349/1/488 1351/1/3
f 1353/1/490 1352/1/489 1351/1/3
f 1354/1/491 1353/1/490 1351/1/3
f 1350/1/104 1354/1/491 1351/1/3
f 1349/1/488 1355/1/492 1356/1/181 1350/1/81
f 1352/1/489 1357/1/493 1355/1/492 1349/1/488
f 1353/1/490 1358/1/494 1357/1/493 1352/1/489
f 1354/1/491 1359/1/495 1358/1/494 1353/1/490
f 1350/1/104 1356/1/204 1359/1/495 1354/1/491
f 1355/1/492 1360/1/280 1356/1/181
f 1357/1/493 1360/1/280 1355/1/492
f 1358/1/494 1360/1/281 1357/1/493
f 1359/1/495 1360/1/282 1358/1/494
f 1356/1/204 1360/1/283 1359/1/495
f 1361/1/488 1362/1/81 1363/1/3
f 1364/1/489 1361/1/488 1363/1/3
f 1365/1/490 1364/1/489 1363/1/3
f 1366/1/491 1365/1/490 1363/1/3
f 1362/1/104 1366/1/491 1363/1/3
f 1361/1/488 1367/1/492 1368/1/181 1362/1/81
f 1364/1/489 1369/1/493 1367/1/492 1361/1/488
f 1365/1/490 1370/1/494 1369/1/493 1364/1/489
f 1366/1/491 1371/1/495 1370/1/494 1365/1/490
f 1362/1/104 1368/1/204 1371/1/495 1366/1/491
f 1367/1/492 1372/1/280 1368/1/181
f 1369/1/493 1372/1/280 1367/1/492
f 1370/1/494 1372/1/281 1369/1/493
f 1371/1/495 1372/1/282 1370/1/494
f 1368/1/204 1372/1/283 1371/1/495
f 1373/1/488 1374/1/81 1375/1/3
f 1376/1/489 1373/1/488 1375/1/3
f 1377/1/490 1376/1/489 1375/1/3
f 1378/1/491 1377/1/490 1375/1/3
f 1374/1/104 1378/1/491 1375/1/3
f 1373/1/488 1379/1/492 1380/1/181 1374/1/81
f 1376/1/489 1381/1/493 1379/1/492 1373/1/488
f 1377/1/490 1382/1/494 1381/1/493 1376/1/489
f 1378/1/491 1383/1/495 1382/1/494 1377/1/490
f 1374/1/104 1380/1/204 1383/1/495 1378/1/491
f 1379/1/492 1384/1/280 1380/1/181
f 1381/1/493 1384/1/280 1379/1/492
f 1382/1/494 1384/1/281 1381/1/493
f 1383/1/495 1384/1/282 1382/1/494
f 1380/1/204 1384/1/283 1383/1/495
f 1385/1/313 1386/1/313 1387/1/313 1388/1/313
usemtl violet
f 1389/1/312 1390/1/312 1391/1/312 1392/1/312
f 1385/1/333 1389/1/333 1392/1/333 1386/1/333
f 1388/1/319 1387/1/319 1391/1/319 1390/1/319
usemtl lilac
f 1386/1/315 1393/1/315 1394/1/315 1387/1/315
usemtl violet
f 1392/1/314 1391/1/314 1395/1/314 1396/1/314
f 1386/1/334 1392/1/334 1396/1/334 1393/1/334
f 1387/1/318 1394/1/318 1395/1/318 1391/1/318
usemtl lilac
f 1393/1/315 1397/1/315 1398/1/315 1394/1/315
usemtl violet
f 1396/1/312 1395/1/312 1399/1/312 1400/1/312
f 1393/1/335 1396/1/335 1400/1/335 1397/1/335
f 1394/1/317 1398/1/317 1399/1/317 1395/1/317
usemtl lilac
f 1397/1/315 1401/1/315 1402/1/315 1398/1/315
usemtl violet
f 1400/1/312 1399/1/312 1403/1/312 1404/1/312
f 1397/1/336 1400/1/336 1404/1/336 1401/1/336
f 1398/1/316 1402/1/316 1403/1/316 1399/1/316
usemtl lilac
f 1401/1/315 1385/1/315 1388/1/315 1402/1/315
usemtl violet
f 1404/1/314 1403/1/314 1390/1/314 1389/1/314
f 1401/1/498 1404/1/498 1389/1/498 1385/1/498
f 1402/1/497 1388/1/497 1390/1/497 1403/1/497
usemtl lilac
f 1405/1/488 1406/1/81 1407/1/3
f 1408/1/489 1405/1/488 1407/1/3
f 1409/1/490 1408/1/489 1407/1/3
f 1410/1/491 1409/1/490 1407/1/3
f 1406/1/104 1410/1/491 1407/1/3
f 1405/1/488 1411/1/492 1412/1/181 1406/1/81
f 1408/1/489 1413/1/493 1411/1/492 1405/1/488
f 1409/1/490 1414/1/494 1413/1/493 1408/1/489
f 1410/1/491 1415/1/495 1414/1/494 1409/1/490
f 1406/1/104 1412/1/204 1415/1/495 1410/1/491
f 1411/1/492 1416/1/280 1412/1/181
f 1413/1/493 1416/1/280 1411/1/492
f 1414/1/494 1416/1/281 1413/1/493
f 1415/1/495 1416/1/282 1414/1/494
f 1412/1/204 1416/1/283 1415/1/495
f 1417/1/488 1418/1/81 1419/1/3
f 1420/1/489 1417/1/488 1419/1/3
f 1421/1/490 1420/1/489 1419/1/3
f 1422/1/491 1421/1/490 1419/1/3
f 1418/1/104 1422/1/491 1419/1/3
f 1417/1/488 1423/1/492 1424/1/181 1418/1/81
f 1420/1/489 1425/1/493 1423/1/492 1417/1/488
f 1421/1/490 1426/1/494 1425/1/493 1420/1/489
f 1422/1/491 1427/1/495 1426/1/494 1421/1/490
f 1418/1/104 1424/1/204 1427/1/495 1422/1/491
f 1423/1/492 1428/1/280 1424/1/181
f 1425/1/493 1428/1/280 1423/1/492
f 1426/1/494 1428/1/281 1425/1/493
f 1427/1/495 1428/1/282 1426/1/494
f 1424/1/204 1428/1/283 1427/1/495
f 1429/1/488 1430/1/81 1431/1/3
f 1432/1/489 1429/1/488 1431/1/3
f 1433/1/490 1432/1/489 1431/1/3
f 1434/1/491 1433/1/490 1431/1/3
f 1430/1/104 1434/1/491 1431/1/3
f 1429/1/488 1435/1/492 1436/1/181 1430/1/81
f 1432/1/489 1437/1/493 1435/1/492 1429/1/488
f 1433/1/490 1438/1/494 1437/1/493 1432/1/489
f 1434/1/491 1439/1/495 1438/1/494 1433/1/490
f 1430/1/104 1436/1/204 1439/1/495 1434/1/491
f 1435/1/492 1440/1/280 1436/1/181
f 1437/1/493 1440/1/280 1435/1/492
f 1438/1/494 1440/1/281 1437/1/493
f 1439/1/495 1440/1/282 1438/1/494
f 1436/1/204 1440/1/283 1439/1/495
f 1441/1/488 1442/1/81 1443/1/3
f 1444/1/489 1441/1/488 1443/1/3
f 1445/1/490 1444/1/489 1443/1/3
f 1446/1/491 1445/1/490 1443/1/3
f 1442/1/104 1446/1/491 1443/1/3
f 1441/1/488 1447/1/492 1448/1/181 1442/1/81
f 1444/1/489 1449/1/493 1447/1/492 1441/1/488
f 1445/1/490 1450/1/494 1449/1/493 1444/1/489
f 1446/1/491 1451/1/495 1450/1/494 1445/1/490
f 1442/1/104 1448/1/204 1451/1/495 1446/1/491
f 1447/1/492 1452/1/280 1448/1/181
f 1449/1/493 1452/1/280 1447/1/492
f 1450/1/494 1452/1/281 1449/1/493
f 1451/1/495 1452/1/282 1450/1/494
f 1448/1/204 1452/1/283 1451/1/495
f 1453/1/488 1454/1/81 1455/1/3
f 1456/1/489 1453/1/488 1455/1/3
f 1457/1/490 1456/1/489 1455/1/3
f 1458/1/491 1457/1/490 1455/1/3
f 1454/1/104 1458/1/491 1455/1/3
f 1453/1/488 1459/1/492 1460/1/181 1454/1/81
f 1456/1/489 1461/1/493 1459/1/492 1453/1/488
f 1457/1/490 1462/1/494 1461/1/493 1456/1/489
f 1458/1/491 1463/1/495 1462/1/494 1457/1/490
f 1454/1/104 1460/1/204 1463/1/495 1458/1/491
f 1459/1/492 1464/1/280 1460/1/181
f 1461/1/493 1464/1/280 1459/1/492
f 1462/1/494 1464/1/281 1461/1/493
f 1463/1/495 1464/1/282 1462/1/494
f 1460/1/204 1464/1/283 1463/1/495
f 1465/1/338 1466/1/338 1467/1/338 1468/1/338
usemtl violet
f 1469/1/341 1470/1/341 1471/1/341 1472/1/341
f 1465/1/502 1469/1/502 1472/1/502 1466/1/502
f 1468/1/503 1467/1/503 1471/1/503 1470/1/503
usemtl lilac
f 1466/1/338 1473/1/338 1474/1/338 1467/1/338
usemtl violet
f 1472/1/339 1471/1/339 1475/1/339 1476/1/339
f 1466/1/343 1472/1/343 1476/1/343 1473/1/343
f 1467/1/363 1474/1/363 1475/1/363 1471/1/363
usemtl lilac
f 1473/1/340 1477/1/340 1478/1/340 1474/1/340
usemtl violet
f 1476/1/341 1475/1/341 1479/1/341 1480/1/341
f 1473/1/344 1476/1/344 1480/1/344 1477/1/344
f 1474/1/362 1478/1/362 1479/1/362 1475/1/362
usemtl lilac
f 1477/1/340 1481/1/340 1482/1/340 1478/1/340
usemtl violet
f 1480/1/339 1479/1/339 1483/1/339 1484/1/339
f 1477/1/345 1480/1/345 1484/1/345 1481/1/345
f 1478/1/361 1482/1/361 1483/1/361 1479/1/361
usemtl lilac
f 1481/1/340 1465/1/340 1468/1/340 1482/1/340
usemtl violet
f 1484/1/339 1483/1/339 1470/1/339 1469/1/339
f 1481/1/346 1484/1/346 1469/1/346 1465/1/346
f 1482/1/365 1468/1/365 1470/1/365 1483/1/365
usemtl lilac
f 1485/1/488 1486/1/81 1487/1/3
f 1488/1/489 1485/1/488 1487/1/3
f 1489/1/490 1488/1/489 1487/1/3
f 1490/1/491 1489/1/490 1487/1/3
f 1486/1/104 1490/1/491 1487/1/3
f 1485/1/488 1491/1/492 1492/1/181 1486/1/81
f 1488/1/489 1493/1/493 1491/1/492 1485/1/488
f 1489/1/490 1494/1/494 1493/1/493 1488/1/489
f 1490/1/491 1495/1/495 1494/1/494 1489/1/490
f 1486/1/104 1492/1/204 1495/1/495 1490/1/491
f 1491/1/492 1496/1/280 1492/1/181
f 1493/1/493 1496/1/280 1491/1/492
f 1494/1/494 1496/1/281 1493/1/493
f 1495/1/495 1496/1/282 1494/1/494
f 1492/1/204 1496/1/283 1495/1/495
f 1497/1/488 1498/1/81 1499/1/3
f 1500/1/489 1497/1/488 1499/1/3
f 1501/1/490 1500/1/489 1499/1/3
f 1502/1/491 1501/1/490 1499/1/3
f 1498/1/104 1502/1/491 1499/1/3
f 1497/1/488 1503/1/492 1504/1/181 1498/1/81
f 1500/1/489 1505/1/493 1503/1/492 1497/1/488
f 1501/1/490 1506/1/494 1505/1/493 1500/1/489
f 1502/1/491 1507/1/495 1506/1/494 1501/1/490
f 1498/1/104 1504/1/204 1507/1/495 1502/1/491
f 1503/1/492 1508/1/280 1504/1/181
f 1505/1/493 1508/1/280 1503/1/492
f 1506/1/494 1508/1/281 1505/1/493
f 1507/1/495 1508/1/282 1506/1/494
f 1504/1/204 1508/1/283 1507/1/495
f 1509/1/488 1510/1/81 1511/1/3
f 1512/1/489 1509/1/488 1511/1/3
f 1513/1/490 1512/1/489 1511/1/3
f 1514/1/491 1513/1/490 1511/1/3
f 1510/1/104 1514/1/491 1511/1/3
f 1509/1/488 1515/1/492 1516/1/181 1510/1/81
f 1512/1/489 1517/1/493 1515/1/492 1509/1/488
f 1513/1/490 1518/1/494 1517/1/493 1512/1/489
f 1514/1/491 1519/1/495 1518/1/494 1513/1/490
f 1510/1/104 1516/1/204 1519/1/495 1514/1/491
f 1515/1/492 1520/1/280 1516/1/181
f 1517/1/493 1520/1/280 1515/1/492
f 1518/1/494 1520/1/281 1517/1/493
f 1519/1/495 1520/1/282 1518/1/494
f 1516/1/204 1520/1/283 1519/1/495
f 1521/1/488 1522/1/81 1523/1/3
f 1524/1/489 1521/1/488 1523/1/3
f 1525/1/490 1524/1/489 1523/1/3
f 1526/1/491 1525/1/490 1523/1/3
f 1522/1/104 1526/1/491 1523/1/3
f 1521/1/488 1527/1/492 1528/1/181 1522/1/81
f 1524/1/489 1529/1/493 1527/1/492 1521/1/488
f 1525/1/490 1530/1/494 1529/1/493 1524/1/489
f 1526/1/491 1531/1/495 1530/1/494 1525/1/490
f 1522/1/104 1528/1/204 1531/1/495 1526/1/491
f 1527/1/492 1532/1/280 1528/1/181
f 1529/1/493 1532/1/280 1527/1/492
f 1530/1/494 1532/1/281 1529/1/493
f 1531/1/495 1532/1/282 1530/1/494
f 1528/1/204 1532/1/283 1531/1/495
f 1533/1/488 1534/1/81 1535/1/3
f 1536/1/489 1533/1/488 1535/1/3
f 1537/1/490 1536/1/489 1535/1/3
f 1538/1/491 1537/1/490 1535/1/3
f 1534/1/104 1538/1/491 1535/1/3
f 1533/1/488 1539/1/492 1540/1/181 1534/1/81
f 1536/1/489 1541/1/493 1539/1/492 1533/1/488
f 1537/1/490 1542/1/494 1541/1/493 1536/1/489
f 1538/1/491 1543/1/495 1542/1/494 1537/1/490
f 1534/1/104 1540/1/204 1543/1/495 1538/1/491
f 1539/1/492 1544/1/280 1540/1/181
f 1541/1/493 1544/1/280 1539/1/492
f 1542/1/494 1544/1/281 1541/1/493
f 1543/1/495 1544/1/282 1542/1/494
f 1540/1/204 1544/1/283 1543/1/495
f 1545/1/347 1546/1/347 1547/1/347 1548/1/347
usemtl violet
f 1549/1/348 1550/1/348 1551/1/348 1552/1/348
f 1545/1/351 1549/1/351 1552/1/351 1546/1/351
f 1548/1/359 1547/1/359 1551/1/359 1550/1/359
usemtl lilac
f 1546/1/350 1553/1/350 1554/1/350 1547/1/350
usemtl violet
f 1552/1/348 1551/1/348 1555/1/348 1556/1/348
f 1546/1/352 1552/1/352 1556/1/352 1553/1/352
f 1547/1/358 1554/1/358 1555/1/358 1551/1/358
usemtl lilac
f 1553/1/347 1557/1/347 1558/1/347 1554/1/347
usemtl violet
f 1556/1/349 1555/1/349 1559/1/349 1560/1/349
f 1553/1/353 1556/1/353 1560/1/353 1557/1/353
f 1554/1/357 1558/1/357 1559/1/357 1555/1/357
usemtl lilac
f 1557/1/347 1561/1/347 1562/1/347 1558/1/347
usemtl violet
f 1560/1/348 1559/1/348 1563/1/348 1564/1/348
f 1557/1/354 1560/1/354 1564/1/354 1561/1/354
f 1558/1/356 1562/1/356 1563/1/356 1559/1/356
usemtl lilac
f 1561/1/347 1545/1/347 1548/1/347 1562/1/347
usemtl violet
f 1564/1/348 1563/1/348 1550/1/348 1549/1/348
f 1561/1/355 1564/1/355 1549/1/355 1545/1/355
f 1562/1/360 1548/1/360 1550/1/360 1563/1/360
usemtl lilac
f 1565/1/488 1566/1/81 1567/1/3
f 1568/1/489 1565/1/488 1567/1/3
f 1569/1/490 1568/1/489 1567/1/3
f 1570/1/491 1569/1/490 1567/1/3
f 1566/1/104 1570/1/491 1567/1/3
f 1565/1/488 1571/1/492 1572/1/181 1566/1/81
f 1568/1/489 1573/1/493 1571/1/492 1565/1/488
f 1569/1/490 1574/1/494 1573/1/493 1568/1/489
f 1570/1/491 1575/1/495 1574/1/494 1569/1/490
f 1566/1/104 1572/1/204 1575/1/495 1570/1/491
f 1571/1/492 1576/1/280 1572/1/181
f 1573/1/493 1576/1/280 1571/1/492
f 1574/1/494 1576/1/281 1573/1/493
f 1575/1/495 1576/1/282 1574/1/494
f 1572/1/204 1576/1/283 1575/1/495
f 1577/1/488 1578/1/81 1579/1/3
f 1580/1/489 1577/1/488 1579/1/3
f 1581/1/490 1580/1/489 1579/1/3
f 1582/1/491 1581/1/490 1579/1/3
f 1578/1/104 1582/1/491 1579/1/3
f 1577/1/488 1583/1/492 1584/1/181 1578/1/81
f 1580/1/489 1585/1/493 1583/1/492 1577/1/488
f 1581/1/490 1586/1/494 1585/1/493 1580/1/489
f 1582/1/491 1587/1/495 1586/1/494 1581/1/490
f 1578/1/104 1584/1/204 1587/1/495 1582/1/491
f 1583/1/492 1588/1/280 1584/1/181
f 1585/1/493 1588/1/280 1583/1/492
f 1586/1/494 1588/1/281 1585/1/493
f 1587/1/495 1588/1/282 1586/1/494
f 1584/1/204 1588/1/283 1587/1/495
f 1589/1/488 1590/1/81 1591/1/3
f 1592/1/489 1589/1/488 1591/1/3
f 1593/1/490 1592/1/489 1591/1/3
f 1594/1/491 1593/1/490 1591/1/3
f 1590/1/104 1594/1/491 1591/1/3
f 1589/1/488 1595/1/492 1596/1/181 1590/1/81
f 1592/1/489 1597/1/493 1595/1/492 1589/1/488
f 1593/1/490 1598/1/494 1597/1/493 1592/1/489
f 1594/1/491 1599/1/495 1598/1/494 1593/1/490
f 1590/1/104 1596/1/204 1599/1/495 1594/1/491
f 1595/1/492 1600/1/280 1596/1/181
f 1597/1/493 1600/1/280 1595/1/492
f 1598/1/494 1600/1/281 1597/1/493
f 1599/1/495 1600/1/282 1598/1/494
f 1596/1/204 1600/1/283 1599/1/495
f 1601/1/488 1602/1/81 1603/1/3
f 1604/1/489 1601/1/488 1603/1/3
f 1605/1/490 1604/1/489 1603/1/3
f 1606/1/491 1605/1/490 1603/1/3
f 1602/1/104 1606/1/491 1603/1/3
f 1601/1/488 1607/1/492 1608/1/181 1602/1/81
f 1604/1/489 1609/1/493 1607/1/492 1601/1/488
f 1605/1/490 1610/1/494 1609/1/493 1604/1/489
f 1606/1/491 1611/1/495 1610/1/494 1605/1/490
f 1602/1/104 1608/1/204 1611/1/495 1606/1/491
f 1607/1/492 1612/1/280 1608/1/181
f 1609/1/493 1612/1/280 1607/1/492
f 1610/1/494 1612/1/281 1609/1/493
f 1611/1/495 1612/1/282 1610/1/494
f 1608/1/204 1612/1/283 1611/1/495
f 1613/1/488 1614/1/81 1615/1/3
f 1616/1/489 1613/1/488 1615/1/3
f 1617/1/490 1616/1/489 1615/1/3
f 1618/1/491 1617/1/490 1615/1/3
f 1614/1/104 1618/1/491 1615/1/3
f 1613/1/488 1619/1/492 1620/1/181 1614/1/81
f 1616/1/489 1621/1/493 1619/1/492 1613/1/488
f 1617/1/490 1622/1/494 1621/1/493 1616/1/489
f 1618/1/491 1623/1/495 1622/1/494 1617/1/490
f 1614/1/104 1620/1/204 1623/1/495 1618/1/491
f 1619/1/492 1624/1/280 1620/1/181
f 1621/1/493 1624/1/280 1619/1/492
f 1622/1/494 1624/1/281 1621/1/493
f 1623/1/495 1624/1/282 1622/1/494
f 1620/1/204 1624/1/283 1623/1/495
f 1625/1/348 1626/1/348 1627/1/348 1628/1/348
usemtl violet
f 1629/1/350 1630/1/350 1631/1/350 1632/1/350
f 1625/1/356 1629/1/356 1632/1/356 1626/1/356
f 1628/1/354 1627/1/354 1631/1/354 1630/1/354
usemtl lilac
f 1626/1/348 1633/1/348 1634/1/348 1627/1/348
usemtl violet
f 1632/1/347 1631/1/347 1635/1/347 1636/1/347
f 1626/1/357 1632/1/357 1636/1/357 1633/1/357
f 1627/1/353 1634/1/353 1635/1/353 1631/1/353
usemtl lilac
f 1633/1/348 1637/1/348 1638/1/348 1634/1/348
usemtl violet
f 1636/1/347 1635/1/347 1639/1/347 1640/1/347
f 1633/1/358 1636/1/358 1640/1/358 1637/1/358
f 1634/1/352 1638/1/352 1639/1/352 1635/1/352
usemtl lilac
f 1637/1/348 1641/1/348 1642/1/348 1638/1/348
usemtl violet
f 1640/1/347 1639/1/347 1643/1/347 1644/1/347
f 1637/1/504 1640/1/504 1644/1/504 1641/1/504
f 1638/1/351 1642/1/351 1643/1/351 1639/1/351
usemtl lilac
f 1641/1/349 1625/1/349 1628/1/349 1642/1/349
usemtl violet
f 1644/1/347 1643/1/347 1630/1/347 1629/1/347
f 1641/1/360 1644/1/360 1629/1/360 1625/1/360
f 1642/1/355 1628/1/355 1630/1/355 1643/1/355
usemtl lilac
f 1645/1/488 1646/1/81 1647/1/3
f 1648/1/489 1645/1/488 1647/1/3
f 1649/1/490 1648/1/489 1647/1/3
f 1650/1/491 1649/1/490 1647/1/3
f 1646/1/104 1650/1/491 1647/1/3
f 1645/1/488 1651/1/492 1652/1/181 1646/1/81
f 1648/1/489 1653/1/493 1651/1/492 1645/1/488
f 1649/1/490 1654/1/494 1653/1/493 1648/1/489
f 1650/1/491 1655/1/495 1654/1/494 1649/1/490
f 1646/1/104 1652/1/204 1655/1/495 1650/1/491
f 1651/1/492 1656/1/280 1652/1/181
f 1653/1/493 1656/1/280 1651/1/492
f 1654/1/494 1656/1/281 1653/1/493
f 1655/1/495 1656/1/282 1654/1/494
f 1652/1/204 1656/1/283 1655/1/495
f 1657/1/488 1658/1/81 1659/1/3
f 1660/1/489 1657/1/488 1659/1/3
f 1661/1/490 1660/1/489 1659/1/3
f 1662/1/491 1661/1/490 1659/1/3
f 1658/1/104 1662/1/491 1659/1/3
f 1657/1/488 1663/1/492 1664/1/181 1658/1/81
f 1660/1/489 1665/1/493 1663/1/492 1657/1/488
f 1661/1/490 1666/1/494 1665/1/493 1660/1/489
f 1662/1/491 1667/1/495 1666/1/494 1661/1/490
f 1658/1/104 1664/1/204 1667/1/495 1662/1/491
f 1663/1/492 1668/1/280 1664/1/181
f 1665/1/493 1668/1/280 1663/1/492
f 1666/1/494 1668/1/281 1665/1/493
f 1667/1/495 1668/1/282 1666/1/494
f 1664/1/204 1668/1/283 1667/1/495
f 1669/1/488 1670/1/81 1671/1/3
f 1672/1/489 1669/1/488 1671/1/3
f 1673/1/490 1672/1/489 1671/1/3
f 1674/1/491 1673/1/490 1671/1/3
f 1670/1/104 1674/1/491 1671/1/3
f 1669/1/488 1675/1/492 1676/1/181 1670/1/81
f 1672/1/489 1677/1/493 1675/1/492 1669/1/488
f 1673/1/490 1678/1/494 1677/1/493 1672/1/489
f 1674/1/491 1679/1/495 1678/1/494 1673/1/490
f 1670/1/104 1676/1/204 1679/1/495 1674/1/491
f 1675/1/492 1680/1/280 1676/1/181
f 1677/1/493 1680/1/280 1675/1/492
f 1678/1/494 1680/1/281 1677/1/493
f 1679/1/495 1680/1/282 1678/1/494
f 1676/1/204 1680/1/283 1679/1/495
f 1681/1/488 1682/1/81 1683/1/3
f 1684/1/489 1681/1/488 1683/1/3
f 1685/1/490 1684/1/489 1683/1/3
f 1686/1/491 1685/1/490 1683/1/3
f 1682/1/104 1686/1/491 1683/1/3
f 1681/1/488 1687/1/492 1688/1/181 1682/1/81
f 1684/1/489 1689/1/493 1687/1/492 1681/1/488
f 1685/1/490 1690/1/494 1689/1/493 1684/1/489
f 1686/1/491 1691/1/495 1690/1/494 1685/1/490
f 1682/1/104 1688/1/204 1691/1/495 1686/1/491
f 1687/1/492 1692/1/280 1688/1/181
f 1689/1/493 1692/1/280 1687/1/492
f 1690/1/494 1692/1/281 1689/1/493
f 1691/1/495 1692/1/282 1690/1/494
f 1688/1/204 1692/1/283 1691/1/495
f 1693/1/488 1694/1/81 1695/1/3
f 1696/1/489 1693/1/488 1695/1/3
f 1697/1/490 1696/1/489 1695/1/3
f 1698/1/491 1697/1/490 1695/1/3
f 1694/1/104 1698/1/491 1695/1/3
f 1693/1/488 1699/1/492 1700/1/181 1694/1/81
f 1696/1/489 1701/1/493 1699/1/492 1693/1/488
f 1697/1/490 1702/1/494 1701/1/493 1696/1/489
f 1698/1/491 1703/1/495 1702/1/494 1697/1/490
f 1694/1/104 1700/1/204 1703/1/495 1698/1/491
f 1699/1/492 1704/1/280 1700/1/181
f 1701/1/493 1704/1/280 1699/1/492
f 1702/1/494 1704/1/281 1701/1/493
f 1703/1/495 1704/1/282 1702/1/494
f 1700/1/204 1704/1/283 1703/1/495
f 1705/1/339 1706/1/339 1707/1/339 1708/1/339
usemtl violet
f 1709/1/338 1710/1/338 1711/1/338 1712/1/338
f 1705/1/361 1709/1/361 1712/1/361 1706/1/361
f 1708/1/345 1707/1/345 1711/1/345 1710/1/345
usemtl lilac
f 1706/1/339 1713/1/339 1714/1/339 1707/1/339
usemtl violet
f 1712/1/340 1711/1/340 1715/1/340 1716/1/340
f 1706/1/362 1712/1/362 1716/1/362 1713/1/362
f 1707/1/344 1714/1/344 1715/1/344 1711/1/344
usemtl lilac
f 1713/1/339 1717/1/339 1718/1/339 1714/1/339
usemtl violet
f 1716/1/340 1715/1/340 1719/1/340 1720/1/340
f 1713/1/363 1716/1/363 1720/1/363 1717/1/363
f 1714/1/343 1718/1/343 1719/1/343 1715/1/343
usemtl lilac
f 1717/1/339 1721/1/339 1722/1/339 1718/1/339
usemtl violet
f 1720/1/338 1719/1/338 1723/1/338 1724/1/338
f 1717/1/503 1720/1/503 1724/1/503 1721/1/503
f 1718/1/502 1722/1/502 1723/1/502 1719/1/502
usemtl lilac
f 1721/1/341 1705/1/341 1708/1/341 1722/1/341
usemtl violet
f 1724/1/340 1723/1/340 1710/1/340 1709/1/340
f 1721/1/365 1724/1/365 1709/1/365 1705/1/365
f 1722/1/346 1708/1/346 1710/1/346 1723/1/346
usemtl lilac
f 1725/1/488 1726/1/81 1727/1/3
f 1728/1/489 1725/1/488 1727/1/3
f 1729/1/490 1728/1/489 1727/1/3
f 1730/1/491 1729/1/490 1727/1/3
f 1726/1/104 1730/1/491 1727/1/3
f 1725/1/488 1731/1/492 1732/1/181 1726/1/81
f 1728/1/489 1733/1/493 1731/1/492 1725/1/488
f 1729/1/490 1734/1/494 1733/1/493 1728/1/489
f 1730/1/491 1735/1/495 1734/1/494 1729/1/490
f 1726/1/104 1732/1/204 1735/1/495 1730/1/491
f 1731/1/492 1736/1/280 1732/1/181
f 1733/1/493 1736/1/280 1731/1/492
f 1734/1/494 1736/1/281 1733/1/493
f 1735/1/495 1736/1/282 1734/1/494
f 1732/1/204 1736/1/283 1735/1/495
f 1737/1/488 1738/1/81 1739/1/3
f 1740/1/489 1737/1/488 1739/1/3
f 1741/1/490 1740/1/489 1739/1/3
f 1742/1/491 1741/1/490 1739/1/3
f 1738/1/104 1742/1/491 1739/1/3
f 1737/1/488 1743/1/492 1744/1/181 1738/1/81
f 1740/1/489 1745/1/493 1743/1/492 1737/1/488
f 1741/1/490 1746/1/494 1745/1/493 1740/1/489
f 1742/1/491 1747/1/495 1746/1/494 1741/1/490
f 1738/1/104 1744/1/204 1747/1/495 1742/1/491
f 1743/1/492 1748/1/280 1744/1/181
f 1745/1/493 1748/1/280 1743/1/492
f 1746/1/494 1748/1/281 1745/1/493
f 1747/1/495 1748/1/282 1746/1/494
f 1744/1/204 1748/1/283 1747/1/495
f 1749/1/488 1750/1/81 1751/1/3
f 1752/1/489 1749/1/488 1751/1/3
f 1753/1/490 1752/1/489 1751/1/3
f 1754/1/491 1753/1/490 1751/1/3
f 1750/1/104 1754/1/491 1751/1/3
f 1749/1/488 1755/1/492 1756/1/181 1750/1/81
f 1752/1/489 1757/1/493 1755/1/492 1749/1/488
f 1753/1/490 1758/1/494 1757/1/493 1752/1/489
f 1754/1/491 1759/1/495 1758/1/494 1753/1/490
f 1750/1/104 1756/1/204 1759/1/495 1754/1/491
f 1755/1/492 1760/1/280 1756/1/181
f 1757/1/493 1760/1/280 1755/1/492
f 1758/1/494 1760/1/281 1757/1/493
f 1759/1/495 1760/1/282 1758/1/494
f 1756/1/204 1760/1/283 1759/1/495
f 1761/1/488 1762/1/81 1763/1/3
f 1764/1/489 1761/1/488 1763/1/3
f 1765/1/490 1764/1/489 1763/1/3
f 1766/1/491 1765/1/490 1763/1/3
f 1762/1/104 1766/1/491 1763/1/3
f 1761/1/488 1767/1/492 1768/1/181 1762/1/81
f 1764/1/489 1769/1/493 1767/1/492 1761/1/488
f 1765/1/490 1770/1/494 1769/1/493 1764/1/489
f 1766/1/491 1771/1/495 1770/1/494 1765/1/490
f 1762/1/104 1768/1/204 1771/1/495 1766/1/491
f 1767/1/492 1772/1/280 1768/1/181
f 1769/1/493 1772/1/280 1767/1/492
f 1770/1/494 1772/1/281 1769/1/493
f 1771/1/495 1772/1/282 1770/1/494
f 1768/1/204 1772/1/283 1771/1/495
f 1773/1/488 1774/1/81 1775/1/3
f 1776/1/489 1773/1/488 1775/1/3
f 1777/1/490 1776/1/489 1775/1/3
f 1778/1/491 1777/1/490 1775/1/3
f 1774/1/104 1778/1/491 1775/1/3
f 1773/1/488 1779/1/492 1780/1/181 1774/1/81
f 1776/1/489 1781/1/493 1779/1/492 1773/1/488
f 1777/1/490 1782/1/494 1781/1/493 1776/1/489
f 1778/1/491 1783/1/495 1782/1/494 1777/1/490
f 1774/1/104 1780/1/204 1783/1/495 1778/1/491
f 1779/1/492 1784/1/280 1780/1/181
f 1781/1/493 1784/1/280 1779/1/492
f 1782/1/494 1784/1/281 1781/1/493
f 1783/1/495 1784/1/282 1782/1/494
f 1780/1/204 1784/1/283 1783/1/495
g shell_0
usemtl armor
f 1785/1/284 1786/1/284 1787/1/284
usemtl obsidian
f 1788/1/285 1789/1/285 1790/1/285
usemtl armor
f 1785/1/284 1787/1/284 1791/1/284
usemtl obsidian
f 1788/1/285 1792/1/285 1789/1/285
usemtl armor
f 1785/1/286 1791/1/286 1793/1/286
usemtl obsidian
f 1788/1/285 1794/1/285 1792/1/285
f 1788/1/287 1790/1/287 1786/1/287 1785/1/287
f 1790/1/288 1789/1/288 1787/1/288 1786/1/288
f 1789/1/289 1792/1/289 1791/1/289 1787/1/289
f 1792/1/290 1794/1/290 1793/1/290 1791/1/290
f 1794/1/291 1788/1/291 1785/1/291 1793/1/291
f 1795/1/284 1796/1/284 1797/1/284
usemtl armor_edge
f 1798/1/285 1799/1/285 1800/1/285
usemtl obsidian
f 1795/1/284 1797/1/284 1801/1/284
usemtl armor_edge
f 1798/1/285 1802/1/285 1799/1/285
usemtl obsidian
f 1795/1/286 1801/1/286 1803/1/286
usemtl armor_edge
f 1798/1/285 1804/1/285 1802/1/285
f 1798/1/287 1800/1/287 1796/1/287 1795/1/287
f 1800/1/288 1799/1/288 1797/1/288 1796/1/288
f 1799/1/289 1802/1/289 1801/1/289 1797/1/289
f 1802/1/290 1804/1/290 1803/1/290 1801/1/290
f 1804/1/291 1798/1/291 1795/1/291 1803/1/291
usemtl violet
f 1805/1/284 1806/1/284 1807/1/284 1808/1/284
usemtl armor_edge
f 1809/1/285 1810/1/285 1811/1/285 1812/1/285
f 1805/1/287 1809/1/287 1812/1/287 1806/1/287
f 1808/1/310 1807/1/310 1811/1/310 1810/1/310
usemtl violet
f 1806/1/286 1813/1/286 1814/1/286 1807/1/286
usemtl armor_edge
f 1812/1/306 1811/1/306 1815/1/306 1816/1/306
f 1806/1/288 1812/1/288 1816/1/288 1813/1/288
f 1807/1/309 1814/1/309 1815/1/309 1811/1/309
usemtl violet
f 1813/1/284 1817/1/284 1818/1/284 1814/1/284
usemtl armor_edge
f 1816/1/306 1815/1/306 1819/1/306 1820/1/306
f 1813/1/289 1816/1/289 1820/1/289 1817/1/289
f 1814/1/308 1818/1/308 1819/1/308 1815/1/308
usemtl violet
f 1817/1/286 1821/1/286 1822/1/286 1818/1/286
usemtl armor_edge
f 1820/1/285 1819/1/285 1823/1/285 1824/1/285
f 1817/1/486 1820/1/486 1824/1/486 1821/1/486
f 1818/1/487 1822/1/487 1823/1/487 1819/1/487
usemtl violet
f 1821/1/284 1805/1/284 1808/1/284 1822/1/284
usemtl armor_edge
f 1824/1/306 1823/1/306 1810/1/306 1809/1/306
f 1821/1/291 1824/1/291 1809/1/291 1805/1/291
f 1822/1/311 1808/1/311 1810/1/311 1823/1/311
usemtl violet
f 1825/1/286 1826/1/286 1827/1/286
usemtl armor_edge
f 1828/1/306 1829/1/306 1830/1/306
usemtl violet
f 1831/1/286 1825/1/286 1827/1/286
usemtl armor_edge
f 1829/1/306 1832/1/306 1830/1/306
f 1827/1/505 1826/1/505 1828/1/505 1830/1/505
f 1826/1/308 1825/1/308 1829/1/308 1828/1/308
f 1825/1/506 1831/1/506 1832/1/506 1829/1/506
f 1831/1/289 1827/1/289 1830/1/289 1832/1/289
usemtl violet
f 1833/1/284 1834/1/284 1835/1/284
usemtl armor_edge
f 1836/1/285 1837/1/285 1838/1/285
usemtl violet
f 1839/1/284 1833/1/284 1835/1/284
usemtl armor_edge
f 1837/1/285 1840/1/285 1838/1/285
f 1835/1/507 1834/1/507 1836/1/507 1838/1/507
f 1834/1/311 1833/1/311 1837/1/311 1836/1/311
f 1833/1/508 1839/1/508 1840/1/508 1837/1/508
f 1839/1/291 1835/1/291 1838/1/291 1840/1/291
usemtl violet
f 1841/1/284 1842/1/284 1843/1/284
usemtl armor_edge
f 1844/1/285 1845/1/285 1846/1/285
usemtl violet
f 1847/1/284 1841/1/284 1843/1/284
usemtl armor_edge
f 1845/1/285 1848/1/285 1846/1/285
f 1843/1/509 1842/1/509 1844/1/509 1846/1/509
f 1842/1/309 1841/1/309 1845/1/309 1844/1/309
f 1841/1/510 1847/1/510 1848/1/510 1845/1/510
f 1847/1/288 1843/1/288 1846/1/288 1848/1/288
usemtl obsidian
f 1849/1/285 1850/1/285 1851/1/285
f 1849/1/285 1852/1/285 1850/1/285
f 1849/1/285 1853/1/285 1852/1/285
f 1849/1/285 1854/1/285 1853/1/285
f 1849/1/285 1855/1/285 1854/1/285
f 1849/1/285 1856/1/285 1855/1/285
f 1849/1/285 1857/1/285 1856/1/285
f 1849/1/285 1858/1/285 1857/1/285
f 1849/1/285 1859/1/285 1858/1/285
f 1849/1/285 1860/1/285 1859/1/285
f 1849/1/285 1861/1/285 1860/1/285
f 1849/1/285 1851/1/285 1861/1/285
f 1851/1/511 1850/1/511 1862/1/511 1863/1/511
f 1850/1/512 1852/1/512 1864/1/512 1862/1/512
f 1852/1/513 1853/1/513 1865/1/513 1864/1/513
f 1853/1/514 1854/1/514 1866/1/514 1865/1/514
f 1854/1/515 1855/1/515 1867/1/515 1866/1/515
f 1855/1/516 1856/1/516 1868/1/516 1867/1/516
f 1856/1/517 1857/1/517 1869/1/517 1868/1/517
f 1857/1/518 1858/1/518 1870/1/518 1869/1/518
f 1858/1/519 1859/1/519 1871/1/519 1870/1/519
f 1859/1/520 1860/1/520 1872/1/520 1871/1/520
f 1860/1/521 1861/1/521 1873/1/521 1872/1/521
f 1861/1/522 1851/1/522 1863/1/522 1873/1/522
f 1863/1/523 1862/1/523 1874/1/523 1875/1/523
f 1862/1/524 1864/1/524 1876/1/524 1874/1/524
f 1864/1/525 1865/1/525 1877/1/525 1876/1/525
f 1865/1/526 1866/1/526 1878/1/526 1877/1/526
f 1866/1/527 1867/1/527 1879/1/527 1878/1/527
f 1867/1/528 1868/1/528 1880/1/528 1879/1/528
f 1868/1/529 1869/1/529 1881/1/529 1880/1/529
f 1869/1/530 1870/1/530 1882/1/530 1881/1/530
f 1870/1/531 1871/1/531 1883/1/531 1882/1/531
f 1871/1/532 1872/1/532 1884/1/532 1883/1/532
f 1872/1/533 1873/1/533 1885/1/533 1884/1/533
f 1873/1/534 1863/1/534 1875/1/534 1885/1/534
f 1875/1/535 1874/1/535 1886/1/535 1887/1/535
f 1874/1/536 1876/1/536 1888/1/536 1886/1/536
f 1876/1/537 1877/1/537 1889/1/537 1888/1/537
f 1877/1/538 1878/1/538 1890/1/538 1889/1/538
f 1878/1/539 1879/1/539 1891/1/539 1890/1/539
f 1879/1/540 1880/1/540 1892/1/540 1891/1/540
f 1880/1/541 1881/1/541 1893/1/541 1892/1/541
f 1881/1/542 1882/1/542 1894/1/542 1893/1/542
f 1882/1/543 1883/1/543 1895/1/543 1894/1/543
f 1883/1/544 1884/1/544 1896/1/544 1895/1/544
f 1884/1/545 1885/1/545 1897/1/545 1896/1/545
f 1885/1/546 1875/1/546 1887/1/546 1897/1/546
f 1887/1/286 1886/1/286 1898/1/286 1899/1/286
f 1886/1/286 1888/1/286 1900/1/286 1898/1/286
f 1888/1/286 1889/1/286 1901/1/286 1900/1/286
f 1889/1/286 1890/1/286 1902/1/286 1901/1/286
f 1890/1/286 1891/1/286 1903/1/286 1902/1/286
f 1891/1/286 1892/1/286 1904/1/286 1903/1/286
f 1892/1/286 1893/1/286 1905/1/286 1904/1/286
f 1893/1/286 1894/1/286 1906/1/286 1905/1/286
f 1894/1/286 1895/1/286 1907/1/286 1906/1/286
f 1895/1/286 1896/1/286 1908/1/286 1907/1/286
f 1896/1/286 1897/1/286 1909/1/286 1908/1/286
f 1897/1/286 1887/1/286 1899/1/286 1909/1/286
f 1899/1/529 1898/1/529 1910/1/529 1911/1/529
f 1898/1/530 1900/1/530 1912/1/530 1910/1/530
f 1900/1/531 1901/1/531 1913/1/531 1912/1/531
f 1901/1/532 1902/1/532 1914/1/532 1913/1/532
f 1902/1/533 1903/1/533 1915/1/533 1914/1/533
f 1903/1/534 1904/1/534 1916/1/534 1915/1/534
f 1904/1/523 1905/1/523 1917/1/523 1916/1/523
f 1905/1/524 1906/1/524 1918/1/524 1917/1/524
f 1906/1/525 1907/1/525 1919/1/525 1918/1/525
f 1907/1/526 1908/1/526 1920/1/526 1919/1/526
f 1908/1/527 1909/1/527 1921/1/527 1920/1/527
f 1909/1/528 1899/1/528 1911/1/528 1921/1/528
f 1911/1/286 1910/1/286 1922/1/286
f 1910/1/286 1912/1/286 1922/1/286
f 1912/1/286 1913/1/286 1922/1/286
f 1913/1/286 1914/1/286 1922/1/286
f 1914/1/286 1915/1/286 1922/1/286
f 1915/1/286 1916/1/286 1922/1/286
f 1916/1/286 1917/1/286 1922/1/286
f 1917/1/286 1918/1/286 1922/1/286
f 1918/1/286 1919/1/286 1922/1/286
f 1919/1/286 1920/1/286 1922/1/286
f 1920/1/286 1921/1/286 1922/1/286
f 1921/1/286 1911/1/286 1922/1/286
usemtl armor_edge
f 1923/1/547 1924/1/547 1925/1/547 1926/1/547
f 1924/1/548 1927/1/548 1928/1/548 1925/1/548
f 1927/1/549 1929/1/549 1930/1/549 1928/1/549
f 1929/1/550 1931/1/550 1932/1/550 1930/1/550
f 1931/1/551 1933/1/551 1934/1/551 1932/1/551
f 1933/1/552 1935/1/552 1936/1/552 1934/1/552
f 1935/1/553 1937/1/553 1938/1/553 1936/1/553
f 1937/1/554 1939/1/554 1940/1/554 1938/1/554
f 1939/1/555 1941/1/555 1942/1/555 1940/1/555
f 1941/1/556 1943/1/556 1944/1/556 1942/1/556
f 1943/1/557 1945/1/557 1946/1/557 1944/1/557
f 1945/1/558 1923/1/558 1926/1/558 1946/1/558
f 1926/1/523 1925/1/523 1947/1/523 1948/1/523
f 1925/1/524 1928/1/524 1949/1/524 1947/1/524
f 1928/1/525 1930/1/525 1950/1/525 1949/1/525
f 1930/1/526 1932/1/526 1951/1/526 1950/1/526
f 1932/1/527 1934/1/527 1952/1/527 1951/1/527
f 1934/1/528 1936/1/528 1953/1/528 1952/1/528
f 1936/1/529 1938/1/529 1954/1/529 1953/1/529
f 1938/1/530 1940/1/530 1955/1/530 1954/1/530
f 1940/1/531 1942/1/531 1956/1/531 1955/1/531
f 1942/1/532 1944/1/532 1957/1/532 1956/1/532
f 1944/1/533 1946/1/533 1958/1/533 1957/1/533
f 1946/1/534 1926/1/534 1948/1/534 1958/1/534
f 1948/1/559 1947/1/559 1959/1/559 1960/1/559
f 1947/1/560 1949/1/560 1961/1/560 1959/1/560
f 1949/1/561 1950/1/561 1962/1/561 1961/1/561
f 1950/1/562 1951/1/562 1963/1/562 1962/1/562
f 1951/1/563 1952/1/563 1964/1/563 1963/1/563
f 1952/1/564 1953/1/564 1965/1/564 1964/1/564
f 1953/1/565 1954/1/565 1966/1/565 1965/1/565
f 1954/1/566 1955/1/566 1967/1/566 1966/1/566
f 1955/1/567 1956/1/567 1968/1/567 1967/1/567
f 1956/1/568 1957/1/568 1969/1/568 1968/1/568
f 1957/1/569 1958/1/569 1970/1/569 1969/1/569
f 1958/1/570 1948/1/570 1960/1/570 1970/1/570
f 1960/1/529 1959/1/529 1924/1/529 1923/1/529
f 1959/1/530 1961/1/530 1927/1/530 1924/1/530
f 1961/1/531 1962/1/531 1929/1/531 1927/1/531
f 1962/1/532 1963/1/532 1931/1/532 1929/1/532
f 1963/1/533 1964/1/533 1933/1/533 1931/1/533
f 1964/1/534 1965/1/534 1935/1/534 1933/1/534
f 1965/1/523 1966/1/523 1937/1/523 1935/1/523
f 1966/1/524 1967/1/524 1939/1/524 1937/1/524
f 1967/1/525 1968/1/525 1941/1/525 1939/1/525
f 1968/1/526 1969/1/526 1943/1/526 1941/1/526
f 1969/1/527 1970/1/527 1945/1/527 1943/1/527
f 1970/1/528 1960/1/528 1923/1/528 1945/1/528
usemtl violet
f 1971/1/285 1972/1/285 1973/1/285
f 1971/1/285 1974/1/285 1972/1/285
f 1971/1/285 1975/1/285 1974/1/285
f 1971/1/285 1976/1/285 1975/1/285
f 1971/1/285 1977/1/285 1976/1/285
f 1971/1/285 1978/1/285 1977/1/285
f 1971/1/285 1979/1/285 1978/1/285
f 1971/1/285 1980/1/285 1979/1/285
f 1971/1/285 1981/1/285 1980/1/285
f 1971/1/285 1982/1/285 1981/1/285
f 1971/1/285 1983/1/285 1982/1/285
f 1971/1/285 1973/1/285 1983/1/285
f 1973/1/523 1972/1/523 1984/1/523 1985/1/523
f 1972/1/524 1974/1/524 1986/1/524 1984/1/524
f 1974/1/525 1975/1/525 1987/1/525 1986/1/525
f 1975/1/526 1976/1/526 1988/1/526 1987/1/526
f 1976/1/527 1977/1/527 1989/1/527 1988/1/527
f 1977/1/528 1978/1/528 1990/1/528 1989/1/528
f 1978/1/529 1979/1/529 1991/1/529 1990/1/529
f 1979/1/530 1980/1/530 1992/1/530 1991/1/530
f 1980/1/531 1981/1/531 1993/1/531 1992/1/531
f 1981/1/532 1982/1/532 1994/1/532 1993/1/532
f 1982/1/533 1983/1/533 1995/1/533 1994/1/533
f 1983/1/534 1973/1/534 1985/1/534 1995/1/534
f 1985/1/286 1984/1/286 1996/1/286
f 1984/1/286 1986/1/286 1996/1/286
f 1986/1/286 1987/1/286 1996/1/286
f 1987/1/286 1988/1/286 1996/1/286
f 1988/1/286 1989/1/286 1996/1/286
f 1989/1/286 1990/1/286 1996/1/286
f 1990/1/286 1991/1/286 1996/1/286
f 1991/1/286 1992/1/286 1996/1/286
f 1992/1/286 1993/1/286 1996/1/286
f 1993/1/286 1994/1/286 1996/1/286
f 1994/1/286 1995/1/286 1996/1/286
f 1995/1/286 1985/1/286 1996/1/286
usemtl armor_edge
f 1997/1/284 1998/1/284 1999/1/284
usemtl obsidian
f 2000/1/285 2001/1/285 2002/1/285
usemtl armor_edge
f 1997/1/286 1999/1/286 2003/1/286
usemtl obsidian
f 2000/1/285 2004/1/285 2001/1/285
f 2000/1/307 2002/1/307 1998/1/307 1997/1/307
f 2002/1/571 2001/1/571 1999/1/571 1998/1/571
f 2001/1/290 2004/1/290 2003/1/290 1999/1/290
f 2004/1/154 2000/1/154 1997/1/154 2003/1/154
usemtl lilac
f 2005/1/284 2006/1/284 2007/1/284
usemtl obsidian
f 2008/1/285 2009/1/285 2010/1/285
usemtl lilac
f 2005/1/286 2007/1/286 2011/1/286
usemtl obsidian
f 2008/1/285 2012/1/285 2009/1/285
f 2008/1/307 2010/1/307 2006/1/307 2005/1/307
f 2010/1/571 2009/1/571 2007/1/571 2006/1/571
f 2009/1/290 2012/1/290 2011/1/290 2007/1/290
f 2012/1/154 2008/1/154 2005/1/154 2011/1/154
usemtl armor_edge
f 2013/1/284 2014/1/284 2015/1/284
usemtl obsidian
f 2016/1/285 2017/1/285 2018/1/285
usemtl armor_edge
f 2013/1/286 2015/1/286 2019/1/286
usemtl obsidian
f 2016/1/285 2020/1/285 2017/1/285
f 2016/1/307 2018/1/307 2014/1/307 2013/1/307
f 2018/1/571 2017/1/571 2015/1/571 2014/1/571
f 2017/1/290 2020/1/290 2019/1/290 2015/1/290
f 2020/1/154 2016/1/154 2013/1/154 2019/1/154
usemtl lilac
f 2021/1/284 2022/1/284 2023/1/284
usemtl obsidian
f 2024/1/285 2025/1/285 2026/1/285
usemtl lilac
f 2021/1/286 2023/1/286 2027/1/286
usemtl obsidian
f 2024/1/285 2028/1/285 2025/1/285
f 2024/1/307 2026/1/307 2022/1/307 2021/1/307
f 2026/1/571 2025/1/571 2023/1/571 2022/1/571
f 2025/1/290 2028/1/290 2027/1/290 2023/1/290
f 2028/1/154 2024/1/154 2021/1/154 2027/1/154
usemtl armor_edge
f 2029/1/284 2030/1/284 2031/1/284
usemtl obsidian
f 2032/1/285 2033/1/285 2034/1/285
usemtl armor_edge
f 2029/1/286 2031/1/286 2035/1/286
usemtl obsidian
f 2032/1/285 2036/1/285 2033/1/285
f 2032/1/307 2034/1/307 2030/1/307 2029/1/307
f 2034/1/571 2033/1/571 2031/1/571 2030/1/571
f 2033/1/290 2036/1/290 2035/1/290 2031/1/290
f 2036/1/154 2032/1/154 2029/1/154 2035/1/154
usemtl lilac
f 2037/1/284 2038/1/284 2039/1/284
usemtl obsidian
f 2040/1/285 2041/1/285 2042/1/285
usemtl lilac
f 2037/1/286 2039/1/286 2043/1/286
usemtl obsidian
f 2040/1/285 2044/1/285 2041/1/285
f 2040/1/307 2042/1/307 2038/1/307 2037/1/307
f 2042/1/571 2041/1/571 2039/1/571 2038/1/571
f 2041/1/290 2044/1/290 2043/1/290 2039/1/290
f 2044/1/154 2040/1/154 2037/1/154 2043/1/154
usemtl armor_edge
f 2045/1/284 2046/1/284 2047/1/284
usemtl obsidian
f 2048/1/285 2049/1/285 2050/1/285
usemtl armor_edge
f 2045/1/286 2047/1/286 2051/1/286
usemtl obsidian
f 2048/1/285 2052/1/285 2049/1/285
f 2048/1/307 2050/1/307 2046/1/307 2045/1/307
f 2050/1/571 2049/1/571 2047/1/571 2046/1/571
f 2049/1/290 2052/1/290 2051/1/290 2047/1/290
f 2052/1/154 2048/1/154 2045/1/154 2051/1/154
usemtl lilac
f 2053/1/284 2054/1/284 2055/1/284
usemtl obsidian
f 2056/1/285 2057/1/285 2058/1/285
usemtl lilac
f 2053/1/286 2055/1/286 2059/1/286
usemtl obsidian
f 2056/1/285 2060/1/285 2057/1/285
f 2056/1/307 2058/1/307 2054/1/307 2053/1/307
f 2058/1/571 2057/1/571 2055/1/571 2054/1/571
f 2057/1/290 2060/1/290 2059/1/290 2055/1/290
f 2060/1/154 2056/1/154 2053/1/154 2059/1/154
usemtl armor_edge
f 2061/1/284 2062/1/284 2063/1/284
usemtl obsidian
f 2064/1/285 2065/1/285 2066/1/285
usemtl armor_edge
f 2061/1/286 2063/1/286 2067/1/286
usemtl obsidian
f 2064/1/285 2068/1/285 2065/1/285
f 2064/1/307 2066/1/307 2062/1/307 2061/1/307
f 2066/1/571 2065/1/571 2063/1/571 2062/1/571
f 2065/1/290 2068/1/290 2067/1/290 2063/1/290
f 2068/1/154 2064/1/154 2061/1/154 2067/1/154
usemtl lilac
f 2069/1/284 2070/1/284 2071/1/284
usemtl obsidian
f 2072/1/285 2073/1/285 2074/1/285
usemtl lilac
f 2069/1/286 2071/1/286 2075/1/286
usemtl obsidian
f 2072/1/285 2076/1/285 2073/1/285
f 2072/1/307 2074/1/307 2070/1/307 2069/1/307
f 2074/1/571 2073/1/571 2071/1/571 2070/1/571
f 2073/1/290 2076/1/290 2075/1/290 2071/1/290
f 2076/1/154 2072/1/154 2069/1/154 2075/1/154
usemtl lilac
f 2077/1/59 2078/1/56 2079/1/3
f 2080/1/63 2077/1/59 2079/1/3
f 2081/1/67 2080/1/63 2079/1/3
f 2082/1/71 2081/1/67 2079/1/3
f 2083/1/75 2082/1/71 2079/1/3
f 2078/1/79 2083/1/75 2079/1/3
f 2077/1/59 2084/1/134 2085/1/131 2078/1/56
f 2080/1/63 2086/1/138 2084/1/134 2077/1/59
f 2081/1/67 2087/1/142 2086/1/138 2080/1/63
f 2082/1/71 2088/1/146 2087/1/142 2081/1/67
f 2083/1/75 2089/1/150 2088/1/146 2082/1/71
f 2078/1/79 2085/1/154 2089/1/150 2083/1/75
f 2084/1/134 2090/1/209 2091/1/206 2085/1/131
f 2086/1/138 2092/1/213 2090/1/209 2084/1/134
f 2087/1/142 2093/1/217 2092/1/213 2086/1/138
f 2088/1/146 2094/1/221 2093/1/217 2087/1/142
f 2089/1/150 2095/1/225 2094/1/221 2088/1/146
f 2085/1/154 2091/1/229 2095/1/225 2089/1/150
f 2090/1/209 2096/1/280 2091/1/206
f 2092/1/213 2096/1/280 2090/1/209
f 2093/1/217 2096/1/281 2092/1/213
f 2094/1/221 2096/1/281 2093/1/217
f 2095/1/225 2096/1/282 2094/1/221
f 2091/1/229 2096/1/283 2095/1/225
g shell_1
usemtl armor
f 2097/1/292 2098/1/292 2099/1/292
usemtl obsidian
f 2100/1/293 2101/1/293 2102/1/293
usemtl armor
f 2097/1/292 2099/1/292 2103/1/292
usemtl obsidian
f 2100/1/294 2104/1/294 2101/1/294
usemtl armor
f 2097/1/295 2103/1/295 2105/1/295
usemtl obsidian
f 2100/1/293 2106/1/293 2104/1/293
f 2100/1/296 2102/1/296 2098/1/296 2097/1/296
f 2102/1/297 2101/1/297 2099/1/297 2098/1/297
f 2101/1/298 2104/1/298 2103/1/298 2099/1/298
f 2104/1/299 2106/1/299 2105/1/299 2103/1/299
f 2106/1/300 2100/1/300 2097/1/300 2105/1/300
f 2107/1/292 2108/1/292 2109/1/292
usemtl armor_edge
f 2110/1/293 2111/1/293 2112/1/293
usemtl obsidian
f 2107/1/292 2109/1/292 2113/1/292
usemtl armor_edge
f 2110/1/294 2114/1/294 2111/1/294
usemtl obsidian
f 2107/1/295 2113/1/295 2115/1/295
usemtl armor_edge
f 2110/1/293 2116/1/293 2114/1/293
f 2110/1/296 2112/1/296 2108/1/296 2107/1/296
f 2112/1/297 2111/1/297 2109/1/297 2108/1/297
f 2111/1/298 2114/1/298 2113/1/298 2109/1/298
f 2114/1/299 2116/1/299 2115/1/299 2113/1/299
f 2116/1/300 2110/1/300 2107/1/300 2115/1/300
usemtl violet
f 2117/1/292 2118/1/292 2119/1/292 2120/1/292
usemtl armor_edge
f 2121/1/293 2122/1/293 2123/1/293 2124/1/293
f 2117/1/296 2121/1/296 2124/1/296 2118/1/296
f 2120/1/304 2119/1/304 2123/1/304 2122/1/304
usemtl violet
f 2118/1/292 2125/1/292 2126/1/292 2119/1/292
usemtl armor_edge
f 2124/1/294 2123/1/294 2127/1/294 2128/1/294
f 2118/1/297 2124/1/297 2128/1/297 2125/1/297
f 2119/1/303 2126/1/303 2127/1/303 2123/1/303
usemtl violet
f 2125/1/292 2129/1/292 2130/1/292 2126/1/292
usemtl armor_edge
f 2128/1/294 2127/1/294 2131/1/294 2132/1/294
f 2125/1/298 2128/1/298 2132/1/298 2129/1/298
f 2126/1/302 2130/1/302 2131/1/302 2127/1/302
usemtl violet
f 2129/1/295 2133/1/295 2134/1/295 2130/1/295
usemtl armor_edge
f 2132/1/294 2131/1/294 2135/1/294 2136/1/294
f 2129/1/299 2132/1/299 2136/1/299 2133/1/299
f 2130/1/301 2134/1/301 2135/1/301 2131/1/301
usemtl violet
f 2133/1/295 2117/1/295 2120/1/295 2134/1/295
usemtl armor_edge
f 2136/1/293 2135/1/293 2122/1/293 2121/1/293
f 2133/1/300 2136/1/300 2121/1/300 2117/1/300
f 2134/1/305 2120/1/305 2122/1/305 2135/1/305
usemtl violet
f 2137/1/295 2138/1/295 2139/1/295
usemtl armor_edge
f 2140/1/293 2141/1/293 2142/1/293
usemtl violet
f 2143/1/295 2137/1/295 2139/1/295
usemtl armor_edge
f 2141/1/293 2144/1/293 2142/1/293
f 2139/1/572 2138/1/572 2140/1/572 2142/1/572
f 2138/1/302 2137/1/302 2141/1/302 2140/1/302
f 2137/1/573 2143/1/573 2144/1/573 2141/1/573
f 2143/1/298 2139/1/298 2142/1/298 2144/1/298
usemtl violet
f 2145/1/295 2146/1/295 2147/1/295
usemtl armor_edge
f 2148/1/293 2149/1/293 2150/1/293
usemtl violet
f 2151/1/295 2145/1/295 2147/1/295
usemtl armor_edge
f 2149/1/293 2152/1/293 2150/1/293
f 2147/1/574 2146/1/574 2148/1/574 2150/1/574
f 2146/1/305 2145/1/305 2149/1/305 2148/1/305
f 2145/1/575 2151/1/575 2152/1/575 2149/1/575
f 2151/1/300 2147/1/300 2150/1/300 2152/1/300
usemtl violet
f 2153/1/292 2154/1/292 2155/1/292
usemtl armor_edge
f 2156/1/294 2157/1/294 2158/1/294
usemtl violet
f 2159/1/292 2153/1/292 2155/1/292
usemtl armor_edge
f 2157/1/294 2160/1/294 2158/1/294
f 2155/1/576 2154/1/576 2156/1/576 2158/1/576
f 2154/1/303 2153/1/303 2157/1/303 2156/1/303
f 2153/1/577 2159/1/577 2160/1/577 2157/1/577
f 2159/1/297 2155/1/297 2158/1/297 2160/1/297
usemtl obsidian
f 2161/1/293 2162/1/293 2163/1/293
f 2161/1/293 2164/1/293 2162/1/293
f 2161/1/293 2165/1/293 2164/1/293
f 2161/1/293 2166/1/293 2165/1/293
f 2161/1/293 2167/1/293 2166/1/293
f 2161/1/293 2168/1/293 2167/1/293
f 2161/1/293 2169/1/293 2168/1/293
f 2161/1/293 2170/1/293 2169/1/293
f 2161/1/293 2171/1/293 2170/1/293
f 2161/1/293 2172/1/293 2171/1/293
f 2161/1/293 2173/1/293 2172/1/293
f 2161/1/293 2163/1/293 2173/1/293
f 2163/1/578 2162/1/578 2174/1/578 2175/1/578
f 2162/1/579 2164/1/579 2176/1/579 2174/1/579
f 2164/1/580 2165/1/580 2177/1/580 2176/1/580
f 2165/1/581 2166/1/581 2178/1/581 2177/1/581
f 2166/1/582 2167/1/582 2179/1/582 2178/1/582
f 2167/1/583 2168/1/583 2180/1/583 2179/1/583
f 2168/1/584 2169/1/584 2181/1/584 2180/1/584
f 2169/1/585 2170/1/585 2182/1/585 2181/1/585
f 2170/1/586 2171/1/586 2183/1/586 2182/1/586
f 2171/1/587 2172/1/587 2184/1/587 2183/1/587
f 2172/1/588 2173/1/588 2185/1/588 2184/1/588
f 2173/1/589 2163/1/589 2175/1/589 2185/1/589
f 2175/1/590 2174/1/590 2186/1/590 2187/1/590
f 2174/1/591 2176/1/591 2188/1/591 2186/1/591
f 2176/1/592 2177/1/592 2189/1/592 2188/1/592
f 2177/1/593 2178/1/593 2190/1/593 2189/1/593
f 2178/1/594 2179/1/594 2191/1/594 2190/1/594
f 2179/1/595 2180/1/595 2192/1/595 2191/1/595
f 2180/1/596 2181/1/596 2193/1/596 2192/1/596
f 2181/1/597 2182/1/597 2194/1/597 2193/1/597
f 2182/1/598 2183/1/598 2195/1/598 2194/1/598
f 2183/1/599 2184/1/599 2196/1/599 2195/1/599
f 2184/1/600 2185/1/600 2197/1/600 2196/1/600
f 2185/1/601 2175/1/601 2187/1/601 2197/1/601
f 2187/1/602 2186/1/602 2198/1/602 2199/1/602
f 2186/1/603 2188/1/603 2200/1/603 2198/1/603
f 2188/1/604 2189/1/604 2201/1/604 2200/1/604
f 2189/1/605 2190/1/605 2202/1/605 2201/1/605
f 2190/1/606 2191/1/606 2203/1/606 2202/1/606
f 2191/1/607 2192/1/607 2204/1/607 2203/1/607
f 2192/1/608 2193/1/608 2205/1/608 2204/1/608
f 2193/1/609 2194/1/609 2206/1/609 2205/1/609
f 2194/1/610 2195/1/610 2207/1/610 2206/1/610
f 2195/1/611 2196/1/611 2208/1/611 2207/1/611
f 2196/1/612 2197/1/612 2209/1/612 2208/1/612
f 2197/1/613 2187/1/613 2199/1/613 2209/1/613
f 2199/1/292 2198/1/292 2210/1/292 2211/1/292
f 2198/1/292 2200/1/292 2212/1/292 2210/1/292
f 2200/1/292 2201/1/292 2213/1/292 2212/1/292
f 2201/1/292 2202/1/292 2214/1/292 2213/1/292
f 2202/1/292 2203/1/292 2215/1/292 2214/1/292
f 2203/1/292 2204/1/292 2216/1/292 2215/1/292
f 2204/1/292 2205/1/292 2217/1/292 2216/1/292
f 2205/1/292 2206/1/292 2218/1/292 2217/1/292
f 2206/1/292 2207/1/292 2219/1/292 2218/1/292
f 2207/1/292 2208/1/292 2220/1/292 2219/1/292
f 2208/1/292 2209/1/292 2221/1/292 2220/1/292
f 2209/1/292 2199/1/292 2211/1/292 2221/1/292
f 2211/1/596 2210/1/596 2222/1/596 2223/1/596
f 2210/1/597 2212/1/597 2224/1/597 2222/1/597
f 2212/1/598 2213/1/598 2225/1/598 2224/1/598
f 2213/1/599 2214/1/599 2226/1/599 2225/1/599
f 2214/1/600 2215/1/600 2227/1/600 2226/1/600
f 2215/1/601 2216/1/601 2228/1/601 2227/1/601
f 2216/1/590 2217/1/590 2229/1/590 2228/1/590
f 2217/1/591 2218/1/591 2230/1/591 2229/1/591
f 2218/1/592 2219/1/592 2231/1/592 2230/1/592
f 2219/1/593 2220/1/593 2232/1/593 2231/1/593
f 2220/1/594 2221/1/594 2233/1/594 2232/1/594
f 2221/1/595 2211/1/595 2223/1/595 2233/1/595
f 2223/1/292 2222/1/292 2234/1/292
f 2222/1/292 2224/1/292 2234/1/292
f 2224/1/292 2225/1/292 2234/1/292
f 2225/1/292 2226/1/292 2234/1/292
f 2226/1/292 2227/1/292 2234/1/292
f 2227/1/292 2228/1/292 2234/1/292
f 2228/1/292 2229/1/292 2234/1/292
f 2229/1/292 2230/1/292 2234/1/292
f 2230/1/292 2231/1/292 2234/1/292
f 2231/1/292 2232/1/292 2234/1/292
f 2232/1/292 2233/1/292 2234/1/292
f 2233/1/292 2223/1/292 2234/1/292
usemtl armor_edge
f 2235/1/614 2236/1/614 2237/1/614 2238/1/614
f 2236/1/615 2239/1/615 2240/1/615 2237/1/615
f 2239/1/616 2241/1/616 2242/1/616 2240/1/616
f 2241/1/617 2243/1/617 2244/1/617 2242/1/617
f 2243/1/618 2245/1/618 2246/1/618 2244/1/618
f 2245/1/619 2247/1/619 2248/1/619 2246/1/619
f 2247/1/620 2249/1/620 2250/1/620 2248/1/620
f 2249/1/621 2251/1/621 2252/1/621 2250/1/621
f 2251/1/622 2253/1/622 2254/1/622 2252/1/622
f 2253/1/623 2255/1/623 2256/1/623 2254/1/623
f 2255/1/624 2257/1/624 2258/1/624 2256/1/624
f 2257/1/625 2235/1/625 2238/1/625 2258/1/625
f 2238/1/590 2237/1/590 2259/1/590 2260/1/590
f 2237/1/591 2240/1/591 2261/1/591 2259/1/591
f 2240/1/592 2242/1/592 2262/1/592 2261/1/592
f 2242/1/593 2244/1/593 2263/1/593 2262/1/593
f 2244/1/594 2246/1/594 2264/1/594 2263/1/594
f 2246/1/595 2248/1/595 2265/1/595 2264/1/595
f 2248/1/596 2250/1/596 2266/1/596 2265/1/596
f 2250/1/597 2252/1/597 2267/1/597 2266/1/597
f 2252/1/598 2254/1/598 2268/1/598 2267/1/598
f 2254/1/599 2256/1/599 2269/1/599 2268/1/599
f 2256/1/600 2258/1/600 2270/1/600 2269/1/600
f 2258/1/601 2238/1/601 2260/1/601 2270/1/601
f 2260/1/626 2259/1/626 2271/1/626 2272/1/626
f 2259/1/627 2261/1/627 2273/1/627 2271/1/627
f 2261/1/628 2262/1/628 2274/1/628 2273/1/628
f 2262/1/629 2263/1/629 2275/1/629 2274/1/629
f 2263/1/630 2264/1/630 2276/1/630 2275/1/630
f 2264/1/631 2265/1/631 2277/1/631 2276/1/631
f 2265/1/632 2266/1/632 2278/1/632 2277/1/632
f 2266/1/633 2267/1/633 2279/1/633 2278/1/633
f 2267/1/634 2268/1/634 2280/1/634 2279/1/634
f 2268/1/635 2269/1/635 2281/1/635 2280/1/635
f 2269/1/636 2270/1/636 2282/1/636 2281/1/636
f 2270/1/637 2260/1/637 2272/1/637 2282/1/637
f 2272/1/596 2271/1/596 2236/1/596 2235/1/596
f 2271/1/597 2273/1/597 2239/1/597 2236/1/597
f 2273/1/598 2274/1/598 2241/1/598 2239/1/598
f 2274/1/599 2275/1/599 2243/1/599 2241/1/599
f 2275/1/600 2276/1/600 2245/1/600 2243/1/600
f 2276/1/601 2277/1/601 2247/1/601 2245/1/601
f 2277/1/590 2278/1/590 2249/1/590 2247/1/590
f 2278/1/591 2279/1/591 2251/1/591 2249/1/591
f 2279/1/592 2280/1/592 2253/1/592 2251/1/592
f 2280/1/593 2281/1/593 2255/1/593 2253/1/593
f 2281/1/594 2282/1/594 2257/1/594 2255/1/594
f 2282/1/595 2272/1/595 2235/1/595 2257/1/595
usemtl violet
f 2283/1/293 2284/1/293 2285/1/293
f 2283/1/293 2286/1/293 2284/1/293
f 2283/1/293 2287/1/293 2286/1/293
f 2283/1/293 2288/1/293 2287/1/293
f 2283/1/293 2289/1/293 2288/1/293
f 2283/1/293 2290/1/293 2289/1/293
f 2283/1/293 2291/1/293 2290/1/293
f 2283/1/293 2292/1/293 2291/1/293
f 2283/1/293 2293/1/293 2292/1/293
f 2283/1/293 2294/1/293 2293/1/293
f 2283/1/293 2295/1/293 2294/1/293
f 2283/1/293 2285/1/293 2295/1/293
f 2285/1/590 2284/1/590 2296/1/590 2297/1/590
f 2284/1/591 2286/1/591 2298/1/591 2296/1/591
f 2286/1/592 2287/1/592 2299/1/592 2298/1/592
f 2287/1/593 2288/1/593 2300/1/593 2299/1/593
f 2288/1/594 2289/1/594 2301/1/594 2300/1/594
f 2289/1/595 2290/1/595 2302/1/595 2301/1/595
f 2290/1/596 2291/1/596 2303/1/596 2302/1/596
f 2291/1/597 2292/1/597 2304/1/597 2303/1/597
f 2292/1/598 2293/1/598 2305/1/598 2304/1/598
f 2293/1/599 2294/1/599 2306/1/599 2305/1/599
f 2294/1/600 2295/1/600 2307/1/600 2306/1/600
f 2295/1/601 2285/1/601 2297/1/601 2307/1/601
f 2297/1/292 2296/1/292 2308/1/292
f 2296/1/292 2298/1/292 2308/1/292
f 2298/1/292 2299/1/292 2308/1/292
f 2299/1/292 2300/1/292 2308/1/292
f 2300/1/292 2301/1/292 2308/1/292
f 2301/1/292 2302/1/292 2308/1/292
f 2302/1/292 2303/1/292 2308/1/292
f 2303/1/292 2304/1/292 2308/1/292
f 2304/1/292 2305/1/292 2308/1/292
f 2305/1/292 2306/1/292 2308/1/292
f 2306/1/292 2307/1/292 2308/1/292
f 2307/1/292 2297/1/292 2308/1/292
usemtl armor_edge
f 2309/1/292 2310/1/292 2311/1/292
usemtl obsidian
f 2312/1/293 2313/1/293 2314/1/293
usemtl armor_edge
f 2309/1/292 2311/1/292 2315/1/292
usemtl obsidian
f 2312/1/293 2316/1/293 2313/1/293
f 2312/1/296 2314/1/296 2310/1/296 2309/1/296
f 2314/1/571 2313/1/571 2311/1/571 2310/1/571
f 2313/1/496 2316/1/496 2315/1/496 2311/1/496
f 2316/1/154 2312/1/154 2309/1/154 2315/1/154
usemtl lilac
f 2317/1/292 2318/1/292 2319/1/292
usemtl obsidian
f 2320/1/293 2321/1/293 2322/1/293
usemtl lilac
f 2317/1/292 2319/1/292 2323/1/292
usemtl obsidian
f 2320/1/293 2324/1/293 2321/1/293
f 2320/1/296 2322/1/296 2318/1/296 2317/1/296
f 2322/1/571 2321/1/571 2319/1/571 2318/1/571
f 2321/1/496 2324/1/496 2323/1/496 2319/1/496
f 2324/1/154 2320/1/154 2317/1/154 2323/1/154
usemtl armor_edge
f 2325/1/292 2326/1/292 2327/1/292
usemtl obsidian
f 2328/1/293 2329/1/293 2330/1/293
usemtl armor_edge
f 2325/1/292 2327/1/292 2331/1/292
usemtl obsidian
f 2328/1/293 2332/1/293 2329/1/293
f 2328/1/296 2330/1/296 2326/1/296 2325/1/296
f 2330/1/571 2329/1/571 2327/1/571 2326/1/571
f 2329/1/496 2332/1/496 2331/1/496 2327/1/496
f 2332/1/154 2328/1/154 2325/1/154 2331/1/154
usemtl lilac
f 2333/1/292 2334/1/292 2335/1/292
usemtl obsidian
f 2336/1/293 2337/1/293 2338/1/293
usemtl lilac
f 2333/1/292 2335/1/292 2339/1/292
usemtl obsidian
f 2336/1/293 2340/1/293 2337/1/293
f 2336/1/296 2338/1/296 2334/1/296 2333/1/296
f 2338/1/571 2337/1/571 2335/1/571 2334/1/571
f 2337/1/496 2340/1/496 2339/1/496 2335/1/496
f 2340/1/154 2336/1/154 2333/1/154 2339/1/154
usemtl armor_edge
f 2341/1/292 2342/1/292 2343/1/292
usemtl obsidian
f 2344/1/293 2345/1/293 2346/1/293
usemtl armor_edge
f 2341/1/292 2343/1/292 2347/1/292
usemtl obsidian
f 2344/1/293 2348/1/293 2345/1/293
f 2344/1/296 2346/1/296 2342/1/296 2341/1/296
f 2346/1/571 2345/1/571 2343/1/571 2342/1/571
f 2345/1/496 2348/1/496 2347/1/496 2343/1/496
f 2348/1/154 2344/1/154 2341/1/154 2347/1/154
usemtl lilac
f 2349/1/292 2350/1/292 2351/1/292
usemtl obsidian
f 2352/1/293 2353/1/293 2354/1/293
usemtl lilac
f 2349/1/292 2351/1/292 2355/1/292
usemtl obsidian
f 2352/1/293 2356/1/293 2353/1/293
f 2352/1/296 2354/1/296 2350/1/296 2349/1/296
f 2354/1/571 2353/1/571 2351/1/571 2350/1/571
f 2353/1/496 2356/1/496 2355/1/496 2351/1/496
f 2356/1/154 2352/1/154 2349/1/154 2355/1/154
usemtl armor_edge
f 2357/1/292 2358/1/292 2359/1/292
usemtl obsidian
f 2360/1/293 2361/1/293 2362/1/293
usemtl armor_edge
f 2357/1/292 2359/1/292 2363/1/292
usemtl obsidian
f 2360/1/293 2364/1/293 2361/1/293
f 2360/1/296 2362/1/296 2358/1/296 2357/1/296
f 2362/1/571 2361/1/571 2359/1/571 2358/1/571
f 2361/1/496 2364/1/496 2363/1/496 2359/1/496
f 2364/1/154 2360/1/154 2357/1/154 2363/1/154
usemtl lilac
f 2365/1/292 2366/1/292 2367/1/292
usemtl obsidian
f 2368/1/293 2369/1/293 2370/1/293
usemtl lilac
f 2365/1/292 2367/1/292 2371/1/292
usemtl obsidian
f 2368/1/293 2372/1/293 2369/1/293
f 2368/1/296 2370/1/296 2366/1/296 2365/1/296
f 2370/1/571 2369/1/571 2367/1/571 2366/1/571
f 2369/1/496 2372/1/496 2371/1/496 2367/1/496
f 2372/1/154 2368/1/154 2365/1/154 2371/1/154
usemtl armor_edge
f 2373/1/292 2374/1/292 2375/1/292
usemtl obsidian
f 2376/1/293 2377/1/293 2378/1/293
usemtl armor_edge
f 2373/1/292 2375/1/292 2379/1/292
usemtl obsidian
f 2376/1/293 2380/1/293 2377/1/293
f 2376/1/296 2378/1/296 2374/1/296 2373/1/296
f 2378/1/571 2377/1/571 2375/1/571 2374/1/571
f 2377/1/496 2380/1/496 2379/1/496 2375/1/496
f 2380/1/154 2376/1/154 2373/1/154 2379/1/154
usemtl lilac
f 2381/1/292 2382/1/292 2383/1/292
usemtl obsidian
f 2384/1/293 2385/1/293 2386/1/293
usemtl lilac
f 2381/1/292 2383/1/292 2387/1/292
usemtl obsidian
f 2384/1/293 2388/1/293 2385/1/293
f 2384/1/296 2386/1/296 2382/1/296 2381/1/296
f 2386/1/571 2385/1/571 2383/1/571 2382/1/571
f 2385/1/496 2388/1/496 2387/1/496 2383/1/496
f 2388/1/154 2384/1/154 2381/1/154 2387/1/154
usemtl lilac
f 2389/1/59 2390/1/56 2391/1/3
f 2392/1/63 2389/1/59 2391/1/3
f 2393/1/67 2392/1/63 2391/1/3
f 2394/1/71 2393/1/67 2391/1/3
f 2395/1/75 2394/1/71 2391/1/3
f 2390/1/79 2395/1/75 2391/1/3
f 2389/1/59 2396/1/134 2397/1/131 2390/1/56
f 2392/1/63 2398/1/138 2396/1/134 2389/1/59
f 2393/1/67 2399/1/142 2398/1/138 2392/1/63
f 2394/1/71 2400/1/146 2399/1/142 2393/1/67
f 2395/1/75 2401/1/150 2400/1/146 2394/1/71
f 2390/1/79 2397/1/154 2401/1/150 2395/1/75
f 2396/1/134 2402/1/209 2403/1/206 2397/1/131
f 2398/1/138 2404/1/213 2402/1/209 2396/1/134
f 2399/1/142 2405/1/217 2404/1/213 2398/1/138
f 2400/1/146 2406/1/221 2405/1/217 2399/1/142
f 2401/1/150 2407/1/225 2406/1/221 2400/1/146
f 2397/1/154 2403/1/229 2407/1/225 2401/1/150
f 2402/1/209 2408/1/280 2403/1/206
f 2404/1/213 2408/1/280 2402/1/209
f 2405/1/217 2408/1/281 2404/1/213
f 2406/1/221 2408/1/281 2405/1/217
f 2407/1/225 2408/1/282 2406/1/221
f 2403/1/229 2408/1/283 2407/1/225
g shell_2
usemtl armor
f 2409/1/293 2410/1/293 2411/1/293
usemtl obsidian
f 2412/1/292 2413/1/292 2414/1/292
usemtl armor
f 2409/1/293 2411/1/293 2415/1/293
usemtl obsidian
f 2412/1/292 2416/1/292 2413/1/292
usemtl armor
f 2409/1/293 2415/1/293 2417/1/293
usemtl obsidian
f 2412/1/292 2418/1/292 2416/1/292
f 2412/1/301 2414/1/301 2410/1/301 2409/1/301
f 2414/1/302 2413/1/302 2411/1/302 2410/1/302
f 2413/1/303 2416/1/303 2415/1/303 2411/1/303
f 2416/1/304 2418/1/304 2417/1/304 2415/1/304
f 2418/1/305 2412/1/305 2409/1/305 2417/1/305
f 2419/1/293 2420/1/293 2421/1/293
usemtl armor_edge
f 2422/1/292 2423/1/292 2424/1/292
usemtl obsidian
f 2419/1/293 2421/1/293 2425/1/293
usemtl armor_edge
f 2422/1/292 2426/1/292 2423/1/292
usemtl obsidian
f 2419/1/293 2425/1/293 2427/1/293
usemtl armor_edge
f 2422/1/292 2428/1/292 2426/1/292
f 2422/1/301 2424/1/301 2420/1/301 2419/1/301
f 2424/1/302 2423/1/302 2421/1/302 2420/1/302
f 2423/1/303 2426/1/303 2425/1/303 2421/1/303
f 2426/1/304 2428/1/304 2427/1/304 2425/1/304
f 2428/1/305 2422/1/305 2419/1/305 2427/1/305
usemtl violet
f 2429/1/293 2430/1/293 2431/1/293 2432/1/293
usemtl armor_edge
f 2433/1/295 2434/1/295 2435/1/295 2436/1/295
f 2429/1/301 2433/1/301 2436/1/301 2430/1/301
f 2432/1/299 2431/1/299 2435/1/299 2434/1/299
usemtl violet
f 2430/1/294 2437/1/294 2438/1/294 2431/1/294
usemtl armor_edge
f 2436/1/292 2435/1/292 2439/1/292 2440/1/292
f 2430/1/302 2436/1/302 2440/1/302 2437/1/302
f 2431/1/298 2438/1/298 2439/1/298 2435/1/298
usemtl violet
f 2437/1/293 2441/1/293 2442/1/293 2438/1/293
usemtl armor_edge
f 2440/1/292 2439/1/292 2443/1/292 2444/1/292
f 2437/1/303 2440/1/303 2444/1/303 2441/1/303
f 2438/1/297 2442/1/297 2443/1/297 2439/1/297
usemtl violet
f 2441/1/293 2445/1/293 2446/1/293 2442/1/293
usemtl armor_edge
f 2444/1/292 2443/1/292 2447/1/292 2448/1/292
f 2441/1/496 2444/1/496 2448/1/496 2445/1/496
f 2442/1/296 2446/1/296 2447/1/296 2443/1/296
usemtl violet
f 2445/1/293 2429/1/293 2432/1/293 2446/1/293
usemtl armor_edge
f 2448/1/292 2447/1/292 2434/1/292 2433/1/292
f 2445/1/305 2448/1/305 2433/1/305 2429/1/305
f 2446/1/300 2432/1/300 2434/1/300 2447/1/300
usemtl violet
f 2449/1/294 2450/1/294 2451/1/294
usemtl armor_edge
f 2452/1/292 2453/1/292 2454/1/292
usemtl violet
f 2455/1/294 2449/1/294 2451/1/294
usemtl armor_edge
f 2453/1/292 2456/1/292 2454/1/292
f 2451/1/576 2450/1/576 2452/1/576 2454/1/576
f 2450/1/297 2449/1/297 2453/1/297 2452/1/297
f 2449/1/577 2455/1/577 2456/1/577 2453/1/577
f 2455/1/303 2451/1/303 2454/1/303 2456/1/303
usemtl violet
f 2457/1/293 2458/1/293 2459/1/293
usemtl armor_edge
f 2460/1/295 2461/1/295 2462/1/295
usemtl violet
f 2463/1/293 2457/1/293 2459/1/293
usemtl armor_edge
f 2461/1/295 2464/1/295 2462/1/295
f 2459/1/574 2458/1/574 2460/1/574 2462/1/574
f 2458/1/300 2457/1/300 2461/1/300 2460/1/300
f 2457/1/575 2463/1/575 2464/1/575 2461/1/575
f 2463/1/305 2459/1/305 2462/1/305 2464/1/305
usemtl violet
f 2465/1/293 2466/1/293 2467/1/293
usemtl armor_edge
f 2468/1/295 2469/1/295 2470/1/295
usemtl violet
f 2471/1/293 2465/1/293 2467/1/293
usemtl armor_edge
f 2469/1/295 2472/1/295 2470/1/295
f 2467/1/572 2466/1/572 2468/1/572 2470/1/572
f 2466/1/298 2465/1/298 2469/1/298 2468/1/298
f 2465/1/573 2471/1/573 2472/1/573 2469/1/573
f 2471/1/302 2467/1/302 2470/1/302 2472/1/302
usemtl obsidian
f 2473/1/292 2474/1/292 2475/1/292
f 2473/1/292 2476/1/292 2474/1/292
f 2473/1/292 2477/1/292 2476/1/292
f 2473/1/292 2478/1/292 2477/1/292
f 2473/1/292 2479/1/292 2478/1/292
f 2473/1/292 2480/1/292 2479/1/292
f 2473/1/292 2481/1/292 2480/1/292
f 2473/1/292 2482/1/292 2481/1/292
f 2473/1/292 2483/1/292 2482/1/292
f 2473/1/292 2484/1/292 2483/1/292
f 2473/1/292 2485/1/292 2484/1/292
f 2473/1/292 2475/1/292 2485/1/292
f 2475/1/638 2474/1/638 2486/1/638 2487/1/638
f 2474/1/639 2476/1/639 2488/1/639 2486/1/639
f 2476/1/640 2477/1/640 2489/1/640 2488/1/640
f 2477/1/641 2478/1/641 2490/1/641 2489/1/641
f 2478/1/642 2479/1/642 2491/1/642 2490/1/642
f 2479/1/643 2480/1/643 2492/1/643 2491/1/643
f 2480/1/644 2481/1/644 2493/1/644 2492/1/644
f 2481/1/645 2482/1/645 2494/1/645 2493/1/645
f 2482/1/646 2483/1/646 2495/1/646 2494/1/646
f 2483/1/647 2484/1/647 2496/1/647 2495/1/647
f 2484/1/648 2485/1/648 2497/1/648 2496/1/648
f 2485/1/649 2475/1/649 2487/1/649 2497/1/649
f 2487/1/595 2486/1/595 2498/1/595 2499/1/595
f 2486/1/594 2488/1/594 2500/1/594 2498/1/594
f 2488/1/593 2489/1/593 2501/1/593 2500/1/593
f 2489/1/592 2490/1/592 2502/1/592 2501/1/592
f 2490/1/591 2491/1/591 2503/1/591 2502/1/591
f 2491/1/590 2492/1/590 2504/1/590 2503/1/590
f 2492/1/601 2493/1/601 2505/1/601 2504/1/601
f 2493/1/600 2494/1/600 2506/1/600 2505/1/600
f 2494/1/599 2495/1/599 2507/1/599 2506/1/599
f 2495/1/598 2496/1/598 2508/1/598 2507/1/598
f 2496/1/597 2497/1/597 2509/1/597 2508/1/597
f 2497/1/596 2487/1/596 2499/1/596 2509/1/596
f 2499/1/650 2498/1/650 2510/1/650 2511/1/650
f 2498/1/651 2500/1/651 2512/1/651 2510/1/651
f 2500/1/652 2501/1/652 2513/1/652 2512/1/652
f 2501/1/653 2502/1/653 2514/1/653 2513/1/653
f 2502/1/654 2503/1/654 2515/1/654 2514/1/654
f 2503/1/655 2504/1/655 2516/1/655 2515/1/655
f 2504/1/656 2505/1/656 2517/1/656 2516/1/656
f 2505/1/657 2506/1/657 2518/1/657 2517/1/657
f 2506/1/658 2507/1/658 2519/1/658 2518/1/658
f 2507/1/659 2508/1/659 2520/1/659 2519/1/659
f 2508/1/660 2509/1/660 2521/1/660 2520/1/660
f 2509/1/661 2499/1/661 2511/1/661 2521/1/661
f 2511/1/293 2510/1/293 2522/1/293 2523/1/293
f 2510/1/293 2512/1/293 2524/1/293 2522/1/293
f 2512/1/293 2513/1/293 2525/1/293 2524/1/293
f 2513/1/293 2514/1/293 2526/1/293 2525/1/293
f 2514/1/293 2515/1/293 2527/1/293 2526/1/293
f 2515/1/293 2516/1/293 2528/1/293 2527/1/293
f 2516/1/293 2517/1/293 2529/1/293 2528/1/293
f 2517/1/293 2518/1/293 2530/1/293 2529/1/293
f 2518/1/293 2519/1/293 2531/1/293 2530/1/293
f 2519/1/293 2520/1/293 2532/1/293 2531/1/293
f 2520/1/293 2521/1/293 2533/1/293 2532/1/293
f 2521/1/293 2511/1/293 2523/1/293 2533/1/293
f 2523/1/601 2522/1/601 2534/1/601 2535/1/601
f 2522/1/600 2524/1/600 2536/1/600 2534/1/600
f 2524/1/599 2525/1/599 2537/1/599 2536/1/599
f 2525/1/598 2526/1/598 2538/1/598 2537/1/598
f 2526/1/597 2527/1/597 2539/1/597 2538/1/597
f 2527/1/596 2528/1/596 2540/1/596 2539/1/596
f 2528/1/595 2529/1/595 2541/1/595 2540/1/595
f 2529/1/594 2530/1/594 2542/1/594 2541/1/594
f 2530/1/593 2531/1/593 2543/1/593 2542/1/593
f 2531/1/592 2532/1/592 2544/1/592 2543/1/592
f 2532/1/591 2533/1/591 2545/1/591 2544/1/591
f 2533/1/590 2523/1/590 2535/1/590 2545/1/590
f 2535/1/293 2534/1/293 2546/1/293
f 2534/1/293 2536/1/293 2546/1/293
f 2536/1/293 2537/1/293 2546/1/293
f 2537/1/293 2538/1/293 2546/1/293
f 2538/1/293 2539/1/293 2546/1/293
f 2539/1/293 2540/1/293 2546/1/293
f 2540/1/293 2541/1/293 2546/1/293
f 2541/1/293 2542/1/293 2546/1/293
f 2542/1/293 2543/1/293 2546/1/293
f 2543/1/293 2544/1/293 2546/1/293
f 2544/1/293 2545/1/293 2546/1/293
f 2545/1/293 2535/1/293 2546/1/293
usemtl armor_edge
f 2547/1/662 2548/1/662 2549/1/662 2550/1/662
f 2548/1/663 2551/1/663 2552/1/663 2549/1/663
f 2551/1/664 2553/1/664 2554/1/664 2552/1/664
f 2553/1/665 2555/1/665 2556/1/665 2554/1/665
f 2555/1/666 2557/1/666 2558/1/666 2556/1/666
f 2557/1/667 2559/1/667 2560/1/667 2558/1/667
f 2559/1/668 2561/1/668 2562/1/668 2560/1/668
f 2561/1/669 2563/1/669 2564/1/669 2562/1/669
f 2563/1/670 2565/1/670 2566/1/670 2564/1/670
f 2565/1/671 2567/1/671 2568/1/671 2566/1/671
f 2567/1/672 2569/1/672 2570/1/672 2568/1/672
f 2569/1/673 2547/1/673 2550/1/673 2570/1/673
f 2550/1/595 2549/1/595 2571/1/595 2572/1/595
f 2549/1/594 2552/1/594 2573/1/594 2571/1/594
f 2552/1/593 2554/1/593 2574/1/593 2573/1/593
f 2554/1/592 2556/1/592 2575/1/592 2574/1/592
f 2556/1/591 2558/1/591 2576/1/591 2575/1/591
f 2558/1/590 2560/1/590 2577/1/590 2576/1/590
f 2560/1/601 2562/1/601 2578/1/601 2577/1/601
f 2562/1/600 2564/1/600 2579/1/600 2578/1/600
f 2564/1/599 2566/1/599 2580/1/599 2579/1/599
f 2566/1/598 2568/1/598 2581/1/598 2580/1/598
f 2568/1/597 2570/1/597 2582/1/597 2581/1/597
f 2570/1/596 2550/1/596 2572/1/596 2582/1/596
f 2572/1/674 2571/1/674 2583/1/674 2584/1/674
f 2571/1/675 2573/1/675 2585/1/675 2583/1/675
f 2573/1/676 2574/1/676 2586/1/676 2585/1/676
f 2574/1/677 2575/1/677 2587/1/677 2586/1/677
f 2575/1/678 2576/1/678 2588/1/678 2587/1/678
f 2576/1/679 2577/1/679 2589/1/679 2588/1/679
f 2577/1/680 2578/1/680 2590/1/680 2589/1/680
f 2578/1/681 2579/1/681 2591/1/681 2590/1/681
f 2579/1/682 2580/1/682 2592/1/682 2591/1/682
f 2580/1/683 2581/1/683 2593/1/683 2592/1/683
f 2581/1/684 2582/1/684 2594/1/684 2593/1/684
f 2582/1/685 2572/1/685 2584/1/685 2594/1/685
f 2584/1/601 2583/1/601 2548/1/601 2547/1/601
f 2583/1/600 2585/1/600 2551/1/600 2548/1/600
f 2585/1/599 2586/1/599 2553/1/599 2551/1/599
f 2586/1/598 2587/1/598 2555/1/598 2553/1/598
f 2587/1/597 2588/1/597 2557/1/597 2555/1/597
f 2588/1/596 2589/1/596 2559/1/596 2557/1/596
f 2589/1/595 2590/1/595 2561/1/595 2559/1/595
f 2590/1/594 2591/1/594 2563/1/594 2561/1/594
f 2591/1/593 2592/1/593 2565/1/593 2563/1/593
f 2592/1/592 2593/1/592 2567/1/592 2565/1/592
f 2593/1/591 2594/1/591 2569/1/591 2567/1/591
f 2594/1/590 2584/1/590 2547/1/590 2569/1/590
usemtl violet
f 2595/1/292 2596/1/292 2597/1/292
f 2595/1/292 2598/1/292 2596/1/292
f 2595/1/292 2599/1/292 2598/1/292
f 2595/1/292 2600/1/292 2599/1/292
f 2595/1/292 2601/1/292 2600/1/292
f 2595/1/292 2602/1/292 2601/1/292
f 2595/1/292 2603/1/292 2602/1/292
f 2595/1/292 2604/1/292 2603/1/292
f 2595/1/292 2605/1/292 2604/1/292
f 2595/1/292 2606/1/292 2605/1/292
f 2595/1/292 2607/1/292 2606/1/292
f 2595/1/292 2597/1/292 2607/1/292
f 2597/1/595 2596/1/595 2608/1/595 2609/1/595
f 2596/1/594 2598/1/594 2610/1/594 2608/1/594
f 2598/1/593 2599/1/593 2611/1/593 2610/1/593
f 2599/1/592 2600/1/592 2612/1/592 2611/1/592
f 2600/1/591 2601/1/591 2613/1/591 2612/1/591
f 2601/1/590 2602/1/590 2614/1/590 2613/1/590
f 2602/1/601 2603/1/601 2615/1/601 2614/1/601
f 2603/1/600 2604/1/600 2616/1/600 2615/1/600
f 2604/1/599 2605/1/599 2617/1/599 2616/1/599
f 2605/1/598 2606/1/598 2618/1/598 2617/1/598
f 2606/1/597 2607/1/597 2619/1/597 2618/1/597
f 2607/1/596 2597/1/596 2609/1/596 2619/1/596
f 2609/1/293 2608/1/293 2620/1/293
f 2608/1/293 2610/1/293 2620/1/293
f 2610/1/293 2611/1/293 2620/1/293
f 2611/1/293 2612/1/293 2620/1/293
f 2612/1/293 2613/1/293 2620/1/293
f 2613/1/293 2614/1/293 2620/1/293
f 2614/1/293 2615/1/293 2620/1/293
f 2615/1/293 2616/1/293 2620/1/293
f 2616/1/293 2617/1/293 2620/1/293
f 2617/1/293 2618/1/293 2620/1/293
f 2618/1/293 2619/1/293 2620/1/293
f 2619/1/293 2609/1/293 2620/1/293
usemtl armor_edge
f 2621/1/293 2622/1/293 2623/1/293
usemtl obsidian
f 2624/1/292 2625/1/292 2626/1/292
usemtl armor_edge
f 2621/1/293 2623/1/293 2627/1/293
usemtl obsidian
f 2624/1/292 2628/1/292 2625/1/292
f 2624/1/686 2626/1/686 2622/1/686 2621/1/686
f 2626/1/154 2625/1/154 2623/1/154 2622/1/154
f 2625/1/304 2628/1/304 2627/1/304 2623/1/304
f 2628/1/571 2624/1/571 2621/1/571 2627/1/571
usemtl lilac
f 2629/1/293 2630/1/293 2631/1/293
usemtl obsidian
f 2632/1/292 2633/1/292 2634/1/292
usemtl lilac
f 2629/1/293 2631/1/293 2635/1/293
usemtl obsidian
f 2632/1/292 2636/1/292 2633/1/292
f 2632/1/686 2634/1/686 2630/1/686 2629/1/686
f 2634/1/154 2633/1/154 2631/1/154 2630/1/154
f 2633/1/304 2636/1/304 2635/1/304 2631/1/304
f 2636/1/571 2632/1/571 2629/1/571 2635/1/571
usemtl armor_edge
f 2637/1/293 2638/1/293 2639/1/293
usemtl obsidian
f 2640/1/292 2641/1/292 2642/1/292
usemtl armor_edge
f 2637/1/293 2639/1/293 2643/1/293
usemtl obsidian
f 2640/1/292 2644/1/292 2641/1/292
f 2640/1/686 2642/1/686 2638/1/686 2637/1/686
f 2642/1/154 2641/1/154 2639/1/154 2638/1/154
f 2641/1/304 2644/1/304 2643/1/304 2639/1/304
f 2644/1/571 2640/1/571 2637/1/571 2643/1/571
usemtl lilac
f 2645/1/293 2646/1/293 2647/1/293
usemtl obsidian
f 2648/1/292 2649/1/292 2650/1/292
usemtl lilac
f 2645/1/293 2647/1/293 2651/1/293
usemtl obsidian
f 2648/1/292 2652/1/292 2649/1/292
f 2648/1/686 2650/1/686 2646/1/686 2645/1/686
f 2650/1/154 2649/1/154 2647/1/154 2646/1/154
f 2649/1/304 2652/1/304 2651/1/304 2647/1/304
f 2652/1/571 2648/1/571 2645/1/571 2651/1/571
usemtl armor_edge
f 2653/1/293 2654/1/293 2655/1/293
usemtl obsidian
f 2656/1/292 2657/1/292 2658/1/292
usemtl armor_edge
f 2653/1/293 2655/1/293 2659/1/293
usemtl obsidian
f 2656/1/292 2660/1/292 2657/1/292
f 2656/1/686 2658/1/686 2654/1/686 2653/1/686
f 2658/1/154 2657/1/154 2655/1/154 2654/1/154
f 2657/1/304 2660/1/304 2659/1/304 2655/1/304
f 2660/1/571 2656/1/571 2653/1/571 2659/1/571
usemtl lilac
f 2661/1/293 2662/1/293 2663/1/293
usemtl obsidian
f 2664/1/292 2665/1/292 2666/1/292
usemtl lilac
f 2661/1/293 2663/1/293 2667/1/293
usemtl obsidian
f 2664/1/292 2668/1/292 2665/1/292
f 2664/1/686 2666/1/686 2662/1/686 2661/1/686
f 2666/1/154 2665/1/154 2663/1/154 2662/1/154
f 2665/1/304 2668/1/304 2667/1/304 2663/1/304
f 2668/1/571 2664/1/571 2661/1/571 2667/1/571
usemtl armor_edge
f 2669/1/293 2670/1/293 2671/1/293
usemtl obsidian
f 2672/1/292 2673/1/292 2674/1/292
usemtl armor_edge
f 2669/1/293 2671/1/293 2675/1/293
usemtl obsidian
f 2672/1/292 2676/1/292 2673/1/292
f 2672/1/686 2674/1/686 2670/1/686 2669/1/686
f 2674/1/154 2673/1/154 2671/1/154 2670/1/154
f 2673/1/304 2676/1/304 2675/1/304 2671/1/304
f 2676/1/571 2672/1/571 2669/1/571 2675/1/571
usemtl lilac
f 2677/1/293 2678/1/293 2679/1/293
usemtl obsidian
f 2680/1/292 2681/1/292 2682/1/292
usemtl lilac
f 2677/1/293 2679/1/293 2683/1/293
usemtl obsidian
f 2680/1/292 2684/1/292 2681/1/292
f 2680/1/686 2682/1/686 2678/1/686 2677/1/686
f 2682/1/154 2681/1/154 2679/1/154 2678/1/154
f 2681/1/304 2684/1/304 2683/1/304 2679/1/304
f 2684/1/571 2680/1/571 2677/1/571 2683/1/571
usemtl armor_edge
f 2685/1/293 2686/1/293 2687/1/293
usemtl obsidian
f 2688/1/292 2689/1/292 2690/1/292
usemtl armor_edge
f 2685/1/293 2687/1/293 2691/1/293
usemtl obsidian
f 2688/1/292 2692/1/292 2689/1/292
f 2688/1/686 2690/1/686 2686/1/686 2685/1/686
f 2690/1/154 2689/1/154 2687/1/154 2686/1/154
f 2689/1/304 2692/1/304 2691/1/304 2687/1/304
f 2692/1/571 2688/1/571 2685/1/571 2691/1/571
usemtl lilac
f 2693/1/293 2694/1/293 2695/1/293
usemtl obsidian
f 2696/1/292 2697/1/292 2698/1/292
usemtl lilac
f 2693/1/293 2695/1/293 2699/1/293
usemtl obsidian
f 2696/1/292 2700/1/292 2697/1/292
f 2696/1/686 2698/1/686 2694/1/686 2693/1/686
f 2698/1/154 2697/1/154 2695/1/154 2694/1/154
f 2697/1/304 2700/1/304 2699/1/304 2695/1/304
f 2700/1/571 2696/1/571 2693/1/571 2699/1/571
usemtl lilac
f 2701/1/59 2702/1/56 2703/1/3
f 2704/1/63 2701/1/59 2703/1/3
f 2705/1/67 2704/1/63 2703/1/3
f 2706/1/71 2705/1/67 2703/1/3
f 2707/1/75 2706/1/71 2703/1/3
f 2702/1/79 2707/1/75 2703/1/3
f 2701/1/59 2708/1/134 2709/1/131 2702/1/56
f 2704/1/63 2710/1/138 2708/1/134 2701/1/59
f 2705/1/67 2711/1/142 2710/1/138 2704/1/63
f 2706/1/71 2712/1/146 2711/1/142 2705/1/67
f 2707/1/75 2713/1/150 2712/1/146 2706/1/71
f 2702/1/79 2709/1/154 2713/1/150 2707/1/75
f 2708/1/134 2714/1/209 2715/1/206 2709/1/131
f 2710/1/138 2716/1/213 2714/1/209 2708/1/134
f 2711/1/142 2717/1/217 2716/1/213 2710/1/138
f 2712/1/146 2718/1/221 2717/1/217 2711/1/142
f 2713/1/150 2719/1/225 2718/1/221 2712/1/146
f 2709/1/154 2715/1/229 2719/1/225 2713/1/150
f 2714/1/209 2720/1/280 2715/1/206
f 2716/1/213 2720/1/280 2714/1/209
f 2717/1/217 2720/1/281 2716/1/213
f 2718/1/221 2720/1/281 2717/1/217
f 2719/1/225 2720/1/282 2718/1/221
f 2715/1/229 2720/1/283 2719/1/225
g shell_3
usemtl armor
f 2721/1/306 2722/1/306 2723/1/306
usemtl obsidian
f 2724/1/286 2725/1/286 2726/1/286
usemtl armor
f 2721/1/306 2723/1/306 2727/1/306
usemtl obsidian
f 2724/1/286 2728/1/286 2725/1/286
usemtl armor
f 2721/1/285 2727/1/285 2729/1/285
usemtl obsidian
f 2724/1/284 2730/1/284 2728/1/284
f 2724/1/307 2726/1/307 2722/1/307 2721/1/307
f 2726/1/308 2725/1/308 2723/1/308 2722/1/308
f 2725/1/309 2728/1/309 2727/1/309 2723/1/309
f 2728/1/310 2730/1/310 2729/1/310 2727/1/310
f 2730/1/311 2724/1/311 2721/1/311 2729/1/311
f 2731/1/306 2732/1/306 2733/1/306
usemtl armor_edge
f 2734/1/286 2735/1/286 2736/1/286
usemtl obsidian
f 2731/1/306 2733/1/306 2737/1/306
usemtl armor_edge
f 2734/1/286 2738/1/286 2735/1/286
usemtl obsidian
f 2731/1/285 2737/1/285 2739/1/285
usemtl armor_edge
f 2734/1/284 2740/1/284 2738/1/284
f 2734/1/307 2736/1/307 2732/1/307 2731/1/307
f 2736/1/308 2735/1/308 2733/1/308 2732/1/308
f 2735/1/309 2738/1/309 2737/1/309 2733/1/309
f 2738/1/310 2740/1/310 2739/1/310 2737/1/310
f 2740/1/311 2734/1/311 2731/1/311 2739/1/311
usemtl violet
f 2741/1/306 2742/1/306 2743/1/306 2744/1/306
usemtl armor_edge
f 2745/1/286 2746/1/286 2747/1/286 2748/1/286
f 2741/1/487 2745/1/487 2748/1/487 2742/1/487
f 2744/1/486 2743/1/486 2747/1/486 2746/1/486
usemtl violet
f 2742/1/306 2749/1/306 2750/1/306 2743/1/306
usemtl armor_edge
f 2748/1/286 2747/1/286 2751/1/286 2752/1/286
f 2742/1/308 2748/1/308 2752/1/308 2749/1/308
f 2743/1/289 2750/1/289 2751/1/289 2747/1/289
usemtl violet
f 2749/1/306 2753/1/306 2754/1/306 2750/1/306
usemtl armor_edge
f 2752/1/286 2751/1/286 2755/1/286 2756/1/286
f 2749/1/309 2752/1/309 2756/1/309 2753/1/309
f 2750/1/288 2754/1/288 2755/1/288 2751/1/288
usemtl violet
f 2753/1/285 2757/1/285 2758/1/285 2754/1/285
usemtl armor_edge
f 2756/1/286 2755/1/286 2759/1/286 2760/1/286
f 2753/1/310 2756/1/310 2760/1/310 2757/1/310
f 2754/1/287 2758/1/287 2759/1/287 2755/1/287
usemtl violet
f 2757/1/285 2741/1/285 2744/1/285 2758/1/285
usemtl armor_edge
f 2760/1/284 2759/1/284 2746/1/284 2745/1/284
f 2757/1/311 2760/1/311 2745/1/311 2741/1/311
f 2758/1/291 2744/1/291 2746/1/291 2759/1/291
usemtl violet
f 2761/1/285 2762/1/285 2763/1/285
usemtl armor_edge
f 2764/1/284 2765/1/284 2766/1/284
usemtl violet
f 2767/1/285 2761/1/285 2763/1/285
usemtl armor_edge
f 2765/1/284 2768/1/284 2766/1/284
f 2763/1/509 2762/1/509 2764/1/509 2766/1/509
f 2762/1/288 2761/1/288 2765/1/288 2764/1/288
f 2761/1/510 2767/1/510 2768/1/510 2765/1/510
f 2767/1/309 2763/1/309 2766/1/309 2768/1/309
usemtl violet
f 2769/1/285 2770/1/285 2771/1/285
usemtl armor_edge
f 2772/1/284 2773/1/284 2774/1/284
usemtl violet
f 2775/1/285 2769/1/285 2771/1/285
usemtl armor_edge
f 2773/1/284 2776/1/284 2774/1/284
f 2771/1/507 2770/1/507 2772/1/507 2774/1/507
f 2770/1/291 2769/1/291 2773/1/291 2772/1/291
f 2769/1/508 2775/1/508 2776/1/508 2773/1/508
f 2775/1/311 2771/1/311 2774/1/311 2776/1/311
usemtl violet
f 2777/1/306 2778/1/306 2779/1/306
usemtl armor_edge
f 2780/1/286 2781/1/286 2782/1/286
usemtl violet
f 2783/1/306 2777/1/306 2779/1/306
usemtl armor_edge
f 2781/1/286 2784/1/286 2782/1/286
f 2779/1/505 2778/1/505 2780/1/505 2782/1/505
f 2778/1/289 2777/1/289 2781/1/289 2780/1/289
f 2777/1/506 2783/1/506 2784/1/506 2781/1/506
f 2783/1/308 2779/1/308 2782/1/308 2784/1/308
usemtl obsidian
f 2785/1/286 2786/1/286 2787/1/286
f 2785/1/286 2788/1/286 2786/1/286
f 2785/1/286 2789/1/286 2788/1/286
f 2785/1/286 2790/1/286 2789/1/286
f 2785/1/286 2791/1/286 2790/1/286
f 2785/1/286 2792/1/286 2791/1/286
f 2785/1/286 2793/1/286 2792/1/286
f 2785/1/286 2794/1/286 2793/1/286
f 2785/1/286 2795/1/286 2794/1/286
f 2785/1/286 2796/1/286 2795/1/286
f 2785/1/286 2797/1/286 2796/1/286
f 2785/1/286 2787/1/286 2797/1/286
f 2787/1/687 2786/1/687 2798/1/687 2799/1/687
f 2786/1/688 2788/1/688 2800/1/688 2798/1/688
f 2788/1/689 2789/1/689 2801/1/689 2800/1/689
f 2789/1/690 2790/1/690 2802/1/690 2801/1/690
f 2790/1/691 2791/1/691 2803/1/691 2802/1/691
f 2791/1/692 2792/1/692 2804/1/692 2803/1/692
f 2792/1/693 2793/1/693 2805/1/693 2804/1/693
f 2793/1/694 2794/1/694 2806/1/694 2805/1/694
f 2794/1/695 2795/1/695 2807/1/695 2806/1/695
f 2795/1/696 2796/1/696 2808/1/696 2807/1/696
f 2796/1/697 2797/1/697 2809/1/697 2808/1/697
f 2797/1/698 2787/1/698 2799/1/698 2809/1/698
f 2799/1/528 2798/1/528 2810/1/528 2811/1/528
f 2798/1/527 2800/1/527 2812/1/527 2810/1/527
f 2800/1/526 2801/1/526 2813/1/526 2812/1/526
f 2801/1/525 2802/1/525 2814/1/525 2813/1/525
f 2802/1/524 2803/1/524 2815/1/524 2814/1/524
f 2803/1/523 2804/1/523 2816/1/523 2815/1/523
f 2804/1/534 2805/1/534 2817/1/534 2816/1/534
f 2805/1/533 2806/1/533 2818/1/533 2817/1/533
f 2806/1/532 2807/1/532 2819/1/532 2818/1/532
f 2807/1/531 2808/1/531 2820/1/531 2819/1/531
f 2808/1/530 2809/1/530 2821/1/530 2820/1/530
f 2809/1/529 2799/1/529 2811/1/529 2821/1/529
f 2811/1/699 2810/1/699 2822/1/699 2823/1/699
f 2810/1/700 2812/1/700 2824/1/700 2822/1/700
f 2812/1/701 2813/1/701 2825/1/701 2824/1/701
f 2813/1/702 2814/1/702 2826/1/702 2825/1/702
f 2814/1/703 2815/1/703 2827/1/703 2826/1/703
f 2815/1/704 2816/1/704 2828/1/704 2827/1/704
f 2816/1/705 2817/1/705 2829/1/705 2828/1/705
f 2817/1/706 2818/1/706 2830/1/706 2829/1/706
f 2818/1/707 2819/1/707 2831/1/707 2830/1/707
f 2819/1/708 2820/1/708 2832/1/708 2831/1/708
f 2820/1/709 2821/1/709 2833/1/709 2832/1/709
f 2821/1/710 2811/1/710 2823/1/710 2833/1/710
f 2823/1/285 2822/1/285 2834/1/285 2835/1/285
f 2822/1/285 2824/1/285 2836/1/285 2834/1/285
f 2824/1/285 2825/1/285 2837/1/285 2836/1/285
f 2825/1/285 2826/1/285 2838/1/285 2837/1/285
f 2826/1/285 2827/1/285 2839/1/285 2838/1/285
f 2827/1/285 2828/1/285 2840/1/285 2839/1/285
f 2828/1/285 2829/1/285 2841/1/285 2840/1/285
f 2829/1/285 2830/1/285 2842/1/285 2841/1/285
f 2830/1/285 2831/1/285 2843/1/285 2842/1/285
f 2831/1/285 2832/1/285 2844/1/285 2843/1/285
f 2832/1/285 2833/1/285 2845/1/285 2844/1/285
f 2833/1/285 2823/1/285 2835/1/285 2845/1/285
f 2835/1/534 2834/1/534 2846/1/534 2847/1/534
f 2834/1/533 2836/1/533 2848/1/533 2846/1/533
f 2836/1/532 2837/1/532 2849/1/532 2848/1/532
f 2837/1/531 2838/1/531 2850/1/531 2849/1/531
f 2838/1/530 2839/1/530 2851/1/530 2850/1/530
f 2839/1/529 2840/1/529 2852/1/529 2851/1/529
f 2840/1/528 2841/1/528 2853/1/528 2852/1/528
f 2841/1/527 2842/1/527 2854/1/527 2853/1/527
f 2842/1/526 2843/1/526 2855/1/526 2854/1/526
f 2843/1/525 2844/1/525 2856/1/525 2855/1/525
f 2844/1/524 2845/1/524 2857/1/524 2856/1/524
f 2845/1/523 2835/1/523 2847/1/523 2857/1/523
f 2847/1/285 2846/1/285 2858/1/285
f 2846/1/285 2848/1/285 2858/1/285
f 2848/1/285 2849/1/285 2858/1/285
f 2849/1/285 2850/1/285 2858/1/285
f 2850/1/285 2851/1/285 2858/1/285
f 2851/1/285 2852/1/285 2858/1/285
f 2852/1/285 2853/1/285 2858/1/285
f 2853/1/285 2854/1/285 2858/1/285
f 2854/1/285 2855/1/285 2858/1/285
f 2855/1/285 2856/1/285 2858/1/285
f 2856/1/285 2857/1/285 2858/1/285
f 2857/1/285 2847/1/285 2858/1/285
usemtl armor_edge
f 2859/1/711 2860/1/711 2861/1/711 2862/1/711
f 2860/1/712 2863/1/712 2864/1/712 2861/1/712
f 2863/1/713 2865/1/713 2866/1/713 2864/1/713
f 2865/1/714 2867/1/714 2868/1/714 2866/1/714
f 2867/1/715 2869/1/715 2870/1/715 2868/1/715
f 2869/1/716 2871/1/716 2872/1/716 2870/1/716
f 2871/1/717 2873/1/717 2874/1/717 2872/1/717
f 2873/1/718 2875/1/718 2876/1/718 2874/1/718
f 2875/1/719 2877/1/719 2878/1/719 2876/1/719
f 2877/1/720 2879/1/720 2880/1/720 2878/1/720
f 2879/1/721 2881/1/721 2882/1/721 2880/1/721
f 2881/1/722 2859/1/722 2862/1/722 2882/1/722
f 2862/1/528 2861/1/528 2883/1/528 2884/1/528
f 2861/1/527 2864/1/527 2885/1/527 2883/1/527
f 2864/1/526 2866/1/526 2886/1/526 2885/1/526
f 2866/1/525 2868/1/525 2887/1/525 2886/1/525
f 2868/1/524 2870/1/524 2888/1/524 2887/1/524
f 2870/1/523 2872/1/523 2889/1/523 2888/1/523
f 2872/1/534 2874/1/534 2890/1/534 2889/1/534
f 2874/1/533 2876/1/533 2891/1/533 2890/1/533
f 2876/1/532 2878/1/532 2892/1/532 2891/1/532
f 2878/1/531 2880/1/531 2893/1/531 2892/1/531
f 2880/1/530 2882/1/530 2894/1/530 2893/1/530
f 2882/1/529 2862/1/529 2884/1/529 2894/1/529
f 2884/1/723 2883/1/723 2895/1/723 2896/1/723
f 2883/1/724 2885/1/724 2897/1/724 2895/1/724
f 2885/1/725 2886/1/725 2898/1/725 2897/1/725
f 2886/1/726 2887/1/726 2899/1/726 2898/1/726
f 2887/1/727 2888/1/727 2900/1/727 2899/1/727
f 2888/1/728 2889/1/728 2901/1/728 2900/1/728
f 2889/1/729 2890/1/729 2902/1/729 2901/1/729
f 2890/1/730 2891/1/730 2903/1/730 2902/1/730
f 2891/1/731 2892/1/731 2904/1/731 2903/1/731
f 2892/1/732 2893/1/732 2905/1/732 2904/1/732
f 2893/1/733 2894/1/733 2906/1/733 2905/1/733
f 2894/1/734 2884/1/734 2896/1/734 2906/1/734
f 2896/1/534 2895/1/534 2860/1/534 2859/1/534
f 2895/1/533 2897/1/533 2863/1/533 2860/1/533
f 2897/1/532 2898/1/532 2865/1/532 2863/1/532
f 2898/1/531 2899/1/531 2867/1/531 2865/1/531
f 2899/1/530 2900/1/530 2869/1/530 2867/1/530
f 2900/1/529 2901/1/529 2871/1/529 2869/1/529
f 2901/1/528 2902/1/528 2873/1/528 2871/1/528
f 2902/1/527 2903/1/527 2875/1/527 2873/1/527
f 2903/1/526 2904/1/526 2877/1/526 2875/1/526
f 2904/1/525 2905/1/525 2879/1/525 2877/1/525
f 2905/1/524 2906/1/524 2881/1/524 2879/1/524
f 2906/1/523 2896/1/523 2859/1/523 2881/1/523
usemtl violet
f 2907/1/286 2908/1/286 2909/1/286
f 2907/1/286 2910/1/286 2908/1/286
f 2907/1/286 2911/1/286 2910/1/286
f 2907/1/286 2912/1/286 2911/1/286
f 2907/1/286 2913/1/286 2912/1/286
f 2907/1/286 2914/1/286 2913/1/286
f 2907/1/286 2915/1/286 2914/1/286
f 2907/1/286 2916/1/286 2915/1/286
f 2907/1/286 2917/1/286 2916/1/286
f 2907/1/286 2918/1/286 2917/1/286
f 2907/1/286 2919/1/286 2918/1/286
f 2907/1/286 2909/1/286 2919/1/286
f 2909/1/528 2908/1/528 2920/1/528 2921/1/528
f 2908/1/527 2910/1/527 2922/1/527 2920/1/527
f 2910/1/526 2911/1/526 2923/1/526 2922/1/526
f 2911/1/525 2912/1/525 2924/1/525 2923/1/525
f 2912/1/524 2913/1/524 2925/1/524 2924/1/524
f 2913/1/523 2914/1/523 2926/1/523 2925/1/523
f 2914/1/534 2915/1/534 2927/1/534 2926/1/534
f 2915/1/533 2916/1/533 2928/1/533 2927/1/533
f 2916/1/532 2917/1/532 2929/1/532 2928/1/532
f 2917/1/531 2918/1/531 2930/1/531 2929/1/531
f 2918/1/530 2919/1/530 2931/1/530 2930/1/530
f 2919/1/529 2909/1/529 2921/1/529 2931/1/529
f 2921/1/285 2920/1/285 2932/1/285
f 2920/1/285 2922/1/285 2932/1/285
f 2922/1/285 2923/1/285 2932/1/285
f 2923/1/285 2924/1/285 2932/1/285
f 2924/1/285 2925/1/285 2932/1/285
f 2925/1/285 2926/1/285 2932/1/285
f 2926/1/285 2927/1/285 2932/1/285
f 2927/1/285 2928/1/285 2932/1/285
f 2928/1/285 2929/1/285 2932/1/285
f 2929/1/285 2930/1/285 2932/1/285
f 2930/1/285 2931/1/285 2932/1/285
f 2931/1/285 2921/1/285 2932/1/285
usemtl armor_edge
f 2933/1/306 2934/1/306 2935/1/306
usemtl obsidian
f 2936/1/286 2937/1/286 2938/1/286
usemtl armor_edge
f 2933/1/285 2935/1/285 2939/1/285
usemtl obsidian
f 2936/1/286 2940/1/286 2937/1/286
f 2936/1/307 2938/1/307 2934/1/307 2933/1/307
f 2938/1/154 2937/1/154 2935/1/154 2934/1/154
f 2937/1/290 2940/1/290 2939/1/290 2935/1/290
f 2940/1/571 2936/1/571 2933/1/571 2939/1/571
usemtl lilac
f 2941/1/306 2942/1/306 2943/1/306
usemtl obsidian
f 2944/1/286 2945/1/286 2946/1/286
usemtl lilac
f 2941/1/285 2943/1/285 2947/1/285
usemtl obsidian
f 2944/1/286 2948/1/286 2945/1/286
f 2944/1/307 2946/1/307 2942/1/307 2941/1/307
f 2946/1/154 2945/1/154 2943/1/154 2942/1/154
f 2945/1/290 2948/1/290 2947/1/290 2943/1/290
f 2948/1/571 2944/1/571 2941/1/571 2947/1/571
usemtl armor_edge
f 2949/1/306 2950/1/306 2951/1/306
usemtl obsidian
f 2952/1/286 2953/1/286 2954/1/286
usemtl armor_edge
f 2949/1/285 2951/1/285 2955/1/285
usemtl obsidian
f 2952/1/286 2956/1/286 2953/1/286
f 2952/1/307 2954/1/307 2950/1/307 2949/1/307
f 2954/1/154 2953/1/154 2951/1/154 2950/1/154
f 2953/1/290 2956/1/290 2955/1/290 2951/1/290
f 2956/1/571 2952/1/571 2949/1/571 2955/1/571
usemtl lilac
f 2957/1/306 2958/1/306 2959/1/306
usemtl obsidian
f 2960/1/286 2961/1/286 2962/1/286
usemtl lilac
f 2957/1/285 2959/1/285 2963/1/285
usemtl obsidian
f 2960/1/286 2964/1/286 2961/1/286
f 2960/1/307 2962/1/307 2958/1/307 2957/1/307
f 2962/1/154 2961/1/154 2959/1/154 2958/1/154
f 2961/1/290 2964/1/290 2963/1/290 2959/1/290
f 2964/1/571 2960/1/571 2957/1/571 2963/1/571
usemtl armor_edge
f 2965/1/306 2966/1/306 2967/1/306
usemtl obsidian
f 2968/1/286 2969/1/286 2970/1/286
usemtl armor_edge
f 2965/1/285 2967/1/285 2971/1/285
usemtl obsidian
f 2968/1/286 2972/1/286 2969/1/286
f 2968/1/307 2970/1/307 2966/1/307 2965/1/307
f 2970/1/154 2969/1/154 2967/1/154 2966/1/154
f 2969/1/290 2972/1/290 2971/1/290 2967/1/290
f 2972/1/571 2968/1/571 2965/1/571 2971/1/571
usemtl lilac
f 2973/1/306 2974/1/306 2975/1/306
usemtl obsidian
f 2976/1/286 2977/1/286 2978/1/286
usemtl lilac
f 2973/1/285 2975/1/285 2979/1/285
usemtl obsidian
f 2976/1/286 2980/1/286 2977/1/286
f 2976/1/307 2978/1/307 2974/1/307 2973/1/307
f 2978/1/154 2977/1/154 2975/1/154 2974/1/154
f 2977/1/290 2980/1/290 2979/1/290 2975/1/290
f 2980/1/571 2976/1/571 2973/1/571 2979/1/571
usemtl armor_edge
f 2981/1/306 2982/1/306 2983/1/306
usemtl obsidian
f 2984/1/286 2985/1/286 2986/1/286
usemtl armor_edge
f 2981/1/285 2983/1/285 2987/1/285
usemtl obsidian
f 2984/1/286 2988/1/286 2985/1/286
f 2984/1/307 2986/1/307 2982/1/307 2981/1/307
f 2986/1/154 2985/1/154 2983/1/154 2982/1/154
f 2985/1/290 2988/1/290 2987/1/290 2983/1/290
f 2988/1/571 2984/1/571 2981/1/571 2987/1/571
usemtl lilac
f 2989/1/306 2990/1/306 2991/1/306
usemtl obsidian
f 2992/1/286 2993/1/286 2994/1/286
usemtl lilac
f 2989/1/285 2991/1/285 2995/1/285
usemtl obsidian
f 2992/1/286 2996/1/286 2993/1/286
f 2992/1/307 2994/1/307 2990/1/307 2989/1/307
f 2994/1/154 2993/1/154 2991/1/154 2990/1/154
f 2993/1/290 2996/1/290 2995/1/290 2991/1/290
f 2996/1/571 2992/1/571 2989/1/571 2995/1/571
usemtl armor_edge
f 2997/1/306 2998/1/306 2999/1/306
usemtl obsidian
f 3000/1/286 3001/1/286 3002/1/286
usemtl armor_edge
f 2997/1/285 2999/1/285 3003/1/285
usemtl obsidian
f 3000/1/286 3004/1/286 3001/1/286
f 3000/1/307 3002/1/307 2998/1/307 2997/1/307
f 3002/1/154 3001/1/154 2999/1/154 2998/1/154
f 3001/1/290 3004/1/290 3003/1/290 2999/1/290
f 3004/1/571 3000/1/571 2997/1/571 3003/1/571
usemtl lilac
f 3005/1/306 3006/1/306 3007/1/306
usemtl obsidian
f 3008/1/286 3009/1/286 3010/1/286
usemtl lilac
f 3005/1/285 3007/1/285 3011/1/285
usemtl obsidian
f 3008/1/286 3012/1/286 3009/1/286
f 3008/1/307 3010/1/307 3006/1/307 3005/1/307
f 3010/1/154 3009/1/154 3007/1/154 3006/1/154
f 3009/1/290 3012/1/290 3011/1/290 3007/1/290
f 3012/1/571 3008/1/571 3005/1/571 3011/1/571
usemtl lilac
f 3013/1/59 3014/1/56 3015/1/3
f 3016/1/63 3013/1/59 3015/1/3
f 3017/1/67 3016/1/63 3015/1/3
f 3018/1/71 3017/1/67 3015/1/3
f 3019/1/75 3018/1/71 3015/1/3
f 3014/1/79 3019/1/75 3015/1/3
f 3013/1/59 3020/1/134 3021/1/131 3014/1/56
f 3016/1/63 3022/1/138 3020/1/134 3013/1/59
f 3017/1/67 3023/1/142 3022/1/138 3016/1/63
f 3018/1/71 3024/1/146 3023/1/142 3017/1/67
f 3019/1/75 3025/1/150 3024/1/146 3018/1/71
f 3014/1/79 3021/1/154 3025/1/150 3019/1/75
f 3020/1/134 3026/1/209 3027/1/206 3021/1/131
f 3022/1/138 3028/1/213 3026/1/209 3020/1/134
f 3023/1/142 3029/1/217 3028/1/213 3022/1/138
f 3024/1/146 3030/1/221 3029/1/217 3023/1/142
f 3025/1/150 3031/1/225 3030/1/221 3024/1/146
f 3021/1/154 3027/1/229 3031/1/225 3025/1/150
f 3026/1/209 3032/1/280 3027/1/206
f 3028/1/213 3032/1/280 3026/1/209
f 3029/1/217 3032/1/281 3028/1/213
f 3030/1/221 3032/1/281 3029/1/217
f 3031/1/225 3032/1/282 3030/1/221
f 3027/1/229 3032/1/283 3031/1/225
g shell_4
usemtl armor
f 3033/1/312 3034/1/312 3035/1/312
usemtl obsidian
f 3036/1/313 3037/1/313 3038/1/313
usemtl armor
f 3033/1/314 3035/1/314 3039/1/314
usemtl obsidian
f 3036/1/315 3040/1/315 3037/1/315
usemtl armor
f 3033/1/312 3039/1/312 3041/1/312
usemtl obsidian
f 3036/1/313 3042/1/313 3040/1/313
f 3036/1/316 3038/1/316 3034/1/316 3033/1/316
f 3038/1/317 3037/1/317 3035/1/317 3034/1/317
f 3037/1/318 3040/1/318 3039/1/318 3035/1/318
f 3040/1/319 3042/1/319 3041/1/319 3039/1/319
f 3042/1/320 3036/1/320 3033/1/320 3041/1/320
f 3043/1/312 3044/1/312 3045/1/312
usemtl armor_edge
f 3046/1/313 3047/1/313 3048/1/313
usemtl obsidian
f 3043/1/314 3045/1/314 3049/1/314
usemtl armor_edge
f 3046/1/315 3050/1/315 3047/1/315
usemtl obsidian
f 3043/1/312 3049/1/312 3051/1/312
usemtl armor_edge
f 3046/1/313 3052/1/313 3050/1/313
f 3046/1/316 3048/1/316 3044/1/316 3043/1/316
f 3048/1/317 3047/1/317 3045/1/317 3044/1/317
f 3047/1/318 3050/1/318 3049/1/318 3045/1/318
f 3050/1/319 3052/1/319 3051/1/319 3049/1/319
f 3052/1/320 3046/1/320 3043/1/320 3051/1/320
usemtl violet
f 3053/1/312 3054/1/312 3055/1/312 3056/1/312
usemtl armor_edge
f 3057/1/315 3058/1/315 3059/1/315 3060/1/315
f 3053/1/316 3057/1/316 3060/1/316 3054/1/316
f 3056/1/336 3055/1/336 3059/1/336 3058/1/336
usemtl violet
f 3054/1/312 3061/1/312 3062/1/312 3055/1/312
usemtl armor_edge
f 3060/1/313 3059/1/313 3063/1/313 3064/1/313
f 3054/1/317 3060/1/317 3064/1/317 3061/1/317
f 3055/1/335 3062/1/335 3063/1/335 3059/1/335
usemtl violet
f 3061/1/314 3065/1/314 3066/1/314 3062/1/314
usemtl armor_edge
f 3064/1/315 3063/1/315 3067/1/315 3068/1/315
f 3061/1/318 3064/1/318 3068/1/318 3065/1/318
f 3062/1/334 3066/1/334 3067/1/334 3063/1/334
usemtl violet
f 3065/1/312 3069/1/312 3070/1/312 3066/1/312
usemtl armor_edge
f 3068/1/315 3067/1/315 3071/1/315 3072/1/315
f 3065/1/319 3068/1/319 3072/1/319 3069/1/319
f 3066/1/333 3070/1/333 3071/1/333 3067/1/333
usemtl violet
f 3069/1/314 3053/1/314 3056/1/314 3070/1/314
usemtl armor_edge
f 3072/1/313 3071/1/313 3058/1/313 3057/1/313
f 3069/1/497 3072/1/497 3057/1/497 3053/1/497
f 3070/1/498 3056/1/498 3058/1/498 3071/1/498
usemtl violet
f 3073/1/312 3074/1/312 3075/1/312
usemtl armor_edge
f 3076/1/313 3077/1/313 3078/1/313
usemtl violet
f 3079/1/312 3073/1/312 3075/1/312
usemtl armor_edge
f 3077/1/313 3080/1/313 3078/1/313
f 3075/1/735 3074/1/735 3076/1/735 3078/1/735
f 3074/1/334 3073/1/334 3077/1/334 3076/1/334
f 3073/1/736 3079/1/736 3080/1/736 3077/1/736
f 3079/1/318 3075/1/318 3078/1/318 3080/1/318
usemtl violet
f 3081/1/312 3082/1/312 3083/1/312
usemtl armor_edge
f 3084/1/315 3085/1/315 3086/1/315
usemtl violet
f 3087/1/314 3081/1/314 3083/1/314
usemtl armor_edge
f 3085/1/315 3088/1/315 3086/1/315
f 3083/1/3 3082/1/3 3084/1/3 3086/1/3
f 3082/1/498 3081/1/498 3085/1/498 3084/1/498
f 3081/1/280 3087/1/280 3088/1/280 3085/1/280
f 3087/1/497 3083/1/497 3086/1/497 3088/1/497
usemtl violet
f 3089/1/314 3090/1/314 3091/1/314
usemtl armor_edge
f 3092/1/315 3093/1/315 3094/1/315
usemtl violet
f 3095/1/314 3089/1/314 3091/1/314
usemtl armor_edge
f 3093/1/315 3096/1/315 3094/1/315
f 3091/1/737 3090/1/737 3092/1/737 3094/1/737
f 3090/1/335 3089/1/335 3093/1/335 3092/1/335
f 3089/1/738 3095/1/738 3096/1/738 3093/1/738
f 3095/1/317 3091/1/317 3094/1/317 3096/1/317
usemtl obsidian
f 3097/1/313 3098/1/313 3099/1/313
f 3097/1/313 3100/1/313 3098/1/313
f 3097/1/313 3101/1/313 3100/1/313
f 3097/1/313 3102/1/313 3101/1/313
f 3097/1/313 3103/1/313 3102/1/313
f 3097/1/313 3104/1/313 3103/1/313
f 3097/1/313 3105/1/313 3104/1/313
f 3097/1/313 3106/1/313 3105/1/313
f 3097/1/313 3107/1/313 3106/1/313
f 3097/1/313 3108/1/313 3107/1/313
f 3097/1/313 3109/1/313 3108/1/313
f 3097/1/313 3099/1/313 3109/1/313
f 3099/1/739 3098/1/739 3110/1/739 3111/1/739
f 3098/1/740 3100/1/740 3112/1/740 3110/1/740
f 3100/1/741 3101/1/741 3113/1/741 3112/1/741
f 3101/1/742 3102/1/742 3114/1/742 3113/1/742
f 3102/1/743 3103/1/743 3115/1/743 3114/1/743
f 3103/1/744 3104/1/744 3116/1/744 3115/1/744
f 3104/1/745 3105/1/745 3117/1/745 3116/1/745
f 3105/1/746 3106/1/746 3118/1/746 3117/1/746
f 3106/1/747 3107/1/747 3119/1/747 3118/1/747
f 3107/1/748 3108/1/748 3120/1/748 3119/1/748
f 3108/1/749 3109/1/749 3121/1/749 3120/1/749
f 3109/1/750 3099/1/750 3111/1/750 3121/1/750
f 3111/1/751 3110/1/751 3122/1/751 3123/1/751
f 3110/1/752 3112/1/752 3124/1/752 3122/1/752
f 3112/1/753 3113/1/753 3125/1/753 3124/1/753
f 3113/1/754 3114/1/754 3126/1/754 3125/1/754
f 3114/1/755 3115/1/755 3127/1/755 3126/1/755
f 3115/1/756 3116/1/756 3128/1/756 3127/1/756
f 3116/1/757 3117/1/757 3129/1/757 3128/1/757
f 3117/1/758 3118/1/758 3130/1/758 3129/1/758
f 3118/1/759 3119/1/759 3131/1/759 3130/1/759
f 3119/1/760 3120/1/760 3132/1/760 3131/1/760
f 3120/1/761 3121/1/761 3133/1/761 3132/1/761
f 3121/1/762 3111/1/762 3123/1/762 3133/1/762
f 3123/1/763 3122/1/763 3134/1/763 3135/1/763
f 3122/1/764 3124/1/764 3136/1/764 3134/1/764
f 3124/1/765 3125/1/765 3137/1/765 3136/1/765
f 3125/1/766 3126/1/766 3138/1/766 3137/1/766
f 3126/1/767 3127/1/767 3139/1/767 3138/1/767
f 3127/1/768 3128/1/768 3140/1/768 3139/1/768
f 3128/1/769 3129/1/769 3141/1/769 3140/1/769
f 3129/1/770 3130/1/770 3142/1/770 3141/1/770
f 3130/1/771 3131/1/771 3143/1/771 3142/1/771
f 3131/1/772 3132/1/772 3144/1/772 3143/1/772
f 3132/1/773 3133/1/773 3145/1/773 3144/1/773
f 3133/1/774 3123/1/774 3135/1/774 3145/1/774
f 3135/1/314 3134/1/314 3146/1/314 3147/1/314
f 3134/1/314 3136/1/314 3148/1/314 3146/1/314
f 3136/1/314 3137/1/314 3149/1/314 3148/1/314
f 3137/1/314 3138/1/314 3150/1/314 3149/1/314
f 3138/1/314 3139/1/314 3151/1/314 3150/1/314
f 3139/1/314 3140/1/314 3152/1/314 3151/1/314
f 3140/1/314 3141/1/314 3153/1/314 3152/1/314
f 3141/1/314 3142/1/314 3154/1/314 3153/1/314
f 3142/1/314 3143/1/314 3155/1/314 3154/1/314
f 3143/1/314 3144/1/314 3156/1/314 3155/1/314
f 3144/1/314 3145/1/314 3157/1/314 3156/1/314
f 3145/1/314 3135/1/314 3147/1/314 3157/1/314
f 3147/1/757 3146/1/757 3158/1/757 3159/1/757
f 3146/1/758 3148/1/758 3160/1/758 3158/1/758
f 3148/1/759 3149/1/759 3161/1/759 3160/1/759
f 3149/1/760 3150/1/760 3162/1/760 3161/1/760
f 3150/1/761 3151/1/761 3163/1/761 3162/1/761
f 3151/1/762 3152/1/762 3164/1/762 3163/1/762
f 3152/1/751 3153/1/751 3165/1/751 3164/1/751
f 3153/1/752 3154/1/752 3166/1/752 3165/1/752
f 3154/1/753 3155/1/753 3167/1/753 3166/1/753
f 3155/1/754 3156/1/754 3168/1/754 3167/1/754
f 3156/1/755 3157/1/755 3169/1/755 3168/1/755
f 3157/1/756 3147/1/756 3159/1/756 3169/1/756
f 3159/1/314 3158/1/314 3170/1/314
f 3158/1/314 3160/1/314 3170/1/314
f 3160/1/314 3161/1/314 3170/1/314
f 3161/1/314 3162/1/314 3170/1/314
f 3162/1/314 3163/1/314 3170/1/314
f 3163/1/314 3164/1/314 3170/1/314
f 3164/1/314 3165/1/314 3170/1/314
f 3165/1/314 3166/1/314 3170/1/314
f 3166/1/314 3167/1/314 3170/1/314
f 3167/1/314 3168/1/314 3170/1/314
f 3168/1/314 3169/1/314 3170/1/314
f 3169/1/314 3159/1/314 3170/1/314
usemtl armor_edge
f 3171/1/775 3172/1/775 3173/1/775 3174/1/775
f 3172/1/776 3175/1/776 3176/1/776 3173/1/776
f 3175/1/777 3177/1/777 3178/1/777 3176/1/777
f 3177/1/778 3179/1/778 3180/1/778 3178/1/778
f 3179/1/779 3181/1/779 3182/1/779 3180/1/779
f 3181/1/780 3183/1/780 3184/1/780 3182/1/780
f 3183/1/781 3185/1/781 3186/1/781 3184/1/781
f 3185/1/782 3187/1/782 3188/1/782 3186/1/782
f 3187/1/783 3189/1/783 3190/1/783 3188/1/783
f 3189/1/784 3191/1/784 3192/1/784 3190/1/784
f 3191/1/785 3193/1/785 3194/1/785 3192/1/785
f 3193/1/786 3171/1/786 3174/1/786 3194/1/786
f 3174/1/751 3173/1/751 3195/1/751 3196/1/751
f 3173/1/752 3176/1/752 3197/1/752 3195/1/752
f 3176/1/753 3178/1/753 3198/1/753 3197/1/753
f 3178/1/754 3180/1/754 3199/1/754 3198/1/754
f 3180/1/755 3182/1/755 3200/1/755 3199/1/755
f 3182/1/756 3184/1/756 3201/1/756 3200/1/756
f 3184/1/757 3186/1/757 3202/1/757 3201/1/757
f 3186/1/758 3188/1/758 3203/1/758 3202/1/758
f 3188/1/759 3190/1/759 3204/1/759 3203/1/759
f 3190/1/760 3192/1/760 3205/1/760 3204/1/760
f 3192/1/761 3194/1/761 3206/1/761 3205/1/761
f 3194/1/762 3174/1/762 3196/1/762 3206/1/762
f 3196/1/787 3195/1/787 3207/1/787 3208/1/787
f 3195/1/788 3197/1/788 3209/1/788 3207/1/788
f 3197/1/789 3198/1/789 3210/1/789 3209/1/789
f 3198/1/790 3199/1/790 3211/1/790 3210/1/790
f 3199/1/791 3200/1/791 3212/1/791 3211/1/791
f 3200/1/792 3201/1/792 3213/1/792 3212/1/792
f 3201/1/793 3202/1/793 3214/1/793 3213/1/793
f 3202/1/794 3203/1/794 3215/1/794 3214/1/794
f 3203/1/795 3204/1/795 3216/1/795 3215/1/795
f 3204/1/796 3205/1/796 3217/1/796 3216/1/796
f 3205/1/797 3206/1/797 3218/1/797 3217/1/797
f 3206/1/798 3196/1/798 3208/1/798 3218/1/798
f 3208/1/757 3207/1/757 3172/1/757 3171/1/757
f 3207/1/758 3209/1/758 3175/1/758 3172/1/758
f 3209/1/759 3210/1/759 3177/1/759 3175/1/759
f 3210/1/760 3211/1/760 3179/1/760 3177/1/760
f 3211/1/761 3212/1/761 3181/1/761 3179/1/761
f 3212/1/762 3213/1/762 3183/1/762 3181/1/762
f 3213/1/751 3214/1/751 3185/1/751 3183/1/751
f 3214/1/752 3215/1/752 3187/1/752 3185/1/752
f 3215/1/753 3216/1/753 3189/1/753 3187/1/753
f 3216/1/754 3217/1/754 3191/1/754 3189/1/754
f 3217/1/755 3218/1/755 3193/1/755 3191/1/755
f 3218/1/756 3208/1/756 3171/1/756 3193/1/756
usemtl violet
f 3219/1/313 3220/1/313 3221/1/313
f 3219/1/313 3222/1/313 3220/1/313
f 3219/1/313 3223/1/313 3222/1/313
f 3219/1/313 3224/1/313 3223/1/313
f 3219/1/313 3225/1/313 3224/1/313
f 3219/1/313 3226/1/313 3225/1/313
f 3219/1/313 3227/1/313 3226/1/313
f 3219/1/313 3228/1/313 3227/1/313
f 3219/1/313 3229/1/313 3228/1/313
f 3219/1/313 3230/1/313 3229/1/313
f 3219/1/313 3231/1/313 3230/1/313
f 3219/1/313 3221/1/313 3231/1/313
f 3221/1/751 3220/1/751 3232/1/751 3233/1/751
f 3220/1/752 3222/1/752 3234/1/752 3232/1/752
f 3222/1/753 3223/1/753 3235/1/753 3234/1/753
f 3223/1/754 3224/1/754 3236/1/754 3235/1/754
f 3224/1/755 3225/1/755 3237/1/755 3236/1/755
f 3225/1/756 3226/1/756 3238/1/756 3237/1/756
f 3226/1/757 3227/1/757 3239/1/757 3238/1/757
f 3227/1/758 3228/1/758 3240/1/758 3239/1/758
f 3228/1/759 3229/1/759 3241/1/759 3240/1/759
f 3229/1/760 3230/1/760 3242/1/760 3241/1/760
f 3230/1/761 3231/1/761 3243/1/761 3242/1/761
f 3231/1/762 3221/1/762 3233/1/762 3243/1/762
f 3233/1/314 3232/1/314 3244/1/314
f 3232/1/314 3234/1/314 3244/1/314
f 3234/1/314 3235/1/314 3244/1/314
f 3235/1/314 3236/1/314 3244/1/314
f 3236/1/314 3237/1/314 3244/1/314
f 3237/1/314 3238/1/314 3244/1/314
f 3238/1/314 3239/1/314 3244/1/314
f 3239/1/314 3240/1/314 3244/1/314
f 3240/1/314 3241/1/314 3244/1/314
f 3241/1/314 3242/1/314 3244/1/314
f 3242/1/314 3243/1/314 3244/1/314
f 3243/1/314 3233/1/314 3244/1/314
usemtl armor_edge
f 3245/1/314 3246/1/314 3247/1/314
usemtl obsidian
f 3248/1/313 3249/1/313 3250/1/313
usemtl armor_edge
f 3245/1/312 3247/1/312 3251/1/312
usemtl obsidian
f 3248/1/313 3252/1/313 3249/1/313
f 3248/1/282 3250/1/282 3246/1/282 3245/1/282
f 3250/1/337 3249/1/337 3247/1/337 3246/1/337
f 3249/1/18 3252/1/18 3251/1/18 3247/1/18
f 3252/1/320 3248/1/320 3245/1/320 3251/1/320
usemtl lilac
f 3253/1/314 3254/1/314 3255/1/314
usemtl obsidian
f 3256/1/313 3257/1/313 3258/1/313
usemtl lilac
f 3253/1/312 3255/1/312 3259/1/312
usemtl obsidian
f 3256/1/313 3260/1/313 3257/1/313
f 3256/1/282 3258/1/282 3254/1/282 3253/1/282
f 3258/1/337 3257/1/337 3255/1/337 3254/1/337
f 3257/1/18 3260/1/18 3259/1/18 3255/1/18
f 3260/1/320 3256/1/320 3253/1/320 3259/1/320
usemtl armor_edge
f 3261/1/314 3262/1/314 3263/1/314
usemtl obsidian
f 3264/1/313 3265/1/313 3266/1/313
usemtl armor_edge
f 3261/1/312 3263/1/312 3267/1/312
usemtl obsidian
f 3264/1/313 3268/1/313 3265/1/313
f 3264/1/282 3266/1/282 3262/1/282 3261/1/282
f 3266/1/337 3265/1/337 3263/1/337 3262/1/337
f 3265/1/18 3268/1/18 3267/1/18 3263/1/18
f 3268/1/320 3264/1/320 3261/1/320 3267/1/320
usemtl lilac
f 3269/1/314 3270/1/314 3271/1/314
usemtl obsidian
f 3272/1/313 3273/1/313 3274/1/313
usemtl lilac
f 3269/1/312 3271/1/312 3275/1/312
usemtl obsidian
f 3272/1/313 3276/1/313 3273/1/313
f 3272/1/282 3274/1/282 3270/1/282 3269/1/282
f 3274/1/337 3273/1/337 3271/1/337 3270/1/337
f 3273/1/18 3276/1/18 3275/1/18 3271/1/18
f 3276/1/320 3272/1/320 3269/1/320 3275/1/320
usemtl armor_edge
f 3277/1/314 3278/1/314 3279/1/314
usemtl obsidian
f 3280/1/313 3281/1/313 3282/1/313
usemtl armor_edge
f 3277/1/312 3279/1/312 3283/1/312
usemtl obsidian
f 3280/1/313 3284/1/313 3281/1/313
f 3280/1/282 3282/1/282 3278/1/282 3277/1/282
f 3282/1/337 3281/1/337 3279/1/337 3278/1/337
f 3281/1/18 3284/1/18 3283/1/18 3279/1/18
f 3284/1/320 3280/1/320 3277/1/320 3283/1/320
usemtl lilac
f 3285/1/314 3286/1/314 3287/1/314
usemtl obsidian
f 3288/1/313 3289/1/313 3290/1/313
usemtl lilac
f 3285/1/312 3287/1/312 3291/1/312
usemtl obsidian
f 3288/1/313 3292/1/313 3289/1/313
f 3288/1/282 3290/1/282 3286/1/282 3285/1/282
f 3290/1/337 3289/1/337 3287/1/337 3286/1/337
f 3289/1/18 3292/1/18 3291/1/18 3287/1/18
f 3292/1/320 3288/1/320 3285/1/320 3291/1/320
usemtl armor_edge
f 3293/1/314 3294/1/314 3295/1/314
usemtl obsidian
f 3296/1/313 3297/1/313 3298/1/313
usemtl armor_edge
f 3293/1/312 3295/1/312 3299/1/312
usemtl obsidian
f 3296/1/313 3300/1/313 3297/1/313
f 3296/1/282 3298/1/282 3294/1/282 3293/1/282
f 3298/1/337 3297/1/337 3295/1/337 3294/1/337
f 3297/1/18 3300/1/18 3299/1/18 3295/1/18
f 3300/1/320 3296/1/320 3293/1/320 3299/1/320
usemtl lilac
f 3301/1/314 3302/1/314 3303/1/314
usemtl obsidian
f 3304/1/313 3305/1/313 3306/1/313
usemtl lilac
f 3301/1/312 3303/1/312 3307/1/312
usemtl obsidian
f 3304/1/313 3308/1/313 3305/1/313
f 3304/1/282 3306/1/282 3302/1/282 3301/1/282
f 3306/1/337 3305/1/337 3303/1/337 3302/1/337
f 3305/1/18 3308/1/18 3307/1/18 3303/1/18
f 3308/1/320 3304/1/320 3301/1/320 3307/1/320
usemtl armor_edge
f 3309/1/314 3310/1/314 3311/1/314
usemtl obsidian
f 3312/1/313 3313/1/313 3314/1/313
usemtl armor_edge
f 3309/1/312 3311/1/312 3315/1/312
usemtl obsidian
f 3312/1/313 3316/1/313 3313/1/313
f 3312/1/282 3314/1/282 3310/1/282 3309/1/282
f 3314/1/337 3313/1/337 3311/1/337 3310/1/337
f 3313/1/18 3316/1/18 3315/1/18 3311/1/18
f 3316/1/320 3312/1/320 3309/1/320 3315/1/320
usemtl lilac
f 3317/1/314 3318/1/314 3319/1/314
usemtl obsidian
f 3320/1/313 3321/1/313 3322/1/313
usemtl lilac
f 3317/1/312 3319/1/312 3323/1/312
usemtl obsidian
f 3320/1/313 3324/1/313 3321/1/313
f 3320/1/282 3322/1/282 3318/1/282 3317/1/282
f 3322/1/337 3321/1/337 3319/1/337 3318/1/337
f 3321/1/18 3324/1/18 3323/1/18 3319/1/18
f 3324/1/320 3320/1/320 3317/1/320 3323/1/320
usemtl lilac
f 3325/1/59 3326/1/56 3327/1/3
f 3328/1/63 3325/1/59 3327/1/3
f 3329/1/67 3328/1/63 3327/1/3
f 3330/1/71 3329/1/67 3327/1/3
f 3331/1/75 3330/1/71 3327/1/3
f 3326/1/79 3331/1/75 3327/1/3
f 3325/1/59 3332/1/134 3333/1/131 3326/1/56
f 3328/1/63 3334/1/138 3332/1/134 3325/1/59
f 3329/1/67 3335/1/142 3334/1/138 3328/1/63
f 3330/1/71 3336/1/146 3335/1/142 3329/1/67
f 3331/1/75 3337/1/150 3336/1/146 3330/1/71
f 3326/1/79 3333/1/154 3337/1/150 3331/1/75
f 3332/1/134 3338/1/209 3339/1/206 3333/1/131
f 3334/1/138 3340/1/213 3338/1/209 3332/1/134
f 3335/1/142 3341/1/217 3340/1/213 3334/1/138
f 3336/1/146 3342/1/221 3341/1/217 3335/1/142
f 3337/1/150 3343/1/225 3342/1/221 3336/1/146
f 3333/1/154 3339/1/229 3343/1/225 3337/1/150
f 3338/1/209 3344/1/280 3339/1/206
f 3340/1/213 3344/1/280 3338/1/209
f 3341/1/217 3344/1/281 3340/1/213
f 3342/1/221 3344/1/281 3341/1/217
f 3343/1/225 3344/1/282 3342/1/221
f 3339/1/229 3344/1/283 3343/1/225
g shell_5
usemtl armor
f 3345/1/321 3346/1/321 3347/1/321
usemtl obsidian
f 3348/1/322 3349/1/322 3350/1/322
usemtl armor
f 3345/1/321 3347/1/321 3351/1/321
usemtl obsidian
f 3348/1/322 3352/1/322 3349/1/322
usemtl armor
f 3345/1/321 3351/1/321 3353/1/321
usemtl obsidian
f 3348/1/322 3354/1/322 3352/1/322
f 3348/1/323 3350/1/323 3346/1/323 3345/1/323
f 3350/1/324 3349/1/324 3347/1/324 3346/1/324
f 3349/1/325 3352/1/325 3351/1/325 3347/1/325
f 3352/1/326 3354/1/326 3353/1/326 3351/1/326
f 3354/1/327 3348/1/327 3345/1/327 3353/1/327
f 3355/1/321 3356/1/321 3357/1/321
usemtl armor_edge
f 3358/1/322 3359/1/322 3360/1/322
usemtl obsidian
f 3355/1/321 3357/1/321 3361/1/321
usemtl armor_edge
f 3358/1/322 3362/1/322 3359/1/322
usemtl obsidian
f 3355/1/321 3361/1/321 3363/1/321
usemtl armor_edge
f 3358/1/322 3364/1/322 3362/1/322
f 3358/1/323 3360/1/323 3356/1/323 3355/1/323
f 3360/1/324 3359/1/324 3357/1/324 3356/1/324
f 3359/1/325 3362/1/325 3361/1/325 3357/1/325
f 3362/1/326 3364/1/326 3363/1/326 3361/1/326
f 3364/1/327 3358/1/327 3355/1/327 3363/1/327
usemtl violet
f 3365/1/499 3366/1/499 3367/1/499 3368/1/499
usemtl armor_edge
f 3369/1/322 3370/1/322 3371/1/322 3372/1/322
f 3365/1/323 3369/1/323 3372/1/323 3366/1/323
f 3368/1/330 3367/1/330 3371/1/330 3370/1/330
usemtl violet
f 3366/1/321 3373/1/321 3374/1/321 3367/1/321
usemtl armor_edge
f 3372/1/322 3371/1/322 3375/1/322 3376/1/322
f 3366/1/324 3372/1/324 3376/1/324 3373/1/324
f 3367/1/329 3374/1/329 3375/1/329 3371/1/329
usemtl violet
f 3373/1/321 3377/1/321 3378/1/321 3374/1/321
usemtl armor_edge
f 3376/1/500 3375/1/500 3379/1/500 3380/1/500
f 3373/1/325 3376/1/325 3380/1/325 3377/1/325
f 3374/1/328 3378/1/328 3379/1/328 3375/1/328
usemtl violet
f 3377/1/321 3381/1/321 3382/1/321 3378/1/321
usemtl armor_edge
f 3380/1/500 3379/1/500 3383/1/500 3384/1/500
f 3377/1/326 3380/1/326 3384/1/326 3381/1/326
f 3378/1/332 3382/1/332 3383/1/332 3379/1/332
usemtl violet
f 3381/1/499 3365/1/499 3368/1/499 3382/1/499
usemtl armor_edge
f 3384/1/500 3383/1/500 3370/1/500 3369/1/500
f 3381/1/327 3384/1/327 3369/1/327 3365/1/327
f 3382/1/331 3368/1/331 3370/1/331 3383/1/331
usemtl violet
f 3385/1/321 3386/1/321 3387/1/321
usemtl armor_edge
f 3388/1/500 3389/1/500 3390/1/500
usemtl violet
f 3391/1/321 3385/1/321 3387/1/321
usemtl armor_edge
f 3389/1/500 3392/1/500 3390/1/500
f 3387/1/799 3386/1/799 3388/1/799 3390/1/799
f 3386/1/328 3385/1/328 3389/1/328 3388/1/328
f 3385/1/800 3391/1/800 3392/1/800 3389/1/800
f 3391/1/325 3387/1/325 3390/1/325 3392/1/325
usemtl violet
f 3393/1/321 3394/1/321 3395/1/321
usemtl armor_edge
f 3396/1/500 3397/1/500 3398/1/500
usemtl violet
f 3399/1/321 3393/1/321 3395/1/321
usemtl armor_edge
f 3397/1/500 3400/1/500 3398/1/500
f 3395/1/801 3394/1/801 3396/1/801 3398/1/801
f 3394/1/331 3393/1/331 3397/1/331 3396/1/331
f 3393/1/802 3399/1/802 3400/1/802 3397/1/802
f 3399/1/327 3395/1/327 3398/1/327 3400/1/327
usemtl violet
f 3401/1/499 3402/1/499 3403/1/499
usemtl armor_edge
f 3404/1/500 3405/1/500 3406/1/500
usemtl violet
f 3407/1/499 3401/1/499 3403/1/499
usemtl armor_edge
f 3405/1/500 3408/1/500 3406/1/500
f 3403/1/280 3402/1/280 3404/1/280 3406/1/280
f 3402/1/329 3401/1/329 3405/1/329 3404/1/329
f 3401/1/3 3407/1/3 3408/1/3 3405/1/3
f 3407/1/803 3403/1/803 3406/1/803 3408/1/803
usemtl obsidian
f 3409/1/322 3410/1/322 3411/1/322
f 3409/1/322 3412/1/322 3410/1/322
f 3409/1/322 3413/1/322 3412/1/322
f 3409/1/322 3414/1/322 3413/1/322
f 3409/1/322 3415/1/322 3414/1/322
f 3409/1/322 3416/1/322 3415/1/322
f 3409/1/322 3417/1/322 3416/1/322
f 3409/1/322 3418/1/322 3417/1/322
f 3409/1/322 3419/1/322 3418/1/322
f 3409/1/322 3420/1/322 3419/1/322
f 3409/1/322 3421/1/322 3420/1/322
f 3409/1/322 3411/1/322 3421/1/322
f 3411/1/804 3410/1/804 3422/1/804 3423/1/804
f 3410/1/805 3412/1/805 3424/1/805 3422/1/805
f 3412/1/806 3413/1/806 3425/1/806 3424/1/806
f 3413/1/807 3414/1/807 3426/1/807 3425/1/807
f 3414/1/808 3415/1/808 3427/1/808 3426/1/808
f 3415/1/809 3416/1/809 3428/1/809 3427/1/809
f 3416/1/810 3417/1/810 3429/1/810 3428/1/810
f 3417/1/811 3418/1/811 3430/1/811 3429/1/811
f 3418/1/812 3419/1/812 3431/1/812 3430/1/812
f 3419/1/813 3420/1/813 3432/1/813 3431/1/813
f 3420/1/814 3421/1/814 3433/1/814 3432/1/814
f 3421/1/815 3411/1/815 3423/1/815 3433/1/815
f 3423/1/816 3422/1/816 3434/1/816 3435/1/816
f 3422/1/817 3424/1/817 3436/1/817 3434/1/817
f 3424/1/818 3425/1/818 3437/1/818 3436/1/818
f 3425/1/819 3426/1/819 3438/1/819 3437/1/819
f 3426/1/820 3427/1/820 3439/1/820 3438/1/820
f 3427/1/821 3428/1/821 3440/1/821 3439/1/821
f 3428/1/822 3429/1/822 3441/1/822 3440/1/822
f 3429/1/823 3430/1/823 3442/1/823 3441/1/823
f 3430/1/824 3431/1/824 3443/1/824 3442/1/824
f 3431/1/825 3432/1/825 3444/1/825 3443/1/825
f 3432/1/826 3433/1/826 3445/1/826 3444/1/826
f 3433/1/827 3423/1/827 3435/1/827 3445/1/827
f 3435/1/828 3434/1/828 3446/1/828 3447/1/828
f 3434/1/829 3436/1/829 3448/1/829 3446/1/829
f 3436/1/830 3437/1/830 3449/1/830 3448/1/830
f 3437/1/831 3438/1/831 3450/1/831 3449/1/831
f 3438/1/832 3439/1/832 3451/1/832 3450/1/832
f 3439/1/833 3440/1/833 3452/1/833 3451/1/833
f 3440/1/834 3441/1/834 3453/1/834 3452/1/834
f 3441/1/835 3442/1/835 3454/1/835 3453/1/835
f 3442/1/836 3443/1/836 3455/1/836 3454/1/836
f 3443/1/837 3444/1/837 3456/1/837 3455/1/837
f 3444/1/838 3445/1/838 3457/1/838 3456/1/838
f 3445/1/839 3435/1/839 3447/1/839 3457/1/839
f 3447/1/321 3446/1/321 3458/1/321 3459/1/321
f 3446/1/321 3448/1/321 3460/1/321 3458/1/321
f 3448/1/321 3449/1/321 3461/1/321 3460/1/321
f 3449/1/321 3450/1/321 3462/1/321 3461/1/321
f 3450/1/321 3451/1/321 3463/1/321 3462/1/321
f 3451/1/321 3452/1/321 3464/1/321 3463/1/321
f 3452/1/321 3453/1/321 3465/1/321 3464/1/321
f 3453/1/321 3454/1/321 3466/1/321 3465/1/321
f 3454/1/321 3455/1/321 3467/1/321 3466/1/321
f 3455/1/321 3456/1/321 3468/1/321 3467/1/321
f 3456/1/321 3457/1/321 3469/1/321 3468/1/321
f 3457/1/321 3447/1/321 3459/1/321 3469/1/321
f 3459/1/822 3458/1/822 3470/1/822 3471/1/822
f 3458/1/823 3460/1/823 3472/1/823 3470/1/823
f 3460/1/824 3461/1/824 3473/1/824 3472/1/824
f 3461/1/825 3462/1/825 3474/1/825 3473/1/825
f 3462/1/826 3463/1/826 3475/1/826 3474/1/826
f 3463/1/827 3464/1/827 3476/1/827 3475/1/827
f 3464/1/816 3465/1/816 3477/1/816 3476/1/816
f 3465/1/817 3466/1/817 3478/1/817 3477/1/817
f 3466/1/818 3467/1/818 3479/1/818 3478/1/818
f 3467/1/819 3468/1/819 3480/1/819 3479/1/819
f 3468/1/820 3469/1/820 3481/1/820 3480/1/820
f 3469/1/821 3459/1/821 3471/1/821 3481/1/821
f 3471/1/321 3470/1/321 3482/1/321
f 3470/1/321 3472/1/321 3482/1/321
f 3472/1/321 3473/1/321 3482/1/321
f 3473/1/321 3474/1/321 3482/1/321
f 3474/1/321 3475/1/321 3482/1/321
f 3475/1/321 3476/1/321 3482/1/321
f 3476/1/321 3477/1/321 3482/1/321
f 3477/1/321 3478/1/321 3482/1/321
f 3478/1/321 3479/1/321 3482/1/321
f 3479/1/321 3480/1/321 3482/1/321
f 3480/1/321 3481/1/321 3482/1/321
f 3481/1/321 3471/1/321 3482/1/321
usemtl armor_edge
f 3483/1/840 3484/1/840 3485/1/840 3486/1/840
f 3484/1/841 3487/1/841 3488/1/841 3485/1/841
f 3487/1/842 3489/1/842 3490/1/842 3488/1/842
f 3489/1/843 3491/1/843 3492/1/843 3490/1/843
f 3491/1/844 3493/1/844 3494/1/844 3492/1/844
f 3493/1/845 3495/1/845 3496/1/845 3494/1/845
f 3495/1/846 3497/1/846 3498/1/846 3496/1/846
f 3497/1/847 3499/1/847 3500/1/847 3498/1/847
f 3499/1/848 3501/1/848 3502/1/848 3500/1/848
f 3501/1/849 3503/1/849 3504/1/849 3502/1/849
f 3503/1/850 3505/1/850 3506/1/850 3504/1/850
f 3505/1/851 3483/1/851 3486/1/851 3506/1/851
f 3486/1/816 3485/1/816 3507/1/816 3508/1/816
f 3485/1/817 3488/1/817 3509/1/817 3507/1/817
f 3488/1/818 3490/1/818 3510/1/818 3509/1/818
f 3490/1/819 3492/1/819 3511/1/819 3510/1/819
f 3492/1/820 3494/1/820 3512/1/820 3511/1/820
f 3494/1/821 3496/1/821 3513/1/821 3512/1/821
f 3496/1/822 3498/1/822 3514/1/822 3513/1/822
f 3498/1/823 3500/1/823 3515/1/823 3514/1/823
f 3500/1/824 3502/1/824 3516/1/824 3515/1/824
f 3502/1/825 3504/1/825 3517/1/825 3516/1/825
f 3504/1/826 3506/1/826 3518/1/826 3517/1/826
f 3506/1/827 3486/1/827 3508/1/827 3518/1/827
f 3508/1/852 3507/1/852 3519/1/852 3520/1/852
f 3507/1/853 3509/1/853 3521/1/853 3519/1/853
f 3509/1/854 3510/1/854 3522/1/854 3521/1/854
f 3510/1/855 3511/1/855 3523/1/855 3522/1/855
f 3511/1/856 3512/1/856 3524/1/856 3523/1/856
f 3512/1/857 3513/1/857 3525/1/857 3524/1/857
f 3513/1/858 3514/1/858 3526/1/858 3525/1/858
f 3514/1/859 3515/1/859 3527/1/859 3526/1/859
f 3515/1/860 3516/1/860 3528/1/860 3527/1/860
f 3516/1/861 3517/1/861 3529/1/861 3528/1/861
f 3517/1/862 3518/1/862 3530/1/862 3529/1/862
f 3518/1/863 3508/1/863 3520/1/863 3530/1/863
f 3520/1/822 3519/1/822 3484/1/822 3483/1/822
f 3519/1/823 3521/1/823 3487/1/823 3484/1/823
f 3521/1/824 3522/1/824 3489/1/824 3487/1/824
f 3522/1/825 3523/1/825 3491/1/825 3489/1/825
f 3523/1/826 3524/1/826 3493/1/826 3491/1/826
f 3524/1/827 3525/1/827 3495/1/827 3493/1/827
f 3525/1/816 3526/1/816 3497/1/816 3495/1/816
f 3526/1/817 3527/1/817 3499/1/817 3497/1/817
f 3527/1/818 3528/1/818 3501/1/818 3499/1/818
f 3528/1/819 3529/1/819 3503/1/819 3501/1/819
f 3529/1/820 3530/1/820 3505/1/820 3503/1/820
f 3530/1/821 3520/1/821 3483/1/821 3505/1/821
usemtl violet
f 3531/1/322 3532/1/322 3533/1/322
f 3531/1/322 3534/1/322 3532/1/322
f 3531/1/322 3535/1/322 3534/1/322
f 3531/1/322 3536/1/322 3535/1/322
f 3531/1/322 3537/1/322 3536/1/322
f 3531/1/322 3538/1/322 3537/1/322
f 3531/1/322 3539/1/322 3538/1/322
f 3531/1/322 3540/1/322 3539/1/322
f 3531/1/322 3541/1/322 3540/1/322
f 3531/1/322 3542/1/322 3541/1/322
f 3531/1/322 3543/1/322 3542/1/322
f 3531/1/322 3533/1/322 3543/1/322
f 3533/1/816 3532/1/816 3544/1/816 3545/1/816
f 3532/1/817 3534/1/817 3546/1/817 3544/1/817
f 3534/1/818 3535/1/818 3547/1/818 3546/1/818
f 3535/1/819 3536/1/819 3548/1/819 3547/1/819
f 3536/1/820 3537/1/820 3549/1/820 3548/1/820
f 3537/1/821 3538/1/821 3550/1/821 3549/1/821
f 3538/1/822 3539/1/822 3551/1/822 3550/1/822
f 3539/1/823 3540/1/823 3552/1/823 3551/1/823
f 3540/1/824 3541/1/824 3553/1/824 3552/1/824
f 3541/1/825 3542/1/825 3554/1/825 3553/1/825
f 3542/1/826 3543/1/826 3555/1/826 3554/1/826
f 3543/1/827 3533/1/827 3545/1/827 3555/1/827
f 3545/1/321 3544/1/321 3556/1/321
f 3544/1/321 3546/1/321 3556/1/321
f 3546/1/321 3547/1/321 3556/1/321
f 3547/1/321 3548/1/321 3556/1/321
f 3548/1/321 3549/1/321 3556/1/321
f 3549/1/321 3550/1/321 3556/1/321
f 3550/1/321 3551/1/321 3556/1/321
f 3551/1/321 3552/1/321 3556/1/321
f 3552/1/321 3553/1/321 3556/1/321
f 3553/1/321 3554/1/321 3556/1/321
f 3554/1/321 3555/1/321 3556/1/321
f 3555/1/321 3545/1/321 3556/1/321
usemtl armor_edge
f 3557/1/321 3558/1/321 3559/1/321
usemtl obsidian
f 3560/1/322 3561/1/322 3562/1/322
usemtl armor_edge
f 3557/1/321 3559/1/321 3563/1/321
usemtl obsidian
f 3560/1/322 3564/1/322 3561/1/322
f 3560/1/282 3562/1/282 3558/1/282 3557/1/282
f 3562/1/324 3561/1/324 3559/1/324 3558/1/324
f 3561/1/18 3564/1/18 3563/1/18 3559/1/18
f 3564/1/501 3560/1/501 3557/1/501 3563/1/501
usemtl lilac
f 3565/1/321 3566/1/321 3567/1/321
usemtl obsidian
f 3568/1/322 3569/1/322 3570/1/322
usemtl lilac
f 3565/1/321 3567/1/321 3571/1/321
usemtl obsidian
f 3568/1/322 3572/1/322 3569/1/322
f 3568/1/282 3570/1/282 3566/1/282 3565/1/282
f 3570/1/324 3569/1/324 3567/1/324 3566/1/324
f 3569/1/18 3572/1/18 3571/1/18 3567/1/18
f 3572/1/501 3568/1/501 3565/1/501 3571/1/501
usemtl armor_edge
f 3573/1/321 3574/1/321 3575/1/321
usemtl obsidian
f 3576/1/322 3577/1/322 3578/1/322
usemtl armor_edge
f 3573/1/321 3575/1/321 3579/1/321
usemtl obsidian
f 3576/1/322 3580/1/322 3577/1/322
f 3576/1/282 3578/1/282 3574/1/282 3573/1/282
f 3578/1/324 3577/1/324 3575/1/324 3574/1/324
f 3577/1/18 3580/1/18 3579/1/18 3575/1/18
f 3580/1/501 3576/1/501 3573/1/501 3579/1/501
usemtl lilac
f 3581/1/321 3582/1/321 3583/1/321
usemtl obsidian
f 3584/1/322 3585/1/322 3586/1/322
usemtl lilac
f 3581/1/321 3583/1/321 3587/1/321
usemtl obsidian
f 3584/1/322 3588/1/322 3585/1/322
f 3584/1/282 3586/1/282 3582/1/282 3581/1/282
f 3586/1/324 3585/1/324 3583/1/324 3582/1/324
f 3585/1/18 3588/1/18 3587/1/18 3583/1/18
f 3588/1/501 3584/1/501 3581/1/501 3587/1/501
usemtl armor_edge
f 3589/1/321 3590/1/321 3591/1/321
usemtl obsidian
f 3592/1/322 3593/1/322 3594/1/322
usemtl armor_edge
f 3589/1/321 3591/1/321 3595/1/321
usemtl obsidian
f 3592/1/322 3596/1/322 3593/1/322
f 3592/1/282 3594/1/282 3590/1/282 3589/1/282
f 3594/1/324 3593/1/324 3591/1/324 3590/1/324
f 3593/1/18 3596/1/18 3595/1/18 3591/1/18
f 3596/1/501 3592/1/501 3589/1/501 3595/1/501
usemtl lilac
f 3597/1/321 3598/1/321 3599/1/321
usemtl obsidian
f 3600/1/322 3601/1/322 3602/1/322
usemtl lilac
f 3597/1/321 3599/1/321 3603/1/321
usemtl obsidian
f 3600/1/322 3604/1/322 3601/1/322
f 3600/1/282 3602/1/282 3598/1/282 3597/1/282
f 3602/1/324 3601/1/324 3599/1/324 3598/1/324
f 3601/1/18 3604/1/18 3603/1/18 3599/1/18
f 3604/1/501 3600/1/501 3597/1/501 3603/1/501
usemtl armor_edge
f 3605/1/321 3606/1/321 3607/1/321
usemtl obsidian
f 3608/1/322 3609/1/322 3610/1/322
usemtl armor_edge
f 3605/1/321 3607/1/321 3611/1/321
usemtl obsidian
f 3608/1/322 3612/1/322 3609/1/322
f 3608/1/282 3610/1/282 3606/1/282 3605/1/282
f 3610/1/324 3609/1/324 3607/1/324 3606/1/324
f 3609/1/18 3612/1/18 3611/1/18 3607/1/18
f 3612/1/501 3608/1/501 3605/1/501 3611/1/501
usemtl lilac
f 3613/1/321 3614/1/321 3615/1/321
usemtl obsidian
f 3616/1/322 3617/1/322 3618/1/322
usemtl lilac
f 3613/1/321 3615/1/321 3619/1/321
usemtl obsidian
f 3616/1/322 3620/1/322 3617/1/322
f 3616/1/282 3618/1/282 3614/1/282 3613/1/282
f 3618/1/324 3617/1/324 3615/1/324 3614/1/324
f 3617/1/18 3620/1/18 3619/1/18 3615/1/18
f 3620/1/501 3616/1/501 3613/1/501 3619/1/501
usemtl armor_edge
f 3621/1/321 3622/1/321 3623/1/321
usemtl obsidian
f 3624/1/322 3625/1/322 3626/1/322
usemtl armor_edge
f 3621/1/321 3623/1/321 3627/1/321
usemtl obsidian
f 3624/1/322 3628/1/322 3625/1/322
f 3624/1/282 3626/1/282 3622/1/282 3621/1/282
f 3626/1/324 3625/1/324 3623/1/324 3622/1/324
f 3625/1/18 3628/1/18 3627/1/18 3623/1/18
f 3628/1/501 3624/1/501 3621/1/501 3627/1/501
usemtl lilac
f 3629/1/321 3630/1/321 3631/1/321
usemtl obsidian
f 3632/1/322 3633/1/322 3634/1/322
usemtl lilac
f 3629/1/321 3631/1/321 3635/1/321
usemtl obsidian
f 3632/1/322 3636/1/322 3633/1/322
f 3632/1/282 3634/1/282 3630/1/282 3629/1/282
f 3634/1/324 3633/1/324 3631/1/324 3630/1/324
f 3633/1/18 3636/1/18 3635/1/18 3631/1/18
f 3636/1/501 3632/1/501 3629/1/501 3635/1/501
usemtl lilac
f 3637/1/59 3638/1/56 3639/1/3
f 3640/1/63 3637/1/59 3639/1/3
f 3641/1/67 3640/1/63 3639/1/3
f 3642/1/71 3641/1/67 3639/1/3
f 3643/1/75 3642/1/71 3639/1/3
f 3638/1/79 3643/1/75 3639/1/3
f 3637/1/59 3644/1/134 3645/1/131 3638/1/56
f 3640/1/63 3646/1/138 3644/1/134 3637/1/59
f 3641/1/67 3647/1/142 3646/1/138 3640/1/63
f 3642/1/71 3648/1/146 3647/1/142 3641/1/67
f 3643/1/75 3649/1/150 3648/1/146 3642/1/71
f 3638/1/79 3645/1/154 3649/1/150 3643/1/75
f 3644/1/134 3650/1/209 3651/1/206 3645/1/131
f 3646/1/138 3652/1/213 3650/1/209 3644/1/134
f 3647/1/142 3653/1/217 3652/1/213 3646/1/138
f 3648/1/146 3654/1/221 3653/1/217 3647/1/142
f 3649/1/150 3655/1/225 3654/1/221 3648/1/146
f 3645/1/154 3651/1/229 3655/1/225 3649/1/150
f 3650/1/209 3656/1/280 3651/1/206
f 3652/1/213 3656/1/280 3650/1/209
f 3653/1/217 3656/1/281 3652/1/213
f 3654/1/221 3656/1/281 3653/1/217
f 3655/1/225 3656/1/282 3654/1/221
f 3651/1/229 3656/1/283 3655/1/225
g shell_6
usemtl armor
f 3657/1/322 3658/1/322 3659/1/322
usemtl obsidian
f 3660/1/321 3661/1/321 3662/1/321
usemtl armor
f 3657/1/322 3659/1/322 3663/1/322
usemtl obsidian
f 3660/1/321 3664/1/321 3661/1/321
usemtl armor
f 3657/1/322 3663/1/322 3665/1/322
usemtl obsidian
f 3660/1/321 3666/1/321 3664/1/321
f 3660/1/328 3662/1/328 3658/1/328 3657/1/328
f 3662/1/329 3661/1/329 3659/1/329 3658/1/329
f 3661/1/330 3664/1/330 3663/1/330 3659/1/330
f 3664/1/331 3666/1/331 3665/1/331 3663/1/331
f 3666/1/332 3660/1/332 3657/1/332 3665/1/332
f 3667/1/322 3668/1/322 3669/1/322
usemtl armor_edge
f 3670/1/321 3671/1/321 3672/1/321
usemtl obsidian
f 3667/1/322 3669/1/322 3673/1/322
usemtl armor_edge
f 3670/1/321 3674/1/321 3671/1/321
usemtl obsidian
f 3667/1/322 3673/1/322 3675/1/322
usemtl armor_edge
f 3670/1/321 3676/1/321 3674/1/321
f 3670/1/328 3672/1/328 3668/1/328 3667/1/328
f 3672/1/329 3671/1/329 3669/1/329 3668/1/329
f 3671/1/330 3674/1/330 3673/1/330 3669/1/330
f 3674/1/331 3676/1/331 3675/1/331 3673/1/331
f 3676/1/332 3670/1/332 3667/1/332 3675/1/332
usemtl violet
f 3677/1/500 3678/1/500 3679/1/500 3680/1/500
usemtl armor_edge
f 3681/1/321 3682/1/321 3683/1/321 3684/1/321
f 3677/1/328 3681/1/328 3684/1/328 3678/1/328
f 3680/1/325 3679/1/325 3683/1/325 3682/1/325
usemtl violet
f 3678/1/322 3685/1/322 3686/1/322 3679/1/322
usemtl armor_edge
f 3684/1/321 3683/1/321 3687/1/321 3688/1/321
f 3678/1/501 3684/1/501 3688/1/501 3685/1/501
f 3679/1/324 3686/1/324 3687/1/324 3683/1/324
usemtl violet
f 3685/1/322 3689/1/322 3690/1/322 3686/1/322
usemtl armor_edge
f 3688/1/499 3687/1/499 3691/1/499 3692/1/499
f 3685/1/330 3688/1/330 3692/1/330 3689/1/330
f 3686/1/323 3690/1/323 3691/1/323 3687/1/323
usemtl violet
f 3689/1/322 3693/1/322 3694/1/322 3690/1/322
usemtl armor_edge
f 3692/1/499 3691/1/499 3695/1/499 3696/1/499
f 3689/1/331 3692/1/331 3696/1/331 3693/1/331
f 3690/1/327 3694/1/327 3695/1/327 3691/1/327
usemtl violet
f 3693/1/500 3677/1/500 3680/1/500 3694/1/500
usemtl armor_edge
f 3696/1/499 3695/1/499 3682/1/499 3681/1/499
f 3693/1/332 3696/1/332 3681/1/332 3677/1/332
f 3694/1/326 3680/1/326 3682/1/326 3695/1/326
usemtl violet
f 3697/1/322 3698/1/322 3699/1/322
usemtl armor_edge
f 3700/1/499 3701/1/499 3702/1/499
usemtl violet
f 3703/1/322 3697/1/322 3699/1/322
usemtl armor_edge
f 3701/1/499 3704/1/499 3702/1/499
f 3699/1/864 3698/1/864 3700/1/864 3702/1/864
f 3698/1/323 3697/1/323 3701/1/323 3700/1/323
f 3697/1/865 3703/1/865 3704/1/865 3701/1/865
f 3703/1/330 3699/1/330 3702/1/330 3704/1/330
usemtl violet
f 3705/1/322 3706/1/322 3707/1/322
usemtl armor_edge
f 3708/1/499 3709/1/499 3710/1/499
usemtl violet
f 3711/1/322 3705/1/322 3707/1/322
usemtl armor_edge
f 3709/1/499 3712/1/499 3710/1/499
f 3707/1/866 3706/1/866 3708/1/866 3710/1/866
f 3706/1/326 3705/1/326 3709/1/326 3708/1/326
f 3705/1/867 3711/1/867 3712/1/867 3709/1/867
f 3711/1/332 3707/1/332 3710/1/332 3712/1/332
usemtl violet
f 3713/1/500 3714/1/500 3715/1/500
usemtl armor_edge
f 3716/1/499 3717/1/499 3718/1/499
usemtl violet
f 3719/1/500 3713/1/500 3715/1/500
usemtl armor_edge
f 3717/1/499 3720/1/499 3718/1/499
f 3715/1/280 3714/1/280 3716/1/280 3718/1/280
f 3714/1/324 3713/1/324 3717/1/324 3716/1/324
f 3713/1/3 3719/1/3 3720/1/3 3717/1/3
f 3719/1/501 3715/1/501 3718/1/501 3720/1/501
usemtl obsidian
f 3721/1/321 3722/1/321 3723/1/321
f 3721/1/321 3724/1/321 3722/1/321
f 3721/1/321 3725/1/321 3724/1/321
f 3721/1/321 3726/1/321 3725/1/321
f 3721/1/321 3727/1/321 3726/1/321
f 3721/1/321 3728/1/321 3727/1/321
f 3721/1/321 3729/1/321 3728/1/321
f 3721/1/321 3730/1/321 3729/1/321
f 3721/1/321 3731/1/321 3730/1/321
f 3721/1/321 3732/1/321 3731/1/321
f 3721/1/321 3733/1/321 3732/1/321
f 3721/1/321 3723/1/321 3733/1/321
f 3723/1/868 3722/1/868 3734/1/868 3735/1/868
f 3722/1/869 3724/1/869 3736/1/869 3734/1/869
f 3724/1/870 3725/1/870 3737/1/870 3736/1/870
f 3725/1/871 3726/1/871 3738/1/871 3737/1/871
f 3726/1/872 3727/1/872 3739/1/872 3738/1/872
f 3727/1/873 3728/1/873 3740/1/873 3739/1/873
f 3728/1/874 3729/1/874 3741/1/874 3740/1/874
f 3729/1/875 3730/1/875 3742/1/875 3741/1/875
f 3730/1/876 3731/1/876 3743/1/876 3742/1/876
f 3731/1/877 3732/1/877 3744/1/877 3743/1/877
f 3732/1/878 3733/1/878 3745/1/878 3744/1/878
f 3733/1/879 3723/1/879 3735/1/879 3745/1/879
f 3735/1/821 3734/1/821 3746/1/821 3747/1/821
f 3734/1/820 3736/1/820 3748/1/820 3746/1/820
f 3736/1/819 3737/1/819 3749/1/819 3748/1/819
f 3737/1/818 3738/1/818 3750/1/818 3749/1/818
f 3738/1/817 3739/1/817 3751/1/817 3750/1/817
f 3739/1/816 3740/1/816 3752/1/816 3751/1/816
f 3740/1/827 3741/1/827 3753/1/827 3752/1/827
f 3741/1/826 3742/1/826 3754/1/826 3753/1/826
f 3742/1/825 3743/1/825 3755/1/825 3754/1/825
f 3743/1/824 3744/1/824 3756/1/824 3755/1/824
f 3744/1/823 3745/1/823 3757/1/823 3756/1/823
f 3745/1/822 3735/1/822 3747/1/822 3757/1/822
f 3747/1/880 3746/1/880 3758/1/880 3759/1/880
f 3746/1/881 3748/1/881 3760/1/881 3758/1/881
f 3748/1/882 3749/1/882 3761/1/882 3760/1/882
f 3749/1/883 3750/1/883 3762/1/883 3761/1/883
f 3750/1/884 3751/1/884 3763/1/884 3762/1/884
f 3751/1/885 3752/1/885 3764/1/885 3763/1/885
f 3752/1/886 3753/1/886 3765/1/886 3764/1/886
f 3753/1/887 3754/1/887 3766/1/887 3765/1/887
f 3754/1/888 3755/1/888 3767/1/888 3766/1/888
f 3755/1/889 3756/1/889 3768/1/889 3767/1/889
f 3756/1/890 3757/1/890 3769/1/890 3768/1/890
f 3757/1/891 3747/1/891 3759/1/891 3769/1/891
f 3759/1/322 3758/1/322 3770/1/322 3771/1/322
f 3758/1/322 3760/1/322 3772/1/322 3770/1/322
f 3760/1/322 3761/1/322 3773/1/322 3772/1/322
f 3761/1/322 3762/1/322 3774/1/322 3773/1/322
f 3762/1/322 3763/1/322 3775/1/322 3774/1/322
f 3763/1/322 3764/1/322 3776/1/322 3775/1/322
f 3764/1/322 3765/1/322 3777/1/322 3776/1/322
f 3765/1/322 3766/1/322 3778/1/322 3777/1/322
f 3766/1/322 3767/1/322 3779/1/322 3778/1/322
f 3767/1/322 3768/1/322 3780/1/322 3779/1/322
f 3768/1/322 3769/1/322 3781/1/322 3780/1/322
f 3769/1/322 3759/1/322 3771/1/322 3781/1/322
f 3771/1/827 3770/1/827 3782/1/827 3783/1/827
f 3770/1/826 3772/1/826 3784/1/826 3782/1/826
f 3772/1/825 3773/1/825 3785/1/825 3784/1/825
f 3773/1/824 3774/1/824 3786/1/824 3785/1/824
f 3774/1/823 3775/1/823 3787/1/823 3786/1/823
f 3775/1/822 3776/1/822 3788/1/822 3787/1/822
f 3776/1/821 3777/1/821 3789/1/821 3788/1/821
f 3777/1/820 3778/1/820 3790/1/820 3789/1/820
f 3778/1/819 3779/1/819 3791/1/819 3790/1/819
f 3779/1/818 3780/1/818 3792/1/818 3791/1/818
f 3780/1/817 3781/1/817 3793/1/817 3792/1/817
f 3781/1/816 3771/1/816 3783/1/816 3793/1/816
f 3783/1/322 3782/1/322 3794/1/322
f 3782/1/322 3784/1/322 3794/1/322
f 3784/1/322 3785/1/322 3794/1/322
f 3785/1/322 3786/1/322 3794/1/322
f 3786/1/322 3787/1/322 3794/1/322
f 3787/1/322 3788/1/322 3794/1/322
f 3788/1/322 3789/1/322 3794/1/322
f 3789/1/322 3790/1/322 3794/1/322
f 3790/1/322 3791/1/322 3794/1/322
f 3791/1/322 3792/1/322 3794/1/322
f 3792/1/322 3793/1/322 3794/1/322
f 3793/1/322 3783/1/322 3794/1/322
usemtl armor_edge
f 3795/1/892 3796/1/892 3797/1/892 3798/1/892
f 3796/1/893 3799/1/893 3800/1/893 3797/1/893
f 3799/1/894 3801/1/894 3802/1/894 3800/1/894
f 3801/1/895 3803/1/895 3804/1/895 3802/1/895
f 3803/1/896 3805/1/896 3806/1/896 3804/1/896
f 3805/1/897 3807/1/897 3808/1/897 3806/1/897
f 3807/1/898 3809/1/898 3810/1/898 3808/1/898
f 3809/1/899 3811/1/899 3812/1/899 3810/1/899
f 3811/1/900 3813/1/900 3814/1/900 3812/1/900
f 3813/1/901 3815/1/901 3816/1/901 3814/1/901
f 3815/1/902 3817/1/902 3818/1/902 3816/1/902
f 3817/1/903 3795/1/903 3798/1/903 3818/1/903
f 3798/1/821 3797/1/821 3819/1/821 3820/1/821
f 3797/1/820 3800/1/820 3821/1/820 3819/1/820
f 3800/1/819 3802/1/819 3822/1/819 3821/1/819
f 3802/1/818 3804/1/818 3823/1/818 3822/1/818
f 3804/1/817 3806/1/817 3824/1/817 3823/1/817
f 3806/1/816 3808/1/816 3825/1/816 3824/1/816
f 3808/1/827 3810/1/827 3826/1/827 3825/1/827
f 3810/1/826 3812/1/826 3827/1/826 3826/1/826
f 3812/1/825 3814/1/825 3828/1/825 3827/1/825
f 3814/1/824 3816/1/824 3829/1/824 3828/1/824
f 3816/1/823 3818/1/823 3830/1/823 3829/1/823
f 3818/1/822 3798/1/822 3820/1/822 3830/1/822
f 3820/1/904 3819/1/904 3831/1/904 3832/1/904
f 3819/1/905 3821/1/905 3833/1/905 3831/1/905
f 3821/1/906 3822/1/906 3834/1/906 3833/1/906
f 3822/1/907 3823/1/907 3835/1/907 3834/1/907
f 3823/1/908 3824/1/908 3836/1/908 3835/1/908
f 3824/1/909 3825/1/909 3837/1/909 3836/1/909
f 3825/1/910 3826/1/910 3838/1/910 3837/1/910
f 3826/1/911 3827/1/911 3839/1/911 3838/1/911
f 3827/1/912 3828/1/912 3840/1/912 3839/1/912
f 3828/1/913 3829/1/913 3841/1/913 3840/1/913
f 3829/1/914 3830/1/914 3842/1/914 3841/1/914
f 3830/1/915 3820/1/915 3832/1/915 3842/1/915
f 3832/1/827 3831/1/827 3796/1/827 3795/1/827
f 3831/1/826 3833/1/826 3799/1/826 3796/1/826
f 3833/1/825 3834/1/825 3801/1/825 3799/1/825
f 3834/1/824 3835/1/824 3803/1/824 3801/1/824
f 3835/1/823 3836/1/823 3805/1/823 3803/1/823
f 3836/1/822 3837/1/822 3807/1/822 3805/1/822
f 3837/1/821 3838/1/821 3809/1/821 3807/1/821
f 3838/1/820 3839/1/820 3811/1/820 3809/1/820
f 3839/1/819 3840/1/819 3813/1/819 3811/1/819
f 3840/1/818 3841/1/818 3815/1/818 3813/1/818
f 3841/1/817 3842/1/817 3817/1/817 3815/1/817
f 3842/1/816 3832/1/816 3795/1/816 3817/1/816
usemtl violet
f 3843/1/321 3844/1/321 3845/1/321
f 3843/1/321 3846/1/321 3844/1/321
f 3843/1/321 3847/1/321 3846/1/321
f 3843/1/321 3848/1/321 3847/1/321
f 3843/1/321 3849/1/321 3848/1/321
f 3843/1/321 3850/1/321 3849/1/321
f 3843/1/321 3851/1/321 3850/1/321
f 3843/1/321 3852/1/321 3851/1/321
f 3843/1/321 3853/1/321 3852/1/321
f 3843/1/321 3854/1/321 3853/1/321
f 3843/1/321 3855/1/321 3854/1/321
f 3843/1/321 3845/1/321 3855/1/321
f 3845/1/821 3844/1/821 3856/1/821 3857/1/821
f 3844/1/820 3846/1/820 3858/1/820 3856/1/820
f 3846/1/819 3847/1/819 3859/1/819 3858/1/819
f 3847/1/818 3848/1/818 3860/1/818 3859/1/818
f 3848/1/817 3849/1/817 3861/1/817 3860/1/817
f 3849/1/816 3850/1/816 3862/1/816 3861/1/816
f 3850/1/827 3851/1/827 3863/1/827 3862/1/827
f 3851/1/826 3852/1/826 3864/1/826 3863/1/826
f 3852/1/825 3853/1/825 3865/1/825 3864/1/825
f 3853/1/824 3854/1/824 3866/1/824 3865/1/824
f 3854/1/823 3855/1/823 3867/1/823 3866/1/823
f 3855/1/822 3845/1/822 3857/1/822 3867/1/822
f 3857/1/322 3856/1/322 3868/1/322
f 3856/1/322 3858/1/322 3868/1/322
f 3858/1/322 3859/1/322 3868/1/322
f 3859/1/322 3860/1/322 3868/1/322
f 3860/1/322 3861/1/322 3868/1/322
f 3861/1/322 3862/1/322 3868/1/322
f 3862/1/322 3863/1/322 3868/1/322
f 3863/1/322 3864/1/322 3868/1/322
f 3864/1/322 3865/1/322 3868/1/322
f 3865/1/322 3866/1/322 3868/1/322
f 3866/1/322 3867/1/322 3868/1/322
f 3867/1/322 3857/1/322 3868/1/322
usemtl armor_edge
f 3869/1/322 3870/1/322 3871/1/322
usemtl obsidian
f 3872/1/321 3873/1/321 3874/1/321
usemtl armor_edge
f 3869/1/322 3871/1/322 3875/1/322
usemtl obsidian
f 3872/1/321 3876/1/321 3873/1/321
f 3872/1/282 3874/1/282 3870/1/282 3869/1/282
f 3874/1/329 3873/1/329 3871/1/329 3870/1/329
f 3873/1/18 3876/1/18 3875/1/18 3871/1/18
f 3876/1/803 3872/1/803 3869/1/803 3875/1/803
usemtl lilac
f 3877/1/322 3878/1/322 3879/1/322
usemtl obsidian
f 3880/1/321 3881/1/321 3882/1/321
usemtl lilac
f 3877/1/322 3879/1/322 3883/1/322
usemtl obsidian
f 3880/1/321 3884/1/321 3881/1/321
f 3880/1/282 3882/1/282 3878/1/282 3877/1/282
f 3882/1/329 3881/1/329 3879/1/329 3878/1/329
f 3881/1/18 3884/1/18 3883/1/18 3879/1/18
f 3884/1/803 3880/1/803 3877/1/803 3883/1/803
usemtl armor_edge
f 3885/1/322 3886/1/322 3887/1/322
usemtl obsidian
f 3888/1/321 3889/1/321 3890/1/321
usemtl armor_edge
f 3885/1/322 3887/1/322 3891/1/322
usemtl obsidian
f 3888/1/321 3892/1/321 3889/1/321
f 3888/1/282 3890/1/282 3886/1/282 3885/1/282
f 3890/1/329 3889/1/329 3887/1/329 3886/1/329
f 3889/1/18 3892/1/18 3891/1/18 3887/1/18
f 3892/1/803 3888/1/803 3885/1/803 3891/1/803
usemtl lilac
f 3893/1/322 3894/1/322 3895/1/322
usemtl obsidian
f 3896/1/321 3897/1/321 3898/1/321
usemtl lilac
f 3893/1/322 3895/1/322 3899/1/322
usemtl obsidian
f 3896/1/321 3900/1/321 3897/1/321
f 3896/1/282 3898/1/282 3894/1/282 3893/1/282
f 3898/1/329 3897/1/329 3895/1/329 3894/1/329
f 3897/1/18 3900/1/18 3899/1/18 3895/1/18
f 3900/1/803 3896/1/803 3893/1/803 3899/1/803
usemtl armor_edge
f 3901/1/322 3902/1/322 3903/1/322
usemtl obsidian
f 3904/1/321 3905/1/321 3906/1/321
usemtl armor_edge
f 3901/1/322 3903/1/322 3907/1/322
usemtl obsidian
f 3904/1/321 3908/1/321 3905/1/321
f 3904/1/282 3906/1/282 3902/1/282 3901/1/282
f 3906/1/329 3905/1/329 3903/1/329 3902/1/329
f 3905/1/18 3908/1/18 3907/1/18 3903/1/18
f 3908/1/803 3904/1/803 3901/1/803 3907/1/803
usemtl lilac
f 3909/1/322 3910/1/322 3911/1/322
usemtl obsidian
f 3912/1/321 3913/1/321 3914/1/321
usemtl lilac
f 3909/1/322 3911/1/322 3915/1/322
usemtl obsidian
f 3912/1/321 3916/1/321 3913/1/321
f 3912/1/282 3914/1/282 3910/1/282 3909/1/282
f 3914/1/329 3913/1/329 3911/1/329 3910/1/329
f 3913/1/18 3916/1/18 3915/1/18 3911/1/18
f 3916/1/803 3912/1/803 3909/1/803 3915/1/803
usemtl armor_edge
f 3917/1/322 3918/1/322 3919/1/322
usemtl obsidian
f 3920/1/321 3921/1/321 3922/1/321
usemtl armor_edge
f 3917/1/322 3919/1/322 3923/1/322
usemtl obsidian
f 3920/1/321 3924/1/321 3921/1/321
f 3920/1/282 3922/1/282 3918/1/282 3917/1/282
f 3922/1/329 3921/1/329 3919/1/329 3918/1/329
f 3921/1/18 3924/1/18 3923/1/18 3919/1/18
f 3924/1/803 3920/1/803 3917/1/803 3923/1/803
usemtl lilac
f 3925/1/322 3926/1/322 3927/1/322
usemtl obsidian
f 3928/1/321 3929/1/321 3930/1/321
usemtl lilac
f 3925/1/322 3927/1/322 3931/1/322
usemtl obsidian
f 3928/1/321 3932/1/321 3929/1/321
f 3928/1/282 3930/1/282 3926/1/282 3925/1/282
f 3930/1/329 3929/1/329 3927/1/329 3926/1/329
f 3929/1/18 3932/1/18 3931/1/18 3927/1/18
f 3932/1/803 3928/1/803 3925/1/803 3931/1/803
usemtl armor_edge
f 3933/1/322 3934/1/322 3935/1/322
usemtl obsidian
f 3936/1/321 3937/1/321 3938/1/321
usemtl armor_edge
f 3933/1/322 3935/1/322 3939/1/322
usemtl obsidian
f 3936/1/321 3940/1/321 3937/1/321
f 3936/1/282 3938/1/282 3934/1/282 3933/1/282
f 3938/1/329 3937/1/329 3935/1/329 3934/1/329
f 3937/1/18 3940/1/18 3939/1/18 3935/1/18
f 3940/1/803 3936/1/803 3933/1/803 3939/1/803
usemtl lilac
f 3941/1/322 3942/1/322 3943/1/322
usemtl obsidian
f 3944/1/321 3945/1/321 3946/1/321
usemtl lilac
f 3941/1/322 3943/1/322 3947/1/322
usemtl obsidian
f 3944/1/321 3948/1/321 3945/1/321
f 3944/1/282 3946/1/282 3942/1/282 3941/1/282
f 3946/1/329 3945/1/329 3943/1/329 3942/1/329
f 3945/1/18 3948/1/18 3947/1/18 3943/1/18
f 3948/1/803 3944/1/803 3941/1/803 3947/1/803
usemtl lilac
f 3949/1/59 3950/1/56 3951/1/3
f 3952/1/63 3949/1/59 3951/1/3
f 3953/1/67 3952/1/63 3951/1/3
f 3954/1/71 3953/1/67 3951/1/3
f 3955/1/75 3954/1/71 3951/1/3
f 3950/1/79 3955/1/75 3951/1/3
f 3949/1/59 3956/1/134 3957/1/131 3950/1/56
f 3952/1/63 3958/1/138 3956/1/134 3949/1/59
f 3953/1/67 3959/1/142 3958/1/138 3952/1/63
f 3954/1/71 3960/1/146 3959/1/142 3953/1/67
f 3955/1/75 3961/1/150 3960/1/146 3954/1/71
f 3950/1/79 3957/1/154 3961/1/150 3955/1/75
f 3956/1/134 3962/1/209 3963/1/206 3957/1/131
f 3958/1/138 3964/1/213 3962/1/209 3956/1/134
f 3959/1/142 3965/1/217 3964/1/213 3958/1/138
f 3960/1/146 3966/1/221 3965/1/217 3959/1/142
f 3961/1/150 3967/1/225 3966/1/221 3960/1/146
f 3957/1/154 3963/1/229 3967/1/225 3961/1/150
f 3962/1/209 3968/1/280 3963/1/206
f 3964/1/213 3968/1/280 3962/1/209
f 3965/1/217 3968/1/281 3964/1/213
f 3966/1/221 3968/1/281 3965/1/217
f 3967/1/225 3968/1/282 3966/1/221
f 3963/1/229 3968/1/283 3967/1/225
g shell_7
usemtl armor
f 3969/1/315 3970/1/315 3971/1/315
usemtl obsidian
f 3972/1/314 3973/1/314 3974/1/314
usemtl armor
f 3969/1/313 3971/1/313 3975/1/313
usemtl obsidian
f 3972/1/312 3976/1/312 3973/1/312
usemtl armor
f 3969/1/313 3975/1/313 3977/1/313
usemtl obsidian
f 3972/1/312 3978/1/312 3976/1/312
f 3972/1/333 3974/1/333 3970/1/333 3969/1/333
f 3974/1/334 3973/1/334 3971/1/334 3970/1/334
f 3973/1/335 3976/1/335 3975/1/335 3971/1/335
f 3976/1/336 3978/1/336 3977/1/336 3975/1/336
f 3978/1/337 3972/1/337 3969/1/337 3977/1/337
f 3979/1/315 3980/1/315 3981/1/315
usemtl armor_edge
f 3982/1/314 3983/1/314 3984/1/314
usemtl obsidian
f 3979/1/313 3981/1/313 3985/1/313
usemtl armor_edge
f 3982/1/312 3986/1/312 3983/1/312
usemtl obsidian
f 3979/1/313 3985/1/313 3987/1/313
usemtl armor_edge
f 3982/1/312 3988/1/312 3986/1/312
f 3982/1/333 3984/1/333 3980/1/333 3979/1/333
f 3984/1/334 3983/1/334 3981/1/334 3980/1/334
f 3983/1/335 3986/1/335 3985/1/335 3981/1/335
f 3986/1/336 3988/1/336 3987/1/336 3985/1/336
f 3988/1/337 3982/1/337 3979/1/337 3987/1/337
usemtl violet
f 3989/1/315 3990/1/315 3991/1/315 3992/1/315
usemtl armor_edge
f 3993/1/312 3994/1/312 3995/1/312 3996/1/312
f 3989/1/333 3993/1/333 3996/1/333 3990/1/333
f 3992/1/319 3991/1/319 3995/1/319 3994/1/319
usemtl violet
f 3990/1/315 3997/1/315 3998/1/315 3991/1/315
usemtl armor_edge
f 3996/1/314 3995/1/314 3999/1/314 4000/1/314
f 3990/1/334 3996/1/334 4000/1/334 3997/1/334
f 3991/1/318 3998/1/318 3999/1/318 3995/1/318
usemtl violet
f 3997/1/313 4001/1/313 4002/1/313 3998/1/313
usemtl armor_edge
f 4000/1/312 3999/1/312 4003/1/312 4004/1/312
f 3997/1/335 4000/1/335 4004/1/335 4001/1/335
f 3998/1/317 4002/1/317 4003/1/317 3999/1/317
usemtl violet
f 4001/1/315 4005/1/315 4006/1/315 4002/1/315
usemtl armor_edge
f 4004/1/312 4003/1/312 4007/1/312 4008/1/312
f 4001/1/336 4004/1/336 4008/1/336 4005/1/336
f 4002/1/316 4006/1/316 4007/1/316 4003/1/316
usemtl violet
f 4005/1/315 3989/1/315 3992/1/315 4006/1/315
usemtl armor_edge
f 4008/1/314 4007/1/314 3994/1/314 3993/1/314
f 4005/1/498 4008/1/498 3993/1/498 3989/1/498
f 4006/1/497 3992/1/497 3994/1/497 4007/1/497
usemtl violet
f 4009/1/315 4010/1/315 4011/1/315
usemtl armor_edge
f 4012/1/314 4013/1/314 4014/1/314
usemtl violet
f 4015/1/315 4009/1/315 4011/1/315
usemtl armor_edge
f 4013/1/314 4016/1/314 4014/1/314
f 4011/1/737 4010/1/737 4012/1/737 4014/1/737
f 4010/1/317 4009/1/317 4013/1/317 4012/1/317
f 4009/1/738 4015/1/738 4016/1/738 4013/1/738
f 4015/1/335 4011/1/335 4014/1/335 4016/1/335
usemtl violet
f 4017/1/315 4018/1/315 4019/1/315
usemtl armor_edge
f 4020/1/312 4021/1/312 4022/1/312
usemtl violet
f 4023/1/315 4017/1/315 4019/1/315
usemtl armor_edge
f 4021/1/314 4024/1/314 4022/1/314
f 4019/1/3 4018/1/3 4020/1/3 4022/1/3
f 4018/1/497 4017/1/497 4021/1/497 4020/1/497
f 4017/1/280 4023/1/280 4024/1/280 4021/1/280
f 4023/1/498 4019/1/498 4022/1/498 4024/1/498
usemtl violet
f 4025/1/313 4026/1/313 4027/1/313
usemtl armor_edge
f 4028/1/312 4029/1/312 4030/1/312
usemtl violet
f 4031/1/313 4025/1/313 4027/1/313
usemtl armor_edge
f 4029/1/312 4032/1/312 4030/1/312
f 4027/1/735 4026/1/735 4028/1/735 4030/1/735
f 4026/1/318 4025/1/318 4029/1/318 4028/1/318
f 4025/1/736 4031/1/736 4032/1/736 4029/1/736
f 4031/1/334 4027/1/334 4030/1/334 4032/1/334
usemtl obsidian
f 4033/1/314 4034/1/314 4035/1/314
f 4033/1/314 4036/1/314 4034/1/314
f 4033/1/314 4037/1/314 4036/1/314
f 4033/1/314 4038/1/314 4037/1/314
f 4033/1/314 4039/1/314 4038/1/314
f 4033/1/314 4040/1/314 4039/1/314
f 4033/1/314 4041/1/314 4040/1/314
f 4033/1/314 4042/1/314 4041/1/314
f 4033/1/314 4043/1/314 4042/1/314
f 4033/1/314 4044/1/314 4043/1/314
f 4033/1/314 4045/1/314 4044/1/314
f 4033/1/314 4035/1/314 4045/1/314
f 4035/1/916 4034/1/916 4046/1/916 4047/1/916
f 4034/1/917 4036/1/917 4048/1/917 4046/1/917
f 4036/1/918 4037/1/918 4049/1/918 4048/1/918
f 4037/1/919 4038/1/919 4050/1/919 4049/1/919
f 4038/1/920 4039/1/920 4051/1/920 4050/1/920
f 4039/1/921 4040/1/921 4052/1/921 4051/1/921
f 4040/1/922 4041/1/922 4053/1/922 4052/1/922
f 4041/1/923 4042/1/923 4054/1/923 4053/1/923
f 4042/1/924 4043/1/924 4055/1/924 4054/1/924
f 4043/1/925 4044/1/925 4056/1/925 4055/1/925
f 4044/1/926 4045/1/926 4057/1/926 4056/1/926
f 4045/1/927 4035/1/927 4047/1/927 4057/1/927
f 4047/1/756 4046/1/756 4058/1/756 4059/1/756
f 4046/1/755 4048/1/755 4060/1/755 4058/1/755
f 4048/1/754 4049/1/754 4061/1/754 4060/1/754
f 4049/1/753 4050/1/753 4062/1/753 4061/1/753
f 4050/1/752 4051/1/752 4063/1/752 4062/1/752
f 4051/1/751 4052/1/751 4064/1/751 4063/1/751
f 4052/1/762 4053/1/762 4065/1/762 4064/1/762
f 4053/1/761 4054/1/761 4066/1/761 4065/1/761
f 4054/1/760 4055/1/760 4067/1/760 4066/1/760
f 4055/1/759 4056/1/759 4068/1/759 4067/1/759
f 4056/1/758 4057/1/758 4069/1/758 4068/1/758
f 4057/1/757 4047/1/757 4059/1/757 4069/1/757
f 4059/1/928 4058/1/928 4070/1/928 4071/1/928
f 4058/1/929 4060/1/929 4072/1/929 4070/1/929
f 4060/1/930 4061/1/930 4073/1/930 4072/1/930
f 4061/1/931 4062/1/931 4074/1/931 4073/1/931
f 4062/1/932 4063/1/932 4075/1/932 4074/1/932
f 4063/1/933 4064/1/933 4076/1/933 4075/1/933
f 4064/1/934 4065/1/934 4077/1/934 4076/1/934
f 4065/1/935 4066/1/935 4078/1/935 4077/1/935
f 4066/1/936 4067/1/936 4079/1/936 4078/1/936
f 4067/1/937 4068/1/937 4080/1/937 4079/1/937
f 4068/1/938 4069/1/938 4081/1/938 4080/1/938
f 4069/1/939 4059/1/939 4071/1/939 4081/1/939
f 4071/1/313 4070/1/313 4082/1/313 4083/1/313
f 4070/1/313 4072/1/313 4084/1/313 4082/1/313
f 4072/1/313 4073/1/313 4085/1/313 4084/1/313
f 4073/1/313 4074/1/313 4086/1/313 4085/1/313
f 4074/1/313 4075/1/313 4087/1/313 4086/1/313
f 4075/1/313 4076/1/313 4088/1/313 4087/1/313
f 4076/1/313 4077/1/313 4089/1/313 4088/1/313
f 4077/1/313 4078/1/313 4090/1/313 4089/1/313
f 4078/1/313 4079/1/313 4091/1/313 4090/1/313
f 4079/1/313 4080/1/313 4092/1/313 4091/1/313
f 4080/1/313 4081/1/313 4093/1/313 4092/1/313
f 4081/1/313 4071/1/313 4083/1/313 4093/1/313
f 4083/1/762 4082/1/762 4094/1/762 4095/1/762
f 4082/1/761 4084/1/761 4096/1/761 4094/1/761
f 4084/1/760 4085/1/760 4097/1/760 4096/1/760
f 4085/1/759 4086/1/759 4098/1/759 4097/1/759
f 4086/1/758 4087/1/758 4099/1/758 4098/1/758
f 4087/1/757 4088/1/757 4100/1/757 4099/1/757
f 4088/1/756 4089/1/756 4101/1/756 4100/1/756
f 4089/1/755 4090/1/755 4102/1/755 4101/1/755
f 4090/1/754 4091/1/754 4103/1/754 4102/1/754
f 4091/1/753 4092/1/753 4104/1/753 4103/1/753
f 4092/1/752 4093/1/752 4105/1/752 4104/1/752
f 4093/1/751 4083/1/751 4095/1/751 4105/1/751
f 4095/1/313 4094/1/313 4106/1/313
f 4094/1/313 4096/1/313 4106/1/313
f 4096/1/313 4097/1/313 4106/1/313
f 4097/1/313 4098/1/313 4106/1/313
f 4098/1/313 4099/1/313 4106/1/313
f 4099/1/313 4100/1/313 4106/1/313
f 4100/1/313 4101/1/313 4106/1/313
f 4101/1/313 4102/1/313 4106/1/313
f 4102/1/313 4103/1/313 4106/1/313
f 4103/1/313 4104/1/313 4106/1/313
f 4104/1/313 4105/1/313 4106/1/313
f 4105/1/313 4095/1/313 4106/1/313
usemtl armor_edge
f 4107/1/940 4108/1/940 4109/1/940 4110/1/940
f 4108/1/941 4111/1/941 4112/1/941 4109/1/941
f 4111/1/942 4113/1/942 4114/1/942 4112/1/942
f 4113/1/943 4115/1/943 4116/1/943 4114/1/943
f 4115/1/944 4117/1/944 4118/1/944 4116/1/944
f 4117/1/945 4119/1/945 4120/1/945 4118/1/945
f 4119/1/946 4121/1/946 4122/1/946 4120/1/946
f 4121/1/947 4123/1/947 4124/1/947 4122/1/947
f 4123/1/948 4125/1/948 4126/1/948 4124/1/948
f 4125/1/949 4127/1/949 4128/1/949 4126/1/949
f 4127/1/950 4129/1/950 4130/1/950 4128/1/950
f 4129/1/951 4107/1/951 4110/1/951 4130/1/951
f 4110/1/756 4109/1/756 4131/1/756 4132/1/756
f 4109/1/755 4112/1/755 4133/1/755 4131/1/755
f 4112/1/754 4114/1/754 4134/1/754 4133/1/754
f 4114/1/753 4116/1/753 4135/1/753 4134/1/753
f 4116/1/752 4118/1/752 4136/1/752 4135/1/752
f 4118/1/751 4120/1/751 4137/1/751 4136/1/751
f 4120/1/762 4122/1/762 4138/1/762 4137/1/762
f 4122/1/761 4124/1/761 4139/1/761 4138/1/761
f 4124/1/760 4126/1/760 4140/1/760 4139/1/760
f 4126/1/759 4128/1/759 4141/1/759 4140/1/759
f 4128/1/758 4130/1/758 4142/1/758 4141/1/758
f 4130/1/757 4110/1/757 4132/1/757 4142/1/757
f 4132/1/952 4131/1/952 4143/1/952 4144/1/952
f 4131/1/953 4133/1/953 4145/1/953 4143/1/953
f 4133/1/954 4134/1/954 4146/1/954 4145/1/954
f 4134/1/955 4135/1/955 4147/1/955 4146/1/955
f 4135/1/956 4136/1/956 4148/1/956 4147/1/956
f 4136/1/957 4137/1/957 4149/1/957 4148/1/957
f 4137/1/958 4138/1/958 4150/1/958 4149/1/958
f 4138/1/959 4139/1/959 4151/1/959 4150/1/959
f 4139/1/960 4140/1/960 4152/1/960 4151/1/960
f 4140/1/961 4141/1/961 4153/1/961 4152/1/961
f 4141/1/962 4142/1/962 4154/1/962 4153/1/962
f 4142/1/963 4132/1/963 4144/1/963 4154/1/963
f 4144/1/762 4143/1/762 4108/1/762 4107/1/762
f 4143/1/761 4145/1/761 4111/1/761 4108/1/761
f 4145/1/760 4146/1/760 4113/1/760 4111/1/760
f 4146/1/759 4147/1/759 4115/1/759 4113/1/759
f 4147/1/758 4148/1/758 4117/1/758 4115/1/758
f 4148/1/757 4149/1/757 4119/1/757 4117/1/757
f 4149/1/756 4150/1/756 4121/1/756 4119/1/756
f 4150/1/755 4151/1/755 4123/1/755 4121/1/755
f 4151/1/754 4152/1/754 4125/1/754 4123/1/754
f 4152/1/753 4153/1/753 4127/1/753 4125/1/753
f 4153/1/752 4154/1/752 4129/1/752 4127/1/752
f 4154/1/751 4144/1/751 4107/1/751 4129/1/751
usemtl violet
f 4155/1/314 4156/1/314 4157/1/314
f 4155/1/314 4158/1/314 4156/1/314
f 4155/1/314 4159/1/314 4158/1/314
f 4155/1/314 4160/1/314 4159/1/314
f 4155/1/314 4161/1/314 4160/1/314
f 4155/1/314 4162/1/314 4161/1/314
f 4155/1/314 4163/1/314 4162/1/314
f 4155/1/314 4164/1/314 4163/1/314
f 4155/1/314 4165/1/314 4164/1/314
f 4155/1/314 4166/1/314 4165/1/314
f 4155/1/314 4167/1/314 4166/1/314
f 4155/1/314 4157/1/314 4167/1/314
f 4157/1/756 4156/1/756 4168/1/756 4169/1/756
f 4156/1/755 4158/1/755 4170/1/755 4168/1/755
f 4158/1/754 4159/1/754 4171/1/754 4170/1/754
f 4159/1/753 4160/1/753 4172/1/753 4171/1/753
f 4160/1/752 4161/1/752 4173/1/752 4172/1/752
f 4161/1/751 4162/1/751 4174/1/751 4173/1/751
f 4162/1/762 4163/1/762 4175/1/762 4174/1/762
f 4163/1/761 4164/1/761 4176/1/761 4175/1/761
f 4164/1/760 4165/1/760 4177/1/760 4176/1/760
f 4165/1/759 4166/1/759 4178/1/759 4177/1/759
f 4166/1/758 4167/1/758 4179/1/758 4178/1/758
f 4167/1/757 4157/1/757 4169/1/757 4179/1/757
f 4169/1/313 4168/1/313 4180/1/313
f 4168/1/313 4170/1/313 4180/1/313
f 4170/1/313 4171/1/313 4180/1/313
f 4171/1/313 4172/1/313 4180/1/313
f 4172/1/313 4173/1/313 4180/1/313
f 4173/1/313 4174/1/313 4180/1/313
f 4174/1/313 4175/1/313 4180/1/313
f 4175/1/313 4176/1/313 4180/1/313
f 4176/1/313 4177/1/313 4180/1/313
f 4177/1/313 4178/1/313 4180/1/313
f 4178/1/313 4179/1/313 4180/1/313
f 4179/1/313 4169/1/313 4180/1/313
usemtl armor_edge
f 4181/1/313 4182/1/313 4183/1/313
usemtl obsidian
f 4184/1/314 4185/1/314 4186/1/314
usemtl armor_edge
f 4181/1/313 4183/1/313 4187/1/313
usemtl obsidian
f 4184/1/312 4188/1/312 4185/1/312
f 4184/1/282 4186/1/282 4182/1/282 4181/1/282
f 4186/1/320 4185/1/320 4183/1/320 4182/1/320
f 4185/1/18 4188/1/18 4187/1/18 4183/1/18
f 4188/1/337 4184/1/337 4181/1/337 4187/1/337
usemtl lilac
f 4189/1/313 4190/1/313 4191/1/313
usemtl obsidian
f 4192/1/314 4193/1/314 4194/1/314
usemtl lilac
f 4189/1/313 4191/1/313 4195/1/313
usemtl obsidian
f 4192/1/312 4196/1/312 4193/1/312
f 4192/1/282 4194/1/282 4190/1/282 4189/1/282
f 4194/1/320 4193/1/320 4191/1/320 4190/1/320
f 4193/1/18 4196/1/18 4195/1/18 4191/1/18
f 4196/1/337 4192/1/337 4189/1/337 4195/1/337
usemtl armor_edge
f 4197/1/313 4198/1/313 4199/1/313
usemtl obsidian
f 4200/1/314 4201/1/314 4202/1/314
usemtl armor_edge
f 4197/1/313 4199/1/313 4203/1/313
usemtl obsidian
f 4200/1/312 4204/1/312 4201/1/312
f 4200/1/282 4202/1/282 4198/1/282 4197/1/282
f 4202/1/320 4201/1/320 4199/1/320 4198/1/320
f 4201/1/18 4204/1/18 4203/1/18 4199/1/18
f 4204/1/337 4200/1/337 4197/1/337 4203/1/337
usemtl lilac
f 4205/1/313 4206/1/313 4207/1/313
usemtl obsidian
f 4208/1/314 4209/1/314 4210/1/314
usemtl lilac
f 4205/1/313 4207/1/313 4211/1/313
usemtl obsidian
f 4208/1/312 4212/1/312 4209/1/312
f 4208/1/282 4210/1/282 4206/1/282 4205/1/282
f 4210/1/320 4209/1/320 4207/1/320 4206/1/320
f 4209/1/18 4212/1/18 4211/1/18 4207/1/18
f 4212/1/337 4208/1/337 4205/1/337 4211/1/337
usemtl armor_edge
f 4213/1/313 4214/1/313 4215/1/313
usemtl obsidian
f 4216/1/314 4217/1/314 4218/1/314
usemtl armor_edge
f 4213/1/313 4215/1/313 4219/1/313
usemtl obsidian
f 4216/1/312 4220/1/312 4217/1/312
f 4216/1/282 4218/1/282 4214/1/282 4213/1/282
f 4218/1/320 4217/1/320 4215/1/320 4214/1/320
f 4217/1/18 4220/1/18 4219/1/18 4215/1/18
f 4220/1/337 4216/1/337 4213/1/337 4219/1/337
usemtl lilac
f 4221/1/313 4222/1/313 4223/1/313
usemtl obsidian
f 4224/1/314 4225/1/314 4226/1/314
usemtl lilac
f 4221/1/313 4223/1/313 4227/1/313
usemtl obsidian
f 4224/1/312 4228/1/312 4225/1/312
f 4224/1/282 4226/1/282 4222/1/282 4221/1/282
f 4226/1/320 4225/1/320 4223/1/320 4222/1/320
f 4225/1/18 4228/1/18 4227/1/18 4223/1/18
f 4228/1/337 4224/1/337 4221/1/337 4227/1/337
usemtl armor_edge
f 4229/1/313 4230/1/313 4231/1/313
usemtl obsidian
f 4232/1/314 4233/1/314 4234/1/314
usemtl armor_edge
f 4229/1/313 4231/1/313 4235/1/313
usemtl obsidian
f 4232/1/312 4236/1/312 4233/1/312
f 4232/1/282 4234/1/282 4230/1/282 4229/1/282
f 4234/1/320 4233/1/320 4231/1/320 4230/1/320
f 4233/1/18 4236/1/18 4235/1/18 4231/1/18
f 4236/1/337 4232/1/337 4229/1/337 4235/1/337
usemtl lilac
f 4237/1/313 4238/1/313 4239/1/313
usemtl obsidian
f 4240/1/314 4241/1/314 4242/1/314
usemtl lilac
f 4237/1/313 4239/1/313 4243/1/313
usemtl obsidian
f 4240/1/312 4244/1/312 4241/1/312
f 4240/1/282 4242/1/282 4238/1/282 4237/1/282
f 4242/1/320 4241/1/320 4239/1/320 4238/1/320
f 4241/1/18 4244/1/18 4243/1/18 4239/1/18
f 4244/1/337 4240/1/337 4237/1/337 4243/1/337
usemtl armor_edge
f 4245/1/313 4246/1/313 4247/1/313
usemtl obsidian
f 4248/1/314 4249/1/314 4250/1/314
usemtl armor_edge
f 4245/1/313 4247/1/313 4251/1/313
usemtl obsidian
f 4248/1/312 4252/1/312 4249/1/312
f 4248/1/282 4250/1/282 4246/1/282 4245/1/282
f 4250/1/320 4249/1/320 4247/1/320 4246/1/320
f 4249/1/18 4252/1/18 4251/1/18 4247/1/18
f 4252/1/337 4248/1/337 4245/1/337 4251/1/337
usemtl lilac
f 4253/1/313 4254/1/313 4255/1/313
usemtl obsidian
f 4256/1/314 4257/1/314 4258/1/314
usemtl lilac
f 4253/1/313 4255/1/313 4259/1/313
usemtl obsidian
f 4256/1/312 4260/1/312 4257/1/312
f 4256/1/282 4258/1/282 4254/1/282 4253/1/282
f 4258/1/320 4257/1/320 4255/1/320 4254/1/320
f 4257/1/18 4260/1/18 4259/1/18 4255/1/18
f 4260/1/337 4256/1/337 4253/1/337 4259/1/337
usemtl lilac
f 4261/1/59 4262/1/56 4263/1/3
f 4264/1/63 4261/1/59 4263/1/3
f 4265/1/67 4264/1/63 4263/1/3
f 4266/1/71 4265/1/67 4263/1/3
f 4267/1/75 4266/1/71 4263/1/3
f 4262/1/79 4267/1/75 4263/1/3
f 4261/1/59 4268/1/134 4269/1/131 4262/1/56
f 4264/1/63 4270/1/138 4268/1/134 4261/1/59
f 4265/1/67 4271/1/142 4270/1/138 4264/1/63
f 4266/1/71 4272/1/146 4271/1/142 4265/1/67
f 4267/1/75 4273/1/150 4272/1/146 4266/1/71
f 4262/1/79 4269/1/154 4273/1/150 4267/1/75
f 4268/1/134 4274/1/209 4275/1/206 4269/1/131
f 4270/1/138 4276/1/213 4274/1/209 4268/1/134
f 4271/1/142 4277/1/217 4276/1/213 4270/1/138
f 4272/1/146 4278/1/221 4277/1/217 4271/1/142
f 4273/1/150 4279/1/225 4278/1/221 4272/1/146
f 4269/1/154 4275/1/229 4279/1/225 4273/1/150
f 4274/1/209 4280/1/280 4275/1/206
f 4276/1/213 4280/1/280 4274/1/209
f 4277/1/217 4280/1/281 4276/1/213
f 4278/1/221 4280/1/281 4277/1/217
f 4279/1/225 4280/1/282 4278/1/221
f 4275/1/229 4280/1/283 4279/1/225
g shell_8
usemtl armor
f 4281/1/338 4282/1/338 4283/1/338
usemtl obsidian
f 4284/1/339 4285/1/339 4286/1/339
usemtl armor
f 4281/1/340 4283/1/340 4287/1/340
usemtl obsidian
f 4284/1/341 4288/1/341 4285/1/341
usemtl armor
f 4281/1/338 4287/1/338 4289/1/338
usemtl obsidian
f 4284/1/339 4290/1/339 4288/1/339
f 4284/1/342 4286/1/342 4282/1/342 4281/1/342
f 4286/1/343 4285/1/343 4283/1/343 4282/1/343
f 4285/1/344 4288/1/344 4287/1/344 4283/1/344
f 4288/1/345 4290/1/345 4289/1/345 4287/1/345
f 4290/1/346 4284/1/346 4281/1/346 4289/1/346
f 4291/1/338 4292/1/338 4293/1/338
usemtl armor_edge
f 4294/1/339 4295/1/339 4296/1/339
usemtl obsidian
f 4291/1/340 4293/1/340 4297/1/340
usemtl armor_edge
f 4294/1/341 4298/1/341 4295/1/341
usemtl obsidian
f 4291/1/338 4297/1/338 4299/1/338
usemtl armor_edge
f 4294/1/339 4300/1/339 4298/1/339
f 4294/1/342 4296/1/342 4292/1/342 4291/1/342
f 4296/1/343 4295/1/343 4293/1/343 4292/1/343
f 4295/1/344 4298/1/344 4297/1/344 4293/1/344
f 4298/1/345 4300/1/345 4299/1/345 4297/1/345
f 4300/1/346 4294/1/346 4291/1/346 4299/1/346
usemtl violet
f 4301/1/338 4302/1/338 4303/1/338 4304/1/338
usemtl armor_edge
f 4305/1/341 4306/1/341 4307/1/341 4308/1/341
f 4301/1/502 4305/1/502 4308/1/502 4302/1/502
f 4304/1/503 4303/1/503 4307/1/503 4306/1/503
usemtl violet
f 4302/1/340 4309/1/340 4310/1/340 4303/1/340
usemtl armor_edge
f 4308/1/341 4307/1/341 4311/1/341 4312/1/341
f 4302/1/343 4308/1/343 4312/1/343 4309/1/343
f 4303/1/363 4310/1/363 4311/1/363 4307/1/363
usemtl violet
f 4309/1/340 4313/1/340 4314/1/340 4310/1/340
usemtl armor_edge
f 4312/1/341 4311/1/341 4315/1/341 4316/1/341
f 4309/1/344 4312/1/344 4316/1/344 4313/1/344
f 4310/1/362 4314/1/362 4315/1/362 4311/1/362
usemtl violet
f 4313/1/338 4317/1/338 4318/1/338 4314/1/338
usemtl armor_edge
f 4316/1/341 4315/1/341 4319/1/341 4320/1/341
f 4313/1/345 4316/1/345 4320/1/345 4317/1/345
f 4314/1/361 4318/1/361 4319/1/361 4315/1/361
usemtl violet
f 4317/1/338 4301/1/338 4304/1/338 4318/1/338
usemtl armor_edge
f 4320/1/339 4319/1/339 4306/1/339 4305/1/339
f 4317/1/346 4320/1/346 4305/1/346 4301/1/346
f 4318/1/365 4304/1/365 4306/1/365 4319/1/365
usemtl violet
f 4321/1/338 4322/1/338 4323/1/338
usemtl armor_edge
f 4324/1/339 4325/1/339 4326/1/339
usemtl violet
f 4327/1/338 4321/1/338 4323/1/338
usemtl armor_edge
f 4325/1/339 4328/1/339 4326/1/339
f 4323/1/575 4322/1/575 4324/1/575 4326/1/575
f 4322/1/362 4321/1/362 4325/1/362 4324/1/362
f 4321/1/574 4327/1/574 4328/1/574 4325/1/574
f 4327/1/344 4323/1/344 4326/1/344 4328/1/344
usemtl violet
f 4329/1/338 4330/1/338 4331/1/338
usemtl armor_edge
f 4332/1/339 4333/1/339 4334/1/339
usemtl violet
f 4335/1/338 4329/1/338 4331/1/338
usemtl armor_edge
f 4333/1/339 4336/1/339 4334/1/339
f 4331/1/736 4330/1/736 4332/1/736 4334/1/736
f 4330/1/365 4329/1/365 4333/1/365 4332/1/365
f 4329/1/735 4335/1/735 4336/1/735 4333/1/735
f 4335/1/346 4331/1/346 4334/1/346 4336/1/346
usemtl violet
f 4337/1/340 4338/1/340 4339/1/340
usemtl armor_edge
f 4340/1/341 4341/1/341 4342/1/341
usemtl violet
f 4343/1/340 4337/1/340 4339/1/340
usemtl armor_edge
f 4341/1/341 4344/1/341 4342/1/341
f 4339/1/867 4338/1/867 4340/1/867 4342/1/867
f 4338/1/363 4337/1/363 4341/1/363 4340/1/363
f 4337/1/866 4343/1/866 4344/1/866 4341/1/866
f 4343/1/343 4339/1/343 4342/1/343 4344/1/343
usemtl obsidian
f 4345/1/341 4346/1/341 4347/1/341
f 4345/1/341 4348/1/341 4346/1/341
f 4345/1/341 4349/1/341 4348/1/341
f 4345/1/341 4350/1/341 4349/1/341
f 4345/1/341 4351/1/341 4350/1/341
f 4345/1/341 4352/1/341 4351/1/341
f 4345/1/341 4353/1/341 4352/1/341
f 4345/1/341 4354/1/341 4353/1/341
f 4345/1/341 4355/1/341 4354/1/341
f 4345/1/341 4356/1/341 4355/1/341
f 4345/1/341 4357/1/341 4356/1/341
f 4345/1/341 4347/1/341 4357/1/341
f 4347/1/964 4346/1/964 4358/1/964 4359/1/964
f 4346/1/965 4348/1/965 4360/1/965 4358/1/965
f 4348/1/966 4349/1/966 4361/1/966 4360/1/966
f 4349/1/967 4350/1/967 4362/1/967 4361/1/967
f 4350/1/968 4351/1/968 4363/1/968 4362/1/968
f 4351/1/969 4352/1/969 4364/1/969 4363/1/969
f 4352/1/970 4353/1/970 4365/1/970 4364/1/970
f 4353/1/971 4354/1/971 4366/1/971 4365/1/971
f 4354/1/972 4355/1/972 4367/1/972 4366/1/972
f 4355/1/973 4356/1/973 4368/1/973 4367/1/973
f 4356/1/974 4357/1/974 4369/1/974 4368/1/974
f 4357/1/975 4347/1/975 4359/1/975 4369/1/975
f 4359/1/976 4358/1/976 4370/1/976 4371/1/976
f 4358/1/977 4360/1/977 4372/1/977 4370/1/977
f 4360/1/978 4361/1/978 4373/1/978 4372/1/978
f 4361/1/979 4362/1/979 4374/1/979 4373/1/979
f 4362/1/980 4363/1/980 4375/1/980 4374/1/980
f 4363/1/981 4364/1/981 4376/1/981 4375/1/981
f 4364/1/982 4365/1/982 4377/1/982 4376/1/982
f 4365/1/983 4366/1/983 4378/1/983 4377/1/983
f 4366/1/984 4367/1/984 4379/1/984 4378/1/984
f 4367/1/985 4368/1/985 4380/1/985 4379/1/985
f 4368/1/986 4369/1/986 4381/1/986 4380/1/986
f 4369/1/987 4359/1/987 4371/1/987 4381/1/987
f 4371/1/988 4370/1/988 4382/1/988 4383/1/988
f 4370/1/989 4372/1/989 4384/1/989 4382/1/989
f 4372/1/990 4373/1/990 4385/1/990 4384/1/990
f 4373/1/991 4374/1/991 4386/1/991 4385/1/991
f 4374/1/992 4375/1/992 4387/1/992 4386/1/992
f 4375/1/993 4376/1/993 4388/1/993 4387/1/993
f 4376/1/994 4377/1/994 4389/1/994 4388/1/994
f 4377/1/995 4378/1/995 4390/1/995 4389/1/995
f 4378/1/996 4379/1/996 4391/1/996 4390/1/996
f 4379/1/997 4380/1/997 4392/1/997 4391/1/997
f 4380/1/998 4381/1/998 4393/1/998 4392/1/998
f 4381/1/999 4371/1/999 4383/1/999 4393/1/999
f 4383/1/338 4382/1/338 4394/1/338 4395/1/338
f 4382/1/338 4384/1/338 4396/1/338 4394/1/338
f 4384/1/338 4385/1/338 4397/1/338 4396/1/338
f 4385/1/338 4386/1/338 4398/1/338 4397/1/338
f 4386/1/338 4387/1/338 4399/1/338 4398/1/338
f 4387/1/338 4388/1/338 4400/1/338 4399/1/338
f 4388/1/338 4389/1/338 4401/1/338 4400/1/338
f 4389/1/338 4390/1/338 4402/1/338 4401/1/338
f 4390/1/338 4391/1/338 4403/1/338 4402/1/338
f 4391/1/338 4392/1/338 4404/1/338 4403/1/338
f 4392/1/338 4393/1/338 4405/1/338 4404/1/338
f 4393/1/338 4383/1/338 4395/1/338 4405/1/338
f 4395/1/982 4394/1/982 4406/1/982 4407/1/982
f 4394/1/983 4396/1/983 4408/1/983 4406/1/983
f 4396/1/984 4397/1/984 4409/1/984 4408/1/984
f 4397/1/985 4398/1/985 4410/1/985 4409/1/985
f 4398/1/986 4399/1/986 4411/1/986 4410/1/986
f 4399/1/987 4400/1/987 4412/1/987 4411/1/987
f 4400/1/976 4401/1/976 4413/1/976 4412/1/976
f 4401/1/977 4402/1/977 4414/1/977 4413/1/977
f 4402/1/978 4403/1/978 4415/1/978 4414/1/978
f 4403/1/979 4404/1/979 4416/1/979 4415/1/979
f 4404/1/980 4405/1/980 4417/1/980 4416/1/980
f 4405/1/981 4395/1/981 4407/1/981 4417/1/981
f 4407/1/338 4406/1/338 4418/1/338
f 4406/1/338 4408/1/338 4418/1/338
f 4408/1/338 4409/1/338 4418/1/338
f 4409/1/338 4410/1/338 4418/1/338
f 4410/1/338 4411/1/338 4418/1/338
f 4411/1/338 4412/1/338 4418/1/338
f 4412/1/338 4413/1/338 4418/1/338
f 4413/1/338 4414/1/338 4418/1/338
f 4414/1/338 4415/1/338 4418/1/338
f 4415/1/338 4416/1/338 4418/1/338
f 4416/1/338 4417/1/338 4418/1/338
f 4417/1/338 4407/1/338 4418/1/338
usemtl armor_edge
f 4419/1/1000 4420/1/1000 4421/1/1000 4422/1/1000
f 4420/1/1001 4423/1/1001 4424/1/1001 4421/1/1001
f 4423/1/1002 4425/1/1002 4426/1/1002 4424/1/1002
f 4425/1/1003 4427/1/1003 4428/1/1003 4426/1/1003
f 4427/1/1004 4429/1/1004 4430/1/1004 4428/1/1004
f 4429/1/1005 4431/1/1005 4432/1/1005 4430/1/1005
f 4431/1/1006 4433/1/1006 4434/1/1006 4432/1/1006
f 4433/1/1007 4435/1/1007 4436/1/1007 4434/1/1007
f 4435/1/1008 4437/1/1008 4438/1/1008 4436/1/1008
f 4437/1/1009 4439/1/1009 4440/1/1009 4438/1/1009
f 4439/1/1010 4441/1/1010 4442/1/1010 4440/1/1010
f 4441/1/1011 4419/1/1011 4422/1/1011 4442/1/1011
f 4422/1/976 4421/1/976 4443/1/976 4444/1/976
f 4421/1/977 4424/1/977 4445/1/977 4443/1/977
f 4424/1/978 4426/1/978 4446/1/978 4445/1/978
f 4426/1/979 4428/1/979 4447/1/979 4446/1/979
f 4428/1/980 4430/1/980 4448/1/980 4447/1/980
f 4430/1/981 4432/1/981 4449/1/981 4448/1/981
f 4432/1/982 4434/1/982 4450/1/982 4449/1/982
f 4434/1/983 4436/1/983 4451/1/983 4450/1/983
f 4436/1/984 4438/1/984 4452/1/984 4451/1/984
f 4438/1/985 4440/1/985 4453/1/985 4452/1/985
f 4440/1/986 4442/1/986 4454/1/986 4453/1/986
f 4442/1/987 4422/1/987 4444/1/987 4454/1/987
f 4444/1/1012 4443/1/1012 4455/1/1012 4456/1/1012
f 4443/1/1013 4445/1/1013 4457/1/1013 4455/1/1013
f 4445/1/1014 4446/1/1014 4458/1/1014 4457/1/1014
f 4446/1/1015 4447/1/1015 4459/1/1015 4458/1/1015
f 4447/1/1016 4448/1/1016 4460/1/1016 4459/1/1016
f 4448/1/1017 4449/1/1017 4461/1/1017 4460/1/1017
f 4449/1/1018 4450/1/1018 4462/1/1018 4461/1/1018
f 4450/1/1019 4451/1/1019 4463/1/1019 4462/1/1019
f 4451/1/1020 4452/1/1020 4464/1/1020 4463/1/1020
f 4452/1/1021 4453/1/1021 4465/1/1021 4464/1/1021
f 4453/1/1022 4454/1/1022 4466/1/1022 4465/1/1022
f 4454/1/1023 4444/1/1023 4456/1/1023 4466/1/1023
f 4456/1/982 4455/1/982 4420/1/982 4419/1/982
f 4455/1/983 4457/1/983 4423/1/983 4420/1/983
f 4457/1/984 4458/1/984 4425/1/984 4423/1/984
f 4458/1/985 4459/1/985 4427/1/985 4425/1/985
f 4459/1/986 4460/1/986 4429/1/986 4427/1/986
f 4460/1/987 4461/1/987 4431/1/987 4429/1/987
f 4461/1/976 4462/1/976 4433/1/976 4431/1/976
f 4462/1/977 4463/1/977 4435/1/977 4433/1/977
f 4463/1/978 4464/1/978 4437/1/978 4435/1/978
f 4464/1/979 4465/1/979 4439/1/979 4437/1/979
f 4465/1/980 4466/1/980 4441/1/980 4439/1/980
f 4466/1/981 4456/1/981 4419/1/981 4441/1/981
usemtl violet
f 4467/1/341 4468/1/341 4469/1/341
f 4467/1/341 4470/1/341 4468/1/341
f 4467/1/341 4471/1/341 4470/1/341
f 4467/1/341 4472/1/341 4471/1/341
f 4467/1/341 4473/1/341 4472/1/341
f 4467/1/341 4474/1/341 4473/1/341
f 4467/1/341 4475/1/341 4474/1/341
f 4467/1/341 4476/1/341 4475/1/341
f 4467/1/341 4477/1/341 4476/1/341
f 4467/1/341 4478/1/341 4477/1/341
f 4467/1/341 4479/1/341 4478/1/341
f 4467/1/341 4469/1/341 4479/1/341
f 4469/1/976 4468/1/976 4480/1/976 4481/1/976
f 4468/1/977 4470/1/977 4482/1/977 4480/1/977
f 4470/1/978 4471/1/978 4483/1/978 4482/1/978
f 4471/1/979 4472/1/979 4484/1/979 4483/1/979
f 4472/1/980 4473/1/980 4485/1/980 4484/1/980
f 4473/1/981 4474/1/981 4486/1/981 4485/1/981
f 4474/1/982 4475/1/982 4487/1/982 4486/1/982
f 4475/1/983 4476/1/983 4488/1/983 4487/1/983
f 4476/1/984 4477/1/984 4489/1/984 4488/1/984
f 4477/1/985 4478/1/985 4490/1/985 4489/1/985
f 4478/1/986 4479/1/986 4491/1/986 4490/1/986
f 4479/1/987 4469/1/987 4481/1/987 4491/1/987
f 4481/1/338 4480/1/338 4492/1/338
f 4480/1/338 4482/1/338 4492/1/338
f 4482/1/338 4483/1/338 4492/1/338
f 4483/1/338 4484/1/338 4492/1/338
f 4484/1/338 4485/1/338 4492/1/338
f 4485/1/338 4486/1/338 4492/1/338
f 4486/1/338 4487/1/338 4492/1/338
f 4487/1/338 4488/1/338 4492/1/338
f 4488/1/338 4489/1/338 4492/1/338
f 4489/1/338 4490/1/338 4492/1/338
f 4490/1/338 4491/1/338 4492/1/338
f 4491/1/338 4481/1/338 4492/1/338
usemtl armor_edge
f 4493/1/338 4494/1/338 4495/1/338
usemtl obsidian
f 4496/1/339 4497/1/339 4498/1/339
usemtl armor_edge
f 4493/1/338 4495/1/338 4499/1/338
usemtl obsidian
f 4496/1/341 4500/1/341 4497/1/341
f 4496/1/342 4498/1/342 4494/1/342 4493/1/342
f 4498/1/1024 4497/1/1024 4495/1/1024 4494/1/1024
f 4497/1/364 4500/1/364 4499/1/364 4495/1/364
f 4500/1/148 4496/1/148 4493/1/148 4499/1/148
usemtl lilac
f 4501/1/338 4502/1/338 4503/1/338
usemtl obsidian
f 4504/1/339 4505/1/339 4506/1/339
usemtl lilac
f 4501/1/338 4503/1/338 4507/1/338
usemtl obsidian
f 4504/1/341 4508/1/341 4505/1/341
f 4504/1/342 4506/1/342 4502/1/342 4501/1/342
f 4506/1/1024 4505/1/1024 4503/1/1024 4502/1/1024
f 4505/1/364 4508/1/364 4507/1/364 4503/1/364
f 4508/1/148 4504/1/148 4501/1/148 4507/1/148
usemtl armor_edge
f 4509/1/338 4510/1/338 4511/1/338
usemtl obsidian
f 4512/1/339 4513/1/339 4514/1/339
usemtl armor_edge
f 4509/1/338 4511/1/338 4515/1/338
usemtl obsidian
f 4512/1/341 4516/1/341 4513/1/341
f 4512/1/342 4514/1/342 4510/1/342 4509/1/342
f 4514/1/1024 4513/1/1024 4511/1/1024 4510/1/1024
f 4513/1/364 4516/1/364 4515/1/364 4511/1/364
f 4516/1/148 4512/1/148 4509/1/148 4515/1/148
usemtl lilac
f 4517/1/338 4518/1/338 4519/1/338
usemtl obsidian
f 4520/1/339 4521/1/339 4522/1/339
usemtl lilac
f 4517/1/338 4519/1/338 4523/1/338
usemtl obsidian
f 4520/1/341 4524/1/341 4521/1/341
f 4520/1/342 4522/1/342 4518/1/342 4517/1/342
f 4522/1/1024 4521/1/1024 4519/1/1024 4518/1/1024
f 4521/1/364 4524/1/364 4523/1/364 4519/1/364
f 4524/1/148 4520/1/148 4517/1/148 4523/1/148
usemtl armor_edge
f 4525/1/338 4526/1/338 4527/1/338
usemtl obsidian
f 4528/1/339 4529/1/339 4530/1/339
usemtl armor_edge
f 4525/1/338 4527/1/338 4531/1/338
usemtl obsidian
f 4528/1/341 4532/1/341 4529/1/341
f 4528/1/342 4530/1/342 4526/1/342 4525/1/342
f 4530/1/1024 4529/1/1024 4527/1/1024 4526/1/1024
f 4529/1/364 4532/1/364 4531/1/364 4527/1/364
f 4532/1/148 4528/1/148 4525/1/148 4531/1/148
usemtl lilac
f 4533/1/338 4534/1/338 4535/1/338
usemtl obsidian
f 4536/1/339 4537/1/339 4538/1/339
usemtl lilac
f 4533/1/338 4535/1/338 4539/1/338
usemtl obsidian
f 4536/1/341 4540/1/341 4537/1/341
f 4536/1/342 4538/1/342 4534/1/342 4533/1/342
f 4538/1/1024 4537/1/1024 4535/1/1024 4534/1/1024
f 4537/1/364 4540/1/364 4539/1/364 4535/1/364
f 4540/1/148 4536/1/148 4533/1/148 4539/1/148
usemtl armor_edge
f 4541/1/338 4542/1/338 4543/1/338
usemtl obsidian
f 4544/1/339 4545/1/339 4546/1/339
usemtl armor_edge
f 4541/1/338 4543/1/338 4547/1/338
usemtl obsidian
f 4544/1/341 4548/1/341 4545/1/341
f 4544/1/342 4546/1/342 4542/1/342 4541/1/342
f 4546/1/1024 4545/1/1024 4543/1/1024 4542/1/1024
f 4545/1/364 4548/1/364 4547/1/364 4543/1/364
f 4548/1/148 4544/1/148 4541/1/148 4547/1/148
usemtl lilac
f 4549/1/338 4550/1/338 4551/1/338
usemtl obsidian
f 4552/1/339 4553/1/339 4554/1/339
usemtl lilac
f 4549/1/338 4551/1/338 4555/1/338
usemtl obsidian
f 4552/1/341 4556/1/341 4553/1/341
f 4552/1/342 4554/1/342 4550/1/342 4549/1/342
f 4554/1/1024 4553/1/1024 4551/1/1024 4550/1/1024
f 4553/1/364 4556/1/364 4555/1/364 4551/1/364
f 4556/1/148 4552/1/148 4549/1/148 4555/1/148
usemtl armor_edge
f 4557/1/338 4558/1/338 4559/1/338
usemtl obsidian
f 4560/1/339 4561/1/339 4562/1/339
usemtl armor_edge
f 4557/1/338 4559/1/338 4563/1/338
usemtl obsidian
f 4560/1/341 4564/1/341 4561/1/341
f 4560/1/342 4562/1/342 4558/1/342 4557/1/342
f 4562/1/1024 4561/1/1024 4559/1/1024 4558/1/1024
f 4561/1/364 4564/1/364 4563/1/364 4559/1/364
f 4564/1/148 4560/1/148 4557/1/148 4563/1/148
usemtl lilac
f 4565/1/338 4566/1/338 4567/1/338
usemtl obsidian
f 4568/1/339 4569/1/339 4570/1/339
usemtl lilac
f 4565/1/338 4567/1/338 4571/1/338
usemtl obsidian
f 4568/1/341 4572/1/341 4569/1/341
f 4568/1/342 4570/1/342 4566/1/342 4565/1/342
f 4570/1/1024 4569/1/1024 4567/1/1024 4566/1/1024
f 4569/1/364 4572/1/364 4571/1/364 4567/1/364
f 4572/1/148 4568/1/148 4565/1/148 4571/1/148
usemtl lilac
f 4573/1/59 4574/1/56 4575/1/3
f 4576/1/63 4573/1/59 4575/1/3
f 4577/1/67 4576/1/63 4575/1/3
f 4578/1/71 4577/1/67 4575/1/3
f 4579/1/75 4578/1/71 4575/1/3
f 4574/1/79 4579/1/75 4575/1/3
f 4573/1/59 4580/1/134 4581/1/131 4574/1/56
f 4576/1/63 4582/1/138 4580/1/134 4573/1/59
f 4577/1/67 4583/1/142 4582/1/138 4576/1/63
f 4578/1/71 4584/1/146 4583/1/142 4577/1/67
f 4579/1/75 4585/1/150 4584/1/146 4578/1/71
f 4574/1/79 4581/1/154 4585/1/150 4579/1/75
f 4580/1/134 4586/1/209 4587/1/206 4581/1/131
f 4582/1/138 4588/1/213 4586/1/209 4580/1/134
f 4583/1/142 4589/1/217 4588/1/213 4582/1/138
f 4584/1/146 4590/1/221 4589/1/217 4583/1/142
f 4585/1/150 4591/1/225 4590/1/221 4584/1/146
f 4581/1/154 4587/1/229 4591/1/225 4585/1/150
f 4586/1/209 4592/1/280 4587/1/206
f 4588/1/213 4592/1/280 4586/1/209
f 4589/1/217 4592/1/281 4588/1/213
f 4590/1/221 4592/1/281 4589/1/217
f 4591/1/225 4592/1/282 4590/1/221
f 4587/1/229 4592/1/283 4591/1/225
g shell_9
usemtl armor
f 4593/1/347 4594/1/347 4595/1/347
usemtl obsidian
f 4596/1/348 4597/1/348 4598/1/348
usemtl armor
f 4593/1/347 4595/1/347 4599/1/347
usemtl obsidian
f 4596/1/349 4600/1/349 4597/1/349
usemtl armor
f 4593/1/350 4599/1/350 4601/1/350
usemtl obsidian
f 4596/1/348 4602/1/348 4600/1/348
f 4596/1/351 4598/1/351 4594/1/351 4593/1/351
f 4598/1/352 4597/1/352 4595/1/352 4594/1/352
f 4597/1/353 4600/1/353 4599/1/353 4595/1/353
f 4600/1/354 4602/1/354 4601/1/354 4599/1/354
f 4602/1/355 4596/1/355 4593/1/355 4601/1/355
f 4603/1/347 4604/1/347 4605/1/347
usemtl armor_edge
f 4606/1/348 4607/1/348 4608/1/348
usemtl obsidian
f 4603/1/347 4605/1/347 4609/1/347
usemtl armor_edge
f 4606/1/349 4610/1/349 4607/1/349
usemtl obsidian
f 4603/1/350 4609/1/350 4611/1/350
usemtl armor_edge
f 4606/1/348 4612/1/348 4610/1/348
f 4606/1/351 4608/1/351 4604/1/351 4603/1/351
f 4608/1/352 4607/1/352 4605/1/352 4604/1/352
f 4607/1/353 4610/1/353 4609/1/353 4605/1/353
f 4610/1/354 4612/1/354 4611/1/354 4609/1/354
f 4612/1/355 4606/1/355 4603/1/355 4611/1/355
usemtl violet
f 4613/1/347 4614/1/347 4615/1/347 4616/1/347
usemtl armor_edge
f 4617/1/348 4618/1/348 4619/1/348 4620/1/348
f 4613/1/351 4617/1/351 4620/1/351 4614/1/351
f 4616/1/359 4615/1/359 4619/1/359 4618/1/359
usemtl violet
f 4614/1/347 4621/1/347 4622/1/347 4615/1/347
usemtl armor_edge
f 4620/1/349 4619/1/349 4623/1/349 4624/1/349
f 4614/1/352 4620/1/352 4624/1/352 4621/1/352
f 4615/1/358 4622/1/358 4623/1/358 4619/1/358
usemtl violet
f 4621/1/347 4625/1/347 4626/1/347 4622/1/347
usemtl armor_edge
f 4624/1/349 4623/1/349 4627/1/349 4628/1/349
f 4621/1/353 4624/1/353 4628/1/353 4625/1/353
f 4622/1/357 4626/1/357 4627/1/357 4623/1/357
usemtl violet
f 4625/1/350 4629/1/350 4630/1/350 4626/1/350
usemtl armor_edge
f 4628/1/349 4627/1/349 4631/1/349 4632/1/349
f 4625/1/354 4628/1/354 4632/1/354 4629/1/354
f 4626/1/356 4630/1/356 4631/1/356 4627/1/356
usemtl violet
f 4629/1/350 4613/1/350 4616/1/350 4630/1/350
usemtl armor_edge
f 4632/1/348 4631/1/348 4618/1/348 4617/1/348
f 4629/1/355 4632/1/355 4617/1/355 4613/1/355
f 4630/1/360 4616/1/360 4618/1/360 4631/1/360
usemtl violet
f 4633/1/350 4634/1/350 4635/1/350
usemtl armor_edge
f 4636/1/348 4637/1/348 4638/1/348
usemtl violet
f 4639/1/350 4633/1/350 4635/1/350
usemtl armor_edge
f 4637/1/348 4640/1/348 4638/1/348
f 4635/1/508 4634/1/508 4636/1/508 4638/1/508
f 4634/1/357 4633/1/357 4637/1/357 4636/1/357
f 4633/1/507 4639/1/507 4640/1/507 4637/1/507
f 4639/1/353 4635/1/353 4638/1/353 4640/1/353
usemtl violet
f 4641/1/350 4642/1/350 4643/1/350
usemtl armor_edge
f 4644/1/348 4645/1/348 4646/1/348
usemtl violet
f 4647/1/350 4641/1/350 4643/1/350
usemtl armor_edge
f 4645/1/348 4648/1/348 4646/1/348
f 4643/1/738 4642/1/738 4644/1/738 4646/1/738
f 4642/1/360 4641/1/360 4645/1/360 4644/1/360
f 4641/1/737 4647/1/737 4648/1/737 4645/1/737
f 4647/1/355 4643/1/355 4646/1/355 4648/1/355
usemtl violet
f 4649/1/347 4650/1/347 4651/1/347
usemtl armor_edge
f 4652/1/349 4653/1/349 4654/1/349
usemtl violet
f 4655/1/347 4649/1/347 4651/1/347
usemtl armor_edge
f 4653/1/349 4656/1/349 4654/1/349
f 4651/1/802 4650/1/802 4652/1/802 4654/1/802
f 4650/1/358 4649/1/358 4653/1/358 4652/1/358
f 4649/1/801 4655/1/801 4656/1/801 4653/1/801
f 4655/1/352 4651/1/352 4654/1/352 4656/1/352
usemtl obsidian
f 4657/1/348 4658/1/348 4659/1/348
f 4657/1/348 4660/1/348 4658/1/348
f 4657/1/348 4661/1/348 4660/1/348
f 4657/1/348 4662/1/348 4661/1/348
f 4657/1/348 4663/1/348 4662/1/348
f 4657/1/348 4664/1/348 4663/1/348
f 4657/1/348 4665/1/348 4664/1/348
f 4657/1/348 4666/1/348 4665/1/348
f 4657/1/348 4667/1/348 4666/1/348
f 4657/1/348 4668/1/348 4667/1/348
f 4657/1/348 4669/1/348 4668/1/348
f 4657/1/348 4659/1/348 4669/1/348
f 4659/1/1025 4658/1/1025 4670/1/1025 4671/1/1025
f 4658/1/1026 4660/1/1026 4672/1/1026 4670/1/1026
f 4660/1/1027 4661/1/1027 4673/1/1027 4672/1/1027
f 4661/1/1028 4662/1/1028 4674/1/1028 4673/1/1028
f 4662/1/1029 4663/1/1029 4675/1/1029 4674/1/1029
f 4663/1/1030 4664/1/1030 4676/1/1030 4675/1/1030
f 4664/1/1031 4665/1/1031 4677/1/1031 4676/1/1031
f 4665/1/1032 4666/1/1032 4678/1/1032 4677/1/1032
f 4666/1/1033 4667/1/1033 4679/1/1033 4678/1/1033
f 4667/1/1034 4668/1/1034 4680/1/1034 4679/1/1034
f 4668/1/1035 4669/1/1035 4681/1/1035 4680/1/1035
f 4669/1/1036 4659/1/1036 4671/1/1036 4681/1/1036
f 4671/1/1037 4670/1/1037 4682/1/1037 4683/1/1037
f 4670/1/1038 4672/1/1038 4684/1/1038 4682/1/1038
f 4672/1/1039 4673/1/1039 4685/1/1039 4684/1/1039
f 4673/1/1040 4674/1/1040 4686/1/1040 4685/1/1040
f 4674/1/1041 4675/1/1041 4687/1/1041 4686/1/1041
f 4675/1/1042 4676/1/1042 4688/1/1042 4687/1/1042
f 4676/1/1043 4677/1/1043 4689/1/1043 4688/1/1043
f 4677/1/1044 4678/1/1044 4690/1/1044 4689/1/1044
f 4678/1/1045 4679/1/1045 4691/1/1045 4690/1/1045
f 4679/1/1046 4680/1/1046 4692/1/1046 4691/1/1046
f 4680/1/1047 4681/1/1047 4693/1/1047 4692/1/1047
f 4681/1/1048 4671/1/1048 4683/1/1048 4693/1/1048
f 4683/1/1049 4682/1/1049 4694/1/1049 4695/1/1049
f 4682/1/1050 4684/1/1050 4696/1/1050 4694/1/1050
f 4684/1/1051 4685/1/1051 4697/1/1051 4696/1/1051
f 4685/1/1052 4686/1/1052 4698/1/1052 4697/1/1052
f 4686/1/1053 4687/1/1053 4699/1/1053 4698/1/1053
f 4687/1/1054 4688/1/1054 4700/1/1054 4699/1/1054
f 4688/1/1055 4689/1/1055 4701/1/1055 4700/1/1055
f 4689/1/1056 4690/1/1056 4702/1/1056 4701/1/1056
f 4690/1/1057 4691/1/1057 4703/1/1057 4702/1/1057
f 4691/1/1058 4692/1/1058 4704/1/1058 4703/1/1058
f 4692/1/1059 4693/1/1059 4705/1/1059 4704/1/1059
f 4693/1/1060 4683/1/1060 4695/1/1060 4705/1/1060
f 4695/1/347 4694/1/347 4706/1/347 4707/1/347
f 4694/1/347 4696/1/347 4708/1/347 4706/1/347
f 4696/1/347 4697/1/347 4709/1/347 4708/1/347
f 4697/1/347 4698/1/347 4710/1/347 4709/1/347
f 4698/1/347 4699/1/347 4711/1/347 4710/1/347
f 4699/1/347 4700/1/347 4712/1/347 4711/1/347
f 4700/1/347 4701/1/347 4713/1/347 4712/1/347
f 4701/1/347 4702/1/347 4714/1/347 4713/1/347
f 4702/1/347 4703/1/347 4715/1/347 4714/1/347
f 4703/1/347 4704/1/347 4716/1/347 4715/1/347
f 4704/1/347 4705/1/347 4717/1/347 4716/1/347
f 4705/1/347 4695/1/347 4707/1/347 4717/1/347
f 4707/1/1043 4706/1/1043 4718/1/1043 4719/1/1043
f 4706/1/1044 4708/1/1044 4720/1/1044 4718/1/1044
f 4708/1/1045 4709/1/1045 4721/1/1045 4720/1/1045
f 4709/1/1046 4710/1/1046 4722/1/1046 4721/1/1046
f 4710/1/1047 4711/1/1047 4723/1/1047 4722/1/1047
f 4711/1/1048 4712/1/1048 4724/1/1048 4723/1/1048
f 4712/1/1037 4713/1/1037 4725/1/1037 4724/1/1037
f 4713/1/1038 4714/1/1038 4726/1/1038 4725/1/1038
f 4714/1/1039 4715/1/1039 4727/1/1039 4726/1/1039
f 4715/1/1040 4716/1/1040 4728/1/1040 4727/1/1040
f 4716/1/1041 4717/1/1041 4729/1/1041 4728/1/1041
f 4717/1/1042 4707/1/1042 4719/1/1042 4729/1/1042
f 4719/1/347 4718/1/347 4730/1/347
f 4718/1/347 4720/1/347 4730/1/347
f 4720/1/347 4721/1/347 4730/1/347
f 4721/1/347 4722/1/347 4730/1/347
f 4722/1/347 4723/1/347 4730/1/347
f 4723/1/347 4724/1/347 4730/1/347
f 4724/1/347 4725/1/347 4730/1/347
f 4725/1/347 4726/1/347 4730/1/347
f 4726/1/347 4727/1/347 4730/1/347
f 4727/1/347 4728/1/347 4730/1/347
f 4728/1/347 4729/1/347 4730/1/347
f 4729/1/347 4719/1/347 4730/1/347
usemtl armor_edge
f 4731/1/1061 4732/1/1061 4733/1/1061 4734/1/1061
f 4732/1/1062 4735/1/1062 4736/1/1062 4733/1/1062
f 4735/1/1063 4737/1/1063 4738/1/1063 4736/1/1063
f 4737/1/1064 4739/1/1064 4740/1/1064 4738/1/1064
f 4739/1/1065 4741/1/1065 4742/1/1065 4740/1/1065
f 4741/1/1066 4743/1/1066 4744/1/1066 4742/1/1066
f 4743/1/1067 4745/1/1067 4746/1/1067 4744/1/1067
f 4745/1/1068 4747/1/1068 4748/1/1068 4746/1/1068
f 4747/1/1069 4749/1/1069 4750/1/1069 4748/1/1069
f 4749/1/1070 4751/1/1070 4752/1/1070 4750/1/1070
f 4751/1/1071 4753/1/1071 4754/1/1071 4752/1/1071
f 4753/1/1072 4731/1/1072 4734/1/1072 4754/1/1072
f 4734/1/1037 4733/1/1037 4755/1/1037 4756/1/1037
f 4733/1/1038 4736/1/1038 4757/1/1038 4755/1/1038
f 4736/1/1039 4738/1/1039 4758/1/1039 4757/1/1039
f 4738/1/1040 4740/1/1040 4759/1/1040 4758/1/1040
f 4740/1/1041 4742/1/1041 4760/1/1041 4759/1/1041
f 4742/1/1042 4744/1/1042 4761/1/1042 4760/1/1042
f 4744/1/1043 4746/1/1043 4762/1/1043 4761/1/1043
f 4746/1/1044 4748/1/1044 4763/1/1044 4762/1/1044
f 4748/1/1045 4750/1/1045 4764/1/1045 4763/1/1045
f 4750/1/1046 4752/1/1046 4765/1/1046 4764/1/1046
f 4752/1/1047 4754/1/1047 4766/1/1047 4765/1/1047
f 4754/1/1048 4734/1/1048 4756/1/1048 4766/1/1048
f 4756/1/1073 4755/1/1073 4767/1/1073 4768/1/1073
f 4755/1/1074 4757/1/1074 4769/1/1074 4767/1/1074
f 4757/1/1075 4758/1/1075 4770/1/1075 4769/1/1075
f 4758/1/1076 4759/1/1076 4771/1/1076 4770/1/1076
f 4759/1/1077 4760/1/1077 4772/1/1077 4771/1/1077
f 4760/1/1078 4761/1/1078 4773/1/1078 4772/1/1078
f 4761/1/1079 4762/1/1079 4774/1/1079 4773/1/1079
f 4762/1/1080 4763/1/1080 4775/1/1080 4774/1/1080
f 4763/1/1081 4764/1/1081 4776/1/1081 4775/1/1081
f 4764/1/1082 4765/1/1082 4777/1/1082 4776/1/1082
f 4765/1/1083 4766/1/1083 4778/1/1083 4777/1/1083
f 4766/1/1084 4756/1/1084 4768/1/1084 4778/1/1084
f 4768/1/1043 4767/1/1043 4732/1/1043 4731/1/1043
f 4767/1/1044 4769/1/1044 4735/1/1044 4732/1/1044
f 4769/1/1045 4770/1/1045 4737/1/1045 4735/1/1045
f 4770/1/1046 4771/1/1046 4739/1/1046 4737/1/1046
f 4771/1/1047 4772/1/1047 4741/1/1047 4739/1/1047
f 4772/1/1048 4773/1/1048 4743/1/1048 4741/1/1048
f 4773/1/1037 4774/1/1037 4745/1/1037 4743/1/1037
f 4774/1/1038 4775/1/1038 4747/1/1038 4745/1/1038
f 4775/1/1039 4776/1/1039 4749/1/1039 4747/1/1039
f 4776/1/1040 4777/1/1040 4751/1/1040 4749/1/1040
f 4777/1/1041 4778/1/1041 4753/1/1041 4751/1/1041
f 4778/1/1042 4768/1/1042 4731/1/1042 4753/1/1042
usemtl violet
f 4779/1/348 4780/1/348 4781/1/348
f 4779/1/348 4782/1/348 4780/1/348
f 4779/1/348 4783/1/348 4782/1/348
f 4779/1/348 4784/1/348 4783/1/348
f 4779/1/348 4785/1/348 4784/1/348
f 4779/1/348 4786/1/348 4785/1/348
f 4779/1/348 4787/1/348 4786/1/348
f 4779/1/348 4788/1/348 4787/1/348
f 4779/1/348 4789/1/348 4788/1/348
f 4779/1/348 4790/1/348 4789/1/348
f 4779/1/348 4791/1/348 4790/1/348
f 4779/1/348 4781/1/348 4791/1/348
f 4781/1/1037 4780/1/1037 4792/1/1037 4793/1/1037
f 4780/1/1038 4782/1/1038 4794/1/1038 4792/1/1038
f 4782/1/1039 4783/1/1039 4795/1/1039 4794/1/1039
f 4783/1/1040 4784/1/1040 4796/1/1040 4795/1/1040
f 4784/1/1041 4785/1/1041 4797/1/1041 4796/1/1041
f 4785/1/1042 4786/1/1042 4798/1/1042 4797/1/1042
f 4786/1/1043 4787/1/1043 4799/1/1043 4798/1/1043
f 4787/1/1044 4788/1/1044 4800/1/1044 4799/1/1044
f 4788/1/1045 4789/1/1045 4801/1/1045 4800/1/1045
f 4789/1/1046 4790/1/1046 4802/1/1046 4801/1/1046
f 4790/1/1047 4791/1/1047 4803/1/1047 4802/1/1047
f 4791/1/1048 4781/1/1048 4793/1/1048 4803/1/1048
f 4793/1/347 4792/1/347 4804/1/347
f 4792/1/347 4794/1/347 4804/1/347
f 4794/1/347 4795/1/347 4804/1/347
f 4795/1/347 4796/1/347 4804/1/347
f 4796/1/347 4797/1/347 4804/1/347
f 4797/1/347 4798/1/347 4804/1/347
f 4798/1/347 4799/1/347 4804/1/347
f 4799/1/347 4800/1/347 4804/1/347
f 4800/1/347 4801/1/347 4804/1/347
f 4801/1/347 4802/1/347 4804/1/347
f 4802/1/347 4803/1/347 4804/1/347
f 4803/1/347 4793/1/347 4804/1/347
usemtl armor_edge
f 4805/1/347 4806/1/347 4807/1/347
usemtl obsidian
f 4808/1/348 4809/1/348 4810/1/348
usemtl armor_edge
f 4805/1/347 4807/1/347 4811/1/347
usemtl obsidian
f 4808/1/348 4812/1/348 4809/1/348
f 4808/1/351 4810/1/351 4806/1/351 4805/1/351
f 4810/1/148 4809/1/148 4807/1/148 4806/1/148
f 4809/1/504 4812/1/504 4811/1/504 4807/1/504
f 4812/1/1024 4808/1/1024 4805/1/1024 4811/1/1024
usemtl lilac
f 4813/1/347 4814/1/347 4815/1/347
usemtl obsidian
f 4816/1/348 4817/1/348 4818/1/348
usemtl lilac
f 4813/1/347 4815/1/347 4819/1/347
usemtl obsidian
f 4816/1/348 4820/1/348 4817/1/348
f 4816/1/351 4818/1/351 4814/1/351 4813/1/351
f 4818/1/148 4817/1/148 4815/1/148 4814/1/148
f 4817/1/504 4820/1/504 4819/1/504 4815/1/504
f 4820/1/1024 4816/1/1024 4813/1/1024 4819/1/1024
usemtl armor_edge
f 4821/1/347 4822/1/347 4823/1/347
usemtl obsidian
f 4824/1/348 4825/1/348 4826/1/348
usemtl armor_edge
f 4821/1/347 4823/1/347 4827/1/347
usemtl obsidian
f 4824/1/348 4828/1/348 4825/1/348
f 4824/1/351 4826/1/351 4822/1/351 4821/1/351
f 4826/1/148 4825/1/148 4823/1/148 4822/1/148
f 4825/1/504 4828/1/504 4827/1/504 4823/1/504
f 4828/1/1024 4824/1/1024 4821/1/1024 4827/1/1024
usemtl lilac
f 4829/1/347 4830/1/347 4831/1/347
usemtl obsidian
f 4832/1/348 4833/1/348 4834/1/348
usemtl lilac
f 4829/1/347 4831/1/347 4835/1/347
usemtl obsidian
f 4832/1/348 4836/1/348 4833/1/348
f 4832/1/351 4834/1/351 4830/1/351 4829/1/351
f 4834/1/148 4833/1/148 4831/1/148 4830/1/148
f 4833/1/504 4836/1/504 4835/1/504 4831/1/504
f 4836/1/1024 4832/1/1024 4829/1/1024 4835/1/1024
usemtl armor_edge
f 4837/1/347 4838/1/347 4839/1/347
usemtl obsidian
f 4840/1/348 4841/1/348 4842/1/348
usemtl armor_edge
f 4837/1/347 4839/1/347 4843/1/347
usemtl obsidian
f 4840/1/348 4844/1/348 4841/1/348
f 4840/1/351 4842/1/351 4838/1/351 4837/1/351
f 4842/1/148 4841/1/148 4839/1/148 4838/1/148
f 4841/1/504 4844/1/504 4843/1/504 4839/1/504
f 4844/1/1024 4840/1/1024 4837/1/1024 4843/1/1024
usemtl lilac
f 4845/1/347 4846/1/347 4847/1/347
usemtl obsidian
f 4848/1/348 4849/1/348 4850/1/348
usemtl lilac
f 4845/1/347 4847/1/347 4851/1/347
usemtl obsidian
f 4848/1/348 4852/1/348 4849/1/348
f 4848/1/351 4850/1/351 4846/1/351 4845/1/351
f 4850/1/148 4849/1/148 4847/1/148 4846/1/148
f 4849/1/504 4852/1/504 4851/1/504 4847/1/504
f 4852/1/1024 4848/1/1024 4845/1/1024 4851/1/1024
usemtl armor_edge
f 4853/1/347 4854/1/347 4855/1/347
usemtl obsidian
f 4856/1/348 4857/1/348 4858/1/348
usemtl armor_edge
f 4853/1/347 4855/1/347 4859/1/347
usemtl obsidian
f 4856/1/348 4860/1/348 4857/1/348
f 4856/1/351 4858/1/351 4854/1/351 4853/1/351
f 4858/1/148 4857/1/148 4855/1/148 4854/1/148
f 4857/1/504 4860/1/504 4859/1/504 4855/1/504
f 4860/1/1024 4856/1/1024 4853/1/1024 4859/1/1024
usemtl lilac
f 4861/1/347 4862/1/347 4863/1/347
usemtl obsidian
f 4864/1/348 4865/1/348 4866/1/348
usemtl lilac
f 4861/1/347 4863/1/347 4867/1/347
usemtl obsidian
f 4864/1/348 4868/1/348 4865/1/348
f 4864/1/351 4866/1/351 4862/1/351 4861/1/351
f 4866/1/148 4865/1/148 4863/1/148 4862/1/148
f 4865/1/504 4868/1/504 4867/1/504 4863/1/504
f 4868/1/1024 4864/1/1024 4861/1/1024 4867/1/1024
usemtl armor_edge
f 4869/1/347 4870/1/347 4871/1/347
usemtl obsidian
f 4872/1/348 4873/1/348 4874/1/348
usemtl armor_edge
f 4869/1/347 4871/1/347 4875/1/347
usemtl obsidian
f 4872/1/348 4876/1/348 4873/1/348
f 4872/1/351 4874/1/351 4870/1/351 4869/1/351
f 4874/1/148 4873/1/148 4871/1/148 4870/1/148
f 4873/1/504 4876/1/504 4875/1/504 4871/1/504
f 4876/1/1024 4872/1/1024 4869/1/1024 4875/1/1024
usemtl lilac
f 4877/1/347 4878/1/347 4879/1/347
usemtl obsidian
f 4880/1/348 4881/1/348 4882/1/348
usemtl lilac
f 4877/1/347 4879/1/347 4883/1/347
usemtl obsidian
f 4880/1/348 4884/1/348 4881/1/348
f 4880/1/351 4882/1/351 4878/1/351 4877/1/351
f 4882/1/148 4881/1/148 4879/1/148 4878/1/148
f 4881/1/504 4884/1/504 4883/1/504 4879/1/504
f 4884/1/1024 4880/1/1024 4877/1/1024 4883/1/1024
usemtl lilac
f 4885/1/59 4886/1/56 4887/1/3
f 4888/1/63 4885/1/59 4887/1/3
f 4889/1/67 4888/1/63 4887/1/3
f 4890/1/71 4889/1/67 4887/1/3
f 4891/1/75 4890/1/71 4887/1/3
f 4886/1/79 4891/1/75 4887/1/3
f 4885/1/59 4892/1/134 4893/1/131 4886/1/56
f 4888/1/63 4894/1/138 4892/1/134 4885/1/59
f 4889/1/67 4895/1/142 4894/1/138 4888/1/63
f 4890/1/71 4896/1/146 4895/1/142 4889/1/67
f 4891/1/75 4897/1/150 4896/1/146 4890/1/71
f 4886/1/79 4893/1/154 4897/1/150 4891/1/75
f 4892/1/134 4898/1/209 4899/1/206 4893/1/131
f 4894/1/138 4900/1/213 4898/1/209 4892/1/134
f 4895/1/142 4901/1/217 4900/1/213 4894/1/138
f 4896/1/146 4902/1/221 4901/1/217 4895/1/142
f 4897/1/150 4903/1/225 4902/1/221 4896/1/146
f 4893/1/154 4899/1/229 4903/1/225 4897/1/150
f 4898/1/209 4904/1/280 4899/1/206
f 4900/1/213 4904/1/280 4898/1/209
f 4901/1/217 4904/1/281 4900/1/213
f 4902/1/221 4904/1/281 4901/1/217
f 4903/1/225 4904/1/282 4902/1/221
f 4899/1/229 4904/1/283 4903/1/225
g shell_10
usemtl armor
f 4905/1/348 4906/1/348 4907/1/348
usemtl obsidian
f 4908/1/347 4909/1/347 4910/1/347
usemtl armor
f 4905/1/348 4907/1/348 4911/1/348
usemtl obsidian
f 4908/1/347 4912/1/347 4909/1/347
usemtl armor
f 4905/1/348 4911/1/348 4913/1/348
usemtl obsidian
f 4908/1/347 4914/1/347 4912/1/347
f 4908/1/356 4910/1/356 4906/1/356 4905/1/356
f 4910/1/357 4909/1/357 4907/1/357 4906/1/357
f 4909/1/358 4912/1/358 4911/1/358 4907/1/358
f 4912/1/359 4914/1/359 4913/1/359 4911/1/359
f 4914/1/360 4908/1/360 4905/1/360 4913/1/360
f 4915/1/348 4916/1/348 4917/1/348
usemtl armor_edge
f 4918/1/347 4919/1/347 4920/1/347
usemtl obsidian
f 4915/1/348 4917/1/348 4921/1/348
usemtl armor_edge
f 4918/1/347 4922/1/347 4919/1/347
usemtl obsidian
f 4915/1/348 4921/1/348 4923/1/348
usemtl armor_edge
f 4918/1/347 4924/1/347 4922/1/347
f 4918/1/356 4920/1/356 4916/1/356 4915/1/356
f 4920/1/357 4919/1/357 4917/1/357 4916/1/357
f 4919/1/358 4922/1/358 4921/1/358 4917/1/358
f 4922/1/359 4924/1/359 4923/1/359 4921/1/359
f 4924/1/360 4918/1/360 4915/1/360 4923/1/360
usemtl violet
f 4925/1/348 4926/1/348 4927/1/348 4928/1/348
usemtl armor_edge
f 4929/1/350 4930/1/350 4931/1/350 4932/1/350
f 4925/1/356 4929/1/356 4932/1/356 4926/1/356
f 4928/1/354 4927/1/354 4931/1/354 4930/1/354
usemtl violet
f 4926/1/349 4933/1/349 4934/1/349 4927/1/349
usemtl armor_edge
f 4932/1/347 4931/1/347 4935/1/347 4936/1/347
f 4926/1/357 4932/1/357 4936/1/357 4933/1/357
f 4927/1/353 4934/1/353 4935/1/353 4931/1/353
usemtl violet
f 4933/1/348 4937/1/348 4938/1/348 4934/1/348
usemtl armor_edge
f 4936/1/347 4935/1/347 4939/1/347 4940/1/347
f 4933/1/358 4936/1/358 4940/1/358 4937/1/358
f 4934/1/352 4938/1/352 4939/1/352 4935/1/352
usemtl violet
f 4937/1/348 4941/1/348 4942/1/348 4938/1/348
usemtl armor_edge
f 4940/1/347 4939/1/347 4943/1/347 4944/1/347
f 4937/1/504 4940/1/504 4944/1/504 4941/1/504
f 4938/1/351 4942/1/351 4943/1/351 4939/1/351
usemtl violet
f 4941/1/348 4925/1/348 4928/1/348 4942/1/348
usemtl armor_edge
f 4944/1/347 4943/1/347 4930/1/347 4929/1/347
f 4941/1/360 4944/1/360 4929/1/360 4925/1/360
f 4942/1/355 4928/1/355 4930/1/355 4943/1/355
usemtl violet
f 4945/1/349 4946/1/349 4947/1/349
usemtl armor_edge
f 4948/1/347 4949/1/347 4950/1/347
usemtl violet
f 4951/1/349 4945/1/349 4947/1/349
usemtl armor_edge
f 4949/1/347 4952/1/347 4950/1/347
f 4947/1/802 4946/1/802 4948/1/802 4950/1/802
f 4946/1/352 4945/1/352 4949/1/352 4948/1/352
f 4945/1/801 4951/1/801 4952/1/801 4949/1/801
f 4951/1/358 4947/1/358 4950/1/358 4952/1/358
usemtl violet
f 4953/1/348 4954/1/348 4955/1/348
usemtl armor_edge
f 4956/1/350 4957/1/350 4958/1/350
usemtl violet
f 4959/1/348 4953/1/348 4955/1/348
usemtl armor_edge
f 4957/1/350 4960/1/350 4958/1/350
f 4955/1/738 4954/1/738 4956/1/738 4958/1/738
f 4954/1/355 4953/1/355 4957/1/355 4956/1/355
f 4953/1/737 4959/1/737 4960/1/737 4957/1/737
f 4959/1/360 4955/1/360 4958/1/360 4960/1/360
usemtl violet
f 4961/1/348 4962/1/348 4963/1/348
usemtl armor_edge
f 4964/1/350 4965/1/350 4966/1/350
usemtl violet
f 4967/1/348 4961/1/348 4963/1/348
usemtl armor_edge
f 4965/1/350 4968/1/350 4966/1/350
f 4963/1/508 4962/1/508 4964/1/508 4966/1/508
f 4962/1/353 4961/1/353 4965/1/353 4964/1/353
f 4961/1/507 4967/1/507 4968/1/507 4965/1/507
f 4967/1/357 4963/1/357 4966/1/357 4968/1/357
usemtl obsidian
f 4969/1/347 4970/1/347 4971/1/347
f 4969/1/347 4972/1/347 4970/1/347
f 4969/1/347 4973/1/347 4972/1/347
f 4969/1/347 4974/1/347 4973/1/347
f 4969/1/347 4975/1/347 4974/1/347
f 4969/1/347 4976/1/347 4975/1/347
f 4969/1/347 4977/1/347 4976/1/347
f 4969/1/347 4978/1/347 4977/1/347
f 4969/1/347 4979/1/347 4978/1/347
f 4969/1/347 4980/1/347 4979/1/347
f 4969/1/347 4981/1/347 4980/1/347
f 4969/1/347 4971/1/347 4981/1/347
f 4971/1/1085 4970/1/1085 4982/1/1085 4983/1/1085
f 4970/1/1086 4972/1/1086 4984/1/1086 4982/1/1086
f 4972/1/1087 4973/1/1087 4985/1/1087 4984/1/1087
f 4973/1/1088 4974/1/1088 4986/1/1088 4985/1/1088
f 4974/1/1089 4975/1/1089 4987/1/1089 4986/1/1089
f 4975/1/1090 4976/1/1090 4988/1/1090 4987/1/1090
f 4976/1/1091 4977/1/1091 4989/1/1091 4988/1/1091
f 4977/1/1092 4978/1/1092 4990/1/1092 4989/1/1092
f 4978/1/1093 4979/1/1093 4991/1/1093 4990/1/1093
f 4979/1/1094 4980/1/1094 4992/1/1094 4991/1/1094
f 4980/1/1095 4981/1/1095 4993/1/1095 4992/1/1095
f 4981/1/1096 4971/1/1096 4983/1/1096 4993/1/1096
f 4983/1/1042 4982/1/1042 4994/1/1042 4995/1/1042
f 4982/1/1041 4984/1/1041 4996/1/1041 4994/1/1041
f 4984/1/1040 4985/1/1040 4997/1/1040 4996/1/1040
f 4985/1/1039 4986/1/1039 4998/1/1039 4997/1/1039
f 4986/1/1038 4987/1/1038 4999/1/1038 4998/1/1038
f 4987/1/1037 4988/1/1037 5000/1/1037 4999/1/1037
f 4988/1/1048 4989/1/1048 5001/1/1048 5000/1/1048
f 4989/1/1047 4990/1/1047 5002/1/1047 5001/1/1047
f 4990/1/1046 4991/1/1046 5003/1/1046 5002/1/1046
f 4991/1/1045 4992/1/1045 5004/1/1045 5003/1/1045
f 4992/1/1044 4993/1/1044 5005/1/1044 5004/1/1044
f 4993/1/1043 4983/1/1043 4995/1/1043 5005/1/1043
f 4995/1/1097 4994/1/1097 5006/1/1097 5007/1/1097
f 4994/1/1098 4996/1/1098 5008/1/1098 5006/1/1098
f 4996/1/1099 4997/1/1099 5009/1/1099 5008/1/1099
f 4997/1/1100 4998/1/1100 5010/1/1100 5009/1/1100
f 4998/1/1101 4999/1/1101 5011/1/1101 5010/1/1101
f 4999/1/1102 5000/1/1102 5012/1/1102 5011/1/1102
f 5000/1/1103 5001/1/1103 5013/1/1103 5012/1/1103
f 5001/1/1104 5002/1/1104 5014/1/1104 5013/1/1104
f 5002/1/1105 5003/1/1105 5015/1/1105 5014/1/1105
f 5003/1/1106 5004/1/1106 5016/1/1106 5015/1/1106
f 5004/1/1107 5005/1/1107 5017/1/1107 5016/1/1107
f 5005/1/1108 4995/1/1108 5007/1/1108 5017/1/1108
f 5007/1/348 5006/1/348 5018/1/348 5019/1/348
f 5006/1/348 5008/1/348 5020/1/348 5018/1/348
f 5008/1/348 5009/1/348 5021/1/348 5020/1/348
f 5009/1/348 5010/1/348 5022/1/348 5021/1/348
f 5010/1/348 5011/1/348 5023/1/348 5022/1/348
f 5011/1/348 5012/1/348 5024/1/348 5023/1/348
f 5012/1/348 5013/1/348 5025/1/348 5024/1/348
f 5013/1/348 5014/1/348 5026/1/348 5025/1/348
f 5014/1/348 5015/1/348 5027/1/348 5026/1/348
f 5015/1/348 5016/1/348 5028/1/348 5027/1/348
f 5016/1/348 5017/1/348 5029/1/348 5028/1/348
f 5017/1/348 5007/1/348 5019/1/348 5029/1/348
f 5019/1/1048 5018/1/1048 5030/1/1048 5031/1/1048
f 5018/1/1047 5020/1/1047 5032/1/1047 5030/1/1047
f 5020/1/1046 5021/1/1046 5033/1/1046 5032/1/1046
f 5021/1/1045 5022/1/1045 5034/1/1045 5033/1/1045
f 5022/1/1044 5023/1/1044 5035/1/1044 5034/1/1044
f 5023/1/1043 5024/1/1043 5036/1/1043 5035/1/1043
f 5024/1/1042 5025/1/1042 5037/1/1042 5036/1/1042
f 5025/1/1041 5026/1/1041 5038/1/1041 5037/1/1041
f 5026/1/1040 5027/1/1040 5039/1/1040 5038/1/1040
f 5027/1/1039 5028/1/1039 5040/1/1039 5039/1/1039
f 5028/1/1038 5029/1/1038 5041/1/1038 5040/1/1038
f 5029/1/1037 5019/1/1037 5031/1/1037 5041/1/1037
f 5031/1/348 5030/1/348 5042/1/348
f 5030/1/348 5032/1/348 5042/1/348
f 5032/1/348 5033/1/348 5042/1/348
f 5033/1/348 5034/1/348 5042/1/348
f 5034/1/348 5035/1/348 5042/1/348
f 5035/1/348 5036/1/348 5042/1/348
f 5036/1/348 5037/1/348 5042/1/348
f 5037/1/348 5038/1/348 5042/1/348
f 5038/1/348 5039/1/348 5042/1/348
f 5039/1/348 5040/1/348 5042/1/348
f 5040/1/348 5041/1/348 5042/1/348
f 5041/1/348 5031/1/348 5042/1/348
usemtl armor_edge
f 5043/1/1109 5044/1/1109 5045/1/1109 5046/1/1109
f 5044/1/1110 5047/1/1110 5048/1/1110 5045/1/1110
f 5047/1/1111 5049/1/1111 5050/1/1111 5048/1/1111
f 5049/1/1112 5051/1/1112 5052/1/1112 5050/1/1112
f 5051/1/1113 5053/1/1113 5054/1/1113 5052/1/1113
f 5053/1/1114 5055/1/1114 5056/1/1114 5054/1/1114
f 5055/1/1115 5057/1/1115 5058/1/1115 5056/1/1115
f 5057/1/1116 5059/1/1116 5060/1/1116 5058/1/1116
f 5059/1/1117 5061/1/1117 5062/1/1117 5060/1/1117
f 5061/1/1118 5063/1/1118 5064/1/1118 5062/1/1118
f 5063/1/1119 5065/1/1119 5066/1/1119 5064/1/1119
f 5065/1/1120 5043/1/1120 5046/1/1120 5066/1/1120
f 5046/1/1042 5045/1/1042 5067/1/1042 5068/1/1042
f 5045/1/1041 5048/1/1041 5069/1/1041 5067/1/1041
f 5048/1/1040 5050/1/1040 5070/1/1040 5069/1/1040
f 5050/1/1039 5052/1/1039 5071/1/1039 5070/1/1039
f 5052/1/1038 5054/1/1038 5072/1/1038 5071/1/1038
f 5054/1/1037 5056/1/1037 5073/1/1037 5072/1/1037
f 5056/1/1048 5058/1/1048 5074/1/1048 5073/1/1048
f 5058/1/1047 5060/1/1047 5075/1/1047 5074/1/1047
f 5060/1/1046 5062/1/1046 5076/1/1046 5075/1/1046
f 5062/1/1045 5064/1/1045 5077/1/1045 5076/1/1045
f 5064/1/1044 5066/1/1044 5078/1/1044 5077/1/1044
f 5066/1/1043 5046/1/1043 5068/1/1043 5078/1/1043
f 5068/1/1121 5067/1/1121 5079/1/1121 5080/1/1121
f 5067/1/1122 5069/1/1122 5081/1/1122 5079/1/1122
f 5069/1/1123 5070/1/1123 5082/1/1123 5081/1/1123
f 5070/1/1124 5071/1/1124 5083/1/1124 5082/1/1124
f 5071/1/1125 5072/1/1125 5084/1/1125 5083/1/1125
f 5072/1/1126 5073/1/1126 5085/1/1126 5084/1/1126
f 5073/1/1127 5074/1/1127 5086/1/1127 5085/1/1127
f 5074/1/1128 5075/1/1128 5087/1/1128 5086/1/1128
f 5075/1/1129 5076/1/1129 5088/1/1129 5087/1/1129
f 5076/1/1130 5077/1/1130 5089/1/1130 5088/1/1130
f 5077/1/1131 5078/1/1131 5090/1/1131 5089/1/1131
f 5078/1/1132 5068/1/1132 5080/1/1132 5090/1/1132
f 5080/1/1048 5079/1/1048 5044/1/1048 5043/1/1048
f 5079/1/1047 5081/1/1047 5047/1/1047 5044/1/1047
f 5081/1/1046 5082/1/1046 5049/1/1046 5047/1/1046
f 5082/1/1045 5083/1/1045 5051/1/1045 5049/1/1045
f 5083/1/1044 5084/1/1044 5053/1/1044 5051/1/1044
f 5084/1/1043 5085/1/1043 5055/1/1043 5053/1/1043
f 5085/1/1042 5086/1/1042 5057/1/1042 5055/1/1042
f 5086/1/1041 5087/1/1041 5059/1/1041 5057/1/1041
f 5087/1/1040 5088/1/1040 5061/1/1040 5059/1/1040
f 5088/1/1039 5089/1/1039 5063/1/1039 5061/1/1039
f 5089/1/1038 5090/1/1038 5065/1/1038 5063/1/1038
f 5090/1/1037 5080/1/1037 5043/1/1037 5065/1/1037
usemtl violet
f 5091/1/347 5092/1/347 5093/1/347
f 5091/1/347 5094/1/347 5092/1/347
f 5091/1/347 5095/1/347 5094/1/347
f 5091/1/347 5096/1/347 5095/1/347
f 5091/1/347 5097/1/347 5096/1/347
f 5091/1/347 5098/1/347 5097/1/347
f 5091/1/347 5099/1/347 5098/1/347
f 5091/1/347 5100/1/347 5099/1/347
f 5091/1/347 5101/1/347 5100/1/347
f 5091/1/347 5102/1/347 5101/1/347
f 5091/1/347 5103/1/347 5102/1/347
f 5091/1/347 5093/1/347 5103/1/347
f 5093/1/1042 5092/1/1042 5104/1/1042 5105/1/1042
f 5092/1/1041 5094/1/1041 5106/1/1041 5104/1/1041
f 5094/1/1040 5095/1/1040 5107/1/1040 5106/1/1040
f 5095/1/1039 5096/1/1039 5108/1/1039 5107/1/1039
f 5096/1/1038 5097/1/1038 5109/1/1038 5108/1/1038
f 5097/1/1037 5098/1/1037 5110/1/1037 5109/1/1037
f 5098/1/1048 5099/1/1048 5111/1/1048 5110/1/1048
f 5099/1/1047 5100/1/1047 5112/1/1047 5111/1/1047
f 5100/1/1046 5101/1/1046 5113/1/1046 5112/1/1046
f 5101/1/1045 5102/1/1045 5114/1/1045 5113/1/1045
f 5102/1/1044 5103/1/1044 5115/1/1044 5114/1/1044
f 5103/1/1043 5093/1/1043 5105/1/1043 5115/1/1043
f 5105/1/348 5104/1/348 5116/1/348
f 5104/1/348 5106/1/348 5116/1/348
f 5106/1/348 5107/1/348 5116/1/348
f 5107/1/348 5108/1/348 5116/1/348
f 5108/1/348 5109/1/348 5116/1/348
f 5109/1/348 5110/1/348 5116/1/348
f 5110/1/348 5111/1/348 5116/1/348
f 5111/1/348 5112/1/348 5116/1/348
f 5112/1/348 5113/1/348 5116/1/348
f 5113/1/348 5114/1/348 5116/1/348
f 5114/1/348 5115/1/348 5116/1/348
f 5115/1/348 5105/1/348 5116/1/348
usemtl armor_edge
f 5117/1/348 5118/1/348 5119/1/348
usemtl obsidian
f 5120/1/347 5121/1/347 5122/1/347
usemtl armor_edge
f 5117/1/348 5119/1/348 5123/1/348
usemtl obsidian
f 5120/1/347 5124/1/347 5121/1/347
f 5120/1/1133 5122/1/1133 5118/1/1133 5117/1/1133
f 5122/1/1024 5121/1/1024 5119/1/1024 5118/1/1024
f 5121/1/359 5124/1/359 5123/1/359 5119/1/359
f 5124/1/148 5120/1/148 5117/1/148 5123/1/148
usemtl lilac
f 5125/1/348 5126/1/348 5127/1/348
usemtl obsidian
f 5128/1/347 5129/1/347 5130/1/347
usemtl lilac
f 5125/1/348 5127/1/348 5131/1/348
usemtl obsidian
f 5128/1/347 5132/1/347 5129/1/347
f 5128/1/1133 5130/1/1133 5126/1/1133 5125/1/1133
f 5130/1/1024 5129/1/1024 5127/1/1024 5126/1/1024
f 5129/1/359 5132/1/359 5131/1/359 5127/1/359
f 5132/1/148 5128/1/148 5125/1/148 5131/1/148
usemtl armor_edge
f 5133/1/348 5134/1/348 5135/1/348
usemtl obsidian
f 5136/1/347 5137/1/347 5138/1/347
usemtl armor_edge
f 5133/1/348 5135/1/348 5139/1/348
usemtl obsidian
f 5136/1/347 5140/1/347 5137/1/347
f 5136/1/1133 5138/1/1133 5134/1/1133 5133/1/1133
f 5138/1/1024 5137/1/1024 5135/1/1024 5134/1/1024
f 5137/1/359 5140/1/359 5139/1/359 5135/1/359
f 5140/1/148 5136/1/148 5133/1/148 5139/1/148
usemtl lilac
f 5141/1/348 5142/1/348 5143/1/348
usemtl obsidian
f 5144/1/347 5145/1/347 5146/1/347
usemtl lilac
f 5141/1/348 5143/1/348 5147/1/348
usemtl obsidian
f 5144/1/347 5148/1/347 5145/1/347
f 5144/1/1133 5146/1/1133 5142/1/1133 5141/1/1133
f 5146/1/1024 5145/1/1024 5143/1/1024 5142/1/1024
f 5145/1/359 5148/1/359 5147/1/359 5143/1/359
f 5148/1/148 5144/1/148 5141/1/148 5147/1/148
usemtl armor_edge
f 5149/1/348 5150/1/348 5151/1/348
usemtl obsidian
f 5152/1/347 5153/1/347 5154/1/347
usemtl armor_edge
f 5149/1/348 5151/1/348 5155/1/348
usemtl obsidian
f 5152/1/347 5156/1/347 5153/1/347
f 5152/1/1133 5154/1/1133 5150/1/1133 5149/1/1133
f 5154/1/1024 5153/1/1024 5151/1/1024 5150/1/1024
f 5153/1/359 5156/1/359 5155/1/359 5151/1/359
f 5156/1/148 5152/1/148 5149/1/148 5155/1/148
usemtl lilac
f 5157/1/348 5158/1/348 5159/1/348
usemtl obsidian
f 5160/1/347 5161/1/347 5162/1/347
usemtl lilac
f 5157/1/348 5159/1/348 5163/1/348
usemtl obsidian
f 5160/1/347 5164/1/347 5161/1/347
f 5160/1/1133 5162/1/1133 5158/1/1133 5157/1/1133
f 5162/1/1024 5161/1/1024 5159/1/1024 5158/1/1024
f 5161/1/359 5164/1/359 5163/1/359 5159/1/359
f 5164/1/148 5160/1/148 5157/1/148 5163/1/148
usemtl armor_edge
f 5165/1/348 5166/1/348 5167/1/348
usemtl obsidian
f 5168/1/347 5169/1/347 5170/1/347
usemtl armor_edge
f 5165/1/348 5167/1/348 5171/1/348
usemtl obsidian
f 5168/1/347 5172/1/347 5169/1/347
f 5168/1/1133 5170/1/1133 5166/1/1133 5165/1/1133
f 5170/1/1024 5169/1/1024 5167/1/1024 5166/1/1024
f 5169/1/359 5172/1/359 5171/1/359 5167/1/359
f 5172/1/148 5168/1/148 5165/1/148 5171/1/148
usemtl lilac
f 5173/1/348 5174/1/348 5175/1/348
usemtl obsidian
f 5176/1/347 5177/1/347 5178/1/347
usemtl lilac
f 5173/1/348 5175/1/348 5179/1/348
usemtl obsidian
f 5176/1/347 5180/1/347 5177/1/347
f 5176/1/1133 5178/1/1133 5174/1/1133 5173/1/1133
f 5178/1/1024 5177/1/1024 5175/1/1024 5174/1/1024
f 5177/1/359 5180/1/359 5179/1/359 5175/1/359
f 5180/1/148 5176/1/148 5173/1/148 5179/1/148
usemtl armor_edge
f 5181/1/348 5182/1/348 5183/1/348
usemtl obsidian
f 5184/1/347 5185/1/347 5186/1/347
usemtl armor_edge
f 5181/1/348 5183/1/348 5187/1/348
usemtl obsidian
f 5184/1/347 5188/1/347 5185/1/347
f 5184/1/1133 5186/1/1133 5182/1/1133 5181/1/1133
f 5186/1/1024 5185/1/1024 5183/1/1024 5182/1/1024
f 5185/1/359 5188/1/359 5187/1/359 5183/1/359
f 5188/1/148 5184/1/148 5181/1/148 5187/1/148
usemtl lilac
f 5189/1/348 5190/1/348 5191/1/348
usemtl obsidian
f 5192/1/347 5193/1/347 5194/1/347
usemtl lilac
f 5189/1/348 5191/1/348 5195/1/348
usemtl obsidian
f 5192/1/347 5196/1/347 5193/1/347
f 5192/1/1133 5194/1/1133 5190/1/1133 5189/1/1133
f 5194/1/1024 5193/1/1024 5191/1/1024 5190/1/1024
f 5193/1/359 5196/1/359 5195/1/359 5191/1/359
f 5196/1/148 5192/1/148 5189/1/148 5195/1/148
usemtl lilac
f 5197/1/59 5198/1/56 5199/1/3
f 5200/1/63 5197/1/59 5199/1/3
f 5201/1/67 5200/1/63 5199/1/3
f 5202/1/71 5201/1/67 5199/1/3
f 5203/1/75 5202/1/71 5199/1/3
f 5198/1/79 5203/1/75 5199/1/3
f 5197/1/59 5204/1/134 5205/1/131 5198/1/56
f 5200/1/63 5206/1/138 5204/1/134 5197/1/59
f 5201/1/67 5207/1/142 5206/1/138 5200/1/63
f 5202/1/71 5208/1/146 5207/1/142 5201/1/67
f 5203/1/75 5209/1/150 5208/1/146 5202/1/71
f 5198/1/79 5205/1/154 5209/1/150 5203/1/75
f 5204/1/134 5210/1/209 5211/1/206 5205/1/131
f 5206/1/138 5212/1/213 5210/1/209 5204/1/134
f 5207/1/142 5213/1/217 5212/1/213 5206/1/138
f 5208/1/146 5214/1/221 5213/1/217 5207/1/142
f 5209/1/150 5215/1/225 5214/1/221 5208/1/146
f 5205/1/154 5211/1/229 5215/1/225 5209/1/150
f 5210/1/209 5216/1/280 5211/1/206
f 5212/1/213 5216/1/280 5210/1/209
f 5213/1/217 5216/1/281 5212/1/213
f 5214/1/221 5216/1/281 5213/1/217
f 5215/1/225 5216/1/282 5214/1/221
f 5211/1/229 5216/1/283 5215/1/225
g shell_11
usemtl armor
f 5217/1/341 5218/1/341 5219/1/341
usemtl obsidian
f 5220/1/340 5221/1/340 5222/1/340
usemtl armor
f 5217/1/341 5219/1/341 5223/1/341
usemtl obsidian
f 5220/1/340 5224/1/340 5221/1/340
usemtl armor
f 5217/1/341 5223/1/341 5225/1/341
usemtl obsidian
f 5220/1/338 5226/1/338 5224/1/338
f 5220/1/361 5222/1/361 5218/1/361 5217/1/361
f 5222/1/362 5221/1/362 5219/1/362 5218/1/362
f 5221/1/363 5224/1/363 5223/1/363 5219/1/363
f 5224/1/364 5226/1/364 5225/1/364 5223/1/364
f 5226/1/365 5220/1/365 5217/1/365 5225/1/365
f 5227/1/341 5228/1/341 5229/1/341
usemtl armor_edge
f 5230/1/340 5231/1/340 5232/1/340
usemtl obsidian
f 5227/1/341 5229/1/341 5233/1/341
usemtl armor_edge
f 5230/1/340 5234/1/340 5231/1/340
usemtl obsidian
f 5227/1/341 5233/1/341 5235/1/341
usemtl armor_edge
f 5230/1/338 5236/1/338 5234/1/338
f 5230/1/361 5232/1/361 5228/1/361 5227/1/361
f 5232/1/362 5231/1/362 5229/1/362 5228/1/362
f 5231/1/363 5234/1/363 5233/1/363 5229/1/363
f 5234/1/364 5236/1/364 5235/1/364 5233/1/364
f 5236/1/365 5230/1/365 5227/1/365 5235/1/365
usemtl violet
f 5237/1/339 5238/1/339 5239/1/339 5240/1/339
usemtl armor_edge
f 5241/1/338 5242/1/338 5243/1/338 5244/1/338
f 5237/1/361 5241/1/361 5244/1/361 5238/1/361
f 5240/1/345 5239/1/345 5243/1/345 5242/1/345
usemtl violet
f 5238/1/341 5245/1/341 5246/1/341 5239/1/341
usemtl armor_edge
f 5244/1/340 5243/1/340 5247/1/340 5248/1/340
f 5238/1/362 5244/1/362 5248/1/362 5245/1/362
f 5239/1/344 5246/1/344 5247/1/344 5243/1/344
usemtl violet
f 5245/1/339 5249/1/339 5250/1/339 5246/1/339
usemtl armor_edge
f 5248/1/340 5247/1/340 5251/1/340 5252/1/340
f 5245/1/363 5248/1/363 5252/1/363 5249/1/363
f 5246/1/343 5250/1/343 5251/1/343 5247/1/343
usemtl violet
f 5249/1/339 5253/1/339 5254/1/339 5250/1/339
usemtl armor_edge
f 5252/1/338 5251/1/338 5255/1/338 5256/1/338
f 5249/1/503 5252/1/503 5256/1/503 5253/1/503
f 5250/1/502 5254/1/502 5255/1/502 5251/1/502
usemtl violet
f 5253/1/339 5237/1/339 5240/1/339 5254/1/339
usemtl armor_edge
f 5256/1/340 5255/1/340 5242/1/340 5241/1/340
f 5253/1/365 5256/1/365 5241/1/365 5237/1/365
f 5254/1/346 5240/1/346 5242/1/346 5255/1/346
usemtl violet
f 5257/1/341 5258/1/341 5259/1/341
usemtl armor_edge
f 5260/1/340 5261/1/340 5262/1/340
usemtl violet
f 5263/1/341 5257/1/341 5259/1/341
usemtl armor_edge
f 5261/1/340 5264/1/340 5262/1/340
f 5259/1/867 5258/1/867 5260/1/867 5262/1/867
f 5258/1/343 5257/1/343 5261/1/343 5260/1/343
f 5257/1/866 5263/1/866 5264/1/866 5261/1/866
f 5263/1/363 5259/1/363 5262/1/363 5264/1/363
usemtl violet
f 5265/1/339 5266/1/339 5267/1/339
usemtl armor_edge
f 5268/1/338 5269/1/338 5270/1/338
usemtl violet
f 5271/1/339 5265/1/339 5267/1/339
usemtl armor_edge
f 5269/1/338 5272/1/338 5270/1/338
f 5267/1/736 5266/1/736 5268/1/736 5270/1/736
f 5266/1/346 5265/1/346 5269/1/346 5268/1/346
f 5265/1/735 5271/1/735 5272/1/735 5269/1/735
f 5271/1/365 5267/1/365 5270/1/365 5272/1/365
usemtl violet
f 5273/1/339 5274/1/339 5275/1/339
usemtl armor_edge
f 5276/1/338 5277/1/338 5278/1/338
usemtl violet
f 5279/1/339 5273/1/339 5275/1/339
usemtl armor_edge
f 5277/1/338 5280/1/338 5278/1/338
f 5275/1/575 5274/1/575 5276/1/575 5278/1/575
f 5274/1/344 5273/1/344 5277/1/344 5276/1/344
f 5273/1/574 5279/1/574 5280/1/574 5277/1/574
f 5279/1/362 5275/1/362 5278/1/362 5280/1/362
usemtl obsidian
f 5281/1/338 5282/1/338 5283/1/338
f 5281/1/338 5284/1/338 5282/1/338
f 5281/1/338 5285/1/338 5284/1/338
f 5281/1/338 5286/1/338 5285/1/338
f 5281/1/338 5287/1/338 5286/1/338
f 5281/1/338 5288/1/338 5287/1/338
f 5281/1/338 5289/1/338 5288/1/338
f 5281/1/338 5290/1/338 5289/1/338
f 5281/1/338 5291/1/338 5290/1/338
f 5281/1/338 5292/1/338 5291/1/338
f 5281/1/338 5293/1/338 5292/1/338
f 5281/1/338 5283/1/338 5293/1/338
f 5283/1/1134 5282/1/1134 5294/1/1134 5295/1/1134
f 5282/1/1135 5284/1/1135 5296/1/1135 5294/1/1135
f 5284/1/1136 5285/1/1136 5297/1/1136 5296/1/1136
f 5285/1/1137 5286/1/1137 5298/1/1137 5297/1/1137
f 5286/1/1138 5287/1/1138 5299/1/1138 5298/1/1138
f 5287/1/1139 5288/1/1139 5300/1/1139 5299/1/1139
f 5288/1/1140 5289/1/1140 5301/1/1140 5300/1/1140
f 5289/1/1141 5290/1/1141 5302/1/1141 5301/1/1141
f 5290/1/1142 5291/1/1142 5303/1/1142 5302/1/1142
f 5291/1/1143 5292/1/1143 5304/1/1143 5303/1/1143
f 5292/1/1144 5293/1/1144 5305/1/1144 5304/1/1144
f 5293/1/1145 5283/1/1145 5295/1/1145 5305/1/1145
f 5295/1/981 5294/1/981 5306/1/981 5307/1/981
f 5294/1/980 5296/1/980 5308/1/980 5306/1/980
f 5296/1/979 5297/1/979 5309/1/979 5308/1/979
f 5297/1/978 5298/1/978 5310/1/978 5309/1/978
f 5298/1/977 5299/1/977 5311/1/977 5310/1/977
f 5299/1/976 5300/1/976 5312/1/976 5311/1/976
f 5300/1/987 5301/1/987 5313/1/987 5312/1/987
f 5301/1/986 5302/1/986 5314/1/986 5313/1/986
f 5302/1/985 5303/1/985 5315/1/985 5314/1/985
f 5303/1/984 5304/1/984 5316/1/984 5315/1/984
f 5304/1/983 5305/1/983 5317/1/983 5316/1/983
f 5305/1/982 5295/1/982 5307/1/982 5317/1/982
f 5307/1/1146 5306/1/1146 5318/1/1146 5319/1/1146
f 5306/1/1147 5308/1/1147 5320/1/1147 5318/1/1147
f 5308/1/1148 5309/1/1148 5321/1/1148 5320/1/1148
f 5309/1/1149 5310/1/1149 5322/1/1149 5321/1/1149
f 5310/1/1150 5311/1/1150 5323/1/1150 5322/1/1150
f 5311/1/1151 5312/1/1151 5324/1/1151 5323/1/1151
f 5312/1/1152 5313/1/1152 5325/1/1152 5324/1/1152
f 5313/1/1153 5314/1/1153 5326/1/1153 5325/1/1153
f 5314/1/1154 5315/1/1154 5327/1/1154 5326/1/1154
f 5315/1/1155 5316/1/1155 5328/1/1155 5327/1/1155
f 5316/1/1156 5317/1/1156 5329/1/1156 5328/1/1156
f 5317/1/1157 5307/1/1157 5319/1/1157 5329/1/1157
f 5319/1/341 5318/1/341 5330/1/341 5331/1/341
f 5318/1/341 5320/1/341 5332/1/341 5330/1/341
f 5320/1/341 5321/1/341 5333/1/341 5332/1/341
f 5321/1/341 5322/1/341 5334/1/341 5333/1/341
f 5322/1/341 5323/1/341 5335/1/341 5334/1/341
f 5323/1/341 5324/1/341 5336/1/341 5335/1/341
f 5324/1/341 5325/1/341 5337/1/341 5336/1/341
f 5325/1/341 5326/1/341 5338/1/341 5337/1/341
f 5326/1/341 5327/1/341 5339/1/341 5338/1/341
f 5327/1/341 5328/1/341 5340/1/341 5339/1/341
f 5328/1/341 5329/1/341 5341/1/341 5340/1/341
f 5329/1/341 5319/1/341 5331/1/341 5341/1/341
f 5331/1/987 5330/1/987 5342/1/987 5343/1/987
f 5330/1/986 5332/1/986 5344/1/986 5342/1/986
f 5332/1/985 5333/1/985 5345/1/985 5344/1/985
f 5333/1/984 5334/1/984 5346/1/984 5345/1/984
f 5334/1/983 5335/1/983 5347/1/983 5346/1/983
f 5335/1/982 5336/1/982 5348/1/982 5347/1/982
f 5336/1/981 5337/1/981 5349/1/981 5348/1/981
f 5337/1/980 5338/1/980 5350/1/980 5349/1/980
f 5338/1/979 5339/1/979 5351/1/979 5350/1/979
f 5339/1/978 5340/1/978 5352/1/978 5351/1/978
f 5340/1/977 5341/1/977 5353/1/977 5352/1/977
f 5341/1/976 5331/1/976 5343/1/976 5353/1/976
f 5343/1/341 5342/1/341 5354/1/341
f 5342/1/341 5344/1/341 5354/1/341
f 5344/1/341 5345/1/341 5354/1/341
f 5345/1/341 5346/1/341 5354/1/341
f 5346/1/341 5347/1/341 5354/1/341
f 5347/1/341 5348/1/341 5354/1/341
f 5348/1/341 5349/1/341 5354/1/341
f 5349/1/341 5350/1/341 5354/1/341
f 5350/1/341 5351/1/341 5354/1/341
f 5351/1/341 5352/1/341 5354/1/341
f 5352/1/341 5353/1/341 5354/1/341
f 5353/1/341 5343/1/341 5354/1/341
usemtl armor_edge
f 5355/1/1158 5356/1/1158 5357/1/1158 5358/1/1158
f 5356/1/1159 5359/1/1159 5360/1/1159 5357/1/1159
f 5359/1/1160 5361/1/1160 5362/1/1160 5360/1/1160
f 5361/1/1161 5363/1/1161 5364/1/1161 5362/1/1161
f 5363/1/1162 5365/1/1162 5366/1/1162 5364/1/1162
f 5365/1/1163 5367/1/1163 5368/1/1163 5366/1/1163
f 5367/1/1164 5369/1/1164 5370/1/1164 5368/1/1164
f 5369/1/1165 5371/1/1165 5372/1/1165 5370/1/1165
f 5371/1/1166 5373/1/1166 5374/1/1166 5372/1/1166
f 5373/1/1167 5375/1/1167 5376/1/1167 5374/1/1167
f 5375/1/1168 5377/1/1168 5378/1/1168 5376/1/1168
f 5377/1/1169 5355/1/1169 5358/1/1169 5378/1/1169
f 5358/1/981 5357/1/981 5379/1/981 5380/1/981
f 5357/1/980 5360/1/980 5381/1/980 5379/1/980
f 5360/1/979 5362/1/979 5382/1/979 5381/1/979
f 5362/1/978 5364/1/978 5383/1/978 5382/1/978
f 5364/1/977 5366/1/977 5384/1/977 5383/1/977
f 5366/1/976 5368/1/976 5385/1/976 5384/1/976
f 5368/1/987 5370/1/987 5386/1/987 5385/1/987
f 5370/1/986 5372/1/986 5387/1/986 5386/1/986
f 5372/1/985 5374/1/985 5388/1/985 5387/1/985
f 5374/1/984 5376/1/984 5389/1/984 5388/1/984
f 5376/1/983 5378/1/983 5390/1/983 5389/1/983
f 5378/1/982 5358/1/982 5380/1/982 5390/1/982
f 5380/1/1170 5379/1/1170 5391/1/1170 5392/1/1170
f 5379/1/1171 5381/1/1171 5393/1/1171 5391/1/1171
f 5381/1/1172 5382/1/1172 5394/1/1172 5393/1/1172
f 5382/1/1173 5383/1/1173 5395/1/1173 5394/1/1173
f 5383/1/1174 5384/1/1174 5396/1/1174 5395/1/1174
f 5384/1/1175 5385/1/1175 5397/1/1175 5396/1/1175
f 5385/1/1176 5386/1/1176 5398/1/1176 5397/1/1176
f 5386/1/1177 5387/1/1177 5399/1/1177 5398/1/1177
f 5387/1/1178 5388/1/1178 5400/1/1178 5399/1/1178
f 5388/1/1179 5389/1/1179 5401/1/1179 5400/1/1179
f 5389/1/1180 5390/1/1180 5402/1/1180 5401/1/1180
f 5390/1/1181 5380/1/1181 5392/1/1181 5402/1/1181
f 5392/1/987 5391/1/987 5356/1/987 5355/1/987
f 5391/1/986 5393/1/986 5359/1/986 5356/1/986
f 5393/1/985 5394/1/985 5361/1/985 5359/1/985
f 5394/1/984 5395/1/984 5363/1/984 5361/1/984
f 5395/1/983 5396/1/983 5365/1/983 5363/1/983
f 5396/1/982 5397/1/982 5367/1/982 5365/1/982
f 5397/1/981 5398/1/981 5369/1/981 5367/1/981
f 5398/1/980 5399/1/980 5371/1/980 5369/1/980
f 5399/1/979 5400/1/979 5373/1/979 5371/1/979
f 5400/1/978 5401/1/978 5375/1/978 5373/1/978
f 5401/1/977 5402/1/977 5377/1/977 5375/1/977
f 5402/1/976 5392/1/976 5355/1/976 5377/1/976
usemtl violet
f 5403/1/338 5404/1/338 5405/1/338
f 5403/1/338 5406/1/338 5404/1/338
f 5403/1/338 5407/1/338 5406/1/338
f 5403/1/338 5408/1/338 5407/1/338
f 5403/1/338 5409/1/338 5408/1/338
f 5403/1/338 5410/1/338 5409/1/338
f 5403/1/338 5411/1/338 5410/1/338
f 5403/1/338 5412/1/338 5411/1/338
f 5403/1/338 5413/1/338 5412/1/338
f 5403/1/338 5414/1/338 5413/1/338
f 5403/1/338 5415/1/338 5414/1/338
f 5403/1/338 5405/1/338 5415/1/338
f 5405/1/981 5404/1/981 5416/1/981 5417/1/981
f 5404/1/980 5406/1/980 5418/1/980 5416/1/980
f 5406/1/979 5407/1/979 5419/1/979 5418/1/979
f 5407/1/978 5408/1/978 5420/1/978 5419/1/978
f 5408/1/977 5409/1/977 5421/1/977 5420/1/977
f 5409/1/976 5410/1/976 5422/1/976 5421/1/976
f 5410/1/987 5411/1/987 5423/1/987 5422/1/987
f 5411/1/986 5412/1/986 5424/1/986 5423/1/986
f 5412/1/985 5413/1/985 5425/1/985 5424/1/985
f 5413/1/984 5414/1/984 5426/1/984 5425/1/984
f 5414/1/983 5415/1/983 5427/1/983 5426/1/983
f 5415/1/982 5405/1/982 5417/1/982 5427/1/982
f 5417/1/341 5416/1/341 5428/1/341
f 5416/1/341 5418/1/341 5428/1/341
f 5418/1/341 5419/1/341 5428/1/341
f 5419/1/341 5420/1/341 5428/1/341
f 5420/1/341 5421/1/341 5428/1/341
f 5421/1/341 5422/1/341 5428/1/341
f 5422/1/341 5423/1/341 5428/1/341
f 5423/1/341 5424/1/341 5428/1/341
f 5424/1/341 5425/1/341 5428/1/341
f 5425/1/341 5426/1/341 5428/1/341
f 5426/1/341 5427/1/341 5428/1/341
f 5427/1/341 5417/1/341 5428/1/341
usemtl armor_edge
f 5429/1/341 5430/1/341 5431/1/341
usemtl obsidian
f 5432/1/340 5433/1/340 5434/1/340
usemtl armor_edge
f 5429/1/341 5431/1/341 5435/1/341
usemtl obsidian
f 5432/1/338 5436/1/338 5433/1/338
f 5432/1/342 5434/1/342 5430/1/342 5429/1/342
f 5434/1/148 5433/1/148 5431/1/148 5430/1/148
f 5433/1/364 5436/1/364 5435/1/364 5431/1/364
f 5436/1/1024 5432/1/1024 5429/1/1024 5435/1/1024
usemtl lilac
f 5437/1/341 5438/1/341 5439/1/341
usemtl obsidian
f 5440/1/340 5441/1/340 5442/1/340
usemtl lilac
f 5437/1/341 5439/1/341 5443/1/341
usemtl obsidian
f 5440/1/338 5444/1/338 5441/1/338
f 5440/1/342 5442/1/342 5438/1/342 5437/1/342
f 5442/1/148 5441/1/148 5439/1/148 5438/1/148
f 5441/1/364 5444/1/364 5443/1/364 5439/1/364
f 5444/1/1024 5440/1/1024 5437/1/1024 5443/1/1024
usemtl armor_edge
f 5445/1/341 5446/1/341 5447/1/341
usemtl obsidian
f 5448/1/340 5449/1/340 5450/1/340
usemtl armor_edge
f 5445/1/341 5447/1/341 5451/1/341
usemtl obsidian
f 5448/1/338 5452/1/338 5449/1/338
f 5448/1/342 5450/1/342 5446/1/342 5445/1/342
f 5450/1/148 5449/1/148 5447/1/148 5446/1/148
f 5449/1/364 5452/1/364 5451/1/364 5447/1/364
f 5452/1/1024 5448/1/1024 5445/1/1024 5451/1/1024
usemtl lilac
f 5453/1/341 5454/1/341 5455/1/341
usemtl obsidian
f 5456/1/340 5457/1/340 5458/1/340
usemtl lilac
f 5453/1/341 5455/1/341 5459/1/341
usemtl obsidian
f 5456/1/338 5460/1/338 5457/1/338
f 5456/1/342 5458/1/342 5454/1/342 5453/1/342
f 5458/1/148 5457/1/148 5455/1/148 5454/1/148
f 5457/1/364 5460/1/364 5459/1/364 5455/1/364
f 5460/1/1024 5456/1/1024 5453/1/1024 5459/1/1024
usemtl armor_edge
f 5461/1/341 5462/1/341 5463/1/341
usemtl obsidian
f 5464/1/340 5465/1/340 5466/1/340
usemtl armor_edge
f 5461/1/341 5463/1/341 5467/1/341
usemtl obsidian
f 5464/1/338 5468/1/338 5465/1/338
f 5464/1/342 5466/1/342 5462/1/342 5461/1/342
f 5466/1/148 5465/1/148 5463/1/148 5462/1/148
f 5465/1/364 5468/1/364 5467/1/364 5463/1/364
f 5468/1/1024 5464/1/1024 5461/1/1024 5467/1/1024
usemtl lilac
f 5469/1/341 5470/1/341 5471/1/341
usemtl obsidian
f 5472/1/340 5473/1/340 5474/1/340
usemtl lilac
f 5469/1/341 5471/1/341 5475/1/341
usemtl obsidian
f 5472/1/338 5476/1/338 5473/1/338
f 5472/1/342 5474/1/342 5470/1/342 5469/1/342
f 5474/1/148 5473/1/148 5471/1/148 5470/1/148
f 5473/1/364 5476/1/364 5475/1/364 5471/1/364
f 5476/1/1024 5472/1/1024 5469/1/1024 5475/1/1024
usemtl armor_edge
f 5477/1/341 5478/1/341 5479/1/341
usemtl obsidian
f 5480/1/340 5481/1/340 5482/1/340
usemtl armor_edge
f 5477/1/341 5479/1/341 5483/1/341
usemtl obsidian
f 5480/1/338 5484/1/338 5481/1/338
f 5480/1/342 5482/1/342 5478/1/342 5477/1/342
f 5482/1/148 5481/1/148 5479/1/148 5478/1/148
f 5481/1/364 5484/1/364 5483/1/364 5479/1/364
f 5484/1/1024 5480/1/1024 5477/1/1024 5483/1/1024
usemtl lilac
f 5485/1/341 5486/1/341 5487/1/341
usemtl obsidian
f 5488/1/340 5489/1/340 5490/1/340
usemtl lilac
f 5485/1/341 5487/1/341 5491/1/341
usemtl obsidian
f 5488/1/338 5492/1/338 5489/1/338
f 5488/1/342 5490/1/342 5486/1/342 5485/1/342
f 5490/1/148 5489/1/148 5487/1/148 5486/1/148
f 5489/1/364 5492/1/364 5491/1/364 5487/1/364
f 5492/1/1024 5488/1/1024 5485/1/1024 5491/1/1024
usemtl armor_edge
f 5493/1/341 5494/1/341 5495/1/341
usemtl obsidian
f 5496/1/340 5497/1/340 5498/1/340
usemtl armor_edge
f 5493/1/341 5495/1/341 5499/1/341
usemtl obsidian
f 5496/1/338 5500/1/338 5497/1/338
f 5496/1/342 5498/1/342 5494/1/342 5493/1/342
f 5498/1/148 5497/1/148 5495/1/148 5494/1/148
f 5497/1/364 5500/1/364 5499/1/364 5495/1/364
f 5500/1/1024 5496/1/1024 5493/1/1024 5499/1/1024
usemtl lilac
f 5501/1/341 5502/1/341 5503/1/341
usemtl obsidian
f 5504/1/340 5505/1/340 5506/1/340
usemtl lilac
f 5501/1/341 5503/1/341 5507/1/341
usemtl obsidian
f 5504/1/338 5508/1/338 5505/1/338
f 5504/1/342 5506/1/342 5502/1/342 5501/1/342
f 5506/1/148 5505/1/148 5503/1/148 5502/1/148
f 5505/1/364 5508/1/364 5507/1/364 5503/1/364
f 5508/1/1024 5504/1/1024 5501/1/1024 5507/1/1024
usemtl lilac
f 5509/1/59 5510/1/56 5511/1/3
f 5512/1/63 5509/1/59 5511/1/3
f 5513/1/67 5512/1/63 5511/1/3
f 5514/1/71 5513/1/67 5511/1/3
f 5515/1/75 5514/1/71 5511/1/3
f 5510/1/79 5515/1/75 5511/1/3
f 5509/1/59 5516/1/134 5517/1/131 5510/1/56
f 5512/1/63 5518/1/138 5516/1/134 5509/1/59
f 5513/1/67 5519/1/142 5518/1/138 5512/1/63
f 5514/1/71 5520/1/146 5519/1/142 5513/1/67
f 5515/1/75 5521/1/150 5520/1/146 5514/1/71
f 5510/1/79 5517/1/154 5521/1/150 5515/1/75
f 5516/1/134 5522/1/209 5523/1/206 5517/1/131
f 5518/1/138 5524/1/213 5522/1/209 5516/1/134
f 5519/1/142 5525/1/217 5524/1/213 5518/1/138
f 5520/1/146 5526/1/221 5525/1/217 5519/1/142
f 5521/1/150 5527/1/225 5526/1/221 5520/1/146
f 5517/1/154 5523/1/229 5527/1/225 5521/1/150
f 5522/1/209 5528/1/280 5523/1/206
f 5524/1/213 5528/1/280 5522/1/209
f 5525/1/217 5528/1/281 5524/1/213
f 5526/1/221 5528/1/281 5525/1/217
f 5527/1/225 5528/1/282 5526/1/221
f 5523/1/229 5528/1/283 5527/1/225
