# Generated by tools/build_ship_device_meshes.mjs; block units, front faces -Z
mtllib rf_ship_shield_generator.mtl
v 0.924985 0.060000 0.676034
v 0.676034 0.060000 0.924985
v 0.323966 0.060000 0.924985
v 0.075015 0.060000 0.676034
v 0.075015 0.060000 0.323966
v 0.323966 0.060000 0.075015
v 0.676034 0.060000 0.075015
v 0.924985 0.060000 0.323966
v 0.924985 0.000000 0.323966
v 0.676034 0.000000 0.075015
v 0.323966 0.000000 0.075015
v 0.075015 0.000000 0.323966
v 0.075015 0.000000 0.676034
v 0.323966 0.000000 0.924985
v 0.676034 0.000000 0.924985
v 0.924985 0.000000 0.676034
v 0.832597 0.100000 0.637766
v 0.637766 0.100000 0.832597
v 0.362234 0.100000 0.832597
v 0.167403 0.100000 0.637766
v 0.167403 0.100000 0.362234
v 0.362234 0.100000 0.167403
v 0.637766 0.100000 0.167403
v 0.832597 0.100000 0.362234
v 0.832597 0.060000 0.362234
v 0.637766 0.060000 0.167403
v 0.362234 0.060000 0.167403
v 0.167403 0.060000 0.362234
v 0.167403 0.060000 0.637766
v 0.362234 0.060000 0.832597
v 0.637766 0.060000 0.832597
v 0.832597 0.060000 0.637766
v 0.853553 0.050000 0.782843
v 0.853553 0.120000 0.782843
v 0.782843 0.120000 0.853553
v 0.782843 0.050000 0.853553
v 0.683848 0.050000 0.754558
v 0.683848 0.120000 0.754558
v 0.754558 0.120000 0.683848
v 0.754558 0.050000 0.683848
v 0.818198 0.114000 0.775772
v 0.818198 0.126000 0.775772
v 0.775772 0.126000 0.818198
v 0.775772 0.114000 0.818198
v 0.747487 0.114000 0.789914
v 0.747487 0.126000 0.789914
v 0.789914 0.126000 0.747487
v 0.789914 0.114000 0.747487
v 0.217157 0.050000 0.853553
v 0.217157 0.120000 0.853553
v 0.146447 0.120000 0.782843
v 0.146447 0.050000 0.782843
v 0.245442 0.050000 0.683848
v 0.245442 0.120000 0.683848
v 0.316152 0.120000 0.754558
v 0.316152 0.050000 0.754558
v 0.224228 0.114000 0.818198
v 0.224228 0.126000 0.818198
v 0.181802 0.126000 0.775772
v 0.181802 0.114000 0.775772
v 0.210086 0.114000 0.747487
v 0.210086 0.126000 0.747487
v 0.252513 0.126000 0.789914
v 0.252513 0.114000 0.789914
v 0.146447 0.050000 0.217157
v 0.146447 0.120000 0.217157
v 0.217157 0.120000 0.146447
v 0.217157 0.050000 0.146447
v 0.316152 0.050000 0.245442
v 0.316152 0.120000 0.245442
v 0.245442 0.120000 0.316152
v 0.245442 0.050000 0.316152
v 0.181802 0.114000 0.224228
v 0.181802 0.126000 0.224228
v 0.224228 0.126000 0.181802
v 0.224228 0.114000 0.181802
v 0.252513 0.114000 0.210086
v 0.252513 0.126000 0.210086
v 0.210086 0.126000 0.252513
v 0.210086 0.114000 0.252513
v 0.782843 0.050000 0.146447
v 0.782843 0.120000 0.146447
v 0.853553 0.120000 0.217157
v 0.853553 0.050000 0.217157
v 0.754558 0.050000 0.316152
v 0.754558 0.120000 0.316152
v 0.683848 0.120000 0.245442
v 0.683848 0.050000 0.245442
v 0.775772 0.114000 0.181802
v 0.775772 0.126000 0.181802
v 0.818198 0.126000 0.224228
v 0.818198 0.114000 0.224228
v 0.789914 0.114000 0.252513
v 0.789914 0.126000 0.252513
v 0.747487 0.126000 0.210086
v 0.747487 0.114000 0.210086
v 0.500000 0.100000 0.500000
v 0.437883 0.100000 0.268178
v 0.500000 0.100000 0.260000
v 0.437883 0.150000 0.268178
v 0.500000 0.150000 0.260000
v 0.448236 0.150000 0.306815
v 0.500000 0.150000 0.300000
v 0.448236 0.240000 0.306815
v 0.500000 0.240000 0.300000
v 0.432707 0.270000 0.248859
v 0.500000 0.270000 0.240000
v 0.432707 0.300000 0.248859
v 0.500000 0.300000 0.240000
v 0.456001 0.320000 0.335793
v 0.500000 0.320000 0.330000
v 0.500000 0.320000 0.500000
v 0.380000 0.100000 0.292154
v 0.380000 0.150000 0.292154
v 0.400000 0.150000 0.326795
v 0.400000 0.240000 0.326795
v 0.370000 0.270000 0.274833
v 0.370000 0.300000 0.274833
v 0.415000 0.320000 0.352776
v 0.330294 0.100000 0.330294
v 0.330294 0.150000 0.330294
v 0.358579 0.150000 0.358579
v 0.358579 0.240000 0.358579
v 0.316152 0.270000 0.316152
v 0.316152 0.300000 0.316152
v 0.379792 0.320000 0.379792
v 0.292154 0.100000 0.380000
v 0.292154 0.150000 0.380000
v 0.326795 0.150000 0.400000
v 0.326795 0.240000 0.400000
v 0.274833 0.270000 0.370000
v 0.274833 0.300000 0.370000
v 0.352776 0.320000 0.415000
v 0.268178 0.100000 0.437883
v 0.268178 0.150000 0.437883
v 0.306815 0.150000 0.448236
v 0.306815 0.240000 0.448236
v 0.248859 0.270000 0.432707
v 0.248859 0.300000 0.432707
v 0.335793 0.320000 0.456001
v 0.260000 0.100000 0.500000
v 0.260000 0.150000 0.500000
v 0.300000 0.150000 0.500000
v 0.300000 0.240000 0.500000
v 0.240000 0.270000 0.500000
v 0.240000 0.300000 0.500000
v 0.330000 0.320000 0.500000
v 0.268178 0.100000 0.562117
v 0.268178 0.150000 0.562117
v 0.306815 0.150000 0.551764
v 0.306815 0.240000 0.551764
v 0.248859 0.270000 0.567293
v 0.248859 0.300000 0.567293
v 0.335793 0.320000 0.543999
v 0.292154 0.100000 0.620000
v 0.292154 0.150000 0.620000
v 0.326795 0.150000 0.600000
v 0.326795 0.240000 0.600000
v 0.274833 0.270000 0.630000
v 0.274833 0.300000 0.630000
v 0.352776 0.320000 0.585000
v 0.330294 0.100000 0.669706
v 0.330294 0.150000 0.669706
v 0.358579 0.150000 0.641421
v 0.358579 0.240000 0.641421
v 0.316152 0.270000 0.683848
v 0.316152 0.300000 0.683848
v 0.379792 0.320000 0.620208
v 0.380000 0.100000 0.707846
v 0.380000 0.150000 0.707846
v 0.400000 0.150000 0.673205
v 0.400000 0.240000 0.673205
v 0.370000 0.270000 0.725167
v 0.370000 0.300000 0.725167
v 0.415000 0.320000 0.647224
v 0.437883 0.100000 0.731822
v 0.437883 0.150000 0.731822
v 0.448236 0.150000 0.693185
v 0.448236 0.240000 0.693185
v 0.432707 0.270000 0.751141
v 0.432707 0.300000 0.751141
v 0.456001 0.320000 0.664207
v 0.500000 0.100000 0.740000
v 0.500000 0.150000 0.740000
v 0.500000 0.150000 0.700000
v 0.500000 0.240000 0.700000
v 0.500000 0.270000 0.760000
v 0.500000 0.300000 0.760000
v 0.500000 0.320000 0.670000
v 0.562117 0.100000 0.731822
v 0.562117 0.150000 0.731822
v 0.551764 0.150000 0.693185
v 0.551764 0.240000 0.693185
v 0.567293 0.270000 0.751141
v 0.567293 0.300000 0.751141
v 0.543999 0.320000 0.664207
v 0.620000 0.100000 0.707846
v 0.620000 0.150000 0.707846
v 0.600000 0.150000 0.673205
v 0.600000 0.240000 0.673205
v 0.630000 0.270000 0.725167
v 0.630000 0.300000 0.725167
v 0.585000 0.320000 0.647224
v 0.669706 0.100000 0.669706
v 0.669706 0.150000 0.669706
v 0.641421 0.150000 0.641421
v 0.641421 0.240000 0.641421
v 0.683848 0.270000 0.683848
v 0.683848 0.300000 0.683848
v 0.620208 0.320000 0.620208
v 0.707846 0.100000 0.620000
v 0.707846 0.150000 0.620000
v 0.673205 0.150000 0.600000
v 0.673205 0.240000 0.600000
v 0.725167 0.270000 0.630000
v 0.725167 0.300000 0.630000
v 0.647224 0.320000 0.585000
v 0.731822 0.100000 0.562117
v 0.731822 0.150000 0.562117
v 0.693185 0.150000 0.551764
v 0.693185 0.240000 0.551764
v 0.751141 0.270000 0.567293
v 0.751141 0.300000 0.567293
v 0.664207 0.320000 0.543999
v 0.740000 0.100000 0.500000
v 0.740000 0.150000 0.500000
v 0.700000 0.150000 0.500000
v 0.700000 0.240000 0.500000
v 0.760000 0.270000 0.500000
v 0.760000 0.300000 0.500000
v 0.670000 0.320000 0.500000
v 0.731822 0.100000 0.437883
v 0.731822 0.150000 0.437883
v 0.693185 0.150000 0.448236
v 0.693185 0.240000 0.448236
v 0.751141 0.270000 0.432707
v 0.751141 0.300000 0.432707
v 0.664207 0.320000 0.456001
v 0.707846 0.100000 0.380000
v 0.707846 0.150000 0.380000
v 0.673205 0.150000 0.400000
v 0.673205 0.240000 0.400000
v 0.725167 0.270000 0.370000
v 0.725167 0.300000 0.370000
v 0.647224 0.320000 0.415000
v 0.669706 0.100000 0.330294
v 0.669706 0.150000 0.330294
v 0.641421 0.150000 0.358579
v 0.641421 0.240000 0.358579
v 0.683848 0.270000 0.316152
v 0.683848 0.300000 0.316152
v 0.620208 0.320000 0.379792
v 0.620000 0.100000 0.292154
v 0.620000 0.150000 0.292154
v 0.600000 0.150000 0.326795
v 0.600000 0.240000 0.326795
v 0.630000 0.270000 0.274833
v 0.630000 0.300000 0.274833
v 0.585000 0.320000 0.352776
v 0.562117 0.100000 0.268178
v 0.562117 0.150000 0.268178
v 0.551764 0.150000 0.306815
v 0.551764 0.240000 0.306815
v 0.567293 0.270000 0.248859
v 0.567293 0.300000 0.248859
v 0.543999 0.320000 0.335793
v 0.500000 0.320000 0.370000
v 0.459828 0.320000 0.376363
v 0.456738 0.400000 0.366852
v 0.500000 0.400000 0.360000
v 0.466008 0.420000 0.395384
v 0.500000 0.420000 0.390000
v 0.466008 0.500000 0.395384
v 0.500000 0.500000 0.390000
v 0.456738 0.520000 0.366852
v 0.500000 0.520000 0.360000
v 0.456738 0.620000 0.366852
v 0.500000 0.620000 0.360000
v 0.466008 0.640000 0.395384
v 0.500000 0.640000 0.390000
v 0.466008 0.760000 0.395384
v 0.500000 0.760000 0.390000
v 0.453647 0.780000 0.357342
v 0.500000 0.780000 0.350000
v 0.453647 0.870000 0.357342
v 0.500000 0.870000 0.350000
v 0.447467 0.920000 0.338320
v 0.500000 0.920000 0.330000
v 0.500000 0.920000 0.500000
v 0.423588 0.320000 0.394828
v 0.417710 0.400000 0.386738
v 0.435344 0.420000 0.411008
v 0.435344 0.500000 0.411008
v 0.417710 0.520000 0.386738
v 0.417710 0.620000 0.386738
v 0.435344 0.640000 0.411008
v 0.435344 0.760000 0.411008
v 0.411832 0.780000 0.378647
v 0.411832 0.870000 0.378647
v 0.400077 0.920000 0.362467
v 0.394828 0.320000 0.423588
v 0.386738 0.400000 0.417710
v 0.411008 0.420000 0.435344
v 0.411008 0.500000 0.435344
v 0.386738 0.520000 0.417710
v 0.386738 0.620000 0.417710
v 0.411008 0.640000 0.435344
v 0.411008 0.760000 0.435344
v 0.378647 0.780000 0.411832
v 0.378647 0.870000 0.411832
v 0.362467 0.920000 0.400077
v 0.376363 0.320000 0.459828
v 0.366852 0.400000 0.456738
v 0.395384 0.420000 0.466008
v 0.395384 0.500000 0.466008
v 0.366852 0.520000 0.456738
v 0.366852 0.620000 0.456738
v 0.395384 0.640000 0.466008
v 0.395384 0.760000 0.466008
v 0.357342 0.780000 0.453647
v 0.357342 0.870000 0.453647
v 0.338320 0.920000 0.447467
v 0.370000 0.320000 0.500000
v 0.360000 0.400000 0.500000
v 0.390000 0.420000 0.500000
v 0.390000 0.500000 0.500000
v 0.360000 0.520000 0.500000
v 0.360000 0.620000 0.500000
v 0.390000 0.640000 0.500000
v 0.390000 0.760000 0.500000
v 0.350000 0.780000 0.500000
v 0.350000 0.870000 0.500000
v 0.330000 0.920000 0.500000
v 0.376363 0.320000 0.540172
v 0.366852 0.400000 0.543262
v 0.395384 0.420000 0.533992
v 0.395384 0.500000 0.533992
v 0.366852 0.520000 0.543262
v 0.366852 0.620000 0.543262
v 0.395384 0.640000 0.533992
v 0.395384 0.760000 0.533992
v 0.357342 0.780000 0.546353
v 0.357342 0.870000 0.546353
v 0.338320 0.920000 0.552533
v 0.394828 0.320000 0.576412
v 0.386738 0.400000 0.582290
v 0.411008 0.420000 0.564656
v 0.411008 0.500000 0.564656
v 0.386738 0.520000 0.582290
v 0.386738 0.620000 0.582290
v 0.411008 0.640000 0.564656
v 0.411008 0.760000 0.564656
v 0.378647 0.780000 0.588168
v 0.378647 0.870000 0.588168
v 0.362467 0.920000 0.599923
v 0.423588 0.320000 0.605172
v 0.417710 0.400000 0.613262
v 0.435344 0.420000 0.588992
v 0.435344 0.500000 0.588992
v 0.417710 0.520000 0.613262
v 0.417710 0.620000 0.613262
v 0.435344 0.640000 0.588992
v 0.435344 0.760000 0.588992
v 0.411832 0.780000 0.621353
v 0.411832 0.870000 0.621353
v 0.400077 0.920000 0.637533
v 0.459828 0.320000 0.623637
v 0.456738 0.400000 0.633148
v 0.466008 0.420000 0.604616
v 0.466008 0.500000 0.604616
v 0.456738 0.520000 0.633148
v 0.456738 0.620000 0.633148
v 0.466008 0.640000 0.604616
v 0.466008 0.760000 0.604616
v 0.453647 0.780000 0.642658
v 0.453647 0.870000 0.642658
v 0.447467 0.920000 0.661680
v 0.500000 0.320000 0.630000
v 0.500000 0.400000 0.640000
v 0.500000 0.420000 0.610000
v 0.500000 0.500000 0.610000
v 0.500000 0.520000 0.640000
v 0.500000 0.620000 0.640000
v 0.500000 0.640000 0.610000
v 0.500000 0.760000 0.610000
v 0.500000 0.780000 0.650000
v 0.500000 0.870000 0.650000
v 0.500000 0.920000 0.670000
v 0.540172 0.320000 0.623637
v 0.543262 0.400000 0.633148
v 0.533992 0.420000 0.604616
v 0.533992 0.500000 0.604616
v 0.543262 0.520000 0.633148
v 0.543262 0.620000 0.633148
v 0.533992 0.640000 0.604616
v 0.533992 0.760000 0.604616
v 0.546353 0.780000 0.642658
v 0.546353 0.870000 0.642658
v 0.552533 0.920000 0.661680
v 0.576412 0.320000 0.605172
v 0.582290 0.400000 0.613262
v 0.564656 0.420000 0.588992
v 0.564656 0.500000 0.588992
v 0.582290 0.520000 0.613262
v 0.582290 0.620000 0.613262
v 0.564656 0.640000 0.588992
v 0.564656 0.760000 0.588992
v 0.588168 0.780000 0.621353
v 0.588168 0.870000 0.621353
v 0.599923 0.920000 0.637533
v 0.605172 0.320000 0.576412
v 0.613262 0.400000 0.582290
v 0.588992 0.420000 0.564656
v 0.588992 0.500000 0.564656
v 0.613262 0.520000 0.582290
v 0.613262 0.620000 0.582290
v 0.588992 0.640000 0.564656
v 0.588992 0.760000 0.564656
v 0.621353 0.780000 0.588168
v 0.621353 0.870000 0.588168
v 0.637533 0.920000 0.599923
v 0.623637 0.320000 0.540172
v 0.633148 0.400000 0.543262
v 0.604616 0.420000 0.533992
v 0.604616 0.500000 0.533992
v 0.633148 0.520000 0.543262
v 0.633148 0.620000 0.543262
v 0.604616 0.640000 0.533992
v 0.604616 0.760000 0.533992
v 0.642658 0.780000 0.546353
v 0.642658 0.870000 0.546353
v 0.661680 0.920000 0.552533
v 0.630000 0.320000 0.500000
v 0.640000 0.400000 0.500000
v 0.610000 0.420000 0.500000
v 0.610000 0.500000 0.500000
v 0.640000 0.520000 0.500000
v 0.640000 0.620000 0.500000
v 0.610000 0.640000 0.500000
v 0.610000 0.760000 0.500000
v 0.650000 0.780000 0.500000
v 0.650000 0.870000 0.500000
v 0.670000 0.920000 0.500000
v 0.623637 0.320000 0.459828
v 0.633148 0.400000 0.456738
v 0.604616 0.420000 0.466008
v 0.604616 0.500000 0.466008
v 0.633148 0.520000 0.456738
v 0.633148 0.620000 0.456738
v 0.604616 0.640000 0.466008
v 0.604616 0.760000 0.466008
v 0.642658 0.780000 0.453647
v 0.642658 0.870000 0.453647
v 0.661680 0.920000 0.447467
v 0.605172 0.320000 0.423588
v 0.613262 0.400000 0.417710
v 0.588992 0.420000 0.435344
v 0.588992 0.500000 0.435344
v 0.613262 0.520000 0.417710
v 0.613262 0.620000 0.417710
v 0.588992 0.640000 0.435344
v 0.588992 0.760000 0.435344
v 0.621353 0.780000 0.411832
v 0.621353 0.870000 0.411832
v 0.637533 0.920000 0.400077
v 0.576412 0.320000 0.394828
v 0.582290 0.400000 0.386738
v 0.564656 0.420000 0.411008
v 0.564656 0.500000 0.411008
v 0.582290 0.520000 0.386738
v 0.582290 0.620000 0.386738
v 0.564656 0.640000 0.411008
v 0.564656 0.760000 0.411008
v 0.588168 0.780000 0.378647
v 0.588168 0.870000 0.378647
v 0.599923 0.920000 0.362467
v 0.540172 0.320000 0.376363
v 0.543262 0.400000 0.366852
v 0.533992 0.420000 0.395384
v 0.533992 0.500000 0.395384
v 0.543262 0.520000 0.366852
v 0.543262 0.620000 0.366852
v 0.533992 0.640000 0.395384
v 0.533992 0.760000 0.395384
v 0.546353 0.780000 0.357342
v 0.546353 0.870000 0.357342
v 0.552533 0.920000 0.338320
v 0.500000 0.780000 0.380000
v 0.454078 0.780000 0.389134
v 0.427290 0.780000 0.324463
v 0.500000 0.780000 0.310000
v 0.427290 0.840000 0.324463
v 0.500000 0.840000 0.310000
v 0.454078 0.840000 0.389134
v 0.500000 0.840000 0.380000
v 0.415147 0.780000 0.415147
v 0.365650 0.780000 0.365650
v 0.365650 0.840000 0.365650
v 0.415147 0.840000 0.415147
v 0.389134 0.780000 0.454078
v 0.324463 0.780000 0.427290
v 0.324463 0.840000 0.427290
v 0.389134 0.840000 0.454078
v 0.380000 0.780000 0.500000
v 0.310000 0.780000 0.500000
v 0.310000 0.840000 0.500000
v 0.380000 0.840000 0.500000
v 0.389134 0.780000 0.545922
v 0.324463 0.780000 0.572710
v 0.324463 0.840000 0.572710
v 0.389134 0.840000 0.545922
v 0.415147 0.780000 0.584853
v 0.365650 0.780000 0.634350
v 0.365650 0.840000 0.634350
v 0.415147 0.840000 0.584853
v 0.454078 0.780000 0.610866
v 0.427290 0.780000 0.675537
v 0.427290 0.840000 0.675537
v 0.454078 0.840000 0.610866
v 0.500000 0.780000 0.620000
v 0.500000 0.780000 0.690000
v 0.500000 0.840000 0.690000
v 0.500000 0.840000 0.620000
v 0.545922 0.780000 0.610866
v 0.572710 0.780000 0.675537
v 0.572710 0.840000 0.675537
v 0.545922 0.840000 0.610866
v 0.584853 0.780000 0.584853
v 0.634350 0.780000 0.634350
v 0.634350 0.840000 0.634350
v 0.584853 0.840000 0.584853
v 0.610866 0.780000 0.545922
v 0.675537 0.780000 0.572710
v 0.675537 0.840000 0.572710
v 0.610866 0.840000 0.545922
v 0.620000 0.780000 0.500000
v 0.690000 0.780000 0.500000
v 0.690000 0.840000 0.500000
v 0.620000 0.840000 0.500000
v 0.610866 0.780000 0.454078
v 0.675537 0.780000 0.427290
v 0.675537 0.840000 0.427290
v 0.610866 0.840000 0.454078
v 0.584853 0.780000 0.415147
v 0.634350 0.780000 0.365650
v 0.634350 0.840000 0.365650
v 0.584853 0.840000 0.415147
v 0.545922 0.780000 0.389134
v 0.572710 0.780000 0.324463
v 0.572710 0.840000 0.324463
v 0.545922 0.840000 0.389134
v 0.763000 0.258000 0.470000
v 0.763000 0.282000 0.470000
v 0.763000 0.282000 0.530000
v 0.763000 0.258000 0.530000
v 0.747000 0.258000 0.530000
v 0.747000 0.282000 0.530000
v 0.747000 0.282000 0.470000
v 0.747000 0.258000 0.470000
v 0.530000 0.258000 0.763000
v 0.530000 0.282000 0.763000
v 0.470000 0.282000 0.763000
v 0.470000 0.258000 0.763000
v 0.470000 0.258000 0.747000
v 0.470000 0.282000 0.747000
v 0.530000 0.282000 0.747000
v 0.530000 0.258000 0.747000
v 0.237000 0.258000 0.530000
v 0.237000 0.282000 0.530000
v 0.237000 0.282000 0.470000
v 0.237000 0.258000 0.470000
v 0.253000 0.258000 0.470000
v 0.253000 0.282000 0.470000
v 0.253000 0.282000 0.530000
v 0.253000 0.258000 0.530000
v 0.470000 0.258000 0.237000
v 0.470000 0.282000 0.237000
v 0.530000 0.282000 0.237000
v 0.530000 0.258000 0.237000
v 0.530000 0.258000 0.253000
v 0.530000 0.282000 0.253000
v 0.470000 0.282000 0.253000
v 0.470000 0.258000 0.253000
v 0.475000 0.920000 0.456699
v 0.500000 0.920000 0.450000
v 0.475000 1.020000 0.456699
v 0.500000 1.020000 0.450000
v 0.485000 1.020000 0.474019
v 0.500000 1.020000 0.470000
v 0.485000 1.240000 0.474019
v 0.500000 1.240000 0.470000
v 0.477500 1.260000 0.461029
v 0.500000 1.260000 0.455000
v 0.500000 1.300000 0.500000
v 0.456699 0.920000 0.475000
v 0.456699 1.020000 0.475000
v 0.474019 1.020000 0.485000
v 0.474019 1.240000 0.485000
v 0.461029 1.260000 0.477500
v 0.450000 0.920000 0.500000
v 0.450000 1.020000 0.500000
v 0.470000 1.020000 0.500000
v 0.470000 1.240000 0.500000
v 0.455000 1.260000 0.500000
v 0.456699 0.920000 0.525000
v 0.456699 1.020000 0.525000
v 0.474019 1.020000 0.515000
v 0.474019 1.240000 0.515000
v 0.461029 1.260000 0.522500
v 0.475000 0.920000 0.543301
v 0.475000 1.020000 0.543301
v 0.485000 1.020000 0.525981
v 0.485000 1.240000 0.525981
v 0.477500 1.260000 0.538971
v 0.500000 0.920000 0.550000
v 0.500000 1.020000 0.550000
v 0.500000 1.020000 0.530000
v 0.500000 1.240000 0.530000
v 0.500000 1.260000 0.545000
v 0.525000 0.920000 0.543301
v 0.525000 1.020000 0.543301
v 0.515000 1.020000 0.525981
v 0.515000 1.240000 0.525981
v 0.522500 1.260000 0.538971
v 0.543301 0.920000 0.525000
v 0.543301 1.020000 0.525000
v 0.525981 1.020000 0.515000
v 0.525981 1.240000 0.515000
v 0.538971 1.260000 0.522500
v 0.550000 0.920000 0.500000
v 0.550000 1.020000 0.500000
v 0.530000 1.020000 0.500000
v 0.530000 1.240000 0.500000
v 0.545000 1.260000 0.500000
v 0.543301 0.920000 0.475000
v 0.543301 1.020000 0.475000
v 0.525981 1.020000 0.485000
v 0.525981 1.240000 0.485000
v 0.538971 1.260000 0.477500
v 0.525000 0.920000 0.456699
v 0.525000 1.020000 0.456699
v 0.515000 1.020000 0.474019
v 0.515000 1.240000 0.474019
v 0.522500 1.260000 0.461029
v 0.615000 1.105000 0.495000
v 0.615000 1.215000 0.495000
v 0.615000 1.215000 0.505000
v 0.615000 1.105000 0.505000
v 0.525000 1.105000 0.505000
v 0.525000 1.215000 0.505000
v 0.525000 1.215000 0.495000
v 0.525000 1.105000 0.495000
v 0.446830 1.105000 0.602093
v 0.446830 1.215000 0.602093
v 0.438170 1.215000 0.597093
v 0.438170 1.105000 0.597093
v 0.483170 1.105000 0.519151
v 0.483170 1.215000 0.519151
v 0.491830 1.215000 0.524151
v 0.491830 1.105000 0.524151
v 0.438170 1.105000 0.402907
v 0.438170 1.215000 0.402907
v 0.446830 1.215000 0.397907
v 0.446830 1.105000 0.397907
v 0.491830 1.105000 0.475849
v 0.491830 1.215000 0.475849
v 0.483170 1.215000 0.480849
v 0.483170 1.105000 0.480849
v 0.518000 1.292000 0.482000
v 0.518000 1.328000 0.482000
v 0.518000 1.328000 0.518000
v 0.518000 1.292000 0.518000
v 0.482000 1.292000 0.518000
v 0.482000 1.328000 0.518000
v 0.482000 1.328000 0.482000
v 0.482000 1.292000 0.482000
v 0.676777 0.810000 0.620208
v 0.659615 0.792366 0.603046
v 0.655563 0.810000 0.598995
v 0.603046 0.792366 0.659615
v 0.598995 0.810000 0.655563
v 0.620208 0.810000 0.676777
v 0.670221 0.781468 0.613653
v 0.613653 0.781468 0.670221
v 0.683332 0.781468 0.626763
v 0.626763 0.781468 0.683332
v 0.693939 0.792366 0.637370
v 0.637370 0.792366 0.693939
v 0.697990 0.810000 0.641421
v 0.641421 0.810000 0.697990
v 0.693939 0.827634 0.637370
v 0.637370 0.827634 0.693939
v 0.683332 0.838532 0.626763
v 0.626763 0.838532 0.683332
v 0.670221 0.838532 0.613653
v 0.613653 0.838532 0.670221
v 0.659615 0.827634 0.603046
v 0.603046 0.827634 0.659615
v 0.654149 0.230000 0.632936
v 0.654149 0.810000 0.632936
v 0.664049 0.810000 0.642836
v 0.664049 0.230000 0.642836
v 0.673948 0.230000 0.632936
v 0.673948 0.810000 0.632936
v 0.664049 0.810000 0.623037
v 0.664049 0.230000 0.623037
v 0.623037 0.230000 0.664049
v 0.623037 0.810000 0.664049
v 0.632936 0.810000 0.673948
v 0.632936 0.230000 0.673948
v 0.642836 0.230000 0.664049
v 0.642836 0.810000 0.664049
v 0.632936 0.810000 0.654149
v 0.632936 0.230000 0.654149
v 0.629401 0.725000 0.660513
v 0.629401 0.735000 0.660513
v 0.636472 0.735000 0.667584
v 0.636472 0.725000 0.667584
v 0.667584 0.725000 0.636472
v 0.667584 0.735000 0.636472
v 0.660513 0.735000 0.629401
v 0.660513 0.725000 0.629401
v 0.629401 0.630000 0.660513
v 0.629401 0.640000 0.660513
v 0.636472 0.640000 0.667584
v 0.636472 0.630000 0.667584
v 0.667584 0.630000 0.636472
v 0.667584 0.640000 0.636472
v 0.660513 0.640000 0.629401
v 0.660513 0.630000 0.629401
v 0.629401 0.535000 0.660513
v 0.629401 0.545000 0.660513
v 0.636472 0.545000 0.667584
v 0.636472 0.535000 0.667584
v 0.667584 0.535000 0.636472
v 0.667584 0.545000 0.636472
v 0.660513 0.545000 0.629401
v 0.660513 0.535000 0.629401
v 0.629401 0.440000 0.660513
v 0.629401 0.450000 0.660513
v 0.636472 0.450000 0.667584
v 0.636472 0.440000 0.667584
v 0.667584 0.440000 0.636472
v 0.667584 0.450000 0.636472
v 0.660513 0.450000 0.629401
v 0.660513 0.440000 0.629401
v 0.629401 0.345000 0.660513
v 0.629401 0.355000 0.660513
v 0.636472 0.355000 0.667584
v 0.636472 0.345000 0.667584
v 0.667584 0.345000 0.636472
v 0.667584 0.355000 0.636472
v 0.660513 0.355000 0.629401
v 0.660513 0.345000 0.629401
v 0.722739 0.180000 0.616673
v 0.722739 0.360000 0.616673
v 0.616673 0.360000 0.722739
v 0.616673 0.180000 0.722739
v 0.605359 0.180000 0.711425
v 0.605359 0.360000 0.711425
v 0.711425 0.360000 0.605359
v 0.711425 0.180000 0.605359
v 0.681726 0.258000 0.664756
v 0.681726 0.282000 0.664756
v 0.664756 0.282000 0.681726
v 0.664756 0.258000 0.681726
v 0.660513 0.258000 0.677484
v 0.660513 0.282000 0.677484
v 0.677484 0.282000 0.660513
v 0.677484 0.258000 0.660513
v 0.379792 0.810000 0.676777
v 0.396954 0.792366 0.659615
v 0.401005 0.810000 0.655563
v 0.340385 0.792366 0.603046
v 0.344437 0.810000 0.598995
v 0.323223 0.810000 0.620208
v 0.386347 0.781468 0.670221
v 0.329779 0.781468 0.613653
v 0.373237 0.781468 0.683332
v 0.316668 0.781468 0.626763
v 0.362630 0.792366 0.693939
v 0.306061 0.792366 0.637370
v 0.358579 0.810000 0.697990
v 0.302010 0.810000 0.641421
v 0.362630 0.827634 0.693939
v 0.306061 0.827634 0.637370
v 0.373237 0.838532 0.683332
v 0.316668 0.838532 0.626763
v 0.386347 0.838532 0.670221
v 0.329779 0.838532 0.613653
v 0.396954 0.827634 0.659615
v 0.340385 0.827634 0.603046
v 0.367064 0.230000 0.654149
v 0.367064 0.810000 0.654149
v 0.357164 0.810000 0.664049
v 0.357164 0.230000 0.664049
v 0.367064 0.230000 0.673948
v 0.367064 0.810000 0.673948
v 0.376963 0.810000 0.664049
v 0.376963 0.230000 0.664049
v 0.335951 0.230000 0.623037
v 0.335951 0.810000 0.623037
v 0.326052 0.810000 0.632936
v 0.326052 0.230000 0.632936
v 0.335951 0.230000 0.642836
v 0.335951 0.810000 0.642836
v 0.345851 0.810000 0.632936
v 0.345851 0.230000 0.632936
v 0.339487 0.725000 0.629401
v 0.339487 0.735000 0.629401
v 0.332416 0.735000 0.636472
v 0.332416 0.725000 0.636472
v 0.363528 0.725000 0.667584
v 0.363528 0.735000 0.667584
v 0.370599 0.735000 0.660513
v 0.370599 0.725000 0.660513
v 0.339487 0.630000 0.629401
v 0.339487 0.640000 0.629401
v 0.332416 0.640000 0.636472
v 0.332416 0.630000 0.636472
v 0.363528 0.630000 0.667584
v 0.363528 0.640000 0.667584
v 0.370599 0.640000 0.660513
v 0.370599 0.630000 0.660513
v 0.339487 0.535000 0.629401
v 0.339487 0.545000 0.629401
v 0.332416 0.545000 0.636472
v 0.332416 0.535000 0.636472
v 0.363528 0.535000 0.667584
v 0.363528 0.545000 0.667584
v 0.370599 0.545000 0.660513
v 0.370599 0.535000 0.660513
v 0.339487 0.440000 0.629401
v 0.339487 0.450000 0.629401
v 0.332416 0.450000 0.636472
v 0.332416 0.440000 0.636472
v 0.363528 0.440000 0.667584
v 0.363528 0.450000 0.667584
v 0.370599 0.450000 0.660513
v 0.370599 0.440000 0.660513
v 0.339487 0.345000 0.629401
v 0.339487 0.355000 0.629401
v 0.332416 0.355000 0.636472
v 0.332416 0.345000 0.636472
v 0.363528 0.345000 0.667584
v 0.363528 0.355000 0.667584
v 0.370599 0.355000 0.660513
v 0.370599 0.345000 0.660513
v 0.383327 0.180000 0.722739
v 0.383327 0.360000 0.722739
v 0.277261 0.360000 0.616673
v 0.277261 0.180000 0.616673
v 0.288575 0.180000 0.605359
v 0.288575 0.360000 0.605359
v 0.394641 0.360000 0.711425
v 0.394641 0.180000 0.711425
v 0.335244 0.258000 0.681726
v 0.335244 0.282000 0.681726
v 0.318274 0.282000 0.664756
v 0.318274 0.258000 0.664756
v 0.322516 0.258000 0.660513
v 0.322516 0.282000 0.660513
v 0.339487 0.282000 0.677484
v 0.339487 0.258000 0.677484
v 0.323223 0.810000 0.379792
v 0.340385 0.792366 0.396954
v 0.344437 0.810000 0.401005
v 0.396954 0.792366 0.340385
v 0.401005 0.810000 0.344437
v 0.379792 0.810000 0.323223
v 0.329779 0.781468 0.386347
v 0.386347 0.781468 0.329779
v 0.316668 0.781468 0.373237
v 0.373237 0.781468 0.316668
v 0.306061 0.792366 0.362630
v 0.362630 0.792366 0.306061
v 0.302010 0.810000 0.358579
v 0.358579 0.810000 0.302010
v 0.306061 0.827634 0.362630
v 0.362630 0.827634 0.306061
v 0.316668 0.838532 0.373237
v 0.373237 0.838532 0.316668
v 0.329779 0.838532 0.386347
v 0.386347 0.838532 0.329779
v 0.340385 0.827634 0.396954
v 0.396954 0.827634 0.340385
v 0.345851 0.230000 0.367064
v 0.345851 0.810000 0.367064
v 0.335951 0.810000 0.357164
v 0.335951 0.230000 0.357164
v 0.326052 0.230000 0.367064
v 0.326052 0.810000 0.367064
v 0.335951 0.810000 0.376963
v 0.335951 0.230000 0.376963
v 0.376963 0.230000 0.335951
v 0.376963 0.810000 0.335951
v 0.367064 0.810000 0.326052
v 0.367064 0.230000 0.326052
v 0.357164 0.230000 0.335951
v 0.357164 0.810000 0.335951
v 0.367064 0.810000 0.345851
v 0.367064 0.230000 0.345851
v 0.370599 0.725000 0.339487
v 0.370599 0.735000 0.339487
v 0.363528 0.735000 0.332416
v 0.363528 0.725000 0.332416
v 0.332416 0.725000 0.363528
v 0.332416 0.735000 0.363528
v 0.339487 0.735000 0.370599
v 0.339487 0.725000 0.370599
v 0.370599 0.630000 0.339487
v 0.370599 0.640000 0.339487
v 0.363528 0.640000 0.332416
v 0.363528 0.630000 0.332416
v 0.332416 0.630000 0.363528
v 0.332416 0.640000 0.363528
v 0.339487 0.640000 0.370599
v 0.339487 0.630000 0.370599
v 0.370599 0.535000 0.339487
v 0.370599 0.545000 0.339487
v 0.363528 0.545000 0.332416
v 0.363528 0.535000 0.332416
v 0.332416 0.535000 0.363528
v 0.332416 0.545000 0.363528
v 0.339487 0.545000 0.370599
v 0.339487 0.535000 0.370599
v 0.370599 0.440000 0.339487
v 0.370599 0.450000 0.339487
v 0.363528 0.450000 0.332416
v 0.363528 0.440000 0.332416
v 0.332416 0.440000 0.363528
v 0.332416 0.450000 0.363528
v 0.339487 0.450000 0.370599
v 0.339487 0.440000 0.370599
v 0.370599 0.345000 0.339487
v 0.370599 0.355000 0.339487
v 0.363528 0.355000 0.332416
v 0.363528 0.345000 0.332416
v 0.332416 0.345000 0.363528
v 0.332416 0.355000 0.363528
v 0.339487 0.355000 0.370599
v 0.339487 0.345000 0.370599
v 0.277261 0.180000 0.383327
v 0.277261 0.360000 0.383327
v 0.383327 0.360000 0.277261
v 0.383327 0.180000 0.277261
v 0.394641 0.180000 0.288575
v 0.394641 0.360000 0.288575
v 0.288575 0.360000 0.394641
v 0.288575 0.180000 0.394641
v 0.318274 0.258000 0.335244
v 0.318274 0.282000 0.335244
v 0.335244 0.282000 0.318274
v 0.335244 0.258000 0.318274
v 0.339487 0.258000 0.322516
v 0.339487 0.282000 0.322516
v 0.322516 0.282000 0.339487
v 0.322516 0.258000 0.339487
v 0.620208 0.810000 0.323223
v 0.603046 0.792366 0.340385
v 0.598995 0.810000 0.344437
v 0.659615 0.792366 0.396954
v 0.655563 0.810000 0.401005
v 0.676777 0.810000 0.379792
v 0.613653 0.781468 0.329779
v 0.670221 0.781468 0.386347
v 0.626763 0.781468 0.316668
v 0.683332 0.781468 0.373237
v 0.637370 0.792366 0.306061
v 0.693939 0.792366 0.362630
v 0.641421 0.810000 0.302010
v 0.697990 0.810000 0.358579
v 0.637370 0.827634 0.306061
v 0.693939 0.827634 0.362630
v 0.626763 0.838532 0.316668
v 0.683332 0.838532 0.373237
v 0.613653 0.838532 0.329779
v 0.670221 0.838532 0.386347
v 0.603046 0.827634 0.340385
v 0.659615 0.827634 0.396954
v 0.632936 0.230000 0.345851
v 0.632936 0.810000 0.345851
v 0.642836 0.810000 0.335951
v 0.642836 0.230000 0.335951
v 0.632936 0.230000 0.326052
v 0.632936 0.810000 0.326052
v 0.623037 0.810000 0.335951
v 0.623037 0.230000 0.335951
v 0.664049 0.230000 0.376963
v 0.664049 0.810000 0.376963
v 0.673948 0.810000 0.367064
v 0.673948 0.230000 0.367064
v 0.664049 0.230000 0.357164
v 0.664049 0.810000 0.357164
v 0.654149 0.810000 0.367064
v 0.654149 0.230000 0.367064
v 0.660513 0.725000 0.370599
v 0.660513 0.735000 0.370599
v 0.667584 0.735000 0.363528
v 0.667584 0.725000 0.363528
v 0.636472 0.725000 0.332416
v 0.636472 0.735000 0.332416
v 0.629401 0.735000 0.339487
v 0.629401 0.725000 0.339487
v 0.660513 0.630000 0.370599
v 0.660513 0.640000 0.370599
v 0.667584 0.640000 0.363528
v 0.667584 0.630000 0.363528
v 0.636472 0.630000 0.332416
v 0.636472 0.640000 0.332416
v 0.629401 0.640000 0.339487
v 0.629401 0.630000 0.339487
v 0.660513 0.535000 0.370599
v 0.660513 0.545000 0.370599
v 0.667584 0.545000 0.363528
v 0.667584 0.535000 0.363528
v 0.636472 0.535000 0.332416
v 0.636472 0.545000 0.332416
v 0.629401 0.545000 0.339487
v 0.629401 0.535000 0.339487
v 0.660513 0.440000 0.370599
v 0.660513 0.450000 0.370599
v 0.667584 0.450000 0.363528
v 0.667584 0.440000 0.363528
v 0.636472 0.440000 0.332416
v 0.636472 0.450000 0.332416
v 0.629401 0.450000 0.339487
v 0.629401 0.440000 0.339487
v 0.660513 0.345000 0.370599
v 0.660513 0.355000 0.370599
v 0.667584 0.355000 0.363528
v 0.667584 0.345000 0.363528
v 0.636472 0.345000 0.332416
v 0.636472 0.355000 0.332416
v 0.629401 0.355000 0.339487
v 0.629401 0.345000 0.339487
v 0.616673 0.180000 0.277261
v 0.616673 0.360000 0.277261
v 0.722739 0.360000 0.383327
v 0.722739 0.180000 0.383327
v 0.711425 0.180000 0.394641
v 0.711425 0.360000 0.394641
v 0.605359 0.360000 0.288575
v 0.605359 0.180000 0.288575
v 0.664756 0.258000 0.318274
v 0.664756 0.282000 0.318274
v 0.681726 0.282000 0.335244
v 0.681726 0.258000 0.335244
v 0.677484 0.258000 0.339487
v 0.677484 0.282000 0.339487
v 0.660513 0.282000 0.322516
v 0.660513 0.258000 0.322516
v 0.500000 0.062000 0.100000
v 0.421964 0.062000 0.107686
v 0.412209 0.062000 0.058647
v 0.500000 0.062000 0.050000
v 0.346927 0.062000 0.130448
v 0.327792 0.062000 0.084254
v 0.277772 0.062000 0.167412
v 0.249993 0.062000 0.125839
v 0.217157 0.062000 0.217157
v 0.181802 0.062000 0.181802
v 0.167412 0.062000 0.277772
v 0.125839 0.062000 0.249993
v 0.130448 0.062000 0.346927
v 0.084254 0.062000 0.327792
v 0.107686 0.062000 0.421964
v 0.058647 0.062000 0.412209
v 0.100000 0.062000 0.500000
v 0.050000 0.062000 0.500000
v 0.107686 0.062000 0.578036
v 0.058647 0.062000 0.587791
v 0.130448 0.062000 0.653073
v 0.084254 0.062000 0.672208
v 0.167412 0.062000 0.722228
v 0.125839 0.062000 0.750007
v 0.217157 0.062000 0.782843
v 0.181802 0.062000 0.818198
v 0.277772 0.062000 0.832588
v 0.249993 0.062000 0.874161
v 0.346927 0.062000 0.869552
v 0.327792 0.062000 0.915746
v 0.421964 0.062000 0.892314
v 0.412209 0.062000 0.941353
v 0.500000 0.062000 0.900000
v 0.500000 0.062000 0.950000
v 0.578036 0.062000 0.892314
v 0.587791 0.062000 0.941353
v 0.653073 0.062000 0.869552
v 0.672208 0.062000 0.915746
v 0.722228 0.062000 0.832588
v 0.750007 0.062000 0.874161
v 0.782843 0.062000 0.782843
v 0.818198 0.062000 0.818198
v 0.832588 0.062000 0.722228
v 0.874161 0.062000 0.750007
v 0.869552 0.062000 0.653073
v 0.915746 0.062000 0.672208
v 0.892314 0.062000 0.578036
v 0.941353 0.062000 0.587791
v 0.900000 0.062000 0.500000
v 0.950000 0.062000 0.500000
v 0.892314 0.062000 0.421964
v 0.941353 0.062000 0.412209
v 0.869552 0.062000 0.346927
v 0.915746 0.062000 0.327792
v 0.832588 0.062000 0.277772
v 0.874161 0.062000 0.249993
v 0.782843 0.062000 0.217157
v 0.818198 0.062000 0.181802
v 0.722228 0.062000 0.167412
v 0.750007 0.062000 0.125839
v 0.653073 0.062000 0.130448
v 0.672208 0.062000 0.084254
v 0.578036 0.062000 0.107686
v 0.587791 0.062000 0.058647
vt 0.50000 0.50000
vn 0.000000 -1.000000 -0.000000
vn 0.000000 1.000000 0.000000
vn -0.707107 0.000000 -0.707107
vn 0.000000 0.000000 -1.000000
vn 0.707107 0.000000 -0.707107
vn 1.000000 0.000000 -0.000000
vn 0.707107 0.000000 0.707107
vn 0.000000 0.000000 1.000000
vn -0.707107 0.000000 0.707107
vn -1.000000 0.000000 0.000000
vn 0.000000 -1.000000 0.000000
vn 0.000000 1.000000 -0.000000
vn 1.000000 0.000000 0.000000
vn -0.130526 0.000000 -0.991445
vn 0.130526 0.000000 0.991445
vn -0.058775 -0.892881 -0.446440
vn 0.058775 0.892881 0.446440
vn -0.028548 0.975789 -0.216842
vn 0.028548 -0.975789 0.216842
vn -0.382683 0.000000 -0.923880
vn 0.382683 0.000000 0.923880
vn -0.172320 -0.892881 -0.416016
vn 0.172320 0.892881 0.416016
vn -0.083698 0.975789 -0.202065
vn 0.083698 -0.975789 0.202065
vn -0.608761 0.000000 -0.793353
vn 0.608761 0.000000 0.793353
vn -0.274121 -0.892881 -0.357241
vn 0.274121 0.892881 0.357241
vn -0.133144 0.975789 -0.173517
vn 0.133144 -0.975789 0.173517
vn -0.793353 0.000000 -0.608761
vn 0.793353 0.000000 0.608761
vn -0.357241 -0.892881 -0.274121
vn 0.357241 0.892881 0.274121
vn -0.173517 0.975789 -0.133144
vn 0.173517 -0.975789 0.133144
vn -0.923880 0.000000 -0.382683
vn 0.923880 0.000000 0.382683
vn -0.416016 -0.892881 -0.172320
vn 0.416016 0.892881 0.172320
vn -0.202065 0.975789 -0.083698
vn 0.202065 -0.975789 0.083698
vn -0.991445 0.000000 -0.130526
vn 0.991445 0.000000 0.130526
vn -0.446440 -0.892881 -0.058775
vn 0.446440 0.892881 0.058775
vn -0.216842 0.975789 -0.028548
vn 0.216842 -0.975789 0.028548
vn -0.991445 0.000000 0.130526
vn 0.991445 0.000000 -0.130526
vn -0.446440 -0.892881 0.058775
vn 0.446440 0.892881 -0.058775
vn -0.216842 0.975789 0.028548
vn 0.216842 -0.975789 -0.028548
vn -0.923880 0.000000 0.382683
vn 0.923880 0.000000 -0.382683
vn -0.416016 -0.892881 0.172320
vn 0.416016 0.892881 -0.172320
vn -0.202065 0.975789 0.083698
vn 0.202065 -0.975789 -0.083698
vn -0.793353 0.000000 0.608761
vn 0.793353 0.000000 -0.608761
vn -0.357241 -0.892881 0.274121
vn 0.357241 0.892881 -0.274121
vn -0.173517 0.975789 0.133144
vn 0.173517 -0.975789 -0.133144
vn -0.608761 0.000000 0.793353
vn 0.608761 0.000000 -0.793353
vn -0.274121 -0.892881 0.357241
vn 0.274121 0.892881 -0.357241
vn -0.133144 0.975789 0.173517
vn 0.133144 -0.975789 -0.173517
vn -0.382683 0.000000 0.923880
vn 0.382683 0.000000 -0.923880
vn -0.172320 -0.892881 0.416016
vn 0.172320 0.892881 -0.416016
vn -0.083698 0.975789 0.202065
vn 0.083698 -0.975789 -0.202065
vn -0.130526 0.000000 0.991445
vn 0.130526 0.000000 -0.991445
vn -0.058775 -0.892881 0.446440
vn 0.058775 0.892881 -0.446440
vn -0.028548 0.975789 0.216842
vn 0.028548 -0.975789 -0.216842
vn 0.058775 -0.892881 0.446440
vn -0.058775 0.892881 -0.446440
vn 0.028548 0.975789 0.216842
vn -0.028548 -0.975789 -0.216842
vn 0.172320 -0.892881 0.416016
vn -0.172320 0.892881 -0.416016
vn 0.083698 0.975789 0.202065
vn -0.083698 -0.975789 -0.202065
vn 0.274121 -0.892881 0.357241
vn -0.274121 0.892881 -0.357241
vn 0.133144 0.975789 0.173517
vn -0.133144 -0.975789 -0.173517
vn 0.357241 -0.892881 0.274121
vn -0.357241 0.892881 -0.274121
vn 0.173517 0.975789 0.133144
vn -0.173517 -0.975789 -0.133144
vn 0.416016 -0.892881 0.172320
vn -0.416016 0.892881 -0.172320
vn 0.202065 0.975789 0.083698
vn -0.202065 -0.975789 -0.083698
vn 0.446440 -0.892881 0.058775
vn -0.446440 0.892881 -0.058775
vn 0.216842 0.975789 0.028548
vn -0.216842 -0.975789 -0.028548
vn 0.446440 -0.892881 -0.058775
vn -0.446440 0.892881 0.058775
vn 0.216842 0.975789 -0.028548
vn -0.216842 -0.975789 0.028548
vn 0.416016 -0.892881 -0.172320
vn -0.416016 0.892881 0.172320
vn 0.202065 0.975789 -0.083698
vn -0.202065 -0.975789 0.083698
vn 0.357241 -0.892881 -0.274121
vn -0.357241 0.892881 0.274121
vn 0.173517 0.975789 -0.133144
vn -0.173517 -0.975789 0.133144
vn 0.274121 -0.892881 -0.357241
vn -0.274121 0.892881 0.357241
vn 0.133144 0.975789 -0.173517
vn -0.133144 -0.975789 0.173517
vn 0.172320 -0.892881 -0.416016
vn -0.172320 0.892881 0.416016
vn 0.083698 0.975789 -0.202065
vn -0.083698 -0.975789 0.202065
vn 0.058775 -0.892881 -0.446440
vn -0.058775 0.892881 0.446440
vn 0.028548 0.975789 -0.216842
vn -0.028548 -0.975789 0.216842
vn -0.155256 -0.122531 -0.980246
vn 0.155256 0.122531 0.980246
vn -0.087519 0.828858 -0.552572
vn 0.087519 -0.828858 0.552572
vn -0.156434 0.000000 -0.987688
vn 0.156434 0.000000 0.987688
vn -0.087519 -0.828858 -0.552572
vn 0.087519 0.828858 0.552572
vn -0.070655 -0.892192 -0.446096
vn 0.070655 0.892192 0.446096
vn -0.145492 -0.367439 -0.918597
vn 0.145492 0.367439 0.918597
vn -0.450570 -0.122531 -0.884293
vn 0.450570 0.122531 0.884293
vn -0.253989 0.828858 -0.498482
vn 0.253989 -0.828858 0.498482
vn -0.453990 0.000000 -0.891007
vn 0.453990 0.000000 0.891007
vn -0.253989 -0.828858 -0.498482
vn 0.253989 0.828858 0.498482
vn -0.205048 -0.892192 -0.402429
vn 0.205048 0.892192 0.402429
vn -0.422233 -0.367439 -0.828679
vn 0.422233 0.367439 0.828679
vn -0.701779 -0.122531 -0.701779
vn 0.701779 0.122531 0.701779
vn -0.395598 0.828858 -0.395598
vn 0.395598 -0.828858 0.395598
vn -0.395598 -0.828858 -0.395598
vn 0.395598 0.828858 0.395598
vn -0.319369 -0.892192 -0.319369
vn 0.319369 0.892192 0.319369
vn -0.657643 -0.367439 -0.657643
vn 0.657643 0.367439 0.657643
vn -0.884293 -0.122531 -0.450570
vn 0.884293 0.122531 0.450570
vn -0.498482 0.828858 -0.253989
vn 0.498482 -0.828858 0.253989
vn -0.891007 0.000000 -0.453990
vn 0.891007 0.000000 0.453990
vn -0.498482 -0.828858 -0.253989
vn 0.498482 0.828858 0.253989
vn -0.402429 -0.892192 -0.205048
vn 0.402429 0.892192 0.205048
vn -0.828679 -0.367439 -0.422233
vn 0.828679 0.367439 0.422233
vn -0.980246 -0.122531 -0.155256
vn 0.980246 0.122531 0.155256
vn -0.552572 0.828858 -0.087519
vn 0.552572 -0.828858 0.087519
vn -0.987688 0.000000 -0.156434
vn 0.987688 0.000000 0.156434
vn -0.552572 -0.828858 -0.087519
vn 0.552572 0.828858 0.087519
vn -0.446096 -0.892192 -0.070655
vn 0.446096 0.892192 0.070655
vn -0.918597 -0.367439 -0.145492
vn 0.918597 0.367439 0.145492
vn -0.980246 -0.122531 0.155256
vn 0.980246 0.122531 -0.155256
vn -0.552572 0.828858 0.087519
vn 0.552572 -0.828858 -0.087519
vn -0.987688 0.000000 0.156434
vn 0.987688 0.000000 -0.156434
vn -0.552572 -0.828858 0.087519
vn 0.552572 0.828858 -0.087519
vn -0.446096 -0.892192 0.070655
vn 0.446096 0.892192 -0.070655
vn -0.918597 -0.367439 0.145492
vn 0.918597 0.367439 -0.145492
vn -0.884293 -0.122531 0.450570
vn 0.884293 0.122531 -0.450570
vn -0.498482 0.828858 0.253989
vn 0.498482 -0.828858 -0.253989
vn -0.891007 0.000000 0.453990
vn 0.891007 0.000000 -0.453990
vn -0.498482 -0.828858 0.253989
vn 0.498482 0.828858 -0.253989
vn -0.402429 -0.892192 0.205048
vn 0.402429 0.892192 -0.205048
vn -0.828679 -0.367439 0.422233
vn 0.828679 0.367439 -0.422233
vn -0.701779 -0.122531 0.701779
vn 0.701779 0.122531 -0.701779
vn -0.395598 0.828858 0.395598
vn 0.395598 -0.828858 -0.395598
vn -0.395598 -0.828858 0.395598
vn 0.395598 0.828858 -0.395598
vn -0.319369 -0.892192 0.319369
vn 0.319369 0.892192 -0.319369
vn -0.657643 -0.367439 0.657643
vn 0.657643 0.367439 -0.657643
vn -0.450570 -0.122531 0.884293
vn 0.450570 0.122531 -0.884293
vn -0.253989 0.828858 0.498482
vn 0.253989 -0.828858 -0.498482
vn -0.453990 0.000000 0.891007
vn 0.453990 0.000000 -0.891007
vn -0.253989 -0.828858 0.498482
vn 0.253989 0.828858 -0.498482
vn -0.205048 -0.892192 0.402429
vn 0.205048 0.892192 -0.402429
vn -0.422233 -0.367439 0.828679
vn 0.422233 0.367439 -0.828679
vn -0.155256 -0.122531 0.980246
vn 0.155256 0.122531 -0.980246
vn -0.087519 0.828858 0.552572
vn 0.087519 -0.828858 -0.552572
vn -0.156434 0.000000 0.987688
vn 0.156434 0.000000 -0.987688
vn -0.087519 -0.828858 0.552572
vn 0.087519 0.828858 -0.552572
vn -0.070655 -0.892192 0.446096
vn 0.070655 0.892192 -0.446096
vn -0.145492 -0.367439 0.918597
vn 0.145492 0.367439 -0.918597
vn 0.155256 -0.122531 0.980246
vn -0.155256 0.122531 -0.980246
vn 0.070655 -0.892192 0.446096
vn -0.070655 0.892192 -0.446096
vn 0.145492 -0.367439 0.918597
vn -0.145492 0.367439 -0.918597
vn 0.450570 -0.122531 0.884293
vn -0.450570 0.122531 -0.884293
vn 0.205048 -0.892192 0.402429
vn -0.205048 0.892192 -0.402429
vn 0.422233 -0.367439 0.828679
vn -0.422233 0.367439 -0.828679
vn 0.701779 -0.122531 0.701779
vn -0.701779 0.122531 -0.701779
vn 0.319369 -0.892192 0.319369
vn -0.319369 0.892192 -0.319369
vn 0.657643 -0.367439 0.657643
vn -0.657643 0.367439 -0.657643
vn 0.884293 -0.122531 0.450570
vn -0.884293 0.122531 -0.450570
vn 0.402429 -0.892192 0.205048
vn -0.402429 0.892192 -0.205048
vn 0.828679 -0.367439 0.422233
vn -0.828679 0.367439 -0.422233
vn 0.980246 -0.122531 0.155256
vn -0.980246 0.122531 -0.155256
vn 0.446096 -0.892192 0.070655
vn -0.446096 0.892192 -0.070655
vn 0.918597 -0.367439 0.145492
vn -0.918597 0.367439 -0.145492
vn 0.980246 -0.122531 -0.155256
vn -0.980246 0.122531 0.155256
vn 0.446096 -0.892192 -0.070655
vn -0.446096 0.892192 0.070655
vn 0.918597 -0.367439 -0.145492
vn -0.918597 0.367439 0.145492
vn 0.884293 -0.122531 -0.450570
vn -0.884293 0.122531 0.450570
vn 0.402429 -0.892192 -0.205048
vn -0.402429 0.892192 0.205048
vn 0.828679 -0.367439 -0.422233
vn -0.828679 0.367439 0.422233
vn 0.701779 -0.122531 -0.701779
vn -0.701779 0.122531 0.701779
vn 0.319369 -0.892192 -0.319369
vn -0.319369 0.892192 0.319369
vn 0.657643 -0.367439 -0.657643
vn -0.657643 0.367439 0.657643
vn 0.450570 -0.122531 -0.884293
vn -0.450570 0.122531 0.884293
vn 0.205048 -0.892192 -0.402429
vn -0.205048 0.892192 0.402429
vn 0.422233 -0.367439 -0.828679
vn -0.422233 0.367439 0.828679
vn 0.155256 -0.122531 -0.980246
vn -0.155256 0.122531 0.980246
vn 0.070655 -0.892192 -0.446096
vn -0.070655 0.892192 0.446096
vn 0.145492 -0.367439 -0.918597
vn -0.145492 0.367439 0.918597
vn -0.195090 0.000000 -0.980785
vn 0.195090 0.000000 0.980785
vn -0.555570 0.000000 -0.831470
vn 0.555570 0.000000 0.831470
vn -0.831470 0.000000 -0.555570
vn 0.831470 0.000000 0.555570
vn -0.980785 0.000000 -0.195090
vn 0.980785 0.000000 0.195090
vn -0.980785 0.000000 0.195090
vn 0.980785 0.000000 -0.195090
vn -0.831470 0.000000 0.555570
vn 0.831470 0.000000 -0.555570
vn -0.555570 0.000000 0.831470
vn 0.555570 0.000000 -0.831470
vn -0.195090 0.000000 0.980785
vn 0.195090 0.000000 -0.980785
vn -0.258819 0.000000 -0.965926
vn 0.258819 0.000000 0.965926
vn -0.209598 -0.586673 -0.782230
vn 0.209598 0.586673 0.782230
vn -0.175260 0.735841 -0.654081
vn 0.175260 -0.735841 0.654081
vn -0.572632 -0.586673 -0.572632
vn 0.572632 0.586673 0.572632
vn -0.478820 0.735841 -0.478820
vn 0.478820 -0.735841 0.478820
vn -0.965926 0.000000 -0.258819
vn 0.965926 0.000000 0.258819
vn -0.782230 -0.586673 -0.209598
vn 0.782230 0.586673 0.209598
vn -0.654081 0.735841 -0.175260
vn 0.654081 -0.735841 0.175260
vn -0.965926 0.000000 0.258819
vn 0.965926 0.000000 -0.258819
vn -0.782230 -0.586673 0.209598
vn 0.782230 0.586673 -0.209598
vn -0.654081 0.735841 0.175260
vn 0.654081 -0.735841 -0.175260
vn -0.572632 -0.586673 0.572632
vn 0.572632 0.586673 -0.572632
vn -0.478820 0.735841 0.478820
vn 0.478820 -0.735841 -0.478820
vn -0.258819 0.000000 0.965926
vn 0.258819 0.000000 -0.965926
vn -0.209598 -0.586673 0.782230
vn 0.209598 0.586673 -0.782230
vn -0.175260 0.735841 0.654081
vn 0.175260 -0.735841 -0.654081
vn 0.209598 -0.586673 0.782230
vn -0.209598 0.586673 -0.782230
vn 0.175260 0.735841 0.654081
vn -0.175260 -0.735841 -0.654081
vn 0.572632 -0.586673 0.572632
vn -0.572632 0.586673 -0.572632
vn 0.478820 0.735841 0.478820
vn -0.478820 -0.735841 -0.478820
vn 0.782230 -0.586673 0.209598
vn -0.782230 0.586673 -0.209598
vn 0.654081 0.735841 0.175260
vn -0.654081 -0.735841 -0.175260
vn 0.782230 -0.586673 -0.209598
vn -0.782230 0.586673 0.209598
vn 0.654081 0.735841 -0.175260
vn -0.654081 -0.735841 0.175260
vn 0.572632 -0.586673 -0.572632
vn -0.572632 0.586673 0.572632
vn 0.478820 0.735841 -0.478820
vn -0.478820 -0.735841 0.478820
vn 0.209598 -0.586673 -0.782230
vn -0.209598 0.586673 0.782230
vn 0.175260 0.735841 -0.654081
vn -0.175260 -0.735841 0.654081
vn -0.500000 0.000000 0.866025
vn 0.500000 0.000000 -0.866025
vn -0.866025 0.000000 -0.500000
vn 0.866025 0.000000 0.500000
vn -0.500000 0.000000 -0.866025
vn 0.500000 0.000000 0.866025
vn 0.866025 0.000000 -0.500000
vn -0.866025 0.000000 0.500000
vn -0.707107 -0.000000 0.707107
vn -0.672499 -0.309017 -0.672499
vn 0.672499 0.309017 0.672499
vn -0.415627 -0.809017 -0.415627
vn 0.415627 0.809017 0.415627
vn 0.707107 -0.000000 -0.707107
vn 0.415627 -0.809017 0.415627
vn -0.415627 0.809017 -0.415627
vn 0.672499 -0.309017 0.672499
vn -0.672499 0.309017 -0.672499
vn 0.672499 -0.309017 -0.672499
vn -0.672499 0.309017 0.672499
vn -0.707107 -0.000000 -0.707107
vn 0.415627 -0.809017 -0.415627
vn -0.415627 0.809017 0.415627
vn 0.707107 -0.000000 0.707107
vn -0.415627 -0.809017 0.415627
vn 0.415627 0.809017 -0.415627
vn -0.672499 -0.309017 0.672499
vn 0.672499 0.309017 -0.672499
g body
usemtl steel_dark
f 1/1/1 2/1/1 3/1/1
f 1/1/1 3/1/1 4/1/1
f 1/1/1 4/1/1 5/1/1
f 1/1/1 5/1/1 6/1/1
f 1/1/1 6/1/1 7/1/1
f 1/1/1 7/1/1 8/1/1
f 9/1/2 10/1/2 11/1/2
f 9/1/2 11/1/2 12/1/2
f 9/1/2 12/1/2 13/1/2
f 9/1/2 13/1/2 14/1/2
f 9/1/2 14/1/2 15/1/2
f 9/1/2 15/1/2 16/1/2
usemtl graphite
f 16/1/3 15/1/3 2/1/3
f 16/1/3 2/1/3 1/1/3
f 15/1/4 14/1/4 3/1/4
f 15/1/4 3/1/4 2/1/4
f 14/1/5 13/1/5 4/1/5
f 14/1/5 4/1/5 3/1/5
f 13/1/6 12/1/6 5/1/6
f 13/1/6 5/1/6 4/1/6
f 12/1/7 11/1/7 6/1/7
f 12/1/7 6/1/7 5/1/7
f 11/1/8 10/1/8 7/1/8
f 11/1/8 7/1/8 6/1/8
f 10/1/9 9/1/9 8/1/9
f 10/1/9 8/1/9 7/1/9
f 9/1/10 16/1/10 1/1/10
f 9/1/10 1/1/10 8/1/10
usemtl steel
f 17/1/11 18/1/11 19/1/11
f 17/1/11 19/1/11 20/1/11
f 17/1/11 20/1/11 21/1/11
f 17/1/11 21/1/11 22/1/11
f 17/1/11 22/1/11 23/1/11
f 17/1/11 23/1/11 24/1/11
f 25/1/12 26/1/12 27/1/12
f 25/1/12 27/1/12 28/1/12
f 25/1/12 28/1/12 29/1/12
f 25/1/12 29/1/12 30/1/12
f 25/1/12 30/1/12 31/1/12
f 25/1/12 31/1/12 32/1/12
usemtl steel_dark
f 32/1/3 31/1/3 18/1/3
f 32/1/3 18/1/3 17/1/3
f 31/1/4 30/1/4 19/1/4
f 31/1/4 19/1/4 18/1/4
f 30/1/5 29/1/5 20/1/5
f 30/1/5 20/1/5 19/1/5
f 29/1/13 28/1/13 21/1/13
f 29/1/13 21/1/13 20/1/13
f 28/1/7 27/1/7 22/1/7
f 28/1/7 22/1/7 21/1/7
f 27/1/8 26/1/8 23/1/8
f 27/1/8 23/1/8 22/1/8
f 26/1/9 25/1/9 24/1/9
f 26/1/9 24/1/9 23/1/9
f 25/1/10 32/1/10 17/1/10
f 25/1/10 17/1/10 24/1/10
f 33/1/7 34/1/7 35/1/7
f 33/1/7 35/1/7 36/1/7
f 37/1/3 38/1/3 39/1/3
f 37/1/3 39/1/3 40/1/3
usemtl steel_light
f 39/1/2 38/1/2 35/1/2
f 39/1/2 35/1/2 34/1/2
f 37/1/11 40/1/11 33/1/11
f 37/1/11 33/1/11 36/1/11
usemtl steel_dark
f 37/1/9 36/1/9 35/1/9
f 37/1/9 35/1/9 38/1/9
f 33/1/5 40/1/5 39/1/5
f 33/1/5 39/1/5 34/1/5
usemtl cyan_dim
f 41/1/7 42/1/7 43/1/7
f 41/1/7 43/1/7 44/1/7
f 45/1/3 46/1/3 47/1/3
f 45/1/3 47/1/3 48/1/3
f 47/1/2 46/1/2 43/1/2
f 47/1/2 43/1/2 42/1/2
f 45/1/11 48/1/11 41/1/11
f 45/1/11 41/1/11 44/1/11
f 45/1/9 44/1/9 43/1/9
f 45/1/9 43/1/9 46/1/9
f 41/1/5 48/1/5 47/1/5
f 41/1/5 47/1/5 42/1/5
usemtl steel_dark
f 49/1/9 50/1/9 51/1/9
f 49/1/9 51/1/9 52/1/9
f 53/1/5 54/1/5 55/1/5
f 53/1/5 55/1/5 56/1/5
usemtl steel_light
f 55/1/2 54/1/2 51/1/2
f 55/1/2 51/1/2 50/1/2
f 53/1/11 56/1/11 49/1/11
f 53/1/11 49/1/11 52/1/11
usemtl steel_dark
f 53/1/3 52/1/3 51/1/3
f 53/1/3 51/1/3 54/1/3
f 49/1/7 56/1/7 55/1/7
f 49/1/7 55/1/7 50/1/7
usemtl cyan_dim
f 57/1/9 58/1/9 59/1/9
f 57/1/9 59/1/9 60/1/9
f 61/1/5 62/1/5 63/1/5
f 61/1/5 63/1/5 64/1/5
f 63/1/2 62/1/2 59/1/2
f 63/1/2 59/1/2 58/1/2
f 61/1/11 64/1/11 57/1/11
f 61/1/11 57/1/11 60/1/11
f 61/1/3 60/1/3 59/1/3
f 61/1/3 59/1/3 62/1/3
f 57/1/7 64/1/7 63/1/7
f 57/1/7 63/1/7 58/1/7
usemtl steel_dark
f 65/1/3 66/1/3 67/1/3
f 65/1/3 67/1/3 68/1/3
f 69/1/7 70/1/7 71/1/7
f 69/1/7 71/1/7 72/1/7
usemtl steel_light
f 71/1/2 70/1/2 67/1/2
f 71/1/2 67/1/2 66/1/2
f 69/1/11 72/1/11 65/1/11
f 69/1/11 65/1/11 68/1/11
usemtl steel_dark
f 69/1/5 68/1/5 67/1/5
f 69/1/5 67/1/5 70/1/5
f 65/1/9 72/1/9 71/1/9
f 65/1/9 71/1/9 66/1/9
usemtl cyan_dim
f 73/1/3 74/1/3 75/1/3
f 73/1/3 75/1/3 76/1/3
f 77/1/7 78/1/7 79/1/7
f 77/1/7 79/1/7 80/1/7
f 79/1/2 78/1/2 75/1/2
f 79/1/2 75/1/2 74/1/2
f 77/1/1 80/1/1 73/1/1
f 77/1/1 73/1/1 76/1/1
f 77/1/5 76/1/5 75/1/5
f 77/1/5 75/1/5 78/1/5
f 73/1/9 80/1/9 79/1/9
f 73/1/9 79/1/9 74/1/9
usemtl steel_dark
f 81/1/5 82/1/5 83/1/5
f 81/1/5 83/1/5 84/1/5
f 85/1/9 86/1/9 87/1/9
f 85/1/9 87/1/9 88/1/9
usemtl steel_light
f 87/1/2 86/1/2 83/1/2
f 87/1/2 83/1/2 82/1/2
f 85/1/11 88/1/11 81/1/11
f 85/1/11 81/1/11 84/1/11
usemtl steel_dark
f 85/1/7 84/1/7 83/1/7
f 85/1/7 83/1/7 86/1/7
f 81/1/3 88/1/3 87/1/3
f 81/1/3 87/1/3 82/1/3
usemtl cyan_dim
f 89/1/5 90/1/5 91/1/5
f 89/1/5 91/1/5 92/1/5
f 93/1/9 94/1/9 95/1/9
f 93/1/9 95/1/9 96/1/9
f 95/1/2 94/1/2 91/1/2
f 95/1/2 91/1/2 90/1/2
f 93/1/11 96/1/11 89/1/11
f 93/1/11 89/1/11 92/1/11
f 93/1/7 92/1/7 91/1/7
f 93/1/7 91/1/7 94/1/7
f 89/1/3 96/1/3 95/1/3
f 89/1/3 95/1/3 90/1/3
usemtl steel
f 97/1/11 97/1/11 98/1/11
f 97/1/11 98/1/11 99/1/11
f 97/1/2 98/1/2 97/1/2
f 97/1/2 99/1/2 98/1/2
usemtl graphite
f 99/1/14 98/1/14 100/1/14
f 99/1/14 100/1/14 101/1/14
f 99/1/15 100/1/15 98/1/15
f 99/1/15 101/1/15 100/1/15
usemtl steel
f 101/1/2 100/1/2 102/1/2
f 101/1/2 102/1/2 103/1/2
f 101/1/1 102/1/1 100/1/1
f 101/1/1 103/1/1 102/1/1
f 103/1/14 102/1/14 104/1/14
f 103/1/14 104/1/14 105/1/14
f 103/1/15 104/1/15 102/1/15
f 103/1/15 105/1/15 104/1/15
usemtl steel_dark
f 105/1/16 104/1/16 106/1/16
f 105/1/16 106/1/16 107/1/16
f 105/1/17 106/1/17 104/1/17
f 105/1/17 107/1/17 106/1/17
f 107/1/14 106/1/14 108/1/14
f 107/1/14 108/1/14 109/1/14
f 107/1/15 108/1/15 106/1/15
f 107/1/15 109/1/15 108/1/15
f 109/1/18 108/1/18 110/1/18
f 109/1/18 110/1/18 111/1/18
f 109/1/19 110/1/19 108/1/19
f 109/1/19 111/1/19 110/1/19
f 111/1/2 110/1/2 112/1/2
f 111/1/2 112/1/2 112/1/2
f 111/1/11 112/1/11 110/1/11
f 111/1/11 112/1/11 112/1/11
usemtl steel
f 97/1/11 97/1/11 113/1/11
f 97/1/11 113/1/11 98/1/11
f 97/1/2 113/1/2 97/1/2
f 97/1/2 98/1/2 113/1/2
usemtl graphite
f 98/1/20 113/1/20 114/1/20
f 98/1/20 114/1/20 100/1/20
f 98/1/21 114/1/21 113/1/21
f 98/1/21 100/1/21 114/1/21
usemtl steel
f 100/1/12 114/1/12 115/1/12
f 100/1/12 115/1/12 102/1/12
f 100/1/11 115/1/11 114/1/11
f 100/1/11 102/1/11 115/1/11
f 102/1/20 115/1/20 116/1/20
f 102/1/20 116/1/20 104/1/20
f 102/1/21 116/1/21 115/1/21
f 102/1/21 104/1/21 116/1/21
usemtl steel_dark
f 104/1/22 116/1/22 117/1/22
f 104/1/22 117/1/22 106/1/22
f 104/1/23 117/1/23 116/1/23
f 104/1/23 106/1/23 117/1/23
f 106/1/20 117/1/20 118/1/20
f 106/1/20 118/1/20 108/1/20
f 106/1/21 118/1/21 117/1/21
f 106/1/21 108/1/21 118/1/21
f 108/1/24 118/1/24 119/1/24
f 108/1/24 119/1/24 110/1/24
f 108/1/25 119/1/25 118/1/25
f 108/1/25 110/1/25 119/1/25
f 110/1/2 119/1/2 112/1/2
f 110/1/2 112/1/2 112/1/2
f 110/1/11 112/1/11 119/1/11
f 110/1/11 112/1/11 112/1/11
usemtl steel
f 97/1/11 97/1/11 120/1/11
f 97/1/11 120/1/11 113/1/11
f 97/1/2 120/1/2 97/1/2
f 97/1/2 113/1/2 120/1/2
usemtl graphite
f 113/1/26 120/1/26 121/1/26
f 113/1/26 121/1/26 114/1/26
f 113/1/27 121/1/27 120/1/27
f 113/1/27 114/1/27 121/1/27
usemtl steel
f 114/1/12 121/1/12 122/1/12
f 114/1/12 122/1/12 115/1/12
f 114/1/11 122/1/11 121/1/11
f 114/1/11 115/1/11 122/1/11
f 115/1/26 122/1/26 123/1/26
f 115/1/26 123/1/26 116/1/26
f 115/1/27 123/1/27 122/1/27
f 115/1/27 116/1/27 123/1/27
usemtl steel_dark
f 116/1/28 123/1/28 124/1/28
f 116/1/28 124/1/28 117/1/28
f 116/1/29 124/1/29 123/1/29
f 116/1/29 117/1/29 124/1/29
f 117/1/26 124/1/26 125/1/26
f 117/1/26 125/1/26 118/1/26
f 117/1/27 125/1/27 124/1/27
f 117/1/27 118/1/27 125/1/27
f 118/1/30 125/1/30 126/1/30
f 118/1/30 126/1/30 119/1/30
f 118/1/31 126/1/31 125/1/31
f 118/1/31 119/1/31 126/1/31
f 119/1/2 126/1/2 112/1/2
f 119/1/2 112/1/2 112/1/2
f 119/1/11 112/1/11 126/1/11
f 119/1/11 112/1/11 112/1/11
usemtl steel
f 97/1/11 97/1/11 127/1/11
f 97/1/11 127/1/11 120/1/11
f 97/1/12 127/1/12 97/1/12
f 97/1/12 120/1/12 127/1/12
usemtl graphite
f 120/1/32 127/1/32 128/1/32
f 120/1/32 128/1/32 121/1/32
f 120/1/33 128/1/33 127/1/33
f 120/1/33 121/1/33 128/1/33
usemtl steel
f 121/1/2 128/1/2 129/1/2
f 121/1/2 129/1/2 122/1/2
f 121/1/11 129/1/11 128/1/11
f 121/1/11 122/1/11 129/1/11
f 122/1/32 129/1/32 130/1/32
f 122/1/32 130/1/32 123/1/32
f 122/1/33 130/1/33 129/1/33
f 122/1/33 123/1/33 130/1/33
usemtl steel_dark
f 123/1/34 130/1/34 131/1/34
f 123/1/34 131/1/34 124/1/34
f 123/1/35 131/1/35 130/1/35
f 123/1/35 124/1/35 131/1/35
f 124/1/32 131/1/32 132/1/32
f 124/1/32 132/1/32 125/1/32
f 124/1/33 132/1/33 131/1/33
f 124/1/33 125/1/33 132/1/33
f 125/1/36 132/1/36 133/1/36
f 125/1/36 133/1/36 126/1/36
f 125/1/37 133/1/37 132/1/37
f 125/1/37 126/1/37 133/1/37
f 126/1/2 133/1/2 112/1/2
f 126/1/2 112/1/2 112/1/2
f 126/1/11 112/1/11 133/1/11
f 126/1/11 112/1/11 112/1/11
usemtl steel
f 97/1/11 97/1/11 134/1/11
f 97/1/11 134/1/11 127/1/11
f 97/1/2 134/1/2 97/1/2
f 97/1/2 127/1/2 134/1/2
usemtl graphite
f 127/1/38 134/1/38 135/1/38
f 127/1/38 135/1/38 128/1/38
f 127/1/39 135/1/39 134/1/39
f 127/1/39 128/1/39 135/1/39
usemtl steel
f 128/1/2 135/1/2 136/1/2
f 128/1/2 136/1/2 129/1/2
f 128/1/11 136/1/11 135/1/11
f 128/1/11 129/1/11 136/1/11
f 129/1/38 136/1/38 137/1/38
f 129/1/38 137/1/38 130/1/38
f 129/1/39 137/1/39 136/1/39
f 129/1/39 130/1/39 137/1/39
usemtl steel_dark
f 130/1/40 137/1/40 138/1/40
f 130/1/40 138/1/40 131/1/40
f 130/1/41 138/1/41 137/1/41
f 130/1/41 131/1/41 138/1/41
f 131/1/38 138/1/38 139/1/38
f 131/1/38 139/1/38 132/1/38
f 131/1/39 139/1/39 138/1/39
f 131/1/39 132/1/39 139/1/39
f 132/1/42 139/1/42 140/1/42
f 132/1/42 140/1/42 133/1/42
f 132/1/43 140/1/43 139/1/43
f 132/1/43 133/1/43 140/1/43
f 133/1/12 140/1/12 112/1/12
f 133/1/12 112/1/12 112/1/12
f 133/1/11 112/1/11 140/1/11
f 133/1/11 112/1/11 112/1/11
usemtl steel
f 97/1/11 97/1/11 141/1/11
f 97/1/11 141/1/11 134/1/11
f 97/1/2 141/1/2 97/1/2
f 97/1/2 134/1/2 141/1/2
usemtl graphite
f 134/1/44 141/1/44 142/1/44
f 134/1/44 142/1/44 135/1/44
f 134/1/45 142/1/45 141/1/45
f 134/1/45 135/1/45 142/1/45
usemtl steel
f 135/1/2 142/1/2 143/1/2
f 135/1/2 143/1/2 136/1/2
f 135/1/1 143/1/1 142/1/1
f 135/1/1 136/1/1 143/1/1
f 136/1/44 143/1/44 144/1/44
f 136/1/44 144/1/44 137/1/44
f 136/1/45 144/1/45 143/1/45
f 136/1/45 137/1/45 144/1/45
usemtl steel_dark
f 137/1/46 144/1/46 145/1/46
f 137/1/46 145/1/46 138/1/46
f 137/1/47 145/1/47 144/1/47
f 137/1/47 138/1/47 145/1/47
f 138/1/44 145/1/44 146/1/44
f 138/1/44 146/1/44 139/1/44
f 138/1/45 146/1/45 145/1/45
f 138/1/45 139/1/45 146/1/45
f 139/1/48 146/1/48 147/1/48
f 139/1/48 147/1/48 140/1/48
f 139/1/49 147/1/49 146/1/49
f 139/1/49 140/1/49 147/1/49
f 140/1/2 147/1/2 112/1/2
f 140/1/2 112/1/2 112/1/2
f 140/1/1 112/1/1 147/1/1
f 140/1/1 112/1/1 112/1/1
usemtl steel
f 97/1/11 97/1/11 148/1/11
f 97/1/11 148/1/11 141/1/11
f 97/1/2 148/1/2 97/1/2
f 97/1/2 141/1/2 148/1/2
usemtl graphite
f 141/1/50 148/1/50 149/1/50
f 141/1/50 149/1/50 142/1/50
f 141/1/51 149/1/51 148/1/51
f 141/1/51 142/1/51 149/1/51
usemtl steel
f 142/1/2 149/1/2 150/1/2
f 142/1/2 150/1/2 143/1/2
f 142/1/11 150/1/11 149/1/11
f 142/1/11 143/1/11 150/1/11
f 143/1/50 150/1/50 151/1/50
f 143/1/50 151/1/50 144/1/50
f 143/1/51 151/1/51 150/1/51
f 143/1/51 144/1/51 151/1/51
usemtl steel_dark
f 144/1/52 151/1/52 152/1/52
f 144/1/52 152/1/52 145/1/52
f 144/1/53 152/1/53 151/1/53
f 144/1/53 145/1/53 152/1/53
f 145/1/50 152/1/50 153/1/50
f 145/1/50 153/1/50 146/1/50
f 145/1/51 153/1/51 152/1/51
f 145/1/51 146/1/51 153/1/51
f 146/1/54 153/1/54 154/1/54
f 146/1/54 154/1/54 147/1/54
f 146/1/55 154/1/55 153/1/55
f 146/1/55 147/1/55 154/1/55
f 147/1/12 154/1/12 112/1/12
f 147/1/12 112/1/12 112/1/12
f 147/1/11 112/1/11 154/1/11
f 147/1/11 112/1/11 112/1/11
usemtl steel
f 97/1/11 97/1/11 155/1/11
f 97/1/11 155/1/11 148/1/11
f 97/1/2 155/1/2 97/1/2
f 97/1/2 148/1/2 155/1/2
usemtl graphite
f 148/1/56 155/1/56 156/1/56
f 148/1/56 156/1/56 149/1/56
f 148/1/57 156/1/57 155/1/57
f 148/1/57 149/1/57 156/1/57
usemtl steel
f 149/1/2 156/1/2 157/1/2
f 149/1/2 157/1/2 150/1/2
f 149/1/1 157/1/1 156/1/1
f 149/1/1 150/1/1 157/1/1
f 150/1/56 157/1/56 158/1/56
f 150/1/56 158/1/56 151/1/56
f 150/1/57 158/1/57 157/1/57
f 150/1/57 151/1/57 158/1/57
usemtl steel_dark
f 151/1/58 158/1/58 159/1/58
f 151/1/58 159/1/58 152/1/58
f 151/1/59 159/1/59 158/1/59
f 151/1/59 152/1/59 159/1/59
f 152/1/56 159/1/56 160/1/56
f 152/1/56 160/1/56 153/1/56
f 152/1/57 160/1/57 159/1/57
f 152/1/57 153/1/57 160/1/57
f 153/1/60 160/1/60 161/1/60
f 153/1/60 161/1/60 154/1/60
f 153/1/61 161/1/61 160/1/61
f 153/1/61 154/1/61 161/1/61
f 154/1/2 161/1/2 112/1/2
f 154/1/2 112/1/2 112/1/2
f 154/1/11 112/1/11 161/1/11
f 154/1/11 112/1/11 112/1/11
usemtl steel
f 97/1/11 97/1/11 162/1/11
f 97/1/11 162/1/11 155/1/11
f 97/1/2 162/1/2 97/1/2
f 97/1/2 155/1/2 162/1/2
usemtl graphite
f 155/1/62 162/1/62 163/1/62
f 155/1/62 163/1/62 156/1/62
f 155/1/63 163/1/63 162/1/63
f 155/1/63 156/1/63 163/1/63
usemtl steel
f 156/1/2 163/1/2 164/1/2
f 156/1/2 164/1/2 157/1/2
f 156/1/11 164/1/11 163/1/11
f 156/1/11 157/1/11 164/1/11
f 157/1/62 164/1/62 165/1/62
f 157/1/62 165/1/62 158/1/62
f 157/1/63 165/1/63 164/1/63
f 157/1/63 158/1/63 165/1/63
usemtl steel_dark
f 158/1/64 165/1/64 166/1/64
f 158/1/64 166/1/64 159/1/64
f 158/1/65 166/1/65 165/1/65
f 158/1/65 159/1/65 166/1/65
f 159/1/62 166/1/62 167/1/62
f 159/1/62 167/1/62 160/1/62
f 159/1/63 167/1/63 166/1/63
f 159/1/63 160/1/63 167/1/63
f 160/1/66 167/1/66 168/1/66
f 160/1/66 168/1/66 161/1/66
f 160/1/67 168/1/67 167/1/67
f 160/1/67 161/1/67 168/1/67
f 161/1/2 168/1/2 112/1/2
f 161/1/2 112/1/2 112/1/2
f 161/1/11 112/1/11 168/1/11
f 161/1/11 112/1/11 112/1/11
usemtl steel
f 97/1/11 97/1/11 169/1/11
f 97/1/11 169/1/11 162/1/11
f 97/1/2 169/1/2 97/1/2
f 97/1/2 162/1/2 169/1/2
usemtl graphite
f 162/1/68 169/1/68 170/1/68
f 162/1/68 170/1/68 163/1/68
f 162/1/69 170/1/69 169/1/69
f 162/1/69 163/1/69 170/1/69
usemtl steel
f 163/1/2 170/1/2 171/1/2
f 163/1/2 171/1/2 164/1/2
f 163/1/11 171/1/11 170/1/11
f 163/1/11 164/1/11 171/1/11
f 164/1/68 171/1/68 172/1/68
f 164/1/68 172/1/68 165/1/68
f 164/1/69 172/1/69 171/1/69
f 164/1/69 165/1/69 172/1/69
usemtl steel_dark
f 165/1/70 172/1/70 173/1/70
f 165/1/70 173/1/70 166/1/70
f 165/1/71 173/1/71 172/1/71
f 165/1/71 166/1/71 173/1/71
f 166/1/68 173/1/68 174/1/68
f 166/1/68 174/1/68 167/1/68
f 166/1/69 174/1/69 173/1/69
f 166/1/69 167/1/69 174/1/69
f 167/1/72 174/1/72 175/1/72
f 167/1/72 175/1/72 168/1/72
f 167/1/73 175/1/73 174/1/73
f 167/1/73 168/1/73 175/1/73
f 168/1/2 175/1/2 112/1/2
f 168/1/2 112/1/2 112/1/2
f 168/1/11 112/1/11 175/1/11
f 168/1/11 112/1/11 112/1/11
usemtl steel
f 97/1/11 97/1/11 176/1/11
f 97/1/11 176/1/11 169/1/11
f 97/1/2 176/1/2 97/1/2
f 97/1/2 169/1/2 176/1/2
usemtl graphite
f 169/1/74 176/1/74 177/1/74
f 169/1/74 177/1/74 170/1/74
f 169/1/75 177/1/75 176/1/75
f 169/1/75 170/1/75 177/1/75
usemtl steel
f 170/1/12 177/1/12 178/1/12
f 170/1/12 178/1/12 171/1/12
f 170/1/11 178/1/11 177/1/11
f 170/1/11 171/1/11 178/1/11
f 171/1/74 178/1/74 179/1/74
f 171/1/74 179/1/74 172/1/74
f 171/1/75 179/1/75 178/1/75
f 171/1/75 172/1/75 179/1/75
usemtl steel_dark
f 172/1/76 179/1/76 180/1/76
f 172/1/76 180/1/76 173/1/76
f 172/1/77 180/1/77 179/1/77
f 172/1/77 173/1/77 180/1/77
f 173/1/74 180/1/74 181/1/74
f 173/1/74 181/1/74 174/1/74
f 173/1/75 181/1/75 180/1/75
f 173/1/75 174/1/75 181/1/75
f 174/1/78 181/1/78 182/1/78
f 174/1/78 182/1/78 175/1/78
f 174/1/79 182/1/79 181/1/79
f 174/1/79 175/1/79 182/1/79
f 175/1/2 182/1/2 112/1/2
f 175/1/2 112/1/2 112/1/2
f 175/1/11 112/1/11 182/1/11
f 175/1/11 112/1/11 112/1/11
usemtl steel
f 97/1/11 97/1/11 183/1/11
f 97/1/11 183/1/11 176/1/11
f 97/1/2 183/1/2 97/1/2
f 97/1/2 176/1/2 183/1/2
usemtl graphite
f 176/1/80 183/1/80 184/1/80
f 176/1/80 184/1/80 177/1/80
f 176/1/81 184/1/81 183/1/81
f 176/1/81 177/1/81 184/1/81
usemtl steel
f 177/1/12 184/1/12 185/1/12
f 177/1/12 185/1/12 178/1/12
f 177/1/11 185/1/11 184/1/11
f 177/1/11 178/1/11 185/1/11
f 178/1/80 185/1/80 186/1/80
f 178/1/80 186/1/80 179/1/80
f 178/1/81 186/1/81 185/1/81
f 178/1/81 179/1/81 186/1/81
usemtl steel_dark
f 179/1/82 186/1/82 187/1/82
f 179/1/82 187/1/82 180/1/82
f 179/1/83 187/1/83 186/1/83
f 179/1/83 180/1/83 187/1/83
f 180/1/80 187/1/80 188/1/80
f 180/1/80 188/1/80 181/1/80
f 180/1/81 188/1/81 187/1/81
f 180/1/81 181/1/81 188/1/81
f 181/1/84 188/1/84 189/1/84
f 181/1/84 189/1/84 182/1/84
f 181/1/85 189/1/85 188/1/85
f 181/1/85 182/1/85 189/1/85
f 182/1/2 189/1/2 112/1/2
f 182/1/2 112/1/2 112/1/2
f 182/1/11 112/1/11 189/1/11
f 182/1/11 112/1/11 112/1/11
usemtl steel
f 97/1/1 97/1/1 190/1/1
f 97/1/1 190/1/1 183/1/1
f 97/1/2 190/1/2 97/1/2
f 97/1/2 183/1/2 190/1/2
usemtl graphite
f 183/1/15 190/1/15 191/1/15
f 183/1/15 191/1/15 184/1/15
f 183/1/14 191/1/14 190/1/14
f 183/1/14 184/1/14 191/1/14
usemtl steel
f 184/1/2 191/1/2 192/1/2
f 184/1/2 192/1/2 185/1/2
f 184/1/1 192/1/1 191/1/1
f 184/1/1 185/1/1 192/1/1
f 185/1/15 192/1/15 193/1/15
f 185/1/15 193/1/15 186/1/15
f 185/1/14 193/1/14 192/1/14
f 185/1/14 186/1/14 193/1/14
usemtl steel_dark
f 186/1/86 193/1/86 194/1/86
f 186/1/86 194/1/86 187/1/86
f 186/1/87 194/1/87 193/1/87
f 186/1/87 187/1/87 194/1/87
f 187/1/15 194/1/15 195/1/15
f 187/1/15 195/1/15 188/1/15
f 187/1/14 195/1/14 194/1/14
f 187/1/14 188/1/14 195/1/14
f 188/1/88 195/1/88 196/1/88
f 188/1/88 196/1/88 189/1/88
f 188/1/89 196/1/89 195/1/89
f 188/1/89 189/1/89 196/1/89
f 189/1/2 196/1/2 112/1/2
f 189/1/2 112/1/2 112/1/2
f 189/1/11 112/1/11 196/1/11
f 189/1/11 112/1/11 112/1/11
usemtl steel
f 97/1/1 97/1/1 197/1/1
f 97/1/1 197/1/1 190/1/1
f 97/1/2 197/1/2 97/1/2
f 97/1/2 190/1/2 197/1/2
usemtl graphite
f 190/1/21 197/1/21 198/1/21
f 190/1/21 198/1/21 191/1/21
f 190/1/20 198/1/20 197/1/20
f 190/1/20 191/1/20 198/1/20
usemtl steel
f 191/1/2 198/1/2 199/1/2
f 191/1/2 199/1/2 192/1/2
f 191/1/1 199/1/1 198/1/1
f 191/1/1 192/1/1 199/1/1
f 192/1/21 199/1/21 200/1/21
f 192/1/21 200/1/21 193/1/21
f 192/1/20 200/1/20 199/1/20
f 192/1/20 193/1/20 200/1/20
usemtl steel_dark
f 193/1/90 200/1/90 201/1/90
f 193/1/90 201/1/90 194/1/90
f 193/1/91 201/1/91 200/1/91
f 193/1/91 194/1/91 201/1/91
f 194/1/21 201/1/21 202/1/21
f 194/1/21 202/1/21 195/1/21
f 194/1/20 202/1/20 201/1/20
f 194/1/20 195/1/20 202/1/20
f 195/1/92 202/1/92 203/1/92
f 195/1/92 203/1/92 196/1/92
f 195/1/93 203/1/93 202/1/93
f 195/1/93 196/1/93 203/1/93
f 196/1/2 203/1/2 112/1/2
f 196/1/2 112/1/2 112/1/2
f 196/1/11 112/1/11 203/1/11
f 196/1/11 112/1/11 112/1/11
usemtl steel
f 97/1/11 97/1/11 204/1/11
f 97/1/11 204/1/11 197/1/11
f 97/1/2 204/1/2 97/1/2
f 97/1/2 197/1/2 204/1/2
usemtl graphite
f 197/1/27 204/1/27 205/1/27
f 197/1/27 205/1/27 198/1/27
f 197/1/26 205/1/26 204/1/26
f 197/1/26 198/1/26 205/1/26
usemtl steel
f 198/1/2 205/1/2 206/1/2
f 198/1/2 206/1/2 199/1/2
f 198/1/1 206/1/1 205/1/1
f 198/1/1 199/1/1 206/1/1
f 199/1/27 206/1/27 207/1/27
f 199/1/27 207/1/27 200/1/27
f 199/1/26 207/1/26 206/1/26
f 199/1/26 200/1/26 207/1/26
usemtl steel_dark
f 200/1/94 207/1/94 208/1/94
f 200/1/94 208/1/94 201/1/94
f 200/1/95 208/1/95 207/1/95
f 200/1/95 201/1/95 208/1/95
f 201/1/27 208/1/27 209/1/27
f 201/1/27 209/1/27 202/1/27
f 201/1/26 209/1/26 208/1/26
f 201/1/26 202/1/26 209/1/26
f 202/1/96 209/1/96 210/1/96
f 202/1/96 210/1/96 203/1/96
f 202/1/97 210/1/97 209/1/97
f 202/1/97 203/1/97 210/1/97
f 203/1/2 210/1/2 112/1/2
f 203/1/2 112/1/2 112/1/2
f 203/1/11 112/1/11 210/1/11
f 203/1/11 112/1/11 112/1/11
usemtl steel
f 97/1/11 97/1/11 211/1/11
f 97/1/11 211/1/11 204/1/11
f 97/1/2 211/1/2 97/1/2
f 97/1/2 204/1/2 211/1/2
usemtl graphite
f 204/1/33 211/1/33 212/1/33
f 204/1/33 212/1/33 205/1/33
f 204/1/32 212/1/32 211/1/32
f 204/1/32 205/1/32 212/1/32
usemtl steel
f 205/1/12 212/1/12 213/1/12
f 205/1/12 213/1/12 206/1/12
f 205/1/11 213/1/11 212/1/11
f 205/1/11 206/1/11 213/1/11
f 206/1/33 213/1/33 214/1/33
f 206/1/33 214/1/33 207/1/33
f 206/1/32 214/1/32 213/1/32
f 206/1/32 207/1/32 214/1/32
usemtl steel_dark
f 207/1/98 214/1/98 215/1/98
f 207/1/98 215/1/98 208/1/98
f 207/1/99 215/1/99 214/1/99
f 207/1/99 208/1/99 215/1/99
f 208/1/33 215/1/33 216/1/33
f 208/1/33 216/1/33 209/1/33
f 208/1/32 216/1/32 215/1/32
f 208/1/32 209/1/32 216/1/32
f 209/1/100 216/1/100 217/1/100
f 209/1/100 217/1/100 210/1/100
f 209/1/101 217/1/101 216/1/101
f 209/1/101 210/1/101 217/1/101
f 210/1/2 217/1/2 112/1/2
f 210/1/2 112/1/2 112/1/2
f 210/1/11 112/1/11 217/1/11
f 210/1/11 112/1/11 112/1/11
usemtl steel
f 97/1/11 97/1/11 218/1/11
f 97/1/11 218/1/11 211/1/11
f 97/1/2 218/1/2 97/1/2
f 97/1/2 211/1/2 218/1/2
usemtl graphite
f 211/1/39 218/1/39 219/1/39
f 211/1/39 219/1/39 212/1/39
f 211/1/38 219/1/38 218/1/38
f 211/1/38 212/1/38 219/1/38
usemtl steel
f 212/1/2 219/1/2 220/1/2
f 212/1/2 220/1/2 213/1/2
f 212/1/11 220/1/11 219/1/11
f 212/1/11 213/1/11 220/1/11
f 213/1/39 220/1/39 221/1/39
f 213/1/39 221/1/39 214/1/39
f 213/1/38 221/1/38 220/1/38
f 213/1/38 214/1/38 221/1/38
usemtl steel_dark
f 214/1/102 221/1/102 222/1/102
f 214/1/102 222/1/102 215/1/102
f 214/1/103 222/1/103 221/1/103
f 214/1/103 215/1/103 222/1/103
f 215/1/39 222/1/39 223/1/39
f 215/1/39 223/1/39 216/1/39
f 215/1/38 223/1/38 222/1/38
f 215/1/38 216/1/38 223/1/38
f 216/1/104 223/1/104 224/1/104
f 216/1/104 224/1/104 217/1/104
f 216/1/105 224/1/105 223/1/105
f 216/1/105 217/1/105 224/1/105
f 217/1/2 224/1/2 112/1/2
f 217/1/2 112/1/2 112/1/2
f 217/1/11 112/1/11 224/1/11
f 217/1/11 112/1/11 112/1/11
usemtl steel
f 97/1/11 97/1/11 225/1/11
f 97/1/11 225/1/11 218/1/11
f 97/1/2 225/1/2 97/1/2
f 97/1/2 218/1/2 225/1/2
usemtl graphite
f 218/1/45 225/1/45 226/1/45
f 218/1/45 226/1/45 219/1/45
f 218/1/44 226/1/44 225/1/44
f 218/1/44 219/1/44 226/1/44
usemtl steel
f 219/1/2 226/1/2 227/1/2
f 219/1/2 227/1/2 220/1/2
f 219/1/11 227/1/11 226/1/11
f 219/1/11 220/1/11 227/1/11
f 220/1/45 227/1/45 228/1/45
f 220/1/45 228/1/45 221/1/45
f 220/1/44 228/1/44 227/1/44
f 220/1/44 221/1/44 228/1/44
usemtl steel_dark
f 221/1/106 228/1/106 229/1/106
f 221/1/106 229/1/106 222/1/106
f 221/1/107 229/1/107 228/1/107
f 221/1/107 222/1/107 229/1/107
f 222/1/45 229/1/45 230/1/45
f 222/1/45 230/1/45 223/1/45
f 222/1/44 230/1/44 229/1/44
f 222/1/44 223/1/44 230/1/44
f 223/1/108 230/1/108 231/1/108
f 223/1/108 231/1/108 224/1/108
f 223/1/109 231/1/109 230/1/109
f 223/1/109 224/1/109 231/1/109
f 224/1/2 231/1/2 112/1/2
f 224/1/2 112/1/2 112/1/2
f 224/1/11 112/1/11 231/1/11
f 224/1/11 112/1/11 112/1/11
usemtl steel
f 97/1/11 97/1/11 232/1/11
f 97/1/11 232/1/11 225/1/11
f 97/1/2 232/1/2 97/1/2
f 97/1/2 225/1/2 232/1/2
usemtl graphite
f 225/1/51 232/1/51 233/1/51
f 225/1/51 233/1/51 226/1/51
f 225/1/50 233/1/50 232/1/50
f 225/1/50 226/1/50 233/1/50
usemtl steel
f 226/1/2 233/1/2 234/1/2
f 226/1/2 234/1/2 227/1/2
f 226/1/11 234/1/11 233/1/11
f 226/1/11 227/1/11 234/1/11
f 227/1/51 234/1/51 235/1/51
f 227/1/51 235/1/51 228/1/51
f 227/1/50 235/1/50 234/1/50
f 227/1/50 228/1/50 235/1/50
usemtl steel_dark
f 228/1/110 235/1/110 236/1/110
f 228/1/110 236/1/110 229/1/110
f 228/1/111 236/1/111 235/1/111
f 228/1/111 229/1/111 236/1/111
f 229/1/51 236/1/51 237/1/51
f 229/1/51 237/1/51 230/1/51
f 229/1/50 237/1/50 236/1/50
f 229/1/50 230/1/50 237/1/50
f 230/1/112 237/1/112 238/1/112
f 230/1/112 238/1/112 231/1/112
f 230/1/113 238/1/113 237/1/113
f 230/1/113 231/1/113 238/1/113
f 231/1/2 238/1/2 112/1/2
f 231/1/2 112/1/2 112/1/2
f 231/1/11 112/1/11 238/1/11
f 231/1/11 112/1/11 112/1/11
usemtl steel
f 97/1/1 97/1/1 239/1/1
f 97/1/1 239/1/1 232/1/1
f 97/1/2 239/1/2 97/1/2
f 97/1/2 232/1/2 239/1/2
usemtl graphite
f 232/1/57 239/1/57 240/1/57
f 232/1/57 240/1/57 233/1/57
f 232/1/56 240/1/56 239/1/56
f 232/1/56 233/1/56 240/1/56
usemtl steel
f 233/1/2 240/1/2 241/1/2
f 233/1/2 241/1/2 234/1/2
f 233/1/11 241/1/11 240/1/11
f 233/1/11 234/1/11 241/1/11
f 234/1/57 241/1/57 242/1/57
f 234/1/57 242/1/57 235/1/57
f 234/1/56 242/1/56 241/1/56
f 234/1/56 235/1/56 242/1/56
usemtl steel_dark
f 235/1/114 242/1/114 243/1/114
f 235/1/114 243/1/114 236/1/114
f 235/1/115 243/1/115 242/1/115
f 235/1/115 236/1/115 243/1/115
f 236/1/57 243/1/57 244/1/57
f 236/1/57 244/1/57 237/1/57
f 236/1/56 244/1/56 243/1/56
f 236/1/56 237/1/56 244/1/56
f 237/1/116 244/1/116 245/1/116
f 237/1/116 245/1/116 238/1/116
f 237/1/117 245/1/117 244/1/117
f 237/1/117 238/1/117 245/1/117
f 238/1/2 245/1/2 112/1/2
f 238/1/2 112/1/2 112/1/2
f 238/1/11 112/1/11 245/1/11
f 238/1/11 112/1/11 112/1/11
usemtl steel
f 97/1/11 97/1/11 246/1/11
f 97/1/11 246/1/11 239/1/11
f 97/1/12 246/1/12 97/1/12
f 97/1/12 239/1/12 246/1/12
usemtl graphite
f 239/1/63 246/1/63 247/1/63
f 239/1/63 247/1/63 240/1/63
f 239/1/62 247/1/62 246/1/62
f 239/1/62 240/1/62 247/1/62
usemtl steel
f 240/1/12 247/1/12 248/1/12
f 240/1/12 248/1/12 241/1/12
f 240/1/11 248/1/11 247/1/11
f 240/1/11 241/1/11 248/1/11
f 241/1/63 248/1/63 249/1/63
f 241/1/63 249/1/63 242/1/63
f 241/1/62 249/1/62 248/1/62
f 241/1/62 242/1/62 249/1/62
usemtl steel_dark
f 242/1/118 249/1/118 250/1/118
f 242/1/118 250/1/118 243/1/118
f 242/1/119 250/1/119 249/1/119
f 242/1/119 243/1/119 250/1/119
f 243/1/63 250/1/63 251/1/63
f 243/1/63 251/1/63 244/1/63
f 243/1/62 251/1/62 250/1/62
f 243/1/62 244/1/62 251/1/62
f 244/1/120 251/1/120 252/1/120
f 244/1/120 252/1/120 245/1/120
f 244/1/121 252/1/121 251/1/121
f 244/1/121 245/1/121 252/1/121
f 245/1/2 252/1/2 112/1/2
f 245/1/2 112/1/2 112/1/2
f 245/1/11 112/1/11 252/1/11
f 245/1/11 112/1/11 112/1/11
usemtl steel
f 97/1/11 97/1/11 253/1/11
f 97/1/11 253/1/11 246/1/11
f 97/1/2 253/1/2 97/1/2
f 97/1/2 246/1/2 253/1/2
usemtl graphite
f 246/1/69 253/1/69 254/1/69
f 246/1/69 254/1/69 247/1/69
f 246/1/68 254/1/68 253/1/68
f 246/1/68 247/1/68 254/1/68
usemtl steel
f 247/1/12 254/1/12 255/1/12
f 247/1/12 255/1/12 248/1/12
f 247/1/11 255/1/11 254/1/11
f 247/1/11 248/1/11 255/1/11
f 248/1/69 255/1/69 256/1/69
f 248/1/69 256/1/69 249/1/69
f 248/1/68 256/1/68 255/1/68
f 248/1/68 249/1/68 256/1/68
usemtl steel_dark
f 249/1/122 256/1/122 257/1/122
f 249/1/122 257/1/122 250/1/122
f 249/1/123 257/1/123 256/1/123
f 249/1/123 250/1/123 257/1/123
f 250/1/69 257/1/69 258/1/69
f 250/1/69 258/1/69 251/1/69
f 250/1/68 258/1/68 257/1/68
f 250/1/68 251/1/68 258/1/68
f 251/1/124 258/1/124 259/1/124
f 251/1/124 259/1/124 252/1/124
f 251/1/125 259/1/125 258/1/125
f 251/1/125 252/1/125 259/1/125
f 252/1/2 259/1/2 112/1/2
f 252/1/2 112/1/2 112/1/2
f 252/1/11 112/1/11 259/1/11
f 252/1/11 112/1/11 112/1/11
usemtl steel
f 97/1/11 97/1/11 260/1/11
f 97/1/11 260/1/11 253/1/11
f 97/1/2 260/1/2 97/1/2
f 97/1/2 253/1/2 260/1/2
usemtl graphite
f 253/1/75 260/1/75 261/1/75
f 253/1/75 261/1/75 254/1/75
f 253/1/74 261/1/74 260/1/74
f 253/1/74 254/1/74 261/1/74
usemtl steel
f 254/1/2 261/1/2 262/1/2
f 254/1/2 262/1/2 255/1/2
f 254/1/1 262/1/1 261/1/1
f 254/1/1 255/1/1 262/1/1
f 255/1/75 262/1/75 263/1/75
f 255/1/75 263/1/75 256/1/75
f 255/1/74 263/1/74 262/1/74
f 255/1/74 256/1/74 263/1/74
usemtl steel_dark
f 256/1/126 263/1/126 264/1/126
f 256/1/126 264/1/126 257/1/126
f 256/1/127 264/1/127 263/1/127
f 256/1/127 257/1/127 264/1/127
f 257/1/75 264/1/75 265/1/75
f 257/1/75 265/1/75 258/1/75
f 257/1/74 265/1/74 264/1/74
f 257/1/74 258/1/74 265/1/74
f 258/1/128 265/1/128 266/1/128
f 258/1/128 266/1/128 259/1/128
f 258/1/129 266/1/129 265/1/129
f 258/1/129 259/1/129 266/1/129
f 259/1/12 266/1/12 112/1/12
f 259/1/12 112/1/12 112/1/12
f 259/1/11 112/1/11 266/1/11
f 259/1/11 112/1/11 112/1/11
usemtl steel
f 97/1/1 97/1/1 99/1/1
f 97/1/1 99/1/1 260/1/1
f 97/1/2 99/1/2 97/1/2
f 97/1/2 260/1/2 99/1/2
usemtl graphite
f 260/1/81 99/1/81 101/1/81
f 260/1/81 101/1/81 261/1/81
f 260/1/80 101/1/80 99/1/80
f 260/1/80 261/1/80 101/1/80
usemtl steel
f 261/1/2 101/1/2 103/1/2
f 261/1/2 103/1/2 262/1/2
f 261/1/1 103/1/1 101/1/1
f 261/1/1 262/1/1 103/1/1
f 262/1/81 103/1/81 105/1/81
f 262/1/81 105/1/81 263/1/81
f 262/1/80 105/1/80 103/1/80
f 262/1/80 263/1/80 105/1/80
usemtl steel_dark
f 263/1/130 105/1/130 107/1/130
f 263/1/130 107/1/130 264/1/130
f 263/1/131 107/1/131 105/1/131
f 263/1/131 264/1/131 107/1/131
f 264/1/81 107/1/81 109/1/81
f 264/1/81 109/1/81 265/1/81
f 264/1/80 109/1/80 107/1/80
f 264/1/80 265/1/80 109/1/80
f 265/1/132 109/1/132 111/1/132
f 265/1/132 111/1/132 266/1/132
f 265/1/133 111/1/133 109/1/133
f 265/1/133 266/1/133 111/1/133
f 266/1/2 111/1/2 112/1/2
f 266/1/2 112/1/2 112/1/2
f 266/1/11 112/1/11 111/1/11
f 266/1/11 112/1/11 112/1/11
usemtl steel
f 267/1/134 268/1/134 269/1/134
f 267/1/134 269/1/134 270/1/134
f 267/1/135 269/1/135 268/1/135
f 267/1/135 270/1/135 269/1/135
usemtl steel_dark
f 270/1/136 269/1/136 271/1/136
f 270/1/136 271/1/136 272/1/136
f 270/1/137 271/1/137 269/1/137
f 270/1/137 272/1/137 271/1/137
usemtl steel
f 272/1/138 271/1/138 273/1/138
f 272/1/138 273/1/138 274/1/138
f 272/1/139 273/1/139 271/1/139
f 272/1/139 274/1/139 273/1/139
usemtl steel_dark
f 274/1/140 273/1/140 275/1/140
f 274/1/140 275/1/140 276/1/140
f 274/1/141 275/1/141 273/1/141
f 274/1/141 276/1/141 275/1/141
usemtl steel
f 276/1/138 275/1/138 277/1/138
f 276/1/138 277/1/138 278/1/138
f 276/1/139 277/1/139 275/1/139
f 276/1/139 278/1/139 277/1/139
usemtl steel_dark
f 278/1/136 277/1/136 279/1/136
f 278/1/136 279/1/136 280/1/136
f 278/1/137 279/1/137 277/1/137
f 278/1/137 280/1/137 279/1/137
usemtl steel
f 280/1/138 279/1/138 281/1/138
f 280/1/138 281/1/138 282/1/138
f 280/1/139 281/1/139 279/1/139
f 280/1/139 282/1/139 281/1/139
usemtl steel_dark
f 282/1/142 281/1/142 283/1/142
f 282/1/142 283/1/142 284/1/142
f 282/1/143 283/1/143 281/1/143
f 282/1/143 284/1/143 283/1/143
usemtl steel
f 284/1/138 283/1/138 285/1/138
f 284/1/138 285/1/138 286/1/138
f 284/1/139 285/1/139 283/1/139
f 284/1/139 286/1/139 285/1/139
usemtl steel_dark
f 286/1/144 285/1/144 287/1/144
f 286/1/144 287/1/144 288/1/144
f 286/1/145 287/1/145 285/1/145
f 286/1/145 288/1/145 287/1/145
usemtl steel
f 288/1/2 287/1/2 289/1/2
f 288/1/2 289/1/2 289/1/2
f 288/1/11 289/1/11 287/1/11
f 288/1/11 289/1/11 289/1/11
f 268/1/146 290/1/146 291/1/146
f 268/1/146 291/1/146 269/1/146
f 268/1/147 291/1/147 290/1/147
f 268/1/147 269/1/147 291/1/147
usemtl steel_dark
f 269/1/148 291/1/148 292/1/148
f 269/1/148 292/1/148 271/1/148
f 269/1/149 292/1/149 291/1/149
f 269/1/149 271/1/149 292/1/149
usemtl steel
f 271/1/150 292/1/150 293/1/150
f 271/1/150 293/1/150 273/1/150
f 271/1/151 293/1/151 292/1/151
f 271/1/151 273/1/151 293/1/151
usemtl steel_dark
f 273/1/152 293/1/152 294/1/152
f 273/1/152 294/1/152 275/1/152
f 273/1/153 294/1/153 293/1/153
f 273/1/153 275/1/153 294/1/153
usemtl steel
f 275/1/150 294/1/150 295/1/150
f 275/1/150 295/1/150 277/1/150
f 275/1/151 295/1/151 294/1/151
f 275/1/151 277/1/151 295/1/151
usemtl steel_dark
f 277/1/148 295/1/148 296/1/148
f 277/1/148 296/1/148 279/1/148
f 277/1/149 296/1/149 295/1/149
f 277/1/149 279/1/149 296/1/149
usemtl steel
f 279/1/150 296/1/150 297/1/150
f 279/1/150 297/1/150 281/1/150
f 279/1/151 297/1/151 296/1/151
f 279/1/151 281/1/151 297/1/151
usemtl steel_dark
f 281/1/154 297/1/154 298/1/154
f 281/1/154 298/1/154 283/1/154
f 281/1/155 298/1/155 297/1/155
f 281/1/155 283/1/155 298/1/155
usemtl steel
f 283/1/150 298/1/150 299/1/150
f 283/1/150 299/1/150 285/1/150
f 283/1/151 299/1/151 298/1/151
f 283/1/151 285/1/151 299/1/151
usemtl steel_dark
f 285/1/156 299/1/156 300/1/156
f 285/1/156 300/1/156 287/1/156
f 285/1/157 300/1/157 299/1/157
f 285/1/157 287/1/157 300/1/157
usemtl steel
f 287/1/2 300/1/2 289/1/2
f 287/1/2 289/1/2 289/1/2
f 287/1/11 289/1/11 300/1/11
f 287/1/11 289/1/11 289/1/11
f 290/1/158 301/1/158 302/1/158
f 290/1/158 302/1/158 291/1/158
f 290/1/159 302/1/159 301/1/159
f 290/1/159 291/1/159 302/1/159
usemtl steel_dark
f 291/1/160 302/1/160 303/1/160
f 291/1/160 303/1/160 292/1/160
f 291/1/161 303/1/161 302/1/161
f 291/1/161 292/1/161 303/1/161
usemtl steel
f 292/1/3 303/1/3 304/1/3
f 292/1/3 304/1/3 293/1/3
f 292/1/7 304/1/7 303/1/7
f 292/1/7 293/1/7 304/1/7
usemtl steel_dark
f 293/1/162 304/1/162 305/1/162
f 293/1/162 305/1/162 294/1/162
f 293/1/163 305/1/163 304/1/163
f 293/1/163 294/1/163 305/1/163
usemtl steel
f 294/1/3 305/1/3 306/1/3
f 294/1/3 306/1/3 295/1/3
f 294/1/7 306/1/7 305/1/7
f 294/1/7 295/1/7 306/1/7
usemtl steel_dark
f 295/1/160 306/1/160 307/1/160
f 295/1/160 307/1/160 296/1/160
f 295/1/161 307/1/161 306/1/161
f 295/1/161 296/1/161 307/1/161
usemtl steel
f 296/1/3 307/1/3 308/1/3
f 296/1/3 308/1/3 297/1/3
f 296/1/7 308/1/7 307/1/7
f 296/1/7 297/1/7 308/1/7
usemtl steel_dark
f 297/1/164 308/1/164 309/1/164
f 297/1/164 309/1/164 298/1/164
f 297/1/165 309/1/165 308/1/165
f 297/1/165 298/1/165 309/1/165
usemtl steel
f 298/1/3 309/1/3 310/1/3
f 298/1/3 310/1/3 299/1/3
f 298/1/7 310/1/7 309/1/7
f 298/1/7 299/1/7 310/1/7
usemtl steel_dark
f 299/1/166 310/1/166 311/1/166
f 299/1/166 311/1/166 300/1/166
f 299/1/167 311/1/167 310/1/167
f 299/1/167 300/1/167 311/1/167
usemtl steel
f 300/1/2 311/1/2 289/1/2
f 300/1/2 289/1/2 289/1/2
f 300/1/1 289/1/1 311/1/1
f 300/1/1 289/1/1 289/1/1
f 301/1/168 312/1/168 313/1/168
f 301/1/168 313/1/168 302/1/168
f 301/1/169 313/1/169 312/1/169
f 301/1/169 302/1/169 313/1/169
usemtl steel_dark
f 302/1/170 313/1/170 314/1/170
f 302/1/170 314/1/170 303/1/170
f 302/1/171 314/1/171 313/1/171
f 302/1/171 303/1/171 314/1/171
usemtl steel
f 303/1/172 314/1/172 315/1/172
f 303/1/172 315/1/172 304/1/172
f 303/1/173 315/1/173 314/1/173
f 303/1/173 304/1/173 315/1/173
usemtl steel_dark
f 304/1/174 315/1/174 316/1/174
f 304/1/174 316/1/174 305/1/174
f 304/1/175 316/1/175 315/1/175
f 304/1/175 305/1/175 316/1/175
usemtl steel
f 305/1/172 316/1/172 317/1/172
f 305/1/172 317/1/172 306/1/172
f 305/1/173 317/1/173 316/1/173
f 305/1/173 306/1/173 317/1/173
usemtl steel_dark
f 306/1/170 317/1/170 318/1/170
f 306/1/170 318/1/170 307/1/170
f 306/1/171 318/1/171 317/1/171
f 306/1/171 307/1/171 318/1/171
usemtl steel
f 307/1/172 318/1/172 319/1/172
f 307/1/172 319/1/172 308/1/172
f 307/1/173 319/1/173 318/1/173
f 307/1/173 308/1/173 319/1/173
usemtl steel_dark
f 308/1/176 319/1/176 320/1/176
f 308/1/176 320/1/176 309/1/176
f 308/1/177 320/1/177 319/1/177
f 308/1/177 309/1/177 320/1/177
usemtl steel
f 309/1/172 320/1/172 321/1/172
f 309/1/172 321/1/172 310/1/172
f 309/1/173 321/1/173 320/1/173
f 309/1/173 310/1/173 321/1/173
usemtl steel_dark
f 310/1/178 321/1/178 322/1/178
f 310/1/178 322/1/178 311/1/178
f 310/1/179 322/1/179 321/1/179
f 310/1/179 311/1/179 322/1/179
usemtl steel
f 311/1/12 322/1/12 289/1/12
f 311/1/12 289/1/12 289/1/12
f 311/1/11 289/1/11 322/1/11
f 311/1/11 289/1/11 289/1/11
f 312/1/180 323/1/180 324/1/180
f 312/1/180 324/1/180 313/1/180
f 312/1/181 324/1/181 323/1/181
f 312/1/181 313/1/181 324/1/181
usemtl steel_dark
f 313/1/182 324/1/182 325/1/182
f 313/1/182 325/1/182 314/1/182
f 313/1/183 325/1/183 324/1/183
f 313/1/183 314/1/183 325/1/183
usemtl steel
f 314/1/184 325/1/184 326/1/184
f 314/1/184 326/1/184 315/1/184
f 314/1/185 326/1/185 325/1/185
f 314/1/185 315/1/185 326/1/185
usemtl steel_dark
f 315/1/186 326/1/186 327/1/186
f 315/1/186 327/1/186 316/1/186
f 315/1/187 327/1/187 326/1/187
f 315/1/187 316/1/187 327/1/187
usemtl steel
f 316/1/184 327/1/184 328/1/184
f 316/1/184 328/1/184 317/1/184
f 316/1/185 328/1/185 327/1/185
f 316/1/185 317/1/185 328/1/185
usemtl steel_dark
f 317/1/182 328/1/182 329/1/182
f 317/1/182 329/1/182 318/1/182
f 317/1/183 329/1/183 328/1/183
f 317/1/183 318/1/183 329/1/183
usemtl steel
f 318/1/184 329/1/184 330/1/184
f 318/1/184 330/1/184 319/1/184
f 318/1/185 330/1/185 329/1/185
f 318/1/185 319/1/185 330/1/185
usemtl steel_dark
f 319/1/188 330/1/188 331/1/188
f 319/1/188 331/1/188 320/1/188
f 319/1/189 331/1/189 330/1/189
f 319/1/189 320/1/189 331/1/189
usemtl steel
f 320/1/184 331/1/184 332/1/184
f 320/1/184 332/1/184 321/1/184
f 320/1/185 332/1/185 331/1/185
f 320/1/185 321/1/185 332/1/185
usemtl steel_dark
f 321/1/190 332/1/190 333/1/190
f 321/1/190 333/1/190 322/1/190
f 321/1/191 333/1/191 332/1/191
f 321/1/191 322/1/191 333/1/191
usemtl steel
f 322/1/2 333/1/2 289/1/2
f 322/1/2 289/1/2 289/1/2
f 322/1/1 289/1/1 333/1/1
f 322/1/1 289/1/1 289/1/1
f 323/1/192 334/1/192 335/1/192
f 323/1/192 335/1/192 324/1/192
f 323/1/193 335/1/193 334/1/193
f 323/1/193 324/1/193 335/1/193
usemtl steel_dark
f 324/1/194 335/1/194 336/1/194
f 324/1/194 336/1/194 325/1/194
f 324/1/195 336/1/195 335/1/195
f 324/1/195 325/1/195 336/1/195
usemtl steel
f 325/1/196 336/1/196 337/1/196
f 325/1/196 337/1/196 326/1/196
f 325/1/197 337/1/197 336/1/197
f 325/1/197 326/1/197 337/1/197
usemtl steel_dark
f 326/1/198 337/1/198 338/1/198
f 326/1/198 338/1/198 327/1/198
f 326/1/199 338/1/199 337/1/199
f 326/1/199 327/1/199 338/1/199
usemtl steel
f 327/1/196 338/1/196 339/1/196
f 327/1/196 339/1/196 328/1/196
f 327/1/197 339/1/197 338/1/197
f 327/1/197 328/1/197 339/1/197
usemtl steel_dark
f 328/1/194 339/1/194 340/1/194
f 328/1/194 340/1/194 329/1/194
f 328/1/195 340/1/195 339/1/195
f 328/1/195 329/1/195 340/1/195
usemtl steel
f 329/1/196 340/1/196 341/1/196
f 329/1/196 341/1/196 330/1/196
f 329/1/197 341/1/197 340/1/197
f 329/1/197 330/1/197 341/1/197
usemtl steel_dark
f 330/1/200 341/1/200 342/1/200
f 330/1/200 342/1/200 331/1/200
f 330/1/201 342/1/201 341/1/201
f 330/1/201 331/1/201 342/1/201
usemtl steel
f 331/1/196 342/1/196 343/1/196
f 331/1/196 343/1/196 332/1/196
f 331/1/197 343/1/197 342/1/197
f 331/1/197 332/1/197 343/1/197
usemtl steel_dark
f 332/1/202 343/1/202 344/1/202
f 332/1/202 344/1/202 333/1/202
f 332/1/203 344/1/203 343/1/203
f 332/1/203 333/1/203 344/1/203
usemtl steel
f 333/1/12 344/1/12 289/1/12
f 333/1/12 289/1/12 289/1/12
f 333/1/11 289/1/11 344/1/11
f 333/1/11 289/1/11 289/1/11
f 334/1/204 345/1/204 346/1/204
f 334/1/204 346/1/204 335/1/204
f 334/1/205 346/1/205 345/1/205
f 334/1/205 335/1/205 346/1/205
usemtl steel_dark
f 335/1/206 346/1/206 347/1/206
f 335/1/206 347/1/206 336/1/206
f 335/1/207 347/1/207 346/1/207
f 335/1/207 336/1/207 347/1/207
usemtl steel
f 336/1/208 347/1/208 348/1/208
f 336/1/208 348/1/208 337/1/208
f 336/1/209 348/1/209 347/1/209
f 336/1/209 337/1/209 348/1/209
usemtl steel_dark
f 337/1/210 348/1/210 349/1/210
f 337/1/210 349/1/210 338/1/210
f 337/1/211 349/1/211 348/1/211
f 337/1/211 338/1/211 349/1/211
usemtl steel
f 338/1/208 349/1/208 350/1/208
f 338/1/208 350/1/208 339/1/208
f 338/1/209 350/1/209 349/1/209
f 338/1/209 339/1/209 350/1/209
usemtl steel_dark
f 339/1/206 350/1/206 351/1/206
f 339/1/206 351/1/206 340/1/206
f 339/1/207 351/1/207 350/1/207
f 339/1/207 340/1/207 351/1/207
usemtl steel
f 340/1/208 351/1/208 352/1/208
f 340/1/208 352/1/208 341/1/208
f 340/1/209 352/1/209 351/1/209
f 340/1/209 341/1/209 352/1/209
usemtl steel_dark
f 341/1/212 352/1/212 353/1/212
f 341/1/212 353/1/212 342/1/212
f 341/1/213 353/1/213 352/1/213
f 341/1/213 342/1/213 353/1/213
usemtl steel
f 342/1/208 353/1/208 354/1/208
f 342/1/208 354/1/208 343/1/208
f 342/1/209 354/1/209 353/1/209
f 342/1/209 343/1/209 354/1/209
usemtl steel_dark
f 343/1/214 354/1/214 355/1/214
f 343/1/214 355/1/214 344/1/214
f 343/1/215 355/1/215 354/1/215
f 343/1/215 344/1/215 355/1/215
usemtl steel
f 344/1/2 355/1/2 289/1/2
f 344/1/2 289/1/2 289/1/2
f 344/1/1 289/1/1 355/1/1
f 344/1/1 289/1/1 289/1/1
f 345/1/216 356/1/216 357/1/216
f 345/1/216 357/1/216 346/1/216
f 345/1/217 357/1/217 356/1/217
f 345/1/217 346/1/217 357/1/217
usemtl steel_dark
f 346/1/218 357/1/218 358/1/218
f 346/1/218 358/1/218 347/1/218
f 346/1/219 358/1/219 357/1/219
f 346/1/219 347/1/219 358/1/219
usemtl steel
f 347/1/9 358/1/9 359/1/9
f 347/1/9 359/1/9 348/1/9
f 347/1/5 359/1/5 358/1/5
f 347/1/5 348/1/5 359/1/5
usemtl steel_dark
f 348/1/220 359/1/220 360/1/220
f 348/1/220 360/1/220 349/1/220
f 348/1/221 360/1/221 359/1/221
f 348/1/221 349/1/221 360/1/221
usemtl steel
f 349/1/9 360/1/9 361/1/9
f 349/1/9 361/1/9 350/1/9
f 349/1/5 361/1/5 360/1/5
f 349/1/5 350/1/5 361/1/5
usemtl steel_dark
f 350/1/218 361/1/218 362/1/218
f 350/1/218 362/1/218 351/1/218
f 350/1/219 362/1/219 361/1/219
f 350/1/219 351/1/219 362/1/219
usemtl steel
f 351/1/9 362/1/9 363/1/9
f 351/1/9 363/1/9 352/1/9
f 351/1/5 363/1/5 362/1/5
f 351/1/5 352/1/5 363/1/5
usemtl steel_dark
f 352/1/222 363/1/222 364/1/222
f 352/1/222 364/1/222 353/1/222
f 352/1/223 364/1/223 363/1/223
f 352/1/223 353/1/223 364/1/223
usemtl steel
f 353/1/9 364/1/9 365/1/9
f 353/1/9 365/1/9 354/1/9
f 353/1/5 365/1/5 364/1/5
f 353/1/5 354/1/5 365/1/5
usemtl steel_dark
f 354/1/224 365/1/224 366/1/224
f 354/1/224 366/1/224 355/1/224
f 354/1/225 366/1/225 365/1/225
f 354/1/225 355/1/225 366/1/225
usemtl steel
f 355/1/2 366/1/2 289/1/2
f 355/1/2 289/1/2 289/1/2
f 355/1/11 289/1/11 366/1/11
f 355/1/11 289/1/11 289/1/11
f 356/1/226 367/1/226 368/1/226
f 356/1/226 368/1/226 357/1/226
f 356/1/227 368/1/227 367/1/227
f 356/1/227 357/1/227 368/1/227
usemtl steel_dark
f 357/1/228 368/1/228 369/1/228
f 357/1/228 369/1/228 358/1/228
f 357/1/229 369/1/229 368/1/229
f 357/1/229 358/1/229 369/1/229
usemtl steel
f 358/1/230 369/1/230 370/1/230
f 358/1/230 370/1/230 359/1/230
f 358/1/231 370/1/231 369/1/231
f 358/1/231 359/1/231 370/1/231
usemtl steel_dark
f 359/1/232 370/1/232 371/1/232
f 359/1/232 371/1/232 360/1/232
f 359/1/233 371/1/233 370/1/233
f 359/1/233 360/1/233 371/1/233
usemtl steel
f 360/1/230 371/1/230 372/1/230
f 360/1/230 372/1/230 361/1/230
f 360/1/231 372/1/231 371/1/231
f 360/1/231 361/1/231 372/1/231
usemtl steel_dark
f 361/1/228 372/1/228 373/1/228
f 361/1/228 373/1/228 362/1/228
f 361/1/229 373/1/229 372/1/229
f 361/1/229 362/1/229 373/1/229
usemtl steel
f 362/1/230 373/1/230 374/1/230
f 362/1/230 374/1/230 363/1/230
f 362/1/231 374/1/231 373/1/231
f 362/1/231 363/1/231 374/1/231
usemtl steel_dark
f 363/1/234 374/1/234 375/1/234
f 363/1/234 375/1/234 364/1/234
f 363/1/235 375/1/235 374/1/235
f 363/1/235 364/1/235 375/1/235
usemtl steel
f 364/1/230 375/1/230 376/1/230
f 364/1/230 376/1/230 365/1/230
f 364/1/231 376/1/231 375/1/231
f 364/1/231 365/1/231 376/1/231
usemtl steel_dark
f 365/1/236 376/1/236 377/1/236
f 365/1/236 377/1/236 366/1/236
f 365/1/237 377/1/237 376/1/237
f 365/1/237 366/1/237 377/1/237
usemtl steel
f 366/1/2 377/1/2 289/1/2
f 366/1/2 289/1/2 289/1/2
f 366/1/11 289/1/11 377/1/11
f 366/1/11 289/1/11 289/1/11
f 367/1/238 378/1/238 379/1/238
f 367/1/238 379/1/238 368/1/238
f 367/1/239 379/1/239 378/1/239
f 367/1/239 368/1/239 379/1/239
usemtl steel_dark
f 368/1/240 379/1/240 380/1/240
f 368/1/240 380/1/240 369/1/240
f 368/1/241 380/1/241 379/1/241
f 368/1/241 369/1/241 380/1/241
usemtl steel
f 369/1/242 380/1/242 381/1/242
f 369/1/242 381/1/242 370/1/242
f 369/1/243 381/1/243 380/1/243
f 369/1/243 370/1/243 381/1/243
usemtl steel_dark
f 370/1/244 381/1/244 382/1/244
f 370/1/244 382/1/244 371/1/244
f 370/1/245 382/1/245 381/1/245
f 370/1/245 371/1/245 382/1/245
usemtl steel
f 371/1/242 382/1/242 383/1/242
f 371/1/242 383/1/242 372/1/242
f 371/1/243 383/1/243 382/1/243
f 371/1/243 372/1/243 383/1/243
usemtl steel_dark
f 372/1/240 383/1/240 384/1/240
f 372/1/240 384/1/240 373/1/240
f 372/1/241 384/1/241 383/1/241
f 372/1/241 373/1/241 384/1/241
usemtl steel
f 373/1/242 384/1/242 385/1/242
f 373/1/242 385/1/242 374/1/242
f 373/1/243 385/1/243 384/1/243
f 373/1/243 374/1/243 385/1/243
usemtl steel_dark
f 374/1/246 385/1/246 386/1/246
f 374/1/246 386/1/246 375/1/246
f 374/1/247 386/1/247 385/1/247
f 374/1/247 375/1/247 386/1/247
usemtl steel
f 375/1/242 386/1/242 387/1/242
f 375/1/242 387/1/242 376/1/242
f 375/1/243 387/1/243 386/1/243
f 375/1/243 376/1/243 387/1/243
usemtl steel_dark
f 376/1/248 387/1/248 388/1/248
f 376/1/248 388/1/248 377/1/248
f 376/1/249 388/1/249 387/1/249
f 376/1/249 377/1/249 388/1/249
usemtl steel
f 377/1/2 388/1/2 289/1/2
f 377/1/2 289/1/2 289/1/2
f 377/1/11 289/1/11 388/1/11
f 377/1/11 289/1/11 289/1/11
f 378/1/250 389/1/250 390/1/250
f 378/1/250 390/1/250 379/1/250
f 378/1/251 390/1/251 389/1/251
f 378/1/251 379/1/251 390/1/251
usemtl steel_dark
f 379/1/141 390/1/141 391/1/141
f 379/1/141 391/1/141 380/1/141
f 379/1/140 391/1/140 390/1/140
f 379/1/140 380/1/140 391/1/140
usemtl steel
f 380/1/139 391/1/139 392/1/139
f 380/1/139 392/1/139 381/1/139
f 380/1/138 392/1/138 391/1/138
f 380/1/138 381/1/138 392/1/138
usemtl steel_dark
f 381/1/137 392/1/137 393/1/137
f 381/1/137 393/1/137 382/1/137
f 381/1/136 393/1/136 392/1/136
f 381/1/136 382/1/136 393/1/136
usemtl steel
f 382/1/139 393/1/139 394/1/139
f 382/1/139 394/1/139 383/1/139
f 382/1/138 394/1/138 393/1/138
f 382/1/138 383/1/138 394/1/138
usemtl steel_dark
f 383/1/141 394/1/141 395/1/141
f 383/1/141 395/1/141 384/1/141
f 383/1/140 395/1/140 394/1/140
f 383/1/140 384/1/140 395/1/140
usemtl steel
f 384/1/139 395/1/139 396/1/139
f 384/1/139 396/1/139 385/1/139
f 384/1/138 396/1/138 395/1/138
f 384/1/138 385/1/138 396/1/138
usemtl steel_dark
f 385/1/252 396/1/252 397/1/252
f 385/1/252 397/1/252 386/1/252
f 385/1/253 397/1/253 396/1/253
f 385/1/253 386/1/253 397/1/253
usemtl steel
f 386/1/139 397/1/139 398/1/139
f 386/1/139 398/1/139 387/1/139
f 386/1/138 398/1/138 397/1/138
f 386/1/138 387/1/138 398/1/138
usemtl steel_dark
f 387/1/254 398/1/254 399/1/254
f 387/1/254 399/1/254 388/1/254
f 387/1/255 399/1/255 398/1/255
f 387/1/255 388/1/255 399/1/255
usemtl steel
f 388/1/2 399/1/2 289/1/2
f 388/1/2 289/1/2 289/1/2
f 388/1/11 289/1/11 399/1/11
f 388/1/11 289/1/11 289/1/11
f 389/1/256 400/1/256 401/1/256
f 389/1/256 401/1/256 390/1/256
f 389/1/257 401/1/257 400/1/257
f 389/1/257 390/1/257 401/1/257
usemtl steel_dark
f 390/1/153 401/1/153 402/1/153
f 390/1/153 402/1/153 391/1/153
f 390/1/152 402/1/152 401/1/152
f 390/1/152 391/1/152 402/1/152
usemtl steel
f 391/1/151 402/1/151 403/1/151
f 391/1/151 403/1/151 392/1/151
f 391/1/150 403/1/150 402/1/150
f 391/1/150 392/1/150 403/1/150
usemtl steel_dark
f 392/1/149 403/1/149 404/1/149
f 392/1/149 404/1/149 393/1/149
f 392/1/148 404/1/148 403/1/148
f 392/1/148 393/1/148 404/1/148
usemtl steel
f 393/1/151 404/1/151 405/1/151
f 393/1/151 405/1/151 394/1/151
f 393/1/150 405/1/150 404/1/150
f 393/1/150 394/1/150 405/1/150
usemtl steel_dark
f 394/1/153 405/1/153 406/1/153
f 394/1/153 406/1/153 395/1/153
f 394/1/152 406/1/152 405/1/152
f 394/1/152 395/1/152 406/1/152
usemtl steel
f 395/1/151 406/1/151 407/1/151
f 395/1/151 407/1/151 396/1/151
f 395/1/150 407/1/150 406/1/150
f 395/1/150 396/1/150 407/1/150
usemtl steel_dark
f 396/1/258 407/1/258 408/1/258
f 396/1/258 408/1/258 397/1/258
f 396/1/259 408/1/259 407/1/259
f 396/1/259 397/1/259 408/1/259
usemtl steel
f 397/1/151 408/1/151 409/1/151
f 397/1/151 409/1/151 398/1/151
f 397/1/150 409/1/150 408/1/150
f 397/1/150 398/1/150 409/1/150
usemtl steel_dark
f 398/1/260 409/1/260 410/1/260
f 398/1/260 410/1/260 399/1/260
f 398/1/261 410/1/261 409/1/261
f 398/1/261 399/1/261 410/1/261
usemtl steel
f 399/1/2 410/1/2 289/1/2
f 399/1/2 289/1/2 289/1/2
f 399/1/11 289/1/11 410/1/11
f 399/1/11 289/1/11 289/1/11
f 400/1/262 411/1/262 412/1/262
f 400/1/262 412/1/262 401/1/262
f 400/1/263 412/1/263 411/1/263
f 400/1/263 401/1/263 412/1/263
usemtl steel_dark
f 401/1/163 412/1/163 413/1/163
f 401/1/163 413/1/163 402/1/163
f 401/1/162 413/1/162 412/1/162
f 401/1/162 402/1/162 413/1/162
usemtl steel
f 402/1/7 413/1/7 414/1/7
f 402/1/7 414/1/7 403/1/7
f 402/1/3 414/1/3 413/1/3
f 402/1/3 403/1/3 414/1/3
usemtl steel_dark
f 403/1/161 414/1/161 415/1/161
f 403/1/161 415/1/161 404/1/161
f 403/1/160 415/1/160 414/1/160
f 403/1/160 404/1/160 415/1/160
usemtl steel
f 404/1/7 415/1/7 416/1/7
f 404/1/7 416/1/7 405/1/7
f 404/1/3 416/1/3 415/1/3
f 404/1/3 405/1/3 416/1/3
usemtl steel_dark
f 405/1/163 416/1/163 417/1/163
f 405/1/163 417/1/163 406/1/163
f 405/1/162 417/1/162 416/1/162
f 405/1/162 406/1/162 417/1/162
usemtl steel
f 406/1/7 417/1/7 418/1/7
f 406/1/7 418/1/7 407/1/7
f 406/1/3 418/1/3 417/1/3
f 406/1/3 407/1/3 418/1/3
usemtl steel_dark
f 407/1/264 418/1/264 419/1/264
f 407/1/264 419/1/264 408/1/264
f 407/1/265 419/1/265 418/1/265
f 407/1/265 408/1/265 419/1/265
usemtl steel
f 408/1/7 419/1/7 420/1/7
f 408/1/7 420/1/7 409/1/7
f 408/1/3 420/1/3 419/1/3
f 408/1/3 409/1/3 420/1/3
usemtl steel_dark
f 409/1/266 420/1/266 421/1/266
f 409/1/266 421/1/266 410/1/266
f 409/1/267 421/1/267 420/1/267
f 409/1/267 410/1/267 421/1/267
usemtl steel
f 410/1/12 421/1/12 289/1/12
f 410/1/12 289/1/12 289/1/12
f 410/1/11 289/1/11 421/1/11
f 410/1/11 289/1/11 289/1/11
f 411/1/268 422/1/268 423/1/268
f 411/1/268 423/1/268 412/1/268
f 411/1/269 423/1/269 422/1/269
f 411/1/269 412/1/269 423/1/269
usemtl steel_dark
f 412/1/175 423/1/175 424/1/175
f 412/1/175 424/1/175 413/1/175
f 412/1/174 424/1/174 423/1/174
f 412/1/174 413/1/174 424/1/174
usemtl steel
f 413/1/173 424/1/173 425/1/173
f 413/1/173 425/1/173 414/1/173
f 413/1/172 425/1/172 424/1/172
f 413/1/172 414/1/172 425/1/172
usemtl steel_dark
f 414/1/171 425/1/171 426/1/171
f 414/1/171 426/1/171 415/1/171
f 414/1/170 426/1/170 425/1/170
f 414/1/170 415/1/170 426/1/170
usemtl steel
f 415/1/173 426/1/173 427/1/173
f 415/1/173 427/1/173 416/1/173
f 415/1/172 427/1/172 426/1/172
f 415/1/172 416/1/172 427/1/172
usemtl steel_dark
f 416/1/175 427/1/175 428/1/175
f 416/1/175 428/1/175 417/1/175
f 416/1/174 428/1/174 427/1/174
f 416/1/174 417/1/174 428/1/174
usemtl steel
f 417/1/173 428/1/173 429/1/173
f 417/1/173 429/1/173 418/1/173
f 417/1/172 429/1/172 428/1/172
f 417/1/172 418/1/172 429/1/172
usemtl steel_dark
f 418/1/270 429/1/270 430/1/270
f 418/1/270 430/1/270 419/1/270
f 418/1/271 430/1/271 429/1/271
f 418/1/271 419/1/271 430/1/271
usemtl steel
f 419/1/173 430/1/173 431/1/173
f 419/1/173 431/1/173 420/1/173
f 419/1/172 431/1/172 430/1/172
f 419/1/172 420/1/172 431/1/172
usemtl steel_dark
f 420/1/272 431/1/272 432/1/272
f 420/1/272 432/1/272 421/1/272
f 420/1/273 432/1/273 431/1/273
f 420/1/273 421/1/273 432/1/273
usemtl steel
f 421/1/2 432/1/2 289/1/2
f 421/1/2 289/1/2 289/1/2
f 421/1/1 289/1/1 432/1/1
f 421/1/1 289/1/1 289/1/1
f 422/1/274 433/1/274 434/1/274
f 422/1/274 434/1/274 423/1/274
f 422/1/275 434/1/275 433/1/275
f 422/1/275 423/1/275 434/1/275
usemtl steel_dark
f 423/1/187 434/1/187 435/1/187
f 423/1/187 435/1/187 424/1/187
f 423/1/186 435/1/186 434/1/186
f 423/1/186 424/1/186 435/1/186
usemtl steel
f 424/1/185 435/1/185 436/1/185
f 424/1/185 436/1/185 425/1/185
f 424/1/184 436/1/184 435/1/184
f 424/1/184 425/1/184 436/1/184
usemtl steel_dark
f 425/1/183 436/1/183 437/1/183
f 425/1/183 437/1/183 426/1/183
f 425/1/182 437/1/182 436/1/182
f 425/1/182 426/1/182 437/1/182
usemtl steel
f 426/1/185 437/1/185 438/1/185
f 426/1/185 438/1/185 427/1/185
f 426/1/184 438/1/184 437/1/184
f 426/1/184 427/1/184 438/1/184
usemtl steel_dark
f 427/1/187 438/1/187 439/1/187
f 427/1/187 439/1/187 428/1/187
f 427/1/186 439/1/186 438/1/186
f 427/1/186 428/1/186 439/1/186
usemtl steel
f 428/1/185 439/1/185 440/1/185
f 428/1/185 440/1/185 429/1/185
f 428/1/184 440/1/184 439/1/184
f 428/1/184 429/1/184 440/1/184
usemtl steel_dark
f 429/1/276 440/1/276 441/1/276
f 429/1/276 441/1/276 430/1/276
f 429/1/277 441/1/277 440/1/277
f 429/1/277 430/1/277 441/1/277
usemtl steel
f 430/1/185 441/1/185 442/1/185
f 430/1/185 442/1/185 431/1/185
f 430/1/184 442/1/184 441/1/184
f 430/1/184 431/1/184 442/1/184
usemtl steel_dark
f 431/1/278 442/1/278 443/1/278
f 431/1/278 443/1/278 432/1/278
f 431/1/279 443/1/279 442/1/279
f 431/1/279 432/1/279 443/1/279
usemtl steel
f 432/1/12 443/1/12 289/1/12
f 432/1/12 289/1/12 289/1/12
f 432/1/11 289/1/11 443/1/11
f 432/1/11 289/1/11 289/1/11
f 433/1/280 444/1/280 445/1/280
f 433/1/280 445/1/280 434/1/280
f 433/1/281 445/1/281 444/1/281
f 433/1/281 434/1/281 445/1/281
usemtl steel_dark
f 434/1/199 445/1/199 446/1/199
f 434/1/199 446/1/199 435/1/199
f 434/1/198 446/1/198 445/1/198
f 434/1/198 435/1/198 446/1/198
usemtl steel
f 435/1/197 446/1/197 447/1/197
f 435/1/197 447/1/197 436/1/197
f 435/1/196 447/1/196 446/1/196
f 435/1/196 436/1/196 447/1/196
usemtl steel_dark
f 436/1/195 447/1/195 448/1/195
f 436/1/195 448/1/195 437/1/195
f 436/1/194 448/1/194 447/1/194
f 436/1/194 437/1/194 448/1/194
usemtl steel
f 437/1/197 448/1/197 449/1/197
f 437/1/197 449/1/197 438/1/197
f 437/1/196 449/1/196 448/1/196
f 437/1/196 438/1/196 449/1/196
usemtl steel_dark
f 438/1/199 449/1/199 450/1/199
f 438/1/199 450/1/199 439/1/199
f 438/1/198 450/1/198 449/1/198
f 438/1/198 439/1/198 450/1/198
usemtl steel
f 439/1/197 450/1/197 451/1/197
f 439/1/197 451/1/197 440/1/197
f 439/1/196 451/1/196 450/1/196
f 439/1/196 440/1/196 451/1/196
usemtl steel_dark
f 440/1/282 451/1/282 452/1/282
f 440/1/282 452/1/282 441/1/282
f 440/1/283 452/1/283 451/1/283
f 440/1/283 441/1/283 452/1/283
usemtl steel
f 441/1/197 452/1/197 453/1/197
f 441/1/197 453/1/197 442/1/197
f 441/1/196 453/1/196 452/1/196
f 441/1/196 442/1/196 453/1/196
usemtl steel_dark
f 442/1/284 453/1/284 454/1/284
f 442/1/284 454/1/284 443/1/284
f 442/1/285 454/1/285 453/1/285
f 442/1/285 443/1/285 454/1/285
usemtl steel
f 443/1/2 454/1/2 289/1/2
f 443/1/2 289/1/2 289/1/2
f 443/1/1 289/1/1 454/1/1
f 443/1/1 289/1/1 289/1/1
f 444/1/286 455/1/286 456/1/286
f 444/1/286 456/1/286 445/1/286
f 444/1/287 456/1/287 455/1/287
f 444/1/287 445/1/287 456/1/287
usemtl steel_dark
f 445/1/211 456/1/211 457/1/211
f 445/1/211 457/1/211 446/1/211
f 445/1/210 457/1/210 456/1/210
f 445/1/210 446/1/210 457/1/210
usemtl steel
f 446/1/209 457/1/209 458/1/209
f 446/1/209 458/1/209 447/1/209
f 446/1/208 458/1/208 457/1/208
f 446/1/208 447/1/208 458/1/208
usemtl steel_dark
f 447/1/207 458/1/207 459/1/207
f 447/1/207 459/1/207 448/1/207
f 447/1/206 459/1/206 458/1/206
f 447/1/206 448/1/206 459/1/206
usemtl steel
f 448/1/209 459/1/209 460/1/209
f 448/1/209 460/1/209 449/1/209
f 448/1/208 460/1/208 459/1/208
f 448/1/208 449/1/208 460/1/208
usemtl steel_dark
f 449/1/211 460/1/211 461/1/211
f 449/1/211 461/1/211 450/1/211
f 449/1/210 461/1/210 460/1/210
f 449/1/210 450/1/210 461/1/210
usemtl steel
f 450/1/209 461/1/209 462/1/209
f 450/1/209 462/1/209 451/1/209
f 450/1/208 462/1/208 461/1/208
f 450/1/208 451/1/208 462/1/208
usemtl steel_dark
f 451/1/288 462/1/288 463/1/288
f 451/1/288 463/1/288 452/1/288
f 451/1/289 463/1/289 462/1/289
f 451/1/289 452/1/289 463/1/289
usemtl steel
f 452/1/209 463/1/209 464/1/209
f 452/1/209 464/1/209 453/1/209
f 452/1/208 464/1/208 463/1/208
f 452/1/208 453/1/208 464/1/208
usemtl steel_dark
f 453/1/290 464/1/290 465/1/290
f 453/1/290 465/1/290 454/1/290
f 453/1/291 465/1/291 464/1/291
f 453/1/291 454/1/291 465/1/291
usemtl steel
f 454/1/12 465/1/12 289/1/12
f 454/1/12 289/1/12 289/1/12
f 454/1/11 289/1/11 465/1/11
f 454/1/11 289/1/11 289/1/11
f 455/1/292 466/1/292 467/1/292
f 455/1/292 467/1/292 456/1/292
f 455/1/293 467/1/293 466/1/293
f 455/1/293 456/1/293 467/1/293
usemtl steel_dark
f 456/1/221 467/1/221 468/1/221
f 456/1/221 468/1/221 457/1/221
f 456/1/220 468/1/220 467/1/220
f 456/1/220 457/1/220 468/1/220
usemtl steel
f 457/1/5 468/1/5 469/1/5
f 457/1/5 469/1/5 458/1/5
f 457/1/9 469/1/9 468/1/9
f 457/1/9 458/1/9 469/1/9
usemtl steel_dark
f 458/1/219 469/1/219 470/1/219
f 458/1/219 470/1/219 459/1/219
f 458/1/218 470/1/218 469/1/218
f 458/1/218 459/1/218 470/1/218
usemtl steel
f 459/1/5 470/1/5 471/1/5
f 459/1/5 471/1/5 460/1/5
f 459/1/9 471/1/9 470/1/9
f 459/1/9 460/1/9 471/1/9
usemtl steel_dark
f 460/1/221 471/1/221 472/1/221
f 460/1/221 472/1/221 461/1/221
f 460/1/220 472/1/220 471/1/220
f 460/1/220 461/1/220 472/1/220
usemtl steel
f 461/1/5 472/1/5 473/1/5
f 461/1/5 473/1/5 462/1/5
f 461/1/9 473/1/9 472/1/9
f 461/1/9 462/1/9 473/1/9
usemtl steel_dark
f 462/1/294 473/1/294 474/1/294
f 462/1/294 474/1/294 463/1/294
f 462/1/295 474/1/295 473/1/295
f 462/1/295 463/1/295 474/1/295
usemtl steel
f 463/1/5 474/1/5 475/1/5
f 463/1/5 475/1/5 464/1/5
f 463/1/9 475/1/9 474/1/9
f 463/1/9 464/1/9 475/1/9
usemtl steel_dark
f 464/1/296 475/1/296 476/1/296
f 464/1/296 476/1/296 465/1/296
f 464/1/297 476/1/297 475/1/297
f 464/1/297 465/1/297 476/1/297
usemtl steel
f 465/1/2 476/1/2 289/1/2
f 465/1/2 289/1/2 289/1/2
f 465/1/11 289/1/11 476/1/11
f 465/1/11 289/1/11 289/1/11
f 466/1/298 477/1/298 478/1/298
f 466/1/298 478/1/298 467/1/298
f 466/1/299 478/1/299 477/1/299
f 466/1/299 467/1/299 478/1/299
usemtl steel_dark
f 467/1/233 478/1/233 479/1/233
f 467/1/233 479/1/233 468/1/233
f 467/1/232 479/1/232 478/1/232
f 467/1/232 468/1/232 479/1/232
usemtl steel
f 468/1/231 479/1/231 480/1/231
f 468/1/231 480/1/231 469/1/231
f 468/1/230 480/1/230 479/1/230
f 468/1/230 469/1/230 480/1/230
usemtl steel_dark
f 469/1/229 480/1/229 481/1/229
f 469/1/229 481/1/229 470/1/229
f 469/1/228 481/1/228 480/1/228
f 469/1/228 470/1/228 481/1/228
usemtl steel
f 470/1/231 481/1/231 482/1/231
f 470/1/231 482/1/231 471/1/231
f 470/1/230 482/1/230 481/1/230
f 470/1/230 471/1/230 482/1/230
usemtl steel_dark
f 471/1/233 482/1/233 483/1/233
f 471/1/233 483/1/233 472/1/233
f 471/1/232 483/1/232 482/1/232
f 471/1/232 472/1/232 483/1/232
usemtl steel
f 472/1/231 483/1/231 484/1/231
f 472/1/231 484/1/231 473/1/231
f 472/1/230 484/1/230 483/1/230
f 472/1/230 473/1/230 484/1/230
usemtl steel_dark
f 473/1/300 484/1/300 485/1/300
f 473/1/300 485/1/300 474/1/300
f 473/1/301 485/1/301 484/1/301
f 473/1/301 474/1/301 485/1/301
usemtl steel
f 474/1/231 485/1/231 486/1/231
f 474/1/231 486/1/231 475/1/231
f 474/1/230 486/1/230 485/1/230
f 474/1/230 475/1/230 486/1/230
usemtl steel_dark
f 475/1/302 486/1/302 487/1/302
f 475/1/302 487/1/302 476/1/302
f 475/1/303 487/1/303 486/1/303
f 475/1/303 476/1/303 487/1/303
usemtl steel
f 476/1/2 487/1/2 289/1/2
f 476/1/2 289/1/2 289/1/2
f 476/1/11 289/1/11 487/1/11
f 476/1/11 289/1/11 289/1/11
f 477/1/304 267/1/304 270/1/304
f 477/1/304 270/1/304 478/1/304
f 477/1/305 270/1/305 267/1/305
f 477/1/305 478/1/305 270/1/305
usemtl steel_dark
f 478/1/245 270/1/245 272/1/245
f 478/1/245 272/1/245 479/1/245
f 478/1/244 272/1/244 270/1/244
f 478/1/244 479/1/244 272/1/244
usemtl steel
f 479/1/243 272/1/243 274/1/243
f 479/1/243 274/1/243 480/1/243
f 479/1/242 274/1/242 272/1/242
f 479/1/242 480/1/242 274/1/242
usemtl steel_dark
f 480/1/241 274/1/241 276/1/241
f 480/1/241 276/1/241 481/1/241
f 480/1/240 276/1/240 274/1/240
f 480/1/240 481/1/240 276/1/240
usemtl steel
f 481/1/243 276/1/243 278/1/243
f 481/1/243 278/1/243 482/1/243
f 481/1/242 278/1/242 276/1/242
f 481/1/242 482/1/242 278/1/242
usemtl steel_dark
f 482/1/245 278/1/245 280/1/245
f 482/1/245 280/1/245 483/1/245
f 482/1/244 280/1/244 278/1/244
f 482/1/244 483/1/244 280/1/244
usemtl steel
f 483/1/243 280/1/243 282/1/243
f 483/1/243 282/1/243 484/1/243
f 483/1/242 282/1/242 280/1/242
f 483/1/242 484/1/242 282/1/242
usemtl steel_dark
f 484/1/306 282/1/306 284/1/306
f 484/1/306 284/1/306 485/1/306
f 484/1/307 284/1/307 282/1/307
f 484/1/307 485/1/307 284/1/307
usemtl steel
f 485/1/243 284/1/243 286/1/243
f 485/1/243 286/1/243 486/1/243
f 485/1/242 286/1/242 284/1/242
f 485/1/242 486/1/242 286/1/242
usemtl steel_dark
f 486/1/308 286/1/308 288/1/308
f 486/1/308 288/1/308 487/1/308
f 486/1/309 288/1/309 286/1/309
f 486/1/309 487/1/309 288/1/309
usemtl steel
f 487/1/2 288/1/2 289/1/2
f 487/1/2 289/1/2 289/1/2
f 487/1/11 289/1/11 288/1/11
f 487/1/11 289/1/11 289/1/11
usemtl graphite
f 488/1/11 489/1/11 490/1/11
f 488/1/11 490/1/11 491/1/11
f 488/1/2 490/1/2 489/1/2
f 488/1/2 491/1/2 490/1/2
f 491/1/310 490/1/310 492/1/310
f 491/1/310 492/1/310 493/1/310
f 491/1/311 492/1/311 490/1/311
f 491/1/311 493/1/311 492/1/311
f 493/1/2 492/1/2 494/1/2
f 493/1/2 494/1/2 495/1/2
f 493/1/11 494/1/11 492/1/11
f 493/1/11 495/1/11 494/1/11
f 489/1/11 496/1/11 497/1/11
f 489/1/11 497/1/11 490/1/11
f 489/1/2 497/1/2 496/1/2
f 489/1/2 490/1/2 497/1/2
f 490/1/312 497/1/312 498/1/312
f 490/1/312 498/1/312 492/1/312
f 490/1/313 498/1/313 497/1/313
f 490/1/313 492/1/313 498/1/313
f 492/1/2 498/1/2 499/1/2
f 492/1/2 499/1/2 494/1/2
f 492/1/11 499/1/11 498/1/11
f 492/1/11 494/1/11 499/1/11
f 496/1/11 500/1/11 501/1/11
f 496/1/11 501/1/11 497/1/11
f 496/1/2 501/1/2 500/1/2
f 496/1/2 497/1/2 501/1/2
f 497/1/314 501/1/314 502/1/314
f 497/1/314 502/1/314 498/1/314
f 497/1/315 502/1/315 501/1/315
f 497/1/315 498/1/315 502/1/315
f 498/1/2 502/1/2 503/1/2
f 498/1/2 503/1/2 499/1/2
f 498/1/11 503/1/11 502/1/11
f 498/1/11 499/1/11 503/1/11
f 500/1/11 504/1/11 505/1/11
f 500/1/11 505/1/11 501/1/11
f 500/1/2 505/1/2 504/1/2
f 500/1/2 501/1/2 505/1/2
f 501/1/316 505/1/316 506/1/316
f 501/1/316 506/1/316 502/1/316
f 501/1/317 506/1/317 505/1/317
f 501/1/317 502/1/317 506/1/317
f 502/1/2 506/1/2 507/1/2
f 502/1/2 507/1/2 503/1/2
f 502/1/11 507/1/11 506/1/11
f 502/1/11 503/1/11 507/1/11
f 504/1/11 508/1/11 509/1/11
f 504/1/11 509/1/11 505/1/11
f 504/1/2 509/1/2 508/1/2
f 504/1/2 505/1/2 509/1/2
f 505/1/318 509/1/318 510/1/318
f 505/1/318 510/1/318 506/1/318
f 505/1/319 510/1/319 509/1/319
f 505/1/319 506/1/319 510/1/319
f 506/1/12 510/1/12 511/1/12
f 506/1/12 511/1/12 507/1/12
f 506/1/11 511/1/11 510/1/11
f 506/1/11 507/1/11 511/1/11
f 508/1/11 512/1/11 513/1/11
f 508/1/11 513/1/11 509/1/11
f 508/1/2 513/1/2 512/1/2
f 508/1/2 509/1/2 513/1/2
f 509/1/320 513/1/320 514/1/320
f 509/1/320 514/1/320 510/1/320
f 509/1/321 514/1/321 513/1/321
f 509/1/321 510/1/321 514/1/321
f 510/1/2 514/1/2 515/1/2
f 510/1/2 515/1/2 511/1/2
f 510/1/11 515/1/11 514/1/11
f 510/1/11 511/1/11 515/1/11
f 512/1/11 516/1/11 517/1/11
f 512/1/11 517/1/11 513/1/11
f 512/1/2 517/1/2 516/1/2
f 512/1/2 513/1/2 517/1/2
f 513/1/322 517/1/322 518/1/322
f 513/1/322 518/1/322 514/1/322
f 513/1/323 518/1/323 517/1/323
f 513/1/323 514/1/323 518/1/323
f 514/1/2 518/1/2 519/1/2
f 514/1/2 519/1/2 515/1/2
f 514/1/1 519/1/1 518/1/1
f 514/1/1 515/1/1 519/1/1
f 516/1/11 520/1/11 521/1/11
f 516/1/11 521/1/11 517/1/11
f 516/1/2 521/1/2 520/1/2
f 516/1/2 517/1/2 521/1/2
f 517/1/324 521/1/324 522/1/324
f 517/1/324 522/1/324 518/1/324
f 517/1/325 522/1/325 521/1/325
f 517/1/325 518/1/325 522/1/325
f 518/1/2 522/1/2 523/1/2
f 518/1/2 523/1/2 519/1/2
f 518/1/11 523/1/11 522/1/11
f 518/1/11 519/1/11 523/1/11
f 520/1/11 524/1/11 525/1/11
f 520/1/11 525/1/11 521/1/11
f 520/1/2 525/1/2 524/1/2
f 520/1/2 521/1/2 525/1/2
f 521/1/311 525/1/311 526/1/311
f 521/1/311 526/1/311 522/1/311
f 521/1/310 526/1/310 525/1/310
f 521/1/310 522/1/310 526/1/310
f 522/1/2 526/1/2 527/1/2
f 522/1/2 527/1/2 523/1/2
f 522/1/1 527/1/1 526/1/1
f 522/1/1 523/1/1 527/1/1
f 524/1/11 528/1/11 529/1/11
f 524/1/11 529/1/11 525/1/11
f 524/1/12 529/1/12 528/1/12
f 524/1/12 525/1/12 529/1/12
f 525/1/313 529/1/313 530/1/313
f 525/1/313 530/1/313 526/1/313
f 525/1/312 530/1/312 529/1/312
f 525/1/312 526/1/312 530/1/312
f 526/1/12 530/1/12 531/1/12
f 526/1/12 531/1/12 527/1/12
f 526/1/11 531/1/11 530/1/11
f 526/1/11 527/1/11 531/1/11
f 528/1/1 532/1/1 533/1/1
f 528/1/1 533/1/1 529/1/1
f 528/1/2 533/1/2 532/1/2
f 528/1/2 529/1/2 533/1/2
f 529/1/315 533/1/315 534/1/315
f 529/1/315 534/1/315 530/1/315
f 529/1/314 534/1/314 533/1/314
f 529/1/314 530/1/314 534/1/314
f 530/1/2 534/1/2 535/1/2
f 530/1/2 535/1/2 531/1/2
f 530/1/11 535/1/11 534/1/11
f 530/1/11 531/1/11 535/1/11
f 532/1/11 536/1/11 537/1/11
f 532/1/11 537/1/11 533/1/11
f 532/1/2 537/1/2 536/1/2
f 532/1/2 533/1/2 537/1/2
f 533/1/317 537/1/317 538/1/317
f 533/1/317 538/1/317 534/1/317
f 533/1/316 538/1/316 537/1/316
f 533/1/316 534/1/316 538/1/316
f 534/1/12 538/1/12 539/1/12
f 534/1/12 539/1/12 535/1/12
f 534/1/11 539/1/11 538/1/11
f 534/1/11 535/1/11 539/1/11
f 536/1/1 540/1/1 541/1/1
f 536/1/1 541/1/1 537/1/1
f 536/1/2 541/1/2 540/1/2
f 536/1/2 537/1/2 541/1/2
f 537/1/319 541/1/319 542/1/319
f 537/1/319 542/1/319 538/1/319
f 537/1/318 542/1/318 541/1/318
f 537/1/318 538/1/318 542/1/318
f 538/1/2 542/1/2 543/1/2
f 538/1/2 543/1/2 539/1/2
f 538/1/11 543/1/11 542/1/11
f 538/1/11 539/1/11 543/1/11
f 540/1/11 544/1/11 545/1/11
f 540/1/11 545/1/11 541/1/11
f 540/1/12 545/1/12 544/1/12
f 540/1/12 541/1/12 545/1/12
f 541/1/321 545/1/321 546/1/321
f 541/1/321 546/1/321 542/1/321
f 541/1/320 546/1/320 545/1/320
f 541/1/320 542/1/320 546/1/320
f 542/1/12 546/1/12 547/1/12
f 542/1/12 547/1/12 543/1/12
f 542/1/11 547/1/11 546/1/11
f 542/1/11 543/1/11 547/1/11
f 544/1/11 548/1/11 549/1/11
f 544/1/11 549/1/11 545/1/11
f 544/1/2 549/1/2 548/1/2
f 544/1/2 545/1/2 549/1/2
f 545/1/323 549/1/323 550/1/323
f 545/1/323 550/1/323 546/1/323
f 545/1/322 550/1/322 549/1/322
f 545/1/322 546/1/322 550/1/322
f 546/1/2 550/1/2 551/1/2
f 546/1/2 551/1/2 547/1/2
f 546/1/1 551/1/1 550/1/1
f 546/1/1 547/1/1 551/1/1
f 548/1/11 488/1/11 491/1/11
f 548/1/11 491/1/11 549/1/11
f 548/1/12 491/1/12 488/1/12
f 548/1/12 549/1/12 491/1/12
f 549/1/325 491/1/325 493/1/325
f 549/1/325 493/1/325 550/1/325
f 549/1/324 493/1/324 491/1/324
f 549/1/324 550/1/324 493/1/324
f 550/1/2 493/1/2 495/1/2
f 550/1/2 495/1/2 551/1/2
f 550/1/11 495/1/11 493/1/11
f 550/1/11 551/1/11 495/1/11
g ring
usemtl ring_light
f 1053/1/11 1054/1/11 1055/1/11
f 1053/1/11 1055/1/11 1056/1/11
f 1053/1/2 1055/1/2 1054/1/2
f 1053/1/2 1056/1/2 1055/1/2
f 1054/1/1 1057/1/1 1058/1/1
f 1054/1/1 1058/1/1 1055/1/1
f 1054/1/2 1058/1/2 1057/1/2
f 1054/1/2 1055/1/2 1058/1/2
f 1057/1/11 1059/1/11 1060/1/11
f 1057/1/11 1060/1/11 1058/1/11
f 1057/1/12 1060/1/12 1059/1/12
f 1057/1/12 1058/1/12 1060/1/12
f 1059/1/11 1061/1/11 1062/1/11
f 1059/1/11 1062/1/11 1060/1/11
f 1059/1/12 1062/1/12 1061/1/12
f 1059/1/12 1060/1/12 1062/1/12
f 1061/1/11 1063/1/11 1064/1/11
f 1061/1/11 1064/1/11 1062/1/11
f 1061/1/12 1064/1/12 1063/1/12
f 1061/1/12 1062/1/12 1064/1/12
f 1063/1/1 1065/1/1 1066/1/1
f 1063/1/1 1066/1/1 1064/1/1
f 1063/1/2 1066/1/2 1065/1/2
f 1063/1/2 1064/1/2 1066/1/2
f 1065/1/11 1067/1/11 1068/1/11
f 1065/1/11 1068/1/11 1066/1/11
f 1065/1/2 1068/1/2 1067/1/2
f 1065/1/2 1066/1/2 1068/1/2
f 1067/1/11 1069/1/11 1070/1/11
f 1067/1/11 1070/1/11 1068/1/11
f 1067/1/12 1070/1/12 1069/1/12
f 1067/1/12 1068/1/12 1070/1/12
f 1069/1/11 1071/1/11 1072/1/11
f 1069/1/11 1072/1/11 1070/1/11
f 1069/1/2 1072/1/2 1071/1/2
f 1069/1/2 1070/1/2 1072/1/2
f 1071/1/11 1073/1/11 1074/1/11
f 1071/1/11 1074/1/11 1072/1/11
f 1071/1/2 1074/1/2 1073/1/2
f 1071/1/2 1072/1/2 1074/1/2
f 1073/1/11 1075/1/11 1076/1/11
f 1073/1/11 1076/1/11 1074/1/11
f 1073/1/2 1076/1/2 1075/1/2
f 1073/1/2 1074/1/2 1076/1/2
f 1075/1/1 1077/1/1 1078/1/1
f 1075/1/1 1078/1/1 1076/1/1
f 1075/1/2 1078/1/2 1077/1/2
f 1075/1/2 1076/1/2 1078/1/2
f 1077/1/1 1079/1/1 1080/1/1
f 1077/1/1 1080/1/1 1078/1/1
f 1077/1/2 1080/1/2 1079/1/2
f 1077/1/2 1078/1/2 1080/1/2
f 1079/1/1 1081/1/1 1082/1/1
f 1079/1/1 1082/1/1 1080/1/1
f 1079/1/2 1082/1/2 1081/1/2
f 1079/1/2 1080/1/2 1082/1/2
f 1081/1/1 1083/1/1 1084/1/1
f 1081/1/1 1084/1/1 1082/1/1
f 1081/1/2 1084/1/2 1083/1/2
f 1081/1/2 1082/1/2 1084/1/2
f 1083/1/1 1085/1/1 1086/1/1
f 1083/1/1 1086/1/1 1084/1/1
f 1083/1/2 1086/1/2 1085/1/2
f 1083/1/2 1084/1/2 1086/1/2
f 1085/1/11 1087/1/11 1088/1/11
f 1085/1/11 1088/1/11 1086/1/11
f 1085/1/2 1088/1/2 1087/1/2
f 1085/1/2 1086/1/2 1088/1/2
f 1087/1/11 1089/1/11 1090/1/11
f 1087/1/11 1090/1/11 1088/1/11
f 1087/1/12 1090/1/12 1089/1/12
f 1087/1/12 1088/1/12 1090/1/12
f 1089/1/1 1091/1/1 1092/1/1
f 1089/1/1 1092/1/1 1090/1/1
f 1089/1/2 1092/1/2 1091/1/2
f 1089/1/2 1090/1/2 1092/1/2
f 1091/1/1 1093/1/1 1094/1/1
f 1091/1/1 1094/1/1 1092/1/1
f 1091/1/2 1094/1/2 1093/1/2
f 1091/1/2 1092/1/2 1094/1/2
f 1093/1/1 1095/1/1 1096/1/1
f 1093/1/1 1096/1/1 1094/1/1
f 1093/1/2 1096/1/2 1095/1/2
f 1093/1/2 1094/1/2 1096/1/2
f 1095/1/11 1097/1/11 1098/1/11
f 1095/1/11 1098/1/11 1096/1/11
f 1095/1/12 1098/1/12 1097/1/12
f 1095/1/12 1096/1/12 1098/1/12
f 1097/1/11 1099/1/11 1100/1/11
f 1097/1/11 1100/1/11 1098/1/11
f 1097/1/2 1100/1/2 1099/1/2
f 1097/1/2 1098/1/2 1100/1/2
f 1099/1/11 1101/1/11 1102/1/11
f 1099/1/11 1102/1/11 1100/1/11
f 1099/1/2 1102/1/2 1101/1/2
f 1099/1/2 1100/1/2 1102/1/2
f 1101/1/11 1103/1/11 1104/1/11
f 1101/1/11 1104/1/11 1102/1/11
f 1101/1/2 1104/1/2 1103/1/2
f 1101/1/2 1102/1/2 1104/1/2
f 1103/1/11 1105/1/11 1106/1/11
f 1103/1/11 1106/1/11 1104/1/11
f 1103/1/2 1106/1/2 1105/1/2
f 1103/1/2 1104/1/2 1106/1/2
f 1105/1/11 1107/1/11 1108/1/11
f 1105/1/11 1108/1/11 1106/1/11
f 1105/1/2 1108/1/2 1107/1/2
f 1105/1/2 1106/1/2 1108/1/2
f 1107/1/11 1109/1/11 1110/1/11
f 1107/1/11 1110/1/11 1108/1/11
f 1107/1/12 1110/1/12 1109/1/12
f 1107/1/12 1108/1/12 1110/1/12
f 1109/1/11 1111/1/11 1112/1/11
f 1109/1/11 1112/1/11 1110/1/11
f 1109/1/12 1112/1/12 1111/1/12
f 1109/1/12 1110/1/12 1112/1/12
f 1111/1/1 1113/1/1 1114/1/1
f 1111/1/1 1114/1/1 1112/1/1
f 1111/1/2 1114/1/2 1113/1/2
f 1111/1/2 1112/1/2 1114/1/2
f 1113/1/11 1115/1/11 1116/1/11
f 1113/1/11 1116/1/11 1114/1/11
f 1113/1/12 1116/1/12 1115/1/12
f 1113/1/12 1114/1/12 1116/1/12
f 1115/1/11 1053/1/11 1056/1/11
f 1115/1/11 1056/1/11 1116/1/11
f 1115/1/12 1056/1/12 1053/1/12
f 1115/1/12 1116/1/12 1056/1/12
g core
usemtl steel_dark
f 289/1/11 289/1/11 584/1/11
f 289/1/11 584/1/11 585/1/11
f 289/1/2 584/1/2 289/1/2
f 289/1/2 585/1/2 584/1/2
f 585/1/326 584/1/326 586/1/326
f 585/1/326 586/1/326 587/1/326
f 585/1/327 586/1/327 584/1/327
f 585/1/327 587/1/327 586/1/327
f 587/1/2 586/1/2 588/1/2
f 587/1/2 588/1/2 589/1/2
f 587/1/11 588/1/11 586/1/11
f 587/1/11 589/1/11 588/1/11
usemtl steel_light
f 589/1/326 588/1/326 590/1/326
f 589/1/326 590/1/326 591/1/326
f 589/1/327 590/1/327 588/1/327
f 589/1/327 591/1/327 590/1/327
f 591/1/328 590/1/328 592/1/328
f 591/1/328 592/1/328 593/1/328
f 591/1/329 592/1/329 590/1/329
f 591/1/329 593/1/329 592/1/329
f 593/1/330 592/1/330 594/1/330
f 593/1/330 594/1/330 594/1/330
f 593/1/331 594/1/331 592/1/331
f 593/1/331 594/1/331 594/1/331
usemtl steel_dark
f 289/1/11 289/1/11 595/1/11
f 289/1/11 595/1/11 584/1/11
f 289/1/12 595/1/12 289/1/12
f 289/1/12 584/1/12 595/1/12
f 584/1/3 595/1/3 596/1/3
f 584/1/3 596/1/3 586/1/3
f 584/1/7 596/1/7 595/1/7
f 584/1/7 586/1/7 596/1/7
f 586/1/2 596/1/2 597/1/2
f 586/1/2 597/1/2 588/1/2
f 586/1/11 597/1/11 596/1/11
f 586/1/11 588/1/11 597/1/11
usemtl steel_light
f 588/1/3 597/1/3 598/1/3
f 588/1/3 598/1/3 590/1/3
f 588/1/7 598/1/7 597/1/7
f 588/1/7 590/1/7 598/1/7
f 590/1/332 598/1/332 599/1/332
f 590/1/332 599/1/332 592/1/332
f 590/1/333 599/1/333 598/1/333
f 590/1/333 592/1/333 599/1/333
f 592/1/334 599/1/334 594/1/334
f 592/1/334 594/1/334 594/1/334
f 592/1/335 594/1/335 599/1/335
f 592/1/335 594/1/335 594/1/335
usemtl steel_dark
f 289/1/11 289/1/11 600/1/11
f 289/1/11 600/1/11 595/1/11
f 289/1/2 600/1/2 289/1/2
f 289/1/2 595/1/2 600/1/2
f 595/1/336 600/1/336 601/1/336
f 595/1/336 601/1/336 596/1/336
f 595/1/337 601/1/337 600/1/337
f 595/1/337 596/1/337 601/1/337
f 596/1/2 601/1/2 602/1/2
f 596/1/2 602/1/2 597/1/2
f 596/1/11 602/1/11 601/1/11
f 596/1/11 597/1/11 602/1/11
usemtl steel_light
f 597/1/336 602/1/336 603/1/336
f 597/1/336 603/1/336 598/1/336
f 597/1/337 603/1/337 602/1/337
f 597/1/337 598/1/337 603/1/337
f 598/1/338 603/1/338 604/1/338
f 598/1/338 604/1/338 599/1/338
f 598/1/339 604/1/339 603/1/339
f 598/1/339 599/1/339 604/1/339
f 599/1/340 604/1/340 594/1/340
f 599/1/340 594/1/340 594/1/340
f 599/1/341 594/1/341 604/1/341
f 599/1/341 594/1/341 594/1/341
usemtl steel_dark
f 289/1/11 289/1/11 605/1/11
f 289/1/11 605/1/11 600/1/11
f 289/1/2 605/1/2 289/1/2
f 289/1/2 600/1/2 605/1/2
f 600/1/342 605/1/342 606/1/342
f 600/1/342 606/1/342 601/1/342
f 600/1/343 606/1/343 605/1/343
f 600/1/343 601/1/343 606/1/343
f 601/1/2 606/1/2 607/1/2
f 601/1/2 607/1/2 602/1/2
f 601/1/11 607/1/11 606/1/11
f 601/1/11 602/1/11 607/1/11
usemtl steel_light
f 602/1/342 607/1/342 608/1/342
f 602/1/342 608/1/342 603/1/342
f 602/1/343 608/1/343 607/1/343
f 602/1/343 603/1/343 608/1/343
f 603/1/344 608/1/344 609/1/344
f 603/1/344 609/1/344 604/1/344
f 603/1/345 609/1/345 608/1/345
f 603/1/345 604/1/345 609/1/345
f 604/1/346 609/1/346 594/1/346
f 604/1/346 594/1/346 594/1/346
f 604/1/347 594/1/347 609/1/347
f 604/1/347 594/1/347 594/1/347
usemtl steel_dark
f 289/1/1 289/1/1 610/1/1
f 289/1/1 610/1/1 605/1/1
f 289/1/2 610/1/2 289/1/2
f 289/1/2 605/1/2 610/1/2
f 605/1/9 610/1/9 611/1/9
f 605/1/9 611/1/9 606/1/9
f 605/1/5 611/1/5 610/1/5
f 605/1/5 606/1/5 611/1/5
f 606/1/12 611/1/12 612/1/12
f 606/1/12 612/1/12 607/1/12
f 606/1/11 612/1/11 611/1/11
f 606/1/11 607/1/11 612/1/11
usemtl steel_light
f 607/1/9 612/1/9 613/1/9
f 607/1/9 613/1/9 608/1/9
f 607/1/5 613/1/5 612/1/5
f 607/1/5 608/1/5 613/1/5
f 608/1/348 613/1/348 614/1/348
f 608/1/348 614/1/348 609/1/348
f 608/1/349 614/1/349 613/1/349
f 608/1/349 609/1/349 614/1/349
f 609/1/350 614/1/350 594/1/350
f 609/1/350 594/1/350 594/1/350
f 609/1/351 594/1/351 614/1/351
f 609/1/351 594/1/351 594/1/351
usemtl steel_dark
f 289/1/11 289/1/11 615/1/11
f 289/1/11 615/1/11 610/1/11
f 289/1/2 615/1/2 289/1/2
f 289/1/2 610/1/2 615/1/2
f 610/1/352 615/1/352 616/1/352
f 610/1/352 616/1/352 611/1/352
f 610/1/353 616/1/353 615/1/353
f 610/1/353 611/1/353 616/1/353
f 611/1/2 616/1/2 617/1/2
f 611/1/2 617/1/2 612/1/2
f 611/1/11 617/1/11 616/1/11
f 611/1/11 612/1/11 617/1/11
usemtl steel_light
f 612/1/352 617/1/352 618/1/352
f 612/1/352 618/1/352 613/1/352
f 612/1/353 618/1/353 617/1/353
f 612/1/353 613/1/353 618/1/353
f 613/1/354 618/1/354 619/1/354
f 613/1/354 619/1/354 614/1/354
f 613/1/355 619/1/355 618/1/355
f 613/1/355 614/1/355 619/1/355
f 614/1/356 619/1/356 594/1/356
f 614/1/356 594/1/356 594/1/356
f 614/1/357 594/1/357 619/1/357
f 614/1/357 594/1/357 594/1/357
usemtl steel_dark
f 289/1/11 289/1/11 620/1/11
f 289/1/11 620/1/11 615/1/11
f 289/1/2 620/1/2 289/1/2
f 289/1/2 615/1/2 620/1/2
f 615/1/327 620/1/327 621/1/327
f 615/1/327 621/1/327 616/1/327
f 615/1/326 621/1/326 620/1/326
f 615/1/326 616/1/326 621/1/326
f 616/1/2 621/1/2 622/1/2
f 616/1/2 622/1/2 617/1/2
f 616/1/11 622/1/11 621/1/11
f 616/1/11 617/1/11 622/1/11
usemtl steel_light
f 617/1/327 622/1/327 623/1/327
f 617/1/327 623/1/327 618/1/327
f 617/1/326 623/1/326 622/1/326
f 617/1/326 618/1/326 623/1/326
f 618/1/358 623/1/358 624/1/358
f 618/1/358 624/1/358 619/1/358
f 618/1/359 624/1/359 623/1/359
f 618/1/359 619/1/359 624/1/359
f 619/1/360 624/1/360 594/1/360
f 619/1/360 594/1/360 594/1/360
f 619/1/361 594/1/361 624/1/361
f 619/1/361 594/1/361 594/1/361
usemtl steel_dark
f 289/1/1 289/1/1 625/1/1
f 289/1/1 625/1/1 620/1/1
f 289/1/2 625/1/2 289/1/2
f 289/1/2 620/1/2 625/1/2
f 620/1/7 625/1/7 626/1/7
f 620/1/7 626/1/7 621/1/7
f 620/1/3 626/1/3 625/1/3
f 620/1/3 621/1/3 626/1/3
f 621/1/2 626/1/2 627/1/2
f 621/1/2 627/1/2 622/1/2
f 621/1/11 627/1/11 626/1/11
f 621/1/11 622/1/11 627/1/11
usemtl steel_light
f 622/1/7 627/1/7 628/1/7
f 622/1/7 628/1/7 623/1/7
f 622/1/3 628/1/3 627/1/3
f 622/1/3 623/1/3 628/1/3
f 623/1/362 628/1/362 629/1/362
f 623/1/362 629/1/362 624/1/362
f 623/1/363 629/1/363 628/1/363
f 623/1/363 624/1/363 629/1/363
f 624/1/364 629/1/364 594/1/364
f 624/1/364 594/1/364 594/1/364
f 624/1/365 594/1/365 629/1/365
f 624/1/365 594/1/365 594/1/365
usemtl steel_dark
f 289/1/11 289/1/11 630/1/11
f 289/1/11 630/1/11 625/1/11
f 289/1/12 630/1/12 289/1/12
f 289/1/12 625/1/12 630/1/12
f 625/1/337 630/1/337 631/1/337
f 625/1/337 631/1/337 626/1/337
f 625/1/336 631/1/336 630/1/336
f 625/1/336 626/1/336 631/1/336
f 626/1/2 631/1/2 632/1/2
f 626/1/2 632/1/2 627/1/2
f 626/1/11 632/1/11 631/1/11
f 626/1/11 627/1/11 632/1/11
usemtl steel_light
f 627/1/337 632/1/337 633/1/337
f 627/1/337 633/1/337 628/1/337
f 627/1/336 633/1/336 632/1/336
f 627/1/336 628/1/336 633/1/336
f 628/1/366 633/1/366 634/1/366
f 628/1/366 634/1/366 629/1/366
f 628/1/367 634/1/367 633/1/367
f 628/1/367 629/1/367 634/1/367
f 629/1/368 634/1/368 594/1/368
f 629/1/368 594/1/368 594/1/368
f 629/1/369 594/1/369 634/1/369
f 629/1/369 594/1/369 594/1/369
usemtl steel_dark
f 289/1/11 289/1/11 635/1/11
f 289/1/11 635/1/11 630/1/11
f 289/1/2 635/1/2 289/1/2
f 289/1/2 630/1/2 635/1/2
f 630/1/343 635/1/343 636/1/343
f 630/1/343 636/1/343 631/1/343
f 630/1/342 636/1/342 635/1/342
f 630/1/342 631/1/342 636/1/342
f 631/1/2 636/1/2 637/1/2
f 631/1/2 637/1/2 632/1/2
f 631/1/11 637/1/11 636/1/11
f 631/1/11 632/1/11 637/1/11
usemtl steel_light
f 632/1/343 637/1/343 638/1/343
f 632/1/343 638/1/343 633/1/343
f 632/1/342 638/1/342 637/1/342
f 632/1/342 633/1/342 638/1/342
f 633/1/370 638/1/370 639/1/370
f 633/1/370 639/1/370 634/1/370
f 633/1/371 639/1/371 638/1/371
f 633/1/371 634/1/371 639/1/371
f 634/1/372 639/1/372 594/1/372
f 634/1/372 594/1/372 594/1/372
f 634/1/373 594/1/373 639/1/373
f 634/1/373 594/1/373 594/1/373
usemtl steel_dark
f 289/1/11 289/1/11 640/1/11
f 289/1/11 640/1/11 635/1/11
f 289/1/12 640/1/12 289/1/12
f 289/1/12 635/1/12 640/1/12
f 635/1/5 640/1/5 641/1/5
f 635/1/5 641/1/5 636/1/5
f 635/1/9 641/1/9 640/1/9
f 635/1/9 636/1/9 641/1/9
f 636/1/2 641/1/2 642/1/2
f 636/1/2 642/1/2 637/1/2
f 636/1/1 642/1/1 641/1/1
f 636/1/1 637/1/1 642/1/1
usemtl steel_light
f 637/1/5 642/1/5 643/1/5
f 637/1/5 643/1/5 638/1/5
f 637/1/9 643/1/9 642/1/9
f 637/1/9 638/1/9 643/1/9
f 638/1/374 643/1/374 644/1/374
f 638/1/374 644/1/374 639/1/374
f 638/1/375 644/1/375 643/1/375
f 638/1/375 639/1/375 644/1/375
f 639/1/376 644/1/376 594/1/376
f 639/1/376 594/1/376 594/1/376
f 639/1/377 594/1/377 644/1/377
f 639/1/377 594/1/377 594/1/377
usemtl steel_dark
f 289/1/11 289/1/11 585/1/11
f 289/1/11 585/1/11 640/1/11
f 289/1/2 585/1/2 289/1/2
f 289/1/2 640/1/2 585/1/2
f 640/1/353 585/1/353 587/1/353
f 640/1/353 587/1/353 641/1/353
f 640/1/352 587/1/352 585/1/352
f 640/1/352 641/1/352 587/1/352
f 641/1/2 587/1/2 589/1/2
f 641/1/2 589/1/2 642/1/2
f 641/1/11 589/1/11 587/1/11
f 641/1/11 642/1/11 589/1/11
usemtl steel_light
f 642/1/353 589/1/353 591/1/353
f 642/1/353 591/1/353 643/1/353
f 642/1/352 591/1/352 589/1/352
f 642/1/352 643/1/352 591/1/352
f 643/1/378 591/1/378 593/1/378
f 643/1/378 593/1/378 644/1/378
f 643/1/379 593/1/379 591/1/379
f 643/1/379 644/1/379 593/1/379
f 644/1/380 593/1/380 594/1/380
f 644/1/380 594/1/380 594/1/380
f 644/1/381 594/1/381 593/1/381
f 644/1/381 594/1/381 594/1/381
f 645/1/13 646/1/13 647/1/13
f 645/1/13 647/1/13 648/1/13
f 649/1/10 650/1/10 651/1/10
f 649/1/10 651/1/10 652/1/10
f 651/1/2 650/1/2 647/1/2
f 651/1/2 647/1/2 646/1/2
f 649/1/11 652/1/11 645/1/11
f 649/1/11 645/1/11 648/1/11
f 649/1/8 648/1/8 647/1/8
f 649/1/8 647/1/8 650/1/8
f 645/1/4 652/1/4 651/1/4
f 645/1/4 651/1/4 646/1/4
f 653/1/382 654/1/382 655/1/382
f 653/1/382 655/1/382 656/1/382
f 657/1/383 658/1/383 659/1/383
f 657/1/383 659/1/383 660/1/383
f 659/1/2 658/1/2 655/1/2
f 659/1/2 655/1/2 654/1/2
f 657/1/11 660/1/11 653/1/11
f 657/1/11 653/1/11 656/1/11
f 657/1/384 656/1/384 655/1/384
f 657/1/384 655/1/384 658/1/384
f 653/1/385 660/1/385 659/1/385
f 653/1/385 659/1/385 654/1/385
f 661/1/386 662/1/386 663/1/386
f 661/1/386 663/1/386 664/1/386
f 665/1/387 666/1/387 667/1/387
f 665/1/387 667/1/387 668/1/387
f 667/1/2 666/1/2 663/1/2
f 667/1/2 663/1/2 662/1/2
f 665/1/11 668/1/11 661/1/11
f 665/1/11 661/1/11 664/1/11
f 665/1/388 664/1/388 663/1/388
f 665/1/388 663/1/388 666/1/388
f 661/1/389 668/1/389 667/1/389
f 661/1/389 667/1/389 662/1/389
g fx
usemtl cyan
f 552/1/13 553/1/13 554/1/13
f 552/1/13 554/1/13 555/1/13
f 556/1/10 557/1/10 558/1/10
f 556/1/10 558/1/10 559/1/10
f 558/1/2 557/1/2 554/1/2
f 558/1/2 554/1/2 553/1/2
f 556/1/11 559/1/11 552/1/11
f 556/1/11 552/1/11 555/1/11
f 556/1/8 555/1/8 554/1/8
f 556/1/8 554/1/8 557/1/8
f 552/1/4 559/1/4 558/1/4
f 552/1/4 558/1/4 553/1/4
f 560/1/8 561/1/8 562/1/8
f 560/1/8 562/1/8 563/1/8
f 564/1/4 565/1/4 566/1/4
f 564/1/4 566/1/4 567/1/4
f 566/1/2 565/1/2 562/1/2
f 566/1/2 562/1/2 561/1/2
f 564/1/11 567/1/11 560/1/11
f 564/1/11 560/1/11 563/1/11
f 564/1/10 563/1/10 562/1/10
f 564/1/10 562/1/10 565/1/10
f 560/1/13 567/1/13 566/1/13
f 560/1/13 566/1/13 561/1/13
f 568/1/10 569/1/10 570/1/10
f 568/1/10 570/1/10 571/1/10
f 572/1/13 573/1/13 574/1/13
f 572/1/13 574/1/13 575/1/13
f 574/1/2 573/1/2 570/1/2
f 574/1/2 570/1/2 569/1/2
f 572/1/11 575/1/11 568/1/11
f 572/1/11 568/1/11 571/1/11
f 572/1/4 571/1/4 570/1/4
f 572/1/4 570/1/4 573/1/4
f 568/1/8 575/1/8 574/1/8
f 568/1/8 574/1/8 569/1/8
f 576/1/4 577/1/4 578/1/4
f 576/1/4 578/1/4 579/1/4
f 580/1/8 581/1/8 582/1/8
f 580/1/8 582/1/8 583/1/8
f 582/1/2 581/1/2 578/1/2
f 582/1/2 578/1/2 577/1/2
f 580/1/11 583/1/11 576/1/11
f 580/1/11 576/1/11 579/1/11
f 580/1/13 579/1/13 578/1/13
f 580/1/13 578/1/13 581/1/13
f 576/1/10 583/1/10 582/1/10
f 576/1/10 582/1/10 577/1/10
f 669/1/13 670/1/13 671/1/13
f 669/1/13 671/1/13 672/1/13
f 673/1/10 674/1/10 675/1/10
f 673/1/10 675/1/10 676/1/10
f 675/1/2 674/1/2 671/1/2
f 675/1/2 671/1/2 670/1/2
f 673/1/11 676/1/11 669/1/11
f 673/1/11 669/1/11 672/1/11
f 673/1/8 672/1/8 671/1/8
f 673/1/8 671/1/8 674/1/8
f 669/1/4 676/1/4 675/1/4
f 669/1/4 675/1/4 670/1/4
g shell_0
usemtl steel_dark
f 677/1/5 677/1/5 678/1/5
f 677/1/5 678/1/5 679/1/5
f 677/1/390 678/1/390 677/1/390
f 677/1/390 679/1/390 678/1/390
f 679/1/391 678/1/391 680/1/391
f 679/1/391 680/1/391 681/1/391
f 679/1/392 680/1/392 678/1/392
f 679/1/392 681/1/392 680/1/392
f 681/1/390 680/1/390 682/1/390
f 681/1/390 682/1/390 682/1/390
f 681/1/5 682/1/5 680/1/5
f 681/1/5 682/1/5 682/1/5
f 677/1/5 677/1/5 683/1/5
f 677/1/5 683/1/5 678/1/5
f 677/1/9 683/1/9 677/1/9
f 677/1/9 678/1/9 683/1/9
f 678/1/393 683/1/393 684/1/393
f 678/1/393 684/1/393 680/1/393
f 678/1/394 684/1/394 683/1/394
f 678/1/394 680/1/394 684/1/394
f 680/1/9 684/1/9 682/1/9
f 680/1/9 682/1/9 682/1/9
f 680/1/395 682/1/395 684/1/395
f 680/1/395 682/1/395 682/1/395
f 677/1/5 677/1/5 685/1/5
f 677/1/5 685/1/5 683/1/5
f 677/1/390 685/1/390 677/1/390
f 677/1/390 683/1/390 685/1/390
f 683/1/11 685/1/11 686/1/11
f 683/1/11 686/1/11 684/1/11
f 683/1/12 686/1/12 685/1/12
f 683/1/12 684/1/12 686/1/12
f 684/1/9 686/1/9 682/1/9
f 684/1/9 682/1/9 682/1/9
f 684/1/5 682/1/5 686/1/5
f 684/1/5 682/1/5 682/1/5
f 677/1/5 677/1/5 687/1/5
f 677/1/5 687/1/5 685/1/5
f 677/1/9 687/1/9 677/1/9
f 677/1/9 685/1/9 687/1/9
f 685/1/396 687/1/396 688/1/396
f 685/1/396 688/1/396 686/1/396
f 685/1/397 688/1/397 687/1/397
f 685/1/397 686/1/397 688/1/397
f 686/1/9 688/1/9 682/1/9
f 686/1/9 682/1/9 682/1/9
f 686/1/5 682/1/5 688/1/5
f 686/1/5 682/1/5 682/1/5
f 677/1/395 677/1/395 689/1/395
f 677/1/395 689/1/395 687/1/395
f 677/1/9 689/1/9 677/1/9
f 677/1/9 687/1/9 689/1/9
f 687/1/398 689/1/398 690/1/398
f 687/1/398 690/1/398 688/1/398
f 687/1/399 690/1/399 689/1/399
f 687/1/399 688/1/399 690/1/399
f 688/1/9 690/1/9 682/1/9
f 688/1/9 682/1/9 682/1/9
f 688/1/395 682/1/395 690/1/395
f 688/1/395 682/1/395 682/1/395
f 677/1/5 677/1/5 691/1/5
f 677/1/5 691/1/5 689/1/5
f 677/1/390 691/1/390 677/1/390
f 677/1/390 689/1/390 691/1/390
f 689/1/392 691/1/392 692/1/392
f 689/1/392 692/1/392 690/1/392
f 689/1/391 692/1/391 691/1/391
f 689/1/391 690/1/391 692/1/391
f 690/1/390 692/1/390 682/1/390
f 690/1/390 682/1/390 682/1/390
f 690/1/5 682/1/5 692/1/5
f 690/1/5 682/1/5 682/1/5
f 677/1/5 677/1/5 693/1/5
f 677/1/5 693/1/5 691/1/5
f 677/1/9 693/1/9 677/1/9
f 677/1/9 691/1/9 693/1/9
f 691/1/394 693/1/394 694/1/394
f 691/1/394 694/1/394 692/1/394
f 691/1/393 694/1/393 693/1/393
f 691/1/393 692/1/393 694/1/393
f 692/1/9 694/1/9 682/1/9
f 692/1/9 682/1/9 682/1/9
f 692/1/5 682/1/5 694/1/5
f 692/1/5 682/1/5 682/1/5
f 677/1/395 677/1/395 695/1/395
f 677/1/395 695/1/395 693/1/395
f 677/1/9 695/1/9 677/1/9
f 677/1/9 693/1/9 695/1/9
f 693/1/2 695/1/2 696/1/2
f 693/1/2 696/1/2 694/1/2
f 693/1/11 696/1/11 695/1/11
f 693/1/11 694/1/11 696/1/11
f 694/1/9 696/1/9 682/1/9
f 694/1/9 682/1/9 682/1/9
f 694/1/5 682/1/5 696/1/5
f 694/1/5 682/1/5 682/1/5
f 677/1/5 677/1/5 697/1/5
f 677/1/5 697/1/5 695/1/5
f 677/1/9 697/1/9 677/1/9
f 677/1/9 695/1/9 697/1/9
f 695/1/397 697/1/397 698/1/397
f 695/1/397 698/1/397 696/1/397
f 695/1/396 698/1/396 697/1/396
f 695/1/396 696/1/396 698/1/396
f 696/1/390 698/1/390 682/1/390
f 696/1/390 682/1/390 682/1/390
f 696/1/5 682/1/5 698/1/5
f 696/1/5 682/1/5 682/1/5
f 677/1/395 677/1/395 679/1/395
f 677/1/395 679/1/395 697/1/395
f 677/1/9 679/1/9 677/1/9
f 677/1/9 697/1/9 679/1/9
f 697/1/399 679/1/399 681/1/399
f 697/1/399 681/1/399 698/1/399
f 697/1/398 681/1/398 679/1/398
f 697/1/398 698/1/398 681/1/398
f 698/1/9 681/1/9 682/1/9
f 698/1/9 682/1/9 682/1/9
f 698/1/395 682/1/395 681/1/395
f 698/1/395 682/1/395 682/1/395
usemtl steel
f 699/1/5 700/1/5 701/1/5
f 699/1/5 701/1/5 702/1/5
f 703/1/9 704/1/9 705/1/9
f 703/1/9 705/1/9 706/1/9
f 705/1/11 704/1/11 701/1/11
f 705/1/11 701/1/11 700/1/11
f 703/1/2 706/1/2 699/1/2
f 703/1/2 699/1/2 702/1/2
f 703/1/3 702/1/3 701/1/3
f 703/1/3 701/1/3 704/1/3
f 699/1/7 706/1/7 705/1/7
f 699/1/7 705/1/7 700/1/7
f 707/1/5 708/1/5 709/1/5
f 707/1/5 709/1/5 710/1/5
f 711/1/9 712/1/9 713/1/9
f 711/1/9 713/1/9 714/1/9
f 713/1/11 712/1/11 709/1/11
f 713/1/11 709/1/11 708/1/11
f 711/1/2 714/1/2 707/1/2
f 711/1/2 707/1/2 710/1/2
f 711/1/3 710/1/3 709/1/3
f 711/1/3 709/1/3 712/1/3
f 707/1/7 714/1/7 713/1/7
f 707/1/7 713/1/7 708/1/7
usemtl steel_light
f 715/1/5 716/1/5 717/1/5
f 715/1/5 717/1/5 718/1/5
f 719/1/9 720/1/9 721/1/9
f 719/1/9 721/1/9 722/1/9
f 721/1/11 720/1/11 717/1/11
f 721/1/11 717/1/11 716/1/11
f 719/1/2 722/1/2 715/1/2
f 719/1/2 715/1/2 718/1/2
f 719/1/3 718/1/3 717/1/3
f 719/1/3 717/1/3 720/1/3
f 715/1/7 722/1/7 721/1/7
f 715/1/7 721/1/7 716/1/7
f 723/1/5 724/1/5 725/1/5
f 723/1/5 725/1/5 726/1/5
f 727/1/9 728/1/9 729/1/9
f 727/1/9 729/1/9 730/1/9
f 729/1/11 728/1/11 725/1/11
f 729/1/11 725/1/11 724/1/11
f 727/1/2 730/1/2 723/1/2
f 727/1/2 723/1/2 726/1/2
f 727/1/3 726/1/3 725/1/3
f 727/1/3 725/1/3 728/1/3
f 723/1/7 730/1/7 729/1/7
f 723/1/7 729/1/7 724/1/7
f 731/1/5 732/1/5 733/1/5
f 731/1/5 733/1/5 734/1/5
f 735/1/9 736/1/9 737/1/9
f 735/1/9 737/1/9 738/1/9
f 737/1/11 736/1/11 733/1/11
f 737/1/11 733/1/11 732/1/11
f 735/1/2 738/1/2 731/1/2
f 735/1/2 731/1/2 734/1/2
f 735/1/3 734/1/3 733/1/3
f 735/1/3 733/1/3 736/1/3
f 731/1/7 738/1/7 737/1/7
f 731/1/7 737/1/7 732/1/7
f 739/1/5 740/1/5 741/1/5
f 739/1/5 741/1/5 742/1/5
f 743/1/9 744/1/9 745/1/9
f 743/1/9 745/1/9 746/1/9
f 745/1/1 744/1/1 741/1/1
f 745/1/1 741/1/1 740/1/1
f 743/1/2 746/1/2 739/1/2
f 743/1/2 739/1/2 742/1/2
f 743/1/3 742/1/3 741/1/3
f 743/1/3 741/1/3 744/1/3
f 739/1/7 746/1/7 745/1/7
f 739/1/7 745/1/7 740/1/7
f 747/1/5 748/1/5 749/1/5
f 747/1/5 749/1/5 750/1/5
f 751/1/9 752/1/9 753/1/9
f 751/1/9 753/1/9 754/1/9
f 753/1/11 752/1/11 749/1/11
f 753/1/11 749/1/11 748/1/11
f 751/1/2 754/1/2 747/1/2
f 751/1/2 747/1/2 750/1/2
f 751/1/3 750/1/3 749/1/3
f 751/1/3 749/1/3 752/1/3
f 747/1/7 754/1/7 753/1/7
f 747/1/7 753/1/7 748/1/7
f 755/1/7 756/1/7 757/1/7
f 755/1/7 757/1/7 758/1/7
f 759/1/3 760/1/3 761/1/3
f 759/1/3 761/1/3 762/1/3
usemtl graphite
f 761/1/2 760/1/2 757/1/2
f 761/1/2 757/1/2 756/1/2
f 759/1/1 762/1/1 755/1/1
f 759/1/1 755/1/1 758/1/1
f 759/1/9 758/1/9 757/1/9
f 759/1/9 757/1/9 760/1/9
f 755/1/5 762/1/5 761/1/5
f 755/1/5 761/1/5 756/1/5
usemtl cyan
f 763/1/7 764/1/7 765/1/7
f 763/1/7 765/1/7 766/1/7
f 767/1/3 768/1/3 769/1/3
f 767/1/3 769/1/3 770/1/3
f 769/1/2 768/1/2 765/1/2
f 769/1/2 765/1/2 764/1/2
f 767/1/11 770/1/11 763/1/11
f 767/1/11 763/1/11 766/1/11
f 767/1/9 766/1/9 765/1/9
f 767/1/9 765/1/9 768/1/9
f 763/1/5 770/1/5 769/1/5
f 763/1/5 769/1/5 764/1/5
g shell_1
usemtl steel_dark
f 771/1/7 771/1/7 772/1/7
f 771/1/7 772/1/7 773/1/7
f 771/1/3 772/1/3 771/1/3
f 771/1/3 773/1/3 772/1/3
f 773/1/400 772/1/400 774/1/400
f 773/1/400 774/1/400 775/1/400
f 773/1/401 774/1/401 772/1/401
f 773/1/401 775/1/401 774/1/401
f 775/1/3 774/1/3 776/1/3
f 775/1/3 776/1/3 776/1/3
f 775/1/7 776/1/7 774/1/7
f 775/1/7 776/1/7 776/1/7
f 771/1/7 771/1/7 777/1/7
f 771/1/7 777/1/7 772/1/7
f 771/1/402 777/1/402 771/1/402
f 771/1/402 772/1/402 777/1/402
f 772/1/403 777/1/403 778/1/403
f 772/1/403 778/1/403 774/1/403
f 772/1/404 778/1/404 777/1/404
f 772/1/404 774/1/404 778/1/404
f 774/1/3 778/1/3 776/1/3
f 774/1/3 776/1/3 776/1/3
f 774/1/7 776/1/7 778/1/7
f 774/1/7 776/1/7 776/1/7
f 771/1/7 771/1/7 779/1/7
f 771/1/7 779/1/7 777/1/7
f 771/1/402 779/1/402 771/1/402
f 771/1/402 777/1/402 779/1/402
f 777/1/11 779/1/11 780/1/11
f 777/1/11 780/1/11 778/1/11
f 777/1/2 780/1/2 779/1/2
f 777/1/2 778/1/2 780/1/2
f 778/1/3 780/1/3 776/1/3
f 778/1/3 776/1/3 776/1/3
f 778/1/7 776/1/7 780/1/7
f 778/1/7 776/1/7 776/1/7
f 771/1/405 771/1/405 781/1/405
f 771/1/405 781/1/405 779/1/405
f 771/1/3 781/1/3 771/1/3
f 771/1/3 779/1/3 781/1/3
f 779/1/406 781/1/406 782/1/406
f 779/1/406 782/1/406 780/1/406
f 779/1/407 782/1/407 781/1/407
f 779/1/407 780/1/407 782/1/407
f 780/1/3 782/1/3 776/1/3
f 780/1/3 776/1/3 776/1/3
f 780/1/405 776/1/405 782/1/405
f 780/1/405 776/1/405 776/1/405
f 771/1/7 771/1/7 783/1/7
f 771/1/7 783/1/7 781/1/7
f 771/1/3 783/1/3 771/1/3
f 771/1/3 781/1/3 783/1/3
f 781/1/408 783/1/408 784/1/408
f 781/1/408 784/1/408 782/1/408
f 781/1/409 784/1/409 783/1/409
f 781/1/409 782/1/409 784/1/409
f 782/1/3 784/1/3 776/1/3
f 782/1/3 776/1/3 776/1/3
f 782/1/7 776/1/7 784/1/7
f 782/1/7 776/1/7 776/1/7
f 771/1/7 771/1/7 785/1/7
f 771/1/7 785/1/7 783/1/7
f 771/1/3 785/1/3 771/1/3
f 771/1/3 783/1/3 785/1/3
f 783/1/401 785/1/401 786/1/401
f 783/1/401 786/1/401 784/1/401
f 783/1/400 786/1/400 785/1/400
f 783/1/400 784/1/400 786/1/400
f 784/1/3 786/1/3 776/1/3
f 784/1/3 776/1/3 776/1/3
f 784/1/7 776/1/7 786/1/7
f 784/1/7 776/1/7 776/1/7
f 771/1/7 771/1/7 787/1/7
f 771/1/7 787/1/7 785/1/7
f 771/1/402 787/1/402 771/1/402
f 771/1/402 785/1/402 787/1/402
f 785/1/404 787/1/404 788/1/404
f 785/1/404 788/1/404 786/1/404
f 785/1/403 788/1/403 787/1/403
f 785/1/403 786/1/403 788/1/403
f 786/1/402 788/1/402 776/1/402
f 786/1/402 776/1/402 776/1/402
f 786/1/7 776/1/7 788/1/7
f 786/1/7 776/1/7 776/1/7
f 771/1/405 771/1/405 789/1/405
f 771/1/405 789/1/405 787/1/405
f 771/1/3 789/1/3 771/1/3
f 771/1/3 787/1/3 789/1/3
f 787/1/2 789/1/2 790/1/2
f 787/1/2 790/1/2 788/1/2
f 787/1/1 790/1/1 789/1/1
f 787/1/1 788/1/1 790/1/1
f 788/1/3 790/1/3 776/1/3
f 788/1/3 776/1/3 776/1/3
f 788/1/7 776/1/7 790/1/7
f 788/1/7 776/1/7 776/1/7
f 771/1/405 771/1/405 791/1/405
f 771/1/405 791/1/405 789/1/405
f 771/1/3 791/1/3 771/1/3
f 771/1/3 789/1/3 791/1/3
f 789/1/407 791/1/407 792/1/407
f 789/1/407 792/1/407 790/1/407
f 789/1/406 792/1/406 791/1/406
f 789/1/406 790/1/406 792/1/406
f 790/1/3 792/1/3 776/1/3
f 790/1/3 776/1/3 776/1/3
f 790/1/405 776/1/405 792/1/405
f 790/1/405 776/1/405 776/1/405
f 771/1/405 771/1/405 773/1/405
f 771/1/405 773/1/405 791/1/405
f 771/1/3 773/1/3 771/1/3
f 771/1/3 791/1/3 773/1/3
f 791/1/409 773/1/409 775/1/409
f 791/1/409 775/1/409 792/1/409
f 791/1/408 775/1/408 773/1/408
f 791/1/408 792/1/408 775/1/408
f 792/1/3 775/1/3 776/1/3
f 792/1/3 776/1/3 776/1/3
f 792/1/7 776/1/7 775/1/7
f 792/1/7 776/1/7 776/1/7
usemtl steel
f 793/1/7 794/1/7 795/1/7
f 793/1/7 795/1/7 796/1/7
f 797/1/3 798/1/3 799/1/3
f 797/1/3 799/1/3 800/1/3
f 799/1/11 798/1/11 795/1/11
f 799/1/11 795/1/11 794/1/11
f 797/1/2 800/1/2 793/1/2
f 797/1/2 793/1/2 796/1/2
f 797/1/5 796/1/5 795/1/5
f 797/1/5 795/1/5 798/1/5
f 793/1/9 800/1/9 799/1/9
f 793/1/9 799/1/9 794/1/9
f 801/1/7 802/1/7 803/1/7
f 801/1/7 803/1/7 804/1/7
f 805/1/3 806/1/3 807/1/3
f 805/1/3 807/1/3 808/1/3
f 807/1/11 806/1/11 803/1/11
f 807/1/11 803/1/11 802/1/11
f 805/1/2 808/1/2 801/1/2
f 805/1/2 801/1/2 804/1/2
f 805/1/5 804/1/5 803/1/5
f 805/1/5 803/1/5 806/1/5
f 801/1/9 808/1/9 807/1/9
f 801/1/9 807/1/9 802/1/9
usemtl steel_light
f 809/1/7 810/1/7 811/1/7
f 809/1/7 811/1/7 812/1/7
f 813/1/3 814/1/3 815/1/3
f 813/1/3 815/1/3 816/1/3
f 815/1/11 814/1/11 811/1/11
f 815/1/11 811/1/11 810/1/11
f 813/1/2 816/1/2 809/1/2
f 813/1/2 809/1/2 812/1/2
f 813/1/5 812/1/5 811/1/5
f 813/1/5 811/1/5 814/1/5
f 809/1/9 816/1/9 815/1/9
f 809/1/9 815/1/9 810/1/9
f 817/1/7 818/1/7 819/1/7
f 817/1/7 819/1/7 820/1/7
f 821/1/3 822/1/3 823/1/3
f 821/1/3 823/1/3 824/1/3
f 823/1/11 822/1/11 819/1/11
f 823/1/11 819/1/11 818/1/11
f 821/1/2 824/1/2 817/1/2
f 821/1/2 817/1/2 820/1/2
f 821/1/5 820/1/5 819/1/5
f 821/1/5 819/1/5 822/1/5
f 817/1/9 824/1/9 823/1/9
f 817/1/9 823/1/9 818/1/9
f 825/1/7 826/1/7 827/1/7
f 825/1/7 827/1/7 828/1/7
f 829/1/3 830/1/3 831/1/3
f 829/1/3 831/1/3 832/1/3
f 831/1/11 830/1/11 827/1/11
f 831/1/11 827/1/11 826/1/11
f 829/1/2 832/1/2 825/1/2
f 829/1/2 825/1/2 828/1/2
f 829/1/5 828/1/5 827/1/5
f 829/1/5 827/1/5 830/1/5
f 825/1/9 832/1/9 831/1/9
f 825/1/9 831/1/9 826/1/9
f 833/1/7 834/1/7 835/1/7
f 833/1/7 835/1/7 836/1/7
f 837/1/3 838/1/3 839/1/3
f 837/1/3 839/1/3 840/1/3
f 839/1/11 838/1/11 835/1/11
f 839/1/11 835/1/11 834/1/11
f 837/1/2 840/1/2 833/1/2
f 837/1/2 833/1/2 836/1/2
f 837/1/5 836/1/5 835/1/5
f 837/1/5 835/1/5 838/1/5
f 833/1/9 840/1/9 839/1/9
f 833/1/9 839/1/9 834/1/9
f 841/1/7 842/1/7 843/1/7
f 841/1/7 843/1/7 844/1/7
f 845/1/3 846/1/3 847/1/3
f 845/1/3 847/1/3 848/1/3
f 847/1/11 846/1/11 843/1/11
f 847/1/11 843/1/11 842/1/11
f 845/1/2 848/1/2 841/1/2
f 845/1/2 841/1/2 844/1/2
f 845/1/5 844/1/5 843/1/5
f 845/1/5 843/1/5 846/1/5
f 841/1/9 848/1/9 847/1/9
f 841/1/9 847/1/9 842/1/9
f 849/1/9 850/1/9 851/1/9
f 849/1/9 851/1/9 852/1/9
f 853/1/5 854/1/5 855/1/5
f 853/1/5 855/1/5 856/1/5
usemtl graphite
f 855/1/12 854/1/12 851/1/12
f 855/1/12 851/1/12 850/1/12
f 853/1/11 856/1/11 849/1/11
f 853/1/11 849/1/11 852/1/11
f 853/1/3 852/1/3 851/1/3
f 853/1/3 851/1/3 854/1/3
f 849/1/7 856/1/7 855/1/7
f 849/1/7 855/1/7 850/1/7
usemtl cyan
f 857/1/9 858/1/9 859/1/9
f 857/1/9 859/1/9 860/1/9
f 861/1/5 862/1/5 863/1/5
f 861/1/5 863/1/5 864/1/5
f 863/1/2 862/1/2 859/1/2
f 863/1/2 859/1/2 858/1/2
f 861/1/1 864/1/1 857/1/1
f 861/1/1 857/1/1 860/1/1
f 861/1/3 860/1/3 859/1/3
f 861/1/3 859/1/3 862/1/3
f 857/1/7 864/1/7 863/1/7
f 857/1/7 863/1/7 858/1/7
g shell_2
usemtl steel_dark
f 865/1/9 865/1/9 866/1/9
f 865/1/9 866/1/9 867/1/9
f 865/1/5 866/1/5 865/1/5
f 865/1/5 867/1/5 866/1/5
f 867/1/398 866/1/398 868/1/398
f 867/1/398 868/1/398 869/1/398
f 867/1/399 868/1/399 866/1/399
f 867/1/399 869/1/399 868/1/399
f 869/1/395 868/1/395 870/1/395
f 869/1/395 870/1/395 870/1/395
f 869/1/9 870/1/9 868/1/9
f 869/1/9 870/1/9 870/1/9
f 865/1/9 865/1/9 871/1/9
f 865/1/9 871/1/9 866/1/9
f 865/1/395 871/1/395 865/1/395
f 865/1/395 866/1/395 871/1/395
f 866/1/396 871/1/396 872/1/396
f 866/1/396 872/1/396 868/1/396
f 866/1/397 872/1/397 871/1/397
f 866/1/397 868/1/397 872/1/397
f 868/1/5 872/1/5 870/1/5
f 868/1/5 870/1/5 870/1/5
f 868/1/9 870/1/9 872/1/9
f 868/1/9 870/1/9 870/1/9
f 865/1/390 865/1/390 873/1/390
f 865/1/390 873/1/390 871/1/390
f 865/1/5 873/1/5 865/1/5
f 865/1/5 871/1/5 873/1/5
f 871/1/11 873/1/11 874/1/11
f 871/1/11 874/1/11 872/1/11
f 871/1/2 874/1/2 873/1/2
f 871/1/2 872/1/2 874/1/2
f 872/1/5 874/1/5 870/1/5
f 872/1/5 870/1/5 870/1/5
f 872/1/390 870/1/390 874/1/390
f 872/1/390 870/1/390 870/1/390
f 865/1/390 865/1/390 875/1/390
f 865/1/390 875/1/390 873/1/390
f 865/1/5 875/1/5 865/1/5
f 865/1/5 873/1/5 875/1/5
f 873/1/393 875/1/393 876/1/393
f 873/1/393 876/1/393 874/1/393
f 873/1/394 876/1/394 875/1/394
f 873/1/394 874/1/394 876/1/394
f 874/1/5 876/1/5 870/1/5
f 874/1/5 870/1/5 870/1/5
f 874/1/9 870/1/9 876/1/9
f 874/1/9 870/1/9 870/1/9
f 865/1/9 865/1/9 877/1/9
f 865/1/9 877/1/9 875/1/9
f 865/1/5 877/1/5 865/1/5
f 865/1/5 875/1/5 877/1/5
f 875/1/391 877/1/391 878/1/391
f 875/1/391 878/1/391 876/1/391
f 875/1/392 878/1/392 877/1/392
f 875/1/392 876/1/392 878/1/392
f 876/1/395 878/1/395 870/1/395
f 876/1/395 870/1/395 870/1/395
f 876/1/9 870/1/9 878/1/9
f 876/1/9 870/1/9 870/1/9
f 865/1/9 865/1/9 879/1/9
f 865/1/9 879/1/9 877/1/9
f 865/1/5 879/1/5 865/1/5
f 865/1/5 877/1/5 879/1/5
f 877/1/399 879/1/399 880/1/399
f 877/1/399 880/1/399 878/1/399
f 877/1/398 880/1/398 879/1/398
f 877/1/398 878/1/398 880/1/398
f 878/1/5 880/1/5 870/1/5
f 878/1/5 870/1/5 870/1/5
f 878/1/390 870/1/390 880/1/390
f 878/1/390 870/1/390 870/1/390
f 865/1/9 865/1/9 881/1/9
f 865/1/9 881/1/9 879/1/9
f 865/1/5 881/1/5 865/1/5
f 865/1/5 879/1/5 881/1/5
f 879/1/397 881/1/397 882/1/397
f 879/1/397 882/1/397 880/1/397
f 879/1/396 882/1/396 881/1/396
f 879/1/396 880/1/396 882/1/396
f 880/1/5 882/1/5 870/1/5
f 880/1/5 870/1/5 870/1/5
f 880/1/9 870/1/9 882/1/9
f 880/1/9 870/1/9 870/1/9
f 865/1/9 865/1/9 883/1/9
f 865/1/9 883/1/9 881/1/9
f 865/1/395 883/1/395 865/1/395
f 865/1/395 881/1/395 883/1/395
f 881/1/2 883/1/2 884/1/2
f 881/1/2 884/1/2 882/1/2
f 881/1/1 884/1/1 883/1/1
f 881/1/1 882/1/1 884/1/1
f 882/1/395 884/1/395 870/1/395
f 882/1/395 870/1/395 870/1/395
f 882/1/9 870/1/9 884/1/9
f 882/1/9 870/1/9 870/1/9
f 865/1/390 865/1/390 885/1/390
f 865/1/390 885/1/390 883/1/390
f 865/1/5 885/1/5 865/1/5
f 865/1/5 883/1/5 885/1/5
f 883/1/394 885/1/394 886/1/394
f 883/1/394 886/1/394 884/1/394
f 883/1/393 886/1/393 885/1/393
f 883/1/393 884/1/393 886/1/393
f 884/1/395 886/1/395 870/1/395
f 884/1/395 870/1/395 870/1/395
f 884/1/9 870/1/9 886/1/9
f 884/1/9 870/1/9 870/1/9
f 865/1/9 865/1/9 867/1/9
f 865/1/9 867/1/9 885/1/9
f 865/1/5 867/1/5 865/1/5
f 865/1/5 885/1/5 867/1/5
f 885/1/392 867/1/392 869/1/392
f 885/1/392 869/1/392 886/1/392
f 885/1/391 869/1/391 867/1/391
f 885/1/391 886/1/391 869/1/391
f 886/1/5 869/1/5 870/1/5
f 886/1/5 870/1/5 870/1/5
f 886/1/390 870/1/390 869/1/390
f 886/1/390 870/1/390 870/1/390
usemtl steel
f 887/1/9 888/1/9 889/1/9
f 887/1/9 889/1/9 890/1/9
f 891/1/5 892/1/5 893/1/5
f 891/1/5 893/1/5 894/1/5
f 893/1/11 892/1/11 889/1/11
f 893/1/11 889/1/11 888/1/11
f 891/1/2 894/1/2 887/1/2
f 891/1/2 887/1/2 890/1/2
f 891/1/7 890/1/7 889/1/7
f 891/1/7 889/1/7 892/1/7
f 887/1/3 894/1/3 893/1/3
f 887/1/3 893/1/3 888/1/3
f 895/1/9 896/1/9 897/1/9
f 895/1/9 897/1/9 898/1/9
f 899/1/5 900/1/5 901/1/5
f 899/1/5 901/1/5 902/1/5
f 901/1/11 900/1/11 897/1/11
f 901/1/11 897/1/11 896/1/11
f 899/1/2 902/1/2 895/1/2
f 899/1/2 895/1/2 898/1/2
f 899/1/7 898/1/7 897/1/7
f 899/1/7 897/1/7 900/1/7
f 895/1/3 902/1/3 901/1/3
f 895/1/3 901/1/3 896/1/3
usemtl steel_light
f 903/1/9 904/1/9 905/1/9
f 903/1/9 905/1/9 906/1/9
f 907/1/5 908/1/5 909/1/5
f 907/1/5 909/1/5 910/1/5
f 909/1/11 908/1/11 905/1/11
f 909/1/11 905/1/11 904/1/11
f 907/1/2 910/1/2 903/1/2
f 907/1/2 903/1/2 906/1/2
f 907/1/7 906/1/7 905/1/7
f 907/1/7 905/1/7 908/1/7
f 903/1/3 910/1/3 909/1/3
f 903/1/3 909/1/3 904/1/3
f 911/1/9 912/1/9 913/1/9
f 911/1/9 913/1/9 914/1/9
f 915/1/5 916/1/5 917/1/5
f 915/1/5 917/1/5 918/1/5
f 917/1/11 916/1/11 913/1/11
f 917/1/11 913/1/11 912/1/11
f 915/1/2 918/1/2 911/1/2
f 915/1/2 911/1/2 914/1/2
f 915/1/7 914/1/7 913/1/7
f 915/1/7 913/1/7 916/1/7
f 911/1/3 918/1/3 917/1/3
f 911/1/3 917/1/3 912/1/3
f 919/1/9 920/1/9 921/1/9
f 919/1/9 921/1/9 922/1/9
f 923/1/5 924/1/5 925/1/5
f 923/1/5 925/1/5 926/1/5
f 925/1/11 924/1/11 921/1/11
f 925/1/11 921/1/11 920/1/11
f 923/1/2 926/1/2 919/1/2
f 923/1/2 919/1/2 922/1/2
f 923/1/7 922/1/7 921/1/7
f 923/1/7 921/1/7 924/1/7
f 919/1/3 926/1/3 925/1/3
f 919/1/3 925/1/3 920/1/3
f 927/1/9 928/1/9 929/1/9
f 927/1/9 929/1/9 930/1/9
f 931/1/5 932/1/5 933/1/5
f 931/1/5 933/1/5 934/1/5
f 933/1/11 932/1/11 929/1/11
f 933/1/11 929/1/11 928/1/11
f 931/1/2 934/1/2 927/1/2
f 931/1/2 927/1/2 930/1/2
f 931/1/7 930/1/7 929/1/7
f 931/1/7 929/1/7 932/1/7
f 927/1/3 934/1/3 933/1/3
f 927/1/3 933/1/3 928/1/3
f 935/1/9 936/1/9 937/1/9
f 935/1/9 937/1/9 938/1/9
f 939/1/5 940/1/5 941/1/5
f 939/1/5 941/1/5 942/1/5
f 941/1/11 940/1/11 937/1/11
f 941/1/11 937/1/11 936/1/11
f 939/1/2 942/1/2 935/1/2
f 939/1/2 935/1/2 938/1/2
f 939/1/7 938/1/7 937/1/7
f 939/1/7 937/1/7 940/1/7
f 935/1/3 942/1/3 941/1/3
f 935/1/3 941/1/3 936/1/3
f 943/1/3 944/1/3 945/1/3
f 943/1/3 945/1/3 946/1/3
f 947/1/7 948/1/7 949/1/7
f 947/1/7 949/1/7 950/1/7
usemtl graphite
f 949/1/12 948/1/12 945/1/12
f 949/1/12 945/1/12 944/1/12
f 947/1/11 950/1/11 943/1/11
f 947/1/11 943/1/11 946/1/11
f 947/1/5 946/1/5 945/1/5
f 947/1/5 945/1/5 948/1/5
f 943/1/9 950/1/9 949/1/9
f 943/1/9 949/1/9 944/1/9
usemtl cyan
f 951/1/3 952/1/3 953/1/3
f 951/1/3 953/1/3 954/1/3
f 955/1/7 956/1/7 957/1/7
f 955/1/7 957/1/7 958/1/7
f 957/1/2 956/1/2 953/1/2
f 957/1/2 953/1/2 952/1/2
f 955/1/1 958/1/1 951/1/1
f 955/1/1 951/1/1 954/1/1
f 955/1/5 954/1/5 953/1/5
f 955/1/5 953/1/5 956/1/5
f 951/1/9 958/1/9 957/1/9
f 951/1/9 957/1/9 952/1/9
g shell_3
usemtl steel_dark
f 959/1/402 959/1/402 960/1/402
f 959/1/402 960/1/402 961/1/402
f 959/1/7 960/1/7 959/1/7
f 959/1/7 961/1/7 960/1/7
f 961/1/408 960/1/408 962/1/408
f 961/1/408 962/1/408 963/1/408
f 961/1/409 962/1/409 960/1/409
f 961/1/409 963/1/409 962/1/409
f 963/1/7 962/1/7 964/1/7
f 963/1/7 964/1/7 964/1/7
f 963/1/402 964/1/402 962/1/402
f 963/1/402 964/1/402 964/1/402
f 959/1/3 959/1/3 965/1/3
f 959/1/3 965/1/3 960/1/3
f 959/1/405 965/1/405 959/1/405
f 959/1/405 960/1/405 965/1/405
f 960/1/406 965/1/406 966/1/406
f 960/1/406 966/1/406 962/1/406
f 960/1/407 966/1/407 965/1/407
f 960/1/407 962/1/407 966/1/407
f 962/1/7 966/1/7 964/1/7
f 962/1/7 964/1/7 964/1/7
f 962/1/3 964/1/3 966/1/3
f 962/1/3 964/1/3 964/1/3
f 959/1/402 959/1/402 967/1/402
f 959/1/402 967/1/402 965/1/402
f 959/1/7 967/1/7 959/1/7
f 959/1/7 965/1/7 967/1/7
f 965/1/11 967/1/11 968/1/11
f 965/1/11 968/1/11 966/1/11
f 965/1/12 968/1/12 967/1/12
f 965/1/12 966/1/12 968/1/12
f 966/1/7 968/1/7 964/1/7
f 966/1/7 964/1/7 964/1/7
f 966/1/402 964/1/402 968/1/402
f 966/1/402 964/1/402 964/1/402
f 959/1/3 959/1/3 969/1/3
f 959/1/3 969/1/3 967/1/3
f 959/1/7 969/1/7 959/1/7
f 959/1/7 967/1/7 969/1/7
f 967/1/403 969/1/403 970/1/403
f 967/1/403 970/1/403 968/1/403
f 967/1/404 970/1/404 969/1/404
f 967/1/404 968/1/404 970/1/404
f 968/1/405 970/1/405 964/1/405
f 968/1/405 964/1/405 964/1/405
f 968/1/3 964/1/3 970/1/3
f 968/1/3 964/1/3 964/1/3
f 959/1/3 959/1/3 971/1/3
f 959/1/3 971/1/3 969/1/3
f 959/1/405 971/1/405 959/1/405
f 959/1/405 969/1/405 971/1/405
f 969/1/400 971/1/400 972/1/400
f 969/1/400 972/1/400 970/1/400
f 969/1/401 972/1/401 971/1/401
f 969/1/401 970/1/401 972/1/401
f 970/1/405 972/1/405 964/1/405
f 970/1/405 964/1/405 964/1/405
f 970/1/3 964/1/3 972/1/3
f 970/1/3 964/1/3 964/1/3
f 959/1/402 959/1/402 973/1/402
f 959/1/402 973/1/402 971/1/402
f 959/1/7 973/1/7 959/1/7
f 959/1/7 971/1/7 973/1/7
f 971/1/409 973/1/409 974/1/409
f 971/1/409 974/1/409 972/1/409
f 971/1/408 974/1/408 973/1/408
f 971/1/408 972/1/408 974/1/408
f 972/1/7 974/1/7 964/1/7
f 972/1/7 964/1/7 964/1/7
f 972/1/402 964/1/402 974/1/402
f 972/1/402 964/1/402 964/1/402
f 959/1/3 959/1/3 975/1/3
f 959/1/3 975/1/3 973/1/3
f 959/1/7 975/1/7 959/1/7
f 959/1/7 973/1/7 975/1/7
f 973/1/407 975/1/407 976/1/407
f 973/1/407 976/1/407 974/1/407
f 973/1/406 976/1/406 975/1/406
f 973/1/406 974/1/406 976/1/406
f 974/1/7 976/1/7 964/1/7
f 974/1/7 964/1/7 964/1/7
f 974/1/402 964/1/402 976/1/402
f 974/1/402 964/1/402 964/1/402
f 959/1/3 959/1/3 977/1/3
f 959/1/3 977/1/3 975/1/3
f 959/1/405 977/1/405 959/1/405
f 959/1/405 975/1/405 977/1/405
f 975/1/2 977/1/2 978/1/2
f 975/1/2 978/1/2 976/1/2
f 975/1/11 978/1/11 977/1/11
f 975/1/11 976/1/11 978/1/11
f 976/1/405 978/1/405 964/1/405
f 976/1/405 964/1/405 964/1/405
f 976/1/3 964/1/3 978/1/3
f 976/1/3 964/1/3 964/1/3
f 959/1/402 959/1/402 979/1/402
f 959/1/402 979/1/402 977/1/402
f 959/1/7 979/1/7 959/1/7
f 959/1/7 977/1/7 979/1/7
f 977/1/404 979/1/404 980/1/404
f 977/1/404 980/1/404 978/1/404
f 977/1/403 980/1/403 979/1/403
f 977/1/403 978/1/403 980/1/403
f 978/1/7 980/1/7 964/1/7
f 978/1/7 964/1/7 964/1/7
f 978/1/3 964/1/3 980/1/3
f 978/1/3 964/1/3 964/1/3
f 959/1/3 959/1/3 961/1/3
f 959/1/3 961/1/3 979/1/3
f 959/1/405 961/1/405 959/1/405
f 959/1/405 979/1/405 961/1/405
f 979/1/401 961/1/401 963/1/401
f 979/1/401 963/1/401 980/1/401
f 979/1/400 963/1/400 961/1/400
f 979/1/400 980/1/400 963/1/400
f 980/1/405 963/1/405 964/1/405
f 980/1/405 964/1/405 964/1/405
f 980/1/3 964/1/3 963/1/3
f 980/1/3 964/1/3 964/1/3
usemtl steel
f 981/1/3 982/1/3 983/1/3
f 981/1/3 983/1/3 984/1/3
f 985/1/7 986/1/7 987/1/7
f 985/1/7 987/1/7 988/1/7
f 987/1/11 986/1/11 983/1/11
f 987/1/11 983/1/11 982/1/11
f 985/1/2 988/1/2 981/1/2
f 985/1/2 981/1/2 984/1/2
f 985/1/9 984/1/9 983/1/9
f 985/1/9 983/1/9 986/1/9
f 981/1/5 988/1/5 987/1/5
f 981/1/5 987/1/5 982/1/5
f 989/1/3 990/1/3 991/1/3
f 989/1/3 991/1/3 992/1/3
f 993/1/7 994/1/7 995/1/7
f 993/1/7 995/1/7 996/1/7
f 995/1/11 994/1/11 991/1/11
f 995/1/11 991/1/11 990/1/11
f 993/1/2 996/1/2 989/1/2
f 993/1/2 989/1/2 992/1/2
f 993/1/9 992/1/9 991/1/9
f 993/1/9 991/1/9 994/1/9
f 989/1/5 996/1/5 995/1/5
f 989/1/5 995/1/5 990/1/5
usemtl steel_light
f 997/1/3 998/1/3 999/1/3
f 997/1/3 999/1/3 1000/1/3
f 1001/1/7 1002/1/7 1003/1/7
f 1001/1/7 1003/1/7 1004/1/7
f 1003/1/11 1002/1/11 999/1/11
f 1003/1/11 999/1/11 998/1/11
f 1001/1/2 1004/1/2 997/1/2
f 1001/1/2 997/1/2 1000/1/2
f 1001/1/9 1000/1/9 999/1/9
f 1001/1/9 999/1/9 1002/1/9
f 997/1/5 1004/1/5 1003/1/5
f 997/1/5 1003/1/5 998/1/5
f 1005/1/3 1006/1/3 1007/1/3
f 1005/1/3 1007/1/3 1008/1/3
f 1009/1/7 1010/1/7 1011/1/7
f 1009/1/7 1011/1/7 1012/1/7
f 1011/1/11 1010/1/11 1007/1/11
f 1011/1/11 1007/1/11 1006/1/11
f 1009/1/2 1012/1/2 1005/1/2
f 1009/1/2 1005/1/2 1008/1/2
f 1009/1/9 1008/1/9 1007/1/9
f 1009/1/9 1007/1/9 1010/1/9
f 1005/1/5 1012/1/5 1011/1/5
f 1005/1/5 1011/1/5 1006/1/5
f 1013/1/3 1014/1/3 1015/1/3
f 1013/1/3 1015/1/3 1016/1/3
f 1017/1/7 1018/1/7 1019/1/7
f 1017/1/7 1019/1/7 1020/1/7
f 1019/1/11 1018/1/11 1015/1/11
f 1019/1/11 1015/1/11 1014/1/11
f 1017/1/2 1020/1/2 1013/1/2
f 1017/1/2 1013/1/2 1016/1/2
f 1017/1/9 1016/1/9 1015/1/9
f 1017/1/9 1015/1/9 1018/1/9
f 1013/1/5 1020/1/5 1019/1/5
f 1013/1/5 1019/1/5 1014/1/5
f 1021/1/3 1022/1/3 1023/1/3
f 1021/1/3 1023/1/3 1024/1/3
f 1025/1/7 1026/1/7 1027/1/7
f 1025/1/7 1027/1/7 1028/1/7
f 1027/1/1 1026/1/1 1023/1/1
f 1027/1/1 1023/1/1 1022/1/1
f 1025/1/2 1028/1/2 1021/1/2
f 1025/1/2 1021/1/2 1024/1/2
f 1025/1/9 1024/1/9 1023/1/9
f 1025/1/9 1023/1/9 1026/1/9
f 1021/1/5 1028/1/5 1027/1/5
f 1021/1/5 1027/1/5 1022/1/5
f 1029/1/3 1030/1/3 1031/1/3
f 1029/1/3 1031/1/3 1032/1/3
f 1033/1/7 1034/1/7 1035/1/7
f 1033/1/7 1035/1/7 1036/1/7
f 1035/1/11 1034/1/11 1031/1/11
f 1035/1/11 1031/1/11 1030/1/11
f 1033/1/2 1036/1/2 1029/1/2
f 1033/1/2 1029/1/2 1032/1/2
f 1033/1/9 1032/1/9 1031/1/9
f 1033/1/9 1031/1/9 1034/1/9
f 1029/1/5 1036/1/5 1035/1/5
f 1029/1/5 1035/1/5 1030/1/5
f 1037/1/5 1038/1/5 1039/1/5
f 1037/1/5 1039/1/5 1040/1/5
f 1041/1/9 1042/1/9 1043/1/9
f 1041/1/9 1043/1/9 1044/1/9
usemtl graphite
f 1043/1/2 1042/1/2 1039/1/2
f 1043/1/2 1039/1/2 1038/1/2
f 1041/1/1 1044/1/1 1037/1/1
f 1041/1/1 1037/1/1 1040/1/1
f 1041/1/7 1040/1/7 1039/1/7
f 1041/1/7 1039/1/7 1042/1/7
f 1037/1/3 1044/1/3 1043/1/3
f 1037/1/3 1043/1/3 1038/1/3
usemtl cyan
f 1045/1/5 1046/1/5 1047/1/5
f 1045/1/5 1047/1/5 1048/1/5
f 1049/1/9 1050/1/9 1051/1/9
f 1049/1/9 1051/1/9 1052/1/9
f 1051/1/12 1050/1/12 1047/1/12
f 1051/1/12 1047/1/12 1046/1/12
f 1049/1/11 1052/1/11 1045/1/11
f 1049/1/11 1045/1/11 1048/1/11
f 1049/1/7 1048/1/7 1047/1/7
f 1049/1/7 1047/1/7 1050/1/7
f 1045/1/3 1052/1/3 1051/1/3
f 1045/1/3 1051/1/3 1046/1/3
